{"type":"FeatureCollection","features":[{"type":"Feature","properties":{"r":"KR","g":"kr","col":"#009088","n":"광주 도시철도 1호선","ct":"光州","jk":"subway"},"geometry":{"type":"LineString","coordinates":[[126.934043,35.106815],[126.934061,35.107197],[126.934077,35.107387],[126.934092,35.107481],[126.934115,35.107574],[126.934146,35.107668],[126.934183,35.107763],[126.934272,35.107955],[126.934492,35.108351],[126.934725,35.108755],[126.93483,35.10896],[126.934919,35.109165],[126.93501,35.109418],[126.935087,35.109673],[126.935151,35.109932],[126.935199,35.110192],[126.935246,35.11056],[126.935287,35.111008],[126.935322,35.111514],[126.935348,35.112055],[126.935366,35.112608],[126.935375,35.113151],[126.935373,35.113661],[126.935359,35.114115],[126.935343,35.114316],[126.935327,35.114416],[126.935305,35.114515],[126.935205,35.114836],[126.935063,35.115215],[126.934695,35.116098],[126.934288,35.117056],[126.934095,35.11753],[126.933924,35.117983],[126.933827,35.118263],[126.933745,35.118546],[126.933694,35.118784],[126.933654,35.119024],[126.933591,35.119505],[126.933526,35.119986],[126.933483,35.120225],[126.933429,35.120463],[126.933297,35.120915],[126.933114,35.121468],[126.93264,35.122785],[126.932102,35.124228],[126.931596,35.125608],[126.930898,35.127293],[126.930162,35.128907],[126.9294,35.130596],[126.928689,35.132136],[126.928375,35.13278],[126.928101,35.133304],[126.927893,35.133667],[126.927671,35.134024],[126.927436,35.134376],[126.927189,35.134722],[126.92704,35.134913],[126.926882,35.135099],[126.926561,35.135469],[126.925987,35.136134],[126.925696,35.136464],[126.925393,35.136787],[126.925198,35.136979],[126.924996,35.137165],[126.924582,35.137532],[126.924169,35.137899],[126.92397,35.138088],[126.923779,35.138282],[126.923426,35.138666],[126.923047,35.139096],[126.922655,35.139555],[126.922262,35.140028],[126.921883,35.140499],[126.921529,35.140952],[126.921214,35.14137],[126.920951,35.141739],[126.920835,35.141912],[126.920725,35.142087],[126.920628,35.142267],[126.920546,35.142452],[126.920499,35.142594],[126.920465,35.142739],[126.920423,35.143033],[126.920407,35.143266],[126.920403,35.143498],[126.920418,35.143965],[126.920437,35.144432],[126.920437,35.144665],[126.920427,35.144898],[126.920393,35.145221],[126.920365,35.145382],[126.92033,35.145541],[126.920267,35.145772],[126.920192,35.146002],[126.920106,35.146228],[126.920005,35.14645],[126.91988,35.14669],[126.919742,35.146925],[126.919588,35.147154],[126.919416,35.147373],[126.919249,35.147555],[126.919066,35.147727],[126.918873,35.147893],[126.918674,35.148052],[126.918442,35.148223],[126.91809,35.14847],[126.917077,35.149159],[126.914159,35.151097],[126.910712,35.153368],[126.907529,35.155473],[126.907169,35.155706],[126.906814,35.155944],[126.906449,35.156171],[126.90626,35.156276],[126.906064,35.156372],[126.905882,35.15645],[126.905694,35.15652],[126.905598,35.15655],[126.9055,35.156576],[126.905401,35.156597],[126.905301,35.156614],[126.905216,35.156624],[126.90513,35.15663],[126.905043,35.156633],[126.904956,35.156633],[126.90487,35.156628],[126.904784,35.15662],[126.904699,35.156608],[126.904615,35.156592],[126.904496,35.156562],[126.904379,35.156526],[126.904265,35.156483],[126.904154,35.156436],[126.903938,35.15633],[126.903733,35.156212],[126.903632,35.156148],[126.903524,35.156073],[126.903293,35.155898],[126.902783,35.155475],[126.902246,35.155007],[126.901722,35.154561],[126.901318,35.154238],[126.90092,35.153909],[126.90051,35.153591],[126.900296,35.153441],[126.900073,35.1533],[126.900004,35.153262],[126.899931,35.153229],[126.899782,35.153168],[126.899072,35.152909],[126.89805,35.152558],[126.896833,35.152151],[126.89554,35.151728],[126.894288,35.151326],[126.893195,35.150983],[126.892378,35.150739],[126.89211,35.150665],[126.892018,35.150642],[126.891983,35.150635],[126.891956,35.15063],[126.891854,35.150617],[126.891751,35.150608],[126.891647,35.150603],[126.891543,35.150602],[126.89144,35.150605],[126.891336,35.150612],[126.891233,35.150624],[126.891132,35.150639],[126.891005,35.150664],[126.89088,35.150696],[126.890757,35.150733],[126.890635,35.150774],[126.890399,35.150869],[126.890172,35.150977],[126.890072,35.15103],[126.889976,35.151087],[126.889791,35.151209],[126.889614,35.151341],[126.889443,35.151477],[126.889233,35.151659],[126.889034,35.151849],[126.888653,35.152242],[126.888272,35.152635],[126.888072,35.152824],[126.88786,35.153005],[126.887744,35.153098],[126.887625,35.153188],[126.887563,35.15323],[126.887499,35.15327],[126.887431,35.153306],[126.887361,35.153337],[126.887225,35.153388],[126.887085,35.153432],[126.886942,35.153469],[126.886797,35.1535],[126.886649,35.153525],[126.8865,35.153543],[126.886351,35.153555],[126.886202,35.15356],[126.88619,35.15356],[126.886174,35.153559],[126.886134,35.153556],[126.886016,35.153542],[126.885646,35.153487],[126.884452,35.153291],[126.880959,35.152685],[126.87733,35.152057],[126.875966,35.151833],[126.875485,35.15176],[126.875171,35.15172],[126.874584,35.151679],[126.87375,35.151643],[126.871565,35.151581],[126.869076,35.151525],[126.866739,35.151466],[126.866048,35.151432],[126.865357,35.151402],[126.864666,35.151363],[126.864322,35.151336],[126.863979,35.151302],[126.863246,35.151206],[126.86224,35.151058],[126.861062,35.150872],[126.859809,35.150667],[126.858581,35.150458],[126.857477,35.150262],[126.856597,35.150096],[126.856038,35.149976],[126.855808,35.149911],[126.855584,35.149834],[126.855142,35.149662],[126.854699,35.149495],[126.854473,35.149423],[126.854241,35.149365],[126.854217,35.14936],[126.854192,35.149357],[126.854143,35.149352],[126.854042,35.149349],[126.853992,35.149347],[126.853943,35.149344],[126.853918,35.149341],[126.853894,35.149337],[126.85387,35.149333],[126.853846,35.149327],[126.85384,35.149325],[126.853833,35.149323],[126.853814,35.149315],[126.853759,35.149293],[126.853585,35.149214],[126.852998,35.148938],[126.851034,35.147988],[126.845211,35.145135],[126.839297,35.142238],[126.837219,35.141232],[126.836559,35.14092],[126.836343,35.140822],[126.836212,35.140766],[126.835855,35.140637],[126.83549,35.140522],[126.835119,35.140421],[126.834744,35.140334],[126.834477,35.140282],[126.834208,35.140241],[126.833936,35.140208],[126.833663,35.140186],[126.833282,35.140166],[126.832901,35.140158],[126.832519,35.140167],[126.83214,35.140195],[126.831936,35.14022],[126.831733,35.140253],[126.831332,35.140334],[126.830538,35.140528],[126.829966,35.140677],[126.829399,35.140838],[126.828272,35.14118],[126.827144,35.141521],[126.826577,35.14168],[126.826004,35.141828],[126.825294,35.141991],[126.824578,35.142138],[126.82386,35.142274],[126.823139,35.142404],[126.821682,35.142655],[126.819997,35.142934],[126.818199,35.143222],[126.816397,35.143503],[126.814706,35.14376],[126.813237,35.143975],[126.812102,35.144131],[126.811414,35.14421],[126.810907,35.144238],[126.810399,35.144246],[126.809381,35.144235],[126.808458,35.144219],[126.807535,35.144191],[126.806613,35.144153],[126.805691,35.144106],[126.803255,35.143953],[126.800624,35.143763],[126.79942,35.143667],[126.79839,35.143578],[126.797607,35.1435],[126.797331,35.143466],[126.797145,35.143438],[126.796862,35.143379],[126.796583,35.143307],[126.796447,35.143265],[126.796313,35.143218],[126.796182,35.143166],[126.796055,35.143108],[126.795955,35.143056],[126.795859,35.142999],[126.795766,35.142938],[126.795676,35.142874],[126.795505,35.142738],[126.795342,35.142596],[126.7951,35.142368],[126.794826,35.142091],[126.794529,35.141776],[126.79422,35.141433],[126.793907,35.141074],[126.793602,35.140711],[126.793313,35.140353],[126.793051,35.140013],[126.792814,35.139684],[126.792587,35.139351],[126.792161,35.138671],[126.791756,35.137982],[126.791355,35.137292],[126.791026,35.136713],[126.79068,35.136077],[126.789987,35.134767],[126.789378,35.133628],[126.789136,35.133204],[126.789037,35.133044],[126.788953,35.132923],[126.788722,35.132635],[126.788468,35.132358],[126.788193,35.132096],[126.787895,35.131852],[126.787771,35.131765],[126.787589,35.131649],[126.787081,35.131344],[126.786415,35.130959],[126.785638,35.130521],[126.783937,35.12958],[126.78235,35.128718],[126.78074,35.127859],[126.779014,35.126954],[126.778206,35.12654],[126.77749,35.12618],[126.776904,35.125898],[126.776489,35.125714],[126.776197,35.125604],[126.775899,35.125506],[126.775594,35.125422],[126.775284,35.125353],[126.775102,35.125323],[126.774863,35.125291],[126.774233,35.125221],[126.772543,35.125067],[126.770596,35.124904],[126.768777,35.124746]]}},{"type":"Feature","properties":{"r":"KR","g":"kr","col":"#00aa80","n":"대구 도시철도 2호선","ct":"大邱","jk":"subway"},"geometry":{"type":"LineString","coordinates":[[128.437164,35.864304],[128.439892,35.866941],[128.442854,35.869815],[128.445347,35.872215],[128.446197,35.873015],[128.446485,35.873276],[128.446589,35.873367],[128.446666,35.87343],[128.446836,35.873561],[128.447013,35.873688],[128.447106,35.873747],[128.447201,35.873801],[128.447301,35.873849],[128.447353,35.87387],[128.447406,35.87389],[128.447552,35.873935],[128.447711,35.873974],[128.447882,35.874007],[128.448059,35.874034],[128.448241,35.874053],[128.448424,35.874065],[128.448604,35.874068],[128.448779,35.874064],[128.448904,35.874054],[128.449029,35.874039],[128.449153,35.874017],[128.449275,35.873991],[128.449396,35.873959],[128.449515,35.873923],[128.449631,35.873882],[128.449745,35.873838],[128.449849,35.873792],[128.44995,35.873741],[128.450047,35.873686],[128.450142,35.873628],[128.450323,35.873502],[128.450495,35.873368],[128.45062,35.873257],[128.450792,35.873091],[128.451254,35.87262],[128.45252,35.871272],[128.45399,35.869685],[128.455358,35.868217],[128.455988,35.867489],[128.456615,35.866759],[128.457249,35.866034],[128.457902,35.86532],[128.458323,35.864893],[128.458758,35.864474],[128.459193,35.864056],[128.459616,35.86363],[128.460062,35.863152],[128.460499,35.862669],[128.461356,35.861693],[128.46221,35.860715],[128.462643,35.860229],[128.463085,35.859749],[128.463934,35.858843],[128.464371,35.858398],[128.464829,35.857968],[128.465109,35.857724],[128.465395,35.857485],[128.465983,35.857018],[128.466584,35.856562],[128.467189,35.85611],[128.467996,35.855503],[128.468866,35.854857],[128.469272,35.854563],[128.469632,35.854311],[128.469924,35.85412],[128.470038,35.854053],[128.470086,35.854027],[128.470127,35.854007],[128.470169,35.853989],[128.47022,35.85397],[128.470344,35.853926],[128.47067,35.853827],[128.471076,35.853716],[128.471529,35.853601],[128.472001,35.853489],[128.47246,35.853388],[128.472875,35.853306],[128.473216,35.85325],[128.473382,35.853232],[128.473584,35.853216],[128.474081,35.853194],[128.475342,35.853168],[128.47676,35.853139],[128.477453,35.853113],[128.478096,35.853074],[128.478721,35.853017],[128.479345,35.852946],[128.480588,35.85278],[128.48183,35.852614],[128.482454,35.852543],[128.483079,35.852486],[128.483399,35.852467],[128.483721,35.852457],[128.484365,35.852449],[128.485008,35.852436],[128.485328,35.852419],[128.485647,35.85239],[128.485986,35.852344],[128.486322,35.852285],[128.486988,35.852144],[128.487654,35.851997],[128.487988,35.851931],[128.488325,35.851875],[128.489636,35.851697],[128.491019,35.851537],[128.491675,35.851472],[128.492274,35.851419],[128.492792,35.851383],[128.493203,35.851366],[128.493426,35.851369],[128.493737,35.851382],[128.494591,35.851435],[128.496962,35.851615],[128.499728,35.851825],[128.501074,35.851916],[128.502299,35.851985],[128.502967,35.852015],[128.503302,35.852023],[128.503636,35.852021],[128.503932,35.852009],[128.504228,35.851988],[128.504818,35.851933],[128.506128,35.851784],[128.507738,35.85158],[128.511345,35.851094],[128.514619,35.85065],[128.515811,35.850499],[128.516241,35.850452],[128.516538,35.850426],[128.516906,35.850413],[128.517301,35.850415],[128.518107,35.850441],[128.51883,35.850463],[128.519122,35.85046],[128.519243,35.850453],[128.519297,35.850448],[128.519346,35.850441],[128.519371,35.850436],[128.519401,35.85043],[128.519474,35.850412],[128.519667,35.850356],[128.520213,35.850178],[128.521711,35.849658],[128.523297,35.849108],[128.523954,35.848893],[128.524218,35.848814],[128.524429,35.848757],[128.524709,35.848694],[128.524992,35.848641],[128.525278,35.848602],[128.525566,35.848578],[128.525681,35.848575],[128.525797,35.848575],[128.526027,35.848586],[128.526487,35.848629],[128.527204,35.848714],[128.528012,35.848829],[128.529821,35.849116],[128.531747,35.849421],[128.532702,35.849559],[128.533623,35.849675],[128.534058,35.849718],[128.534525,35.849753],[128.53548,35.849812],[128.536334,35.84987],[128.536676,35.849906],[128.536817,35.849926],[128.536935,35.849949],[128.536951,35.849953],[128.536972,35.849959],[128.537029,35.849977],[128.537201,35.850037],[128.537764,35.850244],[128.539627,35.850953],[128.545262,35.853132],[128.551444,35.855519],[128.553992,35.85649],[128.554999,35.856867],[128.555779,35.857151],[128.557373,35.857709],[128.558976,35.858251],[128.560588,35.858776],[128.562207,35.859285],[128.563805,35.859763],[128.565412,35.860221],[128.567023,35.860671],[128.568632,35.861125],[128.571249,35.861773],[128.573906,35.862423],[128.576482,35.863068],[128.577702,35.863387],[128.578857,35.863702],[128.57997,35.864027],[128.581192,35.864402],[128.583693,35.865198],[128.585827,35.86588],[128.586588,35.866111],[128.586863,35.866188],[128.586971,35.866216],[128.587057,35.866235],[128.58731,35.866281],[128.587566,35.866316],[128.587824,35.866337],[128.587954,35.86634],[128.588083,35.866339],[128.588146,35.866336],[128.588221,35.86633],[128.588403,35.86631],[128.588879,35.866243],[128.590158,35.86603],[128.591629,35.86577],[128.593004,35.865533],[128.594375,35.865283],[128.595836,35.865024],[128.597116,35.864784],[128.597603,35.86468],[128.597794,35.864634],[128.597943,35.864592],[128.598089,35.864542],[128.598231,35.864483],[128.598368,35.864417],[128.598499,35.864344],[128.598535,35.864321],[128.598569,35.864297],[128.598635,35.864246],[128.598758,35.864136],[128.598819,35.86408],[128.598882,35.864027],[128.598915,35.864002],[128.598949,35.863978],[128.598985,35.863955],[128.599022,35.863934],[128.5991,35.863895],[128.599182,35.863861],[128.599266,35.86383],[128.599351,35.863803],[128.599701,35.863706],[128.599999,35.863632],[128.600401,35.863543],[128.60145,35.863326],[128.604078,35.862812],[128.606544,35.862332],[128.607392,35.862156],[128.607663,35.862093],[128.607753,35.862069],[128.607786,35.862059],[128.60781,35.86205],[128.607893,35.862013],[128.607983,35.861967],[128.60818,35.861852],[128.608624,35.861554],[128.609104,35.861223],[128.609344,35.861065],[128.609579,35.860923],[128.61009,35.860646],[128.610619,35.860392],[128.611123,35.860173],[128.611381,35.860074],[128.611645,35.859986],[128.611845,35.859931],[128.612049,35.859883],[128.612256,35.859844],[128.612464,35.859812],[128.612808,35.859778],[128.613416,35.859729],[128.615287,35.8596],[128.617794,35.85944],[128.620653,35.859267],[128.623583,35.859097],[128.6263,35.858947],[128.628522,35.858834],[128.629966,35.858775],[128.630562,35.858765],[128.631368,35.85876],[128.633474,35.858764],[128.638741,35.858804],[128.643645,35.858843],[128.645298,35.858845],[128.645809,35.858839],[128.645971,35.858835],[128.646027,35.858831],[128.646065,35.858828],[128.646158,35.858813],[128.646249,35.858792],[128.646338,35.858766],[128.646425,35.858735],[128.646503,35.858702],[128.64661,35.858652],[128.646905,35.858505],[128.647765,35.858055],[128.650145,35.856772],[128.652607,35.855446],[128.653568,35.854943],[128.653929,35.854761],[128.65419,35.854638],[128.65461,35.854458],[128.655043,35.854281],[128.655488,35.854109],[128.655942,35.853941],[128.656867,35.853624],[128.657799,35.853335],[128.658014,35.85328],[128.658233,35.853233],[128.658452,35.853188],[128.658668,35.853135],[128.659361,35.852939],[128.660056,35.85273],[128.660396,35.852619],[128.660727,35.852503],[128.661045,35.852383],[128.661348,35.852257],[128.661435,35.852217],[128.661547,35.85216],[128.661842,35.852004],[128.662681,35.851535],[128.665078,35.850161],[128.667898,35.848549],[128.669267,35.847783],[128.670502,35.847113],[128.671564,35.846556],[128.67272,35.845958],[128.6751,35.844752],[128.676215,35.844199],[128.677208,35.843715],[128.678026,35.843328],[128.678613,35.843065],[128.678942,35.842934],[128.679278,35.842814],[128.67996,35.842594],[128.68104,35.842269],[128.682158,35.841952],[128.682703,35.841807],[128.683225,35.841675],[128.683712,35.841561],[128.684154,35.841469],[128.684426,35.841419],[128.6847,35.841378],[128.684976,35.841349],[128.685115,35.841341],[128.685254,35.841338],[128.685503,35.841346],[128.685751,35.84137],[128.685998,35.841406],[128.686241,35.841451],[128.686609,35.841539],[128.687027,35.84166],[128.687964,35.841962],[128.68897,35.842285],[128.689471,35.842431],[128.689958,35.842556],[128.690284,35.842627],[128.690613,35.84269],[128.690944,35.842742],[128.691278,35.842782],[128.691809,35.842823],[128.692342,35.842843],[128.69341,35.842857],[128.694724,35.842875],[128.695381,35.842869],[128.695709,35.842857],[128.696036,35.842838],[128.696212,35.842822],[128.696387,35.8428],[128.696734,35.842743],[128.697587,35.842565],[128.69886,35.842279],[128.7004,35.841921],[128.702057,35.841526],[128.703677,35.841133],[128.705108,35.840777],[128.706198,35.840496],[128.706568,35.840394],[128.706795,35.840325],[128.706981,35.840254],[128.707232,35.840147],[128.707896,35.839845],[128.709612,35.83903],[128.711364,35.838199],[128.712074,35.837876],[128.712355,35.837755],[128.712575,35.837668],[128.712782,35.837599],[128.712994,35.837539],[128.713422,35.837429],[128.714548,35.83714],[128.715678,35.83686],[128.717944,35.836318],[128.720215,35.835787],[128.722483,35.83525],[128.724101,35.834897],[128.725829,35.834514],[128.727336,35.834192],[128.727903,35.834084],[128.728122,35.834048],[128.728291,35.834026],[128.728338,35.834022],[128.728408,35.834019],[128.728613,35.834013],[128.729266,35.834003],[128.731376,35.833993],[128.734251,35.833992],[128.737524,35.834001],[128.740824,35.834017],[128.743782,35.83404],[128.74603,35.834067],[128.746771,35.834082],[128.747197,35.834098],[128.747521,35.834122],[128.747681,35.834144],[128.747759,35.834159],[128.747837,35.834177],[128.747899,35.834195],[128.747977,35.83422],[128.748173,35.834291],[128.748711,35.834503],[128.750208,35.83513],[128.751954,35.835878],[128.753576,35.836566]]}},{"type":"Feature","properties":{"r":"KR","g":"kr","col":"#dc506a","n":"대구 도시철도 1호선","ct":"大邱","jk":"subway"},"geometry":{"type":"LineString","coordinates":[[128.817523,35.909432],[128.816713,35.90896],[128.815907,35.908482],[128.815092,35.908015],[128.814677,35.907792],[128.814254,35.907578],[128.813902,35.907415],[128.813542,35.907263],[128.81281,35.906978],[128.812077,35.906694],[128.811716,35.906543],[128.811363,35.906382],[128.810878,35.90614],[128.810645,35.906007],[128.810424,35.905863],[128.810328,35.905792],[128.810236,35.905718],[128.810061,35.905562],[128.809729,35.905236],[128.809335,35.904831],[128.808936,35.904399],[128.808148,35.903508],[128.807414,35.902683],[128.807083,35.902331],[128.806784,35.902041],[128.806576,35.901862],[128.806359,35.90169],[128.806133,35.901525],[128.805899,35.901368],[128.805554,35.901161],[128.805373,35.901066],[128.805188,35.900978],[128.804475,35.900674],[128.803745,35.900397],[128.803002,35.900145],[128.802246,35.899919],[128.801897,35.899828],[128.801542,35.899748],[128.801184,35.899681],[128.800823,35.899628],[128.800565,35.899602],[128.800305,35.899586],[128.799783,35.899573],[128.799342,35.899575],[128.7989,35.899588],[128.798018,35.899633],[128.797136,35.899672],[128.796695,35.899679],[128.796254,35.899671],[128.795873,35.899647],[128.795685,35.899625],[128.795498,35.899594],[128.795311,35.899553],[128.795127,35.899502],[128.794946,35.899445],[128.794769,35.899381],[128.79458,35.899305],[128.794396,35.899222],[128.794216,35.899132],[128.794042,35.899036],[128.793782,35.898876],[128.793531,35.898705],[128.793047,35.898347],[128.792563,35.897988],[128.792314,35.897816],[128.792056,35.897653],[128.791771,35.897491],[128.79148,35.897338],[128.790884,35.897047],[128.790283,35.896762],[128.789691,35.896466],[128.788445,35.895803],[128.787207,35.89513],[128.78598,35.894443],[128.784766,35.893742],[128.784127,35.893363],[128.783814,35.893166],[128.783513,35.892958],[128.783308,35.892801],[128.783112,35.892636],[128.782733,35.892297],[128.782164,35.891775],[128.781605,35.891246],[128.781061,35.890707],[128.780539,35.890155],[128.780257,35.889834],[128.779987,35.889506],[128.779728,35.889172],[128.779476,35.888835],[128.77925,35.888514],[128.779035,35.888188],[128.778623,35.887529],[128.778205,35.886872],[128.777983,35.886549],[128.777748,35.886233],[128.777404,35.8858],[128.777042,35.885373],[128.776854,35.885165],[128.776661,35.884964],[128.776463,35.884771],[128.776258,35.884587],[128.775977,35.884364],[128.775569,35.884065],[128.775069,35.883714],[128.774507,35.883332],[128.773918,35.882941],[128.773334,35.882562],[128.772787,35.882219],[128.77231,35.881932],[128.771999,35.881762],[128.771516,35.881511],[128.770126,35.880813],[128.766355,35.878953],[128.762582,35.877092],[128.76119,35.876393],[128.760705,35.876141],[128.760392,35.87597],[128.760067,35.875772],[128.759751,35.875563],[128.759135,35.87513],[128.758519,35.874696],[128.758205,35.874486],[128.757881,35.874286],[128.757576,35.87411],[128.757265,35.873942],[128.756947,35.873782],[128.756622,35.873633],[128.75612,35.873426],[128.755478,35.873178],[128.754739,35.872904],[128.753947,35.872619],[128.753145,35.872338],[128.752377,35.872078],[128.751686,35.871853],[128.751116,35.87168],[128.750778,35.871588],[128.750435,35.871507],[128.75009,35.871435],[128.749742,35.87137],[128.74939,35.871312],[128.749036,35.871261],[128.74868,35.87122],[128.748322,35.871192],[128.747987,35.871178],[128.747651,35.871176],[128.747316,35.871185],[128.746981,35.871204],[128.746413,35.871255],[128.745849,35.871325],[128.745287,35.871412],[128.74473,35.871514],[128.744429,35.871579],[128.744132,35.871652],[128.743545,35.871821],[128.743345,35.871889],[128.743149,35.871964],[128.742761,35.872124],[128.742371,35.872278],[128.742172,35.872345],[128.741967,35.872402],[128.741864,35.872425],[128.741759,35.872445],[128.741547,35.872475],[128.741119,35.872512],[128.740726,35.872531],[128.740332,35.872537],[128.739938,35.872531],[128.739545,35.872512],[128.739107,35.872479],[128.738652,35.872438],[128.737736,35.872332],[128.737295,35.872271],[128.736879,35.872206],[128.736499,35.872137],[128.736166,35.872067],[128.736116,35.872054],[128.736044,35.872033],[128.735835,35.871969],[128.735179,35.871756],[128.733082,35.871053],[128.727055,35.868999],[128.721081,35.866963],[128.719051,35.866282],[128.718439,35.866084],[128.718254,35.866028],[128.718195,35.866011],[128.718173,35.866006],[128.718158,35.866003],[128.718053,35.865987],[128.717938,35.865974],[128.717684,35.865956],[128.717402,35.865946],[128.717102,35.865942],[128.715874,35.865949],[128.713944,35.865954],[128.711958,35.865979],[128.710997,35.865999],[128.710084,35.866026],[128.709241,35.866059],[128.708489,35.8661],[128.707443,35.866185],[128.705841,35.866337],[128.703889,35.866533],[128.701793,35.866753],[128.699758,35.866973],[128.697988,35.867173],[128.69669,35.86733],[128.696282,35.867386],[128.69615,35.867407],[128.696103,35.867416],[128.696069,35.867423],[128.69593,35.86746],[128.695793,35.867503],[128.695526,35.867602],[128.695269,35.867718],[128.695022,35.867846],[128.694955,35.867885],[128.694891,35.867927],[128.694768,35.868016],[128.694534,35.868206],[128.694005,35.868655],[128.693365,35.869218],[128.692652,35.86986],[128.691903,35.870546],[128.691156,35.871243],[128.690446,35.871916],[128.689813,35.872529],[128.689293,35.87305],[128.689176,35.873177],[128.689066,35.87331],[128.688855,35.873579],[128.688636,35.873843],[128.688516,35.873968],[128.688385,35.874085],[128.688342,35.874118],[128.688298,35.87415],[128.688204,35.874209],[128.688104,35.874263],[128.688001,35.874311],[128.687959,35.874327],[128.687893,35.874351],[128.687692,35.874417],[128.687037,35.874622],[128.684881,35.875273],[128.678541,35.877155],[128.67207,35.879076],[128.669752,35.879776],[128.668991,35.880012],[128.66856,35.880155],[128.668267,35.880268],[128.667896,35.88042],[128.666968,35.880818],[128.664721,35.881816],[128.662612,35.882754],[128.661857,35.883077],[128.661598,35.883181],[128.661503,35.883216],[128.661434,35.883238],[128.661402,35.883246],[128.661361,35.883255],[128.661257,35.883276],[128.660961,35.883327],[128.660081,35.883457],[128.65765,35.883787],[128.655234,35.884115],[128.654373,35.884242],[128.65409,35.884291],[128.653992,35.884311],[128.653955,35.884319],[128.653927,35.884327],[128.653898,35.884337],[128.653859,35.884352],[128.653755,35.884396],[128.653447,35.884536],[128.652495,35.884992],[128.649791,35.886325],[128.647039,35.88768],[128.646028,35.888165],[128.64568,35.888324],[128.645555,35.888378],[128.645464,35.888414],[128.645255,35.888486],[128.64504,35.888549],[128.644822,35.888599],[128.644711,35.888618],[128.644599,35.888633],[128.644477,35.888644],[128.644355,35.88865],[128.644109,35.88865],[128.643863,35.888634],[128.64362,35.888607],[128.643554,35.888597],[128.643488,35.888584],[128.643359,35.888554],[128.643105,35.88848],[128.642521,35.888281],[128.641787,35.888006],[128.640099,35.887343],[128.638506,35.886715],[128.637891,35.886485],[128.637653,35.886404],[128.637473,35.886349],[128.63715,35.886274],[128.636784,35.886207],[128.635967,35.886086],[128.635102,35.885964],[128.634676,35.885896],[128.634268,35.885819],[128.634046,35.885773],[128.633937,35.885745],[128.633884,35.885728],[128.633832,35.88571],[128.633653,35.885635],[128.63348,35.88555],[128.633315,35.885455],[128.633158,35.885352],[128.633035,35.885261],[128.632916,35.885165],[128.632693,35.884963],[128.632481,35.884751],[128.632277,35.884536],[128.631937,35.884166],[128.631586,35.883771],[128.630897,35.882953],[128.630579,35.882557],[128.630294,35.882188],[128.630053,35.881859],[128.629866,35.881582],[128.629727,35.881346],[128.629603,35.881105],[128.629384,35.880613],[128.629174,35.880117],[128.629062,35.879872],[128.62894,35.87963],[128.628667,35.879123],[128.628379,35.878605],[128.628231,35.878356],[128.628083,35.878123],[128.627936,35.87791],[128.62779,35.877723],[128.627584,35.877494],[128.627359,35.877275],[128.627239,35.877172],[128.627113,35.877073],[128.626982,35.876979],[128.626845,35.876892],[128.626753,35.876841],[128.626657,35.876794],[128.626558,35.876752],[128.626457,35.876712],[128.626249,35.876642],[128.626039,35.876576],[128.625316,35.876379],[128.624086,35.87607],[128.622522,35.87569],[128.620795,35.87528],[128.61908,35.874881],[128.617548,35.874532],[128.616371,35.874275],[128.615971,35.874193],[128.615724,35.87415],[128.615518,35.874127],[128.615311,35.874113],[128.614894,35.874102],[128.614477,35.874095],[128.614268,35.874087],[128.614061,35.874072],[128.613718,35.874033],[128.613353,35.873979],[128.612611,35.873855],[128.611946,35.873748],[128.611676,35.873718],[128.611563,35.87371],[128.611513,35.873709],[128.611467,35.87371],[128.611316,35.87372],[128.611166,35.873737],[128.611017,35.873762],[128.610869,35.873793],[128.610578,35.873869],[128.610294,35.87396],[128.610161,35.87401],[128.610009,35.874074],[128.609654,35.874242],[128.608793,35.874683],[128.607833,35.875172],[128.607355,35.875401],[128.606898,35.875601],[128.606453,35.875767],[128.605995,35.875909],[128.60553,35.876035],[128.60506,35.876151],[128.604585,35.876251],[128.604105,35.876331],[128.603798,35.876367],[128.603489,35.87639],[128.602868,35.876414],[128.602246,35.876434],[128.601936,35.876452],[128.601628,35.876481],[128.601324,35.876523],[128.601007,35.876579],[128.600368,35.876708],[128.599776,35.876822],[128.599519,35.876858],[128.599403,35.876869],[128.599298,35.876874],[128.599156,35.876872],[128.599014,35.876864],[128.598872,35.876849],[128.598731,35.876829],[128.598451,35.876779],[128.598174,35.87672],[128.59799,35.876676],[128.597808,35.876625],[128.597629,35.876566],[128.597455,35.8765],[128.596891,35.876256],[128.596342,35.875988],[128.596074,35.875845],[128.595814,35.875697],[128.595561,35.875544],[128.595316,35.875386],[128.595236,35.875331],[128.59516,35.875272],[128.595124,35.875241],[128.59509,35.875209],[128.595058,35.875176],[128.595028,35.875141],[128.594976,35.875072],[128.594928,35.875001],[128.594885,35.874927],[128.594845,35.874852],[128.594776,35.874699],[128.594718,35.874543],[128.594673,35.874398],[128.594621,35.8742],[128.594499,35.873669],[128.594359,35.872991],[128.59421,35.872212],[128.593913,35.87052],[128.593782,35.869694],[128.593673,35.86894],[128.593583,35.868159],[128.593507,35.867305],[128.593386,35.865541],[128.593282,35.863981],[128.593228,35.863381],[128.593199,35.863145],[128.593168,35.862957],[128.593106,35.862674],[128.593035,35.862393],[128.592867,35.861835],[128.592673,35.861282],[128.592461,35.860733],[128.592281,35.86031],[128.592084,35.859891],[128.59166,35.859063],[128.591234,35.858235],[128.591034,35.857817],[128.59085,35.857395],[128.590728,35.85709],[128.590677,35.856936],[128.590656,35.856858],[128.59064,35.856779],[128.590635,35.856743],[128.59063,35.856695],[128.590621,35.85656],[128.590606,35.856153],[128.590582,35.85488],[128.590551,35.851249],[128.59052,35.847594],[128.590496,35.84629],[128.59048,35.845862],[128.590471,35.845716],[128.590461,35.84562],[128.590454,35.845572],[128.590445,35.845523],[128.590438,35.8455],[128.59043,35.845476],[128.59042,35.845454],[128.590415,35.845443],[128.590408,35.845432],[128.590396,35.845414],[128.590382,35.845396],[128.590353,35.845362],[128.59032,35.845329],[128.590285,35.845298],[128.590209,35.845239],[128.59013,35.845185],[128.590098,35.845165],[128.59005,35.845138],[128.589911,35.845063],[128.589473,35.844836],[128.588062,35.844129],[128.586146,35.843187],[128.583972,35.842128],[128.581791,35.841074],[128.57985,35.840145],[128.578397,35.839462],[128.577932,35.839251],[128.577778,35.839184],[128.577723,35.839161],[128.577682,35.839146],[128.577565,35.839108],[128.577445,35.839075],[128.577323,35.83905],[128.577261,35.83904],[128.577199,35.839033],[128.577138,35.839029],[128.577077,35.839028],[128.576955,35.839033],[128.576711,35.839048],[128.574873,35.839178],[128.572961,35.839321],[128.571197,35.839439],[128.570439,35.839478],[128.569801,35.839496],[128.569223,35.839499],[128.568629,35.839493],[128.568024,35.839479],[128.567411,35.839457],[128.566175,35.839391],[128.564952,35.839298],[128.564474,35.839244],[128.564,35.839168],[128.563434,35.839052],[128.562874,35.83892],[128.561756,35.838647],[128.560998,35.838463],[128.560237,35.838285],[128.559481,35.838096],[128.559107,35.837993],[128.558737,35.837881],[128.558364,35.837754],[128.558183,35.837681],[128.558008,35.8376],[128.557811,35.837494],[128.557621,35.837379],[128.557439,35.837256],[128.557265,35.837126],[128.557074,35.836969],[128.556893,35.836803],[128.556724,35.83663],[128.556567,35.83645],[128.556398,35.836225],[128.556247,35.835992],[128.555972,35.835513],[128.555701,35.835032],[128.555553,35.834797],[128.55539,35.834569],[128.555295,35.834454],[128.555193,35.834342],[128.554974,35.834128],[128.554694,35.833882],[128.5544,35.833644],[128.553793,35.833182],[128.553194,35.832722],[128.552911,35.832485],[128.552646,35.832242],[128.552476,35.832062],[128.552225,35.831777],[128.551522,35.830948],[128.549582,35.828605],[128.54745,35.826034],[128.546507,35.82492],[128.545751,35.824057],[128.544975,35.823209],[128.544179,35.822364],[128.543776,35.82195],[128.543371,35.821546],[128.542965,35.821154],[128.542559,35.820777],[128.542253,35.820496],[128.542173,35.820429],[128.542089,35.820365],[128.542001,35.820306],[128.541907,35.820253],[128.541885,35.820242],[128.541854,35.82023],[128.54177,35.820199],[128.541518,35.820116],[128.540726,35.819877],[128.538426,35.819214],[128.535986,35.81851],[128.53502,35.818219],[128.534654,35.818102],[128.534387,35.818009],[128.533892,35.817807],[128.533277,35.81753],[128.531794,35.816831],[128.530158,35.816062],[128.52935,35.815698],[128.528585,35.815373],[128.528006,35.815138],[128.527421,35.81491],[128.526828,35.8147],[128.526527,35.814604],[128.526222,35.814516],[128.52601,35.814464],[128.52574,35.814406],[128.525056,35.814275],[128.523302,35.813971],[128.521405,35.81364],[128.520541,35.813476],[128.519809,35.813319],[128.519386,35.813217],[128.519179,35.813157],[128.519078,35.813123],[128.518979,35.813084],[128.518928,35.813062],[128.518879,35.813038],[128.518783,35.812985],[128.51869,35.812929],[128.518601,35.812869],[128.518319,35.812662],[128.518035,35.812431],[128.51748,35.811945],[128.51697,35.811497],[128.516741,35.811315],[128.516636,35.811239],[128.516536,35.811175],[128.516508,35.811159],[128.516473,35.811141],[128.516381,35.811095],[128.516116,35.810975],[128.515309,35.810631],[128.512949,35.809659],[128.510283,35.808558],[128.509093,35.808052],[128.508136,35.807625],[128.507452,35.807302],[128.507119,35.80713],[128.506797,35.806944],[128.506663,35.806855],[128.506534,35.806761],[128.506287,35.806564],[128.50604,35.806366],[128.505912,35.806272],[128.505778,35.806183],[128.50564,35.8061],[128.505498,35.806021],[128.505351,35.805948],[128.505199,35.805883],[128.505035,35.805822],[128.50484,35.805758],[128.504378,35.805621],[128.503265,35.805322],[128.502111,35.80501],[128.501596,35.804858],[128.501165,35.804712],[128.500857,35.804587],[128.500557,35.804449],[128.499971,35.804151],[128.499383,35.803855],[128.499082,35.80372],[128.498772,35.803598],[128.498431,35.803488],[128.498066,35.803389],[128.497302,35.803213],[128.49657,35.803045],[128.496243,35.802957],[128.496094,35.80291],[128.495956,35.802861],[128.495849,35.802816],[128.495745,35.802765],[128.495645,35.802709],[128.495548,35.80265],[128.495383,35.802538],[128.495226,35.802419],[128.494925,35.80217],[128.494624,35.80192],[128.494468,35.801801],[128.494304,35.801688],[128.493974,35.801487],[128.493628,35.801296],[128.492909,35.80093],[128.49218,35.800567],[128.491822,35.800378],[128.491474,35.800181],[128.4909,35.799824],[128.49034,35.799453],[128.489229,35.798702]]}},{"type":"Feature","properties":{"r":"KR","g":"kr","col":"#ffb100","n":"대구 도시철도 3호선","ct":"大邱","jk":"urban"},"geometry":{"type":"LineString","coordinates":[[128.648802,35.818635],[128.648585,35.818591],[128.648368,35.818551],[128.647962,35.818487],[128.647479,35.818415],[128.646957,35.81834],[128.646431,35.818267],[128.645941,35.818202],[128.645522,35.818149],[128.645213,35.818113],[128.645111,35.818103],[128.645076,35.818101],[128.645051,35.8181],[128.644935,35.818104],[128.64482,35.818115],[128.644706,35.818133],[128.644594,35.818159],[128.644545,35.818174],[128.644497,35.818193],[128.644406,35.818237],[128.644271,35.818314],[128.644083,35.81843],[128.6436,35.818743],[128.643052,35.819103],[128.642536,35.81944],[128.640023,35.820962],[128.639008,35.821645],[128.637935,35.82237],[128.636978,35.82301],[128.636599,35.823259],[128.636314,35.823439],[128.636118,35.823556],[128.636017,35.823612],[128.635913,35.823663],[128.63582,35.823702],[128.635672,35.823761],[128.635243,35.823922],[128.634075,35.824352],[128.632914,35.824779],[128.632494,35.824937],[128.632352,35.824993],[128.632266,35.82503],[128.632211,35.825058],[128.632157,35.825088],[128.632052,35.825151],[128.631948,35.825216],[128.631842,35.825278],[128.631505,35.825457],[128.63116,35.825634],[128.630988,35.825719],[128.630817,35.825801],[128.630649,35.825878],[128.630483,35.82595],[128.630366,35.825996],[128.630186,35.826063],[128.629672,35.826247],[128.628294,35.82673],[128.626952,35.827199],[128.626484,35.827367],[128.626333,35.827423],[128.626283,35.827443],[128.626251,35.827457],[128.626117,35.827529],[128.625911,35.827648],[128.625655,35.827801],[128.625372,35.827974],[128.625083,35.828153],[128.624812,35.828325],[128.62458,35.828476],[128.624411,35.828591],[128.624324,35.828655],[128.624241,35.828722],[128.624159,35.828791],[128.624081,35.828862],[128.623996,35.828942],[128.623913,35.829025],[128.623835,35.829109],[128.623762,35.829197],[128.623672,35.829319],[128.62359,35.829445],[128.623515,35.829574],[128.623445,35.829705],[128.623395,35.829807],[128.623349,35.829911],[128.623309,35.830016],[128.623274,35.830122],[128.623233,35.83027],[128.623198,35.830419],[128.623173,35.83057],[128.623164,35.830645],[128.623159,35.830721],[128.623159,35.830755],[128.623163,35.830814],[128.623177,35.831002],[128.623232,35.831619],[128.62342,35.833555],[128.623654,35.835905],[128.623865,35.838048],[128.62456,35.846089],[128.624739,35.847827],[128.624933,35.849679],[128.625098,35.851304],[128.625156,35.851926],[128.62519,35.852363],[128.625206,35.852608],[128.625219,35.852868],[128.625224,35.852989],[128.625224,35.853099],[128.625221,35.85319],[128.625218,35.853227],[128.625213,35.853257],[128.625193,35.853335],[128.625164,35.853412],[128.625126,35.853487],[128.625104,35.853522],[128.625079,35.853557],[128.625065,35.853574],[128.62505,35.85359],[128.625017,35.853621],[128.624981,35.853648],[128.624942,35.853674],[128.624895,35.853701],[128.624845,35.853724],[128.624793,35.853744],[128.624766,35.853753],[128.624739,35.85376],[128.624706,35.853767],[128.62467,35.853773],[128.624588,35.853783],[128.624396,35.853796],[128.624188,35.853805],[128.623988,35.853816],[128.61307,35.854544],[128.611121,35.854643],[128.60796,35.854926],[128.605654,35.855038],[128.603698,35.855159],[128.601576,35.855287],[128.599786,35.8554],[128.59917,35.855442],[128.59896,35.855459],[128.598824,35.855472],[128.598675,35.855492],[128.598602,35.855505],[128.598529,35.855522],[128.598468,35.855539],[128.598408,35.855559],[128.598291,35.855605],[128.598144,35.855673],[128.597984,35.855753],[128.597653,35.855932],[128.597348,35.856097],[128.597221,35.856161],[128.597167,35.856186],[128.59712,35.856205],[128.597049,35.85623],[128.596977,35.856253],[128.59683,35.856293],[128.596681,35.856326],[128.59653,35.856355],[128.596407,35.856373],[128.59619,35.856401],[128.595528,35.856481],[128.59465,35.856581],[128.593666,35.856691],[128.592682,35.856798],[128.591806,35.85689],[128.591146,35.856957],[128.590931,35.856976],[128.59081,35.856985],[128.59066,35.856987],[128.59051,35.856982],[128.59021,35.856964],[128.58997,35.856948],[128.589655,35.856923],[128.58885,35.856855],[128.586876,35.856679],[128.585062,35.856517],[128.584456,35.856466],[128.584271,35.856453],[128.584213,35.85645],[128.584193,35.856449],[128.58418,35.856449],[128.5841,35.856455],[128.58402,35.856467],[128.583942,35.856483],[128.583865,35.856503],[128.583778,35.85653],[128.583689,35.856562],[128.583598,35.856597],[128.583505,35.856636],[128.583321,35.85672],[128.583145,35.856809],[128.58308,35.856846],[128.58305,35.856867],[128.583022,35.856889],[128.582971,35.856936],[128.582924,35.856987],[128.582882,35.85704],[128.582847,35.857096],[128.582832,35.857126],[128.582819,35.857156],[128.582799,35.857218],[128.582784,35.857281],[128.582772,35.857344],[128.582761,35.857433],[128.582747,35.85759],[128.582711,35.85808],[128.582619,35.859568],[128.582513,35.861356],[128.582414,35.862994],[128.582358,35.864192],[128.582178,35.873019],[128.582153,35.873926],[128.582129,35.874871],[128.582102,35.875739],[128.582086,35.876108],[128.582066,35.876413],[128.582055,35.876533],[128.582036,35.876653],[128.582017,35.876735],[128.581995,35.876816],[128.58197,35.876896],[128.581941,35.876976],[128.581909,35.877052],[128.581873,35.877127],[128.581793,35.877275],[128.58168,35.877458],[128.581534,35.877681],[128.581172,35.878211],[128.580776,35.878793],[128.580585,35.87908],[128.58041,35.879354],[128.58036,35.879433],[128.580337,35.879474],[128.580317,35.879515],[128.580286,35.879593],[128.58026,35.879672],[128.58024,35.879753],[128.580229,35.879834],[128.580228,35.879873],[128.580229,35.879913],[128.580238,35.879991],[128.580252,35.880069],[128.580268,35.880147],[128.580282,35.880204],[128.580299,35.880261],[128.580335,35.880375],[128.580606,35.881124],[128.580894,35.882023],[128.581205,35.882982],[128.58147,35.88382],[128.581565,35.884135],[128.581623,35.88435],[128.581649,35.884471],[128.581657,35.884533],[128.581661,35.884594],[128.58166,35.884648],[128.581656,35.884702],[128.581647,35.884755],[128.581634,35.884808],[128.581608,35.884886],[128.581576,35.884963],[128.581537,35.885038],[128.58149,35.885109],[128.581429,35.885182],[128.58136,35.885251],[128.581284,35.885315],[128.581204,35.885375],[128.581133,35.885421],[128.581058,35.885462],[128.580902,35.885538],[128.580658,35.885652],[128.58041,35.88576],[128.580161,35.885867],[128.579912,35.885974],[128.579042,35.886342],[128.578151,35.886722],[128.577302,35.887079],[128.576913,35.887237],[128.576559,35.887377],[128.57638,35.887446],[128.576199,35.887513],[128.576017,35.887576],[128.575832,35.887633],[128.575727,35.887661],[128.57562,35.887686],[128.575404,35.887729],[128.574951,35.887808],[128.57424,35.887923],[128.572279,35.888228],[128.569999,35.888579],[128.567879,35.888907],[128.564314,35.889421],[128.560418,35.889981],[128.557184,35.89045],[128.556127,35.890607],[128.555792,35.890659],[128.555608,35.89069],[128.555464,35.890718],[128.555322,35.89075],[128.555181,35.890785],[128.555043,35.890828],[128.554963,35.890858],[128.554886,35.890891],[128.55481,35.890927],[128.554737,35.890967],[128.554631,35.891031],[128.554529,35.891099],[128.554432,35.891171],[128.554339,35.891247],[128.554249,35.891328],[128.554157,35.891418],[128.553964,35.891621],[128.553768,35.891835],[128.553573,35.892044],[128.553265,35.892391],[128.552945,35.892755],[128.552648,35.893085],[128.552519,35.893221],[128.552409,35.89333],[128.552322,35.893405],[128.552166,35.893534],[128.551673,35.893929],[128.55017,35.89512],[128.54836,35.896546],[128.546704,35.897855],[128.546338,35.898154],[128.546156,35.898305],[128.545979,35.898459],[128.545786,35.898635],[128.545693,35.898726],[128.545607,35.898821],[128.545497,35.898958],[128.545395,35.899099],[128.545299,35.899243],[128.545208,35.899389],[128.545145,35.899497],[128.545086,35.899607],[128.54503,35.899719],[128.544979,35.899831],[128.544935,35.899936],[128.544894,35.900043],[128.544856,35.90015],[128.544823,35.900258],[128.544797,35.900356],[128.544774,35.900455],[128.544754,35.900554],[128.544738,35.900653],[128.544719,35.900796],[128.544705,35.900939],[128.544696,35.901082],[128.544694,35.901225],[128.5447,35.901392],[128.544714,35.901559],[128.544735,35.901725],[128.544761,35.901891],[128.544787,35.902026],[128.544817,35.902161],[128.544853,35.902295],[128.544894,35.902428],[128.544933,35.902532],[128.544997,35.902691],[128.545188,35.903147],[128.545721,35.904382],[128.546257,35.905626],[128.546453,35.906094],[128.546521,35.906261],[128.546563,35.906373],[128.546615,35.906542],[128.54666,35.906713],[128.546702,35.906884],[128.546745,35.907055],[128.546807,35.90733],[128.546871,35.907605],[128.546931,35.90788],[128.546956,35.908018],[128.546978,35.908157],[128.546992,35.908262],[128.547004,35.908368],[128.54701,35.908474],[128.547006,35.90858],[128.546999,35.908635],[128.546987,35.90869],[128.546972,35.908744],[128.546953,35.908797],[128.54693,35.90885],[128.546903,35.908902],[128.546873,35.908953],[128.54684,35.909002],[128.546809,35.909043],[128.546775,35.909084],[128.546701,35.90916],[128.546603,35.909247],[128.546496,35.909327],[128.546358,35.909416],[128.54619,35.909517],[128.545796,35.909741],[128.545388,35.909973],[128.545202,35.910084],[128.54504,35.910188],[128.544961,35.910243],[128.544883,35.910301],[128.544808,35.91036],[128.544736,35.910422],[128.544657,35.910494],[128.54458,35.910567],[128.544508,35.910643],[128.54444,35.910722],[128.544355,35.910834],[128.544277,35.91095],[128.544204,35.911068],[128.544135,35.911188],[128.544034,35.911376],[128.543908,35.911623],[128.543766,35.91191],[128.543616,35.912221],[128.543467,35.912537],[128.543328,35.912841],[128.543206,35.913115],[128.54311,35.91334],[128.543042,35.91351],[128.543013,35.913597],[128.542992,35.913684],[128.542984,35.913734],[128.54298,35.913785],[128.542979,35.913836],[128.542983,35.913886],[128.542993,35.913939],[128.543007,35.913991],[128.543025,35.914042],[128.543046,35.914093],[128.54307,35.914142],[128.543097,35.914191],[128.543158,35.914285],[128.543197,35.914337],[128.543238,35.914387],[128.543326,35.914485],[128.543416,35.914577],[128.543546,35.914704],[128.5439,35.915041],[128.544834,35.915917],[128.545777,35.916801],[128.546141,35.917147],[128.546276,35.91728],[128.546374,35.917379],[128.546466,35.917477],[128.546555,35.917577],[128.54664,35.917679],[128.546721,35.917783],[128.546767,35.917848],[128.546811,35.917914],[128.546891,35.918049],[128.546942,35.918147],[128.54699,35.918246],[128.547033,35.918347],[128.547074,35.918448],[128.547105,35.918535],[128.547133,35.918622],[128.547183,35.918798],[128.547228,35.918975],[128.54727,35.919153],[128.547347,35.919509],[128.54742,35.919866],[128.547495,35.920222],[128.54755,35.920433],[128.547603,35.920645],[128.54766,35.920856],[128.547694,35.920961],[128.547732,35.921064],[128.547768,35.921146],[128.54783,35.921278],[128.548019,35.92166],[128.548271,35.922159],[128.548559,35.922723],[128.548857,35.923299],[128.549138,35.923836],[128.549375,35.92428],[128.549541,35.92458],[128.54972,35.924881],[128.549907,35.92518],[128.550102,35.925475],[128.550305,35.925766],[128.550468,35.925987],[128.550665,35.926244],[128.551134,35.926837],[128.551646,35.927476],[128.552137,35.928092],[128.552589,35.928689],[128.553045,35.929287],[128.553492,35.929882],[128.553708,35.930177],[128.553916,35.930471],[128.554084,35.930719],[128.554242,35.930972],[128.55441,35.931255],[128.554572,35.93154],[128.554728,35.931828],[128.554876,35.932118],[128.555001,35.932377],[128.555119,35.932639],[128.555231,35.932902],[128.555334,35.933168],[128.55541,35.933383],[128.55548,35.9336],[128.555545,35.933817],[128.555603,35.934036],[128.555671,35.934317],[128.555732,35.9346],[128.555785,35.934884],[128.55583,35.935168],[128.555846,35.9353],[128.555858,35.935433],[128.555874,35.935698],[128.555891,35.935963],[128.555902,35.936096],[128.555918,35.936228],[128.555943,35.936382],[128.555977,35.936534],[128.556023,35.936695],[128.55605,35.936774],[128.556082,35.936852],[128.556123,35.936936],[128.556168,35.937019],[128.556267,35.937181],[128.556412,35.937406],[128.556572,35.937643],[128.556908,35.938121],[128.557212,35.938553],[128.557333,35.938732],[128.557422,35.938877],[128.557496,35.939012],[128.557565,35.93915],[128.557626,35.939289],[128.557678,35.939431],[128.557709,35.93954],[128.557732,35.939649],[128.55775,35.93976],[128.557766,35.939871],[128.55779,35.940085],[128.557809,35.94032],[128.557839,35.940831],[128.557869,35.941353],[128.557889,35.941602],[128.557915,35.941834],[128.557955,35.942089],[128.558013,35.942403],[128.558163,35.943153],[128.558327,35.943974],[128.558402,35.944378],[128.558465,35.944758],[128.558508,35.945064],[128.558544,35.945371],[128.558612,35.945985],[128.558791,35.947531],[128.559884,35.958509],[128.559932,35.958875],[128.559984,35.959246],[128.560029,35.959606],[128.560044,35.959775],[128.560054,35.959935],[128.560059,35.960068],[128.560055,35.960135],[128.560051,35.960167],[128.560043,35.9602],[128.560033,35.960232],[128.560021,35.960263],[128.55999,35.960325],[128.559954,35.960384],[128.559913,35.960441],[128.559874,35.96049],[128.559831,35.960536],[128.559784,35.96058],[128.559758,35.9606],[128.559731,35.960619],[128.559703,35.960636],[128.559671,35.960653],[128.559591,35.960689],[128.559392,35.960767],[128.559173,35.960853],[128.559068,35.960898],[128.558972,35.960945],[128.558904,35.960981],[128.558838,35.961019],[128.558775,35.96106],[128.558745,35.961082],[128.558718,35.961106],[128.558703,35.961121],[128.558689,35.961136],[128.558665,35.961169],[128.558643,35.961204],[128.558624,35.961239],[128.558601,35.961287],[128.55858,35.961336],[128.558564,35.961386],[128.558552,35.961437],[128.558544,35.961482],[128.55854,35.961528],[128.558539,35.961551],[128.55854,35.961574],[128.558543,35.961597],[128.558548,35.961619],[128.558552,35.961631],[128.558557,35.961645],[128.558573,35.96168],[128.558623,35.961776],[128.558691,35.961895],[128.55877,35.962028],[128.558856,35.962166],[128.558942,35.962298],[128.559023,35.962415],[128.559091,35.962507],[128.559166,35.962596],[128.559265,35.962705],[128.55938,35.962826],[128.559503,35.96295],[128.559626,35.963071],[128.559741,35.963181],[128.55984,35.96327],[128.559916,35.963332],[128.55994,35.963349],[128.559966,35.963364],[128.56002,35.963393],[128.560129,35.963448]]}},{"type":"Feature","properties":{"r":"KR","g":"kr","col":"#009d61","n":"대전 도시철도 1호선","ct":"大田","jk":"subway"},"geometry":{"type":"LineString","coordinates":[[127.314404,36.392637],[127.314727,36.392215],[127.314885,36.392002],[127.31503,36.391784],[127.315069,36.391717],[127.315105,36.391648],[127.31517,36.391507],[127.315235,36.391367],[127.31527,36.391298],[127.315309,36.39123],[127.315554,36.390851],[127.315832,36.390457],[127.316451,36.389633],[127.317099,36.388785],[127.317412,36.388359],[127.317707,36.387937],[127.318094,36.38734],[127.318457,36.386734],[127.318816,36.386079],[127.31915,36.385415],[127.319281,36.385145],[127.31934,36.385008],[127.319389,36.384869],[127.319418,36.38476],[127.319439,36.38465],[127.319468,36.384428],[127.319532,36.383849],[127.319544,36.38356],[127.319539,36.383415],[127.319526,36.383271],[127.319516,36.383208],[127.319502,36.383146],[127.319466,36.383022],[127.319374,36.382778],[127.319207,36.382402],[127.319008,36.382003],[127.318571,36.381196],[127.318182,36.38048],[127.318043,36.380194],[127.317994,36.380075],[127.317975,36.380023],[127.31796,36.379976],[127.317917,36.379788],[127.317888,36.379583],[127.317857,36.379139],[127.317837,36.378218],[127.317798,36.376671],[127.317767,36.374457],[127.317742,36.371831],[127.317727,36.36905],[127.317721,36.36637],[127.317726,36.364046],[127.317743,36.362335],[127.317756,36.361789],[127.317763,36.361607],[127.317772,36.361492],[127.3178,36.361256],[127.317839,36.36102],[127.317865,36.360903],[127.317897,36.360788],[127.317936,36.360674],[127.317984,36.360563],[127.318009,36.360515],[127.318037,36.360467],[127.318068,36.360421],[127.318101,36.360376],[127.318175,36.360289],[127.318256,36.360207],[127.318339,36.360134],[127.318429,36.360067],[127.318525,36.360005],[127.318626,36.359948],[127.318741,36.359892],[127.31886,36.359843],[127.318984,36.3598],[127.31911,36.359763],[127.319391,36.359697],[127.319677,36.359645],[127.320256,36.359565],[127.320837,36.359491],[127.321125,36.359446],[127.32141,36.359389],[127.322026,36.359232],[127.322884,36.358992],[127.325099,36.358338],[127.327611,36.35758],[127.329975,36.356874],[127.334804,36.355524],[127.339948,36.354079],[127.344463,36.352825],[127.346189,36.352358],[127.347405,36.352045],[127.348082,36.351887],[127.348424,36.351818],[127.348769,36.35176],[127.349265,36.351692],[127.349515,36.351672],[127.34964,36.35167],[127.349765,36.351673],[127.349931,36.351686],[127.350097,36.351706],[127.350424,36.351764],[127.350747,36.351841],[127.351064,36.351929],[127.351279,36.351996],[127.351489,36.352071],[127.351693,36.352156],[127.351791,36.352204],[127.351887,36.352255],[127.352095,36.352379],[127.352315,36.352522],[127.352542,36.352682],[127.352772,36.352854],[127.353225,36.353223],[127.35344,36.353413],[127.353641,36.353603],[127.353704,36.35367],[127.353761,36.35374],[127.353865,36.353887],[127.35397,36.354033],[127.354028,36.354103],[127.354059,36.354137],[127.354092,36.354169],[127.354195,36.354259],[127.354326,36.354365],[127.354661,36.354618],[127.355544,36.355238],[127.356552,36.355928],[127.357497,36.356583],[127.358274,36.357104],[127.358666,36.357361],[127.35907,36.357606],[127.359348,36.357762],[127.35963,36.357912],[127.35992,36.358053],[127.360218,36.358181],[127.360403,36.358252],[127.360592,36.358316],[127.360786,36.358371],[127.360983,36.358414],[127.361414,36.35848],[127.361851,36.358521],[127.36229,36.358539],[127.362729,36.358536],[127.362901,36.358527],[127.36311,36.358508],[127.363628,36.358448],[127.364946,36.358264],[127.366433,36.35805],[127.367162,36.357953],[127.367839,36.357873],[127.368551,36.357799],[127.369263,36.357732],[127.369978,36.357676],[127.370693,36.357635],[127.371634,36.357607],[127.372871,36.35759],[127.37596,36.357577],[127.379413,36.357578],[127.382684,36.357572],[127.383134,36.357569],[127.383359,36.357564],[127.383471,36.357558],[127.383582,36.357547],[127.383868,36.357511],[127.384152,36.357464],[127.384292,36.357435],[127.38443,36.357401],[127.384565,36.357362],[127.384698,36.357317],[127.38493,36.357222],[127.385042,36.357168],[127.385151,36.35711],[127.385257,36.357048],[127.385358,36.356983],[127.385456,36.356913],[127.385548,36.35684],[127.385593,36.3568],[127.385636,36.356757],[127.385675,36.356713],[127.385712,36.356667],[127.385779,36.356572],[127.38584,36.356474],[127.385966,36.356235],[127.386071,36.355989],[127.386159,36.355739],[127.386235,36.355486],[127.386318,36.355145],[127.386381,36.354802],[127.386428,36.354456],[127.386466,36.35411],[127.386494,36.353779],[127.386513,36.353449],[127.386532,36.352786],[127.38654,36.352123],[127.386554,36.35146],[127.386555,36.35096],[127.386562,36.350459],[127.386556,36.349959],[127.38654,36.34971],[127.386513,36.349461],[127.386501,36.349375],[127.386487,36.349288],[127.386477,36.349246],[127.386464,36.349204],[127.386447,36.349163],[127.386438,36.349143],[127.386427,36.349123],[127.386407,36.349092],[127.386382,36.349058],[127.386318,36.348981],[127.386142,36.348798],[127.385669,36.348353],[127.385172,36.347884],[127.384965,36.347669],[127.384881,36.347572],[127.384814,36.347484],[127.384728,36.347351],[127.384655,36.347213],[127.384624,36.347142],[127.384597,36.34707],[127.384574,36.346997],[127.384556,36.346924],[127.384548,36.346879],[127.384541,36.346825],[127.38453,36.346689],[127.384516,36.346325],[127.384514,36.345873],[127.384523,36.345374],[127.384541,36.344867],[127.384568,36.344392],[127.384602,36.34399],[127.384621,36.343828],[127.384642,36.3437],[127.384669,36.343551],[127.384683,36.343476],[127.384702,36.343402],[127.384726,36.34333],[127.384741,36.343295],[127.384758,36.343261],[127.384777,36.343228],[127.384799,36.343196],[127.384824,36.343166],[127.384852,36.343137],[127.384854,36.343135],[127.384856,36.343133],[127.384862,36.343129],[127.384868,36.343125],[127.384876,36.34312],[127.384895,36.34311],[127.384918,36.343098],[127.385049,36.343039],[127.385473,36.342872],[127.386726,36.342411],[127.388054,36.341922],[127.388573,36.341718],[127.388766,36.341635],[127.388841,36.3416],[127.388902,36.341569],[127.389119,36.341441],[127.389348,36.34129],[127.389584,36.341121],[127.389825,36.340939],[127.390312,36.340556],[127.390784,36.34018],[127.391806,36.339361],[127.39308,36.338314],[127.396155,36.335745],[127.399541,36.332895],[127.402771,36.330185],[127.410079,36.324248],[127.411032,36.323499],[127.412049,36.32269],[127.412938,36.322],[127.413274,36.321756],[127.413405,36.321669],[127.413459,36.321635],[127.413506,36.321609],[127.413564,36.32158],[127.413624,36.321553],[127.413686,36.321529],[127.413749,36.321507],[127.413878,36.321469],[127.41401,36.321438],[127.414181,36.321408],[127.414355,36.321387],[127.414443,36.321381],[127.41453,36.321378],[127.414618,36.321378],[127.414705,36.321383],[127.414798,36.321392],[127.41489,36.321406],[127.414982,36.321424],[127.415073,36.321445],[127.415251,36.321495],[127.415426,36.321552],[127.415601,36.321618],[127.41577,36.321694],[127.416095,36.321863],[127.416286,36.321974],[127.416471,36.322091],[127.416825,36.32234],[127.417057,36.322522],[127.417351,36.322764],[127.418082,36.323389],[127.419847,36.324943],[127.421497,36.326397],[127.422084,36.326899],[127.422284,36.32706],[127.422356,36.327114],[127.422385,36.327134],[127.422408,36.327149],[127.422459,36.327177],[127.422527,36.327211],[127.422713,36.327296],[127.423258,36.327524],[127.424847,36.32815],[127.426732,36.328877],[127.428469,36.329554],[127.436202,36.332341],[127.436463,36.33244],[127.436595,36.332485],[127.436662,36.332504],[127.436731,36.332519],[127.436986,36.332557],[127.437115,36.33257],[127.437245,36.332579],[127.437376,36.332582],[127.437506,36.332581],[127.437635,36.332573],[127.437763,36.33256],[127.437931,36.332533],[127.438096,36.332497],[127.438258,36.332453],[127.438419,36.332403],[127.438733,36.332288],[127.439041,36.332164],[127.439474,36.331975],[127.439895,36.331769],[127.4403,36.331543],[127.440686,36.331298],[127.440943,36.331112],[127.441241,36.33088],[127.441562,36.330616],[127.441888,36.330338],[127.442201,36.330059],[127.442483,36.329796],[127.442718,36.329563],[127.442812,36.329463],[127.442887,36.329377],[127.442923,36.32933],[127.442967,36.329269],[127.443075,36.329107],[127.443357,36.328654],[127.443698,36.328077],[127.444066,36.327435],[127.444427,36.326788],[127.444746,36.326196],[127.44499,36.325718],[127.445074,36.32554],[127.445126,36.325414],[127.445217,36.325113],[127.445279,36.324807],[127.445316,36.324498],[127.44533,36.324188],[127.445328,36.324065],[127.445318,36.323939],[127.445284,36.323677],[127.445178,36.323144],[127.445077,36.322641],[127.445048,36.322418],[127.445042,36.322317],[127.445044,36.322223],[127.445056,36.322109],[127.445065,36.322052],[127.445078,36.321995],[127.445094,36.321939],[127.445114,36.321885],[127.445138,36.321831],[127.445167,36.321779],[127.445206,36.321721],[127.44525,36.321664],[127.445299,36.32161],[127.445351,36.321558],[127.445465,36.32146],[127.445585,36.321368],[127.445693,36.321293],[127.445827,36.321208],[127.446161,36.321011],[127.446567,36.320786],[127.447023,36.320542],[127.448002,36.320033],[127.448932,36.319556],[127.449931,36.319039],[127.450939,36.318525],[127.451445,36.318275],[127.45195,36.318033],[127.452454,36.317803],[127.452956,36.317585],[127.453252,36.317465],[127.453554,36.317353],[127.453859,36.317249],[127.45417,36.317155],[127.45462,36.317042],[127.454849,36.316997],[127.45508,36.316959],[127.455481,36.31691],[127.455884,36.316877],[127.456694,36.316832],[127.457265,36.316803],[127.457551,36.316797],[127.457836,36.316804],[127.458204,36.316835],[127.458569,36.316884],[127.459298,36.316993]]}},{"type":"Feature","properties":{"r":"KR","g":"kr","col":"#217dcb","n":"4호선 (Blue Line)","ct":"釜山","jk":"urban"},"geometry":{"type":"LineString","coordinates":[[129.068789,35.206521],[129.06893,35.206745],[129.069068,35.206971],[129.069211,35.207194],[129.069286,35.207304],[129.069366,35.207412],[129.06942,35.20748],[129.06945,35.207512],[129.069483,35.207542],[129.069524,35.207575],[129.069567,35.207605],[129.069613,35.207633],[129.069662,35.207658],[129.069714,35.20768],[129.069768,35.207699],[129.069795,35.207707],[129.069823,35.207714],[129.069851,35.20772],[129.06988,35.207724],[129.069933,35.207729],[129.069987,35.207731],[129.070041,35.207731],[129.070095,35.207728],[129.070202,35.207717],[129.070306,35.207696],[129.070322,35.207691],[129.070342,35.207685],[129.070394,35.207666],[129.070535,35.207607],[129.07093,35.207431],[129.07139,35.207219],[129.071818,35.207025],[129.074505,35.205897],[129.077429,35.204673],[129.079879,35.203642],[129.080704,35.20329],[129.080978,35.203171],[129.081145,35.203096],[129.081369,35.202986],[129.081604,35.202863],[129.082095,35.202595],[129.082603,35.202319],[129.082858,35.202185],[129.083112,35.202059],[129.083304,35.201966],[129.083502,35.201874],[129.0836,35.20183],[129.083696,35.20179],[129.083789,35.201755],[129.083879,35.201725],[129.083893,35.201721],[129.083914,35.201716],[129.083974,35.201703],[129.084164,35.201665],[129.084775,35.201548],[129.086551,35.201221],[129.088365,35.200887],[129.089023,35.200762],[129.089244,35.200718],[129.089375,35.200689],[129.089591,35.20063],[129.089804,35.200564],[129.090015,35.200493],[129.090224,35.20042],[129.090375,35.200364],[129.090523,35.200304],[129.090672,35.200244],[129.090823,35.200188],[129.090973,35.200137],[129.091123,35.200089],[129.091427,35.199997],[129.091731,35.199906],[129.091882,35.199859],[129.092032,35.199809],[129.092255,35.199731],[129.092477,35.199649],[129.092917,35.199481],[129.093357,35.199313],[129.093578,35.199232],[129.093801,35.199153],[129.094339,35.198971],[129.094922,35.19878],[129.095191,35.198694],[129.095423,35.198623],[129.095604,35.198571],[129.09567,35.198554],[129.095717,35.198544],[129.095805,35.198532],[129.095894,35.198527],[129.095983,35.198527],[129.096072,35.198531],[129.096169,35.19854],[129.096266,35.198553],[129.096361,35.198572],[129.096407,35.198585],[129.096453,35.198599],[129.096509,35.19862],[129.096563,35.198643],[129.096668,35.198695],[129.096769,35.198753],[129.096865,35.198816],[129.096915,35.198852],[129.096962,35.19889],[129.097006,35.19893],[129.097047,35.198972],[129.097109,35.199044],[129.097174,35.199127],[129.097241,35.199219],[129.097309,35.199317],[129.097444,35.199522],[129.097569,35.199724],[129.097625,35.19982],[129.097693,35.199945],[129.09786,35.20026],[129.098255,35.201033],[129.098623,35.201754],[129.098756,35.202005],[129.098802,35.202087],[129.09882,35.202116],[129.098833,35.202135],[129.098891,35.202204],[129.098973,35.202292],[129.099075,35.202395],[129.09919,35.202508],[129.099442,35.202744],[129.099687,35.202963],[129.099795,35.203053],[129.099906,35.203139],[129.100134,35.203308],[129.100361,35.203478],[129.100471,35.203565],[129.100577,35.203656],[129.10064,35.203714],[129.100701,35.203775],[129.100759,35.203837],[129.100813,35.203901],[129.100896,35.204014],[129.100998,35.204166],[129.101241,35.204547],[129.101507,35.204975],[129.101762,35.205379],[129.101857,35.205551],[129.101951,35.205727],[129.102048,35.205895],[129.102097,35.205971],[129.102148,35.206041],[129.10219,35.206092],[129.102235,35.206141],[129.102331,35.206235],[129.102432,35.206325],[129.102535,35.206415],[129.1026,35.206469],[129.102669,35.206522],[129.102811,35.206626],[129.102948,35.206729],[129.10301,35.206782],[129.103066,35.206837],[129.103161,35.206947],[129.10325,35.207064],[129.103289,35.207123],[129.103324,35.207181],[129.103354,35.207236],[129.103377,35.207287],[129.103387,35.207314],[129.103396,35.207344],[129.103413,35.207417],[129.103429,35.2075],[129.103443,35.207592],[129.103465,35.207785],[129.103481,35.20797],[129.103485,35.208056],[129.103485,35.208141],[129.10348,35.208313],[129.103473,35.208484],[129.103473,35.208656],[129.103477,35.208819],[129.103482,35.20899],[129.103487,35.209071],[129.103494,35.209144],[129.103505,35.209208],[129.103511,35.209235],[129.103518,35.209258],[129.103536,35.209301],[129.103557,35.209344],[129.103582,35.209387],[129.103611,35.20943],[129.103675,35.209513],[129.103748,35.209589],[129.103783,35.209621],[129.103821,35.20965],[129.103902,35.209705],[129.103988,35.209755],[129.104076,35.209803],[129.104134,35.209832],[129.104193,35.209859],[129.104315,35.209909],[129.104438,35.209957],[129.104558,35.210009],[129.104689,35.210069],[129.10482,35.21013],[129.104883,35.210162],[129.104945,35.210196],[129.105004,35.210232],[129.105059,35.21027],[129.105113,35.210315],[129.10517,35.210368],[129.105287,35.210493],[129.105407,35.210629],[129.105526,35.21076],[129.106225,35.211555],[129.106963,35.212398],[129.107622,35.213144],[129.107885,35.213435],[129.108084,35.213646],[129.10824,35.213802],[129.108322,35.213877],[129.108409,35.213948],[129.108462,35.213988],[129.108517,35.214028],[129.108546,35.214046],[129.108575,35.214063],[129.108606,35.214078],[129.108638,35.214092],[129.108646,35.214095],[129.108656,35.214098],[129.108683,35.214105],[129.108764,35.214124],[129.109019,35.214176],[129.109795,35.214321],[129.11073,35.214492],[129.111585,35.21465],[129.111878,35.214714],[129.112024,35.214748],[129.112169,35.214785],[129.112426,35.214861],[129.11275,35.214964],[129.113538,35.215223],[129.114409,35.215516],[129.115238,35.215792],[129.115922,35.216056],[129.116265,35.216186],[129.116611,35.21631],[129.11701,35.216445],[129.117411,35.216574],[129.117814,35.216699],[129.11822,35.216818],[129.118454,35.216885],[129.118689,35.21695],[129.118925,35.21701],[129.119164,35.217064],[129.119407,35.21711],[129.11973,35.217163],[129.120543,35.217288],[129.121455,35.217424],[129.122318,35.217554],[129.125301,35.217975],[129.125794,35.218026],[129.126287,35.218076],[129.12678,35.218129],[129.127026,35.218158],[129.127271,35.21819],[129.127566,35.218234],[129.127884,35.218287],[129.128533,35.218402],[129.129103,35.218504],[129.129324,35.218539],[129.129481,35.218558],[129.129583,35.218564],[129.129684,35.218566],[129.129786,35.218564],[129.129888,35.218558],[129.12998,35.218548],[129.130071,35.218535],[129.130253,35.218505],[129.131127,35.218344],[129.132049,35.218171],[129.132874,35.218021],[129.133206,35.217965],[129.133459,35.217927],[129.133603,35.21791],[129.133748,35.217896],[129.133893,35.217885],[129.134039,35.217879],[129.1342,35.217877],[129.134361,35.217879],[129.134522,35.217885],[129.134683,35.217894],[129.134927,35.217913],[129.13517,35.217937],[129.135412,35.217966],[129.135653,35.218],[129.135781,35.218023],[129.135907,35.21805],[129.136034,35.218077],[129.136162,35.2181],[129.136507,35.218149],[129.136859,35.218192],[129.137032,35.218209],[129.137202,35.218224],[129.137364,35.218236],[129.137519,35.218244],[129.137672,35.218247],[129.137831,35.218245],[129.138162,35.218231],[129.138501,35.218215],[129.13867,35.218209],[129.138836,35.218207],[129.139214,35.218208],[129.139596,35.218214],[129.139785,35.218219],[129.139971,35.218227],[129.140152,35.218238],[129.140328,35.218251],[129.140509,35.218269],[129.14069,35.218292],[129.140869,35.218321],[129.141046,35.218356],[129.141131,35.218376],[129.141215,35.218398],[129.141298,35.218424],[129.141379,35.218452],[129.141548,35.21852],[129.141714,35.218594],[129.141875,35.218674],[129.142033,35.218759],[129.142103,35.2188],[129.142171,35.218843],[129.142302,35.218935],[129.142432,35.219039],[129.142494,35.219094],[129.142553,35.21915],[129.142667,35.219267],[129.142776,35.219387],[129.142879,35.21951],[129.142978,35.219636],[129.143034,35.219714],[129.143087,35.219794],[129.143186,35.219956],[129.143237,35.220048],[129.143285,35.220141],[129.143376,35.22033],[129.143469,35.220517],[129.143518,35.22061],[129.143572,35.220701],[129.143623,35.220781],[129.143676,35.220859],[129.143734,35.220935],[129.143797,35.221008],[129.143854,35.221064],[129.143915,35.221117],[129.144044,35.221218],[129.144152,35.221294],[129.144263,35.221367],[129.144493,35.221507],[129.14472,35.221647],[129.144829,35.22172],[129.144933,35.221796],[129.145003,35.221853],[129.14507,35.221913],[129.145134,35.221975],[129.145195,35.222039],[129.145305,35.22216],[129.145355,35.222222],[129.145399,35.222288],[129.14545,35.222382],[129.145492,35.222479],[129.145528,35.222578],[129.145563,35.222677],[129.145596,35.222774],[129.145625,35.222871],[129.145675,35.223068],[129.14572,35.223297],[129.145767,35.223575],[129.145866,35.224236],[129.145973,35.224958],[129.146031,35.225313],[129.146092,35.225648],[129.146144,35.225914],[129.1462,35.226179],[129.146262,35.226444],[129.146333,35.226707],[129.146402,35.226932],[129.146488,35.227198],[129.146586,35.22749],[129.146692,35.227792],[129.146798,35.228088],[129.1469,35.228362],[129.146992,35.228599],[129.147068,35.228783],[129.14713,35.228915],[129.147165,35.228979],[129.147204,35.229042],[129.14725,35.229106],[129.1473,35.229168],[129.147353,35.229228],[129.147411,35.229285],[129.147475,35.229342],[129.147544,35.229396],[129.147615,35.229447],[129.14769,35.229495],[129.147866,35.229597],[129.148048,35.229691],[129.148236,35.229777],[129.148428,35.229857],[129.148563,35.229905],[129.148729,35.229956],[129.149122,35.230068],[129.14955,35.230189],[129.149759,35.230252],[129.149955,35.230317],[129.150121,35.230378],[129.150202,35.230411],[129.150281,35.230448],[129.150398,35.230509],[129.150517,35.230577],[129.150762,35.230727],[129.15101,35.230886],[129.151257,35.23104],[129.151929,35.231408],[129.152603,35.231773],[129.153274,35.232143],[129.153606,35.232331],[129.153936,35.232522],[129.154521,35.232872],[129.155147,35.233255],[129.155432,35.233434],[129.155676,35.233589],[129.155861,35.233711],[129.155926,35.233757],[129.15597,35.23379],[129.156008,35.233824],[129.156056,35.233871],[129.156175,35.233997],[129.156478,35.234332],[129.156798,35.234686],[129.15694,35.234836],[129.157058,35.234951],[129.157199,35.235073],[129.157345,35.235191],[129.157498,35.235303],[129.157655,35.235411],[129.157737,35.235463],[129.157822,35.235513],[129.157909,35.23556],[129.157998,35.235603],[129.158097,35.235646],[129.158198,35.235685],[129.158301,35.23572],[129.158406,35.235752],[129.158609,35.235805],[129.158815,35.235851],[129.159023,35.235891],[129.159232,35.235928],[129.159414,35.235955],[129.159596,35.235977],[129.159779,35.235998],[129.159961,35.236024],[129.160089,35.236048],[129.160215,35.236075],[129.160342,35.236103],[129.16047,35.236126],[129.160726,35.236164],[129.161001,35.236203],[129.161286,35.23624],[129.161569,35.236274],[129.16184,35.236304],[129.162086,35.236329],[129.162296,35.236347],[129.162461,35.236357],[129.16257,35.23636],[129.162678,35.236361],[129.162896,35.236356],[129.163113,35.236345],[129.16333,35.236331],[129.163644,35.236302],[129.164075,35.236254],[129.16511,35.23613],[129.166089,35.236012],[129.16645,35.235972],[129.166579,35.23596],[129.166667,35.235954],[129.166799,35.235951],[129.166933,35.23595],[129.167069,35.235952],[129.167206,35.235956],[129.16748,35.235972],[129.167751,35.235998],[129.167857,35.236013],[129.167961,35.236032],[129.168169,35.236077],[129.168622,35.236182],[129.169085,35.236297],[129.169309,35.236356],[129.169521,35.236415],[129.169717,35.236471],[129.169892,35.236526],[129.17002,35.236573],[129.170144,35.236625],[129.170532,35.236795],[129.17104,35.237024],[129.171626,35.237292],[129.172247,35.23758],[129.172862,35.237867],[129.173427,35.238134],[129.1739,35.238361],[129.17424,35.238529],[129.17445,35.238637],[129.174552,35.238695],[129.17465,35.238757],[129.174721,35.238808],[129.174789,35.238862],[129.174854,35.238918],[129.174916,35.238976],[129.175001,35.239061],[129.175082,35.239148],[129.175238,35.239327],[129.17539,35.239509],[129.175544,35.239689]]}},{"type":"Feature","properties":{"r":"KR","g":"kr","col":"#81bf48","n":"2호선","ct":"釜山","jk":"subway"},"geometry":{"type":"LineString","coordinates":[[129.026357,35.338715],[129.024975,35.336844],[129.023975,35.335628],[129.022939,35.334381],[129.021974,35.333195],[129.021552,35.332654],[129.021189,35.332163],[129.020952,35.331829],[129.020724,35.33149],[129.020514,35.331144],[129.020331,35.330789],[129.020172,35.330404],[129.020041,35.330011],[129.019932,35.329614],[129.019839,35.329214],[129.019751,35.328711],[129.019663,35.328039],[129.019483,35.326393],[129.019295,35.324686],[129.019197,35.323937],[129.019096,35.323327],[129.019002,35.322908],[129.018943,35.322701],[129.018873,35.322496],[129.018789,35.322284],[129.018695,35.322075],[129.018591,35.321869],[129.018477,35.321667],[129.018361,35.32148],[129.018237,35.321297],[129.018103,35.321119],[129.017956,35.320948],[129.017845,35.320833],[129.017715,35.320709],[129.017406,35.320436],[129.016656,35.319814],[129.015841,35.319136],[129.015452,35.318794],[129.015098,35.318458],[129.014838,35.318181],[129.014603,35.317889],[129.014446,35.317664],[129.0143,35.317433],[129.014163,35.317199],[129.014035,35.316961],[129.013673,35.316211],[129.013112,35.314985],[129.012425,35.313447],[129.011683,35.311761],[129.010958,35.310092],[129.010321,35.308601],[129.009844,35.307455],[129.009688,35.307062],[129.009599,35.306816],[129.00952,35.30654],[129.009456,35.306261],[129.009406,35.305981],[129.009368,35.305699],[129.009342,35.305379],[129.009332,35.305046],[129.009339,35.304373],[129.009342,35.303737],[129.009328,35.303451],[129.009314,35.303319],[129.009295,35.303196],[129.009266,35.303067],[129.009225,35.302919],[129.00911,35.302579],[129.008812,35.301798],[129.008521,35.301039],[129.008417,35.300727],[129.008382,35.300597],[129.00836,35.300489],[129.008351,35.300413],[129.008346,35.300337],[129.008348,35.300184],[129.008362,35.300031],[129.008387,35.299879],[129.008425,35.299719],[129.008474,35.299562],[129.008534,35.299407],[129.008603,35.299254],[129.008666,35.29913],[129.008735,35.299009],[129.008813,35.29889],[129.0089,35.298777],[129.009024,35.298638],[129.009159,35.298505],[129.009303,35.298379],[129.009455,35.29826],[129.009595,35.298162],[129.009743,35.29807],[129.010052,35.297903],[129.010507,35.297695],[129.011086,35.297454],[129.012435,35.296926],[129.013725,35.296422],[129.014232,35.296211],[129.014431,35.296121],[129.014585,35.296044],[129.014966,35.295824],[129.015331,35.295586],[129.015679,35.29533],[129.016009,35.295061],[129.016207,35.29488],[129.016393,35.29469],[129.016567,35.294493],[129.01673,35.29429],[129.016862,35.294107],[129.016983,35.293919],[129.0172,35.293532],[129.017325,35.293276],[129.01738,35.293146],[129.017428,35.293014],[129.017515,35.292739],[129.017589,35.292462],[129.017647,35.292182],[129.017685,35.2919],[129.0177,35.291567],[129.017689,35.291234],[129.017661,35.290901],[129.017623,35.290569],[129.017565,35.290191],[129.017486,35.289795],[129.0173,35.288993],[129.01713,35.288255],[129.017073,35.287939],[129.017055,35.287798],[129.017045,35.287672],[129.017044,35.28746],[129.017058,35.287248],[129.017113,35.286825],[129.017182,35.286402],[129.017234,35.285979],[129.017392,35.283837],[129.017523,35.281631],[129.017574,35.280563],[129.017614,35.279548],[129.01764,35.278609],[129.017651,35.277771],[129.017647,35.277343],[129.017636,35.277129],[129.017614,35.276916],[129.017574,35.276682],[129.017519,35.276443],[129.017389,35.275964],[129.01727,35.275504],[129.017231,35.275288],[129.017219,35.275184],[129.017213,35.275085],[129.017213,35.275025],[129.017218,35.274966],[129.017236,35.274847],[129.01729,35.274611],[129.017379,35.274283],[129.017484,35.273958],[129.017717,35.273312],[129.017946,35.272666],[129.018045,35.27234],[129.018126,35.272011],[129.01817,35.271776],[129.018202,35.271539],[129.018222,35.271301],[129.018229,35.271063],[129.018224,35.270824],[129.018207,35.270584],[129.018175,35.270346],[129.018127,35.27011],[129.018026,35.269766],[129.017899,35.269427],[129.017755,35.269092],[129.017603,35.26876],[129.017326,35.268192],[129.016977,35.267523],[129.016134,35.265977],[129.015203,35.264307],[129.014316,35.262699],[129.013698,35.261454],[129.013074,35.260211],[129.012462,35.258964],[129.012164,35.258338],[129.011875,35.257709],[129.011524,35.256933],[129.011178,35.256151],[129.011014,35.25576],[129.01086,35.255369],[129.010717,35.254979],[129.010588,35.254592],[129.010525,35.254384],[129.010469,35.254174],[129.010427,35.253963],[129.010413,35.253857],[129.010406,35.25375],[129.010409,35.253567],[129.010429,35.253384],[129.010462,35.253202],[129.010506,35.253022],[129.010541,35.252907],[129.010582,35.252793],[129.010631,35.252681],[129.010687,35.252572],[129.010858,35.252289],[129.011068,35.251982],[129.011566,35.251316],[129.012092,35.250611],[129.012338,35.250257],[129.012559,35.249907],[129.012729,35.249604],[129.012802,35.249449],[129.012833,35.24937],[129.01286,35.24929],[129.012885,35.249198],[129.012906,35.249104],[129.012934,35.248916],[129.012962,35.248537],[129.01297,35.248092],[129.012957,35.247619],[129.012896,35.246656],[129.012839,35.245783],[129.01283,35.245423],[129.012834,35.24527],[129.012844,35.245137],[129.012868,35.244991],[129.01291,35.244801],[129.01304,35.24431],[129.013411,35.24304],[129.013807,35.241683],[129.013965,35.241084],[129.014072,35.240598],[129.014104,35.240358],[129.014116,35.240117],[129.014114,35.239684],[129.014099,35.239251],[129.014041,35.238385],[129.013966,35.23752],[129.0139,35.236655],[129.013803,35.235594],[129.013751,35.235063],[129.013685,35.234534],[129.013547,35.233605],[129.013392,35.232678],[129.013213,35.231754],[129.013004,35.230834],[129.012835,35.230177],[129.012642,35.229494],[129.012541,35.22917],[129.01244,35.228873],[129.01234,35.228614],[129.012243,35.228404],[129.012215,35.228355],[129.01218,35.228298],[129.01209,35.228165],[129.01184,35.22783],[129.011174,35.226995],[129.010489,35.226135],[129.010216,35.22577],[129.01011,35.225616],[129.01003,35.225487],[129.009954,35.225338],[129.00986,35.22513],[129.009629,35.224569],[129.00907,35.223117],[129.008525,35.2217],[129.008311,35.221181],[129.008228,35.221],[129.008194,35.220933],[129.008165,35.220883],[129.008041,35.220708],[129.007883,35.220514],[129.007699,35.220306],[129.007495,35.220089],[129.007058,35.219644],[129.00663,35.219219],[129.006491,35.219088],[129.006345,35.218962],[129.006045,35.218716],[129.005755,35.218464],[129.005621,35.218331],[129.005499,35.21819],[129.00545,35.218125],[129.005405,35.218058],[129.005324,35.217921],[129.005254,35.217779],[129.005193,35.217634],[129.005068,35.217268],[129.00491,35.216731],[129.004734,35.216086],[129.004556,35.215394],[129.00439,35.214717],[129.004254,35.214118],[129.004162,35.213659],[129.004137,35.213501],[129.004131,35.213443],[129.00413,35.21342],[129.00413,35.213401],[129.004132,35.213365],[129.004136,35.213325],[129.004151,35.213233],[129.004202,35.213008],[129.004277,35.212741],[129.00437,35.212443],[129.004584,35.211811],[129.004791,35.211216],[129.004927,35.210872],[129.005079,35.210531],[129.00522,35.210189],[129.00528,35.210015],[129.005328,35.209839],[129.005351,35.209724],[129.005365,35.209608],[129.00537,35.209491],[129.005365,35.209375],[129.005346,35.209243],[129.00531,35.20906],[129.005198,35.208571],[129.005046,35.207973],[129.004872,35.207326],[129.004691,35.206693],[129.004523,35.206137],[129.004383,35.205719],[129.00433,35.205581],[129.004308,35.205534],[129.004299,35.205516],[129.00429,35.205502],[129.004237,35.205431],[129.004178,35.205363],[129.004112,35.205299],[129.004041,35.205238],[129.003966,35.20518],[129.003886,35.205126],[129.003804,35.205076],[129.003719,35.20503],[129.003649,35.204996],[129.003578,35.204964],[129.003431,35.204908],[129.003279,35.204861],[129.003123,35.204819],[129.002806,35.204747],[129.002489,35.204677],[129.002337,35.204645],[129.002182,35.204618],[129.001872,35.204573],[129.001562,35.204523],[129.00141,35.204492],[129.00126,35.204454],[129.001124,35.204415],[129.00099,35.204371],[129.000925,35.204346],[129.000862,35.204318],[129.000802,35.204286],[129.000774,35.204268],[129.000746,35.20425],[129.000732,35.204239],[129.000715,35.204226],[129.000677,35.204191],[129.000581,35.204094],[129.000319,35.2038],[128.999593,35.202927],[128.998746,35.201884],[128.99796,35.200926],[128.99569,35.19795],[128.995106,35.197142],[128.994818,35.196736],[128.994545,35.196323],[128.994278,35.195879],[128.994,35.195384],[128.993451,35.194356],[128.992979,35.193477],[128.992799,35.193169],[128.992726,35.19306],[128.992695,35.193018],[128.992668,35.192986],[128.992595,35.192913],[128.992516,35.192845],[128.992433,35.19278],[128.992344,35.192719],[128.992158,35.192605],[128.991965,35.192502],[128.991851,35.192448],[128.991729,35.192396],[128.991466,35.192298],[128.990902,35.192119],[128.990358,35.191949],[128.990121,35.19186],[128.990016,35.191814],[128.989922,35.191767],[128.989804,35.191697],[128.989747,35.191659],[128.989692,35.19162],[128.98964,35.191578],[128.989591,35.191534],[128.989545,35.191488],[128.989502,35.19144],[128.989489,35.191423],[128.989473,35.191401],[128.989435,35.191342],[128.989334,35.191171],[128.989051,35.190652],[128.988692,35.189957],[128.988292,35.189162],[128.987891,35.188344],[128.987526,35.187578],[128.987233,35.186939],[128.987052,35.186504],[128.986984,35.186292],[128.986897,35.185973],[128.986668,35.185058],[128.986053,35.182448],[128.985335,35.179418],[128.984976,35.177977],[128.98464,35.176711],[128.984341,35.175685],[128.984,35.17459],[128.983278,35.172361],[128.98263,35.170365],[128.982385,35.169562],[128.982218,35.168945],[128.982153,35.168674],[128.982093,35.168402],[128.982051,35.168128],[128.98204,35.167991],[128.982038,35.167853],[128.982044,35.167728],[128.982057,35.167602],[128.982101,35.167353],[128.982165,35.167106],[128.982244,35.166863],[128.982375,35.166539],[128.982577,35.166095],[128.982836,35.16556],[128.983137,35.164962],[128.983807,35.16369],[128.984145,35.163072],[128.984467,35.162504],[128.984668,35.162167],[128.984777,35.162002],[128.984896,35.161842],[128.985053,35.161657],[128.985293,35.161389],[128.98598,35.160648],[128.986862,35.159718],[128.987843,35.158697],[128.988828,35.157684],[128.989724,35.156776],[128.990434,35.156071],[128.990691,35.155826],[128.990865,35.155668],[128.991271,35.155351],[128.991919,35.154876],[128.992731,35.154297],[128.993627,35.153669],[128.994529,35.153046],[128.995358,35.152485],[128.996035,35.152038],[128.996482,35.151762],[128.996777,35.151601],[128.997077,35.151447],[128.997694,35.151159],[128.998324,35.150891],[128.998962,35.150636],[128.999242,35.150531],[128.999386,35.150485],[128.999532,35.150447],[128.999765,35.150401],[129.0,35.150366],[129.000238,35.150342],[129.000477,35.150326],[129.000913,35.150316],[129.00135,35.150326],[129.002223,35.150373],[129.003526,35.15046],[129.005304,35.150595],[129.007368,35.150763],[129.009534,35.150948],[129.011614,35.151132],[129.013422,35.1513],[129.01477,35.151436],[129.015215,35.151487],[129.015369,35.151508],[129.015474,35.151524],[129.015862,35.151603],[129.016245,35.1517],[129.016621,35.151816],[129.016986,35.151949],[129.017098,35.151996],[129.017208,35.152047],[129.017422,35.152159],[129.017834,35.152402],[129.018248,35.152644],[129.018463,35.152753],[129.018574,35.152802],[129.018687,35.152848],[129.019033,35.152967],[129.019389,35.153068],[129.019752,35.153146],[129.020121,35.153202],[129.02019,35.153208],[129.020274,35.153213],[129.020488,35.15322],[129.02107,35.153219],[129.022684,35.153188],[129.024564,35.153154],[129.025479,35.15315],[129.02631,35.153162],[129.026765,35.153178],[129.02722,35.153201],[129.027674,35.153234],[129.028126,35.153279],[129.028932,35.153391],[129.03012,35.153579],[129.033286,35.154115],[129.036922,35.154745],[129.040323,35.155328],[129.043458,35.155901],[129.045024,35.156193],[129.046584,35.156503],[129.047182,35.156634],[129.047821,35.156783],[129.049122,35.1571],[129.050285,35.157375],[129.05075,35.157472],[129.050942,35.157507],[129.051104,35.15753],[129.051194,35.157539],[129.051317,35.157547],[129.051656,35.157562],[129.052662,35.157589],[129.055616,35.157634],[129.059129,35.157673],[129.062362,35.157715],[129.063061,35.157716],[129.06381,35.157725],[129.06446,35.157719],[129.064701,35.157705],[129.064792,35.157694],[129.06483,35.157687],[129.064846,35.157684],[129.064861,35.15768],[129.06488,35.157674],[129.064899,35.157668],[129.064917,35.15766],[129.064935,35.157652],[129.06497,35.157635],[129.065003,35.157615],[129.065035,35.157593],[129.065066,35.15757],[129.065123,35.157521],[129.065153,35.157492],[129.065182,35.157461],[129.065208,35.157429],[129.065233,35.157396],[129.065255,35.157362],[129.065276,35.157327],[129.065312,35.157256],[129.065342,35.157181],[129.065367,35.157105],[129.065387,35.157028],[129.065403,35.156951],[129.065426,35.156793],[129.065442,35.156636],[129.065457,35.15629],[129.065452,35.155874],[129.065405,35.154896],[129.065346,35.153831],[129.065326,35.153307],[129.065319,35.15281],[129.06532,35.152117],[129.065327,35.151408],[129.065339,35.151063],[129.065358,35.150731],[129.065387,35.15042],[129.065428,35.150134],[129.065478,35.1499],[129.065545,35.149668],[129.065626,35.149439],[129.065719,35.149214],[129.065791,35.149065],[129.065872,35.14892],[129.066049,35.148633],[129.066228,35.148348],[129.066311,35.148203],[129.066386,35.148055],[129.066515,35.147761],[129.066568,35.147611],[129.06659,35.147535],[129.066607,35.147458],[129.066618,35.147388],[129.066628,35.147292],[129.066645,35.147027],[129.066674,35.146252],[129.066717,35.144113],[129.066762,35.141928],[129.066793,35.141094],[129.066812,35.14079],[129.066834,35.14058],[129.066878,35.14034],[129.066938,35.140101],[129.067009,35.139865],[129.067088,35.13963],[129.067253,35.139177],[129.067433,35.138727],[129.067635,35.138285],[129.067748,35.138067],[129.067868,35.137853],[129.067922,35.137765],[129.06798,35.137679],[129.068045,35.137596],[129.068081,35.137557],[129.068119,35.137519],[129.06826,35.137396],[129.068412,35.137282],[129.068493,35.137229],[129.068576,35.13718],[129.068662,35.137133],[129.06875,35.13709],[129.068807,35.137066],[129.068865,35.137044],[129.068925,35.137024],[129.068986,35.137006],[129.06911,35.136977],[129.069236,35.136952],[129.069486,35.136915],[129.069738,35.136891],[129.070246,35.136866],[129.070755,35.136843],[129.071008,35.136822],[129.071259,35.13679],[129.071572,35.136737],[129.071883,35.136673],[129.072189,35.136595],[129.072487,35.1365],[129.072561,35.136472],[129.072653,35.136433],[129.072883,35.136329],[129.0735,35.13603],[129.075106,35.135217],[129.076718,35.134401],[129.077342,35.134098],[129.077577,35.133991],[129.077671,35.133952],[129.077748,35.133922],[129.077981,35.133841],[129.078219,35.13377],[129.07834,35.13374],[129.078462,35.133715],[129.078585,35.133697],[129.07871,35.133685],[129.078766,35.133683],[129.078822,35.133684],[129.078878,35.133688],[129.078934,35.133694],[129.079044,35.133712],[129.079153,35.133736],[129.079274,35.133768],[129.079395,35.133806],[129.079638,35.133894],[129.08012,35.134102],[129.080589,35.134304],[129.080815,35.134386],[129.080925,35.13442],[129.081033,35.134447],[129.081162,35.134471],[129.081334,35.134496],[129.081788,35.134547],[129.082358,35.134599],[129.083011,35.134651],[129.084422,35.13475],[129.085741,35.134834],[129.086543,35.134878],[129.087346,35.134912],[129.088952,35.134964],[129.090559,35.135021],[129.091361,35.135061],[129.092162,35.135113],[129.09273,35.135157],[129.093296,35.135207],[129.093861,35.13527],[129.094422,35.135351],[129.094965,35.135445],[129.095505,35.135552],[129.096038,35.135679],[129.096301,35.135751],[129.096561,35.13583],[129.096922,35.135957],[129.097356,35.136126],[129.097846,35.136328],[129.098374,35.136555],[129.099475,35.137045],[129.100521,35.137523],[129.101925,35.138181],[129.103404,35.138895],[129.10409,35.139235],[129.104697,35.139545],[129.105193,35.13981],[129.105544,35.140013],[129.105732,35.140141],[129.105911,35.140278],[129.106252,35.140566],[129.10706,35.141288],[129.1079,35.142074],[129.108282,35.142446],[129.108612,35.142778],[129.108868,35.143052],[129.108963,35.143161],[129.109032,35.143249],[129.109068,35.143303],[129.1091,35.143358],[129.109155,35.143472],[129.109245,35.143707],[129.109424,35.144223],[129.109625,35.144864],[129.11007,35.146409],[129.110542,35.148109],[129.111,35.149732],[129.113133,35.157903],[129.113674,35.160524],[129.114255,35.163382],[129.114755,35.165766],[129.114936,35.166558],[129.115003,35.166815],[129.115029,35.166904],[129.115051,35.166965],[129.115086,35.167043],[129.115128,35.167118],[129.115152,35.167155],[129.115178,35.16719],[129.115206,35.167225],[129.115237,35.167257],[129.115288,35.167304],[129.115343,35.167348],[129.115402,35.16739],[129.115463,35.167429],[129.115591,35.167502],[129.115724,35.167567],[129.116,35.167683],[129.116364,35.167819],[129.116783,35.167965],[129.117225,35.16811],[129.117657,35.168244],[129.118046,35.168355],[129.118358,35.168435],[129.118476,35.168459],[129.118524,35.168467],[129.118563,35.168472],[129.118601,35.168474],[129.118644,35.168476],[129.118745,35.168475],[129.118995,35.168461],[129.11929,35.168434],[129.119604,35.168397],[129.119913,35.168353],[129.120193,35.168305],[129.120419,35.168257],[129.120504,35.168233],[129.120538,35.168222],[129.120566,35.168211],[129.120591,35.168199],[129.120618,35.168184],[129.120645,35.168168],[129.120674,35.168149],[129.120733,35.168105],[129.120795,35.168055],[129.120927,35.167936],[129.121067,35.167801],[129.121362,35.167514],[129.121513,35.167377],[129.121661,35.167255],[129.122026,35.166986],[129.122401,35.166728],[129.122788,35.166481],[129.123186,35.166246],[129.123572,35.166043],[129.123772,35.165951],[129.123978,35.165869],[129.124168,35.165799],[129.124361,35.165735],[129.124459,35.165707],[129.124558,35.165684],[129.124659,35.165666],[129.124761,35.165655],[129.124854,35.165651],[129.124947,35.165653],[129.125039,35.165659],[129.125132,35.16567],[129.125316,35.165701],[129.125496,35.165742],[129.125674,35.16579],[129.125848,35.165846],[129.126189,35.165974],[129.126522,35.166118],[129.12685,35.166268],[129.127123,35.1664],[129.127475,35.166581],[129.128369,35.167059],[129.130605,35.168289],[129.132848,35.169524],[129.133749,35.170006],[129.134106,35.170189],[129.134386,35.170325],[129.134853,35.170545],[129.134973,35.170594],[129.135095,35.170638],[129.13522,35.170675],[129.135284,35.17069],[129.135349,35.170703],[129.135454,35.170719],[129.13556,35.170729],[129.135667,35.170734],[129.135774,35.170735],[129.135882,35.17073],[129.135988,35.17072],[129.136094,35.170705],[129.136197,35.170685],[129.1363,35.170659],[129.136402,35.170628],[129.136501,35.170591],[129.136598,35.170549],[129.136692,35.170504],[129.136784,35.170454],[129.136871,35.170402],[129.136956,35.170346],[129.136966,35.170339],[129.136977,35.17033],[129.137006,35.170305],[129.137086,35.170232],[129.137323,35.17],[129.138059,35.169245],[129.140153,35.167052],[129.142261,35.164845],[129.143014,35.164073],[129.143262,35.16383],[129.143347,35.163751],[129.143379,35.163723],[129.143404,35.163703],[129.143452,35.163669],[129.143513,35.163629],[129.143669,35.163533],[129.144102,35.163285],[129.144666,35.162978],[129.145322,35.16263],[129.146757,35.16189],[129.148101,35.161215],[129.148639,35.160949],[129.149181,35.160689],[129.14973,35.160439],[129.15029,35.160207],[129.150464,35.16014],[129.150509,35.160125],[129.150554,35.160112],[129.150599,35.160101],[129.150646,35.160092],[129.150727,35.160081],[129.15081,35.160072],[129.150892,35.160066],[129.150975,35.160064],[129.151058,35.160065],[129.151141,35.160069],[129.151224,35.160076],[129.151305,35.160087],[129.151408,35.160106],[129.151532,35.160134],[129.151831,35.160212],[129.152182,35.160315],[129.152567,35.160438],[129.152967,35.160574],[129.153363,35.160717],[129.153736,35.16086],[129.154066,35.160997],[129.154159,35.161041],[129.154287,35.161105],[129.154635,35.161289],[129.155641,35.161845],[129.158405,35.16341],[129.161236,35.165011],[129.162326,35.165614],[129.162728,35.165828],[129.163012,35.165971],[129.163299,35.166103],[129.163373,35.166133],[129.163448,35.166161],[129.163524,35.166185],[129.163602,35.166205],[129.163632,35.166211],[129.163671,35.166217],[129.163778,35.166231],[129.164094,35.166263],[129.165065,35.166342],[129.167801,35.166534],[129.170529,35.166726],[129.171489,35.166804],[129.171798,35.166835],[129.171901,35.166849],[129.171938,35.166855],[129.171966,35.166861],[129.172083,35.166893],[129.172197,35.166931],[129.172309,35.166974],[129.172419,35.167021],[129.172633,35.167125],[129.17284,35.167236],[129.173141,35.167415],[129.173487,35.167642],[129.174274,35.168195],[129.175117,35.168807],[129.175932,35.169389]]}},{"type":"Feature","properties":{"r":"KR","g":"kr","col":"#905cac","n":"부산김해경전철","ct":"釜山","jk":"urban"},"geometry":{"type":"LineString","coordinates":[[128.86388,35.272857],[128.863966,35.272773],[128.864055,35.272691],[128.864138,35.272606],[128.864176,35.272561],[128.86421,35.272514],[128.864223,35.272492],[128.864235,35.272469],[128.864255,35.272423],[128.864285,35.272327],[128.864314,35.272206],[128.864343,35.272057],[128.864399,35.271706],[128.864454,35.271321],[128.864509,35.270953],[128.864603,35.270547],[128.864648,35.270343],[128.864687,35.270139],[128.864708,35.270001],[128.864724,35.269862],[128.864755,35.269585],[128.864805,35.268703],[128.864855,35.267781],[128.864906,35.266939],[128.864932,35.266587],[128.864959,35.2663],[128.864978,35.266109],[128.864994,35.266014],[128.865005,35.265967],[128.86502,35.265921],[128.865051,35.265846],[128.86509,35.265773],[128.865135,35.265703],[128.865186,35.265636],[128.865214,35.265605],[128.865249,35.265569],[128.865341,35.265485],[128.86558,35.265279],[128.86585,35.265047],[128.865978,35.264931],[128.866092,35.26482],[128.866174,35.264734],[128.866253,35.264647],[128.866329,35.264557],[128.866398,35.264464],[128.866476,35.264347],[128.866546,35.264226],[128.866611,35.264103],[128.86667,35.263979],[128.866726,35.263851],[128.866779,35.263722],[128.866829,35.26359],[128.866877,35.263458],[128.866964,35.263191],[128.867044,35.262923],[128.867071,35.262821],[128.867095,35.262718],[128.867116,35.262615],[128.867133,35.262511],[128.867155,35.262329],[128.867162,35.262237],[128.867165,35.262146],[128.867163,35.262042],[128.867157,35.261939],[128.867137,35.261732],[128.867117,35.261579],[128.867091,35.261423],[128.867032,35.261107],[128.866978,35.260806],[128.866958,35.260668],[128.866947,35.260541],[128.866945,35.260464],[128.866946,35.260388],[128.866952,35.260311],[128.866961,35.260235],[128.866976,35.260149],[128.866994,35.260064],[128.867039,35.259894],[128.867087,35.259725],[128.867134,35.259555],[128.867296,35.259031],[128.867468,35.258464],[128.86762,35.257982],[128.867678,35.257814],[128.867701,35.257755],[128.867711,35.257732],[128.867719,35.257715],[128.867784,35.257605],[128.86786,35.257499],[128.867946,35.257398],[128.868041,35.257303],[128.868073,35.257277],[128.868115,35.257245],[128.868225,35.25717],[128.868512,35.256987],[128.868812,35.256796],[128.86894,35.256709],[128.869039,35.256634],[128.86912,35.256561],[128.869196,35.256485],[128.869268,35.256405],[128.869338,35.256325],[128.869431,35.256214],[128.869474,35.256157],[128.869511,35.256097],[128.869559,35.256002],[128.869618,35.255869],[128.869685,35.255709],[128.869754,35.255533],[128.869823,35.25535],[128.869887,35.255171],[128.869943,35.255007],[128.869985,35.254868],[128.870017,35.254746],[128.870042,35.254623],[128.870062,35.2545],[128.870074,35.254376],[128.870079,35.25426],[128.87008,35.254131],[128.870077,35.253991],[128.870072,35.253844],[128.870051,35.25354],[128.870021,35.253246],[128.869998,35.253097],[128.869969,35.252948],[128.869906,35.252652],[128.869751,35.252045],[128.869593,35.251439],[128.86944,35.250831],[128.869368,35.250527],[128.8693,35.250222],[128.869236,35.249924],[128.869174,35.249621],[128.869147,35.249472],[128.869123,35.249327],[128.869104,35.249188],[128.86909,35.249057],[128.869084,35.248967],[128.869082,35.248876],[128.869085,35.248786],[128.869095,35.248696],[128.869113,35.248606],[128.869139,35.248517],[128.86917,35.248429],[128.869205,35.248342],[128.869251,35.248242],[128.869303,35.248144],[128.869361,35.248048],[128.869423,35.247954],[128.869506,35.247845],[128.869615,35.247713],[128.869888,35.247403],[128.870189,35.247063],[128.870335,35.246895],[128.870468,35.246734],[128.8706,35.246569],[128.870663,35.246484],[128.870722,35.246398],[128.870823,35.246231],[128.870917,35.246062],[128.871004,35.245889],[128.871083,35.245715],[128.871142,35.245569],[128.871195,35.245421],[128.871242,35.245272],[128.871283,35.245122],[128.871307,35.245018],[128.871327,35.244913],[128.871358,35.244702],[128.871402,35.244358],[128.871446,35.243961],[128.871535,35.243055],[128.871624,35.242084],[128.871713,35.241145],[128.871769,35.24045],[128.871831,35.239712],[128.871881,35.239061],[128.871895,35.238809],[128.871899,35.238628],[128.871892,35.238473],[128.871875,35.238293],[128.871826,35.23788],[128.871772,35.237435],[128.87175,35.237215],[128.871735,35.237005],[128.871723,35.236734],[128.871714,35.236439],[128.871708,35.236126],[128.871705,35.2358],[128.871707,35.235132],[128.87172,35.234479],[128.871727,35.234293],[128.871733,35.2342],[128.871743,35.234108],[128.871765,35.23398],[128.871792,35.233852],[128.871851,35.233598],[128.872371,35.231627],[128.872484,35.231247],[128.872542,35.231057],[128.872607,35.230869],[128.872665,35.230724],[128.872698,35.230652],[128.872733,35.230581],[128.872814,35.230434],[128.872901,35.230288],[128.873089,35.229994],[128.873281,35.2297],[128.873374,35.229552],[128.873463,35.229403],[128.873586,35.229192],[128.873709,35.22898],[128.873768,35.228873],[128.873823,35.228768],[128.873874,35.228663],[128.873919,35.22856],[128.873952,35.228476],[128.873981,35.22839],[128.874033,35.228218],[128.874077,35.228044],[128.874117,35.22787],[128.874144,35.227733],[128.874167,35.227587],[128.874208,35.227289],[128.874245,35.227019],[128.874265,35.226909],[128.874276,35.226863],[128.874288,35.226823],[128.874332,35.226705],[128.874387,35.226586],[128.874417,35.22653],[128.874448,35.226478],[128.874479,35.226433],[128.874495,35.226413],[128.87451,35.226395],[128.874526,35.226378],[128.874545,35.226361],[128.874587,35.226326],[128.874636,35.22629],[128.87469,35.226254],[128.874805,35.226184],[128.874921,35.226122],[128.874998,35.226086],[128.875077,35.226055],[128.875241,35.226001],[128.87542,35.225947],[128.8756,35.225897],[128.875783,35.225854],[128.875968,35.225818],[128.87612,35.225796],[128.876273,35.225779],[128.876428,35.225769],[128.876582,35.225766],[128.876604,35.225767],[128.876642,35.225769],[128.876764,35.225779],[128.877181,35.225815],[128.878623,35.225948],[128.883259,35.226389],[128.888933,35.226934],[128.894088,35.227427],[128.908011,35.228601],[128.910666,35.228775],[128.917542,35.22903],[128.918418,35.229057],[128.919368,35.229088],[128.92017,35.229111],[128.920445,35.229115],[128.920539,35.229114],[128.920573,35.229113],[128.920599,35.229111],[128.920685,35.229101],[128.920775,35.229087],[128.920866,35.229069],[128.920959,35.229048],[128.921147,35.229002],[128.921331,35.228954],[128.921463,35.228918],[128.921594,35.22888],[128.921724,35.228839],[128.921852,35.228794],[128.922018,35.228731],[128.922181,35.228664],[128.922341,35.228592],[128.922497,35.228514],[128.922679,35.228415],[128.922856,35.228309],[128.923027,35.228198],[128.923109,35.228139],[128.92319,35.228079],[128.923257,35.228025],[128.923322,35.22797],[128.923445,35.227855],[128.923564,35.227736],[128.923682,35.227617],[128.923984,35.227307],[128.92428,35.226993],[128.924568,35.226675],[128.924847,35.226351],[128.924991,35.226175],[128.92513,35.225996],[128.925264,35.225815],[128.925396,35.225633],[128.92562,35.225308],[128.925884,35.224913],[128.926457,35.224033],[128.926977,35.223233],[128.927174,35.222938],[128.927249,35.22283],[128.927306,35.222753],[128.927419,35.222615],[128.927538,35.222481],[128.927661,35.222349],[128.927789,35.22222],[128.927889,35.222123],[128.927993,35.222028],[128.928099,35.221935],[128.928208,35.221845],[128.928334,35.221748],[128.928467,35.221656],[128.928617,35.221561],[128.928771,35.22147],[128.928928,35.221381],[128.929086,35.221295],[128.9293,35.221183],[128.929516,35.221074],[128.929953,35.220862],[128.930392,35.220653],[128.93083,35.220443],[128.931366,35.220204],[128.931907,35.219961],[128.932439,35.219727],[128.932699,35.219618],[128.932952,35.219516],[128.933271,35.219397],[128.93371,35.21924],[128.934839,35.218849],[128.936117,35.218411],[128.93732,35.217997],[128.947446,35.214599],[128.9477,35.214519],[128.947954,35.214437],[128.948209,35.214358],[128.948337,35.214321],[128.948467,35.214287],[128.94861,35.214253],[128.948755,35.214223],[128.948901,35.214195],[128.949047,35.214171],[128.949189,35.214151],[128.949332,35.214135],[128.949618,35.214104],[128.953259,35.213752],[128.957228,35.213371],[128.960541,35.213049],[128.961644,35.212938],[128.962003,35.2129],[128.962213,35.212875],[128.962352,35.212856],[128.96242,35.212844],[128.962454,35.212836],[128.962487,35.212827],[128.96258,35.212797],[128.962671,35.212761],[128.962758,35.21272],[128.962799,35.212697],[128.962839,35.212672],[128.962873,35.212648],[128.962905,35.212622],[128.962966,35.212567],[128.963019,35.212508],[128.963067,35.212445],[128.963079,35.212426],[128.96309,35.212407],[128.963108,35.212368],[128.963137,35.212286],[128.963162,35.212204],[128.963182,35.212121],[128.963198,35.212038],[128.96321,35.211954],[128.963214,35.211879],[128.96322,35.211718],[128.963235,35.211164],[128.963276,35.209283],[128.963326,35.206674],[128.96338,35.203703],[128.963431,35.200735],[128.963473,35.198133],[128.963498,35.196263],[128.963503,35.195717],[128.963503,35.195561],[128.963502,35.195514],[128.963501,35.19549],[128.963487,35.195373],[128.963468,35.195256],[128.963439,35.195141],[128.963421,35.195085],[128.963399,35.195029],[128.963381,35.194993],[128.963355,35.194945],[128.963279,35.194824],[128.963063,35.1945],[128.962812,35.194128],[128.962692,35.193945],[128.962587,35.193776],[128.962503,35.193632],[128.962423,35.193487],[128.962264,35.193195],[128.961243,35.191131],[128.961079,35.190786],[128.960914,35.190442],[128.960752,35.190096],[128.960674,35.189922],[128.960599,35.189748],[128.960513,35.189537],[128.960431,35.189325],[128.960353,35.189111],[128.96028,35.188897],[128.960196,35.188634],[128.960116,35.188369],[128.959965,35.187839],[128.959819,35.187308],[128.959671,35.186777],[128.959597,35.186542],[128.959558,35.186425],[128.959515,35.186309],[128.959451,35.186158],[128.959414,35.186084],[128.959371,35.186012],[128.959332,35.185956],[128.959291,35.185902],[128.959201,35.185796],[128.959106,35.185694],[128.959006,35.185595],[128.958951,35.185544],[128.958894,35.185495],[128.958775,35.185401],[128.958619,35.185282],[128.958413,35.185128],[128.957879,35.184735],[128.956511,35.183745],[128.955112,35.182731],[128.954537,35.182309],[128.95412,35.181995],[128.953939,35.181856],[128.95376,35.181715],[128.953585,35.181571],[128.953501,35.181497],[128.953418,35.181421],[128.953309,35.18131],[128.953106,35.181095],[128.952467,35.180408],[128.951614,35.179483],[128.950656,35.17844],[128.949705,35.177399],[128.948871,35.176483],[128.948265,35.175811],[128.948082,35.175605],[128.948027,35.175541],[128.947998,35.175505],[128.947941,35.175424],[128.947888,35.17534],[128.947843,35.175254],[128.947805,35.175166],[128.947785,35.175103],[128.947771,35.175038],[128.947763,35.174973],[128.947759,35.174907],[128.947761,35.174847],[128.947769,35.174752],[128.947799,35.174472],[128.947842,35.174111],[128.947894,35.17371],[128.947949,35.173312],[128.948001,35.172959],[128.948044,35.172694],[128.948061,35.172607],[128.948067,35.172577],[128.948073,35.172558],[128.948089,35.172517],[128.948108,35.172476],[128.948154,35.172397],[128.948205,35.17232],[128.948258,35.172244],[128.94832,35.172159],[128.948385,35.172076],[128.948522,35.171913],[128.948663,35.171751],[128.948802,35.171589],[128.948858,35.171522],[128.948887,35.171489],[128.948918,35.171458],[128.948963,35.17142],[128.94901,35.171385],[128.949111,35.171319],[128.949197,35.171272],[128.949288,35.171231],[128.949448,35.171166],[128.949619,35.171099],[128.949796,35.171034],[128.949973,35.170971],[128.950144,35.170912],[128.950302,35.170861],[128.950442,35.17082],[128.950557,35.170789],[128.950668,35.170767],[128.950796,35.170747],[128.951086,35.170713],[128.951397,35.170676],[128.95155,35.170655],[128.951695,35.17063],[128.951798,35.17061],[128.9519,35.170588],[128.952001,35.170561],[128.952099,35.170529],[128.952203,35.170486],[128.952302,35.170436],[128.952398,35.170382],[128.952491,35.170324],[128.952571,35.170269],[128.952648,35.170211],[128.95272,35.170149],[128.952787,35.170084],[128.95286,35.17],[128.952926,35.169913],[128.952987,35.169822],[128.953046,35.169731],[128.95312,35.169608],[128.953237,35.169406],[128.953571,35.168812],[128.954468,35.167191],[128.955343,35.165611],[128.955647,35.16507],[128.955745,35.164902],[128.955777,35.164849],[128.955797,35.164818],[128.955907,35.164677],[128.956028,35.164542],[128.956157,35.164412],[128.956295,35.164289],[128.956332,35.164259],[128.956371,35.16423],[128.956412,35.164204],[128.956434,35.164192],[128.956456,35.164181],[128.956522,35.164152],[128.956593,35.164126],[128.956667,35.164101],[128.956745,35.164078],[128.956904,35.164036],[128.957063,35.164],[128.95715,35.163982],[128.957238,35.163966],[128.957326,35.163955],[128.95737,35.163952],[128.957415,35.163952],[128.957463,35.163954],[128.957511,35.163959],[128.957606,35.163974],[128.9577,35.163995],[128.957792,35.164019],[128.95786,35.16404],[128.957954,35.164072],[128.958204,35.164165],[128.958866,35.164421],[128.959561,35.16469],[128.959854,35.164799],[128.960075,35.164874],[128.960296,35.164939],[128.960519,35.164997],[128.960745,35.16505],[128.960971,35.1651],[128.961177,35.165143],[128.961384,35.165182],[128.961592,35.165218],[128.961801,35.16525],[128.962067,35.165284],[128.9622,35.165297],[128.962334,35.165306],[128.962643,35.165319],[128.962953,35.165325],[128.963263,35.165324],[128.963572,35.165315],[128.963794,35.165303],[128.964016,35.165285],[128.964237,35.165263],[128.964458,35.165239],[128.964806,35.165195],[128.965152,35.165145],[128.965844,35.165041],[128.97409,35.163774],[128.984317,35.162278],[128.984531,35.162251],[128.984638,35.162239],[128.984746,35.16223],[128.984964,35.16222],[128.985181,35.162216],[128.985399,35.162217],[128.985617,35.162225],[128.985826,35.16224],[128.986095,35.162266],[128.986753,35.162339],[128.987485,35.162425],[128.98818,35.162504]]}},{"type":"Feature","properties":{"r":"KR","g":"kr","col":"#bb8c00","n":"부산 도시철도 3호선","ct":"釜山","jk":"subway"},"geometry":{"type":"LineString","coordinates":[[129.114742,35.165362],[129.114854,35.16578],[129.11498,35.166216],[129.115079,35.166616],[129.115106,35.166787],[129.115112,35.166862],[129.115111,35.166929],[129.115104,35.167002],[129.115092,35.167076],[129.115075,35.167149],[129.115053,35.167221],[129.115025,35.167292],[129.114991,35.167361],[129.114951,35.167427],[129.114905,35.16749],[129.1149,35.167496],[129.114893,35.167503],[129.114874,35.167521],[129.114818,35.167568],[129.114636,35.167709],[129.114041,35.168143],[129.113225,35.168719],[129.112292,35.169365],[129.111348,35.17001],[129.110497,35.17058],[129.109845,35.171004],[129.109627,35.171138],[129.10955,35.171182],[129.10952,35.171198],[129.109497,35.171209],[129.109473,35.171219],[129.10944,35.171231],[129.109349,35.171261],[129.109079,35.171341],[129.10824,35.171571],[129.107115,35.171864],[129.105841,35.172188],[129.104553,35.172506],[129.103388,35.172786],[129.102482,35.172993],[129.102169,35.173059],[129.102054,35.173081],[129.101971,35.173094],[129.101824,35.17311],[129.101654,35.173122],[129.101253,35.173136],[129.100274,35.173141],[129.099193,35.173143],[129.098663,35.173154],[129.098165,35.173176],[129.097784,35.173207],[129.097405,35.173247],[129.096647,35.173333],[129.094074,35.173651],[129.091296,35.173988],[129.088929,35.174287],[129.088092,35.174405],[129.087794,35.174453],[129.087589,35.174493],[129.087437,35.174529],[129.087286,35.174571],[129.087212,35.174595],[129.087141,35.174622],[129.087071,35.174652],[129.087004,35.174686],[129.086955,35.174715],[129.086907,35.174746],[129.086862,35.17478],[129.086819,35.174815],[129.086778,35.174852],[129.086738,35.174891],[129.086666,35.174971],[129.086595,35.175062],[129.086532,35.175156],[129.086421,35.175352],[129.086227,35.175756],[129.085914,35.176438],[129.085522,35.177347],[129.084575,35.179638],[129.083531,35.182208],[129.082536,35.184639],[129.082461,35.184827],[129.082391,35.185017],[129.082312,35.185204],[129.082266,35.185295],[129.082212,35.185383],[129.082144,35.185476],[129.082068,35.185565],[129.081983,35.185648],[129.081892,35.185727],[129.081799,35.185798],[129.081703,35.185866],[129.0815,35.185993],[129.081288,35.18611],[129.08107,35.186219],[129.080723,35.186377],[129.080315,35.186548],[129.079861,35.186729],[129.079373,35.186913],[129.078348,35.187279],[129.077348,35.187612],[129.076965,35.187726],[129.076571,35.18783],[129.075771,35.188022],[129.074994,35.188213],[129.074628,35.188317],[129.074285,35.188431],[129.074094,35.188506],[129.073856,35.188609],[129.073262,35.188884],[129.071788,35.1896],[129.070274,35.190334],[129.069632,35.190632],[129.069134,35.190842],[129.068939,35.190912],[129.068839,35.190941],[129.068788,35.190953],[129.068737,35.190963],[129.06868,35.190972],[129.068622,35.190977],[129.068563,35.19098],[129.068503,35.190981],[129.068263,35.190975],[129.068144,35.190974],[129.068085,35.190975],[129.068028,35.190978],[129.067972,35.190983],[129.067916,35.190992],[129.067889,35.190997],[129.067863,35.191004],[129.067837,35.191011],[129.067811,35.19102],[129.067801,35.191024],[129.067791,35.191028],[129.067781,35.191033],[129.067772,35.191038],[129.067753,35.191049],[129.067736,35.191062],[129.06772,35.191075],[129.067705,35.191089],[129.067691,35.191104],[129.067679,35.19112],[129.067677,35.191123],[129.067674,35.191127],[129.067669,35.191136],[129.067656,35.191162],[129.067622,35.191242],[129.067522,35.191505],[129.067218,35.192377],[129.066814,35.19359],[129.066358,35.194996],[129.065896,35.196448],[129.065476,35.197799],[129.065145,35.198902],[129.064951,35.19961],[129.064871,35.199961],[129.064846,35.200138],[129.064839,35.200227],[129.064839,35.200316],[129.064848,35.200426],[129.064868,35.200536],[129.064897,35.200644],[129.064935,35.20075],[129.064991,35.200878],[129.065056,35.201003],[129.065202,35.201247],[129.065519,35.201728],[129.066016,35.202492],[129.066589,35.203343],[129.067794,35.205093],[129.068792,35.206548],[129.069107,35.20703],[129.069201,35.207186],[129.069229,35.20724],[129.069238,35.207261],[129.069241,35.207269],[129.069244,35.207277],[129.069257,35.207327],[129.069265,35.207377],[129.06927,35.207428],[129.069271,35.207479],[129.069267,35.207531],[129.06926,35.207581],[129.069247,35.207631],[129.069231,35.20768],[129.069207,35.207733],[129.069178,35.207785],[129.069145,35.207835],[129.069107,35.207884],[129.069066,35.20793],[129.069021,35.207975],[129.068973,35.208017],[129.068923,35.208056],[129.068867,35.208096],[129.068808,35.208134],[129.068686,35.208204],[129.068558,35.208266],[129.068425,35.208324],[129.068151,35.208427],[129.067874,35.208524],[129.067392,35.208681],[129.066721,35.20888],[129.065914,35.209109],[129.065024,35.209351],[129.064104,35.209594],[129.063209,35.209822],[129.06239,35.210021],[129.061703,35.210178],[129.061254,35.210266],[129.060537,35.210397],[129.058453,35.210761],[129.055753,35.211218],[129.052744,35.211719],[129.049729,35.212213],[129.047013,35.21265],[129.044902,35.212979],[129.044168,35.213088],[129.043699,35.213151],[129.043083,35.213216],[129.042774,35.213236],[129.042464,35.213239],[129.042286,35.213231],[129.042082,35.213216],[129.041613,35.213165],[129.040534,35.21302],[129.039478,35.212878],[129.039037,35.212831],[129.038852,35.212817],[129.038695,35.212812],[129.038543,35.212815],[129.038369,35.212823],[129.037967,35.212857],[129.037003,35.212966],[129.035944,35.213094],[129.035423,35.213151],[129.03493,35.213194],[129.034,35.213264],[129.033534,35.213285],[129.033301,35.213287],[129.033068,35.213281],[129.032703,35.213253],[129.032291,35.213203],[129.031371,35.213061],[129.030392,35.212909],[129.029906,35.212847],[129.029436,35.212803],[129.029051,35.212782],[129.028859,35.212782],[129.028667,35.212793],[129.02843,35.212822],[129.028195,35.212863],[129.02773,35.212967],[129.027266,35.213076],[129.027033,35.213124],[129.026797,35.213163],[129.026192,35.213237],[129.025585,35.213294],[129.024975,35.213334],[129.024364,35.213358],[129.02371,35.213366],[129.022902,35.213363],[129.021996,35.213349],[129.021046,35.213326],[129.020109,35.213297],[129.019239,35.213261],[129.018492,35.213222],[129.017924,35.21318],[129.017647,35.213149],[129.017371,35.213107],[129.016825,35.213005],[129.01639,35.212909],[129.015787,35.212767],[129.014183,35.21237],[129.010084,35.211324],[129.006139,35.210317],[129.004729,35.209969],[129.004252,35.209858],[129.004082,35.209821],[129.003962,35.209798],[129.003741,35.209763],[129.003519,35.209735],[129.003296,35.209719],[129.003184,35.209718],[129.003072,35.209721],[129.002961,35.20973],[129.002842,35.209746],[129.002588,35.209793],[129.00205,35.209923],[129.001543,35.210046],[129.00143,35.210069],[129.001326,35.210086],[129.001232,35.210097],[129.001188,35.2101],[129.001148,35.210101],[129.000991,35.210096],[129.00083,35.210083],[129.000668,35.210062],[129.000505,35.210033],[129.000344,35.209996],[129.000185,35.209953],[129.00003,35.209903],[128.99988,35.209847],[128.999742,35.209786],[128.99961,35.209716],[128.999483,35.20964],[128.99936,35.209558],[128.999125,35.209384],[128.998897,35.209204],[128.998744,35.209076],[128.998562,35.208912],[128.998132,35.208502],[128.997129,35.207502],[128.996176,35.206551],[128.99581,35.206202],[128.995669,35.206078],[128.995612,35.206032],[128.995564,35.205996],[128.995404,35.205893],[128.995235,35.205799],[128.995146,35.205757],[128.995056,35.205719],[128.994964,35.205684],[128.994869,35.205654],[128.99477,35.205628],[128.99467,35.205605],[128.994567,35.205588],[128.994464,35.205574],[128.99436,35.205564],[128.994256,35.205557],[128.994047,35.205555],[128.993967,35.205558],[128.993888,35.205565],[128.99373,35.205587],[128.993575,35.205619],[128.993422,35.205658],[128.993284,35.205702],[128.99315,35.205753],[128.99302,35.205811],[128.992894,35.205874],[128.992812,35.20592],[128.992705,35.205985],[128.992421,35.206166],[128.991629,35.206694],[128.989515,35.208141],[128.98742,35.209577],[128.98665,35.21009],[128.986381,35.21026],[128.986282,35.21032],[128.986209,35.21036],[128.985891,35.21051],[128.985562,35.210643],[128.985222,35.210759],[128.984875,35.210856],[128.984604,35.210918],[128.984329,35.210968],[128.983772,35.211046],[128.982651,35.211168],[128.980769,35.211385],[128.978437,35.211636],[128.972835,35.212208],[128.966678,35.212823],[128.960798,35.213416]]}},{"type":"Feature","properties":{"r":"KR","g":"kr","col":"#f06a00","n":"부산 도시철도 1호선","ct":"釜山","jk":"subway"},"geometry":{"type":"LineString","coordinates":[[128.96506,35.048396],[128.965814,35.048168],[128.9666,35.047923],[128.967321,35.047712],[128.967627,35.047635],[128.967761,35.047607],[128.96788,35.047587],[128.968112,35.047558],[128.96823,35.047548],[128.968347,35.047542],[128.968465,35.047541],[128.968582,35.047546],[128.968697,35.047558],[128.968754,35.047567],[128.968811,35.047578],[128.968845,35.047586],[128.968879,35.047595],[128.968944,35.047618],[128.969008,35.047644],[128.96907,35.047674],[128.96919,35.04774],[128.969305,35.04781],[128.969428,35.047887],[128.969547,35.047969],[128.969603,35.048013],[128.969655,35.04806],[128.969703,35.048109],[128.969725,35.048134],[128.969745,35.048161],[128.969755,35.048176],[128.969766,35.048195],[128.969792,35.048244],[128.969858,35.048388],[128.970035,35.048826],[128.970253,35.049408],[128.970488,35.050068],[128.970718,35.050739],[128.97092,35.051356],[128.97107,35.051853],[128.971118,35.052035],[128.971135,35.052107],[128.971145,35.052163],[128.971156,35.052256],[128.971161,35.05235],[128.971156,35.052538],[128.971119,35.052914],[128.971074,35.053254],[128.971012,35.053609],[128.970863,35.054326],[128.97073,35.054992],[128.970687,35.055283],[128.970675,35.055413],[128.97067,35.055533],[128.970678,35.055755],[128.970704,35.055977],[128.970747,35.056198],[128.970806,35.056415],[128.970859,35.056569],[128.970919,35.056721],[128.97106,35.057021],[128.971374,35.05761],[128.97168,35.058197],[128.971851,35.058483],[128.971948,35.05862],[128.972055,35.058752],[128.972165,35.058868],[128.972286,35.058976],[128.972417,35.059076],[128.972487,35.059122],[128.972559,35.059165],[128.972633,35.059205],[128.97271,35.059242],[128.972869,35.059307],[128.973202,35.059416],[128.973537,35.059523],[128.973699,35.059585],[128.973778,35.05962],[128.973854,35.059657],[128.973976,35.059725],[128.974092,35.059799],[128.974202,35.05988],[128.974305,35.059966],[128.97435,35.060008],[128.974392,35.060052],[128.974472,35.060142],[128.974618,35.060333],[128.974764,35.060522],[128.974844,35.060612],[128.974887,35.060656],[128.974933,35.060697],[128.975011,35.060761],[128.975093,35.060822],[128.975265,35.060937],[128.975628,35.061145],[128.975825,35.061245],[128.976027,35.061337],[128.976442,35.061508],[128.976854,35.061682],[128.977054,35.061778],[128.977246,35.061883],[128.977321,35.06193],[128.977394,35.06198],[128.977533,35.062086],[128.977796,35.062312],[128.977928,35.062425],[128.978064,35.062533],[128.978207,35.062634],[128.978282,35.06268],[128.978361,35.062723],[128.978425,35.062753],[128.978494,35.062781],[128.978567,35.062805],[128.978642,35.062828],[128.978954,35.062906],[128.979104,35.062942],[128.979241,35.06298],[128.979302,35.063001],[128.979358,35.063023],[128.979383,35.063035],[128.979406,35.063047],[128.979428,35.06306],[128.979447,35.063074],[128.979472,35.063094],[128.979495,35.063116],[128.979517,35.063139],[128.979537,35.063162],[128.979556,35.063187],[128.979574,35.063212],[128.979605,35.063266],[128.979632,35.063321],[128.979655,35.063377],[128.979691,35.063491],[128.979706,35.063557],[128.979716,35.063625],[128.979721,35.063695],[128.979723,35.063766],[128.979717,35.063912],[128.979703,35.064061],[128.979676,35.064362],[128.979673,35.064512],[128.979676,35.064586],[128.979684,35.064659],[128.979716,35.064827],[128.979762,35.064992],[128.979877,35.065321],[128.97999,35.065649],[128.980033,35.065815],[128.980049,35.065899],[128.980061,35.065983],[128.980077,35.066176],[128.980079,35.06637],[128.980072,35.066466],[128.98006,35.066562],[128.980042,35.066657],[128.980016,35.066751],[128.979982,35.066844],[128.97994,35.066934],[128.979892,35.067023],[128.979839,35.06711],[128.979721,35.06728],[128.979595,35.067446],[128.979454,35.067615],[128.979302,35.067778],[128.978979,35.068092],[128.978653,35.068405],[128.978498,35.068567],[128.978354,35.068734],[128.978219,35.068907],[128.978092,35.069085],[128.977977,35.069267],[128.977874,35.069454],[128.977729,35.069774],[128.977555,35.070202],[128.977367,35.0707],[128.977178,35.071226],[128.977003,35.071742],[128.976855,35.072206],[128.976748,35.07258],[128.976714,35.07272],[128.976703,35.072777],[128.976696,35.072823],[128.976685,35.072991],[128.976688,35.073164],[128.976726,35.073522],[128.976847,35.074248],[128.976928,35.074736],[128.977024,35.075232],[128.977238,35.076226],[128.977438,35.077193],[128.977517,35.077655],[128.977574,35.078096],[128.977596,35.078391],[128.977603,35.078686],[128.977594,35.079277],[128.977571,35.079673],[128.977533,35.080068],[128.977496,35.080464],[128.977474,35.08086],[128.977472,35.081277],[128.977483,35.081694],[128.977513,35.082528],[128.977645,35.084514],[128.977797,35.086685],[128.977909,35.088486],[128.977931,35.089074],[128.97793,35.089259],[128.977926,35.089321],[128.977923,35.089344],[128.977922,35.089353],[128.97792,35.089361],[128.977912,35.089389],[128.977902,35.089418],[128.977889,35.089446],[128.977875,35.089473],[128.977858,35.0895],[128.977849,35.089512],[128.977839,35.089524],[128.977828,35.089536],[128.977816,35.089547],[128.977804,35.089557],[128.977791,35.089567],[128.977771,35.08958],[128.97775,35.089592],[128.977728,35.089602],[128.977705,35.089611],[128.977681,35.089619],[128.977657,35.089626],[128.977606,35.089638],[128.977502,35.089656],[128.977399,35.089672],[128.977112,35.089715],[128.976824,35.089749],[128.976242,35.089794],[128.975075,35.089851],[128.972996,35.089952],[128.970915,35.090029],[128.968833,35.090085],[128.966751,35.090122],[128.966176,35.090124],[128.965544,35.090116],[128.964246,35.09009],[128.963129,35.090075],[128.962724,35.090081],[128.962575,35.09009],[128.962516,35.090095],[128.962467,35.090102],[128.962373,35.09012],[128.96228,35.090143],[128.962188,35.09017],[128.962098,35.090201],[128.96201,35.090236],[128.961924,35.090273],[128.961759,35.090357],[128.96167,35.090409],[128.961584,35.090464],[128.961501,35.090523],[128.961421,35.090585],[128.961272,35.090717],[128.961135,35.090857],[128.961052,35.090956],[128.960978,35.09106],[128.960945,35.091113],[128.960916,35.091168],[128.96089,35.091224],[128.960868,35.091281],[128.960845,35.091354],[128.960826,35.091428],[128.960799,35.091579],[128.960782,35.091734],[128.960773,35.091891],[128.960767,35.092209],[128.960759,35.092524],[128.960717,35.093581],[128.960698,35.094639],[128.960672,35.096754],[128.960693,35.098193],[128.960705,35.099678],[128.960734,35.10107],[128.960762,35.101687],[128.960803,35.102228],[128.960865,35.102801],[128.960945,35.103388],[128.960994,35.103672],[128.961049,35.10394],[128.96111,35.104187],[128.961178,35.104405],[128.961284,35.104668],[128.961412,35.104925],[128.961563,35.105173],[128.961736,35.105411],[128.96186,35.105558],[128.961997,35.105699],[128.96207,35.105765],[128.962148,35.105828],[128.962229,35.105887],[128.962315,35.105942],[128.962399,35.105989],[128.962487,35.106033],[128.962578,35.106072],[128.962672,35.106108],[128.962767,35.10614],[128.962865,35.106168],[128.962963,35.106191],[128.963063,35.106211],[128.963161,35.106225],[128.963274,35.106237],[128.963543,35.106253],[128.963856,35.106261],[128.9642,35.106263],[128.964927,35.106251],[128.965618,35.106231],[128.966066,35.106218],[128.966514,35.106201],[128.96696,35.106166],[128.967181,35.106139],[128.9674,35.106103],[128.967699,35.106039],[128.967993,35.105958],[128.968279,35.105861],[128.968554,35.105746],[128.96866,35.105694],[128.968764,35.105637],[128.968968,35.105511],[128.969372,35.105225],[128.969783,35.104934],[128.969997,35.104801],[128.970107,35.104739],[128.97022,35.104682],[128.97029,35.104651],[128.97038,35.104614],[128.970616,35.104525],[128.971277,35.104295],[128.973096,35.103694],[128.975085,35.103036],[128.975957,35.102733],[128.976649,35.102474],[128.977032,35.102312],[128.9774,35.102129],[128.977683,35.101966],[128.977957,35.101793],[128.97849,35.10143],[128.979025,35.10107],[128.979301,35.100899],[128.979586,35.100739],[128.979803,35.100629],[128.980025,35.100527],[128.980253,35.100434],[128.980488,35.100353],[128.980681,35.100299],[128.980959,35.100229],[128.981722,35.100052],[128.982678,35.099844],[128.983725,35.099625],[128.984763,35.099415],[128.985693,35.099235],[128.986415,35.099106],[128.986666,35.099067],[128.986758,35.099055],[128.986827,35.099048],[128.986958,35.099043],[128.987123,35.099041],[128.987538,35.09905],[128.988033,35.099071],[128.988572,35.099103],[128.989116,35.099142],[128.989628,35.099187],[128.990072,35.099235],[128.990408,35.099284],[128.990548,35.099312],[128.990696,35.099346],[128.991013,35.099432],[128.991711,35.099652],[128.99245,35.099891],[128.992818,35.100003],[128.993177,35.100101],[128.993308,35.100131],[128.993441,35.100157],[128.993709,35.100204],[128.993975,35.100254],[128.994106,35.100286],[128.994234,35.100324],[128.994547,35.100441],[128.994956,35.100613],[128.995438,35.100829],[128.995971,35.101076],[128.997095,35.101618],[128.998147,35.102144],[128.998634,35.102398],[128.999117,35.102658],[129.000071,35.103192],[129.001018,35.103734],[129.001969,35.104272],[129.003911,35.105411],[129.00601,35.106634],[129.007794,35.107688],[129.008419,35.108073],[129.008639,35.108216],[129.008788,35.10832],[129.008975,35.108473],[129.009151,35.108634],[129.009482,35.108972],[129.009806,35.109316],[129.009974,35.109483],[129.01015,35.109645],[129.010616,35.110042],[129.010861,35.11023],[129.011121,35.110404],[129.01141,35.110568],[129.011712,35.110716],[129.012022,35.110853],[129.012336,35.110984],[129.012915,35.111218],[129.013521,35.11145],[129.013816,35.111554],[129.014095,35.111645],[129.014351,35.111719],[129.014468,35.111748],[129.014576,35.111771],[129.014863,35.111817],[129.015008,35.111832],[129.015154,35.111843],[129.0153,35.111848],[129.015447,35.111847],[129.015592,35.11184],[129.015737,35.111827],[129.015846,35.111812],[129.015954,35.111793],[129.016061,35.11177],[129.016167,35.111742],[129.016271,35.11171],[129.016372,35.111674],[129.016471,35.111633],[129.016567,35.111589],[129.016675,35.111532],[129.01678,35.11147],[129.016881,35.111404],[129.016978,35.111334],[129.01707,35.11126],[129.017158,35.111182],[129.017242,35.111101],[129.017321,35.111018],[129.017351,35.110984],[129.01738,35.110946],[129.017441,35.11086],[129.017566,35.110655],[129.017826,35.110163],[129.018096,35.109655],[129.018232,35.109431],[129.0183,35.109333],[129.018368,35.109246],[129.018446,35.109161],[129.01854,35.109068],[129.018771,35.108865],[129.019316,35.108427],[129.019822,35.108023],[129.020003,35.107863],[129.020037,35.107829],[129.020066,35.107798],[129.020089,35.10777],[129.020098,35.107757],[129.020106,35.107745],[129.020122,35.107717],[129.020136,35.107689],[129.020148,35.10766],[129.020158,35.107631],[129.020174,35.107571],[129.020186,35.107509],[129.020199,35.107385],[129.020207,35.107261],[129.02021,35.107177],[129.020209,35.10706],[129.020197,35.10674],[129.020141,35.105812],[129.01995,35.103292],[129.019763,35.100816],[129.01971,35.099943],[129.0197,35.099659],[129.019701,35.099563],[129.019702,35.099527],[129.019705,35.0995],[129.019719,35.09942],[129.019737,35.099341],[129.019786,35.099185],[129.019848,35.099031],[129.01992,35.098881],[129.020023,35.098696],[129.02014,35.098515],[129.02027,35.098341],[129.02041,35.098172],[129.020733,35.097821],[129.021077,35.097483],[129.021446,35.097163],[129.021639,35.097011],[129.021839,35.096865],[129.021958,35.096784],[129.022082,35.096707],[129.022147,35.096672],[129.022214,35.096641],[129.022283,35.096613],[129.022318,35.096601],[129.022354,35.09659],[129.022429,35.096571],[129.022513,35.096553],[129.022701,35.096521],[129.022913,35.096495],[129.023139,35.096476],[129.023374,35.096464],[129.023609,35.096459],[129.023839,35.096462],[129.024055,35.096474],[129.024128,35.096482],[129.024201,35.096492],[129.024274,35.096506],[129.024345,35.096523],[129.024487,35.096561],[129.024626,35.096604],[129.024738,35.096643],[129.024847,35.096688],[129.025061,35.096785],[129.025274,35.096883],[129.025383,35.096929],[129.025494,35.096969],[129.025996,35.097122],[129.026685,35.097315],[129.027489,35.097528],[129.028335,35.097744],[129.029148,35.097944],[129.029857,35.09811],[129.030386,35.098223],[129.030561,35.098254],[129.030622,35.098262],[129.030646,35.098264],[129.030655,35.098265],[129.030664,35.098265],[129.030681,35.098265],[129.030699,35.098264],[129.030739,35.09826],[129.030785,35.098254],[129.030836,35.098245],[129.030951,35.098221],[129.031084,35.09819],[129.031741,35.098011],[129.032497,35.097807],[129.03287,35.097718],[129.033215,35.097651],[129.033342,35.097631],[129.033471,35.097614],[129.033535,35.097608],[129.033599,35.097605],[129.033664,35.097604],[129.033728,35.097607],[129.033916,35.097628],[129.034109,35.09766],[129.034304,35.097701],[129.034501,35.09775],[129.034895,35.097865],[129.035279,35.097987],[129.035418,35.098034],[129.035452,35.098048],[129.035485,35.098062],[129.035517,35.098078],[129.035547,35.098096],[129.035593,35.098128],[129.035637,35.098162],[129.035678,35.098198],[129.035717,35.098236],[129.035866,35.098394],[129.036248,35.098773],[129.036338,35.09887],[129.036423,35.098971],[129.036499,35.099075],[129.036533,35.099129],[129.036565,35.099184],[129.036583,35.099221],[129.036598,35.099258],[129.036611,35.099297],[129.036621,35.099336],[129.036635,35.099415],[129.036645,35.099494],[129.036649,35.099567],[129.03665,35.099667],[129.036644,35.099942],[129.036603,35.10074],[129.036452,35.102933],[129.036298,35.105175],[129.036254,35.106032],[129.036245,35.106346],[129.036248,35.106564],[129.036266,35.106796],[129.036297,35.107028],[129.036341,35.107258],[129.036401,35.107485],[129.036482,35.107722],[129.036577,35.107956],[129.036795,35.108417],[129.037024,35.108875],[129.037134,35.109105],[129.037235,35.109338],[129.037445,35.109882],[129.037642,35.11043],[129.037838,35.110979],[129.038048,35.111523],[129.038424,35.112425],[129.038813,35.113323],[129.039222,35.114215],[129.039657,35.115099],[129.039867,35.115499],[129.040086,35.115895],[129.040541,35.116682],[129.041007,35.117465],[129.041468,35.11825],[129.042492,35.120171],[129.043594,35.122255],[129.044541,35.124014],[129.044883,35.12462],[129.045009,35.124828],[129.045058,35.124905],[129.045099,35.124963],[129.045124,35.124994],[129.045165,35.12504],[129.045287,35.125173],[129.045688,35.125594],[129.047009,35.126945],[129.048823,35.128776],[129.050888,35.130848],[129.052965,35.132919],[129.054814,35.134751],[129.056196,35.136103],[129.056636,35.136524],[129.05678,35.136658],[129.056869,35.136735],[129.057046,35.136867],[129.057232,35.13699],[129.057621,35.137222],[129.058011,35.137453],[129.058199,35.137575],[129.058378,35.137705],[129.05859,35.137873],[129.058793,35.138048],[129.058983,35.138233],[129.05907,35.13833],[129.059151,35.13843],[129.059178,35.138468],[129.059203,35.138506],[129.059248,35.138586],[129.059286,35.138668],[129.059316,35.138752],[129.059337,35.138825],[129.059353,35.138898],[129.059376,35.139046],[129.0594,35.139345],[129.059409,35.139738],[129.059408,35.140418],[129.059382,35.142473],[129.059271,35.1482],[129.059161,35.153869],[129.059136,35.155851],[129.059136,35.156484],[129.05914,35.156692],[129.059146,35.156822],[129.059172,35.157081],[129.05921,35.157339],[129.059265,35.157595],[129.059301,35.157721],[129.059344,35.157846],[129.059368,35.157904],[129.059395,35.157961],[129.059457,35.158073],[129.059599,35.158289],[129.059864,35.158654],[129.060171,35.159048],[129.060871,35.159896],[129.061622,35.16078],[129.062347,35.161646],[129.068262,35.169323],[129.072562,35.174589],[129.074736,35.177314],[129.076968,35.1801],[129.079083,35.182764],[129.08004,35.183994],[129.080902,35.185125],[129.081144,35.185439],[129.081258,35.1856],[129.081311,35.185682],[129.081358,35.185766],[129.081395,35.18584],[129.081426,35.185915],[129.081451,35.185992],[129.081461,35.186031],[129.081468,35.18607],[129.081477,35.186152],[129.081481,35.186235],[129.081474,35.1864],[129.081431,35.18673],[129.081344,35.18718],[129.081207,35.187749],[129.080837,35.189139],[129.080424,35.190678],[129.080234,35.191436],[129.080072,35.192149],[129.079971,35.192659],[129.079929,35.192914],[129.079898,35.193171],[129.079877,35.193451],[129.079865,35.193731],[129.079864,35.194011],[129.079873,35.194291],[129.079905,35.194607],[129.079954,35.194923],[129.080001,35.195238],[129.080015,35.195397],[129.080021,35.195555],[129.08001,35.195824],[129.079982,35.196093],[129.079896,35.196628],[129.079763,35.197277],[129.079584,35.198026],[129.079162,35.199644],[129.078772,35.201129],[129.078634,35.201711],[129.078587,35.201943],[129.078557,35.202127],[129.078538,35.202343],[129.078519,35.202664],[129.078487,35.203559],[129.078461,35.204694],[129.078444,35.20595],[129.078435,35.207207],[129.078437,35.208348],[129.078451,35.209251],[129.078477,35.2098],[129.07851,35.210048],[129.078556,35.210295],[129.078616,35.21054],[129.078686,35.210783],[129.078791,35.211077],[129.078854,35.211222],[129.078925,35.211364],[129.07912,35.211716],[129.079351,35.212107],[129.079609,35.212523],[129.079883,35.212947],[129.080162,35.213364],[129.080437,35.213759],[129.080698,35.214115],[129.080933,35.214418],[129.081106,35.214622],[129.081291,35.21482],[129.081487,35.21501],[129.081695,35.215191],[129.081861,35.215318],[129.082035,35.215436],[129.082399,35.21566],[129.082764,35.215883],[129.08294,35.216],[129.083109,35.216124],[129.083269,35.216255],[129.083421,35.216393],[129.083707,35.216681],[129.084012,35.217017],[129.084314,35.217363],[129.08461,35.217715],[129.084899,35.218072],[129.085178,35.21843],[129.085445,35.218788],[129.0857,35.219143],[129.085939,35.219492],[129.0862,35.219901],[129.086507,35.220413],[129.086845,35.220998],[129.087195,35.221624],[129.087539,35.222257],[129.08786,35.222866],[129.08814,35.22342],[129.088361,35.223885],[129.08854,35.224297],[129.088703,35.224714],[129.088846,35.225135],[129.088965,35.225561],[129.089047,35.225927],[129.089127,35.226342],[129.089202,35.226789],[129.089269,35.22725],[129.089327,35.227707],[129.089373,35.228142],[129.089404,35.228538],[129.089418,35.228878],[129.089409,35.229191],[129.089379,35.229518],[129.089281,35.230189],[129.089184,35.230851],[129.089154,35.231167],[129.089147,35.231466],[129.089165,35.231754],[129.089202,35.232042],[129.089309,35.232616],[129.089422,35.233191],[129.089466,35.233479],[129.089494,35.233768],[129.089499,35.234047],[129.08948,35.234325],[129.089437,35.234615],[129.089406,35.234759],[129.089367,35.234901],[129.089246,35.235257],[129.089101,35.23562],[129.088775,35.236347],[129.088466,35.237034],[129.088342,35.237347],[129.088251,35.237631],[129.088186,35.237915],[129.088141,35.238202],[129.088114,35.238491],[129.088105,35.23878],[129.088115,35.239089],[129.088145,35.239398],[129.088192,35.239705],[129.088253,35.240011],[129.088347,35.240377],[129.088409,35.240556],[129.088486,35.240732],[129.088589,35.240921],[129.088707,35.241105],[129.088836,35.241284],[129.088975,35.241458],[129.089146,35.241651],[129.08933,35.241836],[129.089718,35.242194],[129.090104,35.242553],[129.090284,35.24274],[129.090451,35.242935],[129.090556,35.243078],[129.090652,35.243226],[129.090737,35.243378],[129.090815,35.243533],[129.09088,35.243679],[129.090937,35.243828],[129.090984,35.243979],[129.091022,35.244131],[129.091057,35.24435],[129.091102,35.24471],[129.091212,35.245775],[129.09134,35.247168],[129.091473,35.24873],[129.091598,35.250304],[129.091701,35.251731],[129.09177,35.252853],[129.091788,35.25325],[129.091792,35.253512],[129.091773,35.253899],[129.091732,35.254306],[129.091612,35.255164],[129.091485,35.256048],[129.091435,35.256488],[129.091403,35.256921],[129.091373,35.257812],[129.091368,35.258727],[129.091378,35.259171],[129.091396,35.259596],[129.091423,35.259993],[129.09146,35.260354],[129.091525,35.260744],[129.091628,35.261223],[129.09191,35.262363],[129.092229,35.263613],[129.092377,35.264228],[129.092505,35.264811],[129.092684,35.265677],[129.092759,35.266112],[129.09281,35.266549],[129.092822,35.266803],[129.092827,35.267161],[129.092819,35.268129],[129.092762,35.270658],[129.092706,35.273183],[129.092698,35.274146],[129.092703,35.2745],[129.092715,35.27475],[129.092769,35.275222],[129.092848,35.275691],[129.092945,35.276159],[129.093052,35.276625],[129.093123,35.276901],[129.093202,35.277175],[129.093375,35.27772],[129.093547,35.278266],[129.093626,35.27854],[129.093696,35.278816],[129.093779,35.279252],[129.093842,35.279692],[129.093908,35.280131],[129.093948,35.280349],[129.093998,35.280566],[129.094113,35.280984],[129.094241,35.281399],[129.094527,35.282224],[129.094828,35.283045],[129.095122,35.283868]]}},{"type":"Feature","properties":{"r":"KR","g":"kr","col":"#0083eb","n":"수도권 전철 1호선","ct":"首尔","jk":"subway"},"geometry":{"type":"MultiLineString","coordinates":[[[126.898055,37.446775],[126.898198,37.446197],[126.898346,37.445619],[126.898483,37.44504],[126.898542,37.44475],[126.898592,37.444458],[126.898645,37.444029],[126.898658,37.443813],[126.898659,37.443598],[126.898638,37.443208],[126.898597,37.442818],[126.898538,37.44243],[126.898462,37.442044],[126.898379,37.44169],[126.898281,37.441339],[126.898167,37.440991],[126.898033,37.440647],[126.897908,37.440384],[126.897681,37.439943],[126.896967,37.438604],[126.894784,37.434607],[126.892155,37.429827],[126.889749,37.425438],[126.888258,37.422494]],[[127.049358,36.776218],[127.039653,36.77224],[127.038944,36.771959],[127.038229,36.771667],[127.037526,36.771397],[127.037183,36.771279],[127.03685,36.771178],[127.036425,36.771071],[127.035994,36.770982],[127.035557,36.770911],[127.035116,36.770859],[127.034588,36.770818],[127.034057,36.770798],[127.033527,36.770803],[127.032998,36.770834],[127.032433,36.770898],[127.031872,36.770989],[127.03132,36.771107],[127.030777,36.77125],[127.03046,36.771348],[127.030125,36.771465],[127.029778,36.771596],[127.029423,36.771738],[127.028705,36.772041],[127.028007,36.772348],[127.027565,36.772551],[127.02697,36.772835],[127.025416,36.773597],[127.021482,36.775559],[127.017656,36.777468],[127.016237,36.778163],[127.01573,36.778404],[127.015389,36.778557],[127.015097,36.778676],[127.014801,36.778788],[127.0145,36.778891],[127.014194,36.778983],[127.013991,36.779035],[127.013786,36.77908],[127.01337,36.779154],[127.012715,36.779248],[127.012024,36.77933],[127.010567,36.779476],[127.009067,36.77962],[127.008323,36.779702],[127.007594,36.779794],[127.005481,36.780101],[127.003242,36.780455],[127.002199,36.780629],[127.001274,36.780792],[127.000515,36.780934],[126.999974,36.78105],[126.999667,36.781131],[126.999365,36.781223],[126.998771,36.78143],[126.998333,36.7816],[126.997888,36.781788],[126.997002,36.782186],[126.996157,36.782561],[126.995764,36.782721],[126.995399,36.782851],[126.995082,36.782947],[126.99476,36.783031],[126.994432,36.783101],[126.994101,36.783156],[126.993666,36.783204],[126.993062,36.783253],[126.992328,36.7833],[126.991504,36.783344],[126.989736,36.783422],[126.988071,36.783477],[126.987477,36.783493],[126.986882,36.783503],[126.986287,36.783501],[126.985694,36.783477],[126.985248,36.783444],[126.984803,36.783397],[126.984362,36.783335],[126.983926,36.783254],[126.983592,36.783179],[126.98326,36.783095],[126.982605,36.782908],[126.981962,36.782697],[126.981329,36.782466],[126.980992,36.782325],[126.980414,36.782068],[126.978634,36.781254],[126.973277,36.778764],[126.966855,36.775761],[126.960965,36.773015],[126.959938,36.772573],[126.959422,36.772355],[126.958899,36.772149],[126.95838,36.77196],[126.957857,36.771778],[126.956802,36.771431],[126.955742,36.771093],[126.954685,36.77075]],[[127.035217,37.202963],[127.035538,37.202495],[127.035704,37.202263],[127.035887,37.202041],[127.035988,37.201937],[127.036096,37.201838],[127.036322,37.201647],[127.036697,37.20133],[127.036892,37.201178],[127.037099,37.201037],[127.037346,37.200893],[127.037603,37.20076],[127.037868,37.200637],[127.038138,37.200521],[127.038525,37.200373],[127.038924,37.200249],[127.039418,37.200125],[127.039948,37.200011],[127.041041,37.199804],[127.042048,37.199616],[127.04247,37.199524],[127.042653,37.199478],[127.042813,37.199432],[127.04293,37.199393],[127.043046,37.199349],[127.043272,37.199253],[127.043711,37.199039],[127.044151,37.198829],[127.044376,37.198737],[127.04449,37.198697],[127.044607,37.198661],[127.044698,37.198637],[127.044791,37.198616],[127.044978,37.198582],[127.04536,37.198534],[127.045744,37.198491],[127.045934,37.198463],[127.046121,37.198426],[127.046268,37.19839],[127.046413,37.198349],[127.046555,37.198303],[127.046694,37.19825],[127.047004,37.198112],[127.047307,37.19796],[127.047902,37.197627],[127.048499,37.197288],[127.048805,37.197128],[127.049117,37.19698],[127.049311,37.196899],[127.049509,37.196825],[127.049911,37.196686],[127.050314,37.196549],[127.050707,37.196396],[127.051022,37.196251],[127.051329,37.196095],[127.05194,37.195778]],[[127.057478,36.779528],[127.05943,36.780334],[127.060409,36.780733],[127.061397,36.781117],[127.062318,36.781448],[127.063249,36.78176],[127.065426,36.782454],[127.068585,36.78344],[127.072358,36.784605],[127.076379,36.785839],[127.08028,36.787028],[127.083696,36.78806],[127.086258,36.788823],[127.087105,36.789069],[127.087601,36.789206],[127.08848,36.789413],[127.089368,36.789597],[127.090261,36.789766],[127.091156,36.789926],[127.092503,36.790149],[127.093855,36.790352],[127.09521,36.790547],[127.096563,36.790746],[127.099226,36.791246]],[[126.617018,37.476416],[126.617072,37.476801],[126.617122,37.477186],[126.617181,37.47757],[126.617266,37.47795],[126.617344,37.478187],[126.617446,37.478419],[126.617588,37.478677],[126.61767,37.478801],[126.617762,37.478921],[126.618028,37.479224],[126.618316,37.479515],[126.618627,37.47979],[126.618792,37.47992],[126.618964,37.480044],[126.619065,37.48011],[126.61917,37.480173],[126.619388,37.480288],[126.619616,37.480393],[126.61985,37.480488],[126.620363,37.480673],[126.62089,37.480835],[126.621426,37.480977],[126.621968,37.481102],[126.622227,37.481154],[126.622488,37.481199],[126.622752,37.481232],[126.623017,37.481252],[126.623291,37.481257],[126.623566,37.481248],[126.62384,37.481227],[126.624112,37.481195],[126.624281,37.481168],[126.624448,37.481134],[126.624612,37.481093],[126.624773,37.481045],[126.625052,37.480946],[126.625323,37.480835],[126.625587,37.480713],[126.625843,37.480581],[126.626199,37.480377],[126.62663,37.480112],[126.627114,37.479803],[126.627629,37.479463],[126.628151,37.479108],[126.628657,37.478754],[126.629127,37.478415],[126.629536,37.478106],[126.629757,37.477926],[126.630043,37.477681],[126.630776,37.477026],[126.63267,37.475292],[126.634705,37.473431],[126.635615,37.472618],[126.636368,37.471971],[126.636769,37.471642],[126.636978,37.471485],[126.637197,37.471337],[126.637396,37.471219],[126.637687,37.471058],[126.638492,37.470628],[126.639512,37.470099],[126.640643,37.469522],[126.641786,37.468948],[126.642839,37.468429],[126.6437,37.468015],[126.644268,37.467759],[126.644795,37.467552],[126.645334,37.467364],[126.645882,37.467194],[126.646438,37.467042],[126.646752,37.466968],[126.647071,37.466905],[126.647392,37.466851],[126.647715,37.466807],[126.647977,37.46678],[126.648241,37.466761],[126.64877,37.466738],[126.649946,37.466719],[126.651544,37.466716],[126.655393,37.46674],[126.65909,37.466764],[126.6605,37.466761],[126.661028,37.466754],[126.661412,37.466742],[126.66181,37.466716],[126.66238,37.46667],[126.663963,37.466526],[126.668406,37.466087],[126.673607,37.465559],[126.678429,37.465075],[126.680707,37.464881],[126.683111,37.46467],[126.685263,37.464494],[126.686126,37.464436],[126.686785,37.464406],[126.687427,37.464403],[126.688246,37.464418],[126.69025,37.464484],[126.692471,37.464573],[126.694584,37.46465],[126.695728,37.464712],[126.696909,37.464769],[126.698017,37.464836],[126.69851,37.464878],[126.698945,37.464929],[126.699197,37.464967],[126.699447,37.465014],[126.699693,37.465071],[126.699933,37.465143],[126.700245,37.465259],[126.700547,37.465391],[126.700838,37.465539],[126.701115,37.465701],[126.701313,37.465835],[126.701499,37.465981],[126.701674,37.466134],[126.701842,37.466293],[126.701946,37.466399],[126.702045,37.466509],[126.702136,37.466623],[126.70222,37.46674],[126.702353,37.466951],[126.702474,37.467167],[126.702578,37.467388],[126.702662,37.467614],[126.702727,37.467843],[126.70278,37.468088],[126.702825,37.468345],[126.702861,37.468611],[126.702919,37.469154],[126.702967,37.469688],[126.703002,37.470141],[126.703026,37.470594],[126.703054,37.471501],[126.703069,37.472409],[126.70309,37.473316],[126.703172,37.474673],[126.703245,37.476046],[126.703336,37.477388],[126.703395,37.478033],[126.703468,37.478652],[126.703525,37.479051],[126.703566,37.479249],[126.703624,37.479444],[126.70372,37.479688],[126.703834,37.479928],[126.703967,37.480162],[126.704118,37.480388],[126.704189,37.48048],[126.704265,37.480569],[126.704428,37.480742],[126.704779,37.481073],[126.705093,37.481352],[126.705419,37.481622],[126.706077,37.482158],[126.706778,37.482709],[126.707475,37.483264],[126.70818,37.483812],[126.708539,37.48408],[126.708904,37.484343],[126.709668,37.484867],[126.710666,37.485532],[126.711807,37.486279],[126.712996,37.487047],[126.714141,37.487777],[126.715147,37.488409],[126.715922,37.488882],[126.716193,37.48904],[126.716372,37.489137],[126.716661,37.48927],[126.71696,37.48939],[126.717268,37.489493],[126.717585,37.489577],[126.717779,37.489618],[126.717976,37.489652],[126.718374,37.489702],[126.718776,37.489732],[126.719178,37.489745],[126.719375,37.489743],[126.719628,37.489732],[126.720277,37.48969],[126.721989,37.489547],[126.723947,37.489379],[126.724904,37.489306],[126.725785,37.48925],[126.726467,37.48922],[126.72715,37.489198],[126.728516,37.489161],[126.746939,37.487999],[126.753913,37.487456],[126.755545,37.487383],[126.757207,37.487317],[126.75881,37.487238],[126.75956,37.487189],[126.760262,37.48713],[126.761186,37.487023],[126.762543,37.486842],[126.766158,37.486328],[126.770306,37.485723],[126.774187,37.485164],[126.779834,37.484479],[126.783149,37.483952],[126.786698,37.483382],[126.78978,37.482899],[126.790928,37.482731],[126.791698,37.482635],[126.791977,37.482612],[126.792257,37.482597],[126.792819,37.482584],[126.793498,37.482588],[126.794176,37.482607],[126.795533,37.48267],[126.796889,37.482731],[126.797567,37.482748],[126.798246,37.48275],[126.798912,37.482729],[126.799575,37.482679],[126.799807,37.482652],[126.800038,37.482619],[126.800497,37.482543],[126.800957,37.48247],[126.801188,37.482441],[126.801421,37.48242],[126.801841,37.482397],[126.802262,37.482387],[126.802683,37.482396],[126.803101,37.482429],[126.80331,37.482457],[126.803517,37.482492],[126.803927,37.482581],[126.804333,37.482685],[126.804735,37.482795],[126.80549,37.483011],[126.806444,37.483299],[126.80754,37.483642],[126.808726,37.484022],[126.809944,37.48442],[126.811142,37.48482],[126.812262,37.485203],[126.813252,37.485552],[126.813807,37.48576],[126.814349,37.485987],[126.814945,37.486267],[126.815235,37.486417],[126.815516,37.486577],[126.815698,37.486694],[126.815872,37.486818],[126.816211,37.487074],[126.816971,37.487663],[126.817801,37.488328],[126.819489,37.48971],[126.820921,37.490882],[126.82143,37.491283],[126.821614,37.491418],[126.821685,37.491467],[126.821742,37.491503],[126.82187,37.491573],[126.822002,37.491639],[126.822276,37.491756],[126.82256,37.491862],[126.822846,37.491961],[126.823623,37.492215],[126.824417,37.492449],[126.824815,37.492556],[126.825212,37.492655],[126.825606,37.492745],[126.825995,37.492824],[126.826233,37.492864],[126.826473,37.492894],[126.826957,37.492933],[126.827307,37.492948],[126.827772,37.49296],[126.828985,37.492973],[126.832125,37.492977],[126.835407,37.492982],[126.836798,37.492996],[126.837863,37.493025],[126.83849,37.49306],[126.838803,37.493087],[126.839114,37.493123],[126.839566,37.493189],[126.840016,37.493263],[126.840911,37.493433],[126.841801,37.493618],[126.84269,37.493808],[126.84356,37.493998],[126.844426,37.494199],[126.846152,37.494617],[126.84788,37.49503],[126.848748,37.495224],[126.849621,37.495405],[126.850191,37.495521],[126.850779,37.495636],[126.851066,37.495686],[126.851338,37.495727],[126.851592,37.495756],[126.851709,37.495764],[126.85182,37.495769],[126.852041,37.495767],[126.852276,37.495753],[126.852521,37.495729],[126.852773,37.495698],[126.853285,37.495619],[126.853785,37.495533],[126.85416,37.495463],[126.854533,37.495386],[126.855274,37.495215],[126.856012,37.495034],[126.856751,37.494858],[126.858203,37.494567],[126.859727,37.494254],[126.861106,37.493984],[126.861674,37.493886],[126.862123,37.493823],[126.862522,37.493783],[126.862924,37.493758],[126.863326,37.493751],[126.863527,37.493757],[126.863727,37.49377],[126.864105,37.493814],[126.864479,37.49388],[126.864847,37.493967],[126.865206,37.494072],[126.865362,37.494126],[126.865559,37.494201],[126.866058,37.494404],[126.866669,37.494667],[126.867356,37.494973],[126.868824,37.495648],[126.870182,37.496303],[126.87073,37.496591],[126.871265,37.496893],[126.8718,37.497196],[126.872346,37.497487],[126.873202,37.497905],[126.874149,37.498346],[126.876108,37.499229],[126.877809,37.499994],[126.878433,37.500287],[126.878666,37.500404],[126.878838,37.500498],[126.879066,37.500644],[126.879282,37.5008],[126.879696,37.50113],[126.8801,37.501467],[126.880492,37.501813],[126.881258,37.502519],[126.882024,37.503225],[126.882416,37.503571],[126.88282,37.503908],[126.883168,37.504176],[126.883531,37.504431],[126.884266,37.504907],[126.88523,37.505511],[126.886337,37.506193],[126.887502,37.5069],[126.888639,37.50758],[126.889662,37.508182],[126.890485,37.508654],[126.891022,37.508945],[126.891554,37.509187],[126.892374,37.509533],[126.894615,37.510441],[126.897211,37.511477],[126.89963,37.512449],[126.901362,37.513218],[126.90309,37.513992],[126.904825,37.514755],[126.905698,37.515129],[126.906577,37.515494],[126.907501,37.515871],[126.908486,37.516265],[126.90895,37.516443],[126.909367,37.516596],[126.909717,37.516714],[126.90986,37.516756],[126.909978,37.516786],[126.910041,37.516798],[126.910124,37.516812],[126.910345,37.516841],[126.910974,37.516909],[126.911785,37.516984],[126.912699,37.517059],[126.913637,37.517128],[126.914519,37.517186],[126.915267,37.517226],[126.9158,37.517241],[126.916278,37.517234],[126.916756,37.517211],[126.917232,37.517168],[126.917703,37.517103],[126.917971,37.517053],[126.918235,37.51699],[126.918495,37.516917],[126.91875,37.516834],[126.91911,37.516703],[126.919461,37.516558],[126.919803,37.516399],[126.920132,37.516225],[126.92028,37.516136],[126.920451,37.516024],[126.920844,37.515746],[126.921746,37.51507],[126.92262,37.514415],[126.922979,37.514162],[126.923127,37.514066],[126.923249,37.513995],[126.923484,37.513881],[126.92373,37.513782],[126.923985,37.513696],[126.924244,37.513621],[126.924514,37.513556],[126.924788,37.513504],[126.925066,37.513465],[126.925346,37.51344],[126.925449,37.513436],[126.925601,37.513434],[126.92604,37.513435],[126.92737,37.513456],[126.929144,37.513499],[126.931169,37.513556],[126.933254,37.513623],[126.935206,37.513693],[126.936833,37.513761],[126.937944,37.513821],[126.93877,37.513883],[126.939651,37.513958],[126.94056,37.514044],[126.941467,37.514137],[126.942343,37.514234],[126.94316,37.514332],[126.943889,37.514429],[126.944501,37.514521],[126.944792,37.514571],[126.945081,37.514628],[126.945367,37.514695],[126.945648,37.514773],[126.945894,37.514852],[126.946136,37.514939],[126.946371,37.515037],[126.946597,37.515147],[126.946798,37.51526],[126.946994,37.515379],[126.947369,37.515633],[126.947729,37.515902],[126.94808,37.516178],[126.948361,37.516412],[126.948775,37.516773],[126.949924,37.517803],[126.952976,37.520584],[126.956018,37.523355],[126.957154,37.524374],[126.95756,37.524728],[126.957832,37.524954],[126.958273,37.525287],[126.958789,37.525655],[126.95998,37.526466],[126.961263,37.527322],[126.9625,37.528155],[126.963868,37.529141],[126.965241,37.530123],[126.966605,37.531113],[126.967279,37.531614],[126.967946,37.532122],[126.968817,37.532804],[126.969241,37.533154],[126.96965,37.533515],[126.969906,37.533762],[126.970027,37.533891],[126.97014,37.534023],[126.970372,37.53433],[126.970475,37.534488],[126.970568,37.534651],[126.970687,37.534892],[126.970791,37.535137],[126.97088,37.535386],[126.970953,37.535638],[126.971016,37.535907],[126.971068,37.536177],[126.971146,37.536721],[126.971199,37.537268],[126.971239,37.537815],[126.971257,37.538197],[126.97127,37.538722],[126.971282,37.540119],[126.971277,37.543734],[126.971272,37.54736],[126.971285,37.548771],[126.971298,37.549306],[126.971316,37.549699],[126.97136,37.55017],[126.971435,37.550638],[126.971502,37.550912],[126.971584,37.551183],[126.971666,37.551455],[126.971732,37.551729],[126.971815,37.552239],[126.971881,37.552792],[126.971982,37.553941],[126.972074,37.555006],[126.972128,37.555453],[126.972194,37.555817],[126.972305,37.556253],[126.97244,37.556685],[126.972605,37.557109],[126.972701,37.557318],[126.972807,37.557523],[126.972841,37.557581],[126.972885,37.55765],[126.973003,37.557818],[126.973333,37.558257],[126.974224,37.559382],[126.975133,37.56053],[126.975485,37.560998],[126.975617,37.561186],[126.975712,37.561334],[126.975856,37.561593],[126.975989,37.561861],[126.976113,37.562135],[126.976231,37.562415],[126.976451,37.562981],[126.976665,37.563546],[126.976904,37.564156],[126.977007,37.564464],[126.977049,37.56462],[126.977083,37.564777],[126.977123,37.565036],[126.977151,37.56531],[126.977169,37.565596],[126.977179,37.56589],[126.977177,37.566489],[126.977155,37.567078],[126.977133,37.567338],[126.977114,37.567467],[126.977087,37.567595],[126.977047,37.567736],[126.976997,37.567875],[126.976884,37.568151],[126.976772,37.568428],[126.976725,37.568567],[126.976688,37.568709],[126.976668,37.568808],[126.976654,37.568907],[126.97665,37.568957],[126.976648,37.569007],[126.97665,37.569057],[126.976656,37.569106],[126.976667,37.569166],[126.976682,37.569226],[126.9767,37.569285],[126.976722,37.569343],[126.976747,37.569401],[126.976776,37.569457],[126.976808,37.569512],[126.976844,37.569566],[126.97689,37.569627],[126.976941,37.569686],[126.976996,37.569743],[126.977054,37.569798],[126.977179,37.569902],[126.977312,37.569998],[126.977402,37.570055],[126.977497,37.570106],[126.977597,37.570151],[126.977701,37.57019],[126.97783,37.570229],[126.977964,37.57026],[126.9781,37.570283],[126.978168,37.570291],[126.978237,37.570296],[126.978345,37.5703],[126.978454,37.570301],[126.97867,37.570293],[126.979102,37.570251],[126.979535,37.570199],[126.979751,37.570178],[126.979968,37.570165],[126.980747,37.570146],[126.981621,37.570137],[126.982569,37.570136],[126.983569,37.570143],[126.985634,37.570175],[126.987639,37.570222],[126.988649,37.570253],[126.989658,37.570293],[126.991676,37.570388],[126.993693,37.570492],[126.995711,37.570592],[126.998465,37.570797],[126.999843,37.570895],[127.001222,37.570973],[127.00217,37.571009],[127.00321,37.571034],[127.005346,37.571068],[127.007189,37.5711],[127.007864,37.571123],[127.008116,37.571138],[127.008301,37.571155],[127.008654,37.571211],[127.009098,37.571298],[127.009612,37.571411],[127.010176,37.571542],[127.011363,37.571833],[127.012488,37.572119],[127.013777,37.572458],[127.015059,37.572813],[127.016334,37.573183],[127.017601,37.573569],[127.018494,37.573855],[127.019381,37.574153],[127.020263,37.574461],[127.021141,37.574775],[127.021858,37.575047],[127.022568,37.575331],[127.02328,37.575611],[127.02364,37.575744],[127.024004,37.575871],[127.024752,37.576116],[127.025578,37.576375],[127.026459,37.576642],[127.027374,37.576911],[127.0283,37.577176],[127.029216,37.577429],[127.030098,37.577665],[127.030926,37.577877],[127.031327,37.577974],[127.031731,37.578064],[127.032138,37.578145],[127.032547,37.578218],[127.032946,37.578282],[127.033347,37.57834],[127.03375,37.578385],[127.034155,37.578411],[127.034424,37.578414],[127.034693,37.578405],[127.03523,37.578363],[127.035504,37.578331],[127.035784,37.578287],[127.036344,37.578186],[127.036884,37.578097],[127.037137,37.578068],[127.037258,37.57806],[127.037375,37.578056],[127.037596,37.578058],[127.037817,37.57807],[127.038256,37.578114],[127.038692,37.578184],[127.039122,37.57827],[127.03932,37.578318],[127.039588,37.57839],[127.040296,37.578596],[127.041169,37.578862],[127.042133,37.579165],[127.043111,37.579481],[127.044027,37.579785],[127.044805,37.580053],[127.045369,37.580261],[127.045823,37.580448],[127.046267,37.580649],[127.046701,37.580864],[127.047122,37.581093],[127.047325,37.581216],[127.047521,37.581346],[127.047898,37.58162],[127.048406,37.582009],[127.048903,37.582408],[127.049383,37.582818],[127.049842,37.583244],[127.050154,37.583563],[127.050459,37.583901],[127.051062,37.584616],[127.051672,37.585348],[127.051985,37.585707],[127.052307,37.586055],[127.05257,37.586326],[127.052839,37.586594],[127.053119,37.586854],[127.053413,37.587104],[127.053851,37.587436],[127.054309,37.587752],[127.054779,37.588057],[127.055257,37.588354],[127.055786,37.588668],[127.056355,37.588986],[127.057526,37.589613],[127.058604,37.590193],[127.059056,37.590451],[127.059422,37.59068],[127.059635,37.59083],[127.059839,37.590988],[127.060034,37.591153],[127.060218,37.591325],[127.060364,37.591479],[127.060498,37.59164],[127.060752,37.59197],[127.061358,37.592786],[127.062111,37.593828],[127.062954,37.595015],[127.06383,37.596263],[127.06468,37.597491],[127.065447,37.598616],[127.066074,37.599555],[127.066503,37.600225],[127.066721,37.60059],[127.066928,37.600959],[127.06712,37.601334],[127.067293,37.601713],[127.067403,37.601985],[127.067501,37.602259],[127.067585,37.602537],[127.067653,37.602817],[127.067711,37.603147],[127.067749,37.60348],[127.067773,37.603813],[127.067788,37.604147],[127.067803,37.604793],[127.067807,37.60553],[127.067799,37.606318],[127.067782,37.607116],[127.067756,37.607885],[127.067722,37.608585],[127.067682,37.609175],[127.067637,37.609617],[127.067555,37.610112],[127.067446,37.610604],[127.067312,37.611093],[127.067159,37.611578],[127.066983,37.612058],[127.066744,37.612644],[127.066137,37.614039],[127.065453,37.615565],[127.064807,37.617025],[127.061948,37.623073],[127.061122,37.624985],[127.06023,37.627031],[127.059471,37.62881],[127.059203,37.629475],[127.059044,37.629923],[127.058954,37.630258],[127.058883,37.630597],[127.058832,37.630938],[127.058797,37.63128],[127.058782,37.631643],[127.058788,37.632009],[127.058836,37.632745],[127.058885,37.633483],[127.058893,37.633851],[127.05888,37.634219],[127.058856,37.634469],[127.058821,37.634717],[127.058773,37.634965],[127.058716,37.635211],[127.058605,37.635581],[127.058464,37.635945],[127.058305,37.636283],[127.058214,37.636449],[127.058115,37.636611],[127.058001,37.636779],[127.057878,37.636943],[127.057747,37.637102],[127.057606,37.637257],[127.05729,37.63756],[127.056868,37.637931],[127.055831,37.638798],[127.054746,37.639707],[127.054265,37.640129],[127.053866,37.640504],[127.053568,37.640811],[127.053284,37.641126],[127.053013,37.641449],[127.052757,37.641778],[127.052534,37.6421],[127.05234,37.642434],[127.052174,37.642776],[127.051899,37.643378],[127.051085,37.645215],[127.050022,37.647652],[127.048837,37.650397],[127.047656,37.653156],[127.046605,37.655638],[127.045808,37.657549],[127.045545,37.658199],[127.045393,37.658597],[127.045237,37.659057],[127.045096,37.659521],[127.044974,37.659987],[127.044876,37.660457],[127.04479,37.661121],[127.044677,37.662238],[127.04455,37.663661],[127.044419,37.66524],[127.044297,37.666827],[127.044196,37.668272],[127.044128,37.669428],[127.044104,37.670144],[127.044119,37.670567],[127.044154,37.670989],[127.044256,37.671832],[127.04444,37.673084],[127.044717,37.674757],[127.045405,37.678702],[127.046042,37.682334],[127.046253,37.683617],[127.046316,37.684053],[127.046346,37.684323],[127.046358,37.684717],[127.046352,37.685167],[127.046303,37.686184],[127.046233,37.687271],[127.046173,37.688323],[127.046014,37.690064],[127.045846,37.691804],[127.045695,37.693545],[127.045635,37.694416],[127.045589,37.695288],[127.045568,37.695862],[127.045569,37.696149],[127.045586,37.696435],[127.045649,37.696918],[127.045756,37.697554],[127.046064,37.699145],[127.046427,37.700925],[127.046762,37.70261],[127.046991,37.703607],[127.047228,37.704604],[127.04745,37.705602],[127.047548,37.706102],[127.047635,37.706604],[127.047696,37.707063],[127.047716,37.707293],[127.047726,37.707523],[127.047726,37.707839],[127.047713,37.708154],[127.047688,37.708469],[127.047654,37.708784],[127.047574,37.709359],[127.047479,37.709934],[127.047256,37.711085],[127.047013,37.712237],[127.04678,37.713389],[127.046667,37.714076],[127.046547,37.714762],[127.046442,37.715449],[127.046402,37.715794],[127.046375,37.716139],[127.046363,37.716561],[127.046371,37.716984],[127.046395,37.717407],[127.046427,37.717829],[127.046501,37.718557],[127.046598,37.719293],[127.046828,37.720782],[127.04706,37.722272],[127.047157,37.723011],[127.047231,37.723742],[127.047281,37.724452],[127.047312,37.725163],[127.047325,37.725874],[127.04732,37.726585],[127.04729,37.727327],[127.047237,37.728069],[127.047117,37.729552],[127.046602,37.733879],[127.04607,37.738424],[127.045573,37.742532],[127.045353,37.744217],[127.045161,37.745547],[127.045063,37.746138],[127.045005,37.746432],[127.044937,37.746725],[127.044852,37.74704],[127.044757,37.747354],[127.044544,37.747977],[127.044285,37.748658],[127.043987,37.749387],[127.043351,37.750869],[127.042787,37.752186],[127.04258,37.752706],[127.042448,37.753095],[127.042352,37.753488],[127.04228,37.753885],[127.042229,37.754284],[127.042193,37.754684],[127.042173,37.755053],[127.042167,37.755423],[127.042181,37.756163],[127.04221,37.756903],[127.042232,37.757643],[127.042269,37.759002],[127.042294,37.759681],[127.042342,37.760359],[127.042404,37.760889],[127.042446,37.761153],[127.042499,37.761416],[127.042637,37.761965],[127.042816,37.762576],[127.043246,37.763917],[127.043692,37.76531],[127.04389,37.765987],[127.044056,37.766628],[127.044136,37.767026],[127.044195,37.767427],[127.044291,37.768341],[127.044381,37.769469],[127.044558,37.772127],[127.044745,37.77492],[127.044849,37.776218],[127.044963,37.77737],[127.045049,37.778135],[127.045107,37.778516],[127.04519,37.778893],[127.04525,37.7791],[127.045321,37.779305],[127.045405,37.779508],[127.045501,37.779706],[127.045648,37.779968],[127.045812,37.780224],[127.045991,37.780474],[127.046186,37.780715],[127.046443,37.780989],[127.046781,37.781314],[127.047619,37.782075],[127.048538,37.78291],[127.048977,37.78333],[127.049375,37.783735],[127.0497,37.784093],[127.04985,37.784279],[127.049985,37.784471],[127.050174,37.784785],[127.05034,37.785108],[127.050485,37.785437],[127.050606,37.785772],[127.050678,37.786018],[127.050738,37.786266],[127.05083,37.786767],[127.050969,37.787775],[127.051078,37.788516],[127.051119,37.788888],[127.051141,37.78926],[127.051142,37.789479],[127.051133,37.789698],[127.051114,37.789916],[127.051083,37.790134],[127.050979,37.790603],[127.050803,37.791251],[127.05032,37.792896],[127.049791,37.794704],[127.04956,37.795554],[127.049377,37.796307],[127.049295,37.796678],[127.04922,37.797051],[127.049161,37.797425],[127.049131,37.7978],[127.049132,37.79812],[127.049154,37.798439],[127.049196,37.798757],[127.049253,37.799074],[127.049348,37.799454],[127.049482,37.799892],[127.049824,37.800886],[127.050192,37.801955],[127.050358,37.802485],[127.050497,37.802995],[127.050608,37.803505],[127.050649,37.803762],[127.050679,37.804019],[127.050702,37.804352],[127.05071,37.804685],[127.050704,37.805019],[127.050685,37.805352],[127.050642,37.805755],[127.050578,37.806168],[127.050418,37.806997],[127.050266,37.807792],[127.050213,37.80816],[127.050184,37.808501],[127.050182,37.808731],[127.050194,37.808962],[127.050218,37.809192],[127.050253,37.809421],[127.050313,37.809685],[127.050398,37.809944],[127.050525,37.810268],[127.050665,37.81059],[127.050826,37.810904],[127.050917,37.811057],[127.051017,37.811207],[127.051055,37.811258],[127.051104,37.811318],[127.051232,37.811461],[127.051587,37.811834],[127.052568,37.812812],[127.053657,37.813901],[127.054146,37.814412],[127.054549,37.814861],[127.054789,37.815151],[127.055018,37.815445],[127.055234,37.815746],[127.055434,37.816054],[127.055686,37.816497],[127.055913,37.816948],[127.05633,37.817863],[127.056629,37.818553],[127.056926,37.819282],[127.057504,37.820769],[127.058041,37.822142],[127.058287,37.822728],[127.058514,37.823217],[127.058667,37.82351],[127.058831,37.823799],[127.059007,37.824083],[127.059197,37.824362],[127.059461,37.824713],[127.059744,37.825059],[127.060342,37.825742],[127.06095,37.826426],[127.061244,37.826772],[127.061525,37.827123],[127.061785,37.827474],[127.061907,37.827653],[127.06202,37.827835],[127.062178,37.828115],[127.062324,37.828398],[127.062455,37.828686],[127.062566,37.828979],[127.062679,37.829357],[127.062767,37.829739],[127.062834,37.830124],[127.062884,37.830511],[127.062899,37.830695],[127.062904,37.83088],[127.062896,37.83125],[127.062868,37.83171],[127.062829,37.832169],[127.062727,37.833087],[127.062611,37.834004],[127.062502,37.834921],[127.061989,37.839189],[127.061441,37.843684],[127.060964,37.847726],[127.060786,37.849365],[127.060667,37.850637],[127.060614,37.851457],[127.060593,37.852277],[127.060602,37.853238],[127.06063,37.854307],[127.060727,37.856666],[127.060848,37.859157],[127.060957,37.861582],[127.061036,37.862777],[127.061121,37.863971],[127.061195,37.865166],[127.061223,37.865763],[127.061242,37.866361],[127.061261,37.867061],[127.061255,37.867411],[127.061223,37.867759],[127.06115,37.868147],[127.06105,37.868532],[127.060932,37.868914],[127.060808,37.869295],[127.060363,37.870614],[127.059868,37.871981],[127.05962,37.872631],[127.059381,37.873231],[127.059158,37.87376],[127.05896,37.874196],[127.058771,37.874561],[127.058564,37.87492],[127.058344,37.875275],[127.058117,37.875627],[127.057825,37.876059],[127.057504,37.876507],[127.056833,37.877409],[127.056219,37.878242],[127.055971,37.878603],[127.055782,37.878912],[127.055627,37.879215],[127.055493,37.879523],[127.055375,37.879837],[127.05527,37.880153],[127.055203,37.880386],[127.055146,37.88062],[127.0551,37.880857],[127.055067,37.881094],[127.055041,37.881424],[127.055034,37.881755],[127.055049,37.882418],[127.055085,37.883108],[127.055162,37.884269],[127.055416,37.887741],[127.056162,37.897397],[127.056911,37.907087],[127.057169,37.910602],[127.057248,37.911792],[127.057286,37.912514],[127.057296,37.913078],[127.057291,37.913359],[127.057278,37.913641],[127.05725,37.913965],[127.057211,37.914289],[127.057116,37.914935],[127.056837,37.916602],[127.056439,37.918806],[127.055445,37.924106],[127.054452,37.929396],[127.054056,37.931587],[127.053781,37.933235],[127.053664,37.933942],[127.05362,37.934296],[127.053608,37.934473],[127.053605,37.934651],[127.053623,37.935028],[127.053667,37.935403],[127.053737,37.935777],[127.053832,37.936146],[127.053944,37.936477],[127.054114,37.936914],[127.054327,37.937425],[127.054568,37.937979],[127.054824,37.938542],[127.055079,37.939082],[127.055321,37.939567],[127.055533,37.939965],[127.055797,37.940407],[127.056084,37.94084],[127.056391,37.941265],[127.056714,37.941682],[127.057075,37.942106],[127.057522,37.942595],[127.058532,37.943649],[127.059451,37.944606],[127.059785,37.944972],[127.059905,37.945115],[127.059952,37.945174],[127.059988,37.945225],[127.060186,37.945551],[127.060353,37.945888],[127.060492,37.946233],[127.060605,37.946584],[127.060624,37.946661],[127.060646,37.946771],[127.0607,37.947082],[127.060837,37.948021],[127.0612,37.950817],[127.061616,37.954156],[127.062005,37.957223],[127.062069,37.957877],[127.062097,37.958204],[127.06211,37.958532],[127.062101,37.958923],[127.062062,37.959313],[127.061978,37.959851],[127.061875,37.960387],[127.061747,37.960919],[127.061593,37.961447],[127.06147,37.961796],[127.061331,37.962142],[127.061023,37.962826],[127.060704,37.963508],[127.060551,37.963851],[127.060409,37.964196],[127.060166,37.964811],[127.059929,37.965428],[127.059712,37.966048],[127.059617,37.966361],[127.059532,37.966676],[127.059459,37.967008],[127.059403,37.967342],[127.059321,37.968014],[127.059245,37.968686],[127.059197,37.969021],[127.059136,37.969355],[127.059005,37.969921],[127.058853,37.970491],[127.058515,37.97163],[127.058186,37.972748],[127.058043,37.973291],[127.057925,37.973821],[127.057837,37.974311],[127.057766,37.974803],[127.057714,37.975296],[127.057681,37.97579],[127.057676,37.976011],[127.05768,37.976233],[127.057708,37.976675],[127.057748,37.977048],[127.057811,37.977419],[127.05788,37.977723],[127.05796,37.978025],[127.058051,37.978326],[127.058156,37.978623],[127.058314,37.979025],[127.058481,37.979425],[127.058842,37.980218],[127.059236,37.981002],[127.059657,37.981776],[127.059957,37.982286],[127.060275,37.982789],[127.060613,37.983284],[127.06097,37.983771],[127.061426,37.984345],[127.061906,37.984907],[127.062403,37.98546],[127.062911,37.986006],[127.063348,37.986466],[127.063793,37.986921],[127.064252,37.987368],[127.064728,37.987803],[127.065291,37.988281],[127.065873,37.988744],[127.066467,37.989198],[127.067068,37.989646],[127.067722,37.990121],[127.068387,37.990587],[127.069734,37.991504],[127.071078,37.992423],[127.071739,37.992892],[127.072388,37.993371],[127.072754,37.993647],[127.073116,37.993926],[127.073464,37.994215],[127.073631,37.994364],[127.07379,37.994519],[127.074002,37.994747],[127.074198,37.994984],[127.07438,37.995229],[127.07455,37.995478],[127.074756,37.9958],[127.074947,37.996128],[127.075116,37.996463],[127.075189,37.996633],[127.075253,37.996806],[127.07532,37.997033],[127.075377,37.997278],[127.075425,37.997539],[127.075466,37.99781],[127.075534,37.998365],[127.075594,37.99891],[127.075661,37.999525],[127.075716,38.00014],[127.075753,38.000756],[127.075768,38.001373],[127.075755,38.00183],[127.075736,38.002058],[127.075708,38.002286],[127.075612,38.002827],[127.075471,38.00347],[127.07511,38.004948],[127.074734,38.006493],[127.074574,38.007218],[127.074452,38.007875],[127.074404,38.008214],[127.074367,38.008554],[127.074316,38.009236],[127.074299,38.009572],[127.074299,38.009909],[127.074321,38.010299],[127.074353,38.010689],[127.074438,38.011467],[127.074537,38.012244],[127.074629,38.013022],[127.074741,38.014858],[127.074791,38.015776],[127.074821,38.016694],[127.074831,38.017446],[127.074822,38.017822],[127.074794,38.018197],[127.074777,38.018315],[127.074755,38.018433],[127.074701,38.018667],[127.074585,38.019147],[127.074518,38.019385],[127.07444,38.019621],[127.074304,38.01994],[127.074149,38.020254],[127.073629,38.021256],[127.073044,38.022337],[127.071781,38.024596],[127.070569,38.026762],[127.070048,38.027724],[127.069618,38.028562],[127.069376,38.029064],[127.069144,38.029568],[127.068926,38.030077],[127.068728,38.03059],[127.068511,38.031235],[127.068319,38.031886],[127.068144,38.03254],[127.067975,38.033195],[127.067637,38.034536],[127.067277,38.036013],[127.066913,38.037553],[127.066561,38.039081],[127.066238,38.040524],[127.065961,38.041809],[127.065745,38.042863],[127.065609,38.043611],[127.065525,38.044201],[127.06546,38.044793],[127.065414,38.045386],[127.065388,38.045979],[127.065385,38.046271],[127.065392,38.046563],[127.065431,38.047147],[127.065464,38.047452],[127.065506,38.047757],[127.065607,38.048364],[127.065756,38.049173],[127.065915,38.049981],[127.066255,38.051594],[127.066608,38.053205],[127.066954,38.054817],[127.067514,38.057792],[127.068082,38.060864],[127.068633,38.063743],[127.068893,38.06502],[127.069139,38.066141],[127.069359,38.067043],[127.069483,38.067492],[127.06962,38.067938],[127.069762,38.06836],[127.069915,38.06878],[127.07008,38.069198],[127.070259,38.069611],[127.070395,38.069898],[127.070541,38.070182],[127.070855,38.070742],[127.071069,38.071096],[127.071293,38.071446],[127.071758,38.072141],[127.072221,38.072835],[127.072445,38.073186],[127.072658,38.07354],[127.072899,38.073953],[127.073133,38.074368],[127.073347,38.07479],[127.073443,38.075004],[127.073529,38.07522],[127.07365,38.075578],[127.073749,38.075941],[127.073821,38.076308],[127.073864,38.076677],[127.073869,38.0768],[127.073868,38.076924],[127.073851,38.077171],[127.073784,38.077664],[127.07365,38.078404],[127.073434,38.079427],[127.072853,38.081992],[127.072244,38.084693],[127.071991,38.085886],[127.071806,38.086863],[127.071674,38.087651],[127.071627,38.088046],[127.07161,38.088442],[127.071618,38.088681],[127.071638,38.088919],[127.071705,38.089395],[127.071787,38.08987],[127.071861,38.090345],[127.073347,38.09843]],[[126.882183,37.503334],[126.881786,37.502614],[126.881584,37.502256],[126.881365,37.501904],[126.881235,37.501717],[126.881095,37.501533],[126.880802,37.501172],[126.880515,37.500808],[126.880382,37.500622],[126.88026,37.500431],[126.880125,37.500184],[126.880007,37.499932],[126.879902,37.499675],[126.879809,37.499416],[126.879722,37.499142],[126.879647,37.498866],[126.879586,37.498588],[126.879539,37.498308],[126.879504,37.497971],[126.879488,37.497634],[126.87949,37.496957],[126.879503,37.496618],[126.879529,37.496279],[126.879598,37.495602],[126.879661,37.494924],[126.87968,37.494585],[126.879684,37.494246],[126.879669,37.494024],[126.87964,37.493802],[126.879611,37.49358],[126.879596,37.493358],[126.879605,37.492924],[126.879637,37.49249],[126.879714,37.491623],[126.879736,37.491256],[126.879749,37.491072],[126.879772,37.49089],[126.879841,37.490546],[126.87993,37.490206],[126.88002,37.489865],[126.880091,37.489521],[126.880129,37.489225],[126.880154,37.48892],[126.880183,37.488305],[126.880218,37.487713],[126.880251,37.487438],[126.8803,37.487184],[126.880373,37.486931],[126.880469,37.486662],[126.880709,37.486086],[126.880977,37.485489],[126.881231,37.484903],[126.889979,37.465173],[126.892635,37.458906],[126.897492,37.448095],[126.898678,37.445381],[126.899956,37.442478],[126.901051,37.439953],[126.901445,37.439008],[126.90169,37.438369],[126.90184,37.437894],[126.901969,37.437415],[126.902193,37.436451],[126.90241,37.435419],[126.902618,37.434324],[126.903007,37.432096],[126.903361,37.430057],[126.903526,37.4292],[126.903682,37.4285],[126.903791,37.428075],[126.903911,37.427652],[126.904048,37.427232],[126.904209,37.426818],[126.904405,37.42639],[126.904685,37.425828],[126.905029,37.425166],[126.905416,37.424443],[126.905827,37.423696],[126.906242,37.42296],[126.90664,37.422274],[126.907002,37.421674],[126.907236,37.421322],[126.907488,37.420977],[126.908469,37.419711],[126.910067,37.4177],[126.914544,37.412127],[126.91978,37.405635],[126.924637,37.399603],[126.925483,37.398578],[126.925911,37.398069],[126.926355,37.397568],[126.92682,37.397079],[126.927063,37.396841],[126.927314,37.396609],[126.927778,37.396212],[126.928277,37.39581],[126.929341,37.394993],[126.930431,37.394157],[126.930962,37.393732],[126.93147,37.393302],[126.93193,37.392887],[126.932148,37.392672],[126.932354,37.392449],[126.932485,37.392292],[126.932607,37.392131],[126.932829,37.391799],[126.932996,37.391495],[126.933142,37.391184],[126.933505,37.390314],[126.933977,37.389106],[126.935077,37.38619],[126.936105,37.383462],[126.936486,37.382488],[126.936625,37.382154],[126.936722,37.381945],[126.936904,37.381623],[126.937106,37.381309],[126.937326,37.381002],[126.937562,37.380703],[126.937832,37.3804],[126.938166,37.380058],[126.93896,37.379291],[126.939817,37.378468],[126.94023,37.378055],[126.94061,37.377653],[126.94083,37.377403],[126.941032,37.377143],[126.941198,37.376892],[126.941352,37.376636],[126.941636,37.376116],[126.942205,37.374987],[126.943084,37.373183],[126.944157,37.370947],[126.945309,37.368522],[126.946426,37.36615],[126.947394,37.364074],[126.948096,37.362535],[126.948313,37.362043],[126.948381,37.36188],[126.94842,37.361777],[126.948521,37.361435],[126.948599,37.361088],[126.948657,37.360739],[126.948698,37.360389],[126.948723,37.359959],[126.948732,37.35941],[126.948715,37.358067],[126.948678,37.356579],[126.948651,37.355163],[126.948504,37.350971],[126.948431,37.337843],[126.948282,37.334229],[126.948115,37.330393],[126.947984,37.327002],[126.947948,37.325682],[126.947941,37.324724],[126.94796,37.3239],[126.947997,37.322947],[126.948049,37.321899],[126.948114,37.320786],[126.948191,37.319641],[126.948278,37.318496],[126.948372,37.317381],[126.948471,37.31633],[126.948493,37.316108],[126.948509,37.315998],[126.948532,37.315888],[126.94861,37.315617],[126.948703,37.315348],[126.948811,37.315083],[126.948933,37.314822],[126.949155,37.31442],[126.949489,37.31387],[126.950387,37.312461],[126.951422,37.31087],[126.952388,37.30937],[126.952714,37.308875],[126.95288,37.308629],[126.953059,37.308389],[126.953232,37.308175],[126.953413,37.307964],[126.953605,37.30776],[126.95381,37.307565],[126.953991,37.307415],[126.954276,37.307191],[126.955102,37.306566],[126.95617,37.305775],[126.957362,37.304904],[126.958562,37.304038],[126.959651,37.303263],[126.960511,37.302664],[126.960818,37.302457],[126.961025,37.302326],[126.961452,37.302085],[126.961894,37.30186],[126.962349,37.301655],[126.962819,37.301472],[126.963028,37.301404],[126.963243,37.301346],[126.963681,37.301254],[126.963987,37.301205],[126.964432,37.301145],[126.965663,37.300997],[126.968939,37.300633],[126.972253,37.300264],[126.973533,37.30011],[126.974011,37.300046],[126.974353,37.299993],[126.974787,37.299906],[126.975001,37.299853],[126.975212,37.299793],[126.975562,37.299679],[126.975907,37.299554],[126.976243,37.299416],[126.97657,37.299264],[126.976857,37.299113],[126.977135,37.298951],[126.977402,37.298777],[126.977658,37.298594],[126.977832,37.298454],[126.977997,37.298306],[126.978308,37.297999],[126.979019,37.297244],[126.980129,37.296027],[126.981501,37.294502],[126.982995,37.292827],[126.984471,37.291159],[126.985791,37.289653],[126.986816,37.288468],[126.987405,37.287759],[126.98771,37.287349],[126.987997,37.28693],[126.988272,37.286507],[126.98854,37.28608],[126.989133,37.2851],[126.989873,37.283833],[126.991662,37.280699],[126.993634,37.277211],[126.995514,37.2739],[126.996027,37.272943],[126.996533,37.271983],[126.997052,37.271028],[126.997323,37.270555],[126.997604,37.270085],[126.997795,37.269785],[126.997995,37.269488],[126.99841,37.268901],[126.998826,37.268315],[126.999028,37.26802],[126.999223,37.267721],[127.00001,37.266445],[127.000768,37.265157],[127.001502,37.263861],[127.002216,37.262557],[127.002453,37.262097],[127.002678,37.261632],[127.002904,37.261168],[127.003142,37.260708],[127.003853,37.259423],[127.004586,37.258146],[127.005345,37.256878],[127.006133,37.255622],[127.006347,37.2553],[127.006578,37.254986],[127.006984,37.254491],[127.007418,37.253993],[127.008331,37.252994],[127.00924,37.252001],[127.009668,37.251509],[127.010066,37.251023],[127.010349,37.250641],[127.010606,37.250247],[127.010767,37.249957],[127.011096,37.24934],[127.012213,37.247214],[127.015975,37.240006],[127.02708,37.218641],[127.038168,37.19731],[127.041907,37.190143],[127.043011,37.188045],[127.043332,37.187444],[127.043484,37.18717],[127.043664,37.186891],[127.043855,37.186616],[127.044057,37.186347],[127.044272,37.186084],[127.044578,37.185742],[127.0449,37.18541],[127.045234,37.185085],[127.045576,37.184765],[127.046143,37.184255],[127.046439,37.184009],[127.046746,37.183772],[127.047021,37.183581],[127.047446,37.183301],[127.048666,37.18252],[127.052031,37.180407],[127.055573,37.17818],[127.057014,37.177259],[127.057583,37.176888],[127.058024,37.176591],[127.058509,37.176258],[127.058989,37.17592],[127.059454,37.17557],[127.059678,37.175388],[127.059894,37.1752],[127.06017,37.174935],[127.060429,37.174658],[127.060675,37.174374],[127.060912,37.174085],[127.061247,37.173661],[127.061568,37.17323],[127.06187,37.17279],[127.062147,37.172341],[127.062277,37.172099],[127.062394,37.171852],[127.0626,37.17135],[127.06269,37.171104],[127.06277,37.170857],[127.062917,37.170358],[127.063268,37.16906],[127.063699,37.167374],[127.06473,37.163192],[127.06586,37.158532],[127.06694,37.154111],[127.067066,37.153549],[127.067198,37.152989],[127.067317,37.152426],[127.067366,37.152144],[127.067405,37.151861],[127.067434,37.151547],[127.067448,37.151233],[127.06745,37.150918],[127.06744,37.150603],[127.067403,37.150162],[127.06732,37.149371],[127.067033,37.146883],[127.066113,37.139298],[127.064986,37.130168],[127.063963,37.121811],[127.063041,37.11434],[127.062041,37.10618],[127.061196,37.099398],[127.060903,37.09717],[127.060801,37.096461],[127.060735,37.096063],[127.060657,37.095726],[127.060564,37.095391],[127.060459,37.095058],[127.060346,37.094727],[127.060105,37.094079],[127.059825,37.093375],[127.059184,37.091853],[127.058494,37.090263],[127.057828,37.088707],[127.056597,37.086011],[127.056068,37.084754],[127.055519,37.083472],[127.05501,37.082239],[127.054788,37.081662],[127.054599,37.081125],[127.054468,37.080691],[127.054415,37.080472],[127.054374,37.080251],[127.054309,37.07974],[127.054272,37.079227],[127.054255,37.078714],[127.054253,37.0782],[127.054275,37.077549],[127.054326,37.076781],[127.054476,37.075077],[127.054621,37.073453],[127.054665,37.072786],[127.054677,37.072275],[127.054648,37.071873],[127.054575,37.071116],[127.054318,37.068738],[127.053544,37.061921],[127.052759,37.055011],[127.05249,37.052517],[127.052408,37.051685],[127.05237,37.051195],[127.052359,37.050682],[127.052366,37.050426],[127.052386,37.05017],[127.052443,37.049803],[127.052529,37.049439],[127.05263,37.049092],[127.052757,37.048751],[127.05287,37.048504],[127.052994,37.04826],[127.05313,37.04802],[127.053275,37.047784],[127.053514,37.047441],[127.053645,37.047275],[127.053784,37.047113],[127.053974,37.046909],[127.054173,37.04671],[127.054383,37.046519],[127.054604,37.046336],[127.054698,37.046267],[127.05484,37.046169],[127.055255,37.045894],[127.056521,37.04508],[127.060086,37.042827],[127.063683,37.040554],[127.064988,37.039715],[127.065428,37.039424],[127.065694,37.039238],[127.066074,37.038942],[127.066439,37.038634],[127.066787,37.038314],[127.067114,37.037981],[127.067311,37.037756],[127.067494,37.037522],[127.067665,37.037283],[127.067827,37.03704],[127.068023,37.036711],[127.068192,37.036372],[127.068308,37.03611],[127.068414,37.035844],[127.06851,37.035577],[127.068594,37.035307],[127.068656,37.035066],[127.068706,37.034823],[127.068788,37.034335],[127.068881,37.03365],[127.069019,37.032524],[127.069401,37.029203],[127.070411,37.020073],[127.071412,37.011035],[127.07178,37.007828],[127.071909,37.006776],[127.071993,37.006178],[127.072063,37.005784],[127.072109,37.005588],[127.072167,37.005395],[127.072272,37.005116],[127.072394,37.004841],[127.072532,37.00457],[127.072684,37.004305],[127.072785,37.00415],[127.072896,37.003999],[127.073134,37.003705],[127.073389,37.00341],[127.073651,37.003119],[127.074191,37.002545],[127.07474,37.001978],[127.075285,37.001407],[127.087027,36.989241],[127.09467,36.981124],[127.102349,36.973229],[127.121912,36.952668],[127.122223,36.95232],[127.122539,36.951975],[127.122846,36.951625],[127.123131,36.951264],[127.123356,36.950942],[127.123566,36.950614],[127.123758,36.950279],[127.123932,36.949938],[127.124107,36.949547],[127.124261,36.94915],[127.124394,36.948749],[127.124504,36.948343],[127.124588,36.947919],[127.124645,36.947492],[127.124727,36.946634],[127.124871,36.94501],[127.125044,36.942771],[127.125447,36.937018],[127.125886,36.930508],[127.126307,36.924377],[127.12707,36.915203],[127.127591,36.90709],[127.127649,36.906473],[127.127681,36.906164],[127.127725,36.905857],[127.127815,36.905405],[127.127934,36.904958],[127.12802,36.904695],[127.128116,36.904434],[127.128327,36.903917],[127.128663,36.903157],[127.129017,36.902403],[127.129738,36.900897],[127.134409,36.891097],[127.139493,36.880451],[127.143752,36.871498],[127.145186,36.86845],[127.145661,36.867422],[127.14595,36.866778],[127.146257,36.866045],[127.146396,36.865675],[127.146518,36.865301],[127.146633,36.864887],[127.146733,36.86447],[127.146813,36.864051],[127.146867,36.863629],[127.146903,36.86309],[127.146909,36.862549],[127.146885,36.862009],[127.146831,36.861471],[127.146759,36.861062],[127.146637,36.86053],[127.146297,36.859209],[127.145914,36.857736],[127.145739,36.857011],[127.145592,36.856333],[127.14549,36.855797],[127.145449,36.855528],[127.145423,36.855258],[127.145411,36.854932],[127.145414,36.854606],[127.145431,36.85428],[127.145456,36.853954],[127.145493,36.853622],[127.145542,36.85329],[127.145658,36.852629],[127.145961,36.851078],[127.146376,36.849103],[127.147367,36.844557],[127.148289,36.840336],[127.148618,36.838767],[127.14873,36.838192],[127.148801,36.837784],[127.148896,36.837024],[127.148987,36.836067],[127.14916,36.833889],[127.149315,36.831898],[127.149385,36.831177],[127.149418,36.830921],[127.149433,36.830823],[127.149449,36.830747],[127.149524,36.830489],[127.149621,36.83023],[127.149852,36.829709],[127.150088,36.829182],[127.150189,36.828916],[127.150271,36.828648],[127.150334,36.828377],[127.150382,36.828104],[127.150409,36.827829],[127.150411,36.827554],[127.150402,36.827432],[127.150385,36.827311],[127.150336,36.827069],[127.150271,36.82683],[127.150198,36.826592],[127.150063,36.826206],[127.149901,36.825807],[127.149542,36.825004],[127.149208,36.824259],[127.149078,36.823932],[127.149028,36.823784],[127.148988,36.823648],[127.148954,36.823482],[127.148918,36.823248],[127.148843,36.82261],[127.148678,36.820894],[127.148498,36.819037],[127.148403,36.818226],[127.148306,36.817581],[127.1482,36.81706],[127.148077,36.816541],[127.147798,36.815507],[127.14751,36.814475],[127.147376,36.813957],[127.147254,36.813438],[127.147008,36.812225],[127.146788,36.811009],[127.146578,36.809791],[127.146363,36.808574],[127.146275,36.8081],[127.146193,36.807625],[127.146099,36.807152],[127.146043,36.806917],[127.145977,36.806684],[127.145911,36.806491],[127.14587,36.806397],[127.145822,36.806305],[127.145713,36.806122],[127.145593,36.805944],[127.145459,36.805772],[127.145385,36.80569],[127.145307,36.805611],[127.145211,36.805524],[127.14511,36.80544],[127.144895,36.805281],[127.144667,36.805135],[127.144429,36.805],[127.144263,36.804918],[127.144026,36.804813],[127.143377,36.804544],[127.141604,36.803844],[127.13965,36.80307],[127.138773,36.802709],[127.138053,36.802392],[127.137608,36.802176],[127.137172,36.801949],[127.136313,36.801478],[127.135453,36.801009],[127.135014,36.800785],[127.134566,36.800574],[127.134119,36.800384],[127.133663,36.800208],[127.132736,36.799879],[127.132405,36.799769],[127.132071,36.799666],[127.131397,36.79947],[127.130726,36.799269],[127.130395,36.79916],[127.130069,36.799043],[127.129823,36.798945],[127.129582,36.798841],[127.129113,36.798613],[127.128688,36.798376],[127.128283,36.798117],[127.127934,36.797863],[127.127591,36.797594],[127.126923,36.797034],[127.126273,36.796491],[127.125953,36.796243],[127.125635,36.796019],[127.125298,36.795806],[127.124926,36.795588],[127.124528,36.795365],[127.12411,36.79514],[127.123246,36.794691],[127.122395,36.794255],[127.121744,36.793915],[127.121078,36.79357],[127.120748,36.793407],[127.120426,36.793254],[127.120114,36.793118],[127.119817,36.793001],[127.119432,36.792873],[127.119038,36.792764],[127.118636,36.792672],[127.11823,36.792595],[127.117943,36.792553],[127.117653,36.792522],[127.117362,36.792502],[127.11707,36.792493],[127.116596,36.792502],[127.116006,36.792535],[127.114584,36.792643],[127.113022,36.79276],[127.112255,36.792803],[127.111535,36.792827],[127.110997,36.79283],[127.11046,36.792821],[127.109922,36.792801],[127.109386,36.792769],[127.1089,36.792726],[127.108415,36.792669],[127.107447,36.792549]]]}},{"type":"Feature","properties":{"r":"KR","g":"kr","col":"#009bce","n":"수도권 전철 4호선","ct":"首尔","jk":"subway"},"geometry":{"type":"LineString","coordinates":[[127.203163,37.721203],[127.203299,37.720198],[127.203444,37.719193],[127.203571,37.718188],[127.20362,37.717684],[127.203654,37.71718],[127.203684,37.71632],[127.203686,37.715427],[127.203676,37.714999],[127.203657,37.714598],[127.203628,37.714237],[127.20359,37.713927],[127.203524,37.713593],[127.203435,37.713263],[127.203326,37.712935],[127.203204,37.712611],[127.203088,37.712331],[127.202959,37.712055],[127.202816,37.711783],[127.202657,37.711517],[127.202566,37.711381],[127.202468,37.711248],[127.202362,37.71112],[127.202245,37.710998],[127.202056,37.710829],[127.201851,37.710671],[127.201638,37.71052],[127.201419,37.710374],[127.200982,37.710094],[127.20052,37.70981],[127.200036,37.709524],[127.199538,37.709238],[127.198513,37.708674],[127.197487,37.708133],[127.196839,37.707806],[127.196184,37.707489],[127.194857,37.706874],[127.193521,37.706271],[127.19219,37.705662],[127.185057,37.702575],[127.178374,37.699955],[127.169506,37.696293],[127.168148,37.695686],[127.167472,37.695379],[127.166806,37.695058],[127.16567,37.694474],[127.16455,37.693872],[127.163444,37.693252],[127.162353,37.692617],[127.161792,37.692275],[127.16097,37.69176],[127.158696,37.690313],[127.152696,37.686456],[127.146796,37.682664],[127.144648,37.681297],[127.143908,37.680834],[127.143441,37.680552],[127.142985,37.680298],[127.142521,37.680054],[127.141578,37.679582],[127.1397,37.678672],[127.136953,37.677364],[127.133621,37.675791],[127.12999,37.674087],[127.126344,37.672384],[127.122968,37.670817],[127.120148,37.669518],[127.118169,37.668622],[127.116677,37.667963],[127.115092,37.667276],[127.114344,37.66696],[127.113668,37.666682],[127.113097,37.666458],[127.112661,37.666302],[127.112472,37.666242],[127.11228,37.666186],[127.112183,37.666163],[127.112085,37.666143],[127.111985,37.666127],[127.111885,37.666117],[127.111757,37.666111],[127.111629,37.666113],[127.111501,37.66612],[127.111373,37.666131],[127.111118,37.666164],[127.110865,37.666202],[127.110509,37.66626],[127.110155,37.666329],[127.109806,37.66641],[127.109463,37.666506],[127.109215,37.66659],[127.108973,37.666685],[127.108502,37.666894],[127.108071,37.667102],[127.107392,37.667441],[127.105429,37.668442],[127.10289,37.669752],[127.100054,37.671226],[127.097197,37.67272],[127.094597,37.674089],[127.092531,37.675189],[127.091277,37.675874],[127.090828,37.676137],[127.090386,37.676408],[127.089515,37.676962],[127.088645,37.677518],[127.088204,37.67779],[127.087756,37.678054],[127.08712,37.678426],[127.086792,37.678599],[127.086622,37.678678],[127.086447,37.678749],[127.086217,37.678827],[127.08598,37.678891],[127.085737,37.678943],[127.085492,37.678983],[127.085357,37.678998],[127.085221,37.679006],[127.084947,37.679006],[127.084648,37.678996],[127.08435,37.678977],[127.084054,37.678947],[127.083761,37.6789],[127.083602,37.678865],[127.083446,37.678822],[127.083293,37.678771],[127.083144,37.678714],[127.083011,37.678656],[127.082883,37.678593],[127.082759,37.678524],[127.082641,37.678449],[127.082451,37.678318],[127.082269,37.678179],[127.082183,37.678106],[127.082101,37.67803],[127.082026,37.677951],[127.081957,37.677868],[127.081874,37.677753],[127.0818,37.677634],[127.081733,37.677511],[127.081674,37.677386],[127.081622,37.677259],[127.081578,37.67713],[127.081509,37.67687],[127.081481,37.676699],[127.081466,37.676526],[127.081462,37.676351],[127.081467,37.676175],[127.081493,37.675821],[127.081525,37.675469],[127.081548,37.675264],[127.081581,37.675059],[127.081661,37.67465],[127.081736,37.674242],[127.081762,37.674037],[127.081775,37.673831],[127.081775,37.673714],[127.081769,37.673596],[127.081754,37.67348],[127.08173,37.673364],[127.081692,37.673232],[127.081643,37.673102],[127.081585,37.672975],[127.081518,37.67285],[127.081414,37.672688],[127.081296,37.672531],[127.081041,37.672227],[127.080729,37.671875],[127.080405,37.67153],[127.079737,37.670852],[127.079065,37.670176],[127.078737,37.669833],[127.07842,37.669484],[127.077766,37.668733],[127.077088,37.667931],[127.076778,37.66755],[127.076508,37.667206],[127.076293,37.666914],[127.076211,37.666792],[127.076148,37.66669],[127.07609,37.666577],[127.076044,37.66646],[127.076007,37.666341],[127.075981,37.66622],[127.07596,37.666056],[127.075952,37.665891],[127.075961,37.665561],[127.075978,37.66523],[127.07598,37.665064],[127.075974,37.664899],[127.07592,37.66441],[127.075835,37.663924],[127.075706,37.663242],[127.075666,37.663076],[127.075621,37.66292],[127.075568,37.662779],[127.075538,37.662715],[127.075505,37.662656],[127.075494,37.66264],[127.075479,37.66262],[127.075437,37.662569],[127.075307,37.662425],[127.074893,37.661998],[127.07433,37.661441],[127.073687,37.660819],[127.073032,37.660196],[127.072431,37.659637],[127.071954,37.659209],[127.071782,37.659063],[127.071716,37.659011],[127.071666,37.658974],[127.071573,37.658914],[127.071476,37.658857],[127.071273,37.658754],[127.07106,37.658663],[127.070842,37.658582],[127.070577,37.658499],[127.070305,37.658431],[127.069749,37.65832],[127.069193,37.65821],[127.06892,37.658143],[127.068654,37.658063],[127.068344,37.657946],[127.068031,37.657808],[127.067403,37.657498],[127.066783,37.657192],[127.066482,37.65706],[127.066334,37.657001],[127.066189,37.65695],[127.066095,37.656921],[127.06596,37.656884],[127.065575,37.656786],[127.064424,37.656509],[127.062904,37.656157],[127.061185,37.655769],[127.059436,37.655382],[127.057827,37.655034],[127.056527,37.654762],[127.055705,37.654606],[127.055266,37.654543],[127.054823,37.654494],[127.053934,37.654419],[127.053045,37.654344],[127.052603,37.654293],[127.052164,37.654228],[127.051879,37.654174],[127.051506,37.654094],[127.050532,37.653869],[127.047928,37.653235],[127.044931,37.652505],[127.043465,37.65216],[127.042118,37.651858],[127.041673,37.651761],[127.041449,37.651718],[127.041223,37.651682],[127.040757,37.651629],[127.04026,37.65159],[127.039242,37.651534],[127.03832,37.651483],[127.037941,37.65145],[127.03778,37.65143],[127.037642,37.651407],[127.037365,37.651347],[127.037092,37.651272],[127.03696,37.651227],[127.03683,37.651179],[127.036704,37.651124],[127.036583,37.651064],[127.036489,37.651011],[127.036399,37.650953],[127.036313,37.650891],[127.03623,37.650826],[127.036076,37.650688],[127.035936,37.650541],[127.035917,37.650519],[127.035895,37.65049],[127.03584,37.650411],[127.035691,37.650182],[127.03526,37.649478],[127.034071,37.647464],[127.032824,37.645356],[127.032323,37.644534],[127.032127,37.644229],[127.031978,37.644011],[127.031852,37.643847],[127.031717,37.643688],[127.03143,37.643378],[127.031149,37.643096],[127.030774,37.642732],[127.029799,37.641813],[127.027357,37.639558],[127.025038,37.637419],[127.024216,37.636644],[127.023941,37.636374],[127.023843,37.636274],[127.023775,37.636199],[127.023639,37.636037],[127.023512,37.635869],[127.023399,37.635696],[127.023349,37.635608],[127.023305,37.635517],[127.023278,37.635449],[127.023258,37.635379],[127.023244,37.635308],[127.023236,37.635237],[127.023231,37.635087],[127.023235,37.634938],[127.023263,37.634639],[127.02331,37.63434],[127.023363,37.634043],[127.02342,37.633744],[127.023487,37.633446],[127.023564,37.63315],[127.023652,37.632856],[127.023792,37.632461],[127.024038,37.631815],[127.024783,37.629919],[127.026857,37.624749],[127.028876,37.619717],[127.029553,37.617994],[127.029754,37.61746],[127.029814,37.617292],[127.029832,37.617234],[127.029843,37.617195],[127.029869,37.61706],[127.029893,37.616895],[127.029935,37.616487],[127.030003,37.615449],[127.030061,37.614278],[127.030124,37.613173],[127.030192,37.612671],[127.030266,37.612169],[127.030328,37.611667],[127.03035,37.611415],[127.030363,37.611163],[127.030366,37.610801],[127.030354,37.610439],[127.030325,37.610078],[127.030277,37.609718],[127.030222,37.609456],[127.030184,37.609326],[127.030138,37.609198],[127.030074,37.609045],[127.030002,37.608894],[127.02992,37.608746],[127.029827,37.608603],[127.029649,37.608369],[127.029431,37.608107],[127.029181,37.607825],[127.028907,37.60753],[127.028323,37.606926],[127.027743,37.606351],[127.027467,37.606094],[127.027163,37.605827],[127.026527,37.605296],[127.025957,37.60481],[127.025733,37.604603],[127.025644,37.60451],[127.025571,37.604427],[127.025553,37.604403],[127.025531,37.604371],[127.025476,37.604283],[127.025323,37.60402],[127.024871,37.603198],[127.023606,37.600815],[127.022266,37.598295],[127.021722,37.5973],[127.021507,37.596925],[127.021342,37.596652],[127.021205,37.596449],[127.02113,37.59635],[127.021048,37.596255],[127.020796,37.595993],[127.020501,37.595707],[127.020172,37.595404],[127.019818,37.59509],[127.019074,37.594451],[127.018339,37.593838],[127.017893,37.593477],[127.017662,37.593303],[127.017423,37.593136],[127.017109,37.592937],[127.016944,37.592846],[127.016859,37.592804],[127.016772,37.592765],[127.016526,37.592669],[127.016272,37.592587],[127.016012,37.592517],[127.015748,37.592459],[127.015636,37.59244],[127.015523,37.592427],[127.015294,37.592409],[127.015064,37.592393],[127.014951,37.59238],[127.014838,37.592363],[127.014566,37.592309],[127.014296,37.592246],[127.014032,37.592171],[127.013775,37.592082],[127.01363,37.592023],[127.013466,37.59195],[127.013094,37.591769],[127.012213,37.591305],[127.011249,37.590787],[127.010771,37.590538],[127.010316,37.59031],[127.009302,37.589823],[127.008282,37.589345],[127.007252,37.58888],[127.00621,37.588433],[127.005796,37.588269],[127.005354,37.588106],[127.004449,37.587789],[127.003618,37.58749],[127.003268,37.587351],[127.003117,37.587284],[127.002983,37.58722],[127.002799,37.58712],[127.002622,37.587011],[127.002456,37.586893],[127.002302,37.586765],[127.002036,37.586503],[127.001787,37.58622],[127.001676,37.586076],[127.001578,37.585936],[127.001497,37.585801],[127.001463,37.585737],[127.001435,37.585675],[127.001425,37.58565],[127.001417,37.585626],[127.001404,37.585575],[127.001395,37.585524],[127.00139,37.585472],[127.001387,37.585368],[127.001389,37.585264],[127.001415,37.584897],[127.001469,37.584531],[127.001615,37.583802],[127.001693,37.583475],[127.001785,37.58315],[127.001874,37.582825],[127.001946,37.582497],[127.002005,37.582098],[127.002047,37.581697],[127.002106,37.580894],[127.002128,37.580499],[127.002139,37.580103],[127.00215,37.579311],[127.002171,37.578519],[127.002196,37.578124],[127.002236,37.57773],[127.002278,37.57742],[127.002312,37.577266],[127.002335,37.577191],[127.002364,37.577117],[127.00245,37.576932],[127.002498,37.576839],[127.002552,37.576749],[127.002611,37.576662],[127.002676,37.576581],[127.002711,37.576544],[127.002748,37.576508],[127.002787,37.576475],[127.002828,37.576444],[127.002839,37.576437],[127.002851,37.576429],[127.002877,37.576415],[127.002908,37.5764],[127.002941,37.576386],[127.003017,37.576357],[127.003105,37.576328],[127.003536,37.576208],[127.004022,37.576077],[127.004255,37.576004],[127.004364,37.575966],[127.004466,37.575926],[127.004614,37.575862],[127.004759,37.575792],[127.004897,37.575715],[127.004962,37.575673],[127.005025,37.575629],[127.005122,37.57555],[127.005246,37.575438],[127.005565,37.575128],[127.005958,37.574727],[127.006401,37.574262],[127.007343,37.573242],[127.008202,37.572281],[127.008522,37.571912],[127.008835,37.57154],[127.009135,37.571161],[127.009417,37.570774],[127.009582,37.570522],[127.009655,37.570393],[127.009718,37.57026],[127.009801,37.57005],[127.009871,37.569836],[127.009923,37.56962],[127.009941,37.56951],[127.009952,37.569401],[127.009958,37.569243],[127.009954,37.569084],[127.009922,37.568767],[127.009866,37.568452],[127.009794,37.568139],[127.009721,37.567878],[127.009633,37.56762],[127.009531,37.567365],[127.009418,37.567113],[127.009257,37.566785],[127.009082,37.566462],[127.008891,37.566144],[127.008683,37.565834],[127.00861,37.565739],[127.008531,37.565648],[127.008369,37.565467],[127.008114,37.565167],[127.007863,37.564859],[127.007605,37.564568],[127.007468,37.564436],[127.007397,37.564375],[127.007325,37.564318],[127.007239,37.564256],[127.007149,37.564198],[127.007056,37.564143],[127.006959,37.564091],[127.00686,37.564043],[127.006758,37.563999],[127.006653,37.563959],[127.006547,37.563922],[127.006443,37.563892],[127.006324,37.563864],[127.006046,37.563811],[127.005376,37.563713],[127.004641,37.563615],[127.004281,37.56356],[127.003943,37.5635],[127.00288,37.563271],[127.00148,37.562945],[126.998212,37.562154],[126.995229,37.561429],[126.994183,37.561187],[126.993832,37.561112],[126.993706,37.561088],[126.993617,37.561074],[126.993332,37.561045],[126.993042,37.561026],[126.992747,37.561015],[126.992449,37.561012],[126.991851,37.561019],[126.991255,37.561033],[126.991014,37.561043],[126.990773,37.56106],[126.990292,37.561103],[126.98981,37.561142],[126.989569,37.561153],[126.989328,37.561155],[126.988761,37.561128],[126.987897,37.561066],[126.986845,37.560978],[126.985712,37.560875],[126.984606,37.560767],[126.983635,37.560665],[126.982905,37.560577],[126.982665,37.560542],[126.982582,37.560528],[126.982551,37.560521],[126.982526,37.560515],[126.98244,37.560489],[126.982352,37.560456],[126.982167,37.560376],[126.981774,37.560172],[126.981362,37.55995],[126.981155,37.559847],[126.980948,37.559755],[126.980689,37.559658],[126.98041,37.559567],[126.979833,37.559395],[126.979308,37.559234],[126.979093,37.559154],[126.979003,37.559115],[126.978963,37.559095],[126.978926,37.559075],[126.978857,37.559032],[126.978789,37.558985],[126.978722,37.558933],[126.978655,37.558877],[126.978524,37.558756],[126.978395,37.558627],[126.978131,37.558361],[126.977994,37.558234],[126.977851,37.558117],[126.977627,37.557958],[126.977508,37.557885],[126.977385,37.557817],[126.977212,37.557734],[126.976993,37.557639],[126.976449,37.557418],[126.975137,37.556919],[126.973917,37.556457],[126.973488,37.556282],[126.973344,37.556216],[126.973293,37.55619],[126.973273,37.556178],[126.973257,37.556168],[126.973231,37.556149],[126.973207,37.556129],[126.97316,37.556087],[126.973118,37.556042],[126.973079,37.555996],[126.973007,37.555897],[126.972943,37.555797],[126.97286,37.555656],[126.972786,37.555512],[126.972755,37.555438],[126.972728,37.555364],[126.972706,37.555288],[126.97269,37.555212],[126.97268,37.555132],[126.972676,37.555046],[126.972684,37.55486],[126.972736,37.554446],[126.972795,37.554009],[126.97281,37.553792],[126.972811,37.553686],[126.972806,37.553583],[126.972788,37.553431],[126.972755,37.553239],[126.972651,37.552755],[126.972351,37.551537],[126.972041,37.550271],[126.971923,37.549726],[126.971853,37.549296],[126.971829,37.549041],[126.971814,37.548786],[126.971807,37.548275],[126.971818,37.547764],[126.971834,37.547253],[126.971848,37.546724],[126.971868,37.546195],[126.971906,37.545667],[126.971935,37.545404],[126.971974,37.545142],[126.972026,37.544889],[126.972115,37.544521],[126.972384,37.543505],[126.973131,37.540827],[126.973868,37.538189],[126.974124,37.53722],[126.974205,37.536883],[126.974247,37.536666],[126.974268,37.536504],[126.974281,37.536341],[126.974282,37.53626],[126.974279,37.536179],[126.974271,37.536098],[126.974257,37.536018],[126.974246,37.535973],[126.974231,37.535929],[126.974214,37.535885],[126.974194,37.535842],[126.974149,37.535758],[126.974097,37.535676],[126.973948,37.535475],[126.973768,37.535261],[126.97334,37.534803],[126.972874,37.534328],[126.972427,37.533862],[126.970839,37.532256],[126.969132,37.530539],[126.967664,37.529043],[126.967132,37.528482],[126.966795,37.528099],[126.96668,37.527951],[126.966572,37.527799],[126.966475,37.527643],[126.966392,37.527482],[126.966359,37.527403],[126.966333,37.527321],[126.966313,37.527239],[126.9663,37.527156],[126.966281,37.526949],[126.966277,37.526741],[126.966292,37.526534],[126.966308,37.526431],[126.96633,37.526329],[126.966356,37.526238],[126.966388,37.526149],[126.966467,37.525973],[126.966561,37.525802],[126.966667,37.525635],[126.966732,37.525542],[126.966804,37.525452],[126.966883,37.525367],[126.966926,37.525326],[126.966971,37.525287],[126.967065,37.525215],[126.967185,37.52513],[126.967489,37.524929],[126.96786,37.524698],[126.968273,37.524452],[126.968704,37.524206],[126.969128,37.523972],[126.969522,37.523765],[126.969861,37.5236],[126.970053,37.523517],[126.97025,37.523442],[126.970452,37.523376],[126.970658,37.523319],[126.970833,37.523281],[126.971011,37.523252],[126.971371,37.523207],[126.971732,37.523165],[126.97191,37.523139],[126.972087,37.523105],[126.972479,37.523008],[126.972865,37.522895],[126.973634,37.522661],[126.975884,37.521968],[126.978272,37.521239],[126.980383,37.520581],[126.981203,37.520313],[126.981796,37.520102],[126.982055,37.520007],[126.982313,37.519909],[126.982438,37.519855],[126.982557,37.519795],[126.982615,37.519763],[126.98267,37.519729],[126.982723,37.519693],[126.982774,37.519654],[126.982802,37.51963],[126.982829,37.519605],[126.982879,37.519553],[126.982924,37.519498],[126.982964,37.519441],[126.983002,37.519381],[126.983036,37.519321],[126.983097,37.519198],[126.983139,37.519102],[126.983177,37.519004],[126.983236,37.518805],[126.983279,37.518603],[126.983309,37.5184],[126.983334,37.518124],[126.98335,37.517822],[126.983355,37.5175],[126.98335,37.517165],[126.983336,37.516822],[126.983312,37.516479],[126.983279,37.516142],[126.983237,37.515817],[126.98319,37.515584],[126.9831,37.515213],[126.98281,37.514125],[126.981953,37.511051],[126.981019,37.507694],[126.980635,37.506254],[126.980364,37.505156],[126.980257,37.504697],[126.980216,37.504466],[126.980203,37.50435],[126.980196,37.504234],[126.980199,37.504006],[126.98022,37.503778],[126.980258,37.503552],[126.980309,37.503327],[126.98037,37.503113],[126.980445,37.502902],[126.980535,37.502695],[126.980641,37.502493],[126.980821,37.50221],[126.981025,37.501936],[126.981248,37.501671],[126.981486,37.501416],[126.981616,37.501293],[126.981757,37.501176],[126.982053,37.500954],[126.982346,37.500729],[126.982482,37.50061],[126.982546,37.500548],[126.982607,37.500484],[126.982774,37.500284],[126.982923,37.500074],[126.983054,37.499857],[126.983164,37.499633],[126.983221,37.499487],[126.983266,37.499338],[126.983297,37.499186],[126.983313,37.499034],[126.983315,37.498939],[126.983311,37.498843],[126.983288,37.498653],[126.98321,37.498274],[126.983141,37.49801],[126.983056,37.497744],[126.982863,37.497213],[126.982681,37.496696],[126.982611,37.496446],[126.982563,37.496206],[126.982555,37.496137],[126.98255,37.496048],[126.982543,37.495814],[126.982549,37.495161],[126.982601,37.493384],[126.982654,37.491499],[126.982661,37.490711],[126.982644,37.49013],[126.982621,37.489882],[126.982587,37.489635],[126.982502,37.489142],[126.982411,37.488649],[126.982338,37.488155],[126.982236,37.487095],[126.98216,37.486033],[126.982095,37.484971],[126.982024,37.483909],[126.981913,37.481551],[126.981785,37.479005],[126.981691,37.476835],[126.981673,37.476066],[126.981674,37.475792],[126.981683,37.475603],[126.981734,37.475197],[126.981812,37.474793],[126.981916,37.474393],[126.982043,37.473997],[126.982148,37.473718],[126.982264,37.473442],[126.982524,37.472897],[126.982808,37.472359],[126.983103,37.471825],[126.983287,37.471498],[126.983479,37.471175],[126.983683,37.470855],[126.983902,37.470543],[126.984097,37.47029],[126.984303,37.470042],[126.98452,37.4698],[126.984749,37.469566],[126.984975,37.469356],[126.985212,37.469153],[126.985706,37.468761],[126.9862,37.468369],[126.986438,37.468167],[126.986665,37.467957],[126.986962,37.467661],[126.987248,37.467356],[126.987514,37.467042],[126.987755,37.466716],[126.987839,37.466583],[126.987934,37.466415],[126.988154,37.465989],[126.988686,37.46488],[126.989286,37.463623],[126.98959,37.463012],[126.989886,37.462452],[126.990228,37.461855],[126.99041,37.461561],[126.9906,37.46127],[126.990856,37.460895],[126.991121,37.460523],[126.991401,37.460159],[126.991702,37.459806],[126.991881,37.459622],[126.992073,37.459446],[126.992475,37.459105],[126.992873,37.458763],[126.99306,37.458584],[126.993232,37.458396],[126.993323,37.458282],[126.993418,37.458153],[126.993617,37.457853],[126.994052,37.457136],[126.994523,37.456359],[126.994768,37.455981],[126.995017,37.45563],[126.995193,37.45541],[126.995288,37.455304],[126.995389,37.455201],[126.995613,37.455002],[126.995857,37.454819],[126.996099,37.454655],[126.996349,37.454498],[126.996608,37.45435],[126.996877,37.454216],[126.99718,37.454089],[126.997506,37.453972],[126.998199,37.453754],[126.998907,37.453532],[126.999251,37.453408],[126.99958,37.453272],[127.000165,37.452991],[127.000731,37.452686],[127.001278,37.452358],[127.001803,37.452011],[127.001954,37.451901],[127.0021,37.451786],[127.002237,37.451665],[127.002365,37.451538],[127.002582,37.451292],[127.002819,37.450997],[127.003331,37.450304],[127.003867,37.44955],[127.004391,37.448826],[127.005242,37.447674],[127.006139,37.446476],[127.006945,37.445371],[127.007272,37.444899],[127.007525,37.444504],[127.007722,37.444155],[127.007804,37.443976],[127.00784,37.443885],[127.00787,37.443793],[127.007904,37.443657],[127.007942,37.443469],[127.008027,37.442963],[127.008118,37.442332],[127.008207,37.441631],[127.008289,37.440914],[127.008356,37.440238],[127.008402,37.439658],[127.008421,37.439229],[127.008418,37.439025],[127.008405,37.438821],[127.008378,37.438618],[127.008335,37.438417],[127.008303,37.43831],[127.008263,37.438205],[127.008215,37.438102],[127.00816,37.438001],[127.008058,37.437843],[127.007946,37.43769],[127.0077,37.437392],[127.007446,37.437097],[127.007207,37.436796],[127.006991,37.436487],[127.006778,37.436163],[127.006363,37.435503],[127.005961,37.43488],[127.005763,37.434602],[127.005568,37.434358],[127.005455,37.434235],[127.005334,37.434116],[127.005204,37.434003],[127.005067,37.433896],[127.004958,37.43382],[127.004844,37.43375],[127.004726,37.433684],[127.004603,37.433623],[127.004425,37.433544],[127.004243,37.433473],[127.004056,37.433409],[127.003864,37.433355],[127.00374,37.433327],[127.003614,37.433306],[127.003487,37.43329],[127.003359,37.433278],[127.003119,37.433264],[127.00282,37.433255],[127.00208,37.433248],[127.000291,37.433259],[126.998587,37.433272],[126.997952,37.433265],[126.997721,37.433256],[126.997631,37.43325],[126.99756,37.433243],[126.997162,37.433178],[126.99677,37.433089],[126.996387,37.432977],[126.996015,37.432846],[126.995817,37.432766],[126.995626,37.432676],[126.995533,37.432627],[126.995444,37.432575],[126.995359,37.432519],[126.995277,37.43246],[126.995256,37.432443],[126.995232,37.432421],[126.995169,37.43236],[126.994996,37.432178],[126.99449,37.431613],[126.99308,37.429987],[126.991596,37.428277],[126.990998,37.427608],[126.990765,37.427359],[126.990587,37.42718],[126.990375,37.426995],[126.990151,37.42682],[126.989923,37.426647],[126.989702,37.426469],[126.988286,37.425238],[126.98683,37.423937],[126.986146,37.423311],[126.985521,37.422728],[126.984979,37.422208],[126.984543,37.421772],[126.984133,37.421337],[126.98374,37.420892],[126.983365,37.420438],[126.983012,37.419973],[126.982556,37.419317],[126.98213,37.418649],[126.981732,37.417969],[126.981358,37.417281],[126.980972,37.416517],[126.980613,37.415745],[126.980445,37.415355],[126.980287,37.414964],[126.980138,37.41457],[126.979999,37.414175],[126.979847,37.413665],[126.979664,37.412957],[126.979232,37.41113],[126.978761,37.40906],[126.978309,37.407111],[126.978008,37.406125],[126.977697,37.405137],[126.977406,37.404152],[126.977277,37.403662],[126.977165,37.403174],[126.977093,37.402769],[126.977034,37.402332],[126.976943,37.401437],[126.97686,37.400639],[126.976813,37.400324],[126.976786,37.400196],[126.976756,37.400091],[126.976736,37.400036],[126.976712,37.399982],[126.976657,37.399877],[126.976593,37.399774],[126.976523,37.399674],[126.976317,37.399407],[126.976093,37.39915],[126.975851,37.398902],[126.975594,37.398665],[126.975399,37.398504],[126.975194,37.39835],[126.974978,37.398206],[126.974751,37.398075],[126.974611,37.398004],[126.974466,37.397939],[126.974168,37.397821],[126.973559,37.397603],[126.972772,37.397323],[126.971605,37.39692],[126.968364,37.395819],[126.959902,37.392977],[126.951924,37.3903],[126.94929,37.389405],[126.948517,37.389135],[126.948292,37.389053],[126.948224,37.389026],[126.9482,37.389016],[126.948185,37.389009],[126.948159,37.388995],[126.948129,37.388977],[126.948054,37.38893],[126.947853,37.388791],[126.947273,37.388367],[126.945643,37.387134],[126.943852,37.385783],[126.94307,37.38521],[126.942455,37.384783],[126.9422,37.384623],[126.941938,37.38447],[126.941404,37.384175],[126.940871,37.383878],[126.940611,37.383723],[126.940359,37.38356],[126.940164,37.383425],[126.939974,37.383286],[126.939793,37.383139],[126.939626,37.382983],[126.939506,37.382852],[126.939397,37.382715],[126.939299,37.382573],[126.939211,37.382427],[126.939075,37.382162],[126.938959,37.38189],[126.938863,37.381613],[126.938787,37.381333],[126.938739,37.381089],[126.938709,37.380843],[126.938697,37.380596],[126.938703,37.380349],[126.938724,37.38014],[126.93876,37.379931],[126.938811,37.379725],[126.938879,37.379522],[126.938963,37.379325],[126.939062,37.379133],[126.939176,37.378946],[126.9393,37.378763],[126.939423,37.378603],[126.939557,37.378448],[126.939842,37.378148],[126.940131,37.37785],[126.94027,37.377698],[126.9404,37.377541],[126.940624,37.377246],[126.940837,37.376946],[126.941037,37.376641],[126.941224,37.376331],[126.941585,37.37565],[126.942146,37.374529],[126.942837,37.373116],[126.943586,37.371561],[126.944321,37.370012],[126.944973,37.368619],[126.945469,37.367529],[126.945636,37.367144],[126.945738,37.366891],[126.945792,37.366723],[126.945812,37.366638],[126.945826,37.366552],[126.94584,37.366386],[126.945843,37.366219],[126.945833,37.366052],[126.945807,37.365887],[126.945759,37.3657],[126.945694,37.365516],[126.945613,37.365336],[126.945518,37.365161],[126.945435,37.365033],[126.94534,37.364909],[126.945237,37.36479],[126.945126,37.364676],[126.945009,37.364567],[126.944885,37.364464],[126.944755,37.364365],[126.944619,37.364272],[126.944505,37.364203],[126.94432,37.364096],[126.943752,37.363782],[126.941964,37.362815],[126.936828,37.360077],[126.931629,37.357304],[126.92976,37.356295],[126.929141,37.355952],[126.928782,37.355744],[126.928516,37.355574],[126.928255,37.355399],[126.928005,37.355214],[126.927769,37.355019],[126.927572,37.354835],[126.927386,37.354644],[126.927214,37.354444],[126.927054,37.354239],[126.926854,37.353949],[126.926673,37.35365],[126.926511,37.353344],[126.926366,37.353034],[126.926184,37.352561],[126.925926,37.351812],[126.925613,37.350855],[126.925267,37.349761],[126.924909,37.348599],[126.924561,37.347439],[126.924246,37.346351],[126.923985,37.345405],[126.923865,37.344917],[126.923757,37.344426],[126.923551,37.343444],[126.922334,37.336131],[126.922218,37.335551],[126.922156,37.335262],[126.922079,37.334975],[126.921926,37.334526],[126.921835,37.334305],[126.921731,37.334088],[126.921551,37.333767],[126.921351,37.333453],[126.921138,37.333144],[126.920916,37.332839],[126.920536,37.332338],[126.920137,37.331837],[126.919298,37.33083],[126.918435,37.329823],[126.917584,37.328816],[126.904475,37.3132],[126.903278,37.311824],[126.901993,37.310334],[126.900885,37.309071],[126.900481,37.308632],[126.900332,37.308479],[126.900272,37.308422],[126.900222,37.308378],[126.900051,37.308242],[126.899872,37.308112],[126.899496,37.307868],[126.8991,37.307642],[126.898694,37.30743],[126.898279,37.307233],[126.897851,37.307052],[126.897414,37.306886],[126.896971,37.306732],[126.896623,37.306624],[126.89608,37.306464],[126.89452,37.306025],[126.892515,37.305473],[126.890291,37.30487],[126.88807,37.304276],[126.88608,37.303752],[126.884544,37.303358],[126.884016,37.303229],[126.883686,37.303155],[126.883242,37.303077],[126.882793,37.303016],[126.882342,37.302966],[126.88189,37.302923],[126.88093,37.302845],[126.879722,37.302761],[126.878363,37.302676],[126.876949,37.302596],[126.875575,37.302525],[126.874338,37.30247],[126.873333,37.302434],[126.872656,37.302424],[126.871938,37.302449],[126.870832,37.302509],[126.869463,37.302595],[126.867961,37.302698],[126.866452,37.302809],[126.865063,37.302919],[126.863923,37.303019],[126.863159,37.3031],[126.862608,37.303174],[126.862058,37.303261],[126.861516,37.303368],[126.861248,37.303432],[126.860984,37.303503],[126.860731,37.303583],[126.860484,37.303675],[126.860244,37.303778],[126.860011,37.30389],[126.85969,37.304059],[126.859378,37.304241],[126.85908,37.304436],[126.858798,37.304644],[126.858723,37.304708],[126.858614,37.304808],[126.858304,37.305106],[126.857367,37.306036],[126.854695,37.30874],[126.851836,37.311631],[126.850666,37.312794],[126.850203,37.313244],[126.849844,37.313583],[126.849426,37.313958],[126.849209,37.314139],[126.848982,37.314312],[126.848792,37.314445],[126.848597,37.314573],[126.848394,37.314693],[126.848184,37.314805],[126.847849,37.314965],[126.847504,37.315113],[126.847149,37.315245],[126.846786,37.315359],[126.846545,37.315423],[126.846301,37.31548],[126.845807,37.315576],[126.845307,37.315652],[126.844804,37.315715],[126.844616,37.315732],[126.844299,37.315754],[126.843311,37.315814],[126.840145,37.315986],[126.830891,37.316458],[126.821232,37.316951],[126.81756,37.31715],[126.816243,37.317227],[126.815359,37.317287],[126.814772,37.317334],[126.81448,37.317364],[126.81419,37.317404],[126.813867,37.317459],[126.813547,37.317524],[126.81323,37.317597],[126.812916,37.317679],[126.812589,37.317776],[126.812266,37.317883],[126.811947,37.317998],[126.811633,37.318119],[126.811258,37.318274],[126.810759,37.318492],[126.809464,37.319075],[126.80621,37.320573],[126.803074,37.322019],[126.801925,37.322536],[126.801521,37.32271],[126.801256,37.322816],[126.80089,37.322938],[126.800516,37.323045],[126.800138,37.323142],[126.799757,37.323232],[126.799374,37.323314],[126.798987,37.323386],[126.798208,37.323514],[126.797431,37.323645],[126.797045,37.32372],[126.796664,37.323807],[126.796157,37.32394],[126.795657,37.324088],[126.795163,37.32425],[126.794677,37.324425],[126.794291,37.324582],[126.793638,37.324862],[126.791677,37.325723],[126.789085,37.326875],[126.786153,37.328189],[126.783173,37.329534],[126.780437,37.330777],[126.778234,37.33179],[126.776857,37.332439],[126.775616,37.333066],[126.773771,37.334024],[126.771535,37.335198],[126.76912,37.336476],[126.766741,37.337744],[126.76461,37.33889],[126.762941,37.339799],[126.761947,37.340358],[126.761632,37.340546],[126.761322,37.340739],[126.761021,37.340941],[126.760737,37.341156],[126.760502,37.341358],[126.760282,37.341571],[126.760074,37.341792],[126.759879,37.342019],[126.759746,37.34219],[126.759584,37.342416],[126.759188,37.342999],[126.758233,37.344466],[126.757293,37.345911],[126.756916,37.346466],[126.756766,37.346673],[126.756647,37.346824],[126.756485,37.347002],[126.75631,37.347173],[126.756125,37.347337],[126.755934,37.347497],[126.755741,37.347649],[126.755541,37.347795],[126.755334,37.347935],[126.755121,37.348068],[126.754764,37.348265],[126.754389,37.348439],[126.754137,37.348539],[126.753879,37.348631],[126.753355,37.3488],[126.75201,37.349211],[126.750258,37.349721],[126.74618,37.350879],[126.742405,37.351948],[126.741032,37.352349],[126.740545,37.352498],[126.740217,37.352606],[126.739893,37.352725],[126.739574,37.352853],[126.739262,37.352991],[126.73896,37.353142],[126.73882,37.353222],[126.738685,37.353308],[126.738429,37.353492],[126.738121,37.353742],[126.737975,37.353873],[126.737837,37.354009],[126.737693,37.354164],[126.737556,37.354323],[126.737428,37.354487],[126.737309,37.354654],[126.73711,37.354977],[126.737024,37.355143],[126.736948,37.355312],[126.736861,37.355543],[126.736789,37.355778],[126.73673,37.356015],[126.736682,37.356253],[126.736649,37.35652],[126.736642,37.356788],[126.736651,37.356996],[126.736671,37.357203],[126.736701,37.35741],[126.736745,37.357615],[126.736815,37.357863],[126.736896,37.358108],[126.737086,37.358593],[126.73729,37.359075],[126.737487,37.359559]]}},{"type":"Feature","properties":{"r":"KR","g":"kr","col":"#00a23f","n":"서울 지하철 2호선","ct":"首尔","jk":"subway"},"geometry":{"type":"MultiLineString","coordinates":[[[126.8519545,37.5223237],[126.85199,37.52226],[126.852274,37.521707],[126.852539,37.521147],[126.853057,37.520024],[126.85385,37.518241],[126.854701,37.516348],[126.855436,37.514674],[126.855707,37.51402],[126.855884,37.513544],[126.855942,37.513342],[126.855986,37.513139],[126.856056,37.512727],[126.856132,37.512317],[126.856184,37.512115],[126.856253,37.511916],[126.856305,37.511795],[126.856366,37.511677],[126.8564,37.511619],[126.856437,37.511562],[126.856478,37.511507],[126.856522,37.511454],[126.856594,37.511376],[126.85667,37.511301],[126.856751,37.511228],[126.856836,37.511158],[126.857016,37.511027],[126.857209,37.510908],[126.857275,37.510873],[126.857342,37.51084],[126.857483,37.510782],[126.857629,37.510732],[126.857778,37.51069],[126.858062,37.510623],[126.858352,37.510571],[126.858646,37.510535],[126.858941,37.510517],[126.859101,37.510516],[126.859261,37.51052],[126.85958,37.510544],[126.859897,37.510583],[126.860212,37.510632],[126.860515,37.510691],[126.860815,37.510762],[126.861407,37.510922],[126.862405,37.511202],[126.863397,37.511497],[126.864384,37.511803],[126.865366,37.512117],[126.866568,37.512497],[126.86716,37.512703],[126.86745,37.512816],[126.867733,37.512938],[126.867953,37.513046],[126.868164,37.513165],[126.868572,37.51342],[126.868979,37.513675],[126.86919,37.513795],[126.869408,37.513905],[126.86976,37.514058],[126.870142,37.514206],[126.870969,37.514497],[126.871828,37.51479],[126.872252,37.514942],[126.872661,37.515099],[126.872936,37.515215],[126.873207,37.515337],[126.873743,37.515591],[126.874283,37.515837],[126.874559,37.515951],[126.874841,37.516054],[126.875149,37.516153],[126.875464,37.516241],[126.875784,37.516314],[126.876108,37.516372],[126.876336,37.5164],[126.876566,37.516416],[126.876797,37.516422],[126.877028,37.516419],[126.877324,37.516405],[126.87762,37.516378],[126.877913,37.516341],[126.878204,37.516292],[126.878577,37.516213],[126.878946,37.516118],[126.879308,37.516011],[126.879666,37.515894],[126.879952,37.515789],[126.880233,37.515675],[126.880783,37.515429],[126.881432,37.515113],[126.882127,37.514754],[126.883536,37.513995],[126.884761,37.513333],[126.885227,37.513095],[126.88541,37.513008],[126.885555,37.512948],[126.885768,37.512876],[126.885987,37.512814],[126.886434,37.512713],[126.886885,37.512618],[126.887109,37.512566],[126.887329,37.512507],[126.88769,37.512405],[126.888051,37.512299],[126.888228,37.512241],[126.888402,37.512178],[126.888571,37.512108],[126.888734,37.51203],[126.888791,37.511999],[126.888847,37.511965],[126.888901,37.511929],[126.888953,37.511892],[126.889051,37.511812],[126.88914,37.511726],[126.889218,37.511638],[126.889287,37.511545],[126.889409,37.511352],[126.889525,37.511155],[126.889586,37.511058],[126.889653,37.510964],[126.889978,37.510564],[126.890323,37.510173],[126.890669,37.509784],[126.890999,37.509386],[126.891154,37.509192],[126.891225,37.509092],[126.891257,37.50904],[126.891284,37.508987],[126.891299,37.508951],[126.891311,37.508914],[126.891329,37.508839],[126.891359,37.508687]],[[126.892544,37.500656],[126.892586,37.500462],[126.892637,37.500269],[126.892759,37.499886],[126.892841,37.499667],[126.892933,37.499451],[126.89313,37.499021],[126.893321,37.498591],[126.893406,37.498373],[126.893478,37.498152],[126.893524,37.497972],[126.893559,37.497792],[126.893611,37.497427],[126.89366,37.497062],[126.89369,37.49688],[126.893729,37.496699],[126.893793,37.496461],[126.893867,37.496225],[126.894029,37.495756],[126.894772,37.493696],[126.895602,37.49148],[126.895994,37.490466],[126.896341,37.489594],[126.896619,37.488926],[126.896726,37.488688],[126.896808,37.488523],[126.8969,37.488366],[126.897002,37.488214],[126.897115,37.488066],[126.897237,37.487923],[126.897445,37.487706],[126.897667,37.487497],[126.897902,37.487298],[126.898149,37.487108],[126.898417,37.486917],[126.898691,37.486732],[126.899257,37.486378],[126.899843,37.486043],[126.900441,37.485724],[126.900881,37.485509],[126.901109,37.485413],[126.901344,37.485328],[126.901678,37.485226],[126.90202,37.485138],[126.902367,37.485065],[126.902718,37.485011],[126.903036,37.484976],[126.90338,37.484947],[126.903742,37.484926],[126.904115,37.484911],[126.904492,37.484904],[126.904865,37.484905],[126.905226,37.484913],[126.905569,37.48493],[126.905813,37.484952],[126.906055,37.484986],[126.906295,37.485029],[126.906533,37.485079],[126.906999,37.485189],[126.9075,37.485318],[126.908029,37.485464],[126.908576,37.485623],[126.909687,37.485968],[126.910762,37.486328],[126.911157,37.486468],[126.911548,37.486616],[126.911931,37.486775],[126.912303,37.48695],[126.912684,37.487159],[126.913128,37.487428],[126.914126,37.488068],[126.915124,37.488709],[126.91557,37.488979],[126.915953,37.489189],[126.916049,37.489235],[126.916148,37.489277],[126.91625,37.489316],[126.916353,37.489351],[126.916715,37.48946],[126.917083,37.489557],[126.917456,37.489636],[126.917645,37.489666],[126.917836,37.489689],[126.918223,37.489715],[126.918613,37.489717],[126.919001,37.489696],[126.919386,37.489652],[126.919505,37.489632],[126.919623,37.489609],[126.919856,37.48955],[126.920085,37.48948],[126.920309,37.489403],[126.920532,37.48932],[126.92075,37.489229],[126.920961,37.489129],[126.921162,37.489017],[126.921289,37.488935],[126.921412,37.488849],[126.921645,37.488666],[126.921867,37.488473],[126.922083,37.488276],[126.922459,37.487915],[126.922832,37.487529],[126.923578,37.486713],[126.924338,37.48588],[126.924729,37.485472],[126.92513,37.48508],[126.925387,37.48484],[126.925524,37.484727],[126.925596,37.484673],[126.925672,37.484623],[126.925751,37.484576],[126.925832,37.484532],[126.926001,37.484451],[126.926176,37.484379],[126.926355,37.484313],[126.926602,37.48423],[126.926854,37.484156],[126.927111,37.484096],[126.927241,37.484073],[126.927373,37.484055],[126.92753,37.484041],[126.927688,37.484034],[126.928006,37.484038],[126.928323,37.484056],[126.92864,37.48408],[126.929255,37.484141],[126.929982,37.484233],[126.931595,37.484467],[126.933119,37.484689],[126.933735,37.484767],[126.933987,37.484792],[126.934194,37.484807],[126.934631,37.484822],[126.93507,37.484821],[126.935507,37.484798],[126.935724,37.484776],[126.935939,37.484747],[126.936015,37.484734],[126.93609,37.484717],[126.936239,37.484678],[126.936527,37.484581],[126.936975,37.484404],[126.937489,37.484179],[126.938637,37.483642],[126.939813,37.483094],[126.940362,37.482853],[126.940857,37.482655],[126.941247,37.482521],[126.941447,37.482463],[126.941651,37.482416],[126.941758,37.482397],[126.941913,37.482375],[126.942353,37.482319],[126.943666,37.482171],[126.947295,37.481793],[126.950876,37.48142],[126.952129,37.481279],[126.95253,37.481227],[126.952663,37.481207],[126.952712,37.481199],[126.952747,37.481191],[126.952764,37.481187],[126.952785,37.48118],[126.952841,37.481162],[126.953005,37.481105],[126.953522,37.480914],[126.955189,37.480274],[126.960021,37.478385],[126.964893,37.47648],[126.966608,37.475821],[126.967157,37.475618],[126.967338,37.475554],[126.967403,37.475532],[126.967451,37.475518],[126.967797,37.475431],[126.968148,37.475361],[126.968505,37.475306],[126.968864,37.475266],[126.969146,37.475245],[126.969429,37.475236],[126.969712,37.47524],[126.969993,37.475261],[126.970145,37.475282],[126.970328,37.475314],[126.970773,37.475407],[126.971896,37.475674],[126.97316,37.475975],[126.973781,37.476113],[126.974363,37.476227],[126.974931,37.476324],[126.975502,37.476411],[126.976075,37.476484],[126.976651,37.476543],[126.977321,37.476591],[126.977993,37.476622],[126.978667,37.476637],[126.97934,37.476641],[126.979872,37.476632],[126.980403,37.47661],[126.981466,37.476545],[126.982528,37.476485],[126.983059,37.476469],[126.983591,37.476467],[126.983958,37.476475],[126.984325,37.476491],[126.98469,37.47652],[126.985052,37.476568],[126.985171,37.47659],[126.985288,37.476617],[126.985402,37.47665],[126.985514,37.476688],[126.985672,37.476752],[126.985863,37.476839],[126.98633,37.477068],[126.987502,37.477678],[126.988806,37.478354],[126.989438,37.478665],[126.990018,37.478931],[126.990293,37.479044],[126.990573,37.47915],[126.991141,37.479349],[126.992962,37.479968],[126.994926,37.480614],[126.995837,37.480905],[126.996633,37.481151],[126.997265,37.481336],[126.997503,37.481401],[126.997682,37.481443],[126.997942,37.481489],[126.998205,37.481521],[126.998738,37.481562],[126.999271,37.4816],[126.999535,37.481628],[126.999797,37.481669],[127.000157,37.48174],[127.000535,37.481824],[127.001298,37.482013],[127.001657,37.482112],[127.001984,37.482211],[127.002266,37.482306],[127.002491,37.482394],[127.002558,37.482425],[127.002624,37.482459],[127.002749,37.482533],[127.002867,37.482615],[127.002978,37.482703],[127.003059,37.482776],[127.003134,37.482853],[127.003202,37.482934],[127.003262,37.483019],[127.003359,37.483177],[127.003448,37.483338],[127.003602,37.483668],[127.003732,37.484005],[127.003841,37.484346],[127.003883,37.48451],[127.003927,37.484714],[127.004015,37.485226],[127.004207,37.486549],[127.004421,37.488047],[127.004539,37.488778],[127.004666,37.489453],[127.004755,37.489954],[127.004783,37.490078],[127.004817,37.490201],[127.00486,37.490321],[127.004914,37.490439],[127.004943,37.49049],[127.004976,37.490539],[127.005012,37.490587],[127.005051,37.490633],[127.005135,37.490723],[127.005224,37.49081],[127.005333,37.49091],[127.005449,37.491006],[127.005509,37.491051],[127.005572,37.491094],[127.005638,37.491135],[127.005706,37.491172],[127.005797,37.491216],[127.005896,37.491259],[127.006114,37.491342],[127.006606,37.4915],[127.007133,37.491652],[127.007642,37.491807],[127.025112,37.497153],[127.044331,37.503041],[127.060053,37.507846],[127.064964,37.509333],[127.066395,37.50976],[127.066819,37.509883],[127.066953,37.50992],[127.067034,37.509941],[127.067342,37.510005],[127.06782,37.510093],[127.069184,37.510331],[127.070929,37.510621],[127.072857,37.510933],[127.074772,37.511236],[127.076477,37.511497],[127.077774,37.511685],[127.078209,37.511742],[127.078361,37.51176],[127.078467,37.511769],[127.078569,37.511773],[127.078711,37.511775],[127.079104,37.511772],[127.080256,37.511744],[127.083448,37.511636],[127.086727,37.511525],[127.087989,37.511494],[127.088454,37.511489],[127.08878,37.511493],[127.089389,37.511524],[127.090179,37.511579],[127.091094,37.511653],[127.092078,37.511741],[127.093075,37.511838],[127.09403,37.511939],[127.094887,37.512038],[127.095591,37.51213],[127.096063,37.512205],[127.096533,37.512293],[127.096999,37.51239],[127.097463,37.512493],[127.098034,37.512629],[127.098602,37.512774],[127.099728,37.513088],[127.100406,37.513286],[127.101081,37.51349],[127.101749,37.513707],[127.102407,37.513942],[127.10269,37.514052],[127.102827,37.514114],[127.102892,37.514148],[127.102956,37.514185],[127.103015,37.514223],[127.103071,37.514264],[127.103178,37.51435],[127.103381,37.514532],[127.103752,37.514874],[127.10393,37.515051],[127.104098,37.515233],[127.104253,37.515413],[127.104402,37.515597],[127.104539,37.515786],[127.104661,37.515981],[127.104767,37.516185],[127.104859,37.516394],[127.104934,37.516607],[127.104994,37.516823],[127.105049,37.517092],[127.105086,37.517364],[127.1051,37.517636],[127.105089,37.517908],[127.105072,37.51805],[127.105047,37.518191],[127.104978,37.518471],[127.104887,37.518747],[127.104781,37.51902],[127.104637,37.519337],[127.104447,37.519711],[127.10422,37.52013],[127.103966,37.520579],[127.103419,37.521514],[127.102885,37.522408],[127.10206,37.523758],[127.100926,37.525575],[127.099597,37.527679],[127.098188,37.529893],[127.096812,37.532038],[127.095584,37.533936],[127.094616,37.535409],[127.094024,37.536278],[127.093783,37.536604],[127.093652,37.536762],[127.093509,37.536913],[127.093387,37.537024],[127.093257,37.53713],[127.093119,37.53723],[127.092974,37.537322],[127.092654,37.537502],[127.092321,37.537668],[127.092149,37.537743],[127.091974,37.537812],[127.091795,37.537875],[127.091612,37.537929],[127.091467,37.537965],[127.09132,37.537995],[127.091171,37.538019],[127.091021,37.538039],[127.090717,37.538063],[127.090413,37.53807],[127.09027,37.538067],[127.090128,37.538058],[127.089844,37.538028],[127.089563,37.537984],[127.089283,37.537935],[127.088704,37.537814],[127.087995,37.537644],[127.086408,37.537234],[127.084964,37.536858],[127.084432,37.536731],[127.084238,37.536692],[127.084162,37.536679],[127.084101,37.536671],[127.083934,37.536659],[127.083766,37.536653],[127.083597,37.536655],[127.083428,37.536661],[127.083092,37.536689],[127.082759,37.536732],[127.082666,37.536748],[127.082539,37.536772],[127.082192,37.536846],[127.081181,37.537079],[127.079855,37.537399],[127.078344,37.537773],[127.076778,37.538168],[127.075288,37.538552],[127.074003,37.538893],[127.073054,37.539158],[127.072221,37.539414],[127.071223,37.539738],[127.068886,37.540529],[127.066346,37.541405],[127.063907,37.542238],[127.05989,37.543434],[127.055739,37.544663],[127.051856,37.545827],[127.050142,37.546354],[127.048646,37.546829],[127.047891,37.54707],[127.047108,37.547323],[127.046736,37.54745],[127.046392,37.547574],[127.046089,37.547693],[127.045837,37.547807],[127.045644,37.547911],[127.04546,37.548025],[127.045287,37.548151],[127.045127,37.548285],[127.045082,37.548328],[127.045039,37.548372],[127.04496,37.548465],[127.044888,37.548562],[127.044822,37.548661],[127.044726,37.548822],[127.04464,37.548987],[127.044567,37.549155],[127.044507,37.549327],[127.044465,37.549481],[127.044432,37.549637],[127.044384,37.549951],[127.044325,37.550583],[127.044301,37.550992],[127.044293,37.551402],[127.044284,37.551811],[127.044257,37.55222],[127.044192,37.55278],[127.044112,37.553339],[127.043925,37.554454],[127.043721,37.555568],[127.043525,37.556682],[127.043434,37.557532],[127.043345,37.558434],[127.043251,37.559231],[127.043199,37.559539],[127.043171,37.559663],[127.043142,37.559762],[127.043085,37.559905],[127.043012,37.560044],[127.042971,37.560112],[127.042925,37.560178],[127.042877,37.560243],[127.042824,37.560305],[127.042759,37.560374],[127.042689,37.560441],[127.042615,37.560505],[127.042537,37.560566],[127.042374,37.560683],[127.042203,37.560791],[127.042049,37.560878],[127.041888,37.560958],[127.041721,37.561029],[127.041548,37.561091],[127.041357,37.561147],[127.041161,37.561191],[127.040961,37.561227],[127.04076,37.561254],[127.04054,37.561272],[127.040318,37.56128],[127.039874,37.561282],[127.039302,37.561283],[127.038671,37.561274],[127.037374,37.561246],[127.036266,37.561228],[127.035872,37.561234],[127.03573,37.561242],[127.035675,37.561247],[127.035651,37.561251],[127.035631,37.561254],[127.035601,37.56126],[127.035572,37.561268],[127.035514,37.561285],[127.035458,37.561306],[127.035403,37.56133],[127.035296,37.561382],[127.035191,37.561436],[127.034934,37.561578],[127.034688,37.561731],[127.03421,37.562054],[127.033734,37.562379],[127.033488,37.562533],[127.033233,37.562677],[127.032823,37.562885],[127.032338,37.563118],[127.031802,37.563363],[127.03124,37.563612],[127.030675,37.563853],[127.030133,37.564076],[127.029637,37.56427],[127.029212,37.564425],[127.028778,37.564568],[127.028337,37.564697],[127.027888,37.564806],[127.027432,37.564892],[127.027112,37.564931],[127.026756,37.564956],[127.02597,37.564984],[127.025142,37.56501],[127.024733,37.565032],[127.024339,37.565067],[127.02391,37.565123],[127.023473,37.565195],[127.022597,37.56536],[127.021755,37.565517],[127.02136,37.565576],[127.020991,37.565616],[127.0207,37.565634],[127.020408,37.565645],[127.019823,37.565647],[127.019237,37.565629],[127.018653,37.5656],[127.017931,37.565545],[127.017052,37.565457],[127.015078,37.565229],[127.013236,37.565016],[127.012523,37.564945],[127.012246,37.564924],[127.012033,37.564914],[127.011853,37.564915],[127.011672,37.564924],[127.011314,37.564961],[127.010949,37.56502],[127.01059,37.565101],[127.010224,37.565203],[127.009864,37.565316],[127.009153,37.565563],[127.008441,37.56581],[127.008081,37.565923],[127.007715,37.566025],[127.006849,37.566231],[127.005973,37.566411],[127.005089,37.566567],[127.004201,37.566701],[127.003841,37.566748],[127.00348,37.566786],[127.003117,37.566814],[127.002753,37.566829],[127.002375,37.566825],[127.001724,37.566805],[126.999735,37.566724],[126.993949,37.566457],[126.987528,37.566163],[126.984747,37.566049],[126.982607,37.565978],[126.98206,37.56597],[126.981467,37.565971],[126.980252,37.565981],[126.979186,37.565983],[126.978779,37.565971],[126.97862,37.565961],[126.978552,37.565954],[126.978494,37.565947],[126.978353,37.565921],[126.978215,37.565886],[126.978147,37.565865],[126.978081,37.565841],[126.978016,37.565815],[126.977953,37.565787],[126.977919,37.56577],[126.977886,37.565751],[126.977854,37.565732],[126.977823,37.565711],[126.977764,37.565666],[126.97771,37.565619],[126.977624,37.565534],[126.977536,37.565437],[126.977357,37.565218],[126.977002,37.564731],[126.976683,37.564287],[126.976612,37.564198],[126.976547,37.564122],[126.976517,37.56409],[126.976488,37.564061],[126.97646,37.564037],[126.976447,37.564026],[126.976434,37.564017],[126.976405,37.563998],[126.976369,37.563978],[126.976275,37.563931],[126.976015,37.563817],[126.975677,37.563682],[126.975283,37.563536],[126.974419,37.563236],[126.973604,37.562976],[126.973007,37.562815],[126.972234,37.562629],[126.970408,37.562222],[126.96863,37.561826],[126.967914,37.561654],[126.967628,37.561579],[126.967399,37.561512],[126.967254,37.561463],[126.967112,37.56141],[126.966972,37.561351],[126.966837,37.561287],[126.96663,37.561177],[126.966363,37.561024],[126.96568,37.560614],[126.96398,37.559554],[126.962316,37.558516],[126.961679,37.558133],[126.96144,37.557997],[126.961345,37.557947],[126.961267,37.557908],[126.960908,37.557748],[126.960538,37.557603],[126.960157,37.557479],[126.959962,37.557427],[126.959765,37.557383],[126.959623,37.557358],[126.95948,37.557339],[126.95919,37.557315],[126.958898,37.557306],[126.958606,37.557303],[126.958296,37.557308],[126.957987,37.557324],[126.95737,37.557375],[126.956753,37.557426],[126.956444,37.557443],[126.956134,37.557449],[126.955771,37.557441],[126.955206,37.55742],[126.953583,37.557341],[126.951493,37.557227],[126.949162,37.557091],[126.946816,37.556947],[126.944682,37.556807],[126.942987,37.556687],[126.941957,37.556599],[126.941468,37.556537],[126.941225,37.556496],[126.940986,37.556446],[126.94051,37.556319],[126.939934,37.556143],[126.93866,37.555723],[126.93753,37.555348],[126.937133,37.555228],[126.936997,37.555193],[126.936946,37.555183],[126.936926,37.55518],[126.936917,37.55518],[126.936909,37.555179],[126.93688,37.555178],[126.936852,37.555179],[126.936824,37.555181],[126.936795,37.555184],[126.936739,37.555194],[126.936683,37.555207],[126.936464,37.55527],[126.936203,37.555351],[126.935834,37.555477],[126.934828,37.555839],[126.932145,37.556836],[126.929328,37.557882],[126.928153,37.558305],[126.927287,37.558597],[126.92708,37.558663],[126.927028,37.558678],[126.926975,37.558691],[126.926921,37.558701],[126.926867,37.558709],[126.926734,37.55872],[126.926666,37.558722],[126.926599,37.558722],[126.926532,37.558718],[126.926465,37.558712],[126.9264,37.558703],[126.926335,37.55869],[126.926273,37.558673],[126.926212,37.558653],[126.926153,37.558629],[126.926096,37.558602],[126.925984,37.558543],[126.925877,37.558481],[126.925782,37.55842],[126.925629,37.558315],[126.925165,37.557984],[126.923716,37.556925],[126.921778,37.55549],[126.919602,37.553866],[126.917437,37.552241],[126.915534,37.550801],[126.914142,37.549733],[126.913715,37.549397],[126.913583,37.549289],[126.913539,37.549251],[126.91351,37.549224],[126.913233,37.548924],[126.912983,37.548609],[126.912759,37.548281],[126.912559,37.547944],[126.912494,37.547819],[126.91243,37.54768],[126.912306,37.547373],[126.912064,37.546677],[126.911815,37.545964],[126.911682,37.545633],[126.91154,37.545337],[126.911442,37.54517],[126.911332,37.545008],[126.911093,37.544692],[126.910554,37.544036],[126.909773,37.54313],[126.907728,37.540812],[126.905446,37.538219],[126.904368,37.536971],[126.903413,37.535835],[126.902526,37.534748],[126.901541,37.533522],[126.899529,37.530977],[126.89863,37.529821],[126.897887,37.52885],[126.897364,37.528147],[126.897205,37.527921],[126.897155,37.527844],[126.897137,37.527815],[126.897125,37.527792],[126.89712,37.527781],[126.897114,37.527765],[126.8971,37.527724],[126.897063,37.527601],[126.896957,37.527202],[126.896639,37.525898],[126.895749,37.522092],[126.894854,37.518265],[126.894529,37.516934],[126.89442,37.516518],[126.894381,37.516386],[126.894365,37.51634],[126.894353,37.516308],[126.894231,37.516058],[126.894087,37.515815],[126.89392,37.515582],[126.893731,37.51536],[126.893689,37.515318],[126.893635,37.515268],[126.893493,37.515148],[126.893098,37.514837],[126.892041,37.514048],[126.890961,37.513241],[126.890538,37.51291],[126.890378,37.512775],[126.890261,37.512667],[126.890116,37.512516],[126.88998,37.512359],[126.889919,37.512278],[126.889862,37.512195],[126.889812,37.51211],[126.889768,37.512022],[126.88974,37.511952],[126.889716,37.511881],[126.889697,37.511809],[126.889683,37.511737],[126.889673,37.511663],[126.889667,37.51159],[126.889666,37.511443],[126.889671,37.511373],[126.88968,37.511302],[126.88971,37.511163],[126.889755,37.511026],[126.889812,37.510892],[126.88991,37.510712],[126.890028,37.51053],[126.890305,37.510162],[126.890603,37.50979],[126.890748,37.509603],[126.890882,37.509416],[126.891333,37.508762],[126.891782,37.5081],[126.891997,37.50777],[126.892202,37.507441],[126.892393,37.507114],[126.892566,37.506791],[126.892657,37.506605],[126.892739,37.506416],[126.892808,37.506224],[126.89286,37.506029],[126.892893,37.505828],[126.892908,37.505626],[126.892905,37.50522],[126.892875,37.504791],[126.892819,37.504333],[126.892668,37.503381],[126.892521,37.502464],[126.892471,37.50205],[126.892448,37.501682],[126.892452,37.501425],[126.89247,37.501168],[126.892502,37.500911],[126.892544,37.500656]],[[127.024431,37.57499],[127.024949,37.574738],[127.025463,37.57448],[127.025984,37.574235],[127.026251,37.574121],[127.026525,37.574018],[127.026627,37.573984],[127.026731,37.573953],[127.026838,37.573928],[127.026892,37.573919],[127.026946,37.573911],[127.026982,37.573908],[127.027031,37.573905],[127.027166,37.573901],[127.027578,37.573899],[127.028864,37.573911],[127.032525,37.573978],[127.036181,37.574044],[127.03746,37.574056],[127.037867,37.574054],[127.038,37.57405],[127.038048,37.574047],[127.038082,37.574044],[127.038279,37.574015],[127.038473,37.573977],[127.038856,37.573881],[127.039231,37.573764],[127.0396,37.573637],[127.040108,37.573438],[127.040854,37.573123],[127.041756,37.572729],[127.042732,37.572293],[127.043699,37.571852],[127.044576,37.571444],[127.045281,37.571104],[127.045731,37.570871],[127.045984,37.570722],[127.046229,37.570563],[127.046461,37.570392],[127.04657,37.570302],[127.046673,37.570208],[127.04683,37.57005],[127.046981,37.569884],[127.047127,37.569709],[127.047266,37.569529],[127.047526,37.569155],[127.047759,37.568774],[127.047879,37.568544],[127.047981,37.568307],[127.048069,37.568068],[127.048149,37.567826],[127.048189,37.567683],[127.048221,37.567539],[127.048273,37.567248],[127.048329,37.566957],[127.048366,37.566814],[127.048414,37.566673],[127.04847,37.566541],[127.04854,37.566391],[127.04872,37.566047],[127.049187,37.565229],[127.049711,37.564332],[127.049963,37.56389],[127.050189,37.563469],[127.0509,37.562084],[127.051612,37.560656],[127.051948,37.55996],[127.05226,37.559295],[127.05254,37.558674],[127.052778,37.558111],[127.05288,37.557844],[127.052923,37.557709],[127.052957,37.557573],[127.053022,37.557212],[127.053084,37.556774],[127.053141,37.556287],[127.05319,37.555777],[127.053229,37.555272],[127.053257,37.554798],[127.053269,37.554381],[127.053265,37.55405],[127.053254,37.553925],[127.053233,37.5538],[127.053173,37.553552],[127.05307,37.553223],[127.052948,37.552898],[127.052695,37.552249],[127.052164,37.550955],[127.051592,37.549584],[127.051102,37.548368],[127.050926,37.54789],[127.050816,37.547538],[127.050785,37.547403],[127.050762,37.547266],[127.05075,37.547129],[127.05075,37.546992],[127.050759,37.546898],[127.050777,37.546805],[127.050802,37.546713],[127.050835,37.546622],[127.05087,37.546544],[127.050912,37.546467],[127.050961,37.546393],[127.051016,37.546322],[127.051054,37.54628],[127.051095,37.54624],[127.051184,37.546165],[127.051366,37.546017]]]}},{"type":"Feature","properties":{"r":"KR","g":"kr","col":"#00a23f","n":"서울 지하철 2호선","ct":"首尔","jk":"subway","off":-0.5},"geometry":{"type":"LineString","coordinates":[[126.846698,37.531368],[126.847357,37.530319],[126.847683,37.529793],[126.847999,37.529263],[126.848583,37.528229],[126.849147,37.527188],[126.8499104,37.5257604]]}},{"type":"Feature","properties":{"r":"KR","g":"kr","col":"#00a23f","n":"서울 지하철 2호선","ct":"首尔","jk":"subway","off":-0.375},"geometry":{"type":"LineString","coordinates":[[126.8499104,37.5257604],[126.850263,37.525101],[126.8505716,37.5246033]]}},{"type":"Feature","properties":{"r":"KR","g":"kr","col":"#00a23f","n":"서울 지하철 2호선","ct":"首尔","jk":"subway","off":-0.25},"geometry":{"type":"LineString","coordinates":[[126.8505716,37.5246033],[126.850702,37.524393],[126.851146,37.523688],[126.8512778,37.5234724]]}},{"type":"Feature","properties":{"r":"KR","g":"kr","col":"#00a23f","n":"서울 지하철 2호선","ct":"首尔","jk":"subway","off":-0.125},"geometry":{"type":"LineString","coordinates":[[126.8512778,37.5234724],[126.85158,37.522978],[126.851789,37.522621],[126.8519545,37.5223237]]}},{"type":"Feature","properties":{"r":"KR","g":"kr","col":"#396ef0","n":"수도권 전철 경강선","ct":"首尔","jk":"subway"},"geometry":{"type":"LineString","coordinates":[[127.111566,37.394758],[127.116425,37.394725],[127.121673,37.394682],[127.126143,37.394659],[127.127722,37.394662],[127.128284,37.39467],[127.128669,37.394681],[127.129335,37.394722],[127.129998,37.39478],[127.13066,37.394855],[127.131318,37.394943],[127.132107,37.395069],[127.132892,37.395213],[127.133673,37.395372],[127.13445,37.39554],[127.135586,37.395799],[127.136854,37.396104],[127.139663,37.396808],[127.142633,37.397569],[127.145523,37.398301],[127.151225,37.399601],[127.157345,37.401003],[127.162629,37.402201],[127.164565,37.402627],[127.165822,37.402887],[127.166713,37.403051],[127.167661,37.403217],[127.169598,37.403531],[127.170519,37.40367],[127.171364,37.403789],[127.172098,37.403883],[127.172688,37.403948],[127.173354,37.403994],[127.174296,37.404038],[127.176751,37.40412],[127.179547,37.404199],[127.182172,37.40428],[127.183294,37.404337],[127.184417,37.40439],[127.185538,37.404451],[127.186098,37.40449],[127.186657,37.404536],[127.187442,37.404615],[127.188225,37.404706],[127.189786,37.404911],[127.191347,37.405123],[127.192129,37.405222],[127.192912,37.405311],[127.193378,37.405355],[127.193856,37.405392],[127.194821,37.405457],[127.195748,37.405531],[127.19618,37.405577],[127.196581,37.405635],[127.196808,37.405679],[127.197032,37.405731],[127.197472,37.405857],[127.197767,37.405955],[127.198058,37.406061],[127.19863,37.406291],[127.199272,37.406565],[127.199907,37.40685],[127.200534,37.407146],[127.201153,37.407453],[127.202088,37.407944],[127.203009,37.408453],[127.203917,37.408975],[127.204819,37.409505],[127.20554,37.409942],[127.206317,37.41043],[127.207896,37.411445],[127.209271,37.412324],[127.209791,37.412642],[127.209994,37.412758],[127.210153,37.412841],[127.210333,37.412921],[127.21052,37.412992],[127.210904,37.413113],[127.211157,37.41318],[127.211414,37.413239],[127.211934,37.413335],[127.212238,37.413379],[127.212543,37.413414],[127.21285,37.413441],[127.213158,37.413461],[127.213614,37.413481],[127.214071,37.413491],[127.214527,37.413486],[127.214982,37.413461],[127.215432,37.413412],[127.215878,37.413343],[127.216322,37.413261],[127.216763,37.413172],[127.217467,37.413019],[127.218166,37.412851],[127.219553,37.41249],[127.220298,37.412288],[127.22104,37.412079],[127.221779,37.411862],[127.222514,37.411638],[127.223594,37.411294],[127.22413,37.411112],[127.22466,37.410922],[127.22568,37.410529],[127.226982,37.410006],[127.230169,37.408692],[127.233702,37.407219],[127.237062,37.405826],[127.249553,37.400595],[127.251988,37.399514],[127.254419,37.398428],[127.256857,37.397352],[127.258083,37.396823],[127.259314,37.396303],[127.260619,37.395771],[127.261933,37.395254],[127.264567,37.394227],[127.266741,37.393299],[127.269001,37.392343],[127.271088,37.391444],[127.271986,37.391044],[127.272743,37.39069],[127.273773,37.390175],[127.274786,37.389639],[127.275787,37.389087],[127.276777,37.388525],[127.277275,37.388236],[127.277767,37.387942],[127.278252,37.387641],[127.278729,37.387331],[127.279585,37.386748],[127.280427,37.38615],[127.28125,37.385538],[127.282055,37.38491],[127.282257,37.384745],[127.282353,37.384659],[127.282442,37.384569],[127.28266,37.384313],[127.282872,37.384034],[127.283285,37.383432],[127.283701,37.382828],[127.283915,37.382545],[127.284137,37.382284],[127.284305,37.382113],[127.284485,37.381949],[127.284866,37.381636],[127.285438,37.381202],[127.286217,37.380633],[127.287132,37.37998],[127.288109,37.379293],[127.289079,37.378621],[127.289968,37.378016],[127.290705,37.377526],[127.291218,37.377203],[127.291482,37.377055],[127.291754,37.376917],[127.292312,37.376658],[127.29287,37.376422],[127.293437,37.376199],[127.294576,37.375762],[127.303018,37.372115],[127.312126,37.368189],[127.319903,37.364822],[127.322668,37.36361],[127.323661,37.363169],[127.324353,37.362854],[127.324909,37.362591],[127.32546,37.362322],[127.326005,37.362046],[127.326543,37.361761],[127.327077,37.361464],[127.327337,37.361308],[127.327591,37.361146],[127.328023,37.360847],[127.328443,37.360537],[127.329261,37.359898],[127.330041,37.359269],[127.330809,37.35863],[127.332323,37.357335],[127.333838,37.35604],[127.334606,37.355402],[127.335388,37.354774],[127.335879,37.354393],[127.336132,37.354208],[127.336392,37.35403],[127.336769,37.353789],[127.337155,37.353556],[127.33755,37.353335],[127.337958,37.353128],[127.338545,37.352864],[127.339147,37.352622],[127.339759,37.352396],[127.340379,37.352184],[127.341201,37.351926],[127.342403,37.351569],[127.343872,37.351146],[127.345495,37.350687],[127.347158,37.350225],[127.34875,37.349791],[127.350157,37.349417],[127.351265,37.349134],[127.351837,37.349],[127.35261,37.348828],[127.354639,37.348395],[127.359767,37.347332],[127.364685,37.346312],[127.366453,37.345935],[127.367056,37.345799],[127.367432,37.345707],[127.367996,37.345545],[127.368552,37.345367],[127.3691,37.345173],[127.369636,37.344961],[127.370133,37.34474],[127.370618,37.344501],[127.371092,37.344248],[127.371558,37.343987],[127.371952,37.34375],[127.372578,37.34336],[127.374425,37.342185],[127.37984,37.338695],[127.386274,37.33453],[127.392198,37.330703],[127.39336,37.329989],[127.394526,37.329278],[127.395685,37.328561],[127.396828,37.327828],[127.397716,37.32723],[127.398151,37.326923],[127.398577,37.326608],[127.399128,37.326189],[127.399679,37.325758],[127.399944,37.325541],[127.400195,37.325326],[127.400428,37.325112],[127.400639,37.324903],[127.400833,37.324692],[127.40102,37.324475],[127.4012,37.324251],[127.401374,37.324022],[127.401699,37.323554],[127.401999,37.323076],[127.402206,37.3227],[127.402462,37.322192],[127.402754,37.321581],[127.40307,37.320899],[127.403725,37.319438],[127.404327,37.318053],[127.404872,37.316748],[127.405503,37.315186],[127.406941,37.311526],[127.408486,37.307549],[127.409977,37.303731],[127.411715,37.299853],[127.412139,37.298838],[127.412591,37.297779],[127.412987,37.296809],[127.413138,37.2964],[127.413243,37.296064],[127.41333,37.295678],[127.41339,37.295289],[127.41343,37.294897],[127.41346,37.294505],[127.413485,37.293996],[127.413491,37.293487],[127.41348,37.292978],[127.413454,37.292469],[127.413418,37.292058],[127.413353,37.291462],[127.413152,37.289825],[127.412588,37.285548],[127.412041,37.281406],[127.411861,37.279938],[127.411809,37.279452],[127.411789,37.279167],[127.411788,37.278816],[127.411797,37.278462],[127.411815,37.278107],[127.411843,37.27775],[127.411928,37.277037],[127.411984,37.276683],[127.412049,37.27633],[127.41214,37.275922],[127.412252,37.275517],[127.412387,37.275117],[127.412546,37.274723],[127.412688,37.274427],[127.412849,37.274138],[127.413025,37.273853],[127.413215,37.273575],[127.413491,37.273207],[127.413787,37.272848],[127.414098,37.272496],[127.414418,37.272151],[127.414771,37.271788],[127.415136,37.271432],[127.415511,37.271083],[127.415896,37.270741],[127.416979,37.269817],[127.418134,37.268869],[127.418693,37.268425],[127.419214,37.268021],[127.419679,37.267674],[127.420069,37.267398],[127.420527,37.267103],[127.421002,37.266823],[127.421489,37.266558],[127.421985,37.266303],[127.422345,37.26613],[127.422712,37.265965],[127.423085,37.265809],[127.423462,37.265661],[127.424246,37.265367],[127.425039,37.265088],[127.425843,37.264829],[127.426249,37.264709],[127.426659,37.264598],[127.426948,37.264528],[127.427241,37.264468],[127.427537,37.264416],[127.427834,37.264372],[127.428353,37.264311],[127.428874,37.264265],[127.429397,37.264232],[127.429921,37.264209],[127.430434,37.264199],[127.431219,37.264195],[127.433451,37.264202],[127.439489,37.264252],[127.445578,37.264302],[127.447875,37.264309],[127.448701,37.264306],[127.449262,37.264296],[127.450312,37.264257],[127.45136,37.264202],[127.452406,37.264123],[127.452927,37.264072],[127.453447,37.264012],[127.454196,37.263901],[127.455322,37.263713],[127.456712,37.263468],[127.458252,37.263189],[127.459829,37.262894],[127.461332,37.262606],[127.462646,37.262345],[127.463659,37.262131],[127.464156,37.262016],[127.464649,37.261892],[127.465139,37.26176],[127.465626,37.26162],[127.466108,37.261474],[127.466586,37.26132],[127.46706,37.261158],[127.467528,37.260985],[127.46804,37.260781],[127.468545,37.260565],[127.469044,37.26034],[127.469538,37.26011],[127.470075,37.259847],[127.470636,37.259558],[127.471766,37.258957],[127.4728,37.258413],[127.473241,37.258195],[127.47361,37.258032],[127.474111,37.257841],[127.474623,37.257668],[127.474883,37.257591],[127.475146,37.25752],[127.475412,37.257458],[127.475679,37.257404],[127.475943,37.257361],[127.476209,37.257326],[127.476745,37.25728],[127.477285,37.257257],[127.477825,37.25725],[127.478184,37.257255],[127.478542,37.257272],[127.478899,37.257301],[127.479254,37.257341],[127.479476,37.257374],[127.479696,37.257415],[127.480131,37.257513],[127.480718,37.257666],[127.481735,37.257943],[127.484816,37.258803],[127.488885,37.259953],[127.493452,37.261253],[127.498026,37.262564],[127.502119,37.263744],[127.505239,37.264655],[127.506282,37.264966],[127.506898,37.265157],[127.508117,37.265572],[127.509324,37.266011],[127.51052,37.266468],[127.511707,37.266939],[127.512823,37.267395],[127.514059,37.267912],[127.515352,37.268463],[127.516635,37.269018],[127.517846,37.269549],[127.518919,37.270029],[127.519789,37.27043],[127.520393,37.270723],[127.52098,37.271039],[127.521552,37.271372],[127.522111,37.271719],[127.522662,37.272074],[127.523057,37.272337],[127.523446,37.272606],[127.52421,37.273155],[127.524968,37.273711],[127.525729,37.274264],[127.531048,37.278387],[127.536756,37.282822],[127.541685,37.286633],[127.543492,37.288014],[127.544666,37.288888],[127.545113,37.289207],[127.545566,37.289521],[127.546028,37.289827],[127.546501,37.290121],[127.547126,37.290483],[127.547764,37.290831],[127.548413,37.291166],[127.549073,37.291487],[127.549542,37.291703],[127.550019,37.291908],[127.550501,37.292105],[127.550988,37.292294],[127.551644,37.29253],[127.552313,37.292743],[127.552979,37.292936],[127.553649,37.293118],[127.554326,37.293285],[127.55501,37.293431],[127.555674,37.29355],[127.556343,37.293651],[127.557016,37.293734],[127.557691,37.293802],[127.558378,37.293854],[127.559066,37.293889],[127.559756,37.29391],[127.560446,37.29392],[127.561705,37.293909],[127.563647,37.293868],[127.568954,37.293723],[127.575102,37.29354],[127.580829,37.293376],[127.581706,37.293333],[127.582584,37.293295],[127.583461,37.293248],[127.584336,37.293181],[127.584949,37.293115],[127.58556,37.293036],[127.586777,37.292857],[127.588937,37.292517],[127.591903,37.292033],[127.595353,37.291459],[127.598964,37.29085],[127.602415,37.29026],[127.605385,37.289744],[127.607551,37.289358],[127.608232,37.289229],[127.608455,37.289185],[127.608592,37.289154],[127.609049,37.289029],[127.609497,37.288885],[127.609937,37.288725],[127.610367,37.28855],[127.610606,37.28844],[127.610838,37.288321],[127.611286,37.288062],[127.611701,37.287796],[127.612103,37.287519],[127.612887,37.286943],[127.613669,37.286366],[127.61407,37.286087],[127.614483,37.285819],[127.614892,37.285572],[127.61531,37.285333],[127.615737,37.285106],[127.616176,37.284894],[127.616496,37.284752],[127.616824,37.28462],[127.617157,37.284499],[127.617498,37.284391],[127.61797,37.284267],[127.61845,37.284164],[127.618935,37.284074],[127.619422,37.283992],[127.620275,37.283864],[127.62134,37.283721],[127.623913,37.283408],[127.626747,37.283077],[127.629451,37.282755]]}},{"type":"Feature","properties":{"r":"KR","g":"kr","col":"#44a436","n":"용인 경전철","ct":"首尔","jk":"urban"},"geometry":{"type":"LineString","coordinates":[[127.219671,37.28524],[127.220785,37.284502],[127.221961,37.283725],[127.223012,37.283025],[127.223433,37.28274],[127.223753,37.282516],[127.223969,37.282361],[127.224073,37.28228],[127.224171,37.282194],[127.22423,37.282135],[127.224286,37.282074],[127.224337,37.282011],[127.224383,37.281945],[127.224424,37.281876],[127.224459,37.281805],[127.224489,37.281732],[127.224513,37.281658],[127.224531,37.281585],[127.224543,37.281511],[127.22455,37.281437],[127.224551,37.281363],[127.224546,37.281264],[127.224534,37.281164],[127.224515,37.281066],[127.224487,37.280969],[127.224466,37.280913],[127.224441,37.280858],[127.224384,37.28075],[127.224259,37.280537],[127.224087,37.28024],[127.223903,37.279928],[127.22352,37.279298],[127.223333,37.278999],[127.223158,37.278723],[127.223,37.278482],[127.222865,37.278283],[127.222747,37.278119],[127.222683,37.27804],[127.222614,37.277963],[127.22255,37.277903],[127.22248,37.277847],[127.222389,37.277781],[127.222296,37.277717],[127.222199,37.277656],[127.222099,37.277599],[127.222045,37.277572],[127.221989,37.277547],[127.221875,37.277501],[127.221497,37.277353],[127.221074,37.277194],[127.220185,37.276871],[127.219394,37.276584],[127.219092,37.276471],[127.218976,37.276424],[127.218885,37.276386],[127.218761,37.276329],[127.218639,37.27627],[127.218399,37.276147],[127.218163,37.276018],[127.21793,37.275886],[127.217703,37.275752],[127.217592,37.275682],[127.217485,37.275609],[127.217315,37.275485],[127.217114,37.275332],[127.216889,37.275156],[127.216647,37.274964],[127.216146,37.274555],[127.215672,37.274158],[127.215399,37.273923],[127.215267,37.273802],[127.215141,37.273677],[127.21502,37.273546],[127.214905,37.273411],[127.214796,37.273273],[127.214691,37.273133],[127.214618,37.27303],[127.214549,37.272925],[127.214484,37.272818],[127.214423,37.27271],[127.214367,37.272595],[127.214319,37.272478],[127.21428,37.272366],[127.214245,37.272253],[127.214214,37.272139],[127.214188,37.272024],[127.214158,37.271861],[127.214131,37.271682],[127.214085,37.271293],[127.214042,37.270886],[127.213998,37.270488],[127.213877,37.269315],[127.213743,37.268038],[127.213636,37.266969],[127.213605,37.266609],[127.213598,37.266491],[127.213596,37.266419],[127.213602,37.266336],[127.213613,37.266253],[127.21363,37.266171],[127.213653,37.26609],[127.213674,37.266035],[127.213699,37.265981],[127.213728,37.265928],[127.213761,37.265877],[127.213792,37.265835],[127.213825,37.265795],[127.213898,37.265717],[127.213974,37.265643],[127.214053,37.265571],[127.214217,37.26543],[127.214382,37.26529],[127.214462,37.265219],[127.21454,37.265146],[127.214737,37.264951],[127.21493,37.264753],[127.215116,37.264551],[127.215295,37.264345],[127.215382,37.264238],[127.215466,37.264129],[127.215547,37.264019],[127.215624,37.263907],[127.215821,37.263602],[127.216122,37.263119],[127.216491,37.262519],[127.216891,37.261862],[127.217286,37.261207],[127.217639,37.260615],[127.217915,37.260145],[127.218076,37.259859],[127.21816,37.259692],[127.218237,37.259523],[127.218381,37.259181],[127.21847,37.258961],[127.21851,37.25885],[127.218547,37.258738],[127.218631,37.258427],[127.21876,37.257906],[127.218919,37.257244],[127.219091,37.256512],[127.21926,37.25578],[127.219409,37.255118],[127.219523,37.254597],[127.219584,37.254285],[127.219609,37.254124],[127.219629,37.253962],[127.219642,37.2538],[127.219645,37.253638],[127.219641,37.253557],[127.219632,37.253475],[127.219618,37.253394],[127.219601,37.253314],[127.219581,37.25324],[127.219556,37.253166],[127.2195,37.253021],[127.219426,37.252838],[127.219385,37.252749],[127.219337,37.252661],[127.21924,37.252513],[127.219134,37.252369],[127.219018,37.252229],[127.218896,37.252094],[127.218819,37.252015],[127.21874,37.251938],[127.218574,37.251788],[127.218401,37.251643],[127.218226,37.2515],[127.218088,37.25139],[127.217947,37.251283],[127.21766,37.251072],[127.21737,37.250864],[127.217081,37.250654],[127.216879,37.250497],[127.216675,37.250341],[127.216475,37.250182],[127.216377,37.250101],[127.216283,37.250017],[127.216166,37.249907],[127.216054,37.249795],[127.215947,37.249679],[127.215846,37.24956],[127.215732,37.249412],[127.215626,37.249261],[127.215527,37.249106],[127.215433,37.24895],[127.215361,37.248819],[127.215329,37.248753],[127.215302,37.248685],[127.21528,37.248617],[127.215252,37.248517],[127.215181,37.248236],[127.214992,37.247438],[127.214777,37.246501],[127.214575,37.245633],[127.21453,37.245474],[127.214487,37.245314],[127.21444,37.245155],[127.214385,37.244998],[127.214303,37.244802],[127.214212,37.244608],[127.214113,37.244416],[127.214009,37.244226],[127.213934,37.244098],[127.213855,37.243971],[127.213691,37.243721],[127.213522,37.243472],[127.213356,37.243222],[127.213213,37.242985],[127.213067,37.242749],[127.212926,37.242511],[127.21286,37.242391],[127.212798,37.242269],[127.212747,37.242159],[127.212699,37.242048],[127.212612,37.241825],[127.212529,37.241599],[127.212444,37.241375],[127.212343,37.241076],[127.212245,37.240776],[127.212141,37.240478],[127.212084,37.24033],[127.212023,37.240183],[127.211969,37.240065],[127.21191,37.239949],[127.211847,37.239834],[127.211779,37.239721],[127.211705,37.239604],[127.211627,37.239488],[127.211466,37.239258],[127.211297,37.239032],[127.211125,37.238808],[127.211009,37.23866],[127.210892,37.238512],[127.210769,37.238368],[127.210638,37.238228],[127.210539,37.23813],[127.210485,37.238085],[127.210456,37.238064],[127.210426,37.238044],[127.210334,37.237993],[127.210237,37.237948],[127.210135,37.23791],[127.21003,37.23788],[127.209963,37.237866],[127.209894,37.237856],[127.209823,37.237848],[127.209751,37.237842],[127.209604,37.237835],[127.209459,37.23783],[127.209241,37.237823],[127.209024,37.237821],[127.208588,37.237825],[127.208152,37.237831],[127.207935,37.237831],[127.207717,37.237828],[127.2074,37.237819],[127.207241,37.23781],[127.207084,37.237795],[127.206916,37.237773],[127.206721,37.237743],[127.206504,37.237706],[127.206272,37.237664],[127.205792,37.237569],[127.205556,37.237519],[127.205332,37.237469],[127.205104,37.237412],[127.204872,37.237349],[127.204398,37.237209],[127.203918,37.237068],[127.203676,37.237001],[127.203435,37.236941],[127.203244,37.236897],[127.203052,37.236856],[127.202858,37.23682],[127.202662,37.236792],[127.202579,37.236784],[127.202495,37.23678],[127.202327,37.236778],[127.202213,37.236781],[127.202099,37.236787],[127.201985,37.236796],[127.201872,37.236808],[127.201636,37.236838],[127.201372,37.236879],[127.200783,37.236978],[127.200158,37.237084],[127.199848,37.237133],[127.199548,37.237176],[127.199274,37.237211],[127.198998,37.237243],[127.198723,37.237271],[127.198446,37.237293],[127.198246,37.237304],[127.198046,37.23731],[127.197846,37.237314],[127.197646,37.237314],[127.197265,37.237308],[127.196812,37.237293],[127.195809,37.237252],[127.194876,37.237213],[127.194513,37.237202],[127.194369,37.2372],[127.194257,37.2372],[127.194113,37.237205],[127.193968,37.237214],[127.193824,37.237226],[127.193681,37.237241],[127.193467,37.237268],[127.193255,37.237299],[127.193043,37.237333],[127.192832,37.237371],[127.192443,37.237444],[127.192055,37.237523],[127.19167,37.237608],[127.191478,37.237654],[127.191288,37.237703],[127.191057,37.237769],[127.190788,37.237853],[127.190194,37.238049],[127.189615,37.238241],[127.189364,37.238319],[127.189158,37.238377],[127.189058,37.2384],[127.188957,37.238417],[127.188848,37.23843],[127.188698,37.238445],[127.1883,37.238479],[127.187266,37.238557],[127.186206,37.238637],[127.185777,37.238673],[127.185608,37.23869],[127.185475,37.238705],[127.185199,37.238745],[127.184924,37.238791],[127.18465,37.238842],[127.184377,37.238895],[127.184079,37.238956],[127.183766,37.239025],[127.183133,37.23917],[127.18255,37.239303],[127.1823,37.239355],[127.182089,37.239394],[127.181964,37.239412],[127.181838,37.239426],[127.181585,37.239449],[127.181368,37.239466],[127.181259,37.239471],[127.18115,37.239473],[127.181022,37.23947],[127.180821,37.23946],[127.180236,37.239427],[127.178605,37.239323],[127.176869,37.239213],[127.176153,37.239172],[127.175867,37.239157],[127.175641,37.239148],[127.175425,37.239141],[127.175317,37.23914],[127.17521,37.239145],[127.175098,37.239156],[127.174987,37.239173],[127.174877,37.239193],[127.174768,37.239216],[127.174652,37.239243],[127.174538,37.239274],[127.174425,37.239307],[127.174313,37.239343],[127.174165,37.239394],[127.174019,37.239448],[127.173731,37.239562],[127.173288,37.239744],[127.172813,37.239943],[127.171798,37.24038],[127.170744,37.240839],[127.16971,37.241287],[127.169532,37.241368],[127.169443,37.241409],[127.169357,37.241453],[127.169146,37.241573],[127.16894,37.2417],[127.16874,37.241831],[127.168544,37.241967],[127.168433,37.242049],[127.168324,37.242133],[127.168112,37.242305],[127.167903,37.24248],[127.167693,37.242654],[127.166441,37.243761],[127.165691,37.24447],[127.165426,37.244693],[127.165148,37.244925],[127.164897,37.24514],[127.164794,37.245234],[127.164714,37.245315],[127.164666,37.245368],[127.164622,37.245423],[127.164583,37.24548],[127.164566,37.24551],[127.164551,37.24554],[127.164534,37.245581],[127.164521,37.245624],[127.164502,37.24571],[127.16449,37.245797],[127.164481,37.245884],[127.164473,37.246006],[127.164475,37.246067],[127.164481,37.246128],[127.164494,37.246199],[127.164513,37.24627],[127.164537,37.246339],[127.164568,37.246406],[127.164587,37.246439],[127.164607,37.246471],[127.164653,37.246532],[127.164756,37.246651],[127.164834,37.246734],[127.164955,37.246857],[127.165301,37.247198],[127.16624,37.248108],[127.167181,37.24902],[127.16753,37.249365],[127.167653,37.249489],[127.167733,37.249574],[127.167805,37.249658],[127.167874,37.249744],[127.16794,37.249832],[127.168002,37.249921],[127.168077,37.25003],[127.168149,37.25014],[127.168214,37.250253],[127.168242,37.25031],[127.168267,37.250369],[127.168291,37.250441],[127.168314,37.250521],[127.168335,37.250609],[127.168353,37.250702],[127.168383,37.250894],[127.168403,37.251081],[127.16841,37.251202],[127.168411,37.251323],[127.168404,37.251445],[127.168389,37.251565],[127.168358,37.25172],[127.168316,37.251873],[127.168263,37.252024],[127.168233,37.252098],[127.168199,37.252172],[127.168144,37.252273],[127.168081,37.252372],[127.168011,37.252468],[127.16794,37.252563],[127.167877,37.252643],[127.16781,37.252721],[127.167672,37.252875],[127.167459,37.253104],[127.167243,37.25333],[127.166803,37.253779],[127.166358,37.254225],[127.165916,37.254672],[127.165515,37.255115],[127.165317,37.255337],[127.165125,37.255563],[127.16502,37.255693],[127.164919,37.255825],[127.164721,37.256092],[127.164524,37.256359],[127.164424,37.256491],[127.16432,37.256622],[127.164132,37.256854],[127.163942,37.257084],[127.163745,37.257311],[127.163643,37.257423],[127.163538,37.257532],[127.163417,37.257653],[127.163292,37.257772],[127.163164,37.25789],[127.163033,37.258007],[127.162766,37.258237],[127.162493,37.258462],[127.162301,37.258614],[127.162098,37.258768],[127.161671,37.259081],[127.161231,37.259397],[127.160797,37.259711],[127.160483,37.25996],[127.160328,37.260086],[127.160177,37.260215],[127.159942,37.260429],[127.159713,37.260647],[127.159491,37.26087],[127.159276,37.261097],[127.159135,37.261256],[127.158999,37.261419],[127.158733,37.261753],[127.158467,37.26209],[127.158331,37.262256],[127.15819,37.262419],[127.158065,37.262554],[127.157937,37.262687],[127.157677,37.262952],[127.157287,37.263312],[127.156886,37.263677],[127.156506,37.264031],[127.156333,37.264199],[127.156176,37.264357],[127.155978,37.264569],[127.155786,37.264784],[127.155602,37.265004],[127.155426,37.265228],[127.1553,37.265401],[127.155152,37.265618],[127.154807,37.26614],[127.154435,37.266715],[127.154077,37.267263],[127.152088,37.270003],[127.151938,37.270191],[127.151863,37.270285],[127.151785,37.270377],[127.151652,37.270528],[127.151515,37.270677],[127.151235,37.27097],[127.151078,37.271123],[127.150916,37.271272],[127.150756,37.271423],[127.150679,37.2715],[127.150604,37.271579],[127.150483,37.271714],[127.150367,37.271853],[127.150258,37.271994],[127.150156,37.272139],[127.150115,37.272205],[127.150065,37.272293],[127.14994,37.272525],[127.149636,37.273117],[127.149335,37.273702],[127.149215,37.273925],[127.149168,37.274008],[127.149131,37.274067],[127.14907,37.274151],[127.149004,37.274232],[127.148933,37.274311],[127.14886,37.274388],[127.148796,37.274452],[127.148728,37.274514],[127.148587,37.274634],[127.148483,37.274715],[127.148376,37.274794],[127.148265,37.274869],[127.148152,37.274942],[127.148086,37.274981],[127.148018,37.275018],[127.147879,37.275088],[127.147727,37.275158],[127.147649,37.27519],[127.14757,37.27522],[127.147434,37.275267],[127.147296,37.275312],[127.147157,37.275351],[127.147015,37.275386],[127.14684,37.275422],[127.146664,37.275452],[127.146486,37.275476],[127.146307,37.275491],[127.146206,37.275496],[127.146104,37.275498],[127.1459,37.275496],[127.145697,37.275485],[127.145495,37.275468],[127.145355,37.275451],[127.145215,37.275429],[127.145077,37.275402],[127.144941,37.27537],[127.144799,37.27533],[127.144639,37.275281],[127.144283,37.275159],[127.143905,37.275026],[127.143538,37.274898],[127.139681,37.273486],[127.139549,37.273434],[127.139416,37.273383],[127.139285,37.27333],[127.139221,37.273301],[127.139159,37.27327],[127.139042,37.273204],[127.138929,37.273133],[127.138821,37.273057],[127.138718,37.272977],[127.138601,37.272877],[127.13849,37.272773],[127.138387,37.272663],[127.13834,37.272606],[127.138296,37.272548],[127.138254,37.272486],[127.138216,37.272423],[127.138181,37.272357],[127.138148,37.272289],[127.138087,37.272152],[127.138032,37.272014],[127.137976,37.271857],[127.137918,37.271667],[127.137799,37.271242],[127.137688,37.270842],[127.137639,37.270683],[127.137596,37.270568],[127.137556,37.270482],[127.13751,37.270398],[127.137458,37.270317],[127.137429,37.270278],[127.137397,37.27024],[127.13737,37.270211],[127.13734,37.270183],[127.137277,37.270131],[127.137209,37.270082],[127.13714,37.270034],[127.136965,37.269918],[127.136716,37.269762],[127.136419,37.26958],[127.136096,37.269385],[127.135771,37.269193],[127.135469,37.269017],[127.135212,37.268871],[127.135026,37.268771],[127.134926,37.268723],[127.134823,37.268677],[127.134613,37.268593],[127.134339,37.268489],[127.1342,37.26844],[127.134059,37.268395],[127.133861,37.268335],[127.133661,37.268279],[127.133459,37.268228],[127.133254,37.268184],[127.133117,37.268159],[127.132979,37.268136],[127.132701,37.268096],[127.132421,37.268065],[127.132141,37.26804],[127.132026,37.268033],[127.131911,37.26803],[127.131681,37.268028],[127.131407,37.268028],[127.13127,37.268031],[127.131133,37.268037],[127.130953,37.268051],[127.130773,37.268069],[127.130595,37.268091],[127.130417,37.268118],[127.130224,37.268153],[127.130032,37.268193],[127.129842,37.268237],[127.129653,37.268286],[127.129479,37.268335],[127.129307,37.268388],[127.129137,37.268444],[127.128969,37.268504],[127.128774,37.268577],[127.128581,37.268654],[127.128391,37.268736],[127.128298,37.268779],[127.128207,37.268825],[127.128071,37.268899],[127.127904,37.268996],[127.127714,37.269112],[127.127508,37.26924],[127.127077,37.269516],[127.126672,37.269785],[127.1265,37.269903],[127.126331,37.270024],[127.126165,37.270148],[127.126002,37.270274],[127.12584,37.270405],[127.12568,37.270538],[127.125367,37.270808],[127.125057,37.271081],[127.124745,37.271352],[127.124433,37.271647],[127.124122,37.271943],[127.123808,37.272237],[127.123647,37.272381],[127.123482,37.272522],[127.123235,37.272723],[127.122876,37.273006],[127.122443,37.273341],[127.121974,37.273701],[127.121506,37.274056],[127.121077,37.274379],[127.120724,37.274639],[127.120486,37.274809],[127.120358,37.274892],[127.120292,37.274931],[127.120224,37.274968],[127.120094,37.27503],[127.120027,37.275058],[127.119957,37.275081],[127.119865,37.275105],[127.119762,37.275126],[127.119533,37.275164],[127.119291,37.275199],[127.119055,37.275235],[127.118582,37.2753],[127.118106,37.275367],[127.117636,37.275429],[127.117407,37.275455],[127.117184,37.275476],[127.11701,37.275487],[127.116835,37.275493],[127.116486,37.275502]]}},{"type":"Feature","properties":{"r":"KR","g":"kr","col":"#6789ca","n":"신림선","ct":"首尔","jk":"urban"},"geometry":{"type":"LineString","coordinates":[[126.929346,37.51734],[126.92914,37.517108],[126.92893,37.516877],[126.928727,37.516643],[126.928629,37.516524],[126.928536,37.516403],[126.928458,37.516292],[126.928424,37.516235],[126.928394,37.516176],[126.928376,37.516131],[126.928357,37.516077],[126.928319,37.51595],[126.928242,37.515649],[126.928168,37.51536],[126.928134,37.515247],[126.928118,37.515203],[126.928103,37.515169],[126.928049,37.515075],[126.927986,37.514985],[126.927913,37.514899],[126.927873,37.514859],[126.92783,37.51482],[126.927824,37.514815],[126.927815,37.514809],[126.927794,37.514794],[126.927732,37.514755],[126.927545,37.514646],[126.927002,37.514342],[126.926404,37.514007],[126.926148,37.513857],[126.925953,37.513737],[126.925822,37.513645],[126.925698,37.513547],[126.925601,37.513466],[126.925504,37.513383],[126.925459,37.513341],[126.925416,37.513298],[126.925378,37.513255],[126.925345,37.513211],[126.925329,37.513185],[126.925311,37.513152],[126.925272,37.513067],[126.925228,37.512963],[126.925182,37.512844],[126.925091,37.512588],[126.925015,37.512345],[126.924974,37.512186],[126.924937,37.512011],[126.92487,37.511638],[126.924806,37.511283],[126.924774,37.51113],[126.924739,37.511002],[126.924677,37.510836],[126.924569,37.510578],[126.924257,37.509871],[126.92389,37.50905],[126.92355,37.508286],[126.922638,37.505988],[126.921643,37.50349],[126.920813,37.501393],[126.920538,37.500684],[126.920449,37.500447],[126.920397,37.500301],[126.920338,37.500107],[126.920314,37.500009],[126.920295,37.49991],[126.920277,37.499758],[126.920264,37.499569],[126.920246,37.499139],[126.920229,37.498733],[126.920218,37.498576],[126.920211,37.498514],[126.920203,37.498467],[126.920187,37.498406],[126.920166,37.498346],[126.920141,37.498287],[126.920111,37.49823],[126.920082,37.498183],[126.920049,37.498137],[126.919974,37.49805],[126.9199,37.497977],[126.919818,37.49791],[126.919739,37.497852],[126.919658,37.497796],[126.919573,37.497744],[126.919484,37.497697],[126.919384,37.497653],[126.91928,37.497614],[126.919173,37.497579],[126.919065,37.497548],[126.918945,37.497517],[126.91882,37.497491],[126.918567,37.497445],[126.918322,37.4974],[126.918206,37.497374],[126.918099,37.497344],[126.918038,37.497325],[126.917978,37.497303],[126.917949,37.497291],[126.917921,37.497278],[126.917894,37.497263],[126.917869,37.497247],[126.917835,37.497221],[126.917802,37.497194],[126.917772,37.497164],[126.917743,37.497133],[126.917717,37.497101],[126.917695,37.497069],[126.917676,37.497037],[126.917662,37.497005],[126.917659,37.496997],[126.917657,37.496987],[126.917652,37.496965],[126.917647,37.496912],[126.917644,37.496847],[126.917645,37.496776],[126.917656,37.496623],[126.917677,37.496479],[126.917701,37.496383],[126.91774,37.496257],[126.917791,37.496106],[126.917851,37.495938],[126.917987,37.495582],[126.918121,37.495248],[126.918232,37.494992],[126.918351,37.494738],[126.918473,37.494485],[126.918594,37.494232],[126.918639,37.494138],[126.918684,37.49404],[126.918706,37.493994],[126.91873,37.49395],[126.918756,37.493911],[126.91877,37.493894],[126.918784,37.493879],[126.918799,37.493865],[126.918814,37.493852],[126.918848,37.493828],[126.918884,37.493806],[126.918923,37.493785],[126.919002,37.493747],[126.919082,37.49371],[126.919202,37.493654],[126.919264,37.49363],[126.919328,37.49361],[126.919342,37.493607],[126.919364,37.493603],[126.919432,37.493591],[126.919653,37.493557],[126.92038,37.493454],[126.922518,37.49316],[126.924699,37.492859],[126.92548,37.492748],[126.925736,37.49271],[126.92588,37.492685],[126.925971,37.492666],[126.926061,37.492646],[126.926149,37.492622],[126.926192,37.492607],[126.926234,37.492591],[126.926268,37.492576],[126.926301,37.49256],[126.926364,37.492524],[126.926425,37.492485],[126.926484,37.492444],[126.926577,37.492379],[126.92667,37.492311],[126.926714,37.492276],[126.926754,37.492241],[126.926789,37.492206],[126.926804,37.492188],[126.926818,37.49217],[126.926821,37.492165],[126.926825,37.492158],[126.926834,37.492141],[126.926855,37.492091],[126.926911,37.491938],[126.927068,37.491476],[126.927255,37.490925],[126.927352,37.490658],[126.927444,37.490422],[126.927541,37.490195],[126.927643,37.489969],[126.927856,37.48952],[126.928075,37.489073],[126.928291,37.488625],[126.928559,37.487969],[126.928845,37.487277],[126.929096,37.486656],[126.929192,37.486404],[126.92926,37.486209],[126.929299,37.48608],[126.929336,37.48595],[126.929401,37.48569],[126.929458,37.485428],[126.929511,37.485166],[126.929537,37.485005],[126.92956,37.484843],[126.929697,37.483499],[126.929733,37.482898],[126.929769,37.482247],[126.929804,37.481695],[126.929822,37.481502],[126.92983,37.481434],[126.929839,37.481388],[126.929865,37.481304],[126.929906,37.481195],[126.929958,37.481068],[126.930017,37.480934],[126.930079,37.4808],[126.93014,37.480676],[126.930196,37.480571],[126.930243,37.480493],[126.930281,37.480441],[126.930322,37.48039],[126.930411,37.480292],[126.930507,37.480198],[126.930604,37.480104],[126.930891,37.479828],[126.931185,37.479557],[126.931487,37.479292],[126.931798,37.479033],[126.932098,37.478796],[126.932418,37.478553],[126.932573,37.47844],[126.932718,37.478338],[126.932847,37.478251],[126.932955,37.478183],[126.933026,37.478143],[126.9331,37.478107],[126.933176,37.478073],[126.933254,37.478042],[126.933343,37.478009],[126.933462,37.477969],[126.933775,37.477869],[126.934573,37.477624],[126.935366,37.477381],[126.935675,37.477282],[126.935791,37.477243],[126.935877,37.477211],[126.936012,37.477155],[126.936145,37.477096],[126.936274,37.477031],[126.936398,37.476961],[126.936493,37.476902],[126.936586,37.47684],[126.936629,37.476808],[126.93667,37.476774],[126.936708,37.476738],[126.936741,37.476702],[126.936762,37.476674],[126.93678,37.476645],[126.936796,37.476615],[126.93681,37.476584],[126.936856,37.476458],[126.936892,37.476358],[126.936925,37.476257],[126.93695,37.476156],[126.936959,37.476105],[126.936964,37.476053],[126.936965,37.475993],[126.93696,37.475933],[126.936949,37.475873],[126.936931,37.475815],[126.936916,37.475779],[126.936899,37.475743],[126.936859,37.475673],[126.936813,37.475606],[126.936763,37.47554],[126.936711,37.475479],[126.936654,37.47542],[126.936594,37.475364],[126.93653,37.47531],[126.936429,37.475234],[126.936297,37.475141],[126.936141,37.475037],[126.935968,37.474925],[126.935598,37.474693],[126.935239,37.474479],[126.935089,37.474397],[126.934935,37.474319],[126.934781,37.474241],[126.93463,37.47416],[126.934414,37.474039],[126.9342,37.473917],[126.93399,37.473789],[126.933889,37.473722],[126.93379,37.473653],[126.933712,37.473594],[126.933636,37.473533],[126.933566,37.473468],[126.933502,37.4734],[126.933462,37.473349],[126.933428,37.473295],[126.933397,37.47324],[126.93337,37.473184],[126.933337,37.473104],[126.933325,37.473063],[126.933317,37.473022],[126.933309,37.47294],[126.933309,37.472857],[126.933315,37.472774],[126.933327,37.472692],[126.933348,37.472597],[126.933375,37.472503],[126.933409,37.47241],[126.933447,37.472319],[126.93348,37.472249],[126.933517,37.47218],[126.933557,37.472112],[126.933603,37.472047],[126.933626,37.472018],[126.933652,37.471989],[126.933708,37.471936],[126.933771,37.471885],[126.933838,37.471837],[126.933908,37.471792],[126.933979,37.471748],[126.934106,37.471676],[126.934237,37.471608],[126.934371,37.471544],[126.934507,37.471483],[126.934662,37.471416],[126.934819,37.471351],[126.934979,37.471292],[126.935061,37.471265],[126.935144,37.471242],[126.935201,37.471229],[126.935275,37.471214],[126.935468,37.47118],[126.935982,37.471101],[126.936572,37.471016],[126.937124,37.470934],[126.937623,37.470868],[126.938126,37.470798],[126.93862,37.470735],[126.938858,37.470708],[126.939088,37.470687],[126.939204,37.470678],[126.939321,37.470672],[126.939438,37.470669],[126.939555,37.47067],[126.939649,37.470674],[126.93977,37.470683],[126.940077,37.47071],[126.940837,37.470787],[126.941568,37.470862],[126.94184,37.470886],[126.941938,37.470892],[126.942005,37.470894],[126.94211,37.470891],[126.942222,37.470885],[126.942336,37.470877],[126.942449,37.470866],[126.942556,37.470853],[126.942653,37.470838],[126.942737,37.470823],[126.942772,37.470815],[126.942802,37.470807],[126.942844,37.470793],[126.942885,37.470776],[126.942925,37.470758],[126.942963,37.470737],[126.943038,37.470694],[126.943112,37.470649],[126.943228,37.470577],[126.94334,37.470501],[126.943449,37.470422],[126.943555,37.470341],[126.943665,37.470251],[126.943771,37.470159],[126.943978,37.46997],[126.94418,37.469778],[126.944385,37.469587],[126.945223,37.46877]]}},{"type":"Feature","properties":{"r":"KR","g":"kr","col":"#6e7e31","n":"수도권 전철 7호선","ct":"首尔","jk":"subway"},"geometry":{"type":"LineString","coordinates":[[126.673176,37.506395],[126.676183,37.506247],[126.679457,37.50608],[126.682198,37.505952],[126.68312,37.505921],[126.683425,37.505917],[126.683533,37.505918],[126.683609,37.505922],[126.68385,37.505948],[126.684093,37.505985],[126.684337,37.506032],[126.684582,37.506085],[126.685071,37.506206],[126.685556,37.50633],[126.686377,37.506537],[126.687205,37.506758],[126.687609,37.506874],[126.688,37.506994],[126.688373,37.507117],[126.688722,37.507244],[126.689054,37.507382],[126.689381,37.507536],[126.690024,37.507872],[126.69067,37.508213],[126.690999,37.508373],[126.691336,37.508521],[126.691754,37.508687],[126.692179,37.508843],[126.692612,37.508982],[126.693055,37.5091],[126.693458,37.509183],[126.693867,37.509247],[126.69428,37.509295],[126.694695,37.509327],[126.694892,37.509334],[126.69509,37.509333],[126.695486,37.509317],[126.696238,37.509272],[126.696989,37.509215],[126.698488,37.509076],[126.699986,37.508923],[126.701484,37.508777],[126.71674,37.507747],[126.740696,37.506567],[126.741722,37.506551],[126.742749,37.50654],[126.743775,37.506519],[126.744287,37.5065],[126.744799,37.506473],[126.745589,37.506412],[126.746417,37.506331],[126.74811,37.506136],[126.749722,37.505949],[126.750449,37.505878],[126.751097,37.505832],[126.75154,37.505817],[126.751983,37.505816],[126.752871,37.505835],[126.753759,37.50585],[126.754202,37.505846],[126.754644,37.505826],[126.754828,37.505809],[126.755135,37.505775],[126.756086,37.505661],[126.759102,37.505277],[126.767718,37.504149],[126.776215,37.503036],[126.779082,37.50267],[126.779937,37.502568],[126.780191,37.502541],[126.78027,37.502534],[126.780298,37.502533],[126.780317,37.502532],[126.78056,37.502538],[126.780809,37.502556],[126.781062,37.502583],[126.781318,37.502617],[126.781832,37.502699],[126.78234,37.502785],[126.782838,37.502871],[126.783334,37.502965],[126.78432,37.503168],[126.785305,37.50338],[126.78629,37.503588],[126.797253,37.505465],[126.799254,37.505853],[126.801404,37.506277],[126.803257,37.50663],[126.803934,37.506747],[126.804186,37.506784],[126.80437,37.506805],[126.804681,37.506825],[126.805017,37.506836],[126.805372,37.506838],[126.80574,37.506832],[126.806491,37.506804],[126.807226,37.506758],[126.807898,37.506698],[126.808782,37.506603],[126.809795,37.506484],[126.810853,37.506352],[126.811872,37.506217],[126.812769,37.50609],[126.81346,37.505982],[126.813702,37.505939],[126.813792,37.50592],[126.813861,37.505904],[126.814107,37.50583],[126.814346,37.50574],[126.814576,37.505637],[126.814796,37.505521],[126.814904,37.505456],[126.815009,37.505388],[126.815207,37.505241],[126.815396,37.505086],[126.815579,37.504926],[126.815754,37.504766],[126.815833,37.504681],[126.815869,37.504637],[126.815902,37.504591],[126.815975,37.504476],[126.81604,37.504358],[126.816153,37.504115],[126.816244,37.503866],[126.816314,37.503614],[126.816334,37.503521],[126.816348,37.503427],[126.816364,37.503238],[126.816369,37.502859],[126.81635,37.502329],[126.816305,37.501736],[126.816172,37.500462],[126.816044,37.499244],[126.816005,37.49872],[126.815994,37.498288],[126.816005,37.497894],[126.816031,37.497496],[126.816053,37.4973],[126.816084,37.497108],[126.816125,37.496921],[126.816178,37.49674],[126.816243,37.496561],[126.816321,37.49638],[126.81641,37.496197],[126.81651,37.496014],[126.816736,37.495654],[126.81699,37.495311],[126.817138,37.495137],[126.817298,37.494965],[126.81747,37.494794],[126.817651,37.494625],[126.818035,37.494299],[126.818435,37.49399],[126.818602,37.493873],[126.818776,37.493763],[126.818957,37.493661],[126.819145,37.493567],[126.819369,37.493466],[126.819598,37.493371],[126.820066,37.493197],[126.820543,37.493038],[126.821024,37.492888],[126.821591,37.492724],[126.822172,37.492572],[126.823348,37.492292],[126.824501,37.492016],[126.825052,37.49187],[126.825579,37.491713],[126.825692,37.491674],[126.825804,37.491631],[126.826023,37.49154],[126.826242,37.49145],[126.826354,37.491408],[126.826468,37.491371],[126.826954,37.491241],[126.827582,37.491097],[126.82913,37.490772],[126.830844,37.49041],[126.83168,37.490219],[126.832458,37.490023],[126.83295,37.489887],[126.833438,37.489742],[126.833921,37.489587],[126.834397,37.48942],[126.834698,37.489301],[126.834994,37.489173],[126.835582,37.488912],[126.836541,37.488479],[126.837016,37.488257],[126.837479,37.48802],[126.837764,37.487859],[126.837899,37.487771],[126.837963,37.487725],[126.838025,37.487676],[126.838072,37.487635],[126.838116,37.487593],[126.838199,37.487504],[126.838349,37.487317],[126.838617,37.486943],[126.838892,37.486522],[126.839429,37.485638],[126.839898,37.484858],[126.840088,37.484568],[126.840169,37.484459],[126.840206,37.484414],[126.840239,37.484377],[126.840384,37.484238],[126.84056,37.484091],[126.84076,37.483937],[126.840977,37.48378],[126.841441,37.483467],[126.841902,37.483174],[126.842185,37.483007],[126.842332,37.482931],[126.842486,37.482863],[126.842532,37.482846],[126.842602,37.482822],[126.842808,37.482757],[126.843468,37.48256],[126.845609,37.481943],[126.851879,37.480167],[126.858307,37.478347],[126.860646,37.477673],[126.861433,37.477439],[126.861903,37.477291],[126.862434,37.477098],[126.862993,37.476878],[126.864119,37.476406],[126.865132,37.475981],[126.86555,37.475819],[126.865728,37.475757],[126.865883,37.475709],[126.865964,37.475687],[126.866046,37.475667],[126.866088,37.475659],[126.86613,37.475654],[126.866151,37.475652],[126.866172,37.475651],[126.866193,37.475651],[126.866214,37.475652],[126.866216,37.475652],[126.866219,37.475652],[126.866226,37.475653],[126.866244,37.475657],[126.8663,37.475669],[126.866484,37.475716],[126.867123,37.475889],[126.869298,37.476501],[126.872315,37.477367],[126.875749,37.478361],[126.879177,37.479362],[126.882175,37.480246],[126.884318,37.480889],[126.884937,37.481082],[126.88511,37.48114],[126.885159,37.481158],[126.885174,37.481165],[126.88518,37.481167],[126.885181,37.481168],[126.885183,37.481169],[126.885199,37.481181],[126.885215,37.481193],[126.885229,37.481206],[126.885243,37.48122],[126.885256,37.481234],[126.885268,37.481249],[126.88529,37.48128],[126.885309,37.481312],[126.885327,37.481345],[126.885359,37.481412],[126.885396,37.481505],[126.885433,37.481619],[126.885504,37.4819],[126.885646,37.482614],[126.885801,37.483415],[126.885888,37.483806],[126.885984,37.484167],[126.886082,37.484492],[126.886143,37.484652],[126.886179,37.48473],[126.886221,37.484806],[126.886289,37.484911],[126.886384,37.485046],[126.88664,37.485384],[126.886963,37.485786],[126.887323,37.486219],[126.887693,37.48665],[126.888042,37.487044],[126.888344,37.487368],[126.888468,37.487493],[126.88857,37.487588],[126.888678,37.487677],[126.888822,37.487785],[126.889201,37.48805],[126.890223,37.488722],[126.891403,37.489479],[126.892504,37.490193],[126.895553,37.492095],[126.89884,37.494137],[126.901652,37.4959],[126.902659,37.496547],[126.903281,37.496967],[126.903587,37.497198],[126.90373,37.497321],[126.903862,37.497451],[126.904053,37.497671],[126.904265,37.497942],[126.904493,37.498252],[126.90473,37.498591],[126.905208,37.499306],[126.905651,37.5],[126.905665,37.500024],[126.905678,37.500047],[126.905689,37.500072],[126.905694,37.500085],[126.905701,37.500097],[126.905714,37.50012],[126.905721,37.500131],[126.905725,37.500137],[126.90573,37.500142],[126.905739,37.500151],[126.905745,37.500156],[126.90575,37.50016],[126.905756,37.500164],[126.905761,37.500168],[126.905768,37.500172],[126.905774,37.500175],[126.905781,37.500178],[126.905788,37.50018],[126.905795,37.500182],[126.905802,37.500184],[126.90581,37.500186],[126.905817,37.500187],[126.905832,37.500189],[126.90584,37.500189],[126.905848,37.500189],[126.905864,37.500189],[126.905896,37.500186],[126.905912,37.500184],[126.905929,37.500182],[126.905961,37.500177],[126.905994,37.500174],[126.906026,37.500172],[126.907046,37.500135],[126.908438,37.500105],[126.911991,37.50006],[126.916,37.500024],[126.919781,37.499983],[126.921888,37.499906],[126.923994,37.499823],[126.926101,37.499753],[126.927155,37.499731],[126.928209,37.49972],[126.929253,37.499708],[126.929511,37.499711],[126.929764,37.49972],[126.93001,37.499739],[126.930244,37.499768],[126.930477,37.499813],[126.930706,37.499872],[126.930928,37.499946],[126.931142,37.500033],[126.931174,37.500048],[126.931215,37.500069],[126.931322,37.500129],[126.931633,37.500311],[126.932571,37.500885],[126.935188,37.502525],[126.937795,37.504159],[126.938721,37.504726],[126.939024,37.504903],[126.939127,37.50496],[126.939165,37.504979],[126.939195,37.504993],[126.939236,37.505009],[126.939277,37.505024],[126.939363,37.50505],[126.939452,37.50507],[126.939541,37.505085],[126.9397,37.505104],[126.939909,37.505123],[126.940454,37.505158],[126.941121,37.50519],[126.941857,37.505216],[126.942606,37.505235],[126.943315,37.505246],[126.94393,37.505246],[126.944396,37.505234],[126.94457,37.505222],[126.944743,37.505204],[126.944915,37.505178],[126.945084,37.505144],[126.945441,37.50506],[126.945805,37.50496],[126.945976,37.504905],[126.946135,37.504846],[126.946207,37.504816],[126.946274,37.504785],[126.946335,37.504753],[126.94639,37.504721],[126.946392,37.50472],[126.946394,37.504718],[126.946398,37.504715],[126.946409,37.504705],[126.946442,37.504673],[126.946544,37.504564],[126.946886,37.504179],[126.94803,37.502856],[126.951407,37.498891],[126.954823,37.494883],[126.956015,37.493504],[126.956388,37.493083],[126.956508,37.492954],[126.956549,37.492911],[126.956578,37.492884],[126.956656,37.49282],[126.956737,37.49276],[126.956908,37.492645],[126.95727,37.492436],[126.957522,37.492304],[126.957857,37.492138],[126.958732,37.491724],[126.960988,37.490692],[126.963318,37.489626],[126.964286,37.489169],[126.965001,37.488811],[126.965324,37.488635],[126.965642,37.488453],[126.965951,37.488263],[126.966251,37.488063],[126.966672,37.48775],[126.967156,37.487362],[126.968197,37.486486],[126.969142,37.485688],[126.969506,37.485397],[126.969648,37.485292],[126.969708,37.485252],[126.969759,37.48522],[126.969862,37.485165],[126.96998,37.485109],[126.970256,37.484995],[126.970901,37.48476],[126.971552,37.484523],[126.971835,37.484406],[126.971958,37.484348],[126.972066,37.484291],[126.97211,37.484264],[126.972153,37.484236],[126.972234,37.484175],[126.972386,37.484044],[126.972537,37.483912],[126.972617,37.48385],[126.972659,37.483821],[126.972702,37.483793],[126.972868,37.483697],[126.973041,37.48361],[126.973221,37.48353],[126.973406,37.48346],[126.973606,37.483395],[126.973811,37.483339],[126.974021,37.483293],[126.974233,37.483261],[126.974533,37.483232],[126.974837,37.48322],[126.974988,37.483221],[126.975139,37.483227],[126.975289,37.48324],[126.975438,37.483259],[126.975466,37.483264],[126.975501,37.483272],[126.97559,37.483294],[126.975843,37.483367],[126.976594,37.483603],[126.978694,37.484295],[126.980856,37.485008],[126.981685,37.485269],[126.981988,37.485357],[126.982105,37.485389],[126.982198,37.485411],[126.982395,37.485447],[126.982662,37.485488],[126.983369,37.485576],[126.985219,37.485779],[126.987163,37.485993],[126.987987,37.486096],[126.988617,37.486193],[126.988868,37.486244],[126.989116,37.486302],[126.989607,37.486434],[126.990508,37.486692],[126.991477,37.48698],[126.992476,37.487286],[126.993467,37.487597],[126.994414,37.487902],[126.995276,37.488189],[126.996018,37.488445],[126.9966,37.488658],[126.996849,37.488754],[126.997095,37.488854],[126.997333,37.488966],[126.997447,37.489027],[126.997557,37.489093],[126.997692,37.489184],[126.997822,37.489279],[126.998067,37.489482],[126.998294,37.489699],[126.998504,37.489926],[126.998712,37.490185],[126.998981,37.49055],[126.999292,37.490998],[126.99963,37.4915],[126.999976,37.492033],[127.000315,37.49257],[127.000629,37.493086],[127.000901,37.493554],[127.001165,37.494031],[127.001417,37.494521],[127.001532,37.494764],[127.001636,37.495003],[127.001725,37.495236],[127.001797,37.495459],[127.001813,37.495523],[127.001829,37.495605],[127.001862,37.49582],[127.001932,37.496415],[127.002081,37.498013],[127.002235,37.499656],[127.002311,37.500308],[127.002349,37.500559],[127.002385,37.500747],[127.00248,37.501124],[127.002596,37.501503],[127.002663,37.501687],[127.002737,37.501864],[127.002818,37.502032],[127.002907,37.502187],[127.002979,37.502293],[127.003058,37.502395],[127.003144,37.502495],[127.003236,37.502591],[127.003431,37.502778],[127.003636,37.502957],[127.003826,37.503114],[127.004026,37.503264],[127.004236,37.503404],[127.004459,37.503531],[127.004575,37.503588],[127.004698,37.503643],[127.004962,37.503747],[127.00554,37.503943],[127.006142,37.504143],[127.006435,37.504251],[127.006714,37.504368],[127.006945,37.504472],[127.007173,37.504582],[127.007283,37.50464],[127.007389,37.504703],[127.00749,37.50477],[127.007585,37.504843],[127.007618,37.504873],[127.007654,37.504909],[127.007735,37.504998],[127.007926,37.505238],[127.008393,37.505878],[127.008907,37.506581],[127.009159,37.506898],[127.009394,37.507162],[127.009531,37.507301],[127.009675,37.507437],[127.009751,37.507501],[127.009831,37.507562],[127.009915,37.507619],[127.010004,37.50767],[127.010007,37.507671],[127.01001,37.507673],[127.010018,37.507676],[127.010043,37.507686],[127.010123,37.507714],[127.010402,37.507806],[127.011399,37.508123],[127.014851,37.509193],[127.019692,37.510679],[127.025252,37.512375],[127.030862,37.514078],[127.035853,37.515586],[127.039557,37.516693],[127.040716,37.517032],[127.041303,37.517196],[127.042042,37.517359],[127.043119,37.517573],[127.045972,37.518108],[127.04924,37.518706],[127.0523,37.519272],[127.053532,37.519458],[127.054821,37.519645],[127.055997,37.51983],[127.056488,37.51992],[127.056887,37.520007],[127.057311,37.520124],[127.05786,37.520292],[127.058488,37.520495],[127.059145,37.520717],[127.059786,37.520941],[127.060362,37.521151],[127.060826,37.521331],[127.061001,37.521404],[127.06113,37.521464],[127.061359,37.521589],[127.061576,37.521728],[127.061779,37.521879],[127.061967,37.522042],[127.062114,37.522187],[127.062253,37.522337],[127.062508,37.52265],[127.062738,37.522975],[127.06295,37.523308],[127.062977,37.523356],[127.063017,37.523433],[127.063134,37.523669],[127.063502,37.524443],[127.06469,37.527001],[127.068151,37.534539],[127.071684,37.542233],[127.072963,37.544985],[127.07339,37.545886],[127.073641,37.546393],[127.073926,37.546905],[127.074228,37.54741],[127.074861,37.54841],[127.075494,37.549411],[127.075796,37.549916],[127.07608,37.550428],[127.076276,37.550814],[127.076461,37.551204],[127.076808,37.55199],[127.07715,37.552777],[127.077329,37.553169],[127.077517,37.553557],[127.077812,37.554126],[127.078221,37.554892],[127.079313,37.556892],[127.08209,37.561904],[127.084708,37.566627],[127.085601,37.568265],[127.085881,37.568795],[127.085972,37.568975],[127.086027,37.569092],[127.08608,37.569231],[127.0861,37.569302],[127.086115,37.569374],[127.086132,37.569519],[127.086144,37.569693],[127.086153,37.570114],[127.086138,37.57113],[127.086123,37.572157],[127.086132,37.572592],[127.086143,37.572775],[127.086161,37.572929],[127.086197,37.573109],[127.086262,37.573367],[127.086464,37.574079],[127.087064,37.576058],[127.087748,37.578325],[127.088054,37.579398],[127.088301,37.58034],[127.088451,37.580963],[127.088591,37.581587],[127.088711,37.582213],[127.088759,37.582528],[127.088798,37.582843],[127.088814,37.583115],[127.088807,37.583388],[127.088788,37.583606],[127.088759,37.583824],[127.088681,37.584257],[127.088445,37.58527],[127.088035,37.586896],[127.087512,37.58891],[127.086937,37.591086],[127.086369,37.593196],[127.085869,37.595016],[127.085498,37.596318],[127.085379,37.596705],[127.08534,37.596819],[127.085325,37.596856],[127.08532,37.596868],[127.085317,37.596873],[127.085315,37.596877],[127.085276,37.596936],[127.085226,37.597001],[127.085101,37.597146],[127.084947,37.597307],[127.084771,37.597477],[127.084381,37.597823],[127.083987,37.598135],[127.083853,37.598227],[127.083683,37.598335],[127.083252,37.598588],[127.082172,37.599184],[127.081069,37.599794],[127.080611,37.600062],[127.080423,37.60018],[127.080269,37.600284],[127.080168,37.600359],[127.080071,37.600437],[127.079981,37.60052],[127.079939,37.600564],[127.0799,37.600609],[127.079861,37.60066],[127.079825,37.600712],[127.079763,37.60082],[127.079656,37.601044],[127.079541,37.601334],[127.07945,37.60163],[127.079377,37.601934],[127.079287,37.602356],[127.079069,37.603487],[127.078536,37.606439],[127.077995,37.609438],[127.077766,37.610628],[127.077669,37.611088],[127.077587,37.611436],[127.077298,37.61243],[127.076777,37.614111],[127.076099,37.616245],[127.075339,37.618601],[127.074573,37.620947],[127.073875,37.623052],[127.073321,37.624682],[127.073122,37.625247],[127.072987,37.625606],[127.07277,37.626118],[127.072521,37.62666],[127.071958,37.627808],[127.071357,37.628993],[127.070775,37.63016],[127.064756,37.643645],[127.064062,37.645006],[127.06336,37.646364],[127.062674,37.647727],[127.062345,37.648412],[127.06203,37.649102],[127.061816,37.649614],[127.061628,37.650132],[127.061368,37.650973],[127.061044,37.652106],[127.060262,37.654982],[127.0594,37.658218],[127.058578,37.661274],[127.057757,37.664742],[127.057096,37.667191],[127.056383,37.669797],[127.055773,37.672089],[127.055554,37.67297],[127.055418,37.673597],[127.055351,37.674016],[127.055301,37.674436],[127.055266,37.674858],[127.055242,37.67528],[127.055229,37.676016],[127.05524,37.676919],[127.0553,37.678936],[127.055358,37.680755],[127.055365,37.68141],[127.055359,37.681642],[127.055353,37.681731],[127.055346,37.681799],[127.055336,37.681853],[127.055322,37.681907],[127.055303,37.68196],[127.055279,37.682012],[127.055236,37.682089],[127.055189,37.682164],[127.055085,37.682311],[127.054968,37.682452],[127.054843,37.682588],[127.054619,37.682809],[127.05436,37.683045],[127.054074,37.683291],[127.053767,37.683544],[127.053122,37.684052],[127.052481,37.684538],[127.051868,37.684978],[127.051166,37.685457],[127.04967,37.686439],[127.048346,37.687304],[127.04786,37.687637],[127.04768,37.687768],[127.047549,37.687873],[127.047336,37.688069],[127.047137,37.688275],[127.046956,37.688491],[127.046793,37.688715],[127.04668,37.688902],[127.046584,37.689095],[127.046501,37.689292],[127.04643,37.689492],[127.04637,37.689701],[127.046323,37.689913],[127.046257,37.69034],[127.046194,37.69085],[127.046146,37.691362],[127.04612,37.691875],[127.046125,37.692387],[127.046154,37.69273],[127.046184,37.6929],[127.046229,37.693068],[127.046267,37.69317],[127.046314,37.69327],[127.046427,37.693463],[127.046561,37.693657],[127.046637,37.69375],[127.046719,37.693839],[127.046831,37.693947],[127.046951,37.69405],[127.047078,37.694148],[127.047212,37.694239],[127.047444,37.694377],[127.047687,37.694503],[127.04819,37.694735],[127.048696,37.694965],[127.048942,37.695088],[127.049178,37.695221],[127.049317,37.695307],[127.049451,37.695398],[127.049579,37.695494],[127.049639,37.695545],[127.049696,37.695598],[127.049784,37.695689],[127.049865,37.695783],[127.050015,37.695979],[127.05029,37.696383],[127.050496,37.696696],[127.050693,37.697019],[127.051072,37.697672],[127.051452,37.69831],[127.05165,37.698612],[127.051858,37.698897],[127.051995,37.699065],[127.05214,37.69923],[127.052447,37.699549],[127.052763,37.699863],[127.053075,37.70018]]}},{"type":"Feature","properties":{"r":"KR","g":"kr","col":"#9864b7","n":"수도권 전철 5호선","ct":"首尔","jk":"subway"},"geometry":{"type":"MultiLineString","coordinates":[[[127.136201,37.534837],[127.13647,37.534679],[127.136743,37.534525],[127.137007,37.534364],[127.137132,37.534277],[127.13725,37.534184],[127.137339,37.534106],[127.137423,37.534024],[127.137579,37.533853],[127.137722,37.533674],[127.137855,37.533491],[127.137902,37.53342],[127.137945,37.533347],[127.137982,37.533273],[127.138014,37.533197],[127.138071,37.533031],[127.138117,37.532862],[127.138149,37.532691],[127.138158,37.532605],[127.138163,37.532519],[127.138158,37.532363],[127.138138,37.532207],[127.138104,37.532053],[127.138058,37.531901],[127.137981,37.531702],[127.13789,37.531506],[127.137679,37.531123],[127.137458,37.530742],[127.137355,37.53055],[127.137261,37.530355],[127.13711,37.529995],[127.136914,37.529497],[127.136414,37.528172],[127.135177,37.524786],[127.133989,37.521534],[127.133552,37.520376],[127.133397,37.519987],[127.133293,37.519753],[127.133234,37.519646],[127.133133,37.519479],[127.132821,37.518981],[127.131826,37.517437],[127.128966,37.513066],[127.126114,37.508707],[127.125128,37.507177],[127.124822,37.506687],[127.124725,37.506525],[127.124669,37.506424],[127.124594,37.506261],[127.124529,37.506094],[127.124475,37.505926],[127.124433,37.505755],[127.12441,37.505621],[127.124395,37.505486],[127.12439,37.50535],[127.124396,37.505215],[127.124405,37.505133],[127.124419,37.505051],[127.12444,37.50497],[127.124454,37.504931],[127.124471,37.504892],[127.124507,37.50482],[127.124548,37.504749],[127.124642,37.504613],[127.124748,37.504481],[127.124863,37.504355],[127.125079,37.504147],[127.125313,37.50395],[127.125807,37.503577],[127.126352,37.503182],[127.126954,37.502758],[127.127596,37.502318],[127.128263,37.501871],[127.128937,37.501429],[127.129602,37.501003],[127.13024,37.500605],[127.130836,37.500244],[127.131836,37.499682],[127.133531,37.49876],[127.135672,37.49761],[127.138009,37.496366],[127.140292,37.49516],[127.14227,37.494123],[127.143695,37.49339],[127.144122,37.493178],[127.14425,37.493118],[127.144291,37.493101],[127.144305,37.493095],[127.144311,37.493093],[127.144316,37.493092],[127.144336,37.493087],[127.144361,37.493083],[127.144428,37.493073],[127.14462,37.493052],[127.1452,37.493008],[127.145962,37.492964],[127.146813,37.492923],[127.14766,37.49289],[127.14841,37.492868],[127.14897,37.492863],[127.14915,37.492867],[127.149209,37.492871],[127.149231,37.492874],[127.14924,37.492875],[127.149247,37.492877],[127.149254,37.492879],[127.149261,37.492881],[127.149278,37.492887],[127.14932,37.492904],[127.14943,37.492958],[127.149748,37.493137],[127.150666,37.493694],[127.15175,37.494372],[127.152751,37.494989]],[[127.223705,37.539712],[127.222168,37.540012],[127.220543,37.540337],[127.219093,37.540613],[127.218517,37.54071],[127.218082,37.540768],[127.217934,37.540781],[127.217785,37.54079],[127.217711,37.540791],[127.217636,37.54079],[127.217562,37.540785],[127.217489,37.540777],[127.217346,37.540753],[127.217205,37.540722],[127.217066,37.540685],[127.216929,37.540643],[127.216658,37.540549],[127.216392,37.54045],[127.216081,37.540324],[127.215776,37.540185],[127.215179,37.539888],[127.214584,37.539596],[127.214284,37.539464],[127.213979,37.539349],[127.213798,37.539291],[127.213614,37.53924],[127.213426,37.539198],[127.213331,37.539182],[127.213235,37.539169],[127.213028,37.53915],[127.212819,37.539142],[127.212715,37.539143],[127.212611,37.539148],[127.212508,37.539158],[127.212406,37.539172],[127.212313,37.53919],[127.212221,37.539214],[127.212132,37.539241],[127.212043,37.539272],[127.211698,37.539411],[127.211034,37.539706],[127.210016,37.540182],[127.20877,37.54078],[127.207422,37.541436],[127.206096,37.54209],[127.20492,37.54268],[127.204018,37.543143],[127.20371,37.543309],[127.203517,37.54342],[127.203327,37.543548],[127.203146,37.543685],[127.202974,37.543829],[127.20281,37.543978],[127.202646,37.544139],[127.202491,37.544306],[127.202346,37.544478],[127.202212,37.544655],[127.202045,37.544902],[127.201894,37.545156],[127.201757,37.545415],[127.201632,37.545678],[127.20154,37.545895],[127.201458,37.546115],[127.201388,37.546337],[127.20133,37.546561],[127.201247,37.546958],[127.201184,37.547358],[127.201147,37.547759],[127.201141,37.548161],[127.201155,37.54839],[127.201185,37.548618],[127.201234,37.548845],[127.201303,37.549067],[127.201384,37.549257],[127.201482,37.549443],[127.201595,37.549624],[127.201717,37.5498],[127.201922,37.550066],[127.202153,37.550337],[127.202666,37.550889],[127.203202,37.551451],[127.203462,37.551734],[127.203709,37.552017],[127.20431,37.552736],[127.204923,37.553487],[127.20521,37.553851],[127.20547,37.554194],[127.205694,37.554506],[127.205871,37.554779],[127.205934,37.554886],[127.205991,37.554995],[127.206016,37.55505],[127.206037,37.555106],[127.206055,37.555163],[127.206067,37.555221],[127.206078,37.555315],[127.206082,37.55541],[127.206078,37.555505],[127.206069,37.5556],[127.206038,37.555789],[127.205998,37.555977],[127.205965,37.556114],[127.205923,37.55625],[127.205871,37.556383],[127.20584,37.556448],[127.205804,37.556511],[127.205783,37.556543],[127.20576,37.556573],[127.205709,37.556632],[127.205597,37.556745],[127.205118,37.557208],[127.204559,37.557717],[127.203288,37.558833],[127.201953,37.560006],[127.201315,37.560587],[127.200724,37.561151],[127.200458,37.561424],[127.200194,37.561713],[127.199676,37.562305],[127.199178,37.562862],[127.198938,37.563108],[127.198706,37.563322],[127.19864,37.563378],[127.19857,37.563431],[127.198534,37.563456],[127.198496,37.56348],[127.198456,37.563501],[127.198415,37.56352],[127.198271,37.563574],[127.198122,37.563621],[127.19797,37.56366],[127.197814,37.563693],[127.197498,37.563742],[127.197179,37.563776],[127.196745,37.563801],[127.196308,37.563802],[127.195873,37.563778],[127.195441,37.563732],[127.195272,37.563705],[127.195049,37.563663],[127.19447,37.56354],[127.193768,37.563378],[127.193003,37.563194],[127.192239,37.563002],[127.191539,37.562817],[127.190964,37.562656],[127.190743,37.562589],[127.190577,37.562533],[127.19023,37.562397],[127.189893,37.562243],[127.18957,37.562073],[127.189262,37.561886],[127.189134,37.561797],[127.189014,37.5617],[127.188901,37.561599],[127.188796,37.561492],[127.188708,37.561388],[127.188629,37.56128],[127.188486,37.561056],[127.188341,37.560833],[127.18826,37.560726],[127.188216,37.560674],[127.188169,37.560624],[127.18806,37.56052],[127.187941,37.560422],[127.187879,37.560375],[127.187814,37.560331],[127.187747,37.56029],[127.187677,37.560251],[127.187614,37.56022],[127.187549,37.560193],[127.187482,37.560168],[127.187414,37.560145],[127.187135,37.560065],[127.18621,37.559832],[127.184645,37.559464],[127.182662,37.55901],[127.180484,37.558521],[127.178334,37.558046],[127.176434,37.557634],[127.175007,37.557336],[127.17454,37.557244],[127.174381,37.557216],[127.174275,37.5572],[127.174095,37.557183],[127.173868,37.557169],[127.173292,37.55715],[127.171789,37.55713],[127.17008,37.557109],[127.169246,37.557087],[127.168477,37.557053],[127.168031,37.557023],[127.167587,37.556986],[127.1667,37.556892],[127.165229,37.5567],[127.163218,37.556412],[127.158439,37.5557],[127.154086,37.555049],[127.152606,37.554838],[127.152135,37.554777],[127.151979,37.55476],[127.151921,37.554755],[127.151879,37.554753],[127.151772,37.554753],[127.151664,37.554758],[127.151558,37.554769],[127.151452,37.554784],[127.151275,37.554816],[127.151084,37.554857],[127.150666,37.554961],[127.149768,37.555215],[127.148925,37.555454],[127.148578,37.55554],[127.148431,37.555569],[127.148366,37.55558],[127.148307,37.555588],[127.147958,37.555617],[127.147605,37.555622],[127.147253,37.555605],[127.147079,37.555587],[127.146906,37.555563],[127.146654,37.555515],[127.146407,37.555449],[127.146168,37.555367],[127.146052,37.555321],[127.145939,37.55527],[127.145811,37.555206],[127.145686,37.555137],[127.145447,37.554987],[127.145224,37.554822],[127.145019,37.554644],[127.14494,37.554566],[127.144865,37.554486],[127.144729,37.554317],[127.144606,37.554142],[127.144494,37.553962],[127.144437,37.553858],[127.144386,37.553752],[127.144343,37.553644],[127.144307,37.553534],[127.14426,37.55334],[127.144204,37.553049],[127.144069,37.552235],[127.143743,37.550041],[127.143411,37.547804],[127.143267,37.546937],[127.143205,37.546612],[127.143152,37.546378],[127.143071,37.54611],[127.142931,37.545691],[127.142506,37.544483],[127.141944,37.542933],[127.141311,37.541217],[127.140671,37.53951],[127.140091,37.537992],[127.139637,37.536837],[127.139477,37.536451],[127.139374,37.536223],[127.13927,37.536029],[127.139156,37.535839],[127.139028,37.535655],[127.138958,37.535566],[127.138883,37.53548],[127.138783,37.53538],[127.138674,37.535285],[127.138558,37.535196],[127.138436,37.535112],[127.138317,37.535034],[127.138193,37.53496],[127.138129,37.534926],[127.138063,37.534894],[127.137996,37.534865],[127.137926,37.53484],[127.13781,37.534804],[127.137691,37.534772],[127.137571,37.534745],[127.137449,37.534722],[127.137325,37.534704],[127.137201,37.534692],[127.137077,37.534685],[127.136952,37.534685],[127.136857,37.53469],[127.136744,37.534701],[127.13647,37.534741],[127.136146,37.5348],[127.135787,37.534873],[127.135027,37.535045],[127.134314,37.53522],[127.133417,37.53547],[127.132018,37.535884],[127.130289,37.536408],[127.128401,37.53699],[127.126526,37.537576],[127.124835,37.538112],[127.123499,37.538547],[127.12269,37.538826],[127.122444,37.538922],[127.122202,37.539025],[127.121965,37.539135],[127.121734,37.539253],[127.121459,37.539406],[127.12119,37.539565],[127.120664,37.539896],[127.120151,37.540241],[127.119643,37.54059],[127.119276,37.54086],[127.118921,37.541141],[127.118561,37.541416],[127.118374,37.541548],[127.118179,37.541672],[127.118032,37.541757],[127.11788,37.541836],[127.117724,37.541909],[127.117562,37.541974],[127.117465,37.542008],[127.117328,37.542051],[127.116943,37.542167],[127.115806,37.542491],[127.114329,37.542898],[127.112688,37.543341],[127.111062,37.543772],[127.109626,37.544144],[127.108558,37.54441],[127.108217,37.544488],[127.108105,37.544511],[127.108064,37.544518],[127.108035,37.544522],[127.107959,37.544528],[127.107882,37.54453],[127.107805,37.544529],[127.107729,37.544525],[127.107575,37.544511],[127.107421,37.544493],[127.107113,37.544458],[127.10696,37.54445],[127.106883,37.54445],[127.106806,37.544454],[127.106585,37.544475],[127.106366,37.544506],[127.105933,37.544589],[127.105505,37.544691],[127.105079,37.544798],[127.10468,37.544904],[127.104286,37.545019],[127.103505,37.545267],[127.102093,37.545733],[127.100411,37.546302],[127.098588,37.546929],[127.096755,37.547568],[127.09504,37.548173],[127.093575,37.548699],[127.092488,37.5491],[127.092127,37.54924],[127.091999,37.549293],[127.091909,37.549332],[127.091758,37.549408],[127.091614,37.549491],[127.091474,37.549581],[127.09134,37.549674],[127.091108,37.549843],[127.090882,37.550019],[127.090672,37.550205],[127.090576,37.550304],[127.090487,37.550406],[127.090427,37.550487],[127.090366,37.550583],[127.09024,37.550811],[127.089972,37.551372],[127.089677,37.551982],[127.089518,37.552273],[127.08935,37.552537],[127.089186,37.552766],[127.089011,37.552991],[127.088915,37.553099],[127.088814,37.553203],[127.088706,37.553302],[127.088589,37.553394],[127.088512,37.553446],[127.088416,37.553504],[127.088175,37.553634],[127.08788,37.553779],[127.087547,37.553934],[127.08683,37.554252],[127.086148,37.554547],[127.08504,37.555013],[127.08353,37.555628],[127.081729,37.55635],[127.079751,37.557133],[127.077705,37.557934],[127.075704,37.55871],[127.073858,37.559415],[127.072281,37.560007],[127.071429,37.56033],[127.070996,37.56048],[127.070776,37.560547],[127.070553,37.560606],[127.070444,37.560629],[127.070283,37.560659],[127.069817,37.560738],[127.06841,37.560954],[127.06451,37.561521],[127.060704,37.562075],[127.059413,37.562273],[127.059023,37.56234],[127.058903,37.562363],[127.058865,37.562373],[127.05885,37.562377],[127.058845,37.562378],[127.05884,37.56238],[127.058768,37.56241],[127.058691,37.562447],[127.058522,37.562542],[127.058146,37.562789],[127.057368,37.563345],[127.056314,37.564094],[127.055154,37.564943],[127.052785,37.566715],[127.0508,37.568205],[127.05012,37.568701],[127.049887,37.568863],[127.049801,37.568918],[127.049737,37.568956],[127.04955,37.569053],[127.049355,37.569142],[127.049254,37.569181],[127.049151,37.569214],[127.049046,37.569242],[127.048992,37.569253],[127.048938,37.569263],[127.04887,37.569272],[127.048801,37.569276],[127.048731,37.569278],[127.048662,37.569276],[127.048592,37.56927],[127.048523,37.569262],[127.048455,37.569251],[127.048388,37.569237],[127.048249,37.569201],[127.048115,37.569156],[127.047984,37.569104],[127.047855,37.569048],[127.047604,37.568924],[127.047358,37.568796],[127.046863,37.56853],[127.046221,37.568165],[127.045475,37.567728],[127.044668,37.567244],[127.043843,37.566741],[127.043045,37.566243],[127.042316,37.565779],[127.0417,37.565373],[127.041105,37.564954],[127.040428,37.56445],[127.038947,37.563308],[127.037484,37.56218],[127.036831,37.561694],[127.036269,37.5613],[127.03568,37.560917],[127.034954,37.560462],[127.034131,37.559959],[127.033252,37.559431],[127.032357,37.558904],[127.031486,37.5584],[127.03068,37.557944],[127.029979,37.55756],[127.029295,37.557201],[127.028536,37.556814],[127.02773,37.556414],[127.026909,37.556015],[127.026102,37.555632],[127.025341,37.555279],[127.024655,37.554972],[127.024075,37.554724],[127.02363,37.554547],[127.023402,37.554469],[127.023285,37.554436],[127.023167,37.554407],[127.022726,37.554321],[127.022275,37.554259],[127.022049,37.554238],[127.021824,37.554225],[127.021601,37.55422],[127.021383,37.554223],[127.021153,37.554237],[127.0209,37.554263],[127.020633,37.5543],[127.020358,37.554345],[127.020083,37.554398],[127.019817,37.554457],[127.019566,37.554521],[127.019339,37.554589],[127.019218,37.554631],[127.0191,37.554677],[127.018871,37.554782],[127.018652,37.554899],[127.018443,37.555027],[127.01823,37.555173],[127.018028,37.555329],[127.017841,37.555495],[127.017671,37.555673],[127.017604,37.555755],[127.017541,37.555839],[127.017429,37.556013],[127.01733,37.556192],[127.017242,37.556375],[127.017167,37.556557],[127.017105,37.556741],[127.017002,37.557116],[127.016901,37.557491],[127.016841,37.557676],[127.01677,37.557859],[127.016672,37.558079],[127.016564,37.558296],[127.016442,37.558508],[127.016373,37.55861],[127.016298,37.55871],[127.016221,37.558802],[127.016139,37.558892],[127.015962,37.559063],[127.015772,37.559226],[127.015573,37.559382],[127.015418,37.559493],[127.015257,37.559598],[127.015088,37.559697],[127.014914,37.559788],[127.014596,37.559934],[127.014262,37.560068],[127.013563,37.560318],[127.012854,37.560568],[127.012506,37.560701],[127.012169,37.560845],[127.01192,37.56096],[127.011675,37.561081],[127.011438,37.561211],[127.011213,37.561353],[127.011095,37.561438],[127.010975,37.561532],[127.010728,37.561744],[127.010211,37.562231],[127.009665,37.562743],[127.009383,37.562987],[127.009095,37.563212],[127.008815,37.563408],[127.008525,37.563594],[127.008223,37.563768],[127.007909,37.563928],[127.007545,37.564092],[127.007169,37.56424],[127.006783,37.564371],[127.006389,37.564482],[127.005956,37.56458],[127.005516,37.564657],[127.00507,37.564712],[127.004622,37.564744],[127.00445,37.564746],[127.004231,37.56474],[127.003677,37.564709],[127.00232,37.564605],[127.001021,37.564504],[127.000541,37.564478],[127.000369,37.564475],[127.000304,37.564476],[127.000277,37.564478],[127.000253,37.56448],[127.000158,37.564494],[127.000064,37.564512],[126.999971,37.564536],[126.99988,37.564563],[126.999701,37.564626],[126.999528,37.564697],[126.999328,37.56479],[126.999135,37.564895],[126.998953,37.565009],[126.998783,37.565135],[126.998624,37.565271],[126.998478,37.565417],[126.998411,37.565493],[126.998348,37.565571],[126.998292,37.565652],[126.998241,37.565735],[126.998218,37.56578],[126.9982,37.565826],[126.998185,37.565873],[126.998173,37.56592],[126.998136,37.566113],[126.998061,37.5666],[126.997999,37.567157],[126.997905,37.568341],[126.997826,37.569385],[126.997783,37.569766],[126.997759,37.569906],[126.997746,37.569962],[126.997733,37.570007],[126.997706,37.57008],[126.997674,37.570153],[126.997638,37.570225],[126.997598,37.570295],[126.997554,37.570364],[126.997506,37.570431],[126.997455,37.570495],[126.997399,37.570558],[126.997319,37.570638],[126.997234,37.570714],[126.997144,37.570787],[126.99705,37.570857],[126.99685,37.570988],[126.99664,37.571106],[126.996406,37.57122],[126.996126,37.571341],[126.99581,37.571465],[126.995469,37.571592],[126.99475,37.571838],[126.994048,37.572061],[126.993705,37.572163],[126.993357,37.572257],[126.993006,37.572339],[126.992649,37.572404],[126.992193,37.572459],[126.991732,37.572492],[126.990807,37.572527],[126.989624,37.572565],[126.988385,37.57259],[126.987797,37.572594],[126.987257,37.572591],[126.986786,37.572579],[126.986404,37.572557],[126.986207,37.572535],[126.985953,37.572497],[126.985304,37.572385],[126.983674,37.572073],[126.982039,37.57176],[126.981384,37.571646],[126.981126,37.571608],[126.980925,37.571585],[126.980709,37.571573],[126.98041,37.571566],[126.979611,37.571565],[126.977568,37.571591],[126.975608,37.571617],[126.974914,37.571615],[126.974682,37.571608],[126.974601,37.571603],[126.97457,37.5716],[126.974545,37.571596],[126.974398,37.571566],[126.974253,37.571529],[126.974112,37.571485],[126.973972,37.571435],[126.973701,37.571321],[126.973441,37.571194],[126.973303,37.571118],[126.973119,37.571008],[126.972637,37.570702],[126.972047,37.570312],[126.971398,37.569872],[126.970741,37.569416],[126.970126,37.568979],[126.969604,37.568596],[126.969225,37.568301],[126.968924,37.568046],[126.968608,37.567762],[126.968281,37.567456],[126.967948,37.567132],[126.967288,37.566456],[126.96667,37.565778],[126.966339,37.565381],[126.966028,37.564974],[126.965729,37.56456],[126.965437,37.564144],[126.965054,37.563576],[126.96465,37.562947],[126.963842,37.561648],[126.963142,37.560526],[126.962872,37.560119],[126.962764,37.55997],[126.962718,37.55991],[126.962677,37.559862],[126.962629,37.559812],[126.962561,37.559747],[126.962371,37.559578],[126.961815,37.559111],[126.960293,37.557874],[126.958793,37.556657],[126.958265,37.556212],[126.958093,37.556058],[126.958035,37.556001],[126.958013,37.555979],[126.957997,37.55596],[126.957982,37.55594],[126.957965,37.555915],[126.957923,37.555848],[126.957814,37.555653],[126.9575,37.555047],[126.956596,37.553214],[126.955515,37.551019],[126.954979,37.549959],[126.954485,37.549017],[126.953927,37.547995],[126.953634,37.547489],[126.953322,37.546991],[126.953034,37.546562],[126.952737,37.546136],[126.95212,37.545296],[126.951482,37.544464],[126.950836,37.543637],[126.950357,37.543008],[126.950104,37.542702],[126.949968,37.542554],[126.949824,37.542411],[126.949764,37.542357],[126.949684,37.542291],[126.949469,37.542124],[126.948859,37.541672],[126.947193,37.540479],[126.945462,37.53924],[126.944773,37.53873],[126.944507,37.538525],[126.944307,37.538361],[126.944071,37.538143],[126.943701,37.537783],[126.942629,37.536708],[126.939634,37.533656],[126.936415,37.530378],[126.935063,37.529021],[126.934064,37.528047],[126.933599,37.52761],[126.933358,37.527398],[126.933104,37.527196],[126.932819,37.526999],[126.932307,37.526662],[126.930727,37.525647],[126.928619,37.524309],[126.926237,37.522809],[126.923832,37.521304],[126.921659,37.519954],[126.919972,37.518919],[126.919389,37.518569],[126.919023,37.518357],[126.918681,37.51817],[126.918334,37.517989],[126.917976,37.517822],[126.917793,37.517746],[126.917605,37.517677],[126.917447,37.517628],[126.917285,37.517587],[126.917119,37.517554],[126.916952,37.51753],[126.916695,37.517506],[126.916436,37.517496],[126.916176,37.517497],[126.915917,37.517508],[126.915353,37.517552],[126.914783,37.517617],[126.914505,37.517659],[126.914237,37.517706],[126.913982,37.51776],[126.913744,37.51782],[126.91344,37.517916],[126.913147,37.518031],[126.912864,37.518163],[126.912595,37.51831],[126.912456,37.518397],[126.912322,37.518489],[126.912068,37.518685],[126.911588,37.519101],[126.911233,37.519425],[126.910874,37.519774],[126.910167,37.520496],[126.90951,37.521164],[126.909212,37.521446],[126.908942,37.521676],[126.908802,37.521782],[126.908655,37.521882],[126.908501,37.521975],[126.908339,37.522059],[126.90816,37.522135],[126.907974,37.522201],[126.907784,37.522258],[126.90759,37.522308],[126.90744,37.522338],[126.907173,37.522387],[126.906316,37.522531],[126.90354,37.522978],[126.899765,37.52357],[126.895498,37.524231],[126.891243,37.524882],[126.887506,37.525446],[126.884792,37.525845],[126.883977,37.525958],[126.883732,37.525989],[126.883654,37.525997],[126.883627,37.526],[126.883607,37.526001],[126.883432,37.526001],[126.883256,37.525991],[126.883082,37.525971],[126.882911,37.525941],[126.882843,37.525926],[126.882766,37.525906],[126.882585,37.525852],[126.882128,37.525702],[126.880955,37.525282],[126.879652,37.524818],[126.879033,37.524613],[126.87848,37.524448],[126.878142,37.52436],[126.87797,37.524325],[126.877884,37.524312],[126.877796,37.524303],[126.877612,37.524292],[126.877427,37.524288],[126.877056,37.524299],[126.876685,37.524326],[126.876316,37.52436],[126.875944,37.524402],[126.875402,37.524475],[126.873908,37.524693],[126.870009,37.525291],[126.866281,37.525865],[126.865,37.526051],[126.864596,37.526103],[126.864464,37.526117],[126.864418,37.526121],[126.864384,37.526122],[126.864369,37.526122],[126.86435,37.526121],[126.864303,37.526118],[126.864168,37.526105],[126.863754,37.526056],[126.862442,37.525879],[126.858675,37.52534],[126.854885,37.524799],[126.853544,37.524618],[126.8534917,37.5246117]],[[126.8449866,37.5345885],[126.843747,37.536645],[126.842468,37.538738],[126.841936,37.53958],[126.841509,37.540224],[126.84121,37.540645],[126.840898,37.54106],[126.840572,37.541469],[126.840231,37.541869],[126.839829,37.542305],[126.839379,37.542762],[126.838432,37.543679],[126.837584,37.544497],[126.837258,37.54483],[126.83713,37.544971],[126.837029,37.545092],[126.836879,37.545297],[126.836744,37.545508],[126.836625,37.545726],[126.836525,37.545949],[126.836435,37.546213],[126.83637,37.546481],[126.836322,37.546753],[126.836289,37.547025],[126.83626,37.54749],[126.836243,37.548169],[126.836236,37.548988],[126.83624,37.549871],[126.836253,37.550745],[126.836275,37.551535],[126.836304,37.552167],[126.836322,37.5524],[126.836341,37.552565],[126.836371,37.552713],[126.836418,37.552897],[126.836555,37.553353],[126.836934,37.55449],[126.837329,37.555677],[126.837485,37.556196],[126.837589,37.556616],[126.837632,37.556853],[126.837664,37.557092],[126.837681,37.557331],[126.837678,37.55757],[126.83766,37.557748],[126.837627,37.557925],[126.837582,37.558101],[126.837526,37.558274],[126.837464,37.558432],[126.837392,37.558587],[126.837309,37.55874],[126.837217,37.558888],[126.837074,37.559092],[126.836917,37.55929],[126.836748,37.559481],[126.836565,37.559664],[126.836398,37.559814],[126.836222,37.559957],[126.836035,37.560091],[126.835836,37.560213],[126.835561,37.560359],[126.835273,37.56049],[126.834974,37.560604],[126.834666,37.560698],[126.834321,37.560778],[126.833969,37.560835],[126.833612,37.560872],[126.833253,37.560891],[126.833144,37.560892],[126.833035,37.560889],[126.832817,37.560874],[126.832384,37.560821],[126.831967,37.560756],[126.831553,37.560677],[126.830731,37.560498],[126.829909,37.560321],[126.829495,37.560244],[126.829077,37.560181],[126.828534,37.560117],[126.827988,37.560069],[126.82744,37.560039],[126.826891,37.560032],[126.826524,37.560043],[126.826159,37.560068],[126.825429,37.560141],[126.824701,37.560225],[126.824336,37.560261],[126.82397,37.56029],[126.823476,37.560317],[126.822982,37.560337],[126.821992,37.560366],[126.821002,37.560396],[126.820508,37.560418],[126.820014,37.560447],[126.818831,37.560542],[126.817437,37.560675],[126.814439,37.56099],[126.811864,37.561264],[126.810998,37.561345],[126.810716,37.561366],[126.810619,37.561369],[126.810582,37.56137],[126.810553,37.561369],[126.810391,37.561356],[126.810229,37.561337],[126.810069,37.561311],[126.80991,37.561279],[126.809598,37.5612],[126.809294,37.561104],[126.809171,37.561057],[126.809032,37.560996],[126.808714,37.560839],[126.807976,37.560442],[126.807221,37.560035],[126.80688,37.559867],[126.806726,37.559799],[126.806586,37.559743],[126.806341,37.559657],[126.80609,37.559581],[126.805962,37.55955],[126.805833,37.559523],[126.805702,37.559503],[126.80557,37.55949],[126.805393,37.559483],[126.805214,37.559486],[126.805033,37.559497],[126.804851,37.559516],[126.804488,37.55957],[126.804132,37.559637],[126.803933,37.559683],[126.803739,37.559739],[126.80336,37.559873],[126.803046,37.560004],[126.802895,37.560078],[126.802751,37.56016],[126.802518,37.560311],[126.802296,37.560473],[126.802088,37.560646],[126.801898,37.56083],[126.801861,37.560871],[126.801827,37.560912],[126.801764,37.560999],[126.801708,37.561089],[126.801657,37.56118],[126.801546,37.561408],[126.801449,37.561641],[126.801368,37.561877],[126.801302,37.562116],[126.80126,37.562303],[126.801227,37.562492],[126.80121,37.562682],[126.801209,37.562776],[126.801214,37.562871],[126.80122,37.562921],[126.80123,37.562971],[126.801257,37.563069],[126.801328,37.563264],[126.801606,37.563956],[126.802044,37.564979],[126.802585,37.566209],[126.803177,37.567527],[126.803762,37.56881],[126.804287,37.569936],[126.804696,37.570785],[126.80484,37.571066],[126.804893,37.571165],[126.804934,37.571233],[126.805027,37.571369],[126.80513,37.571502],[126.805186,37.571565],[126.805245,37.571627],[126.805308,37.571686],[126.805375,37.571742],[126.805508,37.57184],[126.805648,37.571931],[126.805794,37.572017],[126.805945,37.572098],[126.806257,37.572249],[126.806572,37.572395],[126.8068,37.572498],[126.807033,37.572596],[126.80727,37.572684],[126.807514,37.572761],[126.807642,37.572794],[126.807774,37.572824],[126.808046,37.572874],[126.808603,37.572953],[126.809137,37.57303],[126.80938,37.573078],[126.809493,37.573107],[126.809599,37.573139],[126.809966,37.573275],[126.81032,37.573435],[126.810489,37.573524],[126.810651,37.573618],[126.810805,37.573717],[126.810948,37.57382],[126.811038,37.573894],[126.811123,37.573972],[126.811202,37.574055],[126.811276,37.57414],[126.811413,37.574317],[126.81154,37.574498],[126.811633,37.574649],[126.811715,37.574804],[126.811858,37.575121],[126.812087,37.575685],[126.812293,37.576255],[126.81249,37.576828],[126.812691,37.577399]]]}},{"type":"Feature","properties":{"r":"KR","g":"kr","col":"#9864b7","n":"수도권 전철 5호선","ct":"首尔","jk":"subway","off":-0.5},"geometry":{"type":"LineString","coordinates":[[126.8499762,37.5259267],[126.849964,37.525943],[126.849802,37.526175],[126.849521,37.526621],[126.84917,37.527223],[126.848323,37.528751],[126.847389,37.53047],[126.8470191,37.5311442]]}},{"type":"Feature","properties":{"r":"KR","g":"kr","col":"#9864b7","n":"수도권 전철 5호선","ct":"首尔","jk":"subway","off":-0.375},"geometry":{"type":"MultiLineString","coordinates":[[[126.8508972,37.5249741],[126.850845,37.525005],[126.850793,37.52504],[126.850743,37.525077],[126.850695,37.525115],[126.850604,37.525196],[126.850518,37.52528],[126.850319,37.525493],[126.850135,37.525714],[126.8499762,37.5259267]],[[126.8470191,37.5311442],[126.846498,37.532094],[126.8463684,37.5323077]]]}},{"type":"Feature","properties":{"r":"KR","g":"kr","col":"#9864b7","n":"수도권 전철 5호선","ct":"首尔","jk":"subway","off":-0.25},"geometry":{"type":"MultiLineString","coordinates":[[[126.8521637,37.5245843],[126.852035,37.5246],[126.851763,37.524652],[126.851536,37.524711],[126.851314,37.524784],[126.851206,37.524826],[126.851101,37.524871],[126.850998,37.52492],[126.850899,37.524973],[126.8508972,37.5249741]],[[126.8463684,37.5323077],[126.8456771,37.5334479]]]}},{"type":"Feature","properties":{"r":"KR","g":"kr","col":"#9864b7","n":"수도권 전철 5호선","ct":"首尔","jk":"subway","off":-0.125},"geometry":{"type":"MultiLineString","coordinates":[[[126.8534917,37.5246117],[126.853111,37.524566],[126.852966,37.524552],[126.852913,37.524548],[126.852873,37.524546],[126.852593,37.524548],[126.852313,37.524566],[126.8521637,37.5245843]],[[126.8456771,37.5334479],[126.845155,37.534309],[126.8449866,37.5345885]]]}},{"type":"Feature","properties":{"r":"KR","g":"kr","col":"#a86344","n":"서울 지하철 6호선","ct":"首尔","jk":"subway"},"geometry":{"type":"LineString","coordinates":[[127.102016,37.613343],[127.100835,37.613715],[127.099652,37.614082],[127.098474,37.614459],[127.097891,37.614657],[127.097312,37.614864],[127.096578,37.615143],[127.095823,37.615444],[127.094264,37.616096],[127.092679,37.616775],[127.091107,37.617441],[127.089828,37.618033],[127.088491,37.618659],[127.087269,37.619216],[127.086753,37.619437],[127.08633,37.619602],[127.086004,37.619718],[127.085667,37.619829],[127.085499,37.619876],[127.085333,37.619915],[127.085172,37.619944],[127.085093,37.619954],[127.085016,37.619961],[127.084975,37.619963],[127.084928,37.619963],[127.084818,37.619958],[127.084541,37.619934],[127.084203,37.619893],[127.083823,37.619839],[127.083008,37.61971],[127.082245,37.619585],[127.081284,37.619424],[127.080808,37.619332],[127.080338,37.619222],[127.080039,37.619137],[127.079611,37.619004],[127.078442,37.618623],[127.075346,37.617582],[127.072192,37.616522],[127.070949,37.616116],[127.070474,37.615968],[127.070119,37.615865],[127.069518,37.615714],[127.068876,37.61557],[127.067505,37.615295],[127.06609,37.615009],[127.065392,37.614854],[127.064714,37.614686],[127.064352,37.614589],[127.063993,37.614486],[127.063639,37.614372],[127.063295,37.614242],[127.063171,37.614185],[127.06296,37.614082],[127.062301,37.613748],[127.06019,37.612655],[127.057319,37.611151],[127.054045,37.609424],[127.050724,37.607664],[127.047714,37.60606],[127.045372,37.604799],[127.044562,37.604356],[127.044053,37.60407],[127.043593,37.603792],[127.04337,37.603647],[127.043152,37.603496],[127.042789,37.603234],[127.042434,37.602965],[127.042094,37.602684],[127.041933,37.602538],[127.041779,37.602387],[127.041685,37.602283],[127.0416,37.602175],[127.041446,37.60195],[127.041134,37.601443],[127.040847,37.600927],[127.040575,37.600405],[127.040311,37.599881],[127.039964,37.599154],[127.039638,37.59842],[127.039313,37.597686],[127.03897,37.596957],[127.038519,37.596043],[127.038051,37.595118],[127.037814,37.594666],[127.037574,37.594228],[127.037333,37.59381],[127.037092,37.593418],[127.037001,37.593287],[127.036901,37.59316],[127.036688,37.59291],[127.036482,37.592658],[127.036392,37.592527],[127.036352,37.59246],[127.036315,37.592391],[127.036282,37.592317],[127.036254,37.592242],[127.036211,37.592089],[127.036148,37.591778],[127.036088,37.591384],[127.036049,37.590988],[127.03601,37.590592],[127.035949,37.590198],[127.035861,37.589736],[127.035832,37.589621],[127.035795,37.589509],[127.03575,37.589399],[127.035723,37.589346],[127.035693,37.589293],[127.035682,37.589276],[127.035668,37.589257],[127.035632,37.589209],[127.035526,37.589084],[127.035204,37.588733],[127.034779,37.588291],[127.034301,37.58781],[127.033822,37.587338],[127.033393,37.586929],[127.033066,37.586633],[127.032956,37.586543],[127.032935,37.586527],[127.032917,37.586515],[127.032902,37.586506],[127.032896,37.586503],[127.032893,37.586501],[127.03289,37.5865],[127.032884,37.586498],[127.032877,37.586496],[127.03286,37.586491],[127.032839,37.586487],[127.032813,37.586483],[127.032667,37.586464],[127.032202,37.586426],[127.03155,37.586388],[127.030767,37.58635],[127.029032,37.586284],[127.027445,37.58624],[127.02636,37.58622],[127.025818,37.586226],[127.025278,37.586253],[127.025075,37.586275],[127.024873,37.586307],[127.024471,37.586387],[127.024271,37.586426],[127.02407,37.586459],[127.023867,37.586482],[127.023765,37.586489],[127.023663,37.586491],[127.023507,37.586487],[127.023351,37.586475],[127.023196,37.586457],[127.023041,37.586434],[127.022734,37.586377],[127.022429,37.586316],[127.022083,37.586242],[127.021741,37.58616],[127.021402,37.586068],[127.021067,37.585968],[127.020223,37.585694],[127.019353,37.585389],[127.018943,37.585236],[127.018567,37.585087],[127.01824,37.584947],[127.017974,37.584821],[127.017745,37.584696],[127.01752,37.584561],[127.017297,37.584416],[127.017078,37.584264],[127.016648,37.583946],[127.016231,37.583623],[127.015995,37.583434],[127.015884,37.583334],[127.015833,37.583282],[127.015785,37.583228],[127.015711,37.583131],[127.015646,37.583031],[127.015589,37.582927],[127.015541,37.58282],[127.015467,37.582624],[127.015402,37.582426],[127.015298,37.582025],[127.015221,37.58162],[127.015163,37.581213],[127.015146,37.58102],[127.015141,37.580825],[127.01515,37.580437],[127.015192,37.579723],[127.015259,37.578969],[127.015432,37.57743],[127.015595,37.575993],[127.01565,37.575368],[127.015675,37.574834],[127.015672,37.574621],[127.01566,37.574409],[127.015621,37.573984],[127.015581,37.573558],[127.015569,37.573346],[127.015566,37.573133],[127.015592,37.572558],[127.01565,37.571842],[127.015827,37.570118],[127.016024,37.568219],[127.016108,37.567285],[127.016169,37.566405],[127.016199,37.565871],[127.016204,37.565604],[127.016193,37.565337],[127.016164,37.565024],[127.016121,37.564712],[127.016058,37.564403],[127.016015,37.56425],[127.015964,37.564099],[127.015934,37.56403],[127.015885,37.563928],[127.015729,37.563631],[127.015218,37.56271],[127.013625,37.559929],[127.011693,37.556591],[127.009931,37.553532],[127.009116,37.552157],[127.008247,37.550678],[127.007485,37.549408],[127.007193,37.54895],[127.007078,37.548783],[127.006987,37.548663],[127.006901,37.548567],[127.006806,37.548475],[127.006704,37.548388],[127.006597,37.548306],[127.006469,37.548218],[127.006335,37.548136],[127.006053,37.547986],[127.005875,37.547903],[127.005692,37.547827],[127.005318,37.547685],[127.004945,37.547544],[127.004762,37.547467],[127.004584,37.547384],[127.004248,37.5472],[127.003932,37.546995],[127.003678,37.54681],[127.003432,37.546617],[127.003197,37.546417],[127.002974,37.546208],[127.002808,37.546039],[127.00265,37.545864],[127.002505,37.545683],[127.002375,37.545495],[127.002293,37.545348],[127.002223,37.545198],[127.002108,37.544889],[127.002009,37.544599],[127.00192,37.544306],[127.001849,37.544012],[127.001803,37.543714],[127.001789,37.543469],[127.001793,37.543223],[127.001835,37.54273],[127.001887,37.542235],[127.001905,37.541988],[127.001909,37.541741],[127.001886,37.540939],[127.001838,37.540112],[127.001803,37.539714],[127.001762,37.539337],[127.001712,37.538991],[127.001655,37.538685],[127.001614,37.538516],[127.001562,37.538348],[127.001498,37.538184],[127.001419,37.538024],[127.001326,37.537868],[127.001224,37.537715],[127.000998,37.537419],[127.000752,37.537131],[127.000499,37.536848],[127.000304,37.536638],[127.000101,37.536433],[126.999889,37.536233],[126.999669,37.536039],[126.999311,37.535736],[126.998939,37.535435],[126.99875,37.535292],[126.99856,37.535158],[126.998369,37.535035],[126.998179,37.534927],[126.998054,37.534867],[126.997923,37.534815],[126.997787,37.534772],[126.997717,37.534754],[126.997647,37.534738],[126.997614,37.534732],[126.99757,37.534726],[126.997451,37.534712],[126.997093,37.534677],[126.995985,37.534588],[126.994512,37.534484],[126.992861,37.534376],[126.991218,37.534276],[126.989772,37.534196],[126.988708,37.534148],[126.988379,37.534139],[126.988275,37.534139],[126.988239,37.534141],[126.988226,37.534142],[126.988215,37.534143],[126.988178,37.534149],[126.988138,37.534157],[126.988055,37.534179],[126.987965,37.534207],[126.987869,37.53424],[126.987443,37.534413],[126.98698,37.534608],[126.986749,37.534697],[126.986525,37.534771],[126.986099,37.534888],[126.985882,37.534934],[126.985772,37.534951],[126.985661,37.534964],[126.985627,37.534966],[126.985583,37.534968],[126.985468,37.534969],[126.985135,37.534965],[126.984128,37.534931],[126.981269,37.534804],[126.978277,37.534673],[126.977104,37.534633],[126.976664,37.534624],[126.976346,37.534625],[126.97597,37.534633],[126.975877,37.534639],[126.975785,37.534649],[126.975694,37.534665],[126.97565,37.534675],[126.975606,37.534687],[126.975568,37.534699],[126.975528,37.534715],[126.975438,37.534754],[126.975337,37.534805],[126.975227,37.534865],[126.974716,37.535169],[126.97414,37.535509],[126.97385,37.535664],[126.973708,37.535733],[126.973569,37.535795],[126.973386,37.535867],[126.973135,37.535957],[126.972459,37.536184],[126.971595,37.536461],[126.970599,37.536771],[126.968434,37.537425],[126.966409,37.538018],[126.965767,37.538195],[126.965095,37.538368],[126.963729,37.538707],[126.96245,37.53903],[126.961888,37.539186],[126.961401,37.539337],[126.960985,37.539483],[126.960576,37.53964],[126.95977,37.539975],[126.958972,37.540323],[126.95817,37.540664],[126.953988,37.542544],[126.949654,37.5445],[126.945625,37.546303],[126.943867,37.547075],[126.942358,37.547723],[126.94107,37.548275],[126.940757,37.548402],[126.940477,37.54851],[126.940243,37.548589],[126.940147,37.548615],[126.940106,37.548624],[126.940069,37.548631],[126.939999,37.54864],[126.939928,37.548647],[126.939784,37.548654],[126.939638,37.548652],[126.93949,37.548643],[126.939342,37.548628],[126.939195,37.548608],[126.938905,37.548558],[126.938843,37.548545],[126.938773,37.548528],[126.938613,37.548483],[126.938228,37.548359],[126.937303,37.548029],[126.936383,37.547701],[126.936005,37.54758],[126.935851,37.547536],[126.935784,37.54752],[126.935724,37.547508],[126.935528,37.547477],[126.93533,37.547456],[126.934929,37.547435],[126.934526,37.54743],[126.934124,37.54743],[126.932924,37.547443],[126.930971,37.547489],[126.928531,37.547559],[126.92587,37.547643],[126.923256,37.547733],[126.920954,37.547821],[126.919231,37.547897],[126.91867,37.547927],[126.918479,37.547941],[126.918354,37.547952],[126.917918,37.548012],[126.917371,37.548102],[126.916756,37.548213],[126.916117,37.548337],[126.915496,37.548465],[126.914938,37.548589],[126.914486,37.548698],[126.914313,37.548745],[126.914183,37.548786],[126.914048,37.548837],[126.913918,37.548896],[126.913856,37.548929],[126.913796,37.548965],[126.913738,37.549002],[126.913683,37.549042],[126.913617,37.549096],[126.913555,37.549153],[126.913496,37.549212],[126.91344,37.549274],[126.913389,37.549337],[126.913341,37.549402],[126.913255,37.549537],[126.913243,37.549559],[126.91323,37.549586],[126.9132,37.549655],[126.913129,37.549844],[126.912946,37.550395],[126.912483,37.5519],[126.912022,37.553403],[126.91184,37.553948],[126.911769,37.554135],[126.91174,37.554201],[126.911728,37.554228],[126.911716,37.554249],[126.911701,37.554272],[126.911679,37.554302],[126.911614,37.554385],[126.911405,37.554636],[126.910709,37.555434],[126.908514,37.55788],[126.905846,37.560831],[126.903414,37.56353],[126.903082,37.563887],[126.902756,37.564248],[126.902419,37.564602],[126.902242,37.564773],[126.902057,37.564939],[126.90186,37.565097],[126.901651,37.565246],[126.901216,37.56553],[126.900783,37.565815],[126.900577,37.565966],[126.900383,37.566126],[126.900201,37.566292],[126.900029,37.566465],[126.899949,37.566555],[126.899874,37.566647],[126.899806,37.566742],[126.899745,37.56684],[126.899688,37.566949],[126.89964,37.567061],[126.899599,37.567175],[126.899565,37.56729],[126.89951,37.567524],[126.899466,37.567759],[126.899419,37.568056],[126.899384,37.568353],[126.899342,37.568951],[126.899328,37.569549],[126.899332,37.570148],[126.899354,37.570783],[126.899399,37.571417],[126.899466,37.57205],[126.899552,37.572682],[126.899639,37.57322],[126.899699,37.573487],[126.899782,37.573749],[126.899976,37.574215],[126.900209,37.574679],[126.900335,37.574903],[126.900466,37.575117],[126.900601,37.575317],[126.900737,37.575501],[126.90076,37.575529],[126.900796,37.575567],[126.900905,37.575677],[126.901255,37.576017],[126.902404,37.5771],[126.905805,37.580258],[126.909364,37.583563],[126.910709,37.58483],[126.911186,37.58529],[126.911501,37.585604],[126.911756,37.585872],[126.912004,37.586145],[126.912239,37.586424],[126.912456,37.586712],[126.912569,37.586882],[126.912674,37.587055],[126.912766,37.587233],[126.912846,37.587414],[126.912876,37.5875],[126.912914,37.587627],[126.913014,37.587992],[126.913292,37.589104],[126.914049,37.592293],[126.914864,37.595713],[126.915212,37.597114],[126.915358,37.597667],[126.91548,37.598096],[126.915603,37.598568],[126.91564,37.598684],[126.915684,37.598798],[126.915739,37.598909],[126.915771,37.598963],[126.915806,37.599015],[126.915851,37.599072],[126.915902,37.599127],[126.915957,37.599179],[126.916017,37.599229],[126.916079,37.599276],[126.916144,37.599322],[126.916279,37.599407],[126.916329,37.599435],[126.91638,37.599461],[126.916487,37.599508],[126.916709,37.59959],[126.916983,37.599682],[126.917261,37.599764],[126.917826,37.599915],[126.918388,37.60007],[126.918663,37.600158],[126.918933,37.600256],[126.91919,37.600361],[126.919442,37.600475],[126.919683,37.600602],[126.919797,37.600671],[126.919907,37.600745],[126.919954,37.600781],[126.92,37.600818],[126.920084,37.600898],[126.920161,37.600982],[126.92023,37.60107],[126.920271,37.601131],[126.920325,37.601218],[126.920463,37.601463],[126.920847,37.602185],[126.921856,37.604164],[126.922842,37.606101],[126.923198,37.60677],[126.923318,37.60698],[126.923361,37.607047],[126.923378,37.607071],[126.923386,37.607081],[126.923392,37.607088],[126.92342,37.607117],[126.923449,37.607144],[126.923511,37.607197],[126.923577,37.607246],[126.923648,37.607293],[126.923795,37.607381],[126.923945,37.607465],[126.924156,37.607577],[126.924374,37.607681],[126.924821,37.607875],[126.92527,37.608067],[126.92549,37.608169],[126.925704,37.608278],[126.926378,37.608653],[126.927052,37.609052],[126.927374,37.609254],[126.927678,37.609455],[126.927958,37.60965],[126.928208,37.609838],[126.928312,37.609927],[126.928409,37.610022],[126.92859,37.610219],[126.928771,37.610417],[126.928869,37.610511],[126.928974,37.610599],[126.929094,37.610686],[126.929234,37.610779],[126.92956,37.610979],[126.930301,37.611394],[126.930972,37.611768],[126.931212,37.611915],[126.931296,37.611975],[126.931327,37.612],[126.93134,37.612012],[126.931351,37.612023],[126.931362,37.612035],[126.931373,37.612051],[126.931401,37.612092],[126.931471,37.61221],[126.931659,37.612568],[126.931891,37.613046],[126.932145,37.613593],[126.932397,37.614158],[126.932624,37.614691],[126.932803,37.61514],[126.932867,37.615318],[126.932911,37.615456],[126.932975,37.615716],[126.933034,37.616021],[126.933087,37.616354],[126.933132,37.616698],[126.933166,37.617037],[126.933189,37.617353],[126.933198,37.61763],[126.93319,37.617851],[126.933162,37.618049],[126.933114,37.618244],[126.933047,37.618437],[126.932962,37.618624],[126.93284,37.61884],[126.932668,37.619106],[126.932463,37.619403],[126.932239,37.619711],[126.932009,37.620011],[126.93179,37.620282],[126.931596,37.620506],[126.931513,37.620594],[126.931441,37.620662],[126.931329,37.620757],[126.931211,37.620848],[126.931087,37.620935],[126.930958,37.621017],[126.930824,37.621094],[126.930685,37.621165],[126.930542,37.62123],[126.930395,37.621288],[126.930232,37.621343],[126.930064,37.621389],[126.929893,37.621428],[126.92972,37.62146],[126.929367,37.621506],[126.929012,37.62153],[126.928773,37.621535],[126.928521,37.62153],[126.92826,37.621516],[126.927993,37.621495],[126.927452,37.621431],[126.926925,37.621346],[126.926489,37.621254],[126.92606,37.621142],[126.925639,37.621011],[126.925229,37.620862],[126.924983,37.620757],[126.924745,37.620639],[126.924283,37.620386],[126.924027,37.620234],[126.923769,37.62007],[126.92326,37.619728],[126.92277,37.619409],[126.922536,37.619273],[126.922423,37.619214],[126.922313,37.619162],[126.922208,37.619118],[126.922101,37.619078],[126.92188,37.619007],[126.921425,37.618891],[126.920969,37.618776],[126.920746,37.618709],[126.920638,37.618671],[126.920531,37.618629],[126.920444,37.618591],[126.920358,37.61855],[126.920317,37.618528],[126.920278,37.618504],[126.920241,37.618478],[126.920206,37.61845],[126.920186,37.618431],[126.920166,37.618412],[126.920131,37.618372],[126.920099,37.61833],[126.920069,37.618286],[126.919957,37.618108],[126.919383,37.617279],[126.91878,37.616395],[126.918504,37.61598],[126.918267,37.615608],[126.918084,37.615299],[126.918016,37.615173],[126.917968,37.61507],[126.917949,37.61502],[126.917929,37.614962],[126.917889,37.614822],[126.917806,37.614459],[126.917625,37.613494],[126.917421,37.612391],[126.917311,37.611854],[126.917194,37.611362],[126.917068,37.610884],[126.916992,37.610647],[126.916897,37.610416],[126.916774,37.610181],[126.916633,37.609953],[126.91632,37.609507],[126.916002,37.609063],[126.915855,37.608836],[126.915724,37.608604],[126.915624,37.608402],[126.915534,37.608197],[126.915457,37.607989],[126.915396,37.607778],[126.915363,37.607607],[126.915343,37.607435],[126.915334,37.607088],[126.915347,37.606869],[126.915376,37.60657],[126.915474,37.605777],[126.915763,37.603758],[126.916041,37.60182],[126.916126,37.601127],[126.916147,37.600892],[126.916151,37.600809],[126.916151,37.600776],[126.91615,37.600749],[126.916147,37.600722],[126.916142,37.600689],[126.916126,37.600605],[126.916069,37.600368],[126.915873,37.599651],[126.915249,37.59752],[126.914505,37.594972],[126.914159,37.593735],[126.913868,37.592625],[126.913707,37.591938],[126.913548,37.591194],[126.913244,37.589671],[126.912968,37.588324],[126.912846,37.5878],[126.912736,37.58742],[126.912669,37.587243],[126.912592,37.587068],[126.912503,37.586897],[126.912402,37.58673],[126.912197,37.586442],[126.91197,37.586164],[126.911727,37.585894],[126.911478,37.585628],[126.911187,37.585336],[126.910726,37.584892],[126.909398,37.583641],[126.905827,37.580324],[126.902385,37.577129],[126.901221,37.576032],[126.900866,37.575688],[126.900757,37.575577],[126.90072,37.575538],[126.900697,37.57551],[126.900562,37.575327],[126.900428,37.575126],[126.900297,37.574912],[126.900171,37.574688],[126.899939,37.574222],[126.899745,37.573756],[126.899662,37.573496],[126.899602,37.573232],[126.899514,37.572698],[126.899428,37.572066],[126.899362,37.571432],[126.899317,37.570797],[126.899294,37.570161],[126.899288,37.569559],[126.899299,37.568956],[126.899338,37.568354],[126.899372,37.568055],[126.899417,37.567756],[126.89946,37.567517],[126.899513,37.567278],[126.899547,37.56716],[126.899587,37.567044],[126.899636,37.56693],[126.899694,37.566819],[126.899758,37.566718],[126.89983,37.566621],[126.899909,37.566527],[126.899994,37.566435],[126.900176,37.566259],[126.900366,37.566089],[126.90056,37.565931],[126.900765,37.565783],[126.901195,37.565502],[126.901626,37.565222],[126.901832,37.565074],[126.902028,37.564918],[126.902212,37.564753],[126.902388,37.564583],[126.902722,37.564231],[126.903045,37.563872],[126.903374,37.563516],[126.905803,37.560813],[126.908468,37.557858],[126.91066,37.555408],[126.911356,37.554609],[126.911565,37.554358],[126.91163,37.554274],[126.911652,37.554244],[126.911667,37.554221],[126.911679,37.5542],[126.911692,37.554173],[126.911721,37.554107],[126.911791,37.553922],[126.911973,37.553381],[126.912432,37.551893],[126.912895,37.550395],[126.91308,37.549842],[126.913153,37.549649],[126.913184,37.549578],[126.91321,37.549526],[126.913293,37.549389],[126.913388,37.549256],[126.913442,37.549192],[126.913499,37.549131],[126.913561,37.549073],[126.913627,37.549019],[126.913687,37.548977],[126.91375,37.548937],[126.913816,37.548901],[126.913885,37.548868],[126.914029,37.548808],[126.914176,37.548756],[126.914318,37.548713],[126.9145,37.548663],[126.914963,37.548549],[126.915525,37.548424],[126.916143,37.548294],[126.916775,37.548169],[126.917381,37.548057],[126.917918,37.547968],[126.918344,37.547908],[126.918467,37.547897],[126.918655,37.547884],[126.91921,37.547854],[126.920918,37.547779],[126.923205,37.547693],[126.925809,37.547605],[126.928467,37.547522],[126.930916,37.547454],[126.932892,37.547408],[126.934134,37.547394],[126.934536,37.547393],[126.934938,37.547395],[126.935338,37.547414],[126.935536,37.547434],[126.935732,37.547464],[126.93579,37.547476],[126.935854,37.547491],[126.936001,37.547532],[126.936355,37.547646],[126.937221,37.547956],[126.938138,37.548284],[126.938555,37.548419],[126.938742,37.548472],[126.938911,37.548515],[126.939079,37.54855],[126.93925,37.548577],[126.939423,37.548596],[126.939596,37.548606],[126.939758,37.54861],[126.93992,37.548607],[126.94,37.548602],[126.94008,37.548594],[126.940159,37.548582],[126.940237,37.548566],[126.940249,37.548563],[126.940263,37.548559],[126.940299,37.548547],[126.940398,37.548511],[126.940699,37.54839],[126.941665,37.547981],[126.94464,37.546678],[126.948236,37.545087],[126.951521,37.54364],[126.953172,37.542881],[126.954821,37.542118],[126.956474,37.541363],[126.958141,37.540626],[126.958933,37.54028],[126.959727,37.539937],[126.960532,37.53961],[126.96094,37.539456],[126.961353,37.539312],[126.961848,37.539158],[126.962416,37.539],[126.963705,37.538673],[126.96508,37.53833],[126.965757,37.538155],[126.966403,37.537976],[126.968423,37.537384],[126.970581,37.53673],[126.971574,37.53642],[126.972436,37.536143],[126.973112,37.535916],[126.973363,37.535826],[126.973546,37.535754],[126.973832,37.535621],[126.974125,37.535465],[126.974703,37.535123],[126.975226,37.534813],[126.97545,37.534695],[126.97555,37.534649],[126.975597,37.534631],[126.975641,37.534615],[126.975681,37.534603],[126.975723,37.534593],[126.975765,37.534585],[126.975807,37.534578],[126.975894,37.534569],[126.97598,37.534563],[126.976081,37.53456],[126.976222,37.53456],[126.976614,37.534567],[126.977763,37.534606],[126.980904,37.534745],[126.984003,37.534881],[126.9851,37.534919],[126.985458,37.534925],[126.985581,37.534924],[126.985626,37.534922],[126.985661,37.53492],[126.985768,37.534908],[126.985875,37.534891],[126.986085,37.534847],[126.986497,37.534733],[126.986725,37.534658],[126.986961,37.534568],[126.987434,37.53437],[126.987868,37.534195],[126.987965,37.534161],[126.988057,37.534133],[126.988141,37.534111],[126.98818,37.534103],[126.988218,37.534097],[126.988229,37.534096],[126.988242,37.534095],[126.988278,37.534093],[126.988382,37.534093],[126.988713,37.534102],[126.98978,37.534151],[126.991232,37.534231],[126.99288,37.534332],[126.994537,37.53444],[126.996013,37.534545],[126.997122,37.534634],[126.99748,37.534669],[126.997599,37.534683],[126.997643,37.534689],[126.997675,37.534695],[126.997747,37.534711],[126.997819,37.53473],[126.997959,37.534775],[126.998094,37.534829],[126.998222,37.534892],[126.998411,37.535001],[126.9986,37.535125],[126.998789,37.53526],[126.998978,37.535405],[126.999348,37.535708],[126.999706,37.536013],[126.999928,37.536207],[127.000142,37.536406],[127.000348,37.53661],[127.000545,37.53682],[127.0008,37.537106],[127.001047,37.537398],[127.001273,37.5377],[127.001375,37.537854],[127.001468,37.538013],[127.001546,37.538173],[127.00161,37.538338],[127.00166,37.538506],[127.001699,37.538675],[127.001725,37.538838],[127.001741,37.539001],[127.001753,37.539329],[127.001756,37.539659],[127.001773,37.539987],[127.001804,37.540248],[127.001843,37.540509],[127.001932,37.54103],[127.002014,37.541552],[127.002043,37.541813],[127.00206,37.542075],[127.00206,37.542283],[127.002046,37.542492],[127.002,37.542908],[127.001957,37.543325],[127.001948,37.543533],[127.001955,37.543741],[127.001981,37.543963],[127.002024,37.544183],[127.00208,37.544402],[127.002143,37.544619],[127.002262,37.544975],[127.002336,37.54515],[127.002424,37.54532],[127.002539,37.545499],[127.00267,37.545672],[127.002959,37.546003],[127.003272,37.546323],[127.00344,37.546476],[127.003619,37.54662],[127.003875,37.546801],[127.004143,37.546971],[127.004421,37.547131],[127.004705,37.547284],[127.004905,37.547382],[127.005111,37.547473],[127.005533,37.547643],[127.00595,37.547817],[127.006151,37.547914],[127.006343,37.548021],[127.006562,37.548161],[127.006771,37.548312],[127.006964,37.548475],[127.007053,37.548561],[127.007137,37.54865],[127.007173,37.548693],[127.007215,37.548749],[127.007322,37.5489],[127.007604,37.549335],[127.007961,37.549914],[127.008369,37.550593],[127.009236,37.552085],[127.010013,37.553474],[127.010211,37.553858],[127.010397,37.554245],[127.010582,37.554633],[127.010778,37.555017],[127.011416,37.556174],[127.012186,37.557517],[127.013865,37.56038],[127.015308,37.562831],[127.015781,37.563662],[127.015929,37.563935],[127.015977,37.564032],[127.016006,37.564099],[127.016058,37.564249],[127.016101,37.564401],[127.016168,37.564709],[127.016213,37.56502],[127.016244,37.565332],[127.016257,37.5656],[127.016254,37.565868],[127.016222,37.566404],[127.01618,37.566811],[127.016124,37.567217],[127.016064,37.567623],[127.016015,37.56803],[127.01589,37.569303],[127.015777,37.570577],[127.015692,37.571851],[127.015664,37.572489],[127.015649,37.573127],[127.01566,37.573556],[127.015691,37.573986],[127.015721,37.574415],[127.015728,37.574844],[127.015697,37.575425],[127.015638,37.576082],[127.01547,37.577539],[127.015298,37.579044],[127.015233,37.579761],[127.015194,37.580425],[127.015188,37.580812],[127.015195,37.581005],[127.015213,37.581198],[127.015271,37.581609],[127.015348,37.582018],[127.015451,37.582423],[127.015516,37.582623],[127.015591,37.58282],[127.015634,37.582916],[127.015685,37.583011],[127.015744,37.583102],[127.015777,37.583146],[127.015813,37.583188],[127.015954,37.583332],[127.016118,37.583481],[127.016302,37.583632],[127.016499,37.583785],[127.016917,37.584087],[127.017333,37.584376],[127.017656,37.58459],[127.017824,37.58469],[127.018,37.584781],[127.018317,37.584925],[127.018667,37.585072],[127.019045,37.58522],[127.019443,37.585367],[127.020266,37.585652],[127.02108,37.585916],[127.021416,37.586019],[127.021755,37.586115],[127.022098,37.586202],[127.022445,37.586278],[127.022747,37.586337],[127.023051,37.586389],[127.023358,37.586426],[127.023512,37.586436],[127.023667,37.586439],[127.023769,37.586436],[127.02387,37.58643],[127.024072,37.586408],[127.024473,37.58634],[127.024873,37.586264],[127.025074,37.586233],[127.025277,37.586212],[127.02582,37.586185],[127.026365,37.586179],[127.026911,37.586185],[127.027456,37.586197],[127.029046,37.586243],[127.030784,37.586313],[127.031568,37.586353],[127.032222,37.586394],[127.032688,37.586433],[127.032833,37.586451],[127.032859,37.586456],[127.032881,37.58646],[127.032898,37.586465],[127.032905,37.586467],[127.032911,37.586469],[127.032917,37.586472],[127.032923,37.586475],[127.032938,37.586484],[127.032955,37.586496],[127.032976,37.586511],[127.033084,37.586599],[127.033405,37.586888],[127.033825,37.587288],[127.034297,37.587751],[127.034772,37.588229],[127.035201,37.588673],[127.035537,37.589037],[127.035654,37.589173],[127.035698,37.589227],[127.03573,37.589271],[127.035766,37.589327],[127.035798,37.589385],[127.035853,37.589504],[127.035898,37.589627],[127.035936,37.58975],[127.036015,37.590074],[127.036079,37.590442],[127.03618,37.591221],[127.036268,37.591922],[127.036316,37.592192],[127.036343,37.592297],[127.036357,37.592341],[127.036372,37.592379],[127.036405,37.592448],[127.036443,37.592515],[127.036529,37.592645],[127.036628,37.592771],[127.036733,37.592894],[127.036949,37.59314],[127.03705,37.593266],[127.037141,37.593395],[127.037386,37.593791],[127.037628,37.594208],[127.037869,37.594644],[127.038106,37.595092],[127.03857,37.596005],[127.039019,37.596911],[127.039364,37.597646],[127.039689,37.598387],[127.040016,37.599127],[127.040363,37.599861],[127.040625,37.600383],[127.040895,37.600904],[127.04118,37.601418],[127.041489,37.601924],[127.041643,37.60215],[127.041729,37.60226],[127.041823,37.602364],[127.041976,37.602513],[127.042137,37.602657],[127.042477,37.602932],[127.042832,37.603196],[127.043192,37.603454],[127.043631,37.603751],[127.044088,37.60403],[127.044582,37.604308],[127.04538,37.604745],[127.047706,37.605998],[127.050708,37.607599],[127.054028,37.609359],[127.057308,37.611089],[127.060189,37.612599],[127.062312,37.613699],[127.062978,37.614037],[127.063192,37.614142],[127.06332,37.614201],[127.063661,37.614333],[127.064011,37.61445],[127.064368,37.614555],[127.064727,37.614654],[127.065356,37.61481],[127.066031,37.614959],[127.067457,37.615244],[127.068868,37.615526],[127.069527,37.615671],[127.070132,37.615822],[127.070486,37.615925],[127.070964,37.616073],[127.072219,37.61648],[127.075405,37.617547],[127.078512,37.618588],[127.079668,37.618963],[127.080082,37.619091],[127.080363,37.619169],[127.080775,37.619266],[127.08119,37.619352],[127.082027,37.619502],[127.082872,37.619633],[127.083717,37.619756],[127.084045,37.619812],[127.084375,37.619869],[127.08454,37.619893],[127.084703,37.61991],[127.084865,37.619917],[127.084945,37.619916],[127.085024,37.619912],[127.085103,37.619905],[127.085183,37.619894],[127.085344,37.619865],[127.085505,37.619826],[127.085667,37.61978],[127.085988,37.619674],[127.086302,37.619562],[127.086565,37.619459],[127.086958,37.619292],[127.088064,37.618801],[127.091053,37.617439],[127.094126,37.61604],[127.095336,37.615503],[127.095797,37.615306],[127.096137,37.615168],[127.096807,37.614926],[127.097685,37.614628],[127.099877,37.61392],[127.102326,37.613145],[127.104646,37.612403]]}},{"type":"Feature","properties":{"r":"KR","g":"kr","col":"#957326","n":"김포 골드라인","ct":"首尔","jk":"urban"},"geometry":{"type":"LineString","coordinates":[[126.801897,37.562311],[126.802649,37.562249],[126.803452,37.562181],[126.804153,37.562126],[126.804418,37.562109],[126.804599,37.562103],[126.804695,37.562105],[126.80479,37.56211],[126.804885,37.562119],[126.80498,37.562131],[126.805078,37.562146],[126.805176,37.562164],[126.805272,37.562186],[126.805365,37.562214],[126.805462,37.562249],[126.805556,37.562289],[126.805646,37.562334],[126.805688,37.56236],[126.805728,37.562387],[126.805765,37.562416],[126.805799,37.562446],[126.805863,37.562511],[126.805919,37.562581],[126.805971,37.562652],[126.806016,37.562724],[126.806054,37.562798],[126.806121,37.56295],[126.806204,37.563142],[126.806286,37.563345],[126.806323,37.563442],[126.806353,37.563531],[126.806376,37.56361],[126.80639,37.563676],[126.806395,37.563728],[126.806396,37.56378],[126.80639,37.563885],[126.806375,37.563989],[126.806358,37.564093],[126.806325,37.564265],[126.806283,37.564437],[126.806235,37.564607],[126.806186,37.564777],[126.806113,37.565016],[126.805993,37.565393],[126.80564,37.566485],[126.80518,37.567888],[126.804667,37.569441],[126.804156,37.570978],[126.8037,37.572339],[126.803354,37.573359],[126.803238,37.573691],[126.803171,37.573876],[126.803132,37.573964],[126.803091,37.574051],[126.803047,37.574143],[126.802999,37.574234],[126.802863,37.574449],[126.802647,37.574772],[126.802051,37.575639],[126.801358,37.576638],[126.800714,37.577571],[126.800302,37.57821],[126.799865,37.57889],[126.799477,37.579487],[126.799323,37.579715],[126.799207,37.579875],[126.799141,37.579958],[126.799071,37.580039],[126.798927,37.580198],[126.798778,37.580356],[126.798632,37.580514],[126.798276,37.580879],[126.798097,37.58106],[126.797913,37.581238],[126.79778,37.581359],[126.797643,37.581478],[126.797367,37.581715],[126.792979,37.585387],[126.792036,37.586164],[126.791065,37.586969],[126.790151,37.587718],[126.789744,37.588046],[126.789385,37.588329],[126.789204,37.588468],[126.78902,37.588606],[126.788834,37.588741],[126.788644,37.588873],[126.788335,37.589073],[126.787878,37.589359],[126.786652,37.590113],[126.785242,37.590973],[126.783924,37.59178],[126.78289,37.592398],[126.781775,37.593062],[126.780823,37.593634],[126.780485,37.593842],[126.780364,37.593919],[126.78028,37.593975],[126.780134,37.594084],[126.779958,37.594225],[126.77954,37.594572],[126.77908,37.594956],[126.778851,37.595142],[126.778631,37.595313],[126.778253,37.595594],[126.777868,37.59587],[126.777478,37.596142],[126.777084,37.596409],[126.776871,37.59655],[126.776599,37.596726],[126.775913,37.597163],[126.774239,37.598218],[126.772658,37.599213],[126.772089,37.599575],[126.771893,37.599703],[126.771768,37.599788],[126.771662,37.599865],[126.771559,37.599945],[126.771458,37.600027],[126.77136,37.600111],[126.771208,37.600248],[126.77106,37.600387],[126.770916,37.60053],[126.770775,37.600674],[126.770587,37.600876],[126.770389,37.601101],[126.76999,37.601566],[126.769644,37.60197],[126.769512,37.602118],[126.76946,37.602173],[126.769418,37.602213],[126.769326,37.602291],[126.769228,37.602365],[126.769125,37.602434],[126.769016,37.602497],[126.768991,37.602509],[126.768956,37.602525],[126.768854,37.602569],[126.76855,37.602692],[126.76815,37.60285],[126.767699,37.603025],[126.767242,37.603199],[126.766824,37.603355],[126.766492,37.603475],[126.766291,37.603543],[126.766085,37.603598],[126.765875,37.603645],[126.765663,37.603685],[126.765449,37.603717],[126.765273,37.603735],[126.765039,37.603751],[126.764448,37.603782],[126.763787,37.603816],[126.763464,37.603837],[126.763163,37.603862],[126.762848,37.603893],[126.762533,37.603929],[126.76222,37.603971],[126.761908,37.604019],[126.761681,37.60406],[126.761455,37.604107],[126.761231,37.604157],[126.761007,37.60421],[126.760821,37.604257],[126.760634,37.604308],[126.760261,37.604416],[126.759895,37.60452],[126.759716,37.604565],[126.759542,37.604605],[126.759363,37.604641],[126.759171,37.604675],[126.758969,37.604709],[126.75876,37.604741],[126.758333,37.604799],[126.757912,37.604848],[126.757652,37.604871],[126.757344,37.604891],[126.756628,37.604927],[126.755866,37.604967],[126.755497,37.60499],[126.755154,37.605018],[126.754792,37.605056],[126.754432,37.605101],[126.754071,37.605149],[126.753711,37.605196],[126.752664,37.605359],[126.751597,37.605523],[126.750569,37.605686],[126.750089,37.605767],[126.74964,37.605846],[126.749232,37.605922],[126.748826,37.606001],[126.748421,37.606087],[126.74822,37.606133],[126.74802,37.606182],[126.747799,37.60624],[126.747581,37.606301],[126.747364,37.606368],[126.747151,37.606441],[126.74696,37.606517],[126.746579,37.606676],[126.745353,37.607195],[126.741795,37.608714],[126.738184,37.610254],[126.736893,37.610801],[126.736469,37.610978],[126.736229,37.611075],[126.735918,37.611189],[126.735554,37.611316],[126.734732,37.611591],[126.733896,37.611871],[126.733513,37.612004],[126.733176,37.612127],[126.73299,37.612198],[126.732806,37.612272],[126.732624,37.612349],[126.732446,37.612431],[126.732268,37.612521],[126.732094,37.612616],[126.731923,37.612715],[126.731756,37.612818],[126.731548,37.612954],[126.73129,37.613131],[126.73067,37.613569],[126.729988,37.614058],[126.729337,37.614521],[126.728734,37.614922],[126.728134,37.615325],[126.727529,37.615724],[126.727224,37.615921],[126.726916,37.616115],[126.726492,37.616371],[126.725933,37.616698],[126.724601,37.617467],[126.7233,37.618217],[126.722779,37.618522],[126.722408,37.618747],[126.722261,37.618842],[126.722115,37.618942],[126.721827,37.619146],[126.721542,37.619344],[126.721401,37.619436],[126.72126,37.619522],[126.721068,37.619628],[126.720787,37.619775],[126.720442,37.619951],[126.720057,37.620144],[126.719657,37.620342],[126.719264,37.620532],[126.718904,37.620704],[126.7186,37.620845],[126.718291,37.620979],[126.717917,37.621134],[126.717072,37.621473],[126.716268,37.621796],[126.715944,37.62193],[126.715706,37.622035],[126.715606,37.622083],[126.715507,37.622132],[126.715411,37.622185],[126.71532,37.622242],[126.715256,37.622287],[126.715194,37.622334],[126.715075,37.622433],[126.714962,37.622536],[126.714852,37.622641],[126.714762,37.622732],[126.714675,37.622825],[126.714593,37.622921],[126.714515,37.623019],[126.714402,37.623175],[126.714298,37.623336],[126.714198,37.623498],[126.714101,37.623661],[126.714012,37.62382],[126.713928,37.62398],[126.713844,37.624141],[126.713755,37.624299],[126.713588,37.624573],[126.71339,37.624889],[126.71317,37.625232],[126.71294,37.625586],[126.712709,37.625935],[126.712488,37.626265],[126.712287,37.626558],[126.712116,37.6268],[126.712029,37.626917],[126.71194,37.627033],[126.711847,37.627148],[126.711751,37.62726],[126.711524,37.627513],[126.711288,37.627764],[126.711168,37.627886],[126.711048,37.628005],[126.710927,37.62812],[126.710807,37.62823],[126.71072,37.628303],[126.71063,37.628374],[126.710444,37.628511],[126.710086,37.628763],[126.709584,37.629107],[126.708284,37.629984],[126.706808,37.630973],[126.70542,37.631906],[126.703805,37.633041],[126.703576,37.633208],[126.703463,37.633292],[126.703355,37.633381],[126.703247,37.633479],[126.703141,37.633579],[126.703038,37.633682],[126.702936,37.633787],[126.702737,37.634001],[126.702545,37.634218],[126.702464,37.634316],[126.702389,37.634417],[126.702305,37.634539],[126.702228,37.634664],[126.702102,37.634908],[126.701907,37.635304],[126.701665,37.635809],[126.701397,37.636375],[126.701125,37.636958],[126.700869,37.637513],[126.700651,37.637995],[126.700493,37.638357],[126.700392,37.638603],[126.700294,37.638851],[126.700108,37.639347],[126.699927,37.639846],[126.699744,37.640343],[126.69821,37.644081],[126.697791,37.645065],[126.697353,37.646102],[126.696953,37.647034],[126.696785,37.647412],[126.696649,37.647705],[126.696534,37.647939],[126.696414,37.648171],[126.696287,37.6484],[126.69615,37.648626],[126.696089,37.64872],[126.696025,37.648812],[126.695957,37.648902],[126.695882,37.648989],[126.695762,37.649113],[126.695634,37.649232],[126.695498,37.649346],[126.695356,37.649454],[126.695212,37.649552],[126.695062,37.649644],[126.694907,37.649732],[126.69475,37.649816],[126.694594,37.649894],[126.694316,37.650027],[126.693467,37.650428],[126.69234,37.650955],[126.691071,37.651545],[126.689797,37.652135],[126.688655,37.65266],[126.687782,37.653057],[126.687489,37.653189],[126.687315,37.653264],[126.68715,37.65333],[126.686983,37.653392],[126.686815,37.653451],[126.686644,37.653506],[126.686453,37.653561],[126.686258,37.653608],[126.686023,37.653658],[126.685786,37.653705],[126.685548,37.653746],[126.685309,37.653782],[126.685149,37.653802],[126.684988,37.653819],[126.684827,37.653832],[126.684665,37.653842],[126.684435,37.653851],[126.684204,37.65385],[126.684006,37.653844],[126.683808,37.653834],[126.683611,37.653819],[126.683415,37.653799],[126.683138,37.653763],[126.682863,37.65372],[126.68259,37.653669],[126.682455,37.65364],[126.682321,37.653608],[126.682201,37.653577],[126.682082,37.653543],[126.681848,37.653469],[126.681616,37.653388],[126.681387,37.653303],[126.68124,37.653246],[126.681095,37.653186],[126.680953,37.653123],[126.680813,37.653056],[126.680644,37.652969],[126.680463,37.652871],[126.680274,37.652764],[126.680078,37.652651],[126.679681,37.652415],[126.679296,37.652181],[126.678995,37.651995],[126.678698,37.651806],[126.678107,37.651423],[126.677521,37.651037],[126.676932,37.650652],[126.675668,37.649874],[126.674548,37.649123],[126.674044,37.64875],[126.67379,37.648565],[126.673532,37.648384],[126.673334,37.648253],[126.673114,37.648115],[126.672658,37.647835],[126.672261,37.647591],[126.672115,37.647497],[126.672061,37.647459],[126.672021,37.647428],[126.672001,37.647411],[126.671975,37.647386],[126.671905,37.647314],[126.6717,37.647096],[126.671105,37.646442],[126.6704,37.645659],[126.66975,37.644941],[126.668371,37.643353],[126.666861,37.641611],[126.665613,37.640178],[126.665211,37.639723],[126.665086,37.639586],[126.665046,37.639543],[126.665021,37.639519],[126.664967,37.639473],[126.664911,37.639429],[126.664881,37.639408],[126.66485,37.639389],[126.664817,37.639371],[126.664783,37.639356],[126.664767,37.63935],[126.66475,37.639345],[126.664733,37.639341],[126.664715,37.639337],[126.664679,37.639332],[126.664643,37.639329],[126.664566,37.639325],[126.664488,37.639325],[126.66445,37.639327],[126.664412,37.639331],[126.664374,37.639337],[126.664337,37.639345],[126.664288,37.63936],[126.66424,37.639378],[126.664194,37.639399],[126.664149,37.639422],[126.664062,37.639471],[126.663974,37.639519],[126.663602,37.63972],[126.663092,37.640006],[126.661845,37.640717],[126.660603,37.641424],[126.6601,37.641706],[126.659898,37.641816],[126.659737,37.641902],[126.659499,37.642022],[126.659378,37.642079],[126.659254,37.642132],[126.659133,37.642177],[126.65901,37.642219],[126.658886,37.642257],[126.65876,37.642293],[126.658588,37.642339],[126.658414,37.642382],[126.658239,37.64242],[126.658063,37.642454],[126.65789,37.642483],[126.657716,37.642509],[126.657367,37.642553],[126.657017,37.642591],[126.656666,37.642627],[126.656431,37.642651],[126.656196,37.642673],[126.65596,37.64269],[126.655724,37.642701],[126.655399,37.642705],[126.655075,37.642701],[126.65475,37.642689],[126.654426,37.642671],[126.654147,37.642651],[126.653868,37.642626],[126.653591,37.642594],[126.653315,37.642556],[126.653143,37.642526],[126.652849,37.642472],[126.651965,37.642301],[126.650804,37.642073],[126.649507,37.641814],[126.648212,37.641554],[126.647061,37.641319],[126.646193,37.641139],[126.645909,37.641078],[126.645749,37.641041],[126.645656,37.641016],[126.645565,37.640988],[126.645384,37.640927],[126.645203,37.640866],[126.645111,37.640838],[126.645019,37.640812],[126.644786,37.640753],[126.64452,37.64069],[126.644235,37.640625],[126.643949,37.640563],[126.643677,37.640506],[126.643434,37.640458],[126.643237,37.640423],[126.643102,37.640403],[126.642968,37.640391],[126.642831,37.640384],[126.642764,37.640384],[126.642697,37.640386],[126.642633,37.640391],[126.642571,37.640399],[126.642517,37.64041],[126.642463,37.640423],[126.64236,37.640458],[126.642157,37.640539],[126.641966,37.640614],[126.641776,37.640693],[126.641589,37.640775],[126.641404,37.640859],[126.64122,37.640946],[126.641039,37.641036],[126.640859,37.641128],[126.640682,37.641223],[126.640472,37.64134],[126.640264,37.64146],[126.639853,37.641705],[126.639445,37.641953],[126.639035,37.6422],[126.638241,37.642697],[126.637393,37.643226],[126.636653,37.643692],[126.636373,37.643873],[126.636182,37.644004],[126.636079,37.644081],[126.63598,37.64416],[126.635884,37.644242],[126.635792,37.644326],[126.635645,37.644476],[126.63545,37.644686],[126.634985,37.645207],[126.634527,37.645719],[126.634342,37.64592],[126.634267,37.645998],[126.634207,37.646056],[126.63412,37.646131],[126.634074,37.646167],[126.634025,37.6462],[126.633987,37.646223],[126.633948,37.646245],[126.633907,37.646265],[126.633886,37.646273],[126.633864,37.646281],[126.633765,37.646308],[126.633664,37.646327],[126.63356,37.646339],[126.633456,37.646344],[126.633416,37.646343],[126.633376,37.64634],[126.633297,37.64633],[126.63314,37.646302],[126.632846,37.646247],[126.632291,37.646139],[126.630551,37.645791],[126.625597,37.644791],[126.620678,37.643798],[126.61898,37.643459],[126.618453,37.643356],[126.61819,37.643308],[126.617884,37.643267],[126.617469,37.643218],[126.616483,37.643114],[126.615579,37.643018],[126.615267,37.642982],[126.615165,37.642968],[126.61513,37.642962],[126.615116,37.642959],[126.615106,37.642957],[126.615032,37.642935],[126.61496,37.642908],[126.614892,37.642877],[126.614827,37.642841],[126.614805,37.642827],[126.614784,37.642811],[126.614746,37.642778],[126.614674,37.642708],[126.614601,37.642634],[126.614568,37.642595],[126.614553,37.642575],[126.61454,37.642554],[126.614515,37.642505],[126.614495,37.642455],[126.614479,37.642403],[126.614466,37.642351],[126.614456,37.642294],[126.614454,37.642266],[126.614455,37.642237],[126.61446,37.642185],[126.61447,37.642134],[126.614484,37.642084],[126.614502,37.642034],[126.614526,37.641983],[126.614554,37.641933],[126.614618,37.641836],[126.614687,37.641741],[126.614753,37.641645]]}},{"type":"Feature","properties":{"r":"KR","g":"kr","col":"#a49d87","n":"서울 지하철 9호선","ct":"首尔","jk":"subway"},"geometry":{"type":"MultiLineString","coordinates":[[[126.796824,37.578434],[126.795419,37.57802],[126.793948,37.577579],[126.79261,37.577192],[126.792053,37.577044],[126.791604,37.57694],[126.791147,37.576863],[126.790569,37.576787],[126.789163,37.576633],[126.787612,37.576461],[126.786853,37.576364],[126.786143,37.576256],[126.785645,37.576169],[126.7854,37.576115],[126.78528,37.576083],[126.785161,37.576047],[126.784958,37.575976],[126.78476,37.575896],[126.78457,37.575804],[126.784479,37.575754],[126.784391,37.575701],[126.784307,37.575645],[126.784226,37.575587],[126.784073,37.575461],[126.783932,37.575327],[126.783802,37.575187],[126.783742,37.575114],[126.783687,37.575037],[126.783663,37.574998],[126.783641,37.574958],[126.783621,37.574917],[126.783604,37.574876],[126.783562,37.574749],[126.783529,37.574619],[126.783505,37.574489],[126.783487,37.574357],[126.78347,37.574092],[126.78347,37.573828],[126.783477,37.573647],[126.783495,37.573466],[126.78351,37.573376],[126.783532,37.573288],[126.78356,37.573201],[126.783597,37.573116],[126.783629,37.573055],[126.783665,37.572994],[126.783749,37.572873],[126.783844,37.572754],[126.783949,37.572637],[126.784174,37.572406],[126.784403,37.572182],[126.784654,37.571948],[126.785077,37.571571],[126.786335,37.570473],[126.787978,37.569059],[126.789807,37.567498],[126.791623,37.565959],[126.793226,37.564612],[126.794417,37.563627],[126.794795,37.563323],[126.794919,37.563227],[126.794964,37.563195],[126.794996,37.563173],[126.795296,37.562995],[126.795612,37.562833],[126.795942,37.562691],[126.796284,37.562568],[126.796423,37.562527],[126.796564,37.562492],[126.796851,37.562435],[126.797435,37.562347],[126.798219,37.562243],[126.799008,37.562158],[126.799798,37.562086],[126.80059,37.562023],[126.80205,37.561918],[126.803541,37.561827],[126.804271,37.561791],[126.804977,37.561763],[126.805648,37.561745],[126.806274,37.561739],[126.806667,37.561737],[126.807066,37.561739],[126.807262,37.561747],[126.807452,37.561761],[126.807634,37.561783],[126.807722,37.561798],[126.807806,37.561816],[126.80797,37.56186],[126.80813,37.561912],[126.808287,37.561973],[126.808441,37.562041],[126.80874,37.562191],[126.809027,37.562351],[126.809182,37.562445],[126.809332,37.562543],[126.809619,37.562753],[126.81017,37.563193],[126.810539,37.563495],[126.810715,37.563652],[126.810882,37.563815],[126.811143,37.564102],[126.811391,37.564402],[126.811862,37.565023],[126.812333,37.56565],[126.812579,37.565957],[126.81284,37.566255],[126.813044,37.566466],[126.813154,37.566567],[126.813269,37.566663],[126.813496,37.566836],[126.813733,37.567002],[126.813981,37.567155],[126.81411,37.567226],[126.814243,37.567293],[126.814358,37.567344],[126.814478,37.56739],[126.814539,37.567409],[126.814601,37.567427],[126.814664,37.567442],[126.814728,37.567454],[126.81483,37.567469],[126.814937,37.567481],[126.815169,37.567498],[126.815418,37.567507],[126.815678,37.567508],[126.816215,37.567498],[126.816738,37.567482],[126.817134,37.567465],[126.817636,37.567435],[126.818911,37.567342],[126.822203,37.567073],[126.825842,37.566779],[126.82755,37.566654],[126.829054,37.566561],[126.829903,37.566514],[126.830753,37.566472],[126.831603,37.566449],[126.832028,37.566448],[126.832453,37.566456],[126.832847,37.566474],[126.832945,37.566483],[126.833042,37.566495],[126.833138,37.566511],[126.833233,37.566531],[126.833341,37.56656],[126.833446,37.566594],[126.83355,37.566631],[126.833652,37.566672],[126.83385,37.566763],[126.834041,37.566862],[126.834173,37.566938],[126.834312,37.567024],[126.834606,37.567225],[126.835228,37.567688],[126.835847,37.568149],[126.836136,37.568346],[126.836272,37.568431],[126.836401,37.568504],[126.836647,37.568628],[126.836903,37.568741],[126.837168,37.56884],[126.837441,37.568922],[126.837746,37.568991],[126.838057,37.569041],[126.838373,37.569074],[126.838689,37.569094],[126.838879,37.569098],[126.83907,37.569093],[126.83926,37.569079],[126.839449,37.569058],[126.839711,37.56902],[126.839972,37.568973],[126.840227,37.568912],[126.840352,37.568875],[126.840474,37.568834],[126.840491,37.568827],[126.840516,37.568816],[126.840587,37.568783],[126.840814,37.56867],[126.841578,37.568277],[126.844137,37.566936],[126.847663,37.565071],[126.851667,37.562941],[126.85566,37.560809],[126.859154,37.558933],[126.861662,37.557574],[126.862392,37.55717],[126.8626,37.557051],[126.862661,37.557014],[126.862681,37.557002],[126.862688,37.556997],[126.862693,37.556993],[126.862747,37.556947],[126.862799,37.556899],[126.862847,37.556848],[126.862893,37.556796],[126.862934,37.556741],[126.862972,37.556686],[126.863006,37.556628],[126.863036,37.55657],[126.863044,37.556551],[126.863052,37.556528],[126.863069,37.556467],[126.863108,37.556293],[126.863199,37.555774],[126.863415,37.55432],[126.863638,37.55283],[126.863737,37.552266],[126.86378,37.552064],[126.8638,37.551986],[126.863819,37.551927],[126.863866,37.5518],[126.863893,37.551737],[126.863922,37.551674],[126.863956,37.551614],[126.863994,37.551555],[126.864015,37.551528],[126.864038,37.5515],[126.864063,37.551474],[126.864089,37.551449],[126.8641,37.551439],[126.864113,37.551429],[126.864144,37.551407],[126.864222,37.551358],[126.864439,37.551244],[126.865044,37.550962],[126.865744,37.550643],[126.866081,37.550481],[126.866382,37.550324],[126.866922,37.550012],[126.867485,37.549668],[126.868609,37.548945],[126.869629,37.548289],[126.870059,37.548028],[126.870247,37.547922],[126.870414,37.547834],[126.870683,37.547709],[126.870961,37.547596],[126.871245,37.547492],[126.871534,37.547398],[126.871916,37.547282],[126.872304,37.547176],[126.872697,37.547087],[126.872896,37.547051],[126.873097,37.547023],[126.873368,37.546997],[126.873651,37.546981],[126.873943,37.546973],[126.874241,37.546973],[126.874846,37.546986],[126.875443,37.547005],[126.875803,37.547022],[126.876163,37.547049],[126.876881,37.547117],[126.8776,37.547178],[126.877959,37.547197],[126.87832,37.547203],[126.878535,37.5472],[126.878751,37.54719],[126.878964,37.54717],[126.87907,37.547155],[126.879175,37.547137],[126.879567,37.547049],[126.879951,37.546939],[126.880324,37.546809],[126.880686,37.54666],[126.880945,37.546535],[126.881193,37.546396],[126.881431,37.546246],[126.881659,37.546087],[126.881821,37.545963],[126.881974,37.545831],[126.882259,37.545554],[126.882437,37.545359],[126.882604,37.545158],[126.882913,37.544744],[126.883091,37.544474],[126.883269,37.544178],[126.883612,37.543567],[126.883923,37.543022],[126.88406,37.54281],[126.884124,37.542725],[126.884154,37.542689],[126.884183,37.542657],[126.884282,37.542561],[126.884389,37.54247],[126.884502,37.542384],[126.884621,37.542302],[126.88487,37.542148],[126.885127,37.542003],[126.885283,37.541922],[126.885471,37.541832],[126.885924,37.541631],[126.887054,37.541164],[126.888311,37.540649],[126.888922,37.540388],[126.889487,37.540133],[126.890384,37.539699],[126.891418,37.53918],[126.89377,37.537966],[126.896291,37.536647],[126.898728,37.53538],[126.900125,37.53469],[126.901519,37.533998],[126.902919,37.533311],[126.90433,37.532641],[126.904752,37.532443],[126.904967,37.532349],[126.905187,37.532264],[126.905452,37.532179],[126.905723,37.532104],[126.906272,37.531973],[126.907196,37.531778],[126.908318,37.531562],[126.910818,37.531111],[126.913086,37.530704],[126.913918,37.530543],[126.914222,37.530478],[126.914436,37.530425],[126.914822,37.530306],[126.9152,37.530171],[126.915569,37.53002],[126.915926,37.529854],[126.916037,37.529796],[126.916145,37.529733],[126.916248,37.529665],[126.916345,37.529593],[126.91638,37.529563],[126.916432,37.529515],[126.916582,37.52937],[126.917055,37.528897],[126.918572,37.527346],[126.92295,37.52282],[126.927323,37.5183],[126.928833,37.516755],[126.929302,37.516287],[126.92945,37.516145],[126.9295,37.516098],[126.929534,37.516069],[126.929762,37.515898],[126.930029,37.515714],[126.930325,37.51552],[126.930643,37.515324],[126.930974,37.515129],[126.931308,37.514941],[126.931639,37.514765],[126.931956,37.514606],[126.932203,37.514492],[126.932456,37.514384],[126.932971,37.514185],[126.933497,37.514002],[126.934029,37.513831],[126.934358,37.513731],[126.934691,37.513638],[126.935027,37.513554],[126.935368,37.513483],[126.935604,37.513443],[126.935842,37.513411],[126.936321,37.513368],[126.936752,37.513351],[126.937184,37.513348],[126.938049,37.513365],[126.938986,37.513401],[126.940021,37.513457],[126.942149,37.513596],[126.94396,37.513715],[126.944598,37.513746],[126.944824,37.513751],[126.944911,37.51375],[126.944979,37.513747],[126.945046,37.51374],[126.945131,37.513728],[126.94535,37.51369],[126.945946,37.513569],[126.947514,37.513221],[126.949073,37.512873],[126.949659,37.512755],[126.949871,37.512718],[126.949952,37.512707],[126.950015,37.512701],[126.950076,37.512699],[126.950152,37.512699],[126.950343,37.512706],[126.950863,37.512743],[126.952283,37.512873],[126.953879,37.513017],[126.954621,37.51307],[126.955258,37.513099],[126.955545,37.513108],[126.955833,37.513114],[126.955976,37.513111],[126.956119,37.513104],[126.95626,37.513089],[126.956399,37.513065],[126.956485,37.513044],[126.956575,37.513018],[126.956667,37.512986],[126.956762,37.51295],[126.957159,37.512776],[126.957575,37.512584],[126.957784,37.512496],[126.957992,37.51242],[126.958238,37.512345],[126.958488,37.51228],[126.958995,37.512164],[126.959501,37.512045],[126.95975,37.511976],[126.959993,37.511897],[126.9603,37.511782],[126.9606,37.511654],[126.96089,37.511513],[126.961164,37.511355],[126.96124,37.511305],[126.961313,37.511252],[126.961452,37.511139],[126.961708,37.510897],[126.961922,37.510671],[126.962123,37.510437],[126.962503,37.509958],[126.962878,37.509475],[126.963073,37.509238],[126.963277,37.509006],[126.963588,37.508676],[126.963753,37.508517],[126.96393,37.508366],[126.964273,37.508109],[126.964633,37.507866],[126.965009,37.50764],[126.965399,37.50743],[126.965779,37.507252],[126.966306,37.507026],[126.96693,37.50677],[126.967604,37.506503],[126.968278,37.506244],[126.968905,37.506012],[126.969435,37.505826],[126.969821,37.505705],[126.970047,37.505649],[126.970276,37.505603],[126.970509,37.505568],[126.970744,37.505544],[126.970912,37.505537],[126.97108,37.505538],[126.971418,37.505557],[126.971755,37.505574],[126.971923,37.505573],[126.972006,37.505569],[126.97209,37.505562],[126.972201,37.505548],[126.972312,37.50553],[126.97253,37.505483],[126.972745,37.505427],[126.972957,37.505364],[126.973393,37.505219],[126.973821,37.505057],[126.974241,37.504884],[126.974656,37.504703],[126.975412,37.504349],[126.976376,37.503871],[126.97859,37.502739],[126.980625,37.501696],[126.981366,37.501329],[126.98163,37.501206],[126.981731,37.501162],[126.981809,37.501131],[126.982131,37.501021],[126.982462,37.500927],[126.9828,37.500851],[126.982971,37.500822],[126.983144,37.500799],[126.983309,37.500783],[126.983475,37.500774],[126.983808,37.500771],[126.984142,37.500786],[126.984473,37.500816],[126.984665,37.500842],[126.984923,37.500883],[126.985613,37.501009],[126.986487,37.501182],[126.987489,37.501388],[126.989653,37.501856],[126.991661,37.502314],[126.992859,37.502613],[126.99405,37.502931],[126.995237,37.503258],[126.996426,37.50358],[126.999526,37.50451],[127.002914,37.505533],[127.005727,37.50637],[127.006648,37.506631],[127.00694,37.506707],[127.007038,37.50673],[127.007074,37.506737],[127.007102,37.506741],[127.007235,37.506753],[127.007368,37.506759],[127.007502,37.506758],[127.007636,37.506752],[127.007904,37.506729],[127.00817,37.506698],[127.008458,37.506655],[127.008742,37.506601],[127.009024,37.506535],[127.009301,37.50646],[127.009763,37.506311],[127.010319,37.50611],[127.011592,37.505616],[127.012882,37.505115],[127.013459,37.504906],[127.013951,37.504746],[127.014039,37.504723],[127.014129,37.504703],[127.01431,37.50467],[127.014491,37.504634],[127.014579,37.504613],[127.014666,37.504587],[127.014912,37.504498],[127.015151,37.504398],[127.015381,37.504285],[127.0156,37.50416],[127.015627,37.504142],[127.015653,37.504124],[127.015702,37.504085],[127.015795,37.504001],[127.015886,37.503917],[127.015935,37.503877],[127.015986,37.503839],[127.016191,37.503708],[127.016404,37.503586],[127.016625,37.503473],[127.016852,37.503368],[127.017047,37.503285],[127.017246,37.503209],[127.017451,37.503143],[127.017555,37.503115],[127.017661,37.503092],[127.017825,37.503064],[127.01799,37.503042],[127.018324,37.503015],[127.018661,37.503006],[127.018997,37.503007],[127.0192,37.503013],[127.019403,37.503027],[127.019605,37.503049],[127.019804,37.503082],[127.019829,37.503087],[127.019864,37.503096],[127.019967,37.503123],[127.020298,37.503216],[127.021416,37.50354],[127.025172,37.504654],[127.036291,37.507985],[127.047508,37.511345],[127.051386,37.512495],[127.052583,37.512843],[127.052958,37.512949],[127.053168,37.513004],[127.054004,37.513174],[127.055403,37.513434],[127.057194,37.513753],[127.059211,37.514103],[127.061284,37.514455],[127.063244,37.51478],[127.064923,37.515049],[127.066152,37.515233],[127.066706,37.515314],[127.067261,37.515391],[127.067818,37.515449],[127.068098,37.515466],[127.068378,37.515472],[127.068486,37.51547],[127.068594,37.515462],[127.068701,37.515448],[127.068754,37.515439],[127.068806,37.515427],[127.06887,37.515409],[127.068934,37.515389],[127.069056,37.515341],[127.069293,37.515231],[127.06977,37.514984],[127.070356,37.514656],[127.071756,37.513835],[127.0733,37.512925],[127.074064,37.512485],[127.074791,37.512081],[127.075232,37.51185],[127.075715,37.511608],[127.076712,37.511122],[127.077586,37.510687],[127.077916,37.510509],[127.078043,37.510433],[127.078142,37.510367],[127.078317,37.510231],[127.0784,37.510159],[127.078478,37.510084],[127.078552,37.510006],[127.078621,37.509926],[127.078684,37.509843],[127.07874,37.509757],[127.07875,37.50974],[127.07876,37.50972],[127.078781,37.509673],[127.078826,37.509551],[127.078929,37.509217],[127.079161,37.508331],[127.079394,37.507445],[127.079497,37.507108],[127.079543,37.506986],[127.079564,37.506938],[127.079574,37.506918],[127.079584,37.506901],[127.079611,37.506858],[127.079641,37.506815],[127.079673,37.506773],[127.079708,37.506733],[127.079747,37.506695],[127.079788,37.506659],[127.079832,37.506626],[127.079855,37.506611],[127.079879,37.506596],[127.079883,37.506594],[127.079888,37.506592],[127.079901,37.506586],[127.07994,37.506571],[127.080067,37.506528],[127.080501,37.506392],[127.081972,37.505957],[127.084022,37.505366],[127.086382,37.504695],[127.088783,37.504021],[127.090954,37.503419],[127.092628,37.502966],[127.093194,37.502819],[127.093534,37.502738],[127.094099,37.50263],[127.09467,37.502541],[127.095245,37.502471],[127.095823,37.502421],[127.096279,37.502398],[127.096736,37.502391],[127.097193,37.502397],[127.097649,37.502415],[127.097934,37.502433],[127.098218,37.502459],[127.098782,37.50253],[127.099231,37.502598],[127.099677,37.502674],[127.10012,37.502762],[127.100558,37.502864],[127.10106,37.503],[127.101641,37.503169],[127.102283,37.503367],[127.102964,37.503585],[127.103667,37.503819],[127.104371,37.504062],[127.105058,37.504306],[127.105708,37.504547],[127.10607,37.504687],[127.106429,37.504833],[127.10678,37.504989],[127.10712,37.505159],[127.107729,37.505499],[127.108325,37.505864],[127.108612,37.506052],[127.108888,37.506243],[127.10915,37.506436],[127.109397,37.506628],[127.109666,37.506862],[127.109916,37.50711],[127.110153,37.507366],[127.110383,37.507626],[127.110869,37.508196],[127.111335,37.508776],[127.111778,37.509367],[127.112192,37.509971],[127.112431,37.510362],[127.112663,37.510783],[127.113118,37.511677],[127.113578,37.512582],[127.113817,37.513017],[127.114067,37.513427],[127.114155,37.51355],[127.11425,37.513669],[127.114345,37.513789],[127.114434,37.513911],[127.114609,37.514189],[127.114771,37.514472],[127.115076,37.515046],[127.115386,37.515617],[127.115556,37.515897],[127.115741,37.51617],[127.115851,37.516321],[127.115968,37.516469],[127.11603,37.51654],[127.116096,37.516609],[127.116166,37.516676],[127.116242,37.516738],[127.116395,37.516849],[127.116561,37.516959],[127.116737,37.517065],[127.116919,37.517164],[127.117103,37.517256],[127.117286,37.517338],[127.117462,37.517408],[127.117629,37.517464],[127.117798,37.517509],[127.117982,37.517548],[127.118177,37.517581],[127.118381,37.517607],[127.118589,37.517627],[127.118798,37.517639],[127.119006,37.517643],[127.119209,37.51764],[127.119416,37.517628],[127.119625,37.517609],[127.119836,37.517581],[127.120045,37.517546],[127.120253,37.517503],[127.120458,37.517453],[127.120657,37.517397],[127.12085,37.517334],[127.120966,37.51729],[127.12108,37.517242],[127.12119,37.51719],[127.121298,37.517133],[127.121504,37.51701],[127.121698,37.516875],[127.121788,37.516804],[127.121878,37.516724],[127.122062,37.516542],[127.122437,37.516123],[127.122824,37.515694],[127.123021,37.515497],[127.123121,37.515408],[127.123221,37.515326],[127.123452,37.515161],[127.123697,37.515008],[127.123954,37.514867],[127.124219,37.514738],[127.124491,37.514617],[127.124771,37.514507],[127.125059,37.514412],[127.125206,37.514372],[127.125356,37.514339],[127.125587,37.514298],[127.125841,37.514264],[127.126108,37.514236],[127.126383,37.514215],[127.126657,37.514201],[127.126924,37.514196],[127.127176,37.514199],[127.127405,37.514211],[127.127534,37.514224],[127.127662,37.514241],[127.127915,37.51429],[127.128162,37.514354],[127.128403,37.514432],[127.128601,37.514509],[127.128791,37.514596],[127.128973,37.514696],[127.12906,37.514749],[127.129143,37.514806],[127.129247,37.514884],[127.129346,37.514966],[127.129531,37.51514],[127.129701,37.515324],[127.129862,37.515513],[127.129983,37.51567],[127.130131,37.515877],[127.130491,37.516414],[127.131362,37.517776],[127.132228,37.519132],[127.132583,37.519662],[127.132727,37.519864],[127.132845,37.520015],[127.132961,37.52015],[127.133084,37.52028],[127.133218,37.520404],[127.13329,37.520462],[127.133365,37.520517],[127.133523,37.520618],[127.13369,37.520709],[127.133778,37.52075],[127.133867,37.520788],[127.133959,37.520822],[127.134052,37.520853],[127.134134,37.520876],[127.134218,37.520895],[127.134304,37.520911],[127.13439,37.520924],[127.134564,37.520943],[127.134739,37.520955],[127.134958,37.520964],[127.135178,37.520963],[127.135397,37.520951],[127.135505,37.52094],[127.135613,37.520925],[127.135715,37.520907],[127.135816,37.520884],[127.136014,37.520829],[127.136402,37.520699],[127.137008,37.520474],[127.137707,37.520193],[127.139201,37.519559],[127.140516,37.518999],[127.14099,37.518809],[127.141161,37.518748],[127.141227,37.518727],[127.141255,37.518719],[127.14128,37.518713],[127.141439,37.518681],[127.141601,37.518655],[127.141764,37.518636],[127.141929,37.518623],[127.142094,37.518617],[127.142259,37.518617],[127.142424,37.518623],[127.142587,37.518636],[127.14273,37.518653],[127.142872,37.518675],[127.143014,37.518703],[127.143153,37.518736],[127.143291,37.518774],[127.143424,37.518819],[127.143554,37.51887],[127.14368,37.518926],[127.143813,37.518996],[127.143939,37.519074],[127.144059,37.519158],[127.144174,37.519247],[127.144391,37.519436],[127.144595,37.519633],[127.14469,37.519733],[127.144777,37.519837],[127.144856,37.519945],[127.144926,37.520057],[127.144963,37.520125],[127.145008,37.520217],[127.145122,37.520468],[127.145433,37.521207],[127.146296,37.523364],[127.147301,37.525924],[127.148235,37.528283]],[[127.013903,37.504764],[127.015986,37.503839]]]}},{"type":"Feature","properties":{"r":"KR","g":"kr","col":"#b4c7e7","n":"인천 도시철도 1호선","ct":"仁川","jk":"subway"},"geometry":{"type":"LineString","coordinates":[[126.62605,37.406787],[126.634513,37.393382],[126.635749,37.391533],[126.636979,37.389682],[126.638221,37.387836],[126.638853,37.386918],[126.639496,37.386004],[126.640305,37.384876],[126.641146,37.38372],[126.642865,37.381397],[126.643715,37.380271],[126.644539,37.379193],[126.645322,37.378185],[126.64605,37.377265],[126.646428,37.376765],[126.646528,37.376643],[126.646633,37.376525],[126.646746,37.376411],[126.646869,37.376305],[126.646946,37.376247],[126.647026,37.376193],[126.64711,37.376141],[126.647197,37.376093],[126.647378,37.376005],[126.647567,37.375928],[126.647759,37.375864],[126.647957,37.375813],[126.64816,37.375774],[126.648365,37.375748],[126.64867,37.375723],[126.648979,37.375715],[126.649132,37.375719],[126.649284,37.37573],[126.649433,37.375749],[126.649507,37.375762],[126.649579,37.375778],[126.649678,37.375805],[126.649775,37.375838],[126.649869,37.375876],[126.64996,37.375919],[126.650048,37.375965],[126.650134,37.376015],[126.650298,37.376121],[126.65038,37.376182],[126.650457,37.376247],[126.650599,37.376387],[126.650734,37.376532],[126.650872,37.376674],[126.654298,37.380225],[126.65802,37.384095],[126.661149,37.387328],[126.662213,37.388408],[126.662572,37.388762],[126.662796,37.388971],[126.663082,37.389205],[126.663235,37.389314],[126.663397,37.389413],[126.663503,37.389469],[126.663616,37.389522],[126.663858,37.389623],[126.664365,37.389806],[126.664832,37.389974],[126.664932,37.390016],[126.665023,37.390057],[126.665104,37.390099],[126.66514,37.39012],[126.665173,37.390141],[126.665205,37.390164],[126.665238,37.390189],[126.665306,37.390249],[126.665454,37.390395],[126.665783,37.390769],[126.666136,37.391187],[126.666314,37.391389],[126.66649,37.391574],[126.666934,37.392009],[126.667387,37.392438],[126.668311,37.393284],[126.669247,37.394122],[126.670177,37.394964],[126.672659,37.397166],[126.675276,37.399478],[126.677622,37.401571],[126.678568,37.402433],[126.679293,37.403116],[126.679952,37.403766],[126.680707,37.40453],[126.68152,37.405368],[126.682356,37.406241],[126.683176,37.407111],[126.683943,37.407938],[126.684621,37.408683],[126.685173,37.409308],[126.685465,37.409671],[126.685741,37.410044],[126.686019,37.410414],[126.686166,37.410596],[126.68632,37.410773],[126.686785,37.411251],[126.687506,37.411954],[126.689477,37.413823],[126.691763,37.415967],[126.693891,37.417974],[126.694577,37.418574],[126.69527,37.41917],[126.695949,37.419774],[126.696277,37.420084],[126.696594,37.420401],[126.6968,37.420622],[126.696997,37.420848],[126.697183,37.42108],[126.697357,37.421317],[126.697529,37.421576],[126.697687,37.421841],[126.697833,37.42211],[126.697968,37.422383],[126.69811,37.4227],[126.698238,37.423021],[126.698354,37.423345],[126.69846,37.423671],[126.698564,37.424024],[126.698655,37.424379],[126.698736,37.424737],[126.698805,37.425095],[126.698937,37.425917],[126.699042,37.426741],[126.699122,37.427568],[126.699181,37.428395],[126.699199,37.42874],[126.69921,37.429085],[126.699208,37.42943],[126.699186,37.429774],[126.699135,37.43017],[126.699061,37.430564],[126.698971,37.430957],[126.69887,37.431347],[126.698777,37.431656],[126.698669,37.431963],[126.698434,37.432572],[126.698205,37.433183],[126.698108,37.433491],[126.698028,37.433802],[126.697948,37.434225],[126.697892,37.434651],[126.697861,37.435079],[126.697857,37.435507],[126.697867,37.435715],[126.69789,37.435923],[126.697926,37.436129],[126.697974,37.436334],[126.698046,37.43656],[126.698134,37.436782],[126.698334,37.437221],[126.698454,37.437463],[126.698583,37.437701],[126.698856,37.438175],[126.69912,37.43865],[126.699238,37.438892],[126.699342,37.439138],[126.699375,37.439238],[126.699401,37.43934],[126.699442,37.439545],[126.699623,37.440513],[126.699817,37.441664],[126.700233,37.444344],[126.700665,37.447249],[126.701089,37.450041],[126.701454,37.452486],[126.701856,37.455127],[126.702183,37.457377],[126.702284,37.458173],[126.702312,37.458456],[126.702323,37.458651],[126.70232,37.458824],[126.702306,37.458998],[126.702281,37.45917],[126.702244,37.459341],[126.702155,37.459637],[126.702037,37.459953],[126.701751,37.460614],[126.701467,37.46127],[126.701352,37.461578],[126.701267,37.461864],[126.70124,37.461989],[126.70122,37.462116],[126.70121,37.462242],[126.701211,37.462306],[126.701215,37.462369],[126.701226,37.462452],[126.701242,37.462534],[126.701286,37.462697],[126.701345,37.462857],[126.701415,37.463014],[126.701529,37.463234],[126.701658,37.46345],[126.70173,37.463555],[126.701807,37.463657],[126.70189,37.463755],[126.70198,37.46385],[126.702096,37.463956],[126.702159,37.464006],[126.702224,37.464054],[126.702292,37.464099],[126.702363,37.464142],[126.702436,37.464182],[126.702511,37.464218],[126.702557,37.464237],[126.702613,37.464258],[126.702749,37.464302],[126.703106,37.464399],[126.704039,37.464623],[126.705038,37.464863],[126.705476,37.464982],[126.705665,37.46504],[126.705828,37.465096],[126.705973,37.465153],[126.706114,37.465216],[126.706249,37.465287],[126.706377,37.465365],[126.706529,37.465473],[126.706675,37.465586],[126.706949,37.465827],[126.707207,37.466081],[126.707456,37.466339],[126.707687,37.466584],[126.707741,37.466648],[126.70779,37.466713],[126.707834,37.46678],[126.707872,37.46685],[126.707896,37.466905],[126.707914,37.466962],[126.707929,37.467019],[126.70794,37.467077],[126.707967,37.467312],[126.707996,37.467701],[126.708007,37.468099],[126.707994,37.468913],[126.707973,37.469738],[126.707974,37.470149],[126.707991,37.470557],[126.708017,37.470887],[126.708038,37.471051],[126.708071,37.471214],[126.70814,37.47147],[126.708222,37.471723],[126.70841,37.472225],[126.708614,37.472724],[126.70881,37.473224],[126.709411,37.475189],[126.709716,37.47617],[126.710039,37.477148],[126.710415,37.478246],[126.710806,37.479353],[126.711007,37.479898],[126.711213,37.480431],[126.711423,37.480946],[126.711639,37.481438],[126.711752,37.481682],[126.711818,37.4818],[126.711855,37.481857],[126.711896,37.481913],[126.71198,37.482015],[126.71207,37.482113],[126.712265,37.482302],[126.712476,37.48248],[126.7127,37.482647],[126.71282,37.482727],[126.712944,37.482802],[126.713203,37.482942],[126.713737,37.483205],[126.714808,37.483724],[126.716057,37.484307],[126.718747,37.485528],[126.721124,37.486604],[126.721982,37.487005],[126.722291,37.487156],[126.722505,37.48727],[126.722685,37.487376],[126.722859,37.487488],[126.723024,37.487608],[126.723179,37.487736],[126.723275,37.487827],[126.723363,37.487923],[126.723443,37.488024],[126.723513,37.488129],[126.723652,37.488373],[126.723772,37.488625],[126.723821,37.488753],[126.723861,37.488883],[126.723891,37.489013],[126.723909,37.489144],[126.72391,37.489162],[126.72391,37.489185],[126.723906,37.48924],[126.723885,37.489394],[126.723801,37.489849],[126.723512,37.491186],[126.723162,37.492777],[126.723002,37.49355],[126.722872,37.494245],[126.72266,37.495576],[126.722446,37.497063],[126.722037,37.500168],[126.721683,37.502885],[126.721538,37.503886],[126.721476,37.504259],[126.721422,37.504535],[126.721366,37.504758],[126.7213,37.50498],[126.721151,37.50542],[126.720999,37.50586],[126.720867,37.506304],[126.720719,37.506915],[126.720661,37.507223],[126.720624,37.507532],[126.720607,37.507867],[126.720603,37.508228],[126.720611,37.50861],[126.720628,37.509007],[126.720682,37.509817],[126.720748,37.51061],[126.720822,37.511373],[126.720909,37.512135],[126.721113,37.513658],[126.721335,37.515179],[126.721548,37.516701],[126.721821,37.519634],[126.722111,37.522657],[126.722367,37.5255],[126.722465,37.526769],[126.722535,37.527893],[126.722581,37.529248],[126.722613,37.5311],[126.722651,37.535482],[126.722683,37.539414],[126.722706,37.540704],[126.722722,37.541091],[126.72273,37.541209],[126.722735,37.541247],[126.722738,37.541261],[126.72274,37.541272],[126.722775,37.541377],[126.722818,37.54148],[126.722868,37.541581],[126.722925,37.54168],[126.723054,37.541873],[126.723199,37.542058],[126.723377,37.542258],[126.723574,37.542448],[126.723787,37.542625],[126.724018,37.542788],[126.724115,37.542848],[126.724215,37.542904],[126.724423,37.543006],[126.724641,37.543097],[126.724865,37.543176],[126.725015,37.54322],[126.725169,37.543255],[126.725482,37.543308],[126.725821,37.543347],[126.726162,37.543364],[126.72672,37.543364],[126.727423,37.543349],[126.728236,37.54332],[126.729126,37.54328],[126.731006,37.54318],[126.732795,37.54307],[126.733429,37.543016],[126.734061,37.542949],[126.734694,37.542887],[126.735011,37.542864],[126.735329,37.542849],[126.735759,37.542839],[126.735974,37.542846],[126.73608,37.542855],[126.736186,37.542868],[126.736464,37.542914],[126.736602,37.542942],[126.736739,37.542974],[126.736873,37.543012],[126.737003,37.543057],[126.737127,37.543108],[126.737188,37.543137],[126.737246,37.543168],[126.737282,37.543189],[126.737317,37.543212],[126.73735,37.543236],[126.737382,37.543261],[126.737442,37.543314],[126.737499,37.54337],[126.737605,37.543489],[126.737705,37.543609],[126.737815,37.543748],[126.737917,37.54389],[126.738105,37.544183],[126.738287,37.544478],[126.738484,37.544767],[126.738763,37.545131],[126.739052,37.545491],[126.739647,37.546201],[126.740245,37.54691],[126.740539,37.547267],[126.740824,37.547628],[126.74115,37.54806],[126.741457,37.5485],[126.741659,37.548833],[126.741847,37.549171],[126.742036,37.54951],[126.742241,37.549841],[126.742568,37.550304],[126.742931,37.550783],[126.743697,37.551744],[126.744402,37.552626],[126.744689,37.553007],[126.744908,37.553333],[126.745003,37.553496],[126.745089,37.553662],[126.745164,37.553832],[126.745227,37.554004],[126.745326,37.554358],[126.74544,37.554849],[126.745562,37.55543],[126.745682,37.556055],[126.745792,37.556679],[126.745884,37.557254],[126.745949,37.557736],[126.745978,37.558077],[126.745977,37.558344],[126.745957,37.558611],[126.745917,37.558877],[126.745857,37.55914],[126.745817,37.55927],[126.745766,37.559399],[126.745707,37.559525],[126.745639,37.559648],[126.745569,37.559755],[126.74549,37.559859],[126.745319,37.56006],[126.74503,37.560378],[126.744703,37.560716],[126.744016,37.561397],[126.743416,37.561996],[126.743198,37.562233],[126.743118,37.56233],[126.743087,37.562372],[126.743061,37.56241],[126.743007,37.562502],[126.74296,37.562597],[126.742918,37.562694],[126.742882,37.562792],[126.742824,37.562992],[126.742784,37.563194],[126.742771,37.563304],[126.742764,37.563425],[126.742766,37.563697],[126.742806,37.564325],[126.742848,37.564992],[126.742851,37.565314],[126.742832,37.565614],[126.742792,37.565879],[126.742735,37.566142],[126.742661,37.566402],[126.742573,37.56666],[126.742495,37.566851],[126.742404,37.567038],[126.742202,37.567407],[126.74199,37.567747],[126.741762,37.568081],[126.741534,37.568415],[126.74132,37.568755],[126.741211,37.568955],[126.741112,37.569158],[126.740926,37.569568],[126.74073,37.569975],[126.740618,37.570173],[126.740492,37.570365],[126.740353,37.570551],[126.740201,37.570731],[126.740118,37.570817],[126.740031,37.5709],[126.739939,37.570979],[126.739841,37.571053],[126.739761,37.571107],[126.739677,37.571157],[126.739589,37.571204],[126.739499,37.571248],[126.739406,37.571289],[126.739311,37.571326],[126.739117,37.571391],[126.73902,37.571417],[126.738922,37.571439],[126.738721,37.571473],[126.738517,37.571496],[126.738312,37.571513],[126.737691,37.571538],[126.736697,37.571556],[126.735449,37.571565],[126.734067,37.571567],[126.732669,37.571561],[126.731375,37.571548],[126.730303,37.571527],[126.729573,37.5715],[126.72877,37.571438],[126.727971,37.57135],[126.727174,37.571244],[126.726381,37.571125],[126.726091,37.571075],[126.725804,37.571017],[126.725231,37.570891],[126.724658,37.570769],[126.724369,37.570717],[126.724078,37.570675],[126.723753,37.570638],[126.723425,37.57061],[126.723097,37.570597],[126.722769,37.570601],[126.722471,37.570619],[126.722169,37.570647],[126.721863,37.570683],[126.721556,37.570727],[126.720943,37.570835],[126.72034,37.570962],[126.719987,37.571049],[126.719639,37.57115],[126.719298,37.571263],[126.718965,37.57139],[126.718755,37.571476],[126.718549,37.571569],[126.718449,37.571619],[126.718354,37.571673],[126.718262,37.571731],[126.718177,37.571795],[126.718058,37.571898],[126.717948,37.572007],[126.717844,37.572122],[126.717748,37.572242],[126.717573,37.572493],[126.717422,37.572751],[126.717267,37.57307],[126.717144,37.573398],[126.717049,37.573733],[126.716983,37.574071],[126.716957,37.57432],[126.716948,37.574614],[126.716962,37.575297],[126.716995,37.576036],[126.717019,37.576747],[126.71713,37.578809],[126.717259,37.581036],[126.717352,37.582932],[126.71737,37.5836],[126.717369,37.583837],[126.71736,37.583998],[126.7173,37.584411],[126.71721,37.584824],[126.717152,37.585027],[126.717086,37.585226],[126.717012,37.58542],[126.716928,37.585608],[126.716899,37.585662],[126.716857,37.585733],[126.716736,37.585916],[126.716375,37.586428],[126.715368,37.587792],[126.714357,37.589161],[126.713992,37.589679],[126.713868,37.589866],[126.713825,37.589938],[126.713794,37.589995],[126.713765,37.590059],[126.71374,37.590125],[126.713701,37.590258],[126.71364,37.590528],[126.71351,37.591208],[126.713375,37.592052],[126.713107,37.593963],[126.712864,37.595714],[126.712761,37.596358],[126.712715,37.596592],[126.712674,37.596757],[126.712627,37.596897],[126.71257,37.597034],[126.712502,37.597168],[126.712423,37.597298],[126.712382,37.597355],[126.712338,37.59741],[126.712242,37.597516],[126.712035,37.597719],[126.711643,37.598077],[126.711234,37.598425],[126.710407,37.599112],[126.709893,37.599567],[126.709375,37.600037],[126.708864,37.600478],[126.708615,37.600675],[126.708373,37.600848],[126.708175,37.600975],[126.707968,37.601094],[126.707861,37.601149],[126.707751,37.6012],[126.707638,37.601247],[126.707523,37.601289],[126.707462,37.601308],[126.707378,37.60133],[126.707148,37.601385],[126.706475,37.601527],[126.705587,37.601701],[126.704567,37.601892],[126.703499,37.602084],[126.702465,37.602261],[126.701549,37.60241],[126.700833,37.602514],[126.700254,37.602581],[126.699672,37.602633],[126.699088,37.602672],[126.698504,37.602699],[126.69769,37.602724],[126.696752,37.60274],[126.695733,37.602749],[126.694678,37.602751],[126.69363,37.602745],[126.692631,37.602732],[126.691727,37.602711],[126.69096,37.602683],[126.690351,37.602643],[126.689744,37.602587],[126.688531,37.602464]]}},{"type":"Feature","properties":{"r":"KR","g":"kr","col":"#e65367","n":"수도권 전철 신분당선","ct":"首尔","jk":"subway"},"geometry":{"type":"LineString","coordinates":[[127.01966,37.515752],[127.019847,37.515058],[127.020027,37.514363],[127.020222,37.51367],[127.020332,37.513327],[127.020454,37.512986],[127.020665,37.512503],[127.021116,37.51152],[127.022605,37.508338],[127.024653,37.504003],[127.02699,37.499081],[127.029348,37.494136],[127.031458,37.489734],[127.033051,37.48644],[127.033569,37.485385],[127.033858,37.484818],[127.033969,37.484616],[127.034031,37.484517],[127.034101,37.484422],[127.034197,37.48431],[127.034309,37.484188],[127.034578,37.483919],[127.035238,37.483304],[127.035962,37.48264],[127.036311,37.482308],[127.036632,37.481986],[127.037148,37.481452],[127.03739,37.481176],[127.037502,37.481034],[127.037606,37.480888],[127.037708,37.480728],[127.037801,37.480564],[127.037967,37.48023],[127.038115,37.479889],[127.038256,37.479547],[127.038348,37.479309],[127.038388,37.479189],[127.038421,37.479067],[127.038474,37.478811],[127.038514,37.478553],[127.038542,37.478294],[127.038558,37.478034],[127.038563,37.477541],[127.038543,37.477048],[127.038505,37.476556],[127.038456,37.476064],[127.038399,37.475655],[127.038325,37.475248],[127.03825,37.474841],[127.03819,37.474432],[127.038123,37.473745],[127.038104,37.4734],[127.038097,37.473056],[127.038115,37.472535],[127.038155,37.472014],[127.03825,37.470972],[127.038399,37.469597],[127.038551,37.468113],[127.038697,37.466847],[127.038764,37.466398],[127.038795,37.466238],[127.03881,37.466176],[127.038825,37.466127],[127.038833,37.466106],[127.038843,37.466084],[127.038866,37.466043],[127.038921,37.465964],[127.039105,37.465733],[127.039431,37.465347],[127.040447,37.464178],[127.043532,37.460692],[127.047242,37.456527],[127.050639,37.452701],[127.052511,37.450684],[127.054488,37.448564],[127.056254,37.44665],[127.056958,37.445865],[127.05749,37.445248],[127.057972,37.444639],[127.058535,37.443891],[127.059776,37.442181],[127.060972,37.440532],[127.061477,37.439861],[127.061879,37.43936],[127.062158,37.439051],[127.062637,37.438541],[127.064077,37.437034],[127.065971,37.435073],[127.068094,37.432892],[127.070216,37.430723],[127.07211,37.428799],[127.07355,37.427354],[127.074028,37.426884],[127.074307,37.426621],[127.074847,37.426174],[127.075726,37.425482],[127.076846,37.424616],[127.078114,37.423649],[127.079433,37.422652],[127.08071,37.421699],[127.081847,37.420862],[127.082751,37.420212],[127.083366,37.419786],[127.083991,37.419369],[127.084627,37.418962],[127.085273,37.418566],[127.086109,37.418078],[127.087174,37.417475],[127.088405,37.41679],[127.08974,37.416057],[127.091116,37.415311],[127.092473,37.414585],[127.093746,37.413913],[127.094874,37.41333],[127.096198,37.412676],[127.097982,37.411823],[127.10223,37.409825],[127.106211,37.407955],[127.107662,37.407261],[127.108175,37.407008],[127.108518,37.40683],[127.108819,37.406654],[127.109106,37.406464],[127.109404,37.406245],[127.109545,37.406129],[127.109678,37.406007],[127.109915,37.405765],[127.110137,37.405514],[127.110341,37.405254],[127.110522,37.404984],[127.110633,37.404785],[127.110727,37.404581],[127.110807,37.404372],[127.110875,37.404161],[127.110961,37.40382],[127.111023,37.403475],[127.111069,37.403128],[127.111103,37.40278],[127.111143,37.402056],[127.111173,37.400954],[127.111214,37.397966],[127.111243,37.394511],[127.111278,37.39129],[127.111277,37.389395],[127.111284,37.387391],[127.111274,37.385606],[127.111254,37.384899],[127.111221,37.38437],[127.111195,37.384135],[127.111159,37.3839],[127.111111,37.383667],[127.111047,37.383437],[127.110933,37.383128],[127.11078,37.382777],[127.110398,37.381986],[127.10998,37.381141],[127.109783,37.380721],[127.109608,37.380316],[127.109421,37.379842],[127.109245,37.379366],[127.10908,37.378886],[127.108926,37.378405],[127.108762,37.377833],[127.108628,37.377256],[127.108565,37.376922],[127.108511,37.376588],[127.108467,37.376252],[127.108436,37.375916],[127.108407,37.37526],[127.108393,37.374385],[127.108397,37.372181],[127.10842,37.369707],[127.108433,37.367368],[127.108868,37.352937],[127.108904,37.350756],[127.108952,37.348394],[127.108977,37.346394],[127.108971,37.345698],[127.108961,37.345455],[127.108954,37.345364],[127.108946,37.345295],[127.108908,37.345087],[127.108854,37.344881],[127.108782,37.344679],[127.108738,37.344581],[127.108688,37.344484],[127.108639,37.344402],[127.108585,37.344322],[127.108463,37.344168],[127.108328,37.34402],[127.108185,37.343878],[127.108056,37.343758],[127.107919,37.343644],[127.107774,37.343536],[127.107697,37.343486],[127.107618,37.343439],[127.107476,37.343363],[127.107329,37.343293],[127.107025,37.343166],[127.106711,37.343053],[127.106394,37.342947],[127.106115,37.342863],[127.105818,37.342786],[127.105208,37.342645],[127.104644,37.34251],[127.104405,37.34244],[127.104301,37.342403],[127.104208,37.342365],[127.104099,37.342313],[127.103993,37.342256],[127.103891,37.342195],[127.103793,37.34213],[127.103606,37.34199],[127.103434,37.34184],[127.103304,37.341712],[127.103243,37.341645],[127.103185,37.341576],[127.103132,37.341505],[127.103084,37.341432],[127.103043,37.341357],[127.10301,37.34128],[127.103005,37.341264],[127.103,37.341246],[127.10299,37.341204],[127.102972,37.341092],[127.102944,37.340778],[127.102906,37.339889],[127.10288,37.338844],[127.102848,37.337877],[127.102831,37.335642],[127.102823,37.333407],[127.102797,37.331172],[127.102769,37.330055],[127.102725,37.328938],[127.102716,37.328604],[127.102703,37.328437],[127.10269,37.328355],[127.102672,37.328273],[127.102594,37.328005],[127.102495,37.32774],[127.102435,37.327611],[127.102369,37.327484],[127.102294,37.327361],[127.10221,37.327241],[127.102147,37.327164],[127.102078,37.32709],[127.102003,37.32702],[127.101924,37.326952],[127.101758,37.326821],[127.101588,37.326695],[127.101171,37.326405],[127.100585,37.326022],[127.099868,37.325568],[127.099059,37.325066],[127.097315,37.324006],[127.095658,37.323022],[127.094505,37.322352],[127.093235,37.321626],[127.090614,37.320154],[127.089395,37.319482],[127.088328,37.318903],[127.087477,37.318453],[127.086911,37.318171],[127.08654,37.31801],[127.086161,37.317863],[127.085388,37.317591],[127.085065,37.317486],[127.084734,37.317387],[127.084064,37.3172],[127.083412,37.317008],[127.083104,37.316903],[127.082813,37.316789],[127.082697,37.316739],[127.082584,37.316684],[127.08253,37.316654],[127.082478,37.316622],[127.082429,37.316587],[127.082384,37.31655],[127.08237,37.316536],[127.082354,37.316519],[127.082318,37.316476],[127.082226,37.316354],[127.081984,37.315993],[127.081356,37.314994],[127.080723,37.313989],[127.080476,37.313621],[127.080381,37.313494],[127.080343,37.313448],[127.080326,37.313429],[127.080311,37.313414],[127.080295,37.3134],[127.080277,37.313384],[127.080232,37.31335],[127.080112,37.313267],[127.079772,37.313055],[127.078844,37.312514],[127.07788,37.311952],[127.077495,37.311712],[127.077347,37.311612],[127.077234,37.311527],[127.077185,37.311484],[127.07714,37.311438],[127.077099,37.31139],[127.077063,37.31134],[127.076984,37.311209],[127.076878,37.311011],[127.076599,37.310456],[127.076261,37.30975],[127.0759,37.30897],[127.07555,37.308192],[127.075245,37.307492],[127.075021,37.306947],[127.074951,37.306756],[127.074927,37.306686],[127.074913,37.306633],[127.074897,37.306542],[127.074887,37.306441],[127.074882,37.306218],[127.074907,37.30572],[127.074932,37.305223],[127.074927,37.305002],[127.074917,37.304902],[127.074901,37.304812],[127.074858,37.304646],[127.074805,37.304481],[127.074672,37.304157],[127.074505,37.303843],[127.07431,37.30354],[127.074239,37.303445],[127.074161,37.303353],[127.073992,37.303176],[127.07381,37.303007],[127.07362,37.302844],[127.073258,37.30256],[127.072797,37.302229],[127.071747,37.301512],[127.070813,37.300879],[127.070497,37.30065],[127.070395,37.300568],[127.070361,37.300536],[127.070348,37.300523],[127.070338,37.300511],[127.070336,37.300508],[127.070334,37.300505],[127.070329,37.300496],[127.070318,37.300475],[127.070291,37.30041],[127.070218,37.300203],[127.070005,37.299525],[127.069412,37.297502],[127.06877,37.295323],[127.068498,37.29445],[127.068385,37.294115],[127.068293,37.293867],[127.068144,37.293507],[127.068101,37.293419],[127.068053,37.293333],[127.067999,37.293249],[127.067939,37.293168],[127.067869,37.293087],[127.067794,37.293009],[127.067713,37.292933],[127.067628,37.292861],[127.067447,37.292725],[127.067255,37.2926],[127.067199,37.292568],[127.067129,37.292532],[127.066949,37.292447],[127.066455,37.292232],[127.065156,37.291702],[127.063854,37.291171],[127.063357,37.290955],[127.063175,37.290869],[127.063103,37.290832],[127.063046,37.2908],[127.062986,37.29076],[127.062904,37.290702],[127.062683,37.290532],[127.06205,37.290018],[127.060322,37.288572],[127.058568,37.287106],[127.057902,37.286566],[127.057661,37.286379],[127.057568,37.286311],[127.057495,37.286261],[127.057339,37.286165],[127.057177,37.286075],[127.057007,37.285995],[127.05692,37.285959],[127.05683,37.285927],[127.05667,37.285876],[127.056588,37.285853],[127.056505,37.285833],[127.056421,37.285817],[127.056336,37.285806],[127.056294,37.285802],[127.056251,37.2858],[127.056209,37.285799],[127.056166,37.2858],[127.056134,37.285802],[127.056103,37.285806],[127.056072,37.285811],[127.056041,37.285817],[127.05598,37.285832],[127.05592,37.285851],[127.055685,37.285937],[127.055434,37.286028],[127.055186,37.286126],[127.054943,37.286231],[127.054706,37.286343],[127.054384,37.286511],[127.054071,37.28669],[127.053766,37.286877],[127.053467,37.28707],[127.052936,37.287427],[127.052377,37.287815],[127.051804,37.288224],[127.051233,37.288641],[127.05068,37.289055],[127.05016,37.289455],[127.049688,37.28983],[127.049281,37.290167],[127.049046,37.290367],[127.048817,37.290573],[127.048603,37.290787],[127.048505,37.290899],[127.048415,37.291015],[127.048377,37.29107],[127.048341,37.291127],[127.04828,37.291244],[127.048228,37.291365],[127.048187,37.291487],[127.048167,37.291571],[127.048154,37.291656],[127.048147,37.291742],[127.048144,37.291828],[127.048147,37.292055],[127.048162,37.292282],[127.04819,37.292508],[127.04823,37.292733],[127.04831,37.293043],[127.048362,37.293196],[127.048423,37.293347],[127.048483,37.293472],[127.048552,37.293594],[127.048702,37.293833],[127.048852,37.294073],[127.048921,37.294195],[127.048981,37.29432],[127.04911,37.294628],[127.049229,37.294938],[127.049439,37.295566],[127.049616,37.2962],[127.049768,37.296838],[127.049814,37.297078],[127.049827,37.297198],[127.04983,37.297319],[127.049823,37.297427],[127.049809,37.297535],[127.049785,37.297641],[127.049769,37.297693],[127.04975,37.297745],[127.049691,37.29788],[127.049625,37.298012],[127.04947,37.29827],[127.049295,37.29852],[127.049106,37.298764],[127.048822,37.299098],[127.048517,37.299421],[127.048192,37.299731],[127.047851,37.30003],[127.047616,37.300217],[127.04737,37.300396],[127.047115,37.300566],[127.046854,37.30073],[127.046453,37.300966],[127.046044,37.301193],[127.045208,37.301628],[127.044363,37.302052],[127.043522,37.302481]]}},{"type":"Feature","properties":{"r":"KR","g":"kr","col":"#bacc50","n":"우이신설선","ct":"首尔","jk":"urban"},"geometry":{"type":"LineString","coordinates":[[127.02324,37.576058],[127.02323,37.576639],[127.023222,37.577262],[127.02321,37.577801],[127.023201,37.578],[127.023188,37.578131],[127.023171,37.578214],[127.023148,37.578296],[127.023121,37.578377],[127.023089,37.578457],[127.023041,37.578558],[127.022948,37.578739],[127.022647,37.579311],[127.02171,37.581058],[127.020575,37.58316],[127.019539,37.585085],[127.019167,37.58575],[127.01876,37.586471],[127.018422,37.587081],[127.018311,37.587292],[127.018275,37.587364],[127.018263,37.587392],[127.018255,37.587412],[127.018237,37.587475],[127.018226,37.587539],[127.018213,37.587669],[127.018203,37.587808],[127.018199,37.587952],[127.018199,37.588242],[127.018198,37.588518],[127.018192,37.588643],[127.01818,37.588756],[127.018168,37.588828],[127.018163,37.588845],[127.018158,37.588863],[127.018151,37.588879],[127.018142,37.588896],[127.018129,37.588916],[127.018114,37.588936],[127.018097,37.588954],[127.018079,37.588972],[127.018001,37.589041],[127.017897,37.589127],[127.01778,37.589216],[127.017534,37.589392],[127.017314,37.589548],[127.01723,37.589614],[127.017197,37.589642],[127.017171,37.589667],[127.01714,37.589704],[127.017113,37.589744],[127.01709,37.589785],[127.01707,37.589827],[127.017048,37.589881],[127.01703,37.589936],[127.017001,37.590048],[127.016955,37.590273],[127.016882,37.590629],[127.01681,37.591025],[127.016666,37.591877],[127.016526,37.592706],[127.016458,37.593073],[127.016393,37.593389],[127.016328,37.59367],[127.016253,37.593974],[127.016091,37.594596],[127.016012,37.594884],[127.015939,37.595138],[127.015876,37.595343],[127.015826,37.595485],[127.015782,37.59559],[127.015732,37.595696],[127.015679,37.595802],[127.015622,37.595909],[127.015503,37.596121],[127.015383,37.596331],[127.015313,37.596452],[127.015239,37.596572],[127.015089,37.596811],[127.014939,37.597049],[127.014867,37.59717],[127.014797,37.597291],[127.01471,37.597446],[127.014625,37.597602],[127.014547,37.597759],[127.014511,37.597839],[127.014479,37.59792],[127.014448,37.598009],[127.014421,37.5981],[127.014377,37.598282],[127.014337,37.598465],[127.014295,37.598648],[127.014118,37.599553],[127.013937,37.600491],[127.013763,37.601364],[127.013681,37.601746],[127.013605,37.602075],[127.013561,37.602248],[127.013513,37.602421],[127.013461,37.602593],[127.013407,37.602764],[127.013335,37.602978],[127.013296,37.603083],[127.013251,37.603188],[127.013191,37.60331],[127.013156,37.603369],[127.013118,37.603427],[127.013064,37.603494],[127.013034,37.603526],[127.013001,37.603556],[127.01296,37.603589],[127.012909,37.603627],[127.012783,37.603713],[127.012475,37.603912],[127.012171,37.604108],[127.012049,37.604191],[127.012001,37.604227],[127.011963,37.604258],[127.011894,37.604323],[127.011831,37.604391],[127.011774,37.604462],[127.011723,37.604536],[127.011702,37.604572],[127.01168,37.604616],[127.011632,37.604726],[127.011522,37.605005],[127.011401,37.60532],[127.011339,37.605473],[127.011278,37.605615],[127.011165,37.605856],[127.011048,37.606097],[127.010807,37.606575],[127.01056,37.607052],[127.010316,37.607529],[127.010094,37.608013],[127.009984,37.608256],[127.00988,37.6085],[127.009787,37.608733],[127.009745,37.60885],[127.009707,37.608968],[127.009672,37.609099],[127.009642,37.609231],[127.009592,37.609497],[127.00954,37.609762],[127.009508,37.609894],[127.009471,37.610025],[127.009442,37.610112],[127.009409,37.610198],[127.009372,37.610283],[127.00933,37.610367],[127.009268,37.610475],[127.009202,37.610582],[127.009058,37.610791],[127.008911,37.610999],[127.00884,37.611104],[127.008773,37.61121],[127.008715,37.61131],[127.008659,37.611412],[127.008553,37.611616],[127.008447,37.61182],[127.008334,37.612022],[127.008251,37.612153],[127.008163,37.612282],[127.008076,37.612411],[127.008035,37.612476],[127.007997,37.612543],[127.007958,37.612613],[127.007921,37.612684],[127.007889,37.612757],[127.007877,37.612794],[127.007868,37.612831],[127.007866,37.612847],[127.007864,37.612864],[127.007865,37.612897],[127.007869,37.612929],[127.007875,37.612962],[127.007883,37.612994],[127.007893,37.613026],[127.0079,37.613041],[127.007907,37.613056],[127.007916,37.613071],[127.007926,37.613085],[127.007935,37.613095],[127.007946,37.613106],[127.007976,37.613133],[127.008059,37.613201],[127.008285,37.613369],[127.008512,37.613538],[127.008597,37.613607],[127.008628,37.613635],[127.00864,37.613647],[127.008649,37.613657],[127.008665,37.613679],[127.008679,37.613703],[127.008692,37.613727],[127.008702,37.613751],[127.008737,37.613852],[127.008761,37.613941],[127.008776,37.614032],[127.008802,37.614227],[127.008826,37.614446],[127.008848,37.614682],[127.008868,37.614927],[127.008885,37.615173],[127.008899,37.615414],[127.008908,37.61564],[127.008912,37.615845],[127.008911,37.615981],[127.008906,37.616117],[127.008896,37.616253],[127.008881,37.616389],[127.008866,37.616476],[127.008844,37.616561],[127.008812,37.61665],[127.008775,37.616739],[127.008693,37.616913],[127.008612,37.617088],[127.008577,37.617177],[127.008548,37.617267],[127.008523,37.617371],[127.008506,37.617476],[127.008495,37.617582],[127.008489,37.617688],[127.008489,37.617769],[127.008492,37.617849],[127.0085,37.61793],[127.008511,37.61801],[127.008527,37.618115],[127.008547,37.618219],[127.008573,37.618323],[127.00859,37.618374],[127.00861,37.618424],[127.008641,37.618489],[127.008678,37.618552],[127.00872,37.618612],[127.00877,37.618669],[127.008797,37.618695],[127.008825,37.618719],[127.008886,37.618764],[127.008951,37.618806],[127.009018,37.618847],[127.00913,37.618911],[127.009246,37.618971],[127.009483,37.619084],[127.009766,37.619214],[127.010075,37.619351],[127.01071,37.619626],[127.011009,37.619751],[127.011276,37.61986],[127.011498,37.619947],[127.01166,37.620006],[127.011736,37.620029],[127.011813,37.62005],[127.011969,37.620084],[127.012142,37.620118],[127.012316,37.620148],[127.012491,37.620172],[127.01258,37.620181],[127.012668,37.620187],[127.012736,37.620189],[127.012827,37.620189],[127.013071,37.620184],[127.013736,37.620158],[127.014506,37.620124],[127.015223,37.620094],[127.017594,37.619951],[127.018023,37.619918],[127.018453,37.619887],[127.018882,37.619853],[127.019096,37.619833],[127.01931,37.61981],[127.019438,37.619793],[127.019572,37.619773],[127.019842,37.619727],[127.020094,37.619687],[127.020205,37.619674],[127.020301,37.619667],[127.020336,37.619667],[127.020371,37.619668],[127.020406,37.619672],[127.020423,37.619675],[127.02044,37.619679],[127.02048,37.61969],[127.020518,37.619704],[127.020554,37.619721],[127.020588,37.619741],[127.020621,37.619764],[127.020637,37.619777],[127.020652,37.61979],[127.020666,37.619804],[127.020679,37.619818],[127.02069,37.619833],[127.0207,37.619849],[127.020706,37.619861],[127.02071,37.619873],[127.020713,37.619886],[127.020716,37.619898],[127.02072,37.61995],[127.020722,37.620057],[127.020716,37.620164],[127.020705,37.620271],[127.02069,37.620378],[127.020656,37.620578],[127.020615,37.620778],[127.020567,37.620976],[127.020514,37.621174],[127.020476,37.621316],[127.020436,37.621457],[127.020388,37.621597],[127.020361,37.621666],[127.02033,37.621734],[127.020284,37.621818],[127.020231,37.6219],[127.020115,37.622059],[127.020025,37.622175],[127.019931,37.622289],[127.019736,37.622513],[127.019624,37.622636],[127.019506,37.62276],[127.019263,37.623008],[127.019032,37.623248],[127.018929,37.623363],[127.018838,37.623472],[127.018762,37.623571],[127.018691,37.623671],[127.018626,37.623775],[127.01857,37.623881],[127.018534,37.623966],[127.018505,37.624053],[127.018482,37.624141],[127.018463,37.624229],[127.018438,37.62439],[127.018412,37.624622],[127.018356,37.625235],[127.018299,37.625935],[127.018242,37.626592],[127.018182,37.627625],[127.017651,37.633035],[127.017541,37.634062],[127.017304,37.635632],[127.017162,37.637063],[127.017095,37.638066],[127.017027,37.639134],[127.016961,37.640073],[127.016931,37.640433],[127.016903,37.640689],[127.016872,37.640879],[127.016833,37.641069],[127.01675,37.641447],[127.016279,37.643199],[127.016153,37.643621],[127.01603,37.644044],[127.015902,37.644465],[127.015835,37.644675],[127.015765,37.644885],[127.015713,37.645028],[127.015659,37.645171],[127.015547,37.645455],[127.015151,37.64637],[127.01422,37.648231],[127.013412,37.650005],[127.013091,37.650651],[127.012933,37.650975],[127.012782,37.651301],[127.012719,37.651445],[127.01269,37.651517],[127.012664,37.65159],[127.012625,37.651715],[127.012591,37.651841],[127.012562,37.651968],[127.01254,37.652095],[127.012528,37.652196],[127.01252,37.652297],[127.012517,37.652398],[127.012519,37.652499],[127.012525,37.652584],[127.012535,37.652669],[127.012562,37.652839],[127.012617,37.653127],[127.01269,37.65347],[127.012872,37.65427],[127.013076,37.655137],[127.013269,37.65597],[127.013437,37.656819],[127.013618,37.657717],[127.013773,37.658516],[127.013829,37.658832],[127.013865,37.659069],[127.013874,37.659162],[127.013876,37.659256],[127.013872,37.659339],[127.01386,37.659422],[127.013813,37.659626],[127.013729,37.659944],[127.01362,37.660339],[127.013497,37.660771],[127.013371,37.661201],[127.013254,37.66159],[127.013156,37.6619],[127.01309,37.662091],[127.013034,37.66222],[127.012964,37.662367],[127.012793,37.662697],[127.012604,37.66305],[127.012424,37.663391]]}},{"type":"Feature","properties":{"r":"KR","g":"kr","col":"#e5468f","n":"수도권 전철 8호선","ct":"首尔","jk":"subway"},"geometry":{"type":"LineString","coordinates":[[127.130328,37.433994],[127.131599,37.434197],[127.132907,37.434399],[127.134142,37.434603],[127.134697,37.434708],[127.135192,37.434815],[127.135557,37.434907],[127.135917,37.435011],[127.136272,37.435126],[127.136621,37.435251],[127.136898,37.435361],[127.13717,37.43548],[127.137701,37.435736],[127.13851,37.436163],[127.139562,37.436746],[127.14203,37.438149],[127.144368,37.43948],[127.14526,37.439974],[127.145596,37.440152],[127.145843,37.440275],[127.146149,37.440412],[127.146461,37.440542],[127.147094,37.440786],[127.14838,37.441244],[127.148749,37.441371],[127.149121,37.441491],[127.14987,37.441724],[127.150614,37.441964],[127.150982,37.442092],[127.151343,37.442231],[127.151824,37.442431],[127.152329,37.442652],[127.152851,37.44289],[127.153384,37.443142],[127.154457,37.443673],[127.155495,37.444215],[127.155965,37.444479],[127.156192,37.444619],[127.156413,37.444765],[127.156618,37.444908],[127.156667,37.444946],[127.156713,37.444986],[127.156757,37.445027],[127.156797,37.44507],[127.156856,37.445143],[127.156917,37.445229],[127.157048,37.445433],[127.157185,37.445672],[127.157327,37.445936],[127.15761,37.446496],[127.157874,37.447033],[127.158266,37.447847],[127.158697,37.448771],[127.15914,37.449749],[127.159572,37.450721],[127.159965,37.45163],[127.160295,37.452417],[127.160536,37.453023],[127.160616,37.453241],[127.160663,37.453392],[127.160679,37.453462],[127.16069,37.453532],[127.160695,37.453603],[127.160694,37.453638],[127.160691,37.453673],[127.160685,37.453717],[127.160676,37.45376],[127.160652,37.453847],[127.160619,37.453931],[127.160578,37.454013],[127.160529,37.454096],[127.160475,37.454177],[127.160355,37.454334],[127.160221,37.454485],[127.160076,37.454628],[127.159835,37.454835],[127.159575,37.455028],[127.159302,37.45521],[127.159023,37.455385],[127.158764,37.455542],[127.1585,37.455694],[127.158225,37.455833],[127.158083,37.455896],[127.157937,37.455952],[127.157721,37.456024],[127.157501,37.456086],[127.157051,37.45619],[127.156593,37.456272],[127.156132,37.456344],[127.155525,37.456417],[127.154702,37.456491],[127.152727,37.456641],[127.150846,37.456782],[127.150141,37.456847],[127.149883,37.456877],[127.149781,37.456891],[127.1497,37.456905],[127.149568,37.456935],[127.149438,37.456973],[127.149187,37.457063],[127.148944,37.457163],[127.148706,37.457272],[127.148474,37.457389],[127.14825,37.457514],[127.148115,37.457598],[127.147984,37.457686],[127.147731,37.457871],[127.147481,37.458059],[127.147223,37.458239],[127.146766,37.458528],[127.146303,37.458812],[127.145363,37.459364],[127.144415,37.459909],[127.143471,37.460458],[127.141801,37.461407],[127.140963,37.461878],[127.140115,37.462338],[127.139266,37.462778],[127.138835,37.462989],[127.138397,37.463192],[127.137621,37.463526],[127.13673,37.463888],[127.134713,37.464677],[127.132564,37.465513],[127.131507,37.465934],[127.130498,37.466351],[127.12991,37.466615],[127.129329,37.46689],[127.128744,37.467158],[127.128446,37.467284],[127.128142,37.4674],[127.128005,37.467444],[127.127865,37.467481],[127.127578,37.467544],[127.127436,37.467577],[127.127296,37.467615],[127.127228,37.467636],[127.127161,37.46766],[127.127096,37.467686],[127.127033,37.467716],[127.127001,37.467733],[127.12697,37.467751],[127.12694,37.467771],[127.126911,37.467792],[127.126884,37.467815],[127.126859,37.467838],[127.126835,37.467863],[127.126814,37.467888],[127.126791,37.46792],[127.12677,37.467954],[127.126752,37.467989],[127.126737,37.468024],[127.126712,37.468097],[127.126693,37.468171],[127.126677,37.468253],[127.126667,37.468336],[127.12666,37.468503],[127.126666,37.468837],[127.126693,37.469669],[127.126751,37.470649],[127.126913,37.472794],[127.127063,37.474751],[127.127106,37.475497],[127.127115,37.475783],[127.127113,37.476],[127.127096,37.4763],[127.127065,37.476601],[127.127014,37.476898],[127.126936,37.477192],[127.126924,37.477227],[127.126904,37.477274],[127.126847,37.477408],[127.126658,37.477816],[127.126033,37.479107],[127.125164,37.480865],[127.124151,37.482887],[127.123096,37.484972],[127.122102,37.486916],[127.12127,37.48852],[127.120701,37.489579],[127.120405,37.490098],[127.120098,37.490612],[127.119776,37.491121],[127.119437,37.491623],[127.119143,37.492028],[127.118835,37.492426],[127.118516,37.492819],[127.11819,37.493208],[127.117321,37.494201],[127.116027,37.49564],[127.112552,37.499448],[127.108553,37.503806],[127.104816,37.507889],[127.10453,37.508193],[127.104385,37.508344],[127.10423,37.508488],[127.104111,37.508586],[127.103986,37.50868],[127.103728,37.508861],[127.103469,37.509041],[127.103344,37.509134],[127.103223,37.509231],[127.103007,37.509418],[127.102798,37.509611],[127.102599,37.509809],[127.10241,37.510014],[127.102196,37.510261],[127.101991,37.510515],[127.101807,37.510776],[127.101726,37.510911],[127.101654,37.511049],[127.101622,37.511123],[127.101594,37.511198],[127.101552,37.51135],[127.101497,37.511661],[127.101468,37.511899],[127.10145,37.512138],[127.101448,37.512377],[127.101465,37.512616],[127.101482,37.512727],[127.101509,37.512836],[127.10158,37.513052],[127.101645,37.513219],[127.101665,37.51326],[127.101687,37.5133],[127.101712,37.513338],[127.101741,37.513375],[127.101783,37.51342],[127.101829,37.513463],[127.101879,37.513503],[127.101931,37.513541],[127.102042,37.513613],[127.102157,37.513679],[127.102285,37.513746],[127.102439,37.51382],[127.102816,37.513989],[127.103267,37.514177],[127.103769,37.514379],[127.104845,37.514794],[127.105871,37.515177],[127.106792,37.515504],[127.107829,37.515855],[127.109983,37.516556],[127.111785,37.517142],[127.112383,37.517347],[127.112576,37.517421],[127.112643,37.517449],[127.112668,37.517461],[127.112688,37.517472],[127.112755,37.517513],[127.112821,37.517557],[127.112949,37.517653],[127.113073,37.517759],[127.113193,37.517871],[127.113423,37.518108],[127.113644,37.518345],[127.113796,37.518512],[127.113941,37.518683],[127.114077,37.518858],[127.1142,37.519039],[127.114366,37.519325],[127.114524,37.519639],[127.11483,37.520324],[127.115146,37.521037],[127.115316,37.521387],[127.115499,37.521722],[127.115751,37.52213],[127.116028,37.522544],[127.11663,37.523385],[127.117249,37.524239],[127.117548,37.524668],[127.117831,37.525098],[127.118123,37.525571],[127.118404,37.526049],[127.118675,37.52653],[127.118936,37.527015],[127.119353,37.527817],[127.119755,37.528624],[127.120137,37.529437],[127.120493,37.530257],[127.120794,37.53103],[127.121175,37.532076],[127.122103,37.534738],[127.12313,37.537736],[127.124107,37.540566],[127.125393,37.54403],[127.126732,37.547609],[127.127966,37.550958],[127.128496,37.552439],[127.128941,37.553734],[127.129034,37.554039],[127.129119,37.554346],[127.129207,37.554653],[127.129309,37.554956],[127.129416,37.555249],[127.129528,37.555548],[127.129591,37.555691],[127.129659,37.555828],[127.129735,37.555955],[127.129776,37.556014],[127.129819,37.55607],[127.129914,37.556176],[127.13002,37.55628],[127.130134,37.556381],[127.130258,37.556477],[127.130388,37.556569],[127.130524,37.556654],[127.130665,37.556733],[127.130809,37.556804],[127.130928,37.556855],[127.131052,37.556899],[127.131179,37.556938],[127.131309,37.556971],[127.131441,37.556999],[127.131574,37.557022],[127.131843,37.557057],[127.131989,37.557068],[127.132135,37.557071],[127.132428,37.557062],[127.133013,37.557014],[127.133286,37.556986],[127.133558,37.556948],[127.134099,37.55686],[127.13464,37.556779],[127.134913,37.55675],[127.135187,37.556735],[127.135541,37.556736],[127.135895,37.556755],[127.136247,37.55679],[127.136597,37.556837],[127.136854,37.556881],[127.137107,37.556935],[127.137358,37.556997],[127.137606,37.557066],[127.13821,37.557249],[127.138831,37.557455],[127.139124,37.557561],[127.139392,37.557665],[127.139625,37.557767],[127.139726,37.557815],[127.139814,37.557862],[127.139896,37.557911],[127.139977,37.557962],[127.140054,37.558017],[127.140128,37.558074],[127.140198,37.558134],[127.140264,37.558197],[127.140325,37.558263],[127.140381,37.558331],[127.140455,37.558435],[127.140521,37.558543],[127.140578,37.558653],[127.140629,37.558767],[127.140712,37.558998],[127.140777,37.559233],[127.140796,37.559322],[127.14081,37.559412],[127.140824,37.559593],[127.140822,37.559957],[127.140799,37.560289],[127.140756,37.56062],[127.140659,37.561281],[127.139871,37.566223],[127.139516,37.569058],[127.139153,37.572027],[127.138805,37.574727],[127.138645,37.575851],[127.138498,37.576757],[127.138443,37.577015],[127.138378,37.577271],[127.138315,37.577528],[127.138263,37.577786],[127.138194,37.578269],[127.138141,37.578754],[127.138101,37.57924],[127.138071,37.579726],[127.138029,37.580862],[127.137992,37.582481],[127.137963,37.584401],[127.137942,37.586439],[127.137931,37.58841],[127.137932,37.590132],[127.137945,37.59142],[127.137957,37.591845],[127.137973,37.592092],[127.137997,37.592265],[127.138031,37.592438],[127.138078,37.592608],[127.13814,37.592775],[127.138198,37.5929],[127.138264,37.593023],[127.138412,37.593262],[127.138576,37.593496],[127.138746,37.593727],[127.13891,37.593943],[127.139082,37.594154],[127.139264,37.594362],[127.139454,37.594563],[127.139632,37.594737],[127.139818,37.594906],[127.140203,37.595234],[127.140592,37.59556],[127.14097,37.595894],[127.141822,37.596677],[127.142027,37.596875],[127.142219,37.597072],[127.142395,37.597267],[127.14255,37.597458],[127.142635,37.597579],[127.14271,37.597705],[127.142773,37.597835],[127.142824,37.597968],[127.142853,37.598075],[127.142873,37.598183],[127.142882,37.598292],[127.142881,37.598401],[127.142865,37.598549],[127.142835,37.598696],[127.142791,37.598841],[127.142734,37.598983],[127.142685,37.599082],[127.142624,37.599187],[127.142477,37.599411],[127.14211,37.599908],[127.141717,37.600439],[127.141538,37.600707],[127.141385,37.600971],[127.141243,37.601259],[127.141111,37.601557],[127.140987,37.601864],[127.14087,37.602178],[127.140649,37.602814],[127.140432,37.603446],[127.139803,37.605273],[127.139176,37.607171],[127.138886,37.608085],[127.138623,37.608943],[127.138397,37.609718],[127.138217,37.610387],[127.138105,37.610862],[127.138063,37.611101],[127.138034,37.611341],[127.138014,37.611713],[127.138015,37.612085],[127.138034,37.612457],[127.138069,37.612828],[127.13811,37.613175],[127.138162,37.613522],[127.138239,37.613865],[127.13829,37.614034],[127.138352,37.6142],[127.138406,37.614314],[127.138471,37.614424],[127.138546,37.614531],[127.138629,37.614633],[127.138725,37.614736],[127.138831,37.614834],[127.138944,37.614927],[127.139063,37.615014],[127.139305,37.615172],[127.139561,37.615325],[127.139828,37.615474],[127.140103,37.615619],[127.140669,37.615899],[127.141236,37.61617],[127.141887,37.616467],[127.142549,37.616747],[127.14388,37.6173],[127.144904,37.617769],[127.145947,37.618238],[127.146952,37.618707],[127.147422,37.618941],[127.147861,37.619174],[127.148121,37.619327],[127.148245,37.61941],[127.148363,37.619498],[127.148561,37.619658],[127.148751,37.619824],[127.148841,37.619911],[127.148925,37.620001],[127.149003,37.620094],[127.149073,37.62019],[127.149139,37.620296],[127.149197,37.620406],[127.149247,37.620518],[127.149291,37.620632],[127.149364,37.620863],[127.149424,37.621097],[127.149482,37.621385],[127.149525,37.621699],[127.149583,37.62238],[127.149632,37.623091],[127.149662,37.623444],[127.149702,37.623786],[127.149763,37.624189],[127.149835,37.624592],[127.149991,37.625395],[127.15014,37.6262],[127.150203,37.626603],[127.150253,37.627007],[127.150284,37.627295],[127.150309,37.627583],[127.150317,37.627872],[127.150311,37.628016],[127.150296,37.628159],[127.150262,37.628341],[127.150212,37.62852],[127.150148,37.628697],[127.15007,37.62887],[127.150003,37.628996],[127.149926,37.629119],[127.149839,37.629238],[127.149742,37.629351],[127.149643,37.629452],[127.14951,37.629577],[127.149156,37.629892],[127.14871,37.630271],[127.148198,37.630693],[127.147649,37.631134],[127.14709,37.631572],[127.14655,37.631984],[127.146057,37.632348],[127.14582,37.632513],[127.145576,37.632673],[127.145072,37.632975],[127.144631,37.633209],[127.144176,37.633426],[127.1434,37.633774],[127.142616,37.634111],[127.141033,37.634763],[127.139442,37.635402],[127.137855,37.636048],[127.136708,37.63649],[127.135548,37.636929],[127.134414,37.637375],[127.133868,37.637603],[127.133343,37.637837],[127.133115,37.637947],[127.132892,37.638063],[127.132458,37.638308],[127.132081,37.638533],[127.131709,37.638764],[127.131347,37.639003],[127.130997,37.639254],[127.130587,37.639577],[127.13011,37.639978],[127.129014,37.640939],[127.127835,37.641995],[127.126698,37.643004]]}},{"type":"Feature","properties":{"r":"KR","g":"kr","col":"#ed6c00","n":"수도권 전철 3호선","ct":"首尔","jk":"subway"},"geometry":{"type":"LineString","coordinates":[[126.747458,37.676148],[126.75198,37.674182],[126.756894,37.672054],[126.761025,37.670251],[126.762431,37.669624],[126.762905,37.669406],[126.763201,37.669261],[126.763898,37.668883],[126.76458,37.668482],[126.764911,37.668274],[126.765233,37.668063],[126.765545,37.667848],[126.765844,37.667631],[126.766063,37.667461],[126.766275,37.667285],[126.766683,37.666921],[126.767076,37.666546],[126.767464,37.666169],[126.768137,37.665512],[126.768867,37.664787],[126.770343,37.663287],[126.771016,37.662588],[126.771594,37.661974],[126.772042,37.661482],[126.772322,37.661151],[126.772381,37.661068],[126.772464,37.66094],[126.7727,37.66056],[126.773397,37.659389],[126.775338,37.65606],[126.777316,37.652668],[126.77806,37.65142],[126.778325,37.650989],[126.778502,37.65072],[126.778746,37.650384],[126.779004,37.650054],[126.77928,37.649733],[126.779579,37.649427],[126.779732,37.649291],[126.779967,37.649099],[126.780643,37.648566],[126.782597,37.647077],[126.784906,37.645336],[126.787037,37.643721],[126.790477,37.641131],[126.794215,37.638307],[126.797357,37.63595],[126.798425,37.635166],[126.798784,37.63491],[126.799009,37.63476],[126.799239,37.634624],[126.799474,37.634494],[126.799958,37.63425],[126.800453,37.634018],[126.800953,37.633794],[126.801512,37.633559],[126.802082,37.633343],[126.802813,37.633084],[126.803183,37.632963],[126.803558,37.632852],[126.804009,37.632732],[126.804465,37.632622],[126.804924,37.632522],[126.805387,37.632433],[126.806238,37.63229],[126.807395,37.632114],[126.808752,37.631918],[126.810206,37.631716],[126.811652,37.631523],[126.812986,37.631353],[126.814103,37.63122],[126.814898,37.631138],[126.815223,37.631111],[126.815548,37.631091],[126.815874,37.631082],[126.816199,37.631092],[126.816616,37.631128],[126.81703,37.631185],[126.817438,37.631262],[126.817838,37.63136],[126.818152,37.631456],[126.818459,37.631569],[126.818755,37.631697],[126.819039,37.631841],[126.819224,37.631947],[126.819403,37.63206],[126.819746,37.632301],[126.820074,37.632555],[126.820397,37.632814],[126.820702,37.633075],[126.820993,37.633346],[126.821284,37.633618],[126.821588,37.633879],[126.822036,37.634228],[126.822271,37.634394],[126.822516,37.634549],[126.822696,37.63465],[126.822883,37.634744],[126.823075,37.63483],[126.823272,37.634908],[126.82373,37.635069],[126.824197,37.635212],[126.824674,37.635333],[126.824916,37.635384],[126.82516,37.635427],[126.82528,37.635442],[126.8254,37.635451],[126.825522,37.635454],[126.825643,37.635452],[126.82575,37.635446],[126.825897,37.635433],[126.826297,37.635392],[126.82745,37.635254],[126.830575,37.634849],[126.833655,37.63445],[126.834752,37.634318],[126.835116,37.634281],[126.835242,37.634272],[126.83529,37.634269],[126.835328,37.634268],[126.835687,37.634274],[126.836051,37.634299],[126.836228,37.63432],[126.836399,37.634347],[126.83656,37.634382],[126.836637,37.634402],[126.83671,37.634424],[126.836755,37.63444],[126.8368,37.634457],[126.836886,37.634496],[126.836969,37.634539],[126.837049,37.634587],[126.837202,37.63469],[126.837348,37.634798],[126.837476,37.634902],[126.837595,37.635012],[126.837706,37.635128],[126.837809,37.635248],[126.837949,37.635437],[126.838074,37.635633],[126.838188,37.635833],[126.838295,37.636036],[126.838504,37.636456],[126.838714,37.636903],[126.838922,37.63737],[126.839127,37.637851],[126.839325,37.638342],[126.839514,37.638834],[126.839692,37.639323],[126.839856,37.639803],[126.840024,37.640343],[126.840173,37.640886],[126.840299,37.641433],[126.840398,37.641983],[126.840429,37.64223],[126.840459,37.642552],[126.840515,37.643379],[126.840618,37.645466],[126.840722,37.647563],[126.840778,37.648402],[126.840808,37.648733],[126.84084,37.648989],[126.840884,37.649266],[126.840936,37.649543],[126.841007,37.649817],[126.841051,37.649952],[126.841103,37.650085],[126.841132,37.650147],[126.841173,37.650228],[126.84129,37.650442],[126.841639,37.651042],[126.842101,37.651804],[126.842625,37.652649],[126.843162,37.653496],[126.843659,37.654266],[126.844069,37.654876],[126.844224,37.655098],[126.844339,37.655249],[126.844436,37.655361],[126.84454,37.655468],[126.844652,37.655571],[126.84477,37.655668],[126.844929,37.655788],[126.845095,37.655903],[126.845181,37.655957],[126.84527,37.656008],[126.845362,37.656055],[126.845457,37.656097],[126.845613,37.656158],[126.845774,37.656212],[126.845938,37.65626],[126.846105,37.656302],[126.846445,37.65637],[126.846789,37.656418],[126.846882,37.656426],[126.846976,37.656432],[126.847164,37.656433],[126.847353,37.656424],[126.84754,37.656408],[126.847896,37.656365],[126.848271,37.656307],[126.848662,37.656237],[126.849064,37.656158],[126.849879,37.655985],[126.850679,37.655811],[126.851593,37.65561],[126.852502,37.655397],[126.854315,37.654954],[126.856128,37.654512],[126.857038,37.6543],[126.857952,37.654099],[126.858434,37.654002],[126.858918,37.653911],[126.859891,37.65374],[126.860862,37.653567],[126.861345,37.653473],[126.861825,37.65337],[126.862713,37.653156],[126.863593,37.652924],[126.864471,37.652683],[126.86535,37.652447],[126.868957,37.651595],[126.872898,37.650658],[126.87617,37.649892],[126.877241,37.649654],[126.87758,37.649585],[126.877694,37.649565],[126.877736,37.649559],[126.877768,37.649555],[126.877883,37.649548],[126.877998,37.649545],[126.878114,37.649547],[126.878229,37.649552],[126.878459,37.649573],[126.878687,37.649605],[126.87877,37.64962],[126.878875,37.649643],[126.879147,37.649708],[126.879911,37.649911],[126.882071,37.650518],[126.884612,37.651229],[126.885852,37.651564],[126.886978,37.651851],[126.88908,37.652348],[126.891388,37.652868],[126.892434,37.653095],[126.893308,37.653277],[126.893936,37.653396],[126.894135,37.653428],[126.894201,37.653435],[126.894226,37.653437],[126.894236,37.653437],[126.894244,37.653437],[126.894277,37.653435],[126.894316,37.65343],[126.894409,37.653414],[126.894647,37.653357],[126.894941,37.653274],[126.895274,37.653173],[126.895989,37.652943],[126.896654,37.652725],[126.897262,37.652522],[126.897865,37.65231],[126.899063,37.651872],[126.900262,37.651435],[126.900866,37.651225],[126.901475,37.651024],[126.903243,37.650474],[126.905024,37.64995],[126.906816,37.649451],[126.90862,37.648979],[126.909144,37.648849],[126.90967,37.648727],[126.9102,37.648614],[126.910733,37.648512],[126.911466,37.648392],[126.912216,37.648288],[126.913749,37.648102],[126.915297,37.647915],[126.916066,37.647807],[126.916826,37.647684],[126.917098,37.647637],[126.917231,37.647608],[126.917296,37.647589],[126.91736,37.647568],[126.917578,37.647481],[126.917787,37.64738],[126.917887,37.647324],[126.917984,37.647265],[126.918076,37.647202],[126.918163,37.647135],[126.918245,37.647064],[126.918323,37.64699],[126.918396,37.646913],[126.918464,37.646833],[126.918528,37.64675],[126.918586,37.646665],[126.918639,37.646578],[126.918686,37.64649],[126.918716,37.646424],[126.918741,37.646357],[126.918762,37.646289],[126.918779,37.646219],[126.918802,37.646079],[126.918814,37.645939],[126.918815,37.645825],[126.918808,37.645694],[126.918774,37.645387],[126.918654,37.644643],[126.918516,37.643821],[126.91846,37.643417],[126.918423,37.643036],[126.91841,37.642766],[126.918407,37.642495],[126.918419,37.641954],[126.918477,37.640639],[126.918576,37.638877],[126.918703,37.636846],[126.918846,37.634718],[126.918994,37.632668],[126.919133,37.630872],[126.919252,37.629504],[126.9193,37.629035],[126.919338,37.628739],[126.91941,37.628378],[126.919506,37.628],[126.919731,37.627236],[126.919939,37.626534],[126.920012,37.626231],[126.920037,37.626096],[126.920052,37.625975],[126.920057,37.62584],[126.920053,37.625666],[126.920024,37.625226],[126.919911,37.62412],[126.919798,37.622995],[126.919766,37.62253],[126.919761,37.622341],[126.919765,37.622188],[126.919808,37.621744],[126.919882,37.621296],[126.919931,37.621077],[126.919987,37.620863],[126.920052,37.620658],[126.920126,37.620464],[126.920163,37.620383],[126.920205,37.620304],[126.920302,37.62015],[126.920518,37.61985],[126.920846,37.619416],[126.92119,37.61899],[126.921548,37.61857],[126.921915,37.618156],[126.922412,37.617627],[126.922672,37.617369],[126.922939,37.617116],[126.923237,37.616849],[126.923543,37.616588],[126.923856,37.616333],[126.924176,37.616083],[126.924448,37.615884],[126.924733,37.615688],[126.925317,37.615303],[126.925878,37.614924],[126.926133,37.614734],[126.926362,37.614544],[126.92643,37.614479],[126.926527,37.614381],[126.926799,37.614093],[126.927605,37.61321],[126.928665,37.612026],[126.929864,37.61067],[126.931086,37.609275],[126.932217,37.607971],[126.933141,37.606888],[126.933744,37.606157],[126.933995,37.605845],[126.934245,37.605526],[126.934362,37.605366],[126.934468,37.605206],[126.934562,37.605046],[126.93464,37.604886],[126.934657,37.604842],[126.934674,37.604788],[126.934709,37.604656],[126.934779,37.60431],[126.934923,37.60341],[126.935074,37.602475],[126.935152,37.602085],[126.935192,37.601925],[126.935233,37.601795],[126.935325,37.60156],[126.935435,37.601312],[126.935561,37.601057],[126.9357,37.600796],[126.936004,37.600272],[126.936328,37.599766],[126.93658,37.599412],[126.936901,37.598996],[126.937681,37.598039],[126.938545,37.597007],[126.939367,37.596012],[126.939735,37.595618],[126.940122,37.595214],[126.94047,37.59483],[126.940609,37.594654],[126.940667,37.594572],[126.940715,37.594495],[126.940763,37.594405],[126.940804,37.594312],[126.940839,37.594218],[126.940869,37.594123],[126.940917,37.593929],[126.940958,37.593735],[126.94099,37.593529],[126.941007,37.593321],[126.941018,37.592904],[126.941035,37.592488],[126.941061,37.592282],[126.941081,37.59218],[126.941106,37.592079],[126.941169,37.591891],[126.94125,37.591706],[126.941346,37.591526],[126.941454,37.591351],[126.941581,37.591165],[126.941716,37.590983],[126.942008,37.590627],[126.942321,37.590283],[126.94265,37.589949],[126.942966,37.589654],[126.943324,37.589344],[126.944127,37.588693],[126.944972,37.588016],[126.945383,37.587674],[126.945772,37.587334],[126.946772,37.586414],[126.947787,37.585449],[126.948266,37.584979],[126.94871,37.584532],[126.949105,37.58412],[126.949438,37.583755],[126.949587,37.583571],[126.94972,37.583379],[126.949882,37.583118],[126.950032,37.582853],[126.950308,37.582315],[126.950358,37.582202],[126.950401,37.582088],[126.950481,37.581857],[126.950568,37.581628],[126.950621,37.581517],[126.950684,37.581409],[126.950701,37.581384],[126.95072,37.58136],[126.950762,37.581314],[126.950853,37.581227],[126.951031,37.581067],[126.951216,37.580911],[126.951597,37.580609],[126.95198,37.580308],[126.952349,37.579997],[126.952948,37.579442],[126.95353,37.578875],[126.954097,37.578298],[126.954653,37.577715],[126.954859,37.577489],[126.955059,37.577258],[126.955448,37.576792],[126.95584,37.576328],[126.956045,37.576101],[126.956258,37.575879],[126.956683,37.575465],[126.95719,37.57499],[126.957742,37.574486],[126.958301,37.573988],[126.95883,37.573526],[126.959294,37.573135],[126.959654,37.572845],[126.959784,37.572749],[126.959834,37.572714],[126.959874,37.57269],[126.95994,37.572656],[126.960008,37.572626],[126.960079,37.572598],[126.960153,37.572574],[126.960227,37.572552],[126.960303,37.572534],[126.960456,37.572503],[126.960624,37.572478],[126.960794,37.57246],[126.961138,37.572441],[126.961483,37.572443],[126.961826,37.572459],[126.962108,37.572482],[126.962388,37.572516],[126.962664,37.572567],[126.962799,37.572599],[126.962932,37.572637],[126.96304,37.572675],[126.963161,37.572724],[126.963434,37.572851],[126.964075,37.573184],[126.964781,37.573551],[126.965135,37.573721],[126.965478,37.573867],[126.965672,37.573936],[126.965874,37.573995],[126.966284,37.5741],[126.966488,37.574152],[126.966687,37.57421],[126.966879,37.574276],[126.96697,37.574314],[126.967059,37.574355],[126.967147,37.574402],[126.967238,37.574456],[126.967426,37.574583],[126.967822,37.574888],[126.968237,37.575217],[126.968448,37.575375],[126.968659,37.575519],[126.969031,37.575753],[126.969225,37.57586],[126.969326,37.575909],[126.969431,37.575952],[126.969511,37.575979],[126.969593,37.576002],[126.969678,37.576019],[126.969764,37.57603],[126.970007,37.576047],[126.970269,37.576053],[126.970544,37.576049],[126.970829,37.576039],[126.971412,37.576004],[126.971982,37.575966],[126.972551,37.575923],[126.973131,37.575866],[126.974295,37.575733],[126.975422,37.575609],[126.975956,37.575563],[126.976461,37.575536],[126.976962,37.575528],[126.977483,37.575535],[126.978567,37.575576],[126.979676,37.575627],[126.980228,37.575645],[126.980773,37.575653],[126.98104,37.575649],[126.98131,37.575637],[126.981851,37.575606],[126.982383,37.575586],[126.982643,37.575589],[126.982896,37.575606],[126.983015,37.57562],[126.983132,37.575638],[126.983365,37.575686],[126.983594,37.575745],[126.983819,37.575812],[126.984002,37.575874],[126.984212,37.575954],[126.984695,37.576152],[126.985786,37.576632],[126.986805,37.577082],[126.987197,37.577242],[126.987348,37.577297],[126.98741,37.577317],[126.987463,37.577331],[126.987619,37.577365],[126.987778,37.577394],[126.987938,37.577417],[126.9881,37.577434],[126.988262,37.577444],[126.988425,37.577448],[126.988588,37.577445],[126.988749,37.577436],[126.98887,37.577423],[126.98899,37.577405],[126.98911,37.577382],[126.989228,37.577354],[126.989344,37.577322],[126.989458,37.577286],[126.98968,37.577203],[126.989746,37.577174],[126.989778,37.577157],[126.989809,37.57714],[126.989838,37.577121],[126.989867,37.577101],[126.989893,37.57708],[126.989918,37.577058],[126.99,37.57697],[126.990073,37.576878],[126.990139,37.576782],[126.990199,37.576682],[126.990303,37.576477],[126.990398,37.57627],[126.99047,37.576095],[126.990562,37.575846],[126.990796,37.575164],[126.991072,37.57431],[126.991366,37.573368],[126.991651,37.572422],[126.991902,37.571557],[126.992092,37.570857],[126.992196,37.570407],[126.992215,37.570271],[126.992227,37.570134],[126.992235,37.569859],[126.992237,37.569583],[126.992249,37.569308],[126.992426,37.567397],[126.992648,37.565334],[126.992761,37.56439],[126.992868,37.56358],[126.992962,37.562962],[126.993002,37.562743],[126.993037,37.562594],[126.993093,37.562425],[126.993163,37.56226],[126.993246,37.562098],[126.993342,37.561941],[126.993382,37.561885],[126.993425,37.561831],[126.993518,37.561725],[126.993717,37.561521],[126.993935,37.561299],[126.994049,37.561192],[126.99417,37.561089],[126.994361,37.560938],[126.994558,37.560791],[126.994766,37.560655],[126.994876,37.560593],[126.994989,37.560536],[126.995125,37.560476],[126.995266,37.560423],[126.995556,37.560331],[126.995854,37.560253],[126.996153,37.56018],[126.99675,37.560042],[126.997469,37.55989],[126.998272,37.55973],[126.99912,37.559568],[126.999976,37.559414],[127.0008,37.559272],[127.001555,37.559152],[127.002201,37.559059],[127.002586,37.559012],[127.002972,37.558975],[127.00336,37.558949],[127.003749,37.558935],[127.004003,37.558937],[127.004261,37.558951],[127.004777,37.558993],[127.005283,37.559028],[127.005529,37.559031],[127.005648,37.559028],[127.005766,37.55902],[127.006041,37.558988],[127.006312,37.558939],[127.006446,37.558908],[127.006577,37.558872],[127.006706,37.558831],[127.006832,37.558785],[127.006996,37.558716],[127.007155,37.558639],[127.007308,37.558555],[127.007457,37.558466],[127.007745,37.558276],[127.008022,37.558077],[127.008206,37.557935],[127.00838,37.557785],[127.008545,37.557628],[127.008698,37.557465],[127.008909,37.557209],[127.009129,37.556912],[127.009587,37.556238],[127.010063,37.555518],[127.010306,37.555165],[127.01055,37.55483],[127.011191,37.554005],[127.011913,37.553109],[127.013425,37.551283],[127.014729,37.549712],[127.015193,37.549133],[127.015358,37.548916],[127.015471,37.548753],[127.015718,37.548334],[127.015936,37.547905],[127.016132,37.547469],[127.016313,37.547029],[127.016405,37.546775],[127.016474,37.546516],[127.016543,37.546111],[127.016596,37.545658],[127.016672,37.544686],[127.016745,37.543756],[127.016792,37.543354],[127.016853,37.54302],[127.016953,37.542649],[127.017076,37.542281],[127.017224,37.541919],[127.017395,37.541565],[127.017444,37.541479],[127.017522,37.541351],[127.017759,37.540983],[127.018507,37.539861],[127.019527,37.538361],[127.020711,37.53664],[127.021947,37.534858],[127.023125,37.533175],[127.024137,37.53175],[127.02487,37.530743],[127.025224,37.530276],[127.025411,37.530048],[127.025611,37.529827],[127.02591,37.529533],[127.026243,37.529233],[127.026947,37.52864],[127.027592,37.528099],[127.02785,37.527864],[127.027957,37.527758],[127.028045,37.527661],[127.02816,37.527517],[127.028263,37.527367],[127.028352,37.527211],[127.02839,37.527132],[127.028424,37.527051],[127.028445,37.526993],[127.028461,37.526935],[127.028486,37.526816],[127.028501,37.526695],[127.02851,37.526575],[127.028513,37.526374],[127.028506,37.526077],[127.028468,37.525254],[127.028404,37.524221],[127.028324,37.523093],[127.028236,37.521985],[127.028149,37.52101],[127.02807,37.520284],[127.028037,37.52005],[127.028023,37.519971],[127.028016,37.519943],[127.02801,37.519921],[127.027994,37.519879],[127.027976,37.519837],[127.027955,37.519795],[127.027932,37.519755],[127.027905,37.519716],[127.027876,37.519678],[127.027845,37.519641],[127.02781,37.519607],[127.027799,37.519597],[127.027787,37.519587],[127.027761,37.519569],[127.027734,37.519553],[127.027705,37.519537],[127.027587,37.51948],[127.027017,37.519213],[127.026434,37.518964],[127.025846,37.518722],[127.025261,37.518476],[127.023859,37.517891],[127.02246,37.517301],[127.021054,37.516722],[127.020345,37.516442],[127.019631,37.516171],[127.019189,37.516013],[127.018742,37.515863],[127.017842,37.515577],[127.016942,37.51529],[127.016496,37.515139],[127.016055,37.514979],[127.015355,37.514705],[127.014663,37.514417],[127.013979,37.514119],[127.013299,37.513814],[127.011217,37.512851],[127.00906,37.511821],[127.00804,37.511322],[127.007105,37.510856],[127.006289,37.510439],[127.005628,37.510087],[127.005329,37.50992],[127.005185,37.509831],[127.005117,37.509783],[127.005051,37.509733],[127.004865,37.509573],[127.004692,37.509403],[127.004533,37.509225],[127.004389,37.509039],[127.004307,37.508919],[127.004234,37.508795],[127.004172,37.508668],[127.004146,37.508603],[127.004124,37.508537],[127.004078,37.508365],[127.004044,37.508192],[127.004002,37.507841],[127.003989,37.507488],[127.003993,37.507135],[127.003998,37.507024],[127.004009,37.506914],[127.004028,37.506804],[127.004056,37.506696],[127.00411,37.506545],[127.004199,37.506328],[127.00446,37.505737],[127.004802,37.504999],[127.005188,37.504191],[127.005581,37.50339],[127.005943,37.502672],[127.006239,37.502115],[127.006349,37.501921],[127.006393,37.501849],[127.006429,37.501795],[127.006488,37.501717],[127.006551,37.501641],[127.006688,37.501494],[127.006837,37.501355],[127.006995,37.501222],[127.007217,37.501052],[127.007452,37.500892],[127.007697,37.500743],[127.007953,37.500607],[127.008103,37.500537],[127.008284,37.500462],[127.008718,37.500297],[127.009747,37.499937],[127.010746,37.499589],[127.011142,37.499438],[127.011298,37.499372],[127.011364,37.499342],[127.01142,37.499313],[127.011508,37.499264],[127.011593,37.499211],[127.011756,37.499099],[127.011909,37.498977],[127.012053,37.49885],[127.012189,37.498716],[127.012315,37.498576],[127.012431,37.49843],[127.012536,37.49828],[127.012599,37.498177],[127.012655,37.49807],[127.012704,37.497962],[127.012746,37.497852],[127.012845,37.497534],[127.012939,37.497172],[127.013114,37.496354],[127.013282,37.49548],[127.013453,37.494634],[127.013805,37.492648],[127.014177,37.490504],[127.01451,37.488675],[127.014644,37.488025],[127.014699,37.487793],[127.014746,37.487631],[127.01479,37.487513],[127.014839,37.487397],[127.014953,37.487169],[127.015206,37.486719],[127.015688,37.485877],[127.016189,37.485042],[127.016449,37.484628],[127.016717,37.484218],[127.016993,37.483812],[127.01728,37.483411],[127.017475,37.483147],[127.017528,37.483083],[127.017583,37.483021],[127.017643,37.482962],[127.017708,37.482906],[127.01774,37.482882],[127.017774,37.482859],[127.017809,37.482838],[127.017845,37.482817],[127.017921,37.48278],[127.017999,37.482746],[127.018175,37.482676],[127.018356,37.482614],[127.018541,37.482561],[127.018636,37.482539],[127.018731,37.482521],[127.018814,37.482508],[127.018898,37.482498],[127.019067,37.482486],[127.019237,37.482483],[127.019407,37.482488],[127.019463,37.482492],[127.019552,37.482501],[127.019822,37.482532],[127.020702,37.482643],[127.023592,37.483029],[127.027546,37.483572],[127.032032,37.484198],[127.036518,37.484831],[127.040473,37.485397],[127.043365,37.485821],[127.044246,37.485957],[127.044516,37.486002],[127.044605,37.486018],[127.044662,37.48603],[127.044853,37.486081],[127.045039,37.486142],[127.045404,37.486279],[127.045832,37.486461],[127.046541,37.486778],[127.048641,37.487738],[127.054428,37.490418],[127.060157,37.493071],[127.062184,37.493998],[127.062846,37.494293],[127.063219,37.49445],[127.063745,37.494638],[127.064437,37.494868],[127.065257,37.495128],[127.066166,37.495408],[127.067125,37.495695],[127.068095,37.495977],[127.069037,37.496242],[127.069913,37.49648],[127.07069,37.496684],[127.071474,37.49688],[127.071867,37.49697],[127.072261,37.497053],[127.072654,37.497127],[127.073046,37.497191],[127.073254,37.497218],[127.073463,37.497238],[127.073674,37.49725],[127.073884,37.49725],[127.074286,37.497228],[127.074687,37.497185],[127.075085,37.497125],[127.075479,37.497055],[127.07582,37.496987],[127.076158,37.496908],[127.07649,37.496817],[127.076813,37.496709],[127.0771,37.496597],[127.077379,37.496474],[127.077646,37.496335],[127.077773,37.496259],[127.077896,37.496179],[127.077977,37.49612],[127.078054,37.496057],[127.078197,37.495924],[127.078459,37.49564],[127.078598,37.495472],[127.078661,37.495384],[127.078719,37.495295],[127.078834,37.495096],[127.078941,37.494893],[127.079135,37.494482],[127.079318,37.494067],[127.079506,37.493654],[127.080407,37.491715],[127.081376,37.489649],[127.082209,37.487837],[127.082511,37.487145],[127.082702,37.48666],[127.082752,37.486499],[127.082794,37.486337],[127.082863,37.486009],[127.08293,37.485681],[127.083017,37.485357],[127.083114,37.485088],[127.083171,37.484956],[127.083236,37.484826],[127.083342,37.484635],[127.083457,37.484447],[127.083587,37.484265],[127.083659,37.484178],[127.083736,37.484094],[127.083784,37.484048],[127.083835,37.484003],[127.083944,37.483919],[127.084061,37.483841],[127.084181,37.483768],[127.084285,37.48371],[127.084394,37.483656],[127.084505,37.483607],[127.08462,37.483563],[127.084937,37.483459],[127.085261,37.48337],[127.085591,37.483293],[127.085923,37.483225],[127.08647,37.483128],[127.087023,37.483048],[127.087579,37.482986],[127.088137,37.482947],[127.088554,37.482937],[127.088972,37.482944],[127.08939,37.482964],[127.089807,37.482991],[127.090525,37.483049],[127.091321,37.483123],[127.092149,37.483208],[127.092965,37.4833],[127.093724,37.483393],[127.094381,37.483481],[127.094892,37.48356],[127.095079,37.483594],[127.095152,37.48361],[127.095212,37.483624],[127.095415,37.483684],[127.095514,37.483718],[127.095612,37.483757],[127.095707,37.483798],[127.095798,37.483844],[127.095887,37.483893],[127.095971,37.483946],[127.09604,37.483996],[127.096109,37.484052],[127.096249,37.484183],[127.096534,37.484494],[127.096828,37.48483],[127.096979,37.484992],[127.097133,37.485143],[127.09757,37.485529],[127.0978,37.485714],[127.098039,37.48589],[127.098336,37.486093],[127.098642,37.486288],[127.09896,37.48647],[127.099125,37.486553],[127.099294,37.486631],[127.099337,37.486648],[127.099405,37.486672],[127.099613,37.486741],[127.100292,37.486956],[127.102529,37.487639],[127.109074,37.489606],[127.115649,37.491582],[127.117923,37.492277],[127.118627,37.492499],[127.118848,37.492572],[127.118923,37.492599],[127.118974,37.492618],[127.119371,37.492796],[127.119918,37.493063],[127.120562,37.49339],[127.12125,37.49375],[127.121928,37.494113],[127.122543,37.494452],[127.123041,37.494738],[127.12323,37.494852],[127.123369,37.494943],[127.123668,37.495165],[127.123947,37.495403],[127.12421,37.495653],[127.124458,37.495912],[127.124543,37.496009],[127.124621,37.49611],[127.124761,37.496318],[127.124963,37.496682],[127.125177,37.497118],[127.125632,37.498125],[127.126105,37.499168],[127.126341,37.499649],[127.126573,37.500076],[127.126779,37.500397],[127.127012,37.500707],[127.12733,37.501075],[127.127667,37.501433],[127.128354,37.502142]]}},{"type":"Feature","properties":{"r":"KR","g":"kr","col":"#f0831e","n":"의정부경전철","ct":"首尔","jk":"urban"},"geometry":{"type":"LineString","coordinates":[[127.094907,37.728663],[127.092172,37.730154],[127.091591,37.730481],[127.090966,37.73083],[127.090429,37.731135],[127.090235,37.73125],[127.090164,37.731294],[127.090113,37.731329],[127.090058,37.731372],[127.090007,37.731417],[127.089911,37.731513],[127.089816,37.73162],[127.089772,37.731676],[127.089731,37.731733],[127.089686,37.731802],[127.089645,37.731873],[127.089571,37.732017],[127.089525,37.732117],[127.089469,37.732249],[127.089332,37.732588],[127.088995,37.733453],[127.088647,37.734344],[127.088497,37.734716],[127.088377,37.734993],[127.08831,37.735134],[127.08824,37.735274],[127.088093,37.735552],[127.087942,37.735829],[127.087793,37.736107],[127.087075,37.737708],[127.086515,37.739052],[127.085683,37.741394],[127.084769,37.74396],[127.084019,37.746077],[127.083784,37.746757],[127.083715,37.746965],[127.083694,37.747031],[127.083683,37.747071],[127.083664,37.747168],[127.083651,37.747266],[127.083643,37.747365],[127.083642,37.747463],[127.083644,37.74752],[127.08365,37.747577],[127.083659,37.747634],[127.083673,37.74769],[127.083708,37.747787],[127.083761,37.747908],[127.083904,37.748202],[127.084061,37.748528],[127.084133,37.748689],[127.084194,37.748842],[127.084223,37.748922],[127.08425,37.749002],[127.084272,37.749084],[127.084285,37.749166],[127.08429,37.749236],[127.084291,37.749309],[127.084289,37.749382],[127.084284,37.749456],[127.084276,37.749529],[127.084265,37.7496],[127.084251,37.749669],[127.084234,37.749735],[127.084227,37.749755],[127.084216,37.749783],[127.084183,37.749861],[127.084076,37.750091],[127.083927,37.750399],[127.08375,37.750755],[127.083559,37.751133],[127.083368,37.751505],[127.083191,37.751842],[127.083041,37.752117],[127.082948,37.752285],[127.082897,37.752367],[127.082838,37.752445],[127.082789,37.7525],[127.082735,37.752552],[127.082677,37.752602],[127.082616,37.752649],[127.08253,37.752707],[127.08244,37.752761],[127.082346,37.752811],[127.082249,37.752858],[127.082166,37.752893],[127.082035,37.752945],[127.081654,37.75309],[127.081159,37.753273],[127.080603,37.753476],[127.080039,37.753679],[127.079519,37.753863],[127.079097,37.754009],[127.078826,37.754098],[127.078646,37.754148],[127.078555,37.754169],[127.078462,37.754186],[127.078391,37.754196],[127.07832,37.754203],[127.078249,37.754208],[127.078177,37.754208],[127.078097,37.754203],[127.078018,37.754195],[127.07794,37.754182],[127.077862,37.754167],[127.077762,37.754142],[127.077663,37.754112],[127.077468,37.75405],[127.07725,37.753979],[127.077031,37.75391],[127.076815,37.753838],[127.076709,37.753798],[127.076604,37.753756],[127.076529,37.753722],[127.076456,37.753685],[127.076316,37.753606],[127.07625,37.753564],[127.076185,37.753521],[127.076061,37.753429],[127.075858,37.753264],[127.075598,37.753041],[127.074993,37.752508],[127.074412,37.751997],[127.074183,37.751802],[127.074094,37.751728],[127.074024,37.751674],[127.073864,37.751559],[127.073698,37.751448],[127.073613,37.751395],[127.073526,37.751344],[127.073438,37.751295],[127.073347,37.751249],[127.07327,37.751213],[127.073191,37.751179],[127.073029,37.751117],[127.072863,37.751061],[127.072695,37.751009],[127.072479,37.750951],[127.072165,37.750874],[127.071334,37.750681],[127.070382,37.750465],[127.069491,37.750261],[127.067355,37.749745],[127.065026,37.749185],[127.063083,37.748713],[127.062436,37.748552],[127.062226,37.748498],[127.062103,37.748463],[127.061892,37.748392],[127.061686,37.748314],[127.061482,37.748231],[127.061279,37.748146],[127.06098,37.748016],[127.060833,37.747948],[127.060687,37.747878],[127.060468,37.747769],[127.060251,37.747658],[127.060038,37.747542],[127.05983,37.74742],[127.059726,37.747354],[127.059624,37.747287],[127.059424,37.747147],[127.059229,37.747004],[127.059035,37.74686],[127.058681,37.746591],[127.058292,37.746286],[127.057498,37.745653],[127.05683,37.745118],[127.056599,37.744938],[127.056518,37.744878],[127.056488,37.744857],[127.056465,37.744842],[127.056378,37.744792],[127.056287,37.744747],[127.056192,37.744707],[127.056094,37.744673],[127.056012,37.744651],[127.055928,37.744634],[127.055842,37.744623],[127.055756,37.744617],[127.055732,37.744617],[127.055701,37.744618],[127.055618,37.744623],[127.055381,37.744645],[127.054737,37.744712],[127.054073,37.744782],[127.053812,37.744806],[127.053713,37.744812],[127.05364,37.744815],[127.053508,37.744815],[127.053374,37.74481],[127.053308,37.744805],[127.053245,37.744797],[127.053185,37.744788],[127.05313,37.744775],[127.053083,37.74476],[127.053037,37.744743],[127.052993,37.744723],[127.052951,37.744701],[127.052867,37.744653],[127.052785,37.744605],[127.052637,37.744516],[127.052482,37.744415],[127.052171,37.744201],[127.051898,37.744012],[127.05179,37.743943],[127.051746,37.743917],[127.051709,37.743898],[127.051605,37.743856],[127.051497,37.743821],[127.051386,37.743792],[127.051273,37.743769],[127.051156,37.743752],[127.051038,37.743741],[127.0508,37.743728],[127.05053,37.743715],[127.050094,37.743698],[127.048794,37.743654],[127.044961,37.743534],[127.040397,37.743397],[127.036198,37.743269],[127.035928,37.743255],[127.035649,37.743244],[127.035388,37.743228],[127.035273,37.743217],[127.035173,37.743203],[127.035144,37.743197],[127.035116,37.74319],[127.035089,37.743182],[127.035063,37.743171],[127.035003,37.743141],[127.034947,37.743108],[127.03492,37.743089],[127.034895,37.74307],[127.034871,37.74305],[127.034849,37.743028],[127.034827,37.743003],[127.034807,37.742978],[127.034789,37.742951],[127.034773,37.742923],[127.034745,37.742866],[127.034724,37.742808],[127.034713,37.742766],[127.034705,37.742724],[127.034696,37.742638],[127.034694,37.742465],[127.034698,37.742185],[127.034715,37.741737],[127.034741,37.741181],[127.034773,37.740574],[127.034808,37.739976],[127.034842,37.739444],[127.034873,37.739037],[127.034885,37.738898],[127.034896,37.738813],[127.034919,37.738703],[127.034935,37.73865],[127.034957,37.738597],[127.034976,37.738562],[127.034998,37.738528],[127.035022,37.738495],[127.035049,37.738463],[127.035093,37.738416],[127.03514,37.738372],[127.035191,37.738329],[127.035245,37.73829],[127.035298,37.738256],[127.035354,37.738224],[127.035412,37.738197],[127.035443,37.738185],[127.035474,37.738174],[127.035516,37.738162],[127.035559,37.738153],[127.035646,37.738139],[127.035735,37.738131],[127.035824,37.738125],[127.03587,37.738124],[127.035946,37.738125],[127.036186,37.73813],[127.036948,37.738154],[127.039148,37.738233],[127.041365,37.738312],[127.042149,37.738337],[127.042402,37.738343],[127.04254,37.738343],[127.042655,37.738336],[127.042712,37.73833],[127.042768,37.73832],[127.042811,37.73831],[127.042853,37.738298],[127.042894,37.738284],[127.042933,37.738267],[127.04297,37.738248],[127.043006,37.738228],[127.043039,37.738205],[127.04307,37.73818],[127.043105,37.738145],[127.043137,37.738109],[127.043165,37.73807],[127.043188,37.738029],[127.043201,37.738001],[127.043211,37.737973],[127.043227,37.737914],[127.043247,37.737796],[127.043258,37.737707],[127.04327,37.737573],[127.043297,37.737189],[127.04336,37.736092],[127.043428,37.734797],[127.043493,37.733601],[127.043656,37.728648],[127.04366,37.727974],[127.043662,37.727258],[127.043668,37.726626],[127.043676,37.726379],[127.043688,37.7262],[127.043702,37.726094],[127.043714,37.726041],[127.043729,37.725989],[127.043744,37.725951],[127.043761,37.725914],[127.043803,37.725842],[127.043833,37.725798],[127.043867,37.725755],[127.043903,37.725715],[127.043943,37.725676],[127.043993,37.725635],[127.044046,37.725597],[127.044103,37.725563],[127.044162,37.725531],[127.044215,37.725506],[127.04427,37.725484],[127.044327,37.725465],[127.044386,37.725451],[127.044424,37.725444],[127.044468,37.725439],[127.044568,37.72543],[127.044807,37.725419],[127.04507,37.72541],[127.045198,37.725403],[127.04532,37.725395],[127.045682,37.725366],[127.045862,37.725346],[127.045951,37.725332],[127.046039,37.725316],[127.046109,37.7253],[127.046209,37.725273],[127.046485,37.725195],[127.046833,37.725093],[127.04722,37.724975],[127.047612,37.724853],[127.047977,37.724738],[127.048279,37.724638],[127.048487,37.724565],[127.048664,37.724492],[127.048885,37.724392],[127.049395,37.724151],[127.049886,37.723918],[127.050082,37.723829],[127.050162,37.723796],[127.050225,37.723772],[127.05031,37.723744],[127.050398,37.723719],[127.050487,37.723698],[127.050577,37.723682],[127.050671,37.72367],[127.050767,37.723664],[127.050862,37.723662],[127.050957,37.723667],[127.051059,37.72368],[127.051159,37.7237],[127.051257,37.723725],[127.051354,37.723754],[127.051428,37.723779],[127.0515,37.723808],[127.05157,37.72384],[127.051637,37.723876],[127.05172,37.723928],[127.051799,37.723984],[127.051873,37.724044],[127.05194,37.724108],[127.051981,37.724154],[127.052017,37.724202],[127.052049,37.724252],[127.052077,37.724304],[127.0521,37.724357],[127.052132,37.72444],[127.052217,37.724682],[127.052448,37.725387],[127.052716,37.726222],[127.052966,37.726992]]}},{"type":"Feature","properties":{"r":"KR","g":"kr","col":"#f4a462","n":"인천 도시철도 2호선","ct":"仁川","jk":"urban"},"geometry":{"type":"LineString","coordinates":[[126.759745,37.43997],[126.759849,37.440389],[126.759963,37.440835],[126.760058,37.441227],[126.760089,37.441378],[126.760105,37.441486],[126.760111,37.441617],[126.760108,37.441749],[126.760094,37.44188],[126.760083,37.441945],[126.760068,37.44201],[126.760052,37.442066],[126.760033,37.442121],[126.759987,37.44223],[126.759932,37.442336],[126.759872,37.442441],[126.759813,37.442534],[126.759749,37.442627],[126.759681,37.44272],[126.75961,37.442813],[126.759462,37.442997],[126.759313,37.44318],[126.759108,37.44343],[126.758887,37.443689],[126.758434,37.444209],[126.758012,37.444693],[126.757832,37.444908],[126.757683,37.445095],[126.757489,37.445359],[126.757303,37.445628],[126.757125,37.445899],[126.756951,37.446172],[126.756884,37.446283],[126.75682,37.446395],[126.756698,37.446621],[126.756572,37.446845],[126.756504,37.446956],[126.756431,37.447064],[126.756372,37.447143],[126.756309,37.447221],[126.756242,37.447297],[126.756172,37.44737],[126.756098,37.447441],[126.756021,37.447511],[126.75594,37.447577],[126.755855,37.44764],[126.755697,37.447746],[126.755532,37.447847],[126.755448,37.447894],[126.755363,37.447939],[126.755277,37.447981],[126.75519,37.44802],[126.755125,37.448046],[126.755059,37.44807],[126.754923,37.448112],[126.754647,37.448186],[126.754387,37.448251],[126.754125,37.44831],[126.7536,37.448426],[126.75278,37.448593],[126.751951,37.448764],[126.751139,37.448926],[126.750748,37.449],[126.750372,37.449067],[126.750055,37.449121],[126.749722,37.449174],[126.749563,37.449197],[126.749417,37.449216],[126.749288,37.44923],[126.749183,37.449237],[126.749054,37.449237],[126.748926,37.449231],[126.748798,37.449218],[126.748672,37.449198],[126.748501,37.449162],[126.748332,37.449118],[126.748168,37.449065],[126.748007,37.449006],[126.747945,37.448979],[126.747859,37.448937],[126.747629,37.448819],[126.747023,37.448497],[126.746389,37.448161],[126.746125,37.448025],[126.745929,37.447932],[126.745767,37.447862],[126.745599,37.447794],[126.745515,37.447763],[126.745434,37.447736],[126.745355,37.447712],[126.745281,37.447694],[126.745248,37.447688],[126.745215,37.447683],[126.745147,37.447678],[126.745011,37.447674],[126.744828,37.447674],[126.744631,37.447678],[126.744209,37.447697],[126.743769,37.447721],[126.743338,37.447742],[126.739047,37.448086],[126.737829,37.448141],[126.73653,37.448197],[126.735393,37.44825],[126.734962,37.448274],[126.734664,37.448296],[126.734547,37.448306],[126.734426,37.448316],[126.734368,37.448323],[126.734313,37.448332],[126.734262,37.448344],[126.734239,37.44835],[126.734217,37.448358],[126.734202,37.448364],[126.734188,37.448371],[126.734174,37.448379],[126.734162,37.448388],[126.734149,37.448397],[126.734138,37.448407],[126.734116,37.448428],[126.734097,37.448449],[126.73408,37.44847],[126.734049,37.448516],[126.734024,37.448563],[126.734004,37.448612],[126.733989,37.448662],[126.733981,37.448714],[126.733977,37.448765],[126.733979,37.448817],[126.733982,37.448844],[126.733987,37.44887],[126.734001,37.448923],[126.734039,37.449026],[126.734077,37.449107],[126.734146,37.44924],[126.73436,37.449636],[126.734971,37.450741],[126.735599,37.451876],[126.735834,37.45231],[126.735916,37.452468],[126.73597,37.452577],[126.736,37.452643],[126.736013,37.452677],[126.736017,37.452694],[126.736021,37.452711],[126.736024,37.452742],[126.736024,37.452772],[126.736017,37.452834],[126.736005,37.452902],[126.735995,37.452935],[126.735988,37.452951],[126.73598,37.452967],[126.735971,37.452981],[126.735961,37.452994],[126.735939,37.45302],[126.735889,37.453069],[126.735794,37.453161],[126.735697,37.453252],[126.735596,37.45334],[126.735493,37.453427],[126.735349,37.453542],[126.735202,37.453654],[126.7349,37.453872],[126.734625,37.454061],[126.734484,37.454153],[126.734342,37.454243],[126.734139,37.454368],[126.733934,37.454491],[126.733725,37.45461],[126.73351,37.454722],[126.733399,37.454773],[126.733342,37.454796],[126.733284,37.454817],[126.733211,37.454839],[126.733138,37.454859],[126.733063,37.454876],[126.732987,37.45489],[126.732886,37.454903],[126.732717,37.454921],[126.732203,37.45497],[126.730669,37.455103],[126.728836,37.455258],[126.727152,37.455402],[126.718928,37.455963],[126.714818,37.456349],[126.713189,37.45653],[126.711463,37.456724],[126.70993,37.456891],[126.709327,37.456953],[126.708881,37.456994],[126.708747,37.457004],[126.708612,37.457008],[126.708473,37.457005],[126.708262,37.456997],[126.707665,37.456969],[126.706065,37.456882],[126.704488,37.456797],[126.703921,37.45677],[126.703729,37.456763],[126.703613,37.456761],[126.703458,37.45677],[126.703152,37.456792],[126.702152,37.456874],[126.699032,37.457139],[126.695248,37.457467],[126.691796,37.457763],[126.688112,37.457986],[126.684103,37.458226],[126.680744,37.458431],[126.679614,37.458504],[126.679239,37.458531],[126.679012,37.458549],[126.678837,37.458565],[126.678659,37.458582],[126.678572,37.458592],[126.678489,37.458604],[126.678411,37.458619],[126.67834,37.458636],[126.678297,37.45865],[126.678256,37.458667],[126.678217,37.458686],[126.67818,37.458708],[126.678123,37.458748],[126.678071,37.458792],[126.678023,37.458838],[126.677978,37.458887],[126.677956,37.458914],[126.677937,37.458941],[126.67792,37.45897],[126.677905,37.458999],[126.677885,37.459054],[126.67787,37.45911],[126.677849,37.459224],[126.677827,37.45938],[126.677806,37.459555],[126.677787,37.459743],[126.677772,37.459939],[126.677759,37.460137],[126.677749,37.460332],[126.677743,37.460518],[126.677742,37.460689],[126.677749,37.460903],[126.677765,37.461201],[126.67779,37.461552],[126.677819,37.461926],[126.677851,37.462293],[126.677883,37.462622],[126.677912,37.462883],[126.677937,37.463046],[126.677955,37.463119],[126.677977,37.463191],[126.678032,37.463334],[126.678072,37.463422],[126.678115,37.46351],[126.678209,37.463682],[126.678304,37.46385],[126.678408,37.464023],[126.678624,37.464371],[126.678823,37.464698],[126.678907,37.464845],[126.678974,37.464975],[126.679015,37.465068],[126.679051,37.465162],[126.679113,37.465353],[126.679151,37.465489],[126.679183,37.465627],[126.679219,37.465809],[126.679263,37.466043],[126.679366,37.466636],[126.679607,37.468095],[126.679836,37.469483],[126.679924,37.469987],[126.679957,37.470164],[126.679982,37.470279],[126.680054,37.470531],[126.680177,37.47093],[126.680338,37.471433],[126.680521,37.471993],[126.680711,37.472567],[126.680895,37.473109],[126.681057,37.473576],[126.681182,37.473922],[126.681255,37.474108],[126.681295,37.474199],[126.681339,37.47429],[126.68141,37.474427],[126.681486,37.474565],[126.681526,37.474631],[126.681567,37.474695],[126.68161,37.474754],[126.681654,37.474808],[126.681668,37.474823],[126.681689,37.474842],[126.681747,37.474893],[126.681924,37.475039],[126.68245,37.475456],[126.683073,37.475952],[126.683371,37.476195],[126.683634,37.476418],[126.68407,37.476805],[126.684513,37.477209],[126.684723,37.477407],[126.68492,37.477595],[126.685096,37.477768],[126.685248,37.477923],[126.68535,37.478035],[126.685398,37.478093],[126.685443,37.478152],[126.685543,37.478293],[126.685653,37.478456],[126.68577,37.478635],[126.685892,37.478827],[126.686135,37.479229],[126.686251,37.479428],[126.686359,37.479621],[126.686465,37.479815],[126.686512,37.479913],[126.686532,37.479963],[126.686549,37.480014],[126.686557,37.480045],[126.686562,37.480076],[126.686566,37.480138],[126.686563,37.480259],[126.686551,37.480379],[126.686516,37.48062],[126.686452,37.48105],[126.686376,37.481509],[126.686338,37.481721],[126.686301,37.481909],[126.686267,37.482061],[126.686238,37.482166],[126.68622,37.482214],[126.686198,37.482262],[126.686172,37.482308],[126.686142,37.482352],[126.686071,37.482439],[126.685993,37.482521],[126.685908,37.4826],[126.68582,37.482677],[126.685736,37.482743],[126.685592,37.482852],[126.685145,37.483178],[126.683797,37.484146],[126.68218,37.485301],[126.680698,37.486362],[126.680289,37.48665],[126.679873,37.486945],[126.67947,37.487226],[126.679279,37.487353],[126.679098,37.487468],[126.678962,37.487549],[126.678891,37.487587],[126.678818,37.487621],[126.678739,37.487652],[126.678657,37.48768],[126.678574,37.487705],[126.678489,37.487725],[126.678351,37.48775],[126.678212,37.487767],[126.678071,37.48778],[126.67793,37.48779],[126.677701,37.487802],[126.677451,37.487808],[126.676934,37.487813],[126.676468,37.487816],[126.676281,37.487821],[126.676141,37.487831],[126.676032,37.487845],[126.675924,37.487862],[126.675818,37.487886],[126.675766,37.4879],[126.675715,37.487917],[126.675639,37.487947],[126.675566,37.487981],[126.675497,37.488021],[126.675433,37.488065],[126.675418,37.488077],[126.675404,37.48809],[126.675378,37.488117],[126.675355,37.488146],[126.675334,37.488176],[126.675289,37.488246],[126.675249,37.488317],[126.675214,37.488391],[126.675187,37.488466],[126.675175,37.488514],[126.675168,37.488562],[126.675163,37.488659],[126.675167,37.488839],[126.675183,37.48911],[126.675239,37.489844],[126.67531,37.49069],[126.675374,37.49148],[126.675595,37.495751],[126.676356,37.507972],[126.676542,37.513346],[126.676696,37.515553],[126.676867,37.51796],[126.677005,37.519967],[126.677046,37.520632],[126.677056,37.520848],[126.677059,37.520972],[126.677056,37.521084],[126.67705,37.52114],[126.677045,37.521168],[126.677037,37.521195],[126.677023,37.521232],[126.677005,37.521268],[126.676983,37.521303],[126.676958,37.521336],[126.676924,37.521376],[126.676886,37.521413],[126.676844,37.521448],[126.676799,37.52148],[126.676746,37.521512],[126.676691,37.521542],[126.676575,37.521595],[126.676455,37.521642],[126.676333,37.521686],[126.676269,37.521706],[126.676204,37.521724],[126.676071,37.521755],[126.675938,37.521785],[126.675873,37.521803],[126.675809,37.521823],[126.675725,37.521855],[126.675685,37.521874],[126.675646,37.521894],[126.675584,37.52193],[126.675524,37.521968],[126.675468,37.522009],[126.675442,37.522031],[126.675417,37.522054],[126.675376,37.522099],[126.675341,37.522146],[126.675309,37.522196],[126.675282,37.522247],[126.675256,37.522304],[126.675235,37.522363],[126.675218,37.522422],[126.675206,37.522482],[126.675199,37.522543],[126.675198,37.522604],[126.675202,37.522726],[126.675217,37.523063],[126.675243,37.523508],[126.675278,37.524025],[126.675319,37.524576],[126.675363,37.525125],[126.675407,37.525636],[126.675448,37.52607],[126.675484,37.526392],[126.675527,37.526684],[126.675589,37.527037],[126.675741,37.527842],[126.67589,37.528629],[126.675947,37.528961],[126.675985,37.529222],[126.676002,37.529402],[126.676025,37.529715],[126.676088,37.530683],[126.676265,37.533607],[126.676471,37.537117],[126.676662,37.540334],[126.676972,37.545848],[126.677073,37.55046],[126.67729,37.554307],[126.677531,37.56081],[126.677558,37.561904],[126.677589,37.563075],[126.677611,37.564092],[126.677615,37.564471],[126.67761,37.564724],[126.677601,37.564856],[126.677588,37.564988],[126.67757,37.56512],[126.677547,37.565251],[126.677514,37.565396],[126.67747,37.56554],[126.677438,37.565627],[126.677402,37.565714],[126.677364,37.5658],[126.677322,37.565885],[126.677203,37.566101],[126.677022,37.566412],[126.676529,37.567234],[126.675958,37.568173],[126.675426,37.569053],[126.675303,37.569277],[126.675243,37.569389],[126.675186,37.569502],[126.675112,37.569669],[126.675043,37.569837],[126.674909,37.570175],[126.674794,37.570494],[126.674738,37.570654],[126.674686,37.570815],[126.674635,37.570999],[126.674593,37.571185],[126.674549,37.571414],[126.674509,37.571643],[126.674475,37.571873],[126.674444,37.572103],[126.674417,37.572349],[126.674407,37.572473],[126.674401,37.572596],[126.674395,37.572844],[126.674396,37.573092],[126.674403,37.573339],[126.674417,37.573587],[126.674427,37.573711],[126.674441,37.573835],[126.674458,37.573959],[126.67448,37.574082],[126.67453,37.574303],[126.674603,37.574581],[126.674785,37.575235],[126.674969,37.575893],[126.675043,37.576176],[126.675095,37.576404],[126.675113,37.576528],[126.675128,37.576652],[126.675196,37.577247],[126.675356,37.580008],[126.675379,37.580234],[126.6754,37.580461],[126.675425,37.580687],[126.675442,37.5808],[126.675463,37.580912],[126.675483,37.580997],[126.675512,37.581106],[126.675594,37.581387],[126.67582,37.582115],[126.676067,37.582914],[126.676175,37.583282],[126.676261,37.583599],[126.676281,37.583679],[126.676289,37.583719],[126.676294,37.583759],[126.676295,37.583802],[126.676292,37.583845],[126.676282,37.58393],[126.676265,37.58405],[126.67624,37.584169],[126.6762,37.584321],[126.676156,37.584473],[126.67606,37.584775],[126.675954,37.585075],[126.675842,37.585374],[126.675772,37.585541],[126.675696,37.585706],[126.67562,37.585872],[126.67555,37.586039],[126.675478,37.586239],[126.675408,37.586451],[126.675276,37.586883],[126.675154,37.58728],[126.675097,37.587449],[126.675043,37.587588],[126.675017,37.587643],[126.674988,37.587697],[126.674925,37.587804],[126.67484,37.587937],[126.674751,37.588068],[126.674565,37.588328],[126.674379,37.588587],[126.67429,37.588719],[126.674206,37.588852],[126.674027,37.589156],[126.673849,37.589475],[126.673768,37.589629],[126.673694,37.589773],[126.673632,37.589905],[126.673583,37.590018],[126.673537,37.590143],[126.673485,37.590304],[126.673428,37.59049],[126.673372,37.59069],[126.673318,37.59089],[126.67327,37.59108],[126.673232,37.591249],[126.673206,37.591384],[126.673201,37.591431],[126.6732,37.591478],[126.6732,37.591526],[126.673196,37.591573],[126.673182,37.59167],[126.673164,37.591766],[126.673123,37.591959],[126.673079,37.592151],[126.673036,37.592343],[126.672953,37.592733],[126.672873,37.593124],[126.672788,37.593514],[126.672743,37.593708],[126.672694,37.593902],[126.672639,37.594117],[126.672607,37.594223],[126.672566,37.594328],[126.672534,37.594393],[126.672498,37.594456],[126.672458,37.594518],[126.672415,37.594579],[126.672356,37.594651],[126.672323,37.594685],[126.672288,37.594718],[126.672195,37.594792],[126.672097,37.594862],[126.671994,37.594928],[126.671887,37.594989],[126.671817,37.595024],[126.671714,37.595072],[126.671428,37.595198],[126.670667,37.595523],[126.669909,37.595846],[126.669626,37.595971],[126.669525,37.596018],[126.669458,37.596052],[126.669345,37.596119],[126.669205,37.596209],[126.669045,37.596317],[126.66887,37.596438],[126.668506,37.596698],[126.668162,37.596947],[126.667976,37.597086],[126.667794,37.597227],[126.667434,37.597514],[126.667072,37.5978],[126.666888,37.597941],[126.666701,37.598078],[126.666523,37.598205],[126.66643,37.598265],[126.666333,37.59832],[126.666303,37.598335],[126.666259,37.598354],[126.666132,37.598407],[126.665753,37.598559],[126.664677,37.598977],[126.663549,37.599417],[126.663104,37.599594],[126.662935,37.599664],[126.662811,37.599718],[126.662622,37.599806],[126.662435,37.599898],[126.662067,37.600089],[126.661702,37.600283],[126.661335,37.600476],[126.660547,37.60085],[126.659714,37.601248],[126.658972,37.601597],[126.658679,37.60173],[126.65846,37.601824],[126.658332,37.601873],[126.658202,37.601919],[126.658071,37.601962],[126.657938,37.602002],[126.657832,37.602031],[126.657779,37.602043],[126.657724,37.602052],[126.657675,37.602057],[126.657626,37.602059],[126.657528,37.602057],[126.657447,37.602051],[126.657366,37.602043],[126.657286,37.60203],[126.657208,37.602014],[126.657105,37.601986],[126.656988,37.601948],[126.656723,37.601852],[126.656441,37.601744],[126.656168,37.601642],[126.655462,37.601381],[126.654739,37.601117],[126.65405,37.600859],[126.653733,37.600736],[126.653444,37.600619],[126.653137,37.600489],[126.652819,37.60035],[126.652669,37.600282],[126.652533,37.600217],[126.652415,37.600157],[126.652322,37.600105],[126.652235,37.600047],[126.652135,37.59997],[126.651905,37.599782],[126.651654,37.599575],[126.651527,37.599477],[126.651403,37.599387],[126.651259,37.59929],[126.651112,37.599195],[126.650813,37.599012],[126.650507,37.598835],[126.650198,37.598662],[126.649956,37.598531],[126.649712,37.598403],[126.649217,37.598154],[126.648719,37.597908],[126.648223,37.597661],[126.645537,37.596383],[126.644921,37.596118],[126.644612,37.595987],[126.6443,37.595861],[126.64394,37.595727],[126.643577,37.595599],[126.643212,37.595474],[126.642848,37.595347],[126.641594,37.594923],[126.640245,37.594465],[126.639086,37.594076],[126.638668,37.59394],[126.638514,37.593892],[126.638404,37.59386],[126.638191,37.593805],[126.637976,37.593754],[126.637759,37.593711],[126.63754,37.593676],[126.637364,37.593657],[126.637187,37.593645],[126.636831,37.593631],[126.636598,37.593622],[126.636365,37.593614],[126.636132,37.593612],[126.636015,37.593615],[126.635899,37.593621],[126.635739,37.593637],[126.635523,37.593665],[126.634973,37.593748],[126.634352,37.593846],[126.633767,37.593937],[126.631635,37.594304],[126.627526,37.595077]]}},{"type":"Feature","properties":{"r":"KR","g":"kr","col":"#5cc8ff","n":"월미바다열차","ct":"仁川","jk":"urban"},"geometry":{"type":"LineString","coordinates":[[126.605768,37.476302],[126.605262,37.476157],[126.604724,37.476],[126.604251,37.475866],[126.604071,37.47582],[126.603999,37.475803],[126.603943,37.475792],[126.603883,37.475784],[126.603823,37.47578],[126.603701,37.475776],[126.60358,37.475773],[126.60352,37.475768],[126.60346,37.47576],[126.603428,37.475754],[126.603396,37.475746],[126.603333,37.475727],[126.603211,37.475683],[126.603088,37.475641],[126.603025,37.475624],[126.602993,37.475617],[126.60296,37.475612],[126.602928,37.475609],[126.602895,37.475608],[126.602863,37.47561],[126.602847,37.475611],[126.602831,37.475614],[126.602771,37.475627],[126.602742,37.475636],[126.602713,37.475645],[126.602685,37.475656],[126.602657,37.475668],[126.602632,37.475682],[126.602607,37.475697],[126.602595,37.475706],[126.602584,37.475715],[126.602573,37.475725],[126.602563,37.475735],[126.602554,37.475746],[126.602546,37.475757],[126.602532,37.47578],[126.602524,37.475796],[126.602518,37.475813],[126.602513,37.47583],[126.602509,37.475847],[126.6025,37.475917],[126.602498,37.475963],[126.602501,37.476012],[126.602513,37.476111],[126.602519,37.476159],[126.602521,37.476203],[126.602521,37.476224],[126.60252,37.476243],[126.602517,37.476261],[126.602515,37.476269],[126.602512,37.476277],[126.602509,37.476285],[126.602504,37.476293],[126.602492,37.476311],[126.602477,37.47633],[126.602458,37.476351],[126.602364,37.476444],[126.602261,37.476547],[126.602216,37.4766],[126.602197,37.476626],[126.60218,37.476652],[126.602172,37.476667],[126.602164,37.476684],[126.602146,37.476729],[126.602106,37.476848],[126.602014,37.477155],[126.601923,37.477461],[126.601883,37.477579],[126.601865,37.477623],[126.601857,37.477641],[126.601849,37.477655],[126.601829,37.477685],[126.601806,37.477714],[126.601779,37.477741],[126.601764,37.477754],[126.601749,37.477766],[126.60174,37.477772],[126.60173,37.477778],[126.60171,37.477789],[126.601688,37.477798],[126.601666,37.477806],[126.601619,37.47782],[126.601571,37.477832],[126.601547,37.477837],[126.601522,37.47784],[126.601498,37.477841],[126.601485,37.477841],[126.601473,37.47784],[126.601453,37.477838],[126.601433,37.477834],[126.601413,37.477829],[126.601393,37.477824],[126.601354,37.47781],[126.601315,37.477794],[126.601237,37.47776],[126.601197,37.477745],[126.601157,37.477732],[126.600972,37.47769],[126.600714,37.47764],[126.600074,37.477525],[126.599424,37.477409],[126.599155,37.477356],[126.598954,37.477311],[126.598852,37.477285],[126.598751,37.477256],[126.598653,37.477223],[126.598605,37.477204],[126.598559,37.477183],[126.598467,37.477134],[126.59838,37.477079],[126.598298,37.47702],[126.598219,37.476958],[126.598141,37.476893],[126.598066,37.476825],[126.598031,37.47679],[126.597998,37.476753],[126.597968,37.476715],[126.597942,37.476676],[126.597929,37.476652],[126.597915,37.476623],[126.597888,37.476551],[126.597859,37.476466],[126.597831,37.476371],[126.597776,37.476167],[126.597728,37.475973],[126.597713,37.475902],[126.597701,37.475831],[126.597681,37.475687],[126.597658,37.475544],[126.597642,37.475474],[126.597621,37.475404],[126.59761,37.475377],[126.597592,37.475337],[126.597533,37.475219],[126.597346,37.47486],[126.596802,37.47384],[126.596243,37.472792],[126.596038,37.472397],[126.595967,37.472256],[126.595924,37.472162],[126.595893,37.472083],[126.595881,37.472043],[126.595872,37.472003],[126.595865,37.471936],[126.595864,37.471868],[126.595874,37.471733],[126.59589,37.4716],[126.595912,37.471468],[126.59594,37.471336],[126.595975,37.471206],[126.596002,37.47112],[126.596019,37.471078],[126.59603,37.471058],[126.596042,37.471038],[126.596087,37.470976],[126.596138,37.470918],[126.596195,37.470863],[126.596259,37.470813],[126.596289,37.470792],[126.596305,37.470783],[126.596322,37.470774],[126.596339,37.470766],[126.596357,37.470758],[126.596375,37.470752],[126.596394,37.470748],[126.596404,37.470746],[126.596415,37.470745],[126.596439,37.470744],[126.596463,37.470744],[126.59649,37.470745],[126.596607,37.470759],[126.596732,37.470773],[126.596794,37.470776],[126.596824,37.470775],[126.596853,37.470773],[126.596918,37.470764],[126.596951,37.470759],[126.596983,37.470751],[126.597014,37.470743],[126.597044,37.470732],[126.597073,37.470719],[126.597086,37.470712],[126.597099,37.470704],[126.597101,37.470703],[126.597103,37.470701],[126.597109,37.470696],[126.597123,37.47068],[126.597165,37.470629],[126.597294,37.470461],[126.597656,37.469967],[126.598028,37.469462],[126.598168,37.469279],[126.598217,37.469218],[126.598236,37.469197],[126.59825,37.469183],[126.598276,37.469161],[126.598304,37.469141],[126.598319,37.469131],[126.598335,37.469123],[126.598351,37.469115],[126.598368,37.469108],[126.598386,37.469102],[126.598404,37.469097],[126.598422,37.469094],[126.598441,37.46909],[126.59848,37.469086],[126.598518,37.469083],[126.598597,37.46908],[126.598716,37.469079],[126.599054,37.469082],[126.59997,37.4691],[126.600911,37.469118],[126.601281,37.469122],[126.60142,37.469121],[126.601523,37.469118],[126.601612,37.469114],[126.601701,37.469107],[126.601789,37.469097],[126.601832,37.469089],[126.601875,37.469079],[126.601919,37.469066],[126.601962,37.469051],[126.602046,37.469017],[126.602126,37.468977],[126.602205,37.468936],[126.602276,37.468895],[126.602374,37.468835],[126.602634,37.468667],[126.603296,37.468228],[126.60393,37.467808],[126.604155,37.467663],[126.60423,37.467618],[126.604257,37.467603],[126.604267,37.467598],[126.604275,37.467594],[126.604321,37.467576],[126.604369,37.46756],[126.604468,37.467533],[126.604569,37.467513],[126.604672,37.4675],[126.604757,37.467494],[126.604857,37.467491],[126.604966,37.46749],[126.605081,37.467492],[126.605197,37.467497],[126.605308,37.467504],[126.605412,37.467514],[126.605503,37.467525],[126.605562,37.467536],[126.605621,37.46755],[126.605678,37.467568],[126.605733,37.467589],[126.60583,37.467632],[126.605923,37.467681],[126.606013,37.467735],[126.606098,37.467792],[126.606136,37.467821],[126.606172,37.467851],[126.606238,37.467916],[126.606319,37.468009],[126.606394,37.468106],[126.606462,37.468206],[126.606524,37.468308],[126.606593,37.468446],[126.606693,37.468667],[126.606812,37.468943],[126.60694,37.469249],[126.607065,37.469556],[126.607177,37.469838],[126.607265,37.470069],[126.607316,37.470221],[126.607354,37.470374],[126.607383,37.470529],[126.607404,37.470685],[126.607418,37.470841],[126.607423,37.470945],[126.607422,37.470997],[126.607415,37.471048],[126.607406,37.471089],[126.607391,37.471138],[126.607351,37.471252],[126.607244,37.471523],[126.607136,37.471792],[126.607097,37.471905],[126.607083,37.471952],[126.607074,37.471992],[126.607066,37.472059],[126.607065,37.472129],[126.607074,37.472269],[126.607083,37.472404],[126.607081,37.472467],[126.607078,37.472497],[126.607073,37.472526],[126.607071,37.472534],[126.607068,37.472544],[126.607058,37.47257],[126.607028,37.472642],[126.606927,37.472861],[126.606617,37.473502],[126.60626,37.474245],[126.606101,37.474589],[126.605973,37.474881],[126.605857,37.475167],[126.605738,37.475472],[126.605686,37.475615],[126.605642,37.475743],[126.605609,37.475851],[126.605598,37.475895],[126.605591,37.475931],[126.605588,37.475952],[126.605587,37.475972],[126.605588,37.475983],[126.605589,37.475993],[126.605591,37.476003],[126.605594,37.476013],[126.605601,37.476031],[126.60561,37.476049],[126.60562,37.476066],[126.605631,37.476083],[126.605643,37.476099],[126.605657,37.476115],[126.605687,37.476145],[126.605699,37.476155],[126.605711,37.476163],[126.605724,37.476172],[126.605737,37.47618],[126.605766,37.476194],[126.605795,37.476207],[126.605871,37.476236],[126.60595,37.476261],[126.606112,37.476302],[126.606275,37.476342],[126.606355,37.476365],[126.606433,37.476392],[126.606486,37.476414],[126.606537,37.476437],[126.606636,37.476489],[126.606736,37.47654],[126.606787,37.476564],[126.606839,37.476586],[126.606956,37.476625],[126.607177,37.476694],[126.607872,37.476905],[126.608808,37.477183],[126.60987,37.477496],[126.610943,37.47781],[126.611912,37.47809],[126.61266,37.478302],[126.612915,37.478373],[126.613072,37.478414],[126.613237,37.478452],[126.613321,37.478467],[126.613406,37.478478],[126.613504,37.478486],[126.613602,37.478491],[126.6137,37.478489],[126.613749,37.478485],[126.613797,37.478479],[126.613872,37.478464],[126.613946,37.478443],[126.613982,37.478431],[126.614016,37.478417],[126.614049,37.478401],[126.614081,37.478383],[126.614103,37.478369],[126.614124,37.478353],[126.614143,37.478336],[126.614161,37.478318],[126.614194,37.478281],[126.614224,37.478242],[126.614235,37.478225],[126.614248,37.478204],[126.61428,37.478144],[126.614363,37.477972],[126.614591,37.477474],[126.61486,37.476886],[126.614994,37.476602],[126.61512,37.476347],[126.615306,37.475979],[126.615352,37.475892],[126.615397,37.475815],[126.615436,37.475754],[126.615454,37.47573],[126.615462,37.47572],[126.61547,37.475712],[126.615488,37.475696],[126.615507,37.47568],[126.615528,37.475666],[126.61555,37.475653],[126.615597,37.475629],[126.615646,37.475609],[126.615682,37.475597],[126.615726,37.475584],[126.615839,37.475556],[126.616132,37.475495],[126.616465,37.47543],[126.616778,37.475367]]}},{"type":"Feature","properties":{"r":"KR","g":"kr","col":"#ffff00","n":"인천공항 자기부상철도","ct":"首尔","jk":"urban"},"geometry":{"type":"LineString","coordinates":[[126.423604,37.424815],[126.423722,37.424685],[126.423837,37.424553],[126.423958,37.424424],[126.424021,37.424362],[126.424089,37.424303],[126.424155,37.424251],[126.424225,37.424203],[126.424299,37.424157],[126.424375,37.424115],[126.42446,37.424074],[126.424505,37.424057],[126.424551,37.424042],[126.424662,37.424013],[126.424776,37.42399],[126.424892,37.423973],[126.425008,37.423963],[126.425055,37.423962],[126.425102,37.423964],[126.425149,37.423969],[126.425196,37.423975],[126.425297,37.423993],[126.425397,37.424015],[126.425494,37.424041],[126.42559,37.424072],[126.425642,37.424093],[126.425693,37.424116],[126.425791,37.424167],[126.425952,37.424258],[126.426235,37.424423],[126.427101,37.424937],[126.428257,37.425627],[126.429569,37.426415],[126.430901,37.427218],[126.432121,37.427957],[126.433095,37.42855],[126.433688,37.428918],[126.433908,37.429062],[126.434125,37.429208],[126.434557,37.429503],[126.435129,37.429861],[126.43572,37.430235],[126.436272,37.430577],[126.436514,37.430722],[126.436724,37.430842],[126.436895,37.430933],[126.437068,37.431021],[126.437245,37.431104],[126.437424,37.431185],[126.437596,37.431259],[126.437771,37.431329],[126.437948,37.431396],[126.438127,37.431459],[126.438403,37.43155],[126.438682,37.431635],[126.438965,37.431714],[126.43925,37.431784],[126.439537,37.431845],[126.439826,37.431898],[126.440117,37.431944],[126.44041,37.431981],[126.4407,37.43201],[126.440992,37.43203],[126.441284,37.432043],[126.441577,37.432048],[126.441951,37.432045],[126.442328,37.432033],[126.442514,37.432024],[126.442697,37.432012],[126.442875,37.431998],[126.443047,37.431981],[126.443192,37.431964],[126.443336,37.431946],[126.443624,37.431901],[126.443909,37.431849],[126.444193,37.431791],[126.444373,37.431749],[126.444551,37.431703],[126.444904,37.431603],[126.445091,37.431546],[126.445276,37.431487],[126.445646,37.431366],[126.446319,37.43112],[126.44702,37.430862],[126.447664,37.430629],[126.447938,37.430534],[126.448166,37.430461],[126.448444,37.430379],[126.448725,37.430303],[126.449009,37.430235],[126.449152,37.430204],[126.449296,37.430176],[126.449443,37.43015],[126.44959,37.430127],[126.449887,37.430089],[126.450185,37.430058],[126.450484,37.430031],[126.450678,37.430016],[126.450872,37.430005],[126.451066,37.429997],[126.451261,37.429994],[126.451557,37.429995],[126.451853,37.430002],[126.452149,37.430015],[126.452444,37.430037],[126.452635,37.430057],[126.452824,37.430083],[126.453202,37.430144],[126.4534,37.430178],[126.453597,37.430213],[126.453793,37.430252],[126.453987,37.430297],[126.454272,37.430373],[126.454553,37.430456],[126.454831,37.430545],[126.455106,37.430641],[126.455332,37.430726],[126.455555,37.430815],[126.455775,37.43091],[126.455992,37.431009],[126.456119,37.431071],[126.456245,37.431134],[126.456493,37.431266],[126.456738,37.431401],[126.456985,37.431534],[126.458004,37.432104],[126.459083,37.432704],[126.460043,37.433244],[126.460424,37.433463],[126.460709,37.433633],[126.460894,37.43375],[126.460983,37.433811],[126.461068,37.433875],[126.461162,37.433955],[126.461205,37.433997],[126.461244,37.434042],[126.461315,37.434134],[126.461379,37.43423],[126.461435,37.434329],[126.461482,37.43443],[126.461509,37.43451],[126.461529,37.434591],[126.461542,37.434673],[126.461553,37.434756],[126.461559,37.434835],[126.461556,37.434915],[126.461546,37.435007],[126.461532,37.435099],[126.46151,37.43519],[126.461496,37.435235],[126.461479,37.435279],[126.461457,37.435327],[126.461431,37.435373],[126.461373,37.435464],[126.461308,37.435552],[126.461241,37.435639],[126.461175,37.435721],[126.461083,37.43583],[126.460836,37.436112],[126.460203,37.436819],[126.459593,37.437499],[126.459375,37.437747],[126.459302,37.437835],[126.459258,37.437892],[126.459237,37.437925],[126.459218,37.437959],[126.459186,37.438029],[126.45913,37.438159],[126.459107,37.438225],[126.459091,37.438292],[126.459083,37.438361],[126.459083,37.438431],[126.45909,37.438571],[126.4591,37.438702],[126.459115,37.438837],[126.459153,37.439111],[126.459186,37.439368],[126.459196,37.439484],[126.459198,37.439586],[126.459196,37.439621],[126.459191,37.439655],[126.459176,37.439723],[126.459152,37.439796],[126.459124,37.439869],[126.459092,37.43994],[126.459054,37.440009],[126.459001,37.440091],[126.458941,37.440171],[126.458813,37.440327],[126.458582,37.4406],[126.458272,37.440954],[126.457491,37.441828],[126.456614,37.442802],[126.455785,37.443726],[126.45268,37.447372]]}},{"type":"Feature","properties":{"r":"KR","g":"kr","col":"#5cc8ff","n":"인천국제공항 셔틀트레인","ct":"首尔","jk":"urban"},"geometry":{"type":"LineString","coordinates":[[126.450882,37.449633],[126.435872,37.466614]]}}]}