kind	ko	lon	lat	zh	source	note	wikidata	zh_wikipedia_form	hanja_form
station	한성대입구	127.00596	37.58851	汉城大入口	Wikidata Q497936 zh-hans	zh.wikipedia title is 汉城大学, which drops 入口; 入口 kept because the Korean name has it	Q497936	汉城大学	汉城大入口
station	동래	129.07848	35.20568	东莱	https://zh.wikipedia.org/wiki/东莱站_(釜山地铁)		Q705360	东莱	东莱
station	구서	129.09127	35.24723	久瑞	https://zh.wikipedia.org/wiki/久瑞站		Q704977	久瑞	久瑞
station	명학	126.93561	37.38439	鸣鹤	https://zh.wikipedia.org/wiki/鳴鶴站		Q137202	鸣鹤	鸣鹤
station	평택	127.08532	36.99082	平泽	https://zh.wikipedia.org/wiki/平泽站		Q137313	平泽	平泽
station	관악	126.90915	37.41872	冠岳	https://zh.wikipedia.org/wiki/冠岳站		Q137184	冠岳	冠岳
station	군포	126.94846	37.35357	军浦	https://zh.wikipedia.org/wiki/軍浦站		Q137221	军浦	军浦
station	성균관대	126.97118	37.30029	成均馆大学	https://zh.wikipedia.org/wiki/成均館大學站		Q137235	成均馆大学	成均馆大
station	세마	127.04327	37.18737	洗马	https://zh.wikipedia.org/wiki/洗馬站_(韓國)		Q137240	洗马	洗马
station	오산	127.06675	37.14556	乌山	https://zh.wikipedia.org/wiki/烏山站_(韓國)		Q137232	乌山	乌山
station	오산대	127.06311	37.1693	乌山大学	https://zh.wikipedia.org/wiki/烏山大學站		Q137238	乌山大学	乌山大
station	송탄	127.05437	37.07536	松炭	https://zh.wikipedia.org/wiki/松炭站		Q167497	松炭	松炭
station	제기동	127.03447	37.57838	祭基洞	https://zh.wikipedia.org/wiki/祭基洞站		Q490277	祭基洞	祭基洞
station	신이문	127.06729	37.60164	新里门	https://zh.wikipedia.org/wiki/新里門站		Q490265	新里门	新里门
station	회기	127.05762	37.5895	回基	https://zh.wikipedia.org/wiki/回基站		Q58951	回基	回基
station	월계	127.05887	37.63306	月溪	https://zh.wikipedia.org/wiki/月溪站		Q490241	月溪	月溪
station	녹천	127.0514	37.64463	鹿川	https://zh.wikipedia.org/wiki/鹿川站		Q490629	鹿川	鹿川
station	광운대	127.06182	37.6237	光云大学	https://zh.wikipedia.org/wiki/光云大學站		Q490064	光云大学	光云大
station	창동	127.04798	37.6526	仓洞	https://zh.wikipedia.org/wiki/倉洞站		Q490519	仓洞	仓洞
station	방학	127.0443	37.66769	放鹤	https://zh.wikipedia.org/wiki/放鶴站		Q490625	放鹤	放鹤
station	가능	127.04436	37.74832	佳陵	https://zh.wikipedia.org/wiki/佳陵站		Q490297	佳陵	佳陵
station	회룡	127.04738	37.72495	回龙	https://zh.wikipedia.org/wiki/回龍站_(京畿道)		Q490254	回龙	回龙
station	망월사	127.0474	37.71025	望月寺	https://zh.wikipedia.org/wiki/望月寺站		Q490237	望月寺	望月寺
station	덕정	127.06155	37.84345	德亭	https://zh.wikipedia.org/wiki/德亭站		Q483397	德亭	德亭
station	덕계	127.05665	37.81864	德溪	https://zh.wikipedia.org/wiki/德溪站		Q483443	德溪	德溪
station	양주	127.04476	37.7742	杨州	https://zh.wikipedia.org/wiki/楊州站		Q483335	杨州	杨州
station	녹양	127.04234	37.75944	绿杨	https://zh.wikipedia.org/wiki/綠楊站		Q483359	绿杨	绿杨
station	동두천	127.05478	37.92783	东豆川	https://zh.wikipedia.org/wiki/东豆川站		Q483432	东豆川	东豆川
station	보산	127.05725	37.91415	保山	https://zh.wikipedia.org/wiki/保山站_(京畿道)		Q483287	保山	保山
station	동두천중앙	127.05654	37.90181	东豆川中央	https://zh.wikipedia.org/wiki/东豆川中央站		Q483440	东豆川中央	东豆川中央
station	오류동	126.84454	37.49435	梧柳洞	https://zh.wikipedia.org/wiki/梧柳洞站		Q490728	梧柳洞	梧柳洞
station	개봉	126.85875	37.49459	开峰	https://zh.wikipedia.org/wiki/開峯站		Q490718	开峰	开峰
station	구일	126.86971	37.49621	九一	https://zh.wikipedia.org/wiki/九一站		Q498013	九一	九一
station	소요산	127.06082	37.948	逍遥山	https://zh.wikipedia.org/wiki/逍遥山站		Q55633	逍遥山	逍遥山
station	중동	126.76397	37.48678	中洞	https://zh.wikipedia.org/wiki/中洞站_(京畿道)		Q490563	中洞	中洞
station	송내	126.75288	37.4877	松内	https://zh.wikipedia.org/wiki/松内站		Q490524	松内	松内
station	부평	126.72456	37.48945	富平	https://zh.wikipedia.org/wiki/富平站_(韩国)		Q490474	富平	富平
station	소사	126.79559	37.48277	素砂	https://zh.wikipedia.org/wiki/素砂站		Q490350	素砂	素砂
station	부천	126.78273	37.48411	富川	https://zh.wikipedia.org/wiki/富川站_(京畿道)		Q246638	富川	富川
station	도화	126.66826	37.46612	道禾	https://zh.wikipedia.org/wiki/道禾站		Q490585	道禾	道禾
station	제물포	126.65698	37.46681	济物浦	https://zh.wikipedia.org/wiki/濟物浦站		Q490479	济物浦	济物浦
station	도원	126.6424	37.46883	桃源	https://zh.wikipedia.org/wiki/桃源站_(韓國)		Q490515	桃源	桃源
station	백운	126.70711	37.48312	白云	https://zh.wikipedia.org/wiki/白雲站_(韓國)		Q490466	白云	白云
station	동암	126.70288	37.47105	铜岩	https://zh.wikipedia.org/wiki/銅岩站		Q490468	铜岩	铜岩
station	주안	126.68063	37.46508	朱安	https://zh.wikipedia.org/wiki/朱安站		Q497944	朱安	朱安
station	과천	126.99696	37.43307	果川	https://zh.wikipedia.org/wiki/果川站		Q498095	果川	果川
station	경마공원	127.0079	37.44376	赛马公园	https://zh.wikipedia.org/wiki/賽馬公園站		Q490681	赛马公园	竞马公园
station	일원	127.08438	37.48369	逸院	https://zh.wikipedia.org/wiki/逸院站		Q100870	逸院	逸院
station	상록수	126.86678	37.30281	常绿树	https://zh.wikipedia.org/wiki/常绿树站		Q490580	常绿树	常绿树
station	금정	126.9434	37.37231	衿井	https://zh.wikipedia.org/wiki/衿井站		Q54303	衿井	衿井
station	평촌	126.96388	37.39429	坪村	https://zh.wikipedia.org/wiki/坪村站_(京畿道)		Q490723	坪村	坪村
station	산본	126.9331	37.35807	山本	https://zh.wikipedia.org/wiki/山本站_(京畿道)		Q497955	山本	山本
station	양원	127.10793	37.60658	养源	https://zh.wikipedia.org/wiki/养源站		Q482940	养源	养源
station	구리	127.14337	37.60325	九里	https://zh.wikipedia.org/wiki/九里站_(京畿道)		Q58948	九里	九里
station	한남	127.00924	37.52945	汉南	https://zh.wikipedia.org/wiki/漢南站		Q58955	汉南	汉南
station	대전	127.43465	36.33225	大田	https://zh.wikipedia.org/wiki/大田站_(韩国)		Q20919	大田	大田
station	시청	129.07652	35.17975	市厅	https://zh.wikipedia.org/wiki/市厅站_(釜山广域市)		Q706304	市厅	市厅
station	양정	129.0713	35.17316	杨亭	https://zh.wikipedia.org/wiki/楊亭站		Q705625	杨亭	杨亭
station	부전	129.06294	35.1626	釜田	https://zh.wikipedia.org/wiki/釜田站_(韩国铁道公社)		Q624891	釜田	釜田
station	범내골	129.0592	35.1474	凡内谷	https://zh.wikipedia.org/wiki/凡内谷站		Q705555	凡内谷	
station	범일	129.05937	35.14095	凡一	https://zh.wikipedia.org/wiki/凡一站_(釜山地铁)		Q705252	凡一	凡一
station	좌천	129.05435	35.13434	佐川	https://zh.wikipedia.org/wiki/佐川站_(釜山地鐵)		Q705299	佐川	佐川
station	장전	129.0881	35.23821	长箭	https://zh.wikipedia.org/wiki/長箭站		Q626046	长箭	长箭
station	노포	129.09511	35.28397	老圃	https://zh.wikipedia.org/wiki/老圃站		Q705026	老圃	老圃
station	범어사	129.09267	35.2731	梵鱼寺	https://zh.wikipedia.org/wiki/梵魚寺站		Q626128	梵鱼寺	梵鱼寺
station	덕포	128.98397	35.17387	德浦	https://zh.wikipedia.org/wiki/德浦站		Q707068	德浦	德浦
station	사상	128.989	35.16249	沙上	https://zh.wikipedia.org/wiki/沙上站_(韩国铁道公社)		Q477528	沙上	沙上
station	모라	128.98842	35.1893	毛罗	https://zh.wikipedia.org/wiki/毛羅站		Q705959	毛罗	毛罗
station	모덕	128.98556	35.18037	毛德	https://zh.wikipedia.org/wiki/毛德站		Q705940	毛德	毛德
station	구명	128.99952	35.2028	龟明	https://zh.wikipedia.org/wiki/龜明站		Q705690	龟明	龟明
station	덕천	129.00533	35.21004	德川	https://zh.wikipedia.org/wiki/德川站_(釜山廣域市)		Q705756	德川	德川
station	율리	129.01286	35.24647	栗里	https://zh.wikipedia.org/wiki/栗里站		Q705857	栗里	栗里
station	금곡	129.01689	35.26738	金谷	https://zh.wikipedia.org/wiki/金谷站_(釜山廣域市)		Q705718	金谷	金谷
station	동원	129.01243	35.25861	东院	https://zh.wikipedia.org/wiki/東院站		Q705777	东院	东院
station	증산	129.01023	35.30832	甑山	https://zh.wikipedia.org/wiki/甑山站_(慶尚南道)		Q12617791	甑山	甑山
station	호포	129.01744	35.28112	湖浦	https://zh.wikipedia.org/wiki/湖浦站		Q4864969	湖浦	湖浦
station	남양산	129.01936	35.3254	南梁山	https://zh.wikipedia.org/wiki/南梁山站		Q4865036	南梁山	南梁山
station	부산대양산캠퍼스	129.01394	35.31692	釜山大学梁山分校	https://zh.wikipedia.org/wiki/釜山大學梁山分校站		Q3205787	釜山大学梁山分校	
station	양산	129.0264	35.33874	梁山	https://zh.wikipedia.org/wiki/梁山站_(慶尚南道)		Q4865066	梁山	梁山
station	하단	128.96676	35.10623	下端	https://zh.wikipedia.org/wiki/下端站_(釜山廣域市)		Q706061	下端	下端
station	당리	128.97383	35.10348	堂里	https://zh.wikipedia.org/wiki/堂里站		Q624400	堂里	堂里
station	사하	128.98309	35.09984	沙下	https://zh.wikipedia.org/wiki/沙下站		Q483119	沙下	沙下
station	괴정	128.99286	35.09993	槐亭	https://zh.wikipedia.org/wiki/槐亭站		Q706006	槐亭	槐亭
station	대티	128.99994	35.10315	大峙	https://zh.wikipedia.org/wiki/大峙站_(釜山廣域市)		Q706026	大峙	大峙
station	서대신	129.01204	35.11086	西大新	https://zh.wikipedia.org/wiki/西大新站		Q706102	西大新	西大新
station	동대신	129.01776	35.11035	东大新	https://zh.wikipedia.org/wiki/東大新站		Q706083	东大新	东大新
station	토성	129.01984	35.10076	土城	https://zh.wikipedia.org/wiki/土城站_(韓國)		Q706124	土城	土城
station	자갈치	129.02677	35.09735	札嘎其	https://zh.wikipedia.org/wiki/札嘎其站		Q706369	札嘎其	
station	남포	129.03495	35.09792	南浦	https://zh.wikipedia.org/wiki/南浦站_(釜山廣域市)		Q706352	南浦	南浦
station	중앙	129.03633	35.10384	中央	https://zh.wikipedia.org/wiki/中央站_(釜山廣域市)		Q706386	中央	中央
station	초량	129.04297	35.1212	草梁	https://zh.wikipedia.org/wiki/草梁站		Q705321	草梁	草梁
station	부산진	129.04922	35.12903	釜山镇	https://zh.wikipedia.org/wiki/釜山镇站_(韩国铁道公社)		Q477549	釜山镇	釜山镇
station	벡스코	129.13875	35.16889	BEXCO	https://zh.wikipedia.org/wiki/BEXCO站	Latin letters in the name	Q706493	BEXCO	
station	민락	129.12172	35.16739	民乐	https://zh.wikipedia.org/wiki/民樂站_(韓國)		Q706207	民乐	民乐
station	개금	129.02046	35.15325	开琴	https://zh.wikipedia.org/wiki/開琴站		Q705514	开琴	开琴
station	물만골	129.08584	35.17664	水满谷	https://zh.wikipedia.org/wiki/水满谷站		Q706270	水满谷	
station	배산	129.09575	35.17347	杯山	https://zh.wikipedia.org/wiki/盃山站		Q706290	杯山	杯山
station	망미	129.10752	35.17175	望美	https://zh.wikipedia.org/wiki/望美站		Q706187	望美	望美
station	정선	128.67263	37.38795	旌善	https://zh.wikipedia.org/wiki/旌善站		Q1599470	旌善	旌善
station	사북	128.81703	37.22617	舍北	https://zh.wikipedia.org/wiki/舍北站		Q1599264	舍北	舍北
station	경산	128.72761	35.81933	庆山	https://zh.wikipedia.org/wiki/庆山站		Q477071	庆山	庆山
station	충주	127.90807	36.97526	忠州	https://zh.wikipedia.org/wiki/忠州站		Q50014	忠州	忠州
station	연천	127.07372	38.10073	涟川	https://zh.wikipedia.org/wiki/漣川站		Q483790	涟川	涟川
station	삼례	127.06595	35.90391	参礼	https://zh.wikipedia.org/wiki/参礼站		Q1233640	参礼	参礼
station	천안	127.14684	36.81028	天安	https://zh.wikipedia.org/wiki/天安站		Q54298	天安	天安
station	도라산	126.70916	37.89839	都罗山	https://zh.wikipedia.org/wiki/都羅山站		Q50011	都罗山	都罗山
station	성환	127.12689	36.91598	成欢	https://zh.wikipedia.org/wiki/成欢站		Q167550	成欢	成欢
station	김천	128.11503	36.12384	金泉	https://zh.wikipedia.org/wiki/金泉站_(庆尚北道)		Q54286	金泉	金泉
station	전주	127.16236	35.85005	全州	https://zh.wikipedia.org/wiki/全州站_(韩国)		Q624605	全州	全州
station	일산	126.7695	37.68222	一山	https://zh.wikipedia.org/wiki/一山站		Q59868	一山	一山
station	수색	126.89555	37.58076	水色	https://zh.wikipedia.org/wiki/水色站		Q59845	水色	水色
station	옥천	127.56535	36.29775	沃川	https://zh.wikipedia.org/wiki/沃川站		Q292152	沃川	沃川
station	고한	128.85298	37.20084	古汗	https://zh.wikipedia.org/wiki/古汗站		Q1599074	古汗	古汗
station	김제	126.90422	35.79316	金堤	https://zh.wikipedia.org/wiki/金堤站		Q624708	金堤	金堤
station	대광리	127.10852	38.18499	大光里	https://zh.wikipedia.org/wiki/大光里站		Q483787	大光里	大光里
station	명봉	127.07552	34.82774	鸣凤	https://zh.wikipedia.org/wiki/鸣凤站		Q1333473	鸣凤	鸣凤
station	서도	127.3309	35.49202	书道	https://zh.wikipedia.org/wiki/书道站		Q1232955	书道	书道
station	신기	129.08521	37.34611	新基	https://zh.wikipedia.org/wiki/新基站_(江原特別自治道)		Q43941	新基	新基
station	신탄리	127.13949	38.21278	新炭里	https://zh.wikipedia.org/wiki/新炭里站		Q55632	新炭里	新炭里
station	영동	127.78581	36.17267	永同	https://zh.wikipedia.org/wiki/永同站		Q625850	永同	永同
station	입석리	128.29833	37.19864	立石里	https://zh.wikipedia.org/wiki/立石里站_(忠清北道)		Q1595159	立石里	立石里
station	주생	127.31701	35.37673	周生	https://zh.wikipedia.org/wiki/周生站		Q1232243	周生	周生
station	증평	127.58397	36.77805	曾坪	https://zh.wikipedia.org/wiki/曾坪站		Q812316	曾坪	曾坪
station	황간	127.91225	36.22431	黄涧	https://zh.wikipedia.org/wiki/黄涧站		Q341147	黄涧	黄涧
station	연산	127.20093	36.21196	连山	https://zh.wikipedia.org/wiki/连山站_(忠清南道)		Q1586912	连山	连山
station	남원	127.36133	35.41125	南原	https://zh.wikipedia.org/wiki/南原站		Q1232590	南原	南原
station	백양사	126.80776	35.43172	白羊寺	https://zh.wikipedia.org/wiki/白羊寺站		Q914759	白羊寺	白羊寺
station	태화강	129.35401	35.53881	太和江	https://zh.wikipedia.org/wiki/太和江站		Q626465	太和江	太和江
station	판교	126.67943	36.15542	板桥	https://zh.wikipedia.org/wiki/板桥站_(忠清南道)		Q1239959	板桥	板桥
station	왜관	128.40048	35.99205	倭馆	https://zh.wikipedia.org/wiki/倭馆站		Q341410	倭馆	倭馆
station	군산	126.7603	35.99936	群山	https://zh.wikipedia.org/wiki/群山站		Q1239993	群山	群山
station	영월역	128.48093	37.18217	宁越	https://zh.wikipedia.org/wiki/宁越站		Q1599411	宁越	宁越
station	도계	129.04429	37.22939	道溪	https://zh.wikipedia.org/wiki/道溪站		Q983373	道溪	道溪
station	용문	127.59465	37.48223	龙门	https://zh.wikipedia.org/wiki/龙门站_(京畿道)		Q477582	龙门	龙门
station	밀양	128.77142	35.47485	密阳	https://zh.wikipedia.org/wiki/密阳站		Q477090	密阳	密阳
station	철암	129.03629	37.11308	铁岩	https://zh.wikipedia.org/wiki/铁岩站		Q1162666	铁岩	铁岩
station	강경	127.01727	36.15484	江景	https://zh.wikipedia.org/wiki/江景站		Q818385	江景	江景
station	거제해맞이	129.06909	35.18141	巨堤迎日	https://zh.wikipedia.org/wiki/巨堤迎日站		Q1598277	巨堤迎日	
station	광천	126.62256	36.50186	广川	https://zh.wikipedia.org/wiki/广川站		Q1239886	广川	广川
station	남창	129.28247	35.41927	南仓	https://zh.wikipedia.org/wiki/南仓站_(韩国)		Q625615	南仓	南仓
station	내수	127.53579	36.72845	内秀	https://zh.wikipedia.org/wiki/内秀站		Q812309	内秀	内秀
station	달천	127.87989	36.9607	达川	https://zh.wikipedia.org/wiki/达川站		Q812487	达川	达川
station	도안	127.61382	36.81405	道安	https://zh.wikipedia.org/wiki/道安站_(忠清北道)		Q1591800	道安	道安
station	동해	129.1226	37.49758	东海	https://zh.wikipedia.org/wiki/东海站_(韩国)		Q1162839	东海	东海
station	목행	127.93272	37.0167	牧杏	https://zh.wikipedia.org/wiki/牧杏站		Q812497	牧杏	牧杏
station	물금	128.98539	35.30664	勿禁	https://zh.wikipedia.org/wiki/勿禁站		Q477100	勿禁	勿禁
station	벌교	127.34558	34.84177	筏桥	https://zh.wikipedia.org/wiki/筏桥站		Q1333183	筏桥	筏桥
station	범일	129.05751	35.14511	凡一	https://zh.wikipedia.org/wiki/凡一站_(韩国铁道公社)		Q624282	凡一	凡一
station	봉양	128.12981	37.1304	凤阳	https://zh.wikipedia.org/wiki/凤阳站_(忠清北道)		Q620017	凤阳	凤阳
station	삽교	126.75153	36.67982	插桥	https://zh.wikipedia.org/wiki/插桥站		Q1235498	插桥	插桥
station	삼척	129.17878	37.42983	三陟	https://zh.wikipedia.org/wiki/三陟站		Q1599269	三陟	三陟
station	석포	129.06074	37.04545	石浦	https://zh.wikipedia.org/wiki/石浦站		Q1000012	石浦	石浦
station	석항	128.62056	37.19727	石项	https://zh.wikipedia.org/wiki/石项站		Q1599301	石项	石项
station	소이	127.75649	36.92266	苏伊	https://zh.wikipedia.org/wiki/苏伊站		Q812475	苏伊	苏伊
station	신동	128.48611	35.95544	新洞	https://zh.wikipedia.org/wiki/新洞站		Q341645	新洞	新洞
station	신례원	126.84957	36.72715	新礼院	https://zh.wikipedia.org/wiki/新礼院站		Q1235378	新礼院	新礼院
station	신태인	126.88413	35.68773	新泰仁	https://zh.wikipedia.org/wiki/新泰仁站		Q914578	新泰仁	新泰仁
station	어등	128.56009	36.71542	鱼登	https://zh.wikipedia.org/wiki/鱼登站		Q1464828	鱼登	鱼登
station	영천	128.93889	35.95905	永川	https://zh.wikipedia.org/wiki/永川站_(庆尚北道)		Q755243	永川	永川
station	예미	128.64833	37.21245	礼美	https://zh.wikipedia.org/wiki/礼美站		Q1599418	礼美	礼美
station	예당	127.20229	34.77863	礼堂	https://zh.wikipedia.org/wiki/礼堂站		Q1333402	礼堂	礼堂
station	예천	128.44369	36.64732	醴泉	https://zh.wikipedia.org/wiki/醴泉站		Q1464818	醴泉	醴泉
station	오수	127.3204	35.54308	獒树	https://zh.wikipedia.org/wiki/獒樹站		Q1232964	獒树	獒树
station	완사	127.97717	35.13461	浣纱	https://zh.wikipedia.org/wiki/浣纱站		Q1332399	浣纱	浣纱
station	원동	128.9208	35.36242	院洞	https://zh.wikipedia.org/wiki/院洞站		Q477098	院洞	院洞
station	원창	127.4473	34.86489	元仓	https://zh.wikipedia.org/wiki/元仓站		Q1333147	元仓	元仓
station	의성	128.69313	36.35336	义城	https://zh.wikipedia.org/wiki/义城站_(韩国)		Q728716	义城	义城
station	이원	127.61865	36.24399	伊院	https://zh.wikipedia.org/wiki/伊院站		Q292197	伊院	伊院
station	장항	126.71538	36.04003	长项	https://zh.wikipedia.org/wiki/长项站		Q1239985	长项	长项
station	전곡	127.07186	38.0246	全谷	https://zh.wikipedia.org/wiki/全谷站		Q483775	全谷	全谷
station	주포	126.57182	36.41102	周浦	https://zh.wikipedia.org/wiki/周浦站_(韩国)		Q1587010	周浦	周浦
station	청리	128.12888	36.33909	青里	https://zh.wikipedia.org/wiki/青里站		Q1464748	青里	青里
station	청천	128.76942	35.88088	清泉	https://zh.wikipedia.org/wiki/清泉站_(庆尚北道)		Q1598016	清泉	清泉
station	추전	128.94943	37.20003	杻田	https://zh.wikipedia.org/wiki/杻田站_(江原特别自治道)		Q464837	杻田	杻田
station	함열	126.95657	36.08017	咸悦	https://zh.wikipedia.org/wiki/咸悦站		Q914545	咸悦	咸悦
station	함창	128.17492	36.5696	咸昌	https://zh.wikipedia.org/wiki/咸昌站		Q1464787	咸昌	咸昌
station	현동	129.01231	36.93742	县洞	https://zh.wikipedia.org/wiki/县洞站		Q999838	县洞	县洞
station	구포	128.9973	35.20531	龟浦	https://zh.wikipedia.org/wiki/龟浦站_(韩国铁道公社)		Q477507	龟浦	龟浦
station	계룡	127.26653	36.27241	鸡龙	https://zh.wikipedia.org/wiki/鸡龙站		Q626423	鸡龙	鸡龙
station	석불	127.65494	37.45997	石佛	https://zh.wikipedia.org/wiki/石佛站_(京畿道)		Q1595526	石佛	石佛
station	남평	126.87197	35.05698	南平	https://zh.wikipedia.org/wiki/南平站_(韩国)		Q1333513	南平	南平
station	신탄진	127.42817	36.44963	新滩津	https://zh.wikipedia.org/wiki/新滩津站		Q188831	新滩津	新滩津
station	압록	127.37393	35.19768	鸭绿	https://zh.wikipedia.org/wiki/鸭绿站		Q1232224	鸭绿	鸭绿
station	오송	127.32736	36.62023	五松	https://zh.wikipedia.org/wiki/五松站		Q54285	五松	五松
station	이양	126.98987	34.89155	梨阳	https://zh.wikipedia.org/wiki/梨阳站		Q624369	梨阳	梨阳
station	지평	127.62907	37.47681	砥平	https://zh.wikipedia.org/wiki/砥平站		Q545131	砥平	砥平
station	연당	128.39608	37.18499	渊堂	https://zh.wikipedia.org/wiki/渊堂站		Q1599392	渊堂	渊堂
station	묵호항	129.11203	37.53985	墨湖港	https://zh.wikipedia.org/wiki/墨湖港站		Q1599202	墨湖港	墨湖港
station	묵호	129.10821	37.54618	墨湖	https://zh.wikipedia.org/wiki/墨湖站		Q1162845	墨湖	墨湖
station	일영	126.92897	37.70057	日迎	https://zh.wikipedia.org/wiki/日迎站		Q789484	日迎	日迎
station	월롱	126.79257	37.79625	月笼	https://zh.wikipedia.org/wiki/月笼站		Q59877	月笼	月笼
station	지천	128.50018	35.8974	枝川	https://zh.wikipedia.org/wiki/枝川站_(韓國)		Q341647	枝川	枝川
station	효천	126.87705	35.10297	孝泉	https://zh.wikipedia.org/wiki/孝泉站		Q1333519	孝泉	孝泉
station	연무대	127.0879	36.12429	炼武台	https://zh.wikipedia.org/wiki/鍊武臺站		Q1586904	炼武台	炼武台
station	도고온천	126.88955	36.74954	道高温泉	https://zh.wikipedia.org/wiki/道高温泉站		Q625019	道高温泉	道高温泉
station	청주	127.39236	36.64711	清州	https://zh.wikipedia.org/wiki/清州站		Q812289	清州	清州
station	추풍령	127.99639	36.21281	秋风岭	https://zh.wikipedia.org/wiki/秋风岭站		Q341160	秋风岭	秋风岭
station	파주	126.79243	37.81506	坡州	https://zh.wikipedia.org/wiki/坡州站		Q59878	坡州	坡州
station	망포	127.0569	37.24576	网浦	https://zh.wikipedia.org/wiki/网浦站		Q218358	网浦	网浦
station	영주	128.62558	36.81094	荣州	https://zh.wikipedia.org/wiki/荣州站		Q58919	荣州	荣州
station	임실	127.29021	35.63319	任实	https://zh.wikipedia.org/wiki/任实站		Q1232973	任实	任实
station	쌍용	127.12129	36.79372	双龙	https://zh.wikipedia.org/wiki/双龙站_(忠清南道)		Q167598	双龙	双龙
station	원덕	127.54687	37.46877	元德	https://zh.wikipedia.org/wiki/元德站		Q484032	元德	元德
station	아산	127.10445	36.7921	牙山	https://zh.wikipedia.org/wiki/牙山站		Q167603	牙山	牙山
station	여천	127.66445	34.77946	丽川	https://zh.wikipedia.org/wiki/丽川站		Q1163006	丽川	丽川
station	배방	127.05299	36.7777	排芳	https://zh.wikipedia.org/wiki/排芳站		Q167606	排芳	排芳
station	대저	128.96109	35.21334	大渚	https://zh.wikipedia.org/wiki/大渚站		Q704872	大渚	大渚
station	구포	128.99635	35.20669	龟浦	https://zh.wikipedia.org/wiki/龟浦站_(釜山地铁)		Q4865427	龟浦	龟浦
station	중랑	127.07631	37.59498	中浪	https://zh.wikipedia.org/wiki/中浪站		Q50004	中浪	中浪
station	문산	126.7879	37.85445	文山	https://zh.wikipedia.org/wiki/文山站		Q59880	文山	文山
station	울산	129.13793	35.55131	蔚山	https://zh.wikipedia.org/wiki/蔚山站		Q54295	蔚山	蔚山
station	좌천	129.24513	35.31183	佐川	https://zh.wikipedia.org/wiki/佐川站_(韩国铁道公社)		Q1598420	佐川	佐川
station	한림정	128.80422	35.32312	翰林亭	https://zh.wikipedia.org/wiki/翰林亭站		Q1239952	翰林亭	翰林亭
station	진영	128.77355	35.29875	进永	https://zh.wikipedia.org/wiki/进永站		Q1332309	进永	进永
station	진례	128.763	35.26651	进礼	https://zh.wikipedia.org/wiki/进礼站		Q1332331	进礼	进礼
station	당정	126.94836	37.34343	堂井	https://zh.wikipedia.org/wiki/堂井站		Q137229	堂井	堂井
station	금사	129.11531	35.21576	锦丝	https://zh.wikipedia.org/wiki/锦丝站		Q704991	锦丝	锦丝
station	서동	129.10751	35.21305	书洞	https://zh.wikipedia.org/wiki/书洞站		Q705078	书洞	书洞
station	충렬사	129.09765	35.19972	忠烈祠	https://zh.wikipedia.org/wiki/忠烈祠站		Q705470	忠烈祠	忠烈祠
station	동래	129.07736	35.20465	东莱	https://zh.wikipedia.org/wiki/东莱站_(釜山地铁)		Q705360	东莱	东莱
station	영산대	129.14612	35.22562	灵山大学	https://zh.wikipedia.org/wiki/靈山大學站		Q706510	灵山大学	灵山大
station	고촌	129.1605	35.23609	古村	https://zh.wikipedia.org/wiki/古村站		Q705107	古村	古村
station	수안	129.08392	35.2018	寿安	https://zh.wikipedia.org/wiki/寿安站		Q705451	寿安	寿安
station	화명	129.00763	35.23446	华明	https://zh.wikipedia.org/wiki/华明站_(韩国铁道公社)		Q477420	华明	华明
station	화명	129.01378	35.23525	华明	https://zh.wikipedia.org/wiki/華明站_(釜山地鐵)		Q626177	华明	华明
station	부산역	129.0399	35.11573	釜山	https://zh.wikipedia.org/wiki/釜山站_(釜山地铁)		Q705273	釜山	釜山
station	망우	127.09186	37.59963	忘忧	https://zh.wikipedia.org/wiki/忘忧站		Q49994	忘忧	忘忧
station	경기도청북부청사	127.07162	37.75072	京畿道厅北部厅舍	https://zh.wikipedia.org/wiki/京畿道厅北部厅舍站		Q702738	京畿道厅北部厅舍	京畿道厅北部厅舍
station	흥선	127.0372	37.74329	兴宣	https://zh.wikipedia.org/wiki/兴宣站		Q702923	兴宣	兴宣
station	경전철의정부	127.0433	37.73727	轻电铁议政府	https://zh.wikipedia.org/wiki/轻电铁议政府站		Q702753	轻电铁议政府	轻电铁议政府
station	의정부중앙	127.04976	37.74369	议政府中央	https://zh.wikipedia.org/wiki/议政府中央站		Q702877	议政府中央	议政府中央
station	동오	127.057	37.74524	东梧	https://zh.wikipedia.org/wiki/东梧站		Q702784	东梧	东梧
station	발곡	127.05295	37.72701	钵谷	https://zh.wikipedia.org/wiki/钵谷站		Q702797	钵谷	钵谷
station	곤제	127.08383	37.75053	昆弟	https://zh.wikipedia.org/wiki/昆弟站		Q702767	昆弟	昆弟
station	범골	127.04368	37.72877	虎谷	https://zh.wikipedia.org/wiki/虎谷站		Q702809	虎谷	
station	새말	127.06378	37.74885	塞末	https://zh.wikipedia.org/wiki/塞末站		Q702820	塞末	
station	탑석	127.08894	37.73353	塔石	https://zh.wikipedia.org/wiki/塔石站		Q702893	塔石	塔石
station	어룡	127.08522	37.74268	鱼龙	https://zh.wikipedia.org/wiki/鱼龙站_(京畿道)		Q702850	鱼龙	鱼龙
station	국회의사당	126.91796	37.52802	国会议事堂	https://zh.wikipedia.org/wiki/国会议事堂站		Q59998	国会议事堂	国会议事堂
station	금강	128.73739	35.86249	琴江	https://zh.wikipedia.org/wiki/琴江站		Q12586390	琴江	琴江
station	구성	127.10575	37.29901	驹城	https://zh.wikipedia.org/wiki/驹城站		Q46207	驹城	驹城
station	봉화	128.72544	36.89149	奉化	https://zh.wikipedia.org/wiki/奉化站_(庆尚北道)		Q1597624	奉化	奉化
station	분천	129.05783	36.93255	汾川	https://zh.wikipedia.org/wiki/汾川站		Q999947	汾川	汾川
station	춘양	128.92024	36.93756	春阳	https://zh.wikipedia.org/wiki/春阳站		Q999483	春阳	春阳
station	임기	128.99905	36.90395	林基	https://zh.wikipedia.org/wiki/林基站		Q999765	林基	林基
station	신갈	127.11138	37.28615	新葛	https://zh.wikipedia.org/wiki/新葛站		Q46209	新葛	新葛
station	백마고지	127.16603	38.25753	白马高地	https://zh.wikipedia.org/wiki/白马高地站		Q492003	白马高地	白马高地
station	봉명	127.13586	36.8013	凤鸣	https://zh.wikipedia.org/wiki/凤鸣站_(忠清南道)		Q167590	凤鸣	凤鸣
station	노들	126.95355	37.51297	鹭得	https://zh.wikipedia.org/wiki/鷺得站		Q60049	鹭得	
station	신설동	127.02467	37.57605	新设洞	https://zh.wikipedia.org/wiki/新設洞站		Q490460	新设洞	新设洞
station	한국항공대	126.8684	37.60278	韩国航空大	https://zh.wikipedia.org/wiki/韓國航空大站		Q59848	韩国航空大	韩国航空大
station	곡산	126.80181	37.64575	谷山	https://zh.wikipedia.org/wiki/谷山站_(京畿道)		Q59861	谷山	谷山
station	백마	126.79448	37.65833	白马	https://zh.wikipedia.org/wiki/白马站_(京畿道)		Q59865	白马	白马
station	임진강	126.74828	37.88826	临津江	https://zh.wikipedia.org/wiki/临津江站		Q54345	临津江	临津江
station	풍산	126.78624	37.67235	枫山	https://zh.wikipedia.org/wiki/枫山站_(京畿道)		Q59866	枫山	枫山
station	용답	127.05086	37.56209	龙踏	https://zh.wikipedia.org/wiki/龍踏站		Q488108	龙踏	龙踏
station	제진	128.3887	38.56756	猪津	https://zh.wikipedia.org/wiki/猪津站		Q1333531	猪津	猪津
station	신촌	126.94236	37.55978	新村	https://zh.wikipedia.org/wiki/新村站_(韩国铁道公社)		Q59840	新村	新村
station	수서	127.10184	37.48742	水西	https://zh.wikipedia.org/wiki/水西站_(韩国)		Q46157	水西	水西
station	상무	126.84865	35.14673	尚武	https://zh.wikipedia.org/wiki/尚武站_(韓國)		Q1583312	尚武	尚武
station	국제업무지구	126.63041	37.39979	国际业务园区	https://zh.wikipedia.org/wiki/國際業務園區站		Q488985	国际业务园区	国际业务地区
station	백양리	127.58917	37.83078	白杨里	https://zh.wikipedia.org/wiki/白杨里站	matched by name: Korean name, only item of that name, 2.1 km from its Wikidata position	Q49962	白杨里	白杨里
station	강촌	127.63413	37.80571	江村	https://zh.wikipedia.org/wiki/江村站_(韓國)		Q49956	江村	江村
station	광명	126.8847	37.41638	光明	https://zh.wikipedia.org/wiki/光明站_(京畿道)		Q20950	光明	光明
station	사릉	127.1769	37.6511	思陵	https://zh.wikipedia.org/wiki/思陵站		Q49986	思陵	思陵
station	계양	126.73586	37.5715	桂阳	https://zh.wikipedia.org/wiki/桂陽站		Q54261	桂阳	桂阳
station	계양	126.73631	37.57177	桂阳	https://zh.wikipedia.org/wiki/桂陽站		Q54261	桂阳	桂阳
station	귤현	126.74266	37.56635	橘岘	https://zh.wikipedia.org/wiki/橘岘站		Q491159	橘岘	橘岘
station	동인천	126.63306	37.47513	东仁川	https://zh.wikipedia.org/wiki/東仁川站		Q498018	东仁川	东仁川
station	간석	126.69353	37.46473	间石	https://zh.wikipedia.org/wiki/間石站		Q490501	间石	间石
station	운서	126.49381	37.49293	云西	https://zh.wikipedia.org/wiki/雲西站		Q58999	云西	云西
station	부개	126.74061	37.48849	富开	https://zh.wikipedia.org/wiki/富開站		Q490712	富开	富开
station	달월	126.74536	37.37998	达月	https://zh.wikipedia.org/wiki/达月站		Q702328	达月	达月
station	충정로	126.96291	37.55937	忠正路	https://zh.wikipedia.org/wiki/忠正路站		Q498145	忠正路	忠正路
station	상동	126.75317	37.50584	上洞	https://zh.wikipedia.org/wiki/上洞站_(京畿道)		Q69073	上洞	上洞
station	서강대	126.93518	37.55235	西江大学	https://zh.wikipedia.org/wiki/西江大學站		Q699509	西江大学	西江大
station	평택지제	127.07045	37.0188	平泽芝制	https://zh.wikipedia.org/wiki/平泽芝制站		Q167502	平泽芝制	平泽芝制
station	신창	126.95182	36.76979	新昌	https://zh.wikipedia.org/wiki/新昌站_(韩国)		Q167613	新昌	新昌
station	청라국제도시	126.62469	37.55645	青罗国际城	https://zh.wikipedia.org/wiki/青羅國際城站		Q14412748	青罗国际城	青罗国际都市
station	대성리	127.37959	37.68385	大成里	https://zh.wikipedia.org/wiki/大成里站		Q49973	大成里	大成里
station	송산	127.08725	37.73726	松山	https://zh.wikipedia.org/wiki/松山站_(京畿道)		Q702834	松山	松山
station	종로5가	127.00202	37.57099	钟路5街	https://zh.wikipedia.org/wiki/鐘路5街站		Q79979	钟路5街	钟路5街
station	두정	127.14894	36.83365	斗井	https://zh.wikipedia.org/wiki/斗井站		Q167556	斗井	斗井
station	진위	127.06239	37.10999	振威	https://zh.wikipedia.org/wiki/振威站		Q167493	振威	振威
station	고속터미널	127.00492	37.50504	高速巴士客运站	https://zh.wikipedia.org/wiki/高速巴士客运站站		Q20941	高速巴士客运站	
station	청량리	127.04826	37.5806	清凉里	https://zh.wikipedia.org/wiki/清凉里站		Q20417	清凉里	清凉里
station	공전	128.07797	37.10138	公田	https://zh.wikipedia.org/wiki/公田站		Q812515	公田	公田
station	칠곡경대병원	128.55988	35.95838	漆谷庆大医院	https://zh.wikipedia.org/wiki/漆谷慶大醫院站		Q15985345	漆谷庆大医院	漆谷庆大病院
station	주덕	127.80284	36.97312	周德	https://zh.wikipedia.org/wiki/周德站		Q812483	周德	周德
station	음성	127.70394	36.92571	阴城	https://zh.wikipedia.org/wiki/阴城站		Q812458	阴城	阴城
station	봉은사	127.06024	37.51419	奉恩寺	https://zh.wikipedia.org/wiki/奉恩寺站		Q17278985	奉恩寺	奉恩寺
station	언주	127.03387	37.50732	彦州	https://zh.wikipedia.org/wiki/彥州站		Q17278983	彦州	彦州
station	삼성중앙	127.05347	37.5131	三成中央	https://zh.wikipedia.org/wiki/三成中央站		Q17278984	三成中央	三成中央
station	사평	127.01514	37.5043	砂平	https://zh.wikipedia.org/wiki/砂平站		Q60071	砂平	砂平
station	선정릉	127.04386	37.51025	宣靖陵	https://zh.wikipedia.org/wiki/宣靖陵站		Q46111	宣靖陵	宣靖陵
station	신논현	127.02453	37.50432	新论岘	https://zh.wikipedia.org/wiki/新論峴站		Q53000	新论岘	新论岘
station	외대앞	127.06374	37.59631	外大前	Wikidata Q490070 zh-hans	zh.wikipedia title is 韩国外国语大学, which drops 前; 前 kept because the Korean name has it	Q490070	韩国外国语大学	
station	구반포	126.98678	37.50129	旧盘浦	https://zh.wikipedia.org/wiki/旧盘浦站		Q60054	旧盘浦	旧盘浦
station	흑석	126.96395	37.50838	黑石	https://zh.wikipedia.org/wiki/黑石站_(韩国)		Q52307	黑石	黑石
station	신반포	126.99642	37.5036	新盘浦	https://zh.wikipedia.org/wiki/新盤浦站		Q60056	新盘浦	新盘浦
station	조치원	127.29589	36.60102	鸟致院	https://zh.wikipedia.org/wiki/鸟致院站		Q188312	鸟致院	鸟致院
station	영종	126.5246	37.51189	永宗	https://zh.wikipedia.org/wiki/永宗站		Q15894783	永宗	永宗
station	경주	129.13896	35.79827	庆州	https://zh.wikipedia.org/wiki/慶州站		Q54294	庆州	庆州
station	명륜	129.07972	35.21265	明伦	https://zh.wikipedia.org/wiki/明倫站		Q705376	明伦	明伦
station	정동진	129.03251	37.69183	正东津	https://zh.wikipedia.org/wiki/正东津站		Q983383	正东津	正东津
station	추암	129.15734	37.4786	湫岩	https://zh.wikipedia.org/wiki/湫岩站		Q1599515	湫岩	湫岩
station	삼척해변	129.16636	37.46822	三陟海边	https://zh.wikipedia.org/wiki/三陟海边站		Q1599273	三陟海边	三陟海边
station	개포	128.32856	36.62694	开浦	https://zh.wikipedia.org/wiki/开浦站		Q1464812	开浦	开浦
station	용궁	128.27342	36.60692	龙宫	https://zh.wikipedia.org/wiki/龙宫站		Q1464807	龙宫	龙宫
station	쌍룡	128.32868	37.17423	双龙	https://zh.wikipedia.org/wiki/双龙站_(江原特别自治道)		Q1599367	双龙	双龙
station	양동	127.75476	37.42027	杨东	https://zh.wikipedia.org/wiki/杨东站		Q545295	杨东	杨东
station	만종	127.89311	37.35395	万钟	https://zh.wikipedia.org/wiki/萬鍾站	title 萬鍾站; the converter writes 万锺, 钟 is the standard simplified form outside surnames; OSM name:zh and the Wikidata zh label also give 万钟	Q545459	万锺	万锺
station	심천	127.72079	36.23683	深川	https://zh.wikipedia.org/wiki/深川站_(忠清北道)		Q625284	深川	深川
station	삼랑진	128.84387	35.39903	三浪津	https://zh.wikipedia.org/wiki/三浪津站		Q477097	三浪津	三浪津
station	남성현	128.71622	35.70483	南省岘	https://zh.wikipedia.org/wiki/南省岘站		Q477078	南省岘	南省岘
station	사곡	128.35643	36.09837	沙谷	https://zh.wikipedia.org/wiki/沙谷站		Q341209	沙谷	沙谷
station	청주공항	127.48964	36.7218	清州机场	https://zh.wikipedia.org/wiki/清州机场站		Q812302	清州机场	清州空港
station	온천장	129.08643	35.22024	温泉场	https://zh.wikipedia.org/wiki/溫泉場站		Q624165	温泉场	温泉场
station	야당	126.76152	37.71297	野塘	https://zh.wikipedia.org/wiki/野塘站		Q18328866	野塘	野塘
station	지행	127.05581	37.89227	纸杏	https://zh.wikipedia.org/wiki/紙杏站		Q483399	纸杏	纸杏
station	능주	126.96427	34.98578	绫州	https://zh.wikipedia.org/wiki/绫州站		Q1333492	绫州	绫州
station	삼산	127.77973	37.39228	三山	https://zh.wikipedia.org/wiki/三山站_(京畿道)		Q545338	三山	三山
station	금지	127.29021	35.32928	金池	https://zh.wikipedia.org/wiki/金池站		Q1232235	金池	金池
station	군북	128.35203	35.2521	郡北	https://zh.wikipedia.org/wiki/郡北站		Q1332422	郡北	郡北
station	반성	128.25824	35.17481	班城	https://zh.wikipedia.org/wiki/班城站		Q1597026	班城	班城
station	진주	128.11835	35.15012	晋州	https://zh.wikipedia.org/wiki/晉州站_(韓國)		Q389035	晋州	晋州
station	횡천	127.80168	35.09927	横川	https://zh.wikipedia.org/wiki/横川站_(韩国)		Q1332768	横川	横川
station	구절리	128.72699	37.51663	九切里	https://zh.wikipedia.org/wiki/九切里站		Q1599080	九切里	九切里
station	아우라지	128.72211	37.47287	阿乌拉吉	https://zh.wikipedia.org/wiki/阿乌拉吉站		Q1599376	阿乌拉吉	
station	나전	128.66843	37.44978	罗田	https://zh.wikipedia.org/wiki/罗田站_(韩国)		Q1599110	罗田	罗田
station	득량	127.17033	34.76119	得粮	https://zh.wikipedia.org/wiki/得粮站		Q1333414	得粮	得粮
station	운정	126.76705	37.72533	云井	https://zh.wikipedia.org/wiki/云井站_(京畿道)		Q59871	云井	云井
station	천안아산	127.1045	36.79438	天安牙山	https://zh.wikipedia.org/wiki/天安牙山站		Q54282	天安牙山	天安牙山
station	직산	127.14391	36.87074	稷山	https://zh.wikipedia.org/wiki/稷山站_(韩国)		Q167552	稷山	稷山
station	신성	126.66241	36.56799	新城	https://zh.wikipedia.org/wiki/新城站_(忠清南道)		Q1586883	新城	新城
station	청소	126.59078	36.44568	青所	https://zh.wikipedia.org/wiki/青所站		Q1587042	青所	青所
station	원죽	126.61765	36.46671	元竹	https://zh.wikipedia.org/wiki/元竹站		Q1239900	元竹	元竹
station	남포	126.59476	36.31559	蓝浦	https://zh.wikipedia.org/wiki/蓝浦站		Q1240498	蓝浦	蓝浦
station	청령포	128.44968	37.17067	清泠浦	https://zh.wikipedia.org/wiki/清冷浦信号场	title has 清冷浦 but the infobox Hanja on zh.wikipedia and ko.wikipedia and OSM name:ko-Hani all give 淸泠浦; 信号场 dropped as the Korean name has no 신호장	Q1599501	清冷浦	清泠浦
station	탄부	128.50916	37.18336	炭釜	https://zh.wikipedia.org/wiki/炭釜信号场	title is 炭釜信号场; 信号场 dropped as the Korean name has no 신호장	Q1599538	炭釜	炭釜
station	연하	128.55522	37.19076	莲下	https://zh.wikipedia.org/wiki/莲下信号场	title is 莲下信号场; 信号场 dropped as the Korean name has no 신호장	Q1599401	莲下	莲下
station	함백	128.69731	37.21598	咸白	https://zh.wikipedia.org/wiki/咸白站		Q1599564	咸白	咸白
station	조동	128.69792	37.22774	鸟洞	https://zh.wikipedia.org/wiki/鸟洞信号场	title is 鸟洞信号场; 信号场 dropped as the Korean name has no 신호장	Q1599479	鸟洞	鸟洞
station	자미원	128.73368	37.23667	紫味院	https://zh.wikipedia.org/wiki/紫味院信号场	title is 紫味院信号场; 信号场 dropped as the Korean name has no 신호장	Q1599457	紫味院	紫味院
station	민둥산	128.77364	37.24364	民东山	https://zh.wikipedia.org/wiki/民东山站		Q1599221	民东山	
station	괴목	127.42682	35.09537	槐木	https://zh.wikipedia.org/wiki/槐木站		Q1596428	槐木	槐木
station	문곡	128.98986	37.15175	文曲	https://zh.wikipedia.org/wiki/文曲站		Q1599211	文曲	文曲
station	별어곡	128.73974	37.26925	别于谷	https://zh.wikipedia.org/wiki/別於谷站		Q1599254	别于谷	别于谷
station	선평	128.71268	37.32176	仙坪	https://zh.wikipedia.org/wiki/仙坪站		Q1599306	仙坪	仙坪
station	승부	129.08387	36.99309	承富	https://zh.wikipedia.org/wiki/承富站		Q999980	承富	承富
station	양원	129.09139	36.96383	两元	https://zh.wikipedia.org/wiki/两元站		Q999962	两元	两元
station	백원	128.17434	36.48135	白元	https://zh.wikipedia.org/wiki/白元站		Q1597587	白元	白元
station	옥산	128.09437	36.28291	玉山	https://zh.wikipedia.org/wiki/玉山站_(庆尚北道)		Q1464728	玉山	玉山
station	서원주	127.8394	37.34853	西原州	https://zh.wikipedia.org/wiki/西原州站		Q545380	西原州	西原州
station	의왕	126.94803	37.321	义王	https://zh.wikipedia.org/wiki/义王站		Q54302	义王	义王
station	화서	126.98961	37.28391	华西	https://zh.wikipedia.org/wiki/华西站		Q54305	华西	华西
station	수원	126.99991	37.26581	水原	https://zh.wikipedia.org/wiki/水原站_(韓國)		Q54306	水原	水原
station	세류	127.01372	37.24411	细柳	https://zh.wikipedia.org/wiki/細柳站		Q54308	细柳	细柳
station	지탄	127.67589	36.24174	池滩	https://zh.wikipedia.org/wiki/池滩站		Q292253	池滩	池滩
station	평창	128.43003	37.56196	平昌	https://zh.wikipedia.org/wiki/平昌站_(韓國)		Q31179708	平昌	平昌
station	둔내	128.22127	37.51002	屯内	https://zh.wikipedia.org/wiki/屯內站		Q31179696	屯内	屯内
station	병점	127.03313	37.20683	饼店	https://zh.wikipedia.org/wiki/餅店站		Q54309	饼店	饼店
station	대야미	126.91686	37.32793	大夜味	https://zh.wikipedia.org/wiki/大夜味站		Q490578	大夜味	大夜味
station	재송	129.1201	35.18804	栽松	https://zh.wikipedia.org/wiki/栽松站		Q1234102	栽松	栽松
station	녹동	126.93399	35.10682	鹿洞	https://zh.wikipedia.org/wiki/鹿洞站_(全南光州統合特別市)		Q623583	鹿洞	鹿洞
station	청라언덕	128.58234	35.86422	青萝坡	https://zh.wikipedia.org/wiki/青蘿坡站		Q624061	青萝坡	
station	괘법르네시떼	128.97759	35.16328	挂法Renecite	https://zh.wikipedia.org/wiki/挂法Renecite站	Latin letters in the name	Q705895	挂法Renecite	
station	부원	128.88388	35.22646	府院	https://zh.wikipedia.org/wiki/府院站		Q4869297	府院	府院
station	장신대	128.86725	35.25939	长神大	https://zh.wikipedia.org/wiki/长神大站		Q4869328	长神大	长神大
station	등구	128.9635	35.19616	登龟	https://zh.wikipedia.org/wiki/登龟站	matched by name: Korean name, only item of that name, 1.8 km from its Wikidata position	Q704908	登龟	登龟
station	서부산유통지구	128.95494	35.16639	西釜山流通地区	https://zh.wikipedia.org/wiki/西釜山流通地区站		Q704925	西釜山流通地区	西釜山流通地区
station	김해대학	128.91555	35.229	金海大学	https://zh.wikipedia.org/wiki/金海大学站		Q4866006	金海大学	金海大学
station	지내	128.92379	35.22751	池内	https://zh.wikipedia.org/wiki/池内站		Q4865974	池内	池内
station	불암	128.92785	35.22217	佛岩	https://zh.wikipedia.org/wiki/佛岩站		Q4865939	佛岩	佛岩
station	대사	128.93839	35.21778	大沙	https://zh.wikipedia.org/wiki/大沙站_(韓國)		Q704848	大沙	大沙
station	평강	128.95064	35.21402	平江	https://zh.wikipedia.org/wiki/平江站		Q704958	平江	平江
station	가야대	128.86495	35.26683	加耶大	https://zh.wikipedia.org/wiki/加耶大站		Q4869332	加耶大	加耶大
station	인제대	128.90177	35.22807	仁济大	https://zh.wikipedia.org/wiki/仁济大站		Q4869289	仁济大	仁济大
station	김해시청	128.89038	35.22708	金海市厅	https://zh.wikipedia.org/wiki/金海市厅站		Q4869292	金海市厅	金海市厅
station	박물관	128.87182	35.24	博物馆	https://zh.wikipedia.org/wiki/博物馆站_(庆尚南道)		Q4869316	博物馆	博物馆
station	수로왕릉	128.8721	35.23284	首露王陵	https://zh.wikipedia.org/wiki/首露王陵站		Q4869309	首露王陵	首露王陵
station	연지공원	128.86921	35.24967	莲池公园	https://zh.wikipedia.org/wiki/莲池公园站		Q4869324	莲池公园	莲池公园
station	공항	128.9486	35.17187	机场	https://zh.wikipedia.org/wiki/机场站_(釜山广域市)		Q704830	机场	空港
station	덕두	128.95406	35.18195	德斗	https://zh.wikipedia.org/wiki/德斗站		Q704891	德斗	德斗
station	해운대	129.15875	35.16375	海云台	https://zh.wikipedia.org/wiki/海雲臺站		Q706557	海云台	海云台
station	중동	129.16781	35.16668	中洞	https://zh.wikipedia.org/wiki/中洞站_(釜山廣域市)		Q706536	中洞	中洞
station	장산	129.17586	35.16947	苌山	https://zh.wikipedia.org/wiki/萇山站		Q625055	苌山	苌山
station	온수	126.82353	37.4923	温水	https://zh.wikipedia.org/wiki/温水站_(首尔特别市)		Q69040	温水	温水
station	왕십리	127.03858	37.56149	往十里	https://zh.wikipedia.org/wiki/往十里站		Q17184	往十里	往十里
station	청산	127.07434	37.99515	青山	https://zh.wikipedia.org/wiki/青山站_(京畿道)		Q483650	青山	青山
station	신망리	127.07846	38.1325	新望里	https://zh.wikipedia.org/wiki/新望里站		Q483764	新望里	新望里
station	응봉	127.03473	37.55028	鹰峰	https://zh.wikipedia.org/wiki/鹰峰站		Q58953	鹰峰	鹰峰
station	도봉	127.04555	37.67921	道峰	https://zh.wikipedia.org/wiki/道峰站		Q490310	道峰	道峰
station	서빙고	126.98832	37.51957	西冰库	https://zh.wikipedia.org/wiki/西冰库站		Q58956	西冰库	西冰库
station	제천	128.20596	37.12707	堤川	https://zh.wikipedia.org/wiki/堤川站		Q620025	堤川	堤川
station	광곡	127.07302	34.79648	广谷	https://zh.wikipedia.org/wiki/广谷站		Q320636	广谷	广谷
station	평동	126.7696	35.12481	平洞	https://zh.wikipedia.org/wiki/平洞站		Q1583223	平洞	平洞
station	수영	129.1147	35.16541	水营	https://zh.wikipedia.org/wiki/水營站		Q706225	水营	水营
station	연산	129.08151	35.18616	莲山	https://zh.wikipedia.org/wiki/蓮山站		Q706322	莲山	莲山
station	연산	129.08177	35.18585	莲山	https://zh.wikipedia.org/wiki/蓮山站		Q706322	莲山	莲山
station	월곶	126.7427	37.39179	月串	https://zh.wikipedia.org/wiki/月串站		Q547111	月串	月串
station	수정	129.00919	35.2233	水亭	https://zh.wikipedia.org/wiki/水亭站		Q705814	水亭	水亭
station	신길온천	126.7673	37.33754	新吉温泉	https://zh.wikipedia.org/wiki/新吉溫泉站		Q490346	新吉温泉	新吉温泉
station	구래	126.62872	37.64535	九来	https://zh.wikipedia.org/wiki/九來站		Q24864050	九来	九来
station	정왕	126.74295	37.35181	正往	https://zh.wikipedia.org/wiki/正往站		Q490469	正往	正往
station	수리산	126.92556	37.35042	修理山	https://zh.wikipedia.org/wiki/修理山站		Q497879	修理山	修理山
station	중앙	126.83853	37.31603	中央	https://zh.wikipedia.org/wiki/中央站_(京畿道)		Q497905	中央	中央
station	양재	127.03415	37.4844	良才	https://zh.wikipedia.org/wiki/良才站		Q100852	良才	良才
station	이촌	126.97336	37.52244	二村	https://zh.wikipedia.org/wiki/二村站		Q58957	二村	二村
station	전대·에버랜드	127.21955	37.28535	前垈·爱宝乐园	https://zh.wikipedia.org/wiki/前垈·爱宝乐园站		Q702679	前垈·爱宝乐园	
station	하남풍산	127.20363	37.55196	河南丰山	https://zh.wikipedia.org/wiki/河南豐山站		Q65309634	河南丰山	河南丰山
station	하남시청	127.2067	37.54177	河南市厅	https://zh.wikipedia.org/wiki/河南市廳站		Q65309617	河南市厅	河南市厅
station	하남검단산	127.22353	37.5397	河南黔丹山	https://zh.wikipedia.org/wiki/河南黔丹山站		Q65309604	河南黔丹山	河南黔丹山
station	복정	127.12671	37.47058	福井	https://zh.wikipedia.org/wiki/福井站_(韓國)		Q46170	福井	福井
station	센텀시티	129.13122	35.16859	Centum City	https://zh.wikipedia.org/wiki/Centum_City站	Latin letters in the name	Q706473	Centum City	
station	부전	129.06011	35.1646	釜田	https://zh.wikipedia.org/wiki/釜田站_(韩国铁道公社)		Q624891	釜田	釜田
station	두실	129.09139	35.25703	斗实	https://zh.wikipedia.org/wiki/斗实站		Q705046	斗实	斗实
station	남산	129.09257	35.26543	南山	https://zh.wikipedia.org/wiki/南山站_(釜山廣域市)		Q705005	南山	南山
station	교대	129.07975	35.19384	教大	https://zh.wikipedia.org/wiki/教大站_(釜山廣域市)		Q706257	教大	教大
station	운연	126.75963	37.43966	云宴	https://zh.wikipedia.org/wiki/雲宴站		Q20823481	云宴	云宴
station	금촌	126.77458	37.76623	金村	https://zh.wikipedia.org/wiki/金村站		Q59875	金村	金村
station	탄현	126.76103	37.69411	炭岘	https://zh.wikipedia.org/wiki/炭岘站		Q59869	炭岘	炭岘
station	행신	126.83406	37.61203	幸信	https://zh.wikipedia.org/wiki/幸信站		Q59850	幸信	幸信
station	석수	126.90231	37.43513	石水	https://zh.wikipedia.org/wiki/石水站		Q137181	石水	石水
station	독산	126.88948	37.46607	秃山	https://zh.wikipedia.org/wiki/秃山站		Q137175	秃山	秃山
station	안양	126.92288	37.40163	安养	https://zh.wikipedia.org/wiki/安養站		Q54301	安养	安养
station	도농	127.16119	37.60878	陶农	https://zh.wikipedia.org/wiki/陶农站		Q58946	陶农	陶农
station	양정	127.19461	37.60402	养正	https://zh.wikipedia.org/wiki/养正站		Q482969	养正	养正
station	덕소	127.20882	37.5869	德沼	https://zh.wikipedia.org/wiki/德沼站		Q58944	德沼	德沼
station	도심	127.22268	37.57963	陶深	https://zh.wikipedia.org/wiki/陶深站		Q58943	陶深	陶深
station	팔당	127.24381	37.54749	八堂	https://zh.wikipedia.org/wiki/八堂站		Q58942	八堂	八堂
station	신내	127.10324	37.61265	新内	https://zh.wikipedia.org/wiki/新內站		Q700159	新内	新内
station	금천구청	126.8939	37.45581	衿川区厅	https://zh.wikipedia.org/wiki/衿川区厅站		Q54299	衿川区厅	衿川区厅
station	강매	126.84453	37.61229	江梅	https://zh.wikipedia.org/wiki/江梅站		Q624823	江梅	江梅
station	능곡	126.82052	37.61894	陵谷	https://zh.wikipedia.org/wiki/陵谷站		Q59852	陵谷	陵谷
station	암사역사공원	127.13743	37.55705	岩寺历史公园	https://zh.wikipedia.org/wiki/首都圈電鐵8號線 (station list: 岩寺歷史公園)	no article of its own on zh.wikipedia; simplified form as in the Wikidata Q108604741 label / Hanja	Q108604741		岩寺历史公园
station	강구	129.37223	36.35224	江口	https://zh.wikipedia.org/wiki/江口站_(韓國)		Q31180369	江口	江口
station	장사	129.36914	36.28414	长沙	https://zh.wikipedia.org/wiki/長沙站_(慶尚北道)		Q31180259	长沙	长沙
station	월포	129.3664	36.20401	月浦	https://zh.wikipedia.org/wiki/月浦站		Q31180267	月浦	月浦
station	고색	126.98046	37.24969	古索	https://zh.wikipedia.org/wiki/古索站		Q1595323	古索	古索
station	오목천	126.96374	37.24331	梧木川	https://zh.wikipedia.org/wiki/梧木川站		Q72938937	梧木川	梧木川
station	어천	126.90892	37.25012	渔川	https://zh.wikipedia.org/wiki/渔川站		Q1595636	渔川	渔川
station	야목	126.88402	37.26122	野牧	https://zh.wikipedia.org/wiki/野牧站		Q1595605	野牧	野牧
station	사리	126.8572	37.29087	四里	https://zh.wikipedia.org/wiki/四里站		Q1595486	四里	四里
station	동탄	127.09558	37.20036	东滩	https://zh.wikipedia.org/wiki/東灘站_(韓國)		Q23954759	东滩	东滩
station	장림	128.97738	35.08186	长林	https://zh.wikipedia.org/wiki/長林站_(釜山廣域市)		Q22329179	长林	长林
station	동매	128.97327	35.08977	东嵋	https://zh.wikipedia.org/wiki/東嵋站		Q22329180	东嵋	东嵋
station	부산대	129.08936	35.22964	釜山大学	https://zh.wikipedia.org/wiki/釜山大學站		Q624204	釜山大学	釜山大
station	다대포해수욕장	128.96602	35.0482	多大浦海水浴场	https://zh.wikipedia.org/wiki/多大浦海水浴場站		Q22329176	多大浦海水浴场	多大浦海水浴场
station	신평	128.96068	35.09522	新平	https://zh.wikipedia.org/wiki/新平站_(韓國)		Q482935	新平	新平
station	안평	129.17172	35.23742	安平	https://zh.wikipedia.org/wiki/安平站_(釜山廣域市)		Q705127	安平	安平
station	벡스코	129.1361	35.17157	BEXCO	https://zh.wikipedia.org/wiki/BEXCO站	Latin letters in the name	Q706493	BEXCO	
station	석대	129.13685	35.21812	石坮	https://zh.wikipedia.org/wiki/石坮站		Q706457	石坮	石坮
station	오이도	126.73849	37.36192	乌耳岛	https://zh.wikipedia.org/wiki/乌耳岛站		Q490570	乌耳岛	乌耳岛
station	보문	127.01937	37.58527	普门	https://zh.wikipedia.org/wiki/普门站		Q490891	普门	普门
station	신해운대	129.17682	35.18174	新海云台	https://zh.wikipedia.org/wiki/新海云台站		Q1234122	新海云台	新海云台
station	송정	129.20206	35.18772	松亭	https://zh.wikipedia.org/wiki/松亭站_(釜山廣域市)		Q1234259	松亭	松亭
station	효자	127.07727	37.75394	孝子	https://zh.wikipedia.org/wiki/孝子站_(京畿道)		Q702912	孝子	孝子
station	안락	129.10059	35.19604	安乐	https://zh.wikipedia.org/wiki/安乐站_(韩国)		Q1234097	安乐	安乐
station	동래	129.09115	35.19725	东莱	https://zh.wikipedia.org/wiki/东莱站_(韩国铁道公社)		Q1234185	东莱	东莱
station	거제	129.07399	35.18887	巨堤	https://zh.wikipedia.org/wiki/巨堤站		Q706241	巨堤	巨堤
station	동작	126.9782	37.50297	铜雀	https://zh.wikipedia.org/wiki/銅雀站		Q60053	铜雀	铜雀
station	서울	126.97078	37.55455	首尔	https://zh.wikipedia.org/wiki/首爾站		Q20415	首尔	
station	도곡	127.05547	37.49091	道谷	https://zh.wikipedia.org/wiki/道谷站		Q46133	道谷	道谷
station	김포공항	126.80139	37.56192	金浦机场	https://zh.wikipedia.org/wiki/金浦机场站		Q54263	金浦机场	金浦空港
station	동대문역사문화공원	127.00812	37.56526	东大门历史文化公园	https://zh.wikipedia.org/wiki/東大門歷史文化公園站		Q129579	东大门历史文化公园	东大门历史文化公园
station	신장림	128.97681	35.07455	新长林	https://zh.wikipedia.org/wiki/新長林站		Q22329178	新长林	新长林
station	낫개	128.97973	35.0653	纳溉	https://zh.wikipedia.org/wiki/納溉站		Q22329177	纳溉	
station	다대포항	128.97133	35.05776	多大浦港	https://zh.wikipedia.org/wiki/多大浦港站		Q22329181	多大浦港	多大浦港
station	구로	126.88251	37.50345	九老	https://zh.wikipedia.org/wiki/九老站		Q497916	九老	九老
station	북한산보국문	127.00817	37.61218	北汉山辅国门	https://zh.wikipedia.org/wiki/北汉山辅国门站		Q28943580	北汉山辅国门	北汉山辅国门
station	의정부시청	127.03489	37.73926	议政府市厅	https://zh.wikipedia.org/wiki/议政府市厅站		Q702860	议政府市厅	议政府市厅
station	안국	126.98617	37.57683	安国	https://zh.wikipedia.org/wiki/安国站_(韩国)		Q79974	安国	安国
station	서면	129.05926	35.15777	西面	https://zh.wikipedia.org/wiki/西面站		Q483212	西面	西面
station	미남	129.06875	35.20653	美南	https://zh.wikipedia.org/wiki/美南站		Q705415	美南	美南
station	오시리아	129.20832	35.19628	东釜山旅游区	https://zh.wikipedia.org/wiki/东釜山旅游区站		Q23979106	东釜山旅游区	
station	일광	129.2333	35.26828	日光	https://zh.wikipedia.org/wiki/日光站_(韓國)		Q1234350	日光	日光
station	기장	129.21887	35.24444	机张	https://zh.wikipedia.org/wiki/机张站		Q1234280	机张	机张
station	강일	127.17576	37.55748	江一	https://zh.wikipedia.org/wiki/江一站		Q79771814	江一	江一
station	천호	127.1234	37.53852	千户	https://zh.wikipedia.org/wiki/千户站		Q49094	千户	千户
station	금릉	126.76534	37.75138	金陵	https://zh.wikipedia.org/wiki/金陵站		Q59873	金陵	金陵
station	원인재	126.68816	37.41263	源仁斋	https://zh.wikipedia.org/wiki/源仁斋站		Q20399	源仁斋	源仁斋
station	인천시청	126.70208	37.45729	仁川市厅	https://zh.wikipedia.org/wiki/仁川市厅站		Q491008	仁川市厅	仁川市厅
station	서원	126.93301	37.47821	书院	https://zh.wikipedia.org/wiki/書院站_(韓國)		Q97339831	书院	书院
station	동대문	127.01149	37.57186	东大门	https://zh.wikipedia.org/wiki/東大門站		Q490545	东大门	东大门
station	반월	126.90384	37.31242	半月	https://zh.wikipedia.org/wiki/半月站		Q490591	半月	半月
station	삼각지	126.97389	37.53548	三角地	https://zh.wikipedia.org/wiki/三角地站_(韩国)		Q490292	三角地	三角地
station	도봉산	127.04608	37.68984	道峰山	https://zh.wikipedia.org/wiki/道峰山站		Q68633	道峰山	道峰山
station	춘천	127.71666	37.88456	春川	https://zh.wikipedia.org/wiki/春川站		Q49948	春川	春川
station	영등포	126.90693	37.51536	永登浦	https://zh.wikipedia.org/wiki/永登浦站		Q43311	永登浦	永登浦
station	노량진	126.94204	37.51424	鹭梁津	https://zh.wikipedia.org/wiki/鷺梁津站		Q60001	鹭梁津	鹭梁津
station	용산	126.96483	37.52995	龙山	https://zh.wikipedia.org/wiki/龍山站_(首爾特別市)		Q20416	龙山	龙山
station	종각	126.98318	37.57017	钟阁	https://zh.wikipedia.org/wiki/鐘閣站		Q246645	钟阁	钟阁
station	건대입구	127.07086	37.54044	建大入口	https://zh.wikipedia.org/wiki/建國大學站 (infobox Hanja 建大入口驛, converted)	zh.wikipedia title is 建国大学, which drops 入口; 入口 kept because the Korean name has it	Q68859	建国大学	建大入口
station	영통	127.07128	37.25135	灵通	https://zh.wikipedia.org/wiki/灵通站		Q218354	灵通	灵通
station	청명	127.07951	37.25996	清明	https://zh.wikipedia.org/wiki/清明站_(韩国)		Q218343	清明	清明
station	상갈	127.1089	37.26169	上葛	https://zh.wikipedia.org/wiki/上葛站		Q218337	上葛	上葛
station	매탄권선	127.04038	37.25301	梅滩劝善	https://zh.wikipedia.org/wiki/梅灘勸善站		Q702271	梅滩劝善	梅滩劝善
station	수원시청	127.03186	37.26165	水原市厅	https://zh.wikipedia.org/wiki/水原市厅站		Q702299	水原市厅	水原市厅
station	매교	127.01569	37.26548	梅桥	https://zh.wikipedia.org/wiki/梅橋站		Q702256	梅桥	梅桥
station	미금	127.10889	37.34998	美金	https://zh.wikipedia.org/wiki/美金站		Q46193	美金	美金
station	정자	127.10844	37.36665	亭子	https://zh.wikipedia.org/wiki/亭子站		Q31038	亭子	亭子
station	가평	127.51076	37.81452	加平	https://zh.wikipedia.org/wiki/加平站		Q49982	加平	加平
station	굴봉산	127.55714	37.83193	屈峰山	https://zh.wikipedia.org/wiki/屈峰山站		Q49966	屈峰山	屈峰山
station	김유정	127.71408	37.81844	金裕贞	https://zh.wikipedia.org/wiki/金裕贞站		Q49954	金裕贞	金裕贞
station	남춘천	127.72394	37.86401	南春川	https://zh.wikipedia.org/wiki/南春川站		Q49952	南春川	南春川
station	금곡	127.20744	37.63729	金谷	https://zh.wikipedia.org/wiki/金谷站_(京畿道)		Q49983	金谷	金谷
station	평내호평	127.24449	37.65321	坪内好坪	https://zh.wikipedia.org/wiki/坪内好坪站		Q49980	坪内好坪	坪内好坪
station	천마산	127.28505	37.65922	天摩山	https://zh.wikipedia.org/wiki/天摩山站		Q11500343	天摩山	天摩山
station	마석	127.31167	37.65278	磨石	https://zh.wikipedia.org/wiki/磨石站		Q49978	磨石	磨石
station	청평	127.42664	37.73551	清平	https://zh.wikipedia.org/wiki/清平站_(韓國)		Q49972	清平	清平
station	상천	127.45443	37.77016	上泉	https://zh.wikipedia.org/wiki/上泉站_(京畿道)		Q49968	上泉	上泉
station	이매	127.1284	37.39464	二梅	https://zh.wikipedia.org/wiki/二梅站		Q46188	二梅	二梅
station	갈매	127.11473	37.63395	葛梅	https://zh.wikipedia.org/wiki/葛梅站		Q49992	葛梅	葛梅
station	별내	127.12761	37.64233	别内	https://zh.wikipedia.org/wiki/别内站		Q702027	别内	别内
station	퇴계원	127.14353	37.64826	退溪院	https://zh.wikipedia.org/wiki/退溪院站		Q49990	退溪院	退溪院
station	신원	127.3727	37.52597	新院	https://zh.wikipedia.org/wiki/新院站		Q58935	新院	新院
station	국수	127.39933	37.51617	菊秀	https://zh.wikipedia.org/wiki/菊秀站		Q58934	菊秀	菊秀
station	아신	127.44322	37.51392	我新	https://zh.wikipedia.org/wiki/我新站		Q58933	我新	我新
station	오빈	127.47389	37.50616	梧滨	https://zh.wikipedia.org/wiki/梧滨站		Q58930	梧滨	梧滨
station	양평	127.4919	37.49285	杨平	https://zh.wikipedia.org/wiki/杨平站		Q56141	杨平	杨平
station	운길산	127.30987	37.55479	云吉山	https://zh.wikipedia.org/wiki/云吉山站		Q58941	云吉山	云吉山
station	양수	127.32901	37.54602	两水	https://zh.wikipedia.org/wiki/两水站_(韩国)		Q58939	两水	两水
station	가좌	126.91506	37.56868	加佐	https://zh.wikipedia.org/wiki/加佐站		Q54346	加佐	加佐
station	온양온천	127.00316	36.78055	温阳温泉	https://zh.wikipedia.org/wiki/温阳温泉站		Q167611	温阳温泉	温阳温泉
station	서정리	127.05295	37.05708	西井里	https://zh.wikipedia.org/wiki/西井里站		Q167500	西井里	西井里
station	남영	126.97132	37.54054	南营	https://zh.wikipedia.org/wiki/南營站		Q137143	南营	南营
station	대방	126.92648	37.51336	大方	https://zh.wikipedia.org/wiki/大方站		Q137162	大方	大方
station	인천	126.61689	37.47668	仁川	https://zh.wikipedia.org/wiki/仁川站_(韓國)		Q497898	仁川	仁川
station	서동탄	127.05203	37.19566	西东滩	https://zh.wikipedia.org/wiki/西东滩站		Q54310	西东滩	西东滩
station	남동인더스파크	126.69523	37.40775	南洞产业园地	https://zh.wikipedia.org/wiki/南洞產業園地站		Q10856060	南洞产业园地	南洞产业团地
station	호구포	126.70864	37.40169	虎口浦	https://zh.wikipedia.org/wiki/虎口浦站		Q547163	虎口浦	虎口浦
station	인천논현	126.72256	37.40069	仁川论岘	https://zh.wikipedia.org/wiki/仁川论岘站		Q492195	仁川论岘	仁川论岘
station	소래포구	126.73353	37.40092	苏莱浦口	https://zh.wikipedia.org/wiki/苏莱浦口站		Q547126	苏莱浦口	苏莱浦口
station	기흥	127.11601	37.27551	器兴	https://zh.wikipedia.org/wiki/器兴站		Q16273	器兴	器兴
station	숭의	126.63823	37.46079	崇义	https://zh.wikipedia.org/wiki/崇義站		Q16095154	崇义	崇义
station	신포	126.62482	37.46826	新浦	https://zh.wikipedia.org/wiki/新浦站_(仁川廣域市)		Q18815348	新浦	新浦
station	인하대	126.64978	37.44825	仁荷大学	https://zh.wikipedia.org/wiki/仁荷大學站		Q1593043	仁荷大学	仁荷大
station	송도	126.65472	37.42994	松岛	https://zh.wikipedia.org/wiki/松島站_(韓國)		Q20400	松岛	松岛
station	연수	126.67897	37.41779	延寿	https://zh.wikipedia.org/wiki/延寿站		Q547177	延寿	延寿
station	안산	126.7888	37.32705	安山	https://zh.wikipedia.org/wiki/安山站		Q497991	安山	安山
station	응암	126.91553	37.59843	鹰岩	https://zh.wikipedia.org/wiki/鹰岩站		Q490305	鹰岩	鹰岩
station	합정	126.91366	37.54936	合井	https://zh.wikipedia.org/wiki/合井站		Q498168	合井	合井
station	동묘앞	127.01743	37.57351	东庙前	Wikidata Q487794 zh-hans	zh.wikipedia title is 东庙, which drops 前; 前 kept because the Korean name has it	Q487794	东庙	
station	고려대	127.03601	37.59038	高丽大学	https://zh.wikipedia.org/wiki/高麗大學站		Q488478	高丽大学	高丽大
station	홍대입구	126.92691	37.55735	弘大入口	Wikidata Q54267 zh-cn	zh.wikipedia title is 弘益大学, which drops 入口; 入口 kept because the Korean name has it	Q54267	弘益大学	弘大入口
station	디지털미디어시티	126.90008	37.57767	数码媒体城	https://zh.wikipedia.org/wiki/数码媒体城站		Q54265	数码媒体城	
station	검암	126.67371	37.56918	黔岩	https://zh.wikipedia.org/wiki/黔岩站		Q54257	黔岩	黔岩
station	공항화물청사	126.4775	37.45903	机场货物办公楼	https://zh.wikipedia.org/wiki/机场货物办公楼站		Q54256	机场货物办公楼	空港货物厅舍
station	인천공항1터미널	126.45278	37.44716	仁川国际机场1号航站楼	https://zh.wikipedia.org/wiki/仁川国际机场1号航站楼站		Q54255	仁川国际机场1号航站楼	
station	인천공항2터미널	126.43347	37.46894	仁川国际机场2号航站楼	https://zh.wikipedia.org/wiki/仁川國際機場2號航站樓站		Q31178924	仁川国际机场2号航站楼	
station	원시	126.78678	37.30256	元时	https://zh.wikipedia.org/wiki/元時站		Q53566337	元时	元时
station	시우	126.79564	37.31311	时雨	https://zh.wikipedia.org/wiki/時雨站		Q51275679	时雨	时雨
station	초지	126.80788	37.31984	草芝	https://zh.wikipedia.org/wiki/草芝站		Q490597	草芝	草芝
station	선부	126.8099	37.33446	仙府	https://zh.wikipedia.org/wiki/仙府站		Q53566435	仙府	仙府
station	달미	126.80907	37.3491	达美	https://zh.wikipedia.org/wiki/達美站		Q51275465	达美	
station	시흥능곡	126.80875	37.37008	始兴陵谷	https://zh.wikipedia.org/wiki/始興陵谷站		Q51275461	始兴陵谷	始兴陵谷
station	시흥시청	126.80575	37.38208	始兴市厅	https://zh.wikipedia.org/wiki/始興市廳站		Q51275459	始兴市厅	始兴市厅
station	신현	126.78787	37.40958	新岘	https://zh.wikipedia.org/wiki/新峴站_(京畿道)		Q51275457	新岘	新岘
station	신천	126.7868	37.43931	新川	https://zh.wikipedia.org/wiki/新川站_(京畿道)		Q51250388	新川	新川
station	시흥대야	126.79312	37.45034	始兴大也	https://zh.wikipedia.org/wiki/始興大也站		Q51275450	始兴大也	始兴大也
station	소새울	126.7971	37.46887	素砂屋	https://zh.wikipedia.org/wiki/素砂屋站		Q51275449	素砂屋	
station	선릉	127.04895	37.50447	宣陵	https://zh.wikipedia.org/wiki/宣陵站		Q20204	宣陵	宣陵
station	죽전	127.10741	37.32457	竹田	https://zh.wikipedia.org/wiki/竹田站_(京畿道)		Q17226	竹田	竹田
station	강남구청	127.04129	37.51718	江南区厅	https://zh.wikipedia.org/wiki/江南区厅站		Q46072	江南区厅	江南区厅
station	모란	127.12915	37.43374	牡丹	https://zh.wikipedia.org/wiki/牡丹站_(京畿道)		Q46184	牡丹	牡丹
station	강남	127.02756	37.49795	江南	https://zh.wikipedia.org/wiki/江南站_(韩国)		Q17469	江南	江南
station	삼동	127.20339	37.40866	三洞	https://zh.wikipedia.org/wiki/三洞站		Q23936220	三洞	三洞
station	판교	127.11119	37.39473	板桥	https://zh.wikipedia.org/wiki/板橋站_(京畿道)		Q486846	板桥	板桥
station	곤지암	127.34628	37.35051	昆池岩	https://zh.wikipedia.org/wiki/昆池岩站		Q23936223	昆池岩	昆池岩
station	경기광주	127.25328	37.3989	京畿广州	https://zh.wikipedia.org/wiki/京畿廣州站		Q23936221	京畿广州	京畿广州
station	가락시장	127.11864	37.49253	可乐市场	https://zh.wikipedia.org/wiki/可樂市場站		Q49096	可乐市场	可乐市场
station	여주	127.62861	37.28288	骊州	https://zh.wikipedia.org/wiki/驪州站		Q23936229	骊州	骊州
station	세종대왕릉	127.57065	37.29362	世宗大王陵	https://zh.wikipedia.org/wiki/世宗大王陵站		Q23936228	世宗大王陵	世宗大王陵
station	부발	127.49033	37.2604	夫钵	https://zh.wikipedia.org/wiki/夫鉢站		Q23936227	夫钵	夫钵
station	이천	127.44222	37.26424	利川	https://zh.wikipedia.org/wiki/利川站_(韓國)		Q23936226	利川	利川
station	신둔도예촌	127.40529	37.31555	新屯陶艺村	https://zh.wikipedia.org/wiki/新屯陶藝村站		Q23936224	新屯陶艺村	新屯陶艺村
station	을지로3가	126.99253	37.56634	乙支路3街	https://zh.wikipedia.org/wiki/乙支路3街站		Q79981	乙支路3街	乙支路3街
station	불광	126.92963	37.61088	佛光	https://zh.wikipedia.org/wiki/佛光站		Q79960	佛光	佛光
station	구의	127.08622	37.53717	九宜	https://zh.wikipedia.org/wiki/九宜站		Q488778	九宜	九宜
station	강변	127.09474	37.53511	江边	https://zh.wikipedia.org/wiki/江邊站_(韓國)		Q488101	江边	江边
station	잠실나루	127.10383	37.52069	蚕室渡口	https://zh.wikipedia.org/wiki/蚕室渡口站		Q490666	蚕室渡口	
station	옥수	127.01836	37.54026	玉水	https://zh.wikipedia.org/wiki/玉水站_(韩国)		Q34696	玉水	玉水
station	충무로	126.99411	37.5612	忠武路	https://zh.wikipedia.org/wiki/忠武路站		Q100804	忠武路	忠武路
station	약수	127.01062	37.55475	药水	https://zh.wikipedia.org/wiki/药水站_(首尔特别市)		Q100822	药水	药水
station	교대	127.0137	37.49366	首尔教育大学	https://zh.wikipedia.org/wiki/首爾教育大學站		Q49099	首尔教育大学	教大
station	오금	127.12815	37.50198	梧琴	https://zh.wikipedia.org/wiki/梧琴站		Q49095	梧琴	梧琴
station	한양대	127.04366	37.55573	汉阳大学	https://zh.wikipedia.org/wiki/漢陽大學站_(首爾特別市)		Q488249	汉阳大学	汉阳大
station	성수	127.0561	37.54457	圣水	https://zh.wikipedia.org/wiki/聖水站		Q488271	圣水	圣水
station	시청	126.97711	37.56548	市厅	https://zh.wikipedia.org/wiki/市廳站_(首爾特別市)		Q246660	市厅	市厅
station	을지로입구	126.98262	37.56595	乙支路入口	https://zh.wikipedia.org/wiki/乙支路入口站		Q487872	乙支路入口	乙支路入口
station	을지로4가	126.99817	37.56664	乙支路4街	https://zh.wikipedia.org/wiki/乙支路4街站		Q490758	乙支路4街	乙支路4街
station	신당	127.01625	37.56538	新堂	https://zh.wikipedia.org/wiki/新堂站_(韓國)		Q498114	新堂	新堂
station	상왕십리	127.02925	37.56439	上往十里	https://zh.wikipedia.org/wiki/上往十里站		Q488255	上往十里	上往十里
station	신촌	126.93691	37.55515	新村	https://zh.wikipedia.org/wiki/新村站_(首尔地铁)		Q495627	新村	新村
station	이대	126.94583	37.55677	梨花女子大学	https://zh.wikipedia.org/wiki/梨花女子大學站		Q488243	梨花女子大学	梨大
station	아현	126.95612	37.55743	阿岘	https://zh.wikipedia.org/wiki/阿峴站		Q490677	阿岘	阿岘
station	지축	126.91393	37.64812	纸杻	https://zh.wikipedia.org/wiki/紙杻站		Q79841	纸杻	纸杻
station	원흥	126.87367	37.65051	元兴	https://zh.wikipedia.org/wiki/元興站		Q11376713	元兴	元兴
station	원당	126.8429	37.65305	元堂	https://zh.wikipedia.org/wiki/元堂站		Q79837	元堂	元堂
station	화정	126.83258	37.63465	花井	https://zh.wikipedia.org/wiki/花井站		Q79836	花井	花井
station	대곡	126.81028	37.63178	大谷	https://zh.wikipedia.org/wiki/大谷站_(京畿道)		Q59856	大谷	大谷
station	마두	126.77776	37.652	马头	https://zh.wikipedia.org/wiki/馬頭站_(京畿道)		Q79830	马头	马头
station	정발산	126.77327	37.65971	鼎钵山	https://zh.wikipedia.org/wiki/鼎钵山站		Q79827	鼎钵山	鼎钵山
station	대화	126.74746	37.67618	大化	https://zh.wikipedia.org/wiki/大化站		Q79799	大化	大化
station	삼송	126.89548	37.65312	三松	https://zh.wikipedia.org/wiki/三松站_(京畿道)		Q79839	三松	三松
station	마곡나루	126.82792	37.56622	麻谷渡口	https://zh.wikipedia.org/wiki/麻谷渡口站		Q59984	麻谷渡口	
station	서대전	127.40312	36.32248	西大田	https://zh.wikipedia.org/wiki/西大田站		Q54293	西大田	西大田
station	탕정	127.08455	36.78821	汤井	https://zh.wikipedia.org/wiki/湯井站		Q59133507	汤井	汤井
station	당산	126.90248	37.5346	堂山	https://zh.wikipedia.org/wiki/堂山站		Q59997	堂山	堂山
station	문래	126.89487	37.51838	文来	https://zh.wikipedia.org/wiki/文来站		Q487853	文来	文来
station	신도림	126.89123	37.50894	新道林	https://zh.wikipedia.org/wiki/新道林站		Q43298	新道林	新道林
station	구로디지털단지	126.90159	37.48528	九老数码园区	https://zh.wikipedia.org/wiki/九老數碼園區站		Q488236	九老数码园区	
station	신대방	126.91339	37.48759	新大方	https://zh.wikipedia.org/wiki/新大方站		Q487835	新大方	新大方
station	신림	126.92968	37.48423	新林	https://zh.wikipedia.org/wiki/新林站_(韩国)		Q487848	新林	新林
station	봉천	126.94194	37.48239	奉天	https://zh.wikipedia.org/wiki/奉天站_(韩国)		Q488265	奉天	奉天
station	서울대입구	126.95272	37.48122	首尔大入口	Wikidata Q487598 zh-hans	zh.wikipedia title is 首尔大学, which drops 入口; 入口 kept because the Korean name has it	Q487598	首尔大学	
station	낙성대	126.96349	37.47706	落星垈	https://zh.wikipedia.org/wiki/落星垈站		Q50010	落星垈	落星垈
station	방배	126.99771	37.48147	方背	https://zh.wikipedia.org/wiki/方背站		Q488239	方背	方背
station	서초	127.00768	37.49177	瑞草	https://zh.wikipedia.org/wiki/瑞草站		Q488083	瑞草	瑞草
station	역삼	127.03696	37.50082	驿三	https://zh.wikipedia.org/wiki/驛三站		Q488791	驿三	驿三
station	삼성	127.06314	37.50884	三成	https://zh.wikipedia.org/wiki/三成站		Q488348	三成	三成
station	종합운동장	127.07372	37.51106	综合运动场	https://zh.wikipedia.org/wiki/综合运动场站_(首尔特别市)		Q491563	综合运动场	综合运动场
station	잠실새내	127.08557	37.51159	蚕室新川	https://zh.wikipedia.org/wiki/蚕室新川站		Q488126	蚕室新川	
station	잠실	127.10014	37.51322	蚕室	https://zh.wikipedia.org/wiki/蚕室站		Q75330	蚕室	蚕室
station	양천구청	126.86594	37.5123	阳川区厅	https://zh.wikipedia.org/wiki/阳川区厅站		Q488276	阳川区厅	阳川区厅
station	신정네거리	126.85305	37.51998	新亭十字路口	https://zh.wikipedia.org/wiki/新亭十字路口站		Q488259	新亭十字路口	
station	도림천	126.88268	37.51445	道林川	https://zh.wikipedia.org/wiki/道林川站		Q488782	道林川	道林川
station	경찰병원	127.1239	37.4954	警察医院	https://zh.wikipedia.org/wiki/警察医院站		Q54938	警察医院	警察病院
station	대청	127.07955	37.49363	大厅	https://zh.wikipedia.org/wiki/大厅站		Q100867	大厅	
station	학여울	127.06988	37.4965	鹤滩	https://zh.wikipedia.org/wiki/鶴灘站		Q100864	鹤滩	
station	대치	127.06319	37.49447	大峙	https://zh.wikipedia.org/wiki/大峙站		Q100860	大峙	大峙
station	매봉	127.04698	37.48707	梅峰	https://zh.wikipedia.org/wiki/梅峰站_(韩国)		Q100856	梅峰	
station	남부터미널	127.01634	37.48494	南部客运站	https://zh.wikipedia.org/wiki/南部客运站站		Q100848	南部客运站	
station	잠원	127.01115	37.51275	蚕院	https://zh.wikipedia.org/wiki/蠶院站		Q100842	蚕院	蚕院
station	신사	127.01952	37.51611	新沙	https://zh.wikipedia.org/wiki/新沙站_(韩国)		Q100839	新沙	新沙
station	압구정	127.0285	37.52618	狎鸥亭	https://zh.wikipedia.org/wiki/狎鷗亭站		Q100834	狎鸥亭	狎鸥亭
station	금호	127.01592	37.54797	金湖	https://zh.wikipedia.org/wiki/金湖站_(韓國)		Q100830	金湖	金湖
station	동대입구	127.00573	37.55906	东大入口	https://zh.wikipedia.org/wiki/東國大學站 (infobox Hanja 東大入口驛, converted)	zh.wikipedia title is 东国大学, which drops 入口; 入口 kept because the Korean name has it	Q100817	东国大学	东大入口
station	경복궁	126.97353	37.57579	景福宫	https://zh.wikipedia.org/wiki/景福宮站_(韓國)		Q79971	景福宫	景福宫
station	독립문	126.95784	37.57456	独立门	https://zh.wikipedia.org/wiki/獨立門站		Q79970	独立门	独立门
station	무악재	126.95035	37.58232	毋岳岭	https://zh.wikipedia.org/wiki/毋岳嶺站		Q79968	毋岳岭	
station	홍제	126.94425	37.58869	弘济	https://zh.wikipedia.org/wiki/弘濟站		Q79966	弘济	弘济
station	녹번	126.93573	37.60097	碌磻	https://zh.wikipedia.org/wiki/碌磻站		Q79964	碌磻	碌磻
station	구파발	126.9188	37.63689	旧把拨	https://zh.wikipedia.org/wiki/舊把撥站		Q79949	旧把拨	旧把拨
station	범계	126.95091	37.38991	凡溪	https://zh.wikipedia.org/wiki/凡溪站		Q490673	凡溪	
station	인덕원	126.97697	37.40163	仁德院	https://zh.wikipedia.org/wiki/仁德院站		Q497978	仁德院	仁德院
station	정부과천청사	126.98975	37.42647	政府果川厅舍	https://zh.wikipedia.org/wiki/政府果川厅舍站		Q497998	政府果川厅舍	政府果川厅舍
station	대공원	127.00661	37.4358	首尔大公园	https://zh.wikipedia.org/wiki/首爾大公園站		Q490691	首尔大公园	大公园
station	선바위	127.00211	37.45181	立岩	https://zh.wikipedia.org/wiki/立岩站		Q50007	立岩	
station	불암산	127.07892	37.6701	佛岩山	https://zh.wikipedia.org/wiki/佛岩山站		Q49942	佛岩山	佛岩山
station	쌍문	127.03458	37.6484	双门	https://zh.wikipedia.org/wiki/双门站		Q490530	双门	双门
station	수유	127.02572	37.63799	水逾	https://zh.wikipedia.org/wiki/水踰站		Q490483	水逾	水逾
station	미아	127.02611	37.62649	弥阿	https://zh.wikipedia.org/wiki/弥阿站		Q490536	弥阿	弥阿
station	미아사거리	127.03009	37.61319	弥阿十字路口	https://zh.wikipedia.org/wiki/弥阿十字路口站		Q490455	弥阿十字路口	
station	길음	127.02485	37.60316	吉音	https://zh.wikipedia.org/wiki/吉音站		Q490490	吉音	吉音
station	혜화	127.00195	37.58214	惠化	https://zh.wikipedia.org/wiki/惠化站		Q497926	惠化	惠化
station	명동	126.98638	37.5609	明洞	https://zh.wikipedia.org/wiki/明洞站		Q626260	明洞	明洞
station	회현	126.97842	37.5587	会贤	https://zh.wikipedia.org/wiki/会贤站		Q497963	会贤	会贤
station	서울역	126.97257	37.55285	首尔	https://zh.wikipedia.org/wiki/首爾站		Q20415	首尔	
station	숙대입구	126.97196	37.54513	淑大入口	Wikidata Q497888 zh-hans	zh.wikipedia title is 淑明女子大学, which drops 入口; 入口 kept because the Korean name has it	Q497888	淑明女子大学	淑大入口
station	신용산	126.96786	37.52917	新龙山	https://zh.wikipedia.org/wiki/新龙山站		Q497868	新龙山	新龙山
station	사당	126.98167	37.47658	舍堂	https://zh.wikipedia.org/wiki/舍堂站		Q49098	舍堂	舍堂
station	남태령	126.9887	37.46466	南泰岭	https://zh.wikipedia.org/wiki/南泰岭站		Q490554	南泰岭	南泰岭
station	마천	127.15272	37.49495	马川	https://zh.wikipedia.org/wiki/馬川站		Q490921	马川	马川
station	거여	127.14377	37.49335	巨余	https://zh.wikipedia.org/wiki/巨餘站		Q490880	巨余	巨余
station	개롱	127.13484	37.49807	开笼	https://zh.wikipedia.org/wiki/開籠站		Q498101	开笼	开笼
station	방이	127.12604	37.50864	芳荑	https://zh.wikipedia.org/wiki/芳荑站		Q490845	芳荑	芳荑
station	올림픽공원	127.13093	37.51615	奥林匹克公园	https://zh.wikipedia.org/wiki/奥林匹克公园站_(韩国)		Q490897	奥林匹克公园	
station	둔촌동	127.13624	37.5278	遁村洞	https://zh.wikipedia.org/wiki/遁村洞站		Q498151	遁村洞	遁村洞
station	상일동	127.16678	37.55678	上一洞	https://zh.wikipedia.org/wiki/上一洞站		Q490973	上一洞	上一洞
station	고덕	127.15638	37.55534	高德	https://zh.wikipedia.org/wiki/高德站		Q490849	高德	高德
station	명일	127.14408	37.55195	明逸	https://zh.wikipedia.org/wiki/明逸站		Q490876	明逸	明逸
station	굽은다리	127.14296	37.54564	曲桥	https://zh.wikipedia.org/wiki/曲橋站		Q490651	曲桥	
station	길동	127.1402	37.53837	吉洞	https://zh.wikipedia.org/wiki/吉洞站		Q490932	吉洞	吉洞
station	강동	127.1326	37.5358	江东	https://zh.wikipedia.org/wiki/江东站_(首尔特别市)		Q490969	江东	江东
station	광나루	127.10353	37.5453	广渡口	https://zh.wikipedia.org/wiki/廣渡口站		Q490871	广渡口	
station	아차산	127.0898	37.5517	峨嵯山	https://zh.wikipedia.org/wiki/峨嵯山站		Q107408	峨嵯山	峨嵯山
station	장한평	127.06457	37.56149	长汉坪	https://zh.wikipedia.org/wiki/长汉坪站		Q498140	长汉坪	长汉坪
station	답십리	127.0527	37.56681	踏十里	https://zh.wikipedia.org/wiki/踏十里站		Q490841	踏十里	踏十里
station	마장	127.04288	37.5661	马场	https://zh.wikipedia.org/wiki/馬場站_(韓國)		Q490826	马场	马场
station	행당	127.02999	37.55761	杏堂	https://zh.wikipedia.org/wiki/杏堂站		Q490836	杏堂	杏堂
station	신금호	127.02025	37.55443	新金湖	https://zh.wikipedia.org/wiki/新金湖站		Q498121	新金湖	新金湖
station	광화문	126.9769	37.57162	光化门	https://zh.wikipedia.org/wiki/光化門站_(韓國)		Q498108	光化门	光化门
station	서대문	126.96664	37.5658	西大门	https://zh.wikipedia.org/wiki/西大门站		Q487862	西大门	西大门
station	애오개	126.9567	37.55343	儿岭	https://zh.wikipedia.org/wiki/儿岭站		Q128804	儿岭	
station	공덕	126.95081	37.54365	孔德	https://zh.wikipedia.org/wiki/孔德站		Q54272	孔德	孔德
station	마포	126.94599	37.53964	麻浦	https://zh.wikipedia.org/wiki/麻浦站		Q490926	麻浦	麻浦
station	여의나루	126.93253	37.52685	汝矣渡口	https://zh.wikipedia.org/wiki/汝矣渡口站		Q490655	汝矣渡口	
station	여의도	126.9243	37.52167	汝矣岛	https://zh.wikipedia.org/wiki/汝矣岛站		Q498126	汝矣岛	汝矣岛
station	신길	126.91874	37.51665	新吉	https://zh.wikipedia.org/wiki/新吉站_(首尔特别市)		Q137168	新吉	新吉
station	영등포시장	126.90514	37.52269	永登浦市场	https://zh.wikipedia.org/wiki/永登浦市场站		Q498159	永登浦市场	永登浦市场
station	영등포구청	126.89634	37.52402	永登浦区厅	https://zh.wikipedia.org/wiki/永登浦区厅站		Q490667	永登浦区厅	永登浦区厅
station	양평	126.88612	37.52563	杨坪	https://zh.wikipedia.org/wiki/杨坪站		Q56142	杨坪	杨坪
station	오목교	126.87512	37.52456	梧木桥	https://zh.wikipedia.org/wiki/梧木桥站		Q490855	梧木桥	梧木桥
station	목동	126.86452	37.52612	木洞	https://zh.wikipedia.org/wiki/木洞站		Q490860	木洞	木洞
station	신정	126.85597	37.52504	新亭	https://zh.wikipedia.org/wiki/新亭站		Q490461	新亭	新亭
station	까치산	126.84653	37.53211	喜鹊山	https://zh.wikipedia.org/wiki/喜鹊山站		Q490909	喜鹊山	
station	화곡	126.8404	37.54167	禾谷	https://zh.wikipedia.org/wiki/禾谷站		Q490866	禾谷	禾谷
station	우장산	126.83632	37.54889	雨装山	https://zh.wikipedia.org/wiki/雨装山站		Q490685	雨装山	雨装山
station	발산	126.83747	37.5585	钵山	https://zh.wikipedia.org/wiki/钵山站		Q490833	钵山	钵山
station	마곡	126.82475	37.56025	麻谷	https://zh.wikipedia.org/wiki/麻谷站		Q490915	麻谷	麻谷
station	송정	126.81194	37.56128	松亭	https://zh.wikipedia.org/wiki/松亭站_(首尔特别市)		Q490245	松亭	松亭
station	개화산	126.80826	37.57288	开花山	https://zh.wikipedia.org/wiki/开花山站		Q490705	开花山	开花山
station	방화	126.81273	37.5774	傍花	https://zh.wikipedia.org/wiki/傍花站		Q490661	傍花	傍花
station	봉화산	127.0911	37.61742	烽火山	https://zh.wikipedia.org/wiki/烽火山站		Q490031	烽火山	烽火山
station	화랑대	127.08371	37.61978	花郎台	https://zh.wikipedia.org/wiki/花郎台站		Q489998	花郎台	花郎台
station	석계	127.06584	37.61481	石溪	https://zh.wikipedia.org/wiki/石溪站_(韩国)		Q498132	石溪	石溪
station	돌곶이	127.05649	37.61057	石串	https://zh.wikipedia.org/wiki/石串站		Q490270	石串	
station	상월곡	127.04827	37.60624	上月谷	https://zh.wikipedia.org/wiki/上月谷站		Q490291	上月谷	上月谷
station	월곡	127.04146	37.60192	月谷	https://zh.wikipedia.org/wiki/月谷站		Q490057	月谷	月谷
station	안암	127.02928	37.58627	安岩	https://zh.wikipedia.org/wiki/安岩站		Q488028	安岩	安岩
station	창신	127.01525	37.5798	昌信	https://zh.wikipedia.org/wiki/昌信站		Q490612	昌信	昌信
station	청구	127.01378	37.56023	青丘	https://zh.wikipedia.org/wiki/青丘站		Q487797	青丘	青丘
station	버티고개	127.00659	37.54823	波堤岭	https://zh.wikipedia.org/wiki/波堤嶺站		Q490018	波堤岭	
station	한강진	127.00175	37.5398	汉江镇	https://zh.wikipedia.org/wiki/汉江镇站		Q278103	汉江镇	汉江镇
station	이태원	126.99437	37.5345	梨泰院	https://zh.wikipedia.org/wiki/梨泰院站		Q490082	梨泰院	梨泰院
station	녹사평	126.98658	37.53492	绿莎坪	https://zh.wikipedia.org/wiki/绿莎坪站		Q490005	绿莎坪	绿莎坪
station	효창공원앞	126.96133	37.53934	孝昌公园前	Wikidata Q487828 zh label, converted	zh.wikipedia title is 孝昌公园, which drops 前; 前 kept because the Korean name has it	Q487828	孝昌公园	
station	대흥	126.94235	37.5477	大兴	https://zh.wikipedia.org/wiki/大兴站_(首尔特别市)		Q490011	大兴	大兴
station	광흥창	126.93196	37.54747	广兴仓	https://zh.wikipedia.org/wiki/广兴仓站		Q490026	广兴仓	广兴仓
station	상수	126.92289	37.54776	上水	https://zh.wikipedia.org/wiki/上水站_(韓國)		Q490885	上水	上水
station	망원	126.91013	37.55603	望远	https://zh.wikipedia.org/wiki/望远站		Q490301	望远	望远
station	마포구청	126.90336	37.56356	麻浦区厅	https://zh.wikipedia.org/wiki/麻浦区厅站		Q490286	麻浦区厅	麻浦区厅
station	월드컵경기장	126.89932	37.57019	世界杯体育场	https://zh.wikipedia.org/wiki/世界杯体育场站		Q490074	世界杯体育场	
station	증산	126.90991	37.58414	缯山	https://zh.wikipedia.org/wiki/缯山站		Q490276	缯山	缯山
station	새절	126.91379	37.59165	赛折	https://zh.wikipedia.org/wiki/赛折站		Q487866	赛折	
station	구산	126.91722	37.61125	龟山	https://zh.wikipedia.org/wiki/龟山站_(韩国)		Q490250	龟山	龟山
station	연신내	126.92118	37.61892	延新川	https://zh.wikipedia.org/wiki/延新川站		Q79956	延新川	
station	독바위	126.93302	37.61834	瓮岩	https://zh.wikipedia.org/wiki/瓮岩站		Q490281	瓮岩	
station	역촌	126.92276	37.60607	驿村	https://zh.wikipedia.org/wiki/驿村站		Q488095	驿村	驿村
station	장암	127.05291	37.69997	长岩	https://zh.wikipedia.org/wiki/长岩站		Q68611	长岩	长岩
station	어린이대공원	127.07439	37.5476	儿童大公园	https://zh.wikipedia.org/wiki/儿童大公园站		Q68853	儿童大公园	
station	군자	127.07956	37.55724	君子	https://zh.wikipedia.org/wiki/君子站		Q68841	君子	君子
station	중곡	127.08452	37.56631	中谷	https://zh.wikipedia.org/wiki/中谷站		Q68817	中谷	中谷
station	용마산	127.08658	37.57399	龙马山	https://zh.wikipedia.org/wiki/龙马山站		Q68811	龙马山	龙马山
station	사가정	127.08841	37.5807	四佳亭	https://zh.wikipedia.org/wiki/四佳亭站		Q68804	四佳亭	四佳亭
station	면목	127.0876	37.5884	面牧	https://zh.wikipedia.org/wiki/面牧站		Q68797	面牧	面牧
station	상봉	127.08559	37.59608	上凤	https://zh.wikipedia.org/wiki/上凤站		Q49995	上凤	上凤
station	중화	127.07952	37.60163	中和	https://zh.wikipedia.org/wiki/中和站_(首尔特别市)		Q68790	中和	中和
station	먹골	127.07765	37.61144	墨谷	https://zh.wikipedia.org/wiki/墨谷站		Q68781	墨谷	
station	태릉입구	127.07567	37.61769	泰陵入口	https://zh.wikipedia.org/wiki/泰陵站 (infobox Hanja 泰陵入口驛, converted)	zh.wikipedia title is 泰陵, which drops 入口; 入口 kept because the Korean name has it	Q68716	泰陵	泰陵入口
station	공릉	127.07304	37.62564	孔陵	https://zh.wikipedia.org/wiki/孔陵站		Q68708	孔陵	孔陵
station	하계	127.06825	37.63602	下溪	https://zh.wikipedia.org/wiki/下溪站		Q68702	下溪	下溪
station	중계	127.06387	37.64554	中溪	https://zh.wikipedia.org/wiki/中溪站		Q68696	中溪	中溪
station	노원	127.06049	37.65459	芦原	https://zh.wikipedia.org/wiki/芦原站_(韩国)		Q68681	芦原	芦原
station	마들	127.05772	37.66504	马得	https://zh.wikipedia.org/wiki/马得站		Q68672	马得	
station	수락산	127.05531	37.67784	水落山	https://zh.wikipedia.org/wiki/水落山站		Q68660	水落山	水落山
station	광명사거리	126.85446	37.47942	光明十字路口	https://zh.wikipedia.org/wiki/光明十字路口站		Q69027	光明十字路口	
station	철산	126.8676	37.476	铁山	https://zh.wikipedia.org/wiki/铁山站_(京畿道)		Q69018	铁山	铁山
station	가산디지털단지	126.88262	37.48159	加山数码园区	https://zh.wikipedia.org/wiki/加山數碼園區站		Q54328	加山数码园区	
station	남구로	126.88667	37.48536	南九老	https://zh.wikipedia.org/wiki/南九老站		Q69012	南九老	南九老
station	대림	126.89493	37.49344	大林	https://zh.wikipedia.org/wiki/大林站_(韩国)		Q69008	大林	大林
station	신풍	126.90888	37.50017	新丰	https://zh.wikipedia.org/wiki/新丰站_(首尔特别市)		Q69002	新丰	新丰
station	보라매	126.92038	37.49993	波拉美	https://zh.wikipedia.org/wiki/波拉美站		Q68988	波拉美	
station	신대방삼거리	126.92822	37.49971	新大方丁字路口	https://zh.wikipedia.org/wiki/新大方丁字路口站		Q68981	新大方丁字路口	
station	장승배기	126.93928	37.50502	长丞拜基	https://zh.wikipedia.org/wiki/長丞拜基站		Q68970	长丞拜基	
station	상도	126.94767	37.50322	上道	https://zh.wikipedia.org/wiki/上道站_(韩国)		Q68961	上道	上道
station	숭실대입구	126.95413	37.49569	崇实大入口	https://zh.wikipedia.org/wiki/崇實大學站 (infobox Hanja 崇實大入口驛, converted)	zh.wikipedia title is 崇实大学, which drops 入口; 入口 kept because the Korean name has it	Q68957	崇实大学	崇实大入口
station	남성	126.97189	37.48435	南城	https://zh.wikipedia.org/wiki/南城站_(韩国)		Q68944	南城	南城
station	이수	126.98211	37.48545	梨水	https://zh.wikipedia.org/wiki/梨水站		Q46351	梨水	
station	내방	126.99355	37.48765	内方	https://zh.wikipedia.org/wiki/内方站		Q68937	内方	内方
station	반포	127.01163	37.50817	盘浦	https://zh.wikipedia.org/wiki/盘浦站		Q68927	盘浦	盘浦
station	논현	127.02136	37.51098	论岘	https://zh.wikipedia.org/wiki/论岘站		Q68920	论岘	论岘
station	학동	127.03075	37.51396	鹤洞	https://zh.wikipedia.org/wiki/鹤洞站_(韩国)		Q68914	鹤洞	鹤洞
station	청담	127.05168	37.51909	清潭	https://zh.wikipedia.org/wiki/清潭站_(韩国)		Q68897	清潭	清潭
station	자양	127.06674	37.53153	紫阳	https://zh.wikipedia.org/wiki/紫陽站_(首爾特別市)		Q68866	紫阳	紫阳
station	용두	127.03807	37.57407	龙头	https://zh.wikipedia.org/wiki/龍頭站		Q488801	龙头	龙头
station	신답	127.04713	37.56972	新踏	https://zh.wikipedia.org/wiki/新踏站		Q488809	新踏	新踏
station	굴포천	126.73134	37.50702	掘浦川	https://zh.wikipedia.org/wiki/掘浦川站		Q69082	掘浦川	掘浦川
station	삼산체육관	126.74235	37.5065	三山体育馆	https://zh.wikipedia.org/wiki/三山体育馆站		Q69077	三山体育馆	三山体育馆
station	신중동	126.77623	37.50304	新中洞	https://zh.wikipedia.org/wiki/新中洞站		Q69061	新中洞	新中洞
station	춘의	126.7872	37.50373	春衣	https://zh.wikipedia.org/wiki/春衣站		Q69056	春衣	春衣
station	부천종합운동장	126.79729	37.50546	富川综合运动场	https://zh.wikipedia.org/wiki/富川综合运动场站		Q69052	富川综合运动场	富川综合运动场
station	까치울	126.81138	37.50624	喜鹊屋	https://zh.wikipedia.org/wiki/喜鵲屋站		Q69046	喜鹊屋	
station	천왕	126.83892	37.48637	天旺	https://zh.wikipedia.org/wiki/天旺站		Q69034	天旺	天旺
station	수진	127.14069	37.43744	寿进	https://zh.wikipedia.org/wiki/寿进站		Q75360	寿进	寿进
station	신흥	127.14766	37.441	新兴	https://zh.wikipedia.org/wiki/新兴站_(京畿道)		Q75586	新兴	新兴
station	단대오거리	127.15678	37.44508	丹岱五岔路口	https://zh.wikipedia.org/wiki/丹岱五岔路口站		Q75355	丹岱五岔路口	
station	남한산성입구	127.15981	37.45155	南汉山城入口	https://zh.wikipedia.org/wiki/南汉山城站 (infobox Hanja 南漢山城入口驛, converted)	zh.wikipedia title is 南汉山城, which drops 入口; 入口 kept because the Korean name has it	Q75354	南汉山城	南汉山城入口
station	산성	127.14993	37.45687	山城	https://zh.wikipedia.org/wiki/山城站_(京畿道)		Q75351	山城	山城
station	남위례	127.13922	37.46277	南慰礼	https://zh.wikipedia.org/wiki/南慰礼站		Q55176531	南慰礼	南慰礼
station	장지	127.12607	37.47889	长旨	https://zh.wikipedia.org/wiki/长旨站		Q75348	长旨	长旨
station	문정	127.12252	37.48584	文井	https://zh.wikipedia.org/wiki/文井站		Q75346	文井	文井
station	송파	127.11218	37.49972	松坡	https://zh.wikipedia.org/wiki/松坡站		Q75341	松坡	松坡
station	석촌	127.10711	37.5053	石村	https://zh.wikipedia.org/wiki/石村站		Q75339	石村	石村
station	몽촌토성	127.11267	37.51753	梦村土城	https://zh.wikipedia.org/wiki/梦村土城站		Q75328	梦村土城	梦村土城
station	강동구청	127.12062	37.53069	江东区厅	https://zh.wikipedia.org/wiki/江东区厅站		Q75325	江东区厅	江东区厅
station	암사	127.12754	37.55011	岩寺	https://zh.wikipedia.org/wiki/岩寺站_(韩国)		Q49093	岩寺	岩寺
station	중앙보훈병원	127.14826	37.52828	中央报勋医院	https://zh.wikipedia.org/wiki/中央報勳醫院站		Q16256810	中央报勋医院	中央报勋病院
station	둔촌오륜	127.13842	37.51984	遁村五轮	https://zh.wikipedia.org/wiki/遁村五輪站		Q7105321	遁村五轮	遁村五轮
station	한성백제	127.11621	37.51667	汉城百济	https://zh.wikipedia.org/wiki/漢城百濟站		Q7521876	汉城百济	汉城百济
station	송파나루	127.1128	37.51125	松坡渡口	https://zh.wikipedia.org/wiki/松坡渡口站		Q4855180	松坡渡口	
station	석촌고분	127.09661	37.50244	石村古坟	https://zh.wikipedia.org/wiki/石村古墳站		Q4841268	石村古坟	石村古坟
station	삼전	127.08721	37.50453	三田	https://zh.wikipedia.org/wiki/三田站_(韩国)		Q7409597	三田	三田
station	부평구청	126.7211	37.50747	富平区厅	https://zh.wikipedia.org/wiki/富平区厅站		Q20301	富平区厅	富平区厅
station	백석	126.78804	37.64304	白石	https://zh.wikipedia.org/wiki/白石站_(京畿道)		Q79832	白石	白石
station	북울산	129.37245	35.61487	北蔚山	https://zh.wikipedia.org/wiki/北蔚山站		Q108426233	北蔚山	北蔚山
station	산곡	126.70369	37.5087	山谷	https://zh.wikipedia.org/wiki/山谷站_(韓國)		Q23994867	山谷	山谷
station	광교중앙	127.05152	37.28856	光教中央	https://zh.wikipedia.org/wiki/光教中央站		Q21025132	光教中央	光教中央
station	상현	127.0693	37.29758	上岘	https://zh.wikipedia.org/wiki/上峴站		Q21025131	上岘	上岘
station	성복	127.08038	37.3135	星福	https://zh.wikipedia.org/wiki/星福站		Q21025130	星福	星福
station	수지구청	127.09475	37.32254	水枝区厅	https://zh.wikipedia.org/wiki/水枝區廳站		Q21025129	水枝区厅	水枝区厅
station	역곡	126.81181	37.48522	驿谷	https://zh.wikipedia.org/wiki/驛谷站		Q490341	驿谷	驿谷
station	광교	127.04428	37.30211	光教	https://zh.wikipedia.org/wiki/光教站		Q21025133	光教	光教
station	동천	127.10283	37.3381	东川	https://zh.wikipedia.org/wiki/東川站_(京畿道)		Q21025128	东川	东川
station	오리	127.10891	37.33994	梧里	https://zh.wikipedia.org/wiki/梧里站		Q490258	梧里	梧里
station	수내	127.11425	37.37841	薮内	https://zh.wikipedia.org/wiki/薮内站		Q46201	薮内	薮内
station	서현	127.12333	37.38491	书岘	https://zh.wikipedia.org/wiki/書峴站		Q46190	书岘	书岘
station	야탑	127.12871	37.4113	野塔	https://zh.wikipedia.org/wiki/野塔站		Q46186	野塔	野塔
station	태평	127.12774	37.43971	太平	https://zh.wikipedia.org/wiki/太平站_(韓國)		Q46180	太平	太平
station	가천대	127.12672	37.4487	嘉泉大学	https://zh.wikipedia.org/wiki/嘉泉大學站		Q46176	嘉泉大学	嘉泉大
station	대모산입구	127.07275	37.49139	大母山入口	Wikidata Q46196 zh-cn	zh.wikipedia title is 大母山, which drops 入口; 入口 kept because the Korean name has it	Q46196	大母山	大母山入口
station	개포동	127.06604	37.4891	开浦洞	https://zh.wikipedia.org/wiki/开浦洞站		Q46331	开浦洞	开浦洞
station	구룡	127.05946	37.48693	九龙	https://zh.wikipedia.org/wiki/九龍站_(首爾特別市)		Q491571	九龙	九龙
station	한티	127.05287	37.49627	汉堤	https://zh.wikipedia.org/wiki/漢堤站		Q46122	汉堤	
station	압구정로데오	127.04071	37.52781	狎鸥亭罗德奥	https://zh.wikipedia.org/wiki/狎鸥亭罗德奥站		Q46073	狎鸥亭罗德奥	
station	서울숲	127.04474	37.54359	首尔林	https://zh.wikipedia.org/wiki/首爾林站		Q24058	首尔林	
station	동백산	129.03424	37.15435	东柏山	https://zh.wikipedia.org/wiki/東栢山站		Q983366	东柏山	东柏山
station	센텀	129.12452	35.17946	Centum	https://zh.wikipedia.org/wiki/Centum站	Latin letters in the name	Q1234112	Centum	
station	사상	128.98594	35.16228	沙上	https://zh.wikipedia.org/wiki/沙上站_(韩国铁道公社)		Q477528	沙上	沙上
station	한대앞	126.85361	37.30973	汉大前	Wikidata Q490356 zh-hans	zh.wikipedia title is 汉阳大学, which drops 前; 前 kept because the Korean name has it	Q490356	汉阳大学	汉大前
station	대전역	127.43336	36.33135	大田	https://zh.wikipedia.org/wiki/大田站_(大田地铁)		Q1586280	大田	大田
station	보정	127.10834	37.3126	宝亭	https://zh.wikipedia.org/wiki/宝亭站		Q46203	宝亭	宝亭
station	양재시민의숲	127.03848	37.46971	良才市民之林	https://zh.wikipedia.org/wiki/良才市民之林站		Q492402	良才市民之林	
station	청계산입구	127.05464	37.44831	清溪山入口	Wikidata Q492606 zh-hans	zh.wikipedia title is 清溪山, which drops 入口; 入口 kept because the Korean name has it	Q492606	清溪山	清溪山入口
station	성신여대입구	127.01648	37.59268	诚信女大入口	Wikidata Q497982 zh-hans	zh.wikipedia title is 诚信女子大学, which drops 入口; 入口 kept because the Korean name has it	Q497982	诚信女子大学	诚信女大入口
station	고잔	126.8231	37.31685	古栈	https://zh.wikipedia.org/wiki/古栈站		Q490271	古栈	古栈
station	신보성	127.08567	34.75935	新宝城	https://zh.wikipedia.org/wiki/新寶城站		Q134471791	新宝城	新宝城
station	장동	126.99527	34.75332	长东	https://zh.wikipedia.org/wiki/木浦寶城線 (station list: 長東)	no article of its own on zh.wikipedia; simplified form as in the Wikidata Q134471853 label / Hanja	Q134471853		长东
station	전남장흥	126.91106	34.66909	全南长兴	https://zh.wikipedia.org/wiki/木浦寶城線 (station list: 全南長興)	no article of its own on zh.wikipedia; simplified form as in the Wikidata Q134471830 label / Hanja	Q134471830		全南长兴
station	청량리	127.04463	37.57998	清凉里	https://zh.wikipedia.org/wiki/清凉里站		Q20417	清凉里	清凉里
station	신내	127.10409	37.61255	新内	https://zh.wikipedia.org/wiki/新內站		Q700159	新内	新内
station	종로3가	126.99232	37.57044	钟路3街	https://zh.wikipedia.org/wiki/鐘路3街站		Q79977	钟路3街	钟路3街
station	이촌	126.97337	37.52271	二村	https://zh.wikipedia.org/wiki/二村站		Q58957	二村	二村
station	송추	126.97941	37.72079	松湫	https://zh.wikipedia.org/wiki/松湫站		Q789498	松湫	松湫
station	진접	127.20325	37.72005	榛接	https://zh.wikipedia.org/wiki/榛接站		Q107060674	榛接	榛接
station	오남	127.19117	37.70523	梧南	https://zh.wikipedia.org/wiki/梧南站		Q107060675	梧南	梧南
station	별내별가람	127.11627	37.66782	别内星江	https://zh.wikipedia.org/wiki/別內星江站		Q107060673	别内星江	
station	약목	128.36433	36.03755	若木	https://zh.wikipedia.org/wiki/若木站		Q625988	若木	若木
station	서울역	126.9698	37.55344	首尔	https://zh.wikipedia.org/wiki/首爾站		Q20415	首尔	
station	장흥	126.94161	37.71869	长兴	https://zh.wikipedia.org/wiki/长兴站_(京畿道)		Q1595763	长兴	长兴
station	원릉	126.83996	37.66264	元陵	https://zh.wikipedia.org/wiki/元陵站		Q789470	元陵	元陵
station	횡성	128.01048	37.48281	横城	https://zh.wikipedia.org/wiki/橫城站		Q31179710	横城	横城
station	부산원동	129.11416	35.19363	釜山院洞	https://zh.wikipedia.org/wiki/釜山院洞站		Q39073397	釜山院洞	釜山院洞
station	수서	127.10469	37.4851	水西	https://zh.wikipedia.org/wiki/水西站_(韩国)		Q46157	水西	水西
station	개운포	129.32112	35.5079	开云浦	https://zh.wikipedia.org/wiki/開雲浦站		Q1234521	开云浦	开云浦
station	망양	129.28783	35.45651	望阳	https://zh.wikipedia.org/wiki/望陽站		Q58656461	望阳	望阳
station	광주송정	126.79011	35.13771	光州松汀	https://zh.wikipedia.org/wiki/光州松汀站		Q624500	光州松汀	光州松汀
station	광주	126.90932	35.16532	光州	https://zh.wikipedia.org/wiki/光州站		Q489731	光州	光州
station	의정부	127.04605	37.7377	议政府	https://zh.wikipedia.org/wiki/議政府站		Q490234	议政府	议政府
station	서광주	126.84743	35.12473	西光州	https://zh.wikipedia.org/wiki/西光州站		Q624113	西光州	西光州
station	미사	127.19282	37.56305	渼沙	https://zh.wikipedia.org/wiki/渼沙站		Q65248959	渼沙	渼沙
station	공주	127.09664	36.33224	公州	https://zh.wikipedia.org/wiki/公州站		Q1586754	公州	公州
station	익산	126.94591	35.94126	益山	https://zh.wikipedia.org/wiki/益山站		Q100882	益山	益山
station	정읍	126.84192	35.57577	井邑	https://zh.wikipedia.org/wiki/井邑站		Q625983	井邑	井邑
station	장성	126.77968	35.30012	长城	https://zh.wikipedia.org/wiki/长城站_(韩国)		Q983276	长城	长城
station	목포	126.38764	34.79213	木浦	https://zh.wikipedia.org/wiki/木浦站		Q69113	木浦	木浦
station	박물관	126.59746	37.47036	博物馆	https://zh.wikipedia.org/wiki/月尾海洋列車 (route diagram, 博物館站 (仁川); OSM name:zh 博物馆)	no article of its own on zh.wikipedia			
station	월미문화의거리	126.5992	37.47735	月尾文化街	https://zh.wikipedia.org/wiki/月尾海洋列車 (route diagram, 月尾文化街站)	no article of its own on zh.wikipedia			
station	동익산	126.95693	35.92049	东益山	https://zh.wikipedia.org/wiki/东益山站		Q1233965	东益山	东益山
station	원인재	126.68659	37.41312	源仁斋	https://zh.wikipedia.org/wiki/源仁斋站		Q20399	源仁斋	源仁斋
station	인천	126.61737	37.47657	仁川	https://zh.wikipedia.org/wiki/仁川站_(韓國)		Q497898	仁川	仁川
station	선정릉	127.04369	37.51073	宣靖陵	https://zh.wikipedia.org/wiki/宣靖陵站		Q46111	宣靖陵	宣靖陵
station	선릉	127.04871	37.50518	宣陵	https://zh.wikipedia.org/wiki/宣陵站		Q20204	宣陵	宣陵
station	강남구청	127.04142	37.51681	江南区厅	https://zh.wikipedia.org/wiki/江南区厅站		Q46072	江南区厅	江南区厅
station	도곡	127.05547	37.49063	道谷	https://zh.wikipedia.org/wiki/道谷站		Q46133	道谷	道谷
station	수서	127.10115	37.48766	水西	https://zh.wikipedia.org/wiki/水西站_(韩国)		Q46157	水西	水西
station	복정	127.12673	37.47092	福井	https://zh.wikipedia.org/wiki/福井站_(韓國)		Q46170	福井	福井
station	이매	127.12824	37.3953	二梅	https://zh.wikipedia.org/wiki/二梅站		Q46188	二梅	二梅
station	정자	127.10811	37.36623	亭子	https://zh.wikipedia.org/wiki/亭子站		Q31038	亭子	亭子
station	왕십리	127.03715	37.56121	往十里	https://zh.wikipedia.org/wiki/往十里站		Q17184	往十里	往十里
station	왕십리	127.03692	37.56183	往十里	https://zh.wikipedia.org/wiki/往十里站		Q17184	往十里	往十里
station	동대구	128.62831	35.87919	东大邱	https://zh.wikipedia.org/wiki/東大邱站		Q54288	东大邱	东大邱
station	웅천	126.60673	36.23593	熊川	https://zh.wikipedia.org/wiki/熊川站_(忠清南道)		Q1239931	熊川	熊川
station	논산	127.09285	36.20691	论山	https://zh.wikipedia.org/wiki/论山站		Q623739	论山	论山
station	송학	128.2701	37.18695	松鹤	https://zh.wikipedia.org/wiki/松鹤站_(忠清北道)		Q1591870	松鹤	松鹤
station	사천	128.09038	35.0934	泗川	https://zh.wikipedia.org/wiki/泗川站		Q1592527	泗川	泗川
station	신설동	127.02545	37.57452	新设洞	https://zh.wikipedia.org/wiki/新設洞站		Q490460	新设洞	新设洞
station	가정	126.67532	37.52472	佳亭	https://zh.wikipedia.org/wiki/佳亭站		Q20823465	佳亭	佳亭
station	여수엑스포	127.74924	34.75551	丽水世博会	https://zh.wikipedia.org/wiki/麗水世博會站		Q1162912	丽水世博会	
station	동작	126.98035	37.50311	铜雀	https://zh.wikipedia.org/wiki/銅雀站		Q60053	铜雀	铜雀
station	마산	128.57673	35.23636	马山	https://zh.wikipedia.org/wiki/马山站_(庆尚南道)		Q624162	马山	马山
station	대구한의대병원	128.75103	35.87164	大邱韩医大医院	https://zh.wikipedia.org/wiki/大邱都市铁道1号线 (station list, link 大邱韩医大医院站)	no article of its own on zh.wikipedia	Q108604773		大邱韩医大病院
station	부호	128.80312	35.90019	釜湖	https://zh.wikipedia.org/wiki/大邱都市铁道1号线 (station list, link 釜湖站)	no article of its own on zh.wikipedia	Q108604819		
station	구남	128.99495	35.19682	龟南	https://zh.wikipedia.org/wiki/龜南站		Q705667	龟南	龟南
station	하양	128.81844	35.90959	河阳	https://zh.wikipedia.org/wiki/河阳站		Q1598053	河阳	河阳
station	강릉	128.8994	37.76452	江陵	https://zh.wikipedia.org/wiki/江陵站		Q983377	江陵	江陵
station	개화	126.79767	37.57854	开花	https://zh.wikipedia.org/wiki/開花站		Q54275	开花	开花
station	상봉	127.08566	37.59703	上凤	https://zh.wikipedia.org/wiki/上凤站		Q49995	上凤	上凤
station	대야	126.82425	35.94493	大野	https://zh.wikipedia.org/wiki/大野站_(韩国)		Q1239999	大野	大野
station	송도달빛축제공원	126.62611	37.40681	松岛月光庆典公园	https://zh.wikipedia.org/wiki/松島月光慶典公園站		Q31178299	松岛月光庆典公园	
station	나주	126.71748	35.01393	罗州	https://zh.wikipedia.org/wiki/罗州站		Q983289	罗州	罗州
station	함평	126.53908	35.02368	咸平	https://zh.wikipedia.org/wiki/咸平站		Q983296	咸平	咸平
station	무안	126.51758	34.9628	务安	https://zh.wikipedia.org/wiki/务安站		Q983298	务安	务安
station	임성리	126.43521	34.82047	任城里	https://zh.wikipedia.org/wiki/任城里站		Q983304	任城里	任城里
station	소사	126.79502	37.483	素砂	https://zh.wikipedia.org/wiki/素砂站		Q490350	素砂	素砂
station	서대구	128.54174	35.88137	西大邱	https://zh.wikipedia.org/wiki/西大邱站		Q341676	西大邱	西大邱
station	대구	128.59605	35.876	大邱	https://zh.wikipedia.org/wiki/大邱站		Q54291	大邱	大邱
station	대구역	128.59712	35.87628	大邱	https://zh.wikipedia.org/wiki/大邱站		Q54291	大邱	大邱
station	동대구	128.62752	35.87743	东大邱	https://zh.wikipedia.org/wiki/東大邱站		Q54288	东大邱	东大邱
station	봉황	128.87428	35.2272	凤凰	https://zh.wikipedia.org/wiki/鳳凰站_(慶尚南道)		Q4869302	凤凰	凤凰
station	도산	126.78727	35.13138	道山	https://zh.wikipedia.org/wiki/道山站		Q1583193	道山	道山
station	학정	128.55918	35.95154	鹤亭	https://zh.wikipedia.org/wiki/鶴亭站		Q15985346	鹤亭	鹤亭
station	팔거	128.55834	35.94403	八莒	https://zh.wikipedia.org/wiki/八莒站		Q15985347	八莒	八莒
station	동천	128.55666	35.93768	东川	https://zh.wikipedia.org/wiki/東川站_(大邱廣域市)		Q15985352	东川	东川
station	칠곡운암	128.55449	35.93142	漆谷云岩	https://zh.wikipedia.org/wiki/漆谷雲岩站		Q15985348	漆谷云岩	漆谷云岩
station	구암	128.55031	35.9257	鸠岩	https://zh.wikipedia.org/wiki/鳩岩站		Q15985349	鸠岩	鸠岩
station	태전	128.54739	35.91967	太田	https://zh.wikipedia.org/wiki/太田站_(韓國)		Q15985350	太田	太田
station	매천	128.54346	35.91267	梅川	https://zh.wikipedia.org/wiki/梅川站		Q15985351	梅川	梅川
station	매천시장	128.54569	35.90434	梅川市场	https://zh.wikipedia.org/wiki/梅川市場站		Q15985353	梅川市场	梅川市场
station	팔달	128.5467	35.89787	八达	https://zh.wikipedia.org/wiki/八達站		Q15985354	八达	八达
station	공단	128.55363	35.89198	工团	https://zh.wikipedia.org/wiki/工團站		Q15985355	工团	工团
station	만평	128.56104	35.88985	万坪	https://zh.wikipedia.org/wiki/萬坪站		Q15985356	万坪	万坪
station	원대	128.57433	35.88785	院垈	https://zh.wikipedia.org/wiki/院垈站		Q15985358	院垈	院垈
station	북구청	128.58144	35.88381	北区厅	https://zh.wikipedia.org/wiki/北區廳站		Q15985359	北区厅	北区厅
station	달성공원	128.58209	35.87568	达城公园	https://zh.wikipedia.org/wiki/達城公園站		Q15985360	达城公园	达城公园
station	서문시장	128.58224	35.86967	西门市场	https://zh.wikipedia.org/wiki/西門市場站		Q15847466	西门市场	西门市场
station	남산	128.58341	35.85669	南山	https://zh.wikipedia.org/wiki/南山站_(大邱廣域市)		Q15985361	南山	南山
station	명덕	128.59001	35.85694	明德	https://zh.wikipedia.org/wiki/明德站_(韓國)		Q626181	明德	明德
station	건들바위	128.5996	35.8554	斗笠岩	https://zh.wikipedia.org/wiki/斗笠岩站		Q15985362	斗笠岩	
station	대봉교	128.60633	35.85499	大凤桥	https://zh.wikipedia.org/wiki/大鳳橋站		Q15985363	大凤桥	大凤桥
station	수성시장	128.61592	35.85434	寿城市场	https://zh.wikipedia.org/wiki/壽城市場站		Q15985364	寿城市场	寿城市场
station	수성구민운동장	128.62517	35.85236	寿城区民运动场	https://zh.wikipedia.org/wiki/壽城區民運動場站		Q15985365	寿城区民运动场	寿城区民运动场
station	황금	128.6239	35.83909	黄金	https://zh.wikipedia.org/wiki/黃金站_(韓國)		Q15985367	黄金	黄金
station	수성못	128.6232	35.83133	寿城池	https://zh.wikipedia.org/wiki/壽城池站		Q15985368	寿城池	
station	지산	128.6319	35.82519	池山	https://zh.wikipedia.org/wiki/池山站		Q15985369	池山	池山
station	범물	128.64013	35.82087	凡勿	https://zh.wikipedia.org/wiki/凡勿站		Q15985370	凡勿	凡勿
station	용지	128.64641	35.81823	龙池	https://zh.wikipedia.org/wiki/龍池站_(韓國)		Q15985371	龙池	龙池
station	남광주	126.92277	35.13944	南光州	https://zh.wikipedia.org/wiki/南光州站		Q624382	南光州	南光州
station	석남	126.67621	37.50728	石南	https://zh.wikipedia.org/wiki/石南站		Q20823467	石南	石南
station	석남	126.67464	37.50629	石南	https://zh.wikipedia.org/wiki/石南站		Q20823467	石南	石南
station	원주	127.92282	37.31641	原州	https://zh.wikipedia.org/wiki/原州站		Q545473	原州	原州
station	광주송정	126.79157	35.13755	光州松汀	https://zh.wikipedia.org/wiki/光州松汀站_(光州地铁)		Q1583211	光州松汀	光州松汀
station	주엽	126.76124	37.67015	注叶	https://zh.wikipedia.org/wiki/注葉站		Q79805	注叶	注叶
station	곡성	127.30446	35.28346	谷城	https://zh.wikipedia.org/wiki/谷城站_(谷城邑)		Q1232230	谷城	谷城
station	구례구	127.45197	35.16348	求礼口	https://zh.wikipedia.org/wiki/求礼口站		Q1232219	求礼口	求礼口
station	봉덕	127.45665	35.13387	凤德	https://zh.wikipedia.org/wiki/凤德站		Q1232213	凤德	凤德
station	순천	127.50406	34.94581	顺天	https://zh.wikipedia.org/wiki/顺天站_(韩国)		Q624385	顺天	顺天
station	센트럴파크	126.63456	37.39351	中央公园	https://zh.wikipedia.org/wiki/中央公园站_(韩国)		Q491218	中央公园	
station	인천대입구	126.63945	37.38612	仁川大入口	https://zh.wikipedia.org/wiki/仁川大學站 (infobox Hanja 仁川大入口驛, converted)	zh.wikipedia title is 仁川大学, which drops 入口; 入口 kept because the Korean name has it	Q490957	仁川大学	仁川大入口
station	지식정보단지	126.64592	37.37747	知识信息园区	https://zh.wikipedia.org/wiki/知识信息园区站		Q491001	知识信息园区	知识情报团地
station	테크노파크	126.65625	37.3823	科技公园	https://zh.wikipedia.org/wiki/科技公园站		Q491166	科技公园	
station	캠퍼스타운	126.66189	37.38817	大学城	https://zh.wikipedia.org/wiki/大学城站_(韩国)		Q490992	大学城	
station	동막	126.67354	37.39862	东幕	https://zh.wikipedia.org/wiki/东幕站_(仁川广域市)		Q491237	东幕	东幕
station	동춘	126.68027	37.40482	东春	https://zh.wikipedia.org/wiki/东春站		Q491246	东春	东春
station	신연수	126.69393	37.41806	新延寿	https://zh.wikipedia.org/wiki/新延寿站		Q491194	新延寿	新延寿
station	선학	126.69899	37.42724	仙鹤	https://zh.wikipedia.org/wiki/仙鹤站		Q490653	仙鹤	仙鹤
station	문학경기장	126.6978	37.4351	文鹤体育场	https://zh.wikipedia.org/wiki/文鶴體育場站		Q490970	文鹤体育场	文鹤竞技场
station	인천터미널	126.69972	37.44195	仁川客运站	https://zh.wikipedia.org/wiki/仁川客运站站		Q490948	仁川客运站	
station	예술회관	126.70098	37.44951	艺术会馆	https://zh.wikipedia.org/wiki/艺术会馆站		Q491210	艺术会馆	艺术会馆
station	간석오거리	126.70795	37.46716	间石五岔路口	https://zh.wikipedia.org/wiki/间石五岔路口站		Q491224	间石五岔路口	
station	부평삼거리	126.71036	37.47791	富平三岔路口	https://zh.wikipedia.org/wiki/富平三岔路口站		Q491186	富平三岔路口	
station	동수	126.71854	37.48542	东树	https://zh.wikipedia.org/wiki/东树站		Q491198	东树	东树
station	부평시장	126.72229	37.49837	富平市场	https://zh.wikipedia.org/wiki/富平市场站		Q490952	富平市场	富平市场
station	갈산	126.72152	37.51681	葛山	https://zh.wikipedia.org/wiki/葛山站_(仁川廣域市)		Q491231	葛山	葛山
station	작전	126.72253	37.53031	鹊田	https://zh.wikipedia.org/wiki/鹊田站		Q490985	鹊田	鹊田
station	경인교대입구	126.7226	37.53841	京仁教大入口	https://zh.wikipedia.org/wiki/京仁教育大學站 (infobox Hanja 京仁敎大入口驛, converted)	zh.wikipedia title is 京仁教育大学, which drops 入口; 入口 kept because the Korean name has it	Q490940	京仁教育大学	京仁教大入口
station	계산	126.72786	37.54334	桂山	https://zh.wikipedia.org/wiki/桂山站		Q491181	桂山	桂山
station	관악산	126.94533	37.46874	冠岳山	https://zh.wikipedia.org/wiki/冠岳山站		Q85980636	冠岳山	冠岳山
station	서울대벤처타운	126.93371	37.472	首尔大学创投城	https://zh.wikipedia.org/wiki/首爾大學創投城站		Q97339827	首尔大学创投城	
station	당곡	126.9278	37.4897	堂谷	https://zh.wikipedia.org/wiki/堂谷站		Q97339771	堂谷	堂谷
station	보라매병원	126.92427	37.49296	波拉美医院	https://zh.wikipedia.org/wiki/波拉美醫院站		Q97237570	波拉美医院	
station	보라매공원	126.91819	37.49529	波拉美公园	https://zh.wikipedia.org/wiki/波拉美公園站		Q85979732	波拉美公园	
station	서울지방병무청	126.92272	37.50596	首尔地方兵务厅	https://zh.wikipedia.org/wiki/首爾地方兵務廳站		Q85980669	首尔地方兵务厅	
station	샛강	126.92828	37.51736	赛江	https://zh.wikipedia.org/wiki/赛江站		Q60000	赛江	
station	샛강	126.92942	37.51737	赛江	https://zh.wikipedia.org/wiki/赛江站		Q60000	赛江	
station	김천(구미)	128.18069	36.11303	金泉(龟尾)	https://zh.wikipedia.org/wiki/金泉（龜尾）站	the source writes full-width parentheses; Chinese name contains parentheses; without inner parentheses: 金泉龟尾 (or 金泉)	Q59949	金泉（龟尾）	金泉(龟尾)
station	오근장	127.47786	36.6999	梧根场	https://zh.wikipedia.org/wiki/梧根场站		Q812295	梧根场	梧根场
station	서울역	126.97259	37.55542	首尔	https://zh.wikipedia.org/wiki/首爾站		Q20415	首尔	
station	장기주차장	126.45557	37.44393	长期停车场	https://zh.wikipedia.org/wiki/長期停車場站		Q14491532	长期停车场	长期驻车场
station	전의	127.20234	36.67844	全义	https://zh.wikipedia.org/wiki/全義站		Q188305	全义	全义
station	홍성	126.68122	36.59934	洪城	https://zh.wikipedia.org/wiki/洪城站		Q1235512	洪城	洪城
station	부강	127.36502	36.53255	芙江	https://zh.wikipedia.org/wiki/芙江站		Q188829	芙江	芙江
station	부산	129.04259	35.11555	釜山	https://zh.wikipedia.org/wiki/釜山站		Q53118	釜山	釜山
station	교대	129.08003	35.19522	教大	https://zh.wikipedia.org/wiki/教大站_(釜山廣域市)		Q706257	教大	教大
station	반여농산물시장	129.12396	35.21775	盘如农产品市场	https://zh.wikipedia.org/wiki/盘如农产品市场站		Q706440	盘如农产品市场	盘如农产物市场
station	윗반송	129.15387	35.23247	上盘松	https://zh.wikipedia.org/wiki/上盤松站		Q706423	上盘松	上盘松
station	디지털미디어시티	126.89808	37.5774	数码媒体城	https://zh.wikipedia.org/wiki/数码媒体城站		Q54265	数码媒体城	
station	디지털미디어시티	126.90146	37.57619	数码媒体城	https://zh.wikipedia.org/wiki/数码媒体城站		Q54265	数码媒体城	
station	노원	127.06348	37.65637	芦原	https://zh.wikipedia.org/wiki/芦原站_(韩国)		Q68681	芦原	芦原
station	양재	127.03485	37.48371	良才	https://zh.wikipedia.org/wiki/良才站		Q100852	良才	良才
station	강남	127.02827	37.49646	江南	https://zh.wikipedia.org/wiki/江南站_(韩国)		Q17469	江南	江南
station	문경	128.1102	36.72026	闻庆	https://zh.wikipedia.org/wiki/闻庆站		Q126389907	闻庆	闻庆
station	서울역	126.97236	37.55607	首尔	https://zh.wikipedia.org/wiki/首爾站		Q20415	首尔	
station	신길	126.91635	37.51751	新吉	https://zh.wikipedia.org/wiki/新吉站_(首尔特别市)		Q137168	新吉	新吉
station	명장	129.10177	35.20537	鸣藏	https://zh.wikipedia.org/wiki/鸣藏站		Q705398	鸣藏	鸣藏
station	종합운동장	129.06757	35.19089	综合运动场	https://zh.wikipedia.org/wiki/综合运动场站_(釜山广域市)		Q706337	综合运动场	综合运动场
station	낙민	129.09082	35.20015	乐民	https://zh.wikipedia.org/wiki/樂民站		Q705341	乐民	乐民
station	예산	126.82847	36.68711	礼山	https://zh.wikipedia.org/wiki/礼山站		Q1235384	礼山	礼山
station	아화	129.05138	35.89863	阿火	https://zh.wikipedia.org/wiki/阿火站		Q755251	阿火	阿火
station	풍기	128.52347	36.87406	丰基	https://zh.wikipedia.org/wiki/丰基站		Q727651	丰基	丰基
station	단양	128.34404	36.9731	丹阳	https://zh.wikipedia.org/wiki/丹阳站_(忠清北道)		Q1591787	丹阳	丹阳
station	북천	127.88358	35.11167	北川	https://zh.wikipedia.org/wiki/北川站_(庆尚南道)		Q625860	北川	北川
station	진상	127.71973	35.01508	津上	https://zh.wikipedia.org/wiki/津上站		Q1332788	津上	津上
station	일신	127.689	37.44536	日新	https://zh.wikipedia.org/wiki/日新站_(京畿道)		Q545187	日新	日新
station	가남	127.53544	37.19742	加南	https://zh.wikipedia.org/wiki/中部內陸線 (station list: 加南)	no article of its own on zh.wikipedia; simplified form as in the Wikidata Q85972394 label / Hanja	Q85972394		加南
station	강진	126.77229	34.62839	康津	https://zh.wikipedia.org/wiki/木浦寶城線 (station list: 康津)	no article of its own on zh.wikipedia; simplified form as in the Wikidata Q134471827 label / Hanja	Q134471827		康津
station	해남	126.6373	34.637	海南	https://zh.wikipedia.org/wiki/木浦寶城線 (station list: 海南)	no article of its own on zh.wikipedia; simplified form as in the Wikidata Q134471821 label / Hanja	Q134471821		海南
station	영암	126.53094	34.75874	灵岩	https://zh.wikipedia.org/wiki/木浦寶城線 (station list: 靈岩)	no article of its own on zh.wikipedia; simplified form as in the Wikidata Q134471768 label / Hanja	Q134471768		灵岩
station	포항	129.34268	36.07123	浦项	https://zh.wikipedia.org/wiki/浦项站		Q624288	浦项	浦项
station	영덕	129.37833	36.41025	盈德	https://zh.wikipedia.org/wiki/盈德站		Q31180375	盈德	盈德
station	앙성온천	127.78695	37.09207	仰城温泉	https://zh.wikipedia.org/wiki/仰城溫泉站		Q109738513	仰城温泉	仰城温泉
station	감곡장호원	127.63562	37.12704	甘谷长湖院	https://zh.wikipedia.org/wiki/中部內陸線 (station list: 甘谷長湖院)	no article of its own on zh.wikipedia; simplified form as in the Wikidata Q100270854 label / Hanja	Q100270854		甘谷长湖院
station	각계	127.72545	36.20816	觉溪	https://zh.wikipedia.org/wiki/觉溪站		Q623671	觉溪	觉溪
station	월내	129.27656	35.32808	月内	https://zh.wikipedia.org/wiki/月内站		Q1234438	月内	月内
station	서생	129.29295	35.34613	西生	https://zh.wikipedia.org/wiki/西生站		Q1234454	西生	西生
station	덕하	129.30312	35.49407	德下	https://zh.wikipedia.org/wiki/德下站		Q1234465	德下	德下
station	상계	127.07344	37.66076	上溪	https://zh.wikipedia.org/wiki/上溪站		Q490507	上溪	上溪
station	파라다이스시티	126.45992	37.4371	百乐达斯城	https://zh.wikipedia.org/wiki/百乐达斯城站		Q14491541	百乐达斯城	
station	선유도	126.89398	37.53786	仙游岛	https://zh.wikipedia.org/wiki/仙遊島站		Q59995	仙游岛	仙游岛
station	신목동	126.88318	37.54421	新木洞	https://zh.wikipedia.org/wiki/新木洞站		Q59994	新木洞	新木洞
station	염창	126.8754	37.54703	盐仓	https://zh.wikipedia.org/wiki/盐仓站		Q59993	盐仓	盐仓
station	등촌	126.86457	37.55115	登村	https://zh.wikipedia.org/wiki/登村站		Q59992	登村	登村
station	증미	126.86182	37.55751	曾米	https://zh.wikipedia.org/wiki/曾米站		Q59989	曾米	曾米
station	가양	126.8551	37.56114	加阳	https://zh.wikipedia.org/wiki/加陽站		Q59987	加阳	加阳
station	양천향교	126.8413	37.56845	阳川乡校	https://zh.wikipedia.org/wiki/阳川乡校站		Q59985	阳川乡校	阳川乡校
station	신방화	126.81659	37.5675	新傍花	https://zh.wikipedia.org/wiki/新傍花站		Q59982	新傍花	新傍花
station	공항시장	126.8106	37.56366	机场市场	https://zh.wikipedia.org/wiki/机场市场站		Q59980	机场市场	空港市场
station	송정공원	126.79954	35.14357	松汀公园	https://zh.wikipedia.org/wiki/松汀公园站		Q1583203	松汀公园	松汀公园
station	공항	126.81171	35.1441	机场	https://zh.wikipedia.org/wiki/机场站_(全南光州统合特别市)		Q1583121	机场	空港
station	김대중컨벤션센터	126.84132	35.1432	金大中会展中心	https://zh.wikipedia.org/wiki/金大中會展中心站		Q1583283	金大中会展中心	
station	운천	126.8587	35.1504	云泉	https://zh.wikipedia.org/wiki/云泉站_(全南光州统合特别市)		Q1583331	云泉	云泉
station	쌍촌	126.86957	35.15149	双村	https://zh.wikipedia.org/wiki/双村站		Q1583320	双村	双村
station	화정	126.87677	35.1519	花亭	https://zh.wikipedia.org/wiki/花亭站		Q1583340	花亭	花亭
station	농성	126.88404	35.15322	农城	https://zh.wikipedia.org/wiki/农城站		Q1583292	农城	农城
station	돌고개	126.89556	35.15172	石脊	https://zh.wikipedia.org/wiki/石脊站		Q1583303	石脊	
station	양동시장	126.90177	35.15451	良洞市场	https://zh.wikipedia.org/wiki/良洞市场站		Q1583325	良洞市场	良洞市场
station	금남로5가	126.91007	35.15371	锦南路5街	https://zh.wikipedia.org/wiki/锦南路5街站		Q1583245	锦南路5街	锦南路5街
station	금남로4가	126.91458	35.15071	锦南路4街	https://zh.wikipedia.org/wiki/锦南路4街站		Q1583235	锦南路4街	锦南路4街
station	문화전당	126.91981	35.14668	文化殿堂	https://zh.wikipedia.org/wiki/文化殿堂站		Q1583261	文化殿堂	文化殿堂
station	학동·증심사입구	126.92817	35.13311	鹤洞·证心寺入口	https://zh.wikipedia.org/wiki/鹤洞·证心寺入口站		Q626197	鹤洞·证心寺入口	鹤洞·证心寺入口
station	소태	126.93223	35.12361	所台	https://zh.wikipedia.org/wiki/所台站		Q623953	所台	所台
station	노은	127.31791	36.37411	老隐	https://zh.wikipedia.org/wiki/老隐站		Q1586358	老隐	老隐
station	지족	127.31954	36.38411	智足	https://zh.wikipedia.org/wiki/智足站		Q1586382	智足	智足
station	반석	127.31482	36.39194	盘石	https://zh.wikipedia.org/wiki/盘石站		Q1586363	盘石	盘石
station	현충원	127.32149	36.35941	显忠院	https://zh.wikipedia.org/wiki/显忠院站		Q1586391	显忠院	显忠院
station	구암	127.33073	36.35663	九岩	https://zh.wikipedia.org/wiki/九岩站		Q1586354	九岩	九岩
station	유성온천	127.34165	36.3537	儒城温泉	https://zh.wikipedia.org/wiki/儒城温泉站		Q1586372	儒城温泉	儒城温泉
station	갑천	127.35456	36.35455	甲川	https://zh.wikipedia.org/wiki/甲川站		Q1586309	甲川	甲川
station	월평	127.36446	36.35834	月坪	https://zh.wikipedia.org/wiki/月坪站		Q1586336	月坪	月坪
station	갈마	127.37279	36.35766	葛马	https://zh.wikipedia.org/wiki/葛马站		Q1586300	葛马	葛马
station	정부청사	127.38162	36.35761	政府大楼	https://zh.wikipedia.org/wiki/政府大樓站		Q1586444	政府大楼	政府厅舍
station	시청	127.38659	36.35144	市厅	https://zh.wikipedia.org/wiki/市厅站_(大田广域市)		Q1586320	市厅	市厅
station	탄방	127.38467	36.34595	炭坊	https://zh.wikipedia.org/wiki/炭坊站		Q1586349	炭坊	炭坊
station	용문	127.39326	36.3382	龙汶	https://zh.wikipedia.org/wiki/龙汶站		Q1586328	龙汶	龙汶
station	오룡	127.40506	36.3284	五龙	https://zh.wikipedia.org/wiki/五龙站		Q1586408	五龙	五龙
station	서대전네거리	127.41251	36.32239	西大田四街	https://zh.wikipedia.org/wiki/西大田四街站		Q1586402	西大田四街	西大田-
station	중구청	127.41958	36.32478	中区厅	https://zh.wikipedia.org/wiki/中区厅站		Q1586413	中区厅	中区厅
station	중앙로	127.42592	36.32859	中央路	https://zh.wikipedia.org/wiki/中央路站_(大田廣域市)		Q1586418	中央路	中央路
station	대동	127.44291	36.32941	大洞	https://zh.wikipedia.org/wiki/大洞站		Q1586272	大洞	大洞
station	신흥	127.44896	36.31958	新兴	https://zh.wikipedia.org/wiki/新兴站_(大田广域市)		Q1586287	新兴	新兴
station	판암	127.45871	36.317	板岩	https://zh.wikipedia.org/wiki/板岩站		Q1586293	板岩	板岩
station	월드컵경기장	127.3179	36.36683	世界杯竞技场	https://zh.wikipedia.org/wiki/世界杯竞技场站_(大田广域市)		Q1586367	世界杯竞技场	-竞技场
station	서경주	129.18086	35.88469	西庆州	https://zh.wikipedia.org/wiki/西慶州站_(東海線)		Q110286005	西庆州	西庆州
station	안강	129.23342	35.97051	安康	https://zh.wikipedia.org/wiki/安康站_(庆尚北道)		Q1235070	安康	安康
station	원종	126.80486	37.52385	远宗	https://zh.wikipedia.org/wiki/遠宗站		Q97338594	远宗	远宗
station	총신대입구(이수)	126.98224	37.48678	总神大入口(梨水)	https://zh.wikipedia.org/wiki/梨水站	zh.wikipedia has one article, 梨水站, for both names; its infobox gives the Hanja 總神大入口驛／梨水驛. Title form: 梨水; Chinese name contains parentheses; without inner parentheses: 总神大入口 (이수 has its own row, 梨水)	Q46351	梨水	
station	동대문	127.00953	37.5705	东大门	https://zh.wikipedia.org/wiki/東大門站		Q490545	东大门	东大门
station	종로3가	126.99027	37.57254	钟路3街	https://zh.wikipedia.org/wiki/鐘路3街站		Q79977	钟路3街	钟路3街
station	정릉	127.01336	37.60283	贞陵	https://zh.wikipedia.org/wiki/贞陵站		Q28943581	贞陵	贞陵
station	솔샘	127.01384	37.62017	松泉	https://zh.wikipedia.org/wiki/松泉站		Q28943579	松泉	
station	삼양사거리	127.02049	37.6212	三阳十字路口	https://zh.wikipedia.org/wiki/三阳十字路口站		Q28943578	三阳十字路口	
station	삼양	127.01818	37.62692	三阳	https://zh.wikipedia.org/wiki/三阳站_(韩国)		Q28943577	三阳	三阳
station	화계	127.01749	37.63403	华溪	https://zh.wikipedia.org/wiki/华溪站		Q28943576	华溪	华溪
station	가오리	127.01657	37.64197	加五里	https://zh.wikipedia.org/wiki/加五里站		Q28943575	加五里	加五里
station	4.19민주묘지	127.01369	37.64934	四一九民主墓地	https://zh.wikipedia.org/wiki/四一九民主墓地站		Q28943574	四一九民主墓地	4.19民主墓地
station	솔밭공원	127.01325	37.65607	松林公园	https://zh.wikipedia.org/wiki/松林公园站		Q28943573	松林公园	
station	북한산우이	127.01241	37.66332	北汉山牛耳	https://zh.wikipedia.org/wiki/北汉山牛耳站		Q29160503	北汉山牛耳	北汉山牛耳
station	강남대	127.12613	37.27016	江南大学	https://zh.wikipedia.org/wiki/江南大學站_(韓國)		Q702519	江南大学	江南大
station	지석	127.13663	37.26975	支石	https://zh.wikipedia.org/wiki/支石站		Q702699	支石	支石
station	어정	127.14372	37.27493	御停	https://zh.wikipedia.org/wiki/御停站		Q702653	御停	御停
station	동백	127.15277	37.26902	东柏	https://zh.wikipedia.org/wiki/東栢站		Q702578	东柏	东柏
station	초당	127.15955	37.2608	草堂	https://zh.wikipedia.org/wiki/草堂站		Q702712	草堂	草堂
station	삼가	127.16828	37.24214	三街	https://zh.wikipedia.org/wiki/三街站_(京畿道)		Q702622	三街	三街
station	시청.용인대	127.17886	37.23933	市厅·龙仁大学	https://zh.wikipedia.org/wiki/市廳·龍仁大學站		Q702636	市厅·龙仁大学	市厅·龙仁大
station	명지대	127.19035	37.23797	明知大学	https://zh.wikipedia.org/wiki/明知大學站		Q702595	明知大学	明知大
station	김량장	127.19864	37.23725	金良场	https://zh.wikipedia.org/wiki/金良场站		Q702567	金良场	金良场
station	용인중앙시장	127.20908	37.23779	龙仁中央市场	https://zh.wikipedia.org/wiki/龍仁中央市場站		Q702664	龙仁中央市场	龙仁中央市场
station	고진	127.21421	37.24452	古陈	https://zh.wikipedia.org/wiki/古陳站		Q702531	古陈	古陈
station	보평	127.21851	37.25888	洑坪	https://zh.wikipedia.org/wiki/洑坪站		Q702611	洑坪	洑坪
station	둔전	127.21369	37.26719	屯田	https://zh.wikipedia.org/wiki/屯田站_(京畿道)		Q702584	屯田	屯田
station	시청	126.97479	37.56333	市厅	https://zh.wikipedia.org/wiki/市廳站_(首爾特別市)		Q246660	市厅	市厅
station	기흥	127.11675	37.27544	器兴	https://zh.wikipedia.org/wiki/器兴站		Q16273	器兴	器兴
station	노량진	126.94157	37.51361	鹭梁津	https://zh.wikipedia.org/wiki/鷺梁津站		Q60001	鹭梁津	鹭梁津
station	극락강	126.83004	35.17599	极乐江	https://zh.wikipedia.org/wiki/极乐江站		Q2048569	极乐江	极乐江
station	월미공원	126.60611	37.47635	月尾公园	https://zh.wikipedia.org/wiki/月尾海洋列車 (route diagram, 月尾公园站)	no article of its own on zh.wikipedia			
station	사상	128.9847	35.1622	沙上	https://zh.wikipedia.org/wiki/沙上站_(韩国铁道公社)		Q477528	沙上	沙上
station	검단오류	126.62793	37.59499	黔丹梧柳	https://zh.wikipedia.org/wiki/黔丹梧柳站		Q20823454	黔丹梧柳	黔丹梧柳
station	왕길	126.64238	37.59518	旺吉	https://zh.wikipedia.org/wiki/旺吉站		Q20823455	旺吉	旺吉
station	검단사거리	126.65673	37.60182	黔丹十字路口	https://zh.wikipedia.org/wiki/黔丹十字路口站		Q20823457	黔丹十字路口	
station	마전	126.66725	37.59757	麻田	https://zh.wikipedia.org/wiki/麻田站_(仁川廣域市)		Q20823458	麻田	麻田
station	완정	126.67287	37.59287	完井	https://zh.wikipedia.org/wiki/完井站		Q20823459	完井	完井
station	독정	126.67596	37.58486	笃亭	https://zh.wikipedia.org/wiki/篤亭站		Q20823460	笃亭	笃亭
station	검암	126.67557	37.56875	黔岩	https://zh.wikipedia.org/wiki/黔岩站		Q54257	黔岩	黔岩
station	검바위	126.67751	37.56125	黔石	https://zh.wikipedia.org/wiki/黔石站		Q20823461	黔石	
station	아시아드경기장	126.6771	37.55159	亚运会赛场	https://zh.wikipedia.org/wiki/亞運會賽場站		Q20823463	亚运会赛场	
station	서해구청	126.67682	37.54398	西海区厅	https://zh.wikipedia.org/wiki/西海區廳站		Q20823464	西海区厅	西海区厅
station	가정중앙시장	126.67679	37.5175	佳亭中央市场	https://zh.wikipedia.org/wiki/佳亭中央市場站		Q20823466	佳亭中央市场	佳亭中央市场
station	서부여성회관	126.67582	37.49998	西部女性会馆	https://zh.wikipedia.org/wiki/西部女性會館站		Q20823468	西部女性会馆	西部女性会馆
station	인천가좌	126.67524	37.49046	仁川佳佐	https://zh.wikipedia.org/wiki/仁川佳佐站		Q20823470	仁川佳佐	仁川佳佐
station	가재울	126.68398	37.48395	蝲蛄溪	https://zh.wikipedia.org/wiki/蝲蛄溪站		Q20823471	蝲蛄溪	
station	주안국가산단	126.68116	37.47399	朱安国家产团	https://zh.wikipedia.org/wiki/朱安国家产团站		Q20823472	朱安国家产团	朱安国家产团
station	시민공원	126.68083	37.45841	市民公园	https://zh.wikipedia.org/wiki/市民公園站_(韓國)		Q20823473	市民公园	市民公园
station	석바위시장	126.69221	37.45768	石岩市场	https://zh.wikipedia.org/wiki/石岩市场站		Q20823474	石岩市场	
station	석천사거리	126.71078	37.45673	石泉十字路口	https://zh.wikipedia.org/wiki/石泉十字路口站		Q20823475	石泉十字路口	
station	모래내시장	126.71948	37.45586	沙丘市场	https://zh.wikipedia.org/wiki/沙丘市场站		Q20823477	沙丘市场	
station	만수	126.73186	37.45497	万寿	https://zh.wikipedia.org/wiki/萬壽站_(韓國)		Q20823478	万寿	万寿
station	남동구청	126.73681	37.44816	南洞区厅	https://zh.wikipedia.org/wiki/南洞區廳站		Q20823479	南洞区厅	南洞区厅
station	인천대공원	126.75281	37.44855	仁川大公园	https://zh.wikipedia.org/wiki/仁川大公園站		Q20823480	仁川大公园	仁川大公园
station	구미	128.33105	36.12831	龟尾	https://zh.wikipedia.org/wiki/龟尾站		Q341196	龟尾	龟尾
station	대곡	126.81212	37.63127	大谷	https://zh.wikipedia.org/wiki/大谷站_(京畿道)		Q59856	大谷	大谷
station	화순	126.96316	35.05131	和顺	https://zh.wikipedia.org/wiki/和顺站_(韩国)		Q1333500	和顺	和顺
station	대곡	126.81118	37.63242	大谷	https://zh.wikipedia.org/wiki/大谷站_(京畿道)		Q59856	大谷	大谷
station	서화성	126.78687	37.24878	西华城	https://zh.wikipedia.org/wiki/西海線 (station list: 西華城)	no article of its own on zh.wikipedia; simplified form as in the Wikidata Q116754124 label / Hanja	Q116754124		西华城
station	향남	126.91278	37.1229	乡南	https://zh.wikipedia.org/wiki/西海線 (station list: 鄕南)	no article of its own on zh.wikipedia; simplified form as in the Wikidata Q123398321 label / Hanja	Q123398321		乡南
station	안중	126.93851	36.97197	安仲	https://zh.wikipedia.org/wiki/西海線 (station list: 安仲)	no article of its own on zh.wikipedia; simplified form as in the Wikidata Q125696347 label / Hanja	Q125696347		安仲
station	인주	126.88143	36.83841	仁州	https://zh.wikipedia.org/wiki/西海線 (station list: 仁州)	no article of its own on zh.wikipedia; simplified form as in the Wikidata Q125696699 label / Hanja	Q125696699		仁州
station	합덕	126.79821	36.79625	合德	https://zh.wikipedia.org/wiki/西海線 (station list: 合德)	no article of its own on zh.wikipedia; simplified form as in the Wikidata Q125696382 label / Hanja	Q125696382		合德
station	운천	126.76992	37.87997	云泉	https://zh.wikipedia.org/wiki/雲泉站_(京畿道)		Q483664	云泉	云泉
station	서천	126.70847	36.0822	舒川	https://zh.wikipedia.org/wiki/舒川站		Q1239969	舒川	舒川
station	하동	127.76161	35.06388	河东	https://zh.wikipedia.org/wiki/河东站_(韩国)		Q1332777	河东	河东
station	창원중앙	128.7016	35.24257	昌原中央	https://zh.wikipedia.org/wiki/昌原中央站		Q1332386	昌原中央	昌原中央
station	창원	128.60703	35.25813	昌原	https://zh.wikipedia.org/wiki/昌原站		Q626193	昌原	昌原
station	진부	128.57482	37.64257	珍富	https://zh.wikipedia.org/wiki/珍富站		Q31179712	珍富	珍富
station	다시	126.64113	35.01645	多侍	https://zh.wikipedia.org/wiki/多侍站		Q983292	多侍	多侍
station	몽탄	126.5037	34.92983	梦滩	https://zh.wikipedia.org/wiki/梦滩站		Q983300	梦滩	梦滩
station	일로	126.47709	34.84854	一老	https://zh.wikipedia.org/wiki/一老站		Q983303	一老	一老
station	청도	128.74617	35.63985	清道	https://zh.wikipedia.org/wiki/清道站		Q477082	清道	清道
station	상동	128.7604	35.55572	上东	https://zh.wikipedia.org/wiki/上东站		Q624589	上东	上东
station	매곡	127.73014	37.43659	梅谷	https://zh.wikipedia.org/wiki/梅谷站_(韓國)		Q545222	梅谷	梅谷
station	성남	127.12058	37.39369	城南	https://zh.wikipedia.org/wiki/城南站_(京畿道)		Q123158798	城南	城南
station	성남	127.11941	37.39469	城南	https://zh.wikipedia.org/wiki/城南站_(京畿道)		Q123158798	城南	城南
station	구성	127.10392	37.29904	驹城	https://zh.wikipedia.org/wiki/驹城站		Q46207	驹城	驹城
station	양촌	126.6148	37.64164	阳村	https://zh.wikipedia.org/wiki/陽村站_(京畿道)		Q24864027	阳村	阳村
station	마산	126.64424	37.6406	麻山	https://zh.wikipedia.org/wiki/麻山站_(京畿道)		Q24864056	麻山	麻山
station	장기	126.66901	37.64403	场基	https://zh.wikipedia.org/wiki/場基站		Q24864069	场基	场基
station	운양	126.68394	37.65381	云阳	https://zh.wikipedia.org/wiki/雲陽站_(京畿道)		Q24864091	云阳	云阳
station	걸포북변	126.70565	37.63171	杰浦北边	https://zh.wikipedia.org/wiki/傑浦北邊站		Q24864120	杰浦北边	杰浦北边
station	사우	126.71976	37.6202	沙隅	https://zh.wikipedia.org/wiki/沙隅站		Q24864125	沙隅	沙隅
station	풍무	126.73246	37.61237	丰舞	https://zh.wikipedia.org/wiki/豐舞站		Q24864137	丰舞	丰舞
station	고촌	126.77021	37.60126	高村	https://zh.wikipedia.org/wiki/高村站_(京畿道)		Q24864104	高村	高村
station	김포공항	126.80196	37.56233	金浦机场	https://zh.wikipedia.org/wiki/金浦机场站		Q54263	金浦机场	金浦空港
station	김포공항	126.80406	37.56172	金浦机场	https://zh.wikipedia.org/wiki/金浦机场站		Q54263	金浦机场	金浦空港
station	옥수	127.01755	37.54137	玉水	https://zh.wikipedia.org/wiki/玉水站_(韩国)		Q34696	玉水	玉水
station	팔달시장	128.56786	35.88886	八达市场	https://zh.wikipedia.org/wiki/八達市場站		Q15985357	八达市场	八达市场
station	후포	129.43673	36.68323	厚浦	https://zh.wikipedia.org/wiki/東海線 (station list: 厚浦)	no article of its own on zh.wikipedia; simplified form as in the Wikidata Q126364780 label / Hanja	Q126364780		厚浦
station	고래불	129.40617	36.60257	鲸鱼角	https://zh.wikipedia.org/wiki/東海線 (station list: 鯨魚角)	no article of its own on zh.wikipedia; simplified form as in the Wikidata Q126364717 label / Hanja	Q126364717		
station	장자호수공원	127.13791	37.58741	长者湖水公园	https://zh.wikipedia.org/wiki/首都圈電鐵8號線 (station list: 長者湖水公園)	no article of its own on zh.wikipedia; simplified form as in the Wikidata Q108597471 label / Hanja	Q108597471		长者湖水公园
station	구리	127.14084	37.60227	九里	https://zh.wikipedia.org/wiki/首都圈電鐵8號線 (station list: 九里)	no article of its own on zh.wikipedia; simplified form as in the Wikidata Q131743657 label / Hanja	Q131743657		
station	동구릉	127.13811	37.61051	东九陵	https://zh.wikipedia.org/wiki/首都圈電鐵8號線 (station list: 東九陵)	no article of its own on zh.wikipedia; simplified form as in the Wikidata Q108597488 label / Hanja	Q108597488		东九陵
station	다산	127.14976	37.62433	茶山	https://zh.wikipedia.org/wiki/首都圈電鐵8號線 (station list: 茶山)	no article of its own on zh.wikipedia; simplified form as in the Wikidata Q108597480 label / Hanja	Q108597480		茶山
station	별내	127.12782	37.64203	别内	https://zh.wikipedia.org/wiki/别内站		Q702027	别内	别内
station	하양	128.81757	35.90943	河阳	https://zh.wikipedia.org/wiki/河阳站		Q1598053	河阳	河阳
station	군위	128.74572	36.16096	军威	https://zh.wikipedia.org/wiki/軍威站		Q124214908	军威	军威
station	운정중앙	126.72829	37.71615	云井中央	https://zh.wikipedia.org/wiki/云井中央站		Q125895818	云井中央	云井中央
station	영해	129.39696	36.53894	宁海	https://zh.wikipedia.org/wiki/東海線 (station list: 寧海)	no article of its own on zh.wikipedia; simplified form as in the Wikidata Q126364677 label / Hanja	Q126364677		宁海
station	평해	129.44608	36.7258	平海	https://zh.wikipedia.org/wiki/東海線 (station list: 平海)	no article of its own on zh.wikipedia; simplified form as in the Wikidata Q126365498 label / Hanja	Q126365498		平海
station	기성	129.44758	36.79043	箕城	https://zh.wikipedia.org/wiki/東海線 (station list: 箕城)	no article of its own on zh.wikipedia; simplified form as in the Wikidata Q126365534 label / Hanja	Q126365534		箕城
station	매화	129.40976	36.8827	梅花	https://zh.wikipedia.org/wiki/東海線 (station list: 梅花)	no article of its own on zh.wikipedia; simplified form as in the Wikidata Q126365727 label / Hanja	Q126365727		梅花
station	울진	129.39547	36.98174	蔚珍	https://zh.wikipedia.org/wiki/蔚珍站		Q126365729	蔚珍	蔚珍
station	죽변	129.40392	37.0499	竹边	https://zh.wikipedia.org/wiki/東海線 (station list: 竹邊)	no article of its own on zh.wikipedia; simplified form as in the Wikidata Q126370988 label / Hanja	Q126370988		竹边
station	흥부	129.36912	37.09722	兴富	https://zh.wikipedia.org/wiki/東海線 (station list: 興富)	no article of its own on zh.wikipedia; simplified form as in the Wikidata Q126370995 label / Hanja	Q126370995		兴富
station	옥원	129.32388	37.18389	沃原	https://zh.wikipedia.org/wiki/東海線 (station list: 沃原)	no article of its own on zh.wikipedia; simplified form as in the Wikidata Q126371029 label / Hanja	Q126371029		沃原
station	임원	129.32651	37.24012	临院	https://zh.wikipedia.org/wiki/東海線 (station list: 臨院)	no article of its own on zh.wikipedia; simplified form as in the Wikidata Q126371037 label / Hanja	Q126371037		临院
station	근덕	129.27887	37.31364	近德	https://zh.wikipedia.org/wiki/東海線 (station list: 近德)	no article of its own on zh.wikipedia; simplified form as in the Wikidata Q126371045 label / Hanja	Q126371045		近德
station	화성시청	126.82061	37.18969	华城市厅	https://zh.wikipedia.org/wiki/西海線 (station list: 華城市廳)	no article of its own on zh.wikipedia; simplified form as in the Wikidata Q123398303 label / Hanja	Q123398303		华城市厅
station	해월전망대	129.18097	35.15525	海月展望台	OSM name:ko-Hani 海月展望台, converted	official Hanja converted; no Chinese-language source			海月展望台
station	살미	127.96018	36.90224	乷味	https://zh.wikipedia.org/wiki/中部內陸線 (station list: 乷味)	no article of its own on zh.wikipedia; simplified form as in the Wikidata Q125975851 label / Hanja	Q125975851		乷味
station	수안보온천	128.00501	36.84169	水安保温泉	https://zh.wikipedia.org/wiki/中部內陸線 (station list: 水安保溫泉)	no article of its own on zh.wikipedia; simplified form as in the Wikidata Q125975869 label / Hanja	Q125975869		水安保温泉
station	연풍	128.0183	36.78643	延丰	https://zh.wikipedia.org/wiki/中部內陸線 (station list: 延豐)	no article of its own on zh.wikipedia; simplified form as in the Wikidata Q125975892 label / Hanja	Q125975892		延丰
station	킨텍스	126.74833	37.66521	韩国国际会展中心	https://zh.wikipedia.org/wiki/韩国国际会展中心站		Q125695849	韩国国际会展中心	韩国国际会展中心
station	연신내	126.9204	37.61893	延新川	https://zh.wikipedia.org/wiki/延新川站		Q79956	延新川	
station	동구청	128.63222	35.88441	东区厅	https://zh.wikipedia.org/wiki/东区厅站		Q624663	东区厅	东区厅
station	광양	127.58782	34.95615	光阳	https://zh.wikipedia.org/wiki/光阳站		Q1332815	光阳	光阳
station	강서구청	128.98195	35.21123	江西区厅	https://zh.wikipedia.org/wiki/江西区厅站		Q704815	江西区厅	江西区厅
station	체육공원	128.96938	35.21249	体育公园	https://zh.wikipedia.org/wiki/体育公园站_(韩国)		Q704940	体育公园	体育公园
station	미포	129.17293	35.15808	尾浦	OSM name:ko-Hani 尾浦, converted	official Hanja converted; no Chinese-language source			尾浦
station	구덕포	129.19655	35.16901	九德浦	OSM name:ko-Hani 九德浦, converted	official Hanja converted; no Chinese-language source			九德浦
station	보성	127.08214	34.76677	宝城	https://zh.wikipedia.org/wiki/宝城站		Q1333428	宝城	宝城
station	아라	126.7133	37.59226	阿拉	https://zh.wikipedia.org/wiki/阿拉站		Q130284078	阿拉	
station	신검단중앙	126.69853	37.60268	新黔丹中央	https://zh.wikipedia.org/wiki/新黔丹中央站		Q130284071	新黔丹中央	新黔丹中央
station	검단호수공원	126.68857	37.60244	黔丹湖水公园	https://zh.wikipedia.org/wiki/黔丹湖水公园站		Q130284074	黔丹湖水公园	黔丹湖水公园
station	뚝섬	127.04741	37.54724	纛岛	https://zh.wikipedia.org/wiki/纛岛站		Q488263	纛岛	
station	동대문역사문화공원	127.00714	37.56428	东大门历史文化公园	https://zh.wikipedia.org/wiki/東大門歷史文化公園站		Q129579	东大门历史文化公园	东大门历史文化公园
station	종합운동장	127.07621	37.51141	综合运动场	https://zh.wikipedia.org/wiki/综合运动场站_(首尔特别市)		Q491563	综合运动场	综合运动场
station	홍대입구	126.92345	37.55663	弘大入口	Wikidata Q54267 zh-cn	zh.wikipedia title is 弘益大学, which drops 入口; 入口 kept because the Korean name has it	Q54267	弘益大学	弘大入口
station	신천	128.61757	35.87462	新川	https://zh.wikipedia.org/wiki/新川站_(大邱廣域市)		Q624245	新川	新川
station	아양교	128.6399	35.88721	峨洋桥	https://zh.wikipedia.org/wiki/峨洋桥站		Q708169	峨洋桥	峨洋桥
station	조성	127.24833	34.80664	鸟城	https://zh.wikipedia.org/wiki/鳥城站		Q1333397	鸟城	鸟城
station	대천	126.58645	36.34173	大川	https://zh.wikipedia.org/wiki/大川站_(韩国)		Q1239910	大川	大川
station	중리	128.51918	35.24968	中里	https://zh.wikipedia.org/wiki/中里站_(庆尚南道)		Q1332410	中里	中里
station	화원	128.50038	35.8043	花园	https://zh.wikipedia.org/wiki/花園站_(韓國)		Q21060851	花园	花园
station	상인	128.53784	35.81895	上仁	https://zh.wikipedia.org/wiki/上仁站		Q624843	上仁	上仁
station	설화명곡	128.48932	35.7987	舌化椧谷	https://zh.wikipedia.org/wiki/舌化椧谷站		Q24000612	舌化椧谷	舌化椧谷
station	워터파크	126.4342	37.4293	水上公园	https://zh.wikipedia.org/wiki/水上公園站_(韓國)		Q14491545	水上公园	
station	용유	126.42362	37.42482	龙游	https://zh.wikipedia.org/wiki/龙游站_(韩国)		Q18999999	龙游	龙游
station	합동청사	126.4586	37.44051	行政大楼	https://zh.wikipedia.org/wiki/行政大樓站		Q14491533	行政大楼	合同厅舍
station	대실	128.46566	35.85729	大希尔	https://zh.wikipedia.org/wiki/大希爾站		Q708052	大希尔	
station	다사	128.45792	35.86533	多斯	https://zh.wikipedia.org/wiki/多斯站		Q708037	多斯	多斯
station	신기	128.70164	35.86674	新基	https://zh.wikipedia.org/wiki/新基站		Q708138	新基	新基
station	안동	128.67493	36.57414	安东	https://zh.wikipedia.org/wiki/安东站_(庆尚北道)		Q623565	安东	安东
station	영남대	128.75353	35.83659	岭南大	https://zh.wikipedia.org/wiki/岭南大站		Q492223	岭南大	岭南大
station	임당	128.74103	35.83412	林堂	https://zh.wikipedia.org/wiki/林堂站		Q492423	林堂	林堂
station	정평	128.72834	35.83407	正坪	https://zh.wikipedia.org/wiki/正坪站		Q492199	正坪	正坪
station	사월	128.71608	35.83686	沙月	https://zh.wikipedia.org/wiki/沙月站		Q625426	沙月	沙月
station	신매	128.70498	35.84084	新梅	https://zh.wikipedia.org/wiki/新梅站		Q708357	新梅	新梅
station	고산	128.69335	35.84296	孤山	https://zh.wikipedia.org/wiki/孤山站_(韓國)		Q708278	孤山	孤山
station	수성알파시티	128.68026	35.84263	寿城阿尔法城	https://zh.wikipedia.org/wiki/壽城阿爾法城站		Q695096	寿城阿尔法城	
station	연호	128.67206	35.84642	莲湖	https://zh.wikipedia.org/wiki/蓮湖站_(韓國)		Q708373	莲湖	莲湖
station	담티	128.65422	35.85468	丹替	https://zh.wikipedia.org/wiki/丹替站		Q624326	丹替	
station	만촌	128.64513	35.85889	晚村	https://zh.wikipedia.org/wiki/晚村站		Q624859	晚村	晚村
station	수성구청	128.63579	35.85885	寿城区厅	https://zh.wikipedia.org/wiki/寿城区厅站		Q623982	寿城区厅	寿城区厅
station	범어	128.62652	35.85905	泛鱼	https://zh.wikipedia.org/wiki/泛魚站		Q708322	泛鱼	泛鱼
station	대구은행	128.61413	35.85977	大邱银行	https://zh.wikipedia.org/wiki/大邱银行站		Q625621	大邱银行	大邱银行
station	경대병원	128.60307	35.86309	庆大医院	https://zh.wikipedia.org/wiki/慶大醫院站		Q624826	庆大医院	庆大病院
station	청라언덕	128.58321	35.86512	青萝坡	https://zh.wikipedia.org/wiki/青蘿坡站		Q624061	青萝坡	
station	반고개	128.57366	35.86245	半高盖	https://zh.wikipedia.org/wiki/半高盖站		Q707907	半高盖	
station	내당	128.56463	35.86013	内唐	https://zh.wikipedia.org/wiki/内唐站		Q708254	内唐	内唐
station	두류	128.55568	35.85721	头流	https://zh.wikipedia.org/wiki/头流站		Q707888	头流	头流
station	감삼	128.54827	35.85437	甘三	https://zh.wikipedia.org/wiki/甘三站		Q707835	甘三	甘三
station	죽전	128.53821	35.85047	竹田	https://zh.wikipedia.org/wiki/竹田站_(大邱廣域市)		Q624227	竹田	竹田
station	용산	128.52888	35.84907	龙山	https://zh.wikipedia.org/wiki/龙山站_(大邱广域市)		Q624836	龙山	龙山
station	이곡	128.51579	35.85061	梨谷	https://zh.wikipedia.org/wiki/梨谷站		Q708001	梨谷	梨谷
station	성서산업단지	128.5072	35.85172	城西产业园区	https://zh.wikipedia.org/wiki/城西產業園區站		Q625664	城西产业园区	城西产业团地
station	계명대	128.49198	35.85153	启明大	https://zh.wikipedia.org/wiki/启明大站		Q623524	启明大	启明大
station	강창	128.47815	35.85312	江仓	https://zh.wikipedia.org/wiki/江仓站		Q707855	江仓	江仓
station	문양	128.43713	35.86434	汶阳	https://zh.wikipedia.org/wiki/汶阳站		Q624503	汶阳	汶阳
station	안심	128.73368	35.87119	安心	https://zh.wikipedia.org/wiki/安心站		Q624047	安心	安心
station	각산	128.7239	35.86788	角山	https://zh.wikipedia.org/wiki/角山站		Q708077	角山	角山
station	반야월	128.71362	35.86596	半夜月	https://zh.wikipedia.org/wiki/半夜月站		Q624657	半夜月	半夜月
station	율하	128.69282	35.8697	栗下	https://zh.wikipedia.org/wiki/栗下站		Q708205	栗下	栗下
station	용계	128.68141	35.87628	龙溪	https://zh.wikipedia.org/wiki/龙溪站_(韩国)		Q624818	龙溪	龙溪
station	방촌	128.66966	35.87981	芳村	https://zh.wikipedia.org/wiki/芳村站_(韓國)		Q708119	芳村	芳村
station	해안	128.65888	35.88358	解颜	https://zh.wikipedia.org/wiki/解顏站		Q708225	解颜	解颜
station	동촌	128.65039	35.88602	东村	https://zh.wikipedia.org/wiki/东村站		Q623981	东村	东村
station	칠성시장	128.60507	35.8761	七星市场	https://zh.wikipedia.org/wiki/七星市场站		Q625824	七星市场	七星市场
station	중앙로	128.59404	35.87074	中央路	https://zh.wikipedia.org/wiki/中央路站_(大邱廣域市)		Q624146	中央路	中央路
station	교대	128.59055	35.8504	教大	https://zh.wikipedia.org/wiki/教大站_(大邱廣域市)		Q624848	教大	教大
station	영대병원	128.58862	35.84441	岭大医院	https://zh.wikipedia.org/wiki/岭大医院站		Q707812	岭大医院	岭大病院
station	현충로	128.5813	35.84084	显忠路	https://zh.wikipedia.org/wiki/显忠路站		Q625022	显忠路	显忠路
station	안지랑	128.57382	35.8392	安吉朗	https://zh.wikipedia.org/wiki/安吉朗站		Q707789	安吉朗	
station	대명	128.56502	35.83927	大明	https://zh.wikipedia.org/wiki/大明站		Q707762	大明	大明
station	서부정류장	128.5571	35.83695	西部客运站	https://zh.wikipedia.org/wiki/西部客运站站		Q625295	西部客运站	西部停留场
station	송현	128.55192	35.83128	松岘	https://zh.wikipedia.org/wiki/松岘站		Q707937	松岘	松岘
station	월촌	128.54583	35.82403	月村	https://zh.wikipedia.org/wiki/月村站		Q707983	月村	月村
station	월배	128.53042	35.81616	月背	https://zh.wikipedia.org/wiki/月背站		Q707960	月背	月背
station	진천	128.52269	35.81382	辰泉	https://zh.wikipedia.org/wiki/辰泉站		Q708021	辰泉	辰泉
station	대곡	128.51246	35.80943	大谷	https://zh.wikipedia.org/wiki/大谷站_(大邱廣域市)		Q625028	大谷	大谷
station	반월당	128.59341	35.86551	半月堂	https://zh.wikipedia.org/wiki/半月堂站		Q624807	半月堂	半月堂
station	초월	127.29995	37.37336	草月	https://zh.wikipedia.org/wiki/草月站		Q23936222	草月	草月
station	북삼	128.34531	36.0561	北三	Wikidata Q123398287 zh label, converted	no zh.wikipedia article; agrees with the Hanja on ko.wikipedia	Q123398287		北三
station	점촌	128.20416	36.59622	店村	https://zh.wikipedia.org/wiki/店村站		Q1464797	店村	店村
station	함안	128.42466	35.24933	咸安	https://zh.wikipedia.org/wiki/咸安站		Q1332418	咸安	咸安
station	태백	128.984	37.17591	太白	https://zh.wikipedia.org/wiki/太白站_(韓國)		Q11278108	太白	太白
station	삼탄	128.03867	37.07342	三滩	https://zh.wikipedia.org/wiki/三滩站		Q812512	三滩	三滩
station	사직	129.0651	35.19906	社稷	https://zh.wikipedia.org/wiki/社稷站		Q705428	社稷	社稷
station	만덕	129.03649	35.21301	万德	https://zh.wikipedia.org/wiki/万德站_(韩国)		Q705798	万德	万德
station	남산정	129.02396	35.21335	南山亭	https://zh.wikipedia.org/wiki/南山亭站		Q705736	南山亭	南山亭
station	숙등	129.01275	35.212	淑嶝	https://zh.wikipedia.org/wiki/淑嶝站		Q705836	淑嶝	淑嶝
station	동백	129.06262	35.2037	冬柏	https://zh.wikipedia.org/wiki/冬柏站	this OSM object lies 9.2 km from the station its wikidata tag names (Q706404); probably a stray node in OSM	Q706404	冬柏	冬柏
station	문현	129.06731	35.13914	门岘	https://zh.wikipedia.org/wiki/門峴站		Q705215	门岘	门岘
station	국제금융센터·부산은행	129.06669	35.14572	国际金融中心·釜山银行	https://zh.wikipedia.org/wiki/國際金融中心·釜山銀行站		Q705195	国际金融中心·釜山银行	
station	전포	129.06534	35.15282	田浦	https://zh.wikipedia.org/wiki/田浦站_(韓國)		Q705646	田浦	田浦
station	동의대	129.03214	35.15396	东义大学	https://zh.wikipedia.org/wiki/東義大學站		Q705536	东义大学	东义大
station	가야	129.04279	35.15583	伽倻	https://zh.wikipedia.org/wiki/伽倻站_(釜山地鐵)		Q705493	伽倻	伽倻
station	지게골	129.07422	35.13565	支架谷	https://zh.wikipedia.org/wiki/支架谷站		Q705233	支架谷	
station	못골	129.08478	35.13474	池谷	https://zh.wikipedia.org/wiki/池谷站_(韓國)		Q705177	池谷	
station	대연	129.09217	35.13513	大渊	https://zh.wikipedia.org/wiki/大淵站		Q705159	大渊	大渊
station	경성대·부경대	129.10052	35.13754	庆星大学·釜庆大学	https://zh.wikipedia.org/wiki/慶星大學·釜慶大學站		Q705146	庆星大学·釜庆大学	庆星大·釜庆大
station	감전	128.99087	35.15569	甘田	https://zh.wikipedia.org/wiki/甘田站_(韓國)		Q705881	甘田	甘田
station	주례	129.00314	35.15049	周礼	https://zh.wikipedia.org/wiki/周礼站_(韩国铁道公社)		Q1598428	周礼	周礼
station	남천	129.10786	35.14212	南川	https://zh.wikipedia.org/wiki/南川站		Q706163	南川	南川
station	금련산	129.11098	35.14974	金莲山	https://zh.wikipedia.org/wiki/金蓮山站		Q107399	金莲山	金莲山
station	광안	129.11312	35.15791	广安	https://zh.wikipedia.org/wiki/廣安站_(韓國)		Q706140	广安	广安
station	동백	129.14809	35.16125	冬柏	https://zh.wikipedia.org/wiki/冬柏站		Q706404	冬柏	冬柏
station	냉정	129.01242	35.15127	冷井	https://zh.wikipedia.org/wiki/冷井站		Q705912	冷井	冷井
station	부암	129.0505	35.15742	釜岩	https://zh.wikipedia.org/wiki/釜岩站		Q705576	釜岩	釜岩
station	간치	126.62047	36.20994	艮峙	https://zh.wikipedia.org/wiki/艮峙站		Q1239940	艮峙	艮峙
station	박촌	126.74497	37.55384	朴村	https://zh.wikipedia.org/wiki/朴村站		Q491172	朴村	朴村
station	임학	126.73869	37.54506	林鹤	https://zh.wikipedia.org/wiki/林鹤站		Q491162	林鹤	林鹤
station	부천시청	126.76383	37.50462	富川市厅	https://zh.wikipedia.org/wiki/富川市厅站		Q69067	富川市厅	富川市厅
station	구례구역	127.45265	35.16346	求礼口	https://zh.wikipedia.org/wiki/求礼口站		Q1232219	求礼口	求礼口
station	상주	128.16375	36.41027	尚州	https://zh.wikipedia.org/wiki/尚州站		Q1464759	尚州	尚州
station	월미바다	126.61655	37.47546	月尾海	https://zh.wikipedia.org/wiki/月尾海洋列車 (route diagram, 月尾海站)	no article of its own on zh.wikipedia			
station	상무역	126.84832	35.14657	尚武	https://zh.wikipedia.org/wiki/尚武站_(韓國)		Q1583312	尚武	尚武
station	진해역	128.66015	35.15346	镇海	https://zh.wikipedia.org/wiki/镇海站_(庆尚南道)		Q1597200	镇海	镇海
line being built	9호선			首尔地铁9号线	https://zh.wikipedia.org/wiki/首爾地鐵9號線	the Korean name on the map is the bare 9호선; the piece being built is in Seoul (centre 127.157, 37.556)	Q17503	首尔地铁9号线	
line being built	경강선			京江线	https://zh.wikipedia.org/wiki/京江線		Q23933857	京江线	京江線
line being built	경전본선			庆全本线	OSM name:zh-Hans	agrees with OSM name:ko-Hani 慶全本線; no page of its own (part of 경전선)			
line being built	경전선			庆全线	https://zh.wikipedia.org/wiki/慶全線		Q483116	庆全线	慶全線
line being built	광주 도시철도 2호선			光州都市铁道2号线	OSM name:zh-Hans	agrees with OSM name:ko-Hani and the Wikidata Q12585072 zh label; no zh.wikipedia article	Q12585072		光州都市鐵道2號線
line being built	남부내륙선			南部内陆线	Wikidata Q59308896 zh label, converted	agrees with the Hanja 南部內陸線 on ko.wikipedia 남부내륙선; no zh.wikipedia article	Q59308896		南部內陸線
line being built	대구산업선			大邱产业线	OSM name:zh-Hans	agrees with the Hanja 大邱産業線 on ko.wikipedia and in OSM; no zh.wikipedia article			大邱産業線
line being built	대전 도시철도 2호선			大田都市铁道2号线	Wikidata Q12591698 zh-cn	no zh.wikipedia article	Q12591698		大田都市鐵道2號線
line being built	도봉산옥정선			道峰山玉井线	https://ko.wikipedia.org/wiki/도봉산옥정선 (Hanja 道峰山玉井線, converted)	official Hanja converted; no Chinese-language source	Q137591413		道峰山玉井線
line being built	동북선			东北线	OSM name:zh-Hans	zh.wikipedia title is 首尔轻电铁东北线 (서울 경전철 동북선); the map's name has no such prefix	Q3832680	首尔轻电铁东北线	
line being built	동탄인덕원선			东滩仁德院线	OSM name:zh-Hans	agrees with the Hanja 東灘仁德院線 on ko.wikipedia and in OSM; the Wikidata zh label is the former name	Q16920073		東灘仁德院線
line being built	동해선			东海线	https://zh.wikipedia.org/wiki/東海線		Q11235800	东海线	
line being built	부산 도시철도 5호선			釜山都市铁道5号线	OSM name:zh-Hans	agrees with the Hanja 釜山都市鐵道5號線; zh.wikipedia redirects 釜山都市鐵道5號線 to an article still titled by the project name 沙上下端線	Q21058219	釜山都市铁道沙上下端线	釜山都市鐵道5號線
line being built	서울 지하철 7호선			首尔地铁7号线	https://zh.wikipedia.org/wiki/首爾地鐵7號線		Q22910	首尔地铁7号线	地下鐵
line being built	서해선			西海线	https://zh.wikipedia.org/wiki/西海線		Q109116480	西海线	
line being built	수도권광역급행철도씨선			首都圈广域急行铁道C路线	OSM name:zh-Hans	agrees with the Wikidata Q55731180 zh label 首都圈廣域急行鐵道C路線; no zh.wikipedia article; OSM name:ko-Hani has C線; Latin letters in the name	Q55731180		
line being built	수도권광역급행철도에이선			首都圈广域急行铁道A路线	https://zh.wikipedia.org/wiki/首都圈廣域急行鐵道A路線	the article is titled for 수도권 광역급행철도 A노선; OSM name:ko-Hani has A線; Latin letters in the name	Q22974067	首都圈广域急行铁道A路线	
line being built	신분당선			新盆唐线	https://zh.wikipedia.org/wiki/新盆唐線		Q20388	新盆唐线	新盆唐線
line being built	신안산선			新安山线	https://zh.wikipedia.org/wiki/新安山線		Q484137	新安山线	
line being built	양산선			梁山线	OSM name:zh-Hans	agrees with OSM name:ko-Hani 梁山線; the Wikidata zh label 梁山都市鐵道 is for 양산 도시철도	Q55656820		
line being built	장항선			长项线	https://zh.wikipedia.org/wiki/長項線		Q167708	长项线	長項線
line being built	춘천속초선			春川束草线	OSM name:zh-Hans	agrees with OSM name:ko-Hani and the Wikidata Q87271403 zh label; no zh.wikipedia article	Q87271403		春川束草線
line being built	평택고속연결선			平泽高速联络线	rule: place name 평택=平泽 (station 평택, see its row), 고속=高速 + fixed word 연결선=联络线	no page of its own (redirects to 수서평택고속선); seen: OSM name:ja 平沢高速連結線; extra element 고속=高速 beyond place name + generic word			
line being built	호남고속선			湖南高速线	https://zh.wikipedia.org/wiki/湖南高速線	OSM name:zh-Hans and the Hanja 湖南高速線 agree	Q125454661		湖南高速線
line being built	화성고속연결선			华城高速联络线	rule: place name 화성=华城 (station 화성시청 华城市厅, see its row), 고속=高速 + fixed word 연결선=联络线	no page of its own (redirects to 경부고속선); seen: OSM name:ja 華城高速連結線; extra element 고속=高速 beyond place name + generic word			
metro line	2호선			釜山都市铁道2号线	https://zh.wikipedia.org/wiki/釜山都市铁道2号线	the Korean name on the map is the bare 2호선 (Busan Metro Line 2, 부산 도시철도 2호선)	Q86467	釜山都市铁道2号线	
metro line	4호선 (Blue Line)			釜山都市铁道4号线	https://zh.wikipedia.org/wiki/釜山都市铁道4号线	the Korean name on the map is 4호선 (Blue Line) (Busan Metro Line 4, 부산 도시철도 4호선)	Q86469	釜山都市铁道4号线	
metro line	광주 도시철도 1호선			光州都市铁道1号线	https://zh.wikipedia.org/wiki/光州都市铁道1号线		Q626996	光州都市铁道1号线	光州
metro line	김포 골드라인			金浦都市铁道	https://zh.wikipedia.org/wiki/金浦都市鐵道	article title (김포 도시철도); its lead also gives 金浦黄金线 for 김포 골드라인	Q12589088	金浦都市铁道	
metro line	대구 도시철도 1호선			大邱都市铁道1号线	https://zh.wikipedia.org/wiki/大邱都市铁道1号线		Q200331	大邱都市铁道1号线	大邱
metro line	대구 도시철도 2호선			大邱都市铁道2号线	https://zh.wikipedia.org/wiki/大邱都市鐵道2號線		Q200332	大邱都市铁道2号线	大邱
metro line	대구 도시철도 3호선			大邱都市铁道3号线	https://zh.wikipedia.org/wiki/大邱都市鐵道3號線		Q4706906	大邱都市铁道3号线	大邱
metro line	대전 도시철도 1호선			大田都市铁道1号线	https://zh.wikipedia.org/wiki/大田都市铁道1号线		Q200310	大田都市铁道1号线	大田
metro line	부산 도시철도 1호선			釜山都市铁道1号线	https://zh.wikipedia.org/wiki/釜山都市铁道1号线		Q86356	釜山都市铁道1号线	釜山
metro line	부산 도시철도 3호선			釜山都市铁道3号线	https://zh.wikipedia.org/wiki/釜山都市铁道3号线		Q86468	釜山都市铁道3号线	釜山
metro line	부산김해경전철			釜山金海轻电铁	OSM name:zh-Hans	agrees with OSM name:ko-Hani 釜山金海輕電鐵; zh.wikipedia title is the same with a dash, 釜山—金海轻电铁	Q87056	釜山—金海轻电铁	
metro line	서울 지하철 2호선			首尔地铁2号线	https://zh.wikipedia.org/wiki/首爾地鐵2號線		Q17501	首尔地铁2号线	地下鐵
metro line	서울 지하철 6호선			首尔地铁6号线	https://zh.wikipedia.org/wiki/首尔地铁6号线		Q92549	首尔地铁6号线	地下鐵
metro line	서울 지하철 9호선			首尔地铁9号线	https://zh.wikipedia.org/wiki/首爾地鐵9號線		Q17503	首尔地铁9号线	地下鐵
metro line	수도권 전철 1호선			首都圈电铁1号线	https://zh.wikipedia.org/wiki/首都圈電鐵1號線		Q20280	首都圈电铁1号线	首都圈
metro line	수도권 전철 3호선			首都圈电铁3号线	https://zh.wikipedia.org/wiki/首都圈電鐵3號線		Q20393	首都圈电铁3号线	首都圈電鐵三號線
metro line	수도권 전철 4호선			首都圈电铁4号线	https://zh.wikipedia.org/wiki/首都圈电铁4号线		Q489253	首都圈电铁4号线	首都圈
metro line	수도권 전철 5호선			首都圈电铁5号线	https://zh.wikipedia.org/wiki/首都圈電鐵5號線		Q92530	首都圈电铁5号线	首都圈
metro line	수도권 전철 7호선			首都圈电铁7号线	https://zh.wikipedia.org/wiki/首都圈電鐵7號線 (redirect to the article)	follows the map's Korean 수도권 전철 7호선; the article itself is titled 首尔地铁7号线 (서울 지하철 7호선)	Q22910	首尔地铁7号线	首都圈
metro line	수도권 전철 8호선			首都圈电铁8号线	https://zh.wikipedia.org/wiki/首都圈電鐵8號線		Q45086	首都圈电铁8号线	首都圈
metro line	수도권 전철 경강선			首都圈电铁京江线	https://zh.wikipedia.org/wiki/首都圈電鐵京江線		Q24044969	首都圈电铁京江线	首都圈
metro line	수도권 전철 신분당선			新盆唐线	https://zh.wikipedia.org/wiki/新盆唐線	the map's name carries the prefix 수도권 전철, the article title does not	Q20388	新盆唐线	
metro line	신림선			新林线	OSM name:zh-Hans	agrees with OSM name:ko-Hani 新林線; zh.wikipedia title is 首尔轻电铁新林线 (서울 경전철 신림선); the map's name has no such prefix	Q3832768	首尔轻电铁新林线	
metro line	용인 경전철			龙仁轻电铁	https://zh.wikipedia.org/wiki/龙仁轻电铁		Q489609	龙仁轻电铁	龍仁
metro line	우이신설선			牛耳新设线	OSM name:zh-Hans	zh.wikipedia redirects 牛耳新設線 to 首爾輕電鐵牛耳新設線; the map's name has no such prefix	Q3832795	首尔轻电铁牛耳新设线	
metro line	월미바다열차			月尾海洋列车	https://zh.wikipedia.org/wiki/月尾海洋列車		Q485362	月尾海洋列车	月尾
metro line	의정부경전철			议政府轻电铁	https://zh.wikipedia.org/wiki/議政府輕電鐵		Q491655	议政府轻电铁	
metro line	인천 도시철도 1호선			仁川都市铁道1号线	https://zh.wikipedia.org/wiki/仁川都市鐵道1號線		Q487733	仁川都市铁道1号线	仁川都市鐵道一號線
metro line	인천 도시철도 2호선			仁川都市铁道2号线	https://zh.wikipedia.org/wiki/仁川都市铁道2号线		Q484739	仁川都市铁道2号线	仁川
metro line	인천공항 자기부상철도			仁川机场磁浮铁道	https://zh.wikipedia.org/wiki/仁川機場磁浮鐵道		Q6014429	仁川机场磁浮铁道	仁川空港
rail line	가야선			伽倻线	https://zh.wikipedia.org/wiki/伽倻線		Q623754	伽倻线	伽倻線
rail line	강릉삼각선			江陵三角线	rule: place name 강릉=江陵 (station 강릉, see its row) + fixed word 삼각선=三角线	no page of its own (ko.wikipedia redirects to 경강선), no Chinese or Hanja tag; seen: OSM name:ja 江陵三角線			
rail line	건천연결선			乾川联络线	rule: place name 건천=乾川 (https://zh.wikipedia.org/wiki/乾川站, title; 乾 kept, the converter would write 干) + fixed word 연결선=联络线	no page of its own (redirects to 경부고속선); seen: OSM relation name:zh 干川连接线 (wrong: the Hanja is 乾川); name:ja 乾川連結線			
rail line	경강선			京江线	https://zh.wikipedia.org/wiki/京江線		Q23933857	京江线	京江線
rail line	경부고속선			京釜高速线	https://zh.wikipedia.org/wiki/京釜高速線	OSM name:zh-Hans and the Hanja 京釜高速線 agree	Q125391891		京釜高速線
rail line	경부본선			京釜本线	OSM name:zh-Hans	agrees with OSM name:ko-Hani 京釜本線; no page of its own (part of 경부선)			
rail line	경부선			京釜线	https://zh.wikipedia.org/wiki/京釜線		Q17200	京釜线	京釜線
rail line	경부제2선			京釜第二线	rule: place name 경부=京釜 (the line 경부선 京釜线, see its row) + fixed word 제2선=第二线	second track pair of 경부선 (京釜线); no page, no Chinese or Hanja tag. Reading: 京釜第2线			
rail line	경북선			庆北线	https://zh.wikipedia.org/wiki/慶北線		Q483023	庆北线	慶北線
rail line	경원선			京元线	https://zh.wikipedia.org/wiki/京元線		Q483052	京元线	京元線
rail line	경의선			京义线	https://zh.wikipedia.org/wiki/京義線		Q17488	京义线	京義線
rail line	경인선			京仁线	https://zh.wikipedia.org/wiki/京仁線		Q20998	京仁线	京仁線
rail line	경전선			庆全线	https://zh.wikipedia.org/wiki/慶全線		Q483116	庆全线	慶全線
rail line	경춘선			京春线	https://zh.wikipedia.org/wiki/京春線		Q20192	京春线	
rail line	과천선			果川线	https://zh.wikipedia.org/wiki/果川線		Q484317	果川线	果川線
rail line	광양제철선			光阳制铁线	https://zh.wikipedia.org/wiki/光陽製鐵線		Q10855451	光阳制铁线	光陽製鐵線
rail line	광주선			光州线	https://zh.wikipedia.org/wiki/光州線		Q10855460	光州线	光州線
rail line	괴동선			槐东线	https://zh.wikipedia.org/wiki/槐東線		Q10855465	槐东线	槐東線
rail line	교외선			郊外线	https://zh.wikipedia.org/wiki/郊外线		Q624846	郊外线	郊外線
rail line	구로기지선			九老基地线	https://zh.wikipedia.org/wiki/九老基地線 (redirect to 九老车辆基地)				
rail line	구로삼각선			九老三角线	rule: place name 구로=九老 (station 구로, see its row) + fixed word 삼각선=三角线	no ko.wikipedia page; seen: OSM name:ja 九老三角線			
rail line	군산항선			群山港线	https://zh.wikipedia.org/wiki/群山港线		Q23994907	群山港线	群山港線
rail line	남부화물기지선			南部货物基地线	https://zh.wikipedia.org/wiki/南部貨物基地線		Q10856063	南部货物基地线	南部貨物基地線
rail line	대구북연결선			大邱北联络线	rule: place name 대구=大邱 (station 대구, see its row), 북=北 + fixed word 연결선=联络线	no page of its own (redirects to 경부고속선); seen: OSM name:ja 大邱北連結線; extra element 북=北 beyond place name + generic word			
rail line	대구선			大邱线	https://zh.wikipedia.org/wiki/大邱線		Q625617	大邱线	大邱線
rail line	대불선			大佛线	https://zh.wikipedia.org/wiki/大佛線		Q11432308	大佛线	大佛線
rail line	대전선			大田线	https://zh.wikipedia.org/wiki/大田線		Q4533273	大田线	大田線
rail line	동해남부선			东海南部线	https://zh.wikipedia.org/wiki/東海南部線		Q489582	东海南部线	東海南部線
rail line	동해북부선			东海北部线	https://zh.wikipedia.org/wiki/東海北部線		Q482782	东海北部线	東海北部線
rail line	동해선			东海线	https://zh.wikipedia.org/wiki/東海線		Q11235800	东海线	
rail line	망우선			忘忧线	https://zh.wikipedia.org/wiki/忘憂線		Q10857350	忘忧线	忘憂線
rail line	목포보성선			木浦宝城线	https://zh.wikipedia.org/wiki/木浦寶城線		Q28685941	木浦宝城线	木浦寶城線
rail line	묵호항선			墨湖港线	https://zh.wikipedia.org/wiki/墨湖港线		Q11241499	墨湖港线	墨湖港線
rail line	미전선			美田线	https://zh.wikipedia.org/wiki/美田線		Q11242406	美田线	美田線
rail line	병점기지선			饼店基地线	https://zh.wikipedia.org/wiki/饼店基地线		Q54312	饼店基地线	餠店基地線
rail line	보성연결선			宝城联络线	rule: place name 보성=宝城 (station 보성, see its row) + fixed word 연결선=联络线	no page of its own (redirects to 목포보성선); OSM name:ko-Hani on it is that of 목포보성선			
rail line	부발기지선			夫钵基地线	rule: place name 부발=夫钵 (station 부발, see its row) + fixed word 기지선=基地线	no ko.wikipedia page; seen: OSM name:ja 夫鉢基地線			
rail line	부산신항선			釜山新港线	https://zh.wikipedia.org/wiki/釜山新港線		Q11246059	釜山新港线	釜山新港線
rail line	부전선			釜田线	https://zh.wikipedia.org/wiki/釜田線		Q624680	釜田线	釜田線
rail line	북평선			北坪线	https://zh.wikipedia.org/wiki/北坪线		Q11246457	北坪线	北坪線
rail line	분당선			盆唐线	https://zh.wikipedia.org/wiki/盆唐線		Q16266	盆唐线	盆唐線
rail line	사천선			泗川线	https://ko.wikipedia.org/wiki/진삼선 (Hanja 泗川線, converted)	no page of its own; ko.wikipedia treats it under 진삼선 (zh.wikipedia 晋三线)			泗川線
rail line	삼척선			三陟线	https://zh.wikipedia.org/wiki/三陟线		Q11249418	三陟线	三陟線
rail line	서해선			西海线	https://zh.wikipedia.org/wiki/西海線		Q109116480	西海线	
rail line	수도권광역급행철도에이선			首都圈广域急行铁道A路线	https://zh.wikipedia.org/wiki/首都圈廣域急行鐵道A路線	the article is titled for 수도권 광역급행철도 A노선; OSM name:ko-Hani has A線; Latin letters in the name	Q22974067	首都圈广域急行铁道A路线	
rail line	수색직결선			水色直结线	https://ko.wikipedia.org/wiki/수색직결선 (Hanja 水色直結線, converted)	no zh.wikipedia article; the fixed word 직결선=直通线 would give 水色直通线	Q22129617		水色直結線
rail line	수서평택고속선			水西平泽高速线	https://zh.wikipedia.org/wiki/水西平澤高速線		Q3088068	水西平泽高速线	水西平澤高速線
rail line	수인선			水仁线	https://zh.wikipedia.org/wiki/水仁線		Q16948	水仁线	水仁線
rail line	시흥연결선			始兴联络线	rule: place name 시흥=始兴 (https://zh.wikipedia.org/wiki/始兴车辆基地, 시흥차량사업소) + fixed word 연결선=联络线	no page of its own (redirects to 경부고속선); seen: OSM name:ja 始興連結線			
rail line	신광양항선			新光阳港线	https://zh.wikipedia.org/wiki/新光阳港线		Q11254907	新光阳港线	新光陽港線
rail line	신동화물선			新洞货物线	https://zh.wikipedia.org/wiki/新洞貨物線		Q12604212	新洞货物线	新洞貨物線
rail line	신분당선			新盆唐线	https://zh.wikipedia.org/wiki/新盆唐線		Q20388	新盆唐线	新盆唐線
rail line	안산선			安山线	https://zh.wikipedia.org/wiki/安山線		Q483339	安山线	安山線
rail line	안산연결선			安山联络线	rule: place name 안산=安山 (station 안산, see its row) + fixed word 연결선=联络线	no page of its own (redirects to 서해선); seen: OSM name:ja 安山連結線			
rail line	양산화물선			梁山货物线	https://zh.wikipedia.org/wiki/梁山貨物線		Q11258738	梁山货物线	梁山貨物線
rail line	여천선			丽川线	https://zh.wikipedia.org/wiki/丽川线		Q11259979	丽川线	麗川線
rail line	영동본선			岭东本线	OSM name:zh-Hans	agrees with OSM name:ko-Hani 嶺東本線; no page of its own (part of 영동선)			
rail line	영동선			岭东线	https://zh.wikipedia.org/wiki/嶺東線		Q497511	岭东线	嶺東線
rail line	영일만항선			迎日湾港线	https://zh.wikipedia.org/wiki/迎日灣港線		Q72288740	迎日湾港线	迎日灣港線
rail line	영천삼각선			永川三角线	rule: place name 영천=永川 (station 영천, see its row) + fixed word 삼각선=三角线	no page of its own (redirects to 중앙선); seen: OSM name:ja 永川三角線			
rail line	오송선			五松线	https://zh.wikipedia.org/wiki/五松線		Q11261358	五松线	五松線
rail line	옥구선			沃沟线	https://zh.wikipedia.org/wiki/沃溝線		Q11261954	沃沟线	沃溝線
rail line	온산선			温山线	https://zh.wikipedia.org/wiki/温山线		Q11262045	温山线	溫山線
rail line	용산삼각선			龙山三角线	rule: place name 용산=龙山 (station 용산, see its row) + fixed word 삼각선=三角线	no page of its own (redirects to 경부선); seen: OSM name:ja 龍山三角線			
rail line	용산선			龙山线	https://zh.wikipedia.org/wiki/龍山線		Q1033905	龙山线	龍山線
rail line	우암선			牛岩线	https://zh.wikipedia.org/wiki/牛岩線		Q10857368	牛岩线	牛岩線
rail line	울산신항선			蔚山新港线	https://zh.wikipedia.org/wiki/蔚山新港線		Q55732503	蔚山新港线	蔚山新港線
rail line	울산항선			蔚山港线	https://zh.wikipedia.org/wiki/蔚山港线		Q11263541	蔚山港线	蔚山港線
rail line	익산삼각선			益山三角线	rule: place name 익산=益山 (station 익산, see its row) + fixed word 삼각선=三角线	no page of its own (redirects to 장항선), no Chinese or Hanja tag. Reading: 益山三角线			
rail line	인천국제공항선			仁川国际机场线	OSM name:zh-Hans	zh.wikipedia redirects 仁川國際機場線 to its article 仁川國際機場鐵道 (인천국제공항철도, the railway); the line name on the map is 인천국제공항선	Q487643	仁川国际机场铁道	
rail line	일산선			一山线	https://zh.wikipedia.org/wiki/一山線		Q626574	一山线	一山線
rail line	장성화물선			长城货物线	https://zh.wikipedia.org/wiki/長城貨物線		Q11268817	长城货物线	長城貨物線
rail line	장항선			长项线	https://zh.wikipedia.org/wiki/長項線		Q167708	长项线	長項線
rail line	장항화물선			长项货物线	https://zh.wikipedia.org/wiki/長項貨物線		Q11268955	长项货物线	長項貨物線
rail line	전경삼각선			全庆三角线	Wikidata Q20780049 zh label, converted	agrees with the Hanja 全慶三角線 on ko.wikipedia 전경삼각선; no zh.wikipedia article	Q20780049		全慶三角線
rail line	전라선			全罗线	https://zh.wikipedia.org/wiki/全羅線		Q482938	全罗线	
rail line	정선선			旌善线	https://zh.wikipedia.org/wiki/旌善線		Q625216	旌善线	旌善線
rail line	중부내륙선			中部内陆线	https://zh.wikipedia.org/wiki/中部內陸線		Q483713	中部内陆线	
rail line	중앙선			中央线	https://zh.wikipedia.org/wiki/中央線_(韓國)		Q32713	中央线	中央線
rail line	진접선			榛接线	https://zh.wikipedia.org/wiki/榛接線		Q16190374	榛接线	榛接線
rail line	진해선			镇海线	https://zh.wikipedia.org/wiki/鎮海線		Q10857379	镇海线	鎭海線
rail line	천안직결선			天安直结线	https://zh.wikipedia.org/wiki/天安直結線 (redirect to 京釜線)	the fixed word 직결선=直通线 would give 天安直通线			
rail line	충북선			忠北线	https://zh.wikipedia.org/wiki/忠北線		Q483059	忠北线	
rail line	태백선			太白线	https://zh.wikipedia.org/wiki/太白線		Q483684	太白线	太白線
rail line	평택삼각선			平泽三角线	rule: place name 평택=平泽 (station 평택, see its row) + fixed word 삼각선=三角线	no ko.wikipedia page; seen: OSM name:ja 平沢三角線			
rail line	평택선			平泽线	https://zh.wikipedia.org/wiki/平澤線		Q23838674	平泽线	平澤線
rail line	피난선			避难线	https://ko.wikipedia.org/wiki/안전측선 (Hanja 避難線, converted)	a kind of track (refuge siding), not a line			避難線
rail line	함백선			咸白线	https://zh.wikipedia.org/wiki/咸白線		Q11285289	咸白线	咸白線
rail line	호남고속선			湖南高速线	https://zh.wikipedia.org/wiki/湖南高速線	OSM name:zh-Hans and the Hanja 湖南高速線 agree	Q125454661		湖南高速線
rail line	호남본선			湖南本线	OSM name:zh-Hans	agrees with OSM name:ko-Hani 湖南本線; no page of its own (part of 호남선)			
rail line	호남선			湖南线	https://zh.wikipedia.org/wiki/湖南線		Q53119	湖南线	湖南線
depot	가야차량사업소	129.037	35.15845	伽倻车辆事业所	rule: place name + fixed word 차량사업소=车辆事业所; station 가야 (伽倻) 0.6 km away, see its row		Q65233783		
depot	가천	128.69281	35.85359	佳川	https://zh.wikipedia.org/wiki/佳川站	rule: yard named after its station (가천역, 0.0 km from the item's position)	Q477066	佳川站	Gacheon station, 佳川驛
depot	강릉차량사업소	128.92379	37.70983	江陵车辆事业所	rule: place name + fixed word 차량사업소=车辆事业所; station 강릉 (江陵) 6.4 km away, see its row		Q55727026		江陵車輛事業所
depot	고덕차량사업소	127.16629	37.56859	高德车辆事业所	rule: place name + fixed word 차량사업소=车辆事业所; station 고덕 (高德) 1.7 km away, see its row		Q6657562		高德車輛事業所
depot	고명	128.243	37.11226	高明	https://zh.wikipedia.org/wiki/高明站_(韩国)	rule: yard named after its station (고명역, 0.2 km from the item's position)	Q620058	高明站 (韩国)	Gomyeong station, 高明驛
depot	고양기지	126.83331	37.61034	高阳基地	rule: place name + fixed word 기지=基地; place name from Wikidata Q6656932 zh label 高阳车辆基地		Q6656932		首都圈鐵道車輛整備團
depot	관촌	127.2764	35.66277	馆村	https://zh.wikipedia.org/wiki/馆村站	rule: yard named after its station (관촌역, 0.1 km from the item's position)	Q1232977	馆村站	Gwanchon station, 館村驛
depot	광교차량사업소	127.0413	37.30351	光教车辆事业所	rule: place name + fixed word 차량사업소=车辆事业所; station 광교 (光教) 0.3 km away, see its row		Q21575706		光敎車輛事業所
depot	광명기지	126.89719	37.43553	光明基地	rule: place name + fixed word 기지=基地; station 광명 (光明) 2.4 km away, see its row				
depot	광주차량사업소	126.9095	35.16646	光州车辆事业所	rule: place name + fixed word 차량사업소=车辆事业所; station 광주 (光州) 0.1 km away, see its row		Q16161563		光州車輛事業所
depot	괴동	129.37507	35.99656	槐东	https://zh.wikipedia.org/wiki/槐東站	rule: yard named after its station (괴동역, 0.0 km from the item's position)	Q1597409	槐东站	Goedong station, 槐東驛
depot	구로차량사업소	126.87868	37.49198	九老车辆事业所	rule: place name + fixed word 차량사업소=车辆事业所; place name from https://zh.wikipedia.org/wiki/九老车辆基地 (九老车辆基地)	zh.wikipedia titles this depot 九老车辆基地	Q6856155	九老车辆基地	九老車輛事業所
depot	군산항	126.55976	35.97195	群山港	https://zh.wikipedia.org/wiki/群山港站	rule: yard named after its station (군산항역, 0.2 km from the item's position)	Q104154755	群山港站	群山港驛
depot	군자기지	127.05341	37.55791	君子基地	rule: place name + fixed word 기지=基地; place name from https://zh.wikipedia.org/wiki/君子车辆基地 (君子车辆基地)		Q6843968		君子車輛事業所
depot	김포차량사업소	126.79245	37.57844	金浦车辆事业所	rule: place name + fixed word 차량사업소=车辆事业所; place name from https://zh.wikipedia.org/wiki/金浦车辆基地 (金浦车辆基地)	zh.wikipedia titles this depot 金浦车辆基地	Q6678287	金浦车辆基地	金浦車輛事業所
depot	노령	126.8006	35.49001	芦岭	https://zh.wikipedia.org/wiki/芦岭站_(韩国)	rule: yard named after its station (노령역, 0.0 km from the item's position)	Q914753	芦岭站 (韩国)	Noryeong station, 蘆嶺驛
depot	노포차량사업소	129.09619	35.28328	老圃车辆事业所	rule: place name + fixed word 차량사업소=车辆事业所; station 노포 (老圃) 0.1 km away, see its row		Q16161189		老圃車輛事業所
depot	대불	126.41883	34.7737	大佛	https://zh.wikipedia.org/wiki/大佛站	rule: yard named after its station (대불역, 0.0 km from the item's position)	Q1596489	大佛站	Daebul station, 大佛驛
depot	대저차량기지	128.95466	35.20877	大渚车辆基地	rule: place name + fixed word 차량기지=车辆基地; station 대저 (大渚) 0.8 km away, see its row				
depot	대전조차장	127.42183	36.37103	大田操车场	https://zh.wikipedia.org/wiki/大田操车场	rule: a source gives the Chinese name (zh.wikipedia title of 대전조차장역); the fixed word 调车场 would give 大田调车场	Q188837	大田操车场	Daejeonjochajang station, 大田操車場驛
depot	대전철도차량정비단	127.43205	36.42753	大田铁道车辆整备团	https://ko.wikipedia.org/wiki/대전철도차량정비단 (Hanja 大田鐵道車輛整備團, converted)	official Hanja converted; same pattern as zh.wikipedia's 首都圈铁道车辆整备团 for 수도권철도차량정비단	Q12591809		大田鐵道車輛整備團
depot	도담	128.32639	37.02448	嶋潭	https://zh.wikipedia.org/wiki/嶋潭站	rule: yard named after its station (도담역, 0.0 km from the item's position)	Q727602	嶋潭站	Dodam station, 嶋潭驛
depot	도봉차량사업소	127.05322	37.70185	道峰车辆事业所	rule: place name + fixed word 차량사업소=车辆事业所; place name from https://zh.wikipedia.org/wiki/道峰车辆基地 (道峰车辆基地)	zh.wikipedia titles this depot 道峰车辆基地	Q7207861	道峰车辆基地	Dobong Car Depot, 道峰車輛事業所
depot	동산	127.08837	35.87539	东山	https://zh.wikipedia.org/wiki/东山站_(韩国)	rule: yard named after its station (동산역, 0.1 km from the item's position)	Q1233634	东山站 (韩国)	Dongsan station, 東山驛
depot	매포	127.39113	36.49869	梅浦	https://zh.wikipedia.org/wiki/梅浦站	rule: yard named after its station (매포역, 0.0 km from the item's position)	Q624883	梅浦站	Maepo station, 梅浦驛
depot	모란차량사업소	127.12105	37.41921	牡丹车辆事业所	rule: place name + fixed word 차량사업소=车辆事业所; place name from https://zh.wikipedia.org/wiki/牡丹车辆基地 (牡丹车辆基地)	zh.wikipedia titles this depot 牡丹车辆基地	Q7220425	牡丹车辆基地	牡丹車輛事業所
depot	목포차량사업소	126.3894	34.7958	木浦车辆事业所	rule: place name + fixed word 차량사업소=车辆事业所; station 목포 (木浦) 0.4 km away, see its row				
depot	문산차량사업소	126.78623	37.83693	文山车辆事业所	rule: place name + fixed word 차량사업소=车辆事业所; place name from https://zh.wikipedia.org/wiki/文山车辆基地 (文山车辆基地)	zh.wikipedia titles this depot 文山车辆基地	Q6765639	文山车辆基地	文山車輛事業所
depot	방화차량사업소	126.80915	37.58833	傍花车辆事业所	rule: place name + fixed word 차량사업소=车辆事业所; place name from https://zh.wikipedia.org/wiki/傍花车辆基地 (傍花车辆基地)	zh.wikipedia titles this depot 傍花车辆基地	Q6854009	傍花车辆基地	傍花車輛社業所
depot	병점차량사업소	127.05048	37.19548	饼店车辆事业所	rule: place name + fixed word 차량사업소=车辆事业所; place name from https://zh.wikipedia.org/wiki/饼店车辆基地 (饼店车辆基地)	zh.wikipedia titles this depot 饼店车辆基地	Q1595469	饼店车辆基地	餠店車輛事業所
depot	보라매차량사업소	126.92164	37.49102	波拉美车辆事业所	rule: place name + fixed word 차량사업소=车辆事业所; station 보라매 (波拉美) 1.0 km away, see its row		Q109546012		
depot	부강화물	127.3492	36.54525	芙江货运站	https://zh.wikipedia.org/wiki/芙江貨運站	rule: a source gives the Chinese name (zh.wikipedia title of 부강화물역); 货运站 kept whole	Q12598662	芙江货运站	Buganghwamul station, 芙江貨物驛
depot	부발차량기지	127.51153	37.25299	夫钵车辆基地	rule: place name + fixed word 차량기지=车辆基地; station 부발 (夫钵) 2.0 km away, see its row				
depot	부발차량사업소	127.51133	37.25322	夫钵车辆事业所	rule: place name + fixed word 차량사업소=车辆事业所; station 부발 (夫钵) 2.0 km away, see its row		Q24856617		夫鉢車輛事業所
depot	부산신항	128.846	35.11402	釜山新港	https://zh.wikipedia.org/wiki/釜山新港站	rule: yard named after its station (부산신항역, 0.0 km from the item's position)	Q12598823	釜山新港站	Busansin Harbor station, 釜山新港驛
depot	부산진	129.04908	35.12525	釜山镇	station 부산진 0.4 km away, see its row	rule: yard named after its station			
depot	부산철도차량정비단	129.05253	35.15259	釜山铁道车辆整备团	https://ko.wikipedia.org/wiki/부산철도차량정비단 (Hanja 釜山鐵道車輛整備團, converted)	official Hanja converted; same pattern as zh.wikipedia's 首都圈铁道车辆整备团 for 수도권철도차량정비단	Q12598867		釜山鐵道車輛整備團
depot	북철송장	128.82592	35.08293	北铁送场	https://zh.wikipedia.org/wiki/北铁送场站	rule: yard named after its station (북철송장역, 0.0 km from the item's position)	Q15227315	北铁送场站	Buk-cheolsong station, 北鐵送場驛
depot	분당기지	127.10714	37.31778	盆唐基地	rule: place name + fixed word 기지=基地; place name from https://zh.wikipedia.org/wiki/盆唐车辆基地 (盆唐车辆基地)		Q6746174		盆唐車輛事業所
depot	분당차량사업소	127.10735	37.32303	盆唐车辆事业所	rule: place name + fixed word 차량사업소=车辆事业所; place name from https://zh.wikipedia.org/wiki/盆唐车辆基地 (盆唐车辆基地)	zh.wikipedia titles this depot 盆唐车辆基地	Q6746174	盆唐车辆基地	盆唐車輛事業所
depot	삼곡	128.275	37.07503	三谷	https://zh.wikipedia.org/wiki/三谷站_(忠清北道)	rule: yard named after its station (삼곡역, 0.1 km from the item's position)	Q727586	三谷站 (忠清北道)	Samgok station, 三谷驛
depot	삼화	129.06304	37.48596	三和	https://zh.wikipedia.org/wiki/三和站_(韓國)	rule: yard named after its station (삼화역, 0.0 km from the item's position)	Q1599278	三和站 (韩国)	Samhwa station, 三和驛
depot	서울차량사업소	126.89872	37.5777	首尔车辆事业所	rule: place name + fixed word 차량사업소=车辆事业所; station 서울 (首尔) 6.9 km away, see its row		Q6767651		水色車輛事業所
depot	송산차량사업소	127.09454	37.72943	松山车辆事业所	rule: place name + fixed word 차량사업소=车辆事业所; station 송산 (松山) 1.1 km away, see its row				
depot	수도권철도차량정비단	126.82521	37.61003	首都圈铁道车辆整备团	https://zh.wikipedia.org/wiki/首都圈鐵道車輛整備團	rule: a source gives the Chinese name (zh.wikipedia title)	Q6656932	首都圈铁道车辆整备团	首都圈鐵道車輛整備團
depot	수도권철도차량정비단	126.83684	37.6111	首都圈铁道车辆整备团	https://zh.wikipedia.org/wiki/首都圈鐵道車輛整備團	rule: a source gives the Chinese name (zh.wikipedia title)	Q6656932	首都圈铁道车辆整备团	首都圈鐵道車輛整備團
depot	수색차량사업소	126.88875	37.58419	水色车辆事业所	rule: place name + fixed word 차량사업소=车辆事业所; place name from https://zh.wikipedia.org/wiki/水色车辆基地 (水色车辆基地)	zh.wikipedia titles this depot 水色车辆基地	Q6767651	水色车辆基地	水色車輛事業所
depot	수서차량사업소	127.11026	37.48119	水西车辆事业所	rule: place name + fixed word 차량사업소=车辆事业所; place name from https://zh.wikipedia.org/wiki/水西车辆基地 (水西车辆基地)	zh.wikipedia titles this depot 水西车辆基地	Q6767318	水西车辆基地	水西車輛事業所
depot	시흥기지	126.74085	37.37608	始兴基地	rule: place name + fixed word 기지=基地; place name from https://zh.wikipedia.org/wiki/始兴车辆基地 (始兴车辆基地)		Q6824632		始興車輛事業所
depot	신광양항	127.64747	34.89757	新光阳港	https://zh.wikipedia.org/wiki/新光阳港站	rule: yard named after its station (신광양항역, 0.0 km from the item's position)	Q1596647	新光阳港站	Singwangyang Harbor station, 新光陽港驛
depot	신내차량사업소	127.10722	37.61188	新内车辆事业所	rule: place name + fixed word 차량사업소=车辆事业所; station 신내 (新内) 0.3 km away, see its row		Q7231188		新內車輛事業所
depot	신동화물	128.45173	35.95993	新洞货运站	rule: place name from the Wikidata Q1597764 zh label 新洞貨物站 + 货运站 as zh.wikipedia titles the other freight stations	no zh.wikipedia article for 신동화물역	Q1597764		Sindonghwamul station, 新洞貨物驛
depot	신정차량사업소	126.8662	37.51157	新亭车辆事业所	rule: place name + fixed word 차량사업소=车辆事业所; place name from https://zh.wikipedia.org/wiki/新亭车辆基地 (新亭车辆基地)	zh.wikipedia titles this depot 新亭车辆基地	Q6792528	新亭车辆基地	新亭車輛事業所
depot	신창원	128.64001	35.23346	新昌原	https://zh.wikipedia.org/wiki/新昌原站	rule: yard named after its station (신창원역, 0.0 km from the item's position)	Q1597088	新昌原站	Sinchangwon station, 新昌原驛
depot	신평차량사업소	128.9612	35.09405	新平车辆事业所	rule: place name + fixed word 차량사업소=车辆事业所; station 신평 (新平) 0.1 km away, see its row		Q16162496		新平車輛事業所
depot	안평차량기지	129.17776	35.24238	安平车辆基地	rule: place name + fixed word 차량기지=车辆基地; station 안평 (安平) 0.8 km away, see its row				
depot	양산화물	129.01137	35.30134	梁山货运站	https://zh.wikipedia.org/wiki/梁山貨運站	rule: a source gives the Chinese name (zh.wikipedia title of 양산화물역); 货运站 kept whole	Q1597101	梁山货运站	Yangsanhwamul station, 梁山貨物驛
depot	오봉	126.96174	37.33632	五峰	https://zh.wikipedia.org/wiki/五峯站_(京畿道)	rule: yard named after its station (오봉역, 0.1 km from the item's position)	Q1595672	五峰站 (京畿道)	五峯驛, Obong station
depot	옥동차량사업소	126.76249	35.12227	玉洞车辆事业所	rule: place name + fixed word 차량사업소=车辆事业所; place name from Wikidata Q16183752 zh label 玉洞車輛基地, converted		Q16183752		광주
depot	온산	129.35073	35.42596	温山	https://zh.wikipedia.org/wiki/温山站	rule: yard named after its station (온산역, 0.5 km from the item's position)	Q12608244	温山站	Onsan station, 溫山驛
depot	용문차량사업소	127.61311	37.47351	龙门车辆事业所	rule: place name + fixed word 차량사업소=车辆事业所; place name from https://zh.wikipedia.org/wiki/龙门车辆基地 (龙门车辆基地)	zh.wikipedia titles this depot 龙门车辆基地	Q6646938	龙门车辆基地	龍門車輛事業所
depot	용암	129.32115	35.47608	龙岩	Wikidata Q72264066 zh label 龙岩站, converted	rule: yard named after its station (용암역, 0.2 km from the item's position); agrees with the Hanja 龍巖驛 on ko.wikipedia; no zh.wikipedia article	Q72264066		龍巖驛
depot	용유기지	126.42689	37.42948	龙游基地	rule: place name + fixed word 기지=基地; place name from https://zh.wikipedia.org/wiki/龍遊車輛基地 (龙游车辆基地)				
depot	용유차량사업소	126.42956	37.42848	龙游车辆事业所	rule: place name + fixed word 차량사업소=车辆事业所; place name from https://zh.wikipedia.org/wiki/龍遊車輛基地 (龙游车辆基地)		Q707519		龍遊車輛基地
depot	우이차량사업소	127.01094	37.66525	牛耳车辆事业所	rule: place name + fixed word 차량사업소=车辆事业所; place name from https://ko.wikipedia.org/wiki/우이차량사업소 (Hanja 牛耳車輛事業所, converted)		Q31180433		牛耳車輛事業所
depot	운연차량사업소	126.75896	37.43533	云宴车辆事业所	rule: place name + fixed word 차량사업소=车辆事业所; station 운연 (云宴) 0.5 km away, see its row		Q21577136		雲宴車輛事業所
depot	운연차량사업소	126.75832	37.43481	云宴车辆事业所	rule: place name + fixed word 차량사업소=车辆事业所; station 운연 (云宴) 0.5 km away, see its row		Q21577136		雲宴車輛事業所
depot	운정차량사업소	126.71083	37.74103	云井车辆事业所	rule: place name + fixed word 차량사업소=车辆事业所; station 운정 (云井) 5.2 km away, see its row		Q136434403		雲井車輛事業所
depot	울산신항	129.3725	35.46655	蔚山新港	Wikidata Q72272634 zh label 蔚山新港站, converted	rule: yard named after its station (울산신항역, 0.0 km from the item's position); agrees with the Hanja 蔚山新港驛 on ko.wikipedia; no zh.wikipedia article	Q72272634		蔚山新港驛
depot	울산차량사업소	129.29742	35.47401	蔚山车辆事业所	rule: place name + fixed word 차량사업소=车辆事业所; place name from https://ko.wikipedia.org/wiki/울산차량사업소 (Hanja 蔚山車輛事業所, converted)		Q24857638		蔚山車輛事業所
depot	이문차량사업소	127.06844	37.60709	里门车辆事业所	rule: place name + fixed word 차량사업소=车辆事业所; place name from https://zh.wikipedia.org/wiki/里门车辆基地 (里门车辆基地)	zh.wikipedia titles this depot 里门车辆基地	Q6683574	里门车辆基地	里門車輛事業所
depot	익산차량사업소	126.94509	35.94129	益山车辆事业所	rule: place name + fixed word 차량사업소=车辆事业所; station 익산 (益山) 0.1 km away, see its row				
depot	장성화물	126.75605	35.31683	长城货运站	https://zh.wikipedia.org/wiki/長城貨運站	rule: a source gives the Chinese name (zh.wikipedia title of 장성화물역); 货运站 kept whole	Q1596777	长城货运站	Jangseonghwamul station, 長城貨物驛
depot	적량	127.71058	34.85591	积良	https://zh.wikipedia.org/wiki/积良站	rule: yard named after its station (적량역, 0.4 km from the item's position)	Q1596785	积良站	Jeongnyang station, 積良驛
depot	제천조차장	128.17685	37.12785	堤川操车场	https://zh.wikipedia.org/wiki/堤川操车场	rule: a source gives the Chinese name (zh.wikipedia title of 제천조차장역); the fixed word 调车场 would give 堤川调车场	Q620023	堤川操车场	Jecheonjochajang station, 堤川操車場驛
depot	지축기지	126.90666	37.65059	纸杻基地	rule: place name + fixed word 기지=基地; place name from https://zh.wikipedia.org/wiki/纸杻车辆基地 (纸杻车辆基地)		Q6734840		紙杻車輛事業所
depot	지축차량사업소	126.90685	37.6508	纸杻车辆事业所	rule: place name + fixed word 차량사업소=车辆事业所; place name from https://zh.wikipedia.org/wiki/纸杻车辆基地 (纸杻车辆基地)	zh.wikipedia titles this depot 纸杻车辆基地	Q6734840	纸杻车辆基地	紙杻車輛事業所
depot	진접기지	127.22388	37.71771	榛接基地	rule: place name + fixed word 기지=基地; station 진접 (榛接) 1.8 km away, see its row		Q110117748		Jinjeop Train Depot
depot	진접차량사업소	127.22423	37.71723	榛接车辆事业所	rule: place name + fixed word 차량사업소=车辆事业所; station 진접 (榛接) 1.9 km away, see its row		Q110117748		Jinjeop Train Depot
depot	창동기지	127.0553	37.65769	仓洞基地	rule: place name + fixed word 기지=基地; place name from https://zh.wikipedia.org/wiki/仓洞车辆基地 (仓洞车辆基地)		Q6854975		倉洞車輛社業所
depot	천왕차량사업소	126.8433	37.4764	天旺车辆事业所	rule: place name + fixed word 차량사업소=车辆事业所; place name from https://zh.wikipedia.org/wiki/天旺车辆基地 (天旺车辆基地)	zh.wikipedia titles this depot 天旺车辆基地	Q7245603	天旺车辆基地	Cheonwang Car Depot, 天旺車輛事業所
depot	청량리차량사업소	127.04999	37.58056	清凉里车辆事业所	rule: place name + fixed word 차량사업소=车辆事业所; station 청량리 (清凉里) 0.2 km away, see its row				
depot	칠곡차량사업소	128.56036	35.96246	漆谷车辆事业所	rule: place name + fixed word 차량사업소=车辆事业所; place name from https://ko.wikipedia.org/wiki/칠곡차량사업소 (Hanja 漆谷車輛事業所, converted)		Q19939740		漆谷車輛事業所
depot	태금	127.7156	34.93042	太金	https://zh.wikipedia.org/wiki/太金站	rule: yard named after its station (태금역, 0.0 km from the item's position)	Q1596819	太金站	Taegeum station, 太金驛
depot	판암차량사업소	127.47209	36.32246	板岩车辆事业所	rule: place name + fixed word 차량사업소=车辆事业所; station 판암 (板岩) 1.3 km away, see its row		Q16262520		板岩車輛事業所
depot	평내기지	127.21427	37.64854	坪内基地	rule: place name + fixed word 기지=基地; place name from https://zh.wikipedia.org/wiki/坪内车辆基地 (坪内车辆基地)				
depot	평내차량사업소	127.20721	37.64959	坪内车辆事业所	rule: place name + fixed word 차량사업소=车辆事业所; place name from https://zh.wikipedia.org/wiki/坪内车辆基地 (坪内车辆基地)	zh.wikipedia titles this depot 坪内车辆基地	Q6836692	坪内车辆基地	坪內車輛事業所
depot	평내차량사업소	127.2157	37.64904	坪内车辆事业所	rule: place name + fixed word 차량사업소=车辆事业所; place name from https://zh.wikipedia.org/wiki/坪内车辆基地 (坪内车辆基地)	zh.wikipedia titles this depot 坪内车辆基地	Q6836692	坪内车辆基地	坪內車輛事業所
depot	하남	126.79745	35.17271	河南	https://zh.wikipedia.org/wiki/河南站_(韓國)	rule: yard named after its station (하남역, 0.3 km from the item's position)	Q983281	河南站 (韩国)	Hanam station, 河南驛
depot	호남철도차량정비단	126.79419	35.17874	湖南铁道车辆整备团	https://ko.wikipedia.org/wiki/호남철도차량정비단 (Hanja 湖南鐵道車輛整備團, converted)	official Hanja converted; same pattern as zh.wikipedia's 首都圈铁道车辆整备团 for 수도권철도차량정비단	Q19941487		湖南鐵道車輛整備團
depot	호포차량사업소	129.01785	35.28351	湖浦车辆事业所	rule: place name + fixed word 차량사업소=车辆事业所; station 호포 (湖浦) 0.3 km away, see its row		Q16178640		湖浦車輛事業所
depot	황등	126.94277	35.99977	黄登	https://zh.wikipedia.org/wiki/黄登站	rule: yard named after its station (황등역, 0.0 km from the item's position)	Q914571	黄登站	Hwangdeung station, 黃登驛
depot	흑석리	127.33909	36.25571	黑石里	https://zh.wikipedia.org/wiki/黑石里站	rule: yard named after its station (흑석리역, 0.1 km from the item's position)	Q818342	黑石里站	Heukseok-ri station, 黑石里驛
city	首尔			首尔	already Chinese in the data (process_kr.py CITIES)	nothing to translate			
city	釜山			釜山	already Chinese in the data (process_kr.py CITIES)	nothing to translate			
city	大邱			大邱	already Chinese in the data (process_kr.py CITIES)	nothing to translate			
city	仁川			仁川	already Chinese in the data (process_kr.py CITIES)	nothing to translate			
city	光州			光州	already Chinese in the data (process_kr.py CITIES)	nothing to translate			
city	大田			大田	already Chinese in the data (process_kr.py CITIES)	nothing to translate			
other	서울			首尔	https://zh.wikipedia.org/wiki/首爾	search-box hint and the no-result note in src/app.html (L501, L2099 at HEAD), not in the data files			
depot	고모보수기지	128.69681	35.85422	顾母维修基地	rule: place name + fixed word 보수기지=维修基地; place name 고모=顾母 from https://zh.wikipedia.org/wiki/顾母站 (고모역, Hanja 顧母驛, Q341716), 1.7 km away	status: rule; no source names this depot in Chinese; moved from the old label 가천 (佳川) onto the OSM ground w885724467 landuse=railway, the new label stands 368 m from the old one, on the same depot			
depot	수도권철도차량정비단	126.8322	37.61128	首都圈铁道车辆整备团	https://zh.wikipedia.org/wiki/首都圈鐵道車輛整備團	rule: a source gives the Chinese name (zh.wikipedia title); the same name as the two older rows of this depot; status: sourced; moved from the old label 고양기지 (高阳基地) onto the OSM ground w375641588 landuse=railway, the new label stands 143 m from the old one, on the same depot	Q6656932	首都圈铁道车辆整备团	首都圈鐵道車輛整備團
depot	부발차량사업소	127.51164	37.25321	夫钵车辆事业所	rule: place name + fixed word 차량사업소=车辆事业所; station 부발 (夫钵) 2.0 km away, see its row; the ko.wikipedia Hanja 夫鉢車輛事業所 (https://ko.wikipedia.org/wiki/부발차량사업소) agrees	status: rule; no zh.wikipedia article (Wikidata Q24856617 zh label 夫鉢車輛基地); moved from the old label 부발차량기지 (夫钵车辆基地) onto the OSM ground w584253628 landuse=railway, the new label stands 26 m from the old one, on the same depot	Q24856617		夫鉢車輛事業所
depot	분당차량사업소	127.10715	37.31679	盆唐车辆事业所	rule: place name + fixed word 차량사업소=车辆事业所; place name from https://zh.wikipedia.org/wiki/盆唐车辆基地 (盆唐车辆基地)	zh.wikipedia titles this depot 盆唐车辆基地; status: rule; moved from the old label 분당기지 (盆唐基地) onto the OSM ground w782635872 landuse=railway, the new label stands 110 m from the old one, on the same depot		盆唐车辆基地	盆唐車輛事業所
depot	시흥철도차량정비단	126.74058	37.37408	始兴铁道车辆整备团	rule: place name 시흥=始兴 + fixed word 철도차량정비단=铁道车辆整备团; place name from https://zh.wikipedia.org/wiki/始兴车辆基地 (Hanja 始興車輛事業所) and the stations 시흥시청 始兴市厅, 시흥능곡 始兴陵谷	same facility as ko.wikipedia 시흥차량사업소 (infobox name 시흥철도차량정비단, 시흥시 월곶동, https://ko.wikipedia.org/wiki/시흥차량사업소), which zh.wikipedia titles 始兴车辆基地; OSM name:en Siheung Train Vehicle Maintenance Workshop; status: rule; moved from the old label 시흥기지 (始兴基地) onto the OSM ground w553272466 landuse=railway, the new label stands 224 m from the old one, on the same depot	Q6824632	始兴车辆基地	始興車輛事業所
depot	지축차량사업소	126.906	37.65064	纸杻车辆事业所	rule: place name + fixed word 차량사업소=车辆事业所; place name from https://zh.wikipedia.org/wiki/纸杻车辆基地 (纸杻车辆基地)	zh.wikipedia titles this depot 纸杻车辆基地; status: rule; moved from the old label 지축기지 (纸杻基地) onto the OSM ground w469687429 landuse=railway, the new label stands 58 m from the old one, on the same depot		纸杻车辆基地	紙杻車輛事業所
depot	진접차량사업소	127.2245	37.71741	榛接车辆事业所	rule: place name + fixed word 차량사업소=车辆事业所; station 진접 (榛接) 1.9 km away, see its row	status: rule; no zh.wikipedia article; ko.wikipedia 진접차량사업소 gives no Hanja; moved from the old label 진접기지 (榛接基地) onto the OSM ground w908337016 landuse=railway, the new label stands 64 m from the old one, on the same depot	Q110117748		
depot	평내차량사업소	127.21552	37.64886	坪内车辆事业所	rule: place name + fixed word 차량사업소=车辆事业所; place name from https://zh.wikipedia.org/wiki/坪内车辆基地 (坪内车辆基地)	zh.wikipedia titles this depot 坪内车辆基地; status: rule; moved from the old label 평내기지 (坪内基地) onto the OSM ground w432583180 landuse=railway, the new label stands 116 m from the old one, on the same depot		坪内车辆基地	坪內車輛事業所
depot	호남철도차량정비단	126.79314	35.17841	湖南铁道车辆整备团	https://ko.wikipedia.org/wiki/호남철도차량정비단 (Hanja 湖南鐵道車輛整備團, converted)	official Hanja converted; no zh.wikipedia article; equals the fixed-word rule 철도차량정비단=铁道车辆整备团 with place 湖南 (the line 호남선 湖南线); status: sourced; moved from the old label 하남 (河南) onto the OSM ground w536935607 landuse=railway, the new label stands 746 m from the old one, on the same depot	Q19941487		湖南鐵道車輛整備團
