{"type":"FeatureCollection","features":[{"type":"Feature","properties":{"c":"branch","n":"가야선","g":"kr","jk":"branch","nz":"伽倻线","ne":"Gaya Line"},"geometry":{"type":"LineString","coordinates":[[129.0289601,35.1578652],[129.02861,35.15778],[129.02783,35.15755],[129.02706,35.1573],[129.02624,35.15696],[129.0249,35.15621],[129.0247931,35.1561417]]}},{"type":"Feature","properties":{"c":"branch","n":"가야선","g":"kr","jk":"branch","nz":"伽倻线","ne":"Gaya Line","off":-1.0},"geometry":{"type":"LineString","coordinates":[[129.05735,35.14099],[129.05727,35.14751],[129.05727,35.14816],[129.05725,35.14869],[129.05722,35.14908],[129.05716,35.14948],[129.05706,35.14986],[129.0569,35.15018],[129.0567,35.1505],[129.05643,35.15092],[129.0525468,35.1575382]]}},{"type":"Feature","properties":{"c":"branch","n":"가야선","g":"kr","jk":"branch","nz":"伽倻线","ne":"Gaya Line","off":-0.875},"geometry":{"type":"LineString","coordinates":[[129.0525468,35.1575382],[129.051872,35.1586882]]}},{"type":"Feature","properties":{"c":"branch","n":"가야선","g":"kr","jk":"branch","nz":"伽倻线","ne":"Gaya Line","off":-0.75},"geometry":{"type":"LineString","coordinates":[[129.051872,35.1586882],[129.05156,35.15922],[129.05135,35.1596],[129.0512128,35.159847]]}},{"type":"Feature","properties":{"c":"branch","n":"가야선","g":"kr","jk":"branch","nz":"伽倻线","ne":"Gaya Line","off":-0.625},"geometry":{"type":"LineString","coordinates":[[129.0512128,35.159847],[129.0512,35.15987],[129.05102,35.16013],[129.0508,35.16041],[129.05055,35.16067],[129.0503424,35.1608489]]}},{"type":"Feature","properties":{"c":"branch","n":"가야선","g":"kr","jk":"branch","nz":"伽倻线","ne":"Gaya Line","off":-0.5},"geometry":{"type":"MultiLineString","coordinates":[[[129.0503424,35.1608489],[129.05026,35.16092],[129.04994,35.16113],[129.04957,35.16133],[129.04918,35.16152],[129.0488,35.16166],[129.04836,35.16178],[129.04792,35.16186],[129.04748,35.16189],[129.04709,35.16188],[129.0467,35.16184],[129.04632,35.16178],[129.04583,35.16168],[129.04518,35.16152],[129.0328634,35.1587383]],[[129.0213286,35.1541546],[129.02123,35.15411],[129.02032,35.15378],[129.01919,35.15348],[129.01814,35.15324],[129.01775,35.15316],[129.01741,35.15308],[129.01707,35.15298],[129.01674,35.15284],[129.01642,35.15268],[129.01609,35.15256],[129.01577,35.15252],[129.01543,35.15252],[129.01498,35.15252],[129.01307,35.15248],[129.01053,35.15242],[129.00834,35.15227],[129.00734,35.1521],[129.00648,35.15189],[129.00572,35.1517],[129.00525,35.15158],[129.00484,35.15148],[129.00441,35.15141],[129.00405,35.15136],[129.00369,35.15133],[129.00331,35.15131],[129.0029,35.15133],[129.00224,35.15141],[129.00151,35.15155],[129.00074,35.15173],[128.99998,35.15192],[128.9991,35.15214],[128.99819,35.15237],[128.99729,35.15266],[128.99643,35.15302],[128.99554,35.15356],[128.99466,35.15424],[128.99386,35.1549],[128.99321,35.15543],[128.99231,35.15611],[128.99202,35.15634],[128.99174,35.15657],[128.99147,35.15684],[128.99111,35.15726],[128.99075,35.15775],[128.99045,35.15825],[128.99023,35.15872],[128.99007,35.15921],[128.98988,35.15975],[128.98873,35.16277]]]}},{"type":"Feature","properties":{"c":"branch","n":"가야선","g":"kr","jk":"branch","nz":"伽倻线","ne":"Gaya Line","off":-0.375},"geometry":{"type":"MultiLineString","coordinates":[[[129.0328634,35.1587383],[129.0315628,35.1584445]],[[129.0225241,35.1547416],[129.02218,35.15454],[129.0213286,35.1541546]]]}},{"type":"Feature","properties":{"c":"branch","n":"가야선","g":"kr","jk":"branch","nz":"伽倻线","ne":"Gaya Line","off":-0.25},"geometry":{"type":"MultiLineString","coordinates":[[[129.0315628,35.1584445],[129.0311,35.15834],[129.0302595,35.1581634]],[[129.0236695,35.1554238],[129.02346,35.15529],[129.0225241,35.1547416]]]}},{"type":"Feature","properties":{"c":"branch","n":"가야선","g":"kr","jk":"branch","nz":"伽倻线","ne":"Gaya Line","off":-0.125},"geometry":{"type":"MultiLineString","coordinates":[[[129.0302595,35.1581634],[129.02972,35.15805],[129.0289601,35.1578652]],[[129.0247931,35.1561417],[129.0236695,35.1554238]]]}},{"type":"Feature","properties":{"c":"branch","n":"강릉삼각선","g":"kr","jk":"branch","nz":"江陵三角线","ne":"Gangneung Triangular Line"},"geometry":{"type":"LineString","coordinates":[[128.93088,37.72933],[128.93276,37.73326],[128.93298,37.73375],[128.93316,37.73417],[128.93338,37.73457],[128.9336,37.73487],[128.93385,37.73517],[128.93412,37.73545],[128.93441,37.73571],[128.93471,37.73596],[128.93503,37.73618],[128.93537,37.7364],[128.93575,37.73659],[128.93622,37.73681],[128.93672,37.73701],[128.93727,37.73718],[128.93788,37.73733],[128.93892,37.73748],[128.94012,37.73756],[128.94138,37.73762],[128.94264,37.73766],[128.94798,37.73775]]}},{"type":"Feature","properties":{"c":"branch","n":"건천연결선","g":"kr","jk":"branch","nz":"乾川联络线","ne":"Geoncheon Connecting Line"},"geometry":{"type":"LineString","coordinates":[[129.12403,35.82467],[129.11887,35.81759],[129.11851,35.81707],[129.11824,35.81667],[129.11792,35.81629],[129.11763,35.816],[129.11733,35.81572],[129.11699,35.81546],[129.11662,35.81522],[129.11613,35.81497],[129.11558,35.81474],[129.11502,35.81454],[129.11452,35.8144],[129.11415,35.81432],[129.1138,35.81428],[129.11341,35.81427],[129.11293,35.81426],[129.1124,35.81427],[129.11183,35.81431],[129.11124,35.81439],[129.11044,35.81454],[129.10959,35.81475],[129.10873,35.81501],[129.10793,35.81532],[129.10723,35.81568],[129.10659,35.8161],[129.10593,35.81656],[129.10516,35.81708],[129.09827,35.82146]]}},{"type":"Feature","properties":{"c":"hsr250","n":"경강선","g":"kr","jk":"semi","d":260,"e":1,"nz":"京江线","ne":"Gyeonggang Line"},"geometry":{"type":"MultiLineString","coordinates":[[[127.10546,37.39477],[127.12681,37.39476],[127.12801,37.39474],[127.1289,37.39473],[127.12979,37.39476],[127.13081,37.39486],[127.13182,37.39501],[127.13273,37.39516],[127.13362,37.39535],[127.13445,37.39554],[127.13615,37.39596],[127.14552,37.3983],[127.15909,37.40137],[127.1626,37.40219],[127.16582,37.40289],[127.16909,37.40347],[127.17269,37.40395],[127.17971,37.40427],[127.18666,37.40454],[127.19005,37.40493],[127.19291,37.40531],[127.19392,37.40539],[127.19488,37.40545],[127.19577,37.40552],[127.19658,37.40563],[127.19714,37.40577],[127.19764,37.40592],[127.19812,37.4061],[127.19863,37.40629],[127.19944,37.40663],[127.20028,37.40702],[127.20115,37.40745],[127.20295,37.40842],[127.20482,37.40951],[127.20867,37.41191],[127.20901,37.41213],[127.2093,37.41234],[127.20957,37.41252],[127.20985,37.41269],[127.21015,37.41284],[127.21049,37.41297],[127.21083,37.41309],[127.21119,37.41318],[127.21156,37.41326],[127.21193,37.41333],[127.21245,37.41341],[127.21298,37.41346],[127.21351,37.41349],[127.21402,37.4135],[127.21444,37.41349],[127.21484,37.41348],[127.21523,37.41344],[127.21563,37.41339],[127.216,37.41332],[127.21636,37.41323],[127.21674,37.41313],[127.21717,37.41302],[127.21899,37.4126],[127.22101,37.4121],[127.22286,37.41154],[127.22466,37.41092],[127.22623,37.41029],[127.22815,37.40947],[127.24955,37.4006],[127.25931,37.3963],[127.26457,37.39423],[127.26873,37.39248],[127.27274,37.39069],[127.27495,37.38955],[127.27678,37.38853],[127.27778,37.38794],[127.27873,37.38733],[127.28031,37.3862],[127.28163,37.38522],[127.28205,37.38491],[127.28244,37.38457],[127.28274,37.38417],[127.28358,37.38303],[127.28386,37.38264],[127.28414,37.38228],[127.28448,37.38195],[127.28487,37.38164],[127.28523,37.38138],[127.28569,37.38106],[127.2867,37.38032],[127.28807,37.3793],[127.28964,37.3782],[127.29122,37.3772],[127.29288,37.37639],[127.29458,37.37566],[127.29646,37.3749],[127.29864,37.37399],[127.32208,37.36384],[127.32435,37.36285],[127.32551,37.3623],[127.32654,37.36176],[127.32708,37.36146],[127.32759,37.36115],[127.32841,37.36056],[127.32926,37.3599],[127.33084,37.35858],[127.33444,37.35556],[127.33539,37.35477],[127.33587,37.3544],[127.33639,37.35403],[127.33687,37.35373],[127.33739,37.35342],[127.33796,37.35313],[127.33871,37.3528],[127.33954,37.35248],[127.34038,37.35218],[127.34155,37.35184],[127.34292,37.35147],[127.34665,37.35039],[127.35126,37.34913],[127.35869,37.34751],[127.36512,37.3462],[127.36604,37.34601],[127.36674,37.34587],[127.36743,37.34571],[127.36818,37.34549],[127.36892,37.34524],[127.36964,37.34496],[127.3703,37.34466],[127.37094,37.34433],[127.37156,37.34399],[127.37233,37.34351],[127.37333,37.34285],[127.39626,37.3281],[127.39759,37.32727],[127.39858,37.32661],[127.39913,37.3262],[127.39966,37.32578],[127.40017,37.32535],[127.40064,37.3249],[127.40103,37.32446],[127.40139,37.324],[127.40171,37.32354],[127.402,37.32308],[127.40228,37.32254],[127.40251,37.322],[127.40277,37.3214],[127.40433,37.31805],[127.40621,37.31328],[127.40998,37.30373],[127.41261,37.29755],[127.41281,37.29711],[127.41298,37.29675],[127.41312,37.29642],[127.41324,37.29606],[127.41333,37.29568],[127.41339,37.2953],[127.41343,37.29491],[127.41346,37.29451],[127.41349,37.2935],[127.41345,37.29247],[127.41335,37.29154],[127.4132,37.29044],[127.41214,37.282],[127.41199,37.28094],[127.41185,37.28006],[127.41179,37.27917],[127.41181,37.27819],[127.41191,37.27721],[127.41205,37.27633],[127.41218,37.27575],[127.41235,37.27522],[127.41255,37.27472],[127.41274,37.27433],[127.41296,37.27395],[127.41321,37.27358],[127.41357,37.27311],[127.41398,37.27262],[127.41442,37.27215],[127.41514,37.27143],[127.4159,37.27074],[127.41659,37.27017],[127.41729,37.26963],[127.41868,37.26851],[127.41913,37.26814],[127.41958,37.26776],[127.42007,37.2674],[127.42068,37.26701],[127.42134,37.26664],[127.42199,37.2663],[127.42271,37.26596],[127.42346,37.26566],[127.42455,37.26529],[127.42559,37.26495],[127.42597,37.26482],[127.42631,37.2647],[127.42666,37.2646],[127.42703,37.26451],[127.42741,37.26444],[127.42783,37.26437],[127.42884,37.26427],[127.42992,37.26421],[127.43086,37.2642],[127.43202,37.26422],[127.44506,37.26428],[127.44731,37.26431],[127.44926,37.2643],[127.45061,37.26425],[127.45195,37.26417],[127.45345,37.26401],[127.45619,37.26357],[127.45922,37.26298],[127.46164,37.2625],[127.46274,37.26231],[127.46366,37.26213],[127.46465,37.26189],[127.46563,37.26162],[127.46658,37.26132],[127.46753,37.26098],[127.46849,37.26059],[127.46954,37.26011],[127.47084,37.25944],[127.47229,37.25866],[127.47361,37.25803],[127.47416,37.25782],[127.47467,37.25765],[127.47517,37.25751],[127.47568,37.2574],[127.47621,37.25732],[127.47674,37.25727],[127.47728,37.25725],[127.47782,37.25725],[127.4784,37.25728],[127.47898,37.25733],[127.47956,37.25741],[127.48013,37.25751],[127.48079,37.25767],[127.48143,37.25787],[127.48232,37.25814],[127.4860438,37.2592031]],[[127.5033533,37.2641307],[127.50462,37.26448],[127.5069,37.26516],[127.50928,37.26599],[127.51171,37.26694],[127.51791,37.26964],[127.51883,37.27003],[127.51962,37.27036],[127.52039,37.27072],[127.52116,37.27114],[127.5219,37.27158],[127.52266,37.27207],[127.52418,37.27312],[127.52573,37.27426],[127.52869,37.27655],[127.54294,37.28756],[127.54467,37.28889],[127.54555,37.28951],[127.5465,37.29012],[127.54773,37.29082],[127.54907,37.29149],[127.55013,37.29194],[127.55123,37.29237],[127.55231,37.29274],[127.55322,37.29301],[127.55411,37.29324],[127.55501,37.29343],[127.55634,37.29365],[127.55769,37.2938],[127.55906,37.29389],[127.56045,37.29392],[127.56169,37.2939],[127.5632,37.29385],[127.57732,37.29347],[127.58083,37.29338],[127.58262,37.2933],[127.58434,37.29318],[127.58559,37.29303],[127.58678,37.29286],[127.5892,37.29245],[127.6067,37.28947],[127.60748,37.28935],[127.60804,37.28927],[127.60859,37.28915],[127.60922,37.28898],[127.60983,37.28877],[127.61037,37.28855],[127.61085,37.28831],[127.61129,37.28806],[127.61169,37.28779],[127.61211,37.28748],[127.61343,37.28656],[127.61396,37.28618],[127.61448,37.28582],[127.61504,37.28548],[127.61562,37.28516],[127.61601,37.28497],[127.61641,37.28479],[127.61683,37.28462],[127.61733,37.28445],[127.61785,37.2843],[127.61838,37.28417],[127.61885,37.28409],[127.61934,37.28404],[127.62,37.28397],[127.63491,37.28214]]]}},{"type":"Feature","properties":{"c":"hsr250","n":"경강선","g":"kr","jk":"semi","d":260,"e":1,"nz":"京江线","ne":"Gyeonggang Line","off":0.125},"geometry":{"type":"MultiLineString","coordinates":[[[127.4860438,37.2592031],[127.4873259,37.2595692]],[[127.502068,37.2637763],[127.5033533,37.2641307]]]}},{"type":"Feature","properties":{"c":"hsr250","n":"경강선","g":"kr","jk":"semi","d":260,"e":1,"nz":"京江线","ne":"Gyeonggang Line","off":0.25},"geometry":{"type":"MultiLineString","coordinates":[[[127.4873259,37.2595692],[127.488608,37.2599352]],[[127.5007854,37.2634118],[127.5019,37.26373],[127.502068,37.2637763]]]}},{"type":"Feature","properties":{"c":"hsr250","n":"경강선","g":"kr","jk":"semi","d":260,"e":1,"nz":"京江线","ne":"Gyeonggang Line","off":0.375},"geometry":{"type":"MultiLineString","coordinates":[[[127.488608,37.2599352],[127.4898901,37.2603012]],[[127.4995033,37.2630458],[127.5007854,37.2634118]]]}},{"type":"Feature","properties":{"c":"hsr250","n":"경강선","g":"kr","jk":"semi","d":260,"e":1,"nz":"京江线","ne":"Gyeonggang Line","off":0.5},"geometry":{"type":"LineString","coordinates":[[127.4898901,37.2603012],[127.4995033,37.2630458]]}},{"type":"Feature","properties":{"c":"hsr250","n":"경강선","g":"kr","jk":"semi","d":260,"e":1,"nz":"京江线","ne":"Gyeonggang Line"},"geometry":{"type":"LineString","coordinates":[[127.8520833,37.3423775],[127.85275,37.34237],[127.85383,37.34237],[127.86539,37.34227],[127.86646,37.34226],[127.86733,37.34226],[127.86783,37.34227],[127.86834,37.34228],[127.86883,37.34231],[127.86927,37.34235],[127.86975,37.34245],[127.87019,37.34257],[127.8711,37.34281],[127.87488,37.3438],[127.87747,37.3446],[127.8799,37.34543],[127.88116,37.3459],[127.88233,37.34641],[127.88382,37.34715],[127.88522,37.34795],[127.88606,37.34851],[127.8869,37.34912],[127.88866,37.35039],[127.89041,37.35171],[127.89131,37.35249],[127.89224,37.35331],[127.89705,37.35708],[127.89786,37.35769],[127.89862,37.35824],[127.89937,37.35876],[127.90018,37.35924],[127.90102,37.35966],[127.90188,37.36001],[127.9028,37.36037],[127.90384,37.36079],[127.91248,37.36444],[127.914,37.36507],[127.91532,37.36565],[127.91668,37.36632],[127.918,37.36706],[127.91943,37.36799],[127.92071,37.36887],[127.92133,37.36927],[127.92188,37.36965],[127.92215,37.36985],[127.92242,37.37006],[127.92268,37.37029],[127.92293,37.37053],[127.92319,37.37086],[127.92345,37.37122],[127.92369,37.37159],[127.92391,37.37196],[127.92415,37.37243],[127.92437,37.3729],[127.92463,37.37348],[127.92715,37.37884],[127.92855,37.38242],[127.9332,37.39339],[127.93395,37.39524],[127.93466,37.39682],[127.93559,37.39849],[127.93664,37.40009],[127.93782,37.40155],[127.93891,37.40282],[127.93936,37.40337],[127.93977,37.40386],[127.94024,37.40436],[127.94073,37.40485],[127.94117,37.40524],[127.94179,37.40577],[127.96037,37.4219],[127.96168,37.42307],[127.96275,37.42397],[127.96405,37.42492],[127.96541,37.42582],[127.96678,37.42663],[127.96826,37.42748],[127.97314,37.43032],[127.9738,37.4307],[127.97436,37.43103],[127.97495,37.43141],[127.97551,37.4318],[127.97601,37.43221],[127.97655,37.43268],[127.97731,37.4333],[127.97819,37.43403],[127.97904,37.4348],[127.97988,37.43573],[127.98068,37.43673],[127.98135,37.4376],[127.98181,37.43822],[127.98222,37.43885],[127.98294,37.44008],[127.98363,37.44145],[127.98417,37.44285],[127.98461,37.44429],[127.9849,37.44566],[127.98517,37.4472],[127.98645,37.45377],[127.98777,37.45899],[127.98833,37.46121],[127.98867,37.46232],[127.98905,37.46339],[127.98948,37.46438],[127.98992,37.46524],[127.99017,37.46566],[127.99043,37.46604],[127.99069,37.46637],[127.99104,37.46678],[127.99219,37.46826],[127.99377,37.47025],[127.99527,37.47197],[127.99608,37.47275],[127.99686,37.47341],[127.99778,37.47412],[128.00055,37.47602],[128.00342,37.47791],[128.00661,37.48023],[128.00948,37.48213],[128.01521,37.48593],[128.03713,37.50086],[128.04009,37.50285],[128.04244,37.50435],[128.044,37.50522],[128.04554,37.506],[128.04765,37.50697],[128.04982,37.50787],[128.05158,37.50854],[128.05332,37.50911],[128.05504,37.50957],[128.05697,37.51004],[128.06555,37.51222],[128.1082,37.5243],[128.11085,37.52509],[128.11294,37.52565],[128.11462,37.526],[128.11631,37.5263],[128.11785,37.52651],[128.1188,37.5266],[128.11967,37.52664],[128.12054,37.52665],[128.12181,37.52662],[128.12322,37.52655],[128.12973,37.5263],[128.13879,37.52545],[128.14667,37.52438],[128.14905,37.52402],[128.15139,37.52365],[128.15377,37.52316],[128.15664,37.52236],[128.15956,37.52143],[128.162,37.52065],[128.16479,37.5198],[128.16751,37.51881],[128.1703,37.51797],[128.20164,37.50853],[128.2026,37.50823],[128.20331,37.50803],[128.20373,37.50792],[128.20415,37.50782],[128.20458,37.50774],[128.20503,37.50768],[128.20557,37.50764],[128.20613,37.50763],[128.20671,37.50765],[128.20727,37.50769],[128.20779,37.50775],[128.20829,37.50784],[128.20883,37.50795],[128.20946,37.50807],[128.21635,37.50929],[128.23864,37.51273],[128.23965,37.51287],[128.24041,37.513],[128.24126,37.5132],[128.24211,37.51346],[128.24311,37.51381],[128.24409,37.51422],[128.24488,37.5146],[128.2457,37.51502],[128.24892,37.51663],[128.25264,37.51873],[128.27581,37.53251],[128.2943,37.54368],[128.3007,37.54755],[128.30233,37.54849],[128.30395,37.54944],[128.3056,37.55035],[128.30731,37.5512],[128.30927,37.55182],[128.31131,37.55238],[128.31338,37.55292],[128.31544,37.55344],[128.31956,37.55429],[128.3238,37.55508],[128.33366,37.55701],[128.34259,37.55877],[128.3486,37.55976],[128.34942,37.55991],[128.35015,37.56006],[128.35086,37.56018],[128.3516,37.56026],[128.35245,37.5603],[128.35333,37.5603],[128.35421,37.56028],[128.35509,37.56025],[128.35857,37.56011],[128.36649,37.5598],[128.37229,37.55983],[128.37619,37.56005],[128.37812,37.56024],[128.38003,37.56048],[128.38184,37.56079],[128.38381,37.56115],[128.39153,37.56254],[128.39306,37.56281],[128.39379,37.56292],[128.3946,37.56301],[128.39636,37.56313],[128.39834,37.56321],[128.40035,37.56327],[128.40237,37.56329],[128.40414,37.56323],[128.40639,37.56311],[128.42151,37.56232],[128.4391,37.56159],[128.44837,37.56181],[128.45507,37.5621],[128.45627,37.56213],[128.45722,37.56217],[128.45791,37.56221],[128.45859,37.56226],[128.45935,37.56236],[128.46066,37.56261],[128.46212,37.56295],[128.46343,37.56328],[128.46421,37.56349],[128.4649,37.5637],[128.46563,37.56396],[128.46667,37.56438],[128.46776,37.56488],[128.4688,37.56542],[128.46968,37.56594],[128.47051,37.5665],[128.47144,37.56713],[128.4767,37.57056],[128.49136,37.58068],[128.49912,37.58588],[128.51336,37.59587],[128.52026,37.60102],[128.52197,37.60221],[128.52374,37.60332],[128.52741,37.60536],[128.53161,37.60751],[128.54077,37.61183],[128.54397,37.61341],[128.5468,37.61492],[128.54816,37.61571],[128.54939,37.61649],[128.55061,37.61735],[128.55194,37.61841],[128.55325,37.61956],[128.55451,37.62074],[128.55606,37.62237],[128.55794,37.62444],[128.58026,37.6485],[128.58485,37.65345],[128.58648,37.65508],[128.58814,37.65668],[128.58984,37.65816],[128.59144,37.65935],[128.59307,37.66044],[128.59471,37.66146],[128.597,37.66275],[128.59936,37.66392],[128.60113,37.66472],[128.60295,37.66548],[128.60469,37.66613],[128.60598,37.66654],[128.6072,37.66688],[128.60855,37.6672],[128.61128,37.66774],[128.61492,37.66834],[128.63424,37.67125],[128.65676,37.67483],[128.6697,37.67755],[128.68137,37.68016],[128.70001,37.68402],[128.70487,37.68497],[128.70933,37.68595],[128.71419,37.68733],[128.71904,37.68885],[128.72859,37.69207],[128.77276,37.70696],[128.79432,37.7152],[128.80754,37.72085],[128.80956,37.72174],[128.81131,37.72246],[128.8134,37.72312],[128.81533,37.72364],[128.81632,37.72387],[128.81722,37.72404],[128.8181,37.72414],[128.81906,37.72423],[128.82275,37.7246],[128.8244,37.72473],[128.82615,37.72484],[128.82785,37.72487],[128.82927,37.72481],[128.83065,37.7247],[128.83205,37.72451],[128.8337,37.7242],[128.83538,37.72382],[128.83679,37.7235],[128.83766,37.72332],[128.83842,37.72315],[128.83921,37.72292],[128.84,37.72268],[128.84075,37.7225],[128.84162,37.7223],[128.8478,37.72087],[128.85152,37.72001],[128.85278,37.71973],[128.85405,37.71947],[128.85527,37.71927],[128.85625,37.71918],[128.85719,37.71913],[128.85817,37.7191],[128.86184,37.71904],[128.86235,37.71903],[128.86279,37.71901],[128.86322,37.71902],[128.86366,37.71907],[128.8641,37.71914],[128.86459,37.71919],[128.86552,37.7192],[128.86657,37.71918],[128.86763,37.71916],[128.87067,37.71924],[128.88104,37.71951],[128.89691,37.72018],[128.89907,37.72029],[128.9009,37.72035],[128.9029,37.72032],[128.9049,37.72022],[128.90888,37.71992],[128.91779,37.71923],[128.91871,37.71916],[128.91945,37.71911],[128.92,37.71908],[128.92054,37.71907],[128.92112,37.71909],[128.92161,37.71912],[128.92213,37.71918],[128.92267,37.71925],[128.92319,37.71934],[128.92367,37.71945],[128.92406,37.71957],[128.92444,37.71972],[128.9248,37.71988],[128.92513,37.72004],[128.92542,37.72019],[128.92577,37.72038],[128.9261,37.72059],[128.92639,37.72081],[128.92671,37.72106],[128.92703,37.72134],[128.92732,37.72163],[128.9276,37.72195],[128.92786,37.72229],[128.92809,37.72264],[128.9283,37.72299],[128.92847,37.72333],[128.9286,37.72366],[128.92873,37.72403],[128.92891,37.72448],[128.93155,37.73105],[128.93176,37.73155],[128.93191,37.73195],[128.93201,37.73224],[128.9321,37.73254],[128.93216,37.73286],[128.93222,37.7333],[128.93226,37.73377],[128.93226,37.7342],[128.93222,37.73461],[128.93212,37.73503],[128.932,37.73539],[128.93184,37.73578],[128.93165,37.73619],[128.93144,37.73656],[128.93122,37.7369],[128.93098,37.73722],[128.93071,37.73753],[128.9304,37.73783],[128.92998,37.73818],[128.9295,37.73852],[128.92899,37.73885],[128.92847,37.73916],[128.92781,37.73949],[128.92713,37.73978],[128.92625,37.74016],[128.91464,37.74545],[128.91361,37.74593],[128.91275,37.74636],[128.91194,37.74673],[128.91106,37.74707],[128.91007,37.74735],[128.90902,37.74757],[128.908,37.74778],[128.90712,37.74802],[128.90669,37.74817],[128.90631,37.74831],[128.90595,37.74846],[128.90561,37.74863],[128.90527,37.74883],[128.90489,37.74909],[128.90453,37.74938],[128.90418,37.74969],[128.90384,37.75001],[128.90349,37.75033],[128.90181,37.75189],[128.8968,37.75653],[128.89641,37.75688],[128.89611,37.75717],[128.89581,37.75752],[128.89554,37.75789],[128.89537,37.75821],[128.89523,37.75856],[128.89513,37.75891],[128.89508,37.75928],[128.89508,37.75966],[128.89512,37.76002],[128.89519,37.76034],[128.8953,37.76064],[128.89545,37.76093],[128.89567,37.76125],[128.89593,37.76157],[128.89621,37.76187],[128.8965,37.76213],[128.89682,37.76237],[128.89719,37.76266],[128.90053,37.76536]]}},{"type":"Feature","properties":{"c":"hsr250","n":"경강선","g":"kr","jk":"semi","d":260,"e":1,"nz":"京江线","ne":"Gyeonggang Line","off":-0.5},"geometry":{"type":"LineString","coordinates":[[127.83954,37.34857],[127.84603,37.3443],[127.84665,37.34388],[127.84716,37.34356],[127.84756,37.34333],[127.84798,37.34313],[127.8481673,37.3430472]]}},{"type":"Feature","properties":{"c":"hsr250","n":"경강선","g":"kr","jk":"semi","d":260,"e":1,"nz":"京江线","ne":"Gyeonggang Line","off":-0.375},"geometry":{"type":"LineString","coordinates":[[127.8481673,37.3430472],[127.84841,37.34294],[127.84876,37.34282],[127.84913,37.34271],[127.8494336,37.3426381]]}},{"type":"Feature","properties":{"c":"hsr250","n":"경강선","g":"kr","jk":"semi","d":260,"e":1,"nz":"京江线","ne":"Gyeonggang Line","off":-0.25},"geometry":{"type":"LineString","coordinates":[[127.8494336,37.3426381],[127.84951,37.34262],[127.84991,37.34255],[127.85037,37.34248],[127.8507522,37.3424494]]}},{"type":"Feature","properties":{"c":"hsr250","n":"경강선","g":"kr","jk":"semi","d":260,"e":1,"nz":"京江线","ne":"Gyeonggang Line","off":-0.125},"geometry":{"type":"LineString","coordinates":[[127.8507522,37.3424494],[127.85087,37.34244],[127.85137,37.34241],[127.85186,37.34238],[127.8520833,37.3423775]]}},{"type":"Feature","properties":{"c":"hsr350","n":"경부고속선","g":"kr","jk":"hs","d":350,"ref":"https://en.wikipedia.org/wiki/Gyeongbu_high-speed_railway","nz":"京釜高速线","ne":"Gyeongbu HSL"},"geometry":{"type":"MultiLineString","coordinates":[[[126.89758,37.43991],[126.87884,37.40567],[126.87525,37.39914],[126.87223,37.39329],[126.86905,37.38554],[126.86694,37.37997],[126.86675,37.37949],[126.86671,37.37899],[126.86678,37.37849],[126.86866,37.36571],[126.86928,37.36142],[126.87018,37.35715],[126.8714,37.35307],[126.87408,37.34603],[126.87725,37.33912],[126.88945,37.31247],[126.90032,37.28831],[126.90201,37.28479],[126.90781,37.27169],[126.9107,37.26548],[126.91209,37.2626],[126.91367,37.25962],[126.91648,37.25508],[126.91933,37.25085],[126.92063,37.24915],[126.92205,37.24738],[126.932,37.23409],[126.93389,37.23163],[126.93548,37.22944],[126.937,37.22702],[126.93839,37.22454],[126.93971,37.22187],[126.94081,37.21936],[126.94131,37.21798],[126.94174,37.21659],[126.94246,37.2142],[126.94317,37.21147],[126.94389,37.20785],[126.94449,37.20373],[126.9448,37.19637],[126.94493,37.18964],[126.94518,37.18609],[126.9459,37.18079],[126.94694,37.17554],[126.94841,37.16684],[126.95057,37.15594],[126.9511,37.15328],[126.95149,37.15061],[126.95202,37.14795],[126.95477,37.13418],[126.95702,37.12162],[126.9612,37.10014],[126.962,37.09671],[126.96324,37.09252],[126.96495,37.08791],[126.96621,37.08517],[126.96754,37.08257],[126.96904,37.07989],[126.97023,37.078],[126.97151,37.07615],[126.97518,37.07132],[126.97805,37.06804],[126.98365,37.06231],[127.0467,36.99969],[127.05082,36.99556],[127.05362,36.99264],[127.05502,36.991],[127.05622,36.9895],[127.05855,36.98644],[127.06,36.9843],[127.06209,36.98094],[127.06353,36.97832],[127.06481,36.97568],[127.06606,36.97285],[127.06693,36.97058],[127.06765,36.96845],[127.06814,36.9669],[127.06857,36.96531],[127.06912,36.96281],[127.06961,36.96018],[127.07019,36.9556],[127.07351,36.92144],[127.07407,36.91566],[127.075,36.90991],[127.07633,36.90349],[127.07797,36.89712],[127.10753,36.78259],[127.10958,36.7742],[127.11047,36.77085],[127.11109,36.76878],[127.11181,36.76669],[127.11263,36.76475],[127.11352,36.76286],[127.11438,36.76107],[127.11536,36.75923],[127.11704,36.75655],[127.11883,36.75394],[127.11999,36.75233],[127.12123,36.75077],[127.12325,36.74839],[127.12541,36.74605],[127.12715,36.74439],[127.12886,36.74286],[127.13041,36.74151],[127.13202,36.74019],[127.13403,36.73869],[127.13609,36.73724],[127.13793,36.736],[127.13975,36.73485],[127.1414,36.73391],[127.1432,36.73291],[127.1501,36.72904],[127.16392,36.72161],[127.1758,36.71504],[127.27301,36.66214],[127.28391,36.65612],[127.28947,36.65272],[127.29092,36.65185],[127.29225,36.65101],[127.29375,36.64995],[127.29523,36.64881],[127.29655,36.64769],[127.29799,36.64643],[127.30431,36.64099],[127.33195,36.61605],[127.36587,36.5857],[127.36891,36.58295],[127.37132,36.58068],[127.374,36.57795],[127.37646,36.5752],[127.37826,36.57285],[127.37983,36.57057],[127.38105,36.56868],[127.38219,36.56672],[127.38372,36.56382],[127.38511,36.5609],[127.3859,36.55892],[127.38655,36.55703],[127.38772,36.55309],[127.39684,36.52248],[127.40162,36.50566],[127.41428,36.46267],[127.41551,36.45834],[127.41594,36.45665],[127.41632,36.45491],[127.41675,36.45227],[127.41709,36.44955],[127.41725,36.44733],[127.41731,36.44516],[127.41723,36.44312],[127.41708,36.44077],[127.41631,36.42634],[127.41566,36.41917],[127.41547,36.41429],[127.41537,36.41185],[127.41521,36.41061],[127.41506,36.40931],[127.415,36.40751],[127.41495,36.40576],[127.41484,36.40475],[127.41472,36.4038],[127.41459,36.40183],[127.41421,36.39609],[127.41411,36.39456],[127.41412,36.39379],[127.41411,36.39302],[127.41404,36.39229],[127.41395,36.39149],[127.41366,36.38873],[127.4136,36.38827],[127.41353,36.38784],[127.41349,36.38742],[127.41348,36.38703],[127.41354,36.38663],[127.41365,36.38625],[127.41374,36.38592],[127.4138058,36.3856365]],[[127.4297506,36.340581],[127.42989,36.34043],[127.43022,36.34004],[127.4305,36.33964],[127.43075,36.33924],[127.43098,36.33884],[127.43125,36.33829],[127.43152,36.3377],[127.4326,36.33543],[127.4340578,36.3327097]],[[127.4702821,36.3151044],[127.47048,36.31508],[127.47112,36.31497],[127.47178,36.31482],[127.4726,36.31458],[127.47343,36.31427],[127.47425,36.31394],[127.47526,36.31345],[127.47654,36.31279],[127.49973,36.30114],[127.50649,36.29782],[127.51236,36.2948],[127.51661,36.29224],[127.52024,36.28994],[127.52232,36.28869],[127.52418,36.28751],[127.52601,36.28609],[127.52778,36.28472],[127.5294,36.28371],[127.531,36.28275],[127.53404,36.28062],[127.54044,36.27613],[127.54752,36.27141],[127.54982,36.26998],[127.55209,36.2687],[127.55388,36.26778],[127.55577,36.2669],[127.55769,36.2661],[127.55957,36.26544],[127.56148,36.26485],[127.56352,36.26429],[127.56744,36.26337],[127.57175,36.26251],[127.58366,36.26058],[127.58777,36.25991],[127.59183,36.25908],[127.59593,36.25838],[127.61789,36.25462],[127.62784,36.25282],[127.63259,36.25195],[127.63729,36.25091],[127.64195,36.24972],[127.6716,36.24216],[127.67506,36.24125],[127.67793,36.24043],[127.68099,36.23944],[127.6843,36.23825],[127.69062,36.23568],[127.69697,36.2329],[127.70062,36.23106],[127.70391,36.22922],[127.70718,36.22725],[127.71036,36.2252],[127.7166,36.22096],[127.73157,36.21079],[127.73614,36.20779],[127.74051,36.20509],[127.7447,36.20275],[127.74994,36.19994],[127.80704,36.16871],[127.81818,36.16277],[127.82311,36.15997],[127.8241,36.15941],[127.82508,36.15886],[127.826,36.15836],[127.82683,36.15796],[127.82733,36.15777],[127.82778,36.15761],[127.82822,36.15749],[127.82868,36.15737],[127.82928,36.15724],[127.82989,36.15714],[127.83061,36.15702],[127.83651,36.15595],[127.86774,36.14944],[127.87494,36.14794],[127.88224,36.1468],[127.89243,36.14548],[127.89289,36.14542],[127.89322,36.14537],[127.89355,36.14534],[127.89393,36.14534],[127.89431,36.14536],[127.89469,36.14538],[127.89517,36.14536],[127.89583,36.14531],[127.92956,36.14349],[128.02167,36.13895],[128.04283,36.13845],[128.04814,36.13833],[128.05344,36.13802],[128.05976,36.13738],[128.06555,36.13661],[128.1309,36.12655],[128.13523,36.12589],[128.1395,36.12501],[128.14797,36.12285],[128.1563,36.12034],[128.28607,36.08129],[128.29335,36.07917],[128.29864,36.0775],[128.30327,36.07569],[128.30719,36.07403],[128.31063,36.07263],[128.3118,36.07221],[128.31299,36.07181],[128.31414,36.07136],[128.31517,36.07086],[128.31616,36.07032],[128.31737,36.06965],[128.32893,36.06354],[128.34183,36.05653],[128.35632,36.04843],[128.37027,36.03986],[128.40446,36.0186],[128.41394,36.01255],[128.42491,36.00584],[128.47322,35.97576],[128.4865785,35.9673588]],[[128.5016147,35.957496],[128.50283,35.95636],[128.50427,35.95488],[128.50551,35.9535],[128.50655,35.95219],[128.50734,35.95105],[128.50771,35.95047],[128.50802,35.9499],[128.50846,35.94897],[128.50886,35.94798],[128.50915,35.94705],[128.50939,35.9461],[128.50961,35.94492],[128.50976,35.9437],[128.50977,35.9426],[128.50973,35.94128],[128.50973,35.93643],[128.50961,35.93074],[128.50912,35.92574],[128.50861,35.92161],[128.50837,35.91947],[128.5082,35.91845],[128.50802,35.91734],[128.50789,35.91565],[128.50775,35.91361],[128.5067,35.90395],[128.50657,35.90297],[128.50647,35.90217],[128.50642,35.90137],[128.50647,35.9005],[128.50657,35.89963],[128.50671,35.8988],[128.50691,35.89782],[128.50717,35.89686],[128.50757,35.89575],[128.50808,35.8946],[128.50878,35.89332],[128.50955,35.89211],[128.51014,35.89128],[128.5108,35.89049],[128.51179,35.88945],[128.51284,35.88846],[128.51362,35.88776],[128.51444,35.8871],[128.51523,35.88653],[128.51609,35.88595],[128.51701,35.88541],[128.51804,35.88489],[128.51912,35.88441],[128.52012,35.88401],[128.52099,35.88369],[128.5219,35.88343],[128.52366,35.88304],[128.52562,35.88268],[128.52756,35.88242],[128.529512,35.8822203]],[[128.6276832,35.8787223],[128.62802,35.8788],[128.6284094,35.8789085]],[[128.6618543,35.8704504],[128.6632386,35.8698741]],[[128.6810388,35.857694],[128.68141,35.85744],[128.68178,35.8572],[128.68221,35.85696],[128.68284,35.85664],[128.68355,35.85633],[128.68427,35.85605],[128.68499,35.85582],[128.68573,35.85562],[128.68644,35.85546],[128.68707,35.85535],[128.68769,35.85526],[128.68831,35.8552],[128.68908,35.85516],[128.69019,35.85513],[128.74765,35.85289],[128.85625,35.84834],[128.8666,35.8479],[128.87696,35.84799],[128.88619,35.84851],[128.89432,35.84928],[128.92665,35.85273],[128.93885,35.85383],[128.951,35.85526],[128.9611,35.85634],[128.97088,35.85723],[128.97573,35.85749],[128.98007,35.85758],[128.98418,35.8575],[128.98798,35.85732],[128.99291,35.85696],[128.99783,35.85636],[129.00318,35.85552],[129.00844,35.8544],[129.02769,35.85027],[129.03673,35.84798],[129.04563,35.84556],[129.05422,35.84267],[129.06273,35.83964],[129.0714,35.83576],[129.07921,35.83209],[129.08652,35.82818],[129.09465,35.82349],[129.09756,35.82181],[129.10056,35.82023],[129.10327,35.81866],[129.10871,35.81553],[129.1217171,35.808244]],[[129.1359945,35.7999846],[129.14073,35.79722],[129.14424,35.79544],[129.14761,35.79348],[129.15556,35.78886],[129.15882,35.78682],[129.16174,35.78487],[129.16366,35.78348],[129.16534,35.78218],[129.1665,35.78128],[129.16762,35.78035],[129.16915,35.77896],[129.17067,35.7775],[129.17311,35.77499],[129.17591,35.7718],[129.17682,35.77067],[129.17772,35.76944],[129.17955,35.7667],[129.18137,35.7637],[129.1826,35.7614],[129.18368,35.75908],[129.18486,35.75623],[129.18586,35.75345],[129.18644,35.75156],[129.18689,35.74987],[129.18736,35.74771],[129.18805,35.74327],[129.18832,35.74041],[129.18845,35.73732],[129.18831,35.73328],[129.18797,35.72912],[129.18693,35.72157],[129.18486,35.70647],[129.18081,35.67505],[129.18011,35.66961],[129.17965,35.66683],[129.17912,35.66421],[129.17867,35.66244],[129.17816,35.66073],[129.17675,35.6567],[129.17536,35.65346],[129.17381,35.65049],[129.17138,35.64637],[129.16872,35.64235],[129.16067,35.63018],[129.15756,35.62521],[129.15551,35.62149],[129.15472,35.61989],[129.15402,35.61832],[129.15343,35.61677],[129.15283,35.61507],[129.15037,35.60835],[129.1421,35.58474],[129.14103,35.58129],[129.14014,35.57739],[129.13977,35.57543],[129.13947,35.57346],[129.13931,35.5716],[129.13917,35.56949],[129.13836,35.55865],[129.1255,35.3498],[129.12514,35.34381],[129.12483,35.34076],[129.12443,35.33784],[129.12398,35.33558],[129.12349,35.33354],[129.12265,35.33079],[129.12184,35.32845],[129.12088,35.32596],[129.11977,35.32353],[129.11855,35.32115],[129.11728,35.31892],[129.11597,35.31684],[129.11493,35.31531],[129.11387,35.31386],[129.11163,35.31104],[129.10925,35.3083],[129.08526,35.28066],[129.07933,35.27361],[129.06976,35.26158],[129.0677,35.25882],[129.0657,35.25597],[129.06431,35.25375],[129.06294,35.25135],[129.06177,35.24892],[129.06069,35.24645],[129.05872,35.24147],[129.05657,35.23602],[129.0545,35.23081],[129.05259,35.22514],[129.05169,35.22204],[129.05104,35.21934],[129.05051,35.21669],[129.05033,35.21534],[129.05025,35.21406],[129.05019,35.21229],[129.05025,35.21036],[129.0506,35.2076],[129.05112,35.20488],[129.05159,35.20308],[129.0521,35.20142],[129.05315,35.19826],[129.05377,35.19626],[129.05446,35.19403],[129.05525,35.19194],[129.05597,35.19049],[129.05675,35.18915],[129.05769,35.18767],[129.06081,35.18331],[129.06368,35.17951],[129.06467,35.17816],[129.06513,35.17747],[129.0654569,35.1769378]],[[129.0627121,35.1658439],[129.06126,35.16519],[129.05698,35.16301],[129.05632,35.16269],[129.05575,35.16241],[129.0552,35.16211],[129.05487,35.16189],[129.05453,35.16167],[129.05421,35.16144],[129.05391,35.1612],[129.05365,35.16097],[129.05334,35.16064],[129.05309,35.1603],[129.05289,35.15995],[129.05275,35.15957],[129.05266,35.15916],[129.05261,35.15878],[129.05262,35.15839],[129.05269,35.15802],[129.0528,35.1576],[129.05296,35.15718],[129.05315,35.15683],[129.05342,35.1564],[129.05632,35.15149],[129.05655,35.15113],[129.05673,35.15084],[129.05688,35.15055],[129.05702,35.15021],[129.05713,35.14987],[129.05721,35.14953],[129.05723,35.14922],[129.05723,35.14891],[129.05722,35.14848],[129.0572325,35.1472643]],[[129.0573313,35.1367451],[129.05728,35.13648],[129.0572239,35.1362625]]]}},{"type":"Feature","properties":{"c":"hsr350","n":"경부고속선","g":"kr","jk":"hs","d":350,"ref":"https://en.wikipedia.org/wiki/Gyeongbu_high-speed_railway","nz":"京釜高速线","ne":"Gyeongbu HSL","off":-1.0},"geometry":{"type":"MultiLineString","coordinates":[[[128.6669187,35.8683072],[128.67019,35.86687],[128.67112,35.86649],[128.67185,35.86616],[128.67238,35.8659],[128.67289,35.86562],[128.6734,35.8653],[128.67389,35.86497],[128.6744,35.8646],[128.6749,35.8642],[128.67539,35.86376],[128.67599,35.86312],[128.67659,35.86238],[128.67716,35.86164],[128.67765,35.86101],[128.6781274,35.8604132]],[[129.0468162,35.1246897],[129.04493,35.12063],[129.0448509,35.1204482]]]}},{"type":"Feature","properties":{"c":"hsr350","n":"경부고속선","g":"kr","jk":"hs","d":350,"ref":"https://en.wikipedia.org/wiki/Gyeongbu_high-speed_railway","nz":"京釜高速线","ne":"Gyeongbu HSL","off":-0.875},"geometry":{"type":"MultiLineString","coordinates":[[[128.6663955,35.868537],[128.6669187,35.8683072]],[[128.6781274,35.8604132],[128.67817,35.86036],[128.6784942,35.859975]],[[129.0473348,35.1258542],[129.04721,35.12556],[129.04703,35.12515],[129.0468162,35.1246897]],[[129.0448509,35.1204482],[129.0444173,35.119451]]]}},{"type":"Feature","properties":{"c":"hsr350","n":"경부고속선","g":"kr","jk":"hs","d":350,"ref":"https://en.wikipedia.org/wiki/Gyeongbu_high-speed_railway","nz":"京釜高速线","ne":"Gyeongbu HSL","off":-0.75},"geometry":{"type":"MultiLineString","coordinates":[[[128.6658724,35.8687669],[128.6663955,35.868537]],[[128.6784942,35.859975],[128.67865,35.85979],[128.6788768,35.859551]],[[129.0480809,35.1268809],[129.04804,35.12684],[129.04777,35.12653],[129.04753,35.12621],[129.04735,35.12589],[129.0473348,35.1258542]],[[129.0444173,35.119451],[129.0439837,35.1184537]]]}},{"type":"Feature","properties":{"c":"hsr350","n":"경부고속선","g":"kr","jk":"hs","d":350,"ref":"https://en.wikipedia.org/wiki/Gyeongbu_high-speed_railway","nz":"京釜高速线","ne":"Gyeongbu HSL","off":-0.625},"geometry":{"type":"MultiLineString","coordinates":[[[128.6653487,35.8689955],[128.66541,35.86897],[128.6658724,35.8687669]],[[128.6788768,35.859551],[128.67902,35.8594],[128.6792701,35.8591364]],[[129.049019,35.1277435],[129.04875,35.12751],[129.04833,35.12713],[129.0480809,35.1268809]],[[129.0439837,35.1184537],[129.04355,35.1174565]]]}},{"type":"Feature","properties":{"c":"hsr350","n":"경부고속선","g":"kr","jk":"hs","d":350,"ref":"https://en.wikipedia.org/wiki/Gyeongbu_high-speed_railway","nz":"京釜高速线","ne":"Gyeongbu HSL","off":-0.5},"geometry":{"type":"MultiLineString","coordinates":[[[128.4899646,35.9652294],[128.49599,35.96144],[128.49759,35.96046],[128.4984316,35.9599103]],[[128.6648212,35.8692152],[128.6653487,35.8689955]],[[128.6792701,35.8591364],[128.67939,35.85901],[128.6796852,35.8587443]],[[129.056671,35.1348904],[129.05642,35.1345],[129.05609,35.13407],[129.05573,35.13366],[129.05538,35.13332],[129.05499,35.13299],[129.0545,35.13258],[129.04928,35.12797],[129.049019,35.1277435]],[[129.04355,35.1174565],[129.04196,35.1138]]]}},{"type":"Feature","properties":{"c":"hsr350","n":"경부고속선","g":"kr","jk":"hs","d":350,"ref":"https://en.wikipedia.org/wiki/Gyeongbu_high-speed_railway","nz":"京釜高速线","ne":"Gyeongbu HSL","off":-0.375},"geometry":{"type":"MultiLineString","coordinates":[[[128.4888359,35.9659392],[128.4899646,35.9652294]],[[128.4984316,35.9599103],[128.49883,35.95965],[128.4995347,35.9591615]],[[128.6642936,35.8694348],[128.6648212,35.8692152]],[[128.6796852,35.8587443],[128.67979,35.85865],[128.6801221,35.8583761]],[[129.0568975,35.1353295],[129.05686,35.13524],[129.05669,35.13492],[129.056671,35.1348904]]]}},{"type":"Feature","properties":{"c":"hsr350","n":"경부고속선","g":"kr","jk":"hs","d":350,"ref":"https://en.wikipedia.org/wiki/Gyeongbu_high-speed_railway","nz":"京釜高速线","ne":"Gyeongbu HSL","off":-0.25},"geometry":{"type":"MultiLineString","coordinates":[[[128.4877072,35.966649],[128.4888359,35.9659392]],[[128.4995347,35.9591615],[128.49971,35.95904],[128.50056,35.9584],[128.5006028,35.9583639]],[[128.6637661,35.8696544],[128.6642936,35.8694348]],[[128.6801221,35.8583761],[128.68019,35.85832],[128.6805745,35.8580271]],[[129.0570755,35.1357908],[129.05699,35.13555],[129.0568975,35.1353295]]]}},{"type":"Feature","properties":{"c":"hsr350","n":"경부고속선","g":"kr","jk":"hs","d":350,"ref":"https://en.wikipedia.org/wiki/Gyeongbu_high-speed_railway","nz":"京釜高速线","ne":"Gyeongbu HSL","off":-0.125},"geometry":{"type":"MultiLineString","coordinates":[[[128.4865785,35.9673588],[128.4877072,35.966649]],[[128.5006028,35.9583639],[128.50145,35.95765],[128.5016147,35.957496]],[[128.6632386,35.8698741],[128.6637661,35.8696544]],[[128.6805745,35.8580271],[128.68061,35.858],[128.68103,35.8577],[128.6810388,35.857694]],[[129.0572239,35.1362625],[129.0572,35.13617],[129.0571,35.13586],[129.0570755,35.1357908]]]}},{"type":"Feature","properties":{"c":"hsr350","n":"경부고속선","g":"kr","jk":"hs","d":350,"ref":"https://en.wikipedia.org/wiki/Gyeongbu_high-speed_railway","nz":"京釜高速线","ne":"Gyeongbu HSL","off":0.125},"geometry":{"type":"MultiLineString","coordinates":[[[127.4138058,36.3856365],[127.41387,36.38536],[127.41398,36.38508],[127.41413,36.38479],[127.4143457,36.3844272]],[[127.4287889,36.3415027],[127.42914,36.3412],[127.42953,36.34082],[127.4297506,36.340581]],[[127.4340578,36.3327097],[127.4346876,36.3315345]],[[127.4689566,36.3152467],[127.46918,36.31523],[127.46983,36.31516],[127.4702821,36.3151044]],[[128.529512,35.8822203],[128.52971,35.8822],[128.5308406,35.8821089]],[[128.6265825,35.8784943],[128.62685,35.87853],[128.6276832,35.8787223]],[[128.6284094,35.8789085],[128.6288738,35.879038]],[[128.6613268,35.87067],[128.6618543,35.8704504]],[[129.1217171,35.808244],[129.1228803,35.8075924]],[[129.1348439,35.8006583],[129.1353,35.80039],[129.1359945,35.7999846]],[[129.0654569,35.1769378],[129.06556,35.17677],[129.06594,35.17605],[129.0660728,35.1757563]],[[129.0639278,35.1663915],[129.0627121,35.1658439]],[[129.0572325,35.1472643],[129.0572461,35.1459311]],[[129.0573438,35.1372386],[129.05735,35.13707],[129.05734,35.13679],[129.0573313,35.1367451]]]}},{"type":"Feature","properties":{"c":"hsr350","n":"경부고속선","g":"kr","jk":"hs","d":350,"ref":"https://en.wikipedia.org/wiki/Gyeongbu_high-speed_railway","nz":"京釜高速线","ne":"Gyeongbu HSL","off":0.25},"geometry":{"type":"MultiLineString","coordinates":[[[127.4143457,36.3844272],[127.41435,36.38442],[127.41464,36.38402],[127.41493,36.38365],[127.41517,36.38341],[127.4151858,36.3833955]],[[127.4277625,36.3423536],[127.42789,36.34225],[127.42856,36.3417],[127.4287889,36.3415027]],[[127.4346876,36.3315345],[127.43469,36.33153],[127.435265,36.3303326]],[[127.4676247,36.3152837],[127.46781,36.31529],[127.46851,36.31528],[127.4689566,36.3152467]],[[128.5308406,35.8821089],[128.5321697,35.8820018]],[[128.6254643,35.8783765],[128.62595,35.87841],[128.6265825,35.8784943]],[[128.6288738,35.879038],[128.62924,35.87914],[128.629337,35.8791715]],[[128.6607993,35.8708897],[128.6613268,35.87067]],[[129.1228803,35.8075924],[129.1240436,35.8069408]],[[129.1336947,35.8013343],[129.1348439,35.8006583]],[[129.0660728,35.1757563],[129.06627,35.17532],[129.06651,35.17468],[129.0665591,35.1745162]],[[129.0651307,35.1669575],[129.06503,35.16688],[129.0646,35.16667],[129.06408,35.16646],[129.0639278,35.1663915]],[[129.0572461,35.1459311],[129.0572598,35.1445978]],[[129.0573302,35.137733],[129.05734,35.13734],[129.0573438,35.1372386]]]}},{"type":"Feature","properties":{"c":"hsr350","n":"경부고속선","g":"kr","jk":"hs","d":350,"ref":"https://en.wikipedia.org/wiki/Gyeongbu_high-speed_railway","nz":"京釜高速线","ne":"Gyeongbu HSL","off":0.375},"geometry":{"type":"MultiLineString","coordinates":[[[127.4151858,36.3833955],[127.41541,36.38319],[127.41568,36.38297],[127.41606,36.3827],[127.4162437,36.3825889]],[[127.4267279,36.3431947],[127.4277625,36.3423536]],[[127.435265,36.3303326],[127.4358422,36.3291307]],[[127.4662947,36.3151985],[127.46693,36.31526],[127.4676247,36.3152837]],[[128.5321697,35.8820018],[128.5334987,35.8818948]],[[128.6243444,35.8782721],[128.62508,35.87835],[128.6254643,35.8783765]],[[128.629337,35.8791715],[128.6297956,35.8793203]],[[128.6602717,35.8711093],[128.6607993,35.8708897]],[[129.1240436,35.8069408],[129.1252069,35.8062892]],[[129.132568,35.8020466],[129.13326,35.80159],[129.1336947,35.8013343]],[[129.0665591,35.1745162],[129.06669,35.17408],[129.06677,35.17375],[129.06682,35.17344],[129.0668487,35.1732175]],[[129.0660697,35.167896],[129.06604,35.16785],[129.06576,35.16752],[129.06542,35.16718],[129.0651307,35.1669575]],[[129.0572598,35.1445978],[129.0572734,35.1432645]],[[129.057325,35.1382276],[129.05733,35.13774],[129.0573302,35.137733]]]}},{"type":"Feature","properties":{"c":"hsr350","n":"경부고속선","g":"kr","jk":"hs","d":350,"ref":"https://en.wikipedia.org/wiki/Gyeongbu_high-speed_railway","nz":"京釜高速线","ne":"Gyeongbu HSL","off":0.5},"geometry":{"type":"MultiLineString","coordinates":[[[127.4162437,36.3825889],[127.41649,36.38244],[127.41698,36.38217],[127.41795,36.38175],[127.41907,36.38132],[127.42003,36.3809],[127.42039,36.38071],[127.42071,36.38054],[127.42099,36.38036],[127.42127,36.38015],[127.42155,36.37991],[127.42181,36.37964],[127.42206,36.37936],[127.42227,36.37908],[127.42248,36.37872],[127.42265,36.37835],[127.42278,36.37799],[127.42289,36.37755],[127.42293,36.37712],[127.42293,36.376786]],[[127.418275,36.3529784],[127.41867,36.35234],[127.41977,36.35067],[127.42111,36.34887],[127.42254,36.34714],[127.42375,36.34586],[127.425,36.34466],[127.4265,36.34338],[127.4267279,36.3431947]],[[127.4358422,36.3291307],[127.43882,36.32293],[127.43901,36.3225],[127.43918,36.32217],[127.43942,36.32182],[127.4397,36.32148],[127.43998,36.32121],[127.44028,36.32093],[127.44062,36.32067],[127.44092,36.32047],[127.44123,36.32028],[127.44156,36.3201],[127.4419,36.31994],[127.44227,36.3198],[127.44265,36.31968],[127.44304,36.31957],[127.44339,36.31949],[127.44387,36.31939],[127.44432,36.31933],[127.44476,36.31931],[127.44523,36.3193],[127.44579,36.31929],[127.44641,36.31927],[127.44706,36.31923],[127.44752,36.31917],[127.44801,36.3191],[127.4485,36.31901],[127.44897,36.31891],[127.4494,36.31879],[127.4498,36.31864],[127.45018,36.31846],[127.45053,36.31828],[127.45082,36.31812],[127.45137,36.31773],[127.45187,36.31729],[127.45342,36.3159],[127.45369,36.31565],[127.45393,36.31541],[127.45418,36.31519],[127.45445,36.31498],[127.45476,36.31479],[127.45509,36.31461],[127.45543,36.31446],[127.45576,36.31432],[127.45612,36.3142],[127.45647,36.3141],[127.45684,36.31402],[127.45719,36.31395],[127.45757,36.31388],[127.45795,36.31383],[127.45833,36.3138],[127.45881,36.3138],[127.4593,36.31383],[127.45978,36.31389],[127.46022,36.31397],[127.46066,36.31407],[127.46118,36.31419],[127.46234,36.31446],[127.46372,36.31478],[127.46503,36.31503],[127.466,36.31517],[127.4662947,36.3151985]],[[128.5334987,35.8818948],[128.53815,35.88152],[128.55201,35.88083],[128.55284,35.88078],[128.55351,35.88072],[128.55411,35.88069],[128.55474,35.8807],[128.55542,35.88075],[128.5561,35.88085],[128.55677,35.88097],[128.55743,35.88112],[128.55826,35.88136],[128.55906,35.88164],[128.55996,35.88196],[128.56483,35.88358],[128.56525,35.88372],[128.5656,35.88385],[128.56592,35.88396],[128.56627,35.88405],[128.56664,35.88413],[128.56703,35.88419],[128.56742,35.88424],[128.56779,35.88426],[128.56823,35.88427],[128.56866,35.88425],[128.56909,35.88421],[128.56956,35.88414],[128.57005,35.88404],[128.57051,35.88392],[128.57094,35.88377],[128.57136,35.88359],[128.57176,35.8834],[128.57214,35.88316],[128.57251,35.88291],[128.57286,35.88265],[128.5733,35.88229],[128.57375,35.8819],[128.57407,35.88162],[128.57441,35.88131],[128.57477,35.88098],[128.57515,35.88067],[128.57554,35.8804],[128.5759,35.88019],[128.57628,35.88001],[128.57668,35.87984],[128.57708,35.87969],[128.57748,35.87956],[128.57796,35.87943],[128.57843,35.87934],[128.57896,35.87925],[128.57963,35.87913],[128.59269,35.87654],[128.59567,35.87598],[128.59821,35.87545],[128.6002,35.87492],[128.60192,35.87442],[128.60252,35.87425],[128.60305,35.87409],[128.60358,35.87396],[128.604,35.87387],[128.60443,35.87379],[128.60486,35.87372],[128.60531,35.87369],[128.60576,35.8737],[128.60624,35.87374],[128.60673,35.8738],[128.60721,35.87387],[128.60769,35.87396],[128.60839,35.87412],[128.60909,35.87433],[128.60996,35.87458],[128.61978,35.87725],[128.62097,35.87758],[128.62198,35.87785],[128.62309,35.87808],[128.62423,35.87826],[128.6243444,35.8782721]],[[128.6297956,35.8793203],[128.6302541,35.8794692]],[[128.6597328,35.8712984],[128.66015,35.87116],[128.6602717,35.8711093]],[[129.1252069,35.8062892],[129.12924,35.80403],[129.13042,35.80339],[129.13131,35.80287],[129.13229,35.80223],[129.132568,35.8020466]],[[129.0668487,35.1732175],[129.06686,35.17313],[129.06687,35.17282],[129.06686,35.17251],[129.06686,35.17217],[129.06685,35.17072],[129.06686,35.17038],[129.06687,35.17006],[129.06685,35.16974],[129.06678,35.16942],[129.06669,35.16909],[129.06658,35.16879],[129.06643,35.16848],[129.06626,35.16819],[129.0660697,35.167896]],[[129.0572734,35.1432645],[129.057325,35.1382276]]]}},{"type":"Feature","properties":{"c":"hsr350","n":"경부고속선","g":"kr","jk":"hs","d":350,"ref":"https://en.wikipedia.org/wiki/Gyeongbu_high-speed_railway","nz":"京釜高速线","ne":"Gyeongbu HSL","off":0.625},"geometry":{"type":"MultiLineString","coordinates":[[[127.42293,36.376786],[127.42293,36.37669],[127.42287,36.37623],[127.42276,36.37577],[127.4226805,36.3754803]],[[127.4175585,36.3541026],[127.41781,36.35373],[127.418275,36.3529784]],[[128.6302541,35.8794692],[128.63038,35.87951],[128.6307055,35.879638]],[[128.6591904,35.8714783],[128.6597328,35.8712984]]]}},{"type":"Feature","properties":{"c":"hsr350","n":"경부고속선","g":"kr","jk":"hs","d":350,"ref":"https://en.wikipedia.org/wiki/Gyeongbu_high-speed_railway","nz":"京釜高速线","ne":"Gyeongbu HSL","off":0.75},"geometry":{"type":"MultiLineString","coordinates":[[[127.4226805,36.3754803],[127.42262,36.37526],[127.42248,36.37475],[127.422308,36.3742002]],[[127.417069,36.3553321],[127.41708,36.35527],[127.41719,36.35485],[127.41734,36.35447],[127.41754,36.35413],[127.4175585,36.3541026]],[[128.6307055,35.879638],[128.6311542,35.8798145]],[[128.6586481,35.8716583],[128.6591904,35.8714783]]]}},{"type":"Feature","properties":{"c":"hsr350","n":"경부고속선","g":"kr","jk":"hs","d":350,"ref":"https://en.wikipedia.org/wiki/Gyeongbu_high-speed_railway","nz":"京釜高速线","ne":"Gyeongbu HSL","off":0.875},"geometry":{"type":"MultiLineString","coordinates":[[[127.422308,36.3742002],[127.42202,36.37328],[127.4219106,36.3729275]],[[127.417016,36.3566588],[127.41699,36.35636],[127.41699,36.35598],[127.41702,36.35561],[127.417069,36.3553321]],[[128.6311542,35.8798145],[128.63127,35.87986],[128.6315988,35.8800009]],[[128.6581057,35.8718382],[128.6586481,35.8716583]]]}},{"type":"Feature","properties":{"c":"hsr350","n":"경부고속선","g":"kr","jk":"hs","d":350,"ref":"https://en.wikipedia.org/wiki/Gyeongbu_high-speed_railway","nz":"京釜高速线","ne":"Gyeongbu HSL","off":1.0},"geometry":{"type":"MultiLineString","coordinates":[[[127.4219106,36.3729275],[127.41764,36.35916],[127.41738,36.35838],[127.41721,36.35777],[127.41711,36.3573],[127.41703,36.35682],[127.417016,36.3566588]],[[128.6315988,35.8800009],[128.63211,35.88022],[128.63296,35.88055],[128.63386,35.88082],[128.63478,35.88105],[128.63565,35.88125],[128.63606,35.88135],[128.63646,35.88144],[128.63685,35.88153],[128.63723,35.8816],[128.63763,35.88164],[128.63804,35.88165],[128.63846,35.88165],[128.63888,35.88163],[128.63929,35.88158],[128.63968,35.88152],[128.64012,35.88141],[128.64055,35.88128],[128.64096,35.88113],[128.64135,35.88095],[128.64171,35.88077],[128.64206,35.88056],[128.64238,35.88034],[128.64266,35.88013],[128.64292,35.8799],[128.64314,35.87966],[128.64335,35.87942],[128.64363,35.87906],[128.64393,35.87864],[128.64434,35.87805],[128.64484,35.87731],[128.64539,35.87655],[128.64594,35.87592],[128.64626,35.87561],[128.64658,35.87533],[128.64691,35.87508],[128.64724,35.87486],[128.64759,35.87465],[128.64798,35.87446],[128.64837,35.8743],[128.64879,35.87416],[128.64926,35.87403],[128.65002,35.87386],[128.65089,35.87372],[128.65177,35.87358],[128.65256,35.87344],[128.65354,35.87321],[128.65445,35.87296],[128.6563,35.87238],[128.65804,35.87186],[128.6581057,35.8718382]]]}},{"type":"Feature","properties":{"c":"main","n":"경부본선","g":"kr","jk":"main","nz":"京釜本线","ne":"Gyeongbu Main Line","off":-1.0},"geometry":{"type":"LineString","coordinates":[[126.96781,37.53156],[126.96814,37.53182],[126.96849,37.53207],[126.9688,37.53234],[126.96906,37.53263],[126.96921,37.53294],[126.96929,37.53328],[126.96936,37.53362],[126.96948,37.53398],[126.96984,37.53457],[126.97027,37.53517],[126.97061,37.53571],[126.97077,37.53611],[126.97087,37.53651],[126.971,37.5374],[126.97107,37.53839],[126.97108,37.53927],[126.97107,37.54027],[126.97105,37.54524],[126.97106,37.54632],[126.97104,37.54727],[126.97092,37.54828],[126.97075,37.54929]]}},{"type":"Feature","properties":{"c":"main","n":"경부본선","g":"kr","jk":"main","nz":"京釜本线","ne":"Gyeongbu Main Line","off":-0.5},"geometry":{"type":"LineString","coordinates":[[128.36759,36.03516],[128.36031,36.04038],[128.35989,36.04069],[128.35958,36.04093],[128.35925,36.04114],[128.35885,36.04135],[128.35843,36.04153],[128.35801,36.0417],[128.35739,36.04191],[128.35668,36.04212],[128.35332,36.04318],[128.35257,36.0434],[128.35189,36.0436],[128.35122,36.04384],[128.35073,36.04404],[128.35025,36.04427],[128.34978,36.04452],[128.34932,36.04481],[128.3488,36.0452],[128.34829,36.04563],[128.3478,36.0461],[128.34738,36.04659],[128.34706,36.04706],[128.34679,36.04756],[128.34655,36.04807],[128.34629,36.04857]]}},{"type":"Feature","properties":{"c":"main","n":"경부본선","g":"kr","jk":"main","nz":"京釜本线","ne":"Gyeongbu Main Line","off":0.5},"geometry":{"type":"LineString","coordinates":[[129.00841,35.2389],[129.00836,35.23831]]}},{"type":"Feature","properties":{"c":"main","n":"경부본선","g":"kr","jk":"main","nz":"京釜本线","ne":"Gyeongbu Main Line","off":-0.5},"geometry":{"type":"LineString","coordinates":[[129.04155,35.11359],[129.04322,35.11729]]}},{"type":"Feature","properties":{"c":"main","n":"경부선","g":"kr","jk":"main","nz":"京釜线","ne":"Gyeongbu Line"},"geometry":{"type":"LineString","coordinates":[[126.87988,37.49065],[126.88005,37.49024],[126.88005,37.48981],[126.88004,37.48828]]}},{"type":"Feature","properties":{"c":"main","n":"경부선","g":"kr","jk":"main","nz":"京釜线","ne":"Gyeongbu Line"},"geometry":{"type":"MultiLineString","coordinates":[[[127.4352063,36.3303725],[127.4350664,36.3306571]],[[127.4147104,36.3861822],[127.4147,36.38639],[127.41473,36.38678],[127.41483,36.38757],[127.41546,36.39287],[127.41552,36.39345],[127.41559,36.39393],[127.41567,36.39428],[127.41576,36.39463],[127.4159,36.39497],[127.41609,36.39535],[127.41632,36.39573],[127.41657,36.3961],[127.41693,36.39658],[127.41738,36.39716],[127.42232,36.40363],[127.42307,36.40457],[127.42378,36.40542],[127.42441,36.40624],[127.42493,36.40705],[127.42524,36.40773],[127.42546,36.4084],[127.42564,36.40904],[127.42582,36.40962],[127.42599,36.41008],[127.42614,36.41049],[127.42627,36.41091],[127.42634,36.41127],[127.42639,36.41165],[127.42642,36.41203],[127.42641,36.41242],[127.42636,36.41283],[127.42628,36.41324],[127.42616,36.41366],[127.426,36.41407],[127.42574,36.41451],[127.42542,36.41496],[127.42507,36.4154],[127.42473,36.41582],[127.42339,36.41736],[127.42172,36.41928],[127.42144,36.41959],[127.42118,36.41986],[127.42094,36.42013],[127.42073,36.42043],[127.42056,36.42074],[127.42042,36.42107],[127.42031,36.42141],[127.42023,36.42176],[127.42017,36.42217],[127.42016,36.42261],[127.42018,36.42304],[127.42024,36.42348],[127.42037,36.424],[127.42057,36.42453],[127.42079,36.42513],[127.42116,36.42637],[127.42159,36.42783],[127.42219,36.42933],[127.42331,36.43116],[127.42468,36.43306],[127.42588,36.43505],[127.42684,36.43749],[127.42762,36.44004],[127.42823,36.44206],[127.42856,36.44299],[127.42881,36.44379],[127.42893,36.44422],[127.42904,36.44464],[127.42912,36.44508],[127.42913,36.44556],[127.42901,36.4463],[127.42876,36.44711],[127.42845,36.44798],[127.42818,36.44889],[127.42697,36.45431],[127.42647,36.45637],[127.42591,36.45847],[127.42521,36.46045],[127.42434,36.46214],[127.42335,36.46374],[127.42253,36.46504],[127.42208,36.46578],[127.42171,36.46644],[127.42153,36.4668],[127.42135,36.46716],[127.42119,36.46752],[127.42107,36.4679],[127.421,36.4683],[127.42096,36.46871],[127.42096,36.46912],[127.42099,36.46953],[127.42109,36.47006],[127.42124,36.47059],[127.42139,36.47111],[127.42179,36.4727],[127.422,36.47348],[127.42219,36.47428],[127.42231,36.47514],[127.42238,36.47601],[127.42237,36.47681],[127.42233,36.47774],[127.42214,36.48386],[127.42213,36.4845],[127.4221,36.48501],[127.42205,36.4854],[127.42198,36.48578],[127.42188,36.48615],[127.42174,36.48646],[127.42157,36.48676],[127.42135,36.48706],[127.42107,36.48734],[127.42073,36.48763],[127.42036,36.4879],[127.42,36.48812],[127.4196,36.4883],[127.4192,36.48843],[127.41878,36.48854],[127.4184,36.48863],[127.418,36.48869],[127.41748,36.48878],[127.40854,36.49038],[127.40731,36.49059],[127.40627,36.49078],[127.40553,36.49096],[127.40479,36.49116],[127.40407,36.49139],[127.40342,36.49166],[127.40278,36.49195],[127.40204,36.4923],[127.39706,36.49453],[127.39629,36.49486],[127.39562,36.49514],[127.39499,36.49546],[127.3944,36.49583],[127.39384,36.49625],[127.39323,36.49674],[127.39152,36.49819],[127.38972,36.49986],[127.38889,36.5007],[127.38807,36.50156],[127.38731,36.50245],[127.38665,36.5034],[127.38618,36.50462],[127.38585,36.50596],[127.3856,36.50726],[127.38536,36.50835],[127.38514,36.5093],[127.3849,36.51013],[127.38467,36.51072],[127.38441,36.5113],[127.38411,36.51183],[127.38383,36.51224],[127.38352,36.51261],[127.3832,36.51297],[127.38287,36.51327],[127.38253,36.51355],[127.38215,36.51387],[127.38116,36.51468],[127.38005,36.51567],[127.37842,36.51759],[127.37677,36.51958],[127.37611,36.52023],[127.37545,36.52084],[127.37485,36.52142],[127.37439,36.52198],[127.37418,36.52236],[127.37403,36.52272],[127.37393,36.52309],[127.37383,36.52345],[127.37374,36.52394],[127.37369,36.52444],[127.37363,36.52499],[127.37327,36.5277],[127.37324,36.52804],[127.37321,36.52835],[127.37318,36.52863],[127.37311,36.52892],[127.373,36.52922],[127.37286,36.52951],[127.37269,36.52979],[127.3725,36.53005],[127.37225,36.53032],[127.37196,36.53057],[127.37162,36.5308],[127.37125,36.53099],[127.37083,36.53117],[127.37038,36.53133],[127.36993,36.53148],[127.3694,36.53161],[127.36885,36.53172],[127.36809,36.53187],[127.34925,36.5359],[127.34825,36.5361],[127.3475,36.53624],[127.34678,36.53643],[127.34599,36.53671],[127.34523,36.53703],[127.3445,36.53737],[127.34358,36.53782],[127.34262,36.53832],[127.34147,36.53886],[127.34019,36.53947],[127.33887,36.54023],[127.33712,36.54153],[127.33529,36.54304],[127.33359,36.54463],[127.33234,36.54618],[127.33126,36.54784],[127.32986,36.54995],[127.3108,36.57714],[127.31032,36.5778],[127.31,36.57828],[127.30966,36.57888],[127.30937,36.57949],[127.30914,36.58007],[127.30891,36.58074],[127.30757,36.58433],[127.3072,36.58538],[127.30683,36.58635],[127.30651,36.58704],[127.30617,36.58772],[127.30584,36.5883],[127.30555,36.58869],[127.30525,36.58902],[127.30493,36.58931],[127.30452,36.58966],[127.29914,36.59438],[127.2986,36.59484],[127.29817,36.59521],[127.29777,36.59559],[127.29747,36.59593],[127.29719,36.59627],[127.29693,36.59663],[127.29672,36.59699],[127.29655,36.59737],[127.29642,36.59776],[127.29631,36.59815],[127.29621,36.59855],[127.29605,36.59927],[127.29589,36.60013],[127.29455,36.60693],[127.293,36.61685],[127.292698,36.6180923]],[[127.2872933,36.6355571],[127.28701,36.6358],[127.28643,36.63621],[127.28581,36.63659],[127.28511,36.63701],[127.28115,36.63953],[127.28008,36.64024],[127.27906,36.64094],[127.27812,36.64169],[127.27736,36.64244],[127.27667,36.64323],[127.2759,36.64411],[127.27391,36.6464],[127.27147,36.64896],[127.2669,36.65262],[127.26243,36.65616],[127.26046,36.65817],[127.2589,36.65991],[127.25714,36.66178],[127.25567,36.66312],[127.25535,36.66342],[127.25505,36.66368],[127.25472,36.66393],[127.25433,36.66416],[127.2539,36.66437],[127.25339,36.66456],[127.25287,36.66474],[127.25231,36.66489],[127.25172,36.66501],[127.25103,36.66512],[127.24872,36.66532],[127.24635,36.66541],[127.24558,36.66542],[127.24491,36.66541],[127.24417,36.66534],[127.24286,36.6651],[127.24142,36.66476],[127.24013,36.66442],[127.23936,36.6642],[127.23867,36.66399],[127.238,36.66373],[127.23738,36.66343],[127.23679,36.6631],[127.2361,36.66271],[127.23124,36.6601],[127.23036,36.65959],[127.22955,36.6591],[127.22873,36.65865],[127.22786,36.65828],[127.22684,36.65798],[127.22575,36.65774],[127.2247,36.65756],[127.22379,36.65747],[127.22328,36.65749],[127.22283,36.65754],[127.22241,36.65762],[127.22203,36.65768],[127.22157,36.65772],[127.22115,36.65778],[127.22072,36.65792],[127.22031,36.65811],[127.21999,36.65836],[127.21967,36.65865],[127.21869,36.65948],[127.21841,36.6597],[127.21813,36.65992],[127.21788,36.66016],[127.21766,36.66048],[127.21747,36.66083],[127.2173,36.66118],[127.21719,36.66151],[127.2171,36.66184],[127.21698,36.66227],[127.21534,36.66776],[127.21506,36.66874],[127.2148,36.66958],[127.21463,36.67004],[127.21445,36.67051],[127.21426,36.67095],[127.21404,36.67136],[127.21384,36.67165],[127.21362,36.67192],[127.21339,36.67217],[127.21314,36.67242],[127.21264,36.67286],[127.21205,36.67335],[127.21141,36.67393],[127.21065,36.67462],[127.20985,36.67532],[127.20907,36.6759],[127.20848,36.67625],[127.20789,36.67654],[127.2073,36.6768],[127.20669,36.67704],[127.20547,36.67744],[127.20409,36.67784],[127.19834,36.67962],[127.19775,36.67981],[127.19724,36.67999],[127.19676,36.68015],[127.19625,36.68026],[127.1957,36.68033],[127.19514,36.68036],[127.19458,36.68036],[127.19402,36.68035],[127.19292,36.68028],[127.19179,36.68018],[127.18904,36.67997],[127.1882,36.67989],[127.18739,36.67981],[127.18657,36.67978],[127.18594,36.67979],[127.18531,36.67981],[127.18469,36.67987],[127.1841,36.67997],[127.18362,36.68011],[127.18317,36.68028],[127.18272,36.68047],[127.1822,36.68068],[127.17841,36.68208],[127.1684,36.68637],[127.16768,36.68667],[127.16712,36.68692],[127.16671,36.68714],[127.16632,36.68737],[127.16595,36.68762],[127.16559,36.68793],[127.16526,36.68826],[127.16493,36.6886],[127.16399,36.68963],[127.15957,36.69452],[127.15817,36.69602],[127.15689,36.69748],[127.15551,36.69937],[127.15427,36.70124],[127.1527,36.70382],[127.15248,36.70416],[127.15228,36.70447],[127.1521,36.70476],[127.15195,36.70507],[127.15183,36.7054],[127.15175,36.70574],[127.15169,36.70609],[127.15166,36.70644],[127.15166,36.70693],[127.15171,36.70743],[127.1518,36.70792],[127.15193,36.70835],[127.15209,36.70877],[127.15231,36.70935],[127.15639,36.72078],[127.15668,36.72155],[127.15691,36.72214],[127.15708,36.72274],[127.15719,36.72325],[127.15727,36.72376],[127.15731,36.72427],[127.15729,36.72477],[127.15722,36.72521],[127.15709,36.72565],[127.15693,36.72607],[127.15673,36.72646],[127.15653,36.72678],[127.1563,36.72708],[127.15604,36.72736],[127.15577,36.72764],[127.15542,36.72795],[127.15504,36.72824],[127.15453,36.72863],[127.14549,36.73588],[127.14491,36.73633],[127.14447,36.73667],[127.14405,36.73703],[127.14363,36.73746],[127.14324,36.73791],[127.1429,36.73837],[127.14264,36.73886],[127.14243,36.73936],[127.1422,36.73991],[127.14114,36.74224],[127.14098,36.74258],[127.14084,36.74287],[127.14072,36.74317],[127.14063,36.7435],[127.14057,36.74383],[127.14053,36.74416],[127.14052,36.74461],[127.14054,36.74509],[127.14057,36.74597],[127.14057,36.74695],[127.14041,36.74809],[127.14027,36.74918],[127.14025,36.74964],[127.14025,36.75005],[127.14029,36.75043],[127.14037,36.75085],[127.1405,36.75123],[127.14068,36.75158],[127.14092,36.75198],[127.14128,36.75259],[127.14171,36.75333],[127.14207,36.75406],[127.14232,36.75472],[127.14251,36.75539],[127.14262,36.75605],[127.14264,36.75663],[127.14259,36.75721],[127.14254,36.75785],[127.1425,36.75955],[127.14236,36.76145],[127.14183,36.76375],[127.14122,36.76588],[127.14101,36.76661],[127.14083,36.76725],[127.1407,36.7679],[127.14064,36.76857],[127.14064,36.76925],[127.14066,36.76995],[127.14075,36.77113],[127.14089,36.77232],[127.14125,36.77451],[127.14134,36.77508],[127.14143,36.77561],[127.1416,36.77623],[127.14182,36.77687],[127.14233,36.77809],[127.14534,36.78535],[127.14647,36.78809],[127.14681,36.78898],[127.14712,36.78989],[127.14735,36.79089],[127.14756,36.79248],[127.14764,36.79425],[127.14756,36.79594],[127.14729,36.79731],[127.14688,36.79863],[127.14652,36.7998],[127.14623,36.8008],[127.146,36.80173],[127.1459,36.80223],[127.1458,36.80273],[127.14574,36.80324],[127.14572,36.80374],[127.14576,36.8042],[127.14585,36.80463],[127.14598,36.80512],[127.14612,36.80575],[127.14889,36.81964],[127.14937,36.82203],[127.14952,36.82324],[127.1496,36.82445],[127.14953,36.82555],[127.14939,36.82687],[127.14904,36.832],[127.14842,36.83833],[127.14692,36.84626],[127.14559,36.85239],[127.14545,36.85302],[127.14536,36.8535],[127.1453,36.85406],[127.14527,36.85462],[127.14527,36.8552],[127.14533,36.85579],[127.14544,36.85633],[127.1456,36.85693],[127.14623,36.85957],[127.14649,36.86052],[127.14668,36.86146],[127.14675,36.86217],[127.14677,36.86291],[127.14673,36.86361],[127.14664,36.86418],[127.14652,36.86472],[127.14637,36.86525],[127.14609,36.866],[127.14578,36.86673],[127.14509,36.86818],[127.13276,36.89418],[127.12833,36.90386],[127.12811,36.90432],[127.12795,36.90465],[127.12781,36.905],[127.1277,36.90539],[127.12762,36.90579],[127.12755,36.9062],[127.12751,36.9067],[127.12747,36.90741],[127.12489,36.94309],[127.1247,36.94572],[127.12462,36.94661],[127.12452,36.9475],[127.12435,36.94834],[127.12414,36.949],[127.12387,36.94963],[127.12353,36.95027],[127.123,36.95102],[127.12237,36.95179],[127.12172,36.95254],[127.11968,36.95469],[127.07406,37.00271],[127.07352,37.00325],[127.07313,37.00361],[127.07284,37.00392],[127.07257,37.00428],[127.07233,37.00473],[127.07214,37.0052],[127.07199,37.00568],[127.0718962,37.0060631]],[[127.0700881,37.021959],[127.06891,37.03239],[127.06881,37.03343],[127.0687,37.03421],[127.06859,37.03481],[127.06845,37.03541],[127.06824,37.03599],[127.06797,37.03656],[127.06763,37.03712],[127.06724,37.03764],[127.06683,37.0381],[127.06638,37.03852],[127.0659,37.03892],[127.06543,37.03926],[127.06492,37.03958],[127.06428,37.03997],[127.05665,37.0449],[127.05601,37.04529],[127.05546,37.04562],[127.05497,37.04593],[127.05451,37.04628],[127.05405,37.04671],[127.05362,37.04718],[127.05324,37.04765],[127.05293,37.0481],[127.05276,37.04841],[127.05262,37.04872],[127.05252,37.04903],[127.05243,37.04936],[127.05232,37.04994],[127.05227,37.05057],[127.05225,37.05119],[127.05232,37.05201],[127.05245,37.05303],[127.05392,37.06637],[127.05433,37.06954],[127.05457,37.07228],[127.05447,37.07439],[127.05428,37.07623],[127.05419,37.07725],[127.05414,37.0782],[127.05415,37.07889],[127.05418,37.07958],[127.05426,37.08025],[127.05441,37.08083],[127.05461,37.08139],[127.05482,37.08195],[127.05552,37.08361],[127.05968,37.09344],[127.06,37.09417],[127.06024,37.09475],[127.06046,37.09542],[127.06063,37.0961],[127.06071,37.09666],[127.0608,37.09748],[127.06691,37.14707],[127.06713,37.14855],[127.06729,37.14957],[127.06735,37.15059],[127.06725,37.15177],[127.06705,37.15294],[127.06681,37.15411],[127.06594,37.15758],[127.06309,37.169],[127.06289,37.16991],[127.06273,37.17062],[127.06251,37.17132],[127.06216,37.17206],[127.06174,37.17278],[127.06128,37.17347],[127.06081,37.17407],[127.06031,37.17465],[127.05976,37.17518],[127.05917,37.17567],[127.05854,37.17612],[127.0579,37.17656],[127.05591,37.17783],[127.04908,37.18217],[127.04806,37.18279],[127.04719,37.18332],[127.04637,37.1839],[127.04556,37.1846],[127.04481,37.18534],[127.04418,37.18604],[127.04367,37.18671],[127.04325,37.18737],[127.04294,37.18794],[127.04252,37.18877],[127.0375197,37.1983619]],[[127.0289672,37.2147675],[127.01341,37.24461],[127.01226,37.24693],[127.01145,37.2486],[127.01049,37.25021],[127.00918,37.25183],[127.00772,37.25338],[127.00621,37.25522],[127.00234,37.26143],[126.99867,37.26785],[126.99526,37.27414],[126.9915,37.28078],[126.98724,37.2877],[126.9827,37.29303],[126.97907,37.29693],[126.97858,37.29751],[126.97817,37.29794],[126.97793,37.29818],[126.97769,37.2984],[126.97741,37.29862],[126.97709,37.29883],[126.9765,37.29912],[126.97581,37.29941],[126.97506,37.29967],[126.97432,37.29988],[126.9736,37.30001],[126.97287,37.3001],[126.97211,37.30016],[126.97129,37.30024],[126.96583,37.30091],[126.96511,37.30098],[126.96447,37.30103],[126.96386,37.3011],[126.96326,37.30122],[126.96266,37.30141],[126.96208,37.30164],[126.96152,37.30192],[126.96098,37.30221],[126.96036,37.30262],[126.95978,37.30308],[126.95908,37.30362],[126.95781,37.30451],[126.95626,37.30557],[126.9555873,37.3060608]],[[126.9483184,37.3385126],[126.94856,37.35824],[126.94859,37.35925],[126.94858,37.36],[126.94853,37.36059],[126.94844,37.36117],[126.9483,37.36175],[126.9481,37.36225],[126.94785,37.36275],[126.94753,37.36339],[126.94291,37.37329],[126.94239,37.37439],[126.94195,37.37537],[126.94149,37.37626],[126.94095,37.3771],[126.94032,37.37785],[126.93962,37.37855],[126.93893,37.37919],[126.93835,37.37973],[126.93787,37.38021],[126.93746,37.38063],[126.9372,37.38095],[126.93695,37.38128],[126.93674,37.38162],[126.93659,37.38195],[126.93647,37.38228],[126.9363,37.38272],[126.93339,37.39005],[126.93319,37.39057],[126.93305,37.391],[126.9329,37.39139],[126.9327,37.39178],[126.93241,37.39217],[126.93208,37.39255],[126.93173,37.39291],[126.93137,37.39325],[126.93072,37.39379],[126.92999,37.39435],[126.92865,37.39537],[126.92723,37.39654],[126.92595,37.39791],[126.92475,37.39934],[126.92242,37.40223],[126.9107,37.41675],[126.90898,37.41882],[126.9076,37.42061],[126.90628,37.42276],[126.90517,37.42476],[126.90457,37.42585],[126.9041,37.42678],[126.90385,37.42741],[126.90366,37.42801],[126.90354,37.42856],[126.90341,37.42927],[126.90299,37.43167],[126.90239,37.435],[126.90156,37.43834],[126.90037,37.44142],[126.8997424,37.4427753]],[[126.8938281,37.4560144],[126.88448,37.47737],[126.88319,37.48021],[126.88203,37.48265],[126.88103,37.4849],[126.8802,37.48717],[126.87988,37.48945],[126.87972,37.49179],[126.87965,37.49393],[126.87957,37.49561],[126.8795067,37.4962789]],[[126.8887016,37.5073568],[126.88924,37.50766],[126.89329,37.50961],[126.89749,37.51141],[126.90369,37.51376],[126.90884,37.51595],[126.90932,37.51616],[126.90971,37.51633],[126.9101,37.51648],[126.91055,37.51661],[126.91101,37.51671],[126.91148,37.51679],[126.91193,37.51683],[126.91239,37.51685],[126.9129,37.51688],[126.91356,37.51693],[126.9143,37.517],[126.91507,37.51706],[126.9158,37.51706],[126.91641,37.51702],[126.91701,37.51695],[126.91759,37.51685],[126.91816,37.51671],[126.91871,37.51653],[126.91923,37.51631],[126.91975,37.51606],[126.92028,37.51577],[126.92098,37.5153],[126.9217,37.51474],[126.92241,37.5142],[126.92306,37.51378],[126.92345,37.51361],[126.92382,37.51347],[126.92417,37.51337],[126.92453,37.51329],[126.92498,37.5132],[126.92542,37.51315],[126.92588,37.51313],[126.92639,37.51314],[126.92691,37.51318],[126.92742,37.51325],[126.92791,37.51335],[126.9284,37.51347],[126.92891,37.5136],[126.93108,37.51411],[126.93149,37.51421],[126.93188,37.51432],[126.93226,37.51441],[126.93265,37.51447],[126.93305,37.5145],[126.93345,37.51449],[126.93386,37.51446],[126.93429,37.51441],[126.93489,37.51431],[126.93555,37.51416],[126.9362,37.51401],[126.93681,37.51392],[126.93726,37.5139],[126.93769,37.5139],[126.93811,37.51393],[126.93853,37.51396],[126.93934,37.51405],[126.94022,37.51417],[126.94347,37.51457],[126.94397,37.51462],[126.94441,37.51467],[126.94484,37.51474],[126.9453,37.51485],[126.94576,37.51499],[126.94614,37.51514],[126.94672,37.5155],[126.94722,37.51594],[126.95416,37.52197],[126.9556,37.52326],[126.95693,37.52438],[126.95846,37.52548],[126.95998,37.52657],[126.96131,37.52774],[126.96275,37.52901],[126.96589,37.53134],[126.96868,37.53333],[126.96906,37.5336],[126.96936,37.5338],[126.96962,37.53402],[126.96989,37.53427],[126.97013,37.53455],[126.97035,37.53485],[126.97051,37.53514],[126.97065,37.53546],[126.97077,37.5358],[126.97088,37.53617],[126.971,37.53686],[126.97107,37.53763],[126.97112,37.5384],[126.97113,37.53947],[126.97111,37.54063],[126.9711,37.54485],[126.97113,37.54632],[126.97109,37.5477],[126.97078,37.5491],[126.9706388,37.5497638]]]}},{"type":"Feature","properties":{"c":"main","n":"경부선","g":"kr","jk":"main","nz":"京釜线","ne":"Gyeongbu Line","off":-0.5},"geometry":{"type":"MultiLineString","coordinates":[[[127.43763,36.32576],[127.4367,36.32733],[127.43591,36.32894],[127.4356257,36.3295187]],[[127.0356706,37.2019088],[127.0308163,37.2112206]],[[126.9526476,37.3087391],[126.95223,37.30928],[126.95128,37.31076],[126.95045,37.31217],[126.94977,37.3133],[126.9494,37.31384],[126.94909,37.31429],[126.94883,37.31475],[126.94861,37.31527],[126.94845,37.3158],[126.94832,37.31634],[126.94826,37.31684],[126.94824,37.31735],[126.94821,37.31797],[126.94798,37.32058],[126.9478,37.32391],[126.94798,37.32955],[126.9482118,37.3345146]],[[126.8980696,37.4464087],[126.89724,37.44822],[126.8954321,37.4523501]],[[126.9703731,37.552556],[126.97037,37.55273],[126.97046,37.55377],[126.97064,37.55451],[126.97089,37.55519],[126.97114,37.55588]]]}},{"type":"Feature","properties":{"c":"main","n":"경부선","g":"kr","jk":"main","nz":"京釜线","ne":"Gyeongbu Line","off":-0.375},"geometry":{"type":"MultiLineString","coordinates":[[[127.4356257,36.3295187],[127.4354859,36.3298033]],[[127.0362869,37.2007265],[127.0356706,37.2019088]],[[127.0308163,37.2112206],[127.0301999,37.2124029]],[[126.9535068,37.3077258],[126.95328,37.30792],[126.9526476,37.3087391]],[[126.9482118,37.3345146],[126.948274,37.3358465]],[[126.8986248,37.4451965],[126.8980696,37.4464087]],[[126.8954321,37.4523501],[126.8948974,37.4535715]],[[126.9703898,37.5516186],[126.9703731,37.552556]]]}},{"type":"Feature","properties":{"c":"main","n":"경부선","g":"kr","jk":"main","nz":"京釜线","ne":"Gyeongbu Line","off":-0.25},"geometry":{"type":"MultiLineString","coordinates":[[[127.4354859,36.3298033],[127.4353461,36.3300879]],[[127.0369033,37.1995442],[127.0362869,37.2007265]],[[127.0301999,37.2124029],[127.0295836,37.2135852]],[[126.9545197,37.3068587],[126.9535068,37.3077258]],[[126.948274,37.3358465],[126.94829,37.33619],[126.9483021,37.3371794]],[[126.8991822,37.4439853],[126.89893,37.44453],[126.8986248,37.4451965]],[[126.8948974,37.4535715],[126.8943628,37.454793]],[[126.9704658,37.5506841],[126.97039,37.55161],[126.9703898,37.5516186]]]}},{"type":"Feature","properties":{"c":"main","n":"경부선","g":"kr","jk":"main","nz":"京釜线","ne":"Gyeongbu Line","off":-0.125},"geometry":{"type":"MultiLineString","coordinates":[[[127.4353461,36.3300879],[127.4352063,36.3303725]],[[127.0375197,37.1983619],[127.0369033,37.1995442]],[[127.0295836,37.2135852],[127.0289672,37.2147675]],[[126.9555873,37.3060608],[126.95467,37.30673],[126.9545197,37.3068587]],[[126.9483021,37.3371794],[126.9483184,37.3385126]],[[126.8997424,37.4427753],[126.8991822,37.4439853]],[[126.8943628,37.454793],[126.8938281,37.4560144]],[[126.9706388,37.5497638],[126.97048,37.55051],[126.9704658,37.5506841]]]}},{"type":"Feature","properties":{"c":"main","n":"경부선","g":"kr","jk":"main","nz":"京釜线","ne":"Gyeongbu Line","off":0.125},"geometry":{"type":"MultiLineString","coordinates":[[[127.4350664,36.3306571],[127.4349266,36.3309417]],[[127.4150261,36.3848965],[127.415,36.38495],[127.41486,36.38531],[127.41477,36.38566],[127.41472,36.38599],[127.4147104,36.3861822]],[[127.292698,36.6180923],[127.2923831,36.6193879]],[[127.2882233,36.6346041],[127.28818,36.63466],[127.28782,36.63506],[127.28743,36.63544],[127.2872933,36.6355571]],[[127.0718962,37.0060631],[127.07187,37.00617],[127.07177,37.00674],[127.07172,37.00731],[127.0717138,37.0073821]],[[127.0702378,37.0206341],[127.0700881,37.021959]],[[126.8795067,37.4962789],[126.8795,37.49635],[126.8794588,37.496755]],[[126.8882037,37.5070764],[126.8887016,37.5073568]]]}},{"type":"Feature","properties":{"c":"main","n":"경부선","g":"kr","jk":"main","nz":"京釜线","ne":"Gyeongbu Line","off":0.25},"geometry":{"type":"MultiLineString","coordinates":[[[127.4349266,36.3309417],[127.4347868,36.3312263]],[[127.4157148,36.3837576],[127.41544,36.38416],[127.41519,36.38456],[127.4150261,36.3848965]],[[127.2923831,36.6193879],[127.2920682,36.6206835]],[[127.2888909,36.6334584],[127.28886,36.63354],[127.2887,36.6339],[127.28849,36.63426],[127.2882233,36.6346041]],[[127.0717138,37.0073821],[127.07165,37.00813],[127.0715846,37.0087091]],[[127.0703874,37.0193092],[127.0702378,37.0206341]],[[126.8794588,37.496755],[126.87944,37.49694],[126.879435,37.4972326]],[[126.8877058,37.506796],[126.8882037,37.5070764]]]}},{"type":"Feature","properties":{"c":"main","n":"경부선","g":"kr","jk":"main","nz":"京釜线","ne":"Gyeongbu Line","off":0.375},"geometry":{"type":"MultiLineString","coordinates":[[[127.4347868,36.3312263],[127.434647,36.3315108]],[[127.4165778,36.3827443],[127.41649,36.38282],[127.41624,36.38309],[127.41599,36.3834],[127.41572,36.38375],[127.4157148,36.3837576]],[[127.2920682,36.6206835],[127.2917532,36.6219791]],[[127.2892873,36.6321864],[127.28912,36.6328],[127.289,36.63317],[127.2888909,36.6334584]],[[127.0715846,37.0087091],[127.071435,37.010034]],[[127.070537,37.0179843],[127.0703874,37.0193092]],[[126.879435,37.4972326],[126.87943,37.49753],[126.8794469,37.4977104]],[[126.887212,37.5065089],[126.88734,37.50659],[126.8877058,37.506796]]]}},{"type":"Feature","properties":{"c":"main","n":"경부선","g":"kr","jk":"main","nz":"京釜线","ne":"Gyeongbu Line","off":0.5},"geometry":{"type":"MultiLineString","coordinates":[[[127.434647,36.3315108],[127.4345072,36.3317954]],[[127.4267988,36.3431513],[127.42622,36.34366],[127.42521,36.34453],[127.42426,36.34539],[127.42338,36.34628],[127.42251,36.34727],[127.41982,36.35069],[127.41861,36.35253],[127.4180627,36.35336]],[[127.4230943,36.3767773],[127.42312,36.37697],[127.42314,36.37728],[127.42311,36.3776],[127.42305,36.37789],[127.42296,36.37819],[127.42284,36.3785],[127.4227,36.37879],[127.42248,36.37913],[127.42221,36.37946],[127.4219,36.37978],[127.4216,36.38004],[127.42126,36.38031],[127.42089,36.38056],[127.42048,36.3808],[127.41967,36.38118],[127.41875,36.38153],[127.41795,36.38187],[127.41751,36.3821],[127.41712,36.38232],[127.41678,36.38257],[127.4165778,36.3827443]],[[127.2917532,36.6219791],[127.28949,36.63129],[127.2893,36.63214],[127.2892873,36.6321864]],[[127.071435,37.010034],[127.070537,37.0179843]],[[126.8794469,37.4977104],[126.87949,37.49817],[126.8794929,37.4981867]],[[126.8867293,37.506203],[126.887212,37.5065089]]]}},{"type":"Feature","properties":{"c":"main","n":"경부선","g":"kr","jk":"main","nz":"京釜线","ne":"Gyeongbu Line","off":0.625},"geometry":{"type":"MultiLineString","coordinates":[[[127.4345072,36.3317954],[127.4343674,36.33208]],[[127.4278003,36.3422711],[127.4267988,36.3431513]],[[127.4180627,36.35336],[127.41801,36.35344],[127.41778,36.3538],[127.41756,36.35416],[127.4173937,36.354511]],[[127.4227573,36.375489],[127.42283,36.37576],[127.42293,36.37611],[127.42302,36.37639],[127.42308,36.37667],[127.4230943,36.3767773]],[[126.8794929,37.4981867],[126.8795752,37.4986582]],[[126.8862466,37.5058971],[126.8867293,37.506203]]]}},{"type":"Feature","properties":{"c":"main","n":"경부선","g":"kr","jk":"main","nz":"京釜线","ne":"Gyeongbu Line","off":0.75},"geometry":{"type":"MultiLineString","coordinates":[[[127.4343674,36.33208],[127.4342276,36.3323646]],[[127.4288023,36.3413915],[127.42878,36.34141],[127.4278003,36.3422711]],[[127.4173937,36.354511],[127.41738,36.35454],[127.41727,36.35483],[127.41719,36.35514],[127.41713,36.35546],[127.4171,36.35577],[127.417101,36.3558039]],[[127.4224116,36.3742013],[127.4227573,36.375489]],[[126.8795752,37.4986582],[126.8796,37.4988],[126.8796872,37.4991231]],[[126.885764,37.5055912],[126.8862466,37.5058971]]]}},{"type":"Feature","properties":{"c":"main","n":"경부선","g":"kr","jk":"main","nz":"京釜线","ne":"Gyeongbu Line","off":0.875},"geometry":{"type":"MultiLineString","coordinates":[[[127.4342276,36.3323646],[127.4340878,36.3326492]],[[127.4298276,36.3405392],[127.42957,36.34076],[127.42919,36.34107],[127.4288023,36.3413915]],[[127.417101,36.3558039],[127.41711,36.35611],[127.41715,36.35646],[127.41722,36.3568],[127.417293,36.3571195]],[[127.4220659,36.3729135],[127.4224116,36.3742013]],[[126.8796872,37.4991231],[126.87977,37.49943],[126.8798297,37.4995792]],[[126.8852943,37.5052661],[126.88562,37.5055],[126.885764,37.5055912]]]}},{"type":"Feature","properties":{"c":"main","n":"경부선","g":"kr","jk":"main","nz":"京釜线","ne":"Gyeongbu Line","off":1.0},"geometry":{"type":"MultiLineString","coordinates":[[[127.4340878,36.3326492],[127.43197,36.33696],[127.43118,36.33857],[127.43097,36.33897],[127.43075,36.33937],[127.43051,36.33976],[127.43023,36.34013],[127.42992,36.34046],[127.4298276,36.3405392]],[[127.417293,36.3571195],[127.4173,36.35715],[127.41746,36.35777],[127.41768,36.35849],[127.41907,36.3633],[127.42181,36.37196],[127.4220659,36.3729135]],[[126.8798297,37.4995792],[126.87995,37.49988],[126.88015,37.50032],[126.88041,37.50077],[126.88074,37.50124],[126.88138,37.50199],[126.88218,37.50279],[126.88309,37.5036],[126.88406,37.50438],[126.8852943,37.5052661]]]}},{"type":"Feature","properties":{"c":"main","n":"경부선","g":"kr","jk":"main","nz":"京釜线","ne":"Gyeongbu Line"},"geometry":{"type":"LineString","coordinates":[[126.97116,37.55746],[126.97109,37.54737]]}},{"type":"Feature","properties":{"c":"main","n":"경부선","g":"kr","jk":"main","nz":"京釜线","ne":"Gyeongbu Line"},"geometry":{"type":"LineString","coordinates":[[127.42007,36.381],[127.42053,36.38087],[127.421,36.38071],[127.42134,36.38055],[127.42169,36.38034],[127.42204,36.38012],[127.42235,36.37989],[127.42269,36.37959],[127.42299,36.37928],[127.42327,36.37895],[127.42351,36.37862],[127.42372,36.37828],[127.42389,36.37789],[127.42405,36.37743],[127.42417,36.37692],[127.42426,36.37637],[127.4243,36.37579],[127.42426,36.375],[127.42413,36.37414],[127.42396,36.37326],[127.42381,36.37239]]}},{"type":"Feature","properties":{"c":"main","n":"경부선","g":"kr","jk":"main","nz":"京釜线","ne":"Gyeongbu Line"},"geometry":{"type":"LineString","coordinates":[[126.96619,37.53151],[126.96589,37.53106],[126.9656,37.5306],[126.96529,37.53015],[126.96492,37.52974],[126.96451,37.52938],[126.96406,37.52908],[126.96356,37.52876],[126.963,37.52838],[126.95793,37.52481],[126.95787,37.52477],[126.95783,37.52472],[126.95778,37.52467],[126.95774,37.52464],[126.95773,37.52463],[126.95772,37.52463],[126.95771,37.52463],[126.9577,37.52463],[126.95769,37.52463],[126.95769,37.52464],[126.95768,37.52464],[126.95768,37.52465],[126.95768,37.52466],[126.95768,37.52467],[126.95769,37.52468],[126.9577,37.52468],[126.95773,37.52471],[126.95781,37.52474],[126.95787,37.52477],[126.95793,37.52481],[126.95864,37.52531],[126.95963,37.52604],[126.9605,37.52678],[126.96123,37.52744],[126.96167,37.52783],[126.96194,37.52831]]}},{"type":"Feature","properties":{"c":"main","n":"경부선","g":"kr","jk":"main","nz":"京釜线","ne":"Gyeongbu Line"},"geometry":{"type":"MultiLineString","coordinates":[[[127.43178,36.33734],[127.43302,36.33578],[127.43419,36.33414],[127.43536,36.33201],[127.4356912,36.3312683]],[[127.4697541,36.3166237],[127.46986,36.31668],[127.47017,36.31687],[127.47047,36.31708],[127.47082,36.31737],[127.47115,36.3177],[127.47146,36.31803],[127.47172,36.31835],[127.47198,36.31874],[127.47218,36.31912],[127.47232,36.31949],[127.47248,36.31995],[127.47495,36.32678],[127.47527,36.32771],[127.47557,36.32849],[127.47585,36.32907],[127.47616,36.32964],[127.47648,36.33013],[127.47669,36.3304],[127.4769,36.33064],[127.47717,36.33089],[127.47757,36.33122],[127.47806,36.33158],[127.47859,36.33193],[127.47913,36.33224],[127.47967,36.33248],[127.48021,36.33267],[127.4808,36.33286],[127.48148,36.3331],[127.48825,36.33559],[127.49262,36.33753],[127.49322,36.33781],[127.49374,36.33808],[127.49426,36.33832],[127.49481,36.3385],[127.49545,36.33862],[127.49613,36.33867],[127.49681,36.33869],[127.49749,36.3387],[127.49872,36.33867],[127.50018,36.33858],[127.51118,36.33809],[127.51244,36.33806],[127.51348,36.33803],[127.51451,36.33794],[127.51557,36.33777],[127.51663,36.33753],[127.51775,36.33731],[127.51882,36.33719],[127.51994,36.33711],[127.52112,36.33699],[127.52236,36.33675],[127.5242,36.33615],[127.52621,36.3354],[127.52831,36.33456],[127.53037,36.33367],[127.53343,36.33196],[127.53647,36.33004],[127.53886,36.32852],[127.53997,36.32787],[127.54089,36.32729],[127.54184,36.32662],[127.54275,36.3259],[127.54351,36.3252],[127.54439,36.32434],[127.5517,36.31741],[127.56004,36.30902],[127.56075,36.30834],[127.56132,36.3078],[127.56182,36.30723],[127.56228,36.30656],[127.56268,36.30586],[127.56302,36.30514],[127.56328,36.30447],[127.56348,36.30378],[127.56374,36.30292],[127.56672,36.29367],[127.567,36.29276],[127.56725,36.29204],[127.56741,36.29163],[127.56757,36.29123],[127.56776,36.29084],[127.56799,36.29046],[127.56825,36.29012],[127.56854,36.2898],[127.56886,36.28948],[127.56922,36.28911],[127.57197,36.28607],[127.58125,36.27656],[127.58379,36.27396],[127.58442,36.27328],[127.58506,36.27258],[127.58564,36.27189],[127.58611,36.27123],[127.58637,36.27077],[127.58657,36.27034],[127.58673,36.2699],[127.58686,36.26946],[127.58698,36.26887],[127.58704,36.26828],[127.58712,36.26759],[127.58776,36.26308],[127.58786,36.2623],[127.58797,36.26163],[127.58819,36.26091],[127.58847,36.26022],[127.58866,36.25985],[127.58887,36.2595],[127.58912,36.25914],[127.58945,36.25873],[127.58983,36.25831],[127.59024,36.25792],[127.59064,36.25759],[127.59107,36.25727],[127.5916,36.25688],[127.59745,36.25241],[127.59958,36.25059],[127.60164,36.24888],[127.60381,36.24736],[127.60576,36.24606],[127.60738,36.24496],[127.60795,36.24461],[127.60853,36.24426],[127.6091,36.24397],[127.60956,36.24378],[127.61002,36.24362],[127.61048,36.24349],[127.61097,36.24338],[127.61147,36.24331],[127.61198,36.24326],[127.61254,36.24325],[127.61311,36.24328],[127.61369,36.24332],[127.61442,36.24342],[127.61537,36.24357],[127.62173,36.24439],[127.62976,36.24567],[127.63325,36.24658],[127.63677,36.24764],[127.6401,36.24864],[127.64303,36.24932],[127.64471,36.24949],[127.64626,36.24953],[127.64766,36.24952],[127.64888,36.24953],[127.64973,36.24957],[127.65046,36.24962],[127.65119,36.24961],[127.65195,36.24956],[127.65272,36.24946],[127.65346,36.24932],[127.6542,36.24915],[127.65493,36.24894],[127.65562,36.2487],[127.65622,36.24844],[127.65678,36.24815],[127.65741,36.2478],[127.65856,36.24705],[127.65985,36.24616],[127.66101,36.24545],[127.66161,36.24517],[127.66217,36.24497],[127.66273,36.24478],[127.66358,36.24455],[127.66456,36.24431],[127.67012,36.24289],[127.67248,36.24228],[127.67368,36.24203],[127.67488,36.24184],[127.67591,36.24175],[127.67695,36.24173],[127.67825,36.24178],[127.67959,36.2419],[127.68081,36.24207],[127.68219,36.24228],[127.68927,36.24333],[127.68973,36.24341],[127.6901,36.24347],[127.69044,36.24353],[127.6908,36.24356],[127.69118,36.24356],[127.69157,36.24353],[127.69196,36.24349],[127.69234,36.24345],[127.69307,36.24332],[127.69385,36.24316],[127.69639,36.24269],[127.69689,36.24258],[127.69733,36.24251],[127.69781,36.24249],[127.6983,36.24251],[127.69874,36.24257],[127.69925,36.24267],[127.70019,36.24284],[127.70135,36.24306],[127.70252,36.24321],[127.70366,36.24323],[127.70481,36.24318],[127.70592,36.24316],[127.70873,36.24332],[127.70946,36.24337],[127.71014,36.2434],[127.71064,36.24338],[127.71115,36.24334],[127.71166,36.24327],[127.71211,36.24318],[127.71256,36.24307],[127.71301,36.24294],[127.71343,36.24279],[127.71382,36.24261],[127.71419,36.2424],[127.71455,36.24218],[127.71489,36.24195],[127.71546,36.24151],[127.71606,36.24102],[127.71714,36.24018],[127.7184,36.23915],[127.72085,36.23681],[127.72311,36.23455],[127.72361,36.23409],[127.72402,36.23371],[127.72438,36.23331],[127.72472,36.23286],[127.72501,36.23239],[127.72529,36.23187],[127.72562,36.23102],[127.72592,36.23008],[127.72618,36.22924],[127.72631,36.2289],[127.72643,36.22859],[127.72653,36.22829],[127.7266,36.22799],[127.72664,36.22767],[127.72665,36.22734],[127.72663,36.22701],[127.72657,36.22669],[127.72647,36.22639],[127.72634,36.22609],[127.72618,36.22579],[127.726,36.22551],[127.72575,36.22518],[127.72547,36.22486],[127.72511,36.22446],[127.72389,36.22311],[127.72234,36.22136],[127.72102,36.21968],[127.72043,36.21876],[127.71991,36.21784],[127.71949,36.21698],[127.7192,36.2162],[127.71909,36.21576],[127.71903,36.21536],[127.71901,36.21497],[127.71901,36.21455],[127.71905,36.21377],[127.71916,36.21295],[127.71932,36.2122],[127.71942,36.21182],[127.71955,36.21147],[127.71969,36.21115],[127.71985,36.21084],[127.72008,36.21049],[127.72035,36.21017],[127.72067,36.20986],[127.72105,36.20957],[127.7215,36.20928],[127.72197,36.20902],[127.72245,36.20881],[127.72287,36.20868],[127.72329,36.20859],[127.72374,36.20852],[127.72424,36.20843],[127.72534,36.20822],[127.72659,36.20799],[127.72781,36.20768],[127.72901,36.20722],[127.73018,36.20667],[127.73122,36.20619],[127.73169,36.20598],[127.7321,36.20577],[127.7325,36.20559],[127.73293,36.20545],[127.7334,36.20534],[127.73389,36.20527],[127.7344,36.20522],[127.73492,36.20519],[127.73557,36.20521],[127.73626,36.20526],[127.73695,36.20531],[127.73762,36.20531],[127.73826,36.20523],[127.73888,36.20512],[127.73949,36.20497],[127.74007,36.20478],[127.7406,36.20456],[127.74109,36.2043],[127.74157,36.20399],[127.74204,36.20362],[127.74266,36.20296],[127.74327,36.20214],[127.74385,36.20131],[127.74439,36.20061],[127.74485,36.20011],[127.74528,36.19967],[127.74573,36.19928],[127.74606,36.19903],[127.7464,36.1988],[127.74676,36.19858],[127.74715,36.19839],[127.74764,36.19818],[127.74817,36.19799],[127.74875,36.19783],[127.74938,36.19768],[127.7504,36.19753],[127.75156,36.19743],[127.75274,36.19733],[127.7538,36.19715],[127.75454,36.19694],[127.75521,36.1967],[127.75586,36.19641],[127.75653,36.19609],[127.75776,36.19538],[127.75901,36.19457],[127.75996,36.19395],[127.76033,36.19373],[127.76062,36.19354],[127.7609,36.19328],[127.76114,36.193],[127.76134,36.19274],[127.76156,36.19242],[127.76212,36.19167],[127.76285,36.19069],[127.76352,36.18963],[127.76396,36.18863],[127.76434,36.18754],[127.76474,36.18645],[127.76529,36.18546],[127.76601,36.18465],[127.76683,36.18388],[127.76767,36.18319],[127.76844,36.1826],[127.7689,36.18229],[127.76933,36.18204],[127.76977,36.18182],[127.77029,36.18161],[127.77121,36.18135],[127.77227,36.18112],[127.77333,36.1809],[127.77424,36.18065],[127.77474,36.18044],[127.77519,36.18023],[127.77559,36.18],[127.77597,36.17976],[127.77628,36.17954],[127.77655,36.17931],[127.77682,36.17906],[127.77709,36.17875],[127.77754,36.1781],[127.77798,36.17729],[127.77844,36.17648],[127.7789,36.17583],[127.77919,36.17552],[127.77948,36.17527],[127.77978,36.17505],[127.78014,36.17483],[127.78069,36.17455],[127.78132,36.17429],[127.78198,36.17404],[127.78263,36.17379],[127.78521,36.17292],[127.79113,36.17091],[127.79164,36.17072],[127.79206,36.17056],[127.79248,36.17045],[127.79296,36.17037],[127.79345,36.17034],[127.79394,36.17034],[127.79442,36.17039],[127.79489,36.17047],[127.79538,36.17056],[127.7974,36.17086],[127.79779,36.17093],[127.79817,36.171],[127.79855,36.17106],[127.79893,36.17109],[127.79932,36.17109],[127.7997,36.17106],[127.80009,36.171],[127.80048,36.17093],[127.80104,36.17079],[127.80161,36.1706],[127.80215,36.17038],[127.80264,36.17013],[127.8031,36.16984],[127.80362,36.16952],[127.80462,36.1689],[127.80575,36.16821],[127.80685,36.16763],[127.80745,36.16738],[127.80804,36.16716],[127.80863,36.167],[127.80924,36.16689],[127.8099,36.16682],[127.8106,36.16681],[127.81129,36.16686],[127.81195,36.16695],[127.81257,36.16711],[127.81317,36.16731],[127.81374,36.16756],[127.81425,36.16782],[127.81465,36.16808],[127.81502,36.16835],[127.81534,36.16864],[127.81564,36.16893],[127.81592,36.16923],[127.81615,36.16954],[127.81636,36.16986],[127.81651,36.17018],[127.81662,36.17051],[127.81676,36.1709],[127.81776,36.17349],[127.8179,36.17386],[127.81801,36.17418],[127.81815,36.17449],[127.81834,36.1748],[127.81856,36.1751],[127.81881,36.17538],[127.81913,36.17568],[127.8195,36.17596],[127.81987,36.17622],[127.8202,36.17645],[127.82055,36.17665],[127.82091,36.17681],[127.82128,36.17691],[127.82168,36.17695],[127.82216,36.17702],[127.82312,36.17713],[127.8243,36.17726],[127.82556,36.17745],[127.82675,36.17775],[127.82787,36.17826],[127.82893,36.17892],[127.83002,36.17959],[127.8312,36.18015],[127.83269,36.18058],[127.83433,36.18091],[127.83594,36.18118],[127.83737,36.18144],[127.84046,36.18208],[127.84151,36.18232],[127.84255,36.18258],[127.8435,36.18287],[127.84415,36.18314],[127.84474,36.18344],[127.84533,36.18376],[127.84638,36.18433],[127.84745,36.18499],[127.84836,36.18572],[127.8493,36.18654],[127.8502,36.18723],[127.85087,36.18759],[127.85153,36.18789],[127.85211,36.18814],[127.85261,36.18837],[127.85307,36.1886],[127.8534,36.1888],[127.85373,36.18902],[127.85402,36.18925],[127.85431,36.18959],[127.85459,36.18997],[127.85493,36.19042],[127.85531,36.19092],[127.85574,36.19142],[127.85632,36.19198],[127.85696,36.19253],[127.85762,36.19302],[127.85812,36.19335],[127.85863,36.19364],[127.85924,36.19394],[127.86016,36.1943],[127.86124,36.19465],[127.86241,36.19507],[127.86357,36.1956],[127.86527,36.19667],[127.86712,36.19802],[127.86883,36.19934],[127.87009,36.2003],[127.87052,36.2006],[127.87086,36.20083],[127.87116,36.20108],[127.87147,36.20137],[127.87176,36.20169],[127.87201,36.20202],[127.87222,36.20234],[127.87241,36.20268],[127.87262,36.20307],[127.87402,36.20553],[127.87637,36.20895],[127.87869,36.21238],[127.87944,36.21375],[127.88001,36.21488],[127.88033,36.21553],[127.88066,36.21612],[127.88094,36.21652],[127.88124,36.21692],[127.88158,36.21729],[127.88185,36.21755],[127.88214,36.21781],[127.88246,36.21805],[127.88285,36.2183],[127.88359,36.21867],[127.8845,36.21904],[127.88545,36.21941],[127.88633,36.2198],[127.88775,36.2206],[127.88913,36.22136],[127.89051,36.22193],[127.892,36.22248],[127.89665,36.22429],[127.89724,36.22453],[127.89773,36.22472],[127.89809,36.22484],[127.89845,36.22495],[127.89886,36.22505],[127.89934,36.22514],[127.89986,36.22522],[127.90043,36.22527],[127.90105,36.22527],[127.90209,36.22513],[127.90323,36.22486],[127.9045,36.22456],[127.90589,36.22435],[127.90939,36.22423],[127.91335,36.22427],[127.91634,36.22432],[127.91706,36.22433],[127.9176,36.22434],[127.91815,36.22431],[127.91875,36.22425],[127.91935,36.22416],[127.91992,36.22403],[127.92042,36.22387],[127.92088,36.22368],[127.92133,36.22347],[127.92172,36.22325],[127.92208,36.22301],[127.92258,36.22269],[127.93254,36.21649],[127.9346,36.21522],[127.93561,36.21464],[127.93676,36.21406],[127.93817,36.21343],[127.93981,36.21277],[127.94152,36.2122],[127.94346,36.21173],[127.94549,36.21137],[127.94751,36.21111],[127.95044,36.21091],[127.95311,36.21086],[127.95458,36.21085],[127.95592,36.21091],[127.95723,36.21109],[127.95865,36.21133],[127.9604,36.21157],[127.96235,36.21183],[127.9641,36.21217],[127.96519,36.21251],[127.96616,36.21289],[127.96698,36.21322],[127.96738,36.21337],[127.96772,36.2135],[127.96808,36.21362],[127.96846,36.21371],[127.96886,36.21379],[127.96925,36.21384],[127.96962,36.21385],[127.96998,36.21384],[127.97046,36.21383],[127.97697,36.21381],[127.97748,36.2138],[127.97791,36.21378],[127.97831,36.21378],[127.97871,36.2138],[127.97913,36.21387],[127.97956,36.21396],[127.97997,36.21408],[127.98038,36.21421],[127.98089,36.2144],[127.98138,36.21461],[127.98193,36.21485],[127.98461,36.21597],[127.98542,36.21632],[127.98619,36.21663],[127.9866,36.21677],[127.98701,36.2169],[127.98744,36.217],[127.98788,36.21708],[127.98842,36.21711],[127.98899,36.21711],[127.98956,36.21707],[127.9901,36.21699],[127.99061,36.21688],[127.9911,36.21672],[127.99157,36.21653],[127.99201,36.21631],[127.99239,36.21607],[127.99272,36.21579],[127.99307,36.21548],[127.99349,36.21512],[127.99905,36.21062],[127.99964,36.21016],[128.00016,36.20977],[128.00063,36.2094],[128.00107,36.20899],[128.00147,36.20852],[128.00182,36.20804],[128.00214,36.20752],[128.00247,36.20698],[128.00332,36.20535],[128.00403,36.20385],[128.00421,36.20351],[128.00436,36.20323],[128.00448,36.20294],[128.00458,36.20262],[128.00465,36.2023],[128.0047,36.20197],[128.00475,36.20154],[128.00479,36.20099],[128.00488,36.19935],[128.005,36.19699],[128.0052,36.19447],[128.00553,36.19234],[128.00596,36.19119],[128.0065,36.19018],[128.00705,36.18922],[128.00749,36.18823],[128.00788,36.18683],[128.00815,36.18543],[128.00836,36.18435],[128.00847,36.18389],[128.00855,36.1835],[128.00856,36.18307],[128.00853,36.18264],[128.00844,36.18226],[128.00831,36.1818],[128.00791,36.1805],[128.00741,36.17879],[128.00705,36.17709],[128.00702,36.176],[128.00709,36.17491],[128.00717,36.17386],[128.00713,36.17289],[128.00696,36.17215],[128.00673,36.17146],[128.00648,36.17081],[128.00627,36.17025],[128.00612,36.16983],[128.006,36.16947],[128.0059,36.16911],[128.00585,36.16873],[128.00583,36.16834],[128.00586,36.16793],[128.00596,36.16752],[128.00612,36.16706],[128.00631,36.16663],[128.0065,36.16626],[128.00675,36.16591],[128.00704,36.16562],[128.00735,36.16536],[128.00774,36.16508],[128.00823,36.16472],[128.00884,36.16429],[128.00945,36.16383],[128.00998,36.16335],[128.01036,36.16291],[128.0107,36.16245],[128.01098,36.16197],[128.01122,36.16145],[128.01144,36.16081],[128.01158,36.16012],[128.01168,36.1594],[128.01179,36.15866],[128.01205,36.15692],[128.01218,36.15507],[128.01208,36.15401],[128.01187,36.1529],[128.0117,36.1518],[128.01172,36.15075],[128.012,36.14986],[128.01243,36.14901],[128.01291,36.14816],[128.0133,36.14725],[128.01373,36.14559],[128.01405,36.14382],[128.01434,36.14225],[128.0145,36.14135],[128.01464,36.14054],[128.01485,36.13975],[128.01518,36.13889],[128.01558,36.13805],[128.01599,36.13729],[128.0163,36.13676],[128.01662,36.13628],[128.01694,36.13589],[128.01723,36.1356],[128.01753,36.13536],[128.01785,36.13517],[128.01825,36.13495],[128.01917,36.13447],[128.02034,36.13384],[128.0214,36.13318],[128.02214,36.13257],[128.02279,36.13194],[128.0234,36.1313],[128.02391,36.1307],[128.02439,36.13011],[128.02489,36.12957],[128.02526,36.12924],[128.02564,36.12892],[128.02604,36.12864],[128.02649,36.1284],[128.02701,36.12818],[128.02758,36.12801],[128.02818,36.12787],[128.02879,36.12778],[128.02952,36.12776],[128.03031,36.12781],[128.03107,36.12788],[128.03175,36.12793],[128.03251,36.12798],[128.03322,36.12801],[128.03373,36.128],[128.03424,36.12797],[128.03472,36.12791],[128.0351,36.12783],[128.03546,36.12773],[128.03584,36.12759],[128.03628,36.12738],[128.03674,36.12711],[128.03722,36.12681],[128.03767,36.12651],[128.03845,36.12593],[128.0393,36.12524],[128.04378,36.12174],[128.04451,36.12116],[128.04516,36.12067],[128.04566,36.12034],[128.04618,36.12003],[128.04671,36.11976],[128.04718,36.11958],[128.04767,36.11943],[128.04812,36.11932],[128.04862,36.11924],[128.04912,36.1192],[128.04958,36.11921],[128.05008,36.11925],[128.05058,36.11934],[128.05096,36.11944],[128.05134,36.11957],[128.05171,36.11972],[128.05208,36.11988],[128.05274,36.12022],[128.05345,36.12062],[128.05417,36.12102],[128.05499,36.1215],[128.05584,36.12196],[128.05664,36.12232],[128.05722,36.1225],[128.05779,36.12264],[128.05835,36.12274],[128.0589,36.12279],[128.05939,36.12279],[128.05988,36.12274],[128.06035,36.12267],[128.06081,36.12258],[128.0612,36.12247],[128.06156,36.12234],[128.06193,36.1222],[128.06235,36.12204],[128.06331,36.12168],[128.06439,36.12128],[128.06542,36.12096],[128.06616,36.1208],[128.06686,36.12069],[128.06759,36.1206],[128.06841,36.12054],[128.06927,36.12051],[128.07022,36.12053],[128.07187,36.12068],[128.07371,36.12094],[128.07539,36.12121],[128.07698,36.12148],[128.07845,36.12181],[128.07976,36.1222],[128.08137,36.12274],[128.10004,36.12869],[128.10142,36.12913],[128.10189,36.12927],[128.10236,36.1294],[128.10284,36.12951],[128.10323,36.12956],[128.10362,36.12961],[128.10403,36.12963],[128.10444,36.12963],[128.10491,36.12961],[128.10539,36.12956],[128.10587,36.12948],[128.10634,36.12937],[128.1068,36.12924],[128.10726,36.12907],[128.1077,36.12888],[128.10812,36.12866],[128.10849,36.12844],[128.10881,36.12821],[128.10916,36.12794],[128.10961,36.1276],[128.11216,36.12569],[128.11558,36.12316],[128.11884,36.12098],[128.12097,36.11984],[128.12301,36.11891],[128.12483,36.11811],[128.1278,36.11688],[128.13054,36.11596],[128.131,36.1158],[128.1314,36.11566],[128.13181,36.11554],[128.13225,36.11544],[128.13269,36.11537],[128.13315,36.11532],[128.13356,36.1153],[128.13398,36.11529],[128.13441,36.11531],[128.13485,36.11536],[128.13535,36.11545],[128.13586,36.11558],[128.13638,36.11573],[128.13689,36.11589],[128.13779,36.11622],[128.13882,36.11663],[128.1458,36.1193],[128.14632,36.11951],[128.14675,36.1197],[128.14715,36.11985],[128.14758,36.11998],[128.14806,36.12007],[128.14855,36.12013],[128.14904,36.12016],[128.14953,36.12017],[128.15016,36.12014],[128.15078,36.12006],[128.15149,36.11998],[128.15248,36.11986],[128.15362,36.11971],[128.15478,36.11959],[128.15583,36.11957],[128.15657,36.11962],[128.15726,36.11973],[128.15792,36.11988],[128.15857,36.12005],[128.15941,36.12033],[128.16022,36.12065],[128.16112,36.12101],[128.1659,36.12279],[128.16638,36.12296],[128.16678,36.1231],[128.16715,36.12326],[128.16753,36.12348],[128.16789,36.12371],[128.16823,36.12397],[128.1685,36.12421],[128.16875,36.12447],[128.16901,36.12474],[128.16989,36.1256],[128.17023,36.12595],[128.17058,36.12628],[128.17098,36.12657],[128.17142,36.12683],[128.17185,36.12702],[128.1724,36.12722],[128.17824,36.12955],[128.17876,36.12975],[128.17919,36.1299],[128.17958,36.13005],[128.17997,36.13024],[128.18036,36.13048],[128.18074,36.13075],[128.18108,36.13103],[128.18138,36.1313],[128.18163,36.13156],[128.18184,36.13182],[128.18203,36.13211],[128.1822,36.1324],[128.18237,36.13271],[128.18252,36.13304],[128.18263,36.13338],[128.18269,36.1337],[128.18271,36.13402],[128.18271,36.13436],[128.18273,36.13473],[128.1829,36.13713],[128.18292,36.13774],[128.18295,36.13833],[128.18302,36.1389],[128.18317,36.13948],[128.18337,36.14005],[128.18362,36.14061],[128.18393,36.14113],[128.18428,36.14163],[128.18467,36.14217],[128.18634,36.14467],[128.18761,36.14658],[128.18858,36.14779],[128.18882,36.14811],[128.18906,36.14839],[128.18934,36.14869],[128.18965,36.14896],[128.18999,36.14919],[128.19037,36.14943],[128.19102,36.14986],[128.1918,36.15035],[128.19284,36.15089],[128.19413,36.15151],[128.20107,36.15497],[128.20193,36.15541],[128.20267,36.15576],[128.20325,36.15599],[128.20384,36.15619],[128.20441,36.15635],[128.20485,36.15644],[128.20527,36.15651],[128.2057,36.15656],[128.20628,36.15659],[128.20702,36.1566],[128.21002,36.15674],[128.2143,36.15693],[128.21863,36.15693],[128.22325,36.1565],[128.22793,36.15588],[128.23137,36.1554],[128.23332,36.15517],[128.23381,36.15513],[128.23431,36.15509],[128.23481,36.15507],[128.23527,36.15508],[128.23577,36.15513],[128.23624,36.15521],[128.2367,36.15532],[128.23731,36.15549],[128.23806,36.15574],[128.24655,36.15843],[128.24743,36.15873],[128.24815,36.15898],[128.24889,36.15917],[128.2495,36.15928],[128.25013,36.15936],[128.25076,36.15941],[128.25138,36.1594],[128.25195,36.15935],[128.25249,36.15924],[128.25309,36.15911],[128.25383,36.15895],[128.25733,36.15837],[128.26185,36.1576],[128.26591,36.15673],[128.26833,36.15598],[128.2705,36.15517],[128.27228,36.15449],[128.2734,36.15412],[128.27436,36.15376],[128.27536,36.15332],[128.27632,36.15283],[128.27714,36.15235],[128.27813,36.15172],[128.28778,36.14581],[128.29007,36.14456],[128.29236,36.14333],[128.29458,36.14221],[128.29667,36.14127],[128.29823,36.14086],[128.29975,36.14061],[128.30121,36.14038],[128.3026,36.14002],[128.30381,36.1395],[128.30492,36.13888],[128.30605,36.13823],[128.30732,36.13759],[128.31137,36.13611],[128.31572,36.13459],[128.3239,36.13123],[128.33577,36.12635],[128.33907,36.12495],[128.342,36.12379],[128.34432,36.12306],[128.34637,36.12246],[128.34716,36.12224],[128.34786,36.12204],[128.34855,36.1218],[128.34926,36.12148],[128.34994,36.12111],[128.35056,36.12072],[128.35092,36.12046],[128.35124,36.12018],[128.35154,36.1199],[128.35181,36.1196],[128.35204,36.1193],[128.35223,36.119],[128.35242,36.11866],[128.35267,36.11825],[128.35385,36.11651],[128.35534,36.11426],[128.35661,36.11204],[128.35737,36.11014],[128.35794,36.10826],[128.35842,36.10668],[128.35863,36.10611],[128.35883,36.10562],[128.35899,36.10516],[128.35909,36.10468],[128.35912,36.10416],[128.35909,36.10364],[128.35901,36.10312],[128.35888,36.10262],[128.35868,36.10216],[128.35842,36.10173],[128.35811,36.10127],[128.35778,36.10075],[128.35639,36.09843],[128.355,36.09597],[128.35426,36.09435],[128.35368,36.09294],[128.35332,36.09215],[128.35302,36.09142],[128.35288,36.09099],[128.35275,36.09054],[128.35265,36.09009],[128.35259,36.08964],[128.3526,36.08918],[128.35265,36.08872],[128.35275,36.08826],[128.35287,36.08781],[128.35309,36.08725],[128.35338,36.0867],[128.35369,36.08609],[128.35525,36.08283],[128.35627,36.0807],[128.35657,36.07999],[128.35685,36.07928],[128.35708,36.0785],[128.35727,36.07733],[128.3574,36.07606],[128.3575,36.07501],[128.35756,36.07459],[128.35762,36.07423],[128.35764,36.07388],[128.35761,36.0735],[128.35755,36.07313],[128.35747,36.07274],[128.35734,36.07228],[128.35718,36.0718],[128.35695,36.0713],[128.35667,36.07078],[128.35633,36.07024],[128.35595,36.0697],[128.35554,36.06921],[128.35516,36.06882],[128.35476,36.06847],[128.35432,36.06813],[128.35382,36.06779],[128.35259,36.06713],[128.35117,36.06648],[128.34992,36.06588],[128.34928,36.06552],[128.34871,36.06519],[128.34818,36.0648],[128.3476,36.06429],[128.34705,36.06371],[128.34656,36.06311],[128.34613,36.06249],[128.34577,36.06185],[128.34549,36.06124],[128.34534,36.06084],[128.34525,36.06047],[128.34517,36.06008],[128.34509,36.05942],[128.34507,36.05875],[128.34512,36.05812],[128.34522,36.05741],[128.34569,36.05308],[128.345734,36.0526098]],[[128.3710391,36.0327917],[128.37294,36.03141],[128.37897,36.02679],[128.38209,36.02371],[128.38478,36.02077],[128.38677,36.01859],[128.38754,36.01781],[128.38813,36.01715],[128.38844,36.01677],[128.38873,36.01637],[128.38899,36.01596],[128.3892,36.01556],[128.38934,36.0152],[128.38945,36.01483],[128.38952,36.01446],[128.38956,36.01409],[128.38957,36.01362],[128.38954,36.01314],[128.38944,36.01261],[128.38917,36.01186],[128.38878,36.011],[128.3884,36.01014],[128.38815,36.00939],[128.38808,36.00899],[128.38806,36.00863],[128.38807,36.00829],[128.38811,36.00794],[128.38817,36.00761],[128.38825,36.00728],[128.38836,36.00695],[128.38851,36.00662],[128.3887,36.00626],[128.38893,36.00589],[128.38919,36.00553],[128.38946,36.00521],[128.3897,36.00496],[128.38995,36.00474],[128.39021,36.00453],[128.39049,36.00434],[128.39078,36.00417],[128.39107,36.00403],[128.3914,36.00389],[128.39178,36.00371],[128.39616,36.00158],[128.3967,36.00132],[128.39716,36.00111],[128.39759,36.00088],[128.39793,36.00067],[128.39825,36.00045],[128.39855,36.00021],[128.39883,35.99997],[128.39908,35.99972],[128.39931,35.99946],[128.39952,35.99918],[128.39971,35.99887],[128.39993,35.99843],[128.40013,35.99794],[128.4003,35.99743],[128.40042,35.99692],[128.40048,35.99645],[128.40049,35.99599],[128.40047,35.99549],[128.40048,35.99489],[128.4007,35.98708],[128.4007,35.98665],[128.40069,35.98633],[128.40073,35.98601],[128.40081,35.98566],[128.40094,35.98532],[128.40108,35.98497],[128.40127,35.98461],[128.40149,35.98424],[128.40173,35.98389],[128.40202,35.98353],[128.40233,35.98319],[128.40266,35.98287],[128.403,35.98259],[128.40335,35.98233],[128.40375,35.98208],[128.40428,35.98181],[128.40487,35.98155],[128.40543,35.98134],[128.40583,35.98122],[128.40622,35.98112],[128.40661,35.98104],[128.40714,35.98095],[128.40782,35.98084],[128.41913,35.97894],[128.4202,35.97877],[128.42106,35.97861],[128.42154,35.9785],[128.42201,35.97837],[128.42247,35.97823],[128.42291,35.97805],[128.42332,35.97785],[128.42369,35.97763],[128.42407,35.97738],[128.4245,35.97711],[128.42544,35.97653],[128.4265,35.97587],[128.42769,35.97523],[128.42953,35.9745],[128.43159,35.9738],[128.43338,35.97314],[128.43472,35.97248],[128.43592,35.97188],[128.43709,35.97142],[128.43828,35.97097],[128.44102,35.96992],[128.44154,35.96973],[128.44205,35.96956],[128.44253,35.96937],[128.44299,35.96916],[128.44343,35.96891],[128.44384,35.96864],[128.44424,35.96834],[128.44465,35.968],[128.44536,35.96726],[128.44607,35.9664],[128.44682,35.96561],[128.44758,35.965],[128.44837,35.96445],[128.44913,35.96399],[128.44955,35.96376],[128.44996,35.96356],[128.45037,35.96339],[128.45079,35.96325],[128.45121,35.96313],[128.45162,35.96304],[128.45205,35.96298],[128.45248,35.96293],[128.4526669,35.9629222]],[[128.4765727,35.9574528],[128.47684,35.95722],[128.47716,35.95696],[128.47751,35.95672],[128.47788,35.95649],[128.47826,35.95629],[128.47864,35.95611],[128.47908,35.95593],[128.47951,35.9558],[128.47996,35.95569],[128.48041,35.95561],[128.48088,35.95556],[128.48134,35.95553],[128.48198,35.95551],[128.48274,35.95551],[128.48956,35.9554],[128.49012,35.9554],[128.49059,35.95542],[128.49102,35.95541],[128.49146,35.95537],[128.49192,35.95528],[128.49239,35.95516],[128.49283,35.95501],[128.49323,35.95483],[128.49356,35.95465],[128.49385,35.95444],[128.49412,35.95422],[128.49436,35.95397],[128.49462,35.95364],[128.49486,35.95327],[128.49505,35.95288],[128.49518,35.95249],[128.49525,35.9521],[128.49526,35.95171],[128.49523,35.95131],[128.49516,35.95092],[128.4951444,35.9508779]],[[128.4882731,35.9375577],[128.4873,35.93461],[128.48648,35.9314],[128.48585,35.92892],[128.48554,35.92789],[128.48532,35.92703],[128.48523,35.92636],[128.48518,35.92569],[128.4852,35.9251],[128.48527,35.92467],[128.48541,35.92426],[128.48562,35.92384],[128.48589,35.92339],[128.48617,35.92296],[128.4866,35.92245],[128.48705,35.92196],[128.48792,35.92096],[128.48837,35.92047],[128.4888,35.91996],[128.48921,35.91941],[128.48957,35.91883],[128.48984,35.91829],[128.49012,35.91762],[128.49123,35.91504],[128.49265,35.91201],[128.49413,35.90946],[128.49569,35.90706],[128.4964,35.9061],[128.49714,35.90522],[128.49784,35.9043],[128.49848,35.90322],[128.49919,35.90113],[128.49984,35.89864],[128.50039,35.89626],[128.50082,35.89447],[128.50097,35.89384],[128.50109,35.89334],[128.50125,35.89286],[128.5015,35.89235],[128.50181,35.89185],[128.50215,35.89138],[128.5024,35.89109],[128.50266,35.89082],[128.50295,35.89056],[128.50328,35.89032],[128.50372,35.89005],[128.50421,35.88979],[128.50473,35.88956],[128.50525,35.88936],[128.50571,35.88922],[128.50617,35.8891],[128.50665,35.889],[128.50715,35.88894],[128.50775,35.88891],[128.50837,35.88891],[128.50902,35.88896],[128.50971,35.88903],[128.5111,35.88929],[128.51259,35.88964],[128.51384,35.88995],[128.51425,35.89005],[128.5146,35.89014],[128.51493,35.89022],[128.51527,35.89026],[128.51563,35.89029],[128.51599,35.89028],[128.51637,35.89026],[128.51676,35.89021],[128.51747,35.89008],[128.51824,35.88989],[128.51907,35.88968],[128.52088,35.88922],[128.52265,35.88871],[128.52335,35.88847],[128.52398,35.88822],[128.52458,35.88794],[128.52512,35.88762],[128.52563,35.88727],[128.52625,35.88684],[128.5302208,35.8842445]],[[128.6297558,35.8798957],[128.63426,35.88099],[128.63528,35.88125],[128.63612,35.88144],[128.6366,35.88154],[128.63708,35.88163],[128.63756,35.8817],[128.63804,35.88174],[128.63848,35.88174],[128.63891,35.88171],[128.63935,35.88166],[128.63978,35.88159],[128.64025,35.88147],[128.64073,35.88131],[128.64119,35.88113],[128.64161,35.88094],[128.64195,35.88075],[128.64226,35.88055],[128.64255,35.88033],[128.64282,35.8801],[128.64305,35.87985],[128.64325,35.87959],[128.64345,35.87931],[128.64366,35.87901],[128.64495,35.87734],[128.64521,35.87698],[128.64546,35.87663],[128.64572,35.87629],[128.64602,35.87596],[128.64642,35.8756],[128.64686,35.87526],[128.64733,35.87494],[128.6478,35.87467],[128.64817,35.87449],[128.64853,35.87435],[128.64892,35.87422],[128.64937,35.8741],[128.6505,35.87386],[128.65181,35.87364],[128.65312,35.87339],[128.65439,35.87303],[128.6554218,35.8727131]],[[128.7088555,35.8496747],[128.71387,35.84634],[128.71463,35.84585],[128.71524,35.84543],[128.71567,35.84509],[128.71607,35.84474],[128.71644,35.84437],[128.71678,35.84397],[128.71708,35.84355],[128.71736,35.84313],[128.7177,35.84254],[128.71808,35.84182],[128.71917,35.84001],[128.72056,35.83764],[128.72174,35.83522],[128.72241,35.83295],[128.72288,35.83063],[128.72348,35.82835],[128.72482,35.82518],[128.72644,35.82175],[128.7325,35.80825],[128.73276,35.80769],[128.73294,35.80726],[128.73311,35.80675],[128.73325,35.80623],[128.73333,35.80573],[128.7334,35.80518],[128.73369,35.80313],[128.73376,35.80273],[128.73384,35.80235],[128.7339,35.80197],[128.73392,35.80158],[128.73389,35.80114],[128.73382,35.80069],[128.73372,35.80025],[128.73358,35.79984],[128.73342,35.79949],[128.73324,35.79915],[128.73303,35.79884],[128.7328,35.79853],[128.73246,35.79815],[128.73209,35.7978],[128.73167,35.79739],[128.72905,35.79473],[128.72853,35.79418],[128.72805,35.79367],[128.72754,35.7932],[128.72695,35.79277],[128.72631,35.79236],[128.72566,35.79198],[128.72467,35.79145],[128.72363,35.79092],[128.72115,35.78962],[128.72044,35.78927],[128.71976,35.78894],[128.71911,35.78856],[128.71865,35.78823],[128.71821,35.78788],[128.7178,35.78752],[128.71746,35.78713],[128.71719,35.78676],[128.71697,35.78638],[128.71679,35.78598],[128.71663,35.78555],[128.71647,35.78495],[128.71637,35.78429],[128.71628,35.78364],[128.7162,35.78306],[128.71608,35.78242],[128.71599,35.78181],[128.71596,35.78111],[128.71601,35.78034],[128.71622,35.77921],[128.71654,35.77785],[128.71798,35.77137],[128.71822,35.77016],[128.71848,35.7691],[128.71875,35.76835],[128.71906,35.76762],[128.71944,35.76692],[128.71989,35.76627],[128.7204,35.76565],[128.72097,35.76496],[128.72402,35.76105],[128.72449,35.76044],[128.7249,35.75992],[128.72514,35.75965],[128.72538,35.75937],[128.72563,35.75911],[128.72591,35.75886],[128.7262,35.75866],[128.7265,35.75847],[128.72684,35.75829],[128.72723,35.75806],[128.7315,35.75547],[128.73209,35.75513],[128.73259,35.75484],[128.73307,35.75452],[128.73353,35.75416],[128.73396,35.75377],[128.73437,35.75333],[128.73475,35.75287],[128.73513,35.75235],[128.73547,35.7518],[128.73574,35.75124],[128.73594,35.75066],[128.73609,35.75004],[128.73618,35.74943],[128.73623,35.74889],[128.73622,35.74844],[128.73616,35.74804],[128.73609,35.74764],[128.73595,35.74705],[128.73578,35.7464],[128.73542,35.74507],[128.73505,35.74343],[128.73473,35.74018],[128.73452,35.73708],[128.73448,35.73632],[128.73444,35.73569],[128.73435,35.73506],[128.73419,35.7344],[128.73397,35.73375],[128.73372,35.73311],[128.73334,35.73229],[128.7328,35.73123],[128.72241,35.71023],[128.72214,35.70965],[128.72195,35.70922],[128.72177,35.70885],[128.72154,35.70848],[128.72125,35.70808],[128.72093,35.70771],[128.72056,35.70734],[128.72012,35.70697],[128.71932,35.70647],[128.71833,35.70596],[128.71734,35.70548],[128.71653,35.70502],[128.71615,35.70476],[128.71582,35.70451],[128.71552,35.70426],[128.71524,35.70397],[128.71492,35.70355],[128.71461,35.70308],[128.71435,35.7026],[128.71415,35.70217],[128.71404,35.70183],[128.71398,35.70152],[128.71394,35.70119],[128.71392,35.70083],[128.71393,35.70045],[128.71396,35.70008],[128.71403,35.69973],[128.71413,35.69939],[128.71425,35.69899],[128.71505,35.69588],[128.71571,35.69198],[128.71586,35.69106],[128.71601,35.69022],[128.71615,35.68964],[128.71631,35.68907],[128.71653,35.68849],[128.71683,35.68788],[128.71719,35.68726],[128.71765,35.68662],[128.71845,35.68575],[128.71939,35.68486],[128.72023,35.68399],[128.72078,35.6833],[128.72127,35.68262],[128.72167,35.68199],[128.7219,35.68156],[128.72208,35.68116],[128.72224,35.68069],[128.7224,35.67999],[128.72252,35.67916],[128.72266,35.67833],[128.72285,35.67761],[128.72303,35.67716],[128.72323,35.67676],[128.72345,35.67639],[128.72372,35.67603],[128.72403,35.67571],[128.72437,35.67542],[128.72475,35.67511],[128.72516,35.67477],[128.72676,35.67331],[128.72856,35.67178],[128.72965,35.67101],[128.73076,35.67031],[128.73183,35.66971],[128.7326,35.66933],[128.73335,35.66901],[128.73416,35.66874],[128.73527,35.66847],[128.73646,35.66825],[128.73753,35.66806],[128.73841,35.6679],[128.73922,35.66773],[128.73964,35.66762],[128.74006,35.6675],[128.74048,35.66737],[128.74089,35.6672],[128.74134,35.66698],[128.74178,35.66673],[128.7422,35.66644],[128.74259,35.66613],[128.74294,35.6658],[128.74326,35.66543],[128.74355,35.66505],[128.74379,35.66463],[128.744,35.66415],[128.74416,35.66363],[128.74428,35.6631],[128.74435,35.66257],[128.74436,35.66209],[128.74432,35.66163],[128.74425,35.66112],[128.74419,35.66046],[128.74315,35.64687],[128.74309,35.64625],[128.74306,35.64578],[128.74307,35.64542],[128.7431,35.64505],[128.74315,35.64469],[128.74322,35.64436],[128.74333,35.64403],[128.74347,35.64368],[128.74377,35.64316],[128.74414,35.64259],[128.74454,35.64204],[128.74575,35.64046],[128.7486,35.63675],[128.74888,35.63636],[128.74912,35.63602],[128.74935,35.6357],[128.74963,35.63541],[128.74994,35.63513],[128.75027,35.63487],[128.75065,35.63462],[128.75109,35.63436],[128.75237,35.63375],[128.7539,35.63311],[128.75521,35.63253],[128.75583,35.63222],[128.75636,35.63192],[128.75686,35.63159],[128.75736,35.6312],[128.75783,35.63077],[128.75831,35.63026],[128.75911,35.62936],[128.75995,35.62834],[128.76063,35.6274],[128.76093,35.62691],[128.76116,35.62645],[128.76138,35.62596],[128.76162,35.62541],[128.76187,35.62482],[128.76208,35.62421],[128.76222,35.62361],[128.76227,35.62306],[128.76225,35.62252],[128.76221,35.62198],[128.76219,35.62142],[128.76214,35.6188],[128.76211,35.6179],[128.76212,35.61705],[128.76216,35.61661],[128.76223,35.61617],[128.76233,35.61574],[128.76246,35.61533],[128.76262,35.61498],[128.76282,35.61465],[128.76304,35.61433],[128.76327,35.61402],[128.76361,35.61363],[128.76399,35.61325],[128.76436,35.61287],[128.76547,35.61171],[128.76584,35.61133],[128.76621,35.61096],[128.76655,35.61057],[128.76683,35.61015],[128.76709,35.60973],[128.76732,35.60928],[128.76754,35.60882],[128.76772,35.60835],[128.76788,35.60779],[128.76805,35.60666],[128.76815,35.60534],[128.76816,35.60417],[128.76813,35.60355],[128.76805,35.60299],[128.76793,35.60249],[128.7678,35.60212],[128.76763,35.60178],[128.76745,35.60144],[128.76716,35.60099],[128.7668,35.60046],[128.76413,35.59637],[128.76281,35.59434],[128.76222,35.59333],[128.76165,35.59224],[128.76086,35.59044],[128.76017,35.58849],[128.75985,35.58728],[128.75961,35.58607],[128.75948,35.58485],[128.7595,35.58368],[128.75964,35.58251],[128.75979,35.58118],[128.76043,35.57344],[128.76117,35.56923],[128.76154,35.56712],[128.76167,35.56588],[128.76172,35.56463],[128.76166,35.5635],[128.76153,35.56238],[128.76116,35.56014],[128.75953,35.55021],[128.75937,35.54939],[128.75928,35.54873],[128.75926,35.54824],[128.75926,35.54774],[128.75931,35.54724],[128.75943,35.54666],[128.75961,35.54606],[128.75982,35.54547],[128.76013,35.5447],[128.76054,35.54375],[128.76574,35.53143],[128.76611,35.5306],[128.76637,35.52995],[128.76654,35.52945],[128.76669,35.52894],[128.7668,35.52843],[128.76682,35.52795],[128.76679,35.52746],[128.76676,35.52687],[128.76662,35.52152],[128.76659,35.52066],[128.76658,35.51991],[128.76663,35.51912],[128.76673,35.51829],[128.767,35.51709],[128.76726,35.51588],[128.76733,35.5153],[128.76737,35.51474],[128.76737,35.51419],[128.76731,35.51368],[128.76722,35.51318],[128.76709,35.5125],[128.76495,35.49931],[128.76479,35.4984],[128.76469,35.49768],[128.76465,35.49687],[128.76466,35.49605],[128.76472,35.49527],[128.76482,35.49442],[128.76494,35.4934],[128.76509,35.49225],[128.76514,35.49096],[128.76494,35.48868],[128.76455,35.48613],[128.76423,35.48403],[128.76413,35.48339],[128.76403,35.48285],[128.76396,35.48236],[128.76395,35.48189],[128.764,35.4815],[128.76408,35.48113],[128.76418,35.48079],[128.76427,35.48047],[128.76433,35.4801],[128.76442,35.47977],[128.76461,35.47942],[128.76488,35.47905],[128.76512,35.47876],[128.76541,35.47844],[128.76574,35.47812],[128.76608,35.47783],[128.76643,35.4776],[128.76678,35.47741],[128.76718,35.47721],[128.76767,35.47695],[128.77543,35.47264],[128.77709,35.47175],[128.77863,35.47094],[128.7801,35.47004],[128.78127,35.46919],[128.78244,35.46825],[128.78349,35.46734],[128.78428,35.46655],[128.78457,35.4662],[128.78479,35.46587],[128.78497,35.46557],[128.78514,35.46529],[128.78538,35.46497],[128.78557,35.46466],[128.7857,35.4643],[128.78579,35.46391],[128.78589,35.46349],[128.78595,35.46306],[128.78593,35.46266],[128.78588,35.4622],[128.7858,35.46149],[128.78568,35.46059],[128.7856,35.45966],[128.78561,35.45883],[128.78568,35.45831],[128.7858,35.45783],[128.78596,35.45737],[128.78617,35.45692],[128.7864,35.45653],[128.78667,35.45617],[128.787,35.45577],[128.78741,35.45524],[128.79736,35.44173],[128.79795,35.44095],[128.79838,35.44034],[128.79882,35.43963],[128.79922,35.43888],[128.79963,35.43797],[128.79995,35.43707],[128.80009,35.43651],[128.80018,35.43597],[128.80029,35.43486],[128.80048,35.43289],[128.80053,35.43255],[128.80057,35.43225],[128.80058,35.43195],[128.80056,35.43163],[128.8005,35.43132],[128.80043,35.431],[128.8003,35.43064],[128.80014,35.43028],[128.79995,35.42987],[128.79963,35.4291],[128.79925,35.42825],[128.79886,35.42751],[128.79865,35.42723],[128.79843,35.42699],[128.79822,35.42676],[128.79806,35.4265],[128.79793,35.42622],[128.79784,35.42593],[128.79778,35.42563],[128.79773,35.42533],[128.7977,35.42497],[128.7977,35.42461],[128.79769,35.42413],[128.79745,35.41542],[128.79742,35.41495],[128.7974,35.41459],[128.79742,35.41425],[128.79751,35.41387],[128.79765,35.4135],[128.79783,35.41313],[128.79805,35.41274],[128.79831,35.41236],[128.7986,35.41201],[128.79887,35.41173],[128.79917,35.41148],[128.7995,35.41119],[128.80034,35.41039],[128.80129,35.40956],[128.80188,35.40911],[128.80249,35.4087],[128.80313,35.40832],[128.80378,35.408],[128.80445,35.40771],[128.80524,35.40738],[128.81063,35.40499],[128.81534,35.40306],[128.81651,35.40256],[128.81759,35.40214],[128.8187,35.4018],[128.81998,35.4015],[128.82278,35.40103],[128.8258,35.40067],[128.82814,35.40056],[128.83017,35.40051],[128.83087,35.4005],[128.83148,35.40049],[128.83208,35.40044],[128.83269,35.40034],[128.83329,35.40021],[128.83392,35.40003],[128.8347028,35.3997397]],[[128.8539895,35.4000356],[128.85643,35.40024],[128.8575,35.40034],[128.85832,35.40043],[128.85914,35.40046],[128.86006,35.40044],[128.86098,35.40036],[128.86184,35.40024],[128.8625,35.40008],[128.86311,35.39989],[128.86369,35.39967],[128.8641,35.39949],[128.8645,35.3993],[128.86488,35.39909],[128.86523,35.39886],[128.86555,35.39861],[128.86583,35.39835],[128.86612,35.39806],[128.86645,35.39775],[128.86704,35.39723],[128.86773,35.39665],[128.86841,35.39603],[128.869,35.39541],[128.86943,35.39483],[128.86978,35.39423],[128.87012,35.39362],[128.87048,35.39297],[128.87243,35.38939],[128.87319,35.38764],[128.87377,35.38584],[128.87496,35.38211],[128.87512,35.38158],[128.87524,35.38108],[128.87539,35.38062],[128.87559,35.38016],[128.87585,35.37971],[128.87617,35.37928],[128.87652,35.37886],[128.87688,35.37845],[128.87741,35.37795],[128.87798,35.37749],[128.87859,35.37699],[128.8811,35.37483],[128.88149,35.37448],[128.88184,35.37416],[128.8822,35.37388],[128.88262,35.37361],[128.88307,35.37336],[128.88353,35.37314],[128.88407,35.37293],[128.88463,35.37276],[128.8852,35.37261],[128.88571,35.37251],[128.88622,35.37244],[128.88696,35.37233],[128.91025,35.36866],[128.91141,35.36849],[128.91229,35.36834],[128.91279,35.36822],[128.91328,35.36809],[128.91377,35.36794],[128.91424,35.36774],[128.91474,35.36748],[128.91522,35.36717],[128.91569,35.36683],[128.91614,35.36649],[128.91695,35.36584],[128.91784,35.36506],[128.92288,35.36082],[128.92445,35.35949],[128.92593,35.35809],[128.92679,35.3571],[128.92775,35.35595],[128.9289,35.35473],[128.93118,35.35288],[128.93384,35.35091],[128.93608,35.34914],[128.93745,35.34776],[128.93871,35.34643],[128.94287,35.34275],[128.94321,35.34244],[128.94348,35.34218],[128.94377,35.34196],[128.94414,35.34176],[128.94454,35.3416],[128.94494,35.34145],[128.94547,35.34128],[128.94619,35.34107],[128.96655,35.3348],[128.96798,35.33436],[128.96845,35.3342],[128.96891,35.33404],[128.96937,35.33384],[128.96991,35.33354],[128.97044,35.33318],[128.97097,35.3328],[128.97152,35.33238],[128.97206,35.33193],[128.97252,35.33149],[128.97281,35.33118],[128.97305,35.33087],[128.97329,35.33051],[128.97366,35.3298],[128.97402,35.32898],[128.97431,35.32818],[128.97458,35.32718],[128.97475,35.32621],[128.97483,35.3256],[128.97487,35.32501],[128.97486,35.32435],[128.97472,35.32329],[128.97448,35.32212],[128.9743,35.321],[128.97419,35.31965],[128.97418,35.31839],[128.97419,35.31788],[128.9742,35.3174],[128.97426,35.31692],[128.9744,35.31643],[128.97473,35.31579],[128.97517,35.31513],[128.97568,35.31447],[128.97617,35.31384],[128.97707,35.31269],[128.97794,35.31168],[128.9783,35.31131],[128.97864,35.31098],[128.979,35.31068],[128.9790143,35.31067]],[[128.9977195,35.2990325],[128.9981501,35.2987579]],[[129.0065591,35.2917659],[129.00726,35.29112],[129.00951,35.28939],[129.01141,35.2879],[129.01197,35.28739],[129.01247,35.2869],[129.01292,35.28642],[129.01331,35.28592],[129.01362,35.28543],[129.01388,35.28493],[129.0141,35.28442],[129.01431,35.28391],[129.01464,35.28295],[129.01497,35.28182],[129.01731,35.27434],[129.01756,35.27361],[129.01776,35.27302],[129.01791,35.27242],[129.01799,35.27193],[129.01804,35.27143],[129.01806,35.27093],[129.01802,35.27045],[129.01793,35.27005],[129.0178,35.26965],[129.01764,35.26927],[129.01747,35.26889],[129.0171,35.26818],[129.01667,35.2674],[129.01503,35.26437],[129.01128,35.25677],[129.01065,35.2555],[129.01051,35.25517],[129.01037,35.25484],[129.01025,35.25452],[129.01017,35.25419],[129.01013,35.25389],[129.01012,35.2536],[129.01013,35.2533],[129.01012,35.25297],[129.01004,35.25053],[129.00911,35.24242],[129.00764,35.23435],[129.00596,35.22516],[129.00468,35.21812],[129.00349,35.21336],[129.00335,35.21274],[129.00324,35.21219],[129.00311,35.21167],[129.00293,35.21115],[129.00268,35.21063],[129.00239,35.21012],[129.00205,35.20962],[129.00168,35.20914],[129.00129,35.20873],[129.00086,35.20835],[129.00038,35.20795],[128.99982,35.20747],[128.99378,35.20205],[128.99342,35.20174],[128.99314,35.20151],[128.99289,35.20126],[128.99265,35.20097],[128.99242,35.20066],[128.99223,35.20034],[128.99206,35.20001],[128.99193,35.19967],[128.99181,35.19932],[128.9917,35.19887],[128.99158,35.19826],[128.98995,35.19151],[128.98826,35.18312],[128.98809,35.17862],[128.98805,35.17484],[128.98777,35.1728],[128.98748,35.17112],[128.98732,35.17024],[128.98722,35.16943],[128.98719,35.169],[128.98717,35.16857],[128.98718,35.16815],[128.98723,35.16773],[128.98733,35.16733],[128.98746,35.16696],[128.9875294,35.1667866]],[[129.021041,35.1538128],[129.02464,35.1547],[129.02944,35.15577],[129.03534,35.15666],[129.04008,35.15728],[129.04077,35.15739],[129.04133,35.15748],[129.04184,35.15756],[129.04237,35.1576],[129.04297,35.15761],[129.04359,35.15758],[129.04417,35.15752],[129.04469,35.15743],[129.04511,35.1573],[129.04547,35.15714],[129.0458,35.15696],[129.04612,35.15675],[129.04641,35.15652],[129.04669,35.15629],[129.04703,35.15596],[129.04747,35.15553],[129.05556,35.14759],[129.05593,35.14725],[129.05623,35.14699],[129.05648,35.14675],[129.0567,35.14647],[129.05688,35.14615],[129.05701,35.1458],[129.05711,35.14544],[129.05719,35.14508],[129.05723,35.14463],[129.05722,35.14418],[129.05722,35.14363],[129.0572783,35.1409346]]]}},{"type":"Feature","properties":{"c":"main","n":"경부선","g":"kr","jk":"main","nz":"京釜线","ne":"Gyeongbu Line","off":-0.5},"geometry":{"type":"MultiLineString","coordinates":[[[127.4369668,36.3274895],[127.43737,36.32643],[127.43797,36.32505],[127.43829,36.32432],[127.43862,36.32356],[127.43897,36.32285],[127.43933,36.32224],[127.43958,36.3219],[127.43983,36.3216],[127.44009,36.32134],[127.44038,36.32108],[127.44069,36.32084],[127.44101,36.32061],[127.44135,36.3204],[127.44171,36.32021],[127.44211,36.32003],[127.44253,36.31987],[127.44298,36.31972],[127.44347,36.31961],[127.44418,36.31951],[127.44498,36.31945],[127.44578,36.31941],[127.44648,36.31937],[127.44702,36.31934],[127.44751,36.31931],[127.44798,36.31926],[127.44835,36.3192],[127.4487,36.31912],[127.44906,36.31903],[127.44943,36.31891],[127.44994,36.31869],[127.45048,36.31842],[127.45102,36.31811],[127.45153,36.31777],[127.45226,36.31719],[127.45296,36.31654],[127.45357,36.31596],[127.45384,36.31571],[127.45408,36.31547],[127.45432,36.31526],[127.4546,36.31506],[127.45495,36.31485],[127.45534,36.31466],[127.45576,36.31449],[127.45619,36.31435],[127.45668,36.31422],[127.4572,36.31411],[127.45773,36.31403],[127.45827,36.31399],[127.45884,36.31399],[127.45941,36.31404],[127.46,36.31411],[127.46057,36.3142],[127.46166,36.31444],[127.46279,36.31472],[127.4659,36.31544],[127.4659439,36.31545]],[[128.3463527,36.0486703],[128.34645,36.04839],[128.34676,36.04775],[128.34711,36.04716],[128.34735,36.04678],[128.34761,36.04643],[128.3479,36.0461],[128.34823,36.04577],[128.34869,36.04537],[128.34919,36.04499],[128.34974,36.04462],[128.35032,36.0443],[128.35091,36.04405],[128.35153,36.04385],[128.35218,36.04367],[128.35287,36.04345],[128.35704,36.04207],[128.35774,36.04185],[128.35834,36.04164],[128.35894,36.04138],[128.35955,36.04106],[128.36032,36.04055],[128.36135,36.0398],[128.36613,36.03636],[128.3678036,36.0351435]],[[128.4565842,35.9635898],[128.46038,35.96461],[128.46131,35.96487],[128.46216,35.96509],[128.46276,35.96522],[128.46336,35.96534],[128.46399,35.96543],[128.46469,35.96546],[128.46542,35.96545],[128.4662,35.9654],[128.46733,35.96526],[128.46853,35.96505],[128.46964,35.96481],[128.47021,35.96466],[128.47075,35.96451],[128.47125,35.96434],[128.47174,35.96412],[128.47221,35.96386],[128.47266,35.96357],[128.47308,35.96324],[128.47345,35.96291],[128.47373,35.9626],[128.47397,35.96229],[128.4742,35.96195],[128.47443,35.96155],[128.4747125,35.9609544]],[[128.49338,35.9472909],[128.4925,35.94549],[128.49117,35.94312],[128.4900367,35.9411441]],[[128.5336313,35.8821749],[128.53367,35.88216],[128.53408,35.88203],[128.53448,35.88194],[128.53488,35.88187],[128.53529,35.88182],[128.53581,35.88179],[128.53652,35.88176],[128.55244,35.88095],[128.55331,35.88089],[128.55399,35.88083],[128.55461,35.88079],[128.55525,35.88081],[128.55595,35.88089],[128.55664,35.88102],[128.55732,35.88118],[128.55799,35.88136],[128.55927,35.88176],[128.5606,35.88223],[128.56483,35.88363],[128.56537,35.88383],[128.56583,35.88399],[128.56631,35.88413],[128.56683,35.88422],[128.56736,35.88429],[128.56789,35.88432],[128.56838,35.88431],[128.56886,35.88428],[128.56933,35.88423],[128.56972,35.88417],[128.5701,35.88409],[128.57049,35.88398],[128.57084,35.88387],[128.57121,35.88373],[128.57157,35.88357],[128.5719,35.88339],[128.5722,35.88319],[128.57246,35.88298],[128.57273,35.88274],[128.57304,35.88248],[128.57375,35.88188],[128.57455,35.88121],[128.57534,35.88063],[128.5758,35.88035],[128.57624,35.88011],[128.5767,35.8799],[128.57717,35.87972],[128.57764,35.87959],[128.5781,35.8795],[128.57862,35.87942],[128.57926,35.87931],[128.5909,35.87702],[128.59777,35.87568],[128.60261,35.87441],[128.60327,35.87421],[128.60386,35.87402],[128.60443,35.87386],[128.60503,35.87377],[128.60568,35.87376],[128.60634,35.87382],[128.60701,35.87391],[128.60766,35.87403],[128.60843,35.8742],[128.60918,35.87443],[128.61017,35.87471],[128.62467,35.87866],[128.6258689,35.8789513]],[[128.838546,35.39874],[128.83896,35.39874],[128.83937,35.39878],[128.83983,35.39884],[128.84043,35.3989],[128.8500035,35.3997018]],[[128.9824221,35.3085769],[128.98921,35.30446],[128.9964277,35.2998564]],[[128.9888607,35.163015],[128.98979,35.16033],[128.98999,35.15971],[128.99015,35.15919],[128.99036,35.15869],[128.99055,35.15829],[128.99076,35.15791],[128.991,35.15753],[128.99128,35.15715],[128.99167,35.15674],[128.99212,35.15634],[128.99261,35.15594],[128.99314,35.15552],[128.99385,35.15494],[128.99464,35.15431],[128.99545,35.15371],[128.99623,35.15323],[128.99678,35.15297],[128.9973,35.15277],[128.99784,35.1526],[128.9984,35.15243],[128.99936,35.15214],[129.00036,35.15187],[129.00134,35.15167],[129.00193,35.15158],[129.00248,35.15152],[129.00306,35.15149],[129.00369,35.1515],[129.0047,35.15165],[129.00581,35.15192],[129.00699,35.1522],[129.00823,35.15241],[129.01033,35.15249],[129.01261,35.15245],[129.01514,35.15259],[129.0171304,35.1529774]]]}},{"type":"Feature","properties":{"c":"main","n":"경부선","g":"kr","jk":"main","nz":"京釜线","ne":"Gyeongbu Line","off":-0.375},"geometry":{"type":"MultiLineString","coordinates":[[[127.4366072,36.3287718],[127.43686,36.32777],[127.4369668,36.3274895]],[[127.4659439,36.31545],[127.46678,36.31564],[127.467243,36.31575]],[[128.3460311,36.0499613],[128.3462,36.04911],[128.3463527,36.0486703]],[[128.3678036,36.0351435],[128.3688821,36.0343596]],[[128.455303,35.9632209],[128.45575,35.96336],[128.45625,35.9635],[128.4565842,35.9635898]],[[128.4747125,35.9609544],[128.4748,35.96077],[128.47518,35.95983],[128.475224,35.9597234]],[[128.4939654,35.9484888],[128.49338,35.9472909]],[[128.4900367,35.9411441],[128.48965,35.94047],[128.4894086,35.9399689]],[[128.532444,35.8827721],[128.53258,35.88268],[128.5329,35.88249],[128.53328,35.88231],[128.5336313,35.8821749]],[[128.6258689,35.8789513],[128.6271645,35.8792661]],[[128.8372226,35.3988859],[128.83761,35.39882],[128.83807,35.39876],[128.83853,35.39874],[128.838546,35.39874]],[[128.8500035,35.3997018],[128.8513322,35.3998131]],[[128.981282,35.3092683],[128.9824221,35.3085769]],[[128.9964277,35.2998564],[128.9968583,35.2995818]],[[128.9884247,35.1642751],[128.9888607,35.163015]],[[129.0171304,35.1529774],[129.0184392,35.1532321]]]}},{"type":"Feature","properties":{"c":"main","n":"경부선","g":"kr","jk":"main","nz":"京釜线","ne":"Gyeongbu Line","off":-0.25},"geometry":{"type":"MultiLineString","coordinates":[[[127.4362349,36.3300509],[127.43628,36.32995],[127.43659,36.32884],[127.4366072,36.3287718]],[[127.467243,36.31575],[127.46758,36.31583],[127.46813,36.31599],[127.4685257,36.3161123]],[[128.3458616,36.0512826],[128.34596,36.05032],[128.3460311,36.0499613]],[[128.3688821,36.0343596],[128.3699606,36.0335756]],[[128.4539985,35.9629573],[128.45442,35.96301],[128.45487,35.9631],[128.4553,35.96322],[128.455303,35.9632209]],[[128.475224,35.9597234],[128.47556,35.95891],[128.4757752,35.958511]],[[128.4945593,35.9496824],[128.49444,35.94946],[128.4939654,35.9484888]],[[128.4894086,35.9399689],[128.4888299,35.9387677]],[[128.5313369,35.883515],[128.53188,35.88316],[128.53227,35.88289],[128.532444,35.8827721]],[[128.6271645,35.8792661],[128.6284602,35.8795809]],[[128.835941,35.3992463],[128.83665,35.39901],[128.83714,35.3989],[128.8372226,35.3988859]],[[128.8513322,35.3998131],[128.8526609,35.3999243]],[[128.9801416,35.3099591],[128.98029,35.30987],[128.981282,35.3092683]],[[128.9968583,35.2995818],[128.9972889,35.2993071]],[[128.9879886,35.1655351],[128.9884247,35.1642751]],[[129.0184392,35.1532321],[129.01961,35.15346],[129.0197465,35.1534936]]]}},{"type":"Feature","properties":{"c":"main","n":"경부선","g":"kr","jk":"main","nz":"京釜线","ne":"Gyeongbu Line","off":-0.125},"geometry":{"type":"MultiLineString","coordinates":[[[127.4356912,36.3312683],[127.4362349,36.3300509]],[[127.4685257,36.3161123],[127.46868,36.31616],[127.4692,36.31635],[127.46954,36.31651],[127.4697541,36.3166237]],[[128.345734,36.0526098],[128.34582,36.05169],[128.3458616,36.0512826]],[[128.3699606,36.0335756],[128.3710391,36.0327917]],[[128.4526669,35.9629222],[128.45296,35.96291],[128.45345,35.96292],[128.45394,35.96295],[128.4539985,35.9629573]],[[128.4757752,35.958511],[128.47597,35.95815],[128.47625,35.95779],[128.47653,35.95749],[128.4765727,35.9574528]],[[128.4951444,35.9508779],[128.49503,35.95057],[128.49486,35.95023],[128.49466,35.94987],[128.4945593,35.9496824]],[[128.4888299,35.9387677],[128.48833,35.93773],[128.4882731,35.9375577]],[[128.5302208,35.8842445],[128.5313369,35.883515]],[[128.6284602,35.8795809],[128.6297558,35.8798957]],[[128.8347028,35.3997397],[128.83481,35.3997],[128.83575,35.39931],[128.835941,35.3992463]],[[128.8526609,35.3999243],[128.8539895,35.4000356]],[[128.9790143,35.31067],[128.97936,35.31043],[128.97974,35.3102],[128.9801416,35.3099591]],[[128.9972889,35.2993071],[128.9977195,35.2990325]],[[128.9875294,35.1667866],[128.98762,35.16656],[128.9878,35.16608],[128.9879886,35.1655351]],[[129.0197465,35.1534936],[129.021041,35.1538128]]]}},{"type":"Feature","properties":{"c":"main","n":"경부선","g":"kr","jk":"main","nz":"京釜线","ne":"Gyeongbu Line","off":0.125},"geometry":{"type":"MultiLineString","coordinates":[[[128.6554218,35.8727131],[128.65566,35.87264],[128.6567118,35.872377]],[[128.7077466,35.850415],[128.70784,35.85035],[128.7088555,35.8496747]],[[128.9981501,35.2987579],[128.9985807,35.2984832]],[[129.0055785,35.2926694],[129.0065591,35.2917659]],[[129.0572783,35.1409346],[129.0572861,35.1405711]]]}},{"type":"Feature","properties":{"c":"main","n":"경부선","g":"kr","jk":"main","nz":"京釜线","ne":"Gyeongbu Line","off":0.25},"geometry":{"type":"MultiLineString","coordinates":[[[128.6567118,35.872377],[128.65694,35.87232],[128.6580278,35.8721694]],[[128.7066376,35.8511546],[128.70715,35.85083],[128.7077466,35.850415]],[[128.9985807,35.2984832],[128.9990112,35.2982086]],[[129.004598,35.2935729],[129.0055785,35.2926694]],[[129.0572861,35.1405711],[129.057294,35.1402075]]]}},{"type":"Feature","properties":{"c":"main","n":"경부선","g":"kr","jk":"main","nz":"京釜线","ne":"Gyeongbu Line","off":0.375},"geometry":{"type":"MultiLineString","coordinates":[[[128.6580278,35.8721694],[128.65824,35.87214],[128.6593544,35.8720379]],[[128.7054518,35.8517604],[128.70548,35.85175],[128.70585,35.85159],[128.7062,35.8514],[128.70655,35.85121],[128.7066376,35.8511546]],[[128.9990112,35.2982086],[128.9994418,35.297934]],[[129.0036061,35.2944637],[129.00395,35.29417],[129.004598,35.2935729]],[[129.057294,35.1402075],[129.0573018,35.139844]]]}},{"type":"Feature","properties":{"c":"main","n":"경부선","g":"kr","jk":"main","nz":"京釜线","ne":"Gyeongbu Line","off":0.5},"geometry":{"type":"MultiLineString","coordinates":[[[128.6593544,35.8720379],[128.65955,35.87202],[128.66074,35.87186],[128.66159,35.87167],[128.66236,35.87145],[128.66309,35.87118],[128.6636852,35.8709126]],[[128.6802949,35.8570751],[128.68056,35.85681],[128.68091,35.85649],[128.68126,35.85621],[128.68155,35.856],[128.68184,35.85583],[128.68219,35.85566],[128.68269,35.85547],[128.68329,35.85528],[128.68393,35.85511],[128.68456,35.85496],[128.68566,35.85478],[128.68704,35.85459],[128.70345,35.85213],[128.70399,35.85206],[128.70439,35.85202],[128.70474,35.85197],[128.7051,35.85189],[128.7054518,35.8517604]],[[128.9994418,35.297934],[128.99984,35.29768],[129.0036061,35.2944637]],[[129.0573018,35.139844],[129.0573097,35.1394804]]]}},{"type":"Feature","properties":{"c":"main","n":"경부선","g":"kr","jk":"main","nz":"京釜线","ne":"Gyeongbu Line","off":0.625},"geometry":{"type":"MultiLineString","coordinates":[[[128.6636852,35.8709126],[128.66378,35.87087],[128.66444,35.87051],[128.6648427,35.8702532]],[[128.6794578,35.8581121],[128.67983,35.85763],[128.68023,35.85714],[128.6802949,35.8570751]],[[129.0573097,35.1394804],[129.0573175,35.1391169]]]}},{"type":"Feature","properties":{"c":"main","n":"경부선","g":"kr","jk":"main","nz":"京釜线","ne":"Gyeongbu Line","off":0.75},"geometry":{"type":"MultiLineString","coordinates":[[[128.6648427,35.8702532],[128.66513,35.87007],[128.6659185,35.869467]],[[128.6786348,35.8591611],[128.67939,35.8582],[128.6794578,35.8581121]],[[129.0573175,35.1391169],[129.0573254,35.1387533]]]}},{"type":"Feature","properties":{"c":"main","n":"경부선","g":"kr","jk":"main","nz":"京釜线","ne":"Gyeongbu Line","off":0.875},"geometry":{"type":"MultiLineString","coordinates":[[[128.6659185,35.869467],[128.66615,35.86929],[128.6669462,35.868618]],[[128.6778111,35.8602096],[128.6786348,35.8591611]],[[129.0573254,35.1387533],[129.05733,35.13854],[129.0573354,35.1383898]]]}},{"type":"Feature","properties":{"c":"main","n":"경부선","g":"kr","jk":"main","nz":"京釜线","ne":"Gyeongbu Line","off":1.0},"geometry":{"type":"MultiLineString","coordinates":[[[128.6669462,35.868618],[128.66724,35.86837],[128.66843,35.86752],[128.66995,35.86676],[128.67158,35.86606],[128.67299,35.86536],[128.67381,35.8648],[128.6745,35.86423],[128.67513,35.86363],[128.67569,35.86298],[128.6762,35.8623],[128.67675,35.86156],[128.6778111,35.8602096]],[[129.0573354,35.1383898],[129.0573483,35.1380264]],[[129.0466233,35.1248029],[129.04634,35.12428],[129.04528,35.12198],[129.04426,35.11962],[129.04322,35.11729]]]}},{"type":"Feature","properties":{"c":"main","n":"경부선","g":"kr","jk":"main","nz":"京釜线","ne":"Gyeongbu Line","off":1.125},"geometry":{"type":"MultiLineString","coordinates":[[[129.0573483,35.1380264],[129.05735,35.13798],[129.0573706,35.1376635]],[[129.0472583,35.1259753],[129.0466233,35.1248029]]]}},{"type":"Feature","properties":{"c":"main","n":"경부선","g":"kr","jk":"main","nz":"京釜线","ne":"Gyeongbu Line","off":1.25},"geometry":{"type":"MultiLineString","coordinates":[[[129.0573706,35.1376635],[129.05738,35.13752],[129.0573704,35.1373003]],[[129.0480791,35.1270091],[129.04751,35.12644],[129.0472583,35.1259753]]]}},{"type":"Feature","properties":{"c":"main","n":"경부선","g":"kr","jk":"main","nz":"京釜线","ne":"Gyeongbu Line","off":1.375},"geometry":{"type":"MultiLineString","coordinates":[[[129.0573704,35.1373003],[129.05736,35.13706],[129.0573431,35.1369381]],[[129.0490219,35.1279519],[129.0480791,35.1270091]]]}},{"type":"Feature","properties":{"c":"main","n":"경부선","g":"kr","jk":"main","nz":"京釜线","ne":"Gyeongbu Line","off":1.5},"geometry":{"type":"LineString","coordinates":[[129.0573431,35.1369381],[129.05731,35.1367],[129.05723,35.13633],[129.05713,35.13597],[129.05699,35.13561],[129.0568,35.13521],[129.05656,35.13482],[129.05629,35.13443],[129.05599,35.13406],[129.05558,35.13364],[129.05512,35.13325],[129.05454,35.13275],[129.05311,35.13153],[129.05125,35.12996],[129.04928,35.12821],[129.0490219,35.1279519]]}},{"type":"Feature","properties":{"c":"branch","n":"경부선-부산 1호선 연결선로","g":"kr","jk":"branch"},"geometry":{"type":"LineString","coordinates":[[129.05215,35.13125],[129.04961,35.12946]]}},{"type":"Feature","properties":{"c":"main","n":"경부제2선","g":"kr","jk":"main","nz":"京釜第二线","ne":"Gyeongbu Line","off":1.0},"geometry":{"type":"LineString","coordinates":[[126.88462,37.50499],[126.88425,37.50482],[126.88389,37.50464],[126.88353,37.50443],[126.8832,37.50421],[126.88285,37.50395],[126.88253,37.50368],[126.88226,37.5034],[126.88206,37.50313],[126.88191,37.50284],[126.88177,37.50255],[126.88162,37.50226]]}},{"type":"Feature","properties":{"c":"main","n":"경부제2선","g":"kr","jk":"main","nz":"京釜第二线","ne":"Gyeongbu Line","off":-1.0},"geometry":{"type":"LineString","coordinates":[[126.88511,37.50525],[126.88457,37.50497],[126.88415,37.50458],[126.88114,37.50182],[126.88058,37.50127],[126.8801,37.50076],[126.87969,37.50029],[126.87946,37.49998],[126.87926,37.49969],[126.87912,37.49936],[126.87904,37.49903],[126.87899,37.49867],[126.87899,37.49828],[126.87902,37.49788],[126.87916,37.49735],[126.87937,37.4968],[126.87961,37.49621],[126.87979,37.49554],[126.87995,37.49394],[126.88,37.49209],[126.88005,37.49024]]}},{"type":"Feature","properties":{"c":"main","n":"경북선","g":"kr","jk":"main","nz":"庆北线","ne":"Gyeongbuk Line"},"geometry":{"type":"LineString","coordinates":[[128.11801,36.12154],[128.11726,36.12232],[128.11648,36.12308],[128.11562,36.12372],[128.11466,36.12439],[128.11147,36.12669],[128.1111,36.12694],[128.11078,36.12715],[128.11048,36.12736],[128.11022,36.12759],[128.10997,36.12787],[128.10975,36.12817],[128.10957,36.12848],[128.10944,36.12879],[128.10935,36.1291],[128.10931,36.12942],[128.10932,36.12973],[128.10938,36.13004],[128.10952,36.13036],[128.10973,36.13067],[128.10999,36.13098],[128.1103,36.13131],[128.11106,36.132],[128.11198,36.13273],[128.11273,36.13332],[128.11311,36.13362],[128.11343,36.13389],[128.11374,36.13421],[128.11399,36.13456],[128.11415,36.13496],[128.11425,36.13537],[128.1143,36.13578],[128.11432,36.1362],[128.11443,36.13745],[128.11445,36.13776],[128.11446,36.13806],[128.11451,36.13835],[128.11458,36.13865],[128.11469,36.13894],[128.11482,36.13923],[128.11499,36.13948],[128.11518,36.13973],[128.1154,36.14001],[128.116,36.14077],[128.1167,36.14176],[128.1175,36.14337],[128.11839,36.14535],[128.11947,36.14734],[128.12075,36.14901],[128.12228,36.15071],[128.12377,36.15238],[128.12491,36.15395],[128.12546,36.15503],[128.12586,36.15609],[128.12617,36.15709],[128.12643,36.15801],[128.12674,36.1592],[128.12693,36.16024],[128.12701,36.16093],[128.12704,36.16156],[128.12703,36.16214],[128.127,36.1627],[128.12695,36.16385],[128.12696,36.16423],[128.12696,36.16461],[128.12691,36.16499],[128.12681,36.1653],[128.12667,36.16562],[128.12649,36.16593],[128.1263,36.1662],[128.12604,36.16646],[128.12575,36.16668],[128.12544,36.16687],[128.1251,36.16699],[128.12474,36.16708],[128.12431,36.16719],[128.12265,36.16768],[128.1208,36.16818],[128.11934,36.16843],[128.11805,36.16861],[128.11758,36.16866],[128.11717,36.16871],[128.11678,36.1688],[128.11639,36.16895],[128.11602,36.16914],[128.11569,36.16937],[128.11542,36.16961],[128.11517,36.16989],[128.11496,36.17018],[128.11479,36.17048],[128.11468,36.17084],[128.11464,36.17121],[128.11466,36.17161],[128.11476,36.17201],[128.11494,36.17245],[128.11513,36.17289],[128.11528,36.1733],[128.11542,36.17399],[128.11551,36.17459],[128.11562,36.17518],[128.11592,36.17573],[128.11635,36.17621],[128.11899,36.17917],[128.11936,36.17956],[128.11964,36.1799],[128.11984,36.18032],[128.11995,36.18076],[128.11996,36.18109],[128.11992,36.18143],[128.11986,36.18177],[128.11975,36.18209],[128.1196,36.1824],[128.11946,36.18272],[128.11906,36.18367],[128.11895,36.18399],[128.11883,36.18432],[128.11866,36.18462],[128.1184,36.18492],[128.11808,36.18519],[128.11768,36.18545],[128.11713,36.18572],[128.11647,36.18597],[128.11582,36.18622],[128.1153,36.18648],[128.1149,36.18681],[128.11459,36.18716],[128.11431,36.1875],[128.114,36.18791],[128.11339,36.18864],[128.11264,36.18955],[128.11197,36.19051],[128.11155,36.1914],[128.1112,36.19236],[128.11085,36.19329],[128.11044,36.19406],[128.11007,36.19448],[128.10966,36.19484],[128.10926,36.19515],[128.10891,36.19544],[128.10862,36.19568],[128.10837,36.19589],[128.10814,36.19613],[128.10795,36.1964],[128.10779,36.19668],[128.10768,36.19698],[128.10764,36.19726],[128.10765,36.19756],[128.10766,36.19792],[128.10767,36.19898],[128.10768,36.20033],[128.10758,36.2017],[128.10721,36.20319],[128.10672,36.20472],[128.10638,36.20609],[128.10636,36.20672],[128.1064,36.20729],[128.10644,36.20784],[128.10639,36.2084],[128.10623,36.20892],[128.10601,36.20942],[128.10574,36.20995],[128.10544,36.21057],[128.10401,36.21374],[128.10256,36.2172],[128.1021,36.2188],[128.10175,36.2203],[128.10127,36.2217],[128.10062,36.22279],[128.09988,36.2238],[128.09929,36.22476],[128.09901,36.22544],[128.09881,36.22608],[128.09866,36.22683],[128.09854,36.22828],[128.09852,36.22998],[128.09834,36.23173],[128.09776,36.23382],[128.09697,36.23598],[128.09627,36.23791],[128.09524,36.241],[128.09485,36.24186],[128.09441,36.24274],[128.09401,36.2436],[128.09373,36.24439],[128.09363,36.24494],[128.09359,36.24545],[128.09358,36.24594],[128.0936,36.24644],[128.09372,36.24739],[128.09391,36.24848],[128.09441,36.25152],[128.09484,36.2548],[128.09489,36.25677],[128.09479,36.25852],[128.09472,36.25917],[128.09463,36.25978],[128.0945,36.26037],[128.0943,36.26098],[128.09394,36.26172],[128.09348,36.26248],[128.09299,36.26323],[128.09256,36.26395],[128.09203,36.2651],[128.09146,36.26628],[128.0902,36.26824],[128.08896,36.27005],[128.08871,36.2704],[128.08849,36.2707],[128.08829,36.27099],[128.08813,36.27129],[128.08799,36.27164],[128.08789,36.27199],[128.08781,36.27235],[128.0878,36.27268],[128.08786,36.27302],[128.08797,36.27335],[128.08812,36.27367],[128.08834,36.27409],[128.08864,36.27459],[128.08915,36.27559],[128.0898,36.27691],[128.0906,36.27838],[128.09157,36.27981],[128.09334,36.28172],[128.09552,36.28381],[128.09757,36.2857],[128.09897,36.28699],[128.09939,36.28738],[128.0997,36.2877],[128.09992,36.28795],[128.10012,36.28821],[128.1003,36.28849],[128.10043,36.28874],[128.10053,36.28901],[128.10067,36.28936],[128.1014,36.29093],[128.10238,36.2931],[128.10322,36.29534],[128.10379,36.29791],[128.1042,36.30057],[128.10448,36.30252],[128.10457,36.3031],[128.10467,36.30356],[128.10476,36.3039],[128.10488,36.30425],[128.10504,36.30457],[128.10524,36.30483],[128.10549,36.30508],[128.10582,36.30542],[128.10843,36.3081],[128.11165,36.31175],[128.11491,36.31677],[128.11782,36.32152],[128.12073,36.3253],[128.12103,36.32566],[128.12127,36.32596],[128.12148,36.32627],[128.12165,36.3266],[128.12179,36.32695],[128.12189,36.32736],[128.12196,36.32798],[128.12198,36.32872],[128.122,36.32946],[128.12207,36.33008],[128.12218,36.33047],[128.12232,36.33079],[128.12253,36.33115],[128.12291,36.33165],[128.1234,36.3322],[128.12395,36.3328],[128.12451,36.33346],[128.12809,36.33833],[128.13728,36.3514],[128.1524,36.36948],[128.15293,36.37009],[128.1533,36.37055],[128.15358,36.37091],[128.15384,36.37128],[128.15406,36.37168],[128.15426,36.37214],[128.15442,36.37262],[128.15455,36.37311],[128.15467,36.37384],[128.15476,36.37459],[128.15503,36.37653],[128.15512,36.37693],[128.1552,36.3773],[128.15519,36.37765],[128.15508,36.37801],[128.15488,36.37835],[128.15463,36.37869],[128.15434,36.37899],[128.154,36.37928],[128.15365,36.37957],[128.15334,36.37982],[128.153,36.38011],[128.1527,36.38039],[128.15241,36.38071],[128.15218,36.38107],[128.15204,36.38143],[128.15195,36.38182],[128.15192,36.38219],[128.15197,36.38259],[128.15209,36.38296],[128.15224,36.38329],[128.15246,36.38369],[128.15499,36.38869],[128.16051,36.3982],[128.16082,36.39872],[128.16105,36.39912],[128.16124,36.39961],[128.1614,36.40011],[128.16149,36.40057],[128.16157,36.40113],[128.16224,36.40517],[128.16235,36.40594],[128.16245,36.40664],[128.1626,36.40732],[128.16285,36.40798],[128.16316,36.40863],[128.16354,36.40936],[128.16489,36.41166],[128.16624,36.41399],[128.16655,36.41457],[128.16682,36.41507],[128.16704,36.41558],[128.16719,36.41617],[128.1672,36.41717],[128.16704,36.41829],[128.16688,36.41947],[128.16689,36.42064],[128.16723,36.42195],[128.16777,36.42334],[128.16833,36.42461],[128.16874,36.42557],[128.16893,36.42607],[128.16907,36.42647],[128.16917,36.42678],[128.16925,36.42709],[128.1693,36.4274],[128.16932,36.4277],[128.1693,36.428],[128.16925,36.42831],[128.16915,36.4286],[128.16902,36.4289],[128.16886,36.4292],[128.16868,36.42948],[128.16844,36.4298],[128.16815,36.4301],[128.16778,36.4305],[128.16216,36.43685],[128.16187,36.43716],[128.16166,36.43739],[128.16147,36.43763],[128.1613,36.43792],[128.16115,36.43822],[128.16102,36.43852],[128.16087,36.43896],[128.16073,36.43945],[128.16009,36.44147],[128.15987,36.44212],[128.15969,36.44273],[128.15963,36.44305],[128.15956,36.44338],[128.15953,36.4437],[128.15955,36.44402],[128.15962,36.4443],[128.15973,36.44455],[128.15988,36.44485],[128.16007,36.44524],[128.16599,36.45923],[128.17176,36.47363],[128.17307,36.47674],[128.17413,36.47955],[128.17491,36.48251],[128.17559,36.48566],[128.1775,36.49514],[128.17777,36.4965],[128.17786,36.49717],[128.17792,36.49788],[128.1779,36.49904],[128.17785,36.50017],[128.17785,36.50059],[128.17786,36.50096],[128.17782,36.50132],[128.17774,36.50172],[128.17762,36.50211],[128.17745,36.50247],[128.17723,36.50276],[128.17698,36.50302],[128.17668,36.50326],[128.17636,36.50344],[128.176,36.50358],[128.1756,36.50375],[128.17457,36.5042],[128.17329,36.5048],[128.17011,36.50656],[128.16696,36.50838],[128.1663,36.50875],[128.16572,36.50907],[128.16521,36.50937],[128.16478,36.50968],[128.16447,36.50996],[128.16423,36.51023],[128.16404,36.51051],[128.16386,36.51089],[128.16375,36.51129],[128.16372,36.51168],[128.16372,36.5121],[128.16367,36.51328],[128.16366,36.51374],[128.16363,36.51417],[128.16354,36.51462],[128.1634,36.51505],[128.16319,36.51542],[128.16291,36.51584],[128.16136,36.51835],[128.16112,36.51871],[128.16092,36.51902],[128.16075,36.51933],[128.1606,36.51968],[128.16049,36.52003],[128.16041,36.52039],[128.1604,36.52071],[128.16042,36.52104],[128.16046,36.52148],[128.16077,36.5298],[128.1608,36.5302],[128.16082,36.53049],[128.16081,36.53079],[128.16078,36.53112],[128.16073,36.53145],[128.16063,36.53177],[128.1605,36.53206],[128.16033,36.53234],[128.16013,36.53268],[128.15977,36.53337],[128.15935,36.53423],[128.15885,36.53514],[128.15828,36.53599],[128.15758,36.53678],[128.15678,36.53753],[128.15597,36.53826],[128.15525,36.53896],[128.15427,36.54009],[128.15349,36.54104],[128.15318,36.54138],[128.15295,36.54168],[128.1528,36.54204],[128.15272,36.54243],[128.15273,36.54278],[128.15277,36.54319],[128.15291,36.54576],[128.15296,36.54629],[128.15312,36.54669],[128.15337,36.54709],[128.15366,36.54738],[128.15408,36.54773],[128.1554,36.54887],[128.15721,36.55045],[128.15897,36.5522],[128.16059,36.55437],[128.16214,36.55677],[128.16409,36.55938],[128.16859,36.56401],[128.17397,36.56911],[128.17831,36.57359],[128.18008,36.57596],[128.18145,36.57809],[128.18239,36.57957],[128.18264,36.57996],[128.18285,36.58026],[128.18317,36.58056],[128.18353,36.58083],[128.18392,36.58101],[128.1844,36.58119],[128.18532,36.5816],[128.18649,36.58211],[128.18778,36.58259],[128.18912,36.58291],[128.19063,36.58319],[128.1921,36.58346],[128.19333,36.58378],[128.19394,36.58401],[128.19445,36.58424],[128.19493,36.58451],[128.19543,36.58485],[128.19622,36.58552],[128.19703,36.58636],[128.19782,36.58726],[128.19855,36.58814],[128.19969,36.5897],[128.20084,36.59142],[128.2054,36.59798],[128.20798,36.60135],[128.20821,36.60167],[128.20839,36.60192],[128.20859,36.60216],[128.20885,36.6024],[128.20913,36.60262],[128.20942,36.60283],[128.20984,36.60307],[128.21032,36.60332],[128.2107,36.60355],[128.21113,36.60381],[128.21159,36.60407],[128.2121,36.60429],[128.2128,36.60448],[128.21357,36.60462],[128.21439,36.60474],[128.21525,36.60489],[128.22029,36.60585],[128.22079,36.60595],[128.22118,36.60604],[128.22158,36.60609],[128.22202,36.6061],[128.22247,36.60607],[128.2229,36.60602],[128.22331,36.60594],[128.22372,36.60584],[128.22417,36.60573],[128.22474,36.60558],[128.22539,36.6054],[128.22605,36.60524],[128.22669,36.60515],[128.22723,36.60513],[128.22776,36.60516],[128.22827,36.60522],[128.22873,36.6053],[128.22913,36.6054],[128.22948,36.60554],[128.22981,36.6057],[128.2301,36.60587],[128.23036,36.60608],[128.23066,36.6063],[128.23119,36.60667],[128.23178,36.60708],[128.23235,36.60752],[128.23287,36.60802],[128.23336,36.60855],[128.23379,36.60901],[128.23411,36.60937],[128.23442,36.60967],[128.23483,36.60993],[128.23529,36.61013],[128.23581,36.61028],[128.23637,36.61036],[128.23686,36.61036],[128.23748,36.61033],[128.24058,36.61027],[128.24447,36.61012],[128.247,36.60984],[128.24959,36.6095],[128.25227,36.60932],[128.25578,36.60948],[128.25941,36.60983],[128.26198,36.6101],[128.2626,36.61016],[128.26308,36.61018],[128.26363,36.6101],[128.26416,36.60996],[128.26461,36.60981],[128.26518,36.6096],[128.26718,36.60885],[128.27014,36.60773],[128.27331,36.60659],[128.27592,36.60579],[128.27723,36.60567],[128.27843,36.60567],[128.27953,36.60573],[128.28053,36.60577],[128.28173,36.60575],[128.28284,36.60576],[128.28345,36.60577],[128.28408,36.60579],[128.28469,36.60583],[128.28525,36.60593],[128.28568,36.60606],[128.28609,36.60623],[128.28647,36.60643],[128.28682,36.60666],[128.28718,36.60696],[128.28751,36.60731],[128.28779,36.60768],[128.28801,36.60806],[128.28814,36.6084],[128.2882,36.60875],[128.28825,36.60912],[128.28831,36.60952],[128.28891,36.61245],[128.29094,36.61899],[128.29106,36.6194],[128.29115,36.61972],[128.29127,36.62003],[128.29142,36.62037],[128.2916,36.6207],[128.29182,36.62101],[128.29212,36.6213],[128.29247,36.62157],[128.29283,36.62178],[128.2933,36.62197],[128.29379,36.62211],[128.29421,36.6222],[128.2948,36.6223],[128.31468,36.62607],[128.31519,36.62618],[128.31556,36.62627],[128.31588,36.62633],[128.31623,36.62636],[128.31662,36.62635],[128.31701,36.6263],[128.31741,36.62622],[128.3178,36.62612],[128.31827,36.62595],[128.31876,36.62574],[128.31922,36.62552],[128.31964,36.62533],[128.32011,36.62511],[128.32055,36.62494],[128.32106,36.62485],[128.32157,36.62483],[128.32203,36.62487],[128.32247,36.62496],[128.32284,36.62508],[128.32331,36.62526],[128.33053,36.6278],[128.33097,36.62794],[128.33133,36.62805],[128.33165,36.62815],[128.33195,36.6283],[128.33225,36.6285],[128.33252,36.62873],[128.33277,36.62897],[128.333,36.62922],[128.33327,36.62956],[128.33351,36.62992],[128.33377,36.63031],[128.3352,36.63232],[128.33543,36.63266],[128.33563,36.63297],[128.33587,36.63325],[128.33618,36.6335],[128.33654,36.63373],[128.33691,36.63393],[128.33727,36.6341],[128.33764,36.63424],[128.33802,36.63434],[128.33838,36.63437],[128.33875,36.63436],[128.33924,36.63435],[128.34822,36.63448],[128.34885,36.63447],[128.34936,36.63446],[128.34983,36.63446],[128.3503,36.63451],[128.3508,36.63461],[128.35129,36.63475],[128.35178,36.63491],[128.35225,36.63508],[128.35311,36.63547],[128.35403,36.63591],[128.35481,36.63631],[128.35566,36.63676],[128.35659,36.63721],[128.35759,36.63757],[128.35898,36.63786],[128.36055,36.63806],[128.36204,36.6382],[128.36321,36.63833],[128.36373,36.63841],[128.36414,36.63848],[128.36455,36.63851],[128.36499,36.63847],[128.36544,36.63839],[128.36587,36.63827],[128.36629,36.63812],[128.36669,36.63793],[128.36707,36.63771],[128.36738,36.63747],[128.36767,36.63719],[128.36799,36.63688],[128.37021,36.63489],[128.37054,36.63457],[128.37085,36.63431],[128.37122,36.63407],[128.37163,36.63386],[128.37205,36.63373],[128.37254,36.6336],[128.37454,36.63304],[128.37492,36.63292],[128.37527,36.6328],[128.37563,36.6327],[128.376,36.63263],[128.37644,36.63259],[128.3769,36.63259],[128.37736,36.63262],[128.37781,36.63268],[128.37821,36.63278],[128.37859,36.63291],[128.37898,36.63307],[128.37941,36.63323],[128.38042,36.6336],[128.38155,36.63402],[128.38261,36.63434],[128.38334,36.63448],[128.38402,36.63456],[128.3847,36.6346],[128.38534,36.63459],[128.38598,36.63454],[128.3867,36.63449],[128.38852,36.6344],[128.39069,36.63426],[128.39329,36.63388],[128.39623,36.63341],[128.39901,36.63311],[128.40056,36.63314],[128.40205,36.63329],[128.40349,36.63342],[128.40491,36.63339],[128.40633,36.63309],[128.40774,36.63261],[128.40909,36.63216],[128.41034,36.63192],[128.41119,36.63196],[128.41197,36.63212],[128.41273,36.63229],[128.4135,36.63238],[128.41433,36.63232],[128.41517,36.63218],[128.41598,36.63205],[128.41671,36.63203],[128.41716,36.6321],[128.41757,36.63222],[128.41796,36.63237],[128.41835,36.63252],[128.41911,36.63282],[128.41992,36.63316],[128.42144,36.63375],[128.42328,36.63454],[128.42782,36.63715],[128.43182,36.6396],[128.43246,36.63996],[128.43294,36.64026],[128.43345,36.64064],[128.43392,36.64105],[128.43431,36.64149],[128.43471,36.64197],[128.4359,36.64334],[128.4362,36.64372],[128.43651,36.64404],[128.43689,36.64434],[128.43732,36.64459],[128.43773,36.64477],[128.43827,36.64498],[128.44225,36.64664],[128.44684,36.64843],[128.44874,36.64896],[128.45024,36.64932],[128.45064,36.64944],[128.45097,36.64954],[128.45131,36.6496],[128.45168,36.64962],[128.45206,36.6496],[128.45244,36.64955],[128.45287,36.64945],[128.45332,36.64931],[128.45373,36.64914],[128.4541,36.64894],[128.45443,36.6487],[128.45481,36.64843],[128.45722,36.64686],[128.45777,36.64651],[128.45825,36.64618],[128.45856,36.64594],[128.45884,36.64568],[128.45914,36.64537],[128.45947,36.6449],[128.45981,36.64432],[128.46016,36.64375],[128.46054,36.64328],[128.46084,36.64301],[128.46115,36.64278],[128.46147,36.64258],[128.46182,36.64242],[128.46218,36.6423],[128.46255,36.64222],[128.46295,36.64216],[128.46344,36.64206],[128.46479,36.6418],[128.4665,36.64149],[128.46823,36.64112],[128.4696,36.64071],[128.47022,36.64042],[128.47074,36.64009],[128.47119,36.63978],[128.47159,36.63951],[128.47201,36.63923],[128.4724,36.63902],[128.47287,36.63885],[128.47335,36.63874],[128.47387,36.6387],[128.47438,36.63875],[128.47479,36.63888],[128.47529,36.63911],[128.47716,36.63979],[128.47975,36.64075],[128.48231,36.64185],[128.48489,36.64326],[128.48743,36.64482],[128.48948,36.64609],[128.4901,36.64644],[128.49063,36.64672],[128.4911,36.64699],[128.49154,36.64731],[128.49196,36.64768],[128.49234,36.64808],[128.49269,36.64851],[128.49304,36.64898],[128.49343,36.64972],[128.49377,36.65056],[128.49414,36.65141],[128.49462,36.65217],[128.49526,36.65277],[128.49601,36.65331],[128.49676,36.65381],[128.49738,36.65429],[128.49779,36.6547],[128.49812,36.6551],[128.49842,36.65545],[128.49868,36.65575],[128.49894,36.65603],[128.49927,36.65632],[128.49968,36.65657],[128.5001,36.65671],[128.50058,36.65681],[128.50109,36.65688],[128.50157,36.65691],[128.50208,36.6569],[128.50259,36.65687],[128.50304,36.65686],[128.50355,36.65687],[128.50402,36.65685],[128.50453,36.65672],[128.50502,36.65654],[128.50547,36.65634],[128.5059,36.65611],[128.50678,36.65568],[128.50721,36.65545],[128.50766,36.65525],[128.50803,36.65518],[128.50844,36.65514],[128.50885,36.65516],[128.50921,36.65522],[128.5096,36.65533],[128.50996,36.65546],[128.51028,36.65562],[128.51058,36.65584],[128.51083,36.65609],[128.51103,36.65634],[128.51121,36.65667],[128.51131,36.65702],[128.51133,36.65736],[128.5113,36.65773],[128.51129,36.65899],[128.51127,36.65933],[128.51125,36.65966],[128.51127,36.65998],[128.51133,36.66031],[128.51144,36.66064],[128.51163,36.66098],[128.51203,36.66142],[128.51257,36.6619],[128.51319,36.66237],[128.5138,36.6628],[128.51441,36.66317],[128.51508,36.6635],[128.51571,36.66383],[128.51622,36.66419],[128.51652,36.66446],[128.51675,36.66473],[128.51695,36.66503],[128.5171,36.66538],[128.51725,36.66602],[128.51731,36.66677],[128.51731,36.66757],[128.51728,36.66837],[128.51714,36.66959],[128.51691,36.67084],[128.5167,36.67193],[128.5166,36.67248],[128.51651,36.67295],[128.51646,36.67343],[128.51647,36.67381],[128.51649,36.67419],[128.51656,36.67457],[128.51668,36.67493],[128.51686,36.67528],[128.51711,36.67561],[128.51739,36.67593],[128.51768,36.67624],[128.51806,36.67659],[128.51846,36.67691],[128.51891,36.67728],[128.51948,36.67771],[128.52012,36.67819],[128.52077,36.67872],[128.52137,36.67935],[128.52213,36.68054],[128.52285,36.68199],[128.52347,36.68338],[128.52391,36.68436],[128.52409,36.68474],[128.52425,36.68503],[128.52452,36.68531],[128.52484,36.68557],[128.52526,36.6858],[128.52571,36.68598],[128.52618,36.68606],[128.52671,36.68611],[128.52854,36.68634],[128.52903,36.68638],[128.5295,36.68643],[128.52996,36.68651],[128.53032,36.68661],[128.53067,36.68674],[128.53101,36.6869],[128.53133,36.68711],[128.53176,36.68755],[128.53217,36.68812],[128.53253,36.68872],[128.53279,36.68931],[128.53291,36.68982],[128.53294,36.69035],[128.53294,36.69086],[128.53295,36.69132],[128.53296,36.69168],[128.53298,36.692],[128.53303,36.69232],[128.53313,36.69266],[128.53328,36.69299],[128.53347,36.69329],[128.53372,36.69354],[128.53401,36.69375],[128.53439,36.69403],[128.53537,36.69487],[128.53666,36.696],[128.53808,36.69715],[128.5394,36.69806],[128.54029,36.6985],[128.54117,36.69882],[128.54204,36.69911],[128.54288,36.69945],[128.54367,36.69988],[128.54442,36.70036],[128.54518,36.7008],[128.54602,36.70112],[128.54707,36.70128],[128.54823,36.70132],[128.54934,36.70129],[128.5502,36.70129],[128.55075,36.7013],[128.5512,36.70132],[128.5517,36.7014],[128.55218,36.70152],[128.55263,36.70167],[128.55308,36.70186],[128.55418,36.70227],[128.55469,36.70244],[128.55518,36.70264],[128.55561,36.70292],[128.556,36.70324],[128.55624,36.70348],[128.55646,36.70374],[128.55663,36.70401],[128.55675,36.70428],[128.55682,36.70457],[128.5569,36.70491],[128.55711,36.70569],[128.55737,36.70662],[128.5577,36.70755],[128.55807,36.70826],[128.55852,36.70894],[128.55896,36.70967],[128.55931,36.7105],[128.55959,36.71194],[128.55972,36.71361],[128.55979,36.71528],[128.55989,36.7167],[128.56028,36.7193],[128.56032,36.71969],[128.56035,36.72003],[128.56043,36.72036],[128.56058,36.7207],[128.56077,36.72103],[128.56098,36.72134],[128.5613,36.72171],[128.56165,36.72204],[128.56202,36.72232],[128.56246,36.72263],[128.5633,36.72321],[128.56432,36.72393],[128.56534,36.72472],[128.56617,36.72547],[128.567,36.72626],[128.56781,36.72714],[128.56858,36.72812],[128.56948,36.72971],[128.5704,36.73154],[128.57124,36.73336],[128.57188,36.73492],[128.57204,36.73576],[128.57209,36.73651],[128.5721,36.73724],[128.57217,36.73802],[128.57231,36.73906],[128.57247,36.74016],[128.5727,36.74126],[128.57305,36.74234],[128.57364,36.74345],[128.57439,36.74457],[128.57515,36.7456],[128.57575,36.74643],[128.57598,36.74675],[128.57619,36.74702],[128.57636,36.74726],[128.57647,36.74753],[128.57652,36.74783],[128.57651,36.74815],[128.57647,36.74847],[128.57641,36.74877],[128.5763,36.74912],[128.57615,36.74945],[128.57598,36.74983],[128.57576,36.75031],[128.57549,36.75085],[128.57525,36.75141],[128.57513,36.75195],[128.57515,36.75246],[128.57526,36.75299],[128.57541,36.75349],[128.57553,36.75393],[128.57559,36.75429],[128.57564,36.75461],[128.57573,36.75492],[128.57588,36.75527],[128.57607,36.75561],[128.57635,36.75595],[128.57679,36.7563],[128.57737,36.75664],[128.57795,36.75697],[128.57843,36.75729],[128.57874,36.75757],[128.579,36.75783],[128.57923,36.7581],[128.57949,36.7585],[128.57968,36.75891],[128.5798,36.75932],[128.5799,36.75979],[128.57999,36.76026],[128.58008,36.76081],[128.58022,36.7614],[128.58043,36.76197],[128.58082,36.76265],[128.58133,36.76335],[128.58186,36.76402],[128.58227,36.76456],[128.58258,36.76496],[128.58282,36.76532],[128.58303,36.76573],[128.58318,36.76615],[128.58321,36.76654],[128.58319,36.76703],[128.58327,36.77269],[128.58327,36.77314],[128.58327,36.77349],[128.58329,36.77384],[128.58335,36.77423],[128.58343,36.77461],[128.58356,36.77498],[128.58371,36.7753],[128.58391,36.7756],[128.58413,36.77589],[128.58438,36.77615],[128.58465,36.77639],[128.58495,36.77663],[128.58524,36.77683],[128.58556,36.77702],[128.58592,36.77724],[128.58802,36.77856],[128.58857,36.77888],[128.58908,36.77919],[128.58956,36.77953],[128.58987,36.77983],[128.59014,36.78016],[128.59043,36.78049],[128.59078,36.7808],[128.59138,36.78117],[128.5921,36.78153],[128.59282,36.78187],[128.59342,36.78215],[128.59394,36.78242],[128.59441,36.78265],[128.59475,36.78281],[128.59509,36.78296],[128.59545,36.78308],[128.59579,36.78317],[128.59614,36.78324],[128.59658,36.78333],[128.60074,36.78423],[128.6013,36.78434],[128.60177,36.78445],[128.60225,36.78463],[128.6027,36.78485],[128.60303,36.7851],[128.60344,36.78546],[128.61203,36.79265],[128.61257,36.79312],[128.61301,36.79347],[128.61355,36.79383],[128.61412,36.79416],[128.61462,36.79439],[128.61518,36.79462],[128.61579,36.79491],[128.61648,36.79524],[128.61731,36.79555],[128.61911,36.79596],[128.62122,36.79633],[128.62289,36.79662],[128.62339,36.7967],[128.6238,36.79677],[128.62419,36.79686],[128.62459,36.79702],[128.62498,36.7972],[128.62533,36.79741],[128.6256,36.79761],[128.62584,36.79783],[128.6261,36.79808],[128.62765,36.79943],[128.62804,36.7998],[128.62844,36.80017],[128.62879,36.80054],[128.62907,36.80088],[128.6292306,36.8011678]]}},{"type":"Feature","properties":{"c":"main","n":"경북선","g":"kr","jk":"main","nz":"庆北线","ne":"Gyeongbuk Line","off":-1.0},"geometry":{"type":"LineString","coordinates":[[128.6285346,36.8049571],[128.62848,36.8051],[128.62772,36.8069],[128.62622,36.80971],[128.62452,36.81272]]}},{"type":"Feature","properties":{"c":"main","n":"경북선","g":"kr","jk":"main","nz":"庆北线","ne":"Gyeongbuk Line","off":-0.875},"geometry":{"type":"LineString","coordinates":[[128.6287385,36.8044233],[128.6285346,36.8049571]]}},{"type":"Feature","properties":{"c":"main","n":"경북선","g":"kr","jk":"main","nz":"庆北线","ne":"Gyeongbuk Line","off":-0.75},"geometry":{"type":"LineString","coordinates":[[128.6289424,36.8038895],[128.6287385,36.8044233]]}},{"type":"Feature","properties":{"c":"main","n":"경북선","g":"kr","jk":"main","nz":"庆北线","ne":"Gyeongbuk Line","off":-0.625},"geometry":{"type":"LineString","coordinates":[[128.6291623,36.8033623],[128.62903,36.80366],[128.6289424,36.8038895]]}},{"type":"Feature","properties":{"c":"main","n":"경북선","g":"kr","jk":"main","nz":"庆北线","ne":"Gyeongbuk Line","off":-0.5},"geometry":{"type":"LineString","coordinates":[[128.629375,36.8028329],[128.62932,36.80301],[128.62919,36.8033],[128.6291623,36.8033623]]}},{"type":"Feature","properties":{"c":"main","n":"경북선","g":"kr","jk":"main","nz":"庆北线","ne":"Gyeongbuk Line","off":-0.375},"geometry":{"type":"LineString","coordinates":[[128.6294635,36.8022706],[128.62946,36.80239],[128.62941,36.80272],[128.629375,36.8028329]]}},{"type":"Feature","properties":{"c":"main","n":"경북선","g":"kr","jk":"main","nz":"庆北线","ne":"Gyeongbuk Line","off":-0.25},"geometry":{"type":"LineString","coordinates":[[128.6294222,36.8017028],[128.62943,36.80173],[128.62947,36.80205],[128.6294635,36.8022706]]}},{"type":"Feature","properties":{"c":"main","n":"경북선","g":"kr","jk":"main","nz":"庆北线","ne":"Gyeongbuk Line","off":-0.125},"geometry":{"type":"LineString","coordinates":[[128.6292306,36.8011678],[128.62931,36.80131],[128.6294222,36.8017028]]}},{"type":"Feature","properties":{"c":"main","n":"경원선","g":"kr","jk":"main","nz":"京元线","ne":"Gyeongwon Line"},"geometry":{"type":"MultiLineString","coordinates":[[[126.96764,37.53145],[126.96292,37.52815],[126.9625,37.52787],[126.96217,37.52765],[126.96186,37.52741],[126.96155,37.52711],[126.96127,37.5268],[126.96104,37.52649],[126.96087,37.52613],[126.96078,37.52575],[126.96076,37.52547],[126.96078,37.52515],[126.96083,37.52483],[126.96092,37.52452],[126.96103,37.52421],[126.96119,37.5239],[126.96137,37.5236],[126.96156,37.52334],[126.96192,37.52299],[126.96235,37.52271],[126.96274,37.52253],[126.96317,37.52238],[126.96364,37.52226],[126.96406,37.52219],[126.96452,37.52214],[126.96498,37.52212],[126.96543,37.52212],[126.96583,37.52216],[126.96622,37.52222],[126.9666,37.5223],[126.96699,37.52237],[126.96855,37.52262],[126.96907,37.52271],[126.96959,37.5228],[126.97012,37.52286],[126.97053,37.52289],[126.97095,37.52289],[126.97137,37.52288],[126.97178,37.52283],[126.97214,37.52275],[126.97249,37.52265],[126.97286,37.52252],[126.97332,37.52237],[126.98047,37.5202],[126.98114,37.51999],[126.98167,37.51982],[126.98222,37.51967],[126.98283,37.51957],[126.98345,37.51949],[126.98407,37.51945],[126.98464,37.51946],[126.98522,37.51949],[126.98594,37.51954],[126.98765,37.51957],[126.98986,37.5196],[126.99218,37.51969],[126.99424,37.5199],[126.99572,37.52037],[126.99715,37.52097],[126.99842,37.52156],[126.99943,37.52201],[126.99991,37.52219],[127.00029,37.52233],[127.00064,37.52251],[127.00096,37.52273],[127.00125,37.52299],[127.00154,37.5233],[127.00197,37.52391],[127.0024,37.52462],[127.00283,37.52525],[127.00315,37.52561],[127.00347,37.52592],[127.00381,37.52622],[127.00431,37.52659],[127.00487,37.52697],[127.00551,37.52745],[127.00623,37.52799],[127.00698,37.52848],[127.00776,37.52885],[127.00856,37.52917],[127.00928,37.52945],[127.00969,37.52961],[127.01007,37.52976],[127.01043,37.52994],[127.01082,37.53018],[127.0112,37.53045],[127.01153,37.53076],[127.01177,37.53106],[127.01196,37.5314],[127.01221,37.53183],[127.01571,37.53735],[127.01612,37.53803],[127.0165,37.53859],[127.01682,37.53899],[127.01716,37.53936],[127.01754,37.53972],[127.01793,37.54002],[127.01835,37.54029],[127.01887,37.54063],[127.01996,37.54142],[127.02134,37.54243],[127.02282,37.54347],[127.02426,37.54431],[127.02544,37.54481],[127.02664,37.54521],[127.0278,37.54557],[127.02884,37.54595],[127.03022,37.54661],[127.03137,37.54722],[127.03184,37.54744],[127.03225,37.54763],[127.03264,37.54786],[127.03298,37.54812],[127.0333,37.5484],[127.03364,37.54875],[127.03407,37.54929],[127.03453,37.54996],[127.03502,37.55063],[127.03554,37.55123],[127.03605,37.55166],[127.03661,37.55205],[127.03716,37.5524],[127.037246,37.5524573]],[[127.0385472,37.5680579],[127.03865,37.56819],[127.0472528,37.5796543]],[[127.0621377,37.5939989],[127.06501,37.5981],[127.06582,37.59921],[127.0658862,37.5993093]],[[127.0603751,37.626859],[127.05984,37.62807],[127.05943,37.62895],[127.05914,37.62964],[127.05899,37.63016],[127.05887,37.63069],[127.0588,37.63128],[127.0588,37.63224],[127.05888,37.6333],[127.05888,37.63427],[127.05881,37.63473],[127.05873,37.63516],[127.05861,37.63556],[127.05846,37.63594],[127.05829,37.63629],[127.05809,37.63663],[127.05786,37.63695],[127.05761,37.63726],[127.05724,37.63762],[127.05682,37.63796],[127.05636,37.63834],[127.05556,37.639],[127.05467,37.63975],[127.05387,37.6405],[127.05329,37.64114],[127.05278,37.64177],[127.05234,37.64243],[127.05201,37.64307],[127.05176,37.64373],[127.05141,37.64459],[127.04617,37.65679],[127.04572,37.65779],[127.04539,37.6586],[127.0451,37.65952],[127.04488,37.66046],[127.04478,37.66132],[127.04472,37.66236],[127.04448,37.66448],[127.04419,37.66718],[127.0441,37.67014],[127.04471,37.6746],[127.0457,37.67952],[127.04635,37.68432],[127.04618,37.68848],[127.04572,37.69253],[127.04559,37.69644],[127.04615,37.70014],[127.04692,37.70372],[127.04749,37.70628],[127.04759,37.70678],[127.04768,37.70715],[127.04773,37.70752],[127.04773,37.70794],[127.0477,37.70836],[127.04765,37.70878],[127.04756,37.70936],[127.04744,37.71003],[127.04667,37.71446],[127.04649,37.71535],[127.04637,37.71614],[127.04637,37.71698],[127.04643,37.71783],[127.04666,37.71951],[127.04723,37.72374],[127.04732,37.72659],[127.04712,37.72955],[127.0464139,37.7353049]],[[127.0421751,37.7562135],[127.04223,37.75764],[127.04229,37.75945],[127.0425,37.76142],[127.04331,37.76425],[127.0442,37.76743],[127.04473,37.77247],[127.04502,37.77691],[127.04505,37.77752],[127.04506,37.77801],[127.04509,37.77844],[127.04519,37.77889],[127.04536,37.77936],[127.04558,37.7798],[127.04585,37.78025],[127.04619,37.78072],[127.04678,37.78139],[127.04751,37.7821],[127.04826,37.78279],[127.04889,37.78338],[127.04921,37.78368],[127.0495,37.78394],[127.04976,37.7842],[127.04999,37.78447],[127.05018,37.78477],[127.05034,37.78509],[127.05048,37.78542],[127.05061,37.78577],[127.05077,37.7864],[127.05088,37.78708],[127.05097,37.78778],[127.05106,37.78855],[127.05111,37.78935],[127.05108,37.79013],[127.05094,37.79082],[127.05073,37.79149],[127.05051,37.79219],[127.04978,37.79484],[127.04938,37.79631],[127.04927,37.79681],[127.04918,37.79731],[127.04913,37.7978],[127.04914,37.79823],[127.04918,37.79866],[127.04925,37.79907],[127.04941,37.79967],[127.04961,37.80032],[127.0503,37.80272],[127.05045,37.80318],[127.05059,37.8036],[127.05068,37.80402],[127.05072,37.80444],[127.05072,37.80487],[127.05069,37.80535],[127.05053,37.80635],[127.0503,37.80749],[127.05018,37.8085],[127.05021,37.80903],[127.05028,37.80949],[127.0504,37.80994],[127.05051,37.81027],[127.05066,37.8106],[127.05082,37.81091],[127.05102,37.81121],[127.05124,37.81149],[127.0515,37.81175],[127.05178,37.81201],[127.05206,37.81228],[127.05349,37.81376],[127.05404,37.81432],[127.05455,37.81486],[127.05487,37.81525],[127.05517,37.81564],[127.05543,37.81605],[127.05563,37.81645],[127.0558,37.81686],[127.056,37.81736],[127.058,37.82202],[127.05827,37.82267],[127.05851,37.82322],[127.05883,37.8238],[127.0592,37.82436],[127.05961,37.82489],[127.06006,37.82543],[127.06118,37.82681],[127.06148,37.82716],[127.06177,37.82749],[127.06202,37.82784],[127.06223,37.8282],[127.06241,37.82858],[127.06257,37.82898],[127.06271,37.82947],[127.06283,37.82999],[127.06288,37.83051],[127.06287,37.83096],[127.06281,37.83141],[127.06272,37.83206],[127.06164,37.8409],[127.06059,37.85228],[127.06073,37.85645],[127.06101,37.86058],[127.06124,37.86442],[127.06122,37.86776],[127.06072,37.86958],[127.06017,37.87121],[127.05958,37.87272],[127.05896,37.8742],[127.05789,37.8759],[127.0567,37.8775],[127.05578,37.87891],[127.05551,37.8795],[127.0553,37.88004],[127.05516,37.88056],[127.05507,37.88109],[127.05504,37.88159],[127.05508,37.88205],[127.05515,37.8826],[127.05522,37.88334],[127.05583,37.89113],[127.05669,37.90277],[127.05728,37.91364],[127.0561,37.92126],[127.05477,37.92844],[127.05387,37.93316],[127.05374,37.93378],[127.05364,37.93422],[127.05361,37.93465],[127.05363,37.93515],[127.05371,37.93566],[127.05383,37.93615],[127.05399,37.93656],[127.05418,37.93697],[127.0544,37.93742],[127.05492,37.93867],[127.05553,37.93997],[127.05608,37.94084],[127.05671,37.94168],[127.05781,37.9429],[127.05891,37.94406],[127.05922,37.94437],[127.0595,37.94466],[127.05976,37.94493],[127.05999,37.94523],[127.06018,37.94555],[127.06035,37.94589],[127.06049,37.94623],[127.0606,37.94658],[127.06069,37.94702],[127.06074,37.94746],[127.06079,37.94802],[127.06173,37.95514],[127.062,37.95722],[127.06206,37.95792],[127.06209,37.95862],[127.06206,37.95931],[127.06196,37.96003],[127.06179,37.96075],[127.06159,37.96145],[127.06128,37.96229],[127.06091,37.96319],[127.06045,37.96428],[127.05993,37.9655],[127.05953,37.96668],[127.05936,37.96757],[127.05928,37.96842],[127.05914,37.96936],[127.05851,37.97158],[127.05792,37.97382],[127.05777,37.97484],[127.0577,37.97579],[127.05771,37.97668],[127.05779,37.97734],[127.05794,37.97796],[127.05816,37.97862],[127.05858,37.97965],[127.05911,37.98076],[127.05966,37.98178],[127.06028,37.9828],[127.06097,37.98377],[127.06191,37.9849],[127.06291,37.98601],[127.0638,37.98694],[127.06473,37.9878],[127.06572,37.98856],[127.06687,37.98936],[127.07188,37.993],[127.07256,37.99348],[127.0731,37.99389],[127.07347,37.99421],[127.07381,37.99455],[127.07414,37.99493],[127.07445,37.99534],[127.07475,37.9958],[127.07503,37.99629],[127.07525,37.99681],[127.07543,37.99744],[127.07554,37.99812],[127.07561,37.99881],[127.07566,37.9995],[127.07573,38.00041],[127.07576,38.00132],[127.07571,38.00229],[127.07545,38.00372],[127.07507,38.00526],[127.07475,38.00653],[127.07458,38.00725],[127.07445,38.00787],[127.07436,38.00855],[127.07432,38.00924],[127.07434,38.00987],[127.07441,38.0106],[127.07469,38.01472],[127.07477,38.01575],[127.07482,38.01669],[127.07482,38.01736],[127.07479,38.01803],[127.0747,38.01867],[127.07456,38.01921],[127.07437,38.01974],[127.07415,38.02025],[127.07378,38.02096],[127.07332,38.02177],[127.07069,38.02659],[127.06962,38.02856],[127.06915,38.02955],[127.06873,38.03059],[127.06833,38.03187],[127.06798,38.03319],[127.06738,38.03583],[127.06614,38.04127],[127.06584,38.0425],[127.06561,38.04361],[127.06545,38.04479],[127.06539,38.04598],[127.06545,38.04717],[127.06561,38.04836],[127.06581,38.04942],[127.06609,38.05072],[127.06902,38.06501],[127.06931,38.06662],[127.06962,38.06794],[127.07017,38.06934],[127.07085,38.07074],[127.07181,38.07239],[127.07273,38.07388],[127.07304,38.07436],[127.07331,38.07479],[127.07353,38.07522],[127.07366,38.07558],[127.07376,38.07594],[127.07384,38.07631],[127.07386,38.07668],[127.07384,38.07702],[127.07377,38.07734],[127.07367,38.0777],[127.07357,38.07814],[127.07218,38.085],[127.07181,38.08686],[127.07171,38.08749],[127.07163,38.08811],[127.07161,38.08874],[127.07167,38.08929],[127.07179,38.08985],[127.07194,38.09061],[127.07282,38.0951],[127.07402,38.10142],[127.07488,38.1071],[127.07489,38.11027],[127.07469,38.11313],[127.07452,38.11524],[127.07448,38.11578],[127.07445,38.1162],[127.07446,38.11661],[127.07453,38.11705],[127.07465,38.11748],[127.07482,38.11796],[127.07541,38.11928],[127.07601,38.12062],[127.07618,38.12115],[127.07631,38.12164],[127.07639,38.12211],[127.07641,38.12252],[127.0764,38.12291],[127.07636,38.1233],[127.07626,38.1238],[127.07613,38.12434],[127.07597,38.12498],[127.07579,38.12571],[127.07567,38.12641],[127.07563,38.12684],[127.07562,38.12726],[127.07563,38.12767],[127.07568,38.12805],[127.07578,38.12844],[127.07591,38.1288],[127.07608,38.12916],[127.07633,38.12961],[127.07663,38.13006],[127.07694,38.1305],[127.07793,38.13178],[127.07851,38.13261],[127.07919,38.1336],[127.08002,38.13469],[127.08105,38.13582],[127.08376,38.13799],[127.08724,38.14056],[127.09056,38.14292],[127.09277,38.1445],[127.09319,38.14481],[127.0935,38.14502],[127.09378,38.14525],[127.09407,38.14552],[127.09434,38.14581],[127.09458,38.14614],[127.09478,38.14651],[127.09497,38.14692],[127.09511,38.14735],[127.09521,38.14777],[127.09526,38.14819],[127.09527,38.14862],[127.09525,38.14903],[127.0952,38.14939],[127.09509,38.14978],[127.09494,38.15013],[127.09475,38.15046],[127.09451,38.15082],[127.09415,38.15135],[127.09373,38.15197],[127.09333,38.15271],[127.09289,38.15377],[127.09245,38.15505],[127.09208,38.15633],[127.09186,38.15742],[127.0918,38.15798],[127.0918,38.15849],[127.09184,38.15896],[127.09194,38.15942],[127.09208,38.15987],[127.09229,38.16032],[127.09252,38.16074],[127.09276,38.16111],[127.09301,38.16141],[127.09327,38.16167],[127.09355,38.16192],[127.09396,38.16224],[127.09448,38.16262],[127.09708,38.16451],[127.09998,38.16672],[127.10078,38.16735],[127.10151,38.16792],[127.10215,38.1685],[127.10269,38.16915],[127.10307,38.16982],[127.1033,38.1705],[127.10352,38.17129],[127.10383,38.17225],[127.10991,38.18892],[127.1101,38.18943],[127.11024,38.18978],[127.11041,38.19011],[127.11059,38.19041],[127.1108,38.19069],[127.11102,38.19096],[127.11127,38.19121],[127.11153,38.19146],[127.1118,38.19169],[127.11221,38.19198],[127.11272,38.19232],[127.11375,38.19299],[127.11505,38.19383],[127.1163,38.19478],[127.11755,38.19604],[127.11873,38.19743],[127.1197,38.19858],[127.1201,38.19904],[127.12042,38.19942],[127.12078,38.19978],[127.12109,38.20007],[127.1214,38.20034],[127.12175,38.2006],[127.12212,38.20082],[127.12257,38.20101],[127.12305,38.20116],[127.12357,38.20128],[127.12412,38.20137],[127.12488,38.2014],[127.12573,38.20136],[127.12657,38.2013],[127.12731,38.20126],[127.12775,38.20124],[127.12815,38.20121],[127.12853,38.2012],[127.12891,38.20121],[127.12934,38.20125],[127.12978,38.20132],[127.13021,38.20141],[127.1306,38.20153],[127.13104,38.20172],[127.13143,38.20194],[127.13179,38.20218],[127.1321,38.20241],[127.13238,38.20265],[127.13262,38.20291],[127.1328,38.20318],[127.13295,38.20346],[127.13312,38.20377],[127.13335,38.20415],[127.13362,38.20455],[127.13389,38.205],[127.13411,38.20549],[127.13429,38.20632],[127.13437,38.20727],[127.13447,38.20822],[127.13467,38.20903],[127.13489,38.20949],[127.13515,38.20991],[127.13545,38.21028],[127.1358,38.21063],[127.13619,38.21092],[127.13662,38.21117],[127.1371,38.21141],[127.13767,38.21172],[127.14399,38.21542],[127.14551,38.21631],[127.14601,38.21662],[127.14651,38.21695],[127.14695,38.21728],[127.14729,38.2176],[127.1476,38.21792],[127.14788,38.21826],[127.1481,38.21858],[127.14831,38.21892],[127.14856,38.21935],[127.1499,38.22142],[127.15133,38.22378],[127.15203,38.2253],[127.15275,38.22688],[127.15446,38.22981],[127.15623,38.23277],[127.15692,38.23397],[127.15752,38.23508],[127.15804,38.23622],[127.15847,38.23754],[127.15881,38.2389],[127.15912,38.24033],[127.15943,38.2422],[127.15969,38.24417],[127.16007,38.24597],[127.1605,38.24719],[127.16101,38.2483],[127.16154,38.24939],[127.16319,38.25241],[127.16649,38.25845]]]}},{"type":"Feature","properties":{"c":"main","n":"경원선","g":"kr","jk":"main","nz":"京元线","ne":"Gyeongwon Line","off":-0.5},"geometry":{"type":"MultiLineString","coordinates":[[[127.0395365,37.5554861],[127.03954,37.55554],[127.03953,37.55584],[127.03949,37.5562],[127.03941,37.55656],[127.0393,37.55703],[127.0378804,37.5643255]],[[127.0497214,37.5828011],[127.05098,37.58437],[127.05148,37.58503],[127.05193,37.58562],[127.05243,37.58619],[127.05302,37.58675],[127.05366,37.58728],[127.05438,37.58781],[127.05546,37.58847],[127.05665,37.58912],[127.0577,37.58968],[127.05823,37.58998],[127.05871,37.59023],[127.05915,37.59051],[127.05949,37.59074],[127.05967,37.5908806]],[[127.0676566,37.6028673],[127.0677,37.60307],[127.06776,37.60361],[127.06779,37.60415],[127.06779,37.60493],[127.06775,37.60577],[127.06775,37.60737],[127.06768,37.60903],[127.06758,37.60981],[127.06745,37.61056],[127.06726,37.61129],[127.06701,37.61194],[127.06671,37.61259],[127.0663,37.61345],[127.0619917,37.6232003]]]}},{"type":"Feature","properties":{"c":"main","n":"경원선","g":"kr","jk":"main","nz":"京元线","ne":"Gyeongwon Line","off":-0.375},"geometry":{"type":"MultiLineString","coordinates":[[[127.039198,37.5542099],[127.03926,37.55433],[127.03939,37.55463],[127.03947,37.55493],[127.03952,37.55523],[127.0395365,37.5554861]],[[127.0378804,37.5643255],[127.03779,37.56479],[127.03769,37.56523],[127.03764,37.56558],[127.0376372,37.5656353]],[[127.0488871,37.5817611],[127.0497214,37.5828011]],[[127.05967,37.5908806],[127.05981,37.59099],[127.06012,37.59125],[127.0604,37.59152],[127.0606298,37.5917998]],[[127.0672275,37.6016091],[127.0673,37.60176],[127.06758,37.60251],[127.0676566,37.6028673]],[[127.0619917,37.6232003],[127.0614528,37.6244199]]]}},{"type":"Feature","properties":{"c":"main","n":"경원선","g":"kr","jk":"main","nz":"京元线","ne":"Gyeongwon Line","off":-0.25},"geometry":{"type":"MultiLineString","coordinates":[[[127.0383568,37.5531948],[127.03838,37.55321],[127.03869,37.55347],[127.03891,37.55373],[127.0391,37.55402],[127.039198,37.5542099]],[[127.0376372,37.5656353],[127.03762,37.56597],[127.03767,37.56637],[127.03774,37.56669],[127.0378339,37.5669404]],[[127.0480531,37.5807208],[127.04806,37.58073],[127.0488871,37.5817611]],[[127.0606298,37.5917998],[127.06063,37.5918],[127.06082,37.59208],[127.06102,37.59239],[127.06127,37.59276],[127.0613728,37.5929068]],[[127.0666117,37.6004274],[127.06693,37.60099],[127.0672275,37.6016091]],[[127.0614528,37.6244199],[127.060914,37.6256395]]]}},{"type":"Feature","properties":{"c":"main","n":"경원선","g":"kr","jk":"main","nz":"京元线","ne":"Gyeongwon Line","off":-0.125},"geometry":{"type":"MultiLineString","coordinates":[[[127.037246,37.5524573],[127.03764,37.55272],[127.03803,37.55298],[127.0383568,37.5531948]],[[127.0378339,37.5669404],[127.03786,37.56701],[127.03801,37.56733],[127.03817,37.56758],[127.03837,37.56783],[127.0385472,37.5680579]],[[127.0472528,37.5796543],[127.0480531,37.5807208]],[[127.0613728,37.5929068],[127.0621377,37.5939989]],[[127.0658862,37.5993093],[127.0665,37.60023],[127.0666117,37.6004274]],[[127.060914,37.6256395],[127.0603751,37.626859]]]}},{"type":"Feature","properties":{"c":"main","n":"경원선","g":"kr","jk":"main","nz":"京元线","ne":"Gyeongwon Line","off":0.125},"geometry":{"type":"MultiLineString","coordinates":[[[127.0464139,37.7353049],[127.0462516,37.7366283]],[[127.0421871,37.7548804],[127.04217,37.75608],[127.0421751,37.7562135]]]}},{"type":"Feature","properties":{"c":"main","n":"경원선","g":"kr","jk":"main","nz":"京元线","ne":"Gyeongwon Line","off":0.25},"geometry":{"type":"MultiLineString","coordinates":[[[127.0462516,37.7366283],[127.0460892,37.7379517]],[[127.0423402,37.7535576],[127.04233,37.7536],[127.04225,37.75412],[127.04219,37.75468],[127.0421871,37.7548804]]]}},{"type":"Feature","properties":{"c":"main","n":"경원선","g":"kr","jk":"main","nz":"京元线","ne":"Gyeongwon Line","off":0.375},"geometry":{"type":"MultiLineString","coordinates":[[[127.0460892,37.7379517],[127.0459268,37.7392751]],[[127.0427556,37.7522937],[127.04262,37.75261],[127.04245,37.7531],[127.0423402,37.7535576]]]}},{"type":"Feature","properties":{"c":"main","n":"경원선","g":"kr","jk":"main","nz":"京元线","ne":"Gyeongwon Line","off":0.5},"geometry":{"type":"LineString","coordinates":[[127.0459268,37.7392751],[127.04546,37.74308],[127.04532,37.74444],[127.04516,37.74555],[127.0449,37.74674],[127.04454,37.74798],[127.04382,37.74983],[127.04307,37.75157],[127.04283,37.75212],[127.0427556,37.7522937]]}},{"type":"Feature","properties":{"c":"main","n":"경원선","g":"kr","jk":"main","nz":"京元线","ne":"Gyeongwon Line"},"geometry":{"type":"LineString","coordinates":[[127.04997,37.58301],[127.04493,37.57641]]}},{"type":"Feature","properties":{"c":"main","n":"경의선","g":"kr","jk":"main","lc":"#6ac2b3","nz":"京义线","ne":"Gyeongui Line"},"geometry":{"type":"LineString","coordinates":[[126.91553,37.56842],[126.91496,37.56849],[126.91447,37.56871],[126.91301,37.56932],[126.91085,37.57025],[126.9087,37.57134],[126.90656,37.57278],[126.90445,37.57443],[126.9021,37.5762],[126.89049,37.58412]]}},{"type":"Feature","properties":{"c":"main","n":"경의선","g":"kr","jk":"main","lc":"#6ac2b3","nz":"京义线","ne":"Gyeongui Line"},"geometry":{"type":"MultiLineString","coordinates":[[[126.96167,37.52783],[126.9663151,37.5312166]],[[126.9704441,37.5535738],[126.97045,37.55481],[126.97043,37.55521],[126.97041,37.55554],[126.9704,37.55585],[126.97043,37.55617],[126.97052,37.55649],[126.97066,37.55681],[126.9708,37.55713],[126.97092,37.55746],[126.971,37.55786],[126.97107,37.55829],[126.9711,37.55871],[126.97109,37.55906],[126.97101,37.55941],[126.97085,37.55974],[126.97069,37.56003],[126.9705,37.56034],[126.97027,37.56065],[126.97003,37.56092],[126.96972,37.56118],[126.96939,37.56139],[126.96902,37.56159],[126.96871,37.56176],[126.96838,37.56191],[126.96802,37.56205],[126.96762,37.56217],[126.96702,37.56228],[126.96635,37.56236],[126.96564,37.5624],[126.96495,37.56242],[126.96411,37.56237],[126.96327,37.56226],[126.96228,37.56215],[126.95868,37.56182],[126.95456,37.56137],[126.95192,37.56088],[126.94926,37.56032],[126.94651,37.55989],[126.94305,37.55969],[126.93946,37.55964],[126.93672,37.55961],[126.93596,37.55958],[126.93537,37.55955],[126.93478,37.55956],[126.93429,37.55961],[126.9338,37.55968],[126.93332,37.55977],[126.93289,37.55989],[126.93244,37.56007],[126.93203,37.56028],[126.93165,37.56051],[126.93131,37.56076],[126.931,37.56103],[126.93063,37.56134],[126.92768,37.56376],[126.92713,37.56422],[126.92663,37.56462],[126.92625,37.56488],[126.92586,37.56513],[126.92543,37.56536],[126.92494,37.56557],[126.92441,37.56576],[126.92388,37.56592],[126.9231,37.5661],[126.92222,37.56627],[126.92144,37.56641],[126.92057,37.56655],[126.91961,37.56675],[126.91856,37.56705],[126.9165,37.5679],[126.91409,37.56899],[126.91149,37.57023],[126.9089,37.57155],[126.90476,37.57431],[126.90051,37.57741],[126.89658,37.58024],[126.89264,37.58272],[126.88903,37.58511],[126.88583,37.58776],[126.88243,37.59079],[126.86745,37.60368],[126.86638,37.60463],[126.8655,37.60536],[126.86484,37.60586],[126.86416,37.60635],[126.86333,37.60685],[126.86161,37.60762],[126.85956,37.60841],[126.85768,37.60919],[126.85577,37.61018],[126.85417,37.61107],[126.85376,37.6113],[126.8534,37.61151],[126.85306,37.6117],[126.85269,37.61186],[126.85229,37.61201],[126.85186,37.61213],[126.85143,37.61223],[126.85101,37.61232],[126.8505,37.61238],[126.85,37.61241],[126.8495,37.61243],[126.84883,37.61243],[126.84797,37.6124],[126.83324,37.61213],[126.83243,37.6121],[126.8318323,37.6120801]],[[126.8098897,37.6317812],[126.78612,37.67264],[126.78567,37.67344],[126.78533,37.674],[126.78502,37.67444],[126.7847,37.67488],[126.78436,37.67528],[126.78408,37.67555],[126.7838,37.67579],[126.78348,37.67603],[126.78308,37.67629],[126.78264,37.67654],[126.78218,37.67677],[126.78157,37.67704],[126.78077,37.67738],[126.76636,37.68354],[126.76535,37.68395],[126.76458,37.6843],[126.76402,37.6846],[126.76348,37.68493],[126.76299,37.68527],[126.7627,37.68551],[126.76243,37.68576],[126.76219,37.68602],[126.76196,37.68631],[126.76171,37.68668],[126.76148,37.68708],[126.76129,37.68751],[126.76114,37.68797],[126.76102,37.68856],[126.76098,37.6892],[126.76096,37.68985],[126.76095,37.6905],[126.76098,37.69304],[126.76112,37.70942],[126.76113,37.71077],[126.76118,37.71144],[126.76129,37.71213],[126.76155,37.71304],[126.7619,37.71399],[126.76224,37.71478],[126.76271,37.71581],[126.77132,37.73501],[126.77169,37.73581],[126.77195,37.73641],[126.77208,37.73677],[126.77221,37.73713],[126.77231,37.73749],[126.77237,37.73786],[126.77238,37.73826],[126.77236,37.73866],[126.7723,37.73905],[126.77223,37.73942],[126.77212,37.73976],[126.77199,37.74007],[126.77184,37.74037],[126.77162,37.74077],[126.77131,37.74129],[126.76554,37.75117],[126.76527,37.75162],[126.76504,37.75196],[126.76486,37.75226],[126.76471,37.7526],[126.76459,37.75298],[126.76452,37.75337],[126.76447,37.75376],[126.76445,37.75416],[126.76447,37.75466],[126.76453,37.75516],[126.7646,37.75572],[126.76489,37.75879],[126.76491,37.75919],[126.76494,37.75952],[126.76499,37.75985],[126.76509,37.76019],[126.76522,37.76053],[126.76538,37.76086],[126.76555,37.76116],[126.76574,37.76145],[126.76598,37.76175],[126.76632,37.76209],[126.76673,37.76246],[126.76719,37.76282],[126.76766,37.76314],[126.76813,37.7634],[126.76863,37.76362],[126.76917,37.76384],[126.76978,37.76409],[126.77536,37.7666],[126.78377,37.77009],[126.78439,37.77034],[126.78487,37.77053],[126.78533,37.77074],[126.78582,37.77101],[126.78629,37.77129],[126.78672,37.77161],[126.78703,37.77187],[126.78731,37.77215],[126.78757,37.77244],[126.7878,37.77275],[126.78801,37.77308],[126.78819,37.77342],[126.78834,37.77377],[126.78846,37.77413],[126.78857,37.77459],[126.78864,37.77505],[126.78866,37.77552],[126.78863,37.77595],[126.78857,37.77639],[126.78849,37.77691],[126.78793,37.78156],[126.78779,37.78268],[126.78775,37.78324],[126.78775,37.7838],[126.78783,37.78439],[126.78796,37.78498],[126.78814,37.78546],[126.78842,37.7861],[126.7945,37.80126],[126.79477,37.80188],[126.79499,37.80234],[126.79516,37.80276],[126.79528,37.80321],[126.79532,37.80371],[126.79531,37.80422],[126.79525,37.80474],[126.79517,37.80525],[126.79496,37.80611],[126.79461,37.80724],[126.78835,37.82967],[126.78796,37.83116],[126.78775,37.83234],[126.7877,37.83359],[126.78772,37.83506],[126.78761,37.84456],[126.78809,37.85681],[126.78819,37.85948],[126.78832,37.86076],[126.78854,37.86213],[126.78914,37.86448],[126.78978,37.86673],[126.78994,37.86724],[126.79008,37.86768],[126.7902,37.8681],[126.79027,37.86853],[126.79028,37.869],[126.79025,37.86947],[126.79018,37.86993],[126.79006,37.87037],[126.7899,37.87077],[126.78969,37.87115],[126.78945,37.87152],[126.78915,37.87188],[126.78875,37.8723],[126.78829,37.8727],[126.78778,37.87308],[126.78723,37.87341],[126.78669,37.87365],[126.78612,37.87383],[126.78549,37.87401],[126.78472,37.87424],[126.77396,37.8778],[126.77322,37.87804],[126.77265,37.87824],[126.77224,37.87841],[126.77183,37.87861],[126.77145,37.87882],[126.77112,37.87903],[126.77082,37.87926],[126.7704,37.87957],[126.76197,37.88564],[126.76141,37.88606],[126.76099,37.88638],[126.76053,37.88667],[126.75999,37.88697],[126.75941,37.88723],[126.75884,37.88744],[126.75835,37.88758],[126.75786,37.88768],[126.75737,37.88775],[126.75693,37.88779],[126.75647,37.88782],[126.75586,37.88785],[126.75244,37.88801],[126.74759,37.88826],[126.74278,37.88869],[126.73833,37.88954],[126.73389,37.89056],[126.72997,37.8915],[126.72675,37.89238],[126.7238,37.89316],[126.72052,37.89377],[126.71761,37.89425],[126.71698,37.89435],[126.71643,37.89443],[126.71592,37.89451],[126.71541,37.89464],[126.71489,37.89481],[126.71439,37.89502],[126.7139,37.89525],[126.71343,37.8955],[126.71287,37.89584],[126.71233,37.8962],[126.71169,37.89664],[126.70607,37.90034],[126.7052,37.90093],[126.70442,37.90142],[126.70383,37.90174],[126.70322,37.90203],[126.70258,37.90229],[126.70189,37.9025],[126.70117,37.90267],[126.70046,37.90283],[126.69829,37.90323],[126.68574,37.90557]]]}},{"type":"Feature","properties":{"c":"main","n":"경의선","g":"kr","jk":"main","lc":"#6ac2b3","nz":"京义线","ne":"Gyeongui Line","off":-1.0},"geometry":{"type":"LineString","coordinates":[[126.8204884,37.618799],[126.8183,37.62053],[126.81595,37.62255],[126.81546,37.62296],[126.81505,37.62334],[126.81465,37.62377],[126.8143,37.62422],[126.81406,37.6246],[126.81373,37.62518],[126.8119011,37.6283237]]}},{"type":"Feature","properties":{"c":"main","n":"경의선","g":"kr","jk":"main","lc":"#6ac2b3","nz":"京义线","ne":"Gyeongui Line","off":-0.875},"geometry":{"type":"MultiLineString","coordinates":[[[126.8215341,37.6179718],[126.82141,37.61807],[126.8204884,37.618799]],[[126.8119011,37.6283237],[126.8116138,37.6288177]]]}},{"type":"Feature","properties":{"c":"main","n":"경의선","g":"kr","jk":"main","lc":"#6ac2b3","nz":"京义线","ne":"Gyeongui Line","off":-0.75},"geometry":{"type":"MultiLineString","coordinates":[[[126.8225796,37.6171444],[126.8215341,37.6179718]],[[126.8116138,37.6288177],[126.8113264,37.6293116]]]}},{"type":"Feature","properties":{"c":"main","n":"경의선","g":"kr","jk":"main","lc":"#6ac2b3","nz":"京义线","ne":"Gyeongui Line","off":-0.625},"geometry":{"type":"MultiLineString","coordinates":[[[126.8236251,37.6163169],[126.8225796,37.6171444]],[[126.8113264,37.6293116],[126.8110391,37.6298055]]]}},{"type":"Feature","properties":{"c":"main","n":"경의선","g":"kr","jk":"main","lc":"#6ac2b3","nz":"京义线","ne":"Gyeongui Line","off":-0.5},"geometry":{"type":"MultiLineString","coordinates":[[[126.8279718,37.6129611],[126.82763,37.61315],[126.82729,37.61337],[126.827,37.61361],[126.82668,37.61388],[126.8263,37.6142],[126.8236251,37.6163169]],[[126.8110391,37.6298055],[126.8107517,37.6302994]]]}},{"type":"Feature","properties":{"c":"main","n":"경의선","g":"kr","jk":"main","lc":"#6ac2b3","nz":"京义线","ne":"Gyeongui Line","off":-0.375},"geometry":{"type":"MultiLineString","coordinates":[[[126.8292023,37.6124536],[126.82884,37.61258],[126.82841,37.61274],[126.82801,37.61294],[126.8279718,37.6129611]],[[126.8107517,37.6302994],[126.8104644,37.6307934]]]}},{"type":"Feature","properties":{"c":"main","n":"경의선","g":"kr","jk":"main","lc":"#6ac2b3","nz":"京义线","ne":"Gyeongui Line","off":-0.25},"geometry":{"type":"MultiLineString","coordinates":[[[126.8305037,37.6121717],[126.83023,37.61221],[126.82974,37.61231],[126.82927,37.61243],[126.8292023,37.6124536]],[[126.8104644,37.6307934],[126.8101771,37.6312873]]]}},{"type":"Feature","properties":{"c":"main","n":"경의선","g":"kr","jk":"main","lc":"#6ac2b3","nz":"京义线","ne":"Gyeongui Line","off":-0.125},"geometry":{"type":"MultiLineString","coordinates":[[[126.8318323,37.6120801],[126.83183,37.61208],[126.83123,37.61209],[126.83073,37.61214],[126.8305037,37.6121717]],[[126.8101771,37.6312873],[126.8098897,37.6317812]]]}},{"type":"Feature","properties":{"c":"main","n":"경의선","g":"kr","jk":"main","lc":"#6ac2b3","nz":"京义线","ne":"Gyeongui Line","off":0.125},"geometry":{"type":"MultiLineString","coordinates":[[[126.9663151,37.5312166],[126.9667768,37.5315533]],[[126.9704414,37.5530024],[126.9704441,37.5535738]]]}},{"type":"Feature","properties":{"c":"main","n":"경의선","g":"kr","jk":"main","lc":"#6ac2b3","nz":"京义线","ne":"Gyeongui Line","off":0.25},"geometry":{"type":"MultiLineString","coordinates":[[[126.9667768,37.5315533],[126.9672386,37.5318899]],[[126.9704514,37.5524312],[126.97044,37.55272],[126.9704414,37.5530024]]]}},{"type":"Feature","properties":{"c":"main","n":"경의선","g":"kr","jk":"main","lc":"#6ac2b3","nz":"京义线","ne":"Gyeongui Line","off":0.375},"geometry":{"type":"MultiLineString","coordinates":[[[126.9672386,37.5318899],[126.9677003,37.5322265]],[[126.9704738,37.5518602],[126.9704514,37.5524312]]]}},{"type":"Feature","properties":{"c":"main","n":"경의선","g":"kr","jk":"main","lc":"#6ac2b3","nz":"京义线","ne":"Gyeongui Line","off":0.5},"geometry":{"type":"MultiLineString","coordinates":[[[126.9677003,37.5322265],[126.9681621,37.5325632]],[[126.9704962,37.5512892],[126.9704738,37.5518602]]]}},{"type":"Feature","properties":{"c":"main","n":"경의선","g":"kr","jk":"main","lc":"#6ac2b3","nz":"京义线","ne":"Gyeongui Line","off":0.625},"geometry":{"type":"MultiLineString","coordinates":[[[126.9681621,37.5325632],[126.96824,37.53262],[126.9686291,37.5328924]],[[126.9705187,37.5507182],[126.9704962,37.5512892]]]}},{"type":"Feature","properties":{"c":"main","n":"경의선","g":"kr","jk":"main","lc":"#6ac2b3","nz":"京义线","ne":"Gyeongui Line","off":0.75},"geometry":{"type":"MultiLineString","coordinates":[[[126.9686291,37.5328924],[126.96874,37.53297],[126.9690999,37.5332162]],[[126.97059,37.5501534],[126.97053,37.55043],[126.9705187,37.5507182]]]}},{"type":"Feature","properties":{"c":"main","n":"경의선","g":"kr","jk":"main","lc":"#6ac2b3","nz":"京义线","ne":"Gyeongui Line","off":0.875},"geometry":{"type":"MultiLineString","coordinates":[[[126.9690999,37.5332162],[126.96912,37.53323],[126.96948,37.53352],[126.96954,37.53358]],[[126.970711,37.549595],[126.97059,37.5501534]]]}},{"type":"Feature","properties":{"c":"main","n":"경의선","g":"kr","jk":"main","lc":"#6ac2b3","nz":"京义线","ne":"Gyeongui Line","off":1.0},"geometry":{"type":"LineString","coordinates":[[126.96954,37.53358],[126.96974,37.53378],[126.97,37.53405],[126.97023,37.53433],[126.97042,37.53462],[126.97061,37.53497],[126.97075,37.53534],[126.97086,37.5357],[126.97091,37.53602],[126.97094,37.53633],[126.97097,37.53668],[126.97108,37.5376],[126.97118,37.53865],[126.97119,37.54008],[126.97117,37.54161],[126.97115,37.5448],[126.97118,37.54623],[126.97114,37.54764],[126.97084,37.549],[126.970711,37.549595]]}},{"type":"Feature","properties":{"c":"main","n":"경인선","g":"kr","jk":"main","nz":"京仁线","ne":"Gyeongin Line"},"geometry":{"type":"LineString","coordinates":[[126.8827,37.50359],[126.88226,37.5034],[126.88191,37.50311],[126.88138,37.50262],[126.88063,37.50192],[126.87975,37.50116],[126.87884,37.5005],[126.8778,37.49993],[126.87665,37.4994],[126.87551,37.49893],[126.87451,37.49849],[126.87235,37.49749],[126.87131,37.49691],[126.87018,37.4963],[126.86806,37.49536],[126.86604,37.49451],[126.86555,37.49428],[126.86514,37.49409],[126.86471,37.49394],[126.86422,37.49383],[126.86371,37.49377],[126.86322,37.49374],[126.86266,37.49376],[126.86212,37.49382],[126.86164,37.49391],[126.86105,37.49404],[126.85571,37.49514],[126.85469,37.49536],[126.85379,37.49553],[126.8533,37.49562],[126.8528,37.4957],[126.85231,37.49576],[126.85182,37.49577],[126.85137,37.49572],[126.85095,37.49563],[126.85049,37.49551],[126.8499,37.49537],[126.84691,37.49469],[126.84296,37.4938],[126.83911,37.49312],[126.83603,37.49293],[126.83303,37.49292],[126.83037,37.49292],[126.82916,37.49292],[126.82807,37.49295],[126.82704,37.49293],[126.826,37.49282],[126.82492,37.49258],[126.82384,37.49228],[126.82277,37.49193],[126.82174,37.4915],[126.82067,37.49081],[126.81963,37.48997],[126.81868,37.4891],[126.81784,37.48838],[126.817,37.48768],[126.81621,37.48707],[126.81562,37.48668],[126.815,37.48631],[126.81435,37.48599],[126.8137,37.48574],[126.81301,37.48553],[126.81222,37.48528],[126.80661,37.48342],[126.80561,37.48307],[126.80473,37.4828],[126.80427,37.48267],[126.8038,37.48255],[126.80331,37.48245],[126.80277,37.48239],[126.80188,37.48241],[126.8009,37.48252],[126.79983,37.48266],[126.7987,37.48274],[126.79657,37.4827],[126.79423,37.4826],[126.7917,37.48264],[126.78808,37.48308],[126.78412,37.48377],[126.77983,37.48448],[126.77079,37.48583],[126.76026,37.48713],[126.7381,37.48866],[126.72078,37.48964],[126.72009,37.4897],[126.71963,37.48974],[126.71918,37.48974],[126.71877,37.48973],[126.71836,37.4897],[126.71796,37.48965],[126.71758,37.48958],[126.71716,37.48946],[126.71675,37.48931],[126.71637,37.48914],[126.71605,37.48895],[126.71574,37.48874],[126.71534,37.48847],[126.71235,37.48661],[126.7089,37.48434],[126.70671,37.48258],[126.70501,37.48113],[126.70465,37.48085],[126.70436,37.48063],[126.70412,37.48039],[126.70391,37.48009],[126.70375,37.47976],[126.70362,37.47944],[126.70352,37.47905],[126.70347,37.47865],[126.70344,37.4783],[126.70342,37.47785],[126.70308,37.47177],[126.70297,37.46969],[126.70291,37.46915],[126.70285,37.46859],[126.70277,37.46807],[126.70266,37.46761],[126.70254,37.46729],[126.70241,37.46702],[126.70222,37.46674],[126.70199,37.46647],[126.70172,37.46619],[126.70142,37.46593],[126.70112,37.4657],[126.70073,37.46548],[126.70033,37.46529],[126.69993,37.46514],[126.69944,37.46501],[126.69894,37.46493],[126.6985,37.4649],[126.69792,37.46489],[126.69338,37.46458],[126.68679,37.46441],[126.67404,37.46552],[126.66141,37.46674],[126.65554,37.46681],[126.65113,37.46674],[126.64985,37.46672],[126.64877,37.46674],[126.64798,37.4668],[126.6472,37.4669],[126.64644,37.46704],[126.6457,37.46724],[126.64497,37.46748],[126.64427,37.46776],[126.64332,37.46821],[126.64229,37.46876],[126.64119,37.46928],[126.63991,37.46985],[126.63855,37.47053],[126.6372,37.47134],[126.63525,37.47288],[126.63317,37.47479],[126.63119,37.47666],[126.62954,37.47811],[126.62818,37.47905],[126.62707,37.47976],[126.62674,37.47999],[126.62645,37.4802],[126.62617,37.4804],[126.62584,37.48058],[126.62545,37.48077],[126.62502,37.48095],[126.62457,37.4811],[126.62411,37.48119],[126.6236,37.48124],[126.62305,37.48123],[126.62251,37.48118],[126.62197,37.4811],[126.62141,37.48099],[126.62084,37.48083],[126.62031,37.48066],[126.61985,37.48049],[126.61938,37.4803],[126.61896,37.48004],[126.61857,37.47973],[126.61815,37.47933],[126.61775,37.47888],[126.61745,37.47842],[126.61726,37.47794],[126.61716,37.47744],[126.6171,37.47693],[126.61702,37.47642]]}},{"type":"Feature","properties":{"c":"main","n":"경인선","g":"kr","jk":"main","nz":"京仁线","ne":"Gyeongin Line"},"geometry":{"type":"LineString","coordinates":[[126.88511,37.50525],[126.88405,37.50458],[126.88297,37.50383],[126.88143,37.50251],[126.88004,37.50123],[126.87975,37.50096],[126.8795,37.50072],[126.87926,37.50051],[126.879,37.5003],[126.87869,37.50012],[126.87838,37.49995],[126.87804,37.49979],[126.87767,37.49963],[126.87697,37.49938],[126.8762,37.49915],[126.87543,37.49891]]}},{"type":"Feature","properties":{"c":"main","n":"경전선","g":"kr","jk":"main","nz":"庆全线","ne":"Gyeongjeon Line"},"geometry":{"type":"MultiLineString","coordinates":[[[126.78911,35.13545],[126.79157,35.13925],[126.79308,35.14206],[126.79327,35.14246],[126.79346,35.14277],[126.79375,35.14307],[126.79411,35.14333],[126.79443,35.14351],[126.79479,35.14366],[126.79516,35.14377],[126.79549,35.14382],[126.79583,35.14383],[126.79634,35.14386],[126.82106,35.14565],[126.82202,35.14573],[126.82274,35.14578],[126.8233,35.1458],[126.82386,35.1458],[126.82442,35.14578],[126.82498,35.1457],[126.82553,35.14559],[126.82605,35.14546],[126.82646,35.14532],[126.82684,35.14517],[126.82722,35.14498],[126.82771,35.1447],[126.82819,35.14437],[126.82863,35.14403],[126.82894,35.14373],[126.82921,35.14341],[126.82945,35.14309],[126.82964,35.14281],[126.82979,35.14252],[126.82993,35.1422],[126.83009,35.14163],[126.83022,35.14099],[126.83031,35.14035],[126.83036,35.13945],[126.83037,35.13849],[126.83048,35.13532],[126.83048,35.13473],[126.83046,35.13417],[126.83047,35.13362],[126.83055,35.13308],[126.83071,35.13252],[126.83093,35.13197],[126.83119,35.13144],[126.83147,35.13097],[126.83172,35.13065],[126.83198,35.13036],[126.83228,35.1301],[126.83261,35.12985],[126.83306,35.12956],[126.83357,35.1293],[126.8341,35.12905],[126.83464,35.12882],[126.8356,35.12848],[126.83686,35.1281],[126.85512,35.12213],[126.85624,35.12178],[126.85709,35.12153],[126.85791,35.12122],[126.85878,35.12082],[126.85963,35.12038],[126.86045,35.1199],[126.86156,35.11917],[126.86275,35.11832],[126.86764,35.11497],[126.87616,35.10967],[126.87662,35.10941],[126.87696,35.10922],[126.87725,35.10899],[126.8775,35.10869],[126.87769,35.10835],[126.87784,35.10799],[126.87794,35.10765],[126.87801,35.10729],[126.87805,35.10692],[126.87804,35.10656],[126.87799,35.10624],[126.87789,35.10593],[126.87776,35.10559],[126.87762,35.10517],[126.87538,35.09774],[126.87523,35.09732],[126.87515,35.097],[126.87515,35.09662],[126.87521,35.09624],[126.87532,35.0959],[126.87547,35.0955],[126.87599,35.09414],[126.87653,35.0925],[126.87672,35.0917],[126.87689,35.09086],[126.877,35.09007],[126.87698,35.0894],[126.8769,35.08905],[126.87679,35.08874],[126.87662,35.08846],[126.87641,35.08818],[126.87607,35.08785],[126.87564,35.08753],[126.8752,35.08723],[126.87482,35.08695],[126.87439,35.08665],[126.87402,35.08634],[126.87377,35.08606],[126.87355,35.08575],[126.87338,35.08543],[126.87328,35.08512],[126.87323,35.08479],[126.87316,35.0844],[126.87285,35.08309],[126.87257,35.08156],[126.87249,35.07967],[126.87249,35.07801],[126.87249,35.07753],[126.87247,35.07712],[126.8724,35.07667],[126.87229,35.07624],[126.8721,35.07591],[126.87187,35.07557],[126.87159,35.07515],[126.87129,35.07468],[126.87103,35.07422],[126.87091,35.07392],[126.87081,35.07364],[126.87074,35.07334],[126.8707,35.07303],[126.87072,35.07259],[126.87082,35.07211],[126.87092,35.07164],[126.87097,35.07122],[126.87097,35.07089],[126.87094,35.07059],[126.87089,35.07032],[126.87068,35.06981],[126.87032,35.06935],[126.86984,35.06876],[126.86924,35.068],[126.86873,35.06728],[126.86853,35.06691],[126.86836,35.06656],[126.86823,35.06622],[126.86813,35.06587],[126.86807,35.06553],[126.86805,35.06519],[126.86804,35.06485],[126.86802,35.0645],[126.8679,35.06291],[126.86784,35.06232],[126.86781,35.06175],[126.86782,35.06137],[126.86785,35.06098],[126.86795,35.06059],[126.86811,35.06023],[126.86832,35.05984],[126.86856,35.05947],[126.86881,35.05914],[126.8691,35.05883],[126.8694,35.05856],[126.86972,35.05831],[126.87002,35.05811],[126.87033,35.05792],[126.87069,35.05775],[126.87111,35.05756],[126.87158,35.05738],[126.87206,35.05721],[126.87252,35.05708],[126.873,35.05699],[126.87346,35.05693],[126.87392,35.05692],[126.87432,35.05695],[126.87472,35.05702],[126.87513,35.0571],[126.87643,35.05729],[126.87681,35.05736],[126.87718,35.05742],[126.87755,35.05746],[126.87793,35.05748],[126.87832,35.05747],[126.87869,35.05744],[126.8792,35.05735],[126.87968,35.05722],[126.88012,35.05703],[126.88056,35.05681],[126.88179,35.05623],[126.88224,35.05599],[126.88268,35.0558],[126.88318,35.0557],[126.8837,35.05567],[126.88407,35.0557],[126.88444,35.05576],[126.88479,35.05584],[126.88524,35.05598],[126.88571,35.05615],[126.88611,35.0563],[126.88657,35.05648],[126.88705,35.05664],[126.88754,35.05676],[126.88807,35.05682],[126.88863,35.05684],[126.88919,35.05683],[126.88974,35.05677],[126.89025,35.05667],[126.89076,35.05651],[126.89124,35.05635],[126.89168,35.05621],[126.89218,35.05604],[126.89265,35.05593],[126.89303,35.05591],[126.89342,35.05593],[126.89381,35.05598],[126.89416,35.05605],[126.89451,35.05615],[126.89491,35.05627],[126.89805,35.05709],[126.8985,35.05723],[126.89889,35.05735],[126.89929,35.05742],[126.89972,35.05744],[126.90017,35.05742],[126.90059,35.05736],[126.90107,35.05722],[126.90153,35.057],[126.90188,35.05677],[126.90222,35.0565],[126.9025,35.05619],[126.90269,35.05586],[126.90283,35.05551],[126.90297,35.05511],[126.90386,35.05309],[126.90405,35.05261],[126.90425,35.05218],[126.90441,35.05189],[126.90459,35.0516],[126.90481,35.05134],[126.90511,35.05109],[126.90546,35.05086],[126.90582,35.05068],[126.9062,35.05055],[126.9066,35.05046],[126.90699,35.0504],[126.90753,35.05038],[126.90806,35.05044],[126.90842,35.05052],[126.90877,35.05063],[126.9091,35.05078],[126.90938,35.05097],[126.90963,35.05119],[126.90989,35.05143],[126.91098,35.05232],[126.91126,35.05257],[126.91154,35.05282],[126.91185,35.05303],[126.9122,35.05322],[126.91258,35.05337],[126.91296,35.05348],[126.91342,35.05356],[126.91387,35.05357],[126.91426,35.0535],[126.91475,35.05338],[126.91624,35.05309],[126.91826,35.0527],[126.92025,35.0522],[126.92229,35.05146],[126.92431,35.05061],[126.92577,35.04999],[126.92621,35.0498],[126.92656,35.04967],[126.92699,35.04958],[126.92742,35.04955],[126.9278,35.04962],[126.92826,35.04975],[126.92902,35.04997],[126.93,35.05027],[126.93107,35.05054],[126.93213,35.05069],[126.93322,35.05067],[126.93434,35.05055],[126.93547,35.05037],[126.93656,35.05017],[126.93759,35.0499],[126.93859,35.04955],[126.93959,35.04923],[126.9406,35.04903],[126.94162,35.04901],[126.94268,35.04909],[126.9437,35.04921],[126.94461,35.04925],[126.94517,35.04922],[126.94567,35.04915],[126.94615,35.04909],[126.94666,35.04908],[126.94721,35.04912],[126.94777,35.04921],[126.94833,35.04932],[126.94888,35.04943],[126.94989,35.04966],[126.95098,35.04993],[126.95221,35.05026],[126.95359,35.05063],[126.95517,35.05093],[126.95809,35.05116],[126.96139,35.05125],[126.96402,35.05132],[126.96465,35.05136],[126.96517,35.0514],[126.96564,35.05142],[126.96613,35.05141],[126.96668,35.05136],[126.96723,35.05128],[126.96776,35.05118],[126.96821,35.05105],[126.9687,35.05083],[126.96911,35.05056],[126.9694,35.05032],[126.96968,35.05005],[126.96992,35.04977],[126.97012,35.04947],[126.97028,35.04915],[126.97045,35.04883],[126.9711,35.04769],[126.97132,35.04734],[126.97154,35.047],[126.97169,35.04665],[126.97175,35.04626],[126.97174,35.04586],[126.97168,35.04547],[126.97157,35.04513],[126.97142,35.04479],[126.9712,35.04447],[126.97099,35.04422],[126.97074,35.04397],[126.97046,35.04374],[126.97016,35.04353],[126.96986,35.04336],[126.96954,35.04321],[126.96919,35.04307],[126.96881,35.0429],[126.96628,35.04173],[126.96582,35.04153],[126.96541,35.04135],[126.96502,35.04114],[126.96464,35.0409],[126.96427,35.04064],[126.96395,35.04034],[126.96374,35.04008],[126.96355,35.0398],[126.96339,35.0395],[126.96325,35.03918],[126.96311,35.03874],[126.963,35.03826],[126.96291,35.03778],[126.96282,35.03736],[126.96275,35.03703],[126.96269,35.03674],[126.9626,35.03645],[126.96248,35.03613],[126.96232,35.03581],[126.96213,35.03551],[126.9619,35.03523],[126.96165,35.03497],[126.96137,35.03472],[126.96109,35.03451],[126.96079,35.03431],[126.96044,35.03408],[126.95809,35.03245],[126.95771,35.0322],[126.95738,35.03198],[126.95706,35.03174],[126.95677,35.03146],[126.95651,35.03116],[126.95625,35.03086],[126.95551,35.02994],[126.95285,35.0266],[126.95253,35.02622],[126.95227,35.02591],[126.95203,35.02558],[126.95182,35.02521],[126.95165,35.02482],[126.9515,35.02443],[126.95138,35.02406],[126.95129,35.02368],[126.95124,35.0233],[126.95124,35.02294],[126.95127,35.02259],[126.95134,35.02225],[126.95143,35.02193],[126.95156,35.02162],[126.95171,35.02123],[126.95213,35.0202],[126.95265,35.0189],[126.95309,35.01753],[126.95341,35.01572],[126.95362,35.01381],[126.95376,35.01246],[126.95384,35.01188],[126.95407,35.01132],[126.95421,35.01103],[126.95441,35.01073],[126.95467,35.01046],[126.95499,35.01018],[126.95535,35.0099],[126.95577,35.00966],[126.95624,35.00941],[126.95671,35.00917],[126.9571,35.00892],[126.95739,35.00869],[126.95763,35.00845],[126.95782,35.00819],[126.95795,35.00794],[126.95804,35.00766],[126.95816,35.00729],[126.95875,35.00557],[126.95958,35.00321],[126.96052,35.00098],[126.96152,34.99927],[126.9626,34.99766],[126.96346,34.99639],[126.96386,34.99579],[126.96417,34.99527],[126.96432,34.99498],[126.96446,34.99468],[126.96458,34.99437],[126.96466,34.99407],[126.96468,34.99378],[126.96467,34.99351],[126.96463,34.9932],[126.9646,34.9928],[126.96426,34.98459],[126.96389,34.98012],[126.96387,34.97972],[126.96387,34.97938],[126.96384,34.97908],[126.96378,34.97877],[126.96365,34.97845],[126.96349,34.97814],[126.96329,34.97784],[126.96306,34.97755],[126.96274,34.97722],[126.96236,34.97689],[126.96197,34.97658],[126.96164,34.97626],[126.9612,34.97575],[126.9608,34.9752],[126.96048,34.97472],[126.96014,34.97419],[126.95984,34.97365],[126.95963,34.97318],[126.95952,34.97286],[126.95946,34.97256],[126.95946,34.97227],[126.95953,34.972],[126.95965,34.97173],[126.9598,34.97139],[126.96013,34.97067],[126.96056,34.96977],[126.96097,34.96874],[126.96125,34.96764],[126.96131,34.96594],[126.96111,34.96405],[126.96089,34.96202],[126.9609,34.95994],[126.96173,34.95602],[126.96283,34.95188],[126.96361,34.94901],[126.96375,34.9484],[126.96388,34.94794],[126.96401,34.94759],[126.96416,34.94724],[126.96434,34.94691],[126.96454,34.94663],[126.96476,34.94636],[126.965,34.9461],[126.96538,34.94575],[126.96582,34.94539],[126.96618,34.94506],[126.96656,34.94469],[126.967,34.94431],[126.9675,34.94394],[126.96835,34.94347],[126.96937,34.94299],[126.97036,34.94256],[126.97115,34.9422],[126.97152,34.94202],[126.97182,34.94187],[126.97212,34.94174],[126.97245,34.94163],[126.97279,34.94154],[126.97319,34.94145],[126.97372,34.94137],[126.97433,34.94128],[126.97497,34.94123],[126.9756,34.94122],[126.97624,34.9413],[126.9769,34.94145],[126.97753,34.94159],[126.97813,34.94165],[126.97858,34.94162],[126.97901,34.94155],[126.97942,34.94145],[126.9798,34.94131],[126.98012,34.94112],[126.98042,34.9409],[126.98069,34.94066],[126.98095,34.94042],[126.98125,34.94011],[126.98153,34.93979],[126.98181,34.93946],[126.98285,34.9383],[126.98321,34.93792],[126.98354,34.93754],[126.98374,34.93727],[126.98392,34.937],[126.98407,34.93671],[126.98418,34.93642],[126.98426,34.93613],[126.98434,34.9358],[126.98492,34.93384],[126.98515,34.93312],[126.98534,34.93243],[126.98542,34.93206],[126.98548,34.93168],[126.98553,34.93131],[126.98552,34.93098],[126.98544,34.93057],[126.98527,34.9302],[126.98505,34.9299],[126.98479,34.92959],[126.98447,34.92921],[126.98412,34.92878],[126.98381,34.92836],[126.98361,34.92801],[126.98344,34.92767],[126.9833,34.92733],[126.98314,34.92683],[126.98299,34.92624],[126.98167,34.92157],[126.98154,34.92117],[126.98144,34.92085],[126.98137,34.92052],[126.98135,34.92016],[126.98136,34.9198],[126.98139,34.91944],[126.98146,34.91892],[126.98155,34.91837],[126.98182,34.91665],[126.98192,34.91594],[126.98204,34.91525],[126.98217,34.91475],[126.98234,34.91423],[126.98253,34.91376],[126.98273,34.91339],[126.98294,34.91305],[126.98318,34.91272],[126.98352,34.91228],[126.98397,34.91175],[126.98488,34.91069],[126.98612,34.90929],[126.98739,34.90774],[126.98843,34.90625],[126.98899,34.90487],[126.98947,34.90345],[126.98987,34.90208],[126.99016,34.90084],[126.99018,34.9],[126.99008,34.89924],[126.98997,34.89848],[126.98992,34.89767],[126.99008,34.89636],[126.99034,34.89499],[126.99048,34.89348],[126.99024,34.89091],[126.98979,34.88812],[126.98945,34.88617],[126.98938,34.88575],[126.98935,34.88543],[126.9894,34.88505],[126.98953,34.8847],[126.98976,34.88439],[126.99005,34.88408],[126.9908,34.88321],[126.99102,34.88296],[126.99124,34.88272],[126.99143,34.88247],[126.99157,34.88217],[126.99168,34.88185],[126.99175,34.88154],[126.99179,34.88111],[126.9918,34.88064],[126.9918,34.88022],[126.99179,34.87975],[126.99181,34.87928],[126.9919,34.87884],[126.99208,34.8785],[126.99233,34.87819],[126.99259,34.87789],[126.99282,34.87763],[126.99306,34.87731],[126.99327,34.87702],[126.99348,34.87666],[126.99362,34.87627],[126.99366,34.87597],[126.99367,34.87563],[126.99364,34.87529],[126.99357,34.87495],[126.99343,34.87456],[126.99322,34.87416],[126.993,34.87378],[126.99281,34.87343],[126.99258,34.87304],[126.99243,34.87268],[126.9924,34.87226],[126.99247,34.87184],[126.99258,34.87155],[126.99273,34.87126],[126.99291,34.871],[126.99319,34.87064],[126.99354,34.87033],[126.99391,34.87013],[126.99433,34.86997],[126.99477,34.86983],[126.99518,34.86975],[126.99562,34.8697],[126.99611,34.86964],[126.99681,34.86956],[126.99762,34.86949],[126.99847,34.86938],[126.9993,34.86917],[127.00028,34.86874],[127.00128,34.86816],[127.00224,34.86756],[127.00307,34.86705],[127.00351,34.86678],[127.00389,34.86653],[127.00427,34.86631],[127.00468,34.86615],[127.00514,34.86606],[127.00563,34.86602],[127.00613,34.86603],[127.00662,34.86605],[127.00708,34.8661],[127.00753,34.86618],[127.008,34.86627],[127.00852,34.86637],[127.01249,34.86703],[127.01318,34.86716],[127.01382,34.86731],[127.01445,34.86742],[127.01509,34.86746],[127.01572,34.86743],[127.01634,34.86735],[127.01699,34.86721],[127.01768,34.86703],[127.01924,34.86645],[127.02096,34.86571],[127.02266,34.86511],[127.02416,34.86481],[127.02564,34.86462],[127.02683,34.86447],[127.02726,34.86442],[127.02762,34.86438],[127.02795,34.86429],[127.02826,34.86415],[127.02856,34.86397],[127.02886,34.86374],[127.02918,34.86341],[127.0295,34.863],[127.02983,34.86259],[127.03015,34.86224],[127.03048,34.86196],[127.03081,34.86173],[127.03116,34.86151],[127.0317,34.86122],[127.03231,34.86093],[127.03356,34.86027],[127.03501,34.85956],[127.03584,34.85926],[127.03673,34.85898],[127.03759,34.8587],[127.03833,34.85836],[127.03882,34.85803],[127.03925,34.85766],[127.03963,34.85729],[127.03996,34.85691],[127.04021,34.85658],[127.04041,34.85625],[127.0406,34.85592],[127.04083,34.85562],[127.04109,34.85536],[127.04138,34.85513],[127.04168,34.85491],[127.04199,34.85472],[127.04239,34.85451],[127.04281,34.85433],[127.04323,34.85417],[127.04385,34.85398],[127.04454,34.8538],[127.04582,34.85341],[127.04715,34.85306],[127.04774,34.85294],[127.0483,34.85287],[127.04887,34.85283],[127.04942,34.85285],[127.04998,34.85291],[127.0506,34.85297],[127.05401,34.85325],[127.05467,34.85332],[127.05525,34.85336],[127.05567,34.85336],[127.05609,34.85334],[127.0565,34.8533],[127.05687,34.85323],[127.05724,34.85314],[127.0577,34.85303],[127.06205,34.85203],[127.06573,34.85096],[127.06617,34.85084],[127.06657,34.85075],[127.06693,34.85065],[127.06727,34.85051],[127.06761,34.85032],[127.06794,34.85011],[127.06823,34.84987],[127.06848,34.8496],[127.06869,34.84927],[127.06886,34.84888],[127.06899,34.84851],[127.06912,34.84818],[127.06925,34.84786],[127.06939,34.84757],[127.06958,34.84729],[127.06981,34.84703],[127.07005,34.84681],[127.07036,34.84656],[127.07245,34.8448],[127.07274,34.84456],[127.073,34.84435],[127.07324,34.84413],[127.07347,34.84389],[127.07368,34.84363],[127.07387,34.84335],[127.07407,34.84299],[127.07424,34.84259],[127.07442,34.84213],[127.07468,34.84148],[127.07497,34.84073],[127.07521,34.83991],[127.07534,34.83903],[127.07524,34.83765],[127.07494,34.83607],[127.07459,34.83455],[127.07433,34.83337],[127.07422,34.83286],[127.07414,34.83245],[127.07409,34.83204],[127.07407,34.83171],[127.07407,34.83137],[127.07409,34.83103],[127.07414,34.8307],[127.07422,34.83038],[127.07433,34.83006],[127.07446,34.82974],[127.07461,34.82944],[127.07482,34.82907],[127.07505,34.82873],[127.07532,34.82841],[127.07558,34.82816],[127.07586,34.82794],[127.07618,34.82769],[127.07704,34.827],[127.0779,34.82625],[127.07822,34.82594],[127.07851,34.82564],[127.07876,34.82534],[127.07896,34.82503],[127.07907,34.82473],[127.07913,34.82442],[127.07917,34.82411],[127.07919,34.82381],[127.07919,34.82345],[127.07917,34.8231],[127.07914,34.82271],[127.07914,34.82221],[127.07914,34.82163],[127.07912,34.82105],[127.07905,34.82053],[127.07895,34.82016],[127.07882,34.81982],[127.07866,34.8195],[127.07847,34.81918],[127.07825,34.8189],[127.07801,34.81864],[127.07773,34.81837],[127.07741,34.81805],[127.07588,34.81652],[127.0741,34.81453],[127.07139,34.81047],[127.06915,34.80682],[127.06888,34.80643],[127.06866,34.80613],[127.06848,34.80586],[127.06834,34.80556],[127.06823,34.8052],[127.06816,34.80483],[127.06813,34.80447],[127.06815,34.80414],[127.06825,34.80369],[127.06844,34.8033],[127.0687,34.80299],[127.06899,34.80271],[127.06954,34.80212],[127.06983,34.80184],[127.07008,34.80154],[127.07026,34.80118],[127.07037,34.80078],[127.0704,34.80046],[127.07041,34.80011],[127.0704,34.79977],[127.0704,34.79946],[127.07039,34.79912],[127.07041,34.79881],[127.07051,34.79849],[127.07067,34.79817],[127.07085,34.7979],[127.07107,34.79763],[127.07138,34.79736],[127.07189,34.79704],[127.07254,34.79673],[127.07327,34.79643],[127.07402,34.79615],[127.07528,34.79575],[127.07663,34.79539],[127.07784,34.79507],[127.07838,34.79494],[127.07887,34.79484],[127.07933,34.79472],[127.07976,34.79454],[127.08021,34.79426],[127.08063,34.79391],[127.08101,34.79354],[127.08131,34.79314],[127.08151,34.79272],[127.08166,34.79226],[127.08175,34.79182],[127.08179,34.79143],[127.08176,34.79104],[127.08167,34.79069],[127.08155,34.79037],[127.08138,34.78999],[127.08007,34.78687],[127.07994,34.78649],[127.07983,34.78618],[127.07967,34.78589],[127.07941,34.78564],[127.0791,34.78542],[127.07872,34.78521],[127.07813,34.78496],[127.0774,34.78471],[127.07667,34.78446],[127.07608,34.7842],[127.07571,34.78398],[127.07541,34.78375],[127.0751,34.78348],[127.07462,34.78301],[127.07412,34.78247],[127.0737,34.78193],[127.07348,34.78161],[127.0733,34.7813],[127.07315,34.78099],[127.07305,34.78064],[127.07299,34.78022],[127.073,34.77976],[127.07305,34.77929],[127.07312,34.77885],[127.07324,34.77832],[127.07339,34.77781],[127.07356,34.77728],[127.0741,34.77536],[127.07423,34.77494],[127.07435,34.77455],[127.07443,34.77416],[127.07446,34.77375],[127.07445,34.77334],[127.07443,34.77293],[127.07435,34.77232],[127.07425,34.7717],[127.07401,34.77004],[127.07393,34.76958],[127.07389,34.76916],[127.07388,34.76873],[127.07395,34.76828],[127.07407,34.76797],[127.07424,34.76764],[127.07445,34.76732],[127.07468,34.76705],[127.07499,34.76678],[127.07535,34.76656],[127.07574,34.76638],[127.07612,34.76626],[127.07654,34.76617],[127.07698,34.76612],[127.0774,34.76609],[127.07779,34.76611],[127.07816,34.76616],[127.07857,34.76624],[127.07908,34.76632],[127.08286,34.76677],[127.08714,34.7674],[127.08989,34.76808],[127.09207,34.76871],[127.09254,34.76882],[127.09292,34.76891],[127.09329,34.76903],[127.09365,34.76919],[127.09399,34.76938],[127.09435,34.76962],[127.09484,34.77005],[127.09537,34.77059],[127.0959,34.77114],[127.0964,34.77155],[127.09678,34.77177],[127.09715,34.77192],[127.09755,34.77206],[127.09796,34.77221],[127.09842,34.77234],[127.09888,34.77246],[127.09934,34.77254],[127.09973,34.77257],[127.10011,34.77258],[127.10049,34.77256],[127.1009,34.77252],[127.10147,34.77238],[127.10207,34.77218],[127.10267,34.77198],[127.10321,34.77184],[127.10365,34.77177],[127.10406,34.77174],[127.10447,34.77174],[127.10483,34.77176],[127.1052,34.7718],[127.10572,34.77187],[127.12387,34.77366],[127.12462,34.77375],[127.1252,34.77384],[127.1257,34.7739],[127.12623,34.77389],[127.12681,34.77382],[127.12739,34.77369],[127.12795,34.7735],[127.12849,34.77327],[127.12907,34.77289],[127.12963,34.77243],[127.13016,34.77194],[127.13063,34.77152],[127.13091,34.77127],[127.13116,34.77104],[127.13141,34.77083],[127.1317,34.77065],[127.13204,34.7705],[127.13241,34.77037],[127.1328,34.77027],[127.13317,34.77021],[127.13364,34.77019],[127.1341,34.77021],[127.13455,34.77027],[127.13496,34.77036],[127.13537,34.77049],[127.13585,34.77064],[127.13989,34.7718],[127.14053,34.77199],[127.14108,34.77214],[127.14149,34.77223],[127.1419,34.77231],[127.14232,34.77234],[127.14275,34.77233],[127.14319,34.77227],[127.14364,34.77216],[127.14409,34.77199],[127.14457,34.77177],[127.14503,34.77154],[127.14545,34.77138],[127.14592,34.77127],[127.14636,34.77123],[127.14679,34.77127],[127.14728,34.77135],[127.14777,34.77143],[127.14833,34.77153],[127.14894,34.77161],[127.14956,34.77165],[127.15031,34.77159],[127.15111,34.77145],[127.1519,34.77132],[127.15265,34.77124],[127.15328,34.77127],[127.15389,34.77134],[127.15447,34.77141],[127.15497,34.77144],[127.15548,34.7714],[127.15594,34.77129],[127.15636,34.77114],[127.15679,34.77093],[127.15717,34.77069],[127.15746,34.77043],[127.15771,34.77013],[127.15804,34.76975],[127.16331,34.76407],[127.1636,34.76375],[127.16383,34.76348],[127.16404,34.76325],[127.16428,34.76303],[127.16457,34.7628],[127.16488,34.76258],[127.16521,34.76239],[127.16555,34.76223],[127.16589,34.76212],[127.16622,34.76206],[127.1666,34.762],[127.16711,34.76191],[127.18075,34.75911],[127.18285,34.75872],[127.18339,34.75861],[127.1839,34.75853],[127.1843,34.7585],[127.18472,34.75849],[127.18511,34.75851],[127.1856,34.7586],[127.18605,34.75874],[127.18647,34.75896],[127.18684,34.75922],[127.18712,34.7595],[127.18744,34.75986],[127.18853,34.76109],[127.19003,34.76274],[127.19153,34.76418],[127.19267,34.76498],[127.19381,34.76566],[127.19474,34.7662],[127.19508,34.76641],[127.19537,34.76658],[127.19564,34.76677],[127.19591,34.767],[127.19616,34.76724],[127.19637,34.76749],[127.19658,34.76784],[127.19672,34.7682],[127.19679,34.76855],[127.19681,34.76889],[127.19676,34.76921],[127.19668,34.76958],[127.19616,34.77242],[127.19606,34.77286],[127.19601,34.77323],[127.19606,34.77364],[127.19621,34.77404],[127.19642,34.77438],[127.19669,34.77472],[127.19701,34.77503],[127.19731,34.77525],[127.19765,34.77545],[127.19815,34.77574],[127.20864,34.78246],[127.22205,34.79073],[127.22652,34.79305],[127.23059,34.79502],[127.23438,34.79713],[127.23781,34.79968],[127.24104,34.80232],[127.24342,34.80429],[127.24387,34.80466],[127.24421,34.80497],[127.24453,34.80522],[127.24489,34.80546],[127.24533,34.80567],[127.2458,34.80584],[127.24629,34.80599],[127.24677,34.80614],[127.24767,34.8064],[127.24872,34.80668],[127.25546,34.80854],[127.2559,34.80867],[127.25622,34.80877],[127.25656,34.80884],[127.25694,34.80886],[127.25733,34.80885],[127.25771,34.8088],[127.25804,34.80872],[127.25835,34.80861],[127.25879,34.80847],[127.26899,34.80535],[127.2695,34.80518],[127.26987,34.80506],[127.27025,34.80496],[127.2707,34.80491],[127.27115,34.80488],[127.2716,34.80488],[127.27202,34.80491],[127.27243,34.80495],[127.27295,34.805],[127.27794,34.80545],[127.27843,34.80549],[127.27884,34.80551],[127.27923,34.80556],[127.27966,34.80564],[127.28008,34.80575],[127.28047,34.80589],[127.28078,34.80609],[127.28107,34.80633],[127.28139,34.80659],[127.28184,34.8069],[127.28235,34.80724],[127.28285,34.8076],[127.28325,34.80799],[127.2835,34.80839],[127.28368,34.80882],[127.28383,34.80924],[127.28397,34.80962],[127.28414,34.81005],[127.28432,34.81043],[127.28449,34.81071],[127.28468,34.81098],[127.2849,34.81123],[127.28512,34.81145],[127.28536,34.81166],[127.28565,34.81192],[127.28692,34.81312],[127.28844,34.81447],[127.28938,34.81521],[127.29036,34.81591],[127.29143,34.81659],[127.29296,34.81737],[127.29463,34.81812],[127.29607,34.81885],[127.29665,34.81924],[127.29717,34.81964],[127.29763,34.82],[127.29807,34.82028],[127.29842,34.82045],[127.29875,34.82057],[127.29908,34.82067],[127.29941,34.82075],[127.29975,34.82082],[127.30016,34.8209],[127.30096,34.82103],[127.30193,34.82119],[127.30295,34.82139],[127.30387,34.82168],[127.30467,34.82209],[127.30543,34.8226],[127.30612,34.82313],[127.3067,34.82361],[127.3071,34.82395],[127.30743,34.82427],[127.30773,34.82461],[127.30814,34.8251],[127.3086,34.82571],[127.31262,34.83078],[127.31287,34.83112],[127.31309,34.83137],[127.31338,34.83163],[127.31373,34.83184],[127.31408,34.83196],[127.31454,34.83207],[127.31799,34.83305],[127.31908,34.83338],[127.32012,34.83366],[127.32085,34.83382],[127.32159,34.83395],[127.32242,34.83405],[127.32381,34.83412],[127.32536,34.83413],[127.32687,34.83408],[127.32816,34.83394],[127.32941,34.83375],[127.3306,34.83364],[127.3316,34.83365],[127.33256,34.83371],[127.3334,34.8338],[127.33389,34.83387],[127.33432,34.83394],[127.33473,34.83406],[127.3351,34.83423],[127.33543,34.83444],[127.33586,34.8347],[127.33693,34.83525],[127.33831,34.83595],[127.33974,34.83674],[127.34095,34.83757],[127.34166,34.83833],[127.34219,34.83915],[127.34276,34.83999],[127.34354,34.84079],[127.34525,34.84177],[127.34726,34.84284],[127.34939,34.8439],[127.35147,34.84487],[127.35379,34.84535],[127.35628,34.84566],[127.35864,34.84593],[127.3606,34.84631],[127.36156,34.84667],[127.36239,34.84709],[127.36311,34.8475],[127.36376,34.84786],[127.36424,34.84811],[127.36466,34.84833],[127.3651,34.84851],[127.36544,34.84864],[127.36579,34.84875],[127.36616,34.84884],[127.36658,34.84891],[127.36731,34.84898],[127.36813,34.849],[127.36901,34.84898],[127.36989,34.84888],[127.37092,34.84868],[127.372,34.84838],[127.37306,34.84802],[127.37404,34.84764],[127.3748,34.84725],[127.3755,34.84682],[127.37618,34.8464],[127.37685,34.84606],[127.37741,34.84584],[127.37797,34.84566],[127.37851,34.84553],[127.37901,34.84545],[127.37948,34.84543],[127.37992,34.84547],[127.38041,34.84555],[127.38107,34.84577],[127.3818,34.84609],[127.38258,34.8464],[127.38336,34.84661],[127.38412,34.84666],[127.38488,34.84663],[127.38568,34.84656],[127.38657,34.84651],[127.38809,34.84643],[127.38983,34.84633],[127.39154,34.84626],[127.39301,34.84631],[127.39381,34.84642],[127.39454,34.84659],[127.39519,34.84677],[127.39577,34.84692],[127.39622,34.84702],[127.39662,34.84712],[127.39702,34.84719],[127.39745,34.84725],[127.39789,34.84728],[127.39832,34.84726],[127.3987,34.84718],[127.39907,34.84706],[127.39954,34.84691],[127.40097,34.84647],[127.40278,34.84592],[127.40455,34.84547],[127.40603,34.84527],[127.40749,34.84514],[127.40873,34.845],[127.40934,34.84489],[127.40987,34.84477],[127.41038,34.84461],[127.41085,34.84442],[127.41129,34.84418],[127.41186,34.84389],[127.41324,34.84317],[127.41502,34.84223],[127.41695,34.84127],[127.41876,34.84051],[127.42023,34.84008],[127.42174,34.83975],[127.42313,34.8395],[127.42425,34.83927],[127.4247,34.83916],[127.42507,34.83906],[127.42542,34.83898],[127.42578,34.83893],[127.42618,34.83892],[127.42658,34.83894],[127.42698,34.83899],[127.42735,34.83907],[127.42778,34.83921],[127.42817,34.83938],[127.42854,34.8396],[127.42883,34.83981],[127.4291,34.84005],[127.42934,34.8403],[127.42954,34.84054],[127.42974,34.84084],[127.42987,34.84115],[127.42993,34.84143],[127.42998,34.84181],[127.43098,34.84783],[127.43105,34.84828],[127.43109,34.84864],[127.43117,34.84899],[127.43129,34.84938],[127.43144,34.84975],[127.43165,34.8501],[127.43192,34.85038],[127.43224,34.85064],[127.43264,34.85096],[127.43375,34.85188],[127.43513,34.85303],[127.43635,34.85418],[127.4371,34.85512],[127.43774,34.85606],[127.43833,34.85686],[127.4386,34.85718],[127.43884,34.85746],[127.43909,34.85771],[127.43939,34.85794],[127.43975,34.85816],[127.44016,34.85835],[127.44058,34.85853],[127.44099,34.85869],[127.4417,34.85893],[127.44243,34.85915],[127.44435,34.85978],[127.44487,34.85992],[127.44531,34.86009],[127.44569,34.86039],[127.44598,34.86074],[127.44615,34.86111],[127.4463,34.86155],[127.44751,34.86466],[127.45034,34.87313],[127.45047,34.87358],[127.45057,34.87393],[127.45067,34.87424],[127.45082,34.87456],[127.45102,34.87488],[127.45125,34.87518],[127.45152,34.87548],[127.45184,34.87577],[127.45238,34.87614],[127.45302,34.87648],[127.45369,34.87686],[127.45428,34.87735],[127.45495,34.87834],[127.45557,34.87958],[127.4561,34.88078],[127.45649,34.88166],[127.45668,34.88204],[127.45684,34.88234],[127.45704,34.88266],[127.45732,34.88297],[127.45763,34.8832],[127.45802,34.88343],[127.45845,34.88366],[127.45887,34.88388],[127.45959,34.88422],[127.46053,34.88464],[127.47423,34.8909],[127.4749,34.89119],[127.47539,34.89143],[127.47576,34.89163],[127.47612,34.89185],[127.47646,34.89209],[127.47671,34.89233],[127.47694,34.89259],[127.47715,34.89286],[127.47735,34.89314],[127.47756,34.8935],[127.47774,34.89387],[127.47795,34.89431],[127.47967,34.89769],[127.47994,34.89828],[127.48018,34.89883],[127.48044,34.89935],[127.48074,34.8998],[127.48105,34.90012],[127.4814,34.9004],[127.48175,34.90065],[127.48206,34.90088],[127.48241,34.90115],[127.48271,34.90142],[127.48303,34.90175],[127.4833,34.90211],[127.48345,34.90241],[127.48356,34.90273],[127.48363,34.90305],[127.48362,34.90346],[127.48357,34.9039],[127.48353,34.90427],[127.48347,34.90468],[127.48344,34.90512],[127.48346,34.90561],[127.48368,34.90642],[127.48404,34.90732],[127.4844,34.90829],[127.48463,34.90926],[127.48464,34.9103],[127.4845,34.91135],[127.48433,34.91247],[127.48427,34.91369],[127.48443,34.91577],[127.48464,34.91814],[127.48493,34.92048],[127.4853,34.92248],[127.48585,34.92352],[127.48651,34.92439],[127.48722,34.92524],[127.48788,34.92623],[127.48865,34.92778],[127.48944,34.92949],[127.49021,34.93131],[127.4909,34.93323],[127.49121,34.93614],[127.49139,34.93946],[127.49148,34.94252],[127.49155,34.94464],[127.49157,34.94515],[127.49158,34.94552],[127.49162,34.94589],[127.49169,34.9462],[127.49176,34.94651],[127.49187,34.94682],[127.49201,34.94711],[127.4922,34.94739],[127.49243,34.94767],[127.49269,34.94793],[127.49295,34.94816],[127.49329,34.9484],[127.49365,34.9486],[127.4937602,34.9486509]],[[127.5391877,34.9409675],[127.53974,34.94087],[127.5399776,34.9408425]],[[127.5585197,34.9449435],[127.56187,34.94587],[127.56412,34.94653],[127.56604,34.94716],[127.56811,34.94797],[127.57074,34.94907],[127.5800678,34.9529031]],[[127.602729,34.9622154],[127.60476,34.96305],[127.66161,34.98851],[127.66282,34.98907],[127.66363,34.98945],[127.66446,34.98978],[127.66547,34.99011],[127.6665,34.99038],[127.66754,34.99063],[127.66893,34.99088],[127.67072,34.99117],[127.69952,34.99613],[127.70124,34.99639],[127.70262,34.99656],[127.70385,34.99676],[127.70509,34.99709],[127.70641,34.99762],[127.70771,34.99828],[127.70891,34.99896],[127.70993,34.99956],[127.71061,34.99995],[127.71117,35.00032],[127.71176,35.00076],[127.71267,35.00157],[127.71363,35.00252],[127.71449,35.00346],[127.71515,35.00422],[127.71573,35.00499],[127.71628,35.00583],[127.71693,35.00707],[127.71753,35.00844],[127.71808,35.00982],[127.71871,35.01174],[127.71934,35.01394],[127.72274,35.025],[127.72332,35.02699],[127.72387,35.02871],[127.72434,35.02994],[127.72485,35.03117],[127.72543,35.03232],[127.72601,35.03326],[127.72665,35.03414],[127.72732,35.03501],[127.72947,35.03756],[127.73759,35.04716],[127.73902,35.04886],[127.73975,35.04966],[127.74059,35.05048],[127.74225,35.0519],[127.74399,35.05323],[127.74494,35.05386],[127.74585,35.05441],[127.74776,35.05552],[127.76683,35.0665],[127.76965,35.06809],[127.77201,35.06949],[127.77449,35.07112],[127.77684,35.07286],[127.77898,35.07474],[127.781,35.07671],[127.78476,35.08083],[127.80415,35.102],[127.80503,35.10299],[127.80566,35.10371],[127.80635,35.10439],[127.80698,35.10494],[127.80765,35.10546],[127.80836,35.10595],[127.80908,35.10639],[127.80982,35.10676],[127.8106,35.10708],[127.81139,35.10737],[127.81213,35.10761],[127.81291,35.10781],[127.81366,35.10796],[127.81442,35.1081],[127.81674,35.10843],[127.82232,35.10923],[127.85506,35.1137],[127.85684,35.11396],[127.85821,35.11413],[127.85973,35.11422],[127.8614,35.11426],[127.8646,35.11422],[127.86792,35.11408],[127.87016,35.11387],[127.87229,35.11359],[127.8766,35.11287],[127.88546,35.11139],[127.89384,35.11021],[127.89545,35.10997],[127.89688,35.10978],[127.89835,35.10966],[127.89996,35.10963],[127.90323,35.10981],[127.90661,35.11013],[127.9087,35.11038],[127.91065,35.1107],[127.91243,35.11113],[127.91456,35.1117],[127.93325,35.11649],[127.94784,35.11911],[127.9527,35.11998],[127.95746,35.12116],[127.96004,35.12199],[127.96049,35.12215],[127.96091,35.1223],[127.96132,35.12246],[127.96171,35.12265],[127.96208,35.12287],[127.96243,35.12311],[127.96276,35.12337],[127.96308,35.12363],[127.96345,35.12399],[127.9638,35.12436],[127.96421,35.12481],[127.96784,35.12857],[127.96863,35.12934],[127.96941,35.13009],[127.97022,35.13079],[127.97109,35.13145],[127.972,35.13201],[127.97296,35.13249],[127.97399,35.13298],[127.97513,35.13354],[127.98441,35.13833],[127.98655,35.13949],[127.98856,35.14057],[127.99052,35.14149],[127.9923,35.14214],[127.99404,35.14268],[127.9955,35.14312],[127.99642,35.14343],[127.99724,35.14369],[127.99811,35.1439],[127.99904,35.14407],[128.00047,35.14427],[128.002,35.14443],[128.00498,35.14459],[128.03328,35.1461],[128.03684,35.14632],[128.03982,35.14644],[128.04301,35.14638],[128.04637,35.14616],[128.05159,35.14556],[128.05638,35.14492],[128.0581,35.14469],[128.05961,35.14453],[128.06124,35.14443],[128.06287,35.14442],[128.06435,35.14453],[128.06612,35.14471],[128.08114,35.14602],[128.10109,35.14648],[128.10282,35.14649],[128.1042,35.14655],[128.10575,35.14673],[128.10727,35.147],[128.1086,35.14736],[128.11021,35.14784],[128.12588,35.15226],[128.1277,35.15275],[128.12914,35.15309],[128.12975,35.15321],[128.13032,35.1533],[128.13089,35.15337],[128.13146,35.15341],[128.13199,35.1534],[128.13249,35.15335],[128.13306,35.15328],[128.13379,35.1532],[128.15038,35.15171],[128.1525,35.15149],[128.15429,35.15136],[128.1556,35.15134],[128.15692,35.15137],[128.15822,35.15146],[128.15953,35.15164],[128.16084,35.15188],[128.1621,35.15217],[128.1638,35.15264],[128.16544,35.1532],[128.16687,35.15381],[128.16858,35.15459],[128.18583,35.16225],[128.18866,35.16351],[128.19012,35.16408],[128.19161,35.16458],[128.19294,35.16491],[128.19472,35.1653],[128.23247,35.17401],[128.23457,35.17453],[128.2362,35.17487],[128.23811,35.1751],[128.24004,35.1752],[128.24175,35.17518],[128.24391,35.1751],[128.27128,35.17434],[128.27406,35.17423],[128.27632,35.1742],[128.27886,35.17433],[128.28134,35.17461],[128.28357,35.17501],[128.28576,35.17555],[128.28737,35.17602],[128.28898,35.17657],[128.29051,35.17719],[128.29195,35.17789],[128.29331,35.17867],[128.29449,35.17939],[128.29539,35.17998],[128.29621,35.1806],[128.29746,35.18161],[128.29877,35.18279],[128.30042,35.18453],[128.30202,35.18643],[128.30328,35.18825],[128.30465,35.19039],[128.31328,35.20335],[128.31577,35.20736],[128.31812,35.21063],[128.32166,35.21557],[128.32229,35.21643],[128.32282,35.21719],[128.32332,35.21802],[128.32377,35.21889],[128.32418,35.21979],[128.32455,35.22077],[128.32499,35.22213],[128.32548,35.22386],[128.32903,35.23644],[128.32937,35.23776],[128.3297,35.23884],[128.33,35.23961],[128.33034,35.24037],[128.33077,35.24113],[128.3314,35.24204],[128.33214,35.24296],[128.33294,35.24381],[128.33378,35.24457],[128.33469,35.24528],[128.33565,35.24592],[128.33667,35.24649],[128.33774,35.247],[128.33883,35.24746],[128.34031,35.24801],[128.34222,35.24865],[128.36841,35.25786],[128.37029,35.25848],[128.37171,35.2589],[128.3725,35.2591],[128.37325,35.25926],[128.37406,35.25938],[128.37521,35.25949],[128.37645,35.25954],[128.3777,35.25951],[128.37889,35.25942],[128.38009,35.25926],[128.38143,35.25901],[128.38486,35.25809],[128.38903,35.25682],[128.40752,35.25105],[128.40896,35.25058],[128.41013,35.25023],[128.41145,35.2499],[128.41282,35.24963],[128.41444,35.2494],[128.4161,35.24926],[128.41756,35.24925],[128.4194,35.24929],[128.44225,35.24954],[128.44405,35.24954],[128.44548,35.24957],[128.44708,35.24972],[128.44867,35.24994],[128.45013,35.25023],[128.4518,35.2506],[128.46157,35.25267],[128.46286,35.25295],[128.46395,35.25317],[128.46515,35.25335],[128.46637,35.25347],[128.46741,35.2535],[128.46882,35.25351],[128.50516,35.25411],[128.50671,35.25415],[128.50787,35.25415],[128.50855,35.25413],[128.50922,35.25411],[128.5099,35.25405],[128.51057,35.25395],[128.5113,35.25378],[128.51203,35.25357],[128.51276,35.25332],[128.51346,35.25304],[128.51433,35.25264],[128.51517,35.25219],[128.51599,35.25173],[128.51838,35.25024],[128.54979,35.23073],[128.55137,35.22972],[128.5526,35.22899],[128.55419,35.22822],[128.55571,35.22761],[128.55656,35.22732],[128.55738,35.22711],[128.55831,35.22691],[128.55928,35.22676],[128.55991,35.22669],[128.56055,35.22665],[128.56125,35.22666],[128.56238,35.22675],[128.56361,35.22692],[128.56467,35.22713],[128.56518,35.22727],[128.56562,35.22743],[128.56609,35.22763],[128.56683,35.22798],[128.56763,35.22842],[128.56844,35.22892],[128.56936,35.22961],[128.57029,35.23039],[128.57119,35.23119],[128.57376,35.2336],[128.58053,35.23996],[128.58124,35.24065],[128.58184,35.2412],[128.58252,35.24176],[128.58329,35.24234],[128.58466,35.24329],[128.5862,35.24427],[128.58764,35.24507],[128.58933,35.24596],[128.5923,35.24749],[128.59591,35.24938],[128.5995,35.25146],[128.5999835,35.2518686]],[[128.6130117,35.2635446],[128.6132,35.26369],[128.61391,35.26412],[128.61464,35.26448],[128.61533,35.26481],[128.61596,35.26511],[128.61668,35.26546],[128.61734,35.26581],[128.61784,35.26613],[128.61834,35.26648],[128.6188,35.26684],[128.61906,35.26709],[128.61928,35.26735],[128.61951,35.26761],[128.6198,35.26786],[128.62031,35.26821],[128.62091,35.26855],[128.62154,35.26888],[128.62215,35.26918],[128.62285,35.26949],[128.62354,35.26976],[128.62421,35.26998],[128.62475,35.27012],[128.62528,35.27021],[128.62582,35.27029],[128.62655,35.27036],[128.62746,35.27043],[128.63771,35.27127],[128.63931,35.27142],[128.64069,35.27152],[128.64215,35.27156],[128.6437,35.27155],[128.64606,35.27139],[128.64864,35.27115],[128.65175,35.27092],[128.65476,35.27059],[128.65618,35.27032],[128.65749,35.27001],[128.65877,35.26962],[128.65991,35.26918],[128.66101,35.26866],[128.66245,35.26799],[128.68452,35.25824],[128.68579,35.2577],[128.68675,35.25725],[128.68781,35.25667],[128.68883,35.25605],[128.68982,35.25539],[128.69079,35.25466],[128.69191,35.25371],[128.69299,35.25268],[128.69387,35.25169],[128.69486,35.25047],[128.70303,35.24085],[128.70392,35.23978],[128.70468,35.23891],[128.70563,35.23802],[128.70666,35.23719],[128.70785,35.23635],[128.70911,35.23557],[128.71045,35.23486],[128.71183,35.23422],[128.71317,35.2337],[128.71453,35.23324],[128.7159,35.23285],[128.71728,35.23252],[128.71851,35.2323],[128.72011,35.23206],[128.74953,35.22724],[128.75095,35.22699],[128.75204,35.22683],[128.75268,35.22676],[128.75333,35.22669],[128.75397,35.22666],[128.75459,35.22667],[128.75519,35.22674],[128.75577,35.22686],[128.75634,35.227],[128.75686,35.22718],[128.75728,35.22735],[128.75768,35.22755],[128.75804,35.22777],[128.75839,35.22801],[128.75873,35.22828],[128.75905,35.22857],[128.75935,35.22887],[128.75962,35.22919],[128.75992,35.22963],[128.76018,35.23009],[128.76045,35.23058],[128.76172,35.23268],[128.76227,35.23356],[128.76277,35.23443],[128.76298,35.23489],[128.76319,35.23536],[128.76335,35.23583],[128.76346,35.23631],[128.7635,35.23678],[128.7635,35.23724],[128.76344,35.23772],[128.76334,35.23822],[128.7631,35.23891],[128.76275,35.23964],[128.7626278,35.2398778]],[[128.7620317,35.2650602],[128.76452,35.27042],[128.76485,35.2711],[128.76509,35.27164],[128.76525,35.27205],[128.76539,35.27246],[128.76549,35.27291],[128.76555,35.27344],[128.76558,35.27402],[128.76557,35.27462],[128.7655,35.27523],[128.76533,35.27594],[128.76506,35.27668],[128.76478,35.27741],[128.76453,35.27805],[128.76427,35.27878],[128.76405,35.27946],[128.76392,35.27998],[128.76382,35.28052],[128.76378,35.2811],[128.76379,35.28173],[128.76385,35.28242],[128.76395,35.2831],[128.7641,35.28373],[128.76426,35.28419],[128.76445,35.28461],[128.76466,35.28502],[128.76489,35.28542],[128.76532,35.28611],[128.76592,35.28702],[128.77873,35.30671],[128.77919,35.30745],[128.77952,35.30799],[128.77989,35.3085],[128.78033,35.30903],[128.78081,35.30954],[128.78141,35.31008],[128.78265,35.31101],[128.78414,35.31198],[128.78551,35.3128],[128.78608,35.31311],[128.7866,35.31338],[128.78712,35.31361],[128.78769,35.31381],[128.78842,35.31402],[128.78919,35.3142],[128.79,35.31434],[128.79082,35.31442],[128.79174,35.31444],[128.79272,35.31438],[128.79366,35.3143],[128.79449,35.31424],[128.79514,35.31419],[128.79572,35.31415],[128.79629,35.31414],[128.7969,35.31417],[128.79751,35.31423],[128.79808,35.31431],[128.79849,35.3144],[128.79886,35.31451],[128.79925,35.31465],[128.79971,35.31485],[128.80018,35.31509],[128.80061,35.31535],[128.801,35.31563],[128.80135,35.31593],[128.80168,35.31625],[128.80196,35.31657],[128.80221,35.31691],[128.80243,35.31726],[128.80263,35.31765],[128.80279,35.31806],[128.80293,35.31847],[128.80308,35.31901],[128.80324,35.31971],[128.80634,35.33201],[128.80953,35.34351],[128.8109,35.34765],[128.8122,35.35202],[128.81377,35.36086],[128.81511,35.36964],[128.81662,35.37749],[128.81677,35.37834],[128.81692,35.37905],[128.81706,35.37956],[128.81722,35.38008],[128.81742,35.38057],[128.81764,35.38102],[128.81789,35.38145],[128.81818,35.38187],[128.81855,35.38232],[128.81896,35.38277],[128.8193918,35.383173]]]}},{"type":"Feature","properties":{"c":"main","n":"경전선","g":"kr","jk":"main","nz":"庆全线","ne":"Gyeongjeon Line","off":-0.5},"geometry":{"type":"MultiLineString","coordinates":[[[127.5435649,34.9408817],[127.54385,34.94093],[127.54443,34.94104],[127.54518,34.94124],[127.54614,34.94152],[127.5546644,34.9438773]],[[127.5837676,34.9544235],[127.5990292,34.960695]],[[128.6030386,35.2544505],[128.60318,35.25457],[128.60686,35.25794],[128.6099,35.26074],[128.6100408,35.2608705]],[[128.7610511,35.2435462],[128.76091,35.24404],[128.76056,35.24572],[128.759,35.25316],[128.75882,35.25399],[128.75868,35.25468],[128.75861,35.2552],[128.75855,35.25572],[128.75853,35.25623],[128.75855,35.25665],[128.7586,35.25706],[128.75868,35.25747],[128.75881,35.25793],[128.75897,35.2584],[128.75916,35.25886],[128.75942,35.25946],[128.75978,35.26021],[128.7603474,35.2614321]]]}},{"type":"Feature","properties":{"c":"main","n":"경전선","g":"kr","jk":"main","nz":"庆全线","ne":"Gyeongjeon Line","off":-0.375},"geometry":{"type":"MultiLineString","coordinates":[[[127.5423725,34.9407584],[127.54265,34.94077],[127.54326,34.94083],[127.5435649,34.9408817]],[[127.5546644,34.9438773],[127.5559495,34.9442327]],[[127.5825343,34.9539167],[127.5837676,34.9544235]],[[127.5990292,34.960695],[127.6002625,34.9612018]],[[128.6020203,35.2535899],[128.6030386,35.2544505]],[[128.6100408,35.2608705],[128.61085,35.26162],[128.6110159,35.2617798]],[[128.7614848,35.2422864],[128.76144,35.24239],[128.76115,35.2432],[128.7610511,35.2435462]],[[128.7603474,35.2614321],[128.7609088,35.2626415]]]}},{"type":"Feature","properties":{"c":"main","n":"경전선","g":"kr","jk":"main","nz":"庆全线","ne":"Gyeongjeon Line","off":-0.25},"geometry":{"type":"MultiLineString","coordinates":[[[127.5411729,34.94074],[127.54193,34.94074],[127.5423725,34.9407584]],[[127.5559495,34.9442327],[127.5572346,34.9445881]],[[127.5813011,34.9534099],[127.5825343,34.9539167]],[[127.6002625,34.9612018],[127.6014957,34.9617086]],[[128.6010019,35.2527293],[128.6020203,35.2535899]],[[128.6110159,35.2617798],[128.61166,35.2624],[128.6119854,35.262695]],[[128.7620358,35.2410724],[128.76173,35.24172],[128.7614848,35.2422864]],[[128.7609088,35.2626415],[128.7614703,35.2638508]]]}},{"type":"Feature","properties":{"c":"main","n":"경전선","g":"kr","jk":"main","nz":"庆全线","ne":"Gyeongjeon Line","off":-0.125},"geometry":{"type":"MultiLineString","coordinates":[[[127.5399776,34.9408425],[127.54043,34.94079],[127.54117,34.94074],[127.5411729,34.94074]],[[127.5572346,34.9445881],[127.5585197,34.9449435]],[[127.5800678,34.9529031],[127.5813011,34.9534099]],[[127.6014957,34.9617086],[127.602729,34.9622154]],[[128.5999835,35.2518686],[128.6010019,35.2527293]],[[128.6119854,35.262695],[128.61241,35.26308],[128.6130117,35.2635446]],[[128.7626278,35.2398778],[128.76238,35.24036],[128.76207,35.241],[128.7620358,35.2410724]],[[128.7614703,35.2638508],[128.7620317,35.2650602]]]}},{"type":"Feature","properties":{"c":"main","n":"경전선","g":"kr","jk":"main","nz":"庆全线","ne":"Gyeongjeon Line","off":0.125},"geometry":{"type":"MultiLineString","coordinates":[[[127.4937602,34.9486509],[127.49404,34.94878],[127.49441,34.9489],[127.4948,34.94901],[127.4950268,34.9490542]],[[127.5380044,34.9411669],[127.53824,34.94113],[127.53906,34.94099],[127.5391877,34.9409675]],[[128.8193918,35.383173],[128.81941,35.38319],[128.81994,35.3836],[128.8204739,35.3839498]]]}},{"type":"Feature","properties":{"c":"main","n":"경전선","g":"kr","jk":"main","nz":"庆全线","ne":"Gyeongjeon Line","off":0.25},"geometry":{"type":"MultiLineString","coordinates":[[[127.4950268,34.9490542],[127.49521,34.94909],[127.49563,34.94913],[127.49613,34.94913],[127.4963538,34.9491093]],[[127.5368188,34.9413523],[127.5380044,34.9411669]],[[128.8204739,35.3839498],[128.82052,35.38398],[128.82113,35.38433],[128.8216408,35.3845939]]]}},{"type":"Feature","properties":{"c":"main","n":"경전선","g":"kr","jk":"main","nz":"庆全线","ne":"Gyeongjeon Line","off":0.375},"geometry":{"type":"MultiLineString","coordinates":[[[127.4963538,34.9491093],[127.49667,34.94908],[127.4972,34.94899],[127.4976633,34.9488719]],[[127.5356333,34.9415378],[127.5368188,34.9413523]],[[128.8216408,35.3845939],[128.82173,35.38464],[128.82236,35.38491],[128.8228606,35.3851317]]]}},{"type":"Feature","properties":{"c":"main","n":"경전선","g":"kr","jk":"main","nz":"庆全线","ne":"Gyeongjeon Line","off":0.5},"geometry":{"type":"MultiLineString","coordinates":[[[127.4976633,34.9488719],[127.49771,34.94886],[127.49815,34.94869],[127.49856,34.94848],[127.49899,34.94824],[127.49952,34.94796],[127.50685,34.94433],[127.50799,34.94374],[127.509,34.94326],[127.50956,34.94303],[127.51013,34.9428],[127.51072,34.94261],[127.51131,34.94248],[127.51189,34.94242],[127.51245,34.94243],[127.51307,34.94247],[127.51382,34.9425],[127.52327,34.94258],[127.52534,34.94262],[127.52719,34.94261],[127.52906,34.94248],[127.53108,34.94225],[127.5356333,34.9415378]],[[128.8228606,35.3851317],[128.82306,35.38522],[128.82703,35.38703],[128.82934,35.38816],[128.83139,35.38925],[128.83233,35.38985],[128.83309,35.39037],[128.83354,35.39064],[128.83394,35.39092],[128.83423,35.39118],[128.8345,35.39146],[128.83474,35.39175],[128.83498,35.39214],[128.83515,35.39254],[128.83522,35.39295],[128.83526,35.3934],[128.83547,35.39511],[128.8355,35.3955],[128.83553,35.39585],[128.83561,35.39619],[128.83577,35.39653],[128.83597,35.39685],[128.83622,35.39716],[128.83651,35.39747],[128.83685,35.39775],[128.83724,35.39801],[128.83768,35.39821],[128.83819,35.39837],[128.83872,35.39851],[128.83925,35.39863],[128.83977,35.39869],[128.84029,35.39873],[128.84082,35.39874],[128.84139,35.39877],[128.84444,35.39898],[128.84575,35.39905],[128.84703,35.39915],[128.84831,35.39936],[128.84959,35.39962]]]}},{"type":"Feature","properties":{"c":"main","n":"경전선","g":"kr","jk":"main","nz":"庆全线","ne":"Gyeongjeon Line","off":-0.5},"geometry":{"type":"LineString","coordinates":[[127.605,34.96155],[127.60513,34.96156]]}},{"type":"Feature","properties":{"c":"main","n":"경춘선","g":"kr","jk":"main","lc":"#37b366","nz":"京春线","ne":"Gyeongchun Line"},"geometry":{"type":"LineString","coordinates":[[127.72045,37.89045],[127.71969,37.88952],[127.71896,37.88857],[127.7184,37.88763],[127.71779,37.88655],[127.71439,37.88068],[127.71419,37.88034],[127.71403,37.8801],[127.7139,37.87984],[127.71379,37.87956],[127.7137,37.87927],[127.71365,37.87894],[127.71363,37.87851],[127.71364,37.87801],[127.7137,37.87749],[127.71378,37.87699],[127.71394,37.87637],[127.71416,37.87575],[127.71439,37.8751],[127.71519,37.8726],[127.71582,37.87064],[127.716,37.87015],[127.71617,37.86965],[127.71637,37.86917],[127.71662,37.86872],[127.7169,37.86834],[127.7172,37.86799],[127.71754,37.86766],[127.71791,37.86735],[127.71829,37.8671],[127.71868,37.86689],[127.71913,37.86667],[127.71968,37.86639],[127.72834,37.86167],[127.72943,37.8611],[127.73031,37.8606],[127.73077,37.86029],[127.73123,37.85996],[127.73165,37.85962],[127.73202,37.85928],[127.73229,37.85898],[127.73252,37.85867],[127.73272,37.85836],[127.73289,37.85803],[127.73309,37.85758],[127.73324,37.85711],[127.73338,37.85657],[127.73363,37.85546],[127.73387,37.85418],[127.73399,37.85303],[127.73399,37.85242],[127.73393,37.85187],[127.73382,37.85133],[127.73366,37.85079],[127.73345,37.85027],[127.73321,37.84968],[127.73202,37.84648],[127.73174,37.84575],[127.73147,37.84508],[127.73125,37.84439],[127.73111,37.84369],[127.73102,37.84297],[127.73095,37.84223],[127.73085,37.83958],[127.73084,37.83911],[127.73084,37.83868],[127.7308,37.83825],[127.7307,37.83776],[127.73055,37.83727],[127.73037,37.83679],[127.73017,37.83636],[127.72994,37.83596],[127.72969,37.83556],[127.72931,37.83501],[127.72886,37.83439],[127.72663,37.83126],[127.72569,37.82963],[127.72473,37.82788],[127.72375,37.82634],[127.72303,37.82546],[127.72228,37.8247],[127.7215,37.82397],[127.72027,37.82298],[127.71881,37.82189],[127.71061,37.81555],[127.70824,37.81372],[127.70702,37.81285],[127.70572,37.81202],[127.70473,37.81144],[127.70367,37.81088],[127.70249,37.81033],[127.70077,37.80965],[127.69884,37.80899],[127.69682,37.80843],[127.69451,37.80795],[127.69208,37.80756],[127.68944,37.80727],[127.68586,37.80712],[127.68195,37.80713],[127.67736,37.8071],[127.64384,37.80592],[127.63,37.80561],[127.62886,37.80557],[127.62795,37.80553],[127.62706,37.80555],[127.62608,37.80564],[127.62512,37.80578],[127.62416,37.80597],[127.6227,37.80633],[127.62132,37.80676],[127.62063,37.80702],[127.61998,37.80729],[127.61931,37.80761],[127.61844,37.80811],[127.61754,37.80868],[127.61672,37.80931],[127.616,37.80999],[127.61535,37.81072],[127.61476,37.81148],[127.61402,37.81255],[127.61322,37.81384],[127.60716,37.82318],[127.60629,37.82452],[127.60581,37.82518],[127.60529,37.8258],[127.60477,37.8263],[127.60417,37.8268],[127.60368,37.82718],[127.60313,37.82759],[127.60254,37.82798],[127.60195,37.82832],[127.60141,37.82857],[127.60086,37.82878],[127.60029,37.82897],[127.59972,37.82913],[127.599,37.82927],[127.59825,37.82937],[127.59731,37.8295],[127.58515,37.83135],[127.5836,37.83157],[127.58231,37.83179],[127.58097,37.83214],[127.57959,37.83259],[127.57829,37.83309],[127.57692,37.83366],[127.57567,37.83411],[127.57509,37.83427],[127.57454,37.83441],[127.57403,37.83451],[127.57355,37.83458],[127.57314,37.83461],[127.57276,37.8346],[127.57233,37.83459],[127.57128,37.83456],[127.57007,37.83447],[127.56839,37.83421],[127.56638,37.83382],[127.55639,37.83175],[127.55146,37.83061],[127.54689,37.82944],[127.54419,37.82861],[127.5413,37.82763],[127.52315,37.82131],[127.52114,37.82061],[127.52016,37.82022],[127.51922,37.81978],[127.51844,37.81931],[127.5175,37.8187],[127.50642,37.81176],[127.50572,37.81134],[127.50518,37.81102],[127.50469,37.81068],[127.50419,37.81025],[127.50373,37.8098],[127.50329,37.80933],[127.50272,37.80867],[127.50207,37.80787],[127.49958,37.80477],[127.49635,37.80104],[127.49254,37.79742],[127.48817,37.7935],[127.4728,37.77936],[127.47174,37.77834],[127.47087,37.77757],[127.46981,37.77675],[127.46867,37.77598],[127.4673,37.77518],[127.46589,37.77445],[127.46466,37.7739],[127.46343,37.77343],[127.46223,37.77302],[127.46099,37.77263],[127.458,37.77166],[127.45733,37.77146],[127.45671,37.77127],[127.45611,37.77105],[127.45552,37.77077],[127.45495,37.77046],[127.45443,37.77014],[127.45402,37.76986],[127.45363,37.76957],[127.45328,37.76926],[127.45298,37.76896],[127.45272,37.76863],[127.45237,37.76822],[127.45032,37.76591],[127.4482,37.76342],[127.44743,37.76237],[127.44686,37.76152],[127.44658,37.76114],[127.44635,37.7608],[127.44615,37.76041],[127.44599,37.76001],[127.44589,37.75966],[127.44578,37.75919],[127.44265,37.74724],[127.44246,37.74643],[127.44232,37.7458],[127.44212,37.74518],[127.44189,37.74469],[127.44163,37.7442],[127.44133,37.74373],[127.44099,37.74328],[127.44064,37.74287],[127.44025,37.74249],[127.43981,37.74212],[127.43928,37.74173],[127.43821,37.74107],[127.4369,37.74038],[127.43549,37.73968],[127.43412,37.739],[127.4288,37.73647],[127.403,37.72418],[127.40127,37.72338],[127.39993,37.72272],[127.39848,37.72191],[127.39708,37.72102],[127.39564,37.71997],[127.39428,37.71885],[127.39313,37.71777],[127.39206,37.71662],[127.39147,37.71594],[127.39088,37.71522],[127.39034,37.71447],[127.3899,37.7137],[127.38961,37.71293],[127.38942,37.71217],[127.38926,37.71134],[127.38904,37.71038],[127.38657,37.70084],[127.38628,37.6996],[127.38598,37.69857],[127.38554,37.6975],[127.38496,37.69639],[127.38373,37.69459],[127.3825,37.69279],[127.38207,37.69205],[127.3817,37.69136],[127.3814,37.69066],[127.38117,37.68998],[127.38101,37.68928],[127.3808,37.68841],[127.3782,37.67863],[127.37808,37.67813],[127.37799,37.67777],[127.37787,37.67741],[127.37769,37.67702],[127.37747,37.67663],[127.37723,37.67626],[127.37698,37.67591],[127.3767,37.67557],[127.37637,37.67524],[127.37592,37.67484],[127.37541,37.67446],[127.3749,37.67411],[127.3745,37.67386],[127.37411,37.67365],[127.3737,37.67346],[127.37332,37.67331],[127.37293,37.6732],[127.37235,37.67301],[127.36473,37.67059],[127.35277,37.66674],[127.34233,37.66319],[127.33777,37.66103],[127.33384,37.65899],[127.33057,37.65724],[127.32634,37.65486],[127.3256,37.65442],[127.32494,37.65402],[127.32423,37.65366],[127.32331,37.6533],[127.32233,37.65298],[127.32139,37.65272],[127.32067,37.65257],[127.31999,37.65247],[127.31928,37.65241],[127.31853,37.65238],[127.31776,37.65239],[127.31699,37.65242],[127.3147,37.65256],[127.3041,37.65322],[127.30061,37.65344],[127.29946,37.65354],[127.29832,37.65367],[127.29714,37.65387],[127.29557,37.65424],[127.29394,37.65471],[127.29244,37.65521],[127.29095,37.65578],[127.28952,37.65646],[127.28745,37.65771],[127.28549,37.65897],[127.28445,37.65964],[127.28347,37.66022],[127.28295,37.66051],[127.28242,37.66078],[127.28186,37.66104],[127.28127,37.66125],[127.28054,37.66145],[127.27974,37.66162],[127.27894,37.66173],[127.27819,37.6618],[127.27761,37.66181],[127.27705,37.66178],[127.2765,37.66173],[127.27596,37.66166],[127.27488,37.66146],[127.27378,37.66122],[127.27096,37.66065],[127.26854,37.66016],[127.26738,37.65988],[127.26618,37.65952],[127.26441,37.65886],[127.26255,37.65803],[127.26107,37.65719],[127.25956,37.65624],[127.25811,37.65543],[127.25699,37.65494],[127.2559,37.65454],[127.25493,37.65422],[127.25407,37.65397],[127.25324,37.65379],[127.25224,37.65364],[127.2512,37.65354],[127.25029,37.65348],[127.24915,37.65344],[127.23549,37.65278],[127.23437,37.65274],[127.23349,37.65268],[127.23251,37.65258],[127.23152,37.65242],[127.23077,37.65226],[127.23002,37.65207],[127.22925,37.65184],[127.22839,37.65153],[127.22752,37.65116],[127.22669,37.65075],[127.22594,37.65031],[127.22522,37.64983],[127.22451,37.64929],[127.22329,37.64821],[127.222,37.64692],[127.21723,37.64185],[127.21671,37.64128],[127.21627,37.64082],[127.21574,37.64035],[127.21516,37.63989],[127.21436,37.63938],[127.21348,37.6389],[127.2126,37.63851],[127.21169,37.63817],[127.21076,37.63792],[127.2098,37.63771],[127.20892,37.63756],[127.20786,37.63739],[127.19812,37.63578],[127.19749,37.63566],[127.197,37.63557],[127.19651,37.63551],[127.19598,37.63548],[127.19544,37.63548],[127.19487,37.63551],[127.19412,37.6356],[127.19334,37.63572],[127.19262,37.63588],[127.19214,37.63601],[127.19171,37.63617],[127.19127,37.63636],[127.19059,37.63673],[127.18988,37.63717],[127.18928,37.63759],[127.18896,37.63783],[127.18869,37.63807],[127.18843,37.63833],[127.18809,37.63873],[127.18776,37.63918],[127.18746,37.63964],[127.18711,37.64032],[127.18677,37.64105],[127.18568,37.64327],[127.1853,37.64406],[127.18492,37.64482],[127.18464,37.64532],[127.18433,37.64582],[127.18398,37.6463],[127.18359,37.64674],[127.18315,37.64717],[127.18264,37.64759],[127.18185,37.64815],[127.18093,37.64871],[127.17989,37.64934],[127.17377,37.65294],[127.1728,37.65352],[127.17195,37.65401],[127.17131,37.65435],[127.17065,37.65466],[127.17,37.65493],[127.16942,37.65511],[127.16885,37.65524],[127.16828,37.65535],[127.16779,37.65543],[127.1673,37.65548],[127.16676,37.65549],[127.16607,37.65547],[127.16529,37.65541],[127.1645,37.65531],[127.16375,37.65516],[127.16312,37.65497],[127.16253,37.65473],[127.16192,37.65445],[127.16125,37.65417],[127.15891,37.65321],[127.15624,37.65218],[127.1531,37.65117],[127.14954,37.65009],[127.14311,37.64818],[127.13612,37.64591],[127.12853,37.64279],[127.12236,37.64007],[127.12098,37.6395],[127.11988,37.63901],[127.11906,37.63861],[127.11827,37.63819],[127.11756,37.63775],[127.11707,37.63737],[127.11665,37.63699],[127.11627,37.6366],[127.11598,37.63626],[127.11572,37.63591],[127.11549,37.63555],[127.11531,37.6352],[127.11516,37.63484],[127.11496,37.6344],[127.11415,37.63251],[127.113,37.63015],[127.11035,37.62607],[127.10777,37.62237],[127.10644,37.6204],[127.10533,37.61836],[127.10427,37.61589],[127.10398,37.61526],[127.10373,37.61466],[127.10351,37.61393],[127.10334,37.61319],[127.10326,37.61254],[127.10324,37.6119],[127.10325,37.61129],[127.10329,37.61061],[127.1033554,37.6089809]]}},{"type":"Feature","properties":{"c":"main","n":"경춘선","g":"kr","jk":"main","lc":"#37b366","nz":"京春线","ne":"Gyeongchun Line","off":0.125},"geometry":{"type":"LineString","coordinates":[[127.1033554,37.6089809],[127.1033783,37.60841]]}},{"type":"Feature","properties":{"c":"main","n":"경춘선","g":"kr","jk":"main","lc":"#37b366","nz":"京春线","ne":"Gyeongchun Line","off":0.25},"geometry":{"type":"LineString","coordinates":[[127.1033783,37.60841],[127.1034,37.60787],[127.103402,37.607839]]}},{"type":"Feature","properties":{"c":"main","n":"경춘선","g":"kr","jk":"main","lc":"#37b366","nz":"京春线","ne":"Gyeongchun Line","off":0.375},"geometry":{"type":"LineString","coordinates":[[127.103402,37.607839],[127.10343,37.60741],[127.1034406,37.6072689]]}},{"type":"Feature","properties":{"c":"main","n":"경춘선","g":"kr","jk":"main","lc":"#37b366","nz":"京春线","ne":"Gyeongchun Line","off":0.5},"geometry":{"type":"LineString","coordinates":[[127.1034406,37.6072689],[127.10346,37.60701],[127.1034524,37.6066983]]}},{"type":"Feature","properties":{"c":"main","n":"경춘선","g":"kr","jk":"main","lc":"#37b366","nz":"京春线","ne":"Gyeongchun Line","off":0.625},"geometry":{"type":"LineString","coordinates":[[127.1034524,37.6066983],[127.10345,37.6066],[127.1034,37.60617],[127.1033909,37.6061309]]}},{"type":"Feature","properties":{"c":"main","n":"경춘선","g":"kr","jk":"main","lc":"#37b366","nz":"京春线","ne":"Gyeongchun Line","off":0.75},"geometry":{"type":"LineString","coordinates":[[127.1033909,37.6061309],[127.1033,37.60574],[127.1032474,37.6055782]]}},{"type":"Feature","properties":{"c":"main","n":"경춘선","g":"kr","jk":"main","lc":"#37b366","nz":"京春线","ne":"Gyeongchun Line","off":0.875},"geometry":{"type":"LineString","coordinates":[[127.1032474,37.6055782],[127.10317,37.60534],[127.1030389,37.605047]]}},{"type":"Feature","properties":{"c":"main","n":"경춘선","g":"kr","jk":"main","lc":"#37b366","nz":"京春线","ne":"Gyeongchun Line","off":1.0},"geometry":{"type":"LineString","coordinates":[[127.1030389,37.605047],[127.103,37.60496],[127.10276,37.60458],[127.1025,37.60427],[127.10219,37.60393],[127.10184,37.6036],[127.10148,37.6033],[127.10113,37.60306],[127.10077,37.60284],[127.10038,37.60264],[127.09993,37.60243],[127.09887,37.60197],[127.09764,37.60151],[127.0964,37.60112],[127.09521,37.60085],[127.09401,37.60064],[127.09291,37.6004],[127.09215,37.60015],[127.09146,37.59989],[127.09077,37.59962]]}},{"type":"Feature","properties":{"c":"main","n":"과천선","g":"kr","jk":"main","nz":"果川线","ne":"Gwacheon Line"},"geometry":{"type":"LineString","coordinates":[[126.9393606,37.3826422],[126.93943,37.38274],[126.93969,37.38304],[126.94002,37.38334],[126.94054,37.38369],[126.94117,37.38405],[126.94184,37.38441],[126.94245,37.38478],[126.94339,37.38545],[126.94437,37.38619],[126.94518,37.38685],[126.94608,37.38759],[126.94707,37.38833],[126.94818,37.38901],[126.94972,37.38966],[126.95142,37.39022],[126.9533,37.39079],[126.95538,37.39144],[126.97233,37.39719],[126.97356,37.3976],[126.97397,37.39775],[126.97438,37.3979],[126.97475,37.39807],[126.97519,37.39834],[126.97559,37.39867],[126.9759,37.39895],[126.97622,37.39929],[126.97652,37.39967],[126.97676,37.40009],[126.97694,37.40076],[126.97701,37.40153],[126.97706,37.40235],[126.97716,37.40317],[126.97769,37.40504],[126.97831,37.40711],[126.97912,37.4107],[126.98,37.41418],[126.98064,37.41583],[126.98136,37.41728],[126.98215,37.41868],[126.98301,37.41997],[126.98375,37.42091],[126.98454,37.42177],[126.98539,37.42255],[126.98636,37.4234],[126.98838,37.42515],[126.99059,37.42718],[126.99295,37.42977],[126.99477,37.43189],[126.99504,37.43222],[126.99528,37.43246],[126.99561,37.43267],[126.99601,37.43285],[126.99636,37.43296],[126.99674,37.43308],[126.99715,37.43317],[126.99756,37.43324],[126.99795,37.43327],[126.99834,37.43327],[126.99874,37.43326],[126.99918,37.43325],[127.00204,37.43327],[127.00252,37.43326],[127.00294,37.43325],[127.00336,37.43328],[127.00379,37.43336],[127.00422,37.43347],[127.0046,37.43362],[127.00492,37.4338],[127.0052,37.434],[127.00546,37.43422],[127.00566,37.43446],[127.00582,37.43471],[127.00602,37.43501],[127.00739,37.43692],[127.00761,37.43721],[127.00782,37.43747],[127.00801,37.43773],[127.00816,37.438],[127.00827,37.4383],[127.00835,37.43861],[127.0084,37.43892],[127.00842,37.43923],[127.00841,37.43953],[127.00838,37.43982],[127.00832,37.44013],[127.00827,37.44047],[127.00796,37.44303],[127.00793,37.44344],[127.00787,37.44379],[127.00772,37.44415],[127.00753,37.4445],[127.00732,37.4448],[127.00704,37.44516],[127.00373,37.44965],[127.00334,37.45022],[127.00301,37.45073],[127.00267,37.4512],[127.00226,37.45164],[127.00176,37.45205],[127.00121,37.45242],[127.00061,37.45276],[126.99999,37.45308],[126.99923,37.45339],[126.99839,37.45366],[126.99758,37.45393],[126.99688,37.45422],[126.99645,37.45443],[126.99608,37.45465],[126.99574,37.45489],[126.99539,37.4552],[126.99484,37.45589],[126.9943,37.45676],[126.99377,37.45765],[126.99323,37.4584],[126.99271,37.45892],[126.99218,37.45935],[126.9917,37.45981],[126.99111,37.46052],[126.9906,37.46127],[126.9902,37.46202],[126.98979,37.46285],[126.98812,37.46611]]}},{"type":"Feature","properties":{"c":"main","n":"과천선","g":"kr","jk":"main","nz":"果川线","ne":"Gwacheon Line","off":-0.5},"geometry":{"type":"LineString","coordinates":[[126.94053,37.38353],[126.94014,37.38323],[126.93979,37.38292],[126.93958,37.38259],[126.93941,37.38221],[126.93926,37.38177],[126.93913,37.38127],[126.93906,37.38082],[126.93905,37.38042],[126.93911,37.38005],[126.93925,37.37962],[126.93946,37.3792],[126.93972,37.37883],[126.94005,37.37843],[126.94078,37.37752],[126.94151,37.37655],[126.94192,37.37588],[126.94218,37.37542],[126.94221,37.37537],[126.94225,37.37532],[126.9423,37.37527],[126.94233,37.37522],[126.94232,37.3752],[126.94232,37.37519],[126.94231,37.37518],[126.9423,37.37519],[126.94227,37.37518],[126.94222,37.37522],[126.94218,37.37528],[126.94213,37.37532],[126.94208,37.37536],[126.9418,37.37556],[126.94147,37.37583],[126.94129,37.3761],[126.94111,37.3764],[126.94079,37.37695],[126.9404,37.37754],[126.94004,37.37795],[126.93964,37.37836],[126.9393,37.37876],[126.9392221,37.3788807]]}},{"type":"Feature","properties":{"c":"main","n":"과천선","g":"kr","jk":"main","nz":"果川线","ne":"Gwacheon Line","off":-0.375},"geometry":{"type":"LineString","coordinates":[[126.9392221,37.3788807],[126.9391,37.37907],[126.93894,37.37936],[126.93883,37.37969],[126.93876,37.38007],[126.938757,37.3801125]]}},{"type":"Feature","properties":{"c":"main","n":"과천선","g":"kr","jk":"main","nz":"果川线","ne":"Gwacheon Line","off":-0.25},"geometry":{"type":"LineString","coordinates":[[126.938757,37.3801125],[126.93873,37.3805],[126.93874,37.38094],[126.93879,37.38133],[126.9388151,37.3814387]]}},{"type":"Feature","properties":{"c":"main","n":"과천선","g":"kr","jk":"main","nz":"果川线","ne":"Gwacheon Line","off":-0.125},"geometry":{"type":"LineString","coordinates":[[126.9388151,37.3814387],[126.93888,37.38172],[126.93902,37.38208],[126.93921,37.38243],[126.9393606,37.3826422]]}},{"type":"Feature","properties":{"c":"branch","n":"광양제철선","g":"kr","jk":"branch","nz":"光阳制铁线","ne":"Gwangyang Jecheol Line"},"geometry":{"type":"MultiLineString","coordinates":[[[127.603387,34.9613187],[127.60393,34.9614],[127.60462,34.96149],[127.6053,34.96156],[127.60595,34.9616],[127.60655,34.96159],[127.60696,34.96154],[127.60733,34.96147],[127.60769,34.96136],[127.60804,34.96124],[127.6084,34.96107],[127.60876,34.96088],[127.60909,34.96067],[127.60938,34.96045],[127.60962,34.96022],[127.60982,34.95997],[127.61002,34.95969],[127.61032,34.95921],[127.61062,34.95867],[127.61087,34.95812],[127.61112,34.9574],[127.61134,34.95661],[127.61166,34.95572],[127.61201,34.95472],[127.61227,34.9536],[127.61237,34.95227],[127.61243,34.95079],[127.61241,34.94925],[127.61229,34.94775],[127.61177,34.94626],[127.61112,34.94475],[127.6104,34.94327],[127.60968,34.94185],[127.60815,34.93935],[127.60682,34.93736],[127.60659,34.93702],[127.6064,34.93674],[127.60625,34.93646],[127.6061,34.93615],[127.6060623,34.9360494]],[[127.6279293,34.9092247],[127.62797,34.90922],[127.62848,34.90922],[127.62905,34.90925],[127.6298,34.90926],[127.64736,34.90913],[127.65093,34.90919],[127.65149,34.90919],[127.65198,34.90919],[127.65247,34.90921],[127.65285,34.90925],[127.65323,34.9093],[127.6536,34.90937],[127.65398,34.90948],[127.65441,34.90964],[127.65485,34.90985],[127.65527,34.91008],[127.65565,34.91031],[127.65593,34.91053],[127.65619,34.91076],[127.65642,34.911],[127.65664,34.91125],[127.65687,34.91155],[127.65708,34.91186],[127.65738,34.91233],[127.66912,34.92956],[127.66943,34.93003],[127.66964,34.93039],[127.66984,34.93068],[127.67009,34.93098],[127.6704,34.9313],[127.67074,34.93162],[127.67111,34.9319],[127.67149,34.93213],[127.67187,34.9323],[127.67226,34.93244],[127.67266,34.93254],[127.67306,34.93261],[127.67345,34.93264],[127.67385,34.93263],[127.67425,34.9326],[127.67465,34.93256],[127.67534,34.93248],[127.67621,34.93234],[127.68793,34.93068]]]}},{"type":"Feature","properties":{"c":"branch","n":"광양제철선","g":"kr","jk":"branch","nz":"光阳制铁线","ne":"Gwangyang Jecheol Line","off":-0.5},"geometry":{"type":"LineString","coordinates":[[127.6069248,34.9323315],[127.61098,34.92493],[127.61145,34.92403],[127.61186,34.92331],[127.61242,34.92255],[127.61304,34.92182],[127.61364,34.92121],[127.61442,34.92046],[127.62252,34.91252],[127.62324,34.9118],[127.62383,34.91123],[127.62418,34.91092],[127.6243268,34.9107819]]}},{"type":"Feature","properties":{"c":"branch","n":"광양제철선","g":"kr","jk":"branch","nz":"光阳制铁线","ne":"Gwangyang Jecheol Line","off":-0.375},"geometry":{"type":"MultiLineString","coordinates":[[[127.6062456,34.9334783],[127.60625,34.93347],[127.60645,34.93316],[127.60669,34.93276],[127.6069248,34.9323315]],[[127.6243268,34.9107819],[127.62452,34.9106],[127.62489,34.91031],[127.62529,34.91004],[127.6253935,34.9099893]]]}},{"type":"Feature","properties":{"c":"branch","n":"광양제철선","g":"kr","jk":"branch","nz":"光阳制铁线","ne":"Gwangyang Jecheol Line","off":-0.25},"geometry":{"type":"MultiLineString","coordinates":[[[127.6058641,34.9347417],[127.6059,34.93441],[127.60598,34.93406],[127.6061,34.93375],[127.6062456,34.9334783]],[[127.6253935,34.9099893],[127.62578,34.9098],[127.62632,34.90958],[127.6266245,34.9094821]]]}},{"type":"Feature","properties":{"c":"branch","n":"광양제철선","g":"kr","jk":"branch","nz":"光阳制铁线","ne":"Gwangyang Jecheol Line","off":-0.125},"geometry":{"type":"MultiLineString","coordinates":[[[127.6060623,34.9360494],[127.60598,34.93583],[127.6059,34.93548],[127.60587,34.93514],[127.60586,34.93478],[127.6058641,34.9347417]],[[127.6266245,34.9094821],[127.62688,34.9094],[127.62745,34.90928],[127.6279293,34.9092247]]]}},{"type":"Feature","properties":{"c":"branch","n":"광양제철선","g":"kr","jk":"branch","nz":"光阳制铁线","ne":"Gwangyang Jecheol Line","off":0.125},"geometry":{"type":"LineString","coordinates":[[127.6020701,34.9611114],[127.60226,34.96115],[127.603387,34.9613187]]}},{"type":"Feature","properties":{"c":"branch","n":"광양제철선","g":"kr","jk":"branch","nz":"光阳制铁线","ne":"Gwangyang Jecheol Line","off":0.25},"geometry":{"type":"LineString","coordinates":[[127.6007636,34.9608455],[127.6020701,34.9611114]]}},{"type":"Feature","properties":{"c":"branch","n":"광양제철선","g":"kr","jk":"branch","nz":"光阳制铁线","ne":"Gwangyang Jecheol Line","off":0.375},"geometry":{"type":"LineString","coordinates":[[127.5994714,34.9605178],[127.60054,34.9608],[127.6007636,34.9608455]]}},{"type":"Feature","properties":{"c":"branch","n":"광양제철선","g":"kr","jk":"branch","nz":"光阳制铁线","ne":"Gwangyang Jecheol Line","off":0.5},"geometry":{"type":"LineString","coordinates":[[127.58341,34.95431],[127.58606,34.9552],[127.58861,34.95626],[127.59367,34.95837],[127.59537,34.9591],[127.59701,34.95976],[127.59876,34.96033],[127.5994714,34.9605178]]}},{"type":"Feature","properties":{"c":"branch","n":"광양제철선","g":"kr","jk":"branch","nz":"光阳制铁线","ne":"Gwangyang Jecheol Line"},"geometry":{"type":"LineString","coordinates":[[127.7046,34.92836],[127.70524,34.92828],[127.70588,34.92818],[127.70652,34.92811],[127.70716,34.92809],[127.70775,34.92814],[127.7083,34.92824],[127.70892,34.92838],[127.7097,34.92853],[127.71366,34.92928],[127.71894,34.93026],[127.72412,34.93103],[127.7287,34.93114],[127.73321,34.93107],[127.7369,34.931],[127.74073,34.93099],[127.74456,34.93073],[127.74839,34.93071],[127.76264,34.93064]]}},{"type":"Feature","properties":{"c":"branch","n":"광주선","g":"kr","jk":"branch","nz":"光州线","ne":"Gwangju Line"},"geometry":{"type":"LineString","coordinates":[[126.91558,35.16421],[126.88921,35.17111],[126.88777,35.17151],[126.88666,35.17177],[126.88535,35.17197],[126.88402,35.17209],[126.88136,35.17224],[126.87574,35.17248],[126.86786,35.17285],[126.86003,35.17339],[126.85219,35.1751],[126.84435,35.177],[126.83912,35.17829],[126.83844,35.17846],[126.83797,35.17859],[126.83749,35.17867],[126.83706,35.17872],[126.83662,35.17876],[126.83619,35.17876],[126.83579,35.17873],[126.83526,35.17859],[126.83478,35.17839],[126.83439,35.17819],[126.83388,35.1779],[126.82202,35.17146],[126.82129,35.17108],[126.82074,35.17079],[126.82022,35.17048],[126.81968,35.1701],[126.81918,35.1697],[126.81867,35.16925],[126.8182,35.16878],[126.81771,35.16827],[126.81725,35.16774],[126.81689,35.16725],[126.81668,35.16691],[126.81652,35.16659],[126.81639,35.16627],[126.81628,35.16595],[126.81619,35.16551],[126.81614,35.16506],[126.81609,35.16456],[126.81566,35.16153],[126.81557,35.16095],[126.81552,35.16044],[126.81553,35.15993],[126.81557,35.15935],[126.81566,35.15809],[126.81568,35.15649],[126.81515,35.15252],[126.81454,35.14885],[126.81449,35.14841],[126.81447,35.14806],[126.81443,35.14775],[126.81433,35.14744],[126.81416,35.14712],[126.81395,35.1468],[126.8137,35.1465],[126.81342,35.14623],[126.81314,35.14599],[126.81282,35.14576],[126.81248,35.14556],[126.81215,35.14538],[126.81174,35.14521],[126.81132,35.14508],[126.81086,35.14497],[126.81039,35.1449],[126.80988,35.14486],[126.80936,35.14483],[126.80885,35.14479]]}},{"type":"Feature","properties":{"c":"branch","n":"괴동선","g":"kr","jk":"branch","nz":"槐东线","ne":"Goedong Line"},"geometry":{"type":"LineString","coordinates":[[129.28509,36.00211],[129.28563,36.00211],[129.28617,36.00212],[129.28671,36.00211],[129.28723,36.00206],[129.28772,36.00198],[129.28821,36.00188],[129.28868,36.00174],[129.28912,36.00156],[129.28953,36.00133],[129.28991,36.00105],[129.29026,36.00073],[129.29061,36.00036],[129.29105,35.9997],[129.29146,35.9989],[129.29185,35.9981],[129.29224,35.99743],[129.29249,35.99709],[129.29273,35.99679],[129.29298,35.99653],[129.29325,35.99629],[129.29358,35.99607],[129.29393,35.99588],[129.29427,35.99573],[129.29464,35.99562],[129.29506,35.99554],[129.29548,35.99548],[129.29597,35.99543],[129.29648,35.99541],[129.29697,35.99543],[129.29741,35.9955],[129.29783,35.99561],[129.29827,35.99575],[129.29876,35.99589],[129.30043,35.99631],[129.30232,35.99682],[129.30482,35.99765],[129.30721,35.99855],[129.30866,35.99923],[129.31001,35.99989],[129.31291,36.00108],[129.31708,36.00286],[129.32232,36.00493],[129.33172,36.00786],[129.33945,36.01007],[129.33992,36.01021],[129.34026,36.01031],[129.34056,36.01039],[129.34091,36.01046],[129.34141,36.01053],[129.34195,36.01056],[129.3425,36.01058],[129.34304,36.01056],[129.34353,36.01051],[129.344,36.01042],[129.34451,36.01032],[129.34512,36.0102],[129.35276,36.00887],[129.3535,36.00875],[129.3541,36.00864],[129.35454,36.00854],[129.35499,36.00843],[129.3554,36.00829],[129.35573,36.00814],[129.35604,36.00797],[129.35633,36.00777],[129.35665,36.00751],[129.35695,36.00722],[129.35723,36.00691],[129.35744,36.00663],[129.35762,36.00633],[129.35788,36.00591],[129.36475,35.99537],[129.36508,35.99483],[129.36533,35.99443],[129.3656,35.99406],[129.36588,35.99374],[129.36618,35.99343],[129.36649,35.99315],[129.36679,35.99292],[129.36718,35.99269],[129.3676,35.99252],[129.36814,35.99238],[129.36866,35.99227],[129.36919,35.99214],[129.36981,35.99217],[129.37039,35.99234],[129.37077,35.99243],[129.37122,35.99253],[129.37169,35.99266],[129.37212,35.99285],[129.37254,35.99314],[129.37292,35.99349],[129.3733,35.9939],[129.37375,35.99434],[129.3776,35.99785]]}},{"type":"Feature","properties":{"c":"branch","n":"교외선","g":"kr","jk":"branch","lc":"#e06040","nz":"郊外线","ne":"Gyooe Line"},"geometry":{"type":"LineString","coordinates":[[127.04583,37.73733],[127.04571,37.73823],[127.04562,37.73912],[127.04565,37.73987],[127.04572,37.7406]]}},{"type":"Feature","properties":{"c":"branch","n":"교외선","g":"kr","jk":"branch","lc":"#e06040","nz":"郊外线","ne":"Gyooe Line"},"geometry":{"type":"LineString","coordinates":[[126.8128637,37.6325896],[126.81302,37.6328],[126.8133,37.63313],[126.81361,37.63345],[126.81403,37.63384],[126.81449,37.63419],[126.81501,37.6346],[126.81801,37.63706],[126.81865,37.63756],[126.81919,37.63802],[126.81946,37.63828],[126.81972,37.63855],[126.81996,37.63883],[126.82017,37.63912],[126.82033,37.6394],[126.82045,37.63968],[126.82056,37.64],[126.82072,37.64038],[126.82349,37.64674],[126.82402,37.64805],[126.8245,37.64924],[126.82504,37.65031],[126.82561,37.6511],[126.82622,37.65181],[126.82676,37.65243],[126.82706,37.65281],[126.82732,37.65316],[126.82762,37.65349],[126.8279,37.65377],[126.82821,37.65404],[126.82854,37.65431],[126.82891,37.65456],[126.82943,37.65484],[126.83003,37.6551],[126.83062,37.65535],[126.83115,37.65557],[126.83173,37.65583],[126.83226,37.65608],[126.83267,37.65631],[126.83308,37.65655],[126.83346,37.65682],[126.83378,37.6571],[126.83407,37.6574],[126.8344,37.65776],[126.83544,37.65885],[126.83677,37.66015],[126.83966,37.66248],[126.84251,37.66467],[126.84326,37.66524],[126.84389,37.66572],[126.84448,37.66623],[126.84487,37.66668],[126.84522,37.66716],[126.84557,37.66764],[126.84599,37.66808],[126.84653,37.66848],[126.84715,37.66885],[126.84776,37.66921],[126.84828,37.66956],[126.8486,37.66982],[126.84888,37.67007],[126.84913,37.67032],[126.84934,37.67061],[126.84954,37.67097],[126.84969,37.67137],[126.84981,37.67178],[126.84991,37.67219],[126.84997,37.6727],[126.85,37.67322],[126.85002,37.67383],[126.85032,37.67798],[126.85033,37.67838],[126.85034,37.67873],[126.85035,37.67906],[126.85042,37.67939],[126.85053,37.67973],[126.85069,37.68008],[126.85087,37.6804],[126.85107,37.6807],[126.85132,37.68099],[126.8516,37.68124],[126.85192,37.68147],[126.85222,37.68165],[126.85255,37.68181],[126.85291,37.68194],[126.85328,37.68206],[126.85375,37.68216],[126.85426,37.68223],[126.85477,37.68227],[126.85527,37.68227],[126.85571,37.68222],[126.85614,37.68212],[126.85657,37.68201],[126.857,37.68191],[126.85874,37.68156],[126.85959,37.68136],[126.86047,37.6812],[126.86099,37.68113],[126.86153,37.68107],[126.86207,37.68104],[126.86261,37.68104],[126.86309,37.68109],[126.86356,37.68117],[126.86405,37.68127],[126.86459,37.68137],[126.86581,37.68156],[126.86718,37.68176],[126.86855,37.68205],[126.86964,37.6824],[126.87076,37.68284],[126.87182,37.68326],[126.87277,37.68353],[126.87327,37.68361],[126.87371,37.68363],[126.87415,37.68363],[126.87463,37.68362],[126.87619,37.68351],[126.87772,37.68337],[126.87827,37.68334],[126.87876,37.68331],[126.87926,37.68324],[126.8797,37.68316],[126.88016,37.68306],[126.8806,37.68294],[126.88099,37.68279],[126.88135,37.68263],[126.88167,37.68244],[126.88197,37.6822],[126.88227,37.68188],[126.88256,37.68149],[126.88285,37.68109],[126.88316,37.68072],[126.88343,37.68043],[126.88371,37.68015],[126.88402,37.67989],[126.88436,37.67966],[126.8848,37.67945],[126.88528,37.67926],[126.88579,37.67911],[126.8863,37.67902],[126.8868,37.67898],[126.88731,37.67899],[126.88782,37.67904],[126.88831,37.6791],[126.88891,37.67921],[126.88949,37.67936],[126.89008,37.6795],[126.89207,37.67995],[126.89285,37.68014],[126.89363,37.6803],[126.89415,37.68039],[126.89468,37.68045],[126.89523,37.68048],[126.89591,37.68045],[126.89663,37.68038],[126.89738,37.68027],[126.89889,37.67993],[126.90045,37.67958],[126.90178,37.67943],[126.90315,37.67933],[126.90714,37.67896],[126.90767,37.6789],[126.90812,37.67885],[126.90857,37.67883],[126.90905,37.67884],[126.90952,37.67888],[126.91,37.67898],[126.91041,37.67911],[126.91082,37.67928],[126.91122,37.67948],[126.91159,37.6797],[126.9119,37.67991],[126.91217,37.68014],[126.91245,37.6804],[126.91276,37.68067],[126.91351,37.68125],[126.91434,37.6819],[126.91511,37.68261],[126.91576,37.68342],[126.91635,37.68428],[126.9169,37.685],[126.91724,37.68533],[126.91757,37.68561],[126.91792,37.68585],[126.91831,37.68606],[126.91872,37.68625],[126.91918,37.68646],[126.922,37.68783],[126.92259,37.68811],[126.92314,37.68836],[126.92366,37.68864],[126.92404,37.68888],[126.92442,37.68914],[126.92476,37.68941],[126.92506,37.68971],[126.92529,37.69004],[126.92549,37.69039],[126.92564,37.69076],[126.92575,37.69116],[126.92579,37.6917],[126.92576,37.69231],[126.9257,37.69291],[126.92566,37.69342],[126.92563,37.69377],[126.92561,37.69408],[126.92562,37.69439],[126.92566,37.69471],[126.92574,37.69503],[126.92585,37.69534],[126.92598,37.69561],[126.92615,37.69586],[126.92637,37.69622],[126.93125,37.70442],[126.93146,37.70476],[126.93161,37.70502],[126.93175,37.70534],[126.93187,37.70566],[126.93193,37.70595],[126.93199,37.70632],[126.93276,37.71047],[126.93286,37.71106],[126.93297,37.71156],[126.93306,37.71192],[126.93318,37.71228],[126.93336,37.71262],[126.93355,37.71288],[126.93379,37.71313],[126.93406,37.71337],[126.93433,37.7136],[126.93468,37.71387],[126.93505,37.71412],[126.93551,37.71443],[126.94064,37.71803],[126.94114,37.7184],[126.94156,37.71873],[126.94196,37.71901],[126.94241,37.71927],[126.94293,37.71949],[126.94349,37.71967],[126.94407,37.71981],[126.94464,37.71988],[126.94521,37.71987],[126.94578,37.71981],[126.94637,37.71968],[126.94698,37.71949],[126.94804,37.71894],[126.94922,37.71822],[126.9504,37.71742],[126.95144,37.71665],[126.95209,37.71597],[126.95262,37.71524],[126.95313,37.71455],[126.95369,37.71399],[126.95417,37.71367],[126.95466,37.71341],[126.95516,37.7132],[126.95568,37.71303],[126.95616,37.71294],[126.95665,37.7129],[126.95716,37.71289],[126.95772,37.71286],[126.95866,37.71275],[126.95971,37.71261],[126.96079,37.7125],[126.96181,37.7125],[126.9627,37.71261],[126.96357,37.7128],[126.96439,37.71304],[126.96509,37.71329],[126.96548,37.71347],[126.96582,37.71367],[126.96613,37.71388],[126.96644,37.7141],[126.96681,37.7144],[126.96716,37.71472],[126.96757,37.71509],[126.97074,37.71785],[126.97127,37.71834],[126.97175,37.71874],[126.97213,37.71901],[126.97253,37.71926],[126.97293,37.71948],[126.97331,37.71962],[126.9737,37.71974],[126.97409,37.71983],[126.97463,37.71993],[126.9753,37.72003],[126.98328,37.72134],[126.98392,37.72143],[126.98442,37.72152],[126.98479,37.72161],[126.98516,37.72171],[126.9855,37.72185],[126.98579,37.72202],[126.98605,37.72222],[126.98636,37.72246],[126.98745,37.72319],[126.98865,37.72407],[126.98976,37.7251],[126.99091,37.72626],[126.99457,37.72979],[126.99503,37.73025],[126.99543,37.73062],[126.99573,37.73088],[126.99605,37.73113],[126.99639,37.73136],[126.99672,37.73156],[126.99706,37.73173],[126.99745,37.73193],[126.99809,37.73225],[126.9988,37.73261],[126.99958,37.73307],[127.00062,37.7339],[127.00177,37.73495],[127.00297,37.736],[127.00419,37.73682],[127.00526,37.73727],[127.0064,37.73761],[127.00747,37.73787],[127.00829,37.73808],[127.00879,37.73826],[127.00921,37.73837],[127.0097,37.73839],[127.01019,37.73836],[127.01059,37.73829],[127.01102,37.73819],[127.0114,37.7381],[127.01183,37.738],[127.01226,37.73791],[127.01266,37.73786],[127.01321,37.73787],[127.01371,37.73795],[127.01414,37.73809],[127.01454,37.73826],[127.01488,37.73847],[127.01525,37.73873],[127.01586,37.73911],[127.01658,37.73957],[127.01725,37.74005],[127.01779,37.74057],[127.01829,37.74112],[127.01871,37.74159],[127.01899,37.74191],[127.01926,37.74218],[127.01961,37.74243],[127.02,37.74263],[127.02039,37.74278],[127.02085,37.74292],[127.02301,37.74364],[127.02353,37.7438],[127.02403,37.74395],[127.02451,37.74414],[127.02503,37.74439],[127.02554,37.74467],[127.02603,37.74497],[127.02671,37.74542],[127.02743,37.74593],[127.02831,37.74651],[127.02931,37.74717],[127.0303,37.7479],[127.03139,37.74894],[127.03247,37.75009],[127.03345,37.75109],[127.03434,37.75186],[127.03514,37.75249],[127.0355,37.75276],[127.03584,37.75299],[127.03621,37.7532],[127.03663,37.75339],[127.03709,37.75355],[127.03755,37.75367],[127.03799,37.75374],[127.03843,37.75378],[127.03887,37.75378],[127.0390652,37.7537673]]}},{"type":"Feature","properties":{"c":"branch","n":"교외선","g":"kr","jk":"branch","lc":"#e06040","nz":"郊外线","ne":"Gyooe Line","off":0.125},"geometry":{"type":"MultiLineString","coordinates":[[[126.8125373,37.6321208],[126.81276,37.63245],[126.8128637,37.6325896]],[[127.0390652,37.7537673],[127.03933,37.75375],[127.0398,37.75368],[127.04026,37.75357],[127.0403736,37.7535321]]]}},{"type":"Feature","properties":{"c":"branch","n":"교외선","g":"kr","jk":"branch","lc":"#e06040","nz":"郊外线","ne":"Gyooe Line","off":0.25},"geometry":{"type":"MultiLineString","coordinates":[[[126.8122895,37.6316066],[126.81236,37.63178],[126.81253,37.63211],[126.8125373,37.6321208]],[[127.0403736,37.7535321],[127.04062,37.75345],[127.04098,37.7533],[127.04133,37.75312],[127.0415773,37.7529684]]]}},{"type":"Feature","properties":{"c":"branch","n":"교외선","g":"kr","jk":"branch","lc":"#e06040","nz":"郊外线","ne":"Gyooe Line","off":0.375},"geometry":{"type":"MultiLineString","coordinates":[[[126.8121075,37.6310655],[126.81212,37.63112],[126.81223,37.63146],[126.8122895,37.6316066]],[[127.0415773,37.7529684],[127.04164,37.75293],[127.042,37.75267],[127.04231,37.75237],[127.0425579,37.7520762]]]}},{"type":"Feature","properties":{"c":"branch","n":"교외선","g":"kr","jk":"branch","lc":"#e06040","nz":"郊外线","ne":"Gyooe Line","off":0.5},"geometry":{"type":"MultiLineString","coordinates":[[[126.812009,37.6305035],[126.81204,37.63077],[126.8121075,37.6310655]],[[127.0425579,37.7520762],[127.04258,37.75205],[127.04277,37.75172],[127.04292,37.75137],[127.04308,37.75098],[127.04411,37.74881],[127.04451,37.74776],[127.04484,37.74672],[127.045,37.74571],[127.04512,37.74462],[127.04568,37.74049],[127.04569,37.74043],[127.04569,37.74037],[127.04568,37.74031],[127.04568,37.74027],[127.04568,37.74026],[127.04568,37.74025],[127.04569,37.74025],[127.0457,37.74024],[127.04571,37.74024],[127.04571,37.74023],[127.04572,37.74023],[127.04572,37.74024],[127.04573,37.74024],[127.04574,37.74025],[127.04575,37.74025],[127.04575,37.74026],[127.04575,37.74027],[127.04574,37.74031],[127.04571,37.74037],[127.04569,37.74043],[127.04569,37.74049],[127.04537,37.74301]]]}},{"type":"Feature","properties":{"c":"branch","n":"교외선","g":"kr","jk":"branch","lc":"#e06040","nz":"郊外线","ne":"Gyooe Line","off":0.625},"geometry":{"type":"LineString","coordinates":[[126.8119813,37.6299333],[126.81199,37.63034],[126.812009,37.6305035]]}},{"type":"Feature","properties":{"c":"branch","n":"교외선","g":"kr","jk":"branch","lc":"#e06040","nz":"郊外线","ne":"Gyooe Line","off":0.75},"geometry":{"type":"LineString","coordinates":[[126.8120167,37.6293633],[126.81201,37.62941],[126.81198,37.62987],[126.8119813,37.6299333]]}},{"type":"Feature","properties":{"c":"branch","n":"교외선","g":"kr","jk":"branch","lc":"#e06040","nz":"郊外线","ne":"Gyooe Line","off":0.875},"geometry":{"type":"LineString","coordinates":[[126.8121195,37.6288021],[126.81207,37.62899],[126.8120167,37.6293633]]}},{"type":"Feature","properties":{"c":"branch","n":"교외선","g":"kr","jk":"branch","lc":"#e06040","nz":"郊外线","ne":"Gyooe Line","off":1.0},"geometry":{"type":"LineString","coordinates":[[126.82078,37.61915],[126.81833,37.62094],[126.81617,37.62262],[126.81547,37.62325],[126.81489,37.62384],[126.81436,37.62448],[126.81385,37.62528],[126.81341,37.62613],[126.81303,37.62688],[126.81271,37.62742],[126.81245,37.62791],[126.8123,37.62826],[126.81217,37.62861],[126.8121195,37.6288021]]}},{"type":"Feature","properties":{"c":"branch","n":"구로기지선","g":"kr","jk":"branch","nz":"九老基地线","ne":"Guro Train Depot Line"},"geometry":{"type":"LineString","coordinates":[[126.88161,37.50225],[126.87963,37.5004],[126.87934,37.50016],[126.8791,37.49994],[126.87889,37.49972],[126.8787,37.49946],[126.87854,37.49919],[126.87842,37.49889],[126.87836,37.4986],[126.87834,37.49829],[126.87834,37.49797],[126.87833,37.49765]]}},{"type":"Feature","properties":{"c":"branch","n":"구로삼각선","g":"kr","jk":"branch","nz":"九老三角线","ne":"Guro Triangular Junction Line"},"geometry":{"type":"LineString","coordinates":[[126.87402,37.49816],[126.87444,37.49832],[126.87485,37.49848],[126.87528,37.4986],[126.87573,37.49867],[126.8762,37.49871],[126.87664,37.49869],[126.87719,37.49858],[126.87769,37.49838],[126.87801,37.49821],[126.87829,37.498],[126.87855,37.49773],[126.87879,37.49734],[126.87898,37.49686],[126.87915,37.49633],[126.8793,37.49577],[126.87948,37.49463],[126.87958,37.49335],[126.87968,37.49207]]}},{"type":"Feature","properties":{"c":"branch","n":"군산항선","g":"kr","jk":"branch","nz":"群山港线","ne":"Gunsan Port Line"},"geometry":{"type":"MultiLineString","coordinates":[[[126.55804,35.97186],[126.56654,35.97304],[126.56806,35.97328],[126.56941,35.97349],[126.57079,35.97364],[126.57232,35.97367],[126.57388,35.97363],[126.57544,35.97362],[126.58008,35.97386],[126.59471,35.9746],[126.60141,35.97508],[126.60235,35.97516],[126.60315,35.9752],[126.6036,35.97521],[126.60406,35.97521],[126.6045,35.97518],[126.6049,35.97512],[126.60528,35.975],[126.60562,35.97484],[126.60591,35.97467],[126.60619,35.97446],[126.60641,35.97422],[126.60661,35.97392],[126.60675,35.97359],[126.6068,35.97329],[126.60681,35.97289],[126.60729,35.96685],[126.60737,35.96567],[126.60747,35.96464],[126.60755,35.96409],[126.60764,35.96354],[126.60777,35.96299],[126.60796,35.96245],[126.60825,35.96188],[126.60861,35.96131],[126.60903,35.96075],[126.60949,35.96024],[126.60998,35.95978],[126.61052,35.95936],[126.6111,35.95897],[126.6117,35.95862],[126.61229,35.95834],[126.61289,35.95813],[126.61357,35.95792],[126.61443,35.95762],[126.63114,35.95153],[126.63272,35.95098],[126.63399,35.9505],[126.63529,35.94988],[126.63663,35.94915],[126.63793,35.94831],[126.63932,35.94736],[126.64066,35.94654],[126.64165,35.94606],[126.64261,35.94566],[126.64358,35.94534],[126.64455,35.94511],[126.64554,35.94494],[126.64653,35.9448],[126.64953,35.94445],[126.65609,35.94368],[126.65924,35.94331],[126.66029,35.94316],[126.66133,35.943],[126.66235,35.94277],[126.66326,35.94249],[126.66414,35.94214],[126.66508,35.94172],[126.66741,35.94047],[126.66966,35.93927],[126.6707,35.93885],[126.6717,35.93855],[126.67298,35.93825],[126.67422,35.93804],[126.675,35.93797],[126.67572,35.93795],[126.67639,35.93797],[126.67722,35.93802],[126.68857,35.93858],[126.69277,35.93886],[126.69722,35.93931],[126.70705,35.94086],[126.71566,35.94237],[126.71711,35.94262],[126.71828,35.9428],[126.71961,35.94295],[126.72094,35.94304],[126.72212,35.94306],[126.72362,35.94306],[126.7254286,35.9430541]],[[126.7439251,35.9432567],[126.74782,35.94361],[126.75133,35.94403],[126.75229,35.94415],[126.7531,35.94425],[126.7539,35.9443],[126.75473,35.94427],[126.75556,35.94419],[126.75648,35.94406],[126.75867,35.94362],[126.76167,35.94297],[126.79937,35.93624],[126.79997,35.93612],[126.80039,35.93602],[126.80074,35.93596],[126.80112,35.93592],[126.80157,35.93593],[126.80203,35.93597],[126.80248,35.93604],[126.8029,35.93612],[126.80336,35.93624],[126.80379,35.93638],[126.80421,35.93653],[126.80474,35.93674],[126.80545,35.93704],[126.806826,35.9376094]]]}},{"type":"Feature","properties":{"c":"branch","n":"군산항선","g":"kr","jk":"branch","nz":"群山港线","ne":"Gunsan Port Line","off":0.125},"geometry":{"type":"MultiLineString","coordinates":[[[126.7254286,35.9430541],[126.7267619,35.9430498]],[[126.7425944,35.9431885],[126.7433,35.9432],[126.7439251,35.9432567]],[[126.806826,35.9376094],[126.808058,35.9381193]]]}},{"type":"Feature","properties":{"c":"branch","n":"군산항선","g":"kr","jk":"branch","nz":"群山港线","ne":"Gunsan Port Line","off":0.25},"geometry":{"type":"MultiLineString","coordinates":[[[126.7267619,35.9430498],[126.7280952,35.9430455]],[[126.7412612,35.9431668],[126.7425944,35.9431885]],[[126.808058,35.9381193],[126.80929,35.9386291]]]}},{"type":"Feature","properties":{"c":"branch","n":"군산항선","g":"kr","jk":"branch","nz":"群山港线","ne":"Gunsan Port Line","off":0.375},"geometry":{"type":"MultiLineString","coordinates":[[[126.7280952,35.9430455],[126.7294285,35.9430412]],[[126.7399281,35.943145],[126.7412612,35.9431668]],[[126.80929,35.9386291],[126.810522,35.9391389]]]}},{"type":"Feature","properties":{"c":"branch","n":"군산항선","g":"kr","jk":"branch","nz":"群山港线","ne":"Gunsan Port Line","off":0.5},"geometry":{"type":"MultiLineString","coordinates":[[[126.7294285,35.9430412],[126.73287,35.94303],[126.7399281,35.943145]],[[126.810522,35.9391389],[126.82831,35.9465]]]}},{"type":"Feature","properties":{"c":"branch","n":"남부화물기지선","g":"kr","jk":"branch","nz":"南部货物基地线"},"geometry":{"type":"LineString","coordinates":[[126.9511851,37.337254],[126.9512,37.33726],[126.95173,37.33743],[126.95227,37.33754],[126.95276,37.33758],[126.95325,37.33755],[126.95379,37.33749],[126.95445,37.33744],[126.96498,37.33694],[126.96564,37.33692],[126.96615,37.33688],[126.96677,37.33679],[126.96722,37.33671],[126.96729,37.3367],[126.96736,37.33668],[126.96744,37.33665],[126.9675,37.33663],[126.96752,37.33665],[126.96753,37.33665],[126.96754,37.33665],[126.96754,37.33666],[126.96753,37.33666],[126.96753,37.33667],[126.96752,37.33669],[126.96745,37.3367],[126.96737,37.3367],[126.96729,37.3367],[126.96722,37.33672],[126.96677,37.33682],[126.96616,37.33693],[126.96582,37.33696],[126.96547,37.33697],[126.96499,37.33699],[126.95404,37.33756],[126.95343,37.33761],[126.95298,37.33764],[126.95253,37.33764],[126.95215,37.33762],[126.95176,37.33757],[126.95139,37.33751],[126.95103,37.33743],[126.95062,37.33729],[126.95023,37.33711],[126.94988,37.33692],[126.94958,37.33673],[126.9493,37.33653],[126.94905,37.33629],[126.94884,37.33605],[126.94865,37.33578],[126.94847,37.3355],[126.94828,37.33523]]}},{"type":"Feature","properties":{"c":"branch","n":"남부화물기지선","g":"kr","jk":"branch","nz":"南部货物基地线","off":0.125},"geometry":{"type":"LineString","coordinates":[[126.9499841,37.3366814],[126.95026,37.33685],[126.9507,37.33706],[126.9511851,37.337254]]}},{"type":"Feature","properties":{"c":"branch","n":"남부화물기지선","g":"kr","jk":"branch","nz":"南部货物基地线","off":0.25},"geometry":{"type":"LineString","coordinates":[[126.9490438,37.3357483],[126.94907,37.33579],[126.94933,37.33612],[126.9496,37.33638],[126.9499,37.33663],[126.9499841,37.3366814]]}},{"type":"Feature","properties":{"c":"branch","n":"남부화물기지선","g":"kr","jk":"branch","nz":"南部货物基地线","off":0.375},"geometry":{"type":"LineString","coordinates":[[126.948534,37.3345323],[126.94857,37.33477],[126.94867,37.33509],[126.94885,37.33544],[126.9490438,37.3357483]]}},{"type":"Feature","properties":{"c":"branch","n":"남부화물기지선","g":"kr","jk":"branch","nz":"南部货物基地线","off":0.5},"geometry":{"type":"LineString","coordinates":[[126.95443,37.30723],[126.9535,37.3082],[126.95258,37.30926],[126.95141,37.31098],[126.95036,37.31267],[126.94981,37.31349],[126.94934,37.31424],[126.94911,37.31465],[126.9489,37.31506],[126.94872,37.31548],[126.94858,37.31591],[126.94851,37.31631],[126.94849,37.31671],[126.94849,37.31715],[126.94847,37.31767],[126.9482,37.32087],[126.94799,37.32473],[126.94817,37.32941],[126.94843,37.33314],[126.94844,37.33369],[126.94848,37.33412],[126.94852,37.33444],[126.948534,37.3345323]]}},{"type":"Feature","properties":{"c":"branch","n":"남선화물선","g":"kr","jk":"branch"},"geometry":{"type":"LineString","coordinates":[[126.88471,35.10836],[126.88117,35.10684],[126.8807,35.10665],[126.8803,35.10649],[126.87992,35.10631],[126.87955,35.10608],[126.8792,35.10584],[126.87886,35.10555],[126.87845,35.10513],[126.87805,35.10464],[126.87766,35.10415]]}},{"type":"Feature","properties":{"c":"branch","n":"대구북연결선","g":"kr","jk":"branch","nz":"大邱北联络线","ne":"Daegu Northern Connecting Line"},"geometry":{"type":"LineString","coordinates":[[128.4964412,35.9502348],[128.49719,35.95089],[128.49757,35.95121],[128.49794,35.95151],[128.4983,35.95182],[128.49862,35.95215],[128.4989,35.95251],[128.49915,35.95289],[128.49937,35.95328],[128.49956,35.95368],[128.49972,35.9541],[128.49985,35.95453],[128.49993,35.95497],[128.49998,35.95542],[128.4999701,35.9559461]]}},{"type":"Feature","properties":{"c":"branch","n":"대구북연결선","g":"kr","jk":"branch","nz":"大邱北联络线","ne":"Daegu Northern Connecting Line","off":-0.5},"geometry":{"type":"MultiLineString","coordinates":[[[128.48956,35.94026],[128.49247,35.9457],[128.49274,35.94623],[128.49295,35.94666],[128.4932,35.94707],[128.49352,35.9475],[128.4935247,35.9475054]],[[128.4984131,35.9595353],[128.4984,35.95955],[128.49814,35.95981],[128.49787,35.96002],[128.49758,35.96021],[128.49726,35.9604],[128.49686,35.96065],[128.49032,35.96499]]]}},{"type":"Feature","properties":{"c":"branch","n":"대구북연결선","g":"kr","jk":"branch","nz":"大邱北联络线","ne":"Daegu Northern Connecting Line","off":-0.375},"geometry":{"type":"MultiLineString","coordinates":[[[128.4935247,35.9475054],[128.49388,35.94791],[128.49425,35.94831],[128.4944356,35.9484774]],[[128.4992199,35.9584769],[128.49907,35.95871],[128.49887,35.959],[128.49864,35.95928],[128.4984131,35.9595353]]]}},{"type":"Feature","properties":{"c":"branch","n":"대구북연결선","g":"kr","jk":"branch","nz":"大邱北联络线","ne":"Daegu Northern Connecting Line","off":-0.25},"geometry":{"type":"MultiLineString","coordinates":[[[128.4944356,35.9484774],[128.49486,35.94886],[128.4954373,35.9493573]],[[128.4997437,35.9572578],[128.49967,35.95753],[128.49955,35.95786],[128.49941,35.95815],[128.49925,35.95843],[128.4992199,35.9584769]]]}},{"type":"Feature","properties":{"c":"branch","n":"대구북연결선","g":"kr","jk":"branch","nz":"大邱北联络线","ne":"Daegu Northern Connecting Line","off":-0.125},"geometry":{"type":"MultiLineString","coordinates":[[[128.4954373,35.9493573],[128.49551,35.94942],[128.4964412,35.9502348]],[[128.4999701,35.9559461],[128.49997,35.95595],[128.49991,35.9565],[128.4998,35.95705],[128.4997437,35.9572578]]]}},{"type":"Feature","properties":{"c":"branch","n":"대구선","g":"kr","jk":"branch","nz":"大邱线","ne":"Daegu Line"},"geometry":{"type":"MultiLineString","coordinates":[[[128.6669874,35.8686663],[128.6673,35.86841],[128.66847,35.86757],[128.66979,35.86691],[128.67117,35.86632],[128.67239,35.86575],[128.6731,35.86533],[128.67372,35.86492],[128.6743,35.86448],[128.67485,35.86397],[128.67536,35.86343],[128.67585,35.86288],[128.67651,35.86205],[128.67718,35.86116],[128.6778662,35.860269]],[[128.7094716,35.8514944],[128.70976,35.85148],[128.71035,35.85149],[128.71079,35.85152],[128.71122,35.85158],[128.71165,35.85167],[128.71206,35.85178],[128.71242,35.85191],[128.71274,35.85207],[128.7131,35.85226],[128.71358,35.85249],[128.71903,35.85516],[128.72609,35.85838],[128.7329,35.86087],[128.73923,35.863],[128.74267,35.86424],[128.7458,35.86531],[128.74897,35.86618],[128.75163,35.86684],[128.75219,35.86698],[128.75264,35.86709],[128.75308,35.86723],[128.75341,35.86735],[128.75374,35.86749],[128.75407,35.86765],[128.7544,35.86784],[128.75485,35.86815],[128.75532,35.86852],[128.75576,35.86891],[128.75611,35.86927],[128.75636,35.86959],[128.75654,35.86989],[128.7567,35.8702],[128.75683,35.87051],[128.75693,35.87083],[128.75704,35.8712],[128.75723,35.87185],[128.75745,35.87264],[128.75771,35.87343],[128.75803,35.87412],[128.75835,35.87456],[128.7587,35.87497],[128.75907,35.87532],[128.75941,35.87563],[128.75983,35.87595],[128.76025,35.87621],[128.76064,35.87642],[128.76118,35.87668],[128.7663,35.8792],[128.7723,35.88231],[128.77486,35.88391],[128.77678,35.88521],[128.77747,35.88563],[128.77804,35.88602],[128.7786,35.88648],[128.77912,35.88697],[128.77957,35.88747],[128.78005,35.88803],[128.78245,35.89079],[128.78301,35.89145],[128.78354,35.89203],[128.78414,35.89258],[128.78484,35.89314],[128.78622,35.89407],[128.78783,35.89505],[128.7897,35.89613],[128.7916,35.89713],[128.79266,35.89764],[128.7937,35.89809],[128.79468,35.89846],[128.79538,35.89868],[128.79604,35.89884],[128.79669,35.89897],[128.7976,35.89909],[128.79858,35.89919],[128.79944,35.89927],[128.80041,35.89935],[128.80141,35.89946],[128.80234,35.89964],[128.80313,35.89986],[128.8039,35.90014],[128.80462,35.90044],[128.80528,35.90076],[128.80592,35.90113],[128.80648,35.90152],[128.80702,35.90192],[128.80767,35.90245],[128.80834,35.90303],[128.80912,35.90372],[128.81,35.90449],[128.811,35.90525],[128.81231,35.90607],[128.81381,35.90688],[128.81568,35.90791],[128.83696,35.92001],[128.8388,35.92109],[128.84026,35.92196],[128.84178,35.92274],[128.84336,35.9234],[128.84502,35.92397],[128.84714,35.92469],[128.87542,35.93409],[128.87793,35.93488],[128.87992,35.93559],[128.88207,35.93656],[128.88409,35.93762],[128.88571,35.9386],[128.88739,35.93968],[128.89399,35.94379],[128.91202,35.95417],[128.91309,35.95477],[128.9139,35.95526],[128.91448,35.95568],[128.91503,35.95612],[128.91562,35.95652],[128.9163,35.95685],[128.91702,35.95715],[128.91775,35.95741],[128.91881,35.95776],[128.91985,35.95803],[128.92071,35.95819],[128.92156,35.95829],[128.92238,35.95834],[128.92321,35.95836],[128.92487,35.95843],[128.92529,35.95844],[128.92571,35.95845],[128.92612,35.95846],[128.92653,35.9585],[128.92693,35.95859],[128.92732,35.9587],[128.92771,35.95882],[128.9281,35.95894]]]}},{"type":"Feature","properties":{"c":"branch","n":"대구선","g":"kr","jk":"branch","nz":"大邱线","ne":"Daegu Line","off":-1.0},"geometry":{"type":"LineString","coordinates":[[128.63,35.88017],[128.63564,35.88138],[128.63625,35.88152],[128.63675,35.88164],[128.63726,35.88173],[128.63782,35.88177],[128.63839,35.88178],[128.63893,35.88176],[128.63936,35.88171],[128.63977,35.88164],[128.64019,35.88153],[128.6406,35.8814],[128.64103,35.88124],[128.64144,35.88106],[128.64182,35.88088],[128.6422,35.88065],[128.64254,35.8804],[128.64284,35.88013],[128.6431,35.87985],[128.64332,35.87954],[128.64358,35.87919],[128.64521,35.87709],[128.64551,35.87668],[128.64577,35.87632],[128.64607,35.87598],[128.64643,35.87564],[128.64683,35.87533],[128.64722,35.87505],[128.64754,35.87485],[128.64787,35.87469],[128.6482,35.87454],[128.64853,35.87444],[128.64887,35.87437],[128.64932,35.87426],[128.65287,35.87332],[128.6554469,35.8727074]]}},{"type":"Feature","properties":{"c":"branch","n":"대구선","g":"kr","jk":"branch","nz":"大邱线","ne":"Daegu Line","off":-0.875},"geometry":{"type":"LineString","coordinates":[[128.6554469,35.8727074],[128.6567441,35.872399]]}},{"type":"Feature","properties":{"c":"branch","n":"대구선","g":"kr","jk":"branch","nz":"大邱线","ne":"Daegu Line","off":-0.75},"geometry":{"type":"LineString","coordinates":[[128.6567441,35.872399],[128.65695,35.87235],[128.6580615,35.8721992]]}},{"type":"Feature","properties":{"c":"branch","n":"대구선","g":"kr","jk":"branch","nz":"大邱线","ne":"Daegu Line","off":-0.625},"geometry":{"type":"LineString","coordinates":[[128.6580615,35.8721992],[128.65835,35.87216],[128.6593882,35.8720694]]}},{"type":"Feature","properties":{"c":"branch","n":"대구선","g":"kr","jk":"branch","nz":"大邱线","ne":"Daegu Line","off":-0.5},"geometry":{"type":"MultiLineString","coordinates":[[[128.6593882,35.8720694],[128.65961,35.87205],[128.66075,35.8719],[128.6616,35.87171],[128.66237,35.87148],[128.66312,35.87121],[128.6637121,35.870944]],[[128.6803138,35.8571078],[128.68059,35.85684],[128.68094,35.85654],[128.68131,35.85625],[128.68169,35.856],[128.68205,35.85579],[128.68241,35.85562],[128.68279,35.85546],[128.68317,35.85533],[128.68353,35.85525],[128.68387,35.8552],[128.68428,35.85516],[128.68484,35.85509],[128.7055076,35.8520124]]]}},{"type":"Feature","properties":{"c":"branch","n":"대구선","g":"kr","jk":"branch","nz":"大邱线","ne":"Daegu Line","off":-0.375},"geometry":{"type":"MultiLineString","coordinates":[[[128.6637121,35.870944],[128.66381,35.8709],[128.66446,35.87053],[128.6648673,35.8702798]],[[128.6794856,35.8581505],[128.67956,35.85805],[128.67989,35.85759],[128.68026,35.85716],[128.6803138,35.8571078]],[[128.7055076,35.8520124],[128.7068,35.85182],[128.7068264,35.8518158]]]}},{"type":"Feature","properties":{"c":"branch","n":"대구선","g":"kr","jk":"branch","nz":"大邱线","ne":"Daegu Line","off":-0.25},"geometry":{"type":"MultiLineString","coordinates":[[[128.6648673,35.8702798],[128.66516,35.8701],[128.6659491,35.8695024]],[[128.6786797,35.8592126],[128.67919,35.85855],[128.6794856,35.8581505]],[[128.7068264,35.8518158],[128.7078,35.85166],[128.7081444,35.8516147]]]}},{"type":"Feature","properties":{"c":"branch","n":"대구선","g":"kr","jk":"branch","nz":"大邱线","ne":"Daegu Line","off":-0.125},"geometry":{"type":"MultiLineString","coordinates":[[[128.6659491,35.8695024],[128.66619,35.86932],[128.6669874,35.8686663]],[[128.6778662,35.860269],[128.6786797,35.8592126]],[[128.7081444,35.8516147],[128.70856,35.85156],[128.70916,35.85151],[128.7094716,35.8514944]]]}},{"type":"Feature","properties":{"c":"branch","n":"대구선","g":"kr","jk":"branch","nz":"大邱线","ne":"Daegu Line"},"geometry":{"type":"LineString","coordinates":[[128.93135,35.95878],[128.92649,35.95902],[128.92547,35.95908],[128.92456,35.95911],[128.92394,35.95912],[128.92331,35.9591],[128.92264,35.95904],[128.9216,35.95885],[128.92048,35.95858],[128.91944,35.95826],[128.91862,35.95792],[128.91786,35.95754],[128.9171,35.95716]]}},{"type":"Feature","properties":{"c":"branch","n":"대불선","g":"kr","jk":"branch","nz":"大佛线","ne":"Daebul Line"},"geometry":{"type":"LineString","coordinates":[[126.4660239,34.8308866],[126.46604,34.8307],[126.46612,34.83012],[126.46624,34.82949],[126.46641,34.82885],[126.46663,34.82824],[126.4669,34.82766],[126.46723,34.8271],[126.4676,34.82655],[126.468,34.82602],[126.46857,34.82539],[126.4692,34.8248],[126.46993,34.82411],[126.47482,34.81927],[126.4757,34.81842],[126.47644,34.81766],[126.47681,34.81724],[126.47717,34.8168],[126.47749,34.81635],[126.47775,34.81587],[126.47797,34.81528],[126.47812,34.81465],[126.47822,34.81402],[126.47831,34.81342],[126.47837,34.81284],[126.4784,34.81228],[126.47837,34.81173],[126.47828,34.81117],[126.47813,34.81061],[126.47793,34.81006],[126.47767,34.80951],[126.47735,34.80897],[126.477,34.80845],[126.47665,34.80802],[126.47627,34.80761],[126.47571,34.80701],[126.45579,34.78475],[126.45497,34.78381],[126.45433,34.78312],[126.45354,34.78235],[126.45269,34.78163],[126.45211,34.78119],[126.45151,34.78079],[126.45082,34.78038],[126.44977,34.77985],[126.4486,34.77932],[126.44738,34.77885],[126.44622,34.77849],[126.44503,34.77819],[126.44367,34.77784],[126.4356,34.77565],[126.43508,34.7755],[126.43467,34.77537],[126.43429,34.77526],[126.43388,34.77519],[126.43345,34.77514],[126.43302,34.77512],[126.43256,34.77512],[126.43208,34.77516],[126.43132,34.7753],[126.43049,34.77552],[126.42966,34.77575],[126.42893,34.7759],[126.42849,34.77594],[126.4281,34.77596],[126.42772,34.77596],[126.42734,34.77593],[126.42699,34.77586],[126.42667,34.77578],[126.4263,34.77566],[126.42583,34.77553],[126.41518,34.77272]]}},{"type":"Feature","properties":{"c":"branch","n":"대불선","g":"kr","jk":"branch","nz":"大佛线","ne":"Daebul Line","off":-0.5},"geometry":{"type":"LineString","coordinates":[[126.47533,34.84612],[126.4687,34.83754],[126.4681,34.8368],[126.46761,34.83621],[126.46719,34.83559],[126.46681,34.83486],[126.4667663,34.8347608]]}},{"type":"Feature","properties":{"c":"branch","n":"대불선","g":"kr","jk":"branch","nz":"大佛线","ne":"Daebul Line","off":-0.375},"geometry":{"type":"LineString","coordinates":[[126.4667663,34.8347608],[126.46648,34.83411],[126.4662729,34.8335231]]}},{"type":"Feature","properties":{"c":"branch","n":"대불선","g":"kr","jk":"branch","nz":"大佛线","ne":"Daebul Line","off":-0.25},"geometry":{"type":"LineString","coordinates":[[126.4662729,34.8335231],[126.46624,34.83343],[126.46614,34.83305],[126.46607,34.8327],[126.46603,34.83233],[126.4660233,34.8322177]]}},{"type":"Feature","properties":{"c":"branch","n":"대불선","g":"kr","jk":"branch","nz":"大佛线","ne":"Daebul Line","off":-0.125},"geometry":{"type":"LineString","coordinates":[[126.4660233,34.8322177],[126.466,34.83183],[126.46599,34.83128],[126.4660239,34.8308866]]}},{"type":"Feature","properties":{"c":"branch","n":"대전선","g":"kr","jk":"branch","nz":"大田线","ne":"Daejeon Line"},"geometry":{"type":"LineString","coordinates":[[127.40999,36.3434103],[127.41009,36.34343],[127.41362,36.34422],[127.41439,36.34441],[127.4151,36.34458],[127.41582,36.34472],[127.41656,36.3448],[127.4173,36.34485],[127.4181,36.34485],[127.41912,36.34479],[127.42021,36.34465],[127.42137,36.34443],[127.42313,36.34393],[127.4237897,36.3436984]]}},{"type":"Feature","properties":{"c":"branch","n":"대전선","g":"kr","jk":"branch","nz":"大田线","ne":"Daejeon Line","off":0.125},"geometry":{"type":"MultiLineString","coordinates":[[[127.4086869,36.3431312],[127.40893,36.3432],[127.40948,36.34331],[127.40999,36.3434103]],[[127.4237897,36.3436984],[127.4243288,36.3435091]]]}},{"type":"Feature","properties":{"c":"branch","n":"대전선","g":"kr","jk":"branch","nz":"大田线","ne":"Daejeon Line","off":0.25},"geometry":{"type":"MultiLineString","coordinates":[[[127.4074485,36.3426443],[127.4076,36.34272],[127.408,36.3429],[127.4084,36.34305],[127.4086869,36.3431312]],[[127.4243288,36.3435091],[127.424868,36.3433198]]]}},{"type":"Feature","properties":{"c":"branch","n":"대전선","g":"kr","jk":"branch","nz":"大田线","ne":"Daejeon Line","off":0.375},"geometry":{"type":"MultiLineString","coordinates":[[[127.4063501,36.3419026],[127.40647,36.34203],[127.40689,36.34234],[127.40722,36.34253],[127.4074485,36.3426443]],[[127.424868,36.3433198],[127.42501,36.34327],[127.4254002,36.343112]]]}},{"type":"Feature","properties":{"c":"branch","n":"대전선","g":"kr","jk":"branch","nz":"大田线","ne":"Daejeon Line","off":0.5},"geometry":{"type":"MultiLineString","coordinates":[[[127.40324,36.32257],[127.40024,36.33076],[127.40007,36.33118],[127.39996,36.33151],[127.39986,36.33189],[127.39981,36.33228],[127.39982,36.33271],[127.3999,36.33317],[127.40003,36.33361],[127.40021,36.33407],[127.40041,36.33448],[127.40067,36.33486],[127.40097,36.33519],[127.4013,36.33547],[127.4017,36.33578],[127.40224,36.33617],[127.40291,36.33664],[127.4036,36.33717],[127.40418,36.33775],[127.40468,36.33851],[127.4051,36.33938],[127.40545,36.34022],[127.40574,36.34088],[127.40594,36.34133],[127.40615,36.34169],[127.4063501,36.3419026]],[[127.4254002,36.343112],[127.4259298,36.3428974]]]}},{"type":"Feature","properties":{"c":"branch","n":"대전선","g":"kr","jk":"branch","nz":"大田线","ne":"Daejeon Line","off":0.625},"geometry":{"type":"LineString","coordinates":[[127.4259298,36.3428974],[127.4264594,36.3426829]]}},{"type":"Feature","properties":{"c":"branch","n":"대전선","g":"kr","jk":"branch","nz":"大田线","ne":"Daejeon Line","off":0.75},"geometry":{"type":"LineString","coordinates":[[127.4264594,36.3426829],[127.42659,36.34263],[127.4269829,36.3424539]]}},{"type":"Feature","properties":{"c":"branch","n":"대전선","g":"kr","jk":"branch","nz":"大田线","ne":"Daejeon Line","off":0.875},"geometry":{"type":"LineString","coordinates":[[127.4269829,36.3424539],[127.42717,36.34237],[127.427499,36.3422087]]}},{"type":"Feature","properties":{"c":"branch","n":"대전선","g":"kr","jk":"branch","nz":"大田线","ne":"Daejeon Line","off":1.0},"geometry":{"type":"LineString","coordinates":[[127.427499,36.3422087],[127.42768,36.34212],[127.42813,36.34186],[127.42857,36.34157],[127.42902,36.34122],[127.42944,36.34084],[127.42983,36.34043],[127.4302,36.33998],[127.43058,36.33943],[127.43092,36.33884],[127.43124,36.33819],[127.43159,36.33749],[127.43386,36.33258]]}},{"type":"Feature","properties":{"c":"branch","n":"동해남부선","g":"kr","jk":"branch","nz":"东海南部线","off":-1.0},"geometry":{"type":"LineString","coordinates":[[129.05736,35.14823],[129.05744,35.14339]]}},{"type":"Feature","properties":{"c":"main","n":"동해본선","g":"kr","jk":"main","lc":"#007df8","ne":"Donghae Line","off":-0.5},"geometry":{"type":"LineString","coordinates":[[129.14024,35.16951],[129.13981,35.16964]]}},{"type":"Feature","properties":{"c":"main","n":"동해본선","g":"kr","jk":"main","lc":"#007df8","ne":"Donghae Line","off":-0.5},"geometry":{"type":"LineString","coordinates":[[129.22984,35.96049],[129.22963,35.95993]]}},{"type":"Feature","properties":{"c":"main","n":"동해본선","g":"kr","jk":"main","lc":"#007df8","ne":"Donghae Line","off":-0.5},"geometry":{"type":"LineString","coordinates":[[129.27725,35.72293],[129.27531,35.72282]]}},{"type":"Feature","properties":{"c":"main","n":"동해본선","g":"kr","jk":"main","lc":"#007df8","ne":"Donghae Line"},"geometry":{"type":"LineString","coordinates":[[129.28445,35.36808],[129.28412,35.37363]]}},{"type":"Feature","properties":{"c":"main","n":"동해본선","g":"kr","jk":"main","lc":"#007df8","ne":"Donghae Line"},"geometry":{"type":"LineString","coordinates":[[129.2846,35.44866],[129.28716,35.45457],[129.28961,35.46119],[129.28978,35.46168],[129.2899,35.46208],[129.29003,35.46245],[129.29021,35.46281],[129.29044,35.46318],[129.29071,35.46353],[129.29101,35.46388],[129.29135,35.46422],[129.29184,35.46463],[129.2924,35.46502],[129.29298,35.46541],[129.29355,35.46581]]}},{"type":"Feature","properties":{"c":"main","n":"동해본선","g":"kr","jk":"main","lc":"#007df8","ne":"Donghae Line"},"geometry":{"type":"LineString","coordinates":[[129.28698,35.36035],[129.2916,35.35426],[129.29224,35.35345],[129.29275,35.35275],[129.293,35.35235],[129.29325,35.35195],[129.29346,35.35154],[129.29361,35.35111],[129.29372,35.35062],[129.29377,35.35011],[129.29378,35.34959],[129.29374,35.34906],[129.29364,35.34853],[129.29347,35.34802],[129.29328,35.34746],[129.2931,35.34683],[129.29204,35.34124]]}},{"type":"Feature","properties":{"c":"main","n":"동해본선","g":"kr","jk":"main","lc":"#007df8","ne":"Donghae Line","off":-0.5},"geometry":{"type":"LineString","coordinates":[[129.32524,37.17965],[129.32403,37.18322],[129.32354,37.18537]]}},{"type":"Feature","properties":{"c":"main","n":"동해본선","g":"kr","jk":"main","lc":"#007df8","ne":"Donghae Line","off":-0.5},"geometry":{"type":"LineString","coordinates":[[129.33061,35.51116],[129.33262,35.51128]]}},{"type":"Feature","properties":{"c":"main","n":"동해본선","g":"kr","jk":"main","lc":"#007df8","ne":"Donghae Line","off":-0.5},"geometry":{"type":"LineString","coordinates":[[129.37124,36.37521],[129.37124,36.37535]]}},{"type":"Feature","properties":{"c":"main","n":"동해본선","g":"kr","jk":"main","lc":"#007df8","ne":"Donghae Line","off":-0.5},"geometry":{"type":"LineString","coordinates":[[129.39084,36.99575],[129.39085,36.99591]]}},{"type":"Feature","properties":{"c":"main","n":"동해본선","g":"kr","jk":"main","lc":"#007df8","ne":"Donghae Line","off":-0.5},"geometry":{"type":"LineString","coordinates":[[129.40421,37.0478],[129.40317,37.05491]]}},{"type":"Feature","properties":{"c":"main","n":"동해본선","g":"kr","jk":"main","lc":"#007df8","ne":"Donghae Line","off":-0.5},"geometry":{"type":"LineString","coordinates":[[129.17974,35.18087],[129.17422,35.18244]]}},{"type":"Feature","properties":{"c":"main","n":"동해본선","g":"kr","jk":"main","lc":"#007df8","ne":"Donghae Line"},"geometry":{"type":"LineString","coordinates":[[129.2566,35.31999],[129.25601,35.31978],[129.25541,35.31957],[129.25483,35.31933],[129.25424,35.31902],[129.25366,35.31869],[129.25311,35.31832],[129.25241,35.31778],[129.25161,35.31711],[129.24552,35.31218],[129.24203,35.30924],[129.2411,35.30849],[129.24028,35.30778],[129.2397,35.30723],[129.23915,35.30665],[129.23866,35.30607],[129.2383,35.30553],[129.23799,35.30499],[129.23775,35.30446],[129.2376,35.30405],[129.23749,35.30366],[129.2374,35.30327],[129.23733,35.30274],[129.23727,35.30205],[129.23678,35.29693],[129.23603,35.29119],[129.23545,35.28913],[129.23489,35.28749],[129.23431,35.28564],[129.23408,35.28461],[129.23389,35.28359],[129.2338,35.28273],[129.23373,35.28181],[129.23363,35.281],[129.2335,35.28009],[129.23341,35.27915],[129.23341,35.27825],[129.23354,35.27743],[129.23376,35.27661],[129.234,35.27584],[129.23419,35.27517],[129.23437,35.27454],[129.2345,35.27397],[129.23454,35.27366],[129.23457,35.27336],[129.23458,35.27305],[129.23456,35.27274],[129.23451,35.27246],[129.23443,35.27219],[129.23433,35.2719],[129.23422,35.27155],[129.23289,35.26692],[129.23272,35.26627],[129.23258,35.26571],[129.23239,35.26517],[129.23219,35.26473],[129.23197,35.2643],[129.23172,35.26389],[129.23146,35.26353],[129.23116,35.2632],[129.23084,35.26291],[129.23049,35.26266],[129.23012,35.26244],[129.22972,35.26226],[129.22926,35.26204],[129.22771,35.26131],[129.2261,35.26047],[129.22508,35.25982],[129.22417,35.25911],[129.22351,35.25853],[129.22288,35.25791],[129.22231,35.25727],[129.22185,35.25666],[129.22144,35.25604],[129.22108,35.25541],[129.22059,35.25443],[129.22021,35.25343],[129.22,35.25257],[129.21983,35.25163],[129.21943,35.24992],[129.21907,35.24802],[129.21894,35.24585],[129.21891,35.24386],[129.21888,35.24288],[129.21884,35.242],[129.21879,35.24153],[129.21874,35.24105],[129.21867,35.24059],[129.21856,35.24016],[129.21843,35.2398],[129.21826,35.23946],[129.21808,35.23914],[129.21788,35.23882],[129.21744,35.23822],[129.21694,35.2376],[129.21547,35.23567],[129.21522,35.23537],[129.21498,35.23509],[129.21477,35.23481],[129.21459,35.23452],[129.21445,35.23421],[129.21434,35.23388],[129.21425,35.23354],[129.21417,35.23321],[129.21409,35.23258],[129.21402,35.23186],[129.21396,35.231],[129.2139,35.22997],[129.21379,35.22891],[129.21358,35.22798],[129.21332,35.22738],[129.21298,35.22682],[129.21264,35.22632],[129.21234,35.22586],[129.21201,35.22532],[129.21174,35.22483],[129.21158,35.22448],[129.21144,35.22413],[129.21133,35.22374],[129.21125,35.22324],[129.21123,35.2227],[129.21124,35.22208],[129.21135,35.22126],[129.21155,35.22031],[129.21172,35.21932],[129.21176,35.21834],[129.21157,35.21733],[129.21124,35.21631],[129.21089,35.21528],[129.21064,35.21426],[129.21051,35.21291],[129.21048,35.21157],[129.21046,35.21037],[129.21037,35.20843],[129.21045,35.20639],[129.21068,35.20462],[129.21091,35.20285],[129.211,35.20226],[129.2111,35.20167],[129.21114,35.20108],[129.21112,35.20064],[129.21107,35.20019],[129.21099,35.19975],[129.21085,35.19932],[129.21067,35.19889],[129.21043,35.19848],[129.21015,35.19806],[129.20981,35.19763],[129.20919,35.197],[129.20843,35.19634],[129.20766,35.19568],[129.20699,35.19506],[129.20622,35.19422],[129.20557,35.19339],[129.20503,35.19256],[129.20445,35.19157],[129.20017,35.18458],[129.19976,35.18389],[129.1994,35.18333],[129.19896,35.18272],[129.19848,35.18215],[129.19792,35.18162],[129.19734,35.1811]]}},{"type":"Feature","properties":{"c":"main","n":"동해본선","g":"kr","jk":"main","lc":"#007df8","ne":"Donghae Line"},"geometry":{"type":"LineString","coordinates":[[129.28892,35.33702],[129.28587,35.33523],[129.28336,35.33369],[129.28067,35.33181],[129.27685,35.32838],[129.27381,35.32541],[129.27334,35.32496],[129.27296,35.32462],[129.27249,35.32428],[129.27198,35.32395],[129.27155,35.32372],[129.2711,35.3235],[129.27062,35.3233],[129.27005,35.32311],[129.26945,35.32294],[129.26886,35.32278],[129.26728,35.32239],[129.26412,35.32163]]}},{"type":"Feature","properties":{"c":"main","n":"동해본선","g":"kr","jk":"main","lc":"#007df8","ne":"Donghae Line"},"geometry":{"type":"LineString","coordinates":[[129.27862,35.42706],[129.27862,35.4267],[129.27865,35.42635],[129.27877,35.42603],[129.27894,35.42568],[129.27919,35.42506],[129.2795,35.42435],[129.27999,35.42349],[129.28064,35.42244],[129.28543,35.41439],[129.28599,35.41346],[129.28616,35.41313],[129.28632,35.41281],[129.28644,35.41249],[129.28654,35.4121],[129.28659,35.41169],[129.2866,35.41135],[129.28658,35.41098],[129.2865,35.41058],[129.28626,35.40999],[129.28591,35.40932],[129.28555,35.40865],[129.28528,35.40807],[129.28515,35.40766],[129.28506,35.4073],[129.285,35.40694],[129.28498,35.40661],[129.285,35.40628],[129.28501,35.4058],[129.28516,35.39932],[129.28512,35.39135],[129.28468,35.38716],[129.28413,35.38327]]}},{"type":"Feature","properties":{"c":"main","n":"동해본선","g":"kr","jk":"main","lc":"#007df8","ne":"Donghae Line"},"geometry":{"type":"LineString","coordinates":[[129.29776,35.47745],[129.29837,35.48277],[129.29845,35.48367],[129.29852,35.48447],[129.29865,35.48526],[129.29889,35.48607],[129.29919,35.48687],[129.29953,35.48765],[129.30008,35.48869],[129.30079,35.48994],[129.3072,35.50163],[129.30741,35.50203],[129.30755,35.50231],[129.30772,35.50257],[129.30795,35.50286],[129.3082,35.50313],[129.30849,35.50339],[129.3088,35.50365],[129.30915,35.50391],[129.30957,35.50415],[129.31026,35.50442],[129.31114,35.50471],[129.31192,35.50495],[129.31231,35.50506],[129.31233,35.50507],[129.31235,35.50508],[129.31237,35.50509],[129.31239,35.5051],[129.3124,35.50509],[129.31241,35.50508],[129.31241,35.50506],[129.31241,35.50505],[129.31241,35.50503],[129.31241,35.50501],[129.31241,35.50498],[129.31241,35.50496],[129.31242,35.50495],[129.31242,35.50493],[129.31243,35.50491],[129.31242,35.5049],[129.31241,35.50489],[129.31239,35.50488],[129.31236,35.50488],[129.31234,35.50488],[129.31232,35.50487],[129.30992,35.50418]]}},{"type":"Feature","properties":{"c":"main","n":"동해본선","g":"kr","jk":"main","lc":"#007df8","ne":"Donghae Line"},"geometry":{"type":"LineString","coordinates":[[129.31665,35.50623],[129.31621,35.50607],[129.31619,35.50606],[129.31618,35.50606],[129.31617,35.50605],[129.31616,35.50604],[129.31615,35.50604],[129.31614,35.50605],[129.31613,35.50606],[129.31613,35.50607],[129.31613,35.50609],[129.31612,35.5061],[129.31611,35.50612],[129.31611,35.50613],[129.3161,35.50614],[129.31609,35.50615],[129.31609,35.50616],[129.31609,35.50617],[129.3161,35.50618],[129.31611,35.50618],[129.31613,35.50618],[129.31614,35.50619],[129.31615,35.50619],[129.32759,35.51037],[129.32761,35.51037],[129.32762,35.51038],[129.32763,35.51039],[129.32765,35.5104],[129.32766,35.51039],[129.32767,35.51038],[129.32767,35.51037],[129.32767,35.51036],[129.32767,35.51034],[129.32767,35.51033],[129.32767,35.5103],[129.32768,35.51029],[129.32768,35.51028],[129.32768,35.51026],[129.32769,35.51025],[129.32768,35.51024],[129.32767,35.51023],[129.32766,35.51023],[129.32764,35.51022],[129.32762,35.51022],[129.32761,35.51021],[129.32693,35.50998]]}},{"type":"Feature","properties":{"c":"main","n":"동해본선","g":"kr","jk":"main","lc":"#007df8","ne":"Donghae Line"},"geometry":{"type":"LineString","coordinates":[[129.34277,35.51946],[129.33925,35.51456],[129.339,35.5142],[129.3388,35.51391],[129.33859,35.51364],[129.33832,35.51336],[129.33803,35.5131],[129.33771,35.51285],[129.33726,35.51255],[129.33678,35.51226],[129.33648,35.51209],[129.33642,35.51205],[129.33637,35.51201],[129.33631,35.51196],[129.33626,35.51192],[129.33624,35.51193],[129.33623,35.51193],[129.33622,35.51193],[129.33622,35.51194],[129.33622,35.51195],[129.33622,35.51197],[129.33627,35.512],[129.33634,35.51203],[129.3364,35.51206],[129.33646,35.5121],[129.33787,35.51313]]}},{"type":"Feature","properties":{"c":"branch","n":"동해북부선","g":"kr","jk":"branch","nz":"东海北部线"},"geometry":{"type":"LineString","coordinates":[[128.35581,38.6138],[128.35917,38.60764],[128.35995,38.60613],[128.36073,38.60479],[128.3617,38.6035],[128.36285,38.60216],[128.36489,38.6],[128.36698,38.59767],[128.36785,38.59655],[128.36869,38.59539],[128.36942,38.59427],[128.36996,38.59324],[128.37018,38.59259],[128.3703,38.59197],[128.37038,38.5914],[128.37051,38.5909],[128.37065,38.59054],[128.3708,38.59023],[128.37098,38.58995],[128.37128,38.58962],[128.37165,38.58932],[128.37195,38.58912],[128.37228,38.58893],[128.37266,38.58875],[128.37309,38.58857],[128.37381,38.58836],[128.37465,38.58819],[128.37549,38.588],[128.37621,38.58775],[128.37667,38.58749],[128.37707,38.58721],[128.37743,38.58689],[128.37775,38.58653],[128.37809,38.586],[128.37837,38.5854],[128.37861,38.5848],[128.37884,38.58427],[128.379,38.58396],[128.37915,38.58368],[128.37928,38.58342],[128.37938,38.58313],[128.37943,38.58283],[128.37944,38.58251],[128.37943,38.58219],[128.37941,38.58187],[128.37932,38.58126],[128.3792,38.58062],[128.37892,38.57898],[128.37882,38.5785],[128.37872,38.57802],[128.37868,38.57754],[128.37869,38.57715],[128.37874,38.57676],[128.37882,38.57637],[128.37893,38.57598],[128.37909,38.5756],[128.37928,38.57523],[128.3795,38.57486],[128.37974,38.57452],[128.38001,38.57422],[128.3803,38.57394],[128.38061,38.57367],[128.38092,38.5734],[128.38149,38.57294],[128.38225,38.57238],[128.39328,38.56394]]}},{"type":"Feature","properties":{"c":"hsr200","n":"동해선","g":"kr","jk":"semi","d":200,"e":1,"nz":"东海线","ne":"Donghae Line"},"geometry":{"type":"LineString","coordinates":[[129.23762,35.298],[129.23753,35.29624]]}},{"type":"Feature","properties":{"c":"hsr200","n":"동해선","g":"kr","jk":"semi","d":200,"e":1,"nz":"东海线","ne":"Donghae Line"},"geometry":{"type":"LineString","coordinates":[[129.2566,35.31999],[129.25785,35.32034],[129.25921,35.32069],[129.26156,35.32118],[129.26411,35.32166]]}},{"type":"Feature","properties":{"c":"hsr200","n":"동해선","g":"kr","jk":"semi","d":200,"e":1,"nz":"东海线","ne":"Donghae Line"},"geometry":{"type":"LineString","coordinates":[[129.27854,35.42705],[129.27887,35.42817],[129.27921,35.4293],[129.27945,35.43037],[129.27952,35.4312],[129.27953,35.43199],[129.27956,35.4328],[129.2797,35.43425],[129.27988,35.4356],[129.27995,35.43597],[129.28002,35.43631],[129.2801,35.43664],[129.28021,35.43696],[129.28036,35.43727],[129.28053,35.43756],[129.28072,35.43787],[129.28093,35.43821],[129.28131,35.43883],[129.28175,35.43952],[129.2822,35.4403],[129.28262,35.44118],[129.28315,35.4428],[129.28364,35.4447],[129.28412,35.44671],[129.2846,35.44866]]}},{"type":"Feature","properties":{"c":"hsr200","n":"동해선","g":"kr","jk":"semi","d":200,"e":1,"nz":"东海线","ne":"Donghae Line","off":-0.5},"geometry":{"type":"LineString","coordinates":[[129.28199,35.33295],[129.28433,35.33436]]}},{"type":"Feature","properties":{"c":"hsr200","n":"동해선","g":"kr","jk":"semi","d":200,"e":1,"nz":"东海线","ne":"Donghae Line"},"geometry":{"type":"LineString","coordinates":[[129.28412,35.37363],[129.28407,35.38329]]}},{"type":"Feature","properties":{"c":"hsr200","n":"동해선","g":"kr","jk":"semi","d":200,"e":1,"nz":"东海线","ne":"Donghae Line"},"geometry":{"type":"LineString","coordinates":[[129.28693,35.36034],[129.28537,35.36344],[129.28519,35.36383],[129.28503,35.36417],[129.28489,35.36452],[129.28477,35.36491],[129.28464,35.36562],[129.28457,35.36642],[129.28451,35.36726],[129.28445,35.36808]]}},{"type":"Feature","properties":{"c":"hsr200","n":"동해선","g":"kr","jk":"semi","d":200,"e":1,"nz":"东海线","ne":"Donghae Line","off":-0.5},"geometry":{"type":"LineString","coordinates":[[129.28505,35.39881],[129.28499,35.40123]]}},{"type":"Feature","properties":{"c":"hsr200","n":"동해선","g":"kr","jk":"semi","d":200,"e":1,"nz":"东海线","ne":"Donghae Line"},"geometry":{"type":"LineString","coordinates":[[129.29204,35.34124],[129.29196,35.3409],[129.29185,35.34052],[129.2917,35.34015],[129.29149,35.33971],[129.29126,35.33928],[129.29102,35.33889],[129.29082,35.33862],[129.29061,35.33838],[129.29039,35.33815],[129.29015,35.33792],[129.28976,35.33761],[129.28934,35.33731],[129.28892,35.33702]]}},{"type":"Feature","properties":{"c":"hsr200","n":"동해선","g":"kr","jk":"semi","d":200,"e":1,"nz":"东海线","ne":"Donghae Line"},"geometry":{"type":"LineString","coordinates":[[129.2978,35.47745],[129.29704,35.47281],[129.29689,35.47177],[129.29673,35.47084],[129.29645,35.46985],[129.29612,35.46892],[129.29595,35.46849],[129.29577,35.4681],[129.29557,35.46774],[129.29532,35.46737],[129.29502,35.46701],[129.29459,35.46662],[129.29408,35.46619],[129.29357,35.46577]]}},{"type":"Feature","properties":{"c":"hsr200","n":"동해선","g":"kr","jk":"semi","d":200,"e":1,"nz":"东海线","ne":"Donghae Line"},"geometry":{"type":"LineString","coordinates":[[129.3159,35.50595],[129.31299,35.50506]]}},{"type":"Feature","properties":{"c":"hsr200","n":"동해선","g":"kr","jk":"semi","d":200,"e":1,"nz":"东海线","ne":"Donghae Line"},"geometry":{"type":"MultiLineString","coordinates":[[[129.04493,35.12063],[129.04651,35.12419],[129.0467551,35.1247891]],[[129.0564878,35.1344319],[129.05654,35.1345],[129.0566819,35.1347389]],[[129.0675901,35.1774347],[129.06774,35.1778],[129.06793,35.1783],[129.07012,35.18418],[129.0703,35.18468],[129.07045,35.18507],[129.07058,35.18536],[129.07071,35.18565],[129.07088,35.18594],[129.07114,35.18632],[129.07146,35.1867],[129.07179,35.18708],[129.07227,35.18756],[129.07286,35.18811],[129.07629,35.19144],[129.07663,35.19178],[129.07691,35.19206],[129.07721,35.19232],[129.07753,35.19257],[129.07788,35.19281],[129.07828,35.19307],[129.0789,35.19341],[129.07962,35.19379],[129.08038,35.1942],[129.08108,35.19465],[129.08177,35.19518],[129.08245,35.19578],[129.08307,35.19636],[129.08357,35.19682],[129.08393,35.19716],[129.08426,35.19743],[129.08465,35.19769],[129.08507,35.19792],[129.08557,35.1981],[129.08611,35.19821],[129.08654,35.19823],[129.08699,35.19821],[129.08743,35.19816],[129.08783,35.19808],[129.08822,35.19798],[129.08869,35.19786],[129.09329,35.19676],[129.09402,35.19658],[129.09465,35.19644],[129.09534,35.19632],[129.09604,35.19623],[129.09668,35.19619],[129.09746,35.19617],[129.10481,35.19585],[129.10529,35.19584],[129.10568,35.19583],[129.10603,35.19582],[129.10639,35.19578],[129.10676,35.19571],[129.10712,35.19563],[129.10749,35.19552],[129.10791,35.19539],[129.10867,35.19511],[129.10954,35.19476],[129.11046,35.1944],[129.11141,35.1941],[129.11255,35.19388],[129.11378,35.1937],[129.11495,35.19356],[129.11589,35.19345],[129.11635,35.19339],[129.11673,35.19334],[129.1171,35.19327],[129.1175,35.19318],[129.11788,35.19306],[129.11825,35.1929],[129.11863,35.19267],[129.11899,35.19239],[129.11929,35.19209],[129.11949,35.19182],[129.11963,35.19154],[129.11974,35.19125],[129.1198,35.19097],[129.11982,35.19068],[129.11985,35.19033],[129.12028,35.18667],[129.12032,35.18619],[129.12036,35.18578],[129.12043,35.18538],[129.1205,35.18506],[129.1206,35.18474],[129.12072,35.18443],[129.12086,35.18413],[129.12103,35.18387],[129.12123,35.18363],[129.12146,35.18338],[129.12173,35.18305],[129.12662,35.17696],[129.1269,35.17659],[129.12712,35.17628],[129.12733,35.17601],[129.12758,35.17576],[129.12788,35.17551],[129.1282,35.1753],[129.12855,35.17509],[129.12897,35.17487],[129.12973,35.17454],[129.13064,35.17421],[129.13162,35.17386],[129.1326,35.17346],[129.13525,35.17209],[129.13763,35.17078],[129.13809,35.17052],[129.13847,35.1703],[129.13884,35.1701],[129.13923,35.16992],[129.13957,35.16979],[129.13993,35.16966],[129.14029,35.16955],[129.14066,35.16946],[129.14103,35.1694],[129.14142,35.16937],[129.14183,35.16937],[129.14224,35.1694],[129.14264,35.16944],[129.14303,35.16949],[129.14345,35.16957],[129.14386,35.16966],[129.14426,35.16977],[129.14467,35.16987],[129.14631,35.17024],[129.14686,35.17036],[129.1474,35.17047],[129.14795,35.17061],[129.14831,35.17072],[129.14869,35.17084],[129.14907,35.17097],[129.14941,35.17111],[129.14971,35.17124],[129.1501,35.17148],[129.15042,35.17173],[129.15069,35.17198],[129.15102,35.17231],[129.15609,35.17721],[129.15688,35.178],[129.15757,35.17869],[129.15831,35.17935],[129.15895,35.17983],[129.15962,35.18029],[129.16031,35.18072],[129.161,35.1811],[129.16161,35.1814],[129.16224,35.18166],[129.16286,35.18189],[129.16344,35.18208],[129.16397,35.18224],[129.16447,35.18236],[129.165,35.18248],[129.16615,35.1827],[129.16735,35.18287],[129.16805,35.18294],[129.16875,35.18299],[129.16951,35.183],[129.1699895,35.1829892]],[[129.1840616,35.1796826],[129.18452,35.17956],[129.18545,35.17936],[129.18641,35.1792],[129.18744,35.17908],[129.18853,35.17901],[129.18949,35.17899],[129.1905,35.179],[129.19146,35.17905],[129.19221,35.17913],[129.19291,35.17923],[129.19357,35.17936],[129.19398,35.17947],[129.19437,35.17958],[129.19475,35.17971],[129.19514,35.17987],[129.19567,35.18013],[129.19622,35.18045],[129.19678,35.18078],[129.19734,35.1811]]]}},{"type":"Feature","properties":{"c":"hsr200","n":"동해선","g":"kr","jk":"semi","d":200,"e":1,"nz":"东海线","ne":"Donghae Line","off":-0.5},"geometry":{"type":"MultiLineString","coordinates":[[[129.0489244,35.1277481],[129.04927,35.12806],[129.05089,35.12947],[129.05542,35.13342],[129.0557164,35.133667]],[[129.1739603,35.1825682],[129.17432,35.18249],[129.17521,35.18223],[129.17612,35.18194],[129.17709,35.18165],[129.1802116,35.1807677]]]}},{"type":"Feature","properties":{"c":"hsr200","n":"동해선","g":"kr","jk":"semi","d":200,"e":1,"nz":"东海线","ne":"Donghae Line","off":-0.375},"geometry":{"type":"MultiLineString","coordinates":[[[129.0480186,35.1269036],[129.04806,35.12695],[129.04845,35.12732],[129.04886,35.12769],[129.0489244,35.1277481]],[[129.0557164,35.133667],[129.05578,35.13372],[129.055997,35.1338983]],[[129.1726475,35.1827964],[129.1734,35.18269],[129.1739603,35.1825682]],[[129.1802116,35.1807677],[129.1814947,35.180405]]]}},{"type":"Feature","properties":{"c":"hsr200","n":"동해선","g":"kr","jk":"semi","d":200,"e":1,"nz":"东海线","ne":"Donghae Line","off":-0.25},"geometry":{"type":"MultiLineString","coordinates":[[[129.0472964,35.1259029],[129.04735,35.126],[129.04752,35.12629],[129.04773,35.12658],[129.0480186,35.1269036]],[[129.055997,35.1338983],[129.05606,35.13395],[129.0562595,35.1341495]],[[129.1713216,35.1829335],[129.17139,35.18293],[129.17241,35.18283],[129.1726475,35.1827964]],[[129.1814947,35.180405],[129.18268,35.18007],[129.1827777,35.1800421]]]}},{"type":"Feature","properties":{"c":"hsr200","n":"동해선","g":"kr","jk":"semi","d":200,"e":1,"nz":"东海线","ne":"Donghae Line","off":-0.125},"geometry":{"type":"MultiLineString","coordinates":[[[129.0467551,35.1247891],[129.04678,35.12485],[129.04705,35.12541],[129.04719,35.12571],[129.0472964,35.1259029]],[[129.0562595,35.1341495],[129.05631,35.1342],[129.0564878,35.1344319]],[[129.1699895,35.1829892],[129.1704,35.18298],[129.1713216,35.1829335]],[[129.1827777,35.1800421],[129.18366,35.17979],[129.1840616,35.1796826]]]}},{"type":"Feature","properties":{"c":"hsr200","n":"동해선","g":"kr","jk":"semi","d":200,"e":1,"nz":"东海线","ne":"Donghae Line","off":0.125},"geometry":{"type":"MultiLineString","coordinates":[[[129.0566819,35.1347389],[129.05673,35.13482],[129.0568505,35.1350609]],[[129.0672832,35.1761403],[129.06735,35.17657],[129.06745,35.17701],[129.06758,35.17741],[129.0675901,35.1774347]]]}},{"type":"Feature","properties":{"c":"hsr200","n":"동해선","g":"kr","jk":"semi","d":200,"e":1,"nz":"东海线","ne":"Donghae Line","off":0.25},"geometry":{"type":"MultiLineString","coordinates":[[[129.0568505,35.1350609],[129.0569,35.13516],[129.0569968,35.1353936]],[[129.0671736,35.1748126],[129.06718,35.17504],[129.06722,35.17567],[129.06728,35.17612],[129.0672832,35.1761403]]]}},{"type":"Feature","properties":{"c":"hsr200","n":"동해선","g":"kr","jk":"semi","d":200,"e":1,"nz":"东海线","ne":"Donghae Line","off":0.375},"geometry":{"type":"MultiLineString","coordinates":[[[129.0569968,35.1353936],[129.05707,35.13557],[129.0571269,35.135733]],[[129.0671213,35.1734803],[129.06716,35.17433],[129.0671736,35.1748126]]]}},{"type":"Feature","properties":{"c":"hsr200","n":"동해선","g":"kr","jk":"semi","d":200,"e":1,"nz":"东海线","ne":"Donghae Line","off":0.5},"geometry":{"type":"MultiLineString","coordinates":[[[129.0571269,35.135733],[129.05722,35.136],[129.0572427,35.1360776]],[[129.0660698,35.1676852],[129.06627,35.16794],[129.06647,35.16827],[129.06664,35.16863],[129.06678,35.16897],[129.06689,35.16938],[129.06696,35.16978],[129.06698,35.17015],[129.06699,35.1706],[129.0671213,35.1734803]]]}},{"type":"Feature","properties":{"c":"hsr200","n":"동해선","g":"kr","jk":"semi","d":200,"e":1,"nz":"东海线","ne":"Donghae Line","off":0.625},"geometry":{"type":"MultiLineString","coordinates":[[[129.0572427,35.1360776],[129.05734,35.13641],[129.0573432,35.136427]],[[129.0650636,35.1668188],[129.06522,35.16692],[129.06554,35.16716],[129.06581,35.1674],[129.06605,35.16766],[129.0660698,35.1676852]]]}},{"type":"Feature","properties":{"c":"hsr200","n":"동해선","g":"kr","jk":"semi","d":200,"e":1,"nz":"东海线","ne":"Donghae Line","off":0.75},"geometry":{"type":"MultiLineString","coordinates":[[[129.0573432,35.136427],[129.0574,35.13673],[129.0574071,35.1367849]],[[129.0638954,35.16618],[129.06419,35.16631],[129.06452,35.16649],[129.06488,35.1667],[129.0650636,35.1668188]]]}},{"type":"Feature","properties":{"c":"hsr200","n":"동해선","g":"kr","jk":"semi","d":200,"e":1,"nz":"东海线","ne":"Donghae Line","off":0.875},"geometry":{"type":"MultiLineString","coordinates":[[[129.0574071,35.1367849],[129.05744,35.13704],[129.0574471,35.1371462]],[[129.0626967,35.1655963],[129.0634,35.16594],[129.06385,35.16616],[129.0638954,35.16618]]]}},{"type":"Feature","properties":{"c":"hsr200","n":"동해선","g":"kr","jk":"semi","d":200,"e":1,"nz":"东海线","ne":"Donghae Line","off":1.0},"geometry":{"type":"LineString","coordinates":[[129.0574471,35.1371462],[129.05746,35.13734],[129.05747,35.13776],[129.05747,35.13828],[129.05747,35.14418],[129.05728,35.14907],[129.05728,35.14942],[129.05725,35.1497],[129.05717,35.15],[129.05704,35.1503],[129.0569,35.15055],[129.05671,35.15087],[129.05353,35.15629],[129.05331,35.15663],[129.05313,35.15691],[129.05298,35.15716],[129.05285,35.15744],[129.05274,35.15774],[129.05266,35.15806],[129.0526,35.15838],[129.05259,35.1587],[129.05262,35.15904],[129.05269,35.1594],[129.0528,35.15975],[129.05292,35.16005],[129.05312,35.16041],[129.05338,35.16074],[129.05365,35.161],[129.05397,35.16126],[129.05431,35.1615],[129.05463,35.16168],[129.05498,35.16184],[129.05544,35.16205],[129.0626967,35.1655963]]}},{"type":"Feature","properties":{"c":"hsr200","n":"동해선","g":"kr","jk":"semi","d":200,"e":1,"nz":"东海线","ne":"Donghae Line"},"geometry":{"type":"LineString","coordinates":[[129.17545,37.43071],[129.17657,37.43047],[129.17777,37.43019],[129.17998,37.42957],[129.18197,37.42898],[129.1825,37.42884],[129.18294,37.4287],[129.18339,37.4285],[129.18382,37.42829]]}},{"type":"Feature","properties":{"c":"hsr200","n":"동해선","g":"kr","jk":"semi","d":200,"e":1,"nz":"东海线","ne":"Donghae Line"},"geometry":{"type":"MultiLineString","coordinates":[[[129.17903,37.42982],[129.17936,37.42959],[129.17976,37.42947],[129.18595,37.42764],[129.1866,37.42746],[129.18717,37.42731],[129.1877,37.42716],[129.18822,37.42697],[129.18866,37.42678],[129.18909,37.42657],[129.18951,37.42635],[129.1899,37.42612],[129.19023,37.42589],[129.19057,37.42561],[129.19085,37.42533],[129.19111,37.42501],[129.19133,37.42469],[129.19155,37.42433],[129.19173,37.42397],[129.19188,37.42364],[129.19202,37.42325],[129.1921,37.42287],[129.19212,37.42252],[129.19211,37.42209],[129.19209,37.42096],[129.19208,37.4195],[129.19215,37.41814],[129.1923,37.41724],[129.1925,37.4164],[129.19273,37.41567],[129.19284,37.41534],[129.19295,37.41504],[129.19308,37.41477],[129.19324,37.4145],[129.19341,37.41425],[129.19359,37.41404],[129.19382,37.4138],[129.19411,37.41347],[129.20516,37.40045],[129.20949,37.39556],[129.21106,37.39351],[129.21147,37.39298],[129.21185,37.39248],[129.21226,37.39186],[129.21264,37.39121],[129.21293,37.39059],[129.21324,37.38988],[129.21378,37.38875],[129.21442,37.38739],[129.21498,37.38598],[129.2154,37.38448],[129.21573,37.38293],[129.21609,37.38128],[129.21769,37.37446],[129.2183,37.3719],[129.21863,37.37063],[129.21902,37.36935],[129.21956,37.36789],[129.22013,37.36647],[129.22102,37.36435],[129.22159,37.36317],[129.22222,37.36196],[129.22293,37.36075],[129.22376,37.35949],[129.22512,37.35764],[129.22673,37.35567],[129.22893,37.35327],[129.23136,37.35084],[129.2343,37.34818],[129.23692,37.34591],[129.23855,37.34453],[129.24028,37.34322],[129.2455,37.33926],[129.25214,37.33374],[129.25863,37.32825],[129.26542,37.3227],[129.27007,37.31932],[129.27447,37.31633],[129.28203,37.31144],[129.28361,37.31034],[129.28498,37.3093],[129.2859,37.30853],[129.2868,37.30773],[129.28767,37.30685],[129.28865,37.3057],[129.2896,37.30444],[129.29041,37.30327],[129.29087,37.30253],[129.29124,37.30183],[129.29162,37.30102],[129.29251,37.29873],[129.29342,37.29606],[129.29581,37.28882],[129.29659,37.28646],[129.29688,37.28568],[129.29719,37.2849],[129.29755,37.28415],[129.29792,37.2835],[129.29833,37.28287],[129.29881,37.28222],[129.29951,37.28137],[129.30031,37.28049],[129.30111,37.27965],[129.30216,37.27862],[129.30332,37.27752],[129.30773,37.27327],[129.31987,37.26126],[129.3207,37.26046],[129.32135,37.25985],[129.32193,37.25921],[129.32238,37.25867],[129.32279,37.25811],[129.32317,37.25753],[129.32352,37.25691],[129.32388,37.25617],[129.32419,37.25538],[129.32446,37.25457],[129.3247,37.25373],[129.32497,37.25238],[129.32515,37.25097],[129.32531,37.24975],[129.32546,37.24886],[129.32557,37.24805],[129.3256,37.24718],[129.32563,37.24634],[129.32571,37.24567],[129.32583,37.245],[129.32605,37.24399],[129.32629,37.24281],[129.32648,37.2403],[129.32667,37.23768],[129.32697,37.23605],[129.32726,37.23464],[129.32737,37.23384],[129.32742,37.23303],[129.32742,37.23154],[129.32733,37.22992],[129.32718,37.22854],[129.32694,37.22682],[129.32414,37.20464],[129.3233,37.19903],[129.32288,37.19626],[129.32274,37.19485],[129.32268,37.19347],[129.32277,37.19225],[129.32292,37.191],[129.32326,37.18746],[129.32333,37.18672],[129.3234,37.18607],[129.32352,37.18538],[129.32368,37.1847],[129.32388,37.18405],[129.32411,37.18335],[129.32493,37.18072],[129.32522,37.17974],[129.32553,37.17881],[129.32595,37.17788],[129.32642,37.17697],[129.32744,37.17518],[129.32898,37.17235],[129.33107,37.1688],[129.3338,37.16506],[129.33697,37.16088],[129.33994,37.15664],[129.34209,37.15248],[129.34411,37.14827],[129.34632,37.14364],[129.35772,37.12042],[129.35908,37.11765],[129.35982,37.1163],[129.36064,37.11494],[129.36186,37.1132],[129.36307,37.11157],[129.36429,37.10988],[129.36491,37.10894],[129.36546,37.10803],[129.36577,37.10738],[129.36602,37.10675],[129.36621,37.10618],[129.36645,37.10544],[129.37139,37.09051],[129.37171,37.08947],[129.372,37.08866],[129.37241,37.08776],[129.37287,37.08688],[129.37319,37.08631],[129.37352,37.08575],[129.3739,37.0852],[129.37441,37.08457],[129.37498,37.08393],[129.37556,37.08334],[129.37611,37.08285],[129.37667,37.08238],[129.37725,37.08194],[129.3781,37.08132],[129.37908,37.08065],[129.38349,37.07756],[129.39117,37.07238],[129.39262,37.07142],[129.39387,37.07056],[129.39512,37.06961],[129.39636,37.06856],[129.39793,37.06699],[129.39926,37.06558],[129.39964,37.06519],[129.39996,37.06486],[129.40025,37.06449],[129.40053,37.06408],[129.40086,37.06357],[129.4012,37.06298],[129.40151,37.06237],[129.40181,37.0617],[129.40207,37.061],[129.40229,37.0603],[129.40242,37.05966],[129.4025083,37.0590857]],[[129.4047925,37.0437568],[129.40533,37.03993],[129.4057,37.03732],[129.40581,37.03595],[129.40586,37.0347],[129.40584,37.03398],[129.40581,37.03338],[129.4058,37.03304],[129.40579,37.03272],[129.40573,37.03233],[129.40564,37.03195],[129.40551,37.0316],[129.40534,37.0312],[129.40498,37.03024],[129.40452,37.02912],[129.40413,37.0283],[129.40368,37.02747],[129.4032,37.02666],[129.40268,37.02597],[129.40213,37.0253],[129.40156,37.02463],[129.39972,37.02234],[129.39829,37.02055],[129.39759,37.01963],[129.39697,37.01871],[129.39655,37.01791],[129.3962,37.01718],[129.396,37.01679],[129.39582,37.01642],[129.39563,37.01596],[129.39547,37.01548],[129.39536,37.01507],[129.39524,37.01451],[129.39142,36.99848],[129.39104,36.99688],[129.3909,36.99609],[129.3908,36.99527],[129.39072,36.99421],[129.39071,36.99317],[129.39075,36.99246],[129.39084,36.9918],[129.39096,36.9912],[129.39112,36.99059],[129.39138,36.9898],[129.39169,36.98898],[129.39203,36.9883],[129.39249,36.98744],[129.39816,36.97645],[129.3986,36.97562],[129.39892,36.97496],[129.39925,36.97419],[129.39952,36.97342],[129.39972,36.97266],[129.39986,36.97187],[129.39995,36.97091],[129.39999,36.96993],[129.39998,36.96905],[129.39994,36.96799],[129.39969,36.95772],[129.39929,36.95009],[129.39909,36.94812],[129.39894,36.94636],[129.39894,36.94477],[129.39904,36.94322],[129.39927,36.94182],[129.39962,36.94011],[129.40276,36.92324],[129.40458,36.91344],[129.40577,36.90875],[129.40697,36.90372],[129.40831,36.89463],[129.40925,36.88698],[129.40953,36.88493],[129.40958,36.88423],[129.4096,36.88354],[129.40966,36.88287],[129.40978,36.88234],[129.40993,36.88183],[129.41006,36.88132],[129.41016,36.8806],[129.41026,36.87975],[129.41103,36.87366],[129.41138,36.87177],[129.41178,36.87009],[129.41215,36.86882],[129.41256,36.86762],[129.41355,36.8652],[129.418,36.8543],[129.42407,36.84116],[129.44031,36.80596],[129.44557,36.79403],[129.44951,36.78569],[129.45,36.78469],[129.45038,36.78385],[129.45069,36.78296],[129.45096,36.78194],[129.45139,36.77977],[129.45178,36.77716],[129.45256,36.76913],[129.45296,36.76098],[129.45301,36.75392],[129.45333,36.74279],[129.45336,36.74082],[129.4533,36.73916],[129.4532,36.73814],[129.45305,36.73716],[129.45286,36.73629],[129.45271,36.73578],[129.45254,36.73533],[129.45232,36.73484],[129.45165,36.73356],[129.45084,36.73221],[129.45003,36.73106],[129.44904,36.72972],[129.44178,36.71965],[129.44067,36.71817],[129.43978,36.71688],[129.43934,36.71616],[129.43893,36.71543],[129.43855,36.71468],[129.43824,36.71393],[129.43799,36.71317],[129.4378,36.7124],[129.43765,36.71164],[129.43752,36.7109],[129.43736,36.70964],[129.43727,36.7085],[129.43725,36.70778],[129.43726,36.70711],[129.4373,36.70641],[129.43739,36.70568],[129.43757,36.70474],[129.43776,36.70376],[129.43784,36.70288],[129.4379,36.70181],[129.43868,36.69137],[129.43876,36.69048],[129.4388,36.68976],[129.43879,36.6892],[129.43876,36.68864],[129.43869,36.68815],[129.43859,36.68776],[129.43846,36.6874],[129.43817,36.68667],[129.43662,36.68279],[129.43398,36.67536],[129.42995,36.66502],[129.42896,36.66233],[129.42794,36.65984],[129.42658,36.65723],[129.42489,36.65427],[129.41643,36.63949],[129.41083,36.62911],[129.41054,36.62861],[129.41031,36.62822],[129.41012,36.62787],[129.40995,36.62748],[129.40981,36.62705],[129.40969,36.62661],[129.4096,36.62617],[129.40952,36.62575],[129.4094,36.625],[129.40933,36.62426],[129.40929,36.6236],[129.40927,36.62277],[129.40885,36.6125],[129.40883,36.61191],[129.40881,36.61145],[129.40874,36.61093],[129.40863,36.61041],[129.4085,36.60994],[129.40832,36.60939],[129.40706,36.60524],[129.40473,36.5989],[129.40157,36.58938],[129.40092,36.5875],[129.40039,36.58583],[129.39998,36.58421],[129.39955,36.58222],[129.39574,36.56292],[129.39533,36.56101],[129.39506,36.55945],[129.39495,36.55769],[129.39498,36.55593],[129.39512,36.55433],[129.39536,36.55242],[129.3971,36.53635],[129.39804,36.52904],[129.39837,36.52715],[129.39865,36.52538],[129.39883,36.52336],[129.3989,36.52119],[129.39876,36.51801],[129.39848,36.51464],[129.3978,36.50791],[129.39743,36.50116],[129.39669,36.48764],[129.39684,36.47544],[129.39686,36.47398],[129.39683,36.47327],[129.39677,36.47251],[129.3966,36.47131],[129.39636,36.4701],[129.39615,36.46935],[129.39591,36.46865],[129.39534,36.46722],[129.38355,36.43776],[129.3826,36.43539],[129.38208,36.43427],[129.38153,36.43305],[129.38078,36.43095],[129.37995,36.4286],[129.37909,36.42666],[129.37815,36.42464],[129.37745,36.42283],[129.37719,36.42178],[129.37705,36.42083],[129.37696,36.41994],[129.37689,36.41924],[129.37687,36.41857],[129.37689,36.41792],[129.37701,36.41728],[129.37717,36.41665],[129.37733,36.41602],[129.37766,36.41411],[129.37902,36.40648],[129.37925,36.40508],[129.37948,36.40386],[129.37972,36.403],[129.37998,36.40214],[129.38018,36.40128],[129.3803,36.40039],[129.38036,36.3995],[129.38038,36.39872],[129.38037,36.3981],[129.38031,36.39749],[129.38013,36.39639],[129.37984,36.39516],[129.3793,36.39355],[129.37868,36.39202],[129.37825,36.39115],[129.3778,36.39035],[129.37682,36.38873],[129.3738,36.38374],[129.37332,36.38297],[129.37289,36.3823],[129.37251,36.38162],[129.37218,36.38088],[129.37189,36.38012],[129.37165,36.37936],[129.37149,36.37864],[129.37138,36.37793],[129.3713,36.37716],[129.37125,36.37618],[129.37125,36.37513],[129.37131,36.37401],[129.37154,36.37246],[129.37187,36.3708],[129.37217,36.36922],[129.37268,36.36568],[129.3728,36.36451],[129.37287,36.36339],[129.37284,36.36243],[129.37276,36.3611],[129.37019,36.30762],[129.36988,36.29699],[129.36928,36.29055],[129.36879,36.27862],[129.36835,36.27121],[129.36758,36.2509],[129.36754,36.25006],[129.3675,36.24946],[129.36751,36.24887],[129.36758,36.24821],[129.36769,36.24755],[129.36785,36.24686],[129.36809,36.246],[129.36839,36.2451],[129.36874,36.24422],[129.36915,36.24337],[129.36962,36.24255],[129.37014,36.24167],[129.37092,36.24046],[129.37177,36.23918],[129.37248,36.23799],[129.37286,36.2372],[129.37315,36.23647],[129.37341,36.23572],[129.37379,36.23448],[129.37407,36.23334],[129.37417,36.2328],[129.37424,36.23226],[129.3743,36.23148],[129.37434,36.23057],[129.37431,36.22964],[129.37419,36.22862],[129.37399,36.22757],[129.37377,36.22661],[129.37347,36.22565],[129.37315,36.22481],[129.37289,36.22421],[129.37261,36.22365],[129.37231,36.22313],[129.37194,36.22253],[129.36917,36.21786],[129.36854,36.21684],[129.36801,36.21592],[129.36754,36.21489],[129.36716,36.21388],[129.36693,36.21312],[129.36676,36.21235],[129.36656,36.21131],[129.36642,36.21022],[129.36639,36.20933],[129.36639,36.20808],[129.3657,36.1549],[129.3677,36.12516],[129.36788,36.123],[129.36796,36.1213],[129.36795,36.12],[129.36788,36.11871],[129.36775,36.11744],[129.36755,36.11631],[129.3673,36.11521],[129.36697,36.11411],[129.36655,36.11294],[129.36605,36.11177],[129.36544,36.1105],[129.36384,36.10755],[129.36191,36.10424],[129.3577837,36.0972201]],[[129.33789,36.0631044],[129.33524,36.05853],[129.3338,36.05605],[129.33304,36.05481],[129.33224,36.05362],[129.3314,36.05253],[129.33052,36.05151],[129.33018,36.05115],[129.32984,36.0508],[129.32949,36.05047],[129.32912,36.05015],[129.32874,36.04986],[129.32834,36.04961],[129.32792,36.04938],[129.32748,36.04918],[129.32704,36.04898],[129.32659,36.04879],[129.32548,36.04836],[129.3243,36.04795],[129.32101,36.04674],[129.32043,36.04653],[129.31988,36.04635],[129.31935,36.04616],[129.31884,36.04594],[129.31835,36.04568],[129.31788,36.0454],[129.31742,36.04509],[129.31697,36.04475],[129.31644,36.0443],[129.31592,36.04379],[129.31542,36.04326],[129.31497,36.04271],[129.3146,36.04217],[129.31428,36.04162],[129.31397,36.04103],[129.31361,36.04036],[129.31025,36.03453],[129.30942,36.03294],[129.30854,36.03135],[129.30659,36.02851],[129.30455,36.0256],[129.30222,36.02178],[129.30022,36.01783],[129.29335,36.00422],[129.29315,36.0038],[129.29282,36.00345],[129.29257,36.00325],[129.29226,36.00305],[129.29192,36.00287],[129.29157,36.00273],[129.29118,36.00261],[129.29078,36.00251],[129.29037,36.00242],[129.28982,36.00231],[129.28926,36.00224],[129.28869,36.00219],[129.2882,36.00217],[129.2877,36.00219],[129.287,36.00221],[129.26587,36.00247],[129.26523,36.00248],[129.26462,36.00235],[129.26419,36.00205],[129.26379,36.00178],[129.26334,36.00146],[129.26284,36.00103],[129.26219,36.00045],[129.25438,35.99357],[129.23967,35.98137],[129.23892,35.98076],[129.23836,35.98029],[129.23795,35.97991],[129.23755,35.97952],[129.23717,35.97912],[129.23686,35.97873],[129.23658,35.97834],[129.2363,35.9779],[129.23593,35.97724],[129.23557,35.97649],[129.23524,35.97574],[129.23486,35.9747],[129.23446,35.97349],[129.232,35.96643],[129.22898,35.95826],[129.22299,35.94297],[129.21891,35.93435],[129.21019,35.91724],[129.20938,35.91566],[129.20893,35.91487],[129.20844,35.91412],[129.20794,35.91346],[129.20741,35.91282],[129.20627,35.91157],[129.20352,35.90858],[129.18719,35.89115],[129.18086,35.88466],[129.17688,35.88023],[129.17264,35.87595],[129.13919,35.84225],[129.13561,35.83864],[129.13231,35.83485],[129.1315045,35.8338592]],[[129.1180142,35.8171246],[129.11791,35.81693],[129.11776,35.81659],[129.11764,35.81624],[129.11755,35.81588],[129.11749,35.81551],[129.11746,35.81506],[129.11747,35.8146],[129.1175,35.81414],[129.11756,35.81372],[129.11763,35.81333],[129.11772,35.81297],[129.11784,35.81262],[129.11798,35.81226],[129.11814,35.81191],[129.11832,35.81158],[129.11848,35.8113],[129.11866,35.81104],[129.11889,35.81076],[129.11923,35.81041],[129.11964,35.81003],[129.1201,35.80966],[129.12056,35.80931],[129.12113,35.80895],[129.12173,35.80862],[129.1218477,35.8085548]],[[129.1361481,35.8003252],[129.14358,35.79604],[129.1495,35.79282],[129.15463,35.78996],[129.15843,35.78757],[129.16148,35.78557],[129.16253,35.78488],[129.16344,35.78431],[129.16412,35.78395],[129.16481,35.7836],[129.16553,35.78319],[129.16656,35.78245],[129.16764,35.78159],[129.1686,35.78078],[129.16946,35.78003],[129.1703,35.77919],[129.17201,35.77723],[129.17389,35.77493],[129.17603,35.7723],[129.17808,35.76962],[129.17964,35.76729],[129.18103,35.76506],[129.18212,35.76328],[129.18313,35.76148],[129.18433,35.75904],[129.18537,35.75681],[129.18618,35.75513],[129.18662,35.7543],[129.18709,35.75349],[129.18758,35.75273],[129.18813,35.75196],[129.18899,35.75091],[129.18991,35.74989],[129.19062,35.74916],[129.19135,35.74849],[129.19212,35.74785],[129.19299,35.7472],[129.19401,35.74649],[129.19517,35.74573],[129.19634,35.74502],[129.19739,35.74447],[129.19845,35.74398],[129.19964,35.74343],[129.20623,35.74026],[129.20882,35.73908],[129.2111,35.73812],[129.21227,35.73767],[129.21335,35.73731],[129.21458,35.73698],[129.21583,35.73671],[129.21708,35.73648],[129.21839,35.73629],[129.22018,35.73614],[129.22204,35.73603],[129.22559,35.73589],[129.22914,35.73575],[129.23091,35.7357],[129.23269,35.73561],[129.23401,35.73547],[129.23534,35.73528],[129.23668,35.73501],[129.23813,35.73463],[129.23958,35.73417],[129.24101,35.73366],[129.24292,35.73292],[129.24515,35.73199],[129.26183,35.72525],[129.26282,35.72484],[129.2636,35.72453],[129.26418,35.72432],[129.26477,35.72413],[129.26544,35.72393],[129.26678,35.72363],[129.26832,35.72333],[129.26975,35.7231],[129.27067,35.72297],[129.27152,35.72289],[129.27237,35.72285],[129.2732,35.72285],[129.27401,35.72288],[129.27493,35.72292],[129.28004,35.72308],[129.28181,35.72307],[129.2835,35.72299],[129.28538,35.72279],[129.28708,35.72252],[129.28796,35.72235],[129.28875,35.72215],[129.28964,35.72189],[129.29051,35.72158],[129.29121,35.72128],[129.29218,35.72084],[129.33358,35.70237],[129.33633,35.70114],[129.33897,35.69976],[129.34201,35.69793],[129.34351,35.69696],[129.34498,35.69594],[129.34654,35.69472],[129.34801,35.69344],[129.34925,35.6922],[129.35038,35.69091],[129.35141,35.6896],[129.35234,35.68828],[129.3531,35.68706],[129.35379,35.68584],[129.35445,35.68461],[129.35506,35.68335],[129.35551,35.68226],[129.35609,35.68079],[129.37119,35.64313],[129.37138,35.64267],[129.3715,35.64236],[129.37159,35.64196],[129.37164,35.64155],[129.37165,35.64121],[129.37165,35.64074],[129.37176,35.62876],[129.37203,35.62033],[129.37335,35.6057],[129.37341,35.60482],[129.37346,35.60416],[129.37355,35.60351],[129.37371,35.60279],[129.37392,35.60207],[129.37419,35.60137],[129.37444,35.60085],[129.37472,35.60033],[129.37504,35.59983],[129.37539,35.59935],[129.37578,35.5989],[129.37622,35.59847],[129.37667,35.59804],[129.37713,35.5976],[129.37923,35.59549],[129.3799,35.59485],[129.38055,35.59423],[129.38116,35.59356],[129.3816,35.59298],[129.38203,35.59237],[129.38241,35.59175],[129.38274,35.59115],[129.38297,35.59065],[129.38316,35.59016],[129.38331,35.58967],[129.38344,35.58918],[129.38356,35.58847],[129.38362,35.58774],[129.38363,35.58706],[129.3836,35.58655],[129.38354,35.58606],[129.38345,35.58556],[129.3833,35.58496],[129.3831,35.58435],[129.38288,35.58377],[129.38268,35.58327],[129.38246,35.58279],[129.38219,35.58232],[129.38182,35.58178],[129.3814,35.58125],[129.38095,35.58076],[129.38051,35.58034],[129.38005,35.57996],[129.37958,35.57958],[129.37912,35.5792],[129.37865,35.57883],[129.37817,35.57849],[129.37768,35.57819],[129.37717,35.57793],[129.37665,35.5777],[129.37613,35.57751],[129.3756,35.57735],[129.37498,35.57715],[129.37269,35.57644],[129.37032,35.57565],[129.36943,35.57528],[129.36863,35.57493],[129.36793,35.57457],[129.36747,35.5743],[129.36707,35.57404],[129.36668,35.57375],[129.36599,35.57321],[129.36533,35.57262],[129.36469,35.57195],[129.36413,35.57128],[129.36388,35.57095],[129.36367,35.57064],[129.36346,35.57029],[129.36315,35.56964],[129.36284,35.56889],[129.3626,35.56817],[129.36247,35.56759],[129.36239,35.56703],[129.36234,35.56647],[129.36233,35.56594],[129.36236,35.5654],[129.3624,35.5648],[129.36264,35.56301],[129.36285,35.56105],[129.36288,35.55984],[129.36284,35.55863],[129.36273,35.55747],[129.36257,35.55648],[129.36234,35.55553],[129.3621,35.55464],[129.36178,35.55366],[129.36141,35.55273],[129.36101,35.55193],[129.36044,35.55091],[129.3541741,35.5391041]],[[129.3466002,35.5250165],[129.34498,35.52259],[129.34277,35.51946]]]}},{"type":"Feature","properties":{"c":"hsr200","n":"동해선","g":"kr","jk":"semi","d":200,"e":1,"nz":"东海线","ne":"Donghae Line","off":-0.5},"geometry":{"type":"MultiLineString","coordinates":[[[129.4031662,37.0551403],[129.40332,37.05424],[129.4042361,37.0477179]],[[129.1253197,35.8065688],[129.1326828,35.8023232]]]}},{"type":"Feature","properties":{"c":"hsr200","n":"동해선","g":"kr","jk":"semi","d":200,"e":1,"nz":"东海线","ne":"Donghae Line","off":-0.375},"geometry":{"type":"MultiLineString","coordinates":[[[129.4029418,37.0564546],[129.4031662,37.0551403]],[[129.4042361,37.0477179],[129.4044216,37.0463975]],[[129.1241646,35.8072348],[129.1253197,35.8065688]],[[129.1326828,35.8023232],[129.1338379,35.8016572]]]}},{"type":"Feature","properties":{"c":"hsr200","n":"동해선","g":"kr","jk":"semi","d":200,"e":1,"nz":"东海线","ne":"Donghae Line","off":-0.25},"geometry":{"type":"MultiLineString","coordinates":[[[129.4027173,37.0577689],[129.4029418,37.0564546]],[[129.4044216,37.0463975],[129.404607,37.0450772]],[[129.1230095,35.8079008],[129.1241646,35.8072348]],[[129.1338379,35.8016572],[129.134993,35.8009912]]]}},{"type":"Feature","properties":{"c":"hsr200","n":"동해선","g":"kr","jk":"semi","d":200,"e":1,"nz":"东海线","ne":"Donghae Line","off":-0.125},"geometry":{"type":"MultiLineString","coordinates":[[[129.4025083,37.0590857],[129.40252,37.05901],[129.40263,37.05828],[129.4027173,37.0577689]],[[129.404607,37.0450772],[129.4047925,37.0437568]],[[129.1218477,35.8085548],[129.12256,35.80816],[129.1230095,35.8079008]],[[129.134993,35.8009912],[129.1361481,35.8003252]]]}},{"type":"Feature","properties":{"c":"hsr200","n":"동해선","g":"kr","jk":"semi","d":200,"e":1,"nz":"东海线","ne":"Donghae Line","off":0.125},"geometry":{"type":"MultiLineString","coordinates":[[[129.3577837,36.0972201],[129.357108,36.0960707]],[[129.3385584,36.0642581],[129.33789,36.0631044]],[[129.1315045,35.8338592],[129.1306635,35.8328246]],[[129.1187894,35.8182074],[129.11863,35.81801],[129.11843,35.81775],[129.11824,35.81748],[129.11806,35.81721],[129.1180142,35.8171246]],[[129.3541741,35.5391041],[129.353549,35.5379264]],[[129.3473071,35.5261457],[129.34709,35.52575],[129.3466002,35.5250165]]]}},{"type":"Feature","properties":{"c":"hsr200","n":"동해선","g":"kr","jk":"semi","d":200,"e":1,"nz":"东海线","ne":"Donghae Line","off":0.25},"geometry":{"type":"MultiLineString","coordinates":[[[129.357108,36.0960707],[129.3564324,36.0949212]],[[129.3392267,36.0654119],[129.3385584,36.0642581]],[[129.1306635,35.8328246],[129.1298224,35.83179]],[[129.1196233,35.8192477],[129.11928,35.81883],[129.11884,35.81827],[129.1187894,35.8182074]],[[129.353549,35.5379264],[129.3529239,35.5367487]],[[129.3479485,35.5273146],[129.3473071,35.5261457]]]}},{"type":"Feature","properties":{"c":"hsr200","n":"동해선","g":"kr","jk":"semi","d":200,"e":1,"nz":"东海线","ne":"Donghae Line","off":0.375},"geometry":{"type":"MultiLineString","coordinates":[[[129.3564324,36.0949212],[129.35632,36.09473],[129.3557528,36.0937741]],[[129.3398951,36.0665656],[129.3392267,36.0654119]],[[129.1298224,35.83179],[129.1289813,35.8307554]],[[129.1204661,35.8202809],[129.11988,35.81956],[129.1196233,35.8192477]],[[129.3529239,35.5367487],[129.3522989,35.5355709]],[[129.3485899,35.5284835],[129.3479485,35.5273146]]]}},{"type":"Feature","properties":{"c":"hsr200","n":"동해선","g":"kr","jk":"semi","d":200,"e":1,"nz":"东海线","ne":"Donghae Line","off":0.5},"geometry":{"type":"MultiLineString","coordinates":[[[129.3557528,36.0937741],[129.35524,36.09291],[129.35431,36.09103],[129.35322,36.0892],[129.34364,36.07303],[129.3398951,36.0665656]],[[129.1289813,35.8307554],[129.1204661,35.8202809]],[[129.3522989,35.5355709],[129.3506,35.53237],[129.34878,35.52883],[129.3485899,35.5284835]]]}},{"type":"Feature","properties":{"c":"hsr200","n":"동해선","g":"kr","jk":"semi","d":200,"e":1,"nz":"东海线","ne":"Donghae Line","off":0.5},"geometry":{"type":"LineString","coordinates":[[129.32806,35.51036],[129.32867,35.51054],[129.32927,35.51073],[129.32993,35.51089],[129.33087,35.51104],[129.33188,35.51116],[129.33278,35.51127],[129.3333,35.51133],[129.33375,35.51138],[129.33421,35.51146],[129.33474,35.51159],[129.33528,35.51175],[129.33582,35.5119]]}},{"type":"Feature","properties":{"c":"branch","n":"망우선","g":"kr","jk":"branch","lc":"#008e72","nz":"忘忧线","ne":"Mangu Line"},"geometry":{"type":"MultiLineString","coordinates":[[[127.1036,37.60507],[127.1029,37.60444],[127.10219,37.60381],[127.10152,37.60327],[127.10106,37.60297],[127.10062,37.60271],[127.10017,37.60248],[127.09972,37.60229],[127.09925,37.60213],[127.09865,37.60191],[127.0951132,37.6005697]],[[127.0756127,37.5970639],[127.07521,37.59731],[127.0746,37.59767],[127.07105,37.59969],[127.07059,37.59993],[127.0704313,37.6000113]]]}},{"type":"Feature","properties":{"c":"branch","n":"망우선","g":"kr","jk":"branch","lc":"#008e72","nz":"忘忧线","ne":"Mangu Line","off":0.125},"geometry":{"type":"MultiLineString","coordinates":[[[127.0951132,37.6005697],[127.0938664,37.6000972]],[[127.0768151,37.5964913],[127.07679,37.5965],[127.07632,37.5967],[127.07575,37.59698],[127.0756127,37.5970639]],[[127.0704313,37.6000113],[127.07018,37.60014],[127.0698,37.60035],[127.06945,37.6006],[127.0693059,37.6007187]]]}},{"type":"Feature","properties":{"c":"branch","n":"망우선","g":"kr","jk":"branch","lc":"#008e72","nz":"忘忧线","ne":"Mangu Line","off":0.25},"geometry":{"type":"MultiLineString","coordinates":[[[127.0938664,37.6000972],[127.0926196,37.5996247]],[[127.0780917,37.5961114],[127.07778,37.59618],[127.07728,37.59633],[127.0768151,37.5964913]],[[127.0693059,37.6007187],[127.06911,37.60088],[127.0688,37.6012],[127.06852,37.60153],[127.0684084,37.6016974]]]}},{"type":"Feature","properties":{"c":"branch","n":"망우선","g":"kr","jk":"branch","lc":"#008e72","nz":"忘忧线","ne":"Mangu Line","off":0.375},"geometry":{"type":"MultiLineString","coordinates":[[[127.0926196,37.5996247],[127.0913728,37.5991522]],[[127.0794127,37.595946],[127.07931,37.59595],[127.07879,37.59599],[127.07828,37.59607],[127.0780917,37.5961114]],[[127.0684084,37.6016974],[127.0683,37.60186],[127.06815,37.60218],[127.06805,37.6025],[127.06798,37.60283],[127.0679632,37.6029407]]]}},{"type":"Feature","properties":{"c":"branch","n":"망우선","g":"kr","jk":"branch","lc":"#008e72","nz":"忘忧线","ne":"Mangu Line","off":0.5},"geometry":{"type":"MultiLineString","coordinates":[[[127.0913728,37.5991522],[127.09076,37.59892],[127.08909,37.59826],[127.08755,37.59765],[127.08605,37.59714],[127.08472,37.59682],[127.08341,37.59657],[127.08224,37.59635],[127.08172,37.59623],[127.08126,37.59611],[127.08081,37.59602],[127.08034,37.59595],[127.07983,37.59593],[127.0794127,37.595946]],[[127.0679632,37.6029407],[127.06793,37.60316],[127.06789,37.60359],[127.06789,37.60402],[127.06789,37.6045],[127.06781,37.60745],[127.0678,37.6085],[127.06775,37.60949],[127.06759,37.6105],[127.06734,37.61149],[127.067,37.61237],[127.06652,37.61342],[127.06218,37.62352]]]}},{"type":"Feature","properties":{"c":"main","n":"목포보성선","g":"kr","jk":"main","nz":"木浦宝城线","ne":"Mokpo-boseong Line"},"geometry":{"type":"LineString","coordinates":[[126.4523956,34.8206357],[126.46956,34.82088],[126.47864,34.82069],[126.47936,34.82069],[126.47997,34.8207],[126.48052,34.8207],[126.48109,34.82064],[126.48166,34.82053],[126.48222,34.82037],[126.48278,34.82018],[126.4834,34.81997],[126.48516,34.81931],[126.48733,34.81844],[126.50014,34.81314],[126.50344,34.81185],[126.50638,34.81057],[126.50937,34.80892],[126.51203,34.80719],[126.51356,34.80598],[126.5151,34.80461],[126.52294,34.79763],[126.52385,34.79685],[126.52461,34.7962],[126.52532,34.79552],[126.52601,34.79473],[126.52664,34.7939],[126.52717,34.79307],[126.52753,34.79237],[126.52782,34.79166],[126.52806,34.79085],[126.52838,34.78929],[126.52862,34.78749],[126.52882,34.78568],[126.52924,34.78049],[126.53087,34.76033],[126.53149,34.75268],[126.53144,34.74736],[126.53142,34.74502],[126.53158,34.7427],[126.53194,34.74038],[126.53419,34.72616],[126.53458,34.72341],[126.53501,34.721],[126.53567,34.71843],[126.53648,34.71593],[126.53731,34.71381],[126.53829,34.71171],[126.53962,34.70929],[126.54115,34.70688],[126.54282,34.70458],[126.54468,34.70235],[126.54701,34.69994],[126.5494,34.69772],[126.55118,34.69625],[126.55288,34.69498],[126.55562,34.69313],[126.55854,34.69149],[126.56917,34.68549],[126.58363,34.67762],[126.59404,34.67151],[126.59738,34.66946],[126.60054,34.66735],[126.60442,34.66438],[126.60814,34.66128],[126.61344,34.65628],[126.61683,34.65345],[126.63074,34.64259],[126.63156,34.64197],[126.63218,34.64151],[126.63276,34.64101],[126.63331,34.64041],[126.63382,34.63977],[126.63438,34.63916],[126.635,34.63865],[126.63566,34.63817],[126.63643,34.63762],[126.64189,34.63348],[126.65534,34.62278],[126.65632,34.62197],[126.65707,34.62134],[126.65788,34.62076],[126.65881,34.6202],[126.6598,34.61969],[126.66087,34.61921],[126.66309,34.61841],[126.6654,34.61767],[126.66913,34.61655],[126.67021,34.61628],[126.67124,34.61608],[126.6723,34.61595],[126.67344,34.61585],[126.67513,34.6157],[126.67703,34.61557],[126.67974,34.61552],[126.68259,34.61555],[126.68814,34.61589],[126.74319,34.61925],[126.74497,34.61932],[126.74621,34.61937],[126.74743,34.61951],[126.74886,34.61982],[126.75026,34.62022],[126.75146,34.62062],[126.75236,34.62096],[126.75313,34.62132],[126.75387,34.62173],[126.75467,34.6222],[126.75826,34.62425],[126.75926,34.62484],[126.76021,34.62536],[126.76124,34.62584],[126.76232,34.62625],[126.76353,34.6266],[126.76477,34.62689],[126.76727,34.62736],[126.7763,34.62904],[126.77989,34.62971],[126.78169,34.63009],[126.78344,34.63054],[126.78492,34.63106],[126.78633,34.63167],[126.78765,34.63234],[126.78903,34.6331],[126.79392,34.63569],[126.79521,34.63641],[126.79644,34.63709],[126.79772,34.63771],[126.79908,34.63825],[126.80048,34.63873],[126.80191,34.63913],[126.80329,34.63942],[126.80471,34.63963],[126.80634,34.63988],[126.81735,34.64175],[126.83156,34.64391],[126.83299,34.64414],[126.83417,34.64431],[126.83549,34.64442],[126.83682,34.64448],[126.83948,34.64449],[126.84586,34.6445],[126.84742,34.64447],[126.84889,34.64444],[126.85039,34.6445],[126.85219,34.64476],[126.85402,34.64513],[126.85563,34.64554],[126.85654,34.64583],[126.85734,34.64615],[126.8581,34.64647],[126.85906,34.64691],[126.86006,34.64745],[126.86192,34.64864],[126.86392,34.65005],[126.8679,34.65308],[126.8692,34.65401],[126.87052,34.6549],[126.87188,34.65567],[126.87314,34.65624],[126.87443,34.65671],[126.87589,34.65721],[126.88409,34.65991],[126.89149,34.66201],[126.89769,34.66351],[126.90018,34.66422],[126.90255,34.66503],[126.90463,34.66599],[126.90702,34.66721],[126.92471,34.67582],[126.92757,34.67718],[126.93,34.6784],[126.93173,34.67935],[126.93343,34.68036],[126.93494,34.68139],[126.93601,34.68229],[126.93694,34.6832],[126.93784,34.68414],[126.94044,34.68708],[126.94312,34.6902],[126.9463,34.69367],[126.95072,34.69767],[126.95487,34.7013],[126.95664,34.70297],[126.95812,34.70453],[126.95944,34.7062],[126.96077,34.70815],[126.96323,34.71224],[126.96605,34.71706],[126.97448,34.73046],[126.9808,34.74095],[126.98139,34.74195],[126.98189,34.74275],[126.98227,34.74332],[126.98267,34.74388],[126.98316,34.74446],[126.98398,34.74532],[126.98495,34.74623],[126.98597,34.74708],[126.98752,34.74815],[126.98929,34.74926],[126.99672,34.75415],[126.99835,34.75533],[126.99986,34.75645],[127.00132,34.75738],[127.00247,34.75796],[127.0036,34.75842],[127.00465,34.75878],[127.00537,34.75898],[127.00605,34.75912],[127.00674,34.75922],[127.00784,34.75933],[127.00896,34.75937],[127.00989,34.75935],[127.01119,34.75928],[127.06612,34.75709],[127.06839,34.75697],[127.07009,34.75693],[127.07208,34.75702],[127.07406,34.75721],[127.07591,34.75754],[127.07794,34.75795],[127.08612,34.7595],[127.0863,34.75953],[127.08646,34.75949],[127.08649,34.75948],[127.08652,34.75948],[127.08655,34.75948],[127.08657,34.75947],[127.08658,34.75947],[127.08658,34.75946],[127.08658,34.75945],[127.08657,34.75945],[127.08654,34.75944],[127.08651,34.75944],[127.08649,34.75944],[127.08646,34.75944],[127.08553,34.75927]]}},{"type":"Feature","properties":{"c":"main","n":"목포보성선","g":"kr","jk":"main","nz":"木浦宝城线","ne":"Mokpo-boseong Line","off":0.125},"geometry":{"type":"LineString","coordinates":[[126.4510624,34.8206167],[126.4523956,34.8206357]]}},{"type":"Feature","properties":{"c":"main","n":"목포보성선","g":"kr","jk":"main","nz":"木浦宝城线","ne":"Mokpo-boseong Line","off":0.25},"geometry":{"type":"LineString","coordinates":[[126.4497292,34.8205977],[126.4510624,34.8206167]]}},{"type":"Feature","properties":{"c":"main","n":"목포보성선","g":"kr","jk":"main","nz":"木浦宝城线","ne":"Mokpo-boseong Line","off":0.375},"geometry":{"type":"LineString","coordinates":[[126.448396,34.8205787],[126.4497292,34.8205977]]}},{"type":"Feature","properties":{"c":"main","n":"목포보성선","g":"kr","jk":"main","nz":"木浦宝城线","ne":"Mokpo-boseong Line","off":0.5},"geometry":{"type":"LineString","coordinates":[[126.43865,34.82044],[126.448396,34.8205787]]}},{"type":"Feature","properties":{"c":"branch","n":"묵호항선","g":"kr","jk":"branch","nz":"墨湖港线"},"geometry":{"type":"LineString","coordinates":[[129.1074,37.54874],[129.10853,37.54564],[129.10865,37.54527],[129.10877,37.54497],[129.10894,37.54465],[129.10915,37.54435],[129.10938,37.54411],[129.10964,37.54387],[129.10994,37.5436],[129.11029,37.54328],[129.11061,37.54292],[129.111,37.54236],[129.11137,37.54172],[129.11172,37.54108],[129.11257,37.53938],[129.11307,37.53831],[129.1131757,37.5380835]]}},{"type":"Feature","properties":{"c":"branch","n":"묵호항선","g":"kr","jk":"branch","nz":"墨湖港线","off":0.125},"geometry":{"type":"LineString","coordinates":[[129.1131757,37.5380835],[129.11363,37.53711],[129.1137553,37.5368833]]}},{"type":"Feature","properties":{"c":"branch","n":"묵호항선","g":"kr","jk":"branch","nz":"墨湖港线","off":0.25},"geometry":{"type":"LineString","coordinates":[[129.1137553,37.5368833],[129.11426,37.53597],[129.1144231,37.5357304]]}},{"type":"Feature","properties":{"c":"branch","n":"묵호항선","g":"kr","jk":"branch","nz":"墨湖港线","off":0.375},"geometry":{"type":"LineString","coordinates":[[129.1144231,37.5357304],[129.11492,37.535],[129.1151992,37.5346471]]}},{"type":"Feature","properties":{"c":"branch","n":"묵호항선","g":"kr","jk":"branch","nz":"墨湖港线","off":0.5},"geometry":{"type":"LineString","coordinates":[[129.1151992,37.5346471],[129.11564,37.53409],[129.11638,37.53328],[129.11701,37.53272],[129.11766,37.53223],[129.11823,37.53179],[129.11858,37.53153],[129.11889,37.5313],[129.11916,37.53104],[129.11936,37.53079],[129.11952,37.53051],[129.11966,37.53022],[129.11977,37.52994],[129.11984,37.52962],[129.11987,37.5293],[129.11987,37.52898],[129.11985,37.52853],[129.11979,37.52802],[129.1197,37.5272],[129.1196,37.52621],[129.11956,37.52529],[129.11961,37.52463],[129.1197,37.52401],[129.11984,37.52343],[129.11998,37.52298],[129.12015,37.52257],[129.12036,37.52216],[129.12071,37.5216],[129.12114,37.52099],[129.12304,37.51813],[129.12361,37.51732],[129.1241,37.51655],[129.12454,37.51576],[129.12493,37.51488],[129.12535,37.51374],[129.12574,37.51242],[129.126,37.51119],[129.12604,37.51056],[129.126,37.50996],[129.12597,37.50938],[129.12602,37.50877],[129.12625,37.508],[129.12659,37.50719],[129.12693,37.5064],[129.12716,37.5057],[129.12722,37.50527],[129.12725,37.50487],[129.12724,37.5045],[129.1272,37.50414],[129.12714,37.50384],[129.12707,37.50356],[129.12696,37.50328],[129.12681,37.50297],[129.12639,37.50226],[129.12584,37.50147],[129.12529,37.50069]]}},{"type":"Feature","properties":{"c":"branch","n":"미전선","g":"kr","jk":"branch","nz":"美田线","ne":"Mijeon Line"},"geometry":{"type":"LineString","coordinates":[[128.82275,35.40109],[128.82419,35.40097],[128.82562,35.40084],[128.82701,35.4008],[128.8283,35.40092],[128.82956,35.40111],[128.83066,35.40123],[128.83113,35.40124],[128.83156,35.40124],[128.83195,35.40122],[128.83233,35.40116],[128.83276,35.40104],[128.83316,35.40088],[128.83353,35.40068],[128.83388,35.40045],[128.8342,35.40018],[128.83449,35.39989],[128.8345825,35.3997744]]}},{"type":"Feature","properties":{"c":"branch","n":"미전선","g":"kr","jk":"branch","nz":"美田线","ne":"Mijeon Line","off":0.125},"geometry":{"type":"LineString","coordinates":[[128.8345825,35.3997744],[128.83473,35.39959],[128.83494,35.39927],[128.83511,35.39892],[128.8351971,35.3986065]]}},{"type":"Feature","properties":{"c":"branch","n":"미전선","g":"kr","jk":"branch","nz":"美田线","ne":"Mijeon Line","off":0.25},"geometry":{"type":"LineString","coordinates":[[128.8351971,35.3986065],[128.83521,35.39856],[128.83528,35.39818],[128.83532,35.39778],[128.83534,35.39739],[128.8353371,35.3972839]]}},{"type":"Feature","properties":{"c":"branch","n":"미전선","g":"kr","jk":"branch","nz":"美田线","ne":"Mijeon Line","off":0.375},"geometry":{"type":"LineString","coordinates":[[128.8353371,35.3972839],[128.83532,35.39667],[128.8352715,35.3959524]]}},{"type":"Feature","properties":{"c":"branch","n":"미전선","g":"kr","jk":"branch","nz":"美田线","ne":"Mijeon Line","off":0.5},"geometry":{"type":"LineString","coordinates":[[128.8352715,35.3959524],[128.83527,35.39593],[128.83517,35.39397],[128.83516,35.39362],[128.83515,35.3933],[128.83512,35.39299],[128.83504,35.39267],[128.83493,35.39236],[128.83479,35.39205],[128.83461,35.39174],[128.83439,35.39145],[128.83413,35.39117],[128.83385,35.39093],[128.83353,35.3907],[128.83319,35.39048],[128.83285,35.39027],[128.83222,35.38994],[128.83142,35.38955],[128.82287,35.38522]]}},{"type":"Feature","properties":{"c":"branch","n":"병점기지선","g":"kr","jk":"branch","nz":"饼店基地线","ne":"Byeongjeom Car Depot Line"},"geometry":{"type":"LineString","coordinates":[[127.0394142,37.2001265],[127.03984,37.20002],[127.04089,37.19983],[127.04192,37.19965],[127.04281,37.19943],[127.04346,37.19917],[127.04402,37.1989],[127.04461,37.19866],[127.04512,37.19854],[127.04565,37.19846],[127.04619,37.19837],[127.04669,37.19825],[127.04714,37.19808],[127.04755,37.19788],[127.04797,37.19766],[127.04844,37.19743],[127.05194,37.19578]]}},{"type":"Feature","properties":{"c":"branch","n":"병점기지선","g":"kr","jk":"branch","nz":"饼店基地线","ne":"Byeongjeom Car Depot Line","off":-0.5},"geometry":{"type":"LineString","coordinates":[[127.03103,37.21105],[127.03487,37.20375],[127.03512,37.20326],[127.03533,37.20288],[127.0355,37.20259],[127.03568,37.20231],[127.03589,37.20204],[127.0359367,37.2019915]]}},{"type":"Feature","properties":{"c":"branch","n":"병점기지선","g":"kr","jk":"branch","nz":"饼店基地线","ne":"Byeongjeom Car Depot Line","off":-0.375},"geometry":{"type":"LineString","coordinates":[[127.0359367,37.2019915],[127.03615,37.20177],[127.03645,37.2015],[127.03682,37.20124],[127.0369655,37.201152]]}},{"type":"Feature","properties":{"c":"branch","n":"병점기지선","g":"kr","jk":"branch","nz":"饼店基地线","ne":"Byeongjeom Car Depot Line","off":-0.25},"geometry":{"type":"LineString","coordinates":[[127.0369655,37.201152],[127.03725,37.20098],[127.03776,37.20072],[127.0381512,37.2005454]]}},{"type":"Feature","properties":{"c":"branch","n":"병점기지선","g":"kr","jk":"branch","nz":"饼店基地线","ne":"Byeongjeom Car Depot Line","off":-0.125},"geometry":{"type":"LineString","coordinates":[[127.0381512,37.2005454],[127.03832,37.20047],[127.03892,37.20025],[127.0394142,37.2001265]]}},{"type":"Feature","properties":{"c":"branch","n":"보성연결선","g":"kr","jk":"branch","nz":"宝城联络线","ne":"Boseong Connecting Line"},"geometry":{"type":"LineString","coordinates":[[127.10614,34.7719],[127.10096,34.77129],[127.1005,34.77125],[127.10012,34.77121],[127.09976,34.77115],[127.09937,34.77106],[127.099,34.77094],[127.09863,34.77077],[127.09827,34.77054],[127.0979,34.77026],[127.09757,34.76996],[127.09729,34.76967],[127.09707,34.76938],[127.09692,34.76909],[127.09679,34.76881],[127.09666,34.76848],[127.09658,34.76816],[127.09655,34.76786],[127.09653,34.76749],[127.09649,34.76662],[127.09643,34.76551],[127.09631,34.76453],[127.09617,34.76398],[127.096,34.7635],[127.09585,34.76308],[127.09574,34.7627],[127.09561,34.76235],[127.09544,34.76197],[127.09516,34.76161],[127.09485,34.76135],[127.09445,34.7611],[127.09401,34.76087],[127.09356,34.76069],[127.09312,34.76057],[127.09267,34.7605],[127.09219,34.76045],[127.09164,34.76038],[127.08683,34.75963]]}},{"type":"Feature","properties":{"c":"main","n":"부발기지선","g":"kr","jk":"main","nz":"夫钵基地线","ne":"Bubalgiji Line"},"geometry":{"type":"LineString","coordinates":[[127.5064125,37.2634902],[127.50651,37.26346],[127.50696,37.26327],[127.50752,37.26297],[127.50813,37.2626],[127.50876,37.2622],[127.50938,37.26181]]}},{"type":"Feature","properties":{"c":"main","n":"부발기지선","g":"kr","jk":"main","nz":"夫钵基地线","ne":"Bubalgiji Line","off":0.125},"geometry":{"type":"LineString","coordinates":[[127.5055113,37.2637264],[127.50564,37.2637],[127.50609,37.26359],[127.5064125,37.2634902]]}},{"type":"Feature","properties":{"c":"main","n":"부발기지선","g":"kr","jk":"main","nz":"夫钵基地线","ne":"Bubalgiji Line","off":0.25},"geometry":{"type":"LineString","coordinates":[[127.5045902,37.2638647],[127.50485,37.26384],[127.50525,37.26378],[127.5055113,37.2637264]]}},{"type":"Feature","properties":{"c":"main","n":"부발기지선","g":"kr","jk":"main","nz":"夫钵基地线","ne":"Bubalgiji Line","off":0.375},"geometry":{"type":"LineString","coordinates":[[127.5036591,37.2638782],[127.50399,37.26389],[127.50443,37.26388],[127.5045902,37.2638647]]}},{"type":"Feature","properties":{"c":"main","n":"부발기지선","g":"kr","jk":"main","nz":"夫钵基地线","ne":"Bubalgiji Line","off":0.5},"geometry":{"type":"LineString","coordinates":[[127.4957,37.26196],[127.49876,37.26285],[127.50152,37.26357],[127.50222,37.26371],[127.50285,37.26381],[127.50343,37.26387],[127.5036591,37.2638782]]}},{"type":"Feature","properties":{"c":"branch","n":"부산신항선","g":"kr","jk":"branch","nz":"釜山新港线","ne":"Busansinhang Line"},"geometry":{"type":"LineString","coordinates":[[128.7618297,35.2395633],[128.76189,35.23933],[128.76224,35.23838],[128.76266,35.23745],[128.76318,35.23655],[128.76383,35.23565],[128.76457,35.23477],[128.76534,35.23399],[128.76602,35.2334],[128.76671,35.23287],[128.76744,35.23239],[128.76821,35.23194],[128.76902,35.23153],[128.76982,35.23116],[128.77093,35.23074],[128.77205,35.2304],[128.77316,35.23012],[128.77438,35.22985],[128.77584,35.22953],[128.77749,35.22918],[128.77918,35.22871],[128.78105,35.22799],[128.78297,35.22712],[128.78512,35.22615],[128.7889,35.22445],[128.79314,35.22255],[128.797,35.22103],[128.79932,35.22035],[128.80145,35.21985],[128.80332,35.21942],[128.80632,35.21865],[128.80778,35.21822],[128.80923,35.2177],[128.81075,35.21702],[128.81223,35.21625],[128.81355,35.21548],[128.81503,35.21457],[128.82282,35.20988],[128.8263,35.20761],[128.8294,35.20538],[128.83137,35.2037],[128.83312,35.20196],[128.83484,35.19996],[128.83678,35.19748],[128.85038,35.17952],[128.85132,35.17832],[128.85202,35.17736],[128.8525,35.17662],[128.85294,35.17586],[128.85331,35.17504],[128.85366,35.174],[128.85393,35.17289],[128.85409,35.17176],[128.85411,35.17074],[128.85402,35.16971],[128.85392,35.16843],[128.85321,35.15476],[128.85266,35.14621],[128.85181,35.13779],[128.85051,35.13124],[128.84917,35.12558],[128.84801,35.12023],[128.8463,35.11498]]}},{"type":"Feature","properties":{"c":"branch","n":"부산신항선","g":"kr","jk":"branch","nz":"釜山新港线","ne":"Busansinhang Line","off":-0.5},"geometry":{"type":"LineString","coordinates":[[128.7603,35.2612],[128.75934,35.2588],[128.75916,35.25837],[128.75899,35.25799],[128.75886,35.2576],[128.75877,35.25717],[128.7587,35.25673],[128.75868,35.25628],[128.75869,35.25577],[128.75875,35.25525],[128.75882,35.25473],[128.75913,35.25318],[128.7610649,35.2434877]]}},{"type":"Feature","properties":{"c":"branch","n":"부산신항선","g":"kr","jk":"branch","nz":"釜山新港线","ne":"Busansinhang Line","off":-0.375},"geometry":{"type":"LineString","coordinates":[[128.7610649,35.2434877],[128.76131,35.24226],[128.7613236,35.2421798]]}},{"type":"Feature","properties":{"c":"branch","n":"부산신항선","g":"kr","jk":"branch","nz":"釜山新港线","ne":"Busansinhang Line","off":-0.25},"geometry":{"type":"LineString","coordinates":[[128.7613236,35.2421798],[128.7615,35.24114],[128.7615478,35.2408654]]}},{"type":"Feature","properties":{"c":"branch","n":"부산신항선","g":"kr","jk":"branch","nz":"釜山新港线","ne":"Busansinhang Line","off":-0.125},"geometry":{"type":"LineString","coordinates":[[128.7615478,35.2408654],[128.76166,35.24022],[128.7618297,35.2395633]]}},{"type":"Feature","properties":{"c":"branch","n":"부전선","g":"kr","jk":"branch","nz":"釜田线","off":-1.0},"geometry":{"type":"LineString","coordinates":[[129.0548107,35.1618932],[129.05507,35.162],[129.05558,35.16223],[129.05606,35.16247],[129.05653,35.16274],[129.05702,35.16309],[129.0575,35.16348],[129.05803,35.16385],[129.05882,35.16428],[129.0597,35.1647],[129.06055,35.16507],[129.06156,35.16545],[129.06255,35.1658]]}},{"type":"Feature","properties":{"c":"branch","n":"부전선","g":"kr","jk":"branch","nz":"釜田线","off":-0.875},"geometry":{"type":"LineString","coordinates":[[129.0535592,35.1614351],[129.05401,35.16158],[129.05456,35.16179],[129.0548107,35.1618932]]}},{"type":"Feature","properties":{"c":"branch","n":"부전선","g":"kr","jk":"branch","nz":"釜田线","off":-0.75},"geometry":{"type":"LineString","coordinates":[[129.0522587,35.1611518],[129.05249,35.16118],[129.05292,35.16126],[129.05345,35.1614],[129.0535592,35.1614351]]}},{"type":"Feature","properties":{"c":"branch","n":"부전선","g":"kr","jk":"branch","nz":"釜田线","off":-0.625},"geometry":{"type":"LineString","coordinates":[[129.0509344,35.1611991],[129.05121,35.16114],[129.05166,35.16111],[129.05208,35.16113],[129.0522587,35.1611518]]}},{"type":"Feature","properties":{"c":"branch","n":"부전선","g":"kr","jk":"branch","nz":"釜田线","off":-0.5},"geometry":{"type":"LineString","coordinates":[[129.03324,35.15896],[129.0452,35.16169],[129.04568,35.16181],[129.04604,35.16191],[129.04636,35.16198],[129.0467,35.16204],[129.04708,35.16206],[129.04745,35.16206],[129.04784,35.16204],[129.04826,35.16199],[129.04895,35.16181],[129.04973,35.16155],[129.05051,35.16129],[129.0509344,35.1611991]]}},{"type":"Feature","properties":{"c":"branch","n":"북평선","g":"kr","jk":"branch","nz":"北坪线"},"geometry":{"type":"LineString","coordinates":[[129.11942,37.4937],[129.11724,37.49104],[129.117,37.49073],[129.11679,37.49045],[129.11659,37.4902],[129.11635,37.48996],[129.11607,37.48971],[129.11577,37.48948],[129.11545,37.48927],[129.11512,37.48911],[129.11469,37.48897],[129.11425,37.48888],[129.1138,37.48882],[129.11338,37.48881],[129.11295,37.48883],[129.11243,37.48884],[129.10732,37.48892],[129.10688,37.48893],[129.10653,37.48894],[129.10618,37.48893],[129.10581,37.48889],[129.10543,37.48883],[129.10507,37.48874],[129.10476,37.48863],[129.10446,37.4885],[129.10406,37.48832],[129.09723,37.48541],[129.09331,37.48375],[129.0923,37.48332],[129.0913,37.48289],[129.09026,37.4825],[129.08917,37.48223],[129.08775,37.48218],[129.08621,37.48227],[129.0847,37.48241],[129.08337,37.48251],[129.08238,37.48254],[129.0815,37.48257],[129.08063,37.48264],[129.0797,37.48279],[129.07879,37.48298],[129.07797,37.48319],[129.07757,37.48329],[129.07721,37.4834],[129.07686,37.48352],[129.07651,37.48368],[129.076,37.48397],[129.07546,37.48433],[129.07496,37.48472],[129.07453,37.48511],[129.07427,37.48544],[129.07407,37.48578],[129.07389,37.48612],[129.07365,37.48644],[129.07324,37.48686],[129.07277,37.48726],[129.07228,37.48765],[129.07187,37.48796],[129.07144,37.48828],[129.071,37.48858],[129.07056,37.48882],[129.07021,37.48899],[129.06986,37.48912],[129.0695,37.48923],[129.06914,37.4893],[129.06876,37.48933],[129.06836,37.48933],[129.06797,37.48929],[129.06763,37.48923],[129.06717,37.48909],[129.06678,37.48889],[129.06647,37.48867],[129.06609,37.48836],[129.06011,37.48378]]}},{"type":"Feature","properties":{"c":"main","n":"분당선","g":"kr","jk":"main","nz":"盆唐线","ne":"Bundang Line"},"geometry":{"type":"MultiLineString","coordinates":[[[126.99921,37.26579],[127.00328,37.26734],[127.00383,37.26757],[127.00433,37.26779],[127.00481,37.26798],[127.00532,37.26812],[127.00587,37.26819],[127.00645,37.26821],[127.00703,37.26819],[127.00761,37.26814],[127.00821,37.26803],[127.00882,37.26788],[127.00941,37.2677],[127.00995,37.26751],[127.01038,37.26731],[127.01077,37.2671],[127.01114,37.26688],[127.01147,37.26669],[127.01186,37.26647],[127.01223,37.26629],[127.01273,37.26612],[127.01325,37.26598],[127.01372,37.26588],[127.0143,37.26577],[127.02071,37.26451],[127.03364,37.26127],[127.03432,37.2611],[127.03492,37.26079],[127.03523,37.26052],[127.03554,37.2602],[127.03579,37.25985],[127.03592,37.25954],[127.036,37.2592],[127.03609,37.25883],[127.03619,37.25837],[127.03628,37.25784],[127.03642,37.2573],[127.03669,37.25679],[127.03723,37.25625],[127.03797,37.25575],[127.03875,37.25524],[127.03945,37.25466],[127.04002,37.25393],[127.0405,37.25312],[127.04103,37.25229],[127.04176,37.25145],[127.04351,37.25014],[127.04573,37.2487],[127.04786,37.24739],[127.04932,37.24648],[127.04977,37.24617],[127.05013,37.24595],[127.05059,37.24574],[127.05108,37.24559],[127.05162,37.24552],[127.05218,37.24551],[127.05266,37.24551],[127.05328,37.24554],[127.06277,37.24582],[127.06344,37.24582],[127.06396,37.24583],[127.06447,37.24587],[127.06489,37.24593],[127.0653,37.246],[127.06571,37.24611],[127.06609,37.24625],[127.06646,37.24646],[127.06679,37.24672],[127.06711,37.24701],[127.06742,37.2473],[127.06793,37.24781],[127.06855,37.24849],[127.07983,37.26041],[127.08017,37.26079],[127.0804,37.26106],[127.08067,37.26129],[127.08102,37.26152],[127.08141,37.26172],[127.08185,37.26189],[127.08232,37.262],[127.08284,37.26208],[127.08336,37.26213],[127.08383,37.26215],[127.08441,37.26214],[127.08495,37.26208],[127.08546,37.262],[127.08605,37.26188],[127.0879,37.26152],[127.09004,37.26115],[127.09124,37.26099],[127.09241,37.26088],[127.09359,37.26082],[127.0947,37.26084],[127.09581,37.26093],[127.09717,37.26102],[127.10999,37.26176],[127.11087,37.2618],[127.11157,37.26185],[127.11196,37.2619],[127.11237,37.26196],[127.11275,37.26203],[127.11311,37.26212],[127.11363,37.2623],[127.11411,37.26254],[127.11444,37.26276],[127.11477,37.26302],[127.11509,37.26332],[127.11535,37.26362],[127.11557,37.26396],[127.11574,37.26432],[127.11587,37.2647],[127.11596,37.26508],[127.11601,37.26543],[127.116,37.26576],[127.11598,37.26614],[127.11597,37.26661],[127.11598,37.27564],[127.11581,37.28057],[127.11581,37.28093],[127.11582,37.28124],[127.11582,37.28152],[127.11576,37.2818],[127.11565,37.28209],[127.1155,37.28237],[127.11531,37.28265],[127.11511,37.28291],[127.11489,37.28314],[127.11466,37.28334],[127.11439,37.28355],[127.11406,37.28382],[127.10901,37.28823],[127.10849,37.28867],[127.10802,37.28903],[127.10761,37.28938],[127.10724,37.28978],[127.10692,37.29022],[127.10664,37.29068],[127.10641,37.29118],[127.10621,37.2917],[127.10602,37.29236],[127.10589,37.29307],[127.10579,37.2938],[127.10573,37.29453],[127.10572,37.29587],[127.10577,37.29738],[127.10588,37.3051],[127.10587,37.30556],[127.10586,37.30591],[127.1059,37.30625],[127.10599,37.30661],[127.10614,37.30696],[127.10635,37.30734],[127.10672,37.30775],[127.10721,37.30819],[127.10769,37.30864],[127.10804,37.30908],[127.1082,37.30943],[127.10829,37.30977],[127.10835,37.31011],[127.10839,37.31046],[127.10842,37.31099],[127.1084,37.31154],[127.10835,37.31209],[127.10822,37.31284],[127.10804,37.31369],[127.10775,37.31492],[127.10742,37.31639],[127.10718,37.31805],[127.10714,37.3211],[127.1073,37.32454],[127.10744,37.3274],[127.10744,37.32826],[127.10743,37.32899],[127.10744,37.32966],[127.10752,37.33034],[127.10773,37.33105],[127.10802,37.33174],[127.10833,37.33244],[127.10856,37.33317],[127.10876,37.33429],[127.10887,37.33546],[127.10894,37.33663],[127.10893,37.34011],[127.10893,37.3420592]],[[127.1081022,37.3599935],[127.10807,37.36123],[127.10809,37.36335],[127.10804,37.37223],[127.10802,37.37273],[127.10803,37.3731],[127.1081,37.37354],[127.10824,37.37396],[127.10848,37.37428],[127.10878,37.37457],[127.10907,37.37479],[127.10949,37.37507],[127.12663,37.38729],[127.12698,37.38752],[127.12722,37.3877],[127.12747,37.38793],[127.1277,37.38819],[127.12793,37.38857],[127.12809,37.38898],[127.12812,37.38937],[127.1281,37.38984],[127.12818,37.39444],[127.12818,37.3955],[127.12821,37.39645],[127.12834,37.39709],[127.12851,37.39772],[127.12862,37.39844],[127.12854,37.39985],[127.12832,37.40147],[127.12821,37.40298],[127.12832,37.404],[127.1285,37.40495],[127.12863,37.4059],[127.12867,37.40724],[127.12866,37.40883],[127.12879,37.41984],[127.12878,37.42227],[127.12884,37.42445],[127.12904,37.42599],[127.12931,37.42752],[127.12944,37.42905],[127.12936,37.43053],[127.12914,37.43201],[127.12886,37.43369],[127.12791,37.43855],[127.12699,37.44387],[127.12665,37.44908],[127.12651,37.45342],[127.12648,37.45462],[127.1264,37.45563],[127.12614,37.45672],[127.12588,37.45782],[127.1258,37.45902],[127.12582,37.46025],[127.126,37.46267],[127.12656,37.47007],[127.12663,37.47071],[127.12668,37.47121],[127.12669,37.47171],[127.12662,37.47227],[127.12649,37.47282],[127.12634,37.47333],[127.12618,37.47374],[127.12599,37.47412],[127.12583,37.47446],[127.12557,37.47502],[127.12535,37.47529],[127.12507,37.47552],[127.12474,37.4757],[127.12436,37.47584],[127.12402,37.47592],[127.12357,37.47599],[127.11612,37.47737],[127.11524,37.47752],[127.11452,37.47767],[127.11413,37.47777],[127.11373,37.47788],[127.11335,37.47801],[127.113,37.47817],[127.11271,37.47835],[127.11247,37.47854],[127.1122,37.47879],[127.11184,37.47909],[127.101,37.48776],[127.10017,37.4884],[127.09953,37.48893],[127.09909,37.48933],[127.09866,37.48975],[127.09825,37.49023],[127.0977,37.49099],[127.09716,37.49183],[127.09669,37.49257],[127.09646,37.49294],[127.09626,37.49327],[127.09603,37.49357],[127.09573,37.49387],[127.0954,37.49414],[127.09503,37.49438],[127.09464,37.49456],[127.09421,37.4947],[127.09374,37.49486],[127.0914,37.49571],[127.09097,37.49588],[127.09059,37.49604],[127.09019,37.49616],[127.08976,37.49624],[127.08932,37.49628],[127.08887,37.4963],[127.08845,37.49628],[127.08802,37.49623],[127.08759,37.49617],[127.08717,37.49609],[127.08667,37.49595],[127.08619,37.49578],[127.08557,37.49557],[127.07694,37.49278],[127.07556,37.49235],[127.07435,37.49199],[127.07319,37.49156],[127.07232,37.49113],[127.07149,37.49064],[127.07066,37.49017],[127.06979,37.48979],[127.06886,37.48955],[127.06787,37.48938],[127.06691,37.48925],[127.06605,37.48908],[127.0655,37.48893],[127.06499,37.48879],[127.06451,37.48862],[127.06406,37.48844],[127.06365,37.48821],[127.06328,37.48796],[127.0629,37.48771],[127.06249,37.48749],[127.06201,37.48729],[127.06148,37.4871],[127.06096,37.48695],[127.06049,37.48686],[127.05996,37.48684],[127.05945,37.48691],[127.05899,37.48701],[127.0585,37.48716],[127.05806,37.48732],[127.05764,37.48753],[127.05726,37.48777],[127.05696,37.488],[127.05667,37.48825],[127.05643,37.48853],[127.05628,37.48879],[127.05616,37.48907],[127.05599,37.48948],[127.04867,37.50518],[127.04848,37.50564],[127.04831,37.50596],[127.04803,37.50632],[127.04769,37.50663],[127.0473,37.50688],[127.04684,37.50713],[127.04642,37.50736],[127.04593,37.50762],[127.04544,37.5079],[127.04505,37.50819],[127.04474,37.5085],[127.04449,37.50882],[127.04429,37.50915],[127.04414,37.50946],[127.04404,37.50978],[127.04388,37.51024],[127.04296,37.51256],[127.04157,37.51604],[127.04014,37.51982],[127.0391,37.52304],[127.03962,37.52507],[127.04029,37.52704],[127.041,37.52892],[127.04164,37.53072],[127.04306,37.53612],[127.04339,37.5373],[127.04365,37.53837],[127.04377,37.53947],[127.0439,37.54066],[127.04413,37.5416],[127.04444,37.54262],[127.04473,37.5437],[127.04489,37.54481],[127.04482,37.54624],[127.04458,37.5478],[127.04429,37.54925],[127.04409,37.55031],[127.04406,37.5508],[127.04397,37.55119],[127.04369,37.55157],[127.04332,37.55191],[127.04293,37.55217],[127.04246,37.55243],[127.04227,37.5525366]]]}},{"type":"Feature","properties":{"c":"main","n":"분당선","g":"kr","jk":"main","nz":"盆唐线","ne":"Bundang Line","off":0.125},"geometry":{"type":"MultiLineString","coordinates":[[[127.10893,37.3420592],[127.10893,37.3433925]],[[127.1082237,37.3586688],[127.10812,37.35931],[127.1081022,37.3599935]],[[127.04227,37.5525366],[127.04205,37.55266],[127.04158,37.55291],[127.04112,37.55318],[127.041108,37.5531894]]]}},{"type":"Feature","properties":{"c":"main","n":"분당선","g":"kr","jk":"main","nz":"盆唐线","ne":"Bundang Line","off":0.25},"geometry":{"type":"MultiLineString","coordinates":[[[127.10893,37.3433925],[127.10893,37.3447259]],[[127.1084366,37.3573526],[127.1082237,37.3586688]],[[127.041108,37.5531894],[127.04075,37.55347],[127.0405,37.55375],[127.0403,37.55404],[127.0402275,37.5541723]]]}},{"type":"Feature","properties":{"c":"main","n":"분당선","g":"kr","jk":"main","nz":"盆唐线","ne":"Bundang Line","off":0.375},"geometry":{"type":"MultiLineString","coordinates":[[[127.10893,37.3447259],[127.10893,37.3460592]],[[127.1086697,37.3560398],[127.10845,37.35727],[127.1084366,37.3573526]],[[127.0402275,37.5541723],[127.04013,37.55435],[127.04,37.55466],[127.0399,37.55495],[127.03985,37.55524],[127.0398201,37.5554311]]]}},{"type":"Feature","properties":{"c":"main","n":"분당선","g":"kr","jk":"main","nz":"盆唐线","ne":"Bundang Line","off":0.5},"geometry":{"type":"MultiLineString","coordinates":[[[127.10893,37.3460592],[127.10893,37.35239],[127.10889,37.35395],[127.1088,37.35531],[127.1086697,37.3560398]],[[127.0398201,37.5554311],[127.0398,37.55556],[127.03973,37.55597],[127.03807,37.564]]]}},{"type":"Feature","properties":{"c":"branch","n":"사천선","g":"kr","jk":"branch","nz":"泗川线","ne":"Sacheon Line"},"geometry":{"type":"LineString","coordinates":[[128.12393,35.15168],[128.12445,35.15168],[128.12499,35.15169],[128.1255,35.15167],[128.12598,35.15157],[128.12641,35.15137],[128.12681,35.15109],[128.12717,35.15079],[128.12745,35.15049],[128.12767,35.15019],[128.12781,35.14989],[128.12791,35.14957],[128.12796,35.14922],[128.12795,35.14886],[128.12793,35.14847],[128.12791,35.14796],[128.12788,35.14741],[128.12781,35.14692],[128.1277,35.14649],[128.1275,35.14607],[128.12721,35.14566],[128.12684,35.14521],[128.1264,35.14475],[128.12594,35.14433],[128.12539,35.14395],[128.12478,35.1436],[128.12417,35.14328],[128.12366,35.143],[128.1233,35.14281],[128.12298,35.14265],[128.12272,35.14245],[128.1225,35.14219],[128.12234,35.14189],[128.12221,35.1416],[128.12213,35.14128],[128.1221,35.14096],[128.12212,35.14065],[128.12216,35.14031],[128.12222,35.13987],[128.12228,35.13938],[128.12231,35.13889],[128.1223,35.13854],[128.12228,35.13819],[128.12222,35.13785],[128.12212,35.13752],[128.12197,35.1372],[128.12176,35.13689],[128.12153,35.13659],[128.12127,35.13626],[128.1209,35.13579],[128.12047,35.13529],[128.12003,35.1348],[128.11959,35.13438],[128.11925,35.13412],[128.11891,35.13388],[128.11858,35.13368],[128.11825,35.13351],[128.11776,35.1333],[128.11727,35.13315],[128.11679,35.13305],[128.11622,35.13296],[128.11195,35.13215],[128.11143,35.13207],[128.11099,35.132],[128.11057,35.1319],[128.11015,35.13172],[128.10976,35.13149],[128.10939,35.13125],[128.10905,35.13101],[128.10872,35.13074],[128.10837,35.13045],[128.10653,35.129],[128.10604,35.12862],[128.10561,35.12827],[128.10533,35.12801],[128.10506,35.12774],[128.10482,35.12745],[128.10461,35.12713],[128.10443,35.1268],[128.10427,35.12641],[128.10411,35.12589],[128.10399,35.12529],[128.10384,35.12468],[128.10362,35.1241],[128.10332,35.12359],[128.10295,35.12312],[128.10254,35.12263],[128.10211,35.12209],[128.09908,35.11807],[128.09848,35.11731],[128.09798,35.11661],[128.09768,35.11612],[128.09742,35.11561],[128.09717,35.11503],[128.09681,35.1139],[128.09648,35.11261],[128.09625,35.11148],[128.09616,35.11092],[128.09612,35.11043],[128.09612,35.10995],[128.09619,35.10946],[128.0963,35.10898],[128.09642,35.10843],[128.09709,35.105],[128.09719,35.10434],[128.09729,35.10368],[128.09734,35.10307],[128.09734,35.10252],[128.09729,35.10216],[128.09721,35.10184],[128.09711,35.10154],[128.097,35.10123],[128.09676,35.10063],[128.09647,35.09999],[128.09551,35.09773],[128.09535,35.09732],[128.09521,35.09692],[128.09505,35.09654],[128.09485,35.09617],[128.09459,35.09582],[128.09429,35.09548],[128.09396,35.09516],[128.09361,35.09486],[128.09325,35.09461],[128.09287,35.09439],[128.09245,35.09417],[128.09197,35.09389],[128.08646,35.09066]]}},{"type":"Feature","properties":{"c":"main","n":"삼척선","g":"kr","jk":"main","nz":"三陟线","ne":"Samcheok Line"},"geometry":{"type":"MultiLineString","coordinates":[[[129.1179083,37.4912791],[129.1174741,37.4907309]],[[129.1199253,37.4780287],[129.12025,37.47798],[129.12075,37.47791],[129.12877,37.47656],[129.12961,37.4764],[129.1303,37.4763],[129.13068,37.47626],[129.13105,37.47622],[129.13144,37.4762],[129.13185,37.47622],[129.13243,37.47631],[129.13305,37.47644],[129.13368,37.47662],[129.13428,37.47682],[129.1348,37.47703],[129.13527,37.47728],[129.13578,37.47756],[129.13642,37.47789],[129.1456,37.48252],[129.146,37.48273],[129.1463,37.4829],[129.14658,37.48304],[129.14689,37.48317],[129.14724,37.48328],[129.1476,37.48336],[129.14798,37.48343],[129.14836,37.48347],[129.1488,37.48351],[129.14925,37.48352],[129.1497,37.48351],[129.15015,37.48346],[129.15058,37.48339],[129.15101,37.48329],[129.15143,37.48316],[129.15182,37.483],[129.15219,37.48283],[129.15253,37.48263],[129.15286,37.48241],[129.15318,37.48219],[129.15355,37.48187],[129.1539,37.48154],[129.1543,37.48117],[129.15658,37.47911],[129.15709,37.47866],[129.15752,37.47825],[129.15781,37.47793],[129.15807,37.47761],[129.15829,37.47728],[129.15844,37.47698],[129.15855,37.47667],[129.15863,37.47637],[129.15866,37.47606],[129.15867,37.47576],[129.15868,37.47541],[129.15868,37.47497],[129.15867,37.47446],[129.15869,37.47395],[129.15879,37.47347],[129.15896,37.47306],[129.15918,37.47266],[129.15945,37.47228],[129.15976,37.47193],[129.16016,37.47158],[129.16062,37.47125],[129.16111,37.47095],[129.16161,37.47065],[129.16255,37.47013],[129.16364,37.46957],[129.16938,37.46653],[129.1698,37.46632],[129.17013,37.46615],[129.17044,37.46597],[129.17075,37.46574],[129.17105,37.46548],[129.17131,37.46522],[129.17162,37.46484],[129.17188,37.46448],[129.17217,37.4641],[129.17228,37.46366],[129.17222,37.46326],[129.17218,37.46288],[129.1721,37.46244],[129.17191,37.46198],[129.17166,37.46147],[129.17144,37.46095],[129.17126,37.46041],[129.17112,37.45985],[129.17102,37.45921],[129.17101,37.45833],[129.17109,37.45731],[129.17116,37.45626],[129.17111,37.45531],[129.17093,37.45457],[129.17067,37.45386],[129.1704,37.45321],[129.17018,37.45266],[129.17005,37.45231],[129.16993,37.45201],[129.16985,37.45171],[129.16978,37.45139],[129.16973,37.45107],[129.16973,37.45073],[129.16977,37.45042],[129.16984,37.45009],[129.16994,37.44976],[129.17006,37.44944],[129.17021,37.44915],[129.17039,37.44887],[129.17059,37.44858],[129.17081,37.44827],[129.17223,37.44603],[129.1725,37.44563],[129.17278,37.44526],[129.17302,37.44489],[129.1732,37.4445],[129.1733,37.44408],[129.17336,37.44365],[129.17336,37.44322],[129.17334,37.44279],[129.1733,37.44237],[129.17322,37.44194],[129.17311,37.44153],[129.17292,37.44113],[129.17262,37.44074],[129.17223,37.44036],[129.17183,37.44],[129.17151,37.43966],[129.17129,37.43932],[129.17112,37.43899],[129.171,37.43866],[129.17097,37.43832],[129.17099,37.43798],[129.17101,37.43759],[129.17103,37.43554],[129.17102,37.43513],[129.17099,37.43474],[129.17099,37.43436],[129.17105,37.43398],[129.17118,37.43358],[129.17137,37.43319],[129.1716,37.43282],[129.17187,37.43248],[129.17213,37.43222],[129.17243,37.43198],[129.17275,37.43176],[129.17309,37.43156],[129.17347,37.43137],[129.17388,37.4312],[129.17432,37.43104],[129.17482,37.43087],[129.17695,37.43025],[129.17936,37.42959]]]}},{"type":"Feature","properties":{"c":"main","n":"삼척선","g":"kr","jk":"main","nz":"三陟线","ne":"Samcheok Line","off":-0.5},"geometry":{"type":"MultiLineString","coordinates":[[[129.1256,37.50099],[129.1198622,37.493746]],[[129.1155294,37.4882572],[129.11535,37.488],[129.11507,37.48757],[129.11484,37.48715],[129.11471,37.48682],[129.11463,37.4865],[129.11458,37.48616],[129.11456,37.48574],[129.11459,37.48531],[129.11466,37.48488],[129.11476,37.48448],[129.11491,37.48408],[129.11506,37.48365],[129.11567,37.48181],[129.11583,37.48127],[129.11601,37.48077],[129.11616,37.48044],[129.11632,37.4801],[129.1164923,37.4798494]]]}},{"type":"Feature","properties":{"c":"main","n":"삼척선","g":"kr","jk":"main","nz":"三陟线","ne":"Samcheok Line","off":-0.375},"geometry":{"type":"MultiLineString","coordinates":[[[129.1198622,37.493746],[129.1192109,37.4929237]],[[129.1161658,37.4890908],[129.11606,37.48896],[129.11565,37.48843],[129.1155294,37.4882572]],[[129.1164923,37.4798494],[129.11654,37.47978],[129.11676,37.47952],[129.11702,37.47926],[129.11731,37.47901],[129.1174388,37.4789186]]]}},{"type":"Feature","properties":{"c":"main","n":"삼척선","g":"kr","jk":"main","nz":"三陟线","ne":"Samcheok Line","off":-0.25},"geometry":{"type":"MultiLineString","coordinates":[[[129.1192109,37.4929237],[129.1185596,37.4921014]],[[129.1168227,37.4899086],[129.11661,37.48964],[129.1161658,37.4890908]],[[129.1174388,37.4789186],[129.11762,37.47879],[129.11796,37.4786],[129.11833,37.47844],[129.1186298,37.4783324]]]}},{"type":"Feature","properties":{"c":"main","n":"삼척선","g":"kr","jk":"main","nz":"三陟线","ne":"Samcheok Line","off":-0.125},"geometry":{"type":"MultiLineString","coordinates":[[[129.1185596,37.4921014],[129.1179083,37.4912791]],[[129.1174741,37.4907309],[129.1168227,37.4899086]],[[129.1186298,37.4783324],[129.11872,37.4783],[129.11911,37.47818],[129.11948,37.4781],[129.11985,37.47804],[129.1199253,37.4780287]]]}},{"type":"Feature","properties":{"c":"hsr250","n":"서해선","g":"kr","jk":"semi","d":260,"e":1,"nz":"西海线","ne":"Seohae Line"},"geometry":{"type":"MultiLineString","coordinates":[[[126.78691,37.26864],[126.78691,37.2438],[126.78689,37.24237],[126.78691,37.24127],[126.78703,37.23997],[126.78723,37.23876],[126.78738,37.23808],[126.78757,37.23747],[126.78779,37.23684],[126.78807,37.23622],[126.78848,37.23545],[126.78899,37.23463],[126.78975,37.2336],[126.79073,37.23236],[126.79706,37.22467],[126.79965,37.22129],[126.80198,37.21778],[126.82421,37.18434],[126.82498,37.18314],[126.82559,37.18227],[126.82638,37.18133],[126.82728,37.18036],[126.83009,37.17752],[126.8308,37.17677],[126.83148,37.17611],[126.83221,37.17549],[126.83308,37.17486],[126.83504,37.17364],[126.83711,37.17247],[126.83821,37.17192],[126.83933,37.17143],[126.84107,37.17071],[126.84295,37.17003],[126.84483,37.16947],[126.84674,37.16895],[126.85085,37.16777],[126.85283,37.16723],[126.8548,37.16665],[126.85706,37.16589],[126.85914,37.1651],[126.86028,37.16457],[126.86138,37.16401],[126.86325,37.16301],[126.8652,37.16188],[126.86695,37.16071],[126.86856,37.15952],[126.86978,37.15852],[126.87093,37.15747],[126.87238,37.15596],[126.8738,37.15435],[126.87642,37.15109],[126.88705,37.1379],[126.88784,37.13689],[126.88849,37.1361],[126.88924,37.13527],[126.89009,37.1344],[126.89179,37.1329],[126.89341,37.13154],[126.89395,37.13107],[126.89442,37.13067],[126.89497,37.13027],[126.89553,37.12989],[126.89606,37.12958],[126.89664,37.12926],[126.89763,37.12867],[126.89886,37.128],[126.90143,37.12683],[126.90435,37.12566],[126.90709,37.12474],[126.91012,37.12382],[126.92175,37.12012],[126.92495,37.11906],[126.92797,37.11794],[126.9324,37.11594],[126.93614,37.11414],[126.93701,37.11375],[126.93771,37.11341],[126.93844,37.11302],[126.93918,37.11257],[126.94027,37.11184],[126.94141,37.11101],[126.94265,37.11008],[126.94394,37.109],[126.94599,37.10707],[126.94796,37.10496],[126.94933,37.10323],[126.95043,37.10168],[126.95136,37.10022],[126.95175,37.09961],[126.95214,37.09892],[126.95264,37.09799],[126.95317,37.0969],[126.95362,37.09579],[126.95391,37.09478],[126.95411,37.09375],[126.95436,37.0925],[126.95693,37.08102],[126.95781,37.07493],[126.95913,37.0689],[126.96166,37.0573],[126.96284,37.05185],[126.96335,37.04896],[126.96369,37.04635],[126.96375,37.04513],[126.96374,37.04403],[126.96369,37.04288],[126.96357,37.04163],[126.96335,37.0402],[126.96305,37.03859],[126.96263,37.03692],[126.96192,37.03489],[126.96106,37.03276],[126.96022,37.03077],[126.95836,37.02653],[126.95743,37.0244],[126.95654,37.02203],[126.95577,37.01963],[126.95459,37.01591],[126.95362,37.01285],[126.9527,37.00926],[126.9516968,37.0056415]],[[126.9316844,36.9549648],[126.93142,36.95412],[126.93111,36.9528],[126.93086,36.95146],[126.9306,36.94985],[126.93041,36.94816],[126.93037,36.94626],[126.93043,36.94432],[126.93067,36.94048],[126.93145,36.92839],[126.93375,36.88232],[126.93388,36.87966],[126.93386,36.87834],[126.93379,36.877],[126.93364,36.8755],[126.93344,36.87415],[126.93332,36.87354],[126.93318,36.873],[126.93299,36.87248],[126.93274,36.87188],[126.93094,36.86726],[126.93058,36.86626],[126.93025,36.86532],[126.92983,36.86439],[126.92923,36.86338],[126.92854,36.86236],[126.92776,36.86129],[126.92692,36.86017],[126.92599,36.85895],[126.92503,36.85776],[126.9241,36.85675],[126.92344,36.8562],[126.92281,36.85574],[126.92214,36.8553],[126.92135,36.85481],[126.91929,36.85365],[126.91684,36.85238],[126.91423,36.85106],[126.9039,36.84589],[126.90277,36.84531],[126.90183,36.84485],[126.90075,36.84441],[126.89965,36.844],[126.8987,36.8437],[126.89738,36.8433],[126.85239,36.82937],[126.85023,36.82872],[126.84861,36.8282],[126.84681,36.82752],[126.84499,36.82676],[126.84276,36.82574],[126.84058,36.82467],[126.83887,36.82376],[126.83729,36.82285],[126.83614,36.82211],[126.83465,36.8211],[126.79046,36.79084],[126.787,36.78848],[126.78536,36.78726],[126.78373,36.78595],[126.78179,36.78428],[126.77987,36.78243],[126.7778,36.78006],[126.77593,36.7777],[126.77497,36.77638],[126.77381,36.77468],[126.74265,36.72929],[126.74013,36.72549],[126.73843,36.72272],[126.7376,36.72119],[126.73692,36.71978],[126.73558,36.71677],[126.71908,36.67966],[126.7146,36.66958],[126.71043,36.66064],[126.70605,36.65297],[126.70206,36.64622],[126.69845,36.63914],[126.69665,36.63561],[126.69561,36.63376],[126.69435,36.6317],[126.69121,36.62714],[126.68798,36.62255],[126.68521,36.61829],[126.68468,36.61739],[126.68422,36.61651],[126.68353,36.61494],[126.68288,36.61315],[126.68225,36.61071],[126.681989,36.6094106]]]}},{"type":"Feature","properties":{"c":"hsr250","n":"서해선","g":"kr","jk":"semi","d":260,"e":1,"nz":"西海线","ne":"Seohae Line","off":0.125},"geometry":{"type":"MultiLineString","coordinates":[[[126.9516968,37.0056415],[126.95153,37.00504],[126.9513209,37.0043623]],[[126.9321111,36.9562277],[126.93188,36.95559],[126.9316844,36.9549648]],[[126.681989,36.6094106],[126.68178,36.60837],[126.6817388,36.6081012]]]}},{"type":"Feature","properties":{"c":"hsr250","n":"서해선","g":"kr","jk":"semi","d":260,"e":1,"nz":"西海线","ne":"Seohae Line","off":0.25},"geometry":{"type":"MultiLineString","coordinates":[[[126.9513209,37.0043623],[126.9509279,37.0030883]],[[126.9325834,36.9574742],[126.93242,36.95708],[126.9321111,36.9562277]],[[126.6817388,36.6081012],[126.68159,36.60713],[126.6815499,36.6067815]]]}},{"type":"Feature","properties":{"c":"hsr250","n":"서해선","g":"kr","jk":"semi","d":260,"e":1,"nz":"西海线","ne":"Seohae Line","off":0.375},"geometry":{"type":"MultiLineString","coordinates":[[[126.9509279,37.0030883],[126.9505348,37.0018142]],[[126.9330938,36.958706],[126.9325834,36.9574742]],[[126.6815499,36.6067815],[126.68146,36.606],[126.6814256,36.6054544]]]}},{"type":"Feature","properties":{"c":"hsr250","n":"서해선","g":"kr","jk":"semi","d":260,"e":1,"nz":"西海线","ne":"Seohae Line","off":0.5},"geometry":{"type":"MultiLineString","coordinates":[[[126.9505348,37.0018142],[126.95008,37.00034],[126.94847,36.99622],[126.94654,36.99162],[126.93756,36.96946],[126.93363,36.96],[126.9330938,36.958706]],[[126.6814256,36.6054544],[126.68131,36.60362],[126.68091,36.59772]]]}},{"type":"Feature","properties":{"c":"hsr250","n":"서해선","g":"kr","jk":"semi","d":260,"e":1,"nz":"西海线","ne":"Seohae Line"},"geometry":{"type":"MultiLineString","coordinates":[[[126.80939,37.63278],[126.81336,37.62597],[126.81401,37.62487],[126.81418,37.6246],[126.81435,37.62433],[126.81453,37.62406],[126.81474,37.6238],[126.81501,37.62352],[126.81532,37.62324],[126.81563,37.62296],[126.81595,37.62269],[126.81725,37.62164],[126.8207364,37.6188104]],[[126.8304867,37.6096638],[126.83057,37.60944],[126.83069,37.60902],[126.83078,37.60864],[126.83083,37.60827],[126.83084,37.6079],[126.83081,37.60751],[126.83073,37.60711],[126.83064,37.60673],[126.83056,37.60644],[126.83047,37.60616],[126.83033,37.60586],[126.83017,37.60559],[126.82997,37.60529],[126.82975,37.60499],[126.8295,37.6047],[126.82924,37.60443],[126.82896,37.60419],[126.82867,37.60397],[126.82836,37.60376],[126.82802,37.60355],[126.82767,37.6033],[126.82471,37.60117],[126.82422,37.60084],[126.82377,37.60053],[126.82334,37.60023],[126.82294,37.5999],[126.82257,37.59953],[126.82223,37.59914],[126.82191,37.59874],[126.82159,37.59834],[126.82037,37.59671],[126.80957,37.58222],[126.80586,37.57707],[126.80519,37.57618],[126.80464,37.57538],[126.80436,37.57495],[126.80408,37.57452],[126.80383,37.57408],[126.80362,37.57362],[126.80345,37.57311],[126.80332,37.5726],[126.80322,37.57206],[126.80314,37.57144],[126.80303,37.56989],[126.80299,37.56811],[126.80306,37.5664],[126.80325,37.56508],[126.80355,37.56383],[126.80392,37.56245],[126.80498,37.55901],[126.80627,37.5553],[126.80932,37.5477],[126.80954,37.54717],[126.8097,37.54675],[126.8098,37.54644],[126.80989,37.54613],[126.80995,37.54578],[126.81,37.54535],[126.81003,37.54487],[126.81003,37.54437],[126.80999,37.54385],[126.80987,37.54324],[126.80968,37.5426],[126.80946,37.54195],[126.80925,37.54131],[126.80835,37.53881],[126.80627,37.53303],[126.80597,37.53231],[126.80567,37.53164],[126.80538,37.531],[126.80513,37.53038],[126.80496,37.52974],[126.80489,37.52913],[126.80487,37.52853],[126.8049,37.52794],[126.80494,37.52734],[126.80495,37.52674],[126.80494,37.52375],[126.80493,37.52076],[126.80478,37.51867],[126.80477,37.51833],[126.80477,37.51802],[126.80472,37.51772],[126.8046,37.51743],[126.80445,37.51714],[126.80426,37.51684],[126.80395,37.51636],[126.80357,37.51586],[126.80317,37.51537],[126.80275,37.51496],[126.80229,37.51456],[126.80183,37.51416],[126.80023,37.51271],[126.79994,37.51246],[126.79965,37.51222],[126.79939,37.51198],[126.79914,37.51172],[126.79892,37.51145],[126.79871,37.51115],[126.79853,37.51085],[126.79838,37.51056],[126.79825,37.51023],[126.79815,37.5099],[126.79807,37.50957],[126.79799,37.50909],[126.79792,37.50855],[126.79746,37.50559],[126.797,37.5016],[126.79679,37.49867],[126.79677,37.49815],[126.79674,37.49767],[126.79669,37.49721],[126.79658,37.49672],[126.79643,37.49623],[126.79627,37.49575],[126.79601,37.49506],[126.79571,37.49432],[126.79458,37.49138],[126.79445,37.49105],[126.79431,37.49075],[126.79419,37.49046],[126.79408,37.49018],[126.79401,37.48989],[126.79397,37.48958],[126.79395,37.48926],[126.79395,37.48894],[126.79397,37.48863],[126.79399,37.48833],[126.79405,37.48789],[126.79414,37.48748],[126.79423,37.48701],[126.79471,37.48438],[126.79499,37.48332],[126.7953,37.48223],[126.79553,37.48114],[126.7956,37.48011],[126.79557,37.47907],[126.79555,37.47792],[126.7956,37.47199],[126.7956,37.47147],[126.79576,37.47097],[126.79606,37.47052],[126.79661,37.46969],[126.79725,37.4687],[126.79784,37.46762],[126.79835,37.46664],[126.79859,37.46622],[126.79877,37.46584],[126.79888,37.46542],[126.79894,37.46499],[126.79894,37.46455],[126.7989,37.46412],[126.79879,37.46374],[126.79862,37.46328],[126.7978,37.46069],[126.79676,37.45769],[126.79603,37.45606],[126.79524,37.45448],[126.79305,37.45011],[126.79059,37.44582],[126.78628,37.43831],[126.78599,37.43782],[126.78574,37.43743],[126.78553,37.43706],[126.78534,37.43667],[126.7852,37.43626],[126.78509,37.43584],[126.785,37.4354],[126.7849,37.4349],[126.78453,37.43286],[126.78423,37.43077],[126.78413,37.42967],[126.78409,37.4286],[126.78408,37.42754],[126.78409,37.4264],[126.78416,37.42537],[126.78425,37.42475],[126.78436,37.42418],[126.7845,37.42362],[126.78474,37.42283],[126.78505,37.42191],[126.78599,37.41917],[126.78699,37.41579],[126.78783,37.41068],[126.7884,37.40629],[126.78852,37.40541],[126.78864,37.4047],[126.78876,37.40417],[126.7889,37.40365],[126.78908,37.40314],[126.78923,37.40278],[126.7894,37.40244],[126.7896,37.4021],[126.78984,37.40176],[126.79019,37.40136],[126.7906,37.40095],[126.79105,37.40055],[126.79149,37.40017],[126.79232,37.39949],[126.79333,37.39871],[126.80034,37.39313],[126.8012,37.39244],[126.80148,37.39221],[126.80175,37.39197],[126.802,37.39171],[126.80226,37.39142],[126.8025,37.39111],[126.80273,37.39078],[126.80297,37.39035],[126.8032,37.38989],[126.8034,37.38943],[126.80362,37.38879],[126.80386,37.38802],[126.80581,37.38202],[126.80714,37.37847],[126.80828,37.37521],[126.80854,37.37413],[126.80871,37.37318],[126.80882,37.37227],[126.80886,37.3715],[126.80886,37.37077],[126.80882,37.37013],[126.80875,37.36977],[126.80867,37.36946],[126.80857,37.36915],[126.8084,37.3687],[126.8082,37.3682],[126.80761,37.36674],[126.80701,37.36512],[126.80686,37.36465],[126.80672,37.36419],[126.8066,37.36375],[126.80652,37.3633],[126.80649,37.36285],[126.80652,37.36242],[126.8066,37.36201],[126.80671,37.36159],[126.80684,37.36112],[126.80697,37.36058],[126.80865,37.35275],[126.80969,37.34532],[126.81012,37.34226],[126.81023,37.34122],[126.81032,37.34019],[126.81035,37.33918],[126.81029,37.33834],[126.81017,37.33752],[126.81005,37.33647],[126.80904,37.32273],[126.80902,37.32232],[126.80901,37.32202],[126.80896,37.32174],[126.80888,37.32142],[126.80876,37.3211],[126.80862,37.32078],[126.80844,37.32046],[126.80823,37.32014],[126.80801,37.31982],[126.80733,37.31889],[126.80613,37.31726],[126.80588,37.31691],[126.80564,37.31661],[126.80536,37.3163],[126.80503,37.31602],[126.80473,37.31581],[126.80441,37.31561],[126.80406,37.31542],[126.80368,37.31523],[126.80327,37.31505],[126.80285,37.31488],[126.80246,37.31477],[126.80205,37.31467],[126.80153,37.31455],[126.79486,37.31288],[126.79422,37.31273],[126.79371,37.31261],[126.79321,37.31246],[126.79282,37.31232],[126.79243,37.31217],[126.79206,37.312],[126.7917,37.31179],[126.79139,37.31156],[126.7911,37.3113],[126.79081,37.31101],[126.79056,37.31071],[126.79033,37.3104],[126.79015,37.3101],[126.79001,37.3098],[126.78989,37.30949],[126.78975,37.30914],[126.78959,37.30873],[126.78683,37.30254]]]}},{"type":"Feature","properties":{"c":"hsr250","n":"서해선","g":"kr","jk":"semi","d":260,"e":1,"nz":"西海线","ne":"Seohae Line","off":-0.5},"geometry":{"type":"LineString","coordinates":[[126.8238422,37.6162896],[126.82723,37.61354],[126.82794,37.61298],[126.8281216,37.6128253]]}},{"type":"Feature","properties":{"c":"hsr250","n":"서해선","g":"kr","jk":"semi","d":260,"e":1,"nz":"西海线","ne":"Seohae Line","off":-0.375},"geometry":{"type":"MultiLineString","coordinates":[[[126.8228069,37.6171299],[126.8238422,37.6162896]],[[126.8281216,37.6128253],[126.82848,37.61252],[126.82886,37.61216],[126.8290933,37.611914]]]}},{"type":"Feature","properties":{"c":"hsr250","n":"서해선","g":"kr","jk":"semi","d":260,"e":1,"nz":"西海线","ne":"Seohae Line","off":-0.25},"geometry":{"type":"MultiLineString","coordinates":[[[126.8217716,37.6179701],[126.8228069,37.6171299]],[[126.8290933,37.611914],[126.82923,37.61177],[126.82955,37.61138],[126.82981,37.61103],[126.8299093,37.610863]]]}},{"type":"Feature","properties":{"c":"hsr250","n":"서해선","g":"kr","jk":"semi","d":260,"e":1,"nz":"西海线","ne":"Seohae Line","off":-0.125},"geometry":{"type":"MultiLineString","coordinates":[[[126.8207364,37.6188104],[126.8217716,37.6179701]],[[126.8299093,37.610863],[126.83003,37.61066],[126.83023,37.61028],[126.83041,37.60987],[126.8304867,37.6096638]]]}},{"type":"Feature","properties":{"c":"branch","n":"석탄부두선","g":"kr","jk":"branch"},"geometry":{"type":"LineString","coordinates":[[126.62318,37.45522],[126.6234,37.45519]]}},{"type":"Feature","properties":{"c":"main","n":"수도권광역급행철도에이선","g":"kr","jk":"main","nz":"首都圈广域急行铁道A路线","ne":"Great Train eXpress Line A"},"geometry":{"type":"LineString","coordinates":[[126.973,37.54888],[126.9728,37.54934],[126.97259,37.54979],[126.9724,37.55026],[126.97226,37.55077],[126.97217,37.55154],[126.97215,37.55239],[126.97219,37.55325],[126.97225,37.55402],[126.97239,37.555],[126.97259,37.55591],[126.97275,37.55652],[126.97294,37.55711],[126.97319,37.55773],[126.97358,37.55851],[126.97405,37.55931],[126.97457,37.56008],[126.97498,37.56057],[126.97544,37.56103],[126.97588,37.56149],[126.97626,37.562],[126.97656,37.56258],[126.9768,37.5632],[126.977,37.56383],[126.97713,37.56444],[126.9772,37.56519],[126.97719,37.56593],[126.97718,37.56659],[126.9772,37.56697],[126.97722,37.56731],[126.97721,37.56766],[126.97715,37.56806],[126.97705,37.56847],[126.97693,37.56884],[126.97674,37.56922],[126.97652,37.56958],[126.97629,37.5699],[126.97601,37.57028],[126.97404,37.573],[126.9728,37.57471],[126.97226,37.57562],[126.97172,37.57653],[126.97111,37.57735],[126.97041,37.57824],[126.9677,37.58178],[126.9603,37.59348],[126.95904,37.59567],[126.95795,37.59764],[126.95676,37.59947],[126.95554,37.601],[126.95423,37.60241],[126.95283,37.60372],[126.95138,37.60486],[126.94982,37.60591],[126.9482,37.60701],[126.9421,37.61135],[126.93894,37.6136],[126.93787,37.61432],[126.93679,37.61503],[126.93562,37.61569],[126.93415,37.61638],[126.93257,37.61701],[126.931,37.61753],[126.92962,37.61787],[126.92825,37.61812],[126.92687,37.61831],[126.92503,37.61848],[126.92265,37.61861],[126.90506,37.61975],[126.8837,37.62139],[126.87089,37.62394],[126.85907,37.62653],[126.8384,37.6299],[126.82621,37.63146],[126.82162,37.632],[126.81713,37.63238],[126.81193,37.63243],[126.80709,37.63235],[126.8053,37.63232],[126.80369,37.63228],[126.80207,37.63234],[126.80019,37.63256],[126.79829,37.63288],[126.79661,37.63321],[126.79568,37.63339],[126.79486,37.63358],[126.79394,37.63385],[126.79203,37.63454],[126.78985,37.63544],[126.78779,37.63643],[126.78618,37.63736],[126.78469,37.63836],[126.78301,37.63948],[126.77346,37.6456],[126.76738,37.64921],[126.76596,37.65015],[126.76484,37.65098],[126.76452,37.65123],[126.76424,37.65147],[126.76399,37.65171],[126.76377,37.65196],[126.76358,37.65223],[126.76343,37.6525],[126.76328,37.6528],[126.7631,37.65315],[126.76098,37.65695],[126.76062,37.65763],[126.7603,37.65825],[126.75992,37.65884],[126.75944,37.65942],[126.7589,37.65997],[126.75833,37.66047],[126.75781,37.66084],[126.75728,37.66117],[126.75672,37.66147],[126.75591,37.66184],[126.75493,37.66225],[126.7478,37.66536],[126.7464,37.66595],[126.74519,37.6665],[126.74455,37.66683],[126.7439,37.66719],[126.7433,37.66755],[126.7428,37.66791],[126.74253,37.66815],[126.74232,37.66839],[126.74213,37.66864],[126.74194,37.66893],[126.74162,37.66956],[126.74134,37.67028],[126.74103,37.671],[126.73998,37.67303],[126.73087,37.69048],[126.73023,37.69166],[126.72977,37.69259],[126.72941,37.69366],[126.7291,37.69481],[126.72865,37.69642],[126.72826,37.69817],[126.72804,37.70027],[126.72796,37.70245],[126.72803,37.70673],[126.72823,37.71789],[126.72826,37.71873],[126.7283,37.71939],[126.72827,37.72005],[126.72815,37.72076],[126.72797,37.72147],[126.72779,37.72218]]}},{"type":"Feature","properties":{"c":"main","n":"수도권광역급행철도에이선","g":"kr","jk":"main","nz":"首都圈广域急行铁道A路线","ne":"Great Train eXpress Line A"},"geometry":{"type":"MultiLineString","coordinates":[[[127.10026,37.48795],[127.1024,37.48602],[127.1027993,37.4856599]],[[127.1171746,37.4657284],[127.11731,37.46545],[127.11778,37.46435],[127.11816,37.46325],[127.11842,37.46224],[127.1186,37.46123],[127.11874,37.46016],[127.11888,37.45818],[127.11892,37.45604],[127.11873,37.45034]]]}},{"type":"Feature","properties":{"c":"main","n":"수도권광역급행철도에이선","g":"kr","jk":"main","nz":"首都圈广域急行铁道A路线","ne":"Great Train eXpress Line A","off":-0.5},"geometry":{"type":"LineString","coordinates":[[127.1048575,37.483766],[127.10649,37.4821],[127.10806,37.4801],[127.10945,37.47806],[127.1108,37.47602],[127.11465,37.47016],[127.1152304,37.4692212]]}},{"type":"Feature","properties":{"c":"main","n":"수도권광역급행철도에이선","g":"kr","jk":"main","nz":"首都圈广域急行铁道A路线","ne":"Great Train eXpress Line A","off":-0.375},"geometry":{"type":"MultiLineString","coordinates":[[[127.1041843,37.4844108],[127.10454,37.48409],[127.1048575,37.483766]],[[127.1152304,37.4692212],[127.1158,37.4683],[127.1159218,37.4680814]]]}},{"type":"Feature","properties":{"c":"main","n":"수도권광역급행철도에이선","g":"kr","jk":"main","nz":"首都圈广域急行铁道A路线","ne":"Great Train eXpress Line A","off":-0.25},"geometry":{"type":"MultiLineString","coordinates":[[[127.1034918,37.4850354],[127.1041843,37.4844108]],[[127.1159218,37.4680814],[127.1165711,37.4669168]]]}},{"type":"Feature","properties":{"c":"main","n":"수도권광역급행철도에이선","g":"kr","jk":"main","nz":"首都圈广域急行铁道A路线","ne":"Great Train eXpress Line A","off":-0.125},"geometry":{"type":"MultiLineString","coordinates":[[[127.1027993,37.4856599],[127.1034918,37.4850354]],[[127.1165711,37.4669168],[127.11677,37.46656],[127.1171746,37.4657284]]]}},{"type":"Feature","properties":{"c":"branch","n":"수색직결선","g":"kr","jk":"branch","nz":"水色直结线"},"geometry":{"type":"LineString","coordinates":[[126.86664,37.59385],[126.87165,37.59231],[126.87208,37.59217],[126.87243,37.59204],[126.87277,37.59193],[126.87312,37.59185],[126.87349,37.5918],[126.87386,37.59178],[126.87426,37.59177],[126.8747,37.59177],[126.87549,37.59182],[126.87641,37.59191],[126.87735,37.59199],[126.8782,37.592],[126.87879,37.59195],[126.87935,37.59187],[126.87989,37.59175],[126.88042,37.59159],[126.88099,37.59138],[126.88154,37.59112],[126.88209,37.5908],[126.88269,37.59042],[126.88404,37.58938],[126.8855,37.58808],[126.88696,37.58678]]}},{"type":"Feature","properties":{"c":"hsr350","n":"수서평택고속선","g":"kr","jk":"hs","d":350,"ref":"https://ko.wikipedia.org/wiki/수서평택고속선","nz":"水西平泽高速线","ne":"Suseo high-speed railway"},"geometry":{"type":"LineString","coordinates":[[127.07057,36.95148],[127.06976,36.95654],[127.06884,36.96029],[127.06827,36.96282],[127.06781,36.96537],[127.06768,36.9667],[127.06763,36.96798],[127.06767,36.96933],[127.06783,36.97103],[127.06811,36.97284],[127.06847,36.97485],[127.07086,36.98561],[127.07136,36.9885],[127.07169,36.9912],[127.07187,36.99413],[127.07189,36.99715],[127.07169,37.00026],[127.07134,37.00392],[127.06903,37.02663],[127.06874,37.02917],[127.06845,37.03139],[127.06823,37.03348],[127.06811,37.03563],[127.0684,37.03799],[127.0688,37.04045],[127.06923,37.04274],[127.06957,37.04458],[127.07001,37.04701],[127.07013,37.04757],[127.07026,37.0481],[127.07046,37.04868],[127.07092,37.04968],[127.07153,37.05081],[127.07223,37.05206],[127.07618,37.05868],[127.07665,37.05949],[127.07706,37.06016],[127.07739,37.06065],[127.07775,37.06113],[127.07811,37.06157],[127.07845,37.0619],[127.0788,37.06221],[127.07916,37.06251],[127.07971,37.06293],[127.08031,37.06336],[127.08204,37.06465],[127.08277,37.06518],[127.08346,37.06571],[127.08411,37.06626],[127.08476,37.06688],[127.08524,37.06735],[127.08576,37.06788],[127.08626,37.06844],[127.0867,37.06901],[127.08704,37.06957],[127.08733,37.07014],[127.08759,37.07073],[127.08787,37.07131],[127.08903,37.07361],[127.09019,37.07592],[127.0914,37.07872],[127.09199,37.08007],[127.09261,37.08152],[127.0931,37.08285],[127.09333,37.08373],[127.09347,37.08454],[127.09356,37.08536],[127.0936,37.08613],[127.09359,37.08691],[127.09358,37.0879],[127.09368,37.10035],[127.09424,37.11212],[127.0949,37.12079],[127.09537,37.12904],[127.09583,37.13915],[127.09604,37.14679],[127.09542,37.15822],[127.09529,37.17525],[127.09556,37.18573],[127.09546,37.20332],[127.09563,37.21196],[127.09585,37.21681],[127.09628,37.22],[127.09714,37.2242],[127.09801,37.22733],[127.09968,37.23252],[127.10216,37.24124],[127.10278,37.24329],[127.10327,37.24516],[127.10363,37.2472],[127.10387,37.24914],[127.10406,37.25165],[127.10405,37.25415],[127.10352,37.36958],[127.1035,37.37041],[127.10347,37.37097],[127.10347,37.37142],[127.10351,37.37192],[127.10361,37.3725],[127.10375,37.37309],[127.10392,37.37367],[127.10412,37.37421],[127.10439,37.3748],[127.1047,37.37536],[127.10501,37.37587],[127.10524,37.37624],[127.10547,37.37657],[127.10578,37.37694],[127.10646,37.37766],[127.1073,37.37846],[127.10816,37.37924],[127.11068,37.38145],[127.11635,37.38641],[127.11712,37.38712],[127.11773,37.3877],[127.11803,37.38802],[127.11831,37.38833],[127.11858,37.38868],[127.119,37.38931],[127.11943,37.39002],[127.11978,37.39071],[127.12001,37.39125],[127.12019,37.39177],[127.12033,37.39227],[127.12042,37.39266],[127.12048,37.39303],[127.12052,37.39344],[127.12053,37.39401],[127.1205,37.39463],[127.12045,37.39524],[127.12036,37.39603],[127.1202,37.39704],[127.11808,37.41239],[127.11775,37.41474],[127.11754,37.41711],[127.1175,37.4218],[127.11785,37.42632],[127.11854,37.43537],[127.1187,37.44257],[127.11837,37.45781],[127.11834,37.45918],[127.11829,37.45985],[127.11821,37.46055],[127.11799,37.46176],[127.11771,37.463],[127.11746,37.46388],[127.11717,37.46472],[127.116828,37.4655505]]}},{"type":"Feature","properties":{"c":"hsr350","n":"수서평택고속선","g":"kr","jk":"hs","d":350,"ref":"https://ko.wikipedia.org/wiki/수서평택고속선","nz":"水西平泽高速线","ne":"Suseo high-speed railway","off":-0.5},"geometry":{"type":"LineString","coordinates":[[127.1149545,37.4690827],[127.11416,37.47052],[127.10923,37.47801],[127.10518,37.4839]]}},{"type":"Feature","properties":{"c":"hsr350","n":"수서평택고속선","g":"kr","jk":"hs","d":350,"ref":"https://ko.wikipedia.org/wiki/수서평택고속선","nz":"水西平泽高速线","ne":"Suseo high-speed railway","off":-0.375},"geometry":{"type":"LineString","coordinates":[[127.1155995,37.4679157],[127.1149545,37.4690827]]}},{"type":"Feature","properties":{"c":"hsr350","n":"수서평택고속선","g":"kr","jk":"hs","d":350,"ref":"https://ko.wikipedia.org/wiki/수서평택고속선","nz":"水西平泽高速线","ne":"Suseo high-speed railway","off":-0.25},"geometry":{"type":"LineString","coordinates":[[127.1162449,37.4667491],[127.11608,37.46706],[127.11568,37.46777],[127.1155995,37.4679157]]}},{"type":"Feature","properties":{"c":"hsr350","n":"수서평택고속선","g":"kr","jk":"hs","d":350,"ref":"https://ko.wikipedia.org/wiki/수서평택고속선","nz":"水西平泽高速线","ne":"Suseo high-speed railway","off":-0.125},"geometry":{"type":"LineString","coordinates":[[127.116828,37.4655505],[127.11682,37.46557],[127.11643,37.4664],[127.1162449,37.4667491]]}},{"type":"Feature","properties":{"c":"hsr350","n":"수서평택고속선","g":"kr","jk":"hs","d":350,"ref":"https://ko.wikipedia.org/wiki/수서평택고속선","nz":"水西平泽高速线","ne":"Suseo high-speed railway"},"geometry":{"type":"LineString","coordinates":[[127.11856,37.4508],[127.11873,37.45034],[127.11874,37.44985],[127.11886,37.44394],[127.11876,37.43948],[127.11872,37.43775],[127.11854,37.43602]]}},{"type":"Feature","properties":{"c":"main","n":"수인선","g":"kr","jk":"main","nz":"水仁线","ne":"Suin Line"},"geometry":{"type":"LineString","coordinates":[[126.61739,37.47805],[126.61738,37.4774],[126.61736,37.47675],[126.61736,37.47611],[126.61744,37.47548],[126.61762,37.47483],[126.61788,37.47418],[126.61815,37.47358],[126.61837,37.47308],[126.6185,37.47271],[126.61863,37.4724],[126.61885,37.47208],[126.61913,37.4718],[126.61943,37.47159],[126.61984,37.47136],[126.62241,37.46984],[126.62551,37.46787],[126.62655,37.467],[126.62748,37.46611],[126.62844,37.46523],[126.62958,37.46441],[126.63137,37.46353],[126.63343,37.46269],[126.63543,37.46193],[126.63702,37.46132],[126.63808,37.46089],[126.63897,37.46051],[126.63945,37.46029],[126.63993,37.46006],[126.64039,37.45982],[126.64081,37.45954],[126.64115,37.45922],[126.64143,37.45888],[126.64172,37.45851],[126.64205,37.45809],[126.64299,37.45706],[126.64406,37.45587],[126.64497,37.45472],[126.64532,37.45408],[126.64559,37.45346],[126.64585,37.45285],[126.64623,37.45223],[126.64691,37.45149],[126.64776,37.45075],[126.64859,37.45002],[126.64924,37.44932],[126.64956,37.44883],[126.64981,37.44837],[126.65,37.4479],[126.65017,37.4474],[126.65034,37.44682],[126.65049,37.44621],[126.65057,37.44558],[126.65058,37.44497],[126.65048,37.4444],[126.65029,37.44384],[126.65006,37.44326],[126.64982,37.4426],[126.6482,37.43747],[126.64799,37.43685],[126.64783,37.43633],[126.64772,37.43595],[126.64763,37.43557],[126.64761,37.43516],[126.64769,37.43476],[126.64784,37.43434],[126.64803,37.43392],[126.64826,37.43354],[126.64851,37.43324],[126.64879,37.43296],[126.64909,37.4327],[126.64942,37.43247],[126.64976,37.43228],[126.65011,37.43212],[126.6505,37.43196],[126.65096,37.43176],[126.65635,37.42927],[126.65725,37.42882],[126.65808,37.42838],[126.65891,37.42799],[126.65981,37.42767],[126.66092,37.42747],[126.66213,37.42738],[126.66331,37.4273],[126.66435,37.42716],[126.66497,37.427],[126.66553,37.42682],[126.66606,37.42662],[126.66662,37.42638],[126.66761,37.42591],[126.66863,37.42536],[126.66968,37.42468],[126.67113,37.42346],[126.67264,37.42201],[126.67424,37.42065],[126.67589,37.41955],[126.67763,37.41852],[126.67964,37.41733],[126.69323,37.409],[126.6957,37.40748],[126.6969,37.4068],[126.69829,37.4061],[126.70148,37.40484],[126.705,37.40346],[126.7108,37.40071],[126.71126,37.40048],[126.71165,37.40028],[126.71201,37.40011],[126.71239,37.39995],[126.71282,37.39982],[126.71326,37.39971],[126.71372,37.39963],[126.71419,37.39957],[126.71471,37.39954],[126.71525,37.39955],[126.7158,37.39957],[126.71635,37.39962],[126.717,37.3997],[126.71765,37.39982],[126.71846,37.39997],[126.72772,37.40151],[126.72827,37.40161],[126.72871,37.4017],[126.7291,37.40177],[126.72952,37.40181],[126.72998,37.40181],[126.73045,37.40178],[126.73091,37.40173],[126.73134,37.40166],[126.73178,37.40157],[126.73218,37.40146],[126.73256,37.40133],[126.73306,37.40115],[126.73354,37.40092],[126.73401,37.40063],[126.73449,37.40028],[126.73494,37.39991],[126.7353,37.39957],[126.73563,37.3992],[126.73608,37.39871],[126.7448,37.38952],[126.74528,37.38905],[126.74563,37.3887],[126.74594,37.38833],[126.74623,37.3879],[126.74649,37.38745],[126.74671,37.38695],[126.74698,37.38611],[126.74719,37.38516],[126.74731,37.3843],[126.74733,37.38388],[126.74731,37.3835],[126.74726,37.38314],[126.74718,37.38279],[126.74704,37.38242],[126.74686,37.38207],[126.74665,37.38174],[126.74634,37.38128],[126.74594,37.38076],[126.74293,37.37662],[126.74243,37.37596],[126.74203,37.37538],[126.74176,37.37495],[126.74151,37.37452],[126.74131,37.37407],[126.74118,37.37366],[126.74109,37.37325],[126.74104,37.37278],[126.74108,37.37183],[126.74121,37.37074],[126.74129,37.36976],[126.74127,37.3692],[126.74123,37.36869],[126.74113,37.3682],[126.74097,37.36773],[126.74076,37.36727],[126.74051,37.36671],[126.73816,37.36111]]}},{"type":"Feature","properties":{"c":"main","n":"수인선","g":"kr","jk":"main","nz":"水仁线","ne":"Suin Line"},"geometry":{"type":"LineString","coordinates":[[126.8590822,37.3008552],[126.85908,37.30083],[126.85903,37.29896],[126.8588,37.29654],[126.85724,37.29074],[126.85558,37.28544],[126.85525,37.28436],[126.85501,37.28348],[126.85486,37.28281],[126.85474,37.28213],[126.8547,37.28148],[126.85473,37.28093],[126.85483,37.2804],[126.85497,37.27985],[126.85518,37.27921],[126.85545,37.27856],[126.85578,37.27793],[126.85618,37.27736],[126.85664,37.27682],[126.85715,37.27622],[126.85991,37.2728],[126.86039,37.27217],[126.86081,37.27161],[126.86129,37.27108],[126.86169,37.27069],[126.86213,37.27031],[126.86258,37.26995],[126.86307,37.26962],[126.8636,37.26932],[126.86417,37.26905],[126.86475,37.26881],[126.86535,37.2686],[126.86615,37.26839],[126.86699,37.26823],[126.86787,37.26806],[126.87144,37.26729],[126.87248,37.26709],[126.87349,37.26689],[126.87449,37.26664],[126.87551,37.26632],[126.87652,37.26595],[126.87748,37.26551],[126.87831,37.26503],[126.8791,37.26448],[126.88002,37.26384],[126.88656,37.25954],[126.889,37.25793],[126.88984,37.25742],[126.8907,37.25693],[126.89159,37.25648],[126.89244,37.25614],[126.89332,37.25583],[126.89448,37.25543],[126.91344,37.2485],[126.91414,37.24824],[126.91466,37.24806],[126.91529,37.24788],[126.91593,37.24773],[126.91649,37.24764],[126.91725,37.24754],[126.92652,37.24629],[126.93807,37.24449],[126.94425,37.24304],[126.94914,37.24174],[126.95007,37.24149],[126.95085,37.24126],[126.95157,37.24108],[126.95234,37.24095],[126.95316,37.24088],[126.954,37.24087],[126.95484,37.2409],[126.95568,37.24097],[126.95686,37.24111],[126.95804,37.24132],[126.95919,37.24158],[126.96005,37.24179],[126.9609,37.24203],[126.96173,37.2423],[126.9625,37.2426],[126.96315,37.24294],[126.96375,37.24331],[126.96434,37.24369],[126.96497,37.24406],[126.96642,37.24479],[126.96794,37.24547],[126.96935,37.24598],[126.97111,37.24657],[126.99004,37.25313],[126.99057,37.2533],[126.99094,37.25344],[126.99132,37.25367],[126.99166,37.25397],[126.99188,37.25427],[126.99209,37.25463],[126.99228,37.25501],[126.99245,37.25539],[126.9927,37.2561],[126.99294,37.25689],[126.9941,37.26039],[126.99505,37.26266],[126.99518,37.263],[126.99529,37.2633],[126.99543,37.26358],[126.99562,37.26388],[126.99585,37.26417],[126.99608,37.26441],[126.99637,37.26463],[126.99667,37.2648],[126.99699,37.26493],[126.99736,37.26507],[126.99921,37.26579]]}},{"type":"Feature","properties":{"c":"main","n":"수인선","g":"kr","jk":"main","nz":"水仁线","ne":"Suin Line","off":-0.5},"geometry":{"type":"LineString","coordinates":[[126.85104,37.3124],[126.85747,37.30596],[126.85779,37.30564],[126.85804,37.30541],[126.85825,37.30517],[126.85847,37.30488],[126.8585618,37.304735]]}},{"type":"Feature","properties":{"c":"main","n":"수인선","g":"kr","jk":"main","nz":"水仁线","ne":"Suin Line","off":-0.375},"geometry":{"type":"LineString","coordinates":[[126.8585618,37.304735],[126.85866,37.30458],[126.85882,37.30427],[126.85894,37.30399],[126.85903,37.3037],[126.8590725,37.303512]]}},{"type":"Feature","properties":{"c":"main","n":"수인선","g":"kr","jk":"main","nz":"水仁线","ne":"Suin Line","off":-0.25},"geometry":{"type":"LineString","coordinates":[[126.8590725,37.303512],[126.8591,37.30339],[126.85915,37.30298],[126.85917,37.30254],[126.85917,37.3021852]]}},{"type":"Feature","properties":{"c":"main","n":"수인선","g":"kr","jk":"main","nz":"水仁线","ne":"Suin Line","off":-0.125},"geometry":{"type":"LineString","coordinates":[[126.85917,37.3021852],[126.85917,37.30211],[126.85914,37.30152],[126.8590822,37.3008552]]}},{"type":"Feature","properties":{"c":"hsr300","n":"시흥연결선","g":"kr","jk":"hs","d":305,"e":1,"nz":"始兴联络线","off":-0.5},"geometry":{"type":"LineString","coordinates":[[126.89564,37.45197],[126.89726,37.44828],[126.8977,37.44732],[126.89807,37.44643],[126.89829,37.44575],[126.89847,37.44506],[126.89859,37.44446],[126.89865,37.44402],[126.89866,37.4436],[126.89863,37.44311],[126.89856,37.44257],[126.89846,37.44204],[126.89827,37.44131],[126.89803,37.44065],[126.89785,37.44025],[126.89766,37.43988]]}},{"type":"Feature","properties":{"c":"branch","n":"신광양항선","g":"kr","jk":"branch","nz":"新光阳港线"},"geometry":{"type":"MultiLineString","coordinates":[[[127.65631,34.90279],[127.65391,34.90156],[127.65139,34.90008],[127.64896,34.89856],[127.648,34.89783],[127.64708,34.89714],[127.64514,34.89598],[127.64333,34.89495],[127.64298,34.89473],[127.64269,34.89455],[127.64239,34.8944],[127.64203,34.89428],[127.64166,34.89418],[127.64128,34.89411],[127.64091,34.89407],[127.64052,34.89405],[127.64011,34.89408],[127.63961,34.89417],[127.63905,34.8943],[127.6385,34.89447],[127.63804,34.89466],[127.63767,34.89488],[127.63736,34.89513],[127.63707,34.89539],[127.63669,34.89575],[127.63623,34.89622],[127.62875,34.90367],[127.62796,34.90443],[127.62734,34.90507],[127.62691,34.90555],[127.62649,34.90604],[127.62611,34.90658],[127.6257976,34.9071719]],[[127.6141442,34.9202781],[127.61408,34.92034],[127.6137182,34.9207018]]]}},{"type":"Feature","properties":{"c":"branch","n":"신광양항선","g":"kr","jk":"branch","nz":"新光阳港线","off":-0.5},"geometry":{"type":"MultiLineString","coordinates":[[[127.6239769,34.9107099],[127.6237,34.91103],[127.62323,34.91151],[127.62262,34.91208],[127.61631,34.91819],[127.6160911,34.9184011]],[[127.6119255,34.9227171],[127.61149,34.92346],[127.61105,34.92442],[127.61061,34.92544],[127.6101,34.92649],[127.6069,34.93223]]]}},{"type":"Feature","properties":{"c":"branch","n":"신광양항선","g":"kr","jk":"branch","nz":"新光阳港线","off":-0.375},"geometry":{"type":"MultiLineString","coordinates":[[[127.6247333,34.9096159],[127.62459,34.90988],[127.62433,34.91027],[127.62402,34.91066],[127.6239769,34.9107099]],[[127.6160911,34.9184011],[127.6154421,34.9190267]],[[127.6124616,34.9219938],[127.612,34.92259],[127.6119255,34.9227171]]]}},{"type":"Feature","properties":{"c":"branch","n":"신광양항선","g":"kr","jk":"branch","nz":"新光阳港线","off":-0.25},"geometry":{"type":"MultiLineString","coordinates":[[[127.6252608,34.9083919],[127.6251,34.90878],[127.62493,34.90918],[127.62478,34.90953],[127.6247333,34.9096159]],[[127.6154421,34.9190267],[127.6147932,34.9196524]],[[127.6130765,34.9213349],[127.613,34.92141],[127.61248,34.92197],[127.6124616,34.9219938]]]}},{"type":"Feature","properties":{"c":"branch","n":"신광양항선","g":"kr","jk":"branch","nz":"新光阳港线","off":-0.125},"geometry":{"type":"MultiLineString","coordinates":[[[127.6257976,34.9071719],[127.62573,34.9073],[127.62539,34.90808],[127.6252608,34.9083919]],[[127.6147932,34.9196524],[127.6141442,34.9202781]],[[127.6137182,34.9207018],[127.61354,34.92088],[127.6130765,34.9213349]]]}},{"type":"Feature","properties":{"c":"branch","n":"신동화물선","g":"kr","jk":"branch","nz":"新洞货物线","ne":"Sindonghwamul Line"},"geometry":{"type":"MultiLineString","coordinates":[[[128.4826,35.95547],[128.48054,35.95538],[128.48,35.95535],[128.47951,35.95534],[128.47901,35.95542],[128.47851,35.95556],[128.47813,35.95571],[128.47775,35.95589],[128.47742,35.9561],[128.47719,35.95633],[128.47699,35.95658],[128.47677,35.95686],[128.4765252,35.9571211]],[[128.4532207,35.9617438],[128.45296,35.96157],[128.45268,35.96129],[128.45248,35.961],[128.45231,35.9607],[128.45218,35.96042],[128.45207,35.96012],[128.45193,35.95974],[128.44944,35.95347]]]}},{"type":"Feature","properties":{"c":"branch","n":"신동화물선","g":"kr","jk":"branch","nz":"新洞货物线","ne":"Sindonghwamul Line","off":-0.5},"geometry":{"type":"LineString","coordinates":[[128.47456,35.9605445],[128.47442,35.96092],[128.4743,35.96124],[128.4742,35.96153],[128.4741,35.9618],[128.47396,35.96206],[128.47377,35.96232],[128.47357,35.96257],[128.47333,35.96281],[128.47308,35.96304],[128.47281,35.96327],[128.47251,35.9635],[128.47219,35.96371],[128.47183,35.96391],[128.47134,35.96414],[128.4708,35.96434],[128.47021,35.96452],[128.46958,35.96469],[128.46841,35.96494],[128.46713,35.96515],[128.46598,35.96529],[128.46533,35.96534],[128.46474,35.96534],[128.46415,35.96531],[128.46353,35.96524],[128.4629,35.96513],[128.4623,35.965],[128.4615,35.96478],[128.46064,35.96451],[128.45901,35.96405],[128.45734,35.96354],[128.4568662,35.963372]]}},{"type":"Feature","properties":{"c":"branch","n":"신동화물선","g":"kr","jk":"branch","nz":"新洞货物线","ne":"Sindonghwamul Line","off":-0.375},"geometry":{"type":"MultiLineString","coordinates":[[[128.475026,35.9592955],[128.47488,35.95965],[128.47464,35.96033],[128.47456,35.9605445]],[[128.4568662,35.963372],[128.45624,35.96315],[128.4556214,35.9628953]]]}},{"type":"Feature","properties":{"c":"branch","n":"신동화물선","g":"kr","jk":"branch","nz":"新洞货物线","ne":"Sindonghwamul Line","off":-0.25},"geometry":{"type":"MultiLineString","coordinates":[[[128.4756437,35.9581191],[128.47547,35.95836],[128.47516,35.95897],[128.475026,35.9592955]],[[128.4556214,35.9628953],[128.45522,35.96273],[128.45461,35.96246],[128.4543985,35.9623645]]]}},{"type":"Feature","properties":{"c":"branch","n":"신동화물선","g":"kr","jk":"branch","nz":"新洞货物线","ne":"Sindonghwamul Line","off":-0.125},"geometry":{"type":"MultiLineString","coordinates":[[[128.4765252,35.9571211],[128.47647,35.95718],[128.47612,35.95754],[128.47578,35.95793],[128.4756437,35.9581191]],[[128.4543985,35.9623645],[128.45399,35.96218],[128.45341,35.96187],[128.4532207,35.9617438]]]}},{"type":"Feature","properties":{"c":"main","n":"신분당선","g":"kr","jk":"main","nz":"新盆唐线","ne":"Shinbundang Line"},"geometry":{"type":"MultiLineString","coordinates":[[[127.01966,37.51575],[127.02003,37.51436],[127.02045,37.51299],[127.02098,37.51181],[127.02172,37.51033],[127.03166,37.48943],[127.0323,37.48801],[127.03279,37.48683],[127.03327,37.48579],[127.03386,37.48482],[127.0345,37.48402],[127.03521,37.48329],[127.03591,37.48262],[127.03651,37.48203],[127.03683,37.48172],[127.03712,37.48144],[127.03738,37.48118],[127.03761,37.48089],[127.03781,37.48057],[127.03798,37.48024],[127.03813,37.4799],[127.03826,37.47955],[127.0384,37.47905],[127.0385,37.47854],[127.03856,37.47803],[127.03855,37.47755],[127.03848,37.47706],[127.03842,37.47651],[127.03822,37.47494],[127.0381,37.47306],[127.0382,37.4715],[127.03833,37.46977],[127.03855,37.46791],[127.03892,37.46596],[127.04138,37.46297],[127.0445,37.45946],[127.04775,37.45589],[127.05064,37.4527],[127.05429,37.4488],[127.05749,37.44525],[127.05959,37.44239],[127.06188,37.43936],[127.06798,37.43291],[127.07431,37.42662],[127.07762,37.424],[127.08039,37.422],[127.08275,37.42021],[127.08527,37.41857],[127.08796,37.4171],[127.09487,37.41333],[127.10711,37.40743],[127.10774,37.40714],[127.10825,37.40693],[127.10869,37.40672],[127.10911,37.40646],[127.10953,37.40612],[127.10992,37.40574],[127.11026,37.40534],[127.11052,37.40498],[127.11074,37.40458],[127.11087,37.40416],[127.11098,37.40373],[127.11105,37.40326],[127.1111,37.40278],[127.11112,37.40218],[127.11111,37.40139],[127.11121,37.38531],[127.11123,37.38477],[127.11122,37.38437],[127.11118,37.38406],[127.11113,37.38374],[127.11105,37.38344],[127.11095,37.38316],[127.11082,37.38289],[127.11067,37.38254],[127.1098,37.3806],[127.10893,37.37841],[127.10861,37.37713],[127.10844,37.37592],[127.10841,37.37473],[127.10844,37.3734],[127.10843,37.36737],[127.1086076,37.3598276]],[[127.1070697,37.3431943],[127.10706,37.34319],[127.10639,37.34299],[127.10572,37.34282],[127.10515,37.34266],[127.10464,37.34252],[127.10421,37.34237],[127.10379,37.34212],[127.10343,37.34184],[127.10318,37.34157],[127.10301,37.34128],[127.10298,37.34101],[127.10299,37.34063],[127.10274,37.3296],[127.10273,37.32894],[127.10272,37.32861],[127.10267,37.32827],[127.10256,37.32793],[127.1024,37.32756],[127.10221,37.32724],[127.10192,37.32695],[127.10159,37.3267],[127.10127,37.32649],[127.10086,37.32624],[127.09566,37.32302],[127.09283,37.32136],[127.08973,37.3196],[127.08691,37.31817],[127.08564,37.31771],[127.08443,37.31737],[127.08333,37.31702],[127.08238,37.31655],[127.08175,37.31585],[127.0813,37.31502],[127.08087,37.31416],[127.08031,37.31341],[127.07954,37.31285],[127.07865,37.31238],[127.07778,37.31191],[127.07706,37.31134],[127.07657,37.3106],[127.0762,37.30977],[127.07591,37.30894],[127.07563,37.3082],[127.07542,37.30778],[127.07521,37.30739],[127.07504,37.30702],[127.07491,37.30663],[127.07487,37.30618],[127.07491,37.30571],[127.07494,37.30525],[127.0749,37.30481],[127.0748,37.30446],[127.07466,37.30413],[127.07449,37.30382],[127.07431,37.30354],[127.07399,37.30317],[127.07362,37.30284],[127.07324,37.30256],[127.07279,37.30225],[127.07225,37.30192],[127.0716,37.30155],[127.07093,37.30109],[127.07034,37.30051],[127.0697,37.29902],[127.06908,37.29709],[127.06856,37.29522],[127.06819,37.29393],[127.06808,37.29349],[127.06794,37.29317],[127.06764,37.29286],[127.06726,37.2926],[127.06687,37.29242],[127.06638,37.29223],[127.06571,37.29197],[127.06487,37.29165],[127.06395,37.29127],[127.06305,37.2908],[127.06171,37.28985],[127.06026,37.28865],[127.05895,37.2875],[127.05804,37.28671],[127.05774,37.28645],[127.0575,37.28626],[127.05717,37.28607],[127.05683,37.28593],[127.05617,37.2858],[127.05568,37.28594],[127.05526,37.28616],[127.05476,37.28639],[127.05413,37.2867],[127.05347,37.28707],[127.0524,37.28781],[127.05124,37.28869],[127.05029,37.28942],[127.04974,37.28981],[127.04928,37.29017],[127.04896,37.29044],[127.04865,37.29072],[127.04842,37.29102],[127.04823,37.29141],[127.04814,37.29183],[127.04813,37.29212],[127.04816,37.29241],[127.04823,37.29273],[127.04837,37.2931],[127.04857,37.2935],[127.04879,37.29391],[127.04898,37.29432],[127.04927,37.29519],[127.04951,37.296],[127.04966,37.29643],[127.04977,37.29684],[127.0498,37.29714],[127.04981,37.29744],[127.04975,37.29774],[127.0496,37.29808],[127.04937,37.29842],[127.04911,37.29876],[127.04884,37.29909],[127.04853,37.29942],[127.0482,37.29974],[127.04785,37.30003],[127.04752,37.30025],[127.04718,37.30044],[127.04681,37.30063],[127.04641,37.30085],[127.04352,37.30248]]]}},{"type":"Feature","properties":{"c":"main","n":"신분당선","g":"kr","jk":"main","nz":"新盆唐线","ne":"Shinbundang Line","off":0.125},"geometry":{"type":"MultiLineString","coordinates":[[[127.1086076,37.3598276],[127.1086389,37.3584946]],[[127.1081943,37.3438882],[127.10796,37.34367],[127.10762,37.34344],[127.1070697,37.3431943]]]}},{"type":"Feature","properties":{"c":"main","n":"신분당선","g":"kr","jk":"main","nz":"新盆唐线","ne":"Shinbundang Line","off":0.25},"geometry":{"type":"MultiLineString","coordinates":[[[127.1086389,37.3584946],[127.1086703,37.3571616]],[[127.1088915,37.345],[127.10887,37.34489],[127.10869,37.34448],[127.1085,37.34422],[127.10825,37.34394],[127.1081943,37.3438882]]]}},{"type":"Feature","properties":{"c":"main","n":"신분당선","g":"kr","jk":"main","nz":"新盆唐线","ne":"Shinbundang Line","off":0.375},"geometry":{"type":"MultiLineString","coordinates":[[[127.1086703,37.3571616],[127.1087017,37.3558287]],[[127.1089254,37.3463266],[127.10893,37.34613],[127.10896,37.34564],[127.10895,37.3453],[127.1088915,37.345]]]}},{"type":"Feature","properties":{"c":"main","n":"신분당선","g":"kr","jk":"main","nz":"新盆唐线","ne":"Shinbundang Line","off":0.5},"geometry":{"type":"LineString","coordinates":[[127.1087017,37.3558287],[127.1089254,37.3463266]]}},{"type":"Feature","properties":{"c":"branch","n":"신항남선","g":"kr","jk":"branch"},"geometry":{"type":"LineString","coordinates":[[128.80635,35.06169],[128.82152,35.06415],[128.82212,35.06424],[128.82255,35.0643],[128.82297,35.06438],[128.82343,35.0645],[128.82388,35.06464],[128.82435,35.06482],[128.82489,35.06512],[128.82545,35.06549],[128.82606,35.06587],[128.82675,35.0662],[128.82798,35.06655],[128.82943,35.06685],[128.83083,35.06709],[128.8319,35.06728],[128.83248,35.06738],[128.83295,35.0675],[128.83342,35.06771],[128.83385,35.068],[128.83413,35.06824],[128.83438,35.06851],[128.83459,35.0688],[128.83477,35.06916],[128.8349,35.06954],[128.83499,35.06991],[128.83503,35.07028],[128.83503,35.07074],[128.83508,35.07993],[128.8350817,35.0803204]]}},{"type":"Feature","properties":{"c":"branch","n":"신항남선","g":"kr","jk":"branch","off":0.125},"geometry":{"type":"LineString","coordinates":[[128.8350817,35.0803204],[128.8350875,35.0816538]]}},{"type":"Feature","properties":{"c":"branch","n":"신항남선","g":"kr","jk":"branch","off":0.25},"geometry":{"type":"LineString","coordinates":[[128.8350875,35.0816538],[128.8350933,35.0829871]]}},{"type":"Feature","properties":{"c":"branch","n":"신항남선","g":"kr","jk":"branch","off":0.375},"geometry":{"type":"LineString","coordinates":[[128.8350933,35.0829871],[128.8350991,35.0843204]]}},{"type":"Feature","properties":{"c":"branch","n":"신항남선","g":"kr","jk":"branch","off":0.5},"geometry":{"type":"LineString","coordinates":[[128.8350991,35.0843204],[128.8351,35.08453],[128.8354,35.08915],[128.83539,35.09759],[128.83537,35.09826],[128.83538,35.0988],[128.83542,35.09919],[128.83547,35.09959],[128.83557,35.09999],[128.83566,35.1003],[128.83579,35.10061],[128.83593,35.10092],[128.83612,35.10123],[128.83637,35.10159],[128.83667,35.10196],[128.837,35.1023],[128.83736,35.10261],[128.83771,35.10284],[128.83809,35.10304],[128.83848,35.10323],[128.83887,35.10342],[128.84038,35.10423],[128.84076,35.10442],[128.84115,35.10461],[128.84152,35.10481],[128.84189,35.10504],[128.84227,35.10532],[128.84264,35.10565],[128.84299,35.10598],[128.84327,35.10631],[128.84349,35.10663],[128.84365,35.10696],[128.84379,35.10728],[128.84395,35.10774],[128.84412,35.10831],[128.8463,35.11498]]}},{"type":"Feature","properties":{"c":"branch","n":"신항북선","g":"kr","jk":"branch"},"geometry":{"type":"LineString","coordinates":[[128.8315221,35.083015],[128.83129,35.08301],[128.83064,35.08301],[128.80122,35.0829]]}},{"type":"Feature","properties":{"c":"branch","n":"신항북선","g":"kr","jk":"branch","off":0.125},"geometry":{"type":"LineString","coordinates":[[128.8328436,35.0831686],[128.83248,35.08309],[128.83212,35.08305],[128.83175,35.08302],[128.8315221,35.083015]]}},{"type":"Feature","properties":{"c":"branch","n":"신항북선","g":"kr","jk":"branch","off":0.25},"geometry":{"type":"LineString","coordinates":[[128.8340738,35.0836692],[128.83394,35.08358],[128.83358,35.08342],[128.83321,35.08328],[128.83285,35.08317],[128.8328436,35.0831686]]}},{"type":"Feature","properties":{"c":"branch","n":"신항북선","g":"kr","jk":"branch","off":0.375},"geometry":{"type":"LineString","coordinates":[[128.8348643,35.0847154],[128.83475,35.08446],[128.83453,35.0841],[128.83424,35.08378],[128.8340738,35.0836692]]}},{"type":"Feature","properties":{"c":"branch","n":"신항북선","g":"kr","jk":"branch","off":0.5},"geometry":{"type":"LineString","coordinates":[[128.84625,35.11499],[128.84451,35.10963],[128.84424,35.10873],[128.84397,35.10795],[128.84381,35.10753],[128.84365,35.10711],[128.84346,35.10671],[128.84323,35.10633],[128.84294,35.10598],[128.8426,35.10566],[128.84224,35.10535],[128.84187,35.10508],[128.84151,35.10485],[128.84114,35.10466],[128.84075,35.10447],[128.84037,35.10428],[128.83879,35.10344],[128.83842,35.10325],[128.83805,35.10307],[128.83769,35.10289],[128.83736,35.10267],[128.83706,35.10243],[128.83679,35.10215],[128.83653,35.10187],[128.8363,35.10158],[128.83611,35.10131],[128.83594,35.10103],[128.83579,35.10074],[128.83566,35.10043],[128.83554,35.10004],[128.83545,35.09963],[128.83538,35.09921],[128.83533,35.0988],[128.83531,35.09803],[128.83533,35.09714],[128.83533,35.09167],[128.83533,35.08881],[128.83522,35.08691],[128.8352,35.08642],[128.83517,35.08596],[128.83512,35.08559],[128.83504,35.08521],[128.83492,35.08484],[128.8348643,35.0847154]]}},{"type":"Feature","properties":{"c":"main","n":"안산선","g":"kr","jk":"main","nz":"安山线","ne":"Ansan Line"},"geometry":{"type":"MultiLineString","coordinates":[[[126.9463965,37.3656989],[126.94633,37.36557],[126.94614,37.36528],[126.9459,37.36502],[126.94564,37.36482],[126.94536,37.36468],[126.94501,37.36452],[126.94456,37.36429],[126.93092,37.35686],[126.93007,37.35642],[126.92942,37.35609],[126.92882,37.35572],[126.92834,37.35537],[126.92787,37.35499],[126.92745,37.35461],[126.9271,37.35422],[126.92687,37.35392],[126.92669,37.35363],[126.92654,37.35333],[126.9264,37.35302],[126.92625,37.35262],[126.92614,37.35221],[126.926,37.35173],[126.9248,37.34791],[126.92418,37.34596],[126.92369,37.34399],[126.92336,37.34199],[126.92256,37.33733],[126.92242,37.33632],[126.92224,37.33542],[126.92209,37.33495],[126.92193,37.33449],[126.92174,37.33403],[126.9215,37.33359],[126.92124,37.33321],[126.92096,37.33288],[126.92062,37.33251],[126.92016,37.33198],[126.90323,37.31166],[126.90125,37.30946],[126.90099,37.30915],[126.90076,37.30887],[126.90053,37.30861],[126.90026,37.30835],[126.89991,37.30809],[126.89953,37.30784],[126.89913,37.30761],[126.89872,37.30739],[126.89816,37.30713],[126.89758,37.3069],[126.89699,37.30669],[126.89617,37.30646],[126.89515,37.30619],[126.89205,37.3053],[126.88787,37.3041],[126.8837,37.30311],[126.87995,37.30274],[126.87619,37.30251],[126.87266,37.30239],[126.8683,37.30262],[126.86482,37.30294],[126.8639,37.303],[126.86314,37.30306],[126.86258,37.30313],[126.8622138,37.3031823]],[[126.8476898,37.3149918],[126.84726,37.31516],[126.84677,37.31532],[126.84615,37.31547],[126.84547,37.31559],[126.8448,37.31568],[126.84394,37.31574],[126.84278,37.31579],[126.81689,37.31722],[126.81602,37.31726],[126.81536,37.31727],[126.81478,37.3173],[126.81418,37.31737],[126.81353,37.3175],[126.81288,37.31767],[126.81224,37.31786],[126.81162,37.31808],[126.81086,37.31839],[126.81014,37.31873],[126.80925,37.31915],[126.8073374,37.3200664]],[[126.7877792,37.3274869],[126.7766,37.33253],[126.76395,37.33924],[126.76311,37.33967],[126.76246,37.33999],[126.76185,37.34035],[126.76136,37.34067],[126.76089,37.34101],[126.76044,37.34137],[126.76004,37.34175],[126.75971,37.34215],[126.75943,37.34257],[126.75916,37.343],[126.75889,37.34343],[126.75774,37.34511],[126.75747,37.34554],[126.75721,37.34597],[126.75692,37.34639],[126.75659,37.34679],[126.7562,37.34718],[126.75575,37.34755],[126.75528,37.34789],[126.75482,37.34818],[126.75446,37.34836],[126.75409,37.34851],[126.75372,37.34864],[126.75335,37.34877],[126.75266,37.34898],[126.7518,37.34922],[126.74152,37.35219],[126.74093,37.35236],[126.74048,37.35248],[126.74004,37.35262],[126.73969,37.35276],[126.73935,37.3529],[126.73901,37.35306],[126.73869,37.35326],[126.73826,37.3536],[126.73783,37.35401],[126.73745,37.35443],[126.73714,37.35483],[126.73695,37.35517],[126.73681,37.35549],[126.73672,37.35582],[126.73662,37.35624],[126.73659,37.35668],[126.73663,37.35714],[126.73672,37.35765],[126.73685,37.35814],[126.73701,37.3586],[126.73722,37.35904],[126.73744,37.35954],[126.73864,37.36235]]]}},{"type":"Feature","properties":{"c":"main","n":"안산선","g":"kr","jk":"main","nz":"安山线","ne":"Ansan Line","off":-0.5},"geometry":{"type":"MultiLineString","coordinates":[[[126.94476,37.36437],[126.94503,37.36463],[126.9453,37.36489],[126.94552,37.36516],[126.9457,37.36552],[126.94581,37.36589],[126.94585,37.36622],[126.94583,37.36655],[126.94571,37.36684],[126.94554,37.36718],[126.94422,37.37005],[126.94419,37.3701],[126.94415,37.37015],[126.94411,37.37021],[126.94408,37.37025],[126.9441,37.37028],[126.9441,37.37029],[126.94411,37.37029],[126.94412,37.37029],[126.94415,37.37029],[126.94419,37.37025],[126.94423,37.37019],[126.94427,37.37014],[126.94432,37.3701],[126.94457,37.3699],[126.94488,37.36962],[126.94512,37.36932],[126.9451996,37.3692127]],[[126.8585906,37.3047593],[126.85838,37.30492],[126.85797,37.30529],[126.85759,37.30569],[126.8571,37.3062],[126.8507848,37.3125152]],[[126.8037193,37.3217713],[126.80123,37.32278],[126.79964,37.32321],[126.79816,37.3235],[126.79697,37.32372],[126.79632,37.32385],[126.79578,37.32398],[126.79521,37.32417],[126.79466,37.32439],[126.7942,37.32459],[126.79358,37.32487],[126.7914253,37.325842]]]}},{"type":"Feature","properties":{"c":"main","n":"안산선","g":"kr","jk":"main","nz":"安山线","ne":"Ansan Line","off":-0.375},"geometry":{"type":"MultiLineString","coordinates":[[[126.9451996,37.3692127],[126.94535,37.36901],[126.94586,37.36836],[126.9460252,37.3681661]],[[126.8596962,37.3040169],[126.85956,37.30409],[126.85915,37.30435],[126.85876,37.30463],[126.8585906,37.3047593]],[[126.8507848,37.3125152],[126.85017,37.31313],[126.8498512,37.313467]],[[126.804929,37.3212113],[126.80392,37.32169],[126.8037193,37.3217713]],[[126.7914253,37.325842],[126.79021,37.3263903]]]}},{"type":"Feature","properties":{"c":"main","n":"안산선","g":"kr","jk":"main","nz":"安山线","ne":"Ansan Line","off":-0.25},"geometry":{"type":"MultiLineString","coordinates":[[[126.9460252,37.3681661],[126.94609,37.36809],[126.94629,37.36781],[126.94645,37.36753],[126.94656,37.36721],[126.9466021,37.3669855]],[[126.860918,37.3034888],[126.86071,37.30356],[126.86034,37.3037],[126.85997,37.30387],[126.8596962,37.3040169]],[[126.8498512,37.313467],[126.84982,37.3135],[126.84956,37.31378],[126.84927,37.31403],[126.84892,37.3143],[126.848853,37.3143453]],[[126.8061337,37.3206398],[126.804929,37.3212113]],[[126.79021,37.3263903],[126.7889946,37.3269386]]]}},{"type":"Feature","properties":{"c":"main","n":"안산선","g":"kr","jk":"main","nz":"安山线","ne":"Ansan Line","off":-0.125},"geometry":{"type":"MultiLineString","coordinates":[[[126.9466021,37.3669855],[126.94662,37.36689],[126.94664,37.36653],[126.9466,37.36618],[126.94649,37.36588],[126.9463965,37.3656989]],[[126.8622138,37.3031823],[126.86202,37.30321],[126.86148,37.30333],[126.86109,37.30343],[126.860918,37.3034888]],[[126.848853,37.3143453],[126.84855,37.31455],[126.84816,37.31477],[126.84772,37.31498],[126.8476898,37.3149918]],[[126.8073374,37.3200664],[126.80685,37.3203],[126.8061337,37.3206398]],[[126.7889946,37.3269386],[126.7877792,37.3274869]]]}},{"type":"Feature","properties":{"c":"branch","n":"안산연결선","g":"kr","jk":"branch","nz":"安山联络线","ne":"Ansan Connecting Line"},"geometry":{"type":"LineString","coordinates":[[126.8055426,37.3181361],[126.80555,37.3181],[126.80562,37.31767],[126.80563,37.3173],[126.8056,37.31697],[126.80553,37.31665],[126.80537,37.31622],[126.80513,37.31582],[126.8048,37.31545],[126.8044,37.31515],[126.80394,37.31492],[126.80345,37.31476],[126.80296,37.31466],[126.8024,37.31457],[126.79968,37.3141]]}},{"type":"Feature","properties":{"c":"branch","n":"안산연결선","g":"kr","jk":"branch","nz":"安山联络线","ne":"Ansan Connecting Line","off":-0.5},"geometry":{"type":"LineString","coordinates":[[126.79179,37.32576],[126.79314,37.32519],[126.79449,37.32463],[126.79587,37.32414],[126.79733,37.32376],[126.79882,37.32345],[126.8001,37.32319],[126.80071,37.32307],[126.80124,37.32296],[126.80176,37.32282],[126.80215,37.32269],[126.80254,37.32254],[126.80291,37.32236],[126.80325,37.32214],[126.80361,37.32183],[126.8037663,37.3216595]]}},{"type":"Feature","properties":{"c":"branch","n":"안산연결선","g":"kr","jk":"branch","nz":"安山联络线","ne":"Ansan Connecting Line","off":-0.375},"geometry":{"type":"LineString","coordinates":[[126.8037663,37.3216595],[126.80394,37.32147],[126.80423,37.32108],[126.80449,37.32071],[126.8045666,37.3205952]]}},{"type":"Feature","properties":{"c":"branch","n":"안산연결선","g":"kr","jk":"branch","nz":"安山联络线","ne":"Ansan Connecting Line","off":-0.25},"geometry":{"type":"LineString","coordinates":[[126.8045666,37.3205952],[126.80475,37.32032],[126.80496,37.31994],[126.80515,37.31952],[126.805186,37.3194187]]}},{"type":"Feature","properties":{"c":"branch","n":"안산연결선","g":"kr","jk":"branch","nz":"安山联络线","ne":"Ansan Connecting Line","off":-0.125},"geometry":{"type":"LineString","coordinates":[[126.805186,37.3194187],[126.80531,37.31907],[126.80545,37.31859],[126.8055426,37.3181361]]}},{"type":"Feature","properties":{"c":"branch","n":"양산화물선","g":"kr","jk":"branch","nz":"梁山货物线","ne":"Yangsanhwamul Line"},"geometry":{"type":"MultiLineString","coordinates":[[[129.01239,35.30534],[129.01071,35.29835],[129.01054,35.29762],[129.01039,35.29702],[129.01028,35.29669],[129.01017,35.29635],[129.01004,35.29603],[129.00989,35.29574],[129.0097,35.29547],[129.00949,35.29522],[129.00924,35.295],[129.00894,35.29475],[129.0086,35.29453],[129.00825,35.29433],[129.00779,35.29413],[129.0076732,35.2940973]],[[128.9977443,35.2986374],[128.99765,35.29866],[128.9972333,35.2987653]]]}},{"type":"Feature","properties":{"c":"branch","n":"양산화물선","g":"kr","jk":"branch","nz":"梁山货物线","ne":"Yangsanhwamul Line","off":-0.5},"geometry":{"type":"LineString","coordinates":[[128.9957508,35.2992956],[128.99497,35.29986],[128.99422,35.30058],[128.99345,35.30137],[128.99253,35.30215],[128.99024,35.30361],[128.9876,35.30512],[128.98532,35.30646],[128.98239,35.30843]]}},{"type":"Feature","properties":{"c":"branch","n":"양산화물선","g":"kr","jk":"branch","nz":"梁山货物线","ne":"Yangsanhwamul Line","off":-0.375},"geometry":{"type":"LineString","coordinates":[[128.9962327,35.2990869],[128.9958,35.29926],[128.9957508,35.2992956]]}},{"type":"Feature","properties":{"c":"branch","n":"양산화물선","g":"kr","jk":"branch","nz":"梁山货物线","ne":"Yangsanhwamul Line","off":-0.25},"geometry":{"type":"LineString","coordinates":[[128.9967227,35.2988943],[128.9967,35.2989],[128.9962327,35.2990869]]}},{"type":"Feature","properties":{"c":"branch","n":"양산화물선","g":"kr","jk":"branch","nz":"梁山货物线","ne":"Yangsanhwamul Line","off":-0.125},"geometry":{"type":"LineString","coordinates":[[128.9972333,35.2987653],[128.9967227,35.2988943]]}},{"type":"Feature","properties":{"c":"branch","n":"양산화물선","g":"kr","jk":"branch","nz":"梁山货物线","ne":"Yangsanhwamul Line","off":0.125},"geometry":{"type":"MultiLineString","coordinates":[[[129.0076732,35.2940973],[129.00729,35.29399],[129.00685,35.29392],[129.00639,35.29389],[129.0063611,35.2938913]],[[128.9982565,35.2985147],[128.9977443,35.2986374]]]}},{"type":"Feature","properties":{"c":"branch","n":"양산화물선","g":"kr","jk":"branch","nz":"梁山货物线","ne":"Yangsanhwamul Line","off":0.25},"geometry":{"type":"MultiLineString","coordinates":[[[129.0063611,35.2938913],[129.00594,35.29391],[129.00555,35.29397],[129.00518,35.29406],[129.0050516,35.2941061]],[[128.9987618,35.2983699],[128.99861,35.29843],[128.9982565,35.2985147]]]}},{"type":"Feature","properties":{"c":"branch","n":"양산화물선","g":"kr","jk":"branch","nz":"梁山货物线","ne":"Yangsanhwamul Line","off":0.375},"geometry":{"type":"MultiLineString","coordinates":[[[129.0050516,35.2941061],[129.00479,35.2942],[129.00437,35.29438],[129.00393,35.2946],[129.0038382,35.2946539]],[[128.9992516,35.2981762],[128.9987618,35.2983699]]]}},{"type":"Feature","properties":{"c":"branch","n":"양산화물선","g":"kr","jk":"branch","nz":"梁山货物线","ne":"Yangsanhwamul Line","off":0.5},"geometry":{"type":"LineString","coordinates":[[129.0038382,35.2946539],[129.00347,35.29487],[129.00298,35.29518],[129.00219,35.29582],[129.00135,35.29662],[129.00045,35.29742],[128.99952,35.29807],[128.9992516,35.2981762]]}},{"type":"Feature","properties":{"c":"branch","n":"여천선","g":"kr","jk":"branch","nz":"丽川线"},"geometry":{"type":"LineString","coordinates":[[127.6418033,34.79824],[127.64185,34.79824],[127.64222,34.79826],[127.64262,34.79831],[127.64335,34.79848],[127.64416,34.79873],[127.64507,34.79903],[127.64607,34.79932],[127.65017,34.80038],[127.65457,34.80136],[127.65791,34.80188],[127.66051,34.8022],[127.66108,34.80228],[127.66154,34.80235],[127.66204,34.80247],[127.66253,34.80264],[127.66287,34.80279],[127.6632,34.80297],[127.66351,34.80318],[127.66383,34.80344],[127.66413,34.80373],[127.66438,34.80404],[127.66456,34.80435],[127.66468,34.80469],[127.66484,34.80509],[127.66533,34.80629],[127.66593,34.80776],[127.66656,34.80906],[127.66688,34.80961],[127.6672,34.8101],[127.66753,34.81054],[127.66788,34.81095],[127.6682,34.81125],[127.66853,34.81153],[127.66887,34.81178],[127.66922,34.81202],[127.66987,34.81241],[127.67059,34.81282],[127.67184,34.81351],[127.67333,34.81441],[127.6767,34.81689],[127.67977,34.81927],[127.68029,34.81965],[127.68071,34.81994],[127.68109,34.82026],[127.68138,34.82054],[127.68166,34.82084],[127.68191,34.82114],[127.68212,34.82145],[127.68231,34.82182],[127.68244,34.82219],[127.68256,34.82256],[127.6827,34.82308],[127.68284,34.82371],[127.68407,34.82878],[127.68419,34.82934],[127.68432,34.8298],[127.68443,34.83014],[127.68456,34.83047],[127.68474,34.83079],[127.68495,34.83105],[127.68521,34.83131],[127.68549,34.83156],[127.68578,34.83179],[127.68618,34.83206],[127.68661,34.8323],[127.68709,34.83257],[127.6898,34.83417],[127.69069,34.83468],[127.6915,34.83518],[127.69192,34.83547],[127.69233,34.83576],[127.69271,34.83607],[127.69301,34.83639],[127.69319,34.83667],[127.69332,34.83697],[127.69342,34.83727],[127.69352,34.83757],[127.69369,34.83813],[127.69386,34.83879],[127.69408,34.83969],[127.69433,34.84081],[127.69465,34.84198],[127.69504,34.84304],[127.6955,34.84386],[127.69603,34.84464],[127.69658,34.84537],[127.69705,34.84603],[127.69743,34.84656],[127.69776,34.84703],[127.69806,34.84752],[127.69829,34.84807],[127.69848,34.84864],[127.69873,34.84928],[127.69913,34.85018],[127.69962,34.85122],[127.70017,34.85223],[127.70077,34.85306],[127.70122,34.85349],[127.70168,34.85384],[127.70219,34.85415],[127.70278,34.85445],[127.70374,34.85484],[127.70483,34.85522],[127.70599,34.85556],[127.70718,34.85583],[127.70854,34.85595],[127.70998,34.85595],[127.71145,34.8559],[127.71291,34.85587]]}},{"type":"Feature","properties":{"c":"branch","n":"여천선","g":"kr","jk":"branch","nz":"丽川线","off":-0.5},"geometry":{"type":"LineString","coordinates":[[127.62492,34.81606],[127.62604,34.81482],[127.62703,34.81351],[127.63673,34.80076],[127.63701,34.80039],[127.63719,34.80012],[127.63741,34.79988],[127.63768,34.79962],[127.63799,34.79938],[127.6380287,34.7993542]]}},{"type":"Feature","properties":{"c":"branch","n":"여천선","g":"kr","jk":"branch","nz":"丽川线","off":-0.375},"geometry":{"type":"LineString","coordinates":[[127.6380287,34.7993542],[127.63832,34.79916],[127.6387,34.79895],[127.63911,34.79875],[127.639197,34.7987176]]}},{"type":"Feature","properties":{"c":"branch","n":"여천선","g":"kr","jk":"branch","nz":"丽川线","off":-0.25},"geometry":{"type":"LineString","coordinates":[[127.639197,34.7987176],[127.63954,34.79859],[127.63992,34.79848],[127.64032,34.79838],[127.6404772,34.7983532]]}},{"type":"Feature","properties":{"c":"branch","n":"여천선","g":"kr","jk":"branch","nz":"丽川线","off":-0.125},"geometry":{"type":"LineString","coordinates":[[127.6404772,34.7983532],[127.64073,34.79831],[127.64114,34.79826],[127.6415,34.79824],[127.6418033,34.79824]]}},{"type":"Feature","properties":{"c":"branch","n":"영동본선","g":"kr","jk":"branch","nz":"岭东本线","ne":"Yeongdong Main Line","off":0.5},"geometry":{"type":"LineString","coordinates":[[128.72272,36.89189],[128.72898,36.89095]]}},{"type":"Feature","properties":{"c":"branch","n":"영동본선","g":"kr","jk":"branch","nz":"岭东本线","ne":"Yeongdong Main Line","off":0.5},"geometry":{"type":"LineString","coordinates":[[128.82679,36.89185],[128.83115,36.89502]]}},{"type":"Feature","properties":{"c":"branch","n":"영동본선","g":"kr","jk":"branch","nz":"岭东本线","ne":"Yeongdong Main Line","off":0.5},"geometry":{"type":"LineString","coordinates":[[128.8849,36.9174],[128.88137,36.9155]]}},{"type":"Feature","properties":{"c":"branch","n":"영동본선","g":"kr","jk":"branch","nz":"岭东本线","ne":"Yeongdong Main Line","off":0.5},"geometry":{"type":"LineString","coordinates":[[128.92006,36.93928],[128.92065,36.9338]]}},{"type":"Feature","properties":{"c":"branch","n":"영동본선","g":"kr","jk":"branch","nz":"岭东本线","ne":"Yeongdong Main Line","off":0.5},"geometry":{"type":"LineString","coordinates":[[128.9593,36.91611],[128.95299,36.91636]]}},{"type":"Feature","properties":{"c":"branch","n":"영동본선","g":"kr","jk":"branch","nz":"岭东本线","ne":"Yeongdong Main Line","off":0.5},"geometry":{"type":"LineString","coordinates":[[129.00176,36.90246],[129.00149,36.90272],[129.00123,36.90298],[129.00095,36.90323],[129.00065,36.90344],[129.00033,36.90361],[128.99999,36.90376],[128.99964,36.90388],[128.99929,36.90396],[128.99883,36.90403],[128.99837,36.90404],[128.99791,36.904],[128.99756,36.90392],[128.99721,36.90379],[128.99686,36.90364],[128.99652,36.9035]]}},{"type":"Feature","properties":{"c":"branch","n":"영동본선","g":"kr","jk":"branch","nz":"岭东本线","ne":"Yeongdong Main Line","off":-0.5},"geometry":{"type":"LineString","coordinates":[[129.01093,36.93519],[129.01242,36.9378],[129.01279,36.93843],[129.01311,36.93901],[129.01337,36.93964],[129.01361,36.94028]]}},{"type":"Feature","properties":{"c":"branch","n":"영동본선","g":"kr","jk":"branch","nz":"岭东本线","ne":"Yeongdong Main Line","off":0.5},"geometry":{"type":"LineString","coordinates":[[129.03976,37.11767],[129.03928,37.11761],[129.0388,37.11755],[129.03836,37.11742],[129.03804,37.11723],[129.03773,37.11698],[129.03746,37.11669],[129.03724,37.11638],[129.03707,37.116],[129.03699,37.11557],[129.03692,37.11513],[129.03683,37.11471],[129.03629,37.11319],[129.0352,37.11015]]}},{"type":"Feature","properties":{"c":"branch","n":"영동본선","g":"kr","jk":"branch","nz":"岭东本线","ne":"Yeongdong Main Line","off":0.5},"geometry":{"type":"LineString","coordinates":[[129.04561,37.08606],[129.04632,37.08346],[129.0464,37.08312],[129.04646,37.08284],[129.04656,37.08257],[129.04673,37.0823],[129.04694,37.08204],[129.04718,37.08181],[129.04762,37.08155],[129.04809,37.08132]]}},{"type":"Feature","properties":{"c":"branch","n":"영동본선","g":"kr","jk":"branch","nz":"岭东本线","ne":"Yeongdong Main Line","off":-0.5},"geometry":{"type":"LineString","coordinates":[[129.05569,36.93173],[129.06053,36.93396]]}},{"type":"Feature","properties":{"c":"branch","n":"영동본선","g":"kr","jk":"branch","nz":"岭东本线","ne":"Yeongdong Main Line","off":-0.5},"geometry":{"type":"LineString","coordinates":[[129.05848,37.04811],[129.0618,37.04399]]}},{"type":"Feature","properties":{"c":"branch","n":"영동본선","g":"kr","jk":"branch","nz":"岭东本线","ne":"Yeongdong Main Line","off":0.5},"geometry":{"type":"LineString","coordinates":[[129.08346,36.99603],[129.08343,36.99527],[129.08344,36.99453],[129.08346,36.99421],[129.08349,36.99389],[129.08355,36.99359],[129.08365,36.9933],[129.08384,36.99297],[129.08409,36.99267],[129.08438,36.9924],[129.08471,36.99218],[129.08508,36.99199],[129.08545,36.9918]]}},{"type":"Feature","properties":{"c":"main","n":"영동선","g":"kr","jk":"main","nz":"岭东线","ne":"Yeongdong Line"},"geometry":{"type":"LineString","coordinates":[[128.624383,36.8132832],[128.6243,36.81343],[128.62427,36.81348],[128.62423,36.81353],[128.6241888,36.8135712]]}},{"type":"Feature","properties":{"c":"main","n":"영동선","g":"kr","jk":"main","nz":"岭东线","ne":"Yeongdong Line","off":-1.0},"geometry":{"type":"LineString","coordinates":[[128.6249862,36.8123247],[128.62561,36.81132],[128.62732,36.80835],[128.62795,36.80688],[128.62847,36.80551]]}},{"type":"Feature","properties":{"c":"main","n":"영동선","g":"kr","jk":"main","nz":"岭东线","ne":"Yeongdong Line","off":-0.8125},"geometry":{"type":"LineString","coordinates":[[128.624802,36.8126214],[128.6249862,36.8123247]]}},{"type":"Feature","properties":{"c":"main","n":"영동선","g":"kr","jk":"main","nz":"岭东线","ne":"Yeongdong Line","off":-0.6875},"geometry":{"type":"LineString","coordinates":[[128.6246178,36.8129181],[128.624802,36.8126214]]}},{"type":"Feature","properties":{"c":"main","n":"영동선","g":"kr","jk":"main","nz":"岭东线","ne":"Yeongdong Line","off":-0.5},"geometry":{"type":"LineString","coordinates":[[128.6244336,36.8132148],[128.6246178,36.8129181]]}},{"type":"Feature","properties":{"c":"main","n":"영동선","g":"kr","jk":"main","nz":"岭东线","ne":"Yeongdong Line","off":-0.3125},"geometry":{"type":"LineString","coordinates":[[128.6242593,36.8135169],[128.62427,36.81349],[128.6243,36.81343],[128.6244336,36.8132148]]}},{"type":"Feature","properties":{"c":"main","n":"영동선","g":"kr","jk":"main","nz":"岭东线","ne":"Yeongdong Line","off":-0.1875},"geometry":{"type":"LineString","coordinates":[[128.6241888,36.8135712],[128.62417,36.81359],[128.62415,36.81362],[128.62415,36.81363],[128.62414,36.81363],[128.62414,36.81364],[128.62415,36.81364],[128.62415,36.81365],[128.62416,36.81365],[128.62416,36.81366],[128.62416,36.81367],[128.62417,36.81367],[128.62418,36.81366],[128.62419,36.81366],[128.6242,36.81366],[128.62421,36.81366],[128.62421,36.81365],[128.62423,36.81361],[128.62425,36.81354],[128.6242593,36.8135169]]}},{"type":"Feature","properties":{"c":"main","n":"영동선","g":"kr","jk":"main","nz":"岭东线","ne":"Yeongdong Line","off":0.1875},"geometry":{"type":"LineString","coordinates":[[128.6245549,36.8129792],[128.624383,36.8132832]]}},{"type":"Feature","properties":{"c":"main","n":"영동선","g":"kr","jk":"main","nz":"岭东线","ne":"Yeongdong Line","off":0.3125},"geometry":{"type":"LineString","coordinates":[[128.6247269,36.8126751],[128.6245549,36.8129792]]}},{"type":"Feature","properties":{"c":"main","n":"영동선","g":"kr","jk":"main","nz":"岭东线","ne":"Yeongdong Line","off":0.5},"geometry":{"type":"LineString","coordinates":[[128.6248988,36.8123711],[128.6247269,36.8126751]]}},{"type":"Feature","properties":{"c":"main","n":"영동선","g":"kr","jk":"main","nz":"岭东线","ne":"Yeongdong Line","off":0.6875},"geometry":{"type":"LineString","coordinates":[[128.6250707,36.8120671],[128.6248988,36.8123711]]}},{"type":"Feature","properties":{"c":"main","n":"영동선","g":"kr","jk":"main","nz":"岭东线","ne":"Yeongdong Line","off":0.8125},"geometry":{"type":"LineString","coordinates":[[128.6252426,36.8117631],[128.6250707,36.8120671]]}},{"type":"Feature","properties":{"c":"main","n":"영동선","g":"kr","jk":"main","nz":"岭东线","ne":"Yeongdong Line","off":1.0},"geometry":{"type":"LineString","coordinates":[[128.62821,36.80616],[128.62715,36.80839],[128.6252426,36.8117631]]}},{"type":"Feature","properties":{"c":"main","n":"영동선","g":"kr","jk":"main","nz":"岭东线","ne":"Yeongdong Line"},"geometry":{"type":"MultiLineString","coordinates":[[[128.62336,36.81517],[128.6232,36.81548],[128.62303,36.81579],[128.62289,36.8161],[128.6228,36.81641],[128.62277,36.8168],[128.62281,36.81718],[128.6229,36.81755],[128.62305,36.81785],[128.62325,36.81813],[128.6235,36.81844],[128.62401,36.819],[128.62466,36.81965],[128.62543,36.8204],[128.62807,36.82301],[128.63128,36.82598],[128.63333,36.82756],[128.6356,36.82917],[128.63776,36.83073],[128.63948,36.8322],[128.64032,36.83316],[128.641,36.83411],[128.64156,36.83497],[128.64203,36.83567],[128.64228,36.83604],[128.64249,36.83635],[128.64273,36.83663],[128.64304,36.8369],[128.64338,36.83715],[128.64375,36.83738],[128.64413,36.83757],[128.64453,36.83773],[128.64497,36.8379],[128.64699,36.83877],[128.64738,36.83892],[128.64774,36.83907],[128.64807,36.83923],[128.6484,36.83943],[128.6487,36.83965],[128.64899,36.83989],[128.64936,36.84024],[128.64976,36.84065],[128.65015,36.84101],[128.6506,36.84142],[128.65105,36.84186],[128.65144,36.84231],[128.65176,36.84281],[128.65202,36.84333],[128.65226,36.84385],[128.65247,36.8443],[128.65264,36.84467],[128.65279,36.84499],[128.65299,36.8453],[128.65321,36.84554],[128.65345,36.84578],[128.65374,36.846],[128.6541,36.84621],[128.65483,36.84653],[128.65573,36.84683],[128.65671,36.8471],[128.65768,36.8473],[128.65869,36.84738],[128.65974,36.84736],[128.66078,36.84732],[128.66173,36.84734],[128.6631,36.84751],[128.66428,36.8477],[128.66474,36.84775],[128.66515,36.8478],[128.66555,36.84788],[128.66594,36.84803],[128.66631,36.84821],[128.66671,36.84845],[128.66727,36.84887],[128.66789,36.84941],[128.66853,36.84994],[128.66914,36.85034],[128.66953,36.85051],[128.66992,36.85063],[128.6703,36.85071],[128.67067,36.85077],[128.67113,36.8508],[128.67158,36.85079],[128.67202,36.85076],[128.67268,36.85068],[128.67335,36.85057],[128.67519,36.85031],[128.67564,36.85023],[128.67607,36.85016],[128.67649,36.85013],[128.67693,36.85015],[128.67736,36.85023],[128.67779,36.85035],[128.67817,36.85052],[128.67856,36.85073],[128.67892,36.85096],[128.6792,36.85119],[128.67945,36.85149],[128.67961,36.8518],[128.67973,36.8521],[128.67985,36.85247],[128.68128,36.85632],[128.68182,36.85796],[128.68234,36.85969],[128.68274,36.86154],[128.68297,36.86398],[128.68303,36.86658],[128.68308,36.86889],[128.68313,36.87081],[128.68326,36.87257],[128.6834,36.87356],[128.68359,36.87457],[128.68383,36.87553],[128.68415,36.87634],[128.68443,36.87681],[128.68474,36.87722],[128.68508,36.87758],[128.68544,36.87788],[128.68583,36.87813],[128.68624,36.87832],[128.68666,36.87849],[128.68707,36.87863],[128.68749,36.87874],[128.68802,36.87888],[128.69086,36.87974],[128.69419,36.88063],[128.69684,36.88108],[128.69914,36.88139],[128.69985,36.88148],[128.70045,36.88156],[128.70105,36.88168],[128.70152,36.8818],[128.702,36.88194],[128.70245,36.8821],[128.70284,36.88228],[128.70317,36.88247],[128.70345,36.88268],[128.7037,36.88291],[128.70391,36.88316],[128.70408,36.88342],[128.70428,36.88373],[128.70462,36.88424],[128.705,36.88485],[128.70544,36.88549],[128.70596,36.88608],[128.70666,36.88666],[128.70748,36.88719],[128.70832,36.88773],[128.70914,36.88833],[128.70997,36.88913],[128.7108,36.89003],[128.7116,36.89089],[128.7124,36.89157],[128.71295,36.89191],[128.7135,36.89219],[128.71403,36.8924],[128.71455,36.89257],[128.71505,36.89268],[128.71553,36.89274],[128.71601,36.89277],[128.71652,36.89276],[128.71702,36.89273],[128.71752,36.89268],[128.71818,36.89259],[128.7183541,36.8925627]],[[128.7331999,36.8905626],[128.73336,36.89058],[128.73375,36.89065],[128.73413,36.89074],[128.7345,36.89088],[128.73485,36.89103],[128.73521,36.89122],[128.73554,36.89144],[128.73584,36.89167],[128.73609,36.89192],[128.73631,36.89218],[128.7365,36.89246],[128.73666,36.89274],[128.7368,36.89308],[128.7369,36.89343],[128.73697,36.89383],[128.737,36.89443],[128.73696,36.89514],[128.73694,36.89586],[128.73702,36.89648],[128.73716,36.89689],[128.73736,36.89726],[128.73758,36.8976],[128.73781,36.8979],[128.73806,36.89816],[128.73833,36.89839],[128.73861,36.8986],[128.73903,36.89889],[128.73954,36.8992],[128.74211,36.90086],[128.74252,36.90113],[128.74287,36.90137],[128.74325,36.9016],[128.74367,36.90181],[128.7441,36.902],[128.74454,36.90216],[128.74495,36.90225],[128.74536,36.90231],[128.74583,36.90237],[128.74642,36.90249],[128.74708,36.90263],[128.74776,36.90275],[128.7484,36.90281],[128.74893,36.90279],[128.74945,36.90273],[128.74995,36.90263],[128.7504,36.90251],[128.75084,36.90235],[128.75123,36.90215],[128.75163,36.90189],[128.7521,36.90148],[128.7526,36.90097],[128.75309,36.90045],[128.75356,36.90002],[128.75388,36.89977],[128.75419,36.89956],[128.7545,36.89937],[128.75483,36.89919],[128.75517,36.89905],[128.75551,36.89893],[128.75588,36.89882],[128.75633,36.89867],[128.75742,36.89833],[128.75877,36.89791],[128.7602,36.89743],[128.76153,36.89688],[128.7628,36.89619],[128.76405,36.8954],[128.76522,36.89458],[128.76626,36.89382],[128.76756,36.89278],[128.76862,36.89185],[128.76894,36.89157],[128.76921,36.89131],[128.76949,36.89107],[128.7698,36.89086],[128.77018,36.89068],[128.77058,36.89052],[128.77102,36.89038],[128.77152,36.89026],[128.77247,36.89007],[128.77361,36.88991],[128.77475,36.8898],[128.77574,36.88973],[128.77629,36.88972],[128.77679,36.88972],[128.77726,36.88975],[128.77771,36.88983],[128.77812,36.88993],[128.77851,36.89007],[128.77888,36.89024],[128.77922,36.89042],[128.77956,36.89064],[128.77986,36.8909],[128.78017,36.8912],[128.78049,36.8916],[128.78081,36.89208],[128.78114,36.89255],[128.78148,36.89295],[128.78183,36.89324],[128.7822,36.89347],[128.7826,36.8937],[128.78305,36.89394],[128.78355,36.89418],[128.78407,36.89439],[128.78457,36.89455],[128.78499,36.89463],[128.7854,36.89468],[128.78582,36.89469],[128.78627,36.89468],[128.78686,36.89461],[128.7875,36.89449],[128.78812,36.89436],[128.78867,36.89424],[128.7891,36.89415],[128.78949,36.89407],[128.78988,36.89402],[128.79031,36.89399],[128.79076,36.89398],[128.79119,36.89401],[128.7916,36.89408],[128.79199,36.89418],[128.79237,36.8943],[128.79269,36.89443],[128.793,36.89458],[128.79335,36.89475],[128.79396,36.89504],[128.79464,36.89537],[128.79532,36.89564],[128.79572,36.89577],[128.79612,36.89587],[128.79652,36.89596],[128.79693,36.89601],[128.79735,36.89604],[128.79778,36.89604],[128.79822,36.89602],[128.79868,36.89597],[128.7995,36.89583],[128.80037,36.89562],[128.80133,36.89546],[128.80241,36.8954],[128.80361,36.89541],[128.80483,36.89539],[128.80602,36.89527],[128.80719,36.895],[128.80834,36.89463],[128.80947,36.89421],[128.8106,36.89375],[128.81174,36.8932],[128.81288,36.89257],[128.81401,36.89198],[128.81514,36.89158],[128.81618,36.89147],[128.81723,36.89153],[128.81828,36.89161],[128.81931,36.89159],[128.82036,36.89139],[128.82142,36.89109],[128.82243,36.89081],[128.8229874,36.8907203]],[[128.8355146,36.8959869],[128.8357,36.89598],[128.83632,36.89598],[128.83873,36.89598],[128.84144,36.89606],[128.84458,36.89644],[128.84728,36.89685],[128.8481,36.89697],[128.84879,36.89706],[128.84928,36.8971],[128.84977,36.89712],[128.85032,36.8971],[128.8512,36.897],[128.85217,36.89683],[128.85312,36.89661],[128.85393,36.89636],[128.85471,36.89607],[128.85554,36.89576],[128.85902,36.89455],[128.8594,36.89441],[128.85974,36.89428],[128.86006,36.89416],[128.86039,36.89407],[128.86076,36.894],[128.86113,36.89395],[128.8615,36.89392],[128.86188,36.89392],[128.86231,36.89394],[128.86274,36.89398],[128.86317,36.89405],[128.86359,36.89414],[128.86395,36.89424],[128.8643,36.89437],[128.86465,36.89451],[128.86501,36.89469],[128.86573,36.89511],[128.86649,36.89563],[128.86732,36.89613],[128.86845,36.89668],[128.86967,36.89723],[128.87068,36.89774],[128.87104,36.89798],[128.87135,36.8982],[128.87161,36.89842],[128.87184,36.89864],[128.8721,36.89894],[128.87229,36.89925],[128.87243,36.89955],[128.87257,36.89991],[128.87273,36.90034],[128.8729,36.90085],[128.87313,36.90141],[128.87345,36.90196],[128.87416,36.90279],[128.8751,36.90368],[128.87606,36.90454],[128.87684,36.90525],[128.87728,36.90567],[128.87766,36.90601],[128.878,36.90638],[128.87825,36.90669],[128.87848,36.907],[128.87869,36.90733],[128.87885,36.90768],[128.87898,36.90807],[128.87907,36.90848],[128.87911,36.90892],[128.87912,36.90938],[128.87903,36.91005],[128.87883,36.91079],[128.87865,36.91153],[128.87859,36.91221],[128.87867,36.91268],[128.87881,36.91313],[128.879,36.91354],[128.87923,36.91392],[128.87945,36.91419],[128.8797,36.91443],[128.87998,36.91466],[128.88026,36.91487],[128.88064,36.91511],[128.88105,36.91532],[128.88155,36.91559],[128.88261,36.91614],[128.88395,36.91682],[128.88532,36.91757],[128.88649,36.91835],[128.88728,36.91907],[128.88796,36.91985],[128.88857,36.9206],[128.88911,36.92125],[128.88942,36.92162],[128.88969,36.92196],[128.88995,36.92226],[128.89027,36.92254],[128.89065,36.92278],[128.89106,36.923],[128.8915,36.92319],[128.89198,36.92334],[128.89262,36.92347],[128.89333,36.92356],[128.89403,36.92362],[128.89463,36.92367],[128.89522,36.92376],[128.89575,36.92381],[128.89631,36.92382],[128.89687,36.92377],[128.89739,36.92368],[128.89789,36.92356],[128.89892,36.92335],[128.89943,36.92322],[128.89994,36.92313],[128.90032,36.92312],[128.90071,36.92314],[128.90109,36.92319],[128.90144,36.92328],[128.90178,36.9234],[128.90217,36.92353],[128.9027,36.92369],[128.90332,36.92385],[128.90394,36.92405],[128.90452,36.92428],[128.90503,36.92454],[128.90551,36.92483],[128.90596,36.92515],[128.90637,36.9255],[128.90669,36.92587],[128.90695,36.92626],[128.90721,36.92669],[128.90752,36.92718],[128.90857,36.92863],[128.9098,36.93035],[128.91081,36.93197],[128.91131,36.93305],[128.91168,36.93406],[128.91197,36.93501],[128.91213,36.93558],[128.91227,36.93614],[128.91236,36.93665],[128.91239,36.93711],[128.91236,36.93743],[128.91228,36.93772],[128.91217,36.93803],[128.91197,36.93843],[128.9117,36.93887],[128.91145,36.93933],[128.91131,36.93975],[128.91129,36.94009],[128.91134,36.94042],[128.91142,36.94073],[128.91153,36.94102],[128.91169,36.94135],[128.9119,36.94164],[128.91212,36.9419],[128.91238,36.94215],[128.9127,36.94236],[128.91309,36.94254],[128.91355,36.94271],[128.91399,36.94282],[128.91443,36.94289],[128.91488,36.94288],[128.91531,36.94281],[128.91578,36.94269],[128.91627,36.94253],[128.91676,36.94234],[128.91736,36.94207],[128.9173762,36.9420616]],[[128.9213809,36.9294393],[128.92157,36.92894],[128.92185,36.92828],[128.92232,36.92734],[128.92286,36.92636],[128.92452,36.92317],[128.92469,36.9228],[128.92483,36.9225],[128.92501,36.92222],[128.92527,36.92195],[128.92557,36.9217],[128.92588,36.92148],[128.92631,36.92123],[128.92676,36.92103],[128.92718,36.92088],[128.92773,36.92072],[128.92899,36.92036],[128.93074,36.91988],[128.93252,36.91934],[128.93385,36.91879],[128.93434,36.91843],[128.9347,36.91806],[128.935,36.91769],[128.93528,36.91736],[128.93553,36.91711],[128.93575,36.91688],[128.93599,36.91666],[128.93626,36.91645],[128.93655,36.91626],[128.93687,36.91609],[128.93725,36.91596],[128.93765,36.91586],[128.93807,36.9158],[128.93855,36.91579],[128.93904,36.91581],[128.9395,36.91589],[128.93985,36.91599],[128.94017,36.91613],[128.94051,36.91631],[128.94095,36.91661],[128.94142,36.91699],[128.94192,36.91736],[128.94242,36.91765],[128.94287,36.91781],[128.94332,36.91793],[128.94379,36.918],[128.94433,36.91801],[128.94536,36.91784],[128.94655,36.91748],[128.94775,36.91708],[128.94879,36.91679],[128.9493316,36.9166878]],[[128.9637994,36.9158366],[128.96783,36.91564],[128.9684,36.91563],[128.96885,36.91564],[128.96923,36.91563],[128.96961,36.91555],[128.97,36.91539],[128.97038,36.91518],[128.97072,36.91492],[128.97101,36.91466],[128.97125,36.91433],[128.97143,36.91397],[128.97162,36.91357],[128.97198,36.91289],[128.97239,36.91212],[128.97286,36.91138],[128.97334,36.91085],[128.97389,36.91033],[128.97442,36.90982],[128.97483,36.9093],[128.97503,36.90881],[128.97516,36.90831],[128.97525,36.90784],[128.97533,36.90744],[128.97541,36.90709],[128.9755,36.90679],[128.97564,36.90648],[128.97584,36.90618],[128.97606,36.90593],[128.97633,36.90568],[128.97664,36.90545],[128.97697,36.90526],[128.97733,36.90509],[128.97772,36.90493],[128.97811,36.90478],[128.97885,36.90455],[128.97971,36.90431],[128.98469,36.90287],[128.98553,36.90265],[128.98631,36.90246],[128.98706,36.90225],[128.98778,36.90198],[128.98847,36.90159],[128.98914,36.90112],[128.98976,36.90067],[128.99034,36.90033],[128.9908,36.90015],[128.99123,36.90003],[128.99165,36.89996],[128.99205,36.89993],[128.99244,36.89995],[128.99283,36.9],[128.99324,36.9001],[128.99364,36.90024],[128.99399,36.9004],[128.99429,36.90064],[128.99454,36.90091],[128.99474,36.9012],[128.99493,36.90151],[128.99551,36.9024],[128.99573,36.90279],[128.99599,36.90314],[128.99626,36.90335],[128.99659,36.90353],[128.99693,36.90368],[128.99745,36.90383],[128.99799,36.90391],[128.99846,36.90394],[128.99895,36.90391],[128.99938,36.90385],[128.99983,36.90375],[129.00028,36.90359],[129.00073,36.90331],[129.00119,36.90295],[129.00162,36.90257],[129.002,36.90225],[129.00235,36.90196],[129.00269,36.90171],[129.00308,36.9015],[129.00355,36.90134],[129.00405,36.90127],[129.00466,36.90125],[129.0053,36.90127],[129.00587,36.90132],[129.00631,36.90138],[129.00672,36.90146],[129.00711,36.90157],[129.00746,36.90171],[129.00785,36.90195],[129.0082,36.90224],[129.00846,36.90253],[129.00866,36.90286],[129.00876,36.9032],[129.00874,36.90351],[129.00866,36.9039],[129.00846,36.90509],[129.0082,36.90667],[129.00805,36.90808],[129.00805,36.90879],[129.00811,36.90942],[129.0082,36.91008],[129.00835,36.91096],[129.00855,36.9119],[129.00886,36.91288],[129.00948,36.91422],[129.01025,36.91562],[129.01095,36.91687],[129.0115,36.91788],[129.01197,36.91883],[129.01233,36.91986],[129.01259,36.92089],[129.01269,36.92142],[129.01275,36.92193],[129.01275,36.9225],[129.01267,36.92327],[129.01251,36.92416],[129.01231,36.92504],[129.01206,36.9258],[129.01187,36.92625],[129.01166,36.92664],[129.01142,36.92702],[129.01113,36.92743],[129.01062,36.92803],[129.00999,36.92867],[129.0094,36.9293],[129.00899,36.92989],[129.00885,36.93026],[129.00877,36.93061],[129.00874,36.93095],[129.00876,36.93127],[129.00883,36.93162],[129.00897,36.93194],[129.0089859,36.931974]],[[129.0131895,36.9446308],[129.01325,36.94485],[129.0134,36.94513],[129.01359,36.94539],[129.01387,36.94569],[129.01425,36.94595],[129.01462,36.94611],[129.01506,36.94625],[129.01551,36.94637],[129.01591,36.94643],[129.01632,36.94642],[129.01671,36.94633],[129.01719,36.94617],[129.01766,36.94595],[129.01806,36.94574],[129.01849,36.9455],[129.01887,36.94532],[129.01929,36.94512],[129.01973,36.94489],[129.02015,36.94461],[129.02064,36.9441],[129.02112,36.94348],[129.02158,36.94286],[129.02204,36.94232],[129.02253,36.94186],[129.02302,36.94147],[129.02351,36.94113],[129.02382,36.94094],[129.02414,36.94077],[129.02446,36.94062],[129.0248,36.9405],[129.02517,36.9404],[129.02557,36.94033],[129.02597,36.94028],[129.02636,36.94024],[129.02706,36.94019],[129.02774,36.94018],[129.02838,36.94022],[129.02913,36.94029],[129.03054,36.94037],[129.03227,36.94048],[129.03393,36.94067],[129.03536,36.94101],[129.03673,36.94143],[129.03781,36.94176],[129.03831,36.94192],[129.03874,36.94203],[129.03923,36.9421],[129.03972,36.94212],[129.04021,36.94208],[129.04069,36.94199],[129.04111,36.94183],[129.04156,36.94164],[129.04294,36.94107],[129.0434,36.94087],[129.04384,36.94071],[129.04431,36.94059],[129.04483,36.94052],[129.04533,36.9405],[129.04588,36.9405],[129.04642,36.94054],[129.04692,36.94061],[129.04741,36.94072],[129.04793,36.94084],[129.05001,36.94125],[129.05049,36.94136],[129.05094,36.94144],[129.05141,36.94145],[129.05189,36.94141],[129.05227,36.94135],[129.05266,36.94125],[129.05301,36.94112],[129.05335,36.94093],[129.05365,36.94071],[129.05391,36.94047],[129.05413,36.94021],[129.05431,36.93992],[129.05444,36.93964],[129.05452,36.93924],[129.05453,36.93886],[129.05448,36.93855],[129.05438,36.93826],[129.05421,36.93801],[129.054,36.93774],[129.05379,36.93743],[129.05355,36.93707],[129.05325,36.9367],[129.05278,36.93627],[129.05219,36.93581],[129.05161,36.93535],[129.05117,36.93491],[129.05097,36.9346],[129.05081,36.9343],[129.0507,36.93401],[129.05064,36.93375],[129.05062,36.93341],[129.05068,36.9331],[129.0508,36.93275],[129.05099,36.93241],[129.05125,36.93212],[129.05156,36.93186],[129.05193,36.93167],[129.05237,36.93153],[129.05274,36.93144],[129.05315,36.93138],[129.05362,36.93137],[129.05426,36.93143],[129.055,36.93156],[129.05575,36.93174],[129.05644,36.93193],[129.05715,36.93218],[129.05781,36.93247],[129.05845,36.93278],[129.05937,36.9333],[129.06019,36.9338],[129.06066,36.93405],[129.06106,36.93431],[129.0613,36.93454],[129.06151,36.93479],[129.06168,36.93507],[129.0618,36.93542],[129.06187,36.93581],[129.06187,36.93624],[129.06172,36.93677],[129.06146,36.93737],[129.06116,36.938],[129.06093,36.93862],[129.06068,36.93984],[129.06053,36.94106],[129.0605,36.94164],[129.06051,36.94221],[129.06049,36.9428],[129.06039,36.9434],[129.06005,36.94425],[129.05957,36.94516],[129.05906,36.94603],[129.05866,36.94674],[129.05845,36.94711],[129.05827,36.94742],[129.05814,36.94774],[129.0581,36.94809],[129.05812,36.94845],[129.05817,36.94882],[129.05827,36.94934],[129.05841,36.9499],[129.05857,36.95041],[129.0587,36.95079],[129.05884,36.95113],[129.05906,36.95145],[129.05935,36.95168],[129.0597,36.95189],[129.06011,36.95208],[129.06053,36.95223],[129.06104,36.95235],[129.06161,36.95244],[129.06218,36.95249],[129.06269,36.95249],[129.06312,36.95245],[129.06352,36.95236],[129.0639,36.95223],[129.06424,36.95206],[129.06458,36.95185],[129.0649,36.95162],[129.06519,36.95143],[129.06551,36.95121],[129.06583,36.95102],[129.06623,36.95084],[129.0667,36.95071],[129.06711,36.95067],[129.06758,36.95065],[129.06805,36.95067],[129.06846,36.95073],[129.06884,36.95086],[129.06917,36.95104],[129.06945,36.95124],[129.06979,36.95157],[129.07003,36.95193],[129.07015,36.95232],[129.07023,36.95275],[129.07062,36.9544],[129.07069,36.9548],[129.07076,36.95517],[129.07088,36.95552],[129.07108,36.95587],[129.07133,36.95621],[129.07161,36.9565],[129.07202,36.95681],[129.07247,36.95707],[129.07291,36.95727],[129.07345,36.9575],[129.07442,36.95791],[129.07569,36.95842],[129.07703,36.95901],[129.07819,36.95961],[129.07898,36.96018],[129.07968,36.96079],[129.08035,36.96139],[129.08105,36.96189],[129.08169,36.96223],[129.08234,36.96253],[129.08298,36.96277],[129.08354,36.96296],[129.08397,36.96308],[129.08436,36.96315],[129.08474,36.96318],[129.08523,36.96314],[129.08572,36.96301],[129.0861,36.96284],[129.08651,36.96262],[129.08692,36.96239],[129.08729,36.96222],[129.0878,36.96204],[129.08829,36.96195],[129.0888,36.96193],[129.08931,36.96199],[129.0897,36.96209],[129.09009,36.96224],[129.09045,36.96244],[129.0907,36.96265],[129.09092,36.9629],[129.09112,36.96319],[129.09131,36.9635],[129.09153,36.96402],[129.09171,36.96462],[129.09185,36.96523],[129.09195,36.96576],[129.092,36.96616],[129.09201,36.96651],[129.09199,36.96686],[129.09195,36.96734],[129.09188,36.96784],[129.09172,36.9692],[129.09167,36.96952],[129.09164,36.96981],[129.09167,36.97011],[129.09174,36.97041],[129.09187,36.97065],[129.09208,36.97095],[129.09257,36.97171],[129.09328,36.97276],[129.09399,36.9739],[129.09449,36.9749],[129.0947,36.97552],[129.09484,36.97612],[129.0949,36.97667],[129.09488,36.97715],[129.09477,36.97751],[129.09459,36.97783],[129.09434,36.97815],[129.09398,36.97849],[129.09352,36.97883],[129.09306,36.97919],[129.09268,36.9796],[129.09244,36.98011],[129.09229,36.98068],[129.09215,36.98126],[129.09193,36.9818],[129.09161,36.98226],[129.09122,36.9827],[129.09083,36.98311],[129.09051,36.98346],[129.09017,36.98381],[129.08993,36.98414],[129.08984,36.98454],[129.08983,36.98495],[129.08989,36.98534],[129.08998,36.98576],[129.09027,36.98737],[129.09037,36.98793],[129.09016,36.98846],[129.08994,36.98877],[129.08967,36.98906],[129.08938,36.9893],[129.08903,36.98955],[129.08841,36.99006],[129.08764,36.99063],[129.08693,36.99105],[129.08609,36.99149],[129.08528,36.99194],[129.08463,36.99239],[129.08432,36.99269],[129.08407,36.993],[129.08387,36.99331],[129.08371,36.99363],[129.0836,36.99393],[129.08353,36.99424],[129.08349,36.99457],[129.08346,36.99493],[129.08348,36.99581],[129.08357,36.99681],[129.0836,36.9977],[129.08359,36.99809],[129.08358,36.99844],[129.08353,36.99877],[129.08339,36.99909],[129.08309,36.99946],[129.08266,36.99981],[129.0822,37.00014],[129.08181,37.00044],[129.08151,37.00067],[129.08124,37.00088],[129.08102,37.00111],[129.08083,37.0014],[129.0807,37.00172],[129.08063,37.00203],[129.08065,37.00235],[129.08073,37.00267],[129.08085,37.00297],[129.08105,37.00335],[129.0813,37.00375],[129.08153,37.0041],[129.08181,37.00448],[129.08206,37.00489],[129.08221,37.00531],[129.08222,37.00582],[129.08213,37.00638],[129.08198,37.00691],[129.08182,37.00736],[129.08168,37.00767],[129.08152,37.00793],[129.08133,37.00818],[129.08112,37.00842],[129.08089,37.00865],[129.08064,37.00889],[129.07956,37.01],[129.07911,37.01045],[129.07868,37.01091],[129.07844,37.0112],[129.07821,37.0115],[129.07801,37.0118],[129.07785,37.01209],[129.07772,37.01249],[129.07769,37.01292],[129.07775,37.01336],[129.07789,37.01387],[129.07802,37.01439],[129.07805,37.01484],[129.07797,37.01522],[129.07782,37.01555],[129.0776,37.01585],[129.07731,37.01611],[129.07695,37.01634],[129.07652,37.01656],[129.07588,37.01678],[129.0751,37.01697],[129.07433,37.01716],[129.07372,37.0174],[129.07335,37.01764],[129.07306,37.01791],[129.07284,37.01819],[129.07266,37.01858],[129.07257,37.01899],[129.07256,37.01938],[129.07259,37.01983],[129.07263,37.02248],[129.07265,37.02294],[129.07268,37.02339],[129.07269,37.02381],[129.07265,37.02422],[129.07258,37.02454],[129.07247,37.02486],[129.07236,37.02515],[129.07226,37.02541],[129.07208,37.02598],[129.07169,37.02647],[129.07144,37.02668],[129.07113,37.02691],[129.07078,37.02712],[129.07039,37.02731],[129.06982,37.02747],[129.06917,37.02759],[129.06852,37.02769],[129.06795,37.02778],[129.0675,37.02785],[129.0671,37.02791],[129.06673,37.02802],[129.06636,37.0282],[129.06602,37.02844],[129.06574,37.02871],[129.06553,37.02903],[129.06539,37.0294],[129.0653,37.0298],[129.06527,37.03021],[129.06531,37.03066],[129.06536,37.0311],[129.0654,37.0315],[129.06545,37.03194],[129.06545,37.03235],[129.06537,37.03267],[129.06523,37.03299],[129.06506,37.03329],[129.06485,37.03355],[129.06461,37.03377],[129.06431,37.03398],[129.06399,37.03414],[129.06363,37.03429],[129.06322,37.03441],[129.06277,37.0345],[129.06198,37.0345],[129.06107,37.03441],[129.06014,37.03432],[129.05931,37.03437],[129.05867,37.03457],[129.05806,37.03484],[129.05751,37.03515],[129.05706,37.03546],[129.05678,37.03571],[129.05654,37.03596],[129.05636,37.03623],[129.05624,37.03649],[129.05616,37.03679],[129.05616,37.03709],[129.05623,37.03741],[129.05638,37.03777],[129.05661,37.03816],[129.05688,37.03852],[129.05718,37.03883],[129.0575,37.03905],[129.05784,37.03921],[129.05825,37.03936],[129.05886,37.03949],[129.05958,37.03958],[129.0603,37.03969],[129.0609,37.03986],[129.06128,37.04006],[129.06161,37.04029],[129.06189,37.04055],[129.06212,37.04082],[129.06229,37.0411],[129.06241,37.04142],[129.0625,37.04173],[129.06255,37.04202],[129.06255,37.04241],[129.06248,37.04278],[129.06234,37.04317],[129.06214,37.04354],[129.0619,37.04386],[129.06159,37.04423],[129.05936,37.04701],[129.05888,37.04759],[129.05848,37.04811],[129.0583,37.04839],[129.05812,37.04868],[129.05796,37.04898],[129.05784,37.0493],[129.05774,37.0497],[129.05768,37.05013],[129.05767,37.05058],[129.0577,37.05104],[129.05785,37.05164],[129.05808,37.05228],[129.05834,37.05291],[129.05856,37.05346],[129.05869,37.05379],[129.05883,37.05409],[129.05894,37.05438],[129.05899,37.05467],[129.05895,37.05501],[129.05886,37.05535],[129.05873,37.05568],[129.05856,37.05596],[129.05833,37.05623],[129.05806,37.05646],[129.05774,37.05664],[129.05734,37.0568],[129.05689,37.05691],[129.05645,37.05697],[129.05592,37.05695],[129.05538,37.05685],[129.05499,37.05671],[129.05457,37.05653],[129.05414,37.05635],[129.0537,37.05623],[129.05319,37.05619],[129.05266,37.0562],[129.05213,37.05625],[129.05166,37.05635],[129.05122,37.05651],[129.05083,37.05673],[129.05046,37.057],[129.05012,37.05731],[129.0498,37.05767],[129.04948,37.05804],[129.04918,37.05835],[129.0488,37.05866],[129.04841,37.05888],[129.04794,37.05896],[129.04739,37.059],[129.04682,37.05905],[129.04615,37.0591],[129.04547,37.05918],[129.04489,37.0593],[129.0444,37.05948],[129.04398,37.05971],[129.04363,37.05995],[129.04331,37.06029],[129.04309,37.06063],[129.04295,37.06109],[129.04297,37.0614],[129.04303,37.06176],[129.04315,37.06211],[129.0433,37.06238],[129.04351,37.06263],[129.04373,37.06291],[129.04399,37.06329],[129.04427,37.06371],[129.04458,37.06414],[129.04491,37.06452],[129.04522,37.0648],[129.04554,37.06505],[129.04589,37.06529],[129.04628,37.06554],[129.04683,37.06586],[129.04745,37.06618],[129.0481,37.06653],[129.04876,37.06697],[129.04985,37.06792],[129.05104,37.0691],[129.05213,37.07024],[129.05291,37.07105],[129.05324,37.07136],[129.05348,37.07161],[129.05371,37.07192],[129.05388,37.07226],[129.05397,37.07266],[129.05396,37.07308],[129.0539,37.07341],[129.05376,37.07375],[129.05354,37.0741],[129.05307,37.0745],[129.05242,37.07491],[129.05176,37.07532],[129.05126,37.07571],[129.05097,37.07601],[129.05076,37.07631],[129.05061,37.07663],[129.05054,37.07692],[129.05051,37.07723],[129.0505,37.07754],[129.05051,37.07787],[129.05056,37.07826],[129.05063,37.07867],[129.05071,37.07907],[129.05072,37.07941],[129.05067,37.07977],[129.05052,37.08008],[129.05027,37.0803],[129.04994,37.08051],[129.04955,37.08072],[129.04905,37.08095],[129.04846,37.08119],[129.04788,37.08144],[129.04742,37.0817],[129.04711,37.08195],[129.04689,37.08222],[129.04671,37.0825],[129.04659,37.08279],[129.04653,37.08311],[129.04645,37.08345],[129.04632,37.08404],[129.04617,37.0847],[129.04594,37.08537],[129.04556,37.0861],[129.04508,37.08683],[129.04466,37.08748],[129.04441,37.08785],[129.04418,37.08818],[129.04403,37.08852],[129.04396,37.08891],[129.04396,37.08931],[129.04402,37.08967],[129.04415,37.09],[129.04435,37.09029],[129.04459,37.09053],[129.04489,37.0908],[129.04697,37.09277],[129.04744,37.09322],[129.04784,37.09371],[129.04797,37.09399],[129.04806,37.09431],[129.04811,37.09463],[129.04807,37.09505],[129.04793,37.09551],[129.04768,37.09595],[129.04733,37.09645],[129.04699,37.09698],[129.04677,37.0975],[129.04674,37.098],[129.0468,37.09852],[129.04688,37.09901],[129.04691,37.09944],[129.04685,37.09986],[129.04672,37.10022],[129.04645,37.10052],[129.04614,37.1008],[129.04557,37.10139],[129.04527,37.10167],[129.045,37.10197],[129.04478,37.10231],[129.04464,37.10267],[129.0446,37.10302],[129.04461,37.10342],[129.04461,37.10381],[129.04463,37.10425],[129.04462,37.10469],[129.04454,37.10508],[129.04439,37.10542],[129.04417,37.10572],[129.04393,37.10597],[129.04358,37.10622],[129.04317,37.10641],[129.0428,37.10652],[129.04239,37.1066],[129.04194,37.10667],[129.04142,37.10669],[129.04084,37.10668],[129.04025,37.10669],[129.03967,37.10676],[129.03906,37.10694],[129.03845,37.1072],[129.03787,37.10749],[129.0374672,37.1077063]],[[129.0431457,37.1170217],[129.04328,37.11699],[129.0438,37.11692],[129.04435,37.11697],[129.04487,37.11713],[129.0452,37.11733],[129.0455,37.11758],[129.04572,37.11785],[129.04588,37.11818],[129.04594,37.11855],[129.04597,37.11888],[129.04596,37.11927],[129.04592,37.11965],[129.04583,37.11999],[129.04558,37.1204],[129.04524,37.12074],[129.0449,37.12102],[129.04451,37.12129],[129.04416,37.12153],[129.04375,37.12179],[129.04336,37.12207],[129.04306,37.12238],[129.04286,37.12269],[129.04272,37.12302],[129.04264,37.12336],[129.04263,37.12369],[129.04271,37.12403],[129.04286,37.12437],[129.04307,37.1247],[129.04331,37.12501],[129.04365,37.12534],[129.04406,37.12566],[129.04448,37.12596],[129.04483,37.12622],[129.04517,37.12646],[129.04544,37.1267],[129.04561,37.12701],[129.0457,37.12735],[129.04572,37.12768],[129.0457,37.12804],[129.04562,37.12837],[129.04544,37.12877],[129.04517,37.12912],[129.04483,37.12939],[129.04442,37.12962],[129.04402,37.12977],[129.04354,37.12992],[129.04227,37.13034],[129.04094,37.13082],[129.04022,37.13116],[129.03957,37.13151],[129.03898,37.1319],[129.03834,37.13235],[129.0367,37.13344],[129.03509,37.13458],[129.0347767,37.1348591]],[[129.0340907,37.1487363],[129.03412,37.14943],[129.03416,37.15017],[129.03416,37.15023],[129.03417,37.15029],[129.03419,37.15035],[129.03419,37.15039],[129.03419,37.1504],[129.03419,37.15041],[129.03418,37.15041],[129.03418,37.15042],[129.03417,37.15042],[129.03416,37.15043],[129.03415,37.15043],[129.03415,37.15042],[129.03414,37.15042],[129.03413,37.15041],[129.03412,37.15041],[129.03412,37.1504],[129.03412,37.15039],[129.03412,37.15035],[129.03414,37.15029],[129.03415,37.15023],[129.03415,37.15017],[129.03416,37.14959],[129.03415,37.14863],[129.03408,37.14778],[129.034,37.1474],[129.03389,37.14708],[129.03372,37.14677],[129.03354,37.14652],[129.03331,37.14628],[129.03304,37.14605],[129.03273,37.14584],[129.03224,37.14561],[129.03167,37.14542],[129.03107,37.14524],[129.03048,37.14506]]]}},{"type":"Feature","properties":{"c":"main","n":"영동선","g":"kr","jk":"main","nz":"岭东线","ne":"Yeongdong Line","off":-0.5},"geometry":{"type":"MultiLineString","coordinates":[[[128.7223096,36.8919678],[128.729233,36.890935]],[[128.8266876,36.891858],[128.82669,36.89186],[128.82893,36.89354],[128.82942,36.89392],[128.82987,36.89428],[128.83035,36.89461],[128.83088,36.8949],[128.83144,36.89516],[128.8316235,36.8952303]],[[128.9200496,36.9393355],[128.92006,36.93928],[128.92012,36.93887],[128.92017,36.93835],[128.9207584,36.9333779]]]}},{"type":"Feature","properties":{"c":"main","n":"영동선","g":"kr","jk":"main","nz":"岭东线","ne":"Yeongdong Line","off":-0.375},"geometry":{"type":"MultiLineString","coordinates":[[[128.7209908,36.8921645],[128.7223096,36.8919678]],[[128.729233,36.890935],[128.73054,36.89074],[128.7305518,36.8907381]],[[128.8255889,36.891113],[128.82591,36.89127],[128.82629,36.89153],[128.8266876,36.891858]],[[128.8316235,36.8952303],[128.83204,36.89539],[128.83253,36.89556],[128.8328823,36.8956684]],[[128.9195522,36.9405535],[128.9196,36.9405],[128.91979,36.9402],[128.91992,36.9399],[128.92,36.9396],[128.9200496,36.9393355]],[[128.9207584,36.9333779],[128.92088,36.93235],[128.920907,36.932053]]]}},{"type":"Feature","properties":{"c":"main","n":"영동선","g":"kr","jk":"main","nz":"岭东线","ne":"Yeongdong Line","off":-0.25},"geometry":{"type":"MultiLineString","coordinates":[[[128.7196721,36.8923612],[128.7209908,36.8921645]],[[128.7305518,36.8907381],[128.73111,36.89065],[128.73152,36.89057],[128.7318689,36.8905368]],[[128.8243115,36.8907429],[128.82459,36.8908],[128.82495,36.89089],[128.82546,36.89105],[128.8255889,36.891113]],[[128.8328823,36.8956684],[128.83305,36.89572],[128.83359,36.89585],[128.83412,36.89595],[128.834183,36.8959548]],[[128.9185398,36.9414122],[128.91856,36.9414],[128.91903,36.94107],[128.91935,36.94078],[128.9195522,36.9405535]],[[128.920907,36.932053],[128.92095,36.93158],[128.92101,36.93092],[128.9210461,36.9307277]]]}},{"type":"Feature","properties":{"c":"main","n":"영동선","g":"kr","jk":"main","nz":"岭东线","ne":"Yeongdong Line","off":-0.125},"geometry":{"type":"MultiLineString","coordinates":[[[128.7183541,36.8925627],[128.71901,36.89246],[128.7196721,36.8923612]],[[128.7318689,36.8905368],[128.73194,36.89053],[128.73242,36.89052],[128.7329,36.89053],[128.7331999,36.8905626]],[[128.8229874,36.8907203],[128.8233,36.89067],[128.82377,36.89067],[128.8242,36.89072],[128.8243115,36.8907429]],[[128.834183,36.8959548],[128.83464,36.89599],[128.83516,36.896],[128.8355146,36.8959869]],[[128.9173762,36.9420616],[128.91798,36.94175],[128.9185398,36.9414122]],[[128.9210461,36.9307277],[128.92113,36.93028],[128.92132,36.9296],[128.9213809,36.9294393]]]}},{"type":"Feature","properties":{"c":"main","n":"영동선","g":"kr","jk":"main","nz":"岭东线","ne":"Yeongdong Line","off":0.125},"geometry":{"type":"MultiLineString","coordinates":[[[128.9493316,36.9166878],[128.94985,36.91659],[128.9506496,36.9164901]],[[128.9624676,36.9159015],[128.9637994,36.9158366]],[[129.0089859,36.931974],[129.00912,36.93226],[129.00936,36.93268],[129.009654,36.9331255]],[[129.0133821,36.9433234],[129.01331,36.94366],[129.01324,36.94399],[129.01317,36.94428],[129.01317,36.94456],[129.0131895,36.9446308]],[[129.0374672,37.1077063],[129.03733,37.10778],[129.03689,37.10802],[129.03647,37.10828],[129.0363208,37.1083849]],[[129.0418412,37.1172967],[129.04273,37.11712],[129.0431457,37.1170217]],[[129.0347767,37.1348591],[129.03445,37.13515],[129.03395,37.13564],[129.0338023,37.1357686]],[[129.0340562,37.1474036],[129.03406,37.14801],[129.0340907,37.1487363]]]}},{"type":"Feature","properties":{"c":"main","n":"영동선","g":"kr","jk":"main","nz":"岭东线","ne":"Yeongdong Line","off":0.25},"geometry":{"type":"MultiLineString","coordinates":[[[128.9506496,36.9164901],[128.95081,36.91647],[128.95172,36.91641],[128.9519795,36.9164009]],[[128.9611359,36.9159664],[128.9624676,36.9159015]],[[129.009654,36.9331255],[129.00969,36.93318],[129.0103516,36.9342617]],[[129.0136316,36.9420142],[129.01362,36.94213],[129.01346,36.94296],[129.0133821,36.9433234]],[[129.0363208,37.1083849],[129.0361,37.10854],[129.0358,37.10878],[129.03554,37.10905],[129.0353711,37.1093034]],[[129.0405367,37.1175718],[129.04068,37.11754],[129.04107,37.11745],[129.0418412,37.1172967]],[[129.0338023,37.1357686],[129.03364,37.13591],[129.03339,37.13618],[129.03324,37.13653],[129.0331731,37.1368932]],[[129.0340833,37.1460719],[129.03405,37.14641],[129.0340562,37.1474036]]]}},{"type":"Feature","properties":{"c":"main","n":"영동선","g":"kr","jk":"main","nz":"岭东线","ne":"Yeongdong Line","off":0.375},"geometry":{"type":"MultiLineString","coordinates":[[[128.9519795,36.9164009],[128.95286,36.91637],[128.9533118,36.916348]],[[128.9598041,36.9160314],[128.9611359,36.9159664]],[[129.0103516,36.9342617],[129.0110473,36.9353992]],[[129.0137011,36.9406847],[129.01371,36.94083],[129.0137,36.94133],[129.0136316,36.9420142]],[[129.0353711,37.1093034],[129.03536,37.10932],[129.03521,37.10988],[129.03525,37.11043],[129.0353302,37.1105936]],[[129.0392158,37.1176021],[129.03958,37.11765],[129.03996,37.11767],[129.04032,37.11762],[129.0405367,37.1175718]],[[129.0331731,37.1368932],[129.03317,37.13691],[129.03318,37.13729],[129.03328,37.13767],[129.03349,37.13799],[129.0335898,37.1381156]],[[129.0342765,37.144757],[129.03418,37.14509],[129.0340833,37.1460719]]]}},{"type":"Feature","properties":{"c":"main","n":"영동선","g":"kr","jk":"main","nz":"岭东线","ne":"Yeongdong Line","off":0.5},"geometry":{"type":"MultiLineString","coordinates":[[[128.9533118,36.916348],[128.9598041,36.9160314]],[[129.0110473,36.9353992],[129.01243,36.93766],[129.01275,36.93814],[129.01304,36.93856],[129.0133,36.93897],[129.01349,36.9394],[129.01362,36.93986],[129.01368,36.94034],[129.0137011,36.9406847]],[[129.0353302,37.1105936],[129.0355,37.11094],[129.03586,37.11164],[129.03624,37.11246],[129.03654,37.11333],[129.0368,37.11423],[129.03689,37.11471],[129.03694,37.11522],[129.03702,37.1157],[129.03716,37.11613],[129.03734,37.11643],[129.03756,37.11671],[129.0378,37.11695],[129.03804,37.11715],[129.03842,37.11737],[129.03884,37.11751],[129.0392,37.1176],[129.0392158,37.1176021]],[[129.0335898,37.1381156],[129.03376,37.13833],[129.03456,37.13945],[129.03479,37.13975],[129.03501,37.14004],[129.0352,37.14034],[129.03536,37.14067],[129.03549,37.14101],[129.03557,37.14134],[129.03555,37.14171],[129.03546,37.14206],[129.03534,37.14238],[129.03517,37.14274],[129.03495,37.14321],[129.03466,37.14377],[129.03438,37.1444],[129.0342765,37.144757]]]}},{"type":"Feature","properties":{"c":"main","n":"영동선","g":"kr","jk":"main","nz":"岭东线","ne":"Yeongdong Line"},"geometry":{"type":"MultiLineString","coordinates":[[[129.1250178,37.5002807],[129.1253774,37.5007188]],[[129.1124139,37.5370983],[129.11225,37.5372],[129.11186,37.53749],[129.11152,37.53777],[129.11121,37.53805],[129.11096,37.53837],[129.11078,37.53869],[129.11068,37.53902],[129.11058,37.5394],[129.11044,37.53986],[129.10773,37.54769],[129.10743,37.54862],[129.10714,37.54939],[129.10674,37.55019],[129.10624,37.55101],[129.10565,37.5518],[129.10498,37.55263],[129.10443,37.55341],[129.10423,37.5538],[129.10406,37.55417],[129.10393,37.55452],[129.10385,37.55485],[129.10382,37.55527],[129.10387,37.55566],[129.10397,37.55605],[129.10413,37.55647],[129.10432,37.55692],[129.10454,37.5574],[129.10479,37.55786],[129.10501,37.55819],[129.10524,37.5585],[129.10555,37.55883],[129.10626,37.55945],[129.10717,37.56012],[129.10816,37.5608],[129.11027,37.56211],[129.11229,37.56329],[129.11279,37.56357],[129.11324,37.56381],[129.11364,37.56405],[129.11401,37.56433],[129.11434,37.56466],[129.11462,37.56501],[129.11488,37.56539],[129.11512,37.5658],[129.11538,37.56629],[129.11562,37.56681],[129.11583,37.56737],[129.11597,37.56796],[129.11604,37.56873],[129.11601,37.56957],[129.11595,37.57043],[129.11595,37.57127],[129.11611,37.57246],[129.11632,37.57366],[129.11642,37.57468],[129.11641,37.57506],[129.11637,37.5754],[129.1163,37.57572],[129.11621,37.57604],[129.11609,37.57636],[129.11596,37.57667],[129.11578,37.57697],[129.11557,37.57728],[129.11523,37.57764],[129.11483,37.57801],[129.11438,37.57836],[129.11392,37.57868],[129.11332,37.57903],[129.11268,37.57933],[129.11188,37.57971],[129.10365,37.58384],[129.08841,37.59266],[129.084,37.59556],[129.07974,37.59866],[129.07221,37.60516],[129.06608,37.61074],[129.06544,37.61129],[129.06497,37.61168],[129.06454,37.6121],[129.06412,37.61259],[129.06373,37.61311],[129.06335,37.61367],[129.063,37.61429],[129.06266,37.61497],[129.0623,37.61563],[129.0619,37.61619],[129.06156,37.61653],[129.0612,37.61682],[129.06082,37.61707],[129.06043,37.61729],[129.06006,37.61744],[129.05967,37.61756],[129.05928,37.61765],[129.05891,37.61772],[129.05841,37.61777],[129.05792,37.61777],[129.0575,37.61771],[129.05695,37.61761],[129.04814,37.61617],[129.04748,37.61604],[129.04692,37.61593],[129.04642,37.61584],[129.04588,37.6158],[129.04531,37.61581],[129.04472,37.61587],[129.04414,37.61596],[129.04361,37.61609],[129.04313,37.61624],[129.04269,37.61643],[129.04226,37.61664],[129.04187,37.61687],[129.04153,37.61711],[129.0412,37.61737],[129.04091,37.61764],[129.04067,37.61789],[129.04041,37.61823],[129.04021,37.61856],[129.04005,37.61888],[129.03987,37.61926],[129.0384,37.6224],[129.03817,37.62292],[129.03796,37.62339],[129.03772,37.62383],[129.03742,37.6243],[129.03707,37.62475],[129.03672,37.62514],[129.03636,37.62547],[129.03594,37.62576],[129.03546,37.62605],[129.0349,37.62635],[129.03432,37.62661],[129.03375,37.62681],[129.03314,37.62697],[129.03253,37.62714],[129.03049,37.62774],[129.02995,37.62789],[129.02944,37.62804],[129.02894,37.6282],[129.02857,37.62835],[129.02821,37.6285],[129.02786,37.62868],[129.02753,37.62888],[129.02722,37.62912],[129.02693,37.6294],[129.02666,37.6297],[129.0264,37.62999],[129.02593,37.63053],[129.0254,37.63118],[129.02206,37.63515],[129.02104,37.63632],[129.02013,37.63744],[129.01955,37.63824],[129.01901,37.63906],[129.01855,37.6399],[129.01819,37.64074],[129.0179,37.64161],[129.01768,37.64247],[129.01748,37.64369],[129.0174,37.64489],[129.0174,37.64591],[129.01748,37.64699],[129.01777,37.64887],[129.01819,37.65079],[129.01839,37.65144],[129.01862,37.65205],[129.01884,37.65264],[129.01898,37.65326],[129.019,37.65398],[129.01893,37.65473],[129.01886,37.65547],[129.01888,37.65618],[129.01903,37.65683],[129.01924,37.65747],[129.01947,37.65806],[129.01964,37.65855],[129.01978,37.65892],[129.01987,37.65925],[129.01991,37.6596],[129.0199,37.65998],[129.01985,37.66031],[129.01977,37.66069],[129.01965,37.66108],[129.01951,37.66145],[129.01931,37.66181],[129.01908,37.66217],[129.01883,37.6625],[129.01862,37.6628],[129.01838,37.66315],[129.01818,37.66348],[129.01801,37.66385],[129.01788,37.66423],[129.01781,37.66463],[129.01778,37.66502],[129.01781,37.6654],[129.01787,37.66582],[129.01793,37.6662],[129.01801,37.66663],[129.01807,37.6671],[129.01807,37.66761],[129.01788,37.6685],[129.01755,37.66951],[129.01719,37.67052],[129.01696,37.67139],[129.01688,37.67186],[129.01683,37.67227],[129.01682,37.67266],[129.01687,37.67304],[129.01698,37.67336],[129.01715,37.67368],[129.01734,37.67397],[129.01753,37.67423],[129.01782,37.67456],[129.01816,37.67484],[129.01848,37.67506],[129.01884,37.67528],[129.01924,37.67548],[129.01982,37.6757],[129.02046,37.6759],[129.02104,37.67608],[129.02151,37.67622],[129.02194,37.67638],[129.02236,37.67665],[129.02274,37.67696],[129.02303,37.67729],[129.02334,37.67768],[129.02525,37.67998],[129.02559,37.68039],[129.02589,37.68075],[129.02613,37.68099],[129.02638,37.68122],[129.02668,37.68143],[129.027,37.68159],[129.02737,37.68174],[129.02776,37.68188],[129.02815,37.68198],[129.02854,37.68206],[129.02894,37.68211],[129.02935,37.68215],[129.02976,37.6822],[129.0316,37.68244],[129.03204,37.68248],[129.03247,37.68252],[129.0329,37.68257],[129.03332,37.68267],[129.03379,37.68284],[129.03425,37.68306],[129.03469,37.68331],[129.03506,37.68358],[129.03532,37.68382],[129.03554,37.68407],[129.03573,37.68434],[129.03589,37.68462],[129.03603,37.68493],[129.03614,37.68526],[129.03622,37.68559],[129.03627,37.68594],[129.03627,37.68631],[129.03623,37.6867],[129.03617,37.68707],[129.03612,37.68741],[129.03609,37.68779],[129.03605,37.68814],[129.03596,37.68852],[129.03581,37.6889],[129.03566,37.68918],[129.03547,37.68947],[129.03525,37.68973],[129.03501,37.68994],[129.03474,37.69013],[129.03438,37.69038],[129.02703,37.69589],[129.02515,37.69725],[129.02349,37.69854],[129.02245,37.69955],[129.02145,37.70061],[129.02043,37.70154],[129.01947,37.70216],[129.0185,37.70269],[129.01768,37.70313],[129.01732,37.70334],[129.01701,37.70351],[129.01671,37.7037],[129.01642,37.70392],[129.01614,37.70415],[129.01588,37.70439],[129.01568,37.70464],[129.0155,37.7049],[129.01527,37.70522],[129.01423,37.70669],[129.0129,37.70845],[129.01131,37.71027],[129.00946,37.71227],[129.00247,37.72003],[129.00199,37.72058],[129.00161,37.72099],[129.00116,37.7214],[129.00043,37.72191],[128.9996,37.72241],[128.99874,37.72298],[128.99789,37.72362],[128.99699,37.72433],[128.99612,37.72508],[128.99537,37.72584],[128.99486,37.72655],[128.99445,37.72728],[128.99407,37.72801],[128.99363,37.72872],[128.99258,37.73003],[128.99156,37.73129],[128.99121,37.73186],[128.99091,37.73243],[128.99061,37.73297],[128.99026,37.73344],[128.98993,37.73377],[128.98958,37.73407],[128.9892,37.73433],[128.9888,37.73456],[128.9884,37.73474],[128.98799,37.73487],[128.98752,37.735],[128.98692,37.73519],[128.97304,37.73978],[128.97255,37.73996],[128.9722,37.74009],[128.97183,37.74018],[128.97141,37.74022],[128.97097,37.74023],[128.97053,37.7402],[128.97016,37.74015],[128.96978,37.74008],[128.96941,37.73999],[128.96905,37.73987],[128.96872,37.73973],[128.96841,37.73957],[128.9681,37.73939],[128.96778,37.73921],[128.9661,37.73833],[128.96573,37.73813],[128.96537,37.73792],[128.96501,37.73773],[128.96463,37.73756],[128.96423,37.73743],[128.96381,37.73731],[128.96338,37.73722],[128.96295,37.73716],[128.96255,37.73714],[128.96217,37.73716],[128.96173,37.73719],[128.96119,37.73723],[128.95034,37.73765],[128.94625,37.73781],[128.94219,37.73824],[128.93819,37.73894],[128.9289,37.74056],[128.92735,37.7408],[128.92597,37.74101],[128.92463,37.7413],[128.92328,37.74172],[128.92196,37.74222],[128.92064,37.74271]]]}},{"type":"Feature","properties":{"c":"main","n":"영동선","g":"kr","jk":"main","nz":"岭东线","ne":"Yeongdong Line","off":-0.5},"geometry":{"type":"LineString","coordinates":[[129.11953,37.49383],[129.11994,37.4942],[129.12034,37.49459],[129.12065,37.49495],[129.12102,37.49541],[129.123939,37.4989663]]}},{"type":"Feature","properties":{"c":"main","n":"영동선","g":"kr","jk":"main","nz":"岭东线","ne":"Yeongdong Line","off":-0.375},"geometry":{"type":"LineString","coordinates":[[129.123939,37.4989663],[129.1242986,37.4994045]]}},{"type":"Feature","properties":{"c":"main","n":"영동선","g":"kr","jk":"main","nz":"岭东线","ne":"Yeongdong Line","off":-0.25},"geometry":{"type":"LineString","coordinates":[[129.1242986,37.4994045],[129.1246582,37.4998426]]}},{"type":"Feature","properties":{"c":"main","n":"영동선","g":"kr","jk":"main","nz":"岭东线","ne":"Yeongdong Line","off":-0.125},"geometry":{"type":"LineString","coordinates":[[129.1246582,37.4998426],[129.1250178,37.5002807]]}},{"type":"Feature","properties":{"c":"main","n":"영동선","g":"kr","jk":"main","nz":"岭东线","ne":"Yeongdong Line","off":0.125},"geometry":{"type":"MultiLineString","coordinates":[[[129.1253774,37.5007188],[129.1256,37.50099],[129.1257359,37.5011578]],[[129.1135766,37.5364472],[129.1135,37.53649],[129.11283,37.53684],[129.1124139,37.5370983]]]}},{"type":"Feature","properties":{"c":"main","n":"영동선","g":"kr","jk":"main","nz":"岭东线","ne":"Yeongdong Line","off":0.25},"geometry":{"type":"MultiLineString","coordinates":[[[129.1257359,37.5011578],[129.12594,37.50141],[129.1260963,37.5015952]],[[129.1146978,37.5357303],[129.11418,37.53611],[129.1135766,37.5364472]]]}},{"type":"Feature","properties":{"c":"main","n":"영동선","g":"kr","jk":"main","nz":"岭东线","ne":"Yeongdong Line","off":0.375},"geometry":{"type":"MultiLineString","coordinates":[[[129.1260963,37.5015952],[129.12621,37.50173],[129.1264308,37.502052]],[[129.1155433,37.5347072],[129.11529,37.53509],[129.11478,37.53567],[129.1146978,37.5357303]]]}},{"type":"Feature","properties":{"c":"main","n":"영동선","g":"kr","jk":"main","nz":"岭东线","ne":"Yeongdong Line","off":0.5},"geometry":{"type":"LineString","coordinates":[[129.1264308,37.502052],[129.12645,37.50208],[129.12666,37.50244],[129.12687,37.50281],[129.12705,37.5032],[129.12719,37.5036],[129.12728,37.50401],[129.12734,37.50443],[129.12736,37.50487],[129.12732,37.50535],[129.12709,37.50619],[129.1267,37.50714],[129.12631,37.50809],[129.12606,37.50895],[129.12602,37.50951],[129.12604,37.51004],[129.12608,37.51053],[129.12608,37.51099],[129.12598,37.51162],[129.12583,37.51221],[129.12567,37.51273],[129.12548,37.51329],[129.1253,37.51393],[129.1251,37.51465],[129.12477,37.51547],[129.1237,37.51728],[129.1223,37.51937],[129.12118,37.521],[129.12088,37.52146],[129.12063,37.52182],[129.12041,37.52219],[129.12022,37.5226],[129.12006,37.52302],[129.11992,37.52347],[129.11979,37.52404],[129.11968,37.52466],[129.11963,37.52533],[129.11966,37.52627],[129.11978,37.52729],[129.11987,37.52813],[129.11993,37.5286],[129.11995,37.52902],[129.11994,37.52947],[129.11987,37.5299],[129.11973,37.53025],[129.11957,37.53057],[129.11924,37.53107],[129.11873,37.53147],[129.11812,37.53193],[129.11734,37.53252],[129.11661,37.53317],[129.11614,37.53377],[129.11572,37.53444],[129.1155433,37.5347072]]}},{"type":"Feature","properties":{"c":"main","n":"영동선","g":"kr","jk":"main","nz":"岭东线","ne":"Yeongdong Line"},"geometry":{"type":"MultiLineString","coordinates":[[[129.03416,37.15043],[129.03431,37.15424],[129.03434,37.15748],[129.03418,37.15854],[129.034,37.15937],[129.03393,37.15985],[129.03384,37.16031],[129.03374,37.16067],[129.03361,37.16103],[129.03342,37.16138],[129.03316,37.16166],[129.03285,37.16192],[129.0325,37.16222],[129.03164,37.16302],[129.03062,37.16392],[129.02889,37.16526],[129.02714,37.16649],[129.02654,37.16687],[129.02599,37.16718],[129.02535,37.16748],[129.0242,37.16792],[129.0229,37.16834],[129.02168,37.16871],[129.02055,37.16904],[129.01935,37.16935],[129.01773,37.1697],[129.01587,37.17006],[129.01408,37.1703],[129.01265,37.17037],[129.01127,37.17036],[129.00998,37.17028],[129.00899,37.17014],[129.00806,37.16994],[129.00712,37.16971],[129.00543,37.1692],[129.00374,37.16862],[129.00264,37.16822],[129.00155,37.1678],[129.00056,37.16734],[128.99979,37.16689],[128.99909,37.16641],[128.99846,37.16589],[128.99803,37.16549],[128.99765,37.16509],[128.9973,37.16466],[128.99698,37.16418],[128.99664,37.16352],[128.99635,37.16281],[128.99611,37.16204],[128.99592,37.16122],[128.99573,37.15967],[128.99567,37.15797],[128.99565,37.15633],[128.99565,37.15429],[128.99576,37.15238],[128.99585,37.15164],[128.99595,37.15093],[128.9961,37.15026],[128.99632,37.14961],[128.99658,37.14906],[128.99689,37.14853],[128.99724,37.14804],[128.99765,37.14756],[128.9981,37.14711],[128.9986,37.14668],[128.99915,37.14628],[128.99975,37.1459],[129.00049,37.14551],[129.00129,37.14514],[129.00214,37.14482],[129.00301,37.14455],[129.00393,37.14435],[129.00488,37.1442],[129.00584,37.1441],[129.00681,37.144],[129.00875,37.14385],[129.01071,37.1438],[129.01292,37.14388],[129.01494,37.14401],[129.01597,37.14404],[129.01689,37.14411],[129.01751,37.14418],[129.01812,37.14429],[129.0188,37.14445],[129.02014,37.14486],[129.02164,37.1454],[129.02294,37.14594],[129.02347,37.14617],[129.02393,37.1464],[129.02435,37.14664],[129.02477,37.14691],[129.0252,37.14725],[129.02561,37.14762],[129.02601,37.14801],[129.0264,37.14843],[129.02727,37.14948],[129.02807,37.15062],[129.0287,37.15172],[129.02935,37.15296],[129.03226,37.15825],[129.03265,37.15893],[129.033,37.15951],[129.03327,37.1601],[129.03343,37.16075],[129.03353,37.16142],[129.03365,37.16208],[129.03423,37.16404],[129.03596,37.1698],[129.03642,37.17127],[129.03681,37.17263],[129.03707,37.17399],[129.03727,37.17552],[129.03773,37.18269],[129.04025,37.20598],[129.04041,37.20721],[129.04049,37.20816],[129.04051,37.20923],[129.04044,37.21035],[129.04018,37.2118],[129.03993,37.21323],[129.03987,37.21373],[129.03984,37.21421],[129.03983,37.21467],[129.03988,37.21515],[129.04004,37.2157],[129.04026,37.21628],[129.04051,37.21683],[129.04072,37.21732],[129.04095,37.21788],[129.04114,37.2184],[129.04129,37.21897],[129.0414,37.21959],[129.04142,37.22011],[129.0414,37.22069],[129.04141,37.22129],[129.04151,37.22186],[129.04177,37.2224],[129.04214,37.22292],[129.04251,37.22345],[129.04278,37.22402],[129.04289,37.22473],[129.04286,37.22549],[129.04285,37.22628],[129.04298,37.22711],[129.04354,37.22839],[129.04436,37.22982],[129.0452,37.23115],[129.0458,37.23212],[129.04609,37.23257],[129.04627,37.23295],[129.04634,37.23338],[129.04631,37.23384],[129.04621,37.23416],[129.04605,37.2345],[129.04588,37.23483],[129.04575,37.23514],[129.04564,37.23556],[129.0456,37.23596],[129.04566,37.23635],[129.04578,37.23678],[129.04625,37.23907],[129.04632,37.23946],[129.04637,37.23981],[129.04647,37.24014],[129.04663,37.24047],[129.04683,37.24078],[129.04709,37.24111],[129.04765,37.24165],[129.04832,37.24222],[129.04888,37.24273],[129.0492,37.24312],[129.04945,37.24349],[129.04964,37.24388],[129.04982,37.24432],[129.05001,37.24469],[129.05023,37.24512],[129.05043,37.24555],[129.05057,37.24597],[129.05063,37.24628],[129.05066,37.24659],[129.05065,37.24689],[129.05058,37.2472],[129.05038,37.24763],[129.05008,37.24808],[129.04976,37.24852],[129.04952,37.24892],[129.04938,37.24928],[129.04928,37.24962],[129.0492,37.24991],[129.04907,37.25031],[129.04912,37.25072],[129.04934,37.25103],[129.04954,37.25133],[129.04978,37.25164],[129.05008,37.25188],[129.05041,37.25209],[129.05074,37.25223],[129.05116,37.25238],[129.0519,37.25265],[129.05286,37.25299],[129.05385,37.25337],[129.05465,37.25376],[129.05508,37.25405],[129.05544,37.25434],[129.05575,37.25465],[129.05603,37.25498],[129.05625,37.2553],[129.05644,37.25563],[129.05661,37.25598],[129.05682,37.25637],[129.05839,37.25917],[129.05911,37.26061],[129.05984,37.2622],[129.06046,37.26385],[129.06098,37.26591],[129.06137,37.26804],[129.06163,37.26952],[129.06175,37.2701],[129.06207,37.27062],[129.06258,37.27105],[129.06404,37.27229],[129.06434,37.27253],[129.0646,37.27275],[129.06485,37.27298],[129.06509,37.27324],[129.0653,37.27351],[129.06546,37.27379],[129.06555,37.27419],[129.06554,37.27459],[129.06544,37.27503],[129.06523,37.27544],[129.06502,37.2757],[129.06476,37.27593],[129.06447,37.27616],[129.06416,37.27634],[129.06381,37.2765],[129.06347,37.27667],[129.06317,37.27686],[129.06289,37.27712],[129.06267,37.2774],[129.0625,37.27769],[129.06238,37.27807],[129.06235,37.27845],[129.0624,37.27881],[129.0625,37.27921],[129.0628,37.28085],[129.06288,37.2813],[129.06296,37.28171],[129.06308,37.28214],[129.06325,37.28254],[129.06352,37.28289],[129.06387,37.28325],[129.06419,37.28364],[129.06454,37.2841],[129.06493,37.28455],[129.06535,37.28494],[129.06577,37.28521],[129.06624,37.28543],[129.06669,37.28563],[129.06709,37.28581],[129.06749,37.286],[129.06784,37.28619],[129.06816,37.28643],[129.06843,37.28671],[129.06867,37.28706],[129.06882,37.28746],[129.06886,37.28776],[129.06886,37.2881],[129.0688,37.28844],[129.06868,37.28878],[129.06841,37.28919],[129.06801,37.28959],[129.06761,37.28999],[129.06731,37.29035],[129.0671,37.29075],[129.06699,37.29114],[129.06698,37.29149],[129.06701,37.29187],[129.067,37.29233],[129.067,37.29284],[129.06704,37.29333],[129.0671,37.29373],[129.0672,37.2941],[129.06733,37.29443],[129.06752,37.29473],[129.06778,37.29498],[129.0682,37.29526],[129.0687,37.29551],[129.06921,37.29569],[129.06974,37.29586],[129.07086,37.29623],[129.07123,37.29634],[129.0716,37.29644],[129.07194,37.29659],[129.07226,37.29685],[129.07255,37.29716],[129.07281,37.29747],[129.07308,37.29786],[129.07328,37.29824],[129.07337,37.29856],[129.07339,37.29887],[129.07335,37.29924],[129.07325,37.29961],[129.07304,37.29993],[129.07278,37.30026],[129.07212,37.30117],[129.07186,37.30151],[129.07163,37.30184],[129.07144,37.30221],[129.07131,37.30258],[129.07125,37.30296],[129.07127,37.30333],[129.07139,37.30363],[129.0716,37.30402],[129.07473,37.31061],[129.07496,37.31105],[129.07513,37.31139],[129.07527,37.31173],[129.07538,37.3121],[129.07545,37.31249],[129.07549,37.31292],[129.07545,37.31352],[129.07533,37.3142],[129.07523,37.31491],[129.07522,37.31561],[129.07533,37.31635],[129.07552,37.31711],[129.07577,37.31784],[129.07605,37.31845],[129.07626,37.31879],[129.07649,37.31909],[129.07674,37.31935],[129.077,37.31959],[129.07732,37.31984],[129.07766,37.32006],[129.07808,37.32029],[129.07949,37.32093],[129.08101,37.32162],[129.08217,37.32234],[129.08312,37.32298],[129.08345,37.32318],[129.08372,37.32337],[129.08395,37.32361],[129.08414,37.3239],[129.08428,37.32421],[129.08439,37.32458],[129.08447,37.32495],[129.08451,37.32529],[129.08451,37.32563],[129.08452,37.32603],[129.0846,37.32732],[129.08464,37.32871],[129.08464,37.32924],[129.08463,37.32973],[129.08459,37.33024],[129.08447,37.33081],[129.08409,37.33186],[129.08352,37.33307],[129.08292,37.33429],[129.08245,37.33538],[129.08218,37.33609],[129.08194,37.33676],[129.08178,37.33738],[129.08174,37.33793],[129.0818,37.33829],[129.08192,37.33862],[129.08208,37.33891],[129.08228,37.33917],[129.08265,37.3395],[129.08313,37.33974],[129.08349,37.33986],[129.0839,37.33995],[129.08433,37.34001],[129.08476,37.34004],[129.08523,37.34001],[129.08572,37.33994],[129.08618,37.33987],[129.08659,37.33984],[129.08732,37.33998],[129.08763,37.34011],[129.08797,37.34029],[129.0883,37.34051],[129.08858,37.34074],[129.0888,37.341],[129.08899,37.34129],[129.08914,37.34159],[129.08922,37.34188],[129.08923,37.34229],[129.08912,37.34268],[129.08895,37.34301],[129.08871,37.34331],[129.08844,37.34354],[129.08808,37.34381],[129.0835,37.34741],[129.08313,37.34768],[129.08284,37.3479],[129.08258,37.34813],[129.08234,37.34842],[129.08214,37.34873],[129.082,37.34906],[129.08195,37.34945],[129.08196,37.34987],[129.08205,37.35024],[129.08229,37.35064],[129.0826,37.351],[129.08292,37.3513],[129.08333,37.35165],[129.08654,37.35452],[129.08688,37.3548],[129.08717,37.35502],[129.08739,37.35527],[129.08754,37.35557],[129.08763,37.35589],[129.08767,37.35626],[129.08758,37.3568],[129.08736,37.35744],[129.08716,37.35808],[129.08709,37.35863],[129.08719,37.35904],[129.08737,37.3594],[129.08758,37.35975],[129.08782,37.36008],[129.0881,37.3604],[129.0884,37.36074],[129.08952,37.3621],[129.08985,37.36248],[129.09014,37.36285],[129.09041,37.36325],[129.09061,37.36366],[129.09071,37.36406],[129.09073,37.36447],[129.09069,37.3648],[129.0906,37.36514],[129.09046,37.36549],[129.09025,37.36583],[129.08997,37.36619],[129.08968,37.36653],[129.08943,37.36684],[129.08913,37.36718],[129.08892,37.36751],[129.08884,37.36796],[129.08888,37.36841],[129.08898,37.36873],[129.08916,37.36904],[129.08935,37.36929],[129.08959,37.36954],[129.08986,37.36975],[129.09027,37.36999],[129.09072,37.37015],[129.0912,37.3702],[129.09171,37.3702],[129.09279,37.37025],[129.0933,37.37025],[129.09382,37.3703],[129.09421,37.3704],[129.09459,37.37054],[129.09494,37.37072],[129.09535,37.37101],[129.09565,37.37137],[129.09579,37.37173],[129.0959,37.37221],[129.09622,37.37343],[129.09665,37.375],[129.09715,37.37643],[129.09748,37.37707],[129.09786,37.37765],[129.09822,37.37821],[129.09849,37.37877],[129.09859,37.37933],[129.09861,37.37989],[129.09863,37.38044],[129.09874,37.38094],[129.09895,37.38135],[129.09921,37.38174],[129.09952,37.38209],[129.09985,37.38238],[129.10026,37.38262],[129.1007,37.3828],[129.10116,37.38294],[129.10161,37.38305],[129.10207,37.38313],[129.10259,37.38322],[129.10327,37.38334],[129.10404,37.38346],[129.10481,37.3836],[129.10547,37.38379],[129.10587,37.38398],[129.10623,37.3842],[129.10656,37.38443],[129.10688,37.38469],[129.10723,37.38499],[129.10757,37.38533],[129.10788,37.38567],[129.10809,37.38601],[129.10823,37.38634],[129.10828,37.38667],[129.10826,37.387],[129.10818,37.38732],[129.10804,37.38765],[129.10785,37.38797],[129.10763,37.38824],[129.10736,37.38847],[129.10704,37.38866],[129.10669,37.38882],[129.10633,37.38893],[129.10593,37.38901],[129.10553,37.38908],[129.10518,37.38914],[129.10478,37.38922],[129.10442,37.3893],[129.10406,37.38944],[129.10371,37.38964],[129.10341,37.3899],[129.10312,37.39021],[129.1029,37.39053],[129.10275,37.39086],[129.10269,37.39122],[129.10272,37.39155],[129.1028,37.39191],[129.10291,37.39226],[129.10304,37.39257],[129.1032,37.39287],[129.1034,37.39324],[129.105,37.39647],[129.10517,37.39684],[129.10531,37.39715],[129.10548,37.39745],[129.10571,37.39775],[129.10597,37.39803],[129.10625,37.39831],[129.10669,37.39866],[129.1072,37.39905],[129.10952,37.40087],[129.10991,37.40115],[129.11025,37.4014],[129.11055,37.40168],[129.11083,37.402],[129.11107,37.40234],[129.11123,37.40269],[129.1113,37.40301],[129.11131,37.40333],[129.11127,37.40363],[129.11115,37.40398],[129.11096,37.4043],[129.11072,37.40457],[129.1104,37.40486],[129.10875,37.40653],[129.10835,37.40689],[129.10805,37.40723],[129.10784,37.40765],[129.10774,37.4081],[129.10772,37.40839],[129.10775,37.40869],[129.10782,37.40901],[129.10794,37.40933],[129.1081,37.40967],[129.10827,37.41],[129.10842,37.4103],[129.10856,37.41065],[129.10872,37.41095],[129.10898,37.41123],[129.10929,37.41148],[129.10962,37.41169],[129.10998,37.41185],[129.11035,37.41194],[129.11077,37.41201],[129.11114,37.41207],[129.11155,37.41213],[129.11197,37.41221],[129.11235,37.41233],[129.1127,37.4125],[129.11302,37.41271],[129.11331,37.41293],[129.11355,37.41318],[129.11376,37.41352],[129.1139,37.41389],[129.11398,37.4143],[129.11398,37.41481],[129.11389,37.41539],[129.11379,37.41595],[129.11371,37.4164],[129.11364,37.41694],[129.11364,37.41749],[129.11375,37.41784],[129.11395,37.41819],[129.1142,37.41847],[129.11453,37.41874],[129.11494,37.41901],[129.11556,37.41929],[129.11633,37.41955],[129.11708,37.41982],[129.11765,37.42011],[129.11794,37.42037],[129.11813,37.42063],[129.11833,37.42093],[129.11855,37.42132],[129.11877,37.42177],[129.119,37.42224],[129.11929,37.42267],[129.11966,37.42306],[129.12009,37.42341],[129.12052,37.42377],[129.12086,37.42416],[129.1211,37.42461],[129.12127,37.42511],[129.12141,37.42558],[129.12153,37.42598],[129.12167,37.42632],[129.12177,37.42662],[129.12182,37.42695],[129.12182,37.42729],[129.12176,37.42759],[129.12165,37.4279],[129.12153,37.4282],[129.12131,37.42858],[129.12106,37.42899],[129.1206,37.42971],[129.12012,37.43057],[129.11951,37.432],[129.11897,37.4334],[129.11881,37.43375],[129.11866,37.43405],[129.11854,37.43434],[129.11847,37.43464],[129.11848,37.43496],[129.11853,37.43528],[129.11863,37.4356],[129.11875,37.43593],[129.11903,37.43648],[129.11937,37.43704],[129.11968,37.43754],[129.11994,37.43793],[129.12012,37.4383],[129.12016,37.43873],[129.12011,37.43914],[129.11989,37.43971],[129.11967,37.43995],[129.11939,37.44021],[129.11906,37.44046],[129.11873,37.44069],[129.11831,37.44093],[129.11786,37.44114],[129.1173,37.4414],[129.11139,37.44435],[129.1109,37.44458],[129.11052,37.44478],[129.11013,37.44504],[129.10978,37.44534],[129.10946,37.44569],[129.10919,37.44608],[129.10903,37.44647],[129.10889,37.44691],[129.10832,37.44851],[129.1082,37.4489],[129.10808,37.44928],[129.10791,37.44962],[129.10768,37.44994],[129.10738,37.45024],[129.10701,37.45053],[129.10649,37.45084],[129.10586,37.45114],[129.10522,37.45144],[129.10467,37.45173],[129.10428,37.45198],[129.10395,37.45222],[129.1036,37.45252],[129.10312,37.45298],[129.1026,37.45354],[129.10212,37.45413],[129.10175,37.45468],[129.10158,37.45505],[129.10146,37.45541],[129.10139,37.45576],[129.10135,37.45612],[129.10135,37.45649],[129.10138,37.45687],[129.10145,37.45724],[129.10155,37.45761],[129.10168,37.45798],[129.10185,37.45836],[129.10206,37.45872],[129.1023,37.45909],[129.10263,37.45948],[129.10301,37.45988],[129.1034,37.46025],[129.10374,37.46058],[129.10411,37.46095],[129.10443,37.46129],[129.10472,37.46168],[129.10494,37.46209],[129.10501,37.46242],[129.10503,37.46276],[129.105,37.46313],[129.10492,37.46347],[129.10479,37.46382],[129.10466,37.46418],[129.1046,37.46454],[129.10461,37.4649],[129.10467,37.46525],[129.10477,37.4656],[129.1049,37.46594],[129.10507,37.46625],[129.10528,37.46655],[129.10551,37.46685],[129.10576,37.46719],[129.10756,37.46978],[129.10782,37.47018],[129.10805,37.47053],[129.10831,37.47086],[129.10854,37.47111],[129.10879,37.47135],[129.10905,37.47158],[129.10934,37.47179],[129.10963,37.47197],[129.10994,37.47213],[129.11028,37.47228],[129.11064,37.47246],[129.11345,37.47391],[129.11391,37.47413],[129.11434,37.47433],[129.11474,37.47453],[129.11512,37.47476],[129.11548,37.47504],[129.11583,37.47535],[129.11614,37.47567],[129.1163698,37.4759668]],[[129.1156097,37.4888823],[129.11582,37.48916],[129.1159495,37.4893158]]]}},{"type":"Feature","properties":{"c":"main","n":"영동선","g":"kr","jk":"main","nz":"岭东线","ne":"Yeongdong Line","off":-0.5},"geometry":{"type":"LineString","coordinates":[[129.1161907,37.4798049],[129.11499,37.48361],[129.11478,37.48421],[129.1146,37.48472],[129.11448,37.48524],[129.11443,37.48566],[129.11441,37.48608],[129.11443,37.4865],[129.11451,37.48692],[129.11464,37.48731],[129.1147272,37.487489]]}},{"type":"Feature","properties":{"c":"main","n":"영동선","g":"kr","jk":"main","nz":"岭东线","ne":"Yeongdong Line","off":-0.375},"geometry":{"type":"MultiLineString","coordinates":[[[129.1166039,37.4785373],[129.11655,37.47869],[129.11641,37.47911],[129.1161907,37.4798049]],[[129.1147272,37.487489],[129.11483,37.4877],[129.1149906,37.4879723]]]}},{"type":"Feature","properties":{"c":"main","n":"영동선","g":"kr","jk":"main","nz":"岭东线","ne":"Yeongdong Line","off":-0.25},"geometry":{"type":"MultiLineString","coordinates":[[[129.1167661,37.4772262],[129.11677,37.47725],[129.11678,37.47763],[129.11675,37.47801],[129.11667,37.47835],[129.1166039,37.4785373]],[[129.1149906,37.4879723],[129.11506,37.48809],[129.1152788,37.4884419]]]}},{"type":"Feature","properties":{"c":"main","n":"영동선","g":"kr","jk":"main","nz":"岭东线","ne":"Yeongdong Line","off":-0.125},"geometry":{"type":"MultiLineString","coordinates":[[[129.1163698,37.4759668],[129.11638,37.47598],[129.11654,37.47628],[129.11665,37.47657],[129.11671,37.47688],[129.1167661,37.4772262]],[[129.1152788,37.4884419],[129.11529,37.48846],[129.1156097,37.4888823]]]}},{"type":"Feature","properties":{"c":"main","n":"영동선","g":"kr","jk":"main","nz":"岭东线","ne":"Yeongdong Line","off":0.125},"geometry":{"type":"LineString","coordinates":[[129.1159495,37.4893158],[129.1163016,37.4897395]]}},{"type":"Feature","properties":{"c":"main","n":"영동선","g":"kr","jk":"main","nz":"岭东线","ne":"Yeongdong Line","off":0.25},"geometry":{"type":"LineString","coordinates":[[129.1163016,37.4897395],[129.11641,37.48987],[129.1166452,37.4901701]]}},{"type":"Feature","properties":{"c":"main","n":"영동선","g":"kr","jk":"main","nz":"岭东线","ne":"Yeongdong Line","off":0.375},"geometry":{"type":"LineString","coordinates":[[129.1166452,37.4901701],[129.116985,37.4906038]]}},{"type":"Feature","properties":{"c":"main","n":"영동선","g":"kr","jk":"main","nz":"岭东线","ne":"Yeongdong Line","off":0.5},"geometry":{"type":"LineString","coordinates":[[129.116985,37.4906038],[129.11804,37.49195],[129.11942,37.4937],[129.12108,37.49551]]}},{"type":"Feature","properties":{"c":"main","n":"영동선","g":"kr","jk":"main","nz":"岭东线","ne":"Yeongdong Line"},"geometry":{"type":"LineString","coordinates":[[129.04047,37.21001],[129.04002,37.21075],[129.03955,37.21147],[129.03913,37.21222],[129.03887,37.21301],[129.03915,37.21419],[129.03966,37.21555],[129.04023,37.21685],[129.04066,37.21789],[129.04092,37.21858],[129.04113,37.21918],[129.04129,37.21984],[129.04142,37.2205]]}},{"type":"Feature","properties":{"c":"branch","n":"영일만항선","g":"kr","jk":"branch","nz":"迎日湾港线","ne":"Yeongilmanhang Line"},"geometry":{"type":"LineString","coordinates":[[129.3582855,36.0967404],[129.3606,36.09989],[129.36104,36.10052],[129.3614,36.10104],[129.3618,36.10153],[129.36232,36.10202],[129.36288,36.10249],[129.36343,36.10289],[129.36398,36.10326],[129.36458,36.10359],[129.36575,36.10414],[129.36707,36.10468],[129.36824,36.10507],[129.36969,36.10553],[129.38434,36.11029],[129.39379,36.11367],[129.3943,36.11386],[129.39468,36.11401],[129.39507,36.11413],[129.3955,36.11422],[129.39595,36.11429],[129.39644,36.11435],[129.39724,36.11439],[129.39812,36.11439],[129.39898,36.11435],[129.39976,36.11425],[129.40053,36.11411],[129.4013,36.11395],[129.40357,36.11341],[129.40745,36.11242],[129.41269,36.11112],[129.41775,36.11004],[129.42206,36.10982],[129.42627,36.10978],[129.4292,36.10977],[129.42971,36.10977],[129.43008,36.10977],[129.43045,36.10974],[129.43087,36.1097],[129.43129,36.10963],[129.43168,36.1095],[129.43207,36.1093],[129.43243,36.10904],[129.43273,36.10874],[129.43294,36.10843],[129.43309,36.10809],[129.43319,36.10773],[129.43323,36.10742],[129.43321,36.10709],[129.43319,36.10666],[129.43322,36.0994]]}},{"type":"Feature","properties":{"c":"branch","n":"영일만항선","g":"kr","jk":"branch","nz":"迎日湾港线","ne":"Yeongilmanhang Line","off":0.125},"geometry":{"type":"LineString","coordinates":[[129.357496,36.095666],[129.3582855,36.0967404]]}},{"type":"Feature","properties":{"c":"branch","n":"영일만항선","g":"kr","jk":"branch","nz":"迎日湾港线","ne":"Yeongilmanhang Line","off":0.25},"geometry":{"type":"LineString","coordinates":[[129.3567064,36.0945916],[129.357496,36.095666]]}},{"type":"Feature","properties":{"c":"branch","n":"영일만항선","g":"kr","jk":"branch","nz":"迎日湾港线","ne":"Yeongilmanhang Line","off":0.375},"geometry":{"type":"LineString","coordinates":[[129.3559406,36.0935013],[129.35611,36.09378],[129.3567064,36.0945916]]}},{"type":"Feature","properties":{"c":"branch","n":"영일만항선","g":"kr","jk":"branch","nz":"迎日湾港线","ne":"Yeongilmanhang Line","off":0.5},"geometry":{"type":"LineString","coordinates":[[129.34004,36.06666],[129.34226,36.07021],[129.34383,36.0732],[129.35022,36.08409],[129.3559406,36.0935013]]}},{"type":"Feature","properties":{"c":"branch","n":"영천삼각선","g":"kr","jk":"branch","nz":"永川三角线"},"geometry":{"type":"LineString","coordinates":[[128.9187718,35.9585826],[128.91877,35.95858],[128.91851,35.95828],[128.91821,35.95802],[128.91786,35.95777],[128.91729,35.95742],[128.91662,35.95706],[128.91596,35.95671]]}},{"type":"Feature","properties":{"c":"branch","n":"영천삼각선","g":"kr","jk":"branch","nz":"永川三角线","off":0.125},"geometry":{"type":"LineString","coordinates":[[128.9192443,35.9593787],[128.91922,35.95932],[128.91901,35.95892],[128.9187718,35.9585826]]}},{"type":"Feature","properties":{"c":"branch","n":"영천삼각선","g":"kr","jk":"branch","nz":"永川三角线","off":0.25},"geometry":{"type":"LineString","coordinates":[[128.919522,35.9602611],[128.9195,35.96012],[128.91939,35.95973],[128.9192443,35.9593787]]}},{"type":"Feature","properties":{"c":"branch","n":"영천삼각선","g":"kr","jk":"branch","nz":"永川三角线","off":0.375},"geometry":{"type":"LineString","coordinates":[[128.9194862,35.961182],[128.91951,35.96108],[128.91955,35.96076],[128.91955,35.96044],[128.919522,35.9602611]]}},{"type":"Feature","properties":{"c":"branch","n":"영천삼각선","g":"kr","jk":"branch","nz":"永川三角线","off":0.5},"geometry":{"type":"LineString","coordinates":[[128.91299,35.97256],[128.91732,35.96538],[128.91883,35.96254],[128.91901,35.96222],[128.91919,35.96194],[128.91934,35.96167],[128.91944,35.96138],[128.9194862,35.961182]]}},{"type":"Feature","properties":{"c":"main","n":"오송선","g":"kr","jk":"main","nz":"五松线"},"geometry":{"type":"LineString","coordinates":[[127.2922782,36.6177566],[127.29247,36.61751],[127.29285,36.61708],[127.29323,36.61673],[127.29359,36.61647],[127.29395,36.61626],[127.29435,36.61608],[127.29473,36.61593],[127.29515,36.61579],[127.29558,36.61567],[127.29601,36.61558],[127.29654,36.6155],[127.29709,36.61545],[127.29776,36.61539],[127.3000749,36.6151713]]}},{"type":"Feature","properties":{"c":"main","n":"오송선","g":"kr","jk":"main","nz":"五松线","off":-0.5},"geometry":{"type":"LineString","coordinates":[[127.3040482,36.6147124],[127.3044,36.61467],[127.30602,36.61432],[127.30764,36.61388],[127.30921,36.61348],[127.31069,36.61326],[127.3118,36.61326],[127.31287,36.61337],[127.31387,36.61352],[127.31478,36.61363],[127.31534,36.61367],[127.31586,36.61369],[127.31634,36.61373],[127.31682,36.61382],[127.31732,36.61397],[127.31781,36.61416],[127.31828,36.61438],[127.31873,36.61462],[127.31924,36.61494],[127.31971,36.6153],[127.32033,36.61577],[127.32987,36.62267]]}},{"type":"Feature","properties":{"c":"main","n":"오송선","g":"kr","jk":"main","nz":"五松线","off":-0.375},"geometry":{"type":"LineString","coordinates":[[127.3027245,36.6148718],[127.3040482,36.6147124]]}},{"type":"Feature","properties":{"c":"main","n":"오송선","g":"kr","jk":"main","nz":"五松线","off":-0.25},"geometry":{"type":"LineString","coordinates":[[127.3014007,36.6150313],[127.3027245,36.6148718]]}},{"type":"Feature","properties":{"c":"main","n":"오송선","g":"kr","jk":"main","nz":"五松线","off":-0.125},"geometry":{"type":"LineString","coordinates":[[127.3000749,36.6151713],[127.30083,36.6151],[127.3014007,36.6150313]]}},{"type":"Feature","properties":{"c":"main","n":"오송선","g":"kr","jk":"main","nz":"五松线","off":0.125},"geometry":{"type":"LineString","coordinates":[[127.2916649,36.618926],[127.29173,36.61869],[127.29185,36.61839],[127.29212,36.61796],[127.2922782,36.6177566]]}},{"type":"Feature","properties":{"c":"main","n":"오송선","g":"kr","jk":"main","nz":"五松线","off":0.25},"geometry":{"type":"LineString","coordinates":[[127.2915172,36.6202476],[127.29152,36.62009],[127.29155,36.61956],[127.29159,36.61927],[127.29165,36.61898],[127.2916649,36.618926]]}},{"type":"Feature","properties":{"c":"main","n":"오송선","g":"kr","jk":"main","nz":"五松线","off":0.375},"geometry":{"type":"LineString","coordinates":[[127.2914921,36.6215807],[127.29151,36.62066],[127.2915172,36.6202476]]}},{"type":"Feature","properties":{"c":"main","n":"오송선","g":"kr","jk":"main","nz":"五松线","off":0.5},"geometry":{"type":"LineString","coordinates":[[127.28928,36.6321],[127.29071,36.62594],[127.29112,36.6243],[127.29142,36.62286],[127.29149,36.62169],[127.2914921,36.6215807]]}},{"type":"Feature","properties":{"c":"branch","n":"오송정비기지선","g":"kr","jk":"branch"},"geometry":{"type":"LineString","coordinates":[[127.32046,36.61597],[127.32134,36.61672],[127.32222,36.61747],[127.32298,36.61822],[127.32339,36.61872],[127.32375,36.61922],[127.32406,36.61971],[127.32429,36.62016],[127.32444,36.62057],[127.32453,36.62096],[127.32455,36.62134],[127.32449,36.62173],[127.32435,36.62213],[127.32416,36.62248],[127.32394,36.62276],[127.32368,36.623],[127.32339,36.62327],[127.32185,36.62485],[127.32124,36.62546],[127.32059,36.62611],[127.31986,36.62676],[127.31905,36.62735],[127.31798,36.62788],[127.31678,36.62832],[127.31555,36.62878],[127.3144,36.62936],[127.31322,36.63024],[127.31208,36.63129],[127.31103,36.63235],[127.31011,36.63324],[127.30944,36.63383],[127.30885,36.63433],[127.30832,36.63487],[127.30786,36.6355],[127.30746,36.63615],[127.30701,36.63676],[127.30651,36.63724],[127.30597,36.63768],[127.30544,36.63811]]}},{"type":"Feature","properties":{"c":"branch","n":"옥구선","g":"kr","jk":"branch","nz":"沃沟线","ne":"Okgu Line"},"geometry":{"type":"LineString","coordinates":[[126.7263534,35.9411544],[126.72629,35.94105],[126.72613,35.94075],[126.72601,35.94043],[126.72589,35.94011],[126.72558,35.93916],[126.72427,35.93514],[126.72345,35.93265],[126.72321,35.93196],[126.72296,35.93124],[126.72268,35.93054],[126.72235,35.92993],[126.72205,35.92951],[126.72172,35.92913],[126.72136,35.92879],[126.72097,35.92847],[126.72058,35.9282],[126.72016,35.92796],[126.71972,35.92774],[126.71927,35.92756],[126.71885,35.92742],[126.71841,35.92731],[126.71797,35.92722],[126.71752,35.92716],[126.71708,35.92712],[126.71662,35.92712],[126.71617,35.92714],[126.71573,35.92717],[126.71515,35.92727],[126.71459,35.92741],[126.71399,35.92755],[126.71171,35.92804],[126.71128,35.92814],[126.7109,35.92823],[126.71051,35.92829],[126.7101,35.92832],[126.70968,35.92832],[126.70926,35.92827],[126.70891,35.92818],[126.70855,35.92804],[126.7082,35.92788],[126.70785,35.92771],[126.70746,35.92748],[126.70708,35.92723],[126.70661,35.92693],[126.70228,35.9242],[126.70181,35.92389],[126.70141,35.92361],[126.70103,35.92336],[126.70061,35.92314],[126.70014,35.92294],[126.69965,35.92275],[126.69914,35.9226],[126.69863,35.92252],[126.6981,35.92253],[126.69756,35.92261],[126.69702,35.92273],[126.69649,35.92286],[126.69586,35.92306],[126.69524,35.9233],[126.69451,35.92359],[126.68858,35.92576],[126.68816,35.92592],[126.68782,35.92607],[126.6875,35.92618],[126.68716,35.92628],[126.68678,35.92635],[126.6864,35.9264],[126.686,35.92641],[126.68561,35.9264],[126.6852,35.92634],[126.68479,35.92623],[126.68438,35.9261],[126.68397,35.92598],[126.68324,35.92572],[126.6824,35.92541],[126.67769,35.92373],[126.67626,35.92322],[126.67477,35.9227],[126.67329,35.92213],[126.67188,35.92146],[126.67054,35.92064],[126.66926,35.91972],[126.66801,35.91875],[126.66674,35.91781]]}},{"type":"Feature","properties":{"c":"branch","n":"옥구선","g":"kr","jk":"branch","nz":"沃沟线","ne":"Okgu Line","off":0.125},"geometry":{"type":"LineString","coordinates":[[126.7272618,35.9421112],[126.72717,35.94205],[126.72691,35.94185],[126.72666,35.9416],[126.72646,35.94133],[126.7263534,35.9411544]]}},{"type":"Feature","properties":{"c":"branch","n":"옥구선","g":"kr","jk":"branch","nz":"沃沟线","ne":"Okgu Line","off":0.25},"geometry":{"type":"LineString","coordinates":[[126.728444,35.9427208],[126.72813,35.94259],[126.72779,35.94243],[126.72747,35.94225],[126.7272618,35.9421112]]}},{"type":"Feature","properties":{"c":"branch","n":"옥구선","g":"kr","jk":"branch","nz":"沃沟线","ne":"Okgu Line","off":0.375},"geometry":{"type":"LineString","coordinates":[[126.7297312,35.9430555],[126.72968,35.94305],[126.72928,35.94298],[126.72888,35.94287],[126.72849,35.94274],[126.728444,35.9427208]]}},{"type":"Feature","properties":{"c":"branch","n":"옥구선","g":"kr","jk":"branch","nz":"沃沟线","ne":"Okgu Line","off":0.5},"geometry":{"type":"LineString","coordinates":[[126.73949,35.94317],[126.73133,35.94307],[126.73083,35.94308],[126.73042,35.94309],[126.73005,35.94309],[126.7297312,35.9430555]]}},{"type":"Feature","properties":{"c":"branch","n":"온산선","g":"kr","jk":"branch","nz":"温山线"},"geometry":{"type":"LineString","coordinates":[[129.35021,35.44186],[129.35056,35.44066],[129.35091,35.43946],[129.35115,35.43825],[129.35122,35.43714],[129.35118,35.43602],[129.35113,35.43456],[129.35104,35.41208],[129.35105,35.41141],[129.35107,35.41094],[129.35103,35.41048],[129.35094,35.40995],[129.35079,35.40943],[129.35059,35.40892],[129.3504,35.40853],[129.35018,35.40816],[129.34993,35.40779],[129.34964,35.40743],[129.34927,35.40706],[129.34885,35.40669],[129.34841,35.40635],[129.34796,35.40604],[129.3476,35.40582],[129.34723,35.40563],[129.34685,35.40546],[129.34645,35.40531],[129.34607,35.40521],[129.34569,35.40514],[129.34526,35.40508],[129.34474,35.40499],[129.33712,35.40358],[129.3366,35.40347],[129.33619,35.40339],[129.33579,35.40333],[129.33534,35.40329],[129.33489,35.40327],[129.33443,35.4033],[129.33401,35.40338],[129.33357,35.4035],[129.33314,35.40363],[129.33271,35.40377],[129.33195,35.40405],[129.33106,35.40438],[129.32814,35.40553],[129.32449,35.40682],[129.32219,35.40744],[129.31974,35.40806],[129.31724,35.40864],[129.3148,35.4091],[129.31251,35.40919],[129.31021,35.40909],[129.30794,35.40899],[129.30573,35.40908],[129.30368,35.40947],[129.30168,35.41003],[129.29971,35.41061],[129.29773,35.41104],[129.29498,35.4113],[129.29224,35.4114],[129.29017,35.41146],[129.28964,35.41148],[129.28922,35.41149],[129.28882,35.41154],[129.28839,35.41166],[129.28797,35.41183],[129.28759,35.41201],[129.28719,35.41225],[129.28685,35.41251],[129.2866,35.41282],[129.28635,35.41319],[129.28519,35.41477]]}},{"type":"Feature","properties":{"c":"branch","n":"용산삼각선","g":"kr","jk":"branch","nz":"龙山三角线","ne":"Yongsan Triangular Junction"},"geometry":{"type":"LineString","coordinates":[[126.96122,37.52371],[126.961,37.52397],[126.96077,37.52423],[126.96049,37.52445],[126.96012,37.52463],[126.95971,37.52477],[126.95929,37.52485],[126.95872,37.52487],[126.95816,37.52476],[126.95776,37.52456],[126.95738,37.52428],[126.957,37.52401]]}},{"type":"Feature","properties":{"c":"branch","n":"용산선","g":"kr","jk":"branch","lc":"#6ac2b3","nz":"龙山线","ne":"Yongsan Line"},"geometry":{"type":"MultiLineString","coordinates":[[[126.96363,37.52851],[126.96687,37.53091],[126.96725,37.53118],[126.96758,37.53141],[126.96789,37.53164],[126.96818,37.53189],[126.96846,37.53218],[126.96872,37.53249],[126.96894,37.53281],[126.96911,37.53311],[126.96921,37.53343],[126.96924,37.53374],[126.96924,37.53405],[126.96919,37.53437],[126.9691,37.53469],[126.96896,37.53499],[126.96868,37.53534],[126.9685933,37.5354293]],[[126.9253053,37.5588296],[126.92499,37.55916],[126.9249176,37.559249]]]}},{"type":"Feature","properties":{"c":"branch","n":"용산선","g":"kr","jk":"branch","lc":"#6ac2b3","nz":"龙山线","ne":"Yongsan Line","off":-0.5},"geometry":{"type":"LineString","coordinates":[[126.9238363,37.5605792],[126.92373,37.56071],[126.92254,37.56229],[126.92148,37.56367],[126.92086,37.56449],[126.92033,37.56525],[126.91978,37.56595],[126.9191,37.56658],[126.91818,37.56713],[126.91713,37.5676],[126.91604,37.56804],[126.91496,37.56849]]}},{"type":"Feature","properties":{"c":"branch","n":"용산선","g":"kr","jk":"branch","lc":"#6ac2b3","nz":"龙山线","ne":"Yongsan Line","off":-0.375},"geometry":{"type":"LineString","coordinates":[[126.9241967,37.5601358],[126.9238363,37.5605792]]}},{"type":"Feature","properties":{"c":"branch","n":"용산선","g":"kr","jk":"branch","lc":"#6ac2b3","nz":"龙山线","ne":"Yongsan Line","off":-0.25},"geometry":{"type":"LineString","coordinates":[[126.9245572,37.5596924],[126.9241967,37.5601358]]}},{"type":"Feature","properties":{"c":"branch","n":"용산선","g":"kr","jk":"branch","lc":"#6ac2b3","nz":"龙山线","ne":"Yongsan Line","off":-0.125},"geometry":{"type":"LineString","coordinates":[[126.9249176,37.559249],[126.9245572,37.5596924]]}},{"type":"Feature","properties":{"c":"branch","n":"용산선","g":"kr","jk":"branch","lc":"#6ac2b3","nz":"龙山线","ne":"Yongsan Line","off":0.125},"geometry":{"type":"MultiLineString","coordinates":[[[126.9685933,37.5354293],[126.96834,37.53569],[126.96808,37.53602],[126.96779,37.5364],[126.9677423,37.5364535]],[[126.9256998,37.5584162],[126.9253053,37.5588296]]]}},{"type":"Feature","properties":{"c":"branch","n":"용산선","g":"kr","jk":"branch","lc":"#6ac2b3","nz":"龙山线","ne":"Yongsan Line","off":0.25},"geometry":{"type":"MultiLineString","coordinates":[[[126.9677423,37.5364535],[126.96746,37.53677],[126.96711,37.53709],[126.9667395,37.537318]],[[126.9260942,37.5580028],[126.9256998,37.5584162]]]}},{"type":"Feature","properties":{"c":"branch","n":"용산선","g":"kr","jk":"branch","lc":"#6ac2b3","nz":"龙山线","ne":"Yongsan Line","off":0.375},"geometry":{"type":"MultiLineString","coordinates":[[[126.9667395,37.537318],[126.96672,37.53733],[126.96629,37.53752],[126.96585,37.53769],[126.9655027,37.5378135]],[[126.9265411,37.5576521],[126.92624,37.55785],[126.9260942,37.5580028]]]}},{"type":"Feature","properties":{"c":"branch","n":"용산선","g":"kr","jk":"branch","lc":"#6ac2b3","nz":"龙山线","ne":"Yongsan Line","off":0.5},"geometry":{"type":"LineString","coordinates":[[126.9655027,37.5378135],[126.9654,37.53785],[126.96482,37.53802],[126.96424,37.53815],[126.96353,37.53832],[126.96217,37.53863],[126.9605,37.53901],[126.95879,37.53943],[126.95734,37.53989],[126.95653,37.54025],[126.95582,37.54065],[126.95516,37.54104],[126.95447,37.54142],[126.95153,37.54277],[126.94863,37.54414],[126.94567,37.54546],[126.9439,37.5461],[126.94238,37.5466],[126.94193,37.54675],[126.94151,37.54687],[126.94112,37.547],[126.94074,37.54717],[126.94035,37.54741],[126.93998,37.54769],[126.93963,37.548],[126.9393,37.54832],[126.93883,37.54886],[126.93839,37.54945],[126.93801,37.54995],[126.93775,37.5503],[126.9375,37.55061],[126.93717,37.55089],[126.93682,37.55116],[126.9361,37.55168],[126.93373,37.55343],[126.93076,37.55548],[126.92961,37.55609],[126.92845,37.5566],[126.92732,37.55714],[126.9265411,37.5576521]]}},{"type":"Feature","properties":{"c":"branch","n":"우암선","g":"kr","jk":"branch","nz":"牛岩线","ne":"Uam Line","off":1.5},"geometry":{"type":"LineString","coordinates":[[129.04923,35.1278],[129.05526,35.13316]]}},{"type":"Feature","properties":{"c":"branch","n":"울산신항선","g":"kr","jk":"branch","nz":"蔚山新港线","ne":"Ulsansinhang Line"},"geometry":{"type":"LineString","coordinates":[[129.28867,35.45834],[129.28916,35.45964],[129.28965,35.46093],[129.29016,35.46204],[129.29053,35.46264],[129.2909,35.46316],[129.29125,35.46359],[129.29154,35.46394],[129.29184,35.46423],[129.29217,35.46448],[129.29258,35.46476],[129.29533,35.46672],[129.29567,35.46695],[129.29596,35.46715],[129.29623,35.46736],[129.29649,35.46759],[129.29673,35.46783],[129.29697,35.46812],[129.29722,35.46852],[129.29746,35.46899],[129.29768,35.4695],[129.29787,35.47001],[129.29805,35.47075],[129.29817,35.47152],[129.29831,35.47218],[129.29841,35.47249],[129.29852,35.47276],[129.29866,35.47305],[129.2989,35.47345],[129.29918,35.4739],[129.29952,35.47435],[129.29989,35.47475],[129.30031,35.47509],[129.30077,35.4754],[129.30126,35.47568],[129.30176,35.47592],[129.30224,35.47611],[129.30274,35.47627],[129.30326,35.4764],[129.30377,35.47649],[129.30426,35.47652],[129.30472,35.47651],[129.30525,35.47649],[129.30591,35.47647],[129.31878,35.47635],[129.32628,35.47628],[129.33332,35.47648],[129.33394,35.4765],[129.33443,35.47651],[129.33478,35.4765],[129.33514,35.47647],[129.33553,35.47642],[129.33604,35.47633],[129.3366,35.47621],[129.33718,35.47605],[129.33775,35.47586],[129.33833,35.4756],[129.33891,35.4753],[129.33948,35.47497],[129.34003,35.47463],[129.34097,35.47398],[129.34195,35.47325],[129.34316,35.47234],[129.34451,35.47133],[129.3458,35.47048],[129.34666,35.47006],[129.34748,35.46973],[129.34821,35.46944],[129.34879,35.46919],[129.34932,35.46895],[129.34966,35.46877],[129.35,35.46856],[129.35031,35.46833],[129.35055,35.4681],[129.35077,35.46786],[129.35098,35.4676],[129.35116,35.46733],[129.35136,35.46699],[129.35153,35.46664],[129.35173,35.46621],[129.35225,35.46509],[129.35289,35.46372],[129.35363,35.46244],[129.35424,35.46165],[129.3549,35.46087],[129.35558,35.46018],[129.35622,35.45965],[129.35662,35.45942],[129.357,35.45924],[129.35739,35.45912],[129.35782,35.45902],[129.35843,35.45896],[129.35911,35.45895],[129.35977,35.45899],[129.36033,35.45906],[129.36073,35.45914],[129.36107,35.45926],[129.36139,35.4594],[129.36166,35.45955],[129.36191,35.45973],[129.36226,35.45999],[129.37346,35.46761]]}},{"type":"Feature","properties":{"c":"branch","n":"울산항선","g":"kr","jk":"branch","nz":"蔚山港线"},"geometry":{"type":"LineString","coordinates":[[129.3514494,35.5256205],[129.35469,35.52409],[129.35512,35.5239],[129.35547,35.52374],[129.35581,35.52357],[129.35615,35.52335],[129.35648,35.52312],[129.35676,35.52286],[129.35697,35.52257],[129.35713,35.52225],[129.35731,35.52191],[129.35823,35.5203],[129.35845,35.51986],[129.3587,35.51949],[129.35911,35.51919],[129.35959,35.51895],[129.36004,35.51878],[129.3606,35.51859],[129.36579,35.51674],[129.36629,35.51657],[129.36672,35.51645],[129.3671,35.51631],[129.36747,35.51614],[129.36781,35.51591],[129.36812,35.51564],[129.36842,35.51535],[129.36871,35.51504],[129.36921,35.51445],[129.36969,35.51379],[129.37011,35.51322],[129.37031,35.51293],[129.37048,35.51268],[129.3707,35.51245],[129.37098,35.51227],[129.37131,35.51211],[129.37164,35.51197],[129.3721,35.5118],[129.37267,35.51162],[129.37714,35.51007]]}},{"type":"Feature","properties":{"c":"branch","n":"울산항선","g":"kr","jk":"branch","nz":"蔚山港线","off":-0.5},"geometry":{"type":"LineString","coordinates":[[129.35105,35.53284],[129.35233,35.53498],[129.35236,35.53503],[129.3524,35.53508],[129.35245,35.53513],[129.35249,35.53518],[129.35247,35.5352],[129.35247,35.53521],[129.35246,35.53521],[129.35245,35.53521],[129.35242,35.53521],[129.35239,35.53516],[129.35237,35.53509],[129.35235,35.53504],[129.35231,35.53499],[129.35194,35.53446],[129.35144,35.53372],[129.35108,35.53305],[129.35072,35.53233],[129.34946,35.52987],[129.34926,35.52952],[129.34909,35.52922],[129.34896,35.52891],[129.34886,35.52856],[129.3488165,35.5282558]]}},{"type":"Feature","properties":{"c":"branch","n":"울산항선","g":"kr","jk":"branch","nz":"蔚山港线","off":-0.375},"geometry":{"type":"LineString","coordinates":[[129.3488165,35.5282558],[129.34881,35.52821],[129.34883,35.52786],[129.34896,35.52749],[129.34916,35.52711],[129.3492265,35.5270163]]}},{"type":"Feature","properties":{"c":"branch","n":"울산항선","g":"kr","jk":"branch","nz":"蔚山港线","off":-0.25},"geometry":{"type":"LineString","coordinates":[[129.3492265,35.5270163],[129.34938,35.5268],[129.34963,35.52655],[129.3499,35.52636],[129.35017,35.52621],[129.3502393,35.52618]]}},{"type":"Feature","properties":{"c":"branch","n":"울산항선","g":"kr","jk":"branch","nz":"蔚山港线","off":-0.125},"geometry":{"type":"LineString","coordinates":[[129.3502393,35.52618],[129.35054,35.52605],[129.3514494,35.5256205]]}},{"type":"Feature","properties":{"c":"branch","n":"익산삼각선","g":"kr","jk":"branch","nz":"益山三角线","ne":"Iksan Triangular Line"},"geometry":{"type":"LineString","coordinates":[[126.92204,35.93404],[126.93072,35.93255],[126.93267,35.93224],[126.93442,35.93192],[126.93622,35.93148],[126.93801,35.93097],[126.93986,35.93037],[126.94163,35.92971],[126.94296,35.92915],[126.94426,35.92853],[126.94597,35.92764],[126.94772,35.92663],[126.94955,35.92544],[126.95137,35.92419]]}},{"type":"Feature","properties":{"c":"main","n":"인천국제공항선","g":"kr","jk":"main","lc":"#0087c0","nz":"仁川国际机场线","ne":"Incheon International Airport Line"},"geometry":{"type":"MultiLineString","coordinates":[[[126.96985,37.5541],[126.96999,37.55072],[126.9702,37.54765],[126.97048,37.54603],[126.97075,37.54473],[126.97084,37.54432],[126.97092,37.54396],[126.97097,37.5436],[126.97098,37.54321],[126.97097,37.54281],[126.97092,37.54245],[126.97082,37.542],[126.97063,37.54159],[126.97029,37.54126],[126.96988,37.54093],[126.9690537,37.5402079]],[[126.9253579,37.5587195],[126.92535,37.55873],[126.9250078,37.5591712]],[[126.9155499,37.5679756],[126.91399,37.56861],[126.91132,37.56965],[126.90894,37.57064],[126.90613,37.57214],[126.90349,37.57374],[126.89585,37.57888],[126.89424,37.57998],[126.89278,37.58094],[126.89108,37.58186],[126.88943,37.58273],[126.88877,37.58312],[126.88813,37.58351],[126.88753,37.5839],[126.887,37.58432],[126.88662,37.58474],[126.8863,37.58518],[126.88599,37.58562],[126.8856,37.58605],[126.88505,37.58653],[126.88443,37.587],[126.88376,37.58745],[126.88306,37.58785],[126.88237,37.58816],[126.88167,37.58841],[126.88089,37.58866],[126.87996,37.58898],[126.8673,37.59358],[126.86609,37.59404],[126.86509,37.59438],[126.86433,37.59461],[126.86355,37.59481],[126.86277,37.59497],[126.86198,37.59509],[126.86118,37.59518],[126.86038,37.59522],[126.85958,37.59524],[126.85878,37.59523],[126.85797,37.59517],[126.85734,37.59509],[126.8567,37.595],[126.85606,37.59487],[126.85538,37.59469],[126.85445,37.59437],[126.85345,37.59397],[126.85249,37.59352],[126.85165,37.59309],[126.85097,37.59269],[126.8504,37.59229],[126.84986,37.59185],[126.84941,37.59142],[126.849,37.59095],[126.84846,37.59034],[126.83937,37.58055],[126.83837,37.57951],[126.83759,37.57863],[126.83683,37.57759],[126.83617,37.57652],[126.83563,37.57542],[126.83513,37.57427],[126.83386,37.57152],[126.83359,37.5709],[126.83334,37.57032],[126.83304,37.56976],[126.83277,37.56934],[126.83246,37.56893],[126.83213,37.56854],[126.83177,37.56818],[126.83139,37.56785],[126.83098,37.56755],[126.83055,37.56727],[126.83011,37.567],[126.82927,37.56653],[126.82827,37.566],[126.82194,37.56258],[126.82122,37.56217],[126.82063,37.56183],[126.82,37.56153],[126.81927,37.56126],[126.8185,37.56103],[126.81781,37.56087],[126.8174,37.5608],[126.81702,37.56076],[126.81665,37.56074],[126.81631,37.56075],[126.81597,37.56078],[126.81547,37.56082],[126.79801,37.56193],[126.79674,37.56199],[126.79575,37.56207],[126.79517,37.56213],[126.79458,37.5622],[126.79402,37.5623],[126.79352,37.56243],[126.79308,37.56262],[126.79271,37.56285],[126.79235,37.5631],[126.79204,37.56334],[126.79175,37.56361],[126.79138,37.56394],[126.78576,37.56879],[126.78235,37.57204],[126.7819,37.5725],[126.78151,37.57292],[126.78111,37.5733],[126.78065,37.57367],[126.78003,37.57405],[126.77935,37.5744],[126.77863,37.57471],[126.77791,37.57496],[126.77722,37.57514],[126.77651,37.57527],[126.77581,37.57536],[126.7752,37.57542],[126.77473,37.57545],[126.77432,37.57546],[126.77388,37.57544],[126.77341,37.57538],[126.7729,37.5753],[126.7724,37.57518],[126.77191,37.57505],[126.77135,37.57484],[126.77081,37.5746],[126.77012,37.57429],[126.76771,37.57319],[126.76462,37.5718],[126.76178,37.57072],[126.76019,37.5703],[126.75873,37.57003],[126.75723,37.56986],[126.75554,37.56978],[126.75381,37.56981],[126.75199,37.56994],[126.7496,37.57034],[126.7471,37.57089],[126.74493,37.57132],[126.74333,37.57155],[126.74188,37.57168],[126.74042,37.57171],[126.7388,37.57169],[126.73176,37.57172],[126.70848,37.57053],[126.67921,37.56939],[126.67155,37.56893],[126.66356,37.56871],[126.66168,37.56867],[126.65998,37.56861],[126.65826,37.56848],[126.65643,37.56826],[126.65324,37.56766],[126.64996,37.56686],[126.64741,37.56604],[126.64501,37.56508],[126.64257,37.56387],[126.64021,37.56251],[126.63862,37.56148],[126.63705,37.56041],[126.63553,37.55949],[126.63441,37.55893],[126.63332,37.55847],[126.63209,37.55805],[126.63021,37.55753],[126.6281,37.55706],[126.62583,37.55659],[126.6157,37.55464],[126.60909,37.55292],[126.60573,37.5522],[126.6024,37.55144],[126.59945,37.55052],[126.59597,37.54936],[126.56886,37.54059],[126.56767,37.54022],[126.5668,37.53996],[126.56597,37.53966],[126.56504,37.53924],[126.56415,37.53879],[126.56333,37.53833],[126.56248,37.53779],[126.56173,37.53724],[126.56112,37.53674],[126.5605,37.53619],[126.55804,37.5341],[126.55413,37.53113],[126.53746,37.51848],[126.53558,37.51706],[126.53462,37.51639],[126.53358,37.51574],[126.53217,37.51503],[126.53066,37.51435],[126.52773,37.51315],[126.52187,37.51075],[126.51775,37.50927],[126.51121,37.50734],[126.50951,37.50686],[126.50795,37.50637],[126.50678,37.5059],[126.50563,37.50537],[126.50455,37.5048],[126.50368,37.50427],[126.50288,37.5037],[126.50212,37.5031],[126.50139,37.50246],[126.50071,37.50178],[126.50007,37.50108],[126.49928,37.50008],[126.49838,37.49885],[126.49072,37.48879],[126.48732,37.4846],[126.48689,37.48409],[126.48655,37.48366],[126.48625,37.48319],[126.48595,37.48266],[126.48541,37.48147],[126.48492,37.48015],[126.48463,37.47903],[126.48446,37.478],[126.48442,37.47742],[126.48442,37.47687],[126.48445,37.47611],[126.48453,37.47533],[126.48466,37.4746],[126.48483,37.47382],[126.48537,37.47118],[126.4856,37.47017],[126.48577,37.4692],[126.48582,37.46817],[126.48578,37.4672],[126.48568,37.4666],[126.48552,37.46602],[126.48533,37.46545],[126.4851,37.46485],[126.4848,37.46426],[126.48441,37.4637],[126.48395,37.46315],[126.4835,37.46265],[126.48301,37.46217],[126.48246,37.46172],[126.48141,37.46101],[126.48022,37.46029],[126.47787,37.45898],[126.47086,37.45507],[126.47029,37.45475],[126.46986,37.45449],[126.46939,37.45426],[126.46885,37.45405],[126.46829,37.45388],[126.46774,37.45373],[126.46699,37.45356],[126.46624,37.45341],[126.46475,37.4531],[126.464,37.45295],[126.46326,37.45278],[126.46275,37.45262],[126.46226,37.45245],[126.46178,37.45224],[126.46138,37.45204],[126.461,37.45182],[126.46045,37.4515],[126.44195,37.44112],[126.44133,37.44076],[126.4409,37.4405],[126.44045,37.44028],[126.44003,37.44012],[126.4396,37.43997],[126.43916,37.43985],[126.43873,37.43977],[126.43822,37.43973],[126.43773,37.43974],[126.43725,37.43978],[126.43681,37.43983],[126.43639,37.43991],[126.43597,37.44005],[126.43553,37.44027],[126.43509,37.44056],[126.43465,37.4409],[126.43426,37.44124],[126.43395,37.44156],[126.43369,37.44189],[126.43342,37.44227],[126.43304,37.44276],[126.42368,37.45446],[126.42312,37.45513],[126.42271,37.45566],[126.42244,37.45608],[126.42219,37.45652],[126.42198,37.45696],[126.42183,37.45738],[126.42171,37.45781],[126.42165,37.45825],[126.42164,37.4588],[126.42168,37.45938],[126.42177,37.45991],[126.42187,37.46029],[126.422,37.46065],[126.42218,37.46103],[126.42251,37.46161],[126.42292,37.46222],[126.42331,37.46275],[126.42366,37.46315],[126.42401,37.4635],[126.42442,37.46385],[126.42487,37.46417],[126.42528,37.46442],[126.42584,37.46473],[126.43542,37.4702]]]}},{"type":"Feature","properties":{"c":"main","n":"인천국제공항선","g":"kr","jk":"main","lc":"#0087c0","nz":"仁川国际机场线","ne":"Incheon International Airport Line","off":-0.5},"geometry":{"type":"LineString","coordinates":[[126.9656924,37.5381507],[126.96564,37.53814],[126.96503,37.53812],[126.96433,37.53815],[126.96357,37.53825],[126.96275,37.53837],[126.9614,37.53865],[126.95986,37.53902],[126.95834,37.53945],[126.95704,37.5399],[126.95631,37.54025],[126.95568,37.54062],[126.95509,37.54099],[126.95447,37.54135],[126.95318,37.54196],[126.95174,37.5426],[126.94872,37.54403],[126.94561,37.54543],[126.9438,37.5461],[126.94224,37.54663],[126.94177,37.54678],[126.94133,37.54691],[126.94093,37.54705],[126.94055,37.54723],[126.9402,37.54745],[126.93988,37.5477],[126.93957,37.54798],[126.93923,37.5483],[126.93853,37.54911],[126.93777,37.55008],[126.93682,37.55107],[126.93498,37.55254],[126.9328,37.55408],[126.93077,37.55537],[126.92949,37.55602],[126.92829,37.55655],[126.92729,37.55705],[126.92677,37.55737],[126.9265669,37.5575164]]}},{"type":"Feature","properties":{"c":"main","n":"인천국제공항선","g":"kr","jk":"main","lc":"#0087c0","nz":"仁川国际机场线","ne":"Incheon International Airport Line","off":-0.375},"geometry":{"type":"MultiLineString","coordinates":[[[126.9669434,37.5385934],[126.96682,37.53853],[126.96646,37.53837],[126.96608,37.53823],[126.9656924,37.5381507]],[[126.9265669,37.5575164],[126.92634,37.55768],[126.9261226,37.5578745]]]}},{"type":"Feature","properties":{"c":"main","n":"인천국제공항선","g":"kr","jk":"main","lc":"#0087c0","nz":"仁川国际机场线","ne":"Incheon International Airport Line","off":-0.25},"geometry":{"type":"MultiLineString","coordinates":[[[126.9680527,37.5393273],[126.96787,37.53918],[126.96754,37.53894],[126.96719,37.53872],[126.9669434,37.5385934]],[[126.9261226,37.5578745],[126.92596,37.55802],[126.9257139,37.5582735]]]}},{"type":"Feature","properties":{"c":"main","n":"인천국제공항선","g":"kr","jk":"main","lc":"#0087c0","nz":"仁川国际机场线","ne":"Incheon International Airport Line","off":-0.125},"geometry":{"type":"MultiLineString","coordinates":[[[126.9690537,37.5402079],[126.96877,37.53996],[126.96847,37.53969],[126.96818,37.53943],[126.9680527,37.5393273]],[[126.9257139,37.5582735],[126.92563,37.55836],[126.9253579,37.5587195]]]}},{"type":"Feature","properties":{"c":"main","n":"인천국제공항선","g":"kr","jk":"main","lc":"#0087c0","nz":"仁川国际机场线","ne":"Incheon International Airport Line","off":0.125},"geometry":{"type":"MultiLineString","coordinates":[[[126.9250078,37.5591712],[126.92497,37.55922],[126.9246551,37.5596208]],[[126.9167821,37.5674667],[126.91667,37.56752],[126.9155499,37.5679756]]]}},{"type":"Feature","properties":{"c":"main","n":"인천국제공항선","g":"kr","jk":"main","lc":"#0087c0","nz":"仁川国际机场线","ne":"Incheon International Airport Line","off":0.25},"geometry":{"type":"MultiLineString","coordinates":[[[126.9246551,37.5596208],[126.9243021,37.5600701]],[[126.9179864,37.5668944],[126.9167821,37.5674667]]]}},{"type":"Feature","properties":{"c":"main","n":"인천국제공항선","g":"kr","jk":"main","lc":"#0087c0","nz":"仁川国际机场线","ne":"Incheon International Airport Line","off":0.375},"geometry":{"type":"MultiLineString","coordinates":[[[126.9243021,37.5600701],[126.923949,37.5605194]],[[126.9191653,37.5662879],[126.91909,37.56637],[126.9179864,37.5668944]]]}},{"type":"Feature","properties":{"c":"main","n":"인천국제공항선","g":"kr","jk":"main","lc":"#0087c0","nz":"仁川国际机场线","ne":"Incheon International Airport Line","off":0.5},"geometry":{"type":"LineString","coordinates":[[126.923949,37.5605194],[126.92387,37.56062],[126.92242,37.56252],[126.92076,37.56455],[126.9191653,37.5662879]]}},{"type":"Feature","properties":{"c":"main","n":"일산선","g":"kr","jk":"main","nz":"一山线","ne":"Ilsan Line"},"geometry":{"type":"LineString","coordinates":[[126.74594,37.67681],[126.76034,37.67051],[126.76193,37.66985],[126.7632,37.66926],[126.76411,37.66876],[126.76499,37.66823],[126.76578,37.66768],[126.76639,37.66719],[126.76693,37.66668],[126.76746,37.66617],[126.76901,37.66457],[126.77002,37.6636],[126.77116,37.66249],[126.77232,37.66115],[126.77424,37.65819],[126.77622,37.65472],[126.77767,37.65212],[126.77812,37.65134],[126.7785,37.65072],[126.77883,37.65027],[126.77919,37.64984],[126.77958,37.64943],[126.77997,37.6491],[126.7804,37.64879],[126.78099,37.64836],[126.79644,37.6367],[126.79743,37.63591],[126.79819,37.63531],[126.79901,37.63476],[126.79999,37.63423],[126.80102,37.63376],[126.80208,37.63334],[126.80316,37.63299],[126.80426,37.63268],[126.80539,37.63243],[126.8065,37.63226],[126.80762,37.63214],[126.80884,37.632],[126.81455,37.6313],[126.81503,37.63123],[126.81544,37.63116],[126.81581,37.63111],[126.8162,37.63109],[126.81662,37.63112],[126.81704,37.63118],[126.81745,37.63126],[126.81784,37.63136],[126.81827,37.63149],[126.81867,37.63165],[126.81904,37.63184],[126.81936,37.63206],[126.81965,37.6323],[126.82,37.63259],[126.82053,37.63304],[126.82116,37.63358],[126.82183,37.63411],[126.82252,37.63455],[126.82315,37.63485],[126.82381,37.63511],[126.82448,37.63531],[126.82516,37.63543],[126.82583,37.63543],[126.8265,37.63535],[126.82721,37.63522],[126.828,37.6351],[126.83395,37.63443],[126.83448,37.63435],[126.8349,37.63429],[126.83533,37.63427],[126.8358,37.63427],[126.83627,37.63431],[126.83671,37.63442],[126.83712,37.63464],[126.8375,37.63494],[126.83781,37.63525],[126.83809,37.63563],[126.8383,37.63604],[126.83846,37.63642],[126.83864,37.63687],[126.83924,37.63825],[126.83986,37.6398],[126.84018,37.64091],[126.8404,37.64198],[126.84049,37.64306],[126.84054,37.6442],[126.84077,37.64787],[126.8408,37.64847],[126.84084,37.64899],[126.8409,37.64936],[126.84098,37.64973],[126.8411,37.65008],[126.84127,37.65041],[126.84148,37.65071],[126.84173,37.65108],[126.84365,37.65415],[126.84384,37.65447],[126.84399,37.65475],[126.84414,37.655],[126.84434,37.65525],[126.84458,37.65549],[126.84485,37.65572],[126.84515,37.65593],[126.84546,37.6561],[126.84588,37.65626],[126.84634,37.65637],[126.84679,37.65642],[126.8472,37.65639],[126.84762,37.65631],[126.84809,37.65622],[126.85068,37.65581],[126.85439,37.655],[126.86182,37.65337],[126.87689,37.64977],[126.87739,37.64963],[126.87777,37.64955],[126.87823,37.64955],[126.87869,37.64961],[126.87907,37.6497],[126.87956,37.64984],[126.88698,37.65185],[126.88882,37.65231],[126.89067,37.65277],[126.89249,37.65318],[126.89424,37.65344],[126.896,37.65298],[126.89781,37.65236],[126.89965,37.65167],[126.90148,37.65102],[126.90513,37.64991],[126.90862,37.64898],[126.91107,37.64851],[126.91342,37.64813]]}},{"type":"Feature","properties":{"c":"branch","n":"장성화물선","g":"kr","jk":"branch","nz":"长城货物线","ne":"Jangseonghwamul Line"},"geometry":{"type":"LineString","coordinates":[[126.7770343,35.322248],[126.7769,35.32206],[126.77656,35.32162],[126.77617,35.32116],[126.77575,35.32073],[126.77532,35.32036],[126.77486,35.32001],[126.77432,35.31959],[126.77018,35.31629],[126.76972,35.3159],[126.76932,35.31554],[126.76893,35.31523],[126.76849,35.31494],[126.76798,35.31468],[126.76742,35.31446],[126.76686,35.31427],[126.76635,35.31413],[126.76589,35.31405],[126.76545,35.31401],[126.76502,35.314],[126.76458,35.31401],[126.76415,35.31405],[126.76372,35.31412],[126.76332,35.31422],[126.76294,35.31436],[126.76249,35.31451],[126.75943,35.31548],[126.75146,35.31857]]}},{"type":"Feature","properties":{"c":"branch","n":"장성화물선","g":"kr","jk":"branch","nz":"长城货物线","ne":"Jangseonghwamul Line","off":0.125},"geometry":{"type":"LineString","coordinates":[[126.7776192,35.3234373],[126.77752,35.32311],[126.77735,35.32276],[126.77715,35.32241],[126.7770343,35.322248]]}},{"type":"Feature","properties":{"c":"branch","n":"장성화물선","g":"kr","jk":"branch","nz":"长城货物线","ne":"Jangseonghwamul Line","off":0.25},"geometry":{"type":"LineString","coordinates":[[126.7779312,35.3247335],[126.77778,35.32414],[126.7777,35.32377],[126.77762,35.32344],[126.7776192,35.3234373]]}},{"type":"Feature","properties":{"c":"branch","n":"장성화물선","g":"kr","jk":"branch","nz":"长城货物线","ne":"Jangseonghwamul Line","off":0.375},"geometry":{"type":"LineString","coordinates":[[126.7782604,35.3260255],[126.7779312,35.3247335]]}},{"type":"Feature","properties":{"c":"branch","n":"장성화물선","g":"kr","jk":"branch","nz":"长城货物线","ne":"Jangseonghwamul Line","off":0.5},"geometry":{"type":"LineString","coordinates":[[126.78009,35.33508],[126.77993,35.33474],[126.77979,35.33438],[126.77972,35.33406],[126.77965,35.33365],[126.7788,35.32894],[126.77831,35.32622],[126.7782604,35.3260255]]}},{"type":"Feature","properties":{"c":"main","n":"장항선","g":"kr","jk":"main","nz":"长项线","ne":"Janghang Line"},"geometry":{"type":"LineString","coordinates":[[127.1462,36.80778],[127.14616,36.80836],[127.14612,36.80895],[127.14612,36.80953],[127.14619,36.8101],[127.14631,36.81067],[127.14643,36.81121],[127.14651,36.81162],[127.14659,36.81201],[127.1467,36.8124],[127.14688,36.81282],[127.14709,36.81324],[127.1473,36.81366]]}},{"type":"Feature","properties":{"c":"main","n":"장항선","g":"kr","jk":"main","nz":"长项线","ne":"Janghang Line"},"geometry":{"type":"MultiLineString","coordinates":[[[127.14768,36.81516],[127.14611,36.80736],[127.14605,36.80697],[127.14598,36.80668],[127.14585,36.80636],[127.14567,36.80604],[127.14538,36.80568],[127.14502,36.80536],[127.14461,36.80516],[127.14407,36.80495],[127.14127,36.80379],[127.13805,36.80239],[127.13626,36.80144],[127.13457,36.80057],[127.13255,36.79983],[127.13075,36.79924],[127.13026,36.79908],[127.12984,36.79894],[127.12944,36.79878],[127.12904,36.79858],[127.12865,36.79835],[127.12828,36.79812],[127.12785,36.79779],[127.1274,36.79742],[127.1269,36.797],[127.12634,36.79653],[127.12564,36.79602],[127.12438,36.79527],[127.12282,36.79441],[127.12121,36.7936],[127.11982,36.793],[127.1191,36.79278],[127.11846,36.79264],[127.11781,36.79255],[127.11707,36.79249],[127.11579,36.7925],[127.11433,36.79262],[127.11286,36.79276],[127.11154,36.79283],[127.10987,36.7928],[127.10832,36.79268],[127.10689,36.79246],[127.10516,36.79215],[127.09776,36.79104],[127.08826,36.78934],[127.07553,36.78558],[127.06228,36.7814],[127.0496,36.77644],[127.0398,36.77237],[127.03888,36.77197],[127.03817,36.77165],[127.03755,36.77139],[127.03685,36.77118],[127.03603,36.77101],[127.03517,36.77089],[127.03433,36.77083],[127.03358,36.7708],[127.03311,36.77082],[127.03268,36.77085],[127.03227,36.77091],[127.03185,36.77099],[127.03126,36.77112],[127.03067,36.77129],[127.03008,36.77149],[127.02904,36.77189],[127.02801,36.77235],[127.02602,36.77333],[127.0165,36.77801],[127.01588,36.77832],[127.01539,36.77856],[127.015,36.77872],[127.0146,36.77887],[127.01419,36.77898],[127.0138,36.77905],[127.0134,36.77909],[127.0129,36.77914],[127.00759,36.77979],[127.00502,36.78015],[127.0023,36.78056],[126.99997,36.78105],[126.9988,36.78144],[126.9978,36.78187],[126.99692,36.78225],[126.99638,36.78247],[126.9959,36.78268],[126.9954,36.78285],[126.99486,36.783],[126.9943,36.78312],[126.99373,36.78321],[126.99319,36.78326],[126.99265,36.78327],[126.99201,36.78329],[126.98989,36.78341],[126.98761,36.78349],[126.98678,36.78349],[126.98599,36.78349],[126.98522,36.78344],[126.98444,36.78334],[126.98354,36.78315],[126.98263,36.78289],[126.98172,36.78259],[126.98084,36.78226],[126.97932,36.7816],[126.97751,36.78072],[126.96878,36.77659],[126.9589,36.77215],[126.95434,36.77047],[126.94937,36.76881],[126.91409,36.75709],[126.88418,36.74781],[126.881,36.74686],[126.87842,36.74602],[126.87549,36.74488],[126.87292,36.74376],[126.8718,36.74324],[126.8708,36.7427],[126.86952,36.74191],[126.86823,36.74104],[126.86582,36.73923],[126.84702,36.72509],[126.84567,36.7241],[126.84464,36.7233],[126.84354,36.72233],[126.8425,36.72132],[126.84158,36.72031],[126.84062,36.71919],[126.83699,36.71508],[126.83606,36.71405],[126.83524,36.7131],[126.8345,36.71208],[126.83383,36.71097],[126.83308,36.70933],[126.83244,36.70756],[126.83201,36.70592],[126.83159,36.70405],[126.83044,36.69968],[126.82931,36.69469],[126.82865,36.68919],[126.82825,36.68457],[126.82814,36.6834],[126.82802,36.68242],[126.8279,36.68169],[126.82775,36.68097],[126.82756,36.6803],[126.82736,36.67983],[126.82713,36.67939],[126.82686,36.67897],[126.8265,36.67849],[126.82608,36.67802],[126.82564,36.67759],[126.82521,36.67722],[126.82475,36.67689],[126.82426,36.67658],[126.82366,36.67626],[126.82302,36.67597],[126.82236,36.67572],[126.82172,36.67554],[126.82106,36.67539],[126.82041,36.67529],[126.81979,36.67523],[126.81917,36.67521],[126.81856,36.67522],[126.81775,36.67526],[126.81671,36.67534],[126.80904,36.67576],[126.79901,36.67651],[126.79257,36.67742],[126.78603,36.67848],[126.77961,36.67927],[126.77386,36.67934],[126.7682,36.67917],[126.76224,36.67912],[126.74905,36.67988],[126.73856,36.68066],[126.73733,36.68075],[126.73639,36.6808],[126.73566,36.6808],[126.73494,36.68077],[126.73421,36.6807],[126.73337,36.68059],[126.73251,36.68042],[126.73166,36.68021],[126.73081,36.67994],[126.72997,36.67962],[126.72917,36.67925],[126.72842,36.67885],[126.7277,36.67841],[126.72707,36.67799],[126.72648,36.67754],[126.72597,36.67709],[126.72553,36.67665],[126.72502,36.6761],[126.72082,36.67169],[126.72021,36.67107],[126.71971,36.67053],[126.71938,36.67013],[126.71907,36.66972],[126.71878,36.66927],[126.71841,36.66856],[126.71807,36.66776],[126.7178,36.66701],[126.71766,36.66646],[126.71756,36.66594],[126.71751,36.66539],[126.7175,36.66468],[126.71755,36.66394],[126.71765,36.66323],[126.71779,36.66265],[126.71798,36.66209],[126.71824,36.66147],[126.71929,36.65954],[126.72034,36.65761],[126.72074,36.65672],[126.72102,36.65588],[126.72118,36.65522],[126.72131,36.65453],[126.72138,36.65382],[126.72137,36.65301],[126.7213,36.65217],[126.72121,36.65132],[126.72079,36.64884],[126.71968,36.6422],[126.71926,36.64015],[126.71873,36.63826],[126.71796,36.63648],[126.717,36.6345],[126.71259,36.62494],[126.71215,36.62392],[126.71174,36.6231],[126.7112,36.62222],[126.71058,36.62138],[126.71015,36.62088],[126.70969,36.62039],[126.70918,36.61992],[126.70852,36.61939],[126.70778,36.61887],[126.70708,36.61843],[126.70661,36.61816],[126.70616,36.61794],[126.70564,36.61772],[126.70473,36.61739],[126.7037,36.61706],[126.70264,36.61678],[126.70162,36.61659],[126.70058,36.61646],[126.69948,36.61632],[126.69495,36.61565],[126.69365,36.61548],[126.69245,36.61529],[126.6912,36.61502],[126.69001,36.6147],[126.68908,36.61437],[126.68824,36.61401],[126.68754,36.61365],[126.68685,36.61323],[126.68583,36.61249],[126.68488,36.61172],[126.68455,36.61141],[126.68426,36.61111],[126.68397,36.61076],[126.68343,36.61],[126.68288,36.60909],[126.682817,36.6089667]],[[126.6808768,36.5936902],[126.68056,36.58942],[126.68046,36.58756],[126.68031,36.586],[126.68006,36.58486],[126.67974,36.58372],[126.67936,36.58267],[126.67903,36.58192],[126.67866,36.58122],[126.67823,36.58053],[126.67738,36.57932],[126.67639,36.57815],[126.67538,36.57717],[126.67429,36.57626],[126.67325,36.5755],[126.67191,36.57459],[126.65682,36.56402],[126.65588,36.56338],[126.65517,36.56287],[126.65478,36.56256],[126.65439,36.56225],[126.65402,36.56193],[126.65369,36.56158],[126.65343,36.56122],[126.65322,36.56084],[126.65301,36.56044],[126.65277,36.55999],[126.65083,36.55663],[126.65042,36.55585],[126.65003,36.55513],[126.64957,36.55444],[126.64899,36.55381],[126.64833,36.55321],[126.64768,36.55258],[126.64665,36.55133],[126.64562,36.5501],[126.64514,36.54965],[126.64465,36.54923],[126.64419,36.54882],[126.64378,36.54838],[126.64349,36.5479],[126.64327,36.5474],[126.64305,36.54688],[126.64276,36.54638],[126.64209,36.54562],[126.64131,36.54486],[126.6406,36.54405],[126.6401,36.54314],[126.63968,36.54219],[126.63915,36.54122],[126.6382,36.54002],[126.63711,36.53882],[126.6362,36.53782],[126.63584,36.53744],[126.63555,36.53712],[126.63529,36.53678],[126.63507,36.53642],[126.63488,36.53604],[126.6347,36.5356],[126.63446,36.53473],[126.63424,36.53372],[126.63398,36.53282],[126.63382,36.53242],[126.63366,36.53206],[126.63347,36.53173],[126.63323,36.53142],[126.63291,36.5311],[126.63253,36.5308],[126.63214,36.53052],[126.63181,36.53027],[126.63143,36.52998],[126.63111,36.52971],[126.63082,36.52939],[126.63058,36.52905],[126.63044,36.5287],[126.63032,36.52832],[126.63017,36.52786],[126.63,36.52735],[126.6298,36.52685],[126.62961,36.52651],[126.62941,36.52617],[126.62918,36.52584],[126.62889,36.52549],[126.62837,36.52498],[126.62773,36.52444],[126.62709,36.52393],[126.62656,36.52349],[126.6261,36.52311],[126.62571,36.52276],[126.62546,36.52251],[126.62523,36.52224],[126.62501,36.52194],[126.62473,36.52144],[126.62446,36.52088],[126.62421,36.52027],[126.62384,36.51911],[126.62355,36.51787],[126.62337,36.51648],[126.62325,36.51518],[126.62322,36.51481],[126.62321,36.51448],[126.62318,36.51416],[126.6231,36.51384],[126.62298,36.51353],[126.62282,36.51322],[126.62263,36.51291],[126.62241,36.5126],[126.62209,36.51222],[126.62172,36.51183],[126.62135,36.51143],[126.62105,36.51102],[126.62085,36.51064],[126.62069,36.51026],[126.62057,36.50986],[126.62049,36.5094],[126.62042,36.50863],[126.62043,36.50776],[126.62051,36.50681],[126.62069,36.50581],[126.62121,36.50419],[126.62199,36.50235],[126.62278,36.50062],[126.62336,36.49933],[126.62356,36.49889],[126.62371,36.49855],[126.62383,36.4982],[126.62391,36.49781],[126.62396,36.49742],[126.62396,36.49701],[126.62393,36.49666],[126.62386,36.4963],[126.62375,36.49592],[126.62359,36.4955],[126.62317,36.49475],[126.62259,36.4939],[126.62201,36.49303],[126.62161,36.49218],[126.62147,36.49145],[126.62145,36.49068],[126.62147,36.48999],[126.62148,36.48947],[126.62145,36.48895],[126.62123,36.48847],[126.62084,36.48807],[126.61997,36.48716],[126.61963,36.48684],[126.61934,36.48651],[126.61918,36.48623],[126.61905,36.48594],[126.61897,36.48563],[126.61894,36.48527],[126.61897,36.48488],[126.61905,36.48451],[126.61921,36.48419],[126.61942,36.48388],[126.61966,36.48354],[126.61995,36.4831],[126.62029,36.48261],[126.62062,36.4821],[126.62087,36.48159],[126.62103,36.48112],[126.62114,36.48063],[126.62121,36.48016],[126.62121,36.4797],[126.62116,36.47934],[126.62106,36.479],[126.62094,36.47866],[126.62079,36.4783],[126.62034,36.47739],[126.61987,36.47645],[126.61955,36.47552],[126.61924,36.47452],[126.61825,36.47145],[126.61802,36.47076],[126.61782,36.47013],[126.61771,36.46969],[126.61761,36.46924],[126.61755,36.46879],[126.61754,36.46836],[126.61757,36.46792],[126.6176,36.46743],[126.61771,36.46486],[126.61775,36.46419],[126.6178,36.46354],[126.61779,36.4629],[126.61773,36.4624],[126.61765,36.46191],[126.61752,36.46142],[126.61735,36.46095],[126.61713,36.4605],[126.61685,36.46007],[126.61654,36.45964],[126.61624,36.45918],[126.61471,36.45677],[126.61445,36.45634],[126.61422,36.45593],[126.61398,36.45553],[126.61369,36.45516],[126.61335,36.45479],[126.61298,36.45443],[126.61258,36.45411],[126.61214,36.45384],[126.61168,36.45366],[126.6112,36.45354],[126.61066,36.45343],[126.61,36.45328],[126.60506,36.45194],[126.5998,36.4506],[126.59775,36.45022],[126.59613,36.44996],[126.59559,36.44987],[126.59513,36.4498],[126.59468,36.4497],[126.59422,36.44953],[126.59378,36.44933],[126.59338,36.44911],[126.59305,36.44889],[126.59276,36.44866],[126.59251,36.4484],[126.59234,36.44813],[126.59222,36.44785],[126.59205,36.44747],[126.5888,36.44079],[126.58857,36.44029],[126.58837,36.43991],[126.58809,36.4395],[126.58778,36.4391],[126.58748,36.43874],[126.5871,36.43833],[126.58573,36.43673],[126.58408,36.43492],[126.58272,36.43366],[126.58147,36.43257],[126.58109,36.43226],[126.58074,36.43198],[126.58042,36.43171],[126.58016,36.4314],[126.57997,36.43102],[126.57984,36.4306],[126.57975,36.43017],[126.57969,36.42974],[126.57966,36.42908],[126.5797,36.42839],[126.57973,36.42778],[126.57975,36.42744],[126.57977,36.42713],[126.57975,36.42682],[126.57969,36.42651],[126.57958,36.4262],[126.57946,36.42589],[126.57928,36.42549],[126.57903,36.425],[126.57795,36.42269],[126.57661,36.41999],[126.57555,36.41824],[126.57436,36.41634],[126.5684,36.40579],[126.5669,36.40311],[126.56624,36.40174],[126.56567,36.40035],[126.56522,36.39896],[126.56487,36.39757],[126.56465,36.39623],[126.56452,36.39483],[126.56449,36.39297],[126.56456,36.39122],[126.56466,36.39032],[126.56479,36.38951],[126.56513,36.38807],[126.56581,36.38518],[126.56686,36.38187],[126.56816,36.37862],[126.57461,36.36241],[126.57609,36.35841],[126.57762,36.35483],[126.57971,36.35133],[126.58214,36.34775],[126.58932,36.33752],[126.59016,36.33638],[126.59081,36.33542],[126.5912,36.33466],[126.59155,36.33389],[126.59183,36.33314],[126.59199,36.33248],[126.5921,36.33184],[126.59217,36.3312],[126.59218,36.33027],[126.59215,36.32924],[126.59209,36.32789],[126.59202,36.32632],[126.5921,36.3247],[126.59248,36.32286],[126.59304,36.32094],[126.59369,36.31889],[126.59661,36.30986],[126.59797,36.30488],[126.59835,36.303],[126.59859,36.30114],[126.59867,36.29901],[126.59859,36.29664],[126.59811,36.2925],[126.5976,36.2878],[126.59754,36.28152],[126.59756,36.27562],[126.59723,36.27034],[126.59647,36.26476],[126.5963,36.26203],[126.59632,36.25946],[126.59653,36.25769],[126.59687,36.25604],[126.59733,36.25458],[126.59788,36.25302],[126.5988,36.25005],[126.59991,36.24697],[126.60106,36.24471],[126.60232,36.2426],[126.60486,36.23876],[126.60995,36.23108],[126.61704,36.2208],[126.62526,36.2099],[126.62696,36.20766],[126.62787,36.20659],[126.62887,36.20552],[126.63017,36.20427],[126.63171,36.20294],[126.63429,36.20097],[126.63728,36.19881],[126.64578,36.19282],[126.64831,36.19118],[126.65065,36.18964],[126.65284,36.18795],[126.65514,36.18612],[126.66259,36.18026],[126.66444,36.17885],[126.66607,36.17753],[126.66766,36.17604],[126.66913,36.1745],[126.67034,36.17307],[126.67145,36.1716],[126.6725,36.16999],[126.67346,36.16833],[126.67521,36.16497],[126.67976,36.15617],[126.68073,36.1543],[126.68153,36.15238],[126.68248,36.1505],[126.6856,36.14435],[126.6887,36.13762],[126.68954,36.13588],[126.69025,36.13426],[126.69081,36.13244],[126.69125,36.13059],[126.69192,36.12687],[126.69376,36.11665],[126.69414,36.11457],[126.69436,36.11353],[126.69463,36.11251],[126.69493,36.11166],[126.6953,36.11078],[126.69595,36.10947],[126.69673,36.10813],[126.69757,36.10697],[126.6986,36.10565],[126.70508,36.09707],[126.70552,36.09653],[126.70585,36.09611],[126.70614,36.09568],[126.70637,36.09518],[126.70656,36.09466],[126.70673,36.09412],[126.70704,36.09307],[126.7073,36.09197],[126.70743,36.09098],[126.70756,36.08979],[126.70865,36.08058],[126.70944,36.07437],[126.71042,36.06824],[126.71158,36.06371],[126.71269,36.0599],[126.71317,36.0583],[126.71352,36.05688],[126.71368,36.05535],[126.71373,36.05378],[126.71367,36.05015],[126.7136667,36.0500726]],[[126.7174975,36.0310007],[126.71789,36.02928],[126.71817,36.02806],[126.71825,36.02776],[126.71833,36.02746],[126.71842,36.02716],[126.71855,36.02685],[126.71876,36.02648],[126.71902,36.02609],[126.7193,36.02572],[126.71959,36.02539],[126.7199,36.02508],[126.72023,36.02481],[126.72061,36.02455],[126.72106,36.0243],[126.72156,36.02404],[126.72211,36.0238],[126.72267,36.0236],[126.72328,36.02345],[126.72392,36.02333],[126.72459,36.02324],[126.72531,36.02315],[126.72671,36.02303],[126.72824,36.02293],[126.72975,36.02275],[126.73121,36.02246],[126.73266,36.02209],[126.73408,36.02167],[126.73596,36.02098],[126.73816,36.02009],[126.75492,36.01359],[126.75558,36.01335],[126.75605,36.01318],[126.7565,36.01298],[126.75686,36.01279],[126.75721,36.0126],[126.75755,36.01237],[126.75788,36.01211],[126.75827,36.0117],[126.75865,36.01123],[126.75899,36.01074],[126.75925,36.01025],[126.75942,36.00984],[126.75952,36.00942],[126.75959,36.00901],[126.75965,36.00859],[126.75972,36.00786],[126.75978,36.0069],[126.76094,35.99071],[126.76099,35.98977],[126.76102,35.98906],[126.76111,35.98836],[126.76122,35.98777],[126.76136,35.98719],[126.76155,35.98662],[126.76182,35.98607],[126.76217,35.9856],[126.76259,35.98516],[126.76307,35.98472],[126.76359,35.9842],[126.76784,35.97969],[126.77098,35.97672],[126.77437,35.97321],[126.77769,35.96855],[126.78113,35.96317],[126.78457,35.95845],[126.78707,35.9559],[126.78952,35.95368],[126.7921,35.95135],[126.80259,35.94187],[126.80341,35.94113],[126.80368,35.94089],[126.80396,35.94066],[126.80428,35.94043],[126.80469,35.94019],[126.80516,35.93995],[126.80566,35.93972],[126.80618,35.93953],[126.8062224,35.9395192]],[[126.832512,35.9481129],[126.83481,35.94882],[126.83698,35.94935],[126.83901,35.94976],[126.84033,35.94997],[126.84168,35.95015],[126.84657,35.95078],[126.84967,35.95108],[126.85274,35.95124],[126.8543,35.95122],[126.85579,35.95114],[126.85729,35.95099],[126.85892,35.95073],[126.86058,35.95039],[126.86221,35.94999],[126.86434,35.94936],[126.86693,35.94852],[126.89469,35.93985],[126.89914,35.93839],[126.90302,35.93724],[126.90733,35.93637],[126.91175,35.93565],[126.92131,35.93416],[126.92326,35.93389],[126.92505,35.93366],[126.92665,35.93354],[126.92757,35.93353],[126.9284,35.93358],[126.92935,35.9337],[126.93131,35.93411],[126.93356,35.93469],[126.93572,35.93513],[126.93746,35.93525],[126.93913,35.93526],[126.9401762,35.9353258]]]}},{"type":"Feature","properties":{"c":"main","n":"장항선","g":"kr","jk":"main","nz":"长项线","ne":"Janghang Line","off":-1.5},"geometry":{"type":"LineString","coordinates":[[126.943774,35.9368165],[126.94399,35.93707],[126.94421,35.93735],[126.94439,35.93765],[126.94452,35.93793],[126.94462,35.93821],[126.94471,35.93852],[126.94483,35.93889],[126.94647,35.9435]]}},{"type":"Feature","properties":{"c":"main","n":"장항선","g":"kr","jk":"main","nz":"长项线","ne":"Janghang Line","off":-1.375},"geometry":{"type":"LineString","coordinates":[[126.9435182,35.9365582],[126.94376,35.9368],[126.943774,35.9368165]]}},{"type":"Feature","properties":{"c":"main","n":"장항선","g":"kr","jk":"main","nz":"长项线","ne":"Janghang Line","off":-1.25},"geometry":{"type":"LineString","coordinates":[[126.9432402,35.9363238],[126.94351,35.93655],[126.9435182,35.9365582]]}},{"type":"Feature","properties":{"c":"main","n":"장항선","g":"kr","jk":"main","nz":"长项线","ne":"Janghang Line","off":-1.125},"geometry":{"type":"LineString","coordinates":[[126.9429484,35.936107],[126.9432,35.93629],[126.9432402,35.9363238]]}},{"type":"Feature","properties":{"c":"main","n":"장항선","g":"kr","jk":"main","nz":"长项线","ne":"Janghang Line","off":-1.0},"geometry":{"type":"LineString","coordinates":[[126.9426327,35.9359283],[126.94287,35.93605],[126.9429484,35.936107]]}},{"type":"Feature","properties":{"c":"main","n":"장항선","g":"kr","jk":"main","nz":"长项线","ne":"Janghang Line","off":-0.875},"geometry":{"type":"LineString","coordinates":[[126.9423011,35.9357802],[126.94248,35.93585],[126.9426327,35.9359283]]}},{"type":"Feature","properties":{"c":"main","n":"장항선","g":"kr","jk":"main","nz":"长项线","ne":"Janghang Line","off":-0.75},"geometry":{"type":"LineString","coordinates":[[126.941959,35.9356579],[126.94207,35.93569],[126.9423011,35.9357802]]}},{"type":"Feature","properties":{"c":"main","n":"장항선","g":"kr","jk":"main","nz":"长项线","ne":"Janghang Line","off":-0.625},"geometry":{"type":"LineString","coordinates":[[126.9416094,35.9355577],[126.94162,35.93556],[126.941959,35.9356579]]}},{"type":"Feature","properties":{"c":"main","n":"장항선","g":"kr","jk":"main","nz":"长项线","ne":"Janghang Line","off":-0.5},"geometry":{"type":"MultiLineString","coordinates":[[[126.6817009,36.6051599],[126.68168,36.60497],[126.68162,36.60371],[126.6811727,36.5976793]],[[126.7140506,36.0461122],[126.716608,36.0349005]],[[126.8101773,35.9393542],[126.81069,35.93948],[126.81117,35.93963],[126.8116,35.93981],[126.81208,35.94002],[126.8127,35.94028],[126.82557,35.94545],[126.8287609,35.9467264]],[[126.9412543,35.9354795],[126.9416094,35.9355577]]]}},{"type":"Feature","properties":{"c":"main","n":"장항선","g":"kr","jk":"main","nz":"长项线","ne":"Janghang Line","off":-0.375},"geometry":{"type":"MultiLineString","coordinates":[[[126.681893,36.606478],[126.68179,36.60597],[126.6817009,36.6051599]],[[126.6811727,36.5976793],[126.681074,36.5963496]],[[126.7137749,36.0474167],[126.71401,36.04629],[126.7140506,36.0461122]],[[126.716608,36.0349005],[126.7169045,36.0336006]],[[126.8088561,35.9391834],[126.80904,35.93919],[126.8096,35.93926],[126.81016,35.93935],[126.8101773,35.9393542]],[[126.8287609,35.9467264],[126.8299989,35.9472215]],[[126.9408974,35.9354103],[126.94112,35.93545],[126.9412543,35.9354795]]]}},{"type":"Feature","properties":{"c":"main","n":"장항선","g":"kr","jk":"main","nz":"长项线","ne":"Janghang Line","off":-0.25},"geometry":{"type":"MultiLineString","coordinates":[[[126.6822568,36.6077587],[126.68214,36.60745],[126.68194,36.60671],[126.681893,36.606478]],[[126.681074,36.5963496],[126.6809754,36.5950199]],[[126.7136353,36.0487401],[126.71364,36.04833],[126.71377,36.04744],[126.7137749,36.0474167]],[[126.7169045,36.0336006],[126.717201,36.0323006]],[[126.8075272,35.9392505],[126.8079,35.9392],[126.80848,35.93917],[126.8088561,35.9391834]],[[126.8299989,35.9472215],[126.83012,35.94727],[126.8312542,35.9476706]],[[126.9405391,35.9353487],[126.94056,35.93535],[126.9408974,35.9354103]]]}},{"type":"Feature","properties":{"c":"main","n":"장항선","g":"kr","jk":"main","nz":"长项线","ne":"Janghang Line","off":-0.125},"geometry":{"type":"MultiLineString","coordinates":[[[126.682817,36.6089667],[126.68242,36.60819],[126.6822568,36.6077587]],[[126.6809754,36.5950199],[126.6808768,36.5936902]],[[126.7136667,36.0500726],[126.71363,36.04921],[126.7136353,36.0487401]],[[126.717201,36.0323006],[126.7174975,36.0310007]],[[126.8062224,35.9395192],[126.80673,35.93939],[126.80731,35.93928],[126.8075272,35.9392505]],[[126.8312542,35.9476706],[126.83247,35.9481],[126.832512,35.9481129]],[[126.9401762,35.9353258],[126.9405391,35.9353487]]]}},{"type":"Feature","properties":{"c":"branch","n":"장항화물선","g":"kr","jk":"branch","nz":"长项货物线","off":-0.5},"geometry":{"type":"LineString","coordinates":[[126.71641,36.03514],[126.71412,36.04571]]}},{"type":"Feature","properties":{"c":"branch","n":"전경삼각선","g":"kr","jk":"branch","nz":"全庆三角线","off":0.5},"geometry":{"type":"LineString","coordinates":[[127.54761,34.92153],[127.5442,34.9287],[127.5434,34.93038],[127.54305,34.93122],[127.54275,34.93211],[127.54248,34.93329],[127.5423,34.93457],[127.54223,34.93614],[127.54222,34.9376],[127.5422,34.93796],[127.54216,34.93828],[127.54215,34.93857],[127.54219,34.93887],[127.5423,34.93917],[127.54245,34.93947],[127.54264,34.93976],[127.54286,34.94002],[127.54313,34.94025],[127.54344,34.94046],[127.54378,34.94065],[127.54413,34.94081],[127.54446,34.94094],[127.54479,34.94103],[127.54516,34.94112],[127.54563,34.94124],[127.55432,34.94373]]}},{"type":"Feature","properties":{"c":"main","n":"전라선","g":"kr","jk":"main","nz":"全罗线","ne":"Jeolla Line"},"geometry":{"type":"MultiLineString","coordinates":[[[127.74852,34.75338],[127.75003,34.75892],[127.75027,34.75976],[127.75046,34.76049],[127.75056,34.76099],[127.75063,34.7615],[127.75066,34.76208],[127.75061,34.76294],[127.7505,34.76394],[127.75032,34.76494],[127.75007,34.7658],[127.74986,34.7663],[127.74962,34.76674],[127.74933,34.76715],[127.74897,34.76758],[127.74837,34.76821],[127.74763,34.76887],[127.74684,34.7695],[127.74605,34.77007],[127.74513,34.77065],[127.74419,34.77115],[127.74323,34.77161],[127.74187,34.77214],[127.74037,34.77267],[127.73465,34.77479],[127.73257,34.77551],[127.73041,34.77616],[127.7269,34.77704],[127.72336,34.77778],[127.72116,34.77812],[127.71904,34.77835],[127.71646,34.77857],[127.71381,34.77868],[127.71133,34.77864],[127.70857,34.77853],[127.69612,34.77816],[127.68727,34.7779],[127.67713,34.7782],[127.65928,34.77995],[127.65803,34.78005],[127.65706,34.78012],[127.65612,34.78025],[127.65535,34.78042],[127.6546,34.78061],[127.65385,34.78084],[127.65311,34.78112],[127.65227,34.7815],[127.65143,34.78194],[127.65063,34.78243],[127.6499,34.78293],[127.6493,34.78341],[127.64876,34.78391],[127.64826,34.78443],[127.64781,34.78495],[127.64737,34.78558],[127.64699,34.78622],[127.64657,34.78693],[127.64408,34.79089],[127.6402473,34.7959026]],[[127.6223474,34.8193503],[127.62234,34.81936],[127.62095,34.82125],[127.6199,34.82279],[127.61878,34.82467],[127.61781,34.82646],[127.61677,34.82869],[127.6159,34.83098],[127.61228,34.84057],[127.61171,34.84214],[127.61117,34.84349],[127.6107,34.84448],[127.61018,34.84545],[127.60965,34.8463],[127.60927,34.84678],[127.60888,34.84719],[127.60848,34.84759],[127.60718,34.8488],[127.60195,34.8537],[127.59572,34.85954],[127.58837,34.86606],[127.57892,34.8733],[127.57068,34.8794],[127.5667,34.88262],[127.5661,34.88309],[127.56561,34.88351],[127.56528,34.88382],[127.56497,34.88414],[127.56467,34.88451],[127.56426,34.8851],[127.56387,34.88577],[127.56351,34.88645],[127.56309,34.88738],[127.56265,34.88849],[127.55967,34.8955],[127.5494434,34.91761]],[[127.5399513,34.940445],[127.53978,34.94058],[127.53942,34.94082],[127.5392885,34.9408904]],[[127.4939265,34.9511444],[127.49363,34.95136],[127.4933,34.95162],[127.493,34.95189],[127.49276,34.95216],[127.49256,34.95243],[127.49241,34.95271],[127.49227,34.95303],[127.49208,34.95358],[127.49192,34.9542],[127.49178,34.95483],[127.49163,34.95567],[127.4915,34.95665],[127.49101,34.95932],[127.4906,34.9625],[127.49067,34.96608],[127.49094,34.97022],[127.49177,34.98926],[127.49183,34.9902],[127.49189,34.99089],[127.49187,34.99157],[127.49176,34.9923],[127.49157,34.99302],[127.49132,34.99385],[127.49074,34.99556],[127.48999,34.99754],[127.48918,34.99932],[127.48856,35.0004],[127.4879,35.00137],[127.48717,35.00228],[127.48637,35.00316],[127.4855,35.00399],[127.48456,35.00476],[127.48361,35.0054],[127.4826,35.006],[127.48137,35.00672],[127.47623,35.0098],[127.47026,35.01356],[127.46426,35.01784],[127.4584,35.02235],[127.45301,35.02704],[127.44823,35.03155],[127.44546,35.03469],[127.44331,35.03751],[127.44222,35.03916],[127.44137,35.04073],[127.44078,35.0422],[127.4401,35.04416],[127.42565,35.08343],[127.42534,35.08421],[127.4251,35.08476],[127.42492,35.08523],[127.42479,35.08576],[127.42472,35.08636],[127.42471,35.08697],[127.42475,35.08758],[127.42481,35.08819],[127.42496,35.08898],[127.42516,35.08976],[127.42539,35.09054],[127.42621,35.09284],[127.42784,35.09739],[127.42814,35.09827],[127.42843,35.09904],[127.42859,35.09944],[127.42876,35.09984],[127.42896,35.10024],[127.4292,35.10064],[127.42954,35.1011],[127.42993,35.10156],[127.43039,35.10202],[127.43093,35.10251],[127.43254,35.10362],[127.4345,35.10481],[127.43622,35.10594],[127.43763,35.10707],[127.43882,35.1082],[127.43982,35.10939],[127.4409,35.11079],[127.44702,35.11838],[127.44879,35.12057],[127.45035,35.12285],[127.45171,35.12522],[127.45857,35.13727],[127.45929,35.13847],[127.45982,35.13946],[127.46027,35.14057],[127.46065,35.14178],[127.46108,35.14381],[127.4614,35.14579],[127.46155,35.14672],[127.46163,35.14757],[127.46164,35.14814],[127.46162,35.14872],[127.46154,35.14932],[127.46137,35.15011],[127.46112,35.15094],[127.46082,35.15176],[127.46029,35.15291],[127.45967,35.15409],[127.45796,35.15755],[127.45764,35.15824],[127.45736,35.15887],[127.45701,35.15947],[127.45668,35.15992],[127.45632,35.16035],[127.45593,35.16076],[127.45551,35.16115],[127.45508,35.16147],[127.45464,35.16175],[127.45413,35.16205],[127.45351,35.16244],[127.44868,35.16549],[127.44335,35.16901],[127.4406,35.17115],[127.43837,35.173],[127.43624,35.17471],[127.43513,35.17554],[127.43398,35.17632],[127.43287,35.17696],[127.4315,35.17768],[127.42054,35.18369],[127.41842,35.18485],[127.41737,35.18539],[127.41622,35.1859],[127.41501,35.18633],[127.41366,35.18674],[127.41232,35.18708],[127.41111,35.1873],[127.4099,35.18746],[127.40874,35.18755],[127.40777,35.18758],[127.40684,35.18756],[127.40591,35.18751],[127.40308,35.18729],[127.4002,35.18701],[127.39716,35.18682],[127.39499,35.18686],[127.39276,35.18706],[127.38887,35.18765],[127.38519,35.1883],[127.38417,35.18844],[127.3833,35.18856],[127.38245,35.18874],[127.38158,35.18902],[127.38074,35.18935],[127.37993,35.18974],[127.37906,35.19022],[127.37823,35.19076],[127.3775,35.19131],[127.37702,35.19174],[127.37662,35.19217],[127.37622,35.19264],[127.37572,35.19326],[127.37522,35.19394],[127.37478,35.19461],[127.37446,35.19523],[127.37419,35.19585],[127.37395,35.19648],[127.37369,35.19737],[127.37342,35.19841],[127.37149,35.20534],[127.37117,35.20645],[127.37092,35.20742],[127.37072,35.20848],[127.37057,35.20953],[127.37044,35.21139],[127.37035,35.21319],[127.37017,35.21512],[127.36993,35.21629],[127.36961,35.21743],[127.36923,35.21852],[127.36884,35.21939],[127.36841,35.22021],[127.36789,35.22109],[127.36693,35.22245],[127.3658,35.22393],[127.36479,35.22544],[127.36406,35.2269],[127.36343,35.2284],[127.36269,35.23017],[127.3564,35.2443],[127.35565,35.24607],[127.35496,35.24754],[127.35437,35.24858],[127.35373,35.2496],[127.35301,35.25059],[127.35215,35.25161],[127.35121,35.25259],[127.35025,35.25349],[127.34909,35.25444],[127.34777,35.25536],[127.34525,35.25687],[127.34247,35.2584],[127.33749,35.26088],[127.33206,35.26358],[127.32974,35.26468],[127.32753,35.26583],[127.32545,35.26717],[127.32345,35.2686],[127.31963,35.2716],[127.30012,35.28693],[127.29863,35.28808],[127.29747,35.28901],[127.29631,35.29009],[127.29512,35.29132],[127.2929,35.29384],[127.29075,35.2965],[127.28949,35.29822],[127.28845,35.29986],[127.28766,35.30147],[127.28702,35.30308],[127.28656,35.30462],[127.28624,35.30613],[127.28608,35.30739],[127.28604,35.30871],[127.28616,35.31077],[127.28643,35.31296],[127.28679,35.31488],[127.2873,35.31717],[127.29135,35.33669],[127.29381,35.34855],[127.29658,35.35725],[127.29708,35.35893],[127.29758,35.3604],[127.29799,35.36144],[127.29844,35.36247],[127.29898,35.36344],[127.29959,35.36432],[127.30027,35.36516],[127.30098,35.36592],[127.30161,35.36652],[127.30227,35.36706],[127.30295,35.36758],[127.30391,35.36823],[127.30516,35.36902],[127.32043,35.3789],[127.32129,35.37945],[127.32194,35.37988],[127.32263,35.38041],[127.3233,35.381],[127.32408,35.38183],[127.32481,35.38274],[127.32539,35.38366],[127.32595,35.38465],[127.32773,35.38763],[127.32807,35.38822],[127.32837,35.38876],[127.32872,35.38928],[127.32912,35.38977],[127.32957,35.39024],[127.33009,35.39074],[127.331,35.3916],[127.33205,35.39253],[127.33309,35.39334],[127.33389,35.39385],[127.33469,35.39429],[127.33553,35.39469],[127.33693,35.3953],[127.3384,35.39583],[127.33981,35.39623],[127.34143,35.39664],[127.34951,35.3988],[127.35035,35.39901],[127.35103,35.39917],[127.35169,35.39938],[127.35237,35.39966],[127.35303,35.39997],[127.35366,35.40033],[127.35417,35.40066],[127.35466,35.40101],[127.35513,35.40139],[127.35558,35.40181],[127.35605,35.40232],[127.35649,35.40289],[127.3569,35.40348],[127.35728,35.40408],[127.35786,35.4052],[127.35847,35.40656],[127.3632,35.41638],[127.36668,35.42525],[127.36724,35.42661],[127.36767,35.42779],[127.36792,35.42866],[127.36811,35.42955],[127.36822,35.43041],[127.36824,35.43117],[127.36819,35.43191],[127.36808,35.43262],[127.36793,35.43322],[127.36773,35.4338],[127.36747,35.43438],[127.36709,35.43504],[127.36664,35.43571],[127.36615,35.43635],[127.36543,35.43714],[127.36446,35.43812],[127.35144,35.45171],[127.34844,35.45484],[127.34578,35.45815],[127.34436,35.46004],[127.34314,35.46183],[127.3426,35.46283],[127.34216,35.46376],[127.34136,35.4657],[127.33974,35.46958],[127.32917,35.49765],[127.32824,35.50003],[127.32755,35.50196],[127.32694,35.50416],[127.32646,35.50639],[127.32614,35.50848],[127.32585,35.51088],[127.32409,35.52397],[127.32317,35.52955],[127.3174,35.55587],[127.31306,35.58719],[127.31273,35.58959],[127.31217,35.59196],[127.31181,35.59436],[127.31036,35.60395],[127.30911,35.6105],[127.30767,35.61658],[127.30695,35.61861],[127.30619,35.62037],[127.30539,35.62188],[127.30481,35.62275],[127.30421,35.6235],[127.30352,35.62425],[127.30199,35.62569],[127.30031,35.62708],[127.29881,35.62823],[127.29727,35.62928],[127.29568,35.6302],[127.29392,35.63116],[127.28745,35.63479],[127.28646,35.63532],[127.28564,35.6358],[127.28508,35.63619],[127.28454,35.6366],[127.28405,35.63705],[127.2836,35.63754],[127.28319,35.63805],[127.28284,35.63856],[127.28258,35.63894],[127.28236,35.63931],[127.28216,35.63974],[127.2819,35.64046],[127.28168,35.64126],[127.28154,35.64204],[127.28152,35.64264],[127.28156,35.64322],[127.28162,35.64379],[127.28188,35.64554],[127.28269,35.6511],[127.28282,35.65185],[127.28293,35.65248],[127.28298,35.65311],[127.28296,35.6538],[127.28287,35.65448],[127.28271,35.65513],[127.28252,35.65566],[127.28228,35.65617],[127.28198,35.65669],[127.2813,35.65774],[127.28048,35.65877],[127.27964,35.65963],[127.27858,35.66062],[127.27106,35.66791],[127.27032,35.66861],[127.26974,35.66919],[127.26913,35.66987],[127.26858,35.67055],[127.26832,35.67092],[127.2681,35.67128],[127.26788,35.67171],[127.26754,35.67259],[127.26721,35.67362],[127.26688,35.67452],[127.26655,35.67522],[127.2662,35.67584],[127.26586,35.67637],[127.26536,35.6771],[127.24348,35.71002],[127.23501,35.72276],[127.2273,35.73583],[127.22459,35.74003],[127.22397,35.74114],[127.22347,35.74219],[127.22305,35.74322],[127.22259,35.74442],[127.21988,35.75134],[127.21935,35.75266],[127.21891,35.75382],[127.21856,35.75507],[127.21827,35.75637],[127.21801,35.7581],[127.2178,35.75975],[127.21773,35.76035],[127.21766,35.7609],[127.21756,35.76143],[127.21738,35.76201],[127.21716,35.76257],[127.2169,35.7631],[127.21662,35.76355],[127.21632,35.76397],[127.21599,35.76435],[127.2157,35.76466],[127.21539,35.76494],[127.21507,35.7652],[127.21473,35.76544],[127.21437,35.76565],[127.21401,35.76586],[127.21294,35.76653],[127.21241,35.76685],[127.21188,35.76719],[127.21151,35.76747],[127.21114,35.76777],[127.21081,35.7681],[127.21054,35.76841],[127.21031,35.76874],[127.21,35.76917],[127.20871,35.77078],[127.20696,35.77299],[127.20516,35.77562],[127.20232,35.78134],[127.19926,35.78815],[127.19643,35.79423],[127.1913,35.80345],[127.18474,35.81441],[127.18287,35.81754],[127.18129,35.82077],[127.17885,35.82546],[127.17565,35.83149],[127.17266,35.83671],[127.17079,35.83908],[127.16896,35.84106],[127.1672,35.84308],[127.16241,35.8498],[127.15279,35.86332],[127.15197,35.8645],[127.15129,35.86543],[127.15087,35.86595],[127.15044,35.86646],[127.14998,35.86695],[127.1495,35.86739],[127.14901,35.86777],[127.1485,35.86811],[127.14797,35.86842],[127.1474,35.86871],[127.14655,35.86908],[127.14565,35.8694],[127.14473,35.86966],[127.14384,35.86983],[127.14294,35.86994],[127.14204,35.87001],[127.14084,35.87003],[127.13953,35.87001],[127.13451,35.87002],[127.12447,35.87045],[127.10649,35.87063],[127.10486,35.87064],[127.10353,35.87067],[127.10203,35.87076],[127.10059,35.87093],[127.09947,35.87115],[127.09839,35.87144],[127.09727,35.87183],[127.09615,35.87225],[127.09396,35.87314],[127.08296,35.8776],[127.08164,35.87812],[127.08056,35.87857],[127.0798,35.87892],[127.07905,35.87929],[127.0783,35.87974],[127.07735,35.88044],[127.07641,35.88125],[127.07563,35.88201],[127.07524,35.88247],[127.07492,35.8829],[127.07463,35.88335],[127.07418,35.88413],[127.0738,35.88497],[127.07347,35.88595],[127.07323,35.88697],[127.07311,35.88795],[127.07304,35.88894],[127.07284,35.89093],[127.07279,35.89158],[127.07274,35.89222],[127.07265,35.89286],[127.07249,35.89349],[127.07229,35.89411],[127.07205,35.89473],[127.07159,35.8957],[127.07105,35.89664],[127.07048,35.89747],[127.06976,35.89844],[127.06381,35.90666],[127.06341,35.90723],[127.06307,35.90767],[127.06279,35.90799],[127.06249,35.9083],[127.06215,35.90858],[127.06181,35.90883],[127.06143,35.90904],[127.06101,35.90923],[127.06058,35.90936],[127.06012,35.90947],[127.05961,35.90954],[127.05908,35.90959],[127.05844,35.9096],[127.05779,35.90956],[127.057,35.90947],[127.05592,35.90937],[126.99934,35.90347],[126.99708,35.90323],[126.99632,35.90318],[126.99557,35.90315],[126.99479,35.90315],[126.99393,35.9032],[126.99305,35.90329],[126.99219,35.90344],[126.99132,35.90363],[126.99047,35.90387],[126.98963,35.90415],[126.98855,35.90459],[126.98724,35.90517],[126.97196,35.91167],[126.97025,35.91237],[126.96886,35.91298],[126.96739,35.91374],[126.96596,35.91457],[126.96475,35.91537],[126.96328,35.91639],[126.94716,35.92733],[126.94616,35.92799],[126.9454,35.92853],[126.94496,35.92886],[126.9446183,35.9291302]]]}},{"type":"Feature","properties":{"c":"main","n":"전라선","g":"kr","jk":"main","nz":"全罗线","ne":"Jeolla Line","off":-0.5},"geometry":{"type":"MultiLineString","coordinates":[[[127.6378197,34.7990818],[127.6247745,34.8161708]],[[127.5477178,34.9212187],[127.54376,34.92947],[127.5432,34.93057],[127.5428,34.93148],[127.54246,34.9325],[127.54222,34.93357],[127.54207,34.93497],[127.54198,34.93629],[127.54196,34.93667],[127.54194,34.93701],[127.54192,34.93733],[127.5418878,34.9375019]],[[126.9428032,35.932517],[126.94281,35.93281],[126.94285,35.93325],[126.94293,35.93367],[126.94309,35.93418],[126.9433,35.93468],[126.94356,35.9353],[126.94606,35.9418],[126.94675,35.9436],[126.94758,35.94536]]]}},{"type":"Feature","properties":{"c":"main","n":"전라선","g":"kr","jk":"main","nz":"全罗线","ne":"Jeolla Line","off":-0.375},"geometry":{"type":"MultiLineString","coordinates":[[[127.6386288,34.7980219],[127.6378197,34.7990818]],[[127.6247745,34.8161708],[127.6239655,34.8172306]],[[127.5482944,34.9200165],[127.5477178,34.9212187]],[[127.5418878,34.9375019],[127.54186,34.93765],[127.54175,34.938],[127.54162,34.93834],[127.5414811,34.9386265]],[[126.943027,35.9312135],[126.943,35.93128],[126.94289,35.93162],[126.94282,35.93198],[126.9428,35.93238],[126.9428032,35.932517]]]}},{"type":"Feature","properties":{"c":"main","n":"전라선","g":"kr","jk":"main","nz":"全罗线","ne":"Jeolla Line","off":-0.25},"geometry":{"type":"MultiLineString","coordinates":[[[127.6394378,34.7969621],[127.6386288,34.7980219]],[[127.6239655,34.8172306],[127.6231565,34.8182904]],[[127.5488711,34.9188143],[127.5482944,34.9200165]],[[127.5414811,34.9386265],[127.54146,34.93867],[127.5413,34.93897],[127.54111,34.93926],[127.54092,34.93953],[127.5408286,34.939629]],[[126.9436512,35.9300426],[126.94358,35.93013],[126.94341,35.93038],[126.94326,35.93066],[126.94313,35.93096],[126.943027,35.9312135]]]}},{"type":"Feature","properties":{"c":"main","n":"전라선","g":"kr","jk":"main","nz":"全罗线","ne":"Jeolla Line","off":-0.125},"geometry":{"type":"MultiLineString","coordinates":[[[127.6402473,34.7959026],[127.63976,34.79654],[127.6394378,34.7969621]],[[127.6231565,34.8182904],[127.6223474,34.8193503]],[[127.5494434,34.91761],[127.5493,34.91792],[127.5488711,34.9188143]],[[127.5408286,34.939629],[127.54068,34.93979],[127.54041,34.94006],[127.54011,34.94032],[127.5399513,34.940445]],[[126.9446183,35.9291302],[126.94453,35.9292],[126.94412,35.92954],[126.9438,35.92986],[126.9436512,35.9300426]]]}},{"type":"Feature","properties":{"c":"main","n":"전라선","g":"kr","jk":"main","nz":"全罗线","ne":"Jeolla Line","off":0.125},"geometry":{"type":"MultiLineString","coordinates":[[[127.5392885,34.9408904],[127.53899,34.94105],[127.53852,34.94126],[127.5381946,34.9413796]],[[127.4950976,34.9505091],[127.49486,34.95063],[127.4944,34.95086],[127.49396,34.95112],[127.4939265,34.9511444]]]}},{"type":"Feature","properties":{"c":"main","n":"전라선","g":"kr","jk":"main","nz":"全罗线","ne":"Jeolla Line","off":0.25},"geometry":{"type":"MultiLineString","coordinates":[[[127.5381946,34.9413796],[127.53803,34.94144],[127.53753,34.94159],[127.53704,34.94169],[127.5370375,34.9416903]],[[127.4962796,34.9498922],[127.49543,34.95034],[127.4950976,34.9505091]]]}},{"type":"Feature","properties":{"c":"main","n":"전라선","g":"kr","jk":"main","nz":"全罗线","ne":"Jeolla Line","off":0.375},"geometry":{"type":"MultiLineString","coordinates":[[[127.5370375,34.9416903],[127.53656,34.94175],[127.53604,34.94179],[127.5358441,34.9418129]],[[127.4974591,34.9492706],[127.4962796,34.9498922]]]}},{"type":"Feature","properties":{"c":"main","n":"전라선","g":"kr","jk":"main","nz":"全罗线","ne":"Jeolla Line","off":0.5},"geometry":{"type":"LineString","coordinates":[[127.5358441,34.9418129],[127.53544,34.94186],[127.53278,34.94222],[127.52999,34.94256],[127.5284,34.94267],[127.52692,34.94272],[127.52383,34.94267],[127.51371,34.94251],[127.513,34.94249],[127.51245,34.94248],[127.51204,34.9425],[127.51164,34.94253],[127.5112,34.94261],[127.51063,34.94277],[127.50999,34.94299],[127.50934,34.94325],[127.50871,34.94351],[127.5076,34.94405],[127.5064,34.94468],[127.50116,34.94732],[127.4974591,34.9492706]]}},{"type":"Feature","properties":{"c":"branch","n":"정선선","g":"kr","jk":"branch","nz":"旌善线","ne":"Jeongseon Line"},"geometry":{"type":"LineString","coordinates":[[128.77412,37.24189],[128.7745,37.24169],[128.77487,37.24148],[128.77525,37.2413],[128.77562,37.24117],[128.77605,37.24111],[128.77648,37.24112],[128.77689,37.24118],[128.77732,37.24131],[128.77773,37.24151],[128.77807,37.24174],[128.77832,37.24201],[128.7785,37.24232],[128.77865,37.24264],[128.77872,37.24293],[128.77875,37.24324],[128.7788,37.24365],[128.78005,37.25182],[128.78013,37.25227],[128.78017,37.25262],[128.78016,37.25302],[128.78008,37.25342],[128.77991,37.25383],[128.77963,37.25422],[128.77934,37.25448],[128.77899,37.25474],[128.77859,37.25499],[128.77819,37.25521],[128.77768,37.25545],[128.77715,37.25565],[128.77649,37.2559],[128.77018,37.25844],[128.76513,37.2607],[128.7647,37.26091],[128.76435,37.26108],[128.76399,37.26121],[128.76358,37.2613],[128.76316,37.26136],[128.7627,37.26139],[128.7622,37.2614],[128.76166,37.2614],[128.7611,37.26137],[128.76054,37.26129],[128.75987,37.26109],[128.75916,37.2608],[128.75848,37.26052],[128.75785,37.26035],[128.75744,37.2603],[128.75706,37.26028],[128.75669,37.2603],[128.75633,37.26035],[128.75589,37.26045],[128.75547,37.2606],[128.75503,37.26075],[128.75334,37.26128],[128.75286,37.26141],[128.75243,37.26156],[128.75205,37.2618],[128.75171,37.26208],[128.75142,37.26238],[128.75114,37.26271],[128.75031,37.26364],[128.75003,37.26397],[128.74974,37.26426],[128.74939,37.26451],[128.74898,37.26473],[128.74861,37.26488],[128.74819,37.265],[128.74777,37.26511],[128.74737,37.26518],[128.74695,37.26522],[128.74649,37.26527],[128.74366,37.26564],[128.74322,37.26569],[128.74283,37.26573],[128.74246,37.2658],[128.74208,37.26592],[128.74172,37.26607],[128.74138,37.26625],[128.741,37.2665],[128.74064,37.2668],[128.74033,37.26711],[128.74009,37.26742],[128.7399,37.26776],[128.73976,37.2681],[128.73966,37.26849],[128.73961,37.26889],[128.73961,37.26929],[128.73965,37.26965],[128.73973,37.27],[128.73983,37.27047],[128.74122,37.27765],[128.74135,37.27825],[128.74145,37.27872],[128.74152,37.27919],[128.74154,37.27958],[128.74156,37.27996],[128.74153,37.28035],[128.74144,37.28075],[128.74119,37.28129],[128.74081,37.28187],[128.74041,37.28242],[128.74007,37.28291],[128.73984,37.2833],[128.73963,37.28364],[128.7394,37.28396],[128.73913,37.28429],[128.73882,37.28461],[128.73849,37.28488],[128.73815,37.28509],[128.73778,37.28525],[128.7374,37.28538],[128.73701,37.28548],[128.7366,37.28555],[128.73618,37.28562],[128.73471,37.28591],[128.73431,37.28598],[128.73393,37.28604],[128.73357,37.28614],[128.73324,37.28631],[128.73294,37.28652],[128.73268,37.28676],[128.73246,37.28704],[128.73228,37.28735],[128.73216,37.28767],[128.73211,37.28803],[128.73213,37.28842],[128.7322,37.28877],[128.73236,37.28919],[128.73261,37.28955],[128.73296,37.2898],[128.73339,37.29004],[128.73377,37.29025],[128.7342,37.29049],[128.73462,37.29074],[128.73496,37.29101],[128.7352,37.29127],[128.7354,37.29153],[128.73556,37.29181],[128.73567,37.29209],[128.73571,37.29243],[128.73568,37.29278],[128.73565,37.29317],[128.73566,37.29382],[128.73568,37.29455],[128.7356,37.29532],[128.73543,37.29611],[128.73517,37.29696],[128.73485,37.29777],[128.73451,37.29841],[128.7342,37.29877],[128.73386,37.29905],[128.73356,37.29929],[128.73308,37.29973],[128.73247,37.30007],[128.73174,37.30023],[128.73064,37.30048],[128.73017,37.30057],[128.72973,37.30069],[128.72929,37.30089],[128.72889,37.30115],[128.72858,37.30143],[128.72825,37.30178],[128.72592,37.3041],[128.7256,37.3044],[128.72533,37.30465],[128.7251,37.30492],[128.72489,37.30523],[128.72473,37.30555],[128.72458,37.30588],[128.72443,37.30633],[128.72428,37.3069],[128.72233,37.31345],[128.72223,37.31385],[128.72215,37.31415],[128.72204,37.31444],[128.72186,37.31474],[128.72164,37.31504],[128.72139,37.31531],[128.72108,37.31555],[128.72074,37.31576],[128.72038,37.31595],[128.72,37.31609],[128.7196,37.3162],[128.71918,37.31632],[128.71757,37.31683],[128.7172,37.31694],[128.71685,37.31704],[128.7165,37.31714],[128.71616,37.31728],[128.71582,37.31744],[128.71548,37.31763],[128.71517,37.31784],[128.7149,37.31808],[128.71469,37.31832],[128.71452,37.31858],[128.71436,37.31888],[128.71416,37.31922],[128.71179,37.32288],[128.71155,37.32326],[128.71135,37.32356],[128.71108,37.32388],[128.71078,37.32417],[128.71047,37.32445],[128.71012,37.32469],[128.70974,37.32486],[128.70929,37.32502],[128.70884,37.32518],[128.70831,37.32536],[128.70779,37.32556],[128.70733,37.32579],[128.707,37.32603],[128.70671,37.3263],[128.70646,37.32659],[128.70623,37.32688],[128.70606,37.32716],[128.70593,37.32744],[128.70581,37.32774],[128.70566,37.32808],[128.7053,37.32879],[128.70489,37.32959],[128.70453,37.33046],[128.70424,37.33156],[128.70403,37.33277],[128.70375,37.33424],[128.70078,37.34874],[128.7007,37.34918],[128.70062,37.3495],[128.70044,37.34984],[128.70017,37.35018],[128.6999,37.35045],[128.69957,37.35073],[128.6992,37.35102],[128.69878,37.35129],[128.69812,37.35164],[128.69736,37.35197],[128.6966,37.35229],[128.69598,37.35255],[128.69549,37.35278],[128.69505,37.35297],[128.69459,37.35315],[128.69405,37.35329],[128.69352,37.35334],[128.69289,37.35335],[128.69225,37.35336],[128.6917,37.3534],[128.69125,37.35345],[128.69086,37.35352],[128.69047,37.35365],[128.6901,37.35383],[128.68974,37.35406],[128.6894,37.35434],[128.68907,37.35464],[128.68874,37.35503],[128.68844,37.35547],[128.68815,37.35595],[128.68785,37.35648],[128.68698,37.35834],[128.68596,37.36053],[128.68378,37.36427],[128.68182,37.36747],[128.68158,37.36791],[128.68141,37.36825],[128.68117,37.36855],[128.68086,37.36884],[128.68049,37.36909],[128.68004,37.36932],[128.67936,37.36951],[128.67855,37.36963],[128.6777,37.36978],[128.67691,37.37006],[128.67605,37.37074],[128.67518,37.37162],[128.67441,37.37249],[128.67382,37.37315],[128.67347,37.37347],[128.67322,37.37375],[128.67304,37.37411],[128.67295,37.37448],[128.67291,37.37484],[128.67293,37.3752],[128.67301,37.37551],[128.67312,37.3759],[128.67478,37.38203],[128.6749,37.38242],[128.67497,37.38273],[128.67501,37.38308],[128.67498,37.38343],[128.67486,37.38373],[128.67465,37.38409],[128.67186,37.3896],[128.67165,37.38999],[128.67147,37.3903],[128.67132,37.3906],[128.6712,37.39091],[128.67112,37.39126],[128.67108,37.39162],[128.67106,37.39198],[128.67108,37.39232],[128.67115,37.3927],[128.67126,37.39307],[128.6714,37.39342],[128.67157,37.39375],[128.67176,37.39407],[128.67198,37.39445],[128.67233,37.39511],[128.67272,37.39592],[128.67319,37.39676],[128.67372,37.39751],[128.67433,37.39814],[128.67502,37.39873],[128.67573,37.39928],[128.67642,37.3998],[128.67723,37.40037],[128.67802,37.40091],[128.67866,37.40139],[128.67895,37.40167],[128.67919,37.40193],[128.67937,37.40222],[128.6795,37.40251],[128.67959,37.40283],[128.67965,37.40315],[128.67969,37.40345],[128.67967,37.40387],[128.67961,37.40427],[128.67953,37.4046],[128.6794,37.40496],[128.67917,37.40536],[128.67885,37.40581],[128.67848,37.40631],[128.67738,37.40761],[128.67606,37.40915],[128.67483,37.41084],[128.67351,37.41272],[128.67222,37.41435],[128.67132,37.41528],[128.67044,37.41609],[128.66955,37.41682],[128.66873,37.41745],[128.6679,37.41803],[128.66714,37.4185],[128.6667,37.41873],[128.6663,37.41891],[128.66587,37.41907],[128.66544,37.41918],[128.66499,37.41927],[128.66447,37.41936],[128.66351,37.41959],[128.66241,37.41984],[128.66122,37.42005],[128.66001,37.42015],[128.65869,37.42018],[128.65737,37.42023],[128.65616,37.42039],[128.65519,37.42067],[128.65425,37.42105],[128.65341,37.42142],[128.65274,37.42171],[128.65229,37.42187],[128.65193,37.42203],[128.65159,37.42225],[128.65127,37.42251],[128.65102,37.42276],[128.65073,37.42308],[128.64961,37.4242],[128.64811,37.42571],[128.64689,37.4271],[128.64639,37.42782],[128.64601,37.42849],[128.64569,37.42906],[128.64549,37.42937],[128.64532,37.42964],[128.64517,37.42992],[128.64504,37.43022],[128.64493,37.43053],[128.64486,37.43083],[128.64481,37.43126],[128.64484,37.43169],[128.64491,37.43205],[128.64503,37.43242],[128.64518,37.43279],[128.64534,37.43311],[128.64553,37.43343],[128.64576,37.43382],[128.6478,37.43738],[128.64797,37.43771],[128.64812,37.43796],[128.64836,37.43822],[128.64863,37.43844],[128.64894,37.4386],[128.64932,37.43876],[128.65168,37.43986],[128.65217,37.44007],[128.65258,37.44028],[128.65301,37.44053],[128.65336,37.44083],[128.65357,37.44118],[128.65375,37.44161],[128.65475,37.44363],[128.65491,37.44397],[128.65505,37.44428],[128.65519,37.44458],[128.65537,37.44487],[128.65558,37.44515],[128.65583,37.44543],[128.65609,37.44569],[128.65637,37.44593],[128.65672,37.44617],[128.65709,37.44638],[128.6575,37.44662],[128.65861,37.44733],[128.65977,37.44802],[128.66019,37.44824],[128.66059,37.44843],[128.661,37.44861],[128.66142,37.44875],[128.66182,37.44886],[128.66222,37.44893],[128.66268,37.449],[128.66324,37.4491],[128.67356,37.45103],[128.67442,37.45118],[128.67511,37.4513],[128.67578,37.45145],[128.67633,37.4516],[128.67687,37.45178],[128.67739,37.45197],[128.67787,37.45218],[128.67825,37.45238],[128.6786,37.4526],[128.67892,37.45282],[128.67921,37.45306],[128.67955,37.45337],[128.67985,37.4537],[128.68011,37.45405],[128.68029,37.45432],[128.68045,37.45461],[128.68058,37.4549],[128.68069,37.4552],[128.68076,37.45548],[128.6808,37.45577],[128.68083,37.45607],[128.68087,37.45643],[128.68136,37.45985],[128.6814,37.46029],[128.68144,37.46066],[128.68153,37.46102],[128.68169,37.46138],[128.68191,37.46174],[128.68217,37.46207],[128.68241,37.46232],[128.68267,37.46255],[128.68296,37.46277],[128.68327,37.46296],[128.68359,37.46312],[128.68393,37.46326],[128.68428,37.46338],[128.68465,37.46348],[128.68506,37.46355],[128.6855,37.4636],[128.68595,37.46361],[128.68639,37.46359],[128.68688,37.46351],[128.68738,37.4634],[128.68787,37.46324],[128.68836,37.46303],[128.68896,37.46268],[128.68956,37.46223],[128.69014,37.46178],[128.69072,37.46141],[128.69111,37.46122],[128.69149,37.46106],[128.69189,37.46093],[128.69235,37.46082],[128.69323,37.46071],[128.69426,37.46066],[128.6953,37.46066],[128.69623,37.46069],[128.69699,37.46076],[128.69767,37.46087],[128.69835,37.46103],[128.6991,37.46127],[128.69984,37.46157],[128.70055,37.4619],[128.70121,37.46226],[128.70184,37.46265],[128.70252,37.46307],[128.70558,37.46489],[128.706,37.46512],[128.70638,37.46532],[128.70673,37.46552],[128.70705,37.46576],[128.70733,37.46603],[128.70757,37.46633],[128.70779,37.46666],[128.70798,37.46702],[128.70818,37.46759],[128.70831,37.46825],[128.70845,37.4689],[128.70868,37.46943],[128.70889,37.46972],[128.70914,37.46996],[128.70941,37.47017],[128.70971,37.47034],[128.71003,37.47047],[128.71037,37.47055],[128.71075,37.47062],[128.71119,37.47071],[128.71553,37.47181],[128.72336,37.47343],[128.72388,37.47353],[128.7243,37.4736],[128.72468,37.47367],[128.72507,37.47378],[128.72547,37.47393],[128.72588,37.47411],[128.72625,37.47431],[128.72656,37.47452],[128.72682,37.47478],[128.72702,37.47505],[128.72717,37.47534],[128.72734,37.47571],[128.72743,37.47613],[128.72743,37.4765],[128.72738,37.47691],[128.7273,37.47732],[128.72719,37.47766],[128.72703,37.47797],[128.72682,37.47822],[128.72656,37.47844],[128.72624,37.47865],[128.72585,37.47893],[128.72541,37.47924],[128.72503,37.47955],[128.72467,37.47991],[128.72438,37.48028],[128.72418,37.48066],[128.72398,37.48112],[128.72251,37.48417],[128.72205,37.48497],[128.72159,37.48569],[128.72107,37.48637],[128.72051,37.48706],[128.71914,37.48881],[128.71884,37.48916],[128.71856,37.48947],[128.71836,37.48981],[128.71825,37.49019],[128.71822,37.49059],[128.71822,37.49098],[128.71826,37.49154],[128.71833,37.49216],[128.7186,37.4951],[128.71864,37.49547],[128.71868,37.49578],[128.71869,37.49609],[128.71866,37.4964],[128.7186,37.49671],[128.71851,37.49706],[128.71835,37.49759],[128.71814,37.49821],[128.71791,37.49882],[128.71766,37.49933],[128.71742,37.49968],[128.71717,37.49997],[128.7169,37.50022],[128.71656,37.5005],[128.7162,37.50073],[128.71584,37.50089],[128.71543,37.50105],[128.71496,37.50123],[128.71444,37.50143],[128.71388,37.50169],[128.71322,37.50204],[128.7125,37.50244],[128.7118,37.50291],[128.71119,37.50343],[128.71066,37.50409],[128.71021,37.50485],[128.70983,37.50559],[128.70951,37.50617],[128.70927,37.50655],[128.70908,37.50688],[128.70892,37.50726],[128.70882,37.50765],[128.70878,37.50798],[128.70877,37.50833],[128.7088,37.50868],[128.70888,37.50903],[128.709,37.50939],[128.70915,37.50974],[128.70939,37.51022],[128.70969,37.51075],[128.71116,37.51349],[128.71138,37.51394],[128.7116,37.51431],[128.71191,37.51469],[128.71229,37.51502],[128.71261,37.51519],[128.71297,37.51532],[128.71333,37.51544],[128.71385,37.5156],[128.71444,37.51575],[128.71502,37.51593],[128.71567,37.51614],[128.71638,37.51635],[128.71713,37.5165],[128.71801,37.51659],[128.71892,37.51661],[128.71994,37.51661],[128.72114,37.51663],[128.73594,37.51712]]}},{"type":"Feature","properties":{"c":"hsr200","n":"중부내륙선","g":"kr","jk":"semi","d":200,"e":1,"nz":"中部内陆线","ne":"Jungbunaeryuk Line","off":0.5},"geometry":{"type":"LineString","coordinates":[[127.4931,37.26124],[127.49003,37.26044]]}},{"type":"Feature","properties":{"c":"hsr200","n":"중부내륙선","g":"kr","jk":"semi","d":200,"e":1,"nz":"中部内陆线","ne":"Jungbunaeryuk Line"},"geometry":{"type":"MultiLineString","coordinates":[[[127.5086,37.26241],[127.50956,37.26172],[127.51043,37.26108],[127.51073,37.26082],[127.511,37.26059],[127.51124,37.26033],[127.51149,37.26],[127.51172,37.25965],[127.51193,37.25928],[127.5121,37.25896],[127.51225,37.25863],[127.51238,37.25829],[127.51247,37.25795],[127.51249,37.25764],[127.51247,37.25734],[127.51243,37.257],[127.51239,37.25656],[127.51173,37.24417],[127.51165,37.24301],[127.51162,37.24207],[127.51168,37.24103],[127.5118,37.23998],[127.51201,37.2389],[127.5123,37.23784],[127.51267,37.23685],[127.51313,37.23576],[127.51512,37.23077],[127.52102,37.21718],[127.52153,37.21599],[127.52195,37.21504],[127.5225,37.21401],[127.52311,37.21297],[127.52385,37.21175],[127.52467,37.21054],[127.52547,37.20947],[127.52638,37.20832],[127.528,37.20617],[127.5298,37.20389],[127.5315,37.202],[127.53321,37.20011],[127.53499,37.19788],[127.53673,37.19572],[127.5382,37.19418],[127.53961,37.19271],[127.54225,37.18956],[127.54802,37.18268],[127.54935,37.18106],[127.5506,37.17962],[127.55156,37.17864],[127.55257,37.17769],[127.55362,37.17683],[127.55462,37.17613],[127.55564,37.17549],[127.55658,37.17495],[127.55742,37.17451],[127.5583,37.1741],[127.55993,37.17343],[127.56184,37.17272],[127.56737,37.17092],[127.56899,37.17031],[127.5704,37.16973],[127.57142,37.16926],[127.57241,37.16875],[127.57358,37.1681],[127.57512,37.16718],[127.59864,37.15258],[127.6002,37.15161],[127.60095,37.15111],[127.6017,37.15058],[127.60252,37.14992],[127.60336,37.14918],[127.6045,37.14813],[127.60567,37.14695],[127.60701,37.14531],[127.60832,37.14355],[127.61069,37.14007],[127.6111,37.13944],[127.61146,37.13888],[127.61187,37.13833],[127.61243,37.13769],[127.61305,37.13706],[127.61363,37.13648],[127.61401,37.13609],[127.61437,37.13574],[127.61482,37.13536],[127.61574,37.1347],[127.61684,37.13398],[127.61795,37.13333],[127.61894,37.1328],[127.61994,37.13233],[127.62097,37.13189],[127.62194,37.13154],[127.62293,37.13122],[127.62422,37.13081],[127.64374,37.1243],[127.64475,37.12397],[127.64555,37.12367],[127.64678,37.12311],[127.64802,37.12248],[127.64875,37.12208],[127.64946,37.12166],[127.65018,37.12119],[127.65115,37.12047],[127.65214,37.11966],[127.65311,37.11885],[127.65591,37.1164],[127.66207,37.11102],[127.66481,37.10863],[127.66576,37.10783],[127.66673,37.10705],[127.66768,37.10634],[127.66848,37.10583],[127.66926,37.10537],[127.67002,37.10495],[127.67089,37.10451],[127.67185,37.10411],[127.67378,37.10343],[127.67575,37.10283],[127.67683,37.10257],[127.67784,37.10239],[127.67887,37.10225],[127.6799,37.10214],[127.68077,37.1021],[127.68198,37.10206],[127.73445,37.09986],[127.76655,37.09877],[127.76905,37.09866],[127.77091,37.09852],[127.77187,37.09842],[127.77275,37.0983],[127.77361,37.09815],[127.77447,37.09795],[127.77532,37.09773],[127.77617,37.09748],[127.77747,37.09706],[127.77877,37.09656],[127.78028,37.09585],[127.78172,37.0951],[127.78365,37.09405],[127.78767,37.09158],[127.79181,37.08923],[127.80553,37.08147],[127.80821,37.07992],[127.8106,37.07859],[127.81316,37.07729],[127.81593,37.07603],[127.81878,37.07495],[127.82187,37.07385],[127.82463,37.07297],[127.82614,37.07259],[127.8275,37.07231],[127.82895,37.07203],[127.83205,37.07144],[127.83532,37.07091],[127.83827,37.07058],[127.84179,37.07026],[127.86895,37.06753],[127.87233,37.06719],[127.87405,37.06699],[127.87569,37.06674],[127.8769,37.06647],[127.87805,37.06616],[127.87939,37.0657],[127.88068,37.0652],[127.88158,37.0648],[127.88248,37.06435],[127.88394,37.06349],[127.88544,37.06249],[127.88667,37.06154],[127.8881,37.06036],[127.90056,37.05036],[127.90452,37.04734],[127.90924,37.04337],[127.90981,37.04291],[127.91027,37.04251],[127.91059,37.04222],[127.9109,37.04192],[127.91121,37.04158],[127.91159,37.0411],[127.91196,37.04058],[127.91229,37.04005],[127.91254,37.03958],[127.91274,37.03911],[127.91291,37.03863],[127.91305,37.03817],[127.91316,37.03771],[127.91323,37.03722],[127.91327,37.03655],[127.91327,37.03584],[127.91324,37.03513],[127.91314,37.03416],[127.913,37.03305],[127.91233,37.02729],[127.91218,37.02617],[127.91209,37.02518],[127.91207,37.02417],[127.91212,37.02307],[127.91238,37.02088],[127.91274,37.01848],[127.91361,37.01391],[127.91487,37.00767],[127.9153693,37.0048511]],[[127.9029258,36.9618482],[127.90305,36.96146],[127.90325,36.96098],[127.90345,36.96056],[127.90364,36.96022],[127.90388,36.95988],[127.90425,36.95943],[127.9047,36.95892],[127.90519,36.95844],[127.90571,36.95801],[127.90628,36.9576],[127.90695,36.95714],[127.90916,36.9557],[127.91156,36.9542],[127.91318,36.95327],[127.91478,36.95232],[127.91704,36.95072],[127.9192,36.94921],[127.92036,36.94855],[127.92147,36.948],[127.92261,36.9475],[127.92388,36.94698],[127.92509,36.9465],[127.92647,36.94595],[127.92786,36.94538],[127.92906,36.94479],[127.92984,36.94433],[127.93054,36.94386],[127.93117,36.94339],[127.93176,36.94291],[127.93223,36.94251],[127.93266,36.94211],[127.93306,36.94169],[127.93344,36.94124],[127.93387,36.94065],[127.93427,36.94002],[127.93464,36.93936],[127.93499,36.9387],[127.93538,36.93783],[127.93572,36.93695],[127.93608,36.93601],[127.93759,36.93228],[127.93889,36.92906],[127.93948,36.92737],[127.94002,36.92553],[127.94066,36.92238],[127.94125,36.91918],[127.94219,36.91521],[127.94236,36.91441],[127.94254,36.91372],[127.94271,36.91322],[127.9429,36.91273],[127.94312,36.91227],[127.94331,36.91192],[127.94351,36.91159],[127.94373,36.91128],[127.94394,36.91102],[127.94416,36.91078],[127.94441,36.91052],[127.9447,36.91018],[127.94501,36.9098],[127.94536,36.9094],[127.94577,36.909],[127.94643,36.90844],[127.94721,36.90786],[127.94801,36.9073],[127.94876,36.90681],[127.94972,36.90622],[127.95069,36.90572],[127.95195,36.90516],[127.95328,36.90463],[127.95446,36.9042],[127.95597,36.90369],[127.97708,36.89628],[127.97924,36.89551],[127.98099,36.89487],[127.98253,36.89423],[127.9836,36.89371],[127.98454,36.89319],[127.9854,36.89265],[127.98609,36.89218],[127.98673,36.89171],[127.98733,36.89122],[127.9881,36.89058],[127.98884,36.88986],[127.98954,36.88911],[127.99025,36.88827],[127.99091,36.88739],[127.9915,36.88645],[127.99203,36.88547],[127.99254,36.88444],[127.99335,36.88255],[127.99409,36.88061],[127.99522,36.87728],[127.99675,36.87129],[127.99841,36.86597],[128.00172,36.85536],[128.00313,36.85064],[128.00438,36.84575],[128.00557,36.83868],[128.00652,36.83185],[128.00747,36.82478],[128.00795,36.82124],[128.00869,36.81749],[128.00969,36.81377],[128.01181,36.80586],[128.01423,36.79777],[128.01491,36.79514],[128.01556,36.79255],[128.01629,36.79024],[128.01692,36.78888],[128.01761,36.78768],[128.01839,36.78633],[128.02289,36.77848],[128.02414,36.77631],[128.02537,36.77422],[128.02669,36.77222],[128.02817,36.77048],[128.02973,36.7688],[128.03142,36.76709],[128.03541,36.76352],[128.03859,36.76083],[128.03907,36.7604],[128.03964,36.76004],[128.04028,36.75979],[128.04296,36.75872],[128.04745,36.75692],[128.05256,36.75492],[128.05713,36.75323],[128.06066,36.75245],[128.06417,36.75178],[128.06744,36.75118],[128.07025,36.75066],[128.07296,36.75015],[128.07526,36.74968],[128.07724,36.74916],[128.07891,36.74869],[128.07937,36.74857],[128.07977,36.74847],[128.08015,36.74835],[128.08054,36.7482],[128.08092,36.74802],[128.0813,36.74784],[128.08181,36.74757],[128.08238,36.74725],[128.08481,36.74591],[128.08603,36.74522],[128.08721,36.74449],[128.08777,36.74413],[128.08831,36.74377],[128.08885,36.74338],[128.08938,36.74293],[128.09004,36.74228],[128.09068,36.74153],[128.09132,36.74074],[128.09197,36.73994],[128.09345,36.73804],[128.095,36.7361],[128.09652,36.73448],[128.09845,36.7325],[128.11957,36.71043],[128.12214,36.70774],[128.123,36.70682],[128.12384,36.70589],[128.12459,36.70498],[128.12515,36.70418],[128.12564,36.70339],[128.12608,36.7026],[128.12644,36.70185],[128.12676,36.70109],[128.12703,36.7003],[128.1273,36.69936],[128.12752,36.69837],[128.12767,36.69737],[128.12772,36.69636],[128.1277,36.69533],[128.12769,36.69431]]]}},{"type":"Feature","properties":{"c":"hsr200","n":"중부내륙선","g":"kr","jk":"semi","d":200,"e":1,"nz":"中部内陆线","ne":"Jungbunaeryuk Line","off":0.125},"geometry":{"type":"MultiLineString","coordinates":[[[127.9153693,37.0048511],[127.9156018,37.0035382]],[[127.902683,36.9631571],[127.90276,36.96256],[127.90289,36.96196],[127.9029258,36.9618482]]]}},{"type":"Feature","properties":{"c":"hsr200","n":"중부내륙선","g":"kr","jk":"semi","d":200,"e":1,"nz":"中部内陆线","ne":"Jungbunaeryuk Line","off":0.25},"geometry":{"type":"MultiLineString","coordinates":[[[127.9156018,37.0035382],[127.9158344,37.0022253]],[[127.9026809,36.9644867],[127.90265,36.96425],[127.90264,36.96377],[127.90268,36.96318],[127.902683,36.9631571]]]}},{"type":"Feature","properties":{"c":"hsr200","n":"중부내륙선","g":"kr","jk":"semi","d":200,"e":1,"nz":"中部内陆线","ne":"Jungbunaeryuk Line","off":0.375},"geometry":{"type":"MultiLineString","coordinates":[[[127.9158344,37.0022253],[127.916,37.00129],[127.9160291,37.0009076]],[[127.9029305,36.965795],[127.90288,36.96561],[127.90278,36.96516],[127.90271,36.96471],[127.9026809,36.9644867]]]}},{"type":"Feature","properties":{"c":"hsr200","n":"중부내륙선","g":"kr","jk":"semi","d":200,"e":1,"nz":"中部内陆线","ne":"Jungbunaeryuk Line","off":0.5},"geometry":{"type":"LineString","coordinates":[[127.9160291,37.0009076],[127.91623,36.99827],[127.91632,36.99587],[127.91643,36.9939],[127.91645,36.99323],[127.91645,36.99257],[127.91641,36.99193],[127.91633,36.99137],[127.91623,36.99084],[127.91608,36.99031],[127.91589,36.98981],[127.91566,36.98931],[127.91542,36.98883],[127.91508,36.98818],[127.91462,36.98738],[127.90934,36.97782],[127.90801,36.97561],[127.90691,36.97376],[127.90636,36.97262],[127.90584,36.9715],[127.90381,36.96772],[127.90355,36.96726],[127.90333,36.96688],[127.90315,36.96648],[127.903,36.96605],[127.9029305,36.965795]]}},{"type":"Feature","properties":{"c":"hsr250","n":"중앙선","g":"kr","jk":"semi","d":260,"e":1,"nz":"中央线","ne":"Jungang Line"},"geometry":{"type":"LineString","coordinates":[[127.08321,37.59637],[127.08369,37.59664],[127.08423,37.59682],[127.08478,37.59698],[127.08549,37.59718],[127.08625,37.59742],[127.08696,37.59769],[127.08761,37.59803],[127.08823,37.59841],[127.08884,37.5988],[127.08943,37.59912],[127.08978,37.59929],[127.09012,37.59945],[127.09045,37.59959],[127.0908,37.59971],[127.09118,37.59981],[127.09168,37.59988],[127.09221,37.59992],[127.09277,37.59993],[127.09333,37.59993],[127.09388,37.59995]]}},{"type":"Feature","properties":{"c":"hsr250","n":"중앙선","g":"kr","jk":"semi","d":260,"e":1,"nz":"中央线","ne":"Jungang Line"},"geometry":{"type":"LineString","coordinates":[[129.12909,35.83657],[129.1295,35.83646],[129.12992,35.83636],[129.13028,35.83632],[129.13067,35.8363],[129.13104,35.8363],[129.13157,35.83635],[129.13209,35.83643],[129.13255,35.83655],[129.13301,35.83672],[129.13334,35.83687],[129.13367,35.83705],[129.13401,35.83726],[129.13433,35.83749],[129.13468,35.8378],[129.13503,35.83816],[129.13534,35.8385],[129.13559,35.83877],[129.13587,35.83905],[129.13623,35.83927]]}},{"type":"Feature","properties":{"c":"hsr250","n":"중앙선","g":"kr","jk":"semi","d":260,"e":1,"nz":"中央线","ne":"Jungang Line"},"geometry":{"type":"MultiLineString","coordinates":[[[127.0633042,37.5921584],[127.06342,37.59219],[127.06416,37.59236],[127.06511,37.59256],[127.0755155,37.5948224]],[[127.1066193,37.6062966],[127.10731,37.60649],[127.1083,37.60674],[127.10955,37.60701],[127.1108,37.60724],[127.11175,37.60737],[127.11273,37.60746],[127.11375,37.60752],[127.11493,37.60753],[127.11616,37.60748],[127.11733,37.60741],[127.11868,37.6073],[127.11999,37.60712],[127.12147,37.60682],[127.12296,37.60646],[127.12431,37.60608],[127.12584,37.60562],[127.13488,37.60298],[127.13545,37.6028],[127.13588,37.60267],[127.13632,37.60256],[127.13669,37.60248],[127.13708,37.60242],[127.13746,37.60238],[127.13783,37.60235],[127.13827,37.60234],[127.1387,37.60236],[127.13913,37.60239],[127.13953,37.60246],[127.13994,37.60255],[127.14039,37.60265],[127.14291,37.60317],[127.14666,37.60405],[127.14895,37.60455],[127.15155,37.60512],[127.15433,37.60586],[127.15855,37.60759],[127.16313,37.60967],[127.16726,37.61145],[127.17109,37.61268],[127.17409,37.61354],[127.17495,37.61382],[127.17568,37.61403],[127.17649,37.61424],[127.17731,37.61441],[127.17787,37.6145],[127.17842,37.61456],[127.17898,37.61461],[127.17951,37.61463],[127.18004,37.61464],[127.18059,37.61462],[127.18128,37.61456],[127.18198,37.61447],[127.18268,37.61435],[127.18333,37.6142],[127.18397,37.61402],[127.18461,37.6138],[127.18535,37.6135],[127.18608,37.61314],[127.18677,37.61276],[127.18737,37.61237],[127.18792,37.61196],[127.18846,37.61151],[127.18903,37.61095],[127.18957,37.61035],[127.19016,37.60967],[127.19309,37.6061],[127.19354,37.60556],[127.19392,37.60509],[127.1943,37.60457],[127.19465,37.60403],[127.19491,37.60354],[127.19522,37.60291],[127.19948,37.59457],[127.19982,37.59387],[127.20011,37.59332],[127.20035,37.59292],[127.2006,37.59253],[127.20091,37.59213],[127.20122,37.59177],[127.20157,37.5914],[127.20195,37.59103],[127.20239,37.59067],[127.20301,37.59022],[127.2037,37.58978],[127.20444,37.58934],[127.20517,37.58892],[127.20809,37.58731],[127.21226,37.58502],[127.21581,37.58308],[127.21831,37.58151],[127.21872,37.58124],[127.21908,37.581],[127.21946,37.58079],[127.21987,37.58059],[127.2203,37.5804],[127.22074,37.58024],[127.2214,37.58002],[127.2221,37.57981],[127.22415,37.57916],[127.22463,37.57902],[127.22508,37.57888],[127.22552,37.57873],[127.22593,37.57854],[127.22634,37.57833],[127.22674,37.57808],[127.22725,37.57772],[127.22775,37.57731],[127.2282,37.57691],[127.22851,37.5766],[127.22877,37.57629],[127.22901,37.57598],[127.22922,37.57566],[127.22942,37.57534],[127.22959,37.57502],[127.22971,37.57471],[127.22982,37.5744],[127.22996,37.57399],[127.23091,37.57121],[127.23229,37.56757],[127.23483,37.56211],[127.23723,37.55729],[127.23839,37.55503],[127.24058,37.55139],[127.24092,37.5508],[127.24122,37.55028],[127.24155,37.54978],[127.24193,37.54928],[127.24235,37.54879],[127.24282,37.54832],[127.2434,37.54783],[127.24403,37.54736],[127.24468,37.54693],[127.24528,37.54658],[127.24589,37.54627],[127.2465,37.54598],[127.24729,37.54562],[127.24809,37.54528],[127.24975,37.54455],[127.25026,37.54431],[127.25076,37.54408],[127.25127,37.54387],[127.25167,37.54374],[127.25206,37.54362],[127.25247,37.54351],[127.25292,37.54342],[127.25356,37.54333],[127.25426,37.54325],[127.25496,37.5432],[127.25561,37.54318],[127.25621,37.54319],[127.25677,37.54323],[127.25734,37.5433],[127.25799,37.5434],[127.25864,37.54354],[127.25928,37.5437],[127.25981,37.54388],[127.26033,37.5441],[127.26108,37.54441],[127.29115,37.55621],[127.29227,37.55666],[127.29306,37.55699],[127.29387,37.55728],[127.29486,37.55756],[127.29587,37.5578],[127.29677,37.55798],[127.29726,37.55806],[127.29769,37.55811],[127.29815,37.55815],[127.29863,37.55818],[127.29914,37.5582],[127.29967,37.55821],[127.3002,37.55819],[127.30077,37.55814],[127.30135,37.55807],[127.30194,37.55797],[127.3025,37.55785],[127.30324,37.55764],[127.30396,37.5574],[127.30466,37.55714],[127.30558,37.55675],[127.3067,37.55623],[127.32032,37.55014],[127.3254,37.54772],[127.33061,37.54523],[127.33607,37.54276],[127.34393,37.54053],[127.35217,37.53832],[127.35796,37.53678],[127.35931,37.53643],[127.36036,37.53613],[127.36153,37.53574],[127.36267,37.53531],[127.36337,37.535],[127.36404,37.53467],[127.36471,37.53431],[127.36541,37.53388],[127.36611,37.53342],[127.36678,37.5329],[127.36749,37.53225],[127.36818,37.53154],[127.36883,37.53082],[127.36966,37.52981],[127.37062,37.52858],[127.37849,37.51872],[127.37886,37.51824],[127.37914,37.51786],[127.37939,37.51753],[127.3797,37.51721],[127.38008,37.51687],[127.38049,37.51655],[127.38092,37.51625],[127.38135,37.51598],[127.38175,37.51577],[127.38217,37.51557],[127.38257,37.5154],[127.38294,37.51524],[127.38335,37.51505],[127.38373,37.51488],[127.38413,37.51472],[127.38457,37.51457],[127.38508,37.51444],[127.38566,37.51431],[127.38625,37.51421],[127.3868,37.51415],[127.38735,37.5141],[127.3879,37.51408],[127.38832,37.51407],[127.38874,37.51408],[127.38916,37.5141],[127.38958,37.51415],[127.38995,37.51421],[127.3903,37.51428],[127.39069,37.51438],[127.3912,37.51449],[127.40298,37.51702],[127.40674,37.51783],[127.40866,37.51819],[127.41053,37.5185],[127.41199,37.51868],[127.41339,37.51881],[127.41465,37.51889],[127.41598,37.51893],[127.41809,37.51892],[127.42017,37.51886],[127.42142,37.51878],[127.42256,37.51867],[127.42356,37.51857],[127.42463,37.51843],[127.42668,37.51806],[127.4289,37.51758],[127.43309,37.51652],[127.47228,37.50659],[127.47383,37.50622],[127.47497,37.50591],[127.47625,37.50548],[127.47754,37.505],[127.47897,37.50441],[127.48044,37.50372],[127.48168,37.50304],[127.48295,37.50229],[127.48406,37.50157],[127.48468,37.50112],[127.48522,37.50068],[127.48574,37.50023],[127.48625,37.49979],[127.48674,37.49935],[127.4872,37.49888],[127.48758,37.49843],[127.48793,37.49797],[127.48838,37.49736],[127.49536,37.48837],[127.49591,37.48768],[127.49618,37.48735],[127.4965,37.48701],[127.49674,37.4868],[127.49701,37.48657],[127.49731,37.48634],[127.49763,37.48613],[127.49797,37.48593],[127.49834,37.48575],[127.49874,37.48558],[127.49916,37.48543],[127.49959,37.4853],[127.50002,37.48518],[127.50051,37.48507],[127.50099,37.48499],[127.50153,37.48492],[127.50223,37.48482],[127.51643,37.48254],[127.51758,37.48236],[127.51849,37.4822],[127.51953,37.48198],[127.52051,37.48173],[127.52097,37.48158],[127.52139,37.48143],[127.52182,37.48126],[127.52236,37.48101],[127.52291,37.48072],[127.52341,37.48043],[127.5238,37.48017],[127.52414,37.47991],[127.52447,37.47964],[127.52476,37.47935],[127.52503,37.47906],[127.52534,37.47871],[127.52767,37.47622],[127.52816,37.47568],[127.52861,37.47519],[127.52908,37.47472],[127.52959,37.47426],[127.53013,37.47382],[127.53073,37.47339],[127.53156,37.47288],[127.53247,37.47238],[127.53341,37.47191],[127.53439,37.47144],[127.5354,37.471],[127.5364,37.47064],[127.5373,37.47039],[127.5382,37.47019],[127.53897,37.47003],[127.53949,37.4699],[127.53995,37.4698],[127.54046,37.46977],[127.54097,37.46975],[127.54141,37.46968],[127.54197,37.46958],[127.55209,37.46791],[127.55311,37.46773],[127.55396,37.4676],[127.55486,37.46751],[127.55585,37.46747],[127.55709,37.46745],[127.55847,37.46745],[127.55975,37.4675],[127.5606,37.46758],[127.56139,37.46768],[127.56218,37.4678],[127.56341,37.468],[127.56471,37.46827],[127.56673,37.46884],[127.5686,37.46946],[127.56941,37.46976],[127.57011,37.47007],[127.57076,37.47041],[127.5715,37.47084],[127.57622,37.47344],[127.58358,37.47723],[127.59109,37.48061],[127.60516,37.48695],[127.6057,37.4872],[127.60611,37.48738],[127.60662,37.48753],[127.60714,37.48765],[127.60765,37.48773],[127.60822,37.48776],[127.60876,37.48774],[127.60939,37.4877],[127.61001,37.48763],[127.61056,37.48755],[127.61099,37.48745],[127.61137,37.48734],[127.61176,37.48721],[127.61219,37.48703],[127.61263,37.48682],[127.61306,37.4866],[127.61357,37.4863],[127.61425,37.48586],[127.63911,37.47064],[127.65378,37.4608],[127.65655,37.45884],[127.65906,37.45705],[127.66168,37.45534],[127.66481,37.45377],[127.66805,37.45225],[127.67144,37.45074],[127.6756,37.44924],[127.67995,37.44775],[127.68426,37.44636],[127.68825,37.44547],[127.69223,37.4447],[127.69669,37.44384],[127.72155,37.43879],[127.73874,37.43455],[127.7416,37.43377],[127.74235,37.43358],[127.74303,37.43337],[127.74383,37.43308],[127.74462,37.43273],[127.74551,37.43228],[127.74635,37.43178],[127.74704,37.43131],[127.74765,37.43083],[127.74806,37.43046],[127.74846,37.43005],[127.7491,37.4293],[127.74974,37.42846],[127.75021,37.42772],[127.75078,37.42676],[127.76149,37.40935],[127.76705,37.40147],[127.76894,37.39895],[127.7692,37.39859],[127.76943,37.39827],[127.76968,37.39797],[127.76996,37.39766],[127.77026,37.39737],[127.77058,37.39709],[127.77095,37.39682],[127.77134,37.39657],[127.77175,37.39633],[127.77233,37.39602],[127.77301,37.39567],[127.77685,37.39366],[127.78869,37.38798],[127.78916,37.38777],[127.78949,37.3876],[127.78985,37.38736],[127.79019,37.38711],[127.79047,37.38687],[127.79081,37.38655],[127.79756,37.38058],[127.80654,37.37275],[127.81614,37.36463],[127.82185,37.36043],[127.82773,37.35633],[127.8359066,37.3508902]],[[127.85172,37.3403591],[127.85227,37.34],[127.85371,37.33917],[127.85518,37.33838],[127.85657,37.33771],[127.85825,37.33695],[127.87241,37.33035],[127.88913,37.32268],[127.89523,37.31988],[127.89737,37.31894],[127.89954,37.31802],[127.90148,37.3173],[127.90262,37.31699],[127.90366,37.31677],[127.90465,37.31661],[127.90543,37.31652],[127.90617,37.31647],[127.90692,37.31644],[127.90793,37.31643],[127.90921,37.31644],[127.92547,37.31643],[127.92846,37.31643],[127.93002,37.31639],[127.93146,37.3163],[127.93203,37.31625],[127.93255,37.31618],[127.93309,37.31609],[127.93383,37.31594],[127.93461,37.31575],[127.93544,37.31551],[127.93651,37.31511],[127.93765,37.31463],[127.93886,37.31409],[127.9443,37.31158],[127.94529,37.31114],[127.94617,37.31075],[127.94701,37.31032],[127.94785,37.30982],[127.94866,37.30928],[127.94942,37.30871],[127.95014,37.30811],[127.95082,37.30748],[127.95147,37.30681],[127.95245,37.3057],[127.95333,37.30454],[127.95406,37.3034],[127.9547,37.30224],[127.95532,37.301],[127.9559,37.29974],[127.95689,37.29718],[127.98289,37.22999],[127.9855,37.22302],[127.98779,37.21735],[127.98936,37.21407],[127.99102,37.21068],[127.99261,37.20755],[127.99395,37.20506],[127.99466,37.20413],[127.99535,37.20336],[127.996,37.20271],[127.99659,37.20209],[127.99705,37.20155],[127.99746,37.20107],[127.99791,37.20061],[127.99849,37.20013],[127.99912,37.19966],[127.99973,37.19919],[128.00145,37.19769],[128.00346,37.19587],[128.00588,37.1938],[128.00893,37.19151],[128.01261,37.18886],[128.03139,37.17509],[128.09317,37.13369],[128.0937,37.13333],[128.09403,37.13309],[128.09438,37.13288],[128.09482,37.13266],[128.09529,37.13246],[128.09576,37.13227],[128.09639,37.13204],[128.09707,37.1318],[128.09829,37.13134],[128.09969,37.13087],[128.10138,37.13044],[128.10326,37.13006],[128.10516,37.12975],[128.10723,37.12947],[128.10909,37.12929],[128.11019,37.12925],[128.11119,37.12925],[128.11219,37.12928],[128.11377,37.12933],[128.11531,37.12944],[128.11665,37.12964],[128.11796,37.12986],[128.119497,37.1301085]],[[128.1421703,37.1277488],[128.14252,37.1276],[128.14304,37.12738],[128.14598,37.12621],[128.1526,37.12391],[128.15314,37.12371],[128.15358,37.12357],[128.15409,37.12346],[128.15463,37.1234],[128.15499,37.12339],[128.15537,37.12339],[128.15576,37.12341],[128.15614,37.12346],[128.1565,37.12354],[128.15686,37.12365],[128.15722,37.12377],[128.15759,37.1239],[128.1582,37.12411],[128.15882,37.12433],[128.15943,37.12458],[128.15999,37.12484],[128.16052,37.12513],[128.16107,37.12542],[128.16289,37.12637],[128.16338,37.12664],[128.16385,37.12689],[128.16433,37.12712],[128.16485,37.12732],[128.16539,37.12751],[128.16591,37.12765],[128.16635,37.12775],[128.16679,37.12782],[128.16728,37.12789],[128.16862,37.12804],[128.1701,37.12816],[128.17137,37.12822],[128.17293,37.12826],[128.18806,37.1288],[128.18876,37.12882],[128.18928,37.12884],[128.18989,37.1289],[128.19049,37.12898],[128.19105,37.1291],[128.19167,37.12925],[128.19242,37.12943],[128.19331,37.12966],[128.19425,37.12987],[128.19512,37.13003],[128.19579,37.13011],[128.19645,37.13015],[128.19707,37.13017],[128.19761,37.13015],[128.19817,37.13008],[128.19869,37.12997],[128.19912,37.12985],[128.19957,37.1297],[128.20001,37.12955],[128.2011635,37.1291174]],[[128.2330194,37.1226024],[128.23305,37.1226],[128.23344,37.12256],[128.23386,37.12248],[128.2343,37.12238],[128.23474,37.12226],[128.23514,37.12213],[128.23554,37.12198],[128.23595,37.12181],[128.23636,37.12162],[128.23681,37.12135],[128.23727,37.12104],[128.2377,37.12072],[128.23809,37.12039],[128.23837,37.1201],[128.23862,37.11981],[128.23884,37.11951],[128.23906,37.1192],[128.23941,37.11864],[128.23982,37.11793],[128.24466,37.10991],[128.24599,37.10772],[128.24668,37.10663],[128.24742,37.10557],[128.24817,37.10466],[128.24913,37.10356],[128.2586,37.09235],[128.26131,37.0888],[128.26396,37.0853],[128.26679,37.08181],[128.27118,37.07802],[128.27581,37.07422],[128.27918,37.07147],[128.28015,37.07068],[128.2809,37.07004],[128.28142,37.06953],[128.28192,37.069],[128.28245,37.0685],[128.28307,37.06803],[128.28372,37.06759],[128.28435,37.06713],[128.28516,37.06645],[128.2861,37.06564],[128.29286,37.05989],[128.30234,37.05079],[128.30369,37.04949],[128.30433,37.04884],[128.30497,37.04814],[128.3058,37.04713],[128.30663,37.04605],[128.30817,37.0439],[128.31226,37.03815],[128.3138,37.03611],[128.31524,37.03433],[128.31626,37.03324],[128.31728,37.03226],[128.31831,37.03133],[128.3195,37.0303],[128.32508,37.02537],[128.32628,37.02434],[128.32738,37.0234],[128.32835,37.02249],[128.32904,37.02173],[128.32964,37.02099],[128.33017,37.02034],[128.33065,37.01978],[128.33108,37.01926],[128.33137,37.01888],[128.33164,37.01849],[128.33188,37.01809],[128.33206,37.01771],[128.33221,37.01732],[128.33232,37.01695],[128.33241,37.01655],[128.33245,37.01616],[128.33243,37.01581],[128.33238,37.01537],[128.33205,37.01091],[128.33196,37.00996],[128.33191,37.00911],[128.33192,37.00822],[128.33197,37.00731],[128.33211,37.00628],[128.33231,37.0052],[128.33252,37.0043],[128.33277,37.00336],[128.33311,37.00237],[128.33368,37.00112],[128.33438,36.99981],[128.33519,36.99832],[128.34006,36.98956],[128.34068,36.98847],[128.34118,36.98754],[128.34164,36.98648],[128.34202,36.98543],[128.34229,36.98459],[128.34249,36.98377],[128.34262,36.983],[128.34274,36.98209],[128.34382,36.97492],[128.34472,36.96649],[128.34612,36.95329],[128.3465,36.94964],[128.34681,36.94782],[128.34718,36.94602],[128.34749,36.94477],[128.34782,36.94353],[128.34819,36.94244],[128.34845,36.9418],[128.34873,36.94125],[128.34908,36.94061],[128.35031,36.93857],[128.35179,36.93634],[128.35334,36.93425],[128.35501,36.93224],[128.35617,36.93098],[128.35739,36.92976],[128.35867,36.92862],[128.36,36.92762],[128.36139,36.92669],[128.36262,36.92587],[128.36364,36.92515],[128.3646,36.9245],[128.36576,36.92383],[128.36707,36.92314],[128.36844,36.92243],[128.36999,36.92166],[128.37178,36.92089],[128.37485,36.91985],[128.37841,36.91877],[128.38231,36.91761],[128.4012,36.91221],[128.44272,36.89917],[128.44404,36.89877],[128.445,36.89846],[128.4461,36.89802],[128.44718,36.89755],[128.44927,36.89653],[128.46393,36.8894],[128.46789,36.88742],[128.47159,36.88567],[128.47432,36.88451],[128.4771,36.88342],[128.47964,36.88251],[128.48124,36.88204],[128.48273,36.88169],[128.48422,36.88137],[128.48641,36.88096],[128.48892,36.88053],[128.50313,36.878],[128.51074,36.87622],[128.5127,36.87574],[128.51455,36.87533],[128.51682,36.87498],[128.51915,36.87469],[128.52379,36.87423],[128.53169,36.87345],[128.53454,36.87316],[128.53596,36.87297],[128.53735,36.87273],[128.53859,36.87246],[128.53981,36.87215],[128.54108,36.87178],[128.54243,36.87135],[128.5467,36.86982],[128.55089,36.86817],[128.5679,36.86145],[128.57202,36.85995],[128.5754,36.85894],[128.57885,36.85807],[128.58625,36.85622],[128.5902,36.85523],[128.59147,36.85488],[128.59273,36.85452],[128.59407,36.85406],[128.59603,36.85322],[128.59811,36.85222],[128.59996,36.85133],[128.60149,36.85065],[128.60285,36.84999],[128.60424,36.84919],[128.6055,36.84836],[128.60638,36.84771],[128.60719,36.84705],[128.60809,36.84623],[128.60894,36.84539],[128.60951,36.84476],[128.61012,36.84403],[128.61398,36.83928],[128.61565,36.83695],[128.61587,36.83665],[128.61606,36.8364],[128.61623,36.83614],[128.61637,36.83586],[128.61649,36.83558],[128.61659,36.83526],[128.6167,36.83475],[128.61678,36.83418],[128.61682,36.83362],[128.61681,36.83308],[128.61677,36.83254],[128.61672,36.83197],[128.61659,36.82983],[128.61655,36.82935],[128.61652,36.82891],[128.61651,36.82847],[128.61654,36.82802],[128.61661,36.82757],[128.61672,36.82711],[128.61691,36.82657],[128.61715,36.82602],[128.61741,36.82548],[128.61779,36.82479],[128.6183,36.82391],[128.62266,36.81639],[128.6276,36.80744],[128.62954,36.80305],[128.63088,36.7997],[128.63125,36.79879],[128.63159,36.79804],[128.63205,36.79722],[128.63255,36.79645],[128.63293,36.79593],[128.63338,36.7954],[128.63442,36.79436],[128.63554,36.79326],[128.63637,36.79237],[128.63711,36.7915],[128.63768,36.79076],[128.63823,36.78994],[128.6389,36.78886],[128.63961,36.78762],[128.64017,36.78652],[128.6404,36.78598],[128.64056,36.7855],[128.64071,36.785],[128.64093,36.78406],[128.64109,36.78305],[128.64118,36.78186],[128.64118,36.78067],[128.6411,36.77966],[128.64096,36.77869],[128.64078,36.77779],[128.64052,36.77685],[128.63995,36.77537],[128.63924,36.77382],[128.63772,36.77087],[128.6324,36.76053],[128.63185,36.7595],[128.63144,36.75865],[128.63107,36.75767],[128.63078,36.75669],[128.63058,36.7558],[128.63039,36.75484],[128.63011,36.75371],[128.62981,36.75244],[128.6296,36.75115],[128.62955,36.74979],[128.62961,36.7484],[128.62972,36.74711],[128.62991,36.74576],[128.63018,36.74444],[128.63101,36.74093],[128.63167,36.73848],[128.63249,36.73599],[128.63309,36.73453],[128.63376,36.7331],[128.63451,36.73173],[128.63531,36.7305],[128.63618,36.72931],[128.63716,36.72798],[128.64246,36.72048],[128.64401,36.71836],[128.64546,36.71653],[128.64663,36.71523],[128.64787,36.71401],[128.64947,36.7126],[128.65122,36.71118],[128.65325,36.70966],[128.65536,36.70815],[128.65968,36.70527],[128.70243,36.67676],[128.70463,36.67533],[128.70626,36.6742],[128.70813,36.67275],[128.70976,36.67137],[128.71059,36.67058],[128.71125,36.66991],[128.71164,36.66953],[128.712,36.66918],[128.71237,36.66875],[128.71271,36.66831],[128.71328,36.66755],[128.71383,36.66683],[128.71442,36.66601],[128.71508,36.66491],[128.71568,36.66378],[128.71611,36.66286],[128.71647,36.66203],[128.71668,36.66157],[128.71686,36.66115],[128.71703,36.66065],[128.71718,36.66013],[128.71742,36.65909],[128.71764,36.65824],[128.71789,36.65722],[128.71808,36.6562],[128.71818,36.65517],[128.71822,36.65414],[128.71822,36.65315],[128.71819,36.65197],[128.71808,36.6508],[128.71785,36.64946],[128.71751,36.64806],[128.71694,36.64629],[128.71623,36.64448],[128.7157,36.64332],[128.71513,36.64218],[128.7145,36.64109],[128.71384,36.64011],[128.71312,36.63917],[128.71238,36.63826],[128.71119,36.63697],[128.71003,36.6358],[128.70925,36.6351],[128.70855,36.63445],[128.70816,36.634],[128.7078,36.63354],[128.70739,36.63308],[128.7068,36.63254],[128.70615,36.63199],[128.70552,36.63144],[128.70379,36.6297],[128.69634,36.62225],[128.69523,36.62114],[128.69463,36.62061],[128.69404,36.62009],[128.69355,36.6196],[128.69295,36.61896],[128.68373,36.6094],[128.6834,36.60907],[128.68314,36.60882],[128.68292,36.6086],[128.68272,36.60835],[128.68255,36.60807],[128.68241,36.60778],[128.68228,36.60747],[128.6821,36.60712],[128.68119,36.60575],[128.68022,36.6043],[128.6792,36.60247],[128.67848,36.6011],[128.67775,36.59956],[128.67697,36.59755],[128.67628,36.59551],[128.6754,36.59238],[128.67505,36.59076],[128.67476,36.58903],[128.67449,36.58647],[128.67436,36.58376],[128.67445,36.5813],[128.67465,36.57849],[128.67551,36.56282],[128.67558,36.55932],[128.67549,36.557],[128.6752,36.55392],[128.67471,36.55086],[128.67337,36.54256],[128.67236,36.53533],[128.67198,36.52814],[128.67158,36.52053],[128.6715,36.51824],[128.67144,36.516],[128.67122,36.51377],[128.67075,36.51158],[128.67015,36.5094],[128.66949,36.50713],[128.66682,36.4985],[128.66633,36.49673],[128.6659,36.49512],[128.66563,36.49365],[128.66555,36.49267],[128.66555,36.49177],[128.66557,36.49092],[128.66571,36.48896],[128.66593,36.48702],[128.66655,36.48171],[128.67077,36.45106],[128.67287,36.43458],[128.67357,36.43031],[128.67373,36.42924],[128.6739,36.42827],[128.67414,36.42729],[128.67443,36.42627],[128.67532,36.4237],[128.67633,36.42115],[128.67896,36.41452],[128.67993,36.41167],[128.68101,36.4085],[128.68203,36.40531],[128.68286,36.40244],[128.68294,36.40046],[128.68295,36.3986],[128.68291,36.39681],[128.68284,36.39504],[128.68248,36.39285],[128.68198,36.39071],[128.68156,36.38863],[128.68122,36.38592],[128.68105,36.38319],[128.68111,36.37984],[128.68134,36.37646],[128.68207,36.37053],[128.68211,36.37005],[128.68214,36.36965],[128.68218,36.36929],[128.68227,36.36892],[128.68236,36.3686],[128.68247,36.36829],[128.68261,36.36798],[128.68277,36.36768],[128.68295,36.36739],[128.68316,36.36714],[128.68338,36.36692],[128.68364,36.36669],[128.68392,36.36645],[128.68425,36.36615],[128.69001,36.36066],[128.69044,36.36026],[128.6908,36.35994],[128.69112,36.35964],[128.69139,36.35934],[128.69165,36.35898],[128.69186,36.35863],[128.69204,36.35832],[128.69236,36.35781],[128.69248,36.35751],[128.69256,36.35721],[128.69261,36.35692],[128.69265,36.3566],[128.69285,36.35528],[128.69364,36.34911],[128.69383,36.34641],[128.69416,36.34372],[128.69477,36.33866],[128.69493,36.33733],[128.69498,36.33666],[128.695,36.33599],[128.69496,36.33538],[128.6949,36.33465],[128.69484,36.3331],[128.69474,36.33113],[128.69449,36.32905],[128.69387,36.3266],[128.69305,36.32399],[128.69214,36.32114],[128.68746,36.30724],[128.68725,36.30665],[128.68711,36.3062],[128.68701,36.30566],[128.6869,36.30513],[128.68676,36.30464],[128.68658,36.30408],[128.68539,36.30015],[128.68302,36.28925],[128.68232,36.28532],[128.68198,36.28336],[128.6814,36.28109],[128.68096,36.27881],[128.68044,36.27631],[128.67998,36.27364],[128.67983,36.27229],[128.67975,36.27101],[128.67975,36.26982],[128.67979,36.269],[128.67988,36.26824],[128.68004,36.26745],[128.68031,36.26645],[128.68068,36.2654],[128.68111,36.26428],[128.68212,36.26202],[128.68337,36.2595],[128.68758,36.25169],[128.68945,36.2478],[128.69378,36.24015],[128.6978,36.23249],[128.71063,36.20942],[128.71104,36.2087],[128.71132,36.20817],[128.71149,36.20776],[128.71164,36.20734],[128.71184,36.20687],[128.7123,36.20605],[128.71288,36.20512],[128.71348,36.2042],[128.71427,36.20311],[128.71538,36.20164],[128.74613,36.16025],[128.75117,36.15347],[128.75652,36.14685],[128.76819,36.13107],[128.77031,36.12801],[128.77223,36.12533],[128.77419,36.12297],[128.77686,36.11989],[128.83295,36.05392],[128.84188,36.04307],[128.84278,36.04195],[128.84354,36.04104],[128.84447,36.04007],[128.84543,36.03914],[128.84634,36.03838],[128.84726,36.03766],[128.84819,36.03692],[128.84916,36.0362],[128.85018,36.03551],[128.85124,36.03484],[128.85226,36.03428],[128.85346,36.03364],[128.86126,36.02943],[128.8637,36.02814],[128.86596,36.02689],[128.86809,36.02558],[128.87032,36.02401],[128.87468,36.02039],[128.87893,36.01662],[128.88106,36.01466],[128.88285,36.01283],[128.88391,36.01158],[128.88488,36.01032],[128.88566,36.00918],[128.88604,36.00853],[128.88634,36.00793],[128.88661,36.00733],[128.88695,36.00643],[128.8873,36.0054],[128.88909,36.00039],[128.88968,35.99866],[128.8903,35.99702],[128.89101,35.9954],[128.89187,35.99375],[128.89273,35.99229],[128.89371,35.99076],[128.89474,35.98935],[128.89565,35.98824],[128.89659,35.98722],[128.89755,35.98624],[128.89902,35.98482],[128.90043,35.98356],[128.90135,35.9828],[128.90225,35.98211],[128.90416,35.98075],[128.90696,35.97875],[128.9081,35.97797],[128.90918,35.97717],[128.90969,35.97675],[128.91019,35.97631],[128.91067,35.97585],[128.9111,35.97537],[128.91147,35.97489],[128.91178,35.97439],[128.91209,35.97386],[128.9123221,35.9734732]],[[128.9232551,35.9588756],[128.92353,35.9588],[128.9237818,35.9587447]],[[128.9355842,35.9588812],[128.95258,35.95958],[128.95437,35.95963],[128.95576,35.95967],[128.95714,35.95977],[128.95865,35.95995],[128.96014,35.96019],[128.96162,35.9605],[128.96295,35.96085],[128.96426,35.96127],[128.96589,35.96178],[128.98365,35.96712],[128.98483,35.96749],[128.98573,35.96777],[128.98665,35.96802],[128.98768,35.96824],[128.98873,35.96842],[128.98978,35.96857],[128.99137,35.96872],[128.99293,35.96881],[128.99431,35.96885],[128.99561,35.96883],[128.99651,35.96878],[128.99742,35.96869],[128.99884,35.96853],[129.00029,35.96832],[129.00143,35.96809],[129.00257,35.9678],[129.00394,35.9674],[129.00534,35.96692],[129.00678,35.96636],[129.00815,35.96575],[129.00924,35.9652],[129.01025,35.96463],[129.01113,35.96408],[129.01199,35.96349],[129.01298,35.96278],[129.01393,35.96203],[129.0147,35.96132],[129.01543,35.96056],[129.01635,35.95943],[129.01715,35.95836],[129.01751,35.95791],[129.01782,35.9575],[129.01812,35.95706],[129.01839,35.9566],[129.01862,35.95617],[129.01887,35.95567],[129.02033,35.9528],[129.02203,35.94893],[129.02983,35.93121],[129.03176,35.92683],[129.03282,35.92468],[129.03398,35.92255],[129.03531,35.92042],[129.03673,35.91834],[129.03967,35.91432],[129.04555,35.90629],[129.05569,35.89294],[129.05699,35.89111],[129.05815,35.88952],[129.05993,35.88737],[129.06181,35.8853],[129.0633,35.88382],[129.06486,35.88244],[129.06675,35.88097],[129.06875,35.87961],[129.07057,35.87854],[129.07244,35.87756],[129.0742,35.87673],[129.07634,35.87578],[129.09396,35.86771],[129.09638,35.8666],[129.09722,35.86627],[129.09806,35.86594],[129.09886,35.86557],[129.09958,35.86518],[129.10026,35.86476],[129.10094,35.86428],[129.10176,35.86359],[129.10256,35.86281],[129.10335,35.86201],[129.10436,35.86092],[129.10554,35.85961],[129.11483,35.84947],[129.12016,35.84398],[129.12458,35.83995],[129.12491,35.83963],[129.12516,35.83939],[129.12544,35.83916],[129.1258,35.83897],[129.12618,35.8388],[129.12654,35.83861],[129.12685,35.83838],[129.12713,35.83814],[129.12745,35.83786],[129.12933,35.83632],[129.12976,35.83599],[129.13011,35.83568],[129.13039,35.8353],[129.1306,35.83488],[129.13071,35.83459],[129.13081,35.83427],[129.13087,35.83395],[129.13091,35.83364],[129.13089,35.83329],[129.13082,35.83295],[129.13074,35.83265],[129.13049,35.8321],[129.13032,35.83184],[129.13009,35.83155],[129.12985,35.83125],[129.1296,35.83097],[129.12914,35.83047],[129.1286,35.8299],[129.12708,35.82833],[129.12546,35.82658],[129.12447,35.82536],[129.12357,35.82417]]]}},{"type":"Feature","properties":{"c":"hsr250","n":"중앙선","g":"kr","jk":"semi","d":260,"e":1,"nz":"中央线","ne":"Jungang Line","off":-0.5},"geometry":{"type":"MultiLineString","coordinates":[[[128.1234479,37.1307173],[128.12397,37.13074],[128.12467,37.13073],[128.12537,37.1307],[128.12606,37.13065],[128.12691,37.13054],[128.12776,37.13038],[128.12879,37.13019],[128.1382753,37.1286191]],[[128.2049173,37.1277357],[128.2151,37.12399],[128.21592,37.12367],[128.21656,37.12341],[128.21715,37.12319],[128.21778,37.123],[128.21851,37.12283],[128.21927,37.12269],[128.22001,37.12258],[128.22067,37.1225],[128.22121,37.12246],[128.2217,37.12245],[128.22218,37.12245],[128.2237,37.12248],[128.2290218,37.1225801]],[[128.9144734,35.970101],[128.9158,35.96803],[128.91885,35.96268],[128.91909,35.96224],[128.91928,35.9619],[128.91949,35.96157],[128.91967,35.9613],[128.91987,35.96104],[128.92008,35.96079],[128.92032,35.96054],[128.92064,35.96026],[128.92101,35.95999],[128.92139,35.95973],[128.921758,35.9595073]]]}},{"type":"Feature","properties":{"c":"hsr250","n":"중앙선","g":"kr","jk":"semi","d":260,"e":1,"nz":"中央线","ne":"Jungang Line","off":-0.375},"geometry":{"type":"MultiLineString","coordinates":[[[128.1221248,37.1305603],[128.12261,37.13064],[128.12328,37.13071],[128.1234479,37.1307173]],[[128.1382753,37.1286191],[128.13833,37.12861],[128.13923,37.12846],[128.1395898,37.1283959]],[[128.2036659,37.128196],[128.2049173,37.1277357]],[[128.2290218,37.1225801],[128.2303549,37.1226052]],[[128.9137543,35.9712238],[128.9144734,35.970101]],[[128.921758,35.9595073],[128.92177,35.9595],[128.9221,35.95933],[128.9222418,35.9592612]]]}},{"type":"Feature","properties":{"c":"hsr250","n":"중앙선","g":"kr","jk":"semi","d":260,"e":1,"nz":"中央线","ne":"Jungang Line","off":-0.25},"geometry":{"type":"MultiLineString","coordinates":[[[128.1208131,37.1303222],[128.12128,37.1304],[128.12194,37.13053],[128.1221248,37.1305603]],[[128.1395898,37.1283959],[128.13996,37.12833],[128.14051,37.12823],[128.1408988,37.1281436]],[[128.2024146,37.1286563],[128.2036659,37.128196]],[[128.2303549,37.1226052],[128.23114,37.12262],[128.2316878,37.1226371]],[[128.9130351,35.9723466],[128.9137543,35.9712238]],[[128.9222418,35.9592612],[128.92243,35.95917],[128.9227417,35.9590508]]]}},{"type":"Feature","properties":{"c":"hsr250","n":"중앙선","g":"kr","jk":"semi","d":260,"e":1,"nz":"中央线","ne":"Jungang Line","off":-0.125},"geometry":{"type":"MultiLineString","coordinates":[[[128.119497,37.1301085],[128.12062,37.13029],[128.1208131,37.1303222]],[[128.1408988,37.1281436],[128.14105,37.12811],[128.14157,37.12797],[128.14205,37.1278],[128.1421703,37.1277488]],[[128.2011635,37.1291174],[128.20129,37.12907],[128.2024146,37.1286563]],[[128.2316878,37.1226371],[128.23178,37.12264],[128.23229,37.12265],[128.23267,37.12263],[128.2330194,37.1226024]],[[128.9123221,35.9734732],[128.91245,35.97326],[128.9130351,35.9723466]],[[128.9227417,35.9590508],[128.92277,35.95904],[128.92313,35.95891],[128.9232551,35.9588756]]]}},{"type":"Feature","properties":{"c":"hsr250","n":"중앙선","g":"kr","jk":"semi","d":260,"e":1,"nz":"中央线","ne":"Jungang Line","off":0.125},"geometry":{"type":"MultiLineString","coordinates":[[[127.0620362,37.5917491],[127.06233,37.59186],[127.06287,37.59204],[127.0633042,37.5921584]],[[127.0755155,37.5948224],[127.0768184,37.5951057]],[[127.1060713,37.6061351],[127.10631,37.60621],[127.1066193,37.6062966]],[[127.8359066,37.3508902],[127.8370167,37.3501517]],[[127.8506088,37.3410958],[127.85106,37.34079],[127.85172,37.3403591]],[[128.9237818,35.9587447],[128.92394,35.95871],[128.9243144,35.9586403]],[[128.934252,35.9588264],[128.9355842,35.9588812]]]}},{"type":"Feature","properties":{"c":"hsr250","n":"중앙선","g":"kr","jk":"semi","d":260,"e":1,"nz":"中央线","ne":"Jungang Line","off":0.25},"geometry":{"type":"MultiLineString","coordinates":[[[127.0608379,37.5911681],[127.06086,37.59118],[127.06132,37.59143],[127.0618,37.59166],[127.0620362,37.5917491]],[[127.0768184,37.5951057],[127.07739,37.59523],[127.0781242,37.595375]],[[127.1055261,37.6059639],[127.1060713,37.6061351]],[[127.8370167,37.3501517],[127.8381268,37.3494131]],[[127.8495048,37.3418434],[127.84954,37.34182],[127.8506088,37.3410958]],[[128.9243144,35.9586403],[128.92437,35.95863],[128.9248,35.95857],[128.924852,35.9585654]],[[128.9329198,35.9587716],[128.934252,35.9588264]]]}},{"type":"Feature","properties":{"c":"hsr250","n":"중앙선","g":"kr","jk":"semi","d":260,"e":1,"nz":"中央线","ne":"Jungang Line","off":0.375},"geometry":{"type":"MultiLineString","coordinates":[[[127.0596597,37.5905441],[127.06034,37.5909],[127.0608379,37.5911681]],[[127.0781242,37.595375],[127.0794323,37.5956333]],[[127.1049894,37.6057683],[127.10504,37.60579],[127.10545,37.60594],[127.1055261,37.6059639]],[[127.8381268,37.3494131],[127.8392369,37.3486746]],[[127.8483947,37.342582],[127.8495048,37.3418434]],[[128.924852,35.9585654],[128.92537,35.95852],[128.9253928,35.9585196]],[[128.9315876,35.9587168],[128.9329198,35.9587716]]]}},{"type":"Feature","properties":{"c":"hsr250","n":"중앙선","g":"kr","jk":"semi","d":260,"e":1,"nz":"中央线","ne":"Jungang Line","off":0.5},"geometry":{"type":"MultiLineString","coordinates":[[[127.04861,37.58058],[127.04908,37.58118],[127.04952,37.5818],[127.04989,37.58248],[127.05026,37.58317],[127.05076,37.58391],[127.0513,37.58463],[127.05183,37.58533],[127.05239,37.586],[127.05273,37.58637],[127.05308,37.58671],[127.05348,37.58705],[127.05404,37.58747],[127.05467,37.58788],[127.05532,37.58828],[127.05629,37.5888],[127.05732,37.58932],[127.0596597,37.5905441]],[[127.0794323,37.5956333],[127.0821,37.59616],[127.08328,37.59638],[127.08436,37.5966],[127.08547,37.59687],[127.08657,37.59718],[127.08752,37.59753],[127.08866,37.59799],[127.0914125,37.599052]],[[127.1044689,37.6055328],[127.10469,37.60564],[127.1049894,37.6057683]],[[127.8392369,37.3486746],[127.8483947,37.342582]],[[128.9253928,35.9585196],[128.92595,35.95851],[128.92653,35.9585],[128.92727,35.95853],[128.92826,35.95858],[128.9315876,35.9587168]]]}},{"type":"Feature","properties":{"c":"hsr250","n":"중앙선","g":"kr","jk":"semi","d":260,"e":1,"nz":"中央线","ne":"Jungang Line","off":0.625},"geometry":{"type":"MultiLineString","coordinates":[[[127.0914125,37.599052],[127.0926565,37.599532]],[[127.1039707,37.6052538],[127.10404,37.6053],[127.10436,37.60548],[127.1044689,37.6055328]]]}},{"type":"Feature","properties":{"c":"hsr250","n":"중앙선","g":"kr","jk":"semi","d":260,"e":1,"nz":"中央线","ne":"Jungang Line","off":0.75},"geometry":{"type":"MultiLineString","coordinates":[[[127.0926565,37.599532],[127.0939004,37.600012]],[[127.1034987,37.6049318],[127.10374,37.6051],[127.1039707,37.6052538]]]}},{"type":"Feature","properties":{"c":"hsr250","n":"중앙선","g":"kr","jk":"semi","d":260,"e":1,"nz":"中央线","ne":"Jungang Line","off":0.875},"geometry":{"type":"MultiLineString","coordinates":[[[127.0939004,37.600012],[127.0951444,37.6004919]],[[127.1030621,37.6045641],[127.10341,37.60487],[127.1034987,37.6049318]]]}},{"type":"Feature","properties":{"c":"hsr250","n":"중앙선","g":"kr","jk":"semi","d":260,"e":1,"nz":"中央线","ne":"Jungang Line","off":1.0},"geometry":{"type":"LineString","coordinates":[[127.0951444,37.6004919],[127.09869,37.60186],[127.0993,37.60208],[127.09976,37.60225],[127.1002,37.60244],[127.10066,37.60268],[127.1011,37.60294],[127.10155,37.60324],[127.10218,37.60377],[127.10283,37.60436],[127.1030621,37.6045641]]}},{"type":"Feature","properties":{"c":"main","n":"진접선","g":"kr","jk":"main","nz":"榛接线","ne":"Jinjeop Line"},"geometry":{"type":"LineString","coordinates":[[127.07844,37.66958],[127.08024,37.67141],[127.08067,37.67184],[127.08104,37.67223],[127.08128,37.67252],[127.0815,37.67281],[127.08166,37.67313],[127.08175,37.67347],[127.08177,37.67384],[127.08176,37.67424],[127.0817,37.67479],[127.08158,37.67542],[127.08147,37.67605],[127.08146,37.6766],[127.08153,37.67696],[127.08163,37.67729],[127.08177,37.67759],[127.08196,37.67787],[127.0822,37.67812],[127.08249,37.67835],[127.08282,37.67855],[127.08314,37.67871],[127.08356,37.67885],[127.08399,37.67893],[127.08441,37.67898],[127.08495,37.67902],[127.08549,37.67898],[127.08595,37.67889],[127.08642,37.67874],[127.08687,37.67856],[127.08726,37.67836],[127.08762,37.67812],[127.08805,37.67784],[127.09128,37.67587],[127.09592,37.67346],[127.1079,37.66723],[127.1083,37.66701],[127.10859,37.66686],[127.10888,37.66672],[127.10922,37.66658],[127.10957,37.66646],[127.10996,37.66636],[127.1104,37.66626],[127.11089,37.66617],[127.1114,37.66611],[127.11189,37.66612],[127.11235,37.6662],[127.11281,37.66635],[127.11326,37.66653],[127.1137,37.6667],[127.11442,37.667],[127.11519,37.66734],[127.11817,37.66862],[127.12969,37.67392],[127.14344,37.68055],[127.15163,37.68562],[127.15814,37.68993],[127.16235,37.69262],[127.16454,37.69388],[127.16681,37.69506],[127.16901,37.69602],[127.1716,37.69706],[127.18675,37.70339],[127.19219,37.70566],[127.19497,37.70691],[127.19749,37.70813],[127.19892,37.70893],[127.20011,37.70963],[127.20058,37.70988],[127.20101,37.71011],[127.20142,37.71037],[127.20175,37.71062],[127.20208,37.71088],[127.20238,37.71118],[127.20266,37.71152],[127.20296,37.71204],[127.20322,37.71263],[127.20343,37.71327],[127.20359,37.71393],[127.20369,37.71469],[127.20372,37.7155],[127.2037,37.71633],[127.20365,37.71718],[127.20345,37.71917],[127.20316,37.7212]]}},{"type":"Feature","properties":{"c":"branch","n":"진해선","g":"kr","jk":"branch","nz":"镇海线","ne":"Jinhae Line"},"geometry":{"type":"LineString","coordinates":[[128.6745084,35.1553491],[128.67732,35.15685],[128.67821,35.15734],[128.67899,35.15774],[128.67942,35.15793],[128.67987,35.15812],[128.68032,35.15829],[128.68078,35.15843],[128.68123,35.15852],[128.68166,35.15858],[128.68215,35.15863],[128.68274,35.1587],[128.69199,35.15999],[128.69271,35.16008],[128.69327,35.16017],[128.6937,35.16026],[128.69412,35.16038],[128.69451,35.16051],[128.69497,35.16072],[128.69539,35.16098],[128.69571,35.16123],[128.69602,35.16152],[128.69629,35.16183],[128.69646,35.16212],[128.69661,35.16242],[128.69674,35.16275],[128.69685,35.16307],[128.69695,35.16344],[128.69702,35.16383],[128.69712,35.16436],[128.70003,35.17843],[128.70015,35.17899],[128.70023,35.17941],[128.70027,35.17974],[128.70029,35.18008],[128.70027,35.1804],[128.70021,35.18072],[128.7001,35.18103],[128.69997,35.18132],[128.6998,35.1816],[128.69961,35.18186],[128.69939,35.18215],[128.69825,35.18378],[128.69806,35.18407],[128.69789,35.18434],[128.69771,35.1846],[128.6975,35.18485],[128.69726,35.18509],[128.69699,35.18531],[128.69671,35.18552],[128.69641,35.18571],[128.69605,35.18592],[128.69567,35.1861],[128.69513,35.18637],[128.6915,35.18829],[128.68619,35.19108],[128.68105,35.19356],[128.67817,35.19446],[128.67538,35.19514],[128.67256,35.19585],[128.66963,35.19682],[128.66544,35.19906],[128.66075,35.20176],[128.65645,35.2043],[128.65345,35.20606],[128.65239,35.20665],[128.65158,35.20713],[128.65099,35.20751],[128.65042,35.20792],[128.64987,35.20836],[128.64933,35.20887],[128.64881,35.20942],[128.64835,35.20996],[128.64792,35.21054],[128.64755,35.21115],[128.64723,35.21176],[128.64693,35.21244],[128.64668,35.21312],[128.6465,35.21381],[128.64636,35.21451],[128.64627,35.21527],[128.64622,35.21722],[128.64626,35.21899],[128.64625,35.21947],[128.64625,35.21988],[128.64631,35.22033],[128.64642,35.22078],[128.64659,35.22119],[128.64681,35.22159],[128.64709,35.22195],[128.64741,35.22232],[128.64832,35.22343],[128.64859,35.22373],[128.64885,35.22403],[128.64908,35.22435],[128.64923,35.22463],[128.64936,35.22493],[128.64947,35.22524],[128.64953,35.22556],[128.64956,35.22594],[128.64954,35.22635],[128.64948,35.22676],[128.64937,35.22714],[128.64922,35.22748],[128.64902,35.2278],[128.64879,35.22811],[128.64853,35.22839],[128.64822,35.22864],[128.64788,35.22887],[128.64751,35.22908],[128.64715,35.2293],[128.64648,35.22967],[128.64567,35.23009],[128.63941,35.23348],[128.63839,35.23406],[128.63746,35.23462],[128.63654,35.23513],[128.63554,35.23558],[128.63436,35.23592],[128.63311,35.23617],[128.63184,35.23642],[128.63062,35.23679],[128.62927,35.23743],[128.62789,35.23822],[128.62665,35.23899],[128.62572,35.23955],[128.62528,35.23981],[128.6249,35.24001],[128.62445,35.24017],[128.62397,35.24028],[128.62351,35.24034],[128.62298,35.24037],[128.62223,35.24042],[128.62131,35.24047],[128.62033,35.24055],[128.61944,35.24068],[128.61872,35.24085],[128.61802,35.24106],[128.61737,35.24129],[128.61678,35.24154],[128.61627,35.2418],[128.61583,35.24208],[128.6154,35.24237],[128.61481,35.24283],[128.61418,35.24337],[128.61337,35.24406],[128.61243,35.24486],[128.6114,35.24564],[128.61005,35.24645],[128.60858,35.24723],[128.60727,35.24792],[128.60651,35.24833],[128.60582,35.24869],[128.60521,35.24907],[128.60474,35.24945],[128.60433,35.24986],[128.60396,35.25022],[128.6038512,35.2503128]]}},{"type":"Feature","properties":{"c":"branch","n":"진해선","g":"kr","jk":"branch","nz":"镇海线","ne":"Jinhae Line","off":-0.5},"geometry":{"type":"LineString","coordinates":[[128.6594,35.15375],[128.66628,35.15302],[128.66707,35.15293],[128.66773,35.15287],[128.66822,35.15284],[128.66871,35.15283],[128.6692,35.15286],[128.66956,35.15293],[128.66991,35.15302],[128.67026,35.15314],[128.6706,35.15326],[128.6709907,35.1534456]]}},{"type":"Feature","properties":{"c":"branch","n":"진해선","g":"kr","jk":"branch","nz":"镇海线","ne":"Jinhae Line","off":-0.375},"geometry":{"type":"LineString","coordinates":[[128.6709907,35.1534456],[128.671,35.15345],[128.67138,35.15366],[128.67185,35.15393],[128.672156,35.1540933]]}},{"type":"Feature","properties":{"c":"branch","n":"진해선","g":"kr","jk":"branch","nz":"镇海线","ne":"Jinhae Line","off":-0.25},"geometry":{"type":"LineString","coordinates":[[128.672156,35.1540933],[128.6733322,35.1547212]]}},{"type":"Feature","properties":{"c":"branch","n":"진해선","g":"kr","jk":"branch","nz":"镇海线","ne":"Jinhae Line","off":-0.125},"geometry":{"type":"LineString","coordinates":[[128.6733322,35.1547212],[128.6745084,35.1553491]]}},{"type":"Feature","properties":{"c":"branch","n":"진해선","g":"kr","jk":"branch","nz":"镇海线","ne":"Jinhae Line","off":0.125},"geometry":{"type":"LineString","coordinates":[[128.6038512,35.2503128],[128.60362,35.25051],[128.60334,35.2508],[128.60311,35.25116],[128.6030321,35.2513432]]}},{"type":"Feature","properties":{"c":"branch","n":"진해선","g":"kr","jk":"branch","nz":"镇海线","ne":"Jinhae Line","off":0.25},"geometry":{"type":"LineString","coordinates":[[128.6030321,35.2513432],[128.60294,35.25156],[128.60283,35.2519],[128.60276,35.25227],[128.6027306,35.2526327]]}},{"type":"Feature","properties":{"c":"branch","n":"진해선","g":"kr","jk":"branch","nz":"镇海线","ne":"Jinhae Line","off":0.375},"geometry":{"type":"LineString","coordinates":[[128.6027306,35.2526327],[128.60273,35.25264],[128.60275,35.25299],[128.60282,35.25333],[128.60292,35.25367],[128.6030279,35.2539218]]}},{"type":"Feature","properties":{"c":"branch","n":"진해선","g":"kr","jk":"branch","nz":"镇海线","ne":"Jinhae Line","off":0.5},"geometry":{"type":"LineString","coordinates":[[128.6030279,35.2539218],[128.60304,35.25395],[128.60317,35.25423],[128.60336,35.25451],[128.60362,35.25482],[128.60394,35.25514],[128.60428,35.25546],[128.60461,35.25577],[128.60518,35.25625],[128.6058,35.25676],[128.60698,35.2577],[128.60819,35.25875],[128.60909,35.25972],[128.60994,35.26071]]}},{"type":"Feature","properties":{"c":"branch","n":"천안직결선","g":"kr","jk":"branch","nz":"天安直结线","ne":"Cheonan Direct Connection Line"},"geometry":{"type":"LineString","coordinates":[[127.14832,36.83986],[127.14858,36.83882],[127.1488,36.83778],[127.14891,36.83674],[127.14899,36.83568],[127.14921,36.83324],[127.14925,36.83248],[127.1493,36.83173],[127.14941,36.83097],[127.14968,36.83017],[127.15002,36.82936],[127.15027,36.82865],[127.15036,36.82825],[127.15041,36.8279],[127.15041,36.82755],[127.15037,36.82723],[127.15029,36.82691],[127.1502,36.82659],[127.15003,36.82615],[127.14982,36.82566],[127.14955,36.82509],[127.14925,36.82443],[127.14899,36.82365],[127.1489809,36.8235865]]}},{"type":"Feature","properties":{"c":"branch","n":"천안직결선","g":"kr","jk":"branch","nz":"天安直结线","ne":"Cheonan Direct Connection Line","off":0.125},"geometry":{"type":"LineString","coordinates":[[127.1489809,36.8235865],[127.1487913,36.8222667]]}},{"type":"Feature","properties":{"c":"branch","n":"천안직결선","g":"kr","jk":"branch","nz":"天安直结线","ne":"Cheonan Direct Connection Line","off":0.25},"geometry":{"type":"LineString","coordinates":[[127.1487913,36.8222667],[127.14873,36.82184],[127.148664,36.8209402]]}},{"type":"Feature","properties":{"c":"branch","n":"천안직결선","g":"kr","jk":"branch","nz":"天安直结线","ne":"Cheonan Direct Connection Line","off":0.375},"geometry":{"type":"LineString","coordinates":[[127.148664,36.8209402],[127.14857,36.81966],[127.1485638,36.8196107]]}},{"type":"Feature","properties":{"c":"branch","n":"천안직결선","g":"kr","jk":"branch","nz":"天安直结线","ne":"Cheonan Direct Connection Line","off":0.5},"geometry":{"type":"LineString","coordinates":[[127.1485638,36.8196107],[127.14831,36.81758],[127.14767,36.81528],[127.14696,36.81306]]}},{"type":"Feature","properties":{"c":"branch","n":"철도종합시험선로","g":"kr","jk":"branch","off":-0.5},"geometry":{"type":"LineString","coordinates":[[127.32124,36.61668],[127.32192,36.61724],[127.32256,36.61783],[127.32314,36.61851],[127.32369,36.61921]]}},{"type":"Feature","properties":{"c":"main","n":"충북선","g":"kr","jk":"main","nz":"忠北线","ne":"Chungbuk Line"},"geometry":{"type":"MultiLineString","coordinates":[[[127.29887,36.59465],[127.29861,36.59489],[127.29837,36.59514],[127.29821,36.5954],[127.29804,36.59572],[127.29769,36.59628],[127.29721,36.59701],[127.29676,36.59779],[127.29645,36.59847],[127.29637,36.59888],[127.29636,36.59926],[127.29637,36.59962],[127.29635,36.59999],[127.29623,36.60069],[127.29607,36.6015],[127.29513,36.60646],[127.29504,36.60687],[127.29497,36.6072],[127.29493,36.60752],[127.29494,36.60786],[127.29499,36.6082],[127.29508,36.60858],[127.2953,36.60935],[127.29559,36.61021],[127.29592,36.61095],[127.29614,36.61132],[127.29638,36.61163],[127.29663,36.61191],[127.29701,36.61224],[127.29744,36.61251],[127.2979,36.61268],[127.29846,36.61283],[127.30018,36.6134],[127.3004914,36.6134949]],[[127.3338589,36.624668],[127.33401,36.62469],[127.33448,36.62471],[127.33495,36.62472],[127.33555,36.6247],[127.33636,36.62467],[127.35452,36.62404],[127.35617,36.62396],[127.3575,36.62394],[127.35824,36.62396],[127.35899,36.62399],[127.35974,36.62406],[127.36046,36.62418],[127.36112,36.62437],[127.36173,36.62462],[127.36238,36.62491],[127.36314,36.62522],[127.36542,36.62604],[127.36811,36.62702],[127.37056,36.62809],[127.37229,36.62917],[127.37384,36.63033],[127.37524,36.63127],[127.37604,36.63168],[127.37678,36.63201],[127.37757,36.63233],[127.37836,36.63261],[127.37921,36.63286],[127.38007,36.63315],[127.3809,36.63352],[127.38188,36.63415],[127.38286,36.63492],[127.38375,36.63568],[127.38447,36.63628],[127.38497,36.63665],[127.38537,36.63698],[127.38577,36.63736],[127.38613,36.63777],[127.38642,36.63819],[127.38673,36.63865],[127.38794,36.64042],[127.38946,36.64318],[127.39444,36.65221],[127.39463,36.65257],[127.39476,36.65283],[127.39491,36.65307],[127.39512,36.65334],[127.39534,36.6536],[127.39558,36.65385],[127.39587,36.65408],[127.39618,36.65429],[127.3965,36.65448],[127.39695,36.65472],[127.39753,36.65501],[127.40467,36.65866],[127.40623,36.65949],[127.40766,36.66019],[127.40872,36.66065],[127.40979,36.66107],[127.41086,36.66143],[127.4118,36.66166],[127.41273,36.66183],[127.41367,36.66199],[127.41653,36.66237],[127.42659,36.66372],[127.43201,36.66414],[127.43259,36.66417],[127.43306,36.6642],[127.43353,36.66425],[127.43402,36.66436],[127.4345,36.6645],[127.43496,36.66466],[127.43537,36.66484],[127.43576,36.66503],[127.43627,36.66529],[127.43964,36.66685],[127.44407,36.66904],[127.45161,36.67341],[127.45803,36.67729],[127.45914,36.67793],[127.46,36.67845],[127.46094,36.6791],[127.46181,36.67979],[127.46259,36.68054],[127.46331,36.68134],[127.46463,36.68299],[127.46945,36.689],[127.46988,36.68951],[127.4702,36.68993],[127.47049,36.69044],[127.47073,36.69095],[127.47089,36.69138],[127.47103,36.69184],[127.47121,36.69241],[127.47141,36.69305],[127.47163,36.69363],[127.47182,36.69401],[127.47202,36.69436],[127.47226,36.69469],[127.47252,36.69496],[127.47281,36.69522],[127.47321,36.69557],[127.48105,36.70292],[127.48143,36.70326],[127.4817,36.70352],[127.48197,36.70386],[127.4822,36.7042],[127.48238,36.70449],[127.48253,36.7048],[127.48265,36.7052],[127.48274,36.70567],[127.48279,36.70613],[127.48279,36.70656],[127.48275,36.70698],[127.4827,36.70746],[127.48261,36.70826],[127.48252,36.70917],[127.48252,36.71011],[127.48261,36.71099],[127.48276,36.71194],[127.48298,36.71284],[127.48327,36.71359],[127.48351,36.71398],[127.48378,36.7143],[127.48407,36.7146],[127.48437,36.71489],[127.48496,36.71541],[127.4856,36.71593],[127.48727,36.71733],[127.48757,36.71757],[127.48783,36.71778],[127.48807,36.718],[127.48826,36.71827],[127.48843,36.71855],[127.48858,36.71883],[127.48874,36.71924],[127.48891,36.71972],[127.49023,36.72326],[127.49038,36.72368],[127.4905,36.72404],[127.49065,36.72438],[127.49087,36.72473],[127.49113,36.72507],[127.49141,36.72538],[127.49169,36.72564],[127.492,36.72587],[127.49233,36.72609],[127.49268,36.72627],[127.49305,36.72643],[127.49345,36.7266],[127.49501,36.72731],[127.49543,36.72752],[127.49585,36.72772],[127.49627,36.72789],[127.49672,36.72805],[127.49718,36.72818],[127.49766,36.72827],[127.4981,36.72831],[127.49857,36.72832],[127.49905,36.72831],[127.49952,36.72828],[127.50008,36.72822],[127.50065,36.72812],[127.50134,36.72801],[127.50269,36.72776],[127.50436,36.72744],[127.50621,36.72715],[127.50812,36.72699],[127.51074,36.72718],[127.51363,36.72757],[127.51652,36.728],[127.51916,36.7283],[127.52258,36.72833],[127.52602,36.7283],[127.53755,36.72885],[127.53821,36.72887],[127.53875,36.72888],[127.53923,36.7289],[127.53972,36.72895],[127.54026,36.72905],[127.54081,36.72917],[127.54133,36.72933],[127.54179,36.7295],[127.54221,36.72973],[127.54257,36.72999],[127.54289,36.73028],[127.54318,36.7306],[127.54343,36.73095],[127.54364,36.73131],[127.54378,36.73165],[127.54387,36.73201],[127.54399,36.73246],[127.54464,36.73479],[127.54561,36.73778],[127.54708,36.74097],[127.54883,36.74447],[127.55007,36.74739],[127.55035,36.74863],[127.55048,36.74968],[127.55057,36.75054],[127.55062,36.7509],[127.55066,36.75119],[127.55073,36.75149],[127.55082,36.75179],[127.55094,36.75209],[127.55111,36.75239],[127.55132,36.7527],[127.55158,36.75302],[127.55187,36.75333],[127.5522,36.75359],[127.55256,36.7538],[127.55297,36.75397],[127.55339,36.75413],[127.55382,36.7543],[127.55582,36.75518],[127.55628,36.75537],[127.55674,36.75555],[127.55719,36.75574],[127.55763,36.75597],[127.55807,36.75624],[127.5585,36.75655],[127.5589,36.75688],[127.55925,36.75722],[127.55952,36.75759],[127.55975,36.75798],[127.55995,36.75838],[127.56012,36.75879],[127.5603,36.75929],[127.56043,36.75979],[127.56059,36.76036],[127.56098,36.76186],[127.56151,36.76351],[127.56241,36.76541],[127.56333,36.76714],[127.56374,36.768],[127.56414,36.76877],[127.56439,36.76916],[127.56466,36.76956],[127.56495,36.76993],[127.56527,36.77026],[127.56557,36.7705],[127.56589,36.7707],[127.56622,36.77089],[127.56655,36.77107],[127.56719,36.77137],[127.56799,36.77171],[127.57148,36.77331],[127.57599,36.77524],[127.58232,36.77744],[127.58758,36.77915],[127.58843,36.77945],[127.58911,36.77967],[127.58991,36.77986],[127.59072,36.78],[127.59144,36.78009],[127.59236,36.78017],[127.60644,36.7816],[127.60728,36.78167],[127.60792,36.78172],[127.60855,36.78182],[127.60906,36.78193],[127.60958,36.78207],[127.61007,36.78224],[127.61052,36.78244],[127.61091,36.78265],[127.61127,36.78289],[127.61161,36.78315],[127.61193,36.78343],[127.61228,36.78378],[127.61261,36.78417],[127.61291,36.78457],[127.61317,36.78498],[127.61343,36.78551],[127.61364,36.78605],[127.6139,36.78673],[127.61556,36.79051],[127.61728,36.79491],[127.61807,36.79824],[127.61857,36.80098],[127.61869,36.80145],[127.6188,36.80184],[127.61888,36.8022],[127.61891,36.80258],[127.61889,36.80298],[127.61883,36.80339],[127.61874,36.80379],[127.61862,36.80418],[127.61846,36.80465],[127.61825,36.8051],[127.61797,36.80572],[127.61226,36.81925],[127.6112,36.82208],[127.61104,36.82247],[127.61088,36.82282],[127.61074,36.82315],[127.61068,36.8235],[127.61068,36.82388],[127.61075,36.82427],[127.61087,36.82466],[127.611,36.82504],[127.61121,36.8255],[127.61148,36.82595],[127.61177,36.82647],[127.61218,36.82716],[127.61267,36.82795],[127.61314,36.8288],[127.61352,36.82971],[127.61381,36.83096],[127.61396,36.83233],[127.61409,36.83372],[127.61431,36.83503],[127.61497,36.83702],[127.61567,36.83908],[127.61645,36.84295],[127.61701,36.84629],[127.61711,36.84689],[127.6172,36.84736],[127.6173,36.84772],[127.61741,36.84807],[127.61756,36.84841],[127.61774,36.84872],[127.61796,36.84901],[127.61822,36.84937],[127.62021,36.85225],[127.62067,36.85293],[127.6211,36.85354],[127.62136,36.85386],[127.62162,36.85417],[127.6219,36.85447],[127.6222,36.85473],[127.62251,36.85495],[127.62284,36.85512],[127.62319,36.8553],[127.62357,36.8555],[127.62491,36.85623],[127.62631,36.85703],[127.62744,36.85782],[127.62842,36.85856],[127.62878,36.85883],[127.62909,36.85907],[127.62942,36.85928],[127.6298,36.85945],[127.63019,36.85959],[127.63066,36.85971],[127.63133,36.85982],[127.63212,36.8599],[127.63291,36.85999],[127.63357,36.8601],[127.634,36.86024],[127.63437,36.86039],[127.63472,36.86056],[127.63503,36.86073],[127.63533,36.86092],[127.63574,36.86118],[127.63788,36.86242],[127.64086,36.86417],[127.64373,36.86608],[127.64554,36.86772],[127.64727,36.86949],[127.64902,36.87125],[127.65091,36.87285],[127.65337,36.8741],[127.65606,36.87531],[127.65859,36.87638],[127.66057,36.87723],[127.66281,36.87825],[127.66338,36.8785],[127.66397,36.87874],[127.66455,36.87896],[127.66514,36.87913],[127.6657,36.87923],[127.66626,36.87929],[127.66683,36.87931],[127.66739,36.87933],[127.66811,36.87931],[127.66884,36.87926],[127.66965,36.8792],[127.67448,36.87893],[127.675,36.87889],[127.67547,36.87885],[127.6759,36.87883],[127.67634,36.87883],[127.67681,36.87888],[127.67728,36.87895],[127.67774,36.87905],[127.67817,36.87916],[127.67859,36.8793],[127.67898,36.87946],[127.67933,36.87965],[127.67965,36.87985],[127.67994,36.88006],[127.68021,36.88029],[127.68046,36.88052],[127.68069,36.88076],[127.68089,36.88102],[127.68107,36.88133],[127.68121,36.88166],[127.68134,36.882],[127.68169,36.88301],[127.68353,36.88831],[127.6837,36.88877],[127.68384,36.88913],[127.68394,36.88949],[127.684,36.88978],[127.68405,36.89007],[127.68407,36.89038],[127.68406,36.89072],[127.68393,36.89134],[127.68371,36.89206],[127.68347,36.89279],[127.68331,36.89345],[127.68326,36.89389],[127.68323,36.8943],[127.68324,36.8947],[127.68329,36.89509],[127.68338,36.89547],[127.68351,36.89583],[127.68367,36.89621],[127.68385,36.89667],[127.68563,36.9017],[127.68592,36.9026],[127.68618,36.90346],[127.68646,36.90427],[127.6868,36.90501],[127.68717,36.90555],[127.68759,36.90605],[127.68802,36.90651],[127.68839,36.90693],[127.68881,36.90743],[127.68918,36.90789],[127.68942,36.90823],[127.68964,36.90857],[127.68982,36.90893],[127.68994,36.9093],[127.69002,36.90968],[127.69007,36.91006],[127.69009,36.91042],[127.69007,36.91077],[127.69006,36.91116],[127.69003,36.91186],[127.68999,36.91264],[127.69003,36.91337],[127.69013,36.91387],[127.69028,36.91433],[127.69048,36.91478],[127.69072,36.91518],[127.691,36.91556],[127.69136,36.91605],[127.69547,36.92197],[127.69574,36.92239],[127.69596,36.92274],[127.69617,36.92304],[127.69642,36.92335],[127.69672,36.92365],[127.69705,36.92394],[127.69741,36.92421],[127.69781,36.92445],[127.69834,36.92469],[127.69893,36.92489],[127.69954,36.92506],[127.70016,36.9252],[127.7009,36.92533],[127.70166,36.92541],[127.70265,36.92552],[127.71758,36.92745],[127.71887,36.92765],[127.71995,36.92784],[127.72096,36.92798],[127.722,36.92802],[127.72308,36.92787],[127.72417,36.92759],[127.72525,36.92731],[127.72633,36.92713],[127.72744,36.92714],[127.72857,36.92725],[127.72966,36.92737],[127.73062,36.92741],[127.73138,36.92735],[127.73205,36.92725],[127.7327,36.92714],[127.73358,36.92697],[127.73451,36.92677],[127.73815,36.92603],[127.745,36.92417],[127.746,36.92389],[127.74685,36.92367],[127.7478,36.92348],[127.74876,36.92332],[127.75069,36.92309],[127.75987,36.92199],[127.76045,36.92191],[127.7609,36.92187],[127.7614,36.92188],[127.76192,36.92195],[127.76234,36.92205],[127.76276,36.92219],[127.76318,36.92237],[127.76353,36.92256],[127.76388,36.92278],[127.76422,36.92303],[127.76451,36.92329],[127.76476,36.92359],[127.76498,36.92391],[127.76516,36.92423],[127.7653,36.92454],[127.7654,36.92485],[127.76545,36.92514],[127.76548,36.92544],[127.76549,36.92573],[127.76547,36.92601],[127.76546,36.92635],[127.76541,36.92707],[127.76536,36.9279],[127.76538,36.92867],[127.76543,36.92905],[127.7655,36.9294],[127.7656,36.92973],[127.76575,36.93006],[127.76599,36.93044],[127.76628,36.93081],[127.76662,36.93117],[127.76697,36.9315],[127.76745,36.93189],[127.76798,36.93225],[127.76858,36.93267],[127.77048,36.934],[127.77243,36.93545],[127.77306,36.93594],[127.77365,36.93641],[127.77418,36.93688],[127.77465,36.9374],[127.77501,36.93795],[127.77529,36.93853],[127.77555,36.93915],[127.77587,36.93986],[127.77653,36.94128],[127.77728,36.94298],[127.77812,36.94469],[127.77901,36.94616],[127.7798,36.94702],[127.78066,36.94773],[127.78151,36.94845],[127.78229,36.94933],[127.78312,36.95082],[127.78384,36.95253],[127.78455,36.95435],[127.78536,36.95614],[127.78781,36.96012],[127.79012,36.96386],[127.79064,36.96503],[127.79103,36.96613],[127.79142,36.96716],[127.79191,36.96814],[127.79248,36.96897],[127.7931,36.96977],[127.79376,36.9705],[127.7944,36.9711],[127.79487,36.97145],[127.79534,36.97173],[127.79581,36.97197],[127.79627,36.97217],[127.79664,36.9723],[127.79699,36.97241],[127.79735,36.97249],[127.79771,36.97256],[127.79817,36.97262],[127.79863,36.97266],[127.79922,36.97271],[127.80661,36.97344],[127.80759,36.97354],[127.80843,36.97362],[127.80904,36.97365],[127.80965,36.97366],[127.81026,36.97364],[127.81083,36.97356],[127.81139,36.97344],[127.81205,36.97331],[127.81307,36.97316],[127.81427,36.973],[127.81552,36.97278],[127.81671,36.97245],[127.81799,36.97185],[127.81929,36.97107],[127.82047,36.9703],[127.82142,36.96969],[127.82188,36.96941],[127.82224,36.96919],[127.82262,36.96899],[127.82306,36.9688],[127.82352,36.96863],[127.82398,36.9685],[127.82442,36.96843],[127.82487,36.96839],[127.82545,36.96833],[127.82757,36.96812],[127.83031,36.96785],[127.83285,36.96746],[127.83454,36.967],[127.83609,36.96648],[127.83754,36.96602],[127.83862,36.96574],[127.83964,36.9655],[127.84067,36.96532],[127.84165,36.96523],[127.84264,36.9652],[127.84391,36.96515],[127.85163,36.96483],[127.8605,36.96425],[127.86602,36.96344],[127.87131,36.96243],[127.87534,36.96152],[127.87944,36.96052],[127.88341,36.95976],[127.887,36.95941],[127.8905,36.95924],[127.89317,36.95912],[127.89424,36.95904],[127.89513,36.959],[127.89563,36.959],[127.89614,36.95902],[127.89663,36.95907],[127.89709,36.95914],[127.89753,36.95925],[127.89794,36.9594],[127.89835,36.95958],[127.8987,36.95978],[127.89906,36.96],[127.8994,36.96025],[127.89972,36.96051],[127.89998,36.96078],[127.90021,36.96106],[127.90043,36.96136],[127.90063,36.96166],[127.90094,36.96218],[127.9009831,36.9622628]],[[127.9161648,37.0052983],[127.91615,37.00557],[127.91612,37.00598],[127.91613,37.00639],[127.91622,37.00684],[127.91634,37.00729],[127.91651,37.00773],[127.91672,37.00818],[127.91697,37.00862],[127.91729,37.00907],[127.91765,37.0095],[127.91806,37.00994],[127.91854,37.01038],[127.91908,37.01079],[127.91985,37.01125],[127.92073,37.01168],[127.92166,37.0121],[127.92258,37.0125],[127.92624,37.01399],[127.93499,37.01756],[127.93549,37.01778],[127.9359,37.01796],[127.93626,37.01812],[127.93666,37.01824],[127.93711,37.01834],[127.93756,37.01841],[127.93802,37.01845],[127.93852,37.01846],[127.93924,37.0184],[127.94002,37.01827],[127.94079,37.01813],[127.94148,37.01805],[127.94201,37.01803],[127.94249,37.01804],[127.94297,37.01807],[127.94364,37.01815],[127.94444,37.01827],[127.95211,37.01931],[127.95315,37.01943],[127.95401,37.01956],[127.95449,37.01966],[127.95497,37.01977],[127.95543,37.01989],[127.95585,37.02005],[127.95619,37.02023],[127.9565,37.02044],[127.95677,37.02065],[127.95701,37.02086],[127.95727,37.02113],[127.95746,37.0214],[127.95759,37.02168],[127.95772,37.02202],[127.95922,37.02562],[127.95936,37.026],[127.95948,37.02633],[127.9596,37.02664],[127.95977,37.02694],[127.95996,37.02725],[127.96018,37.02755],[127.96044,37.02783],[127.96075,37.02809],[127.96119,37.02835],[127.9617,37.02859],[127.96225,37.0288],[127.96284,37.02896],[127.96358,37.02907],[127.9644,37.0291],[127.96521,37.02913],[127.96594,37.02922],[127.96645,37.02934],[127.96692,37.02948],[127.96736,37.02966],[127.96777,37.02987],[127.96815,37.03013],[127.96849,37.03043],[127.96882,37.03077],[127.96918,37.03113],[127.9704,37.03244],[127.97151,37.03369],[127.97177,37.03397],[127.97199,37.03419],[127.97219,37.03443],[127.97238,37.0347],[127.97255,37.03497],[127.97269,37.03527],[127.97279,37.03556],[127.97288,37.03588],[127.97294,37.03621],[127.97297,37.03653],[127.97294,37.03685],[127.97287,37.03715],[127.97279,37.03747],[127.97271,37.03781],[127.97232,37.03966],[127.97222,37.04009],[127.97212,37.04048],[127.97207,37.04088],[127.97206,37.04119],[127.97208,37.04149],[127.97213,37.0418],[127.97222,37.04211],[127.97235,37.0425],[127.97252,37.04289],[127.97274,37.04328],[127.97301,37.04364],[127.97335,37.04398],[127.97375,37.04431],[127.97418,37.04461],[127.97462,37.0449],[127.97513,37.0452],[127.97568,37.04547],[127.9765,37.04588],[128.0213,37.0692],[128.0222,37.0697],[128.0228,37.07003],[128.02343,37.07031],[128.02418,37.07058],[128.02497,37.0708],[128.02583,37.07098],[128.02677,37.0711],[128.02782,37.07115],[128.02887,37.07123],[128.0298,37.0714],[128.03049,37.07166],[128.03113,37.07198],[128.03171,37.07231],[128.03222,37.0726],[128.0326,37.07279],[128.03293,37.07296],[128.03327,37.07311],[128.03365,37.07324],[128.03404,37.07335],[128.03443,37.07343],[128.03485,37.07348],[128.03527,37.07351],[128.03569,37.07352],[128.0363,37.0735],[128.03696,37.07345],[128.03933,37.07332],[128.03975,37.07329],[128.04014,37.07325],[128.04052,37.07323],[128.04091,37.07323],[128.0413,37.07327],[128.04169,37.07333],[128.04208,37.07341],[128.04244,37.07352],[128.04276,37.07367],[128.04304,37.07384],[128.04334,37.07404],[128.04371,37.07428],[128.04492,37.07505],[128.04643,37.07599],[128.04806,37.07688],[128.05016,37.07775],[128.0524,37.07855],[128.05412,37.07914],[128.05458,37.07931],[128.05493,37.07943],[128.05527,37.07958],[128.05563,37.07975],[128.05596,37.07994],[128.0563,37.08019],[128.05667,37.08055],[128.05705,37.081],[128.0574,37.08147],[128.05768,37.08189],[128.05784,37.0822],[128.05796,37.08249],[128.05805,37.08282],[128.05815,37.08331],[128.05822,37.08386],[128.05832,37.0844],[128.05856,37.08515],[128.05886,37.08594],[128.05974,37.08849],[128.05986,37.08891],[128.06,37.08925],[128.0603,37.08955],[128.06067,37.08982],[128.06105,37.09002],[128.0615,37.09023],[128.06201,37.09046],[128.06262,37.09073],[128.06324,37.09104],[128.06377,37.09136],[128.06416,37.09168],[128.0645,37.09203],[128.0648,37.09238],[128.06504,37.09272],[128.06522,37.09304],[128.06535,37.09334],[128.06544,37.09365],[128.0655,37.094],[128.06552,37.09436],[128.06551,37.09472],[128.06545,37.09523],[128.06536,37.09579],[128.06514,37.097],[128.06498,37.09836],[128.06496,37.09903],[128.06497,37.09973],[128.06503,37.10038],[128.06514,37.10095],[128.06526,37.10128],[128.0654,37.10157],[128.06556,37.10183],[128.06573,37.10208],[128.06594,37.10236],[128.06618,37.1026],[128.06644,37.10283],[128.06676,37.10305],[128.06712,37.10325],[128.06749,37.10341],[128.06786,37.10355],[128.06825,37.10366],[128.06864,37.10374],[128.06918,37.10381],[128.06972,37.10382],[128.07023,37.10377],[128.07079,37.10369],[128.07326,37.10339],[128.07372,37.10335],[128.07417,37.10332],[128.07461,37.10327],[128.07503,37.10318],[128.07544,37.10304],[128.07585,37.10286],[128.07624,37.10265],[128.07661,37.10243],[128.07694,37.1022],[128.07724,37.10194],[128.07755,37.10167],[128.07789,37.10138],[128.0802,37.09947],[128.08058,37.09915],[128.08091,37.09886],[128.08126,37.0986],[128.08155,37.0984],[128.08186,37.09821],[128.08218,37.09804],[128.0825,37.0979],[128.08289,37.09777],[128.08328,37.09767],[128.08367,37.0976],[128.08405,37.09756],[128.08443,37.09755],[128.08481,37.09756],[128.08522,37.0976],[128.08562,37.09767],[128.08602,37.09777],[128.08642,37.09792],[128.08682,37.09809],[128.08719,37.09829],[128.08761,37.09858],[128.08798,37.09891],[128.0882,37.09916],[128.0884,37.09942],[128.08857,37.09969],[128.08869,37.09995],[128.08879,37.10021],[128.08891,37.10055],[128.08927,37.10154],[128.08973,37.10278],[128.09029,37.10398],[128.09077,37.10481],[128.09131,37.10565],[128.09188,37.10641],[128.09246,37.10701],[128.09286,37.10731],[128.09327,37.10754],[128.09369,37.10772],[128.09414,37.10789],[128.09459,37.10802],[128.09507,37.10812],[128.09556,37.10821],[128.09607,37.1083],[128.09874,37.10888],[128.09924,37.10898],[128.09973,37.10906],[128.1002,37.10916],[128.10065,37.10929],[128.10109,37.10947],[128.10152,37.10969],[128.10192,37.10993],[128.10229,37.11017],[128.10259,37.1104],[128.10287,37.11064],[128.10312,37.11089],[128.10336,37.11115],[128.10355,37.11142],[128.10371,37.11169],[128.10387,37.11199],[128.10406,37.11232],[128.10588,37.11536],[128.10637,37.11613],[128.10677,37.11684],[128.10708,37.11762],[128.10732,37.11841],[128.10771,37.12002],[128.10836,37.12275],[128.10851,37.12344],[128.10867,37.12407],[128.10877,37.1244],[128.10887,37.12472],[128.10899,37.12504],[128.10916,37.12537],[128.10943,37.1258],[128.10976,37.12624],[128.11013,37.12668],[128.11049,37.12707],[128.11079,37.12734],[128.11108,37.12759],[128.1114,37.12782],[128.11178,37.12805],[128.11243,37.12835],[128.11321,37.12863],[128.11404,37.12888],[128.11486,37.1291],[128.11592,37.1293],[128.11699,37.12944],[128.11816,37.1296],[128.1194787,37.1297982]]]}},{"type":"Feature","properties":{"c":"main","n":"충북선","g":"kr","jk":"main","nz":"忠北线","ne":"Chungbuk Line","off":0.125},"geometry":{"type":"MultiLineString","coordinates":[[[127.3004914,36.6134949],[127.3017668,36.6138837]],[[127.3325806,36.6243058],[127.33259,36.62431],[127.33307,36.62449],[127.33353,36.62462],[127.3338589,36.624668]],[[127.9009831,36.9622628],[127.90132,36.96291],[127.9016123,36.9634382]],[[127.9162161,37.003966],[127.91618,37.00502],[127.9161648,37.0052983]],[[128.1194787,37.1297982],[128.1207972,37.1299963]]]}},{"type":"Feature","properties":{"c":"main","n":"충북선","g":"kr","jk":"main","nz":"忠北线","ne":"Chungbuk Line","off":0.25},"geometry":{"type":"MultiLineString","coordinates":[[[127.3017668,36.6138837],[127.30205,36.61397],[127.30261,36.61411],[127.3030558,36.6142236]],[[127.3313972,36.6236949],[127.33167,36.62386],[127.33212,36.6241],[127.3325806,36.6243058]],[[127.9016123,36.9634382],[127.9022578,36.9646048]],[[127.9162616,37.0026334],[127.9162161,37.003966]],[[128.1207972,37.1299963],[128.1221157,37.1301945]]]}},{"type":"Feature","properties":{"c":"main","n":"충북선","g":"kr","jk":"main","nz":"忠北线","ne":"Chungbuk Line","off":0.375},"geometry":{"type":"MultiLineString","coordinates":[[[127.3030558,36.6142236],[127.30312,36.61424],[127.30361,36.61434],[127.30408,36.6144],[127.3043731,36.6144062]],[[127.3303298,36.6228974],[127.3306,36.6231],[127.33096,36.62339],[127.33129,36.62363],[127.3313972,36.6236949]],[[127.9022578,36.9646048],[127.9029034,36.9657714]],[[127.9163072,37.0013009],[127.9162616,37.0026334]],[[128.1221157,37.1301945],[128.12335,37.13038],[128.1234338,37.1303952]]]}},{"type":"Feature","properties":{"c":"main","n":"충북선","g":"kr","jk":"main","nz":"忠北线","ne":"Chungbuk Line","off":0.5},"geometry":{"type":"MultiLineString","coordinates":[[[127.3043731,36.6144062],[127.30455,36.61441],[127.305,36.61437],[127.30544,36.61432],[127.30585,36.61424],[127.30626,36.61415],[127.30675,36.61404],[127.30766,36.61382],[127.30875,36.61353],[127.30993,36.61327],[127.31108,36.61313],[127.31222,36.61317],[127.31341,36.61333],[127.31453,36.61352],[127.31552,36.61367],[127.31608,36.61372],[127.31658,36.61376],[127.31705,36.61381],[127.3175,36.61391],[127.31794,36.61409],[127.31836,36.61431],[127.31876,36.61456],[127.31916,36.61481],[127.31983,36.61528],[127.32064,36.61589],[127.33012,36.62274],[127.3303298,36.6228974]],[[127.9029034,36.9657714],[127.91532,36.98821],[127.91575,36.98896],[127.91604,36.98952],[127.91629,36.99021],[127.91647,36.99091],[127.91657,36.99158],[127.91662,36.99226],[127.91661,36.99286],[127.91657,36.99362],[127.9163072,37.0013009]],[[128.1234338,37.1303952],[128.12379,37.13046],[128.12417,37.13052],[128.12452,37.13058],[128.12488,37.13061],[128.12527,37.13061],[128.12566,37.13059],[128.12605,37.13055],[128.12643,37.13051],[128.12712,37.1304],[128.12796,37.13026],[128.13801,37.12862]]]}},{"type":"Feature","properties":{"c":"branch","n":"클라우드라이드","g":"kr","jk":"branch"},"geometry":{"type":"LineString","coordinates":[[129.28143,35.83659],[129.28141,35.83619],[129.28141,35.83617],[129.28141,35.83615],[129.28141,35.83613],[129.28141,35.83612],[129.28141,35.8361],[129.28143,35.83609],[129.28145,35.83609],[129.28147,35.83608],[129.28149,35.83608],[129.28151,35.83607],[129.28155,35.83606],[129.28157,35.83605],[129.28159,35.83604],[129.2816,35.83603],[129.28162,35.83603],[129.28164,35.83603],[129.28166,35.83604],[129.28166,35.83606],[129.28166,35.83608],[129.28166,35.83609],[129.28167,35.83611],[129.28185,35.83666],[129.28186,35.8367],[129.28188,35.83674],[129.28191,35.83678],[129.28193,35.83682],[129.28192,35.83684],[129.28191,35.83684],[129.28191,35.83685],[129.2819,35.83685],[129.28189,35.83685],[129.28187,35.83686],[129.28183,35.83683],[129.28179,35.8368],[129.28175,35.83677],[129.2817,35.83674],[129.28143,35.83659]]}},{"type":"Feature","properties":{"c":"main","n":"태백선","g":"kr","jk":"main","nz":"太白线","ne":"Taebaek Line"},"geometry":{"type":"MultiLineString","coordinates":[[[128.2333211,37.1231218],[128.23454,37.12334],[128.2368,37.12382],[128.24125,37.12499],[128.24974,37.1272],[128.25216,37.12781],[128.25428,37.12839],[128.25584,37.12892],[128.25719,37.12942],[128.25771,37.12959],[128.25818,37.12975],[128.25865,37.12993],[128.25913,37.13017],[128.2596,37.13044],[128.26011,37.13077],[128.26095,37.13142],[128.26186,37.1322],[128.26272,37.13307],[128.26359,37.13416],[128.26438,37.13538],[128.26516,37.1368],[128.26635,37.13954],[128.2676,37.14273],[128.2687,37.14602],[128.26932,37.1498],[128.26973,37.15371],[128.27009,37.15719],[128.27028,37.1592],[128.27044,37.161],[128.27078,37.16278],[128.27147,37.16473],[128.27231,37.16667],[128.27321,37.16839],[128.27391,37.1694],[128.27466,37.17028],[128.27557,37.17124],[128.27834,37.17401],[128.28166,37.17701],[128.28606,37.18054],[128.28986,37.18345],[128.29036,37.18383],[128.29078,37.18413],[128.29113,37.1844],[128.29144,37.18469],[128.2917,37.18505],[128.29191,37.18542],[128.29209,37.18575],[128.29242,37.18627],[128.29253,37.1866],[128.29259,37.18693],[128.29259,37.18725],[128.29257,37.18761],[128.29253,37.18809],[128.29248,37.18867],[128.29245,37.18927],[128.29248,37.18981],[128.29256,37.19016],[128.29266,37.19048],[128.29279,37.19078],[128.29296,37.19107],[128.29315,37.19134],[128.29336,37.19158],[128.29361,37.19184],[128.29391,37.19216],[128.29585,37.19433],[128.29791,37.19674],[128.29893,37.19815],[128.2997,37.19929],[128.29991,37.1996],[128.30007,37.19986],[128.30027,37.2001],[128.30053,37.20033],[128.30081,37.20054],[128.30112,37.20073],[128.30143,37.2009],[128.30176,37.20105],[128.30212,37.20115],[128.30249,37.20121],[128.30288,37.20125],[128.30328,37.20125],[128.30364,37.20123],[128.30421,37.20111],[128.30471,37.20094],[128.30504,37.20076],[128.30533,37.20055],[128.30556,37.20033],[128.30581,37.20006],[128.30621,37.1997],[128.30671,37.19925],[128.30722,37.19874],[128.30763,37.19822],[128.30791,37.1976],[128.30811,37.19692],[128.30826,37.19627],[128.30839,37.19573],[128.30851,37.1953],[128.30864,37.19494],[128.30886,37.19457],[128.30915,37.19423],[128.30949,37.19393],[128.30992,37.19367],[128.31027,37.19351],[128.31066,37.19336],[128.31109,37.19324],[128.31156,37.19315],[128.31233,37.19312],[128.31322,37.19317],[128.31412,37.19323],[128.31492,37.19324],[128.31558,37.19317],[128.31617,37.19307],[128.31676,37.19294],[128.31762,37.19273],[128.31847,37.19249],[128.32033,37.19199],[128.32074,37.19189],[128.32114,37.19181],[128.32152,37.19171],[128.32188,37.19158],[128.32223,37.1914],[128.32256,37.1912],[128.32286,37.19097],[128.32312,37.19073],[128.32331,37.19047],[128.32345,37.19018],[128.32357,37.18989],[128.32367,37.18959],[128.32378,37.18922],[128.32385,37.18884],[128.32394,37.1884],[128.32458,37.18549],[128.32465,37.18513],[128.3247,37.18482],[128.32479,37.18453],[128.32493,37.18422],[128.32511,37.18393],[128.3253,37.18364],[128.32562,37.18324],[128.32598,37.18283],[128.32706,37.18154],[128.32737,37.18119],[128.32767,37.18085],[128.32794,37.18049],[128.32814,37.18018],[128.32834,37.17986],[128.3285,37.17954],[128.32864,37.17921],[128.32872,37.17889],[128.32878,37.17857],[128.32881,37.17825],[128.32883,37.17793],[128.32883,37.17733],[128.32881,37.17664],[128.32877,37.17215],[128.32875,37.17176],[128.32876,37.17145],[128.32883,37.17111],[128.32896,37.17077],[128.32914,37.17047],[128.32937,37.17017],[128.32963,37.1699],[128.33003,37.16959],[128.33048,37.16934],[128.33095,37.16916],[128.33149,37.169],[128.33342,37.16835],[128.33382,37.1682],[128.33418,37.16807],[128.33455,37.16797],[128.33494,37.16793],[128.33534,37.16793],[128.33579,37.16796],[128.33633,37.16806],[128.33694,37.16822],[128.33758,37.16838],[128.33822,37.16847],[128.33894,37.16847],[128.33969,37.16839],[128.34042,37.16831],[128.34108,37.16828],[128.3415,37.1683],[128.34188,37.16832],[128.34225,37.16837],[128.34262,37.16847],[128.34313,37.16869],[128.34363,37.16899],[128.34414,37.16934],[128.34467,37.1697],[128.34615,37.1708],[128.34756,37.1719],[128.34795,37.17221],[128.34829,37.17249],[128.34863,37.17276],[128.349,37.173],[128.34942,37.17323],[128.34986,37.17344],[128.35031,37.17362],[128.35077,37.17376],[128.35121,37.17385],[128.35165,37.1739],[128.35211,37.17392],[128.35258,37.17389],[128.35321,37.17376],[128.35388,37.17355],[128.35454,37.17333],[128.35515,37.17317],[128.35568,37.17309],[128.35616,37.17306],[128.35664,37.17308],[128.3571,37.17319],[128.35755,37.17337],[128.35801,37.17355],[128.35968,37.17411],[128.36019,37.17429],[128.36069,37.17447],[128.36121,37.17463],[128.36176,37.17475],[128.36232,37.17485],[128.36288,37.17493],[128.36363,37.175],[128.36443,37.17506],[128.36513,37.17509],[128.36591,37.17513],[128.36673,37.17518],[128.36753,37.1753],[128.36844,37.17554],[128.36938,37.17587],[128.37027,37.1762],[128.37104,37.17649],[128.37181,37.17673],[128.37249,37.17697],[128.37284,37.17712],[128.37319,37.17728],[128.37352,37.17745],[128.37381,37.17764],[128.3741,37.17791],[128.37435,37.17821],[128.37455,37.17853],[128.37468,37.17883],[128.37475,37.17915],[128.37479,37.17947],[128.37477,37.17978],[128.3747,37.1801],[128.37464,37.18042],[128.37445,37.18157],[128.37436,37.18195],[128.37433,37.18232],[128.37441,37.18269],[128.37459,37.18305],[128.37479,37.18335],[128.37503,37.18364],[128.37531,37.18391],[128.37564,37.18413],[128.37602,37.18431],[128.37644,37.18448],[128.37705,37.18469],[128.37774,37.18487],[128.3785,37.18504],[128.37932,37.18518],[128.38024,37.18529],[128.38113,37.18541],[128.38188,37.1856],[128.38231,37.18579],[128.38269,37.18601],[128.38302,37.18624],[128.38333,37.18644],[128.3837,37.18666],[128.38405,37.18686],[128.38451,37.18705],[128.38499,37.1872],[128.38543,37.18727],[128.38588,37.18729],[128.38627,37.18724],[128.38676,37.18715],[128.38811,37.18697],[128.38992,37.18671],[128.39174,37.18635],[128.39366,37.18573],[128.39558,37.18498],[128.39725,37.18438],[128.3985,37.18404],[128.39953,37.1838],[128.40008,37.18363],[128.4006,37.18353],[128.40116,37.18354],[128.40172,37.18363],[128.40218,37.18379],[128.40267,37.184],[128.40308,37.18418],[128.40352,37.18438],[128.40401,37.18457],[128.40456,37.18474],[128.40548,37.1849],[128.40652,37.185],[128.40761,37.1851],[128.40868,37.18525],[128.41014,37.1856],[128.41159,37.18601],[128.41287,37.1863],[128.41339,37.18637],[128.41387,37.1864],[128.41432,37.18641],[128.41474,37.18637],[128.41515,37.18628],[128.41553,37.18614],[128.41593,37.18595],[128.41646,37.18562],[128.41704,37.18519],[128.41762,37.18474],[128.41816,37.18437],[128.41853,37.18414],[128.41887,37.18394],[128.41922,37.18376],[128.41959,37.18362],[128.41996,37.18351],[128.42034,37.18344],[128.42076,37.18338],[128.42126,37.1833],[128.42729,37.18216],[128.42773,37.1821],[128.42805,37.18202],[128.42835,37.18182],[128.4286,37.18158],[128.42877,37.18132],[128.42892,37.18101],[128.4299,37.17927],[128.43007,37.17894],[128.43022,37.17865],[128.4304,37.17837],[128.43061,37.1781],[128.43085,37.17783],[128.4311,37.17757],[128.43149,37.17723],[128.43195,37.17687],[128.43304,37.17598],[128.43422,37.17498],[128.43483,37.17434],[128.4354,37.17368],[128.43594,37.17314],[128.4363,37.17287],[128.43664,37.17264],[128.43697,37.17246],[128.43732,37.1723],[128.43766,37.17219],[128.43798,37.17213],[128.4384,37.17206],[128.4455,37.17085],[128.4461,37.17074],[128.44657,37.17065],[128.44705,37.17059],[128.44745,37.17055],[128.44785,37.17052],[128.44825,37.17051],[128.44864,37.17054],[128.449,37.17062],[128.44933,37.17073],[128.44968,37.17087],[128.45011,37.17103],[128.45167,37.17159],[128.45362,37.17228],[128.45567,37.17286],[128.45808,37.17322],[128.46061,37.17344],[128.46274,37.17361],[128.46407,37.17374],[128.46523,37.17388],[128.46584,37.17399],[128.46646,37.1741],[128.46706,37.17425],[128.46764,37.17444],[128.46813,37.17467],[128.46856,37.17492],[128.46904,37.17523],[128.46967,37.17561],[128.48352,37.18357],[128.48436,37.18407],[128.48503,37.18444],[128.48542,37.18464],[128.48583,37.18483],[128.48624,37.185],[128.48666,37.18513],[128.48707,37.18521],[128.48748,37.18526],[128.48789,37.18528],[128.4883,37.18527],[128.4887,37.18523],[128.4891,37.18515],[128.48949,37.18505],[128.48987,37.18493],[128.49021,37.18479],[128.49053,37.18462],[128.49086,37.18443],[128.49123,37.18423],[128.49379,37.18291],[128.49441,37.18259],[128.49511,37.1824],[128.49552,37.18231],[128.49594,37.18225],[128.49633,37.18227],[128.49678,37.18231],[128.49738,37.18237],[128.49811,37.18245],[128.49889,37.18251],[128.4996,37.18251],[128.50019,37.18242],[128.50076,37.18227],[128.50131,37.18211],[128.50179,37.18197],[128.50218,37.18187],[128.50252,37.18178],[128.50289,37.1817],[128.50333,37.18164],[128.50379,37.18161],[128.50425,37.18162],[128.50468,37.18168],[128.50511,37.1818],[128.50553,37.18193],[128.5059,37.18208],[128.50626,37.18226],[128.50668,37.18247],[128.50737,37.18275],[128.50819,37.18308],[128.50902,37.18345],[128.50973,37.18389],[128.51026,37.18442],[128.51071,37.18504],[128.5111,37.18566],[128.51147,37.1862],[128.51177,37.18661],[128.51203,37.18699],[128.51233,37.18735],[128.51262,37.18766],[128.51293,37.18797],[128.51327,37.18826],[128.51364,37.18851],[128.51406,37.18871],[128.51452,37.18888],[128.51501,37.18901],[128.51551,37.18912],[128.51606,37.1892],[128.51663,37.18926],[128.51721,37.18929],[128.51776,37.18928],[128.51825,37.18922],[128.51874,37.18914],[128.51921,37.18903],[128.51965,37.18889],[128.52003,37.18872],[128.52038,37.18853],[128.52073,37.18831],[128.52113,37.18808],[128.52177,37.18769],[128.52247,37.18724],[128.52324,37.1868],[128.52409,37.18648],[128.52526,37.18633],[128.52657,37.18635],[128.52793,37.18639],[128.52923,37.18628],[128.53055,37.18594],[128.53189,37.18546],[128.53314,37.18496],[128.5342,37.18456],[128.53469,37.18438],[128.53511,37.18421],[128.53551,37.18407],[128.53593,37.18396],[128.5364,37.18387],[128.53688,37.18379],[128.53736,37.18376],[128.5378,37.18379],[128.5382,37.18389],[128.53859,37.18406],[128.53894,37.18425],[128.53923,37.18446],[128.53956,37.18479],[128.5398,37.18517],[128.53996,37.18553],[128.54009,37.18592],[128.54029,37.18628],[128.54051,37.18655],[128.54077,37.18681],[128.54107,37.18704],[128.54139,37.18723],[128.54173,37.18734],[128.54211,37.1874],[128.54251,37.18744],[128.54297,37.18751],[128.54678,37.18819],[128.55097,37.18865],[128.55152,37.18869],[128.55202,37.18872],[128.55248,37.18876],[128.55293,37.18887],[128.55336,37.18905],[128.55377,37.18928],[128.55415,37.18954],[128.55452,37.1898],[128.55512,37.19027],[128.55574,37.1908],[128.55627,37.19126],[128.55686,37.19179],[128.5575,37.19232],[128.55817,37.19279],[128.55895,37.19321],[128.55981,37.1936],[128.56065,37.19394],[128.5614,37.19418],[128.56183,37.1943],[128.56223,37.19438],[128.5626,37.19443],[128.56296,37.19444],[128.56349,37.19436],[128.56398,37.1942],[128.56437,37.19402],[128.56478,37.1938],[128.56514,37.19361],[128.56554,37.19337],[128.56596,37.19316],[128.56638,37.193],[128.56677,37.19294],[128.56718,37.19291],[128.56757,37.19291],[128.56791,37.19294],[128.5686,37.19315],[128.56894,37.19329],[128.56927,37.19347],[128.56961,37.19376],[128.56992,37.19412],[128.57008,37.1944],[128.57022,37.19472],[128.57035,37.19504],[128.57049,37.19532],[128.57074,37.19564],[128.57101,37.19591],[128.57133,37.19613],[128.57173,37.19636],[128.57226,37.19667],[128.57292,37.19704],[128.5736,37.19745],[128.57421,37.19789],[128.5747,37.1984],[128.57513,37.19896],[128.57557,37.19951],[128.57607,37.19994],[128.5766,37.20021],[128.57719,37.20041],[128.57777,37.20057],[128.57824,37.20071],[128.57863,37.20086],[128.57898,37.20097],[128.57937,37.20105],[128.57979,37.20107],[128.58019,37.20105],[128.58062,37.20099],[128.58103,37.2009],[128.5815,37.20074],[128.58199,37.20054],[128.58295,37.20019],[128.58392,37.19981],[128.58433,37.19962],[128.58469,37.19942],[128.58505,37.19918],[128.58542,37.19881],[128.5858,37.19837],[128.58616,37.19792],[128.58652,37.19754],[128.58684,37.19726],[128.58716,37.19703],[128.5875,37.19684],[128.5879,37.19668],[128.58834,37.19656],[128.58882,37.19648],[128.58933,37.19644],[128.5899,37.19643],[128.59047,37.19643],[128.59096,37.19638],[128.59136,37.19628],[128.59171,37.19616],[128.59203,37.196],[128.59232,37.1958],[128.59258,37.19557],[128.59284,37.19533],[128.5938,37.19454],[128.59407,37.1943],[128.59433,37.19406],[128.59463,37.19387],[128.59496,37.19372],[128.59533,37.19362],[128.59575,37.19355],[128.59625,37.19353],[128.5968,37.19356],[128.5974,37.19362],[128.59801,37.19371],[128.59902,37.19394],[128.60009,37.19425],[128.6012,37.19455],[128.60253,37.19479],[128.60392,37.19502],[128.6053,37.19534],[128.60688,37.1959],[128.60845,37.19657],[128.60961,37.19706],[128.60999,37.19723],[128.6103,37.19734],[128.61067,37.19743],[128.61105,37.19748],[128.61139,37.19746],[128.61181,37.19739],[128.61314,37.1972],[128.61494,37.19695],[128.61678,37.1968],[128.61865,37.19682],[128.62054,37.19694],[128.62217,37.19714],[128.62296,37.19728],[128.62365,37.19745],[128.62436,37.19769],[128.62513,37.19804],[128.62594,37.19849],[128.62677,37.19891],[128.62759,37.19922],[128.62832,37.19933],[128.62908,37.19936],[128.6298,37.19936],[128.63044,37.19937],[128.63095,37.19939],[128.63141,37.1994],[128.63187,37.19945],[128.63226,37.19951],[128.63265,37.1996],[128.63303,37.19971],[128.63339,37.19985],[128.6337,37.20003],[128.63397,37.20024],[128.63425,37.20048],[128.63455,37.20072],[128.63652,37.20221],[128.63683,37.20243],[128.6371,37.20262],[128.63735,37.20282],[128.63757,37.20306],[128.63777,37.20332],[128.63796,37.20358],[128.63817,37.20397],[128.63837,37.2044],[128.63873,37.20515],[128.6392,37.20603],[128.64029,37.20759],[128.6404235,37.207766]],[[128.6601211,37.21346],[128.66026,37.21319],[128.66046,37.21287],[128.6607,37.21257],[128.66094,37.21231],[128.66121,37.21208],[128.6616,37.21185],[128.66206,37.21167],[128.66241,37.21157],[128.66279,37.21149],[128.66319,37.21144],[128.66358,37.21142],[128.66407,37.21146],[128.66455,37.21156],[128.66499,37.21169],[128.66538,37.21185],[128.66575,37.21205],[128.66604,37.21225],[128.66646,37.21274],[128.66673,37.21329],[128.66773,37.21541],[128.66787,37.21574],[128.66799,37.21603],[128.66815,37.2163],[128.6684,37.21655],[128.66869,37.21678],[128.669,37.21697],[128.66944,37.21718],[128.66992,37.2173],[128.67031,37.21734],[128.67072,37.21733],[128.67113,37.2173],[128.67151,37.21725],[128.67187,37.21717],[128.67231,37.21707],[128.67296,37.21692],[128.67371,37.21673],[128.67453,37.21656],[128.67536,37.21648],[128.67642,37.21654],[128.67757,37.21671],[128.67866,37.21692],[128.67953,37.21707],[128.68011,37.21716],[128.6806,37.21722],[128.68112,37.21723],[128.68168,37.21719],[128.68219,37.21714],[128.68275,37.21707],[128.68334,37.21696],[128.68394,37.21682],[128.68468,37.21653],[128.68545,37.21615],[128.68621,37.21578],[128.6869,37.21551],[128.68734,37.21539],[128.68774,37.2153],[128.68815,37.21525],[128.6886,37.21523],[128.68926,37.21525],[128.68999,37.21534],[128.69074,37.21546],[128.69148,37.21558],[128.69301,37.21588],[128.69441,37.21619],[128.69481,37.21627],[128.69518,37.21632],[128.69553,37.21639],[128.69587,37.2165],[128.69626,37.21665],[128.69664,37.21684],[128.69701,37.21706],[128.69735,37.21732],[128.69772,37.21771],[128.69805,37.21817],[128.69836,37.21864],[128.69863,37.21904],[128.69896,37.21944],[128.69921,37.21981],[128.69935,37.22024],[128.69942,37.22069],[128.69944,37.22111],[128.69942,37.22158],[128.69941,37.2239],[128.69943,37.22438],[128.69941,37.2248],[128.69927,37.22523],[128.69906,37.22565],[128.69883,37.22598],[128.69855,37.22633],[128.69835,37.22664],[128.69813,37.22698],[128.69787,37.22734],[128.69754,37.22768],[128.69693,37.22808],[128.69617,37.22845],[128.69541,37.22881],[128.6948,37.22918],[128.6945,37.22943],[128.69424,37.22968],[128.69402,37.22993],[128.69386,37.23017],[128.69371,37.23056],[128.69366,37.23095],[128.69365,37.23133],[128.69373,37.23173],[128.69388,37.23208],[128.69409,37.23244],[128.69433,37.23276],[128.69469,37.23308],[128.69509,37.23335],[128.6955,37.23357],[128.69598,37.23379],[128.69648,37.23408],[128.69705,37.23442],[128.69768,37.23475],[128.69837,37.23499],[128.69939,37.2351],[128.70058,37.23508],[128.70171,37.23501],[128.70258,37.23497],[128.7031,37.23495],[128.70353,37.23497],[128.70396,37.23507],[128.70441,37.23524],[128.70482,37.23546],[128.70528,37.23575],[128.70574,37.23604],[128.70618,37.23626],[128.70657,37.2364],[128.70695,37.23649],[128.70739,37.23654],[128.70804,37.23652],[128.7088,37.23643],[128.7096,37.23631],[128.71038,37.23619],[128.71332,37.23565],[128.72061,37.23433],[128.72282,37.2339],[128.72489,37.23355],[128.72602,37.23342],[128.72718,37.23332],[128.72829,37.23326],[128.72927,37.23328],[128.72987,37.23335],[128.73043,37.23346],[128.73093,37.23359],[128.73136,37.23374],[128.73184,37.23394],[128.73226,37.23419],[128.73261,37.23447],[128.73295,37.23479],[128.73323,37.2351],[128.73345,37.23541],[128.73362,37.23572],[128.73373,37.23602],[128.73384,37.23638],[128.73399,37.23688],[128.73416,37.23749],[128.73438,37.23814],[128.73467,37.23878],[128.73511,37.2395],[128.73566,37.24026],[128.73624,37.24096],[128.73679,37.24153],[128.73713,37.24184],[128.73746,37.24209],[128.7378,37.2423],[128.73817,37.24249],[128.7386,37.24263],[128.73906,37.24273],[128.73952,37.24281],[128.73993,37.24289],[128.74039,37.24299],[128.74081,37.2431],[128.74126,37.24328],[128.74166,37.24353],[128.74192,37.24382],[128.74219,37.24421],[128.74301,37.24517],[128.74406,37.24644],[128.74496,37.2477],[128.74541,37.2485],[128.74582,37.2493],[128.74615,37.25008],[128.74633,37.25081],[128.7463,37.25139],[128.74615,37.25196],[128.74595,37.25248],[128.74574,37.25293],[128.74556,37.25325],[128.74535,37.25351],[128.74517,37.25375],[128.74488,37.25416],[128.74479,37.25471],[128.7448,37.25503],[128.74486,37.25539],[128.74497,37.25574],[128.74515,37.25609],[128.7454,37.25642],[128.74571,37.25673],[128.746,37.25693],[128.74633,37.25711],[128.7467,37.25728],[128.7471,37.25743],[128.74772,37.2576],[128.74843,37.25774],[128.74913,37.25786],[128.74976,37.25797],[128.75023,37.25808],[128.75065,37.25818],[128.75108,37.25825],[128.75161,37.25829],[128.75215,37.25831],[128.75268,37.2583],[128.75316,37.25824],[128.75362,37.25815],[128.75408,37.25806],[128.75548,37.25783],[128.75595,37.25774],[128.75641,37.25764],[128.75689,37.25759],[128.75727,37.2576],[128.75766,37.25764],[128.75807,37.25771],[128.7585,37.2578],[128.75939,37.25803],[128.76034,37.25832],[128.76117,37.25858],[128.76157,37.25872],[128.76192,37.25884],[128.76228,37.25891],[128.76267,37.25892],[128.76306,37.25888],[128.76345,37.25881],[128.76379,37.25871],[128.76412,37.25859],[128.76453,37.25843],[128.76664,37.25767],[128.76912,37.25684],[128.77021,37.25655],[128.77132,37.25631],[128.77236,37.25606],[128.77322,37.25578],[128.77366,37.25559],[128.77404,37.25538],[128.77436,37.25517],[128.77461,37.25494],[128.77483,37.2546],[128.77494,37.2542],[128.77502,37.25383],[128.77506,37.2534],[128.77505,37.25294],[128.77495,37.25247],[128.77457,37.25179],[128.77398,37.25106],[128.77337,37.25033],[128.77293,37.24966],[128.77275,37.24923],[128.77264,37.24882],[128.77257,37.24844],[128.77252,37.24806],[128.7725,37.24766],[128.77253,37.24727],[128.77257,37.24689],[128.77268,37.24632],[128.77282,37.24573],[128.77321,37.2439],[128.7733,37.24344],[128.7734,37.24302],[128.77359,37.2426],[128.77383,37.24219],[128.77414,37.24185],[128.77451,37.24148],[128.77609,37.23982],[128.77764,37.23793],[128.77787,37.23764],[128.77806,37.23739],[128.77828,37.23715],[128.77853,37.2369],[128.77879,37.23667],[128.77911,37.23648],[128.77943,37.23635],[128.7798,37.23625],[128.78018,37.23617],[128.78055,37.23614],[128.78103,37.23616],[128.78151,37.23624],[128.78195,37.23638],[128.78235,37.23656],[128.78271,37.23679],[128.78304,37.23708],[128.7833,37.23746],[128.78351,37.23792],[128.7837,37.2384],[128.78388,37.23881],[128.78402,37.23912],[128.78415,37.23939],[128.7843,37.23967],[128.78452,37.23998],[128.78477,37.24028],[128.78503,37.24054],[128.78535,37.24078],[128.78571,37.24096],[128.78617,37.24114],[128.78671,37.24126],[128.78711,37.24129],[128.78755,37.24129],[128.788,37.24125],[128.78841,37.24119],[128.78882,37.24106],[128.7892,37.24089],[128.78954,37.24069],[128.78984,37.24047],[128.7901,37.24023],[128.79033,37.23996],[128.79049,37.23968],[128.79061,37.23938],[128.79074,37.23906],[128.79137,37.23771],[128.79153,37.2374],[128.79169,37.2371],[128.79179,37.2368],[128.79182,37.23647],[128.7918,37.23614],[128.79174,37.23582],[128.79165,37.23553],[128.79152,37.23524],[128.79139,37.23496],[128.79104,37.23409],[128.7909,37.2338],[128.79076,37.23352],[128.79068,37.23322],[128.79067,37.23292],[128.79072,37.23261],[128.79084,37.23228],[128.79106,37.23192],[128.79138,37.23155],[128.79176,37.23117],[128.79217,37.23079],[128.793,37.23016],[128.79395,37.22953],[128.79474,37.22901],[128.79518,37.22868],[128.79559,37.22842],[128.7961,37.22824],[128.79666,37.22813],[128.79718,37.22812],[128.79779,37.22814],[128.79849,37.22818],[128.79932,37.22822],[128.80021,37.22824],[128.80106,37.22819],[128.8019,37.22798],[128.80275,37.22767],[128.80356,37.22739],[128.80431,37.22724],[128.80483,37.22726],[128.80533,37.22735],[128.80579,37.22746],[128.8062,37.22755],[128.80666,37.22764],[128.80709,37.2277],[128.80754,37.22772],[128.808,37.22768],[128.80848,37.22755],[128.80899,37.22734],[128.80942,37.22709],[128.8099,37.22676],[128.81038,37.22644],[128.81085,37.22619],[128.81128,37.22603],[128.81169,37.22592],[128.81212,37.22585],[128.81252,37.22583],[128.81293,37.22585],[128.81346,37.22588],[128.82076,37.22601],[128.8214,37.22604],[128.82194,37.22607],[128.82244,37.22609],[128.82295,37.22606],[128.8235,37.22598],[128.82406,37.22588],[128.82458,37.22573],[128.82504,37.22554],[128.82539,37.22532],[128.82569,37.22506],[128.82595,37.22477],[128.82616,37.22446],[128.82633,37.22406],[128.82643,37.22361],[128.8265,37.22317],[128.82657,37.22278],[128.82666,37.22236],[128.82677,37.22198],[128.82695,37.22158],[128.82719,37.22122],[128.82752,37.22095],[128.82795,37.22066],[128.83088,37.21849],[128.83129,37.21822],[128.83164,37.21799],[128.83193,37.21772],[128.83217,37.2174],[128.83236,37.21706],[128.83249,37.21668],[128.83254,37.2163],[128.83253,37.21588],[128.8325,37.21547],[128.83252,37.2151],[128.83258,37.21476],[128.83266,37.21445],[128.83277,37.21416],[128.83298,37.2138],[128.83322,37.21343],[128.83342,37.21309],[128.83363,37.2127],[128.83386,37.21231],[128.83412,37.21196],[128.83441,37.21166],[128.83472,37.21138],[128.83505,37.21111],[128.83541,37.21086],[128.83596,37.21053],[128.83656,37.21024],[128.83724,37.20994],[128.83814,37.20964],[128.83917,37.20936],[128.84022,37.20905],[128.84118,37.20866],[128.84197,37.20814],[128.84268,37.20754],[128.84337,37.20692],[128.84412,37.20637],[128.84521,37.20581],[128.84634,37.20532],[128.84742,37.20476],[128.84833,37.20411],[128.84919,37.2034],[128.85016,37.2026],[128.85643,37.19766],[128.85694,37.19725],[128.85736,37.19693],[128.85769,37.1967],[128.85803,37.19648],[128.8584,37.19629],[128.85877,37.19618],[128.85917,37.1961],[128.85965,37.196],[128.86103,37.1957],[128.86274,37.19532],[128.86436,37.19488],[128.86531,37.19451],[128.86622,37.19409],[128.86709,37.19369],[128.86794,37.19341],[128.86863,37.1933],[128.86931,37.19327],[128.86995,37.19325],[128.87052,37.1932],[128.87095,37.19311],[128.87133,37.19301],[128.87173,37.19285],[128.8722,37.19258],[128.87269,37.19223],[128.87321,37.19185],[128.87375,37.1915],[128.87464,37.1911],[128.87559,37.19073],[128.87654,37.19029],[128.87775,37.18953],[128.87897,37.18867],[128.87996,37.18796],[128.88048,37.18758],[128.88095,37.18728],[128.88131,37.18708],[128.88168,37.1869],[128.88208,37.18674],[128.88243,37.18663],[128.8828,37.18654],[128.88318,37.18647],[128.88357,37.18643],[128.88396,37.18641],[128.88435,37.18642],[128.88475,37.18644],[128.88515,37.18648],[128.88559,37.18655],[128.88603,37.18664],[128.88669,37.18678],[128.92141,37.19346],[128.9295,37.19495],[128.93667,37.19639],[128.94418,37.19834],[128.94995,37.19995],[128.95046,37.2001],[128.95084,37.20022],[128.95118,37.20032],[128.95155,37.20038],[128.95197,37.20041],[128.9524,37.20041],[128.95283,37.20039],[128.95324,37.20032],[128.95361,37.20021],[128.95397,37.20006],[128.95432,37.19989],[128.95469,37.19973],[128.95644,37.19901],[128.95684,37.19885],[128.95723,37.19871],[128.95759,37.19854],[128.95795,37.19834],[128.95829,37.19811],[128.95858,37.19787],[128.9589,37.19753],[128.95912,37.19713],[128.95922,37.19674],[128.95927,37.1963],[128.95926,37.19583],[128.95919,37.19539],[128.95905,37.195],[128.95884,37.19465],[128.95858,37.19427],[128.95829,37.1938],[128.95434,37.1869],[128.95406,37.18643],[128.95382,37.18606],[128.95362,37.18572],[128.95346,37.18535],[128.95332,37.18492],[128.95322,37.18447],[128.95317,37.18404],[128.95317,37.18366],[128.95328,37.18323],[128.9535,37.18286],[128.9537,37.18262],[128.95396,37.18238],[128.95425,37.18216],[128.95458,37.18198],[128.95499,37.18183],[128.95546,37.18173],[128.95595,37.18166],[128.95643,37.18163],[128.95693,37.18164],[128.95742,37.18169],[128.95793,37.18179],[128.95847,37.1819],[128.95928,37.18215],[128.96016,37.18249],[128.96103,37.18281],[128.96181,37.18302],[128.96226,37.18308],[128.96268,37.1831],[128.96308,37.18309],[128.96347,37.18303],[128.96383,37.18295],[128.96418,37.18284],[128.96452,37.18269],[128.96485,37.18249],[128.96531,37.18204],[128.96576,37.18145],[128.96619,37.18084],[128.96664,37.18034],[128.96695,37.18007],[128.96725,37.17985],[128.96758,37.17965],[128.96797,37.17945],[128.96862,37.17919],[128.96937,37.17896],[128.97018,37.17876],[128.971,37.17861],[128.97195,37.17852],[128.97296,37.17849],[128.97394,37.1785],[128.97482,37.17849],[128.97581,37.17847],[128.97672,37.17843],[128.97724,37.17839],[128.97777,37.17833],[128.97829,37.17825],[128.97879,37.17813],[128.97926,37.17798],[128.9797,37.17778],[128.98015,37.17757],[128.98064,37.17734],[128.98396,37.17592],[128.98481,37.17558],[128.98562,37.17526],[128.98639,37.17489],[128.98693,37.17457],[128.98744,37.17423],[128.98793,37.17384],[128.9884,37.1734],[128.98903,37.17269],[128.98967,37.17187],[128.99024,37.17101],[128.99067,37.17021],[128.99085,37.1696],[128.99093,37.169],[128.99096,37.16842],[128.99101,37.1679],[128.99108,37.16749],[128.99115,37.16712],[128.99118,37.16675],[128.99118,37.16645],[128.99116,37.16615],[128.9911,37.16585],[128.99098,37.16553],[128.99058,37.16502],[128.98999,37.16447],[128.98939,37.16392],[128.98893,37.16339],[128.98871,37.16301],[128.98855,37.16264],[128.98843,37.16227],[128.98834,37.16192],[128.9883,37.16154],[128.98831,37.16118],[128.98833,37.16081],[128.9884,37.16032],[128.98851,37.15972],[128.9894,37.15419],[128.98982,37.15038],[128.98985,37.15002],[128.98988,37.14972],[128.98993,37.14943],[128.99002,37.14911],[128.99013,37.1488],[128.99028,37.14852],[128.99054,37.14818],[128.99086,37.14791],[128.99126,37.14771],[128.99171,37.14754],[128.99268,37.14713],[128.99312,37.14696],[128.99354,37.14677],[128.99392,37.14653],[128.99426,37.14624],[128.99447,37.14596],[128.99465,37.14564],[128.99479,37.14529],[128.99487,37.14488],[128.9949,37.14443],[128.99494,37.14398],[128.99503,37.14355],[128.99518,37.1432],[128.99536,37.14286],[128.99558,37.14256],[128.99584,37.14229],[128.99619,37.14204],[128.9966,37.14184],[128.99707,37.14169],[128.99759,37.14162],[128.99817,37.14161],[128.99879,37.1416],[128.99944,37.14154],[129.00042,37.14129],[129.0015,37.14094],[129.00259,37.14063],[129.00362,37.14049],[129.0045,37.14067],[129.00535,37.14102],[129.00618,37.14141],[129.00703,37.14167],[129.00783,37.14175],[129.00863,37.14177],[129.00943,37.14175],[129.01023,37.14174],[129.01343,37.14182],[129.01502,37.14188],[129.01663,37.1419],[129.01746,37.14182],[129.01828,37.14169],[129.01914,37.14158],[129.02006,37.14158],[129.0215,37.14185],[129.02312,37.14226],[129.02471,37.14272],[129.02607,37.14316],[129.027,37.14356],[129.02779,37.14398],[129.02855,37.14436],[129.02905,37.14457],[129.02953,37.14476],[129.03,37.14493],[129.0303699,37.1450302]]]}},{"type":"Feature","properties":{"c":"main","n":"태백선","g":"kr","jk":"main","nz":"太白线","ne":"Taebaek Line","off":-0.5},"geometry":{"type":"LineString","coordinates":[[128.6428896,37.210883],[128.643,37.21096],[128.64349,37.21123],[128.64402,37.21147],[128.64455,37.21168],[128.64522,37.2119],[128.64592,37.21207],[128.64678,37.21229],[128.65546,37.21465],[128.65594,37.21479],[128.65629,37.21489],[128.65665,37.21497],[128.6567623,37.214986]]}},{"type":"Feature","properties":{"c":"main","n":"태백선","g":"kr","jk":"main","nz":"太白线","ne":"Taebaek Line","off":-0.375},"geometry":{"type":"MultiLineString","coordinates":[[[128.641971,37.2099349],[128.64198,37.20995],[128.64224,37.21032],[128.64257,37.21066],[128.6428896,37.210883]],[[128.6567623,37.214986],[128.65707,37.21503],[128.65749,37.21506],[128.6579,37.21504],[128.6580864,37.2149986]]]}},{"type":"Feature","properties":{"c":"main","n":"태백선","g":"kr","jk":"main","nz":"太白线","ne":"Taebaek Line","off":-0.25},"geometry":{"type":"MultiLineString","coordinates":[[[128.641229,37.2088285],[128.64145,37.20912],[128.64174,37.20955],[128.641971,37.2099349]],[[128.6580864,37.2149986],[128.65844,37.21492],[128.65893,37.21472],[128.659313,37.2144998]]]}},{"type":"Feature","properties":{"c":"main","n":"태백선","g":"kr","jk":"main","nz":"太白线","ne":"Taebaek Line","off":-0.125},"geometry":{"type":"MultiLineString","coordinates":[[[128.6404235,37.207766],[128.641229,37.2088285]],[[128.659313,37.2144998],[128.65933,37.21449],[128.65968,37.21418],[128.65989,37.21389],[128.66008,37.21354],[128.6601211,37.21346]]]}},{"type":"Feature","properties":{"c":"main","n":"태백선","g":"kr","jk":"main","nz":"太白线","ne":"Taebaek Line","off":0.125},"geometry":{"type":"MultiLineString","coordinates":[[[128.2320066,37.1229003],[128.23225,37.12293],[128.2333211,37.1231218]],[[129.0303699,37.1450302],[129.03048,37.14506],[129.03094,37.14515],[129.03141,37.14522],[129.0316843,37.1452439]]]}},{"type":"Feature","properties":{"c":"main","n":"태백선","g":"kr","jk":"main","nz":"太白线","ne":"Taebaek Line","off":0.25},"geometry":{"type":"MultiLineString","coordinates":[[[128.2306831,37.1227389],[128.2320066,37.1229003]],[[129.0316843,37.1452439],[129.03187,37.14526],[129.03229,37.14525],[129.03269,37.14519],[129.032999,37.1450981]]]}},{"type":"Feature","properties":{"c":"main","n":"태백선","g":"kr","jk":"main","nz":"太白线","ne":"Taebaek Line","off":0.375},"geometry":{"type":"MultiLineString","coordinates":[[[128.2293576,37.1225975],[128.22979,37.12263],[128.2306831,37.1227389]],[[129.032999,37.1450981],[129.03306,37.14508],[129.03341,37.14493],[129.03373,37.14475],[129.03402,37.14454],[129.0341358,37.1444242]]]}},{"type":"Feature","properties":{"c":"main","n":"태백선","g":"kr","jk":"main","nz":"太白线","ne":"Taebaek Line","off":0.5},"geometry":{"type":"MultiLineString","coordinates":[[[128.20352,37.12791],[128.21375,37.1243],[128.21511,37.1238],[128.21627,37.12336],[128.21746,37.12299],[128.21874,37.1227],[128.22004,37.12248],[128.22144,37.12233],[128.22331,37.12228],[128.22531,37.12233],[128.22726,37.12244],[128.2293576,37.1225975]],[[129.0341358,37.1444242],[129.03426,37.1443],[129.03441,37.14403],[129.03451,37.14373],[129.03462,37.14342],[129.03501,37.14246],[129.03516,37.14216],[129.0353,37.14185],[129.03539,37.14155],[129.0354,37.14122],[129.03536,37.14089],[129.03526,37.14058],[129.03505,37.14023],[129.03476,37.13987],[129.03376,37.13845]]]}},{"type":"Feature","properties":{"c":"branch","n":"평택삼각선","g":"kr","jk":"branch","nz":"平泽三角线"},"geometry":{"type":"LineString","coordinates":[[127.06163,36.99955],[127.06255,36.99976],[127.06348,36.99998],[127.0644,37.00025],[127.06515,37.00055],[127.06591,37.00089],[127.06664,37.00126],[127.06731,37.00167],[127.06791,37.00211],[127.06847,37.00259],[127.06898,37.00309],[127.06943,37.00358],[127.06988,37.00417],[127.07025,37.00477],[127.07055,37.00533],[127.07072,37.00569],[127.07085,37.00603],[127.0709437,37.0063538]]}},{"type":"Feature","properties":{"c":"branch","n":"평택삼각선","g":"kr","jk":"branch","nz":"平泽三角线","off":-0.5},"geometry":{"type":"LineString","coordinates":[[127.0711016,37.0103196],[127.07109,37.01043],[127.07053,37.0175]]}},{"type":"Feature","properties":{"c":"branch","n":"평택삼각선","g":"kr","jk":"branch","nz":"平泽三角线","off":-0.375},"geometry":{"type":"LineString","coordinates":[[127.0712407,37.0089937],[127.07124,37.00904],[127.07117,37.00967],[127.0711016,37.0103196]]}},{"type":"Feature","properties":{"c":"branch","n":"평택삼각선","g":"kr","jk":"branch","nz":"平泽三角线","off":-0.25},"geometry":{"type":"LineString","coordinates":[[127.0711903,37.007663],[127.0712,37.00773],[127.07125,37.00842],[127.0712407,37.0089937]]}},{"type":"Feature","properties":{"c":"branch","n":"평택삼각선","g":"kr","jk":"branch","nz":"平泽三角线","off":-0.125},"geometry":{"type":"LineString","coordinates":[[127.0709437,37.0063538],[127.07096,37.00641],[127.0711,37.00704],[127.0711903,37.007663]]}},{"type":"Feature","properties":{"c":"branch","n":"평택선","g":"kr","jk":"branch","lc":"#f24565","nz":"平泽线","ne":"Pyeongtaek Line"},"geometry":{"type":"LineString","coordinates":[[126.9537623,37.0042741],[126.95409,37.00441],[126.95449,37.00454],[126.95492,37.00465],[126.95532,37.00474],[126.95574,37.00482],[126.95616,37.00488],[126.95658,37.00492],[126.95698,37.00493],[126.95737,37.00492],[126.95775,37.00488],[126.95813,37.00483],[126.95858,37.00474],[126.95901,37.00461],[126.95961,37.00444],[126.97453,37.00049],[127.00636,36.99322],[127.01265,36.99186],[127.0142,36.9916],[127.01563,36.99144],[127.01731,36.99138],[127.01901,36.99142],[127.02075,36.99155],[127.02248,36.99177],[127.02403,36.99211],[127.02583,36.99258],[127.03795,36.99548],[127.06966,37.00088],[127.07052,37.00105],[127.07115,37.00118],[127.07169,37.00128],[127.07228,37.00133],[127.07297,37.00133],[127.07366,37.00128],[127.07434,37.00119],[127.07495,37.00107],[127.07539,37.00095],[127.0758,37.00081],[127.07617,37.00065],[127.07651,37.00048],[127.07683,37.00031],[127.07711,37.00013],[127.07739,36.99992],[127.07778,36.9996],[127.07817,36.99924],[127.07854,36.99887],[127.07884,36.99849],[127.07912,36.99811],[127.07943,36.99767],[127.08028,36.9965],[127.08121,36.99529],[127.08196,36.99445],[127.08271,36.99365]]}},{"type":"Feature","properties":{"c":"branch","n":"평택선","g":"kr","jk":"branch","lc":"#f24565","nz":"平泽线","ne":"Pyeongtaek Line","off":0.125},"geometry":{"type":"LineString","coordinates":[[126.9526041,37.0036173],[126.95286,37.00379],[126.95328,37.00403],[126.95368,37.00424],[126.9537623,37.0042741]]}},{"type":"Feature","properties":{"c":"branch","n":"평택선","g":"kr","jk":"branch","lc":"#f24565","nz":"平泽线","ne":"Pyeongtaek Line","off":0.25},"geometry":{"type":"LineString","coordinates":[[126.951581,37.0027669],[126.95172,37.00291],[126.9521,37.00325],[126.95246,37.00352],[126.9526041,37.0036173]]}},{"type":"Feature","properties":{"c":"branch","n":"평택선","g":"kr","jk":"branch","lc":"#f24565","nz":"平泽线","ne":"Pyeongtaek Line","off":0.375},"geometry":{"type":"LineString","coordinates":[[126.9507833,37.0017052],[126.95086,37.00185],[126.95109,37.0022],[126.95138,37.00256],[126.951581,37.0027669]]}},{"type":"Feature","properties":{"c":"branch","n":"평택선","g":"kr","jk":"branch","lc":"#f24565","nz":"平泽线","ne":"Pyeongtaek Line","off":0.5},"geometry":{"type":"LineString","coordinates":[[126.93332,36.95887],[126.95006,37.00006],[126.95031,37.00071],[126.9505,37.00115],[126.95068,37.00151],[126.9507833,37.0017052]]}},{"type":"Feature","properties":{"c":"branch","n":"피난선","g":"kr","jk":"branch","nz":"避难线","off":0.5},"geometry":{"type":"LineString","coordinates":[[128.77454,37.25211],[128.77293,37.24966]]}},{"type":"Feature","properties":{"c":"branch","n":"피난선","g":"kr","jk":"branch","nz":"避难线","off":-0.5},"geometry":{"type":"LineString","coordinates":[[128.8142,37.22586],[128.81358,37.2258],[128.81297,37.22572],[128.81235,37.22568],[128.81175,37.22572],[128.8111,37.2259],[128.81046,37.22618],[128.80982,37.22651],[128.80918,37.22681]]}},{"type":"Feature","properties":{"c":"branch","n":"하이원추추파크 강삭철도","g":"kr","jk":"branch","ne":"High1 ChoochooPark Incline Train"},"geometry":{"type":"LineString","coordinates":[[129.03927,37.18172],[129.04,37.17332]]}},{"type":"Feature","properties":{"c":"branch","n":"함백선","g":"kr","jk":"branch","nz":"咸白线","ne":"Hambaek Line"},"geometry":{"type":"LineString","coordinates":[[128.6594492,37.2120332],[128.65974,37.2115],[128.66004,37.21117],[128.66036,37.21087],[128.6607,37.21062],[128.66106,37.2104],[128.66149,37.21019],[128.66193,37.21004],[128.66242,37.20992],[128.66291,37.20984],[128.66346,37.20978],[128.664,37.20975],[128.66448,37.20974],[128.66489,37.20977],[128.66526,37.20983],[128.66561,37.20992],[128.66608,37.21012],[128.66649,37.21039],[128.66677,37.21071],[128.66705,37.21111],[128.66877,37.21327],[128.66904,37.21364],[128.66927,37.21397],[128.66956,37.21426],[128.66995,37.21452],[128.67038,37.21473],[128.67083,37.21488],[128.67123,37.21493],[128.67164,37.21493],[128.67205,37.2149],[128.67241,37.21486],[128.67276,37.21478],[128.67316,37.2147],[128.67365,37.21459],[128.6742,37.21445],[128.67478,37.21434],[128.67539,37.2143],[128.67624,37.21442],[128.67717,37.21466],[128.67809,37.21492],[128.67893,37.21509],[128.67948,37.21512],[128.68,37.21512],[128.68049,37.21509],[128.68099,37.21504],[128.68163,37.21493],[128.68226,37.21477],[128.68297,37.2146],[128.68396,37.21434],[128.68509,37.21404],[128.68628,37.21376],[128.68746,37.21359],[128.68863,37.21356],[128.68983,37.21361],[128.691,37.21372],[128.69206,37.21383],[128.69278,37.21391],[128.69345,37.214],[128.69407,37.2141],[128.69465,37.21425],[128.69511,37.21441],[128.69554,37.2146],[128.69594,37.2148],[128.69633,37.215],[128.69697,37.21539],[128.6976,37.2158],[128.69912,37.21675],[128.69948,37.21697],[128.69982,37.21717],[128.70013,37.21738],[128.70044,37.21763],[128.70072,37.21788],[128.70097,37.21816],[128.70118,37.21847],[128.70136,37.2188],[128.70149,37.21914],[128.70156,37.21946],[128.70159,37.2198],[128.70163,37.22019],[128.70179,37.22144],[128.702,37.22279],[128.7021,37.22331],[128.7022,37.22381],[128.70232,37.22428],[128.7025,37.22469],[128.70274,37.22506],[128.70302,37.22539],[128.70336,37.22566],[128.70366,37.22584],[128.70398,37.22599],[128.70434,37.22612],[128.70474,37.22622],[128.70537,37.2263],[128.70611,37.22633],[128.70684,37.22632],[128.70747,37.22627],[128.70795,37.2262],[128.70838,37.22609],[128.70877,37.22594],[128.70911,37.22579],[128.70942,37.2256],[128.70971,37.22536],[128.70998,37.22504],[128.71024,37.22465],[128.71044,37.22422],[128.71058,37.22379],[128.71063,37.22329],[128.71059,37.22275],[128.71049,37.22223],[128.71032,37.22177],[128.71016,37.22148],[128.70995,37.22122],[128.70971,37.22099],[128.70942,37.22078],[128.70903,37.22056],[128.70858,37.22037],[128.7081,37.22022],[128.70763,37.22011],[128.70717,37.22004],[128.7067,37.22001],[128.70623,37.22002],[128.70577,37.22004],[128.70519,37.22009],[128.70461,37.22018],[128.70409,37.2203],[128.70358,37.22045],[128.70313,37.22065],[128.7028,37.22085],[128.70248,37.2211],[128.70221,37.22135],[128.70192,37.22169],[128.70172,37.22205],[128.70164,37.22244],[128.70161,37.22285],[128.7015,37.22372],[128.70146,37.22414],[128.70139,37.22455],[128.70129,37.22486],[128.70117,37.22516],[128.70102,37.22547],[128.7008,37.22579],[128.70055,37.22612],[128.70025,37.22643],[128.69997,37.22669],[128.69966,37.22695],[128.6993,37.2272],[128.69889,37.22745],[128.69812,37.22782],[128.69721,37.22818],[128.69624,37.22854],[128.69529,37.2289]]}},{"type":"Feature","properties":{"c":"branch","n":"함백선","g":"kr","jk":"branch","nz":"咸白线","ne":"Hambaek Line","off":0.125},"geometry":{"type":"LineString","coordinates":[[128.6589708,37.2132775],[128.6592,37.2127],[128.65944,37.21205],[128.6594492,37.2120332]]}},{"type":"Feature","properties":{"c":"branch","n":"함백선","g":"kr","jk":"branch","nz":"咸白线","ne":"Hambaek Line","off":0.25},"geometry":{"type":"LineString","coordinates":[[128.658071,37.2142209],[128.65832,37.21407],[128.65863,37.21383],[128.65895,37.21333],[128.6589708,37.2132775]]}},{"type":"Feature","properties":{"c":"branch","n":"함백선","g":"kr","jk":"branch","nz":"咸白线","ne":"Hambaek Line","off":0.375},"geometry":{"type":"LineString","coordinates":[[128.6568108,37.214629],[128.6573,37.21454],[128.65764,37.21442],[128.65799,37.21427],[128.658071,37.2142209]]}},{"type":"Feature","properties":{"c":"branch","n":"함백선","g":"kr","jk":"branch","nz":"咸白线","ne":"Hambaek Line","off":0.5},"geometry":{"type":"LineString","coordinates":[[128.64306,37.21097],[128.64354,37.2112],[128.64402,37.21142],[128.64452,37.21162],[128.64499,37.21176],[128.64547,37.21188],[128.6461,37.21203],[128.65519,37.21438],[128.65577,37.21456],[128.65622,37.21465],[128.65675,37.21464],[128.6568108,37.214629]]}},{"type":"Feature","properties":{"c":"branch","n":"행암선","g":"kr","jk":"branch","ne":"Haengam Line"},"geometry":{"type":"LineString","coordinates":[[128.70189,35.12846],[128.70157,35.12875],[128.70122,35.12905],[128.70091,35.12934],[128.70068,35.12961],[128.70052,35.12991],[128.70043,35.13021],[128.70038,35.13058],[128.70036,35.13099],[128.70033,35.1314]]}},{"type":"Feature","properties":{"c":"branch","n":"행암선","g":"kr","jk":"branch","ne":"Haengam Line"},"geometry":{"type":"LineString","coordinates":[[128.68596,35.10697],[128.68764,35.10831],[128.688,35.10865],[128.68836,35.10888],[128.68884,35.10895],[128.68936,35.10889],[128.6898,35.10877],[128.69025,35.10859],[128.69063,35.10843],[128.69117,35.10824],[128.69175,35.10821],[128.69214,35.10828],[128.69253,35.1084],[128.69286,35.10853],[128.69324,35.10872],[128.69378,35.10894],[128.69445,35.1092],[128.69514,35.10951],[128.69574,35.10984],[128.6962,35.11017],[128.69662,35.11053],[128.69699,35.11091],[128.69731,35.11134],[128.69757,35.11194],[128.69774,35.11262],[128.6979,35.11327],[128.69812,35.1138],[128.69836,35.11412],[128.69862,35.11437],[128.69893,35.1146],[128.69928,35.11482],[128.69969,35.11502],[128.70008,35.11523],[128.70039,35.11543],[128.70066,35.11574],[128.70084,35.11606],[128.70093,35.11636],[128.70096,35.11669],[128.7009,35.11701],[128.70078,35.11738],[128.70066,35.11776],[128.70057,35.11814],[128.70053,35.1186],[128.70052,35.11906],[128.70051,35.11963],[128.70032,35.12487],[128.70026,35.1316],[128.70024,35.13206],[128.70023,35.13241],[128.70025,35.13277],[128.70032,35.13314],[128.70043,35.13352],[128.70061,35.1339],[128.70092,35.13427],[128.70133,35.13465],[128.70174,35.13503],[128.70204,35.1354],[128.70223,35.13575],[128.70233,35.1361],[128.70238,35.13645],[128.70235,35.13679],[128.70225,35.13713],[128.70214,35.13751],[128.70197,35.13815],[128.70177,35.13888],[128.70166,35.13961],[128.70169,35.14031],[128.70179,35.14101],[128.70185,35.1417],[128.70179,35.14268],[128.70168,35.14379],[128.70123,35.14949],[128.70119,35.15007],[128.70114,35.15053],[128.70108,35.15087],[128.70099,35.15121],[128.70086,35.15154],[128.70068,35.15187],[128.70045,35.1522],[128.70019,35.15249],[128.69993,35.15273],[128.69965,35.15295],[128.69932,35.15317],[128.69888,35.15344],[128.69838,35.15372],[128.69785,35.15398],[128.69737,35.15418],[128.69693,35.15431],[128.69652,35.1544],[128.6961,35.15445],[128.69571,35.15446],[128.69533,35.15443],[128.69478,35.1544],[128.68031,35.15381],[128.67913,35.15379],[128.67821,35.15377],[128.6773,35.15369],[128.67656,35.15354],[128.67583,35.15334],[128.67511,35.15315],[128.6748868,35.1531128]]}},{"type":"Feature","properties":{"c":"branch","n":"행암선","g":"kr","jk":"branch","ne":"Haengam Line","off":-0.5},"geometry":{"type":"LineString","coordinates":[[128.6709103,35.1530983],[128.67028,35.15295],[128.66959,35.1528],[128.66892,35.15272],[128.6683,35.15273],[128.66769,35.15281],[128.66706,35.1529],[128.66636,35.153],[128.66124,35.15355]]}},{"type":"Feature","properties":{"c":"branch","n":"행암선","g":"kr","jk":"branch","ne":"Haengam Line","off":-0.375},"geometry":{"type":"LineString","coordinates":[[128.6722363,35.1531914],[128.67164,35.1532],[128.67096,35.15311],[128.6709103,35.1530983]]}},{"type":"Feature","properties":{"c":"branch","n":"행암선","g":"kr","jk":"branch","ne":"Haengam Line","off":-0.25},"geometry":{"type":"LineString","coordinates":[[128.6735613,35.1530461],[128.67301,35.15311],[128.67233,35.15319],[128.6722363,35.1531914]]}},{"type":"Feature","properties":{"c":"branch","n":"행암선","g":"kr","jk":"branch","ne":"Haengam Line","off":-0.125},"geometry":{"type":"LineString","coordinates":[[128.6748868,35.1531128],[128.67439,35.15303],[128.6737,35.15303],[128.6735613,35.1530461]]}},{"type":"Feature","properties":{"c":"hsr300","n":"호남고속선","g":"kr","jk":"hs","d":305,"ref":"https://en.wikipedia.org/wiki/Honam_high-speed_railway","e":1,"nz":"湖南高速线","ne":"Honam HSL"},"geometry":{"type":"MultiLineString","coordinates":[[[126.78808,35.13469],[126.78839,35.13533],[126.78871,35.13597],[126.78905,35.13655],[126.78943,35.13718],[126.7901,35.13834],[126.7902905,35.1386493]],[[126.7966825,35.1716276],[126.79234,35.17858],[126.78887,35.18414],[126.78551,35.19054],[126.78262,35.19708],[126.77257,35.21984],[126.77013,35.22518],[126.76931,35.22698],[126.76895,35.22789],[126.76863,35.22881],[126.76838,35.22968],[126.76812,35.23067],[126.76737,35.23328],[126.76664,35.23606],[126.76634,35.23765],[126.76612,35.23919],[126.76569,35.24312],[126.76547,35.24707],[126.76446,35.2658],[126.76432,35.26841],[126.764,35.271],[126.76385,35.27361],[126.76223,35.30152],[126.76195,35.30645],[126.76192,35.30894],[126.76198,35.31139],[126.76216,35.31366],[126.76241,35.3159],[126.76307,35.32039],[126.77503,35.40209],[126.77601,35.40937],[126.77695,35.41522],[126.77846,35.42163],[126.7802,35.42817],[126.78468,35.44375],[126.79075,35.4738],[126.79121,35.47622],[126.79163,35.47813],[126.7922,35.48027],[126.79289,35.4824],[126.79373,35.4846],[126.79467,35.48679],[126.79674,35.4911],[126.81077,35.52035],[126.81339,35.52556],[126.82283,35.5454],[126.82652,35.55278],[126.82836,35.55647],[126.83053,35.56012],[126.83292,35.56359],[126.84074,35.57408],[126.8494,35.58501],[126.85197,35.58826],[126.8543,35.59162],[126.85711,35.59618],[126.86492,35.61007],[126.87589,35.63008],[126.8919,35.65885],[126.89414,35.66288],[126.89608,35.66702],[126.89792,35.67183],[126.89907,35.67529],[126.90018,35.67921],[126.90105,35.68317],[126.91235,35.7344],[126.91381,35.74103],[126.91567,35.7476],[126.91779,35.75396],[126.92136,35.76469],[126.92202,35.76667],[126.92256,35.76868],[126.92321,35.77066],[126.92496,35.77607],[126.92611,35.78046],[126.92712,35.78521],[126.92747,35.78743],[126.93109,35.8128],[126.93749,35.85573],[126.93782,35.85794],[126.93804,35.86017],[126.93816,35.86155],[126.93818,35.86293],[126.93829,35.86998],[126.9385489,35.9061514]],[[126.9392463,35.918369],[126.9393546,35.9189174]],[[126.9435053,35.9347687],[126.943704,35.9353045]],[[126.9474291,35.9450443],[126.947642,35.9455746]],[[126.9463919,35.9776412],[126.94667,35.98074],[126.94678,35.98151],[126.94693,35.98228],[126.94729,35.98382],[126.94778,35.98546],[126.94835,35.98688],[126.94898,35.98827],[126.95035,35.99103],[126.95534,36.00108],[126.96693,36.02402],[126.96847,36.02716],[126.96984,36.02978],[126.9716,36.03266],[126.97335,36.03532],[126.97563,36.03852],[126.98338,36.05006],[127.00961,36.08749],[127.01446,36.09466],[127.01619,36.09765],[127.01858,36.10268],[127.01989,36.10603],[127.02097,36.10956],[127.04062,36.17728],[127.0423,36.18362],[127.04459,36.19428],[127.04647,36.20148],[127.04877,36.20861],[127.05272,36.22088],[127.05585,36.23058],[127.05996,36.24077],[127.06451,36.25143],[127.06558,36.2537],[127.07326,36.27175],[127.07495,36.27599],[127.07673,36.28084],[127.08031,36.29171],[127.08177,36.29615],[127.08343,36.30054],[127.08857,36.31304],[127.09279,36.32296],[127.09466,36.32771],[127.10044,36.34122],[127.10193,36.3447],[127.10365,36.34811],[127.10483,36.35015],[127.10612,36.35216],[127.10746,36.3539],[127.10872,36.35543],[127.10934,36.35624],[127.10993,36.35696],[127.11062,36.35769],[127.11134,36.35839],[127.11206,36.35901],[127.11289,36.35971],[127.11412,36.36081],[127.11558,36.36212],[127.11719,36.36338],[127.11908,36.36459],[127.12114,36.36574],[127.12345,36.36703],[127.13597,36.37434],[127.21804,36.42081],[127.26198,36.44545],[127.27086,36.45075],[127.27234,36.45165],[127.27364,36.45241],[127.27503,36.45312],[127.27657,36.45391],[127.28312,36.45763],[127.31268,36.47375],[127.31749,36.47638],[127.32215,36.4792],[127.32491,36.48106],[127.32823,36.48354],[127.33084,36.48578],[127.33233,36.48712],[127.3339,36.48864],[127.3363,36.49119],[127.33868,36.49395],[127.34052,36.49635],[127.34216,36.49866],[127.34346,36.50054],[127.34462,36.50233],[127.34548,36.50382],[127.34629,36.50547],[127.34761,36.50892],[127.34912,36.5134],[127.35717,36.53864],[127.35784,36.54064],[127.35832,36.54224],[127.35869,36.54403],[127.35897,36.54592],[127.35921,36.54857],[127.35932,36.55123],[127.35929,36.55314],[127.35916,36.55496],[127.35895,36.5567],[127.35867,36.55867],[127.35719,36.5698],[127.35591,36.57843],[127.35517,36.58244],[127.35437,36.58609],[127.3538,36.58819],[127.35316,36.59012],[127.35228,36.59225],[127.3513,36.59429],[127.35045,36.59588],[127.34959,36.59732],[127.34895,36.59835],[127.34825,36.59938],[127.34706,36.60096],[127.3457,36.60262],[127.34427,36.60423],[127.34275,36.60579],[127.34124,36.60719],[127.33947,36.60875],[127.33008,36.61721],[127.32579,36.62107],[127.32181,36.62514]]]}},{"type":"Feature","properties":{"c":"hsr300","n":"호남고속선","g":"kr","jk":"hs","d":305,"ref":"https://en.wikipedia.org/wiki/Honam_high-speed_railway","e":1,"nz":"湖南高速线","ne":"Honam HSL","off":-0.5},"geometry":{"type":"MultiLineString","coordinates":[[[126.7924134,35.1416919],[126.79247,35.14177],[126.79374,35.14381],[126.79491,35.1458],[126.79544,35.14665],[126.79589,35.14742],[126.79618,35.14797],[126.79645,35.14854],[126.79668,35.14911],[126.79685,35.14964],[126.79698,35.15018],[126.79715,35.15088],[126.79984,35.16096],[126.80003,35.16173],[126.80017,35.16233],[126.80027,35.1629],[126.80032,35.16331],[126.80035,35.1637],[126.80036,35.16409],[126.80033,35.16447],[126.80028,35.16486],[126.8002,35.16524],[126.80009,35.16563],[126.79997,35.166],[126.79977,35.16649],[126.79954,35.16698],[126.79929,35.16745],[126.79892,35.16807],[126.7988101,35.1682405]],[[126.9397218,35.9205532],[126.94015,35.92237],[126.94157,35.92806],[126.9430048,35.9331302]],[[126.948282,35.9471649],[126.94843,35.94753],[126.94864,35.9481],[126.94875,35.94844],[126.94885,35.94877],[126.94894,35.94911],[126.949,35.94945],[126.94902,35.94977],[126.949,35.95008],[126.94897,35.95041],[126.94895,35.95083],[126.94872,35.95671],[126.94871,35.95718],[126.94871,35.95754],[126.94868,35.95791],[126.94861,35.9583],[126.94852,35.9587],[126.94842,35.95909],[126.94826,35.95962],[126.94805,35.96025],[126.94678,35.96425],[126.94654,35.96496],[126.94635,35.96559],[126.94619,35.96627],[126.94606,35.96696],[126.94597,35.9677],[126.94593,35.96844],[126.94595,35.96912],[126.94601,35.96993],[126.9461936,35.9736461]]]}},{"type":"Feature","properties":{"c":"hsr300","n":"호남고속선","g":"kr","jk":"hs","d":305,"ref":"https://en.wikipedia.org/wiki/Honam_high-speed_railway","e":1,"nz":"湖南高速线","ne":"Honam HSL","off":-0.375},"geometry":{"type":"MultiLineString","coordinates":[[[126.7916865,35.1406903],[126.7924134,35.1416919]],[[126.7988101,35.1682405],[126.79843,35.16883],[126.7980953,35.1693659]],[[126.9395936,35.9200092],[126.9397218,35.9205532]],[[126.9430048,35.9331302],[126.9431604,35.9336801]],[[126.9480678,35.9466352],[126.94813,35.94679],[126.948282,35.9471649]],[[126.9461936,35.9736461],[126.9462594,35.9749778]]]}},{"type":"Feature","properties":{"c":"hsr300","n":"호남고속선","g":"kr","jk":"hs","d":305,"ref":"https://en.wikipedia.org/wiki/Honam_high-speed_railway","e":1,"nz":"湖南高速线","ne":"Honam HSL","off":-0.25},"geometry":{"type":"MultiLineString","coordinates":[[[126.7909491,35.1396965],[126.79165,35.14064],[126.7916865,35.1406903]],[[126.7980953,35.1693659],[126.7973889,35.1704968]],[[126.9394654,35.9194652],[126.9395936,35.9200092]],[[126.9431604,35.9336801],[126.943316,35.9342299]],[[126.9478549,35.9461049],[126.9480678,35.9466352]],[[126.9462594,35.9749778],[126.9463252,35.9763095]]]}},{"type":"Feature","properties":{"c":"hsr300","n":"호남고속선","g":"kr","jk":"hs","d":305,"ref":"https://en.wikipedia.org/wiki/Honam_high-speed_railway","e":1,"nz":"湖南高速线","ne":"Honam HSL","off":-0.125},"geometry":{"type":"MultiLineString","coordinates":[[[126.7902905,35.1386493],[126.79087,35.13959],[126.7909491,35.1396965]],[[126.7973889,35.1704968],[126.7966825,35.1716276]],[[126.9393546,35.9189174],[126.93945,35.9194],[126.9394654,35.9194652]],[[126.943316,35.9342299],[126.94335,35.93435],[126.9435053,35.9347687]],[[126.947642,35.9455746],[126.9478549,35.9461049]],[[126.9463252,35.9763095],[126.94639,35.97762],[126.9463919,35.9776412]]]}},{"type":"Feature","properties":{"c":"hsr300","n":"호남고속선","g":"kr","jk":"hs","d":305,"ref":"https://en.wikipedia.org/wiki/Honam_high-speed_railway","e":1,"nz":"湖南高速线","ne":"Honam HSL","off":0.125},"geometry":{"type":"MultiLineString","coordinates":[[[126.9385489,35.9061514],[126.9385584,35.9074847]],[[126.939138,35.9178207],[126.9392463,35.918369]],[[126.943704,35.9353045],[126.9439027,35.9358403]],[[126.9472162,35.944514],[126.9474291,35.9450443]]]}},{"type":"Feature","properties":{"c":"hsr300","n":"호남고속선","g":"kr","jk":"hs","d":305,"ref":"https://en.wikipedia.org/wiki/Honam_high-speed_railway","e":1,"nz":"湖南高速线","ne":"Honam HSL","off":0.25},"geometry":{"type":"MultiLineString","coordinates":[[[126.9385584,35.9074847],[126.9385679,35.908818]],[[126.9390296,35.9172724],[126.939138,35.9178207]],[[126.9439027,35.9358403],[126.9441015,35.936376]],[[126.9470034,35.9439837],[126.9472162,35.944514]]]}},{"type":"Feature","properties":{"c":"hsr300","n":"호남고속선","g":"kr","jk":"hs","d":305,"ref":"https://en.wikipedia.org/wiki/Honam_high-speed_railway","e":1,"nz":"湖南高速线","ne":"Honam HSL","off":0.375},"geometry":{"type":"MultiLineString","coordinates":[[[126.9385679,35.908818],[126.9385775,35.9101513]],[[126.9389336,35.916722],[126.93896,35.91692],[126.9390296,35.9172724]],[[126.9441015,35.936376],[126.9443002,35.9369118]],[[126.9467905,35.9434534],[126.9470034,35.9439837]]]}},{"type":"Feature","properties":{"c":"hsr300","n":"호남고속선","g":"kr","jk":"hs","d":305,"ref":"https://en.wikipedia.org/wiki/Honam_high-speed_railway","e":1,"nz":"湖南高速线","ne":"Honam HSL","off":0.5},"geometry":{"type":"MultiLineString","coordinates":[[[126.9385775,35.9101513],[126.93859,35.9119],[126.93865,35.91408],[126.93876,35.91542],[126.9389336,35.916722]],[[126.9443002,35.9369118],[126.94595,35.94136],[126.9467905,35.9434534]]]}},{"type":"Feature","properties":{"c":"hsr300","n":"호남고속선","g":"kr","jk":"hs","d":305,"ref":"https://en.wikipedia.org/wiki/Honam_high-speed_railway","e":1,"nz":"湖南高速线","ne":"Honam HSL"},"geometry":{"type":"LineString","coordinates":[[127.32858,36.61858],[127.32835,36.61902],[127.32813,36.61946],[127.32791,36.61989],[127.32766,36.62032],[127.32735,36.62072],[127.32692,36.62117],[127.32638,36.62163],[127.32583,36.62206],[127.32538,36.6224],[127.32513,36.62259],[127.32508,36.62264],[127.32502,36.62267],[127.32495,36.62271],[127.3249,36.62275],[127.3249,36.62277],[127.3249,36.62278],[127.32491,36.62278],[127.32492,36.62278],[127.32495,36.62279],[127.32499,36.62275],[127.32504,36.62269],[127.32509,36.62264],[127.32514,36.6226],[127.32572,36.62217],[127.32652,36.62156],[127.32711,36.62104],[127.32784,36.62037],[127.33913,36.61025],[127.34189,36.60778],[127.3432,36.60651],[127.34446,36.60518],[127.34576,36.60369],[127.347,36.60213],[127.34819,36.60052],[127.34923,36.59899],[127.34979,36.59813],[127.35032,36.59723],[127.35139,36.59523],[127.35245,36.593],[127.35323,36.59094],[127.35384,36.58906],[127.35412,36.58807],[127.35434,36.58711],[127.35491,36.58417],[127.35497,36.58382],[127.35493,36.58347]]}},{"type":"Feature","properties":{"c":"branch","n":"호남본선","g":"kr","jk":"branch","nz":"湖南本线","ne":"Honam Line","off":0.5},"geometry":{"type":"LineString","coordinates":[[126.78397,35.18997],[126.78602,35.18889]]}},{"type":"Feature","properties":{"c":"branch","n":"호남본선","g":"kr","jk":"branch","nz":"湖南本线","ne":"Honam Line","off":1.0},"geometry":{"type":"LineString","coordinates":[[126.83773,35.56987],[126.84754,35.5825]]}},{"type":"Feature","properties":{"c":"branch","n":"호남본선","g":"kr","jk":"branch","nz":"湖南本线","ne":"Honam Line","off":-0.5},"geometry":{"type":"LineString","coordinates":[[127.02135,36.15755],[127.02158,36.1577]]}},{"type":"Feature","properties":{"c":"branch","n":"호남본선","g":"kr","jk":"branch","nz":"湖南本线","ne":"Honam Line","off":-0.5},"geometry":{"type":"LineString","coordinates":[[127.03364,36.16199],[127.03387,36.162]]}},{"type":"Feature","properties":{"c":"main","n":"호남선","g":"kr","jk":"main","nz":"湖南线","ne":"Honam Line"},"geometry":{"type":"LineString","coordinates":[[126.79688,35.14932],[126.79672,35.14861],[126.79654,35.14789],[126.7964,35.1472],[126.79637,35.14659],[126.79642,35.14621],[126.79652,35.14586],[126.79665,35.14555],[126.79681,35.14527],[126.79707,35.14496],[126.79741,35.14471],[126.79769,35.14454],[126.79801,35.14439],[126.79839,35.14429],[126.79891,35.14423],[126.79951,35.14422],[126.80015,35.14423],[126.80077,35.14423]]}},{"type":"Feature","properties":{"c":"main","n":"호남선","g":"kr","jk":"main","nz":"湖南线","ne":"Honam Line"},"geometry":{"type":"MultiLineString","coordinates":[[[127.42381,36.37239],[127.42364,36.37122],[127.42342,36.36996],[127.42292,36.36798],[127.42211,36.36564],[127.42057,36.36252],[127.41865,36.35891],[127.41661,36.35543],[127.41406,36.35234],[127.41134,36.34938],[127.40929,36.34717],[127.40856,36.34637],[127.408,36.34571],[127.4078958,36.3455622]],[[127.4036838,36.3184854],[127.40366,36.31836],[127.40352,36.31775],[127.40314,36.31596],[127.40305,36.31545],[127.40296,36.31496],[127.40282,36.31447],[127.40268,36.31407],[127.40251,36.31368],[127.40231,36.31328],[127.40206,36.3129],[127.40172,36.3125],[127.40133,36.31211],[127.40088,36.31173],[127.40039,36.31135],[127.39935,36.31069],[127.39818,36.31005],[127.39715,36.3095],[127.39664,36.30919],[127.3962,36.30892],[127.39574,36.30869],[127.39521,36.3085],[127.39466,36.30834],[127.39412,36.30821],[127.39341,36.30808],[127.39265,36.30796],[127.39173,36.30779],[127.39069,36.30761],[127.38972,36.30747],[127.3892,36.30744],[127.3887,36.30742],[127.38823,36.30742],[127.38778,36.30745],[127.38735,36.30751],[127.38694,36.30759],[127.38655,36.30771],[127.3862,36.30786],[127.38587,36.30805],[127.38548,36.30827],[127.38277,36.3097],[127.38229,36.30997],[127.38183,36.31024],[127.38138,36.31049],[127.38089,36.31069],[127.38032,36.31086],[127.37972,36.31098],[127.37912,36.31107],[127.37858,36.31111],[127.37807,36.31109],[127.37761,36.31103],[127.37715,36.31095],[127.37652,36.3108],[127.37584,36.31062],[127.37527,36.31046],[127.37465,36.31028],[127.37397,36.3101],[127.37323,36.30997],[127.37201,36.3099],[127.37062,36.30992],[127.36919,36.30993],[127.36783,36.3098],[127.36657,36.3095],[127.3653,36.3091],[127.36411,36.30867],[127.3631,36.30826],[127.36256,36.30798],[127.3621,36.3077],[127.36168,36.30741],[127.36125,36.30706],[127.36048,36.30632],[127.35974,36.30547],[127.35907,36.3047],[127.35849,36.3041],[127.35798,36.30353],[127.35771,36.30319],[127.35745,36.30284],[127.35722,36.30249],[127.35704,36.30217],[127.35689,36.30181],[127.35681,36.30143],[127.35677,36.30085],[127.35678,36.30018],[127.35684,36.29953],[127.35695,36.299],[127.35709,36.29848],[127.35724,36.29794],[127.35781,36.29562],[127.35794,36.29516],[127.35803,36.29475],[127.35804,36.29432],[127.358,36.29387],[127.35792,36.29352],[127.3578,36.29316],[127.35765,36.29281],[127.35749,36.29252],[127.35729,36.29223],[127.35703,36.29185],[127.3531,36.28572],[127.35281,36.28524],[127.35258,36.28485],[127.35232,36.28449],[127.35199,36.28413],[127.35163,36.28378],[127.35121,36.28344],[127.35056,36.28298],[127.34984,36.28252],[127.34922,36.28213],[127.3488,36.28188],[127.34845,36.28164],[127.34812,36.28136],[127.34781,36.28104],[127.34759,36.28074],[127.34737,36.28039],[127.34716,36.28002],[127.34699,36.27965],[127.34682,36.27918],[127.3467,36.2787],[127.34656,36.27814],[127.34552,36.27453],[127.34539,36.27412],[127.34527,36.27377],[127.3452,36.27342],[127.34519,36.27304],[127.34521,36.27266],[127.34526,36.27228],[127.34535,36.27193],[127.34546,36.27157],[127.34559,36.27117],[127.34578,36.27064],[127.346,36.27003],[127.34619,36.2694],[127.34629,36.2688],[127.34629,36.26827],[127.34622,36.26774],[127.3461,36.26723],[127.34594,36.26676],[127.34576,36.26638],[127.34554,36.26603],[127.3453,36.2657],[127.34504,36.26536],[127.34453,36.26474],[127.34393,36.26408],[127.34317,36.26324],[127.34231,36.2623],[127.34159,36.26139],[127.3412,36.26074],[127.3409,36.26011],[127.34061,36.25947],[127.33981,36.2575],[127.33834,36.2539],[127.33818,36.25349],[127.33805,36.25315],[127.3379,36.25282],[127.3377,36.25248],[127.33747,36.25215],[127.33719,36.25183],[127.33689,36.25153],[127.33655,36.25123],[127.33618,36.25094],[127.33579,36.25068],[127.3354,36.25047],[127.33499,36.25028],[127.33457,36.25011],[127.33414,36.24997],[127.33371,36.24985],[127.33326,36.24975],[127.3328,36.24967],[127.33235,36.24962],[127.33194,36.24961],[127.33153,36.24962],[127.33111,36.24965],[127.33065,36.24971],[127.3295,36.24998],[127.3282,36.25034],[127.32706,36.25062],[127.3265,36.2507],[127.32601,36.25075],[127.32551,36.25076],[127.32497,36.25074],[127.32442,36.25068],[127.32382,36.25059],[127.32283,36.25037],[127.32173,36.25008],[127.32069,36.24986],[127.32011,36.24979],[127.31956,36.24975],[127.31903,36.24974],[127.3185,36.24976],[127.31803,36.2498],[127.31758,36.24987],[127.31711,36.24997],[127.31661,36.2501],[127.31557,36.25047],[127.31443,36.25095],[127.31322,36.25136],[127.31211,36.25158],[127.31092,36.25173],[127.30976,36.25188],[127.30871,36.2521],[127.308,36.25233],[127.30735,36.25259],[127.30674,36.25288],[127.30618,36.2532],[127.30569,36.25352],[127.30524,36.25387],[127.30483,36.25424],[127.30445,36.25462],[127.30411,36.25503],[127.30381,36.25546],[127.30354,36.2559],[127.30328,36.25635],[127.30284,36.25723],[127.30242,36.25818],[127.30101,36.26119],[127.30082,36.26162],[127.30066,36.26199],[127.30046,36.26235],[127.30028,36.26263],[127.30009,36.26289],[127.29986,36.26315],[127.2996,36.26338],[127.29927,36.26363],[127.29888,36.26387],[127.29847,36.26408],[127.29804,36.26424],[127.29759,36.26437],[127.29714,36.26445],[127.29664,36.26451],[127.29609,36.26452],[127.29509,36.26443],[127.29394,36.26422],[127.29272,36.26401],[127.29151,36.26394],[127.29022,36.26412],[127.28889,36.26448],[127.28758,36.26482],[127.28631,36.26499],[127.2852,36.26489],[127.28409,36.26465],[127.28305,36.2644],[127.28211,36.26427],[127.28155,36.26427],[127.28105,36.26431],[127.28056,36.26439],[127.28003,36.2645],[127.2793,36.2647],[127.27853,36.26496],[127.27775,36.26529],[127.27696,36.2657],[127.27598,36.2664],[127.27503,36.26726],[127.274,36.26819],[127.27281,36.26909],[127.26989,36.27076],[127.26655,36.27244],[127.26409,36.27366],[127.26341,36.27403],[127.26286,36.27431],[127.26221,36.27459],[127.26154,36.27483],[127.26089,36.275],[127.26013,36.27518],[127.25922,36.27536],[127.25814,36.27556],[127.25698,36.27583],[127.25584,36.27622],[127.25444,36.27702],[127.25302,36.27807],[127.25159,36.27915],[127.25017,36.2801],[127.24854,36.28096],[127.24692,36.28171],[127.24518,36.28238],[127.24292,36.28308],[127.24052,36.28369],[127.23844,36.28421],[127.23698,36.28459],[127.23568,36.28495],[127.23502,36.28521],[127.23439,36.28549],[127.23374,36.28576],[127.23305,36.28596],[127.23223,36.28608],[127.23135,36.28614],[127.23049,36.28616],[127.22974,36.28619],[127.2293,36.28623],[127.22891,36.28627],[127.22853,36.2863],[127.22815,36.2863],[127.22776,36.28626],[127.22738,36.2862],[127.227,36.28611],[127.2266,36.28601],[127.22597,36.28581],[127.22532,36.28557],[127.22471,36.2853],[127.22422,36.28502],[127.22377,36.28472],[127.2233,36.28441],[127.22141,36.28322],[127.22107,36.28302],[127.22077,36.28283],[127.22048,36.28263],[127.22021,36.28241],[127.21997,36.28216],[127.21976,36.28188],[127.21959,36.28158],[127.21944,36.28123],[127.21933,36.28088],[127.21926,36.28055],[127.21921,36.28023],[127.21921,36.27992],[127.21926,36.27959],[127.21937,36.27922],[127.21953,36.27881],[127.21973,36.27841],[127.21998,36.27806],[127.22027,36.27777],[127.2206,36.27751],[127.22096,36.27727],[127.22132,36.27704],[127.22198,36.27662],[127.22265,36.27622],[127.22398,36.2754],[127.22432,36.27521],[127.22466,36.27502],[127.225,36.27481],[127.22531,36.27458],[127.22561,36.27431],[127.22588,36.27402],[127.22613,36.27369],[127.22635,36.27333],[127.22658,36.27276],[127.22676,36.2721],[127.22688,36.27142],[127.22693,36.27078],[127.22688,36.27025],[127.22677,36.26972],[127.22664,36.26922],[127.22653,36.26877],[127.22644,36.26841],[127.22637,36.26809],[127.22633,36.26776],[127.22633,36.26739],[127.22638,36.26702],[127.22645,36.26665],[127.22655,36.26631],[127.22669,36.26598],[127.22685,36.26558],[127.2272,36.26475],[127.22766,36.26372],[127.2281,36.26258],[127.2284,36.26146],[127.2285,36.26028],[127.22847,36.25905],[127.22838,36.25781],[127.22832,36.25658],[127.22823,36.25169],[127.22825,36.25002],[127.22826,36.24836],[127.22815,36.24681],[127.22791,36.24561],[127.22759,36.2445],[127.2273,36.2435],[127.22706,36.24265],[127.22687,36.24186],[127.22676,36.241],[127.22674,36.24011],[127.22684,36.2389],[127.22705,36.23764],[127.22727,36.23681],[127.22752,36.23598],[127.2277,36.23514],[127.22776,36.23432],[127.22774,36.23349],[127.22769,36.23267],[127.22753,36.23148],[127.22731,36.23021],[127.22665,36.22593],[127.22658,36.22545],[127.22651,36.22505],[127.2264,36.22463],[127.22623,36.2242],[127.22608,36.22388],[127.2259,36.22354],[127.22568,36.2232],[127.22543,36.22287],[127.22511,36.22251],[127.22474,36.22214],[127.22433,36.22179],[127.22391,36.22147],[127.22348,36.22121],[127.22304,36.22099],[127.22254,36.22076],[127.22195,36.22047],[127.21965,36.21923],[127.21672,36.21767],[127.21376,36.21631],[127.21121,36.21551],[127.20864,36.21488],[127.206,36.21411],[127.20078,36.21201],[127.1965,36.21014],[127.19593,36.20989],[127.1955,36.2097],[127.19505,36.20954],[127.19454,36.2094],[127.19401,36.20929],[127.19347,36.20922],[127.19299,36.20918],[127.1925,36.20917],[127.19201,36.20918],[127.19152,36.20923],[127.19109,36.20931],[127.19069,36.20942],[127.19024,36.20957],[127.18969,36.20973],[127.18047,36.21227],[127.17951,36.21252],[127.17874,36.21275],[127.17832,36.21289],[127.1779,36.21304],[127.1775,36.21321],[127.1771,36.21341],[127.17663,36.21371],[127.17618,36.21406],[127.17574,36.21443],[127.17533,36.21482],[127.17486,36.21535],[127.17444,36.2159],[127.17398,36.21651],[127.17159,36.21949],[127.17123,36.21996],[127.17091,36.22034],[127.17065,36.2206],[127.17039,36.22084],[127.17007,36.2211],[127.16968,36.22138],[127.16923,36.22169],[127.16875,36.22199],[127.16828,36.22224],[127.16784,36.22242],[127.16739,36.22257],[127.16693,36.2227],[127.16647,36.22282],[127.16587,36.22293],[127.16526,36.22301],[127.16456,36.2231],[127.16045,36.22371],[127.15744,36.22415],[127.15596,36.22443],[127.15446,36.22477],[127.15258,36.22533],[127.15064,36.22602],[127.14841,36.22701],[127.14639,36.22798],[127.14575,36.22829],[127.14519,36.22857],[127.14461,36.2288],[127.14397,36.229],[127.14331,36.22915],[127.14264,36.22926],[127.14216,36.22931],[127.14166,36.22934],[127.14118,36.22935],[127.14073,36.22933],[127.14028,36.22927],[127.13987,36.22919],[127.13944,36.22907],[127.13887,36.22886],[127.13828,36.2286],[127.13771,36.22831],[127.13701,36.22788],[127.13616,36.22733],[127.13211,36.22464],[127.127,36.22151],[127.12371,36.21996],[127.12033,36.21856],[127.11726,36.21707],[127.11489,36.21555],[127.11275,36.21397],[127.11101,36.21268],[127.11048,36.21228],[127.11004,36.21193],[127.10962,36.21162],[127.10915,36.21137],[127.10859,36.21117],[127.10799,36.21104],[127.10737,36.21094],[127.10676,36.21084],[127.10558,36.2107],[127.10431,36.21058],[127.10041,36.21016],[127.09984,36.21011],[127.09935,36.21006],[127.09887,36.20999],[127.09837,36.20987],[127.09788,36.20972],[127.09741,36.20954],[127.09702,36.20934],[127.09665,36.20911],[127.09615,36.2088],[127.08454,36.202],[127.08414,36.20178],[127.08387,36.20163],[127.08361,36.20146],[127.08334,36.20124],[127.08308,36.20101],[127.08284,36.20076],[127.08254,36.20042],[127.08219,36.2],[127.07881,36.19598],[127.07463,36.19176],[127.07416,36.1913],[127.07377,36.19093],[127.07342,36.19054],[127.0731,36.19009],[127.07281,36.18961],[127.07256,36.18913],[127.07228,36.18845],[127.07198,36.18764],[127.07002,36.18256],[127.06926,36.18061],[127.06895,36.17961],[127.0687,36.17861],[127.06855,36.17752],[127.06844,36.17652],[127.06841,36.17618],[127.06838,36.17589],[127.06833,36.17559],[127.06824,36.1753],[127.06813,36.175],[127.06799,36.1747],[127.06777,36.1743],[127.06749,36.17389],[127.0672,36.17348],[127.06678,36.17294],[127.06627,36.17232],[127.06283,36.16803],[127.06249,36.16758],[127.0622,36.16721],[127.06189,36.16686],[127.06153,36.16652],[127.06114,36.16621],[127.06065,36.16589],[127.05962,36.16534],[127.05838,36.16478],[127.05717,36.16431],[127.05621,36.16399],[127.05528,36.16374],[127.05433,36.16355],[127.05344,36.16344],[127.05253,36.16339],[127.05136,36.16332],[127.03502,36.16206],[127.03272,36.16188],[127.03157,36.16175],[127.03043,36.16157],[127.02937,36.16134],[127.02831,36.16105],[127.02714,36.16065],[127.02598,36.16019],[127.02494,36.15968],[127.02395,36.15912],[127.02306,36.15856],[127.02205,36.15791],[127.01649,36.15435],[127.0144,36.15301],[127.01388,36.15267],[127.01335,36.15231],[127.01286,36.15195],[127.01243,36.15157],[127.0121,36.1512],[127.01182,36.15082],[127.01157,36.15044],[127.01137,36.15005],[127.01123,36.14969],[127.01111,36.14932],[127.01103,36.14896],[127.01098,36.14861],[127.01096,36.14824],[127.01098,36.14787],[127.01103,36.14746],[127.01117,36.14685],[127.01137,36.14614],[127.01158,36.14542],[127.01169,36.14476],[127.01171,36.14432],[127.01169,36.1439],[127.01163,36.1435],[127.01154,36.1431],[127.01138,36.14261],[127.01116,36.14212],[127.01089,36.14152],[127.00826,36.13523],[127.00803,36.13463],[127.00785,36.13415],[127.00762,36.13368],[127.00731,36.13321],[127.00695,36.13275],[127.00653,36.13232],[127.00603,36.13187],[127.00547,36.13145],[127.00487,36.13107],[127.00427,36.13075],[127.00364,36.13047],[127.00292,36.13014],[126.99831,36.12796],[126.99775,36.12771],[126.99725,36.1275],[126.99678,36.12728],[126.99634,36.12703],[126.99592,36.12671],[126.99552,36.12635],[126.99516,36.12599],[126.99485,36.12562],[126.99466,36.12534],[126.9945,36.12505],[126.99436,36.12476],[126.99424,36.12447],[126.99406,36.12393],[126.99386,36.12324],[126.99106,36.11423],[126.99083,36.11354],[126.99067,36.11299],[126.99058,36.11235],[126.99053,36.11171],[126.99052,36.11043],[126.99049,36.10323],[126.9905,36.10278],[126.99052,36.10244],[126.99048,36.1021],[126.99039,36.10174],[126.99026,36.10138],[126.99007,36.10102],[126.98984,36.10068],[126.98957,36.10033],[126.98927,36.09999],[126.98897,36.0997],[126.98867,36.09944],[126.98837,36.09922],[126.98803,36.09903],[126.98766,36.09885],[126.98725,36.09871],[126.98684,36.09858],[126.98648,36.0985],[126.98611,36.09843],[126.98556,36.09833],[126.96342,36.09401],[126.9626,36.09386],[126.96197,36.09376],[126.96143,36.09366],[126.96088,36.09351],[126.96028,36.09329],[126.95969,36.09304],[126.95914,36.09274],[126.95864,36.09242],[126.95822,36.09207],[126.95784,36.09168],[126.9575,36.09128],[126.95721,36.09087],[126.95698,36.0905],[126.9568,36.09013],[126.95664,36.08975],[126.95651,36.08936],[126.95639,36.08886],[126.95631,36.08835],[126.95623,36.08777],[126.95607,36.0871],[126.95588,36.08637],[126.95572,36.08555],[126.95567,36.0846],[126.95603,36.08224],[126.95677,36.0793],[126.95754,36.07631],[126.95801,36.07382],[126.95806,36.07222],[126.95798,36.07084],[126.95791,36.06965],[126.95791,36.06915],[126.95792,36.0687],[126.95792,36.06828],[126.95787,36.06786],[126.95775,36.06742],[126.95759,36.06699],[126.95741,36.06657],[126.95721,36.06615],[126.95683,36.06543],[126.95629,36.06452],[126.94732,36.04859],[126.94697,36.04799],[126.94673,36.04754],[126.94656,36.04718],[126.9464,36.04681],[126.94628,36.04645],[126.94622,36.04614],[126.94619,36.04583],[126.94617,36.04553],[126.94617,36.04514],[126.9462,36.04461],[126.94661,36.03124],[126.94664,36.0307],[126.94668,36.03028],[126.9467,36.02992],[126.94666,36.02954],[126.94657,36.02914],[126.94642,36.02875],[126.94624,36.02835],[126.94603,36.02792],[126.94548,36.02706],[126.94482,36.02614],[126.9443,36.02528],[126.94407,36.02474],[126.94392,36.02423],[126.9438,36.02372],[126.94368,36.02301],[126.94356,36.02212],[126.94304,36.01911],[126.94233,36.01488],[126.94179,36.01029],[126.94239,36.00297],[126.94329,35.99495],[126.94398,35.98896],[126.94415,35.98708],[126.94433,35.98557],[126.94464,35.98393],[126.94508,35.98222],[126.9455,35.98105],[126.94603,35.97981],[126.94651,35.97855],[126.9467318,35.9776184]],[[126.9393745,35.918922],[126.9392264,35.9183701]],[[126.9379378,35.9057446],[126.93723,35.8969],[126.93713,35.89597],[126.93704,35.89525],[126.93704,35.89454],[126.93715,35.89375],[126.93734,35.89297],[126.93757,35.8922],[126.938,35.89116],[126.93855,35.88997],[126.94185,35.88243],[126.94645,35.8688],[126.94669,35.86813],[126.94688,35.86763],[126.94701,35.86713],[126.9471,35.86656],[126.94713,35.86598],[126.94712,35.86541],[126.94705,35.86488],[126.94694,35.86435],[126.9468,35.8637],[126.94551,35.85693],[126.9454,35.85629],[126.94529,35.85577],[126.94509,35.8552],[126.94483,35.85465],[126.94457,35.85417],[126.94421,35.85359],[126.94071,35.84757],[126.93903,35.84469],[126.93863,35.84393],[126.93822,35.84316],[126.93786,35.84241],[126.93761,35.84172],[126.9375,35.84127],[126.93744,35.84086],[126.93741,35.84046],[126.93739,35.84005],[126.93737,35.83928],[126.93739,35.83838],[126.9374,35.83308],[126.93741,35.83255],[126.93742,35.83212],[126.9374,35.83169],[126.93733,35.83123],[126.93723,35.83078],[126.93709,35.83033],[126.93692,35.82989],[126.93671,35.82945],[126.93647,35.82903],[126.93621,35.82868],[126.93591,35.82834],[126.93551,35.82788],[126.92703,35.8177],[126.92331,35.81282],[126.91938,35.80762],[126.91539,35.80269],[126.91077,35.79854],[126.90609,35.7946],[126.90275,35.79182],[126.90187,35.79108],[126.9012,35.79048],[126.90084,35.79013],[126.90048,35.78977],[126.90014,35.7894],[126.89985,35.78901],[126.8996,35.78859],[126.89939,35.78814],[126.89921,35.78768],[126.89907,35.78724],[126.89895,35.78671],[126.89887,35.78619],[126.89883,35.78567],[126.89884,35.78486],[126.8989,35.78404],[126.899,35.78335],[126.89917,35.78241],[126.90369,35.75453],[126.90384,35.75373],[126.90395,35.75318],[126.904,35.75262],[126.90401,35.75198],[126.90397,35.75134],[126.90387,35.75071],[126.90372,35.75017],[126.9035,35.74965],[126.90319,35.74887],[126.88983,35.71309],[126.88881,35.71037],[126.88754,35.70773],[126.88607,35.70516],[126.88299,35.6998],[126.88213,35.69829],[126.88185,35.69776],[126.88158,35.69723],[126.88137,35.69674],[126.88128,35.69642],[126.88122,35.69612],[126.88118,35.6958],[126.88114,35.69538],[126.88112,35.69495],[126.88115,35.69449],[126.88127,35.69393],[126.88145,35.69334],[126.88167,35.69277],[126.88203,35.69199],[126.88249,35.69112],[126.88494,35.68623],[126.88557,35.68501],[126.88612,35.68388],[126.88647,35.68308],[126.88678,35.68226],[126.88702,35.68144],[126.88712,35.68067],[126.88714,35.67988],[126.88717,35.6789],[126.8878,35.66879],[126.88788,35.66773],[126.88792,35.66685],[126.88791,35.66619],[126.88786,35.66552],[126.88777,35.66492],[126.88767,35.66451],[126.88754,35.66415],[126.8874,35.66378],[126.88721,35.66332],[126.88691,35.66268],[126.87524,35.63645],[126.87492,35.63569],[126.8747,35.63517],[126.87444,35.63466],[126.87408,35.6341],[126.87367,35.63355],[126.87322,35.63303],[126.87275,35.63258],[126.87224,35.63216],[126.87162,35.63164],[126.86532,35.62616],[126.86487,35.62577],[126.86451,35.62548],[126.86419,35.62517],[126.86386,35.62481],[126.86356,35.62443],[126.86329,35.62403],[126.8631,35.62366],[126.86294,35.62328],[126.86273,35.62276],[126.86084,35.61829],[126.85841,35.61297],[126.85634,35.60949],[126.85464,35.60684],[126.85428,35.60626],[126.854,35.60579],[126.85375,35.60524],[126.85354,35.60467],[126.85339,35.60418],[126.85323,35.60352],[126.84918,35.58847],[126.8486934,35.5866618]],[[126.8348522,35.5667129],[126.83423,35.5659],[126.83371,35.56515],[126.83323,35.56438],[126.83282,35.56361],[126.83253,35.56287],[126.8323,35.56212],[126.83212,35.56136],[126.83192,35.56007],[126.83179,35.55886],[126.83171,35.55821],[126.83162,35.55761],[126.83145,35.55696],[126.83123,35.55632],[126.83099,35.55578],[126.83066,35.55508],[126.82918,35.55209],[126.82708,35.54777],[126.82519,35.54338],[126.82441,35.54022],[126.82379,35.537],[126.82313,35.53377],[126.82225,35.53057],[126.82024,35.52715],[126.81792,35.52352],[126.81573,35.52022],[126.81411,35.51776],[126.81334,35.51658],[126.81274,35.5156],[126.81233,35.51486],[126.81195,35.51411],[126.81163,35.51334],[126.81141,35.51258],[126.81125,35.5118],[126.81113,35.51092],[126.81105,35.50926],[126.81104,35.50738],[126.81089,35.50569],[126.81065,35.50469],[126.81032,35.5038],[126.80991,35.50294],[126.80943,35.50217],[126.80886,35.50144],[126.80813,35.50047],[126.79735,35.48553],[126.79682,35.48482],[126.79644,35.48427],[126.79605,35.4836],[126.79573,35.48292],[126.7955,35.48232],[126.79533,35.4817],[126.79524,35.48116],[126.79519,35.48059],[126.79517,35.48007],[126.79518,35.47975],[126.79522,35.47945],[126.79528,35.47914],[126.79541,35.47868],[126.79558,35.47819],[126.79581,35.47767],[126.79636,35.47666],[126.79705,35.47559],[126.79797,35.47439],[126.79893,35.47315],[126.8006,35.47062],[126.80613,35.46221],[126.80804,35.45937],[126.80973,35.45674],[126.81097,35.45439],[126.812,35.45227],[126.81243,35.45146],[126.81282,35.45074],[126.81313,35.45005],[126.81331,35.44949],[126.81344,35.44896],[126.81355,35.44849],[126.81367,35.44808],[126.81376,35.4477],[126.81379,35.4473],[126.81377,35.44687],[126.81369,35.44635],[126.81356,35.44578],[126.81339,35.4452],[126.81312,35.44445],[126.81276,35.44359],[126.81082,35.43864],[126.80734,35.43068],[126.8065,35.42876],[126.80614,35.42775],[126.80587,35.42678],[126.80575,35.42608],[126.80571,35.42541],[126.80572,35.42479],[126.80577,35.42403],[126.80601,35.42057],[126.80611,35.416],[126.80569,35.41163],[126.80511,35.40679],[126.80432,35.40164],[126.80169,35.39416],[126.79864,35.38614],[126.79627,35.38002],[126.79461,35.37592],[126.79261,35.37186],[126.79048,35.36737],[126.78894,35.36299],[126.7874,35.35833],[126.78462,35.35158],[126.78191,35.34419],[126.7809457,35.3393347]],[[126.7783979,35.3220804],[126.77842,35.32191],[126.77859,35.32093],[126.77921,35.31733],[126.78004,35.31234],[126.7806,35.3076],[126.78032,35.30398],[126.77984,35.30051],[126.77944,35.2978],[126.77917,35.29547],[126.77903,35.29468],[126.77887,35.29389],[126.77866,35.29317],[126.77846,35.29268],[126.77823,35.29223],[126.77794,35.29176],[126.77743,35.29108],[126.77682,35.29036],[126.77619,35.28965],[126.77431,35.2876],[126.76975,35.28263],[126.76877,35.28154],[126.76786,35.28057],[126.76688,35.27962],[126.76574,35.27867],[126.76356,35.27724],[126.76126,35.27577],[126.75951,35.27442],[126.75804,35.27316],[126.75731,35.27244],[126.75669,35.27175],[126.75542,35.27028],[126.75391,35.26862],[126.75218,35.26655],[126.74955,35.26279],[126.74721,35.25906],[126.74633,35.25745],[126.74557,35.25581],[126.74412,35.25208],[126.74258,35.24828],[126.74133,35.24609],[126.74024,35.24438],[126.73986,35.24378],[126.73956,35.24325],[126.73931,35.24265],[126.73912,35.24204],[126.739,35.24151],[126.73887,35.2408],[126.73637,35.22849],[126.73623,35.22787],[126.73613,35.22742],[126.73606,35.22697],[126.73603,35.22645],[126.73604,35.22593],[126.73608,35.22543],[126.73614,35.22502],[126.73622,35.22462],[126.73634,35.22422],[126.73649,35.22382],[126.73667,35.22342],[126.73689,35.22301],[126.73719,35.22255],[126.73754,35.22208],[126.73791,35.22165],[126.73823,35.22134],[126.73856,35.22106],[126.73892,35.22079],[126.7394,35.22047],[126.73993,35.22017],[126.74049,35.21987],[126.7414,35.21946],[126.74254,35.21899],[126.75115,35.21555],[126.75266,35.21497],[126.75396,35.21443],[126.75465,35.2141],[126.75534,35.21374],[126.75599,35.21337],[126.75654,35.213],[126.75688,35.21273],[126.75716,35.21247],[126.75742,35.21219],[126.75767,35.21191],[126.75809,35.21135],[126.75855,35.21068],[126.76146,35.20664],[126.76225,35.2055],[126.76303,35.20447],[126.76397,35.20347],[126.76501,35.20253],[126.76604,35.20174],[126.7673,35.20083],[126.77161,35.19748],[126.77679,35.19378],[126.78175,35.19108],[126.78589,35.18905],[126.78688,35.18855],[126.78768,35.18812],[126.78853,35.18756],[126.78929,35.18698],[126.78965,35.18667],[126.78998,35.18635],[126.7903,35.18598],[126.79074,35.18531],[126.79117,35.18453],[126.79158,35.18375],[126.7927,35.18146],[126.7974154,35.1717999]],[[126.7914706,35.1398939],[126.78782,35.13379],[126.78696,35.13232],[126.78619,35.13107],[126.78558,35.13017],[126.78493,35.12927],[126.78428,35.12848],[126.78377,35.12797],[126.78326,35.12752],[126.78272,35.12709],[126.78195,35.12655],[126.78094,35.12589],[126.76606,35.11587],[126.76433,35.11474],[126.76293,35.11377],[126.76195,35.11302],[126.761,35.11224],[126.76011,35.1114],[126.75916,35.11035],[126.75828,35.10922],[126.7575,35.10805],[126.75691,35.10695],[126.75643,35.10581],[126.75588,35.10455],[126.75264,35.09754],[126.74924,35.08762],[126.74863,35.08573],[126.74816,35.08392],[126.74783,35.08064],[126.74748,35.0774],[126.74703,35.07565],[126.74643,35.07408],[126.74574,35.07269],[126.74475,35.07094],[126.72949,35.04252],[126.72848,35.04063],[126.72817,35.04001],[126.72787,35.03938],[126.7276,35.0387],[126.72736,35.03783],[126.72715,35.0369],[126.727,35.03597],[126.72689,35.03466],[126.72682,35.0332],[126.72638,35.02657],[126.72633,35.02525],[126.72622,35.02409],[126.72605,35.02325],[126.72582,35.02242],[126.72554,35.02166],[126.72526,35.02112],[126.72495,35.02063],[126.72461,35.02017],[126.72411,35.01957],[126.72356,35.01901],[126.72302,35.01854],[126.72232,35.01798],[126.71407,35.01109],[126.71291,35.01016],[126.71185,35.0093],[126.71083,35.00854],[126.70979,35.00789],[126.70895,35.00746],[126.70812,35.00709],[126.70728,35.00679],[126.70645,35.00653],[126.70569,35.00636],[126.70492,35.00623],[126.70416,35.00614],[126.70339,35.00608],[126.70243,35.00606],[126.70147,35.00611],[126.70027,35.00616],[126.68731,35.0065],[126.6849,35.00653],[126.68279,35.00662],[126.68055,35.0069],[126.67833,35.00729],[126.67396,35.00825],[126.6646,35.0103],[126.66328,35.01057],[126.66217,35.01084],[126.66098,35.0112],[126.65983,35.01161],[126.65879,35.01203],[126.65768,35.01252],[126.65557,35.01345],[126.65338,35.01435],[126.65193,35.01481],[126.65054,35.01514],[126.64919,35.01535],[126.64757,35.01554],[126.63475,35.01726],[126.63108,35.01776],[126.62927,35.01808],[126.62748,35.01848],[126.62586,35.01895],[126.62399,35.01954],[126.61177,35.02323],[126.60197,35.02649],[126.59307,35.02896],[126.57909,35.03283],[126.57704,35.03342],[126.57527,35.03388],[126.57399,35.03417],[126.57268,35.03442],[126.57134,35.0346],[126.56974,35.0347],[126.56809,35.03471],[126.56659,35.03465],[126.56514,35.03452],[126.56381,35.03431],[126.56251,35.03403],[126.5611,35.03367],[126.55543,35.03233],[126.55405,35.03202],[126.55282,35.03171],[126.55154,35.03132],[126.55031,35.03087],[126.54918,35.03038],[126.54808,35.02983],[126.54683,35.02909],[126.5456,35.02829],[126.54326,35.02662],[126.53425,35.02018],[126.5333,35.01952],[126.53251,35.01898],[126.53178,35.01841],[126.53106,35.01776],[126.53039,35.01706],[126.52975,35.01631],[126.52902,35.01532],[126.52832,35.01426],[126.52771,35.01316],[126.52721,35.01203],[126.52679,35.01087],[126.52647,35.00976],[126.52621,35.0085],[126.52609,35.00724],[126.52609,35.00562],[126.5262,35.0041],[126.52632,35.00338],[126.5265,35.00256],[126.52874,34.99312],[126.5293,34.99098],[126.52971,34.98905],[126.52988,34.9869],[126.52987,34.9849],[126.52975,34.98367],[126.52956,34.98251],[126.52928,34.98111],[126.5289,34.97965],[126.52833,34.97796],[126.5276,34.97624],[126.52667,34.97446],[126.52557,34.97271],[126.52439,34.97121],[126.52292,34.96946],[126.51184,34.95586],[126.511,34.95485],[126.51037,34.95404],[126.50973,34.9531],[126.50915,34.9521],[126.50855,34.95084],[126.50805,34.9495],[126.50776,34.94834],[126.50746,34.9468],[126.50018,34.91347],[126.49626,34.8955],[126.49373,34.87736],[126.49259,34.87168],[126.49238,34.87047],[126.49213,34.86941],[126.49173,34.86828],[126.49124,34.86722],[126.49075,34.8664],[126.49022,34.86562],[126.48904,34.86409],[126.4779555,34.849773]],[[126.4641808,34.8319813],[126.46147,34.82848],[126.46063,34.82736],[126.45999,34.82656],[126.45912,34.82565],[126.45821,34.82481],[126.45747,34.82423],[126.45663,34.82368],[126.45559,34.82309],[126.45439,34.82247],[126.45322,34.82196],[126.45237,34.82166],[126.451905,34.8215296]],[[126.4344746,34.8204793],[126.43069,34.82038],[126.4299,34.82034],[126.42931,34.82032],[126.42872,34.82032],[126.42822,34.82035],[126.42772,34.82039],[126.42723,34.82045],[126.42677,34.82056],[126.42633,34.82073],[126.42591,34.82094],[126.4255,34.82117],[126.42508,34.82139],[126.4234,34.82221],[126.42285,34.8225],[126.4223,34.82278],[126.42172,34.82304],[126.42106,34.82327],[126.42036,34.82346],[126.4196,34.82363],[126.41861,34.82379],[126.41753,34.82392],[126.41634,34.82401],[126.41332,34.82409],[126.41017,34.82406],[126.40776,34.82398],[126.40554,34.82383],[126.40443,34.8237],[126.40339,34.82355],[126.40241,34.82335],[126.40164,34.82312],[126.40092,34.82284],[126.40016,34.82252],[126.3991,34.82201],[126.39798,34.82143],[126.39699,34.82081],[126.39631,34.82028],[126.39571,34.81973],[126.39517,34.81917],[126.39449,34.81836],[126.39388,34.81752],[126.3927,34.81582],[126.38896,34.81037],[126.38819,34.80928],[126.38755,34.8083],[126.38723,34.80775],[126.38692,34.80718],[126.38666,34.80662],[126.38649,34.8061],[126.38644,34.80572],[126.38643,34.80536],[126.38647,34.80502],[126.38654,34.80467],[126.38665,34.80434],[126.38681,34.80403],[126.387,34.80371],[126.38719,34.80335],[126.38844,34.80082],[126.38878,34.80017],[126.38906,34.79956],[126.38918,34.79923],[126.38929,34.7989],[126.38937,34.79857],[126.3894,34.79823],[126.38936,34.79793],[126.38926,34.79764],[126.38913,34.79731],[126.38898,34.79692],[126.38692,34.7904]]]}},{"type":"Feature","properties":{"c":"main","n":"호남선","g":"kr","jk":"main","nz":"湖南线","ne":"Honam Line","off":-1.5},"geometry":{"type":"LineString","coordinates":[[126.9470671,35.9434096],[126.94696,35.94311],[126.94525,35.93898],[126.9442804,35.936447]]}},{"type":"Feature","properties":{"c":"main","n":"호남선","g":"kr","jk":"main","nz":"湖南线","ne":"Honam Line","off":-1.375},"geometry":{"type":"MultiLineString","coordinates":[[[126.9472593,35.9439477],[126.9470671,35.9434096]],[[126.9442804,35.936447],[126.9440761,35.9359134]]]}},{"type":"Feature","properties":{"c":"main","n":"호남선","g":"kr","jk":"main","nz":"湖南线","ne":"Honam Line","off":-1.25},"geometry":{"type":"MultiLineString","coordinates":[[[126.9474516,35.9444859],[126.9472593,35.9439477]],[[126.9440761,35.9359134],[126.9438718,35.9353797]]]}},{"type":"Feature","properties":{"c":"main","n":"호남선","g":"kr","jk":"main","nz":"湖南线","ne":"Honam Line","off":-1.125},"geometry":{"type":"MultiLineString","coordinates":[[[126.9476439,35.945024],[126.9474516,35.9444859]],[[126.9438718,35.9353797],[126.9436675,35.9348461]]]}},{"type":"Feature","properties":{"c":"main","n":"호남선","g":"kr","jk":"main","nz":"湖南线","ne":"Honam Line","off":-1.0},"geometry":{"type":"MultiLineString","coordinates":[[[126.9478362,35.9455621],[126.9476439,35.945024]],[[126.9436675,35.9348461],[126.94347,35.93433],[126.9434652,35.9343118]]]}},{"type":"Feature","properties":{"c":"main","n":"호남선","g":"kr","jk":"main","nz":"湖南线","ne":"Honam Line","off":-0.875},"geometry":{"type":"MultiLineString","coordinates":[[[126.9480284,35.9461002],[126.9478362,35.9455621]],[[126.9434652,35.9343118],[126.9433192,35.9337593]]]}},{"type":"Feature","properties":{"c":"main","n":"호남선","g":"kr","jk":"main","nz":"湖南线","ne":"Honam Line","off":-0.75},"geometry":{"type":"MultiLineString","coordinates":[[[126.9482207,35.9466383],[126.9480284,35.9461002]],[[126.9433192,35.9337593],[126.9431731,35.9332069]]]}},{"type":"Feature","properties":{"c":"main","n":"호남선","g":"kr","jk":"main","nz":"湖南线","ne":"Honam Line","off":-0.625},"geometry":{"type":"MultiLineString","coordinates":[[[126.948413,35.9471764],[126.9482207,35.9466383]],[[126.9431731,35.9332069],[126.9430271,35.9326544]]]}},{"type":"Feature","properties":{"c":"main","n":"호남선","g":"kr","jk":"main","nz":"湖南线","ne":"Honam Line","off":-0.5},"geometry":{"type":"MultiLineString","coordinates":[[[126.9465018,35.9736522],[126.94649,35.97358],[126.94634,35.9725],[126.9461,35.9701],[126.94605,35.96888],[126.94608,35.96768],[126.94623,35.96663],[126.94645,35.96561],[126.94673,35.96465],[126.94708,35.96357],[126.94761,35.96204],[126.94823,35.96023],[126.94871,35.95831],[126.94896,35.95576],[126.94902,35.95306],[126.94906,35.95103],[126.94909,35.95053],[126.94912,35.95015],[126.94912,35.94976],[126.94907,35.94934],[126.94899,35.94892],[126.94888,35.9485],[126.94869,35.94793],[126.94845,35.94728],[126.948413,35.9471764]],[[126.9430271,35.9326544],[126.94204,35.92892],[126.9408,35.92367],[126.9398335,35.9205735]],[[126.7801665,35.3354113],[126.77992,35.33417],[126.7786,35.32621],[126.7785671,35.326047]],[[126.7991848,35.1682127],[126.79966,35.16718],[126.79992,35.16653],[126.80017,35.16587],[126.80037,35.16521],[126.8005,35.1646],[126.80055,35.16416],[126.80055,35.16374],[126.80052,35.16333],[126.80047,35.1629],[126.80028,35.16192],[126.79998,35.16074],[126.7979,35.15278],[126.79746,35.15118],[126.79704,35.14972],[126.79649,35.1483],[126.79579,35.14696],[126.79496,35.14565],[126.79401,35.14414],[126.7935237,35.1433268]]]}},{"type":"Feature","properties":{"c":"main","n":"호남선","g":"kr","jk":"main","nz":"湖南线","ne":"Honam Line","off":-0.375},"geometry":{"type":"MultiLineString","coordinates":[[[126.9467101,35.974969],[126.94669,35.9748],[126.9465018,35.9736522]],[[126.9398335,35.9205735],[126.93972,35.92021],[126.9396706,35.9200259]],[[126.7804263,35.3367191],[126.7801665,35.3354113]],[[126.7785671,35.326047],[126.7784,35.32522],[126.7783236,35.3247364]],[[126.7985884,35.1694051],[126.79914,35.16831],[126.7991848,35.1682127]],[[126.7935237,35.1433268],[126.7928393,35.1421825]]]}},{"type":"Feature","properties":{"c":"main","n":"호남선","g":"kr","jk":"main","nz":"湖南线","ne":"Honam Line","off":-0.25},"geometry":{"type":"MultiLineString","coordinates":[[[126.9468343,35.9762945],[126.94684,35.97606],[126.9467101,35.974969]],[[126.9396706,35.9200259],[126.9395225,35.919474]],[[126.780686,35.3380269],[126.7804263,35.3367191]],[[126.7783236,35.3247364],[126.77828,35.32446],[126.77826,35.32357],[126.778271,35.3234071]],[[126.7980003,35.1706017],[126.79846,35.16966],[126.7985884,35.1694051]],[[126.7928393,35.1421825],[126.7921549,35.1410382]]]}},{"type":"Feature","properties":{"c":"main","n":"호남선","g":"kr","jk":"main","nz":"湖南线","ne":"Honam Line","off":-0.125},"geometry":{"type":"MultiLineString","coordinates":[[[126.9467318,35.9776184],[126.94681,35.97729],[126.9468343,35.9762945]],[[126.9395225,35.919474],[126.9393745,35.918922]],[[126.7809457,35.3393347],[126.780686,35.3380269]],[[126.778271,35.3234071],[126.77832,35.32268],[126.7783979,35.3220804]],[[126.7974154,35.1717999],[126.7980003,35.1706017]],[[126.7921549,35.1410382],[126.7914706,35.1398939]]]}},{"type":"Feature","properties":{"c":"main","n":"호남선","g":"kr","jk":"main","nz":"湖南线","ne":"Honam Line","off":0.125},"geometry":{"type":"MultiLineString","coordinates":[[[127.4078958,36.3455622],[127.40745,36.34493],[127.4071646,36.3444484]],[[127.4038185,36.3198085],[127.40382,36.31975],[127.40381,36.31934],[127.40377,36.31894],[127.4036838,36.3184854]],[[126.9392264,35.9183701],[126.9390783,35.9178182]],[[126.9380442,35.9070736],[126.9379378,35.9057446]],[[126.8486934,35.5866618],[126.8485449,35.58611]],[[126.8352064,35.5671612],[126.83498,35.56688],[126.8348522,35.5667129]],[[126.4779555,34.849773],[126.4771392,34.8487187]],[[126.464997,34.8330356],[126.4641808,34.8319813]],[[126.451905,34.8215296],[126.45155,34.82143],[126.45069,34.82123],[126.4506094,34.8212166]],[[126.4358075,34.8205143],[126.4344746,34.8204793]]]}},{"type":"Feature","properties":{"c":"main","n":"호남선","g":"kr","jk":"main","nz":"湖南线","ne":"Honam Line","off":0.25},"geometry":{"type":"MultiLineString","coordinates":[[[127.4071646,36.3444484],[127.40697,36.34412],[127.40659,36.34331],[127.4065685,36.3432574]],[[127.4036256,36.3211236],[127.40368,36.3209],[127.40376,36.32052],[127.40381,36.32014],[127.4038185,36.3198085]],[[126.9390783,35.9178182],[126.9389302,35.9172663]],[[126.9381506,35.9084027],[126.9380442,35.9070736]],[[126.8485449,35.58611],[126.8483964,35.5855583]],[[126.8355648,35.5676064],[126.8352064,35.5671612]],[[126.4771392,34.8487187],[126.476323,34.8476644]],[[126.4658133,34.8340899],[126.464997,34.8330356]],[[126.4506094,34.8212166],[126.4492942,34.8209974]],[[126.4371403,34.8205493],[126.4358075,34.8205143]]]}},{"type":"Feature","properties":{"c":"main","n":"호남선","g":"kr","jk":"main","nz":"湖南线","ne":"Honam Line","off":0.375},"geometry":{"type":"MultiLineString","coordinates":[[[127.4065685,36.3432574],[127.40623,36.34243],[127.4060531,36.3420278]],[[127.4031771,36.322378],[127.40318,36.32237],[127.40342,36.32176],[127.40359,36.32127],[127.4036256,36.3211236]],[[126.9389302,35.9172663],[126.93884,35.91693],[126.9388165,35.916708]],[[126.9382569,35.9097318],[126.9381506,35.9084027]],[[126.8483964,35.5855583],[126.84837,35.58546],[126.8482323,35.585011]],[[126.8359231,35.5680515],[126.8355648,35.5676064]],[[126.476323,34.8476644],[126.4755067,34.8466101]],[[126.4666295,34.8351442],[126.4658133,34.8340899]],[[126.4492942,34.8209974],[126.44925,34.82099],[126.4479689,34.8208524]],[[126.4384732,34.8205842],[126.4371403,34.8205493]]]}},{"type":"Feature","properties":{"c":"main","n":"호남선","g":"kr","jk":"main","nz":"湖南线","ne":"Honam Line","off":0.5},"geometry":{"type":"MultiLineString","coordinates":[[[127.4060531,36.3420278],[127.40495,36.33952],[127.40481,36.33915],[127.40468,36.33882],[127.40455,36.33852],[127.40438,36.33821],[127.40417,36.33792],[127.40394,36.33764],[127.40367,36.33737],[127.40338,36.3371],[127.40283,36.33664],[127.40221,36.33618],[127.40167,36.33578],[127.40127,36.33549],[127.40092,36.33521],[127.40062,36.33487],[127.40036,36.3345],[127.40019,36.3342],[127.40005,36.33388],[127.39993,36.33355],[127.39984,36.33314],[127.39977,36.33271],[127.39976,36.33229],[127.39979,36.33191],[127.39987,36.33154],[127.39996,36.33118],[127.40013,36.33069],[127.40036,36.33009],[127.4031771,36.322378]],[[126.9388165,35.916708],[126.93849,35.91362],[126.93828,35.91002],[126.9382569,35.9097318]],[[126.8482323,35.585011],[126.84814,35.58471],[126.8480618,35.5844656]],[[126.8362762,35.5685007],[126.83593,35.56806],[126.8359231,35.5680515]],[[126.4755067,34.8466101],[126.4666295,34.8351442]],[[126.4479689,34.8208524],[126.44776,34.82083],[126.44642,34.82077],[126.44479,34.82075],[126.4384732,34.8205842]]]}},{"type":"Feature","properties":{"c":"main","n":"호남선","g":"kr","jk":"main","nz":"湖南线","ne":"Honam Line","off":0.625},"geometry":{"type":"MultiLineString","coordinates":[[[126.8480618,35.5844656],[126.8479,35.58396],[126.8478861,35.5839219]],[[126.8366293,35.5689501],[126.8362762,35.5685007]]]}},{"type":"Feature","properties":{"c":"main","n":"호남선","g":"kr","jk":"main","nz":"湖南线","ne":"Honam Line","off":0.75},"geometry":{"type":"MultiLineString","coordinates":[[[126.8478861,35.5839219],[126.8476902,35.583385]],[[126.8369823,35.5693994],[126.8366293,35.5689501]]]}},{"type":"Feature","properties":{"c":"main","n":"호남선","g":"kr","jk":"main","nz":"湖南线","ne":"Honam Line","off":0.875},"geometry":{"type":"MultiLineString","coordinates":[[[126.8476902,35.583385],[126.84763,35.58322],[126.847455,35.582865]],[[126.8373353,35.5698487],[126.8369823,35.5693994]]]}},{"type":"Feature","properties":{"c":"main","n":"호남선","g":"kr","jk":"main","nz":"湖南线","ne":"Honam Line","off":1.0},"geometry":{"type":"LineString","coordinates":[[126.847455,35.582865],[126.84728,35.58251],[126.84688,35.58188],[126.84642,35.5813],[126.84588,35.58068],[126.84524,35.57991],[126.8373353,35.5698487]]}},{"type":"Feature","properties":{"c":"main","n":"호남선","g":"kr","jk":"main","nz":"湖南线","ne":"Honam Line"},"geometry":{"type":"LineString","coordinates":[[127.42197,36.3728],[127.41663,36.35547]]}}]}