{"type":"FeatureCollection","features":[{"type":"Feature","properties":{"n":"한성대입구","g":"kr","m":1},"geometry":{"type":"Point","coordinates":[127.00596,37.58851]}},{"type":"Feature","properties":{"n":"동래","g":"kr","m":1},"geometry":{"type":"Point","coordinates":[129.07848,35.20568]}},{"type":"Feature","properties":{"n":"구서","g":"kr","m":1},"geometry":{"type":"Point","coordinates":[129.09127,35.24723]}},{"type":"Feature","properties":{"n":"명학","g":"kr","m":1},"geometry":{"type":"Point","coordinates":[126.93561,37.38439]}},{"type":"Feature","properties":{"n":"평택","g":"kr"},"geometry":{"type":"Point","coordinates":[127.08532,36.99082]}},{"type":"Feature","properties":{"n":"관악","g":"kr","m":1},"geometry":{"type":"Point","coordinates":[126.90915,37.41872]}},{"type":"Feature","properties":{"n":"군포","g":"kr","m":1},"geometry":{"type":"Point","coordinates":[126.94846,37.35357]}},{"type":"Feature","properties":{"n":"성균관대","g":"kr","m":1},"geometry":{"type":"Point","coordinates":[126.97118,37.30029]}},{"type":"Feature","properties":{"n":"세마","g":"kr","m":1},"geometry":{"type":"Point","coordinates":[127.04327,37.18737]}},{"type":"Feature","properties":{"n":"오산","g":"kr"},"geometry":{"type":"Point","coordinates":[127.06675,37.14556]}},{"type":"Feature","properties":{"n":"오산대","g":"kr","m":1},"geometry":{"type":"Point","coordinates":[127.06311,37.1693]}},{"type":"Feature","properties":{"n":"송탄","g":"kr","m":1},"geometry":{"type":"Point","coordinates":[127.05437,37.07536]}},{"type":"Feature","properties":{"n":"제기동","g":"kr","m":1},"geometry":{"type":"Point","coordinates":[127.03447,37.57838]}},{"type":"Feature","properties":{"n":"신이문","g":"kr","m":1},"geometry":{"type":"Point","coordinates":[127.06729,37.60164]}},{"type":"Feature","properties":{"n":"회기","g":"kr","m":1},"geometry":{"type":"Point","coordinates":[127.05762,37.5895]}},{"type":"Feature","properties":{"n":"월계","g":"kr","m":1},"geometry":{"type":"Point","coordinates":[127.05887,37.63306]}},{"type":"Feature","properties":{"n":"녹천","g":"kr","m":1},"geometry":{"type":"Point","coordinates":[127.0514,37.64463]}},{"type":"Feature","properties":{"n":"광운대","g":"kr","m":1},"geometry":{"type":"Point","coordinates":[127.06182,37.6237]}},{"type":"Feature","properties":{"n":"창동","g":"kr","m":1},"geometry":{"type":"Point","coordinates":[127.04798,37.6526]}},{"type":"Feature","properties":{"n":"방학","g":"kr","m":1},"geometry":{"type":"Point","coordinates":[127.0443,37.66769]}},{"type":"Feature","properties":{"n":"가능","g":"kr","m":1},"geometry":{"type":"Point","coordinates":[127.04436,37.74832]}},{"type":"Feature","properties":{"n":"회룡","g":"kr","m":1},"geometry":{"type":"Point","coordinates":[127.04738,37.72495]}},{"type":"Feature","properties":{"n":"망월사","g":"kr","m":1},"geometry":{"type":"Point","coordinates":[127.0474,37.71025]}},{"type":"Feature","properties":{"n":"덕정","g":"kr","m":1},"geometry":{"type":"Point","coordinates":[127.06155,37.84345]}},{"type":"Feature","properties":{"n":"덕계","g":"kr","m":1},"geometry":{"type":"Point","coordinates":[127.05665,37.81864]}},{"type":"Feature","properties":{"n":"양주","g":"kr","m":1},"geometry":{"type":"Point","coordinates":[127.04476,37.7742]}},{"type":"Feature","properties":{"n":"녹양","g":"kr","m":1},"geometry":{"type":"Point","coordinates":[127.04234,37.75944]}},{"type":"Feature","properties":{"n":"동두천","g":"kr","m":1},"geometry":{"type":"Point","coordinates":[127.05478,37.92783]}},{"type":"Feature","properties":{"n":"보산","g":"kr","m":1},"geometry":{"type":"Point","coordinates":[127.05725,37.91415]}},{"type":"Feature","properties":{"n":"동두천중앙","g":"kr","m":1},"geometry":{"type":"Point","coordinates":[127.05654,37.90181]}},{"type":"Feature","properties":{"n":"오류동","g":"kr","m":1},"geometry":{"type":"Point","coordinates":[126.84454,37.49435]}},{"type":"Feature","properties":{"n":"개봉","g":"kr","m":1},"geometry":{"type":"Point","coordinates":[126.85875,37.49459]}},{"type":"Feature","properties":{"n":"구일","g":"kr","m":1},"geometry":{"type":"Point","coordinates":[126.86971,37.49621]}},{"type":"Feature","properties":{"n":"소요산","g":"kr","m":1},"geometry":{"type":"Point","coordinates":[127.06082,37.948]}},{"type":"Feature","properties":{"n":"중동","g":"kr","m":1},"geometry":{"type":"Point","coordinates":[126.76397,37.48678]}},{"type":"Feature","properties":{"n":"송내","g":"kr","m":1},"geometry":{"type":"Point","coordinates":[126.75288,37.4877]}},{"type":"Feature","properties":{"n":"부평","g":"kr","m":1},"geometry":{"type":"Point","coordinates":[126.72456,37.48945]}},{"type":"Feature","properties":{"n":"소사","g":"kr","m":1},"geometry":{"type":"Point","coordinates":[126.79559,37.48277]}},{"type":"Feature","properties":{"n":"부천","g":"kr","m":1},"geometry":{"type":"Point","coordinates":[126.78273,37.48411]}},{"type":"Feature","properties":{"n":"도화","g":"kr","m":1},"geometry":{"type":"Point","coordinates":[126.66826,37.46612]}},{"type":"Feature","properties":{"n":"제물포","g":"kr","m":1},"geometry":{"type":"Point","coordinates":[126.65698,37.46681]}},{"type":"Feature","properties":{"n":"도원","g":"kr","m":1},"geometry":{"type":"Point","coordinates":[126.6424,37.46883]}},{"type":"Feature","properties":{"n":"백운","g":"kr","m":1},"geometry":{"type":"Point","coordinates":[126.70711,37.48312]}},{"type":"Feature","properties":{"n":"동암","g":"kr","m":1},"geometry":{"type":"Point","coordinates":[126.70288,37.47105]}},{"type":"Feature","properties":{"n":"주안","g":"kr","m":1},"geometry":{"type":"Point","coordinates":[126.68063,37.46508]}},{"type":"Feature","properties":{"n":"과천","g":"kr","m":1},"geometry":{"type":"Point","coordinates":[126.99696,37.43307]}},{"type":"Feature","properties":{"n":"경마공원","g":"kr","m":1},"geometry":{"type":"Point","coordinates":[127.0079,37.44376]}},{"type":"Feature","properties":{"n":"일원","g":"kr","m":1},"geometry":{"type":"Point","coordinates":[127.08438,37.48369]}},{"type":"Feature","properties":{"n":"상록수","g":"kr","m":1},"geometry":{"type":"Point","coordinates":[126.86678,37.30281]}},{"type":"Feature","properties":{"n":"금정","g":"kr","m":1},"geometry":{"type":"Point","coordinates":[126.9434,37.37231]}},{"type":"Feature","properties":{"n":"평촌","g":"kr","m":1},"geometry":{"type":"Point","coordinates":[126.96388,37.39429]}},{"type":"Feature","properties":{"n":"산본","g":"kr","m":1},"geometry":{"type":"Point","coordinates":[126.9331,37.35807]}},{"type":"Feature","properties":{"n":"양원","g":"kr"},"geometry":{"type":"Point","coordinates":[127.10793,37.60658]}},{"type":"Feature","properties":{"n":"구리","g":"kr"},"geometry":{"type":"Point","coordinates":[127.14337,37.60325]}},{"type":"Feature","properties":{"n":"한남","g":"kr"},"geometry":{"type":"Point","coordinates":[127.00924,37.52945]}},{"type":"Feature","properties":{"n":"대전","g":"kr"},"geometry":{"type":"Point","coordinates":[127.43465,36.33225]}},{"type":"Feature","properties":{"n":"시청","g":"kr","m":1},"geometry":{"type":"Point","coordinates":[129.07652,35.17975]}},{"type":"Feature","properties":{"n":"양정","g":"kr","m":1},"geometry":{"type":"Point","coordinates":[129.0713,35.17316]}},{"type":"Feature","properties":{"n":"부전","g":"kr","m":1},"geometry":{"type":"Point","coordinates":[129.06294,35.1626]}},{"type":"Feature","properties":{"n":"범내골","g":"kr","m":1},"geometry":{"type":"Point","coordinates":[129.0592,35.1474]}},{"type":"Feature","properties":{"n":"범일","g":"kr","m":1},"geometry":{"type":"Point","coordinates":[129.05937,35.14095]}},{"type":"Feature","properties":{"n":"좌천","g":"kr","m":1},"geometry":{"type":"Point","coordinates":[129.05435,35.13434]}},{"type":"Feature","properties":{"n":"장전","g":"kr","m":1},"geometry":{"type":"Point","coordinates":[129.0881,35.23821]}},{"type":"Feature","properties":{"n":"노포","g":"kr","m":1},"geometry":{"type":"Point","coordinates":[129.09511,35.28397]}},{"type":"Feature","properties":{"n":"범어사","g":"kr","m":1},"geometry":{"type":"Point","coordinates":[129.09267,35.2731]}},{"type":"Feature","properties":{"n":"덕포","g":"kr","m":1},"geometry":{"type":"Point","coordinates":[128.98397,35.17387]}},{"type":"Feature","properties":{"n":"사상","g":"kr"},"geometry":{"type":"Point","coordinates":[128.989,35.16249]}},{"type":"Feature","properties":{"n":"모라","g":"kr","m":1},"geometry":{"type":"Point","coordinates":[128.98842,35.1893]}},{"type":"Feature","properties":{"n":"모덕","g":"kr","m":1},"geometry":{"type":"Point","coordinates":[128.98556,35.18037]}},{"type":"Feature","properties":{"n":"구명","g":"kr","m":1},"geometry":{"type":"Point","coordinates":[128.99952,35.2028]}},{"type":"Feature","properties":{"n":"덕천","g":"kr","m":1},"geometry":{"type":"Point","coordinates":[129.00533,35.21004]}},{"type":"Feature","properties":{"n":"율리","g":"kr","m":1},"geometry":{"type":"Point","coordinates":[129.01286,35.24647]}},{"type":"Feature","properties":{"n":"금곡","g":"kr","m":1},"geometry":{"type":"Point","coordinates":[129.01689,35.26738]}},{"type":"Feature","properties":{"n":"동원","g":"kr","m":1},"geometry":{"type":"Point","coordinates":[129.01243,35.25861]}},{"type":"Feature","properties":{"n":"증산","g":"kr","m":1},"geometry":{"type":"Point","coordinates":[129.01023,35.30832]}},{"type":"Feature","properties":{"n":"호포","g":"kr","m":1},"geometry":{"type":"Point","coordinates":[129.01744,35.28112]}},{"type":"Feature","properties":{"n":"남양산","g":"kr","m":1},"geometry":{"type":"Point","coordinates":[129.01936,35.3254]}},{"type":"Feature","properties":{"n":"부산대양산캠퍼스","g":"kr","m":1},"geometry":{"type":"Point","coordinates":[129.01394,35.31692]}},{"type":"Feature","properties":{"n":"양산","g":"kr","m":1},"geometry":{"type":"Point","coordinates":[129.0264,35.33874]}},{"type":"Feature","properties":{"n":"하단","g":"kr","m":1},"geometry":{"type":"Point","coordinates":[128.96676,35.10623]}},{"type":"Feature","properties":{"n":"당리","g":"kr","m":1},"geometry":{"type":"Point","coordinates":[128.97383,35.10348]}},{"type":"Feature","properties":{"n":"사하","g":"kr","m":1},"geometry":{"type":"Point","coordinates":[128.98309,35.09984]}},{"type":"Feature","properties":{"n":"괴정","g":"kr","m":1},"geometry":{"type":"Point","coordinates":[128.99286,35.09993]}},{"type":"Feature","properties":{"n":"대티","g":"kr","m":1},"geometry":{"type":"Point","coordinates":[128.99994,35.10315]}},{"type":"Feature","properties":{"n":"서대신","g":"kr","m":1},"geometry":{"type":"Point","coordinates":[129.01204,35.11086]}},{"type":"Feature","properties":{"n":"동대신","g":"kr","m":1},"geometry":{"type":"Point","coordinates":[129.01776,35.11035]}},{"type":"Feature","properties":{"n":"토성","g":"kr","m":1},"geometry":{"type":"Point","coordinates":[129.01984,35.10076]}},{"type":"Feature","properties":{"n":"자갈치","g":"kr","m":1},"geometry":{"type":"Point","coordinates":[129.02677,35.09735]}},{"type":"Feature","properties":{"n":"남포","g":"kr","m":1},"geometry":{"type":"Point","coordinates":[129.03495,35.09792]}},{"type":"Feature","properties":{"n":"중앙","g":"kr","m":1},"geometry":{"type":"Point","coordinates":[129.03633,35.10384]}},{"type":"Feature","properties":{"n":"초량","g":"kr","m":1},"geometry":{"type":"Point","coordinates":[129.04297,35.1212]}},{"type":"Feature","properties":{"n":"부산진","g":"kr","m":1},"geometry":{"type":"Point","coordinates":[129.04922,35.12903]}},{"type":"Feature","properties":{"n":"벡스코","g":"kr","m":1},"geometry":{"type":"Point","coordinates":[129.13875,35.16889]}},{"type":"Feature","properties":{"n":"민락","g":"kr","m":1},"geometry":{"type":"Point","coordinates":[129.12172,35.16739]}},{"type":"Feature","properties":{"n":"개금","g":"kr","m":1},"geometry":{"type":"Point","coordinates":[129.02046,35.15325]}},{"type":"Feature","properties":{"n":"물만골","g":"kr","m":1},"geometry":{"type":"Point","coordinates":[129.08584,35.17664]}},{"type":"Feature","properties":{"n":"배산","g":"kr","m":1},"geometry":{"type":"Point","coordinates":[129.09575,35.17347]}},{"type":"Feature","properties":{"n":"망미","g":"kr","m":1},"geometry":{"type":"Point","coordinates":[129.10752,35.17175]}},{"type":"Feature","properties":{"n":"정선","g":"kr"},"geometry":{"type":"Point","coordinates":[128.67263,37.38795]}},{"type":"Feature","properties":{"n":"사북","g":"kr"},"geometry":{"type":"Point","coordinates":[128.81703,37.22617]}},{"type":"Feature","properties":{"n":"경산","g":"kr","m":1},"geometry":{"type":"Point","coordinates":[128.72761,35.81933]}},{"type":"Feature","properties":{"n":"충주","g":"kr"},"geometry":{"type":"Point","coordinates":[127.90807,36.97526]}},{"type":"Feature","properties":{"n":"연천","g":"kr","m":1},"geometry":{"type":"Point","coordinates":[127.07372,38.10073]}},{"type":"Feature","properties":{"n":"삼례","g":"kr"},"geometry":{"type":"Point","coordinates":[127.06595,35.90391]}},{"type":"Feature","properties":{"n":"천안","g":"kr"},"geometry":{"type":"Point","coordinates":[127.14684,36.81028]}},{"type":"Feature","properties":{"n":"도라산","g":"kr"},"geometry":{"type":"Point","coordinates":[126.70916,37.89839]}},{"type":"Feature","properties":{"n":"성환","g":"kr","m":1},"geometry":{"type":"Point","coordinates":[127.12689,36.91598]}},{"type":"Feature","properties":{"n":"김천","g":"kr"},"geometry":{"type":"Point","coordinates":[128.11503,36.12384]}},{"type":"Feature","properties":{"n":"전주","g":"kr"},"geometry":{"type":"Point","coordinates":[127.16236,35.85005]}},{"type":"Feature","properties":{"n":"일산","g":"kr"},"geometry":{"type":"Point","coordinates":[126.7695,37.68222]}},{"type":"Feature","properties":{"n":"수색","g":"kr"},"geometry":{"type":"Point","coordinates":[126.89555,37.58076]}},{"type":"Feature","properties":{"n":"옥천","g":"kr"},"geometry":{"type":"Point","coordinates":[127.56535,36.29775]}},{"type":"Feature","properties":{"n":"고한","g":"kr"},"geometry":{"type":"Point","coordinates":[128.85298,37.20084]}},{"type":"Feature","properties":{"n":"김제","g":"kr"},"geometry":{"type":"Point","coordinates":[126.90422,35.79316]}},{"type":"Feature","properties":{"n":"대광리","g":"kr"},"geometry":{"type":"Point","coordinates":[127.10852,38.18499]}},{"type":"Feature","properties":{"n":"명봉","g":"kr"},"geometry":{"type":"Point","coordinates":[127.07552,34.82774]}},{"type":"Feature","properties":{"n":"서도","g":"kr"},"geometry":{"type":"Point","coordinates":[127.3309,35.49202]}},{"type":"Feature","properties":{"n":"신기","g":"kr"},"geometry":{"type":"Point","coordinates":[129.08521,37.34611]}},{"type":"Feature","properties":{"n":"신탄리","g":"kr"},"geometry":{"type":"Point","coordinates":[127.13949,38.21278]}},{"type":"Feature","properties":{"n":"영동","g":"kr"},"geometry":{"type":"Point","coordinates":[127.78581,36.17267]}},{"type":"Feature","properties":{"n":"입석리","g":"kr"},"geometry":{"type":"Point","coordinates":[128.29833,37.19864]}},{"type":"Feature","properties":{"n":"주생","g":"kr"},"geometry":{"type":"Point","coordinates":[127.31701,35.37673]}},{"type":"Feature","properties":{"n":"증평","g":"kr"},"geometry":{"type":"Point","coordinates":[127.58397,36.77805]}},{"type":"Feature","properties":{"n":"황간","g":"kr"},"geometry":{"type":"Point","coordinates":[127.91225,36.22431]}},{"type":"Feature","properties":{"n":"연산","g":"kr"},"geometry":{"type":"Point","coordinates":[127.20093,36.21196]}},{"type":"Feature","properties":{"n":"남원","g":"kr"},"geometry":{"type":"Point","coordinates":[127.36133,35.41125]}},{"type":"Feature","properties":{"n":"백양사","g":"kr"},"geometry":{"type":"Point","coordinates":[126.80776,35.43172]}},{"type":"Feature","properties":{"n":"태화강","g":"kr"},"geometry":{"type":"Point","coordinates":[129.35401,35.53881]}},{"type":"Feature","properties":{"n":"판교","g":"kr"},"geometry":{"type":"Point","coordinates":[126.67943,36.15542]}},{"type":"Feature","properties":{"n":"왜관","g":"kr","m":1},"geometry":{"type":"Point","coordinates":[128.40048,35.99205]}},{"type":"Feature","properties":{"n":"군산","g":"kr"},"geometry":{"type":"Point","coordinates":[126.7603,35.99936]}},{"type":"Feature","properties":{"n":"영월역","g":"kr"},"geometry":{"type":"Point","coordinates":[128.48093,37.18217]}},{"type":"Feature","properties":{"n":"도계","g":"kr"},"geometry":{"type":"Point","coordinates":[129.04429,37.22939]}},{"type":"Feature","properties":{"n":"용문","g":"kr"},"geometry":{"type":"Point","coordinates":[127.59465,37.48223]}},{"type":"Feature","properties":{"n":"밀양","g":"kr"},"geometry":{"type":"Point","coordinates":[128.77142,35.47485]}},{"type":"Feature","properties":{"n":"철암","g":"kr"},"geometry":{"type":"Point","coordinates":[129.03629,37.11308]}},{"type":"Feature","properties":{"n":"강경","g":"kr"},"geometry":{"type":"Point","coordinates":[127.01727,36.15484]}},{"type":"Feature","properties":{"n":"거제해맞이","g":"kr"},"geometry":{"type":"Point","coordinates":[129.06909,35.18141]}},{"type":"Feature","properties":{"n":"광천","g":"kr"},"geometry":{"type":"Point","coordinates":[126.62256,36.50186]}},{"type":"Feature","properties":{"n":"남창","g":"kr"},"geometry":{"type":"Point","coordinates":[129.28247,35.41927]}},{"type":"Feature","properties":{"n":"내수","g":"kr"},"geometry":{"type":"Point","coordinates":[127.53579,36.72845]}},{"type":"Feature","properties":{"n":"달천","g":"kr"},"geometry":{"type":"Point","coordinates":[127.87989,36.9607]}},{"type":"Feature","properties":{"n":"도안","g":"kr"},"geometry":{"type":"Point","coordinates":[127.61382,36.81405]}},{"type":"Feature","properties":{"n":"동해","g":"kr"},"geometry":{"type":"Point","coordinates":[129.1226,37.49758]}},{"type":"Feature","properties":{"n":"목행","g":"kr"},"geometry":{"type":"Point","coordinates":[127.93272,37.0167]}},{"type":"Feature","properties":{"n":"물금","g":"kr"},"geometry":{"type":"Point","coordinates":[128.98539,35.30664]}},{"type":"Feature","properties":{"n":"벌교","g":"kr"},"geometry":{"type":"Point","coordinates":[127.34558,34.84177]}},{"type":"Feature","properties":{"n":"범일","g":"kr"},"geometry":{"type":"Point","coordinates":[129.05751,35.14511]}},{"type":"Feature","properties":{"n":"봉양","g":"kr"},"geometry":{"type":"Point","coordinates":[128.12981,37.1304]}},{"type":"Feature","properties":{"n":"삽교","g":"kr"},"geometry":{"type":"Point","coordinates":[126.75153,36.67982]}},{"type":"Feature","properties":{"n":"삼척","g":"kr"},"geometry":{"type":"Point","coordinates":[129.17878,37.42983]}},{"type":"Feature","properties":{"n":"석포","g":"kr"},"geometry":{"type":"Point","coordinates":[129.06074,37.04545]}},{"type":"Feature","properties":{"n":"석항","g":"kr"},"geometry":{"type":"Point","coordinates":[128.62056,37.19727]}},{"type":"Feature","properties":{"n":"소이","g":"kr"},"geometry":{"type":"Point","coordinates":[127.75649,36.92266]}},{"type":"Feature","properties":{"n":"신동","g":"kr"},"geometry":{"type":"Point","coordinates":[128.48611,35.95544]}},{"type":"Feature","properties":{"n":"신례원","g":"kr"},"geometry":{"type":"Point","coordinates":[126.84957,36.72715]}},{"type":"Feature","properties":{"n":"신태인","g":"kr"},"geometry":{"type":"Point","coordinates":[126.88413,35.68773]}},{"type":"Feature","properties":{"n":"어등","g":"kr"},"geometry":{"type":"Point","coordinates":[128.56009,36.71542]}},{"type":"Feature","properties":{"n":"영천","g":"kr"},"geometry":{"type":"Point","coordinates":[128.93889,35.95905]}},{"type":"Feature","properties":{"n":"예미","g":"kr"},"geometry":{"type":"Point","coordinates":[128.64833,37.21245]}},{"type":"Feature","properties":{"n":"예당","g":"kr"},"geometry":{"type":"Point","coordinates":[127.20229,34.77863]}},{"type":"Feature","properties":{"n":"예천","g":"kr"},"geometry":{"type":"Point","coordinates":[128.44369,36.64732]}},{"type":"Feature","properties":{"n":"오수","g":"kr"},"geometry":{"type":"Point","coordinates":[127.3204,35.54308]}},{"type":"Feature","properties":{"n":"완사","g":"kr"},"geometry":{"type":"Point","coordinates":[127.97717,35.13461]}},{"type":"Feature","properties":{"n":"원동","g":"kr"},"geometry":{"type":"Point","coordinates":[128.9208,35.36242]}},{"type":"Feature","properties":{"n":"원창","g":"kr"},"geometry":{"type":"Point","coordinates":[127.4473,34.86489]}},{"type":"Feature","properties":{"n":"의성","g":"kr"},"geometry":{"type":"Point","coordinates":[128.69313,36.35336]}},{"type":"Feature","properties":{"n":"이원","g":"kr"},"geometry":{"type":"Point","coordinates":[127.61865,36.24399]}},{"type":"Feature","properties":{"n":"장항","g":"kr"},"geometry":{"type":"Point","coordinates":[126.71538,36.04003]}},{"type":"Feature","properties":{"n":"전곡","g":"kr","m":1},"geometry":{"type":"Point","coordinates":[127.07186,38.0246]}},{"type":"Feature","properties":{"n":"주포","g":"kr"},"geometry":{"type":"Point","coordinates":[126.57182,36.41102]}},{"type":"Feature","properties":{"n":"청리","g":"kr"},"geometry":{"type":"Point","coordinates":[128.12888,36.33909]}},{"type":"Feature","properties":{"n":"청천","g":"kr"},"geometry":{"type":"Point","coordinates":[128.76942,35.88088]}},{"type":"Feature","properties":{"n":"추전","g":"kr"},"geometry":{"type":"Point","coordinates":[128.94943,37.20003]}},{"type":"Feature","properties":{"n":"함열","g":"kr"},"geometry":{"type":"Point","coordinates":[126.95657,36.08017]}},{"type":"Feature","properties":{"n":"함창","g":"kr"},"geometry":{"type":"Point","coordinates":[128.17492,36.5696]}},{"type":"Feature","properties":{"n":"현동","g":"kr"},"geometry":{"type":"Point","coordinates":[129.01231,36.93742]}},{"type":"Feature","properties":{"n":"구포","g":"kr"},"geometry":{"type":"Point","coordinates":[128.9973,35.20531]}},{"type":"Feature","properties":{"n":"계룡","g":"kr"},"geometry":{"type":"Point","coordinates":[127.26653,36.27241]}},{"type":"Feature","properties":{"n":"석불","g":"kr"},"geometry":{"type":"Point","coordinates":[127.65494,37.45997]}},{"type":"Feature","properties":{"n":"남평","g":"kr"},"geometry":{"type":"Point","coordinates":[126.87197,35.05698]}},{"type":"Feature","properties":{"n":"신탄진","g":"kr"},"geometry":{"type":"Point","coordinates":[127.42817,36.44963]}},{"type":"Feature","properties":{"n":"압록","g":"kr"},"geometry":{"type":"Point","coordinates":[127.37393,35.19768]}},{"type":"Feature","properties":{"n":"오송","g":"kr"},"geometry":{"type":"Point","coordinates":[127.32736,36.62023]}},{"type":"Feature","properties":{"n":"이양","g":"kr"},"geometry":{"type":"Point","coordinates":[126.98987,34.89155]}},{"type":"Feature","properties":{"n":"지평","g":"kr"},"geometry":{"type":"Point","coordinates":[127.62907,37.47681]}},{"type":"Feature","properties":{"n":"연당","g":"kr"},"geometry":{"type":"Point","coordinates":[128.39608,37.18499]}},{"type":"Feature","properties":{"n":"묵호항","g":"kr"},"geometry":{"type":"Point","coordinates":[129.11203,37.53985]}},{"type":"Feature","properties":{"n":"묵호","g":"kr"},"geometry":{"type":"Point","coordinates":[129.10821,37.54618]}},{"type":"Feature","properties":{"n":"일영","g":"kr"},"geometry":{"type":"Point","coordinates":[126.92897,37.70057]}},{"type":"Feature","properties":{"n":"월롱","g":"kr"},"geometry":{"type":"Point","coordinates":[126.79257,37.79625]}},{"type":"Feature","properties":{"n":"지천","g":"kr"},"geometry":{"type":"Point","coordinates":[128.50018,35.8974]}},{"type":"Feature","properties":{"n":"효천","g":"kr"},"geometry":{"type":"Point","coordinates":[126.87705,35.10297]}},{"type":"Feature","properties":{"n":"연무대","g":"kr"},"geometry":{"type":"Point","coordinates":[127.0879,36.12429]}},{"type":"Feature","properties":{"n":"도고온천","g":"kr"},"geometry":{"type":"Point","coordinates":[126.88955,36.74954]}},{"type":"Feature","properties":{"n":"청주","g":"kr"},"geometry":{"type":"Point","coordinates":[127.39236,36.64711]}},{"type":"Feature","properties":{"n":"추풍령","g":"kr"},"geometry":{"type":"Point","coordinates":[127.99639,36.21281]}},{"type":"Feature","properties":{"n":"파주","g":"kr"},"geometry":{"type":"Point","coordinates":[126.79243,37.81506]}},{"type":"Feature","properties":{"n":"망포","g":"kr","m":1},"geometry":{"type":"Point","coordinates":[127.0569,37.24576]}},{"type":"Feature","properties":{"n":"영주","g":"kr"},"geometry":{"type":"Point","coordinates":[128.62558,36.81094]}},{"type":"Feature","properties":{"n":"매표소승강장","g":"kr"},"geometry":{"type":"Point","coordinates":[129.0122,37.32245]}},{"type":"Feature","properties":{"n":"하부승강장","g":"kr"},"geometry":{"type":"Point","coordinates":[129.01816,37.32331]}},{"type":"Feature","properties":{"n":"임실","g":"kr"},"geometry":{"type":"Point","coordinates":[127.29021,35.63319]}},{"type":"Feature","properties":{"n":"쌍용","g":"kr","m":1},"geometry":{"type":"Point","coordinates":[127.12129,36.79372]}},{"type":"Feature","properties":{"n":"원덕","g":"kr"},"geometry":{"type":"Point","coordinates":[127.54687,37.46877]}},{"type":"Feature","properties":{"n":"아산","g":"kr"},"geometry":{"type":"Point","coordinates":[127.10445,36.7921]}},{"type":"Feature","properties":{"n":"여천","g":"kr"},"geometry":{"type":"Point","coordinates":[127.66445,34.77946]}},{"type":"Feature","properties":{"n":"배방","g":"kr","m":1},"geometry":{"type":"Point","coordinates":[127.05299,36.7777]}},{"type":"Feature","properties":{"n":"대저","g":"kr","m":1},"geometry":{"type":"Point","coordinates":[128.96109,35.21334]}},{"type":"Feature","properties":{"n":"구포","g":"kr","m":1},"geometry":{"type":"Point","coordinates":[128.99635,35.20669]}},{"type":"Feature","properties":{"n":"중랑","g":"kr"},"geometry":{"type":"Point","coordinates":[127.07631,37.59498]}},{"type":"Feature","properties":{"n":"문산","g":"kr"},"geometry":{"type":"Point","coordinates":[126.7879,37.85445]}},{"type":"Feature","properties":{"n":"울산","g":"kr"},"geometry":{"type":"Point","coordinates":[129.13793,35.55131]}},{"type":"Feature","properties":{"n":"좌천","g":"kr"},"geometry":{"type":"Point","coordinates":[129.24513,35.31183]}},{"type":"Feature","properties":{"n":"한림정","g":"kr"},"geometry":{"type":"Point","coordinates":[128.80422,35.32312]}},{"type":"Feature","properties":{"n":"진영","g":"kr"},"geometry":{"type":"Point","coordinates":[128.77355,35.29875]}},{"type":"Feature","properties":{"n":"진례","g":"kr"},"geometry":{"type":"Point","coordinates":[128.763,35.26651]}},{"type":"Feature","properties":{"n":"당정","g":"kr","m":1},"geometry":{"type":"Point","coordinates":[126.94836,37.34343]}},{"type":"Feature","properties":{"n":"금사","g":"kr","m":1},"geometry":{"type":"Point","coordinates":[129.11531,35.21576]}},{"type":"Feature","properties":{"n":"서동","g":"kr","m":1},"geometry":{"type":"Point","coordinates":[129.10751,35.21305]}},{"type":"Feature","properties":{"n":"충렬사","g":"kr","m":1},"geometry":{"type":"Point","coordinates":[129.09765,35.19972]}},{"type":"Feature","properties":{"n":"동래","g":"kr","m":1},"geometry":{"type":"Point","coordinates":[129.07736,35.20465]}},{"type":"Feature","properties":{"n":"영산대","g":"kr","m":1},"geometry":{"type":"Point","coordinates":[129.14612,35.22562]}},{"type":"Feature","properties":{"n":"고촌","g":"kr","m":1},"geometry":{"type":"Point","coordinates":[129.1605,35.23609]}},{"type":"Feature","properties":{"n":"수안","g":"kr","m":1},"geometry":{"type":"Point","coordinates":[129.08392,35.2018]}},{"type":"Feature","properties":{"n":"화명","g":"kr"},"geometry":{"type":"Point","coordinates":[129.00763,35.23446]}},{"type":"Feature","properties":{"n":"화명","g":"kr","m":1},"geometry":{"type":"Point","coordinates":[129.01378,35.23525]}},{"type":"Feature","properties":{"n":"부산역","g":"kr","m":1},"geometry":{"type":"Point","coordinates":[129.0399,35.11573]}},{"type":"Feature","properties":{"n":"망우","g":"kr"},"geometry":{"type":"Point","coordinates":[127.09186,37.59963]}},{"type":"Feature","properties":{"n":"경기도청북부청사","g":"kr","m":1},"geometry":{"type":"Point","coordinates":[127.07162,37.75072]}},{"type":"Feature","properties":{"n":"흥선","g":"kr","m":1},"geometry":{"type":"Point","coordinates":[127.0372,37.74329]}},{"type":"Feature","properties":{"n":"경전철의정부","g":"kr","m":1},"geometry":{"type":"Point","coordinates":[127.0433,37.73727]}},{"type":"Feature","properties":{"n":"의정부중앙","g":"kr","m":1},"geometry":{"type":"Point","coordinates":[127.04976,37.74369]}},{"type":"Feature","properties":{"n":"동오","g":"kr","m":1},"geometry":{"type":"Point","coordinates":[127.057,37.74524]}},{"type":"Feature","properties":{"n":"발곡","g":"kr","m":1},"geometry":{"type":"Point","coordinates":[127.05295,37.72701]}},{"type":"Feature","properties":{"n":"곤제","g":"kr","m":1},"geometry":{"type":"Point","coordinates":[127.08383,37.75053]}},{"type":"Feature","properties":{"n":"범골","g":"kr","m":1},"geometry":{"type":"Point","coordinates":[127.04368,37.72877]}},{"type":"Feature","properties":{"n":"새말","g":"kr","m":1},"geometry":{"type":"Point","coordinates":[127.06378,37.74885]}},{"type":"Feature","properties":{"n":"탑석","g":"kr","m":1},"geometry":{"type":"Point","coordinates":[127.08894,37.73353]}},{"type":"Feature","properties":{"n":"어룡","g":"kr","m":1},"geometry":{"type":"Point","coordinates":[127.08522,37.74268]}},{"type":"Feature","properties":{"n":"국회의사당","g":"kr","m":1},"geometry":{"type":"Point","coordinates":[126.91796,37.52802]}},{"type":"Feature","properties":{"n":"금강","g":"kr"},"geometry":{"type":"Point","coordinates":[128.73739,35.86249]}},{"type":"Feature","properties":{"n":"구성","g":"kr"},"geometry":{"type":"Point","coordinates":[127.10575,37.29901]}},{"type":"Feature","properties":{"n":"봉화","g":"kr"},"geometry":{"type":"Point","coordinates":[128.72544,36.89149]}},{"type":"Feature","properties":{"n":"분천","g":"kr"},"geometry":{"type":"Point","coordinates":[129.05783,36.93255]}},{"type":"Feature","properties":{"n":"춘양","g":"kr"},"geometry":{"type":"Point","coordinates":[128.92024,36.93756]}},{"type":"Feature","properties":{"n":"임기","g":"kr"},"geometry":{"type":"Point","coordinates":[128.99905,36.90395]}},{"type":"Feature","properties":{"n":"신갈","g":"kr"},"geometry":{"type":"Point","coordinates":[127.11138,37.28615]}},{"type":"Feature","properties":{"n":"백마고지","g":"kr"},"geometry":{"type":"Point","coordinates":[127.16603,38.25753]}},{"type":"Feature","properties":{"n":"봉명","g":"kr","m":1},"geometry":{"type":"Point","coordinates":[127.13586,36.8013]}},{"type":"Feature","properties":{"n":"노들","g":"kr","m":1},"geometry":{"type":"Point","coordinates":[126.95355,37.51297]}},{"type":"Feature","properties":{"n":"신설동","g":"kr","m":1},"geometry":{"type":"Point","coordinates":[127.02467,37.57605]}},{"type":"Feature","properties":{"n":"한국항공대","g":"kr"},"geometry":{"type":"Point","coordinates":[126.8684,37.60278]}},{"type":"Feature","properties":{"n":"곡산","g":"kr"},"geometry":{"type":"Point","coordinates":[126.80181,37.64575]}},{"type":"Feature","properties":{"n":"백마","g":"kr"},"geometry":{"type":"Point","coordinates":[126.79448,37.65833]}},{"type":"Feature","properties":{"n":"임진강","g":"kr"},"geometry":{"type":"Point","coordinates":[126.74828,37.88826]}},{"type":"Feature","properties":{"n":"풍산","g":"kr"},"geometry":{"type":"Point","coordinates":[126.78624,37.67235]}},{"type":"Feature","properties":{"n":"용답","g":"kr","m":1},"geometry":{"type":"Point","coordinates":[127.05086,37.56209]}},{"type":"Feature","properties":{"n":"제진","g":"kr"},"geometry":{"type":"Point","coordinates":[128.3887,38.56756]}},{"type":"Feature","properties":{"n":"신촌","g":"kr"},"geometry":{"type":"Point","coordinates":[126.94236,37.55978]}},{"type":"Feature","properties":{"n":"수서","g":"kr","m":1},"geometry":{"type":"Point","coordinates":[127.10184,37.48742]}},{"type":"Feature","properties":{"n":"상무","g":"kr","m":1},"geometry":{"type":"Point","coordinates":[126.84865,35.14673]}},{"type":"Feature","properties":{"n":"국제업무지구","g":"kr","m":1},"geometry":{"type":"Point","coordinates":[126.63041,37.39979]}},{"type":"Feature","properties":{"n":"백양리","g":"kr"},"geometry":{"type":"Point","coordinates":[127.58917,37.83078]}},{"type":"Feature","properties":{"n":"강촌","g":"kr"},"geometry":{"type":"Point","coordinates":[127.63413,37.80571]}},{"type":"Feature","properties":{"n":"광명","g":"kr"},"geometry":{"type":"Point","coordinates":[126.8847,37.41638]}},{"type":"Feature","properties":{"n":"사릉","g":"kr"},"geometry":{"type":"Point","coordinates":[127.1769,37.6511]}},{"type":"Feature","properties":{"n":"계양","g":"kr","m":1},"geometry":{"type":"Point","coordinates":[126.73586,37.5715]}},{"type":"Feature","properties":{"n":"계양","g":"kr"},"geometry":{"type":"Point","coordinates":[126.73631,37.57177]}},{"type":"Feature","properties":{"n":"귤현","g":"kr","m":1},"geometry":{"type":"Point","coordinates":[126.74266,37.56635]}},{"type":"Feature","properties":{"n":"동인천","g":"kr","m":1},"geometry":{"type":"Point","coordinates":[126.63306,37.47513]}},{"type":"Feature","properties":{"n":"간석","g":"kr","m":1},"geometry":{"type":"Point","coordinates":[126.69353,37.46473]}},{"type":"Feature","properties":{"n":"운서","g":"kr"},"geometry":{"type":"Point","coordinates":[126.49381,37.49293]}},{"type":"Feature","properties":{"n":"부개","g":"kr","m":1},"geometry":{"type":"Point","coordinates":[126.74061,37.48849]}},{"type":"Feature","properties":{"n":"달월","g":"kr"},"geometry":{"type":"Point","coordinates":[126.74536,37.37998]}},{"type":"Feature","properties":{"n":"충정로","g":"kr","m":1},"geometry":{"type":"Point","coordinates":[126.96291,37.55937]}},{"type":"Feature","properties":{"n":"상동","g":"kr","m":1},"geometry":{"type":"Point","coordinates":[126.75317,37.50584]}},{"type":"Feature","properties":{"n":"서강대","g":"kr"},"geometry":{"type":"Point","coordinates":[126.93518,37.55235]}},{"type":"Feature","properties":{"n":"평택지제","g":"kr"},"geometry":{"type":"Point","coordinates":[127.07045,37.0188]}},{"type":"Feature","properties":{"n":"신창","g":"kr","m":1},"geometry":{"type":"Point","coordinates":[126.95182,36.76979]}},{"type":"Feature","properties":{"n":"청라국제도시","g":"kr"},"geometry":{"type":"Point","coordinates":[126.62469,37.55645]}},{"type":"Feature","properties":{"n":"대성리","g":"kr"},"geometry":{"type":"Point","coordinates":[127.37959,37.68385]}},{"type":"Feature","properties":{"n":"송산","g":"kr","m":1},"geometry":{"type":"Point","coordinates":[127.08725,37.73726]}},{"type":"Feature","properties":{"n":"종로5가","g":"kr","m":1},"geometry":{"type":"Point","coordinates":[127.00202,37.57099]}},{"type":"Feature","properties":{"n":"두정","g":"kr","m":1},"geometry":{"type":"Point","coordinates":[127.14894,36.83365]}},{"type":"Feature","properties":{"n":"진위","g":"kr","m":1},"geometry":{"type":"Point","coordinates":[127.06239,37.10999]}},{"type":"Feature","properties":{"n":"고속터미널","g":"kr","m":1},"geometry":{"type":"Point","coordinates":[127.00492,37.50504]}},{"type":"Feature","properties":{"n":"청량리","g":"kr"},"geometry":{"type":"Point","coordinates":[127.04826,37.5806]}},{"type":"Feature","properties":{"n":"공전","g":"kr"},"geometry":{"type":"Point","coordinates":[128.07797,37.10138]}},{"type":"Feature","properties":{"n":"칠곡경대병원","g":"kr","m":1},"geometry":{"type":"Point","coordinates":[128.55988,35.95838]}},{"type":"Feature","properties":{"n":"주덕","g":"kr"},"geometry":{"type":"Point","coordinates":[127.80284,36.97312]}},{"type":"Feature","properties":{"n":"음성","g":"kr"},"geometry":{"type":"Point","coordinates":[127.70394,36.92571]}},{"type":"Feature","properties":{"n":"양평레일바이크 종점","g":"kr"},"geometry":{"type":"Point","coordinates":[127.56155,37.47065]}},{"type":"Feature","properties":{"n":"봉은사","g":"kr","m":1},"geometry":{"type":"Point","coordinates":[127.06024,37.51419]}},{"type":"Feature","properties":{"n":"언주","g":"kr","m":1},"geometry":{"type":"Point","coordinates":[127.03387,37.50732]}},{"type":"Feature","properties":{"n":"삼성중앙","g":"kr","m":1},"geometry":{"type":"Point","coordinates":[127.05347,37.5131]}},{"type":"Feature","properties":{"n":"사평","g":"kr","m":1},"geometry":{"type":"Point","coordinates":[127.01514,37.5043]}},{"type":"Feature","properties":{"n":"선정릉","g":"kr","m":1},"geometry":{"type":"Point","coordinates":[127.04386,37.51025]}},{"type":"Feature","properties":{"n":"신논현","g":"kr","m":1},"geometry":{"type":"Point","coordinates":[127.02453,37.50432]}},{"type":"Feature","properties":{"n":"외대앞","g":"kr","m":1},"geometry":{"type":"Point","coordinates":[127.06374,37.59631]}},{"type":"Feature","properties":{"n":"제1터미널","g":"kr","m":1},"geometry":{"type":"Point","coordinates":[126.45045,37.44969]}},{"type":"Feature","properties":{"n":"구반포","g":"kr","m":1},"geometry":{"type":"Point","coordinates":[126.98678,37.50129]}},{"type":"Feature","properties":{"n":"흑석","g":"kr","m":1},"geometry":{"type":"Point","coordinates":[126.96395,37.50838]}},{"type":"Feature","properties":{"n":"신반포","g":"kr","m":1},"geometry":{"type":"Point","coordinates":[126.99642,37.5036]}},{"type":"Feature","properties":{"n":"조치원","g":"kr"},"geometry":{"type":"Point","coordinates":[127.29589,36.60102]}},{"type":"Feature","properties":{"n":"영종","g":"kr"},"geometry":{"type":"Point","coordinates":[126.5246,37.51189]}},{"type":"Feature","properties":{"n":"경주","g":"kr"},"geometry":{"type":"Point","coordinates":[129.13896,35.79827]}},{"type":"Feature","properties":{"n":"명륜","g":"kr","m":1},"geometry":{"type":"Point","coordinates":[129.07972,35.21265]}},{"type":"Feature","properties":{"n":"신연무대","g":"kr"},"geometry":{"type":"Point","coordinates":[127.0963,36.11605]}},{"type":"Feature","properties":{"n":"정동진","g":"kr"},"geometry":{"type":"Point","coordinates":[129.03251,37.69183]}},{"type":"Feature","properties":{"n":"추암","g":"kr"},"geometry":{"type":"Point","coordinates":[129.15734,37.4786]}},{"type":"Feature","properties":{"n":"삼척해변","g":"kr"},"geometry":{"type":"Point","coordinates":[129.16636,37.46822]}},{"type":"Feature","properties":{"n":"선착장","g":"kr"},"geometry":{"type":"Point","coordinates":[127.52661,37.79576]}},{"type":"Feature","properties":{"n":"중앙","g":"kr"},"geometry":{"type":"Point","coordinates":[127.52612,37.7897]}},{"type":"Feature","properties":{"n":"개포","g":"kr"},"geometry":{"type":"Point","coordinates":[128.32856,36.62694]}},{"type":"Feature","properties":{"n":"용궁","g":"kr"},"geometry":{"type":"Point","coordinates":[128.27342,36.60692]}},{"type":"Feature","properties":{"n":"쌍룡","g":"kr"},"geometry":{"type":"Point","coordinates":[128.32868,37.17423]}},{"type":"Feature","properties":{"n":"양동","g":"kr"},"geometry":{"type":"Point","coordinates":[127.75476,37.42027]}},{"type":"Feature","properties":{"n":"만종","g":"kr"},"geometry":{"type":"Point","coordinates":[127.89311,37.35395]}},{"type":"Feature","properties":{"n":"심천","g":"kr"},"geometry":{"type":"Point","coordinates":[127.72079,36.23683]}},{"type":"Feature","properties":{"n":"삼랑진","g":"kr"},"geometry":{"type":"Point","coordinates":[128.84387,35.39903]}},{"type":"Feature","properties":{"n":"남성현","g":"kr"},"geometry":{"type":"Point","coordinates":[128.71622,35.70483]}},{"type":"Feature","properties":{"n":"사곡","g":"kr","m":1},"geometry":{"type":"Point","coordinates":[128.35643,36.09837]}},{"type":"Feature","properties":{"n":"청주공항","g":"kr"},"geometry":{"type":"Point","coordinates":[127.48964,36.7218]}},{"type":"Feature","properties":{"n":"온천장","g":"kr","m":1},"geometry":{"type":"Point","coordinates":[129.08643,35.22024]}},{"type":"Feature","properties":{"n":"야당","g":"kr"},"geometry":{"type":"Point","coordinates":[126.76152,37.71297]}},{"type":"Feature","properties":{"n":"갈래호 승강장","g":"kr"},"geometry":{"type":"Point","coordinates":[128.85511,37.20113]}},{"type":"Feature","properties":{"n":"지행","g":"kr","m":1},"geometry":{"type":"Point","coordinates":[127.05581,37.89227]}},{"type":"Feature","properties":{"n":"능주","g":"kr"},"geometry":{"type":"Point","coordinates":[126.96427,34.98578]}},{"type":"Feature","properties":{"n":"추추스테이션","g":"kr"},"geometry":{"type":"Point","coordinates":[129.03929,37.18171]}},{"type":"Feature","properties":{"n":"삼산","g":"kr"},"geometry":{"type":"Point","coordinates":[127.77973,37.39228]}},{"type":"Feature","properties":{"n":"금지","g":"kr"},"geometry":{"type":"Point","coordinates":[127.29021,35.32928]}},{"type":"Feature","properties":{"n":"군북","g":"kr"},"geometry":{"type":"Point","coordinates":[128.35203,35.2521]}},{"type":"Feature","properties":{"n":"반성","g":"kr"},"geometry":{"type":"Point","coordinates":[128.25824,35.17481]}},{"type":"Feature","properties":{"n":"진주","g":"kr"},"geometry":{"type":"Point","coordinates":[128.11835,35.15012]}},{"type":"Feature","properties":{"n":"횡천","g":"kr"},"geometry":{"type":"Point","coordinates":[127.80168,35.09927]}},{"type":"Feature","properties":{"n":"구절리","g":"kr"},"geometry":{"type":"Point","coordinates":[128.72699,37.51663]}},{"type":"Feature","properties":{"n":"아우라지","g":"kr"},"geometry":{"type":"Point","coordinates":[128.72211,37.47287]}},{"type":"Feature","properties":{"n":"나전","g":"kr"},"geometry":{"type":"Point","coordinates":[128.66843,37.44978]}},{"type":"Feature","properties":{"n":"득량","g":"kr"},"geometry":{"type":"Point","coordinates":[127.17033,34.76119]}},{"type":"Feature","properties":{"n":"운정","g":"kr"},"geometry":{"type":"Point","coordinates":[126.76705,37.72533]}},{"type":"Feature","properties":{"n":"천안아산","g":"kr"},"geometry":{"type":"Point","coordinates":[127.1045,36.79438]}},{"type":"Feature","properties":{"n":"직산","g":"kr","m":1},"geometry":{"type":"Point","coordinates":[127.14391,36.87074]}},{"type":"Feature","properties":{"n":"신성","g":"kr"},"geometry":{"type":"Point","coordinates":[126.66241,36.56799]}},{"type":"Feature","properties":{"n":"청소","g":"kr"},"geometry":{"type":"Point","coordinates":[126.59078,36.44568]}},{"type":"Feature","properties":{"n":"원죽","g":"kr"},"geometry":{"type":"Point","coordinates":[126.61765,36.46671]}},{"type":"Feature","properties":{"n":"남포","g":"kr"},"geometry":{"type":"Point","coordinates":[126.59476,36.31559]}},{"type":"Feature","properties":{"n":"청령포","g":"kr"},"geometry":{"type":"Point","coordinates":[128.44968,37.17067]}},{"type":"Feature","properties":{"n":"탄부","g":"kr"},"geometry":{"type":"Point","coordinates":[128.50916,37.18336]}},{"type":"Feature","properties":{"n":"연하","g":"kr"},"geometry":{"type":"Point","coordinates":[128.55522,37.19076]}},{"type":"Feature","properties":{"n":"함백","g":"kr"},"geometry":{"type":"Point","coordinates":[128.69731,37.21598]}},{"type":"Feature","properties":{"n":"조동","g":"kr"},"geometry":{"type":"Point","coordinates":[128.69792,37.22774]}},{"type":"Feature","properties":{"n":"자미원","g":"kr"},"geometry":{"type":"Point","coordinates":[128.73368,37.23667]}},{"type":"Feature","properties":{"n":"민둥산","g":"kr"},"geometry":{"type":"Point","coordinates":[128.77364,37.24364]}},{"type":"Feature","properties":{"n":"괴목","g":"kr"},"geometry":{"type":"Point","coordinates":[127.42682,35.09537]}},{"type":"Feature","properties":{"n":"문곡","g":"kr"},"geometry":{"type":"Point","coordinates":[128.98986,37.15175]}},{"type":"Feature","properties":{"n":"별어곡","g":"kr"},"geometry":{"type":"Point","coordinates":[128.73974,37.26925]}},{"type":"Feature","properties":{"n":"선평","g":"kr"},"geometry":{"type":"Point","coordinates":[128.71268,37.32176]}},{"type":"Feature","properties":{"n":"승부","g":"kr"},"geometry":{"type":"Point","coordinates":[129.08387,36.99309]}},{"type":"Feature","properties":{"n":"양원","g":"kr"},"geometry":{"type":"Point","coordinates":[129.09139,36.96383]}},{"type":"Feature","properties":{"n":"백원","g":"kr"},"geometry":{"type":"Point","coordinates":[128.17434,36.48135]}},{"type":"Feature","properties":{"n":"옥산","g":"kr"},"geometry":{"type":"Point","coordinates":[128.09437,36.28291]}},{"type":"Feature","properties":{"n":"서원주","g":"kr"},"geometry":{"type":"Point","coordinates":[127.8394,37.34853]}},{"type":"Feature","properties":{"n":"의왕","g":"kr","m":1},"geometry":{"type":"Point","coordinates":[126.94803,37.321]}},{"type":"Feature","properties":{"n":"화서","g":"kr","m":1},"geometry":{"type":"Point","coordinates":[126.98961,37.28391]}},{"type":"Feature","properties":{"n":"수원","g":"kr"},"geometry":{"type":"Point","coordinates":[126.99991,37.26581]}},{"type":"Feature","properties":{"n":"세류","g":"kr","m":1},"geometry":{"type":"Point","coordinates":[127.01372,37.24411]}},{"type":"Feature","properties":{"n":"지탄","g":"kr"},"geometry":{"type":"Point","coordinates":[127.67589,36.24174]}},{"type":"Feature","properties":{"n":"평창","g":"kr"},"geometry":{"type":"Point","coordinates":[128.43003,37.56196]}},{"type":"Feature","properties":{"n":"둔내","g":"kr"},"geometry":{"type":"Point","coordinates":[128.22127,37.51002]}},{"type":"Feature","properties":{"n":"병점","g":"kr","m":1},"geometry":{"type":"Point","coordinates":[127.03313,37.20683]}},{"type":"Feature","properties":{"n":"대야미","g":"kr","m":1},"geometry":{"type":"Point","coordinates":[126.91686,37.32793]}},{"type":"Feature","properties":{"n":"재송","g":"kr"},"geometry":{"type":"Point","coordinates":[129.1201,35.18804]}},{"type":"Feature","properties":{"n":"녹동","g":"kr","m":1},"geometry":{"type":"Point","coordinates":[126.93399,35.10682]}},{"type":"Feature","properties":{"n":"청라언덕","g":"kr","m":1},"geometry":{"type":"Point","coordinates":[128.58234,35.86422]}},{"type":"Feature","properties":{"n":"괘법르네시떼","g":"kr","m":1},"geometry":{"type":"Point","coordinates":[128.97759,35.16328]}},{"type":"Feature","properties":{"n":"부원","g":"kr","m":1},"geometry":{"type":"Point","coordinates":[128.88388,35.22646]}},{"type":"Feature","properties":{"n":"장신대","g":"kr","m":1},"geometry":{"type":"Point","coordinates":[128.86725,35.25939]}},{"type":"Feature","properties":{"n":"등구","g":"kr","m":1},"geometry":{"type":"Point","coordinates":[128.9635,35.19616]}},{"type":"Feature","properties":{"n":"서부산유통지구","g":"kr","m":1},"geometry":{"type":"Point","coordinates":[128.95494,35.16639]}},{"type":"Feature","properties":{"n":"김해대학","g":"kr","m":1},"geometry":{"type":"Point","coordinates":[128.91555,35.229]}},{"type":"Feature","properties":{"n":"지내","g":"kr","m":1},"geometry":{"type":"Point","coordinates":[128.92379,35.22751]}},{"type":"Feature","properties":{"n":"불암","g":"kr","m":1},"geometry":{"type":"Point","coordinates":[128.92785,35.22217]}},{"type":"Feature","properties":{"n":"대사","g":"kr","m":1},"geometry":{"type":"Point","coordinates":[128.93839,35.21778]}},{"type":"Feature","properties":{"n":"평강","g":"kr","m":1},"geometry":{"type":"Point","coordinates":[128.95064,35.21402]}},{"type":"Feature","properties":{"n":"가야대","g":"kr","m":1},"geometry":{"type":"Point","coordinates":[128.86495,35.26683]}},{"type":"Feature","properties":{"n":"인제대","g":"kr","m":1},"geometry":{"type":"Point","coordinates":[128.90177,35.22807]}},{"type":"Feature","properties":{"n":"김해시청","g":"kr","m":1},"geometry":{"type":"Point","coordinates":[128.89038,35.22708]}},{"type":"Feature","properties":{"n":"박물관","g":"kr","m":1},"geometry":{"type":"Point","coordinates":[128.87182,35.24]}},{"type":"Feature","properties":{"n":"수로왕릉","g":"kr","m":1},"geometry":{"type":"Point","coordinates":[128.8721,35.23284]}},{"type":"Feature","properties":{"n":"연지공원","g":"kr","m":1},"geometry":{"type":"Point","coordinates":[128.86921,35.24967]}},{"type":"Feature","properties":{"n":"공항","g":"kr","m":1},"geometry":{"type":"Point","coordinates":[128.9486,35.17187]}},{"type":"Feature","properties":{"n":"덕두","g":"kr","m":1},"geometry":{"type":"Point","coordinates":[128.95406,35.18195]}},{"type":"Feature","properties":{"n":"해운대","g":"kr","m":1},"geometry":{"type":"Point","coordinates":[129.15875,35.16375]}},{"type":"Feature","properties":{"n":"중동","g":"kr","m":1},"geometry":{"type":"Point","coordinates":[129.16781,35.16668]}},{"type":"Feature","properties":{"n":"장산","g":"kr","m":1},"geometry":{"type":"Point","coordinates":[129.17586,35.16947]}},{"type":"Feature","properties":{"n":"온수","g":"kr","m":1},"geometry":{"type":"Point","coordinates":[126.82353,37.4923]}},{"type":"Feature","properties":{"n":"왕십리","g":"kr"},"geometry":{"type":"Point","coordinates":[127.03858,37.56149]}},{"type":"Feature","properties":{"n":"청산","g":"kr","m":1},"geometry":{"type":"Point","coordinates":[127.07434,37.99515]}},{"type":"Feature","properties":{"n":"신망리","g":"kr"},"geometry":{"type":"Point","coordinates":[127.07846,38.1325]}},{"type":"Feature","properties":{"n":"응봉","g":"kr"},"geometry":{"type":"Point","coordinates":[127.03473,37.55028]}},{"type":"Feature","properties":{"n":"도봉","g":"kr","m":1},"geometry":{"type":"Point","coordinates":[127.04555,37.67921]}},{"type":"Feature","properties":{"n":"서빙고","g":"kr"},"geometry":{"type":"Point","coordinates":[126.98832,37.51957]}},{"type":"Feature","properties":{"n":"제천","g":"kr"},"geometry":{"type":"Point","coordinates":[128.20596,37.12707]}},{"type":"Feature","properties":{"n":"광곡","g":"kr"},"geometry":{"type":"Point","coordinates":[127.07302,34.79648]}},{"type":"Feature","properties":{"n":"평동","g":"kr","m":1},"geometry":{"type":"Point","coordinates":[126.7696,35.12481]}},{"type":"Feature","properties":{"n":"수영","g":"kr","m":1},"geometry":{"type":"Point","coordinates":[129.1147,35.16541]}},{"type":"Feature","properties":{"n":"연산","g":"kr","m":1},"geometry":{"type":"Point","coordinates":[129.08151,35.18616]}},{"type":"Feature","properties":{"n":"연산","g":"kr","m":1},"geometry":{"type":"Point","coordinates":[129.08177,35.18585]}},{"type":"Feature","properties":{"n":"월곶","g":"kr"},"geometry":{"type":"Point","coordinates":[126.7427,37.39179]}},{"type":"Feature","properties":{"n":"수정","g":"kr","m":1},"geometry":{"type":"Point","coordinates":[129.00919,35.2233]}},{"type":"Feature","properties":{"n":"신길온천","g":"kr","m":1},"geometry":{"type":"Point","coordinates":[126.7673,37.33754]}},{"type":"Feature","properties":{"n":"구래","g":"kr","m":1},"geometry":{"type":"Point","coordinates":[126.62872,37.64535]}},{"type":"Feature","properties":{"n":"정왕","g":"kr","m":1},"geometry":{"type":"Point","coordinates":[126.74295,37.35181]}},{"type":"Feature","properties":{"n":"수리산","g":"kr"},"geometry":{"type":"Point","coordinates":[126.92556,37.35042]}},{"type":"Feature","properties":{"n":"중앙","g":"kr","m":1},"geometry":{"type":"Point","coordinates":[126.83853,37.31603]}},{"type":"Feature","properties":{"n":"양재","g":"kr","m":1},"geometry":{"type":"Point","coordinates":[127.03415,37.4844]}},{"type":"Feature","properties":{"n":"이촌","g":"kr"},"geometry":{"type":"Point","coordinates":[126.97336,37.52244]}},{"type":"Feature","properties":{"n":"전대·에버랜드","g":"kr","m":1},"geometry":{"type":"Point","coordinates":[127.21955,37.28535]}},{"type":"Feature","properties":{"n":"하남풍산","g":"kr","m":1},"geometry":{"type":"Point","coordinates":[127.20363,37.55196]}},{"type":"Feature","properties":{"n":"하남시청","g":"kr","m":1},"geometry":{"type":"Point","coordinates":[127.2067,37.54177]}},{"type":"Feature","properties":{"n":"하남검단산","g":"kr","m":1},"geometry":{"type":"Point","coordinates":[127.22353,37.5397]}},{"type":"Feature","properties":{"n":"복정","g":"kr","m":1},"geometry":{"type":"Point","coordinates":[127.12671,37.47058]}},{"type":"Feature","properties":{"n":"상부승강장","g":"kr"},"geometry":{"type":"Point","coordinates":[128.06185,36.65277]}},{"type":"Feature","properties":{"n":"센텀시티","g":"kr","m":1},"geometry":{"type":"Point","coordinates":[129.13122,35.16859]}},{"type":"Feature","properties":{"n":"부전","g":"kr"},"geometry":{"type":"Point","coordinates":[129.06011,35.1646]}},{"type":"Feature","properties":{"n":"두실","g":"kr","m":1},"geometry":{"type":"Point","coordinates":[129.09139,35.25703]}},{"type":"Feature","properties":{"n":"남산","g":"kr","m":1},"geometry":{"type":"Point","coordinates":[129.09257,35.26543]}},{"type":"Feature","properties":{"n":"교대","g":"kr"},"geometry":{"type":"Point","coordinates":[129.07975,35.19384]}},{"type":"Feature","properties":{"n":"운연","g":"kr","m":1},"geometry":{"type":"Point","coordinates":[126.75963,37.43966]}},{"type":"Feature","properties":{"n":"금촌","g":"kr"},"geometry":{"type":"Point","coordinates":[126.77458,37.76623]}},{"type":"Feature","properties":{"n":"탄현","g":"kr"},"geometry":{"type":"Point","coordinates":[126.76103,37.69411]}},{"type":"Feature","properties":{"n":"행신","g":"kr"},"geometry":{"type":"Point","coordinates":[126.83406,37.61203]}},{"type":"Feature","properties":{"n":"석수","g":"kr","m":1},"geometry":{"type":"Point","coordinates":[126.90231,37.43513]}},{"type":"Feature","properties":{"n":"독산","g":"kr","m":1},"geometry":{"type":"Point","coordinates":[126.88948,37.46607]}},{"type":"Feature","properties":{"n":"안양","g":"kr"},"geometry":{"type":"Point","coordinates":[126.92288,37.40163]}},{"type":"Feature","properties":{"n":"도농","g":"kr"},"geometry":{"type":"Point","coordinates":[127.16119,37.60878]}},{"type":"Feature","properties":{"n":"양정","g":"kr"},"geometry":{"type":"Point","coordinates":[127.19461,37.60402]}},{"type":"Feature","properties":{"n":"덕소","g":"kr"},"geometry":{"type":"Point","coordinates":[127.20882,37.5869]}},{"type":"Feature","properties":{"n":"도심","g":"kr"},"geometry":{"type":"Point","coordinates":[127.22268,37.57963]}},{"type":"Feature","properties":{"n":"팔당","g":"kr"},"geometry":{"type":"Point","coordinates":[127.24381,37.54749]}},{"type":"Feature","properties":{"n":"신내","g":"kr"},"geometry":{"type":"Point","coordinates":[127.10324,37.61265]}},{"type":"Feature","properties":{"n":"금천구청","g":"kr","m":1},"geometry":{"type":"Point","coordinates":[126.8939,37.45581]}},{"type":"Feature","properties":{"n":"강매","g":"kr"},"geometry":{"type":"Point","coordinates":[126.84453,37.61229]}},{"type":"Feature","properties":{"n":"능곡","g":"kr"},"geometry":{"type":"Point","coordinates":[126.82052,37.61894]}},{"type":"Feature","properties":{"n":"암사역사공원","g":"kr","m":1},"geometry":{"type":"Point","coordinates":[127.13743,37.55705]}},{"type":"Feature","properties":{"n":"강구","g":"kr"},"geometry":{"type":"Point","coordinates":[129.37223,36.35224]}},{"type":"Feature","properties":{"n":"장사","g":"kr"},"geometry":{"type":"Point","coordinates":[129.36914,36.28414]}},{"type":"Feature","properties":{"n":"월포","g":"kr"},"geometry":{"type":"Point","coordinates":[129.3664,36.20401]}},{"type":"Feature","properties":{"n":"고색","g":"kr"},"geometry":{"type":"Point","coordinates":[126.98046,37.24969]}},{"type":"Feature","properties":{"n":"오목천","g":"kr"},"geometry":{"type":"Point","coordinates":[126.96374,37.24331]}},{"type":"Feature","properties":{"n":"어천","g":"kr"},"geometry":{"type":"Point","coordinates":[126.90892,37.25012]}},{"type":"Feature","properties":{"n":"야목","g":"kr"},"geometry":{"type":"Point","coordinates":[126.88402,37.26122]}},{"type":"Feature","properties":{"n":"사리","g":"kr"},"geometry":{"type":"Point","coordinates":[126.8572,37.29087]}},{"type":"Feature","properties":{"n":"동탄","g":"kr"},"geometry":{"type":"Point","coordinates":[127.09558,37.20036]}},{"type":"Feature","properties":{"n":"흥전삭도마을","g":"kr"},"geometry":{"type":"Point","coordinates":[129.03891,37.213]}},{"type":"Feature","properties":{"n":"장림","g":"kr","m":1},"geometry":{"type":"Point","coordinates":[128.97738,35.08186]}},{"type":"Feature","properties":{"n":"동매","g":"kr","m":1},"geometry":{"type":"Point","coordinates":[128.97327,35.08977]}},{"type":"Feature","properties":{"n":"부산대","g":"kr","m":1},"geometry":{"type":"Point","coordinates":[129.08936,35.22964]}},{"type":"Feature","properties":{"n":"다대포해수욕장","g":"kr","m":1},"geometry":{"type":"Point","coordinates":[128.96602,35.0482]}},{"type":"Feature","properties":{"n":"신평","g":"kr","m":1},"geometry":{"type":"Point","coordinates":[128.96068,35.09522]}},{"type":"Feature","properties":{"n":"안평기지간이","g":"kr"},"geometry":{"type":"Point","coordinates":[129.17638,35.24067]}},{"type":"Feature","properties":{"n":"안평","g":"kr","m":1},"geometry":{"type":"Point","coordinates":[129.17172,35.23742]}},{"type":"Feature","properties":{"n":"벡스코","g":"kr"},"geometry":{"type":"Point","coordinates":[129.1361,35.17157]}},{"type":"Feature","properties":{"n":"석대","g":"kr","m":1},"geometry":{"type":"Point","coordinates":[129.13685,35.21812]}},{"type":"Feature","properties":{"n":"오이도","g":"kr","m":1},"geometry":{"type":"Point","coordinates":[126.73849,37.36192]}},{"type":"Feature","properties":{"n":"보문","g":"kr","m":1},"geometry":{"type":"Point","coordinates":[127.01937,37.58527]}},{"type":"Feature","properties":{"n":"신해운대","g":"kr"},"geometry":{"type":"Point","coordinates":[129.17682,35.18174]}},{"type":"Feature","properties":{"n":"송정","g":"kr"},"geometry":{"type":"Point","coordinates":[129.20206,35.18772]}},{"type":"Feature","properties":{"n":"환선굴승강장","g":"kr"},"geometry":{"type":"Point","coordinates":[129.00848,37.32351]}},{"type":"Feature","properties":{"n":"효자","g":"kr","m":1},"geometry":{"type":"Point","coordinates":[127.07727,37.75394]}},{"type":"Feature","properties":{"n":"안락","g":"kr"},"geometry":{"type":"Point","coordinates":[129.10059,35.19604]}},{"type":"Feature","properties":{"n":"동래","g":"kr"},"geometry":{"type":"Point","coordinates":[129.09115,35.19725]}},{"type":"Feature","properties":{"n":"거제","g":"kr"},"geometry":{"type":"Point","coordinates":[129.07399,35.18887]}},{"type":"Feature","properties":{"n":"동작","g":"kr","m":1},"geometry":{"type":"Point","coordinates":[126.9782,37.50297]}},{"type":"Feature","properties":{"n":"서울","g":"kr"},"geometry":{"type":"Point","coordinates":[126.97078,37.55455]}},{"type":"Feature","properties":{"n":"도곡","g":"kr","m":1},"geometry":{"type":"Point","coordinates":[127.05547,37.49091]}},{"type":"Feature","properties":{"n":"김포공항","g":"kr","m":1},"geometry":{"type":"Point","coordinates":[126.80139,37.56192]}},{"type":"Feature","properties":{"n":"동대문역사문화공원","g":"kr","m":1},"geometry":{"type":"Point","coordinates":[127.00812,37.56526]}},{"type":"Feature","properties":{"n":"신장림","g":"kr","m":1},"geometry":{"type":"Point","coordinates":[128.97681,35.07455]}},{"type":"Feature","properties":{"n":"낫개","g":"kr","m":1},"geometry":{"type":"Point","coordinates":[128.97973,35.0653]}},{"type":"Feature","properties":{"n":"다대포항","g":"kr","m":1},"geometry":{"type":"Point","coordinates":[128.97133,35.05776]}},{"type":"Feature","properties":{"n":"구로","g":"kr","m":1},"geometry":{"type":"Point","coordinates":[126.88251,37.50345]}},{"type":"Feature","properties":{"n":"북한산보국문","g":"kr","m":1},"geometry":{"type":"Point","coordinates":[127.00817,37.61218]}},{"type":"Feature","properties":{"n":"의정부시청","g":"kr","m":1},"geometry":{"type":"Point","coordinates":[127.03489,37.73926]}},{"type":"Feature","properties":{"n":"안국","g":"kr","m":1},"geometry":{"type":"Point","coordinates":[126.98617,37.57683]}},{"type":"Feature","properties":{"n":"서면","g":"kr","m":1},"geometry":{"type":"Point","coordinates":[129.05926,35.15777]}},{"type":"Feature","properties":{"n":"미남","g":"kr","m":1},"geometry":{"type":"Point","coordinates":[129.06875,35.20653]}},{"type":"Feature","properties":{"n":"오시리아","g":"kr"},"geometry":{"type":"Point","coordinates":[129.20832,35.19628]}},{"type":"Feature","properties":{"n":"일광","g":"kr"},"geometry":{"type":"Point","coordinates":[129.2333,35.26828]}},{"type":"Feature","properties":{"n":"기장","g":"kr"},"geometry":{"type":"Point","coordinates":[129.21887,35.24444]}},{"type":"Feature","properties":{"n":"강일","g":"kr","m":1},"geometry":{"type":"Point","coordinates":[127.17576,37.55748]}},{"type":"Feature","properties":{"n":"천호","g":"kr","m":1},"geometry":{"type":"Point","coordinates":[127.1234,37.53852]}},{"type":"Feature","properties":{"n":"금릉","g":"kr"},"geometry":{"type":"Point","coordinates":[126.76534,37.75138]}},{"type":"Feature","properties":{"n":"원인재","g":"kr","m":1},"geometry":{"type":"Point","coordinates":[126.68816,37.41263]}},{"type":"Feature","properties":{"n":"인천시청","g":"kr","m":1},"geometry":{"type":"Point","coordinates":[126.70208,37.45729]}},{"type":"Feature","properties":{"n":"서원","g":"kr","m":1},"geometry":{"type":"Point","coordinates":[126.93301,37.47821]}},{"type":"Feature","properties":{"n":"동대문","g":"kr","m":1},"geometry":{"type":"Point","coordinates":[127.01149,37.57186]}},{"type":"Feature","properties":{"n":"반월","g":"kr"},"geometry":{"type":"Point","coordinates":[126.90384,37.31242]}},{"type":"Feature","properties":{"n":"삼각지","g":"kr","m":1},"geometry":{"type":"Point","coordinates":[126.97389,37.53548]}},{"type":"Feature","properties":{"n":"도봉산","g":"kr","m":1},"geometry":{"type":"Point","coordinates":[127.04608,37.68984]}},{"type":"Feature","properties":{"n":"춘천","g":"kr"},"geometry":{"type":"Point","coordinates":[127.71666,37.88456]}},{"type":"Feature","properties":{"n":"영등포","g":"kr"},"geometry":{"type":"Point","coordinates":[126.90693,37.51536]}},{"type":"Feature","properties":{"n":"노량진","g":"kr","m":1},"geometry":{"type":"Point","coordinates":[126.94204,37.51424]}},{"type":"Feature","properties":{"n":"용산","g":"kr"},"geometry":{"type":"Point","coordinates":[126.96483,37.52995]}},{"type":"Feature","properties":{"n":"종각","g":"kr","m":1},"geometry":{"type":"Point","coordinates":[126.98318,37.57017]}},{"type":"Feature","properties":{"n":"건대입구","g":"kr","m":1},"geometry":{"type":"Point","coordinates":[127.07086,37.54044]}},{"type":"Feature","properties":{"n":"영통","g":"kr"},"geometry":{"type":"Point","coordinates":[127.07128,37.25135]}},{"type":"Feature","properties":{"n":"청명","g":"kr"},"geometry":{"type":"Point","coordinates":[127.07951,37.25996]}},{"type":"Feature","properties":{"n":"상갈","g":"kr"},"geometry":{"type":"Point","coordinates":[127.1089,37.26169]}},{"type":"Feature","properties":{"n":"매탄권선","g":"kr"},"geometry":{"type":"Point","coordinates":[127.04038,37.25301]}},{"type":"Feature","properties":{"n":"수원시청","g":"kr"},"geometry":{"type":"Point","coordinates":[127.03186,37.26165]}},{"type":"Feature","properties":{"n":"매교","g":"kr"},"geometry":{"type":"Point","coordinates":[127.01569,37.26548]}},{"type":"Feature","properties":{"n":"미금","g":"kr"},"geometry":{"type":"Point","coordinates":[127.10889,37.34998]}},{"type":"Feature","properties":{"n":"정자","g":"kr"},"geometry":{"type":"Point","coordinates":[127.10844,37.36665]}},{"type":"Feature","properties":{"n":"가평","g":"kr"},"geometry":{"type":"Point","coordinates":[127.51076,37.81452]}},{"type":"Feature","properties":{"n":"굴봉산","g":"kr"},"geometry":{"type":"Point","coordinates":[127.55714,37.83193]}},{"type":"Feature","properties":{"n":"김유정","g":"kr"},"geometry":{"type":"Point","coordinates":[127.71408,37.81844]}},{"type":"Feature","properties":{"n":"남춘천","g":"kr"},"geometry":{"type":"Point","coordinates":[127.72394,37.86401]}},{"type":"Feature","properties":{"n":"금곡","g":"kr"},"geometry":{"type":"Point","coordinates":[127.20744,37.63729]}},{"type":"Feature","properties":{"n":"평내호평","g":"kr"},"geometry":{"type":"Point","coordinates":[127.24449,37.65321]}},{"type":"Feature","properties":{"n":"천마산","g":"kr"},"geometry":{"type":"Point","coordinates":[127.28505,37.65922]}},{"type":"Feature","properties":{"n":"마석","g":"kr"},"geometry":{"type":"Point","coordinates":[127.31167,37.65278]}},{"type":"Feature","properties":{"n":"청평","g":"kr"},"geometry":{"type":"Point","coordinates":[127.42664,37.73551]}},{"type":"Feature","properties":{"n":"상천","g":"kr"},"geometry":{"type":"Point","coordinates":[127.45443,37.77016]}},{"type":"Feature","properties":{"n":"이매","g":"kr","m":1},"geometry":{"type":"Point","coordinates":[127.1284,37.39464]}},{"type":"Feature","properties":{"n":"갈매","g":"kr"},"geometry":{"type":"Point","coordinates":[127.11473,37.63395]}},{"type":"Feature","properties":{"n":"별내","g":"kr"},"geometry":{"type":"Point","coordinates":[127.12761,37.64233]}},{"type":"Feature","properties":{"n":"퇴계원","g":"kr"},"geometry":{"type":"Point","coordinates":[127.14353,37.64826]}},{"type":"Feature","properties":{"n":"신원","g":"kr"},"geometry":{"type":"Point","coordinates":[127.3727,37.52597]}},{"type":"Feature","properties":{"n":"국수","g":"kr"},"geometry":{"type":"Point","coordinates":[127.39933,37.51617]}},{"type":"Feature","properties":{"n":"아신","g":"kr"},"geometry":{"type":"Point","coordinates":[127.44322,37.51392]}},{"type":"Feature","properties":{"n":"오빈","g":"kr"},"geometry":{"type":"Point","coordinates":[127.47389,37.50616]}},{"type":"Feature","properties":{"n":"양평","g":"kr"},"geometry":{"type":"Point","coordinates":[127.4919,37.49285]}},{"type":"Feature","properties":{"n":"운길산","g":"kr"},"geometry":{"type":"Point","coordinates":[127.30987,37.55479]}},{"type":"Feature","properties":{"n":"양수","g":"kr"},"geometry":{"type":"Point","coordinates":[127.32901,37.54602]}},{"type":"Feature","properties":{"n":"가좌","g":"kr"},"geometry":{"type":"Point","coordinates":[126.91506,37.56868]}},{"type":"Feature","properties":{"n":"온양온천","g":"kr"},"geometry":{"type":"Point","coordinates":[127.00316,36.78055]}},{"type":"Feature","properties":{"n":"서정리","g":"kr"},"geometry":{"type":"Point","coordinates":[127.05295,37.05708]}},{"type":"Feature","properties":{"n":"남영","g":"kr","m":1},"geometry":{"type":"Point","coordinates":[126.97132,37.54054]}},{"type":"Feature","properties":{"n":"대방","g":"kr","m":1},"geometry":{"type":"Point","coordinates":[126.92648,37.51336]}},{"type":"Feature","properties":{"n":"인천","g":"kr","m":1},"geometry":{"type":"Point","coordinates":[126.61689,37.47668]}},{"type":"Feature","properties":{"n":"서동탄","g":"kr","m":1},"geometry":{"type":"Point","coordinates":[127.05203,37.19566]}},{"type":"Feature","properties":{"n":"남동인더스파크","g":"kr"},"geometry":{"type":"Point","coordinates":[126.69523,37.40775]}},{"type":"Feature","properties":{"n":"호구포","g":"kr"},"geometry":{"type":"Point","coordinates":[126.70864,37.40169]}},{"type":"Feature","properties":{"n":"인천논현","g":"kr"},"geometry":{"type":"Point","coordinates":[126.72256,37.40069]}},{"type":"Feature","properties":{"n":"소래포구","g":"kr"},"geometry":{"type":"Point","coordinates":[126.73353,37.40092]}},{"type":"Feature","properties":{"n":"기흥","g":"kr"},"geometry":{"type":"Point","coordinates":[127.11601,37.27551]}},{"type":"Feature","properties":{"n":"숭의","g":"kr"},"geometry":{"type":"Point","coordinates":[126.63823,37.46079]}},{"type":"Feature","properties":{"n":"신포","g":"kr"},"geometry":{"type":"Point","coordinates":[126.62482,37.46826]}},{"type":"Feature","properties":{"n":"인하대","g":"kr"},"geometry":{"type":"Point","coordinates":[126.64978,37.44825]}},{"type":"Feature","properties":{"n":"송도","g":"kr"},"geometry":{"type":"Point","coordinates":[126.65472,37.42994]}},{"type":"Feature","properties":{"n":"연수","g":"kr"},"geometry":{"type":"Point","coordinates":[126.67897,37.41779]}},{"type":"Feature","properties":{"n":"안산","g":"kr","m":1},"geometry":{"type":"Point","coordinates":[126.7888,37.32705]}},{"type":"Feature","properties":{"n":"응암","g":"kr","m":1},"geometry":{"type":"Point","coordinates":[126.91553,37.59843]}},{"type":"Feature","properties":{"n":"합정","g":"kr","m":1},"geometry":{"type":"Point","coordinates":[126.91366,37.54936]}},{"type":"Feature","properties":{"n":"동묘앞","g":"kr","m":1},"geometry":{"type":"Point","coordinates":[127.01743,37.57351]}},{"type":"Feature","properties":{"n":"고려대","g":"kr","m":1},"geometry":{"type":"Point","coordinates":[127.03601,37.59038]}},{"type":"Feature","properties":{"n":"홍대입구","g":"kr","m":1},"geometry":{"type":"Point","coordinates":[126.92691,37.55735]}},{"type":"Feature","properties":{"n":"디지털미디어시티","g":"kr"},"geometry":{"type":"Point","coordinates":[126.90008,37.57767]}},{"type":"Feature","properties":{"n":"검암","g":"kr"},"geometry":{"type":"Point","coordinates":[126.67371,37.56918]}},{"type":"Feature","properties":{"n":"공항화물청사","g":"kr"},"geometry":{"type":"Point","coordinates":[126.4775,37.45903]}},{"type":"Feature","properties":{"n":"인천공항1터미널","g":"kr","m":1},"geometry":{"type":"Point","coordinates":[126.45278,37.44716]}},{"type":"Feature","properties":{"n":"인천공항2터미널","g":"kr"},"geometry":{"type":"Point","coordinates":[126.43347,37.46894]}},{"type":"Feature","properties":{"n":"원시","g":"kr"},"geometry":{"type":"Point","coordinates":[126.78678,37.30256]}},{"type":"Feature","properties":{"n":"시우","g":"kr"},"geometry":{"type":"Point","coordinates":[126.79564,37.31311]}},{"type":"Feature","properties":{"n":"초지","g":"kr","m":1},"geometry":{"type":"Point","coordinates":[126.80788,37.31984]}},{"type":"Feature","properties":{"n":"선부","g":"kr"},"geometry":{"type":"Point","coordinates":[126.8099,37.33446]}},{"type":"Feature","properties":{"n":"달미","g":"kr"},"geometry":{"type":"Point","coordinates":[126.80907,37.3491]}},{"type":"Feature","properties":{"n":"시흥능곡","g":"kr"},"geometry":{"type":"Point","coordinates":[126.80875,37.37008]}},{"type":"Feature","properties":{"n":"시흥시청","g":"kr"},"geometry":{"type":"Point","coordinates":[126.80575,37.38208]}},{"type":"Feature","properties":{"n":"신현","g":"kr"},"geometry":{"type":"Point","coordinates":[126.78787,37.40958]}},{"type":"Feature","properties":{"n":"신천","g":"kr"},"geometry":{"type":"Point","coordinates":[126.7868,37.43931]}},{"type":"Feature","properties":{"n":"시흥대야","g":"kr"},"geometry":{"type":"Point","coordinates":[126.79312,37.45034]}},{"type":"Feature","properties":{"n":"소새울","g":"kr"},"geometry":{"type":"Point","coordinates":[126.7971,37.46887]}},{"type":"Feature","properties":{"n":"선릉","g":"kr","m":1},"geometry":{"type":"Point","coordinates":[127.04895,37.50447]}},{"type":"Feature","properties":{"n":"죽전","g":"kr"},"geometry":{"type":"Point","coordinates":[127.10741,37.32457]}},{"type":"Feature","properties":{"n":"강남구청","g":"kr","m":1},"geometry":{"type":"Point","coordinates":[127.04129,37.51718]}},{"type":"Feature","properties":{"n":"모란","g":"kr","m":1},"geometry":{"type":"Point","coordinates":[127.12915,37.43374]}},{"type":"Feature","properties":{"n":"강남","g":"kr","m":1},"geometry":{"type":"Point","coordinates":[127.02756,37.49795]}},{"type":"Feature","properties":{"n":"삼동","g":"kr","m":1},"geometry":{"type":"Point","coordinates":[127.20339,37.40866]}},{"type":"Feature","properties":{"n":"판교","g":"kr"},"geometry":{"type":"Point","coordinates":[127.11119,37.39473]}},{"type":"Feature","properties":{"n":"곤지암","g":"kr","m":1},"geometry":{"type":"Point","coordinates":[127.34628,37.35051]}},{"type":"Feature","properties":{"n":"경기광주","g":"kr","m":1},"geometry":{"type":"Point","coordinates":[127.25328,37.3989]}},{"type":"Feature","properties":{"n":"가락시장","g":"kr","m":1},"geometry":{"type":"Point","coordinates":[127.11864,37.49253]}},{"type":"Feature","properties":{"n":"여주","g":"kr","m":1},"geometry":{"type":"Point","coordinates":[127.62861,37.28288]}},{"type":"Feature","properties":{"n":"세종대왕릉","g":"kr"},"geometry":{"type":"Point","coordinates":[127.57065,37.29362]}},{"type":"Feature","properties":{"n":"부발","g":"kr"},"geometry":{"type":"Point","coordinates":[127.49033,37.2604]}},{"type":"Feature","properties":{"n":"이천","g":"kr","m":1},"geometry":{"type":"Point","coordinates":[127.44222,37.26424]}},{"type":"Feature","properties":{"n":"신둔도예촌","g":"kr","m":1},"geometry":{"type":"Point","coordinates":[127.40529,37.31555]}},{"type":"Feature","properties":{"n":"을지로3가","g":"kr","m":1},"geometry":{"type":"Point","coordinates":[126.99253,37.56634]}},{"type":"Feature","properties":{"n":"불광","g":"kr","m":1},"geometry":{"type":"Point","coordinates":[126.92963,37.61088]}},{"type":"Feature","properties":{"n":"구의","g":"kr","m":1},"geometry":{"type":"Point","coordinates":[127.08622,37.53717]}},{"type":"Feature","properties":{"n":"강변","g":"kr","m":1},"geometry":{"type":"Point","coordinates":[127.09474,37.53511]}},{"type":"Feature","properties":{"n":"잠실나루","g":"kr","m":1},"geometry":{"type":"Point","coordinates":[127.10383,37.52069]}},{"type":"Feature","properties":{"n":"옥수","g":"kr"},"geometry":{"type":"Point","coordinates":[127.01836,37.54026]}},{"type":"Feature","properties":{"n":"충무로","g":"kr","m":1},"geometry":{"type":"Point","coordinates":[126.99411,37.5612]}},{"type":"Feature","properties":{"n":"약수","g":"kr","m":1},"geometry":{"type":"Point","coordinates":[127.01062,37.55475]}},{"type":"Feature","properties":{"n":"교대","g":"kr","m":1},"geometry":{"type":"Point","coordinates":[127.0137,37.49366]}},{"type":"Feature","properties":{"n":"오금","g":"kr","m":1},"geometry":{"type":"Point","coordinates":[127.12815,37.50198]}},{"type":"Feature","properties":{"n":"한양대","g":"kr","m":1},"geometry":{"type":"Point","coordinates":[127.04366,37.55573]}},{"type":"Feature","properties":{"n":"성수","g":"kr","m":1},"geometry":{"type":"Point","coordinates":[127.0561,37.54457]}},{"type":"Feature","properties":{"n":"시청","g":"kr","m":1},"geometry":{"type":"Point","coordinates":[126.97711,37.56548]}},{"type":"Feature","properties":{"n":"을지로입구","g":"kr","m":1},"geometry":{"type":"Point","coordinates":[126.98262,37.56595]}},{"type":"Feature","properties":{"n":"을지로4가","g":"kr","m":1},"geometry":{"type":"Point","coordinates":[126.99817,37.56664]}},{"type":"Feature","properties":{"n":"신당","g":"kr","m":1},"geometry":{"type":"Point","coordinates":[127.01625,37.56538]}},{"type":"Feature","properties":{"n":"상왕십리","g":"kr","m":1},"geometry":{"type":"Point","coordinates":[127.02925,37.56439]}},{"type":"Feature","properties":{"n":"신촌","g":"kr","m":1},"geometry":{"type":"Point","coordinates":[126.93691,37.55515]}},{"type":"Feature","properties":{"n":"이대","g":"kr","m":1},"geometry":{"type":"Point","coordinates":[126.94583,37.55677]}},{"type":"Feature","properties":{"n":"아현","g":"kr","m":1},"geometry":{"type":"Point","coordinates":[126.95612,37.55743]}},{"type":"Feature","properties":{"n":"지축","g":"kr","m":1},"geometry":{"type":"Point","coordinates":[126.91393,37.64812]}},{"type":"Feature","properties":{"n":"원흥","g":"kr","m":1},"geometry":{"type":"Point","coordinates":[126.87367,37.65051]}},{"type":"Feature","properties":{"n":"원당","g":"kr","m":1},"geometry":{"type":"Point","coordinates":[126.8429,37.65305]}},{"type":"Feature","properties":{"n":"화정","g":"kr","m":1},"geometry":{"type":"Point","coordinates":[126.83258,37.63465]}},{"type":"Feature","properties":{"n":"대곡","g":"kr","m":1},"geometry":{"type":"Point","coordinates":[126.81028,37.63178]}},{"type":"Feature","properties":{"n":"마두","g":"kr","m":1},"geometry":{"type":"Point","coordinates":[126.77776,37.652]}},{"type":"Feature","properties":{"n":"정발산","g":"kr","m":1},"geometry":{"type":"Point","coordinates":[126.77327,37.65971]}},{"type":"Feature","properties":{"n":"대화","g":"kr","m":1},"geometry":{"type":"Point","coordinates":[126.74746,37.67618]}},{"type":"Feature","properties":{"n":"삼송","g":"kr","m":1},"geometry":{"type":"Point","coordinates":[126.89548,37.65312]}},{"type":"Feature","properties":{"n":"마곡나루","g":"kr","m":1},"geometry":{"type":"Point","coordinates":[126.82792,37.56622]}},{"type":"Feature","properties":{"n":"서대전","g":"kr"},"geometry":{"type":"Point","coordinates":[127.40312,36.32248]}},{"type":"Feature","properties":{"n":"탕정","g":"kr","m":1},"geometry":{"type":"Point","coordinates":[127.08455,36.78821]}},{"type":"Feature","properties":{"n":"당산","g":"kr","m":1},"geometry":{"type":"Point","coordinates":[126.90248,37.5346]}},{"type":"Feature","properties":{"n":"문래","g":"kr","m":1},"geometry":{"type":"Point","coordinates":[126.89487,37.51838]}},{"type":"Feature","properties":{"n":"신도림","g":"kr","m":1},"geometry":{"type":"Point","coordinates":[126.89123,37.50894]}},{"type":"Feature","properties":{"n":"구로디지털단지","g":"kr","m":1},"geometry":{"type":"Point","coordinates":[126.90159,37.48528]}},{"type":"Feature","properties":{"n":"신대방","g":"kr","m":1},"geometry":{"type":"Point","coordinates":[126.91339,37.48759]}},{"type":"Feature","properties":{"n":"신림","g":"kr","m":1},"geometry":{"type":"Point","coordinates":[126.92968,37.48423]}},{"type":"Feature","properties":{"n":"봉천","g":"kr","m":1},"geometry":{"type":"Point","coordinates":[126.94194,37.48239]}},{"type":"Feature","properties":{"n":"서울대입구","g":"kr","m":1},"geometry":{"type":"Point","coordinates":[126.95272,37.48122]}},{"type":"Feature","properties":{"n":"낙성대","g":"kr","m":1},"geometry":{"type":"Point","coordinates":[126.96349,37.47706]}},{"type":"Feature","properties":{"n":"방배","g":"kr","m":1},"geometry":{"type":"Point","coordinates":[126.99771,37.48147]}},{"type":"Feature","properties":{"n":"서초","g":"kr","m":1},"geometry":{"type":"Point","coordinates":[127.00768,37.49177]}},{"type":"Feature","properties":{"n":"역삼","g":"kr","m":1},"geometry":{"type":"Point","coordinates":[127.03696,37.50082]}},{"type":"Feature","properties":{"n":"삼성","g":"kr","m":1},"geometry":{"type":"Point","coordinates":[127.06314,37.50884]}},{"type":"Feature","properties":{"n":"종합운동장","g":"kr","m":1},"geometry":{"type":"Point","coordinates":[127.07372,37.51106]}},{"type":"Feature","properties":{"n":"잠실새내","g":"kr","m":1},"geometry":{"type":"Point","coordinates":[127.08557,37.51159]}},{"type":"Feature","properties":{"n":"잠실","g":"kr","m":1},"geometry":{"type":"Point","coordinates":[127.10014,37.51322]}},{"type":"Feature","properties":{"n":"양천구청","g":"kr","m":1},"geometry":{"type":"Point","coordinates":[126.86594,37.5123]}},{"type":"Feature","properties":{"n":"신정네거리","g":"kr","m":1},"geometry":{"type":"Point","coordinates":[126.85305,37.51998]}},{"type":"Feature","properties":{"n":"도림천","g":"kr","m":1},"geometry":{"type":"Point","coordinates":[126.88268,37.51445]}},{"type":"Feature","properties":{"n":"경찰병원","g":"kr","m":1},"geometry":{"type":"Point","coordinates":[127.1239,37.4954]}},{"type":"Feature","properties":{"n":"대청","g":"kr","m":1},"geometry":{"type":"Point","coordinates":[127.07955,37.49363]}},{"type":"Feature","properties":{"n":"학여울","g":"kr","m":1},"geometry":{"type":"Point","coordinates":[127.06988,37.4965]}},{"type":"Feature","properties":{"n":"대치","g":"kr","m":1},"geometry":{"type":"Point","coordinates":[127.06319,37.49447]}},{"type":"Feature","properties":{"n":"매봉","g":"kr","m":1},"geometry":{"type":"Point","coordinates":[127.04698,37.48707]}},{"type":"Feature","properties":{"n":"남부터미널","g":"kr","m":1},"geometry":{"type":"Point","coordinates":[127.01634,37.48494]}},{"type":"Feature","properties":{"n":"잠원","g":"kr","m":1},"geometry":{"type":"Point","coordinates":[127.01115,37.51275]}},{"type":"Feature","properties":{"n":"신사","g":"kr","m":1},"geometry":{"type":"Point","coordinates":[127.01952,37.51611]}},{"type":"Feature","properties":{"n":"압구정","g":"kr","m":1},"geometry":{"type":"Point","coordinates":[127.0285,37.52618]}},{"type":"Feature","properties":{"n":"금호","g":"kr","m":1},"geometry":{"type":"Point","coordinates":[127.01592,37.54797]}},{"type":"Feature","properties":{"n":"동대입구","g":"kr","m":1},"geometry":{"type":"Point","coordinates":[127.00573,37.55906]}},{"type":"Feature","properties":{"n":"경복궁","g":"kr","m":1},"geometry":{"type":"Point","coordinates":[126.97353,37.57579]}},{"type":"Feature","properties":{"n":"독립문","g":"kr","m":1},"geometry":{"type":"Point","coordinates":[126.95784,37.57456]}},{"type":"Feature","properties":{"n":"무악재","g":"kr","m":1},"geometry":{"type":"Point","coordinates":[126.95035,37.58232]}},{"type":"Feature","properties":{"n":"홍제","g":"kr","m":1},"geometry":{"type":"Point","coordinates":[126.94425,37.58869]}},{"type":"Feature","properties":{"n":"녹번","g":"kr","m":1},"geometry":{"type":"Point","coordinates":[126.93573,37.60097]}},{"type":"Feature","properties":{"n":"구파발","g":"kr","m":1},"geometry":{"type":"Point","coordinates":[126.9188,37.63689]}},{"type":"Feature","properties":{"n":"범계","g":"kr","m":1},"geometry":{"type":"Point","coordinates":[126.95091,37.38991]}},{"type":"Feature","properties":{"n":"인덕원","g":"kr","m":1},"geometry":{"type":"Point","coordinates":[126.97697,37.40163]}},{"type":"Feature","properties":{"n":"정부과천청사","g":"kr","m":1},"geometry":{"type":"Point","coordinates":[126.98975,37.42647]}},{"type":"Feature","properties":{"n":"대공원","g":"kr","m":1},"geometry":{"type":"Point","coordinates":[127.00661,37.4358]}},{"type":"Feature","properties":{"n":"선바위","g":"kr","m":1},"geometry":{"type":"Point","coordinates":[127.00211,37.45181]}},{"type":"Feature","properties":{"n":"불암산","g":"kr","m":1},"geometry":{"type":"Point","coordinates":[127.07892,37.6701]}},{"type":"Feature","properties":{"n":"쌍문","g":"kr","m":1},"geometry":{"type":"Point","coordinates":[127.03458,37.6484]}},{"type":"Feature","properties":{"n":"수유","g":"kr","m":1},"geometry":{"type":"Point","coordinates":[127.02572,37.63799]}},{"type":"Feature","properties":{"n":"미아","g":"kr","m":1},"geometry":{"type":"Point","coordinates":[127.02611,37.62649]}},{"type":"Feature","properties":{"n":"미아사거리","g":"kr","m":1},"geometry":{"type":"Point","coordinates":[127.03009,37.61319]}},{"type":"Feature","properties":{"n":"길음","g":"kr","m":1},"geometry":{"type":"Point","coordinates":[127.02485,37.60316]}},{"type":"Feature","properties":{"n":"혜화","g":"kr","m":1},"geometry":{"type":"Point","coordinates":[127.00195,37.58214]}},{"type":"Feature","properties":{"n":"명동","g":"kr","m":1},"geometry":{"type":"Point","coordinates":[126.98638,37.5609]}},{"type":"Feature","properties":{"n":"회현","g":"kr","m":1},"geometry":{"type":"Point","coordinates":[126.97842,37.5587]}},{"type":"Feature","properties":{"n":"서울역","g":"kr","m":1},"geometry":{"type":"Point","coordinates":[126.97257,37.55285]}},{"type":"Feature","properties":{"n":"숙대입구","g":"kr","m":1},"geometry":{"type":"Point","coordinates":[126.97196,37.54513]}},{"type":"Feature","properties":{"n":"신용산","g":"kr","m":1},"geometry":{"type":"Point","coordinates":[126.96786,37.52917]}},{"type":"Feature","properties":{"n":"사당","g":"kr","m":1},"geometry":{"type":"Point","coordinates":[126.98167,37.47658]}},{"type":"Feature","properties":{"n":"남태령","g":"kr","m":1},"geometry":{"type":"Point","coordinates":[126.9887,37.46466]}},{"type":"Feature","properties":{"n":"마천","g":"kr","m":1},"geometry":{"type":"Point","coordinates":[127.15272,37.49495]}},{"type":"Feature","properties":{"n":"거여","g":"kr","m":1},"geometry":{"type":"Point","coordinates":[127.14377,37.49335]}},{"type":"Feature","properties":{"n":"개롱","g":"kr","m":1},"geometry":{"type":"Point","coordinates":[127.13484,37.49807]}},{"type":"Feature","properties":{"n":"방이","g":"kr","m":1},"geometry":{"type":"Point","coordinates":[127.12604,37.50864]}},{"type":"Feature","properties":{"n":"올림픽공원","g":"kr","m":1},"geometry":{"type":"Point","coordinates":[127.13093,37.51615]}},{"type":"Feature","properties":{"n":"둔촌동","g":"kr","m":1},"geometry":{"type":"Point","coordinates":[127.13624,37.5278]}},{"type":"Feature","properties":{"n":"상일동","g":"kr","m":1},"geometry":{"type":"Point","coordinates":[127.16678,37.55678]}},{"type":"Feature","properties":{"n":"고덕","g":"kr","m":1},"geometry":{"type":"Point","coordinates":[127.15638,37.55534]}},{"type":"Feature","properties":{"n":"명일","g":"kr","m":1},"geometry":{"type":"Point","coordinates":[127.14408,37.55195]}},{"type":"Feature","properties":{"n":"굽은다리","g":"kr","m":1},"geometry":{"type":"Point","coordinates":[127.14296,37.54564]}},{"type":"Feature","properties":{"n":"길동","g":"kr","m":1},"geometry":{"type":"Point","coordinates":[127.1402,37.53837]}},{"type":"Feature","properties":{"n":"강동","g":"kr","m":1},"geometry":{"type":"Point","coordinates":[127.1326,37.5358]}},{"type":"Feature","properties":{"n":"광나루","g":"kr","m":1},"geometry":{"type":"Point","coordinates":[127.10353,37.5453]}},{"type":"Feature","properties":{"n":"아차산","g":"kr","m":1},"geometry":{"type":"Point","coordinates":[127.0898,37.5517]}},{"type":"Feature","properties":{"n":"장한평","g":"kr","m":1},"geometry":{"type":"Point","coordinates":[127.06457,37.56149]}},{"type":"Feature","properties":{"n":"답십리","g":"kr","m":1},"geometry":{"type":"Point","coordinates":[127.0527,37.56681]}},{"type":"Feature","properties":{"n":"마장","g":"kr","m":1},"geometry":{"type":"Point","coordinates":[127.04288,37.5661]}},{"type":"Feature","properties":{"n":"행당","g":"kr","m":1},"geometry":{"type":"Point","coordinates":[127.02999,37.55761]}},{"type":"Feature","properties":{"n":"신금호","g":"kr","m":1},"geometry":{"type":"Point","coordinates":[127.02025,37.55443]}},{"type":"Feature","properties":{"n":"광화문","g":"kr","m":1},"geometry":{"type":"Point","coordinates":[126.9769,37.57162]}},{"type":"Feature","properties":{"n":"서대문","g":"kr","m":1},"geometry":{"type":"Point","coordinates":[126.96664,37.5658]}},{"type":"Feature","properties":{"n":"애오개","g":"kr","m":1},"geometry":{"type":"Point","coordinates":[126.9567,37.55343]}},{"type":"Feature","properties":{"n":"공덕","g":"kr","m":1},"geometry":{"type":"Point","coordinates":[126.95081,37.54365]}},{"type":"Feature","properties":{"n":"마포","g":"kr","m":1},"geometry":{"type":"Point","coordinates":[126.94599,37.53964]}},{"type":"Feature","properties":{"n":"여의나루","g":"kr","m":1},"geometry":{"type":"Point","coordinates":[126.93253,37.52685]}},{"type":"Feature","properties":{"n":"여의도","g":"kr","m":1},"geometry":{"type":"Point","coordinates":[126.9243,37.52167]}},{"type":"Feature","properties":{"n":"신길","g":"kr","m":1},"geometry":{"type":"Point","coordinates":[126.91874,37.51665]}},{"type":"Feature","properties":{"n":"영등포시장","g":"kr","m":1},"geometry":{"type":"Point","coordinates":[126.90514,37.52269]}},{"type":"Feature","properties":{"n":"영등포구청","g":"kr","m":1},"geometry":{"type":"Point","coordinates":[126.89634,37.52402]}},{"type":"Feature","properties":{"n":"양평","g":"kr","m":1},"geometry":{"type":"Point","coordinates":[126.88612,37.52563]}},{"type":"Feature","properties":{"n":"오목교","g":"kr","m":1},"geometry":{"type":"Point","coordinates":[126.87512,37.52456]}},{"type":"Feature","properties":{"n":"목동","g":"kr","m":1},"geometry":{"type":"Point","coordinates":[126.86452,37.52612]}},{"type":"Feature","properties":{"n":"신정","g":"kr","m":1},"geometry":{"type":"Point","coordinates":[126.85597,37.52504]}},{"type":"Feature","properties":{"n":"까치산","g":"kr","m":1},"geometry":{"type":"Point","coordinates":[126.84653,37.53211]}},{"type":"Feature","properties":{"n":"화곡","g":"kr","m":1},"geometry":{"type":"Point","coordinates":[126.8404,37.54167]}},{"type":"Feature","properties":{"n":"우장산","g":"kr","m":1},"geometry":{"type":"Point","coordinates":[126.83632,37.54889]}},{"type":"Feature","properties":{"n":"발산","g":"kr","m":1},"geometry":{"type":"Point","coordinates":[126.83747,37.5585]}},{"type":"Feature","properties":{"n":"마곡","g":"kr","m":1},"geometry":{"type":"Point","coordinates":[126.82475,37.56025]}},{"type":"Feature","properties":{"n":"송정","g":"kr","m":1},"geometry":{"type":"Point","coordinates":[126.81194,37.56128]}},{"type":"Feature","properties":{"n":"개화산","g":"kr","m":1},"geometry":{"type":"Point","coordinates":[126.80826,37.57288]}},{"type":"Feature","properties":{"n":"방화","g":"kr","m":1},"geometry":{"type":"Point","coordinates":[126.81273,37.5774]}},{"type":"Feature","properties":{"n":"봉화산","g":"kr","m":1},"geometry":{"type":"Point","coordinates":[127.0911,37.61742]}},{"type":"Feature","properties":{"n":"화랑대","g":"kr","m":1},"geometry":{"type":"Point","coordinates":[127.08371,37.61978]}},{"type":"Feature","properties":{"n":"석계","g":"kr","m":1},"geometry":{"type":"Point","coordinates":[127.06584,37.61481]}},{"type":"Feature","properties":{"n":"돌곶이","g":"kr","m":1},"geometry":{"type":"Point","coordinates":[127.05649,37.61057]}},{"type":"Feature","properties":{"n":"상월곡","g":"kr","m":1},"geometry":{"type":"Point","coordinates":[127.04827,37.60624]}},{"type":"Feature","properties":{"n":"월곡","g":"kr","m":1},"geometry":{"type":"Point","coordinates":[127.04146,37.60192]}},{"type":"Feature","properties":{"n":"안암","g":"kr","m":1},"geometry":{"type":"Point","coordinates":[127.02928,37.58627]}},{"type":"Feature","properties":{"n":"창신","g":"kr","m":1},"geometry":{"type":"Point","coordinates":[127.01525,37.5798]}},{"type":"Feature","properties":{"n":"청구","g":"kr","m":1},"geometry":{"type":"Point","coordinates":[127.01378,37.56023]}},{"type":"Feature","properties":{"n":"버티고개","g":"kr","m":1},"geometry":{"type":"Point","coordinates":[127.00659,37.54823]}},{"type":"Feature","properties":{"n":"한강진","g":"kr","m":1},"geometry":{"type":"Point","coordinates":[127.00175,37.5398]}},{"type":"Feature","properties":{"n":"이태원","g":"kr","m":1},"geometry":{"type":"Point","coordinates":[126.99437,37.5345]}},{"type":"Feature","properties":{"n":"녹사평","g":"kr","m":1},"geometry":{"type":"Point","coordinates":[126.98658,37.53492]}},{"type":"Feature","properties":{"n":"효창공원앞","g":"kr","m":1},"geometry":{"type":"Point","coordinates":[126.96133,37.53934]}},{"type":"Feature","properties":{"n":"대흥","g":"kr","m":1},"geometry":{"type":"Point","coordinates":[126.94235,37.5477]}},{"type":"Feature","properties":{"n":"광흥창","g":"kr","m":1},"geometry":{"type":"Point","coordinates":[126.93196,37.54747]}},{"type":"Feature","properties":{"n":"상수","g":"kr","m":1},"geometry":{"type":"Point","coordinates":[126.92289,37.54776]}},{"type":"Feature","properties":{"n":"망원","g":"kr","m":1},"geometry":{"type":"Point","coordinates":[126.91013,37.55603]}},{"type":"Feature","properties":{"n":"마포구청","g":"kr","m":1},"geometry":{"type":"Point","coordinates":[126.90336,37.56356]}},{"type":"Feature","properties":{"n":"월드컵경기장","g":"kr","m":1},"geometry":{"type":"Point","coordinates":[126.89932,37.57019]}},{"type":"Feature","properties":{"n":"증산","g":"kr","m":1},"geometry":{"type":"Point","coordinates":[126.90991,37.58414]}},{"type":"Feature","properties":{"n":"새절","g":"kr","m":1},"geometry":{"type":"Point","coordinates":[126.91379,37.59165]}},{"type":"Feature","properties":{"n":"구산","g":"kr","m":1},"geometry":{"type":"Point","coordinates":[126.91722,37.61125]}},{"type":"Feature","properties":{"n":"연신내","g":"kr","m":1},"geometry":{"type":"Point","coordinates":[126.92118,37.61892]}},{"type":"Feature","properties":{"n":"독바위","g":"kr","m":1},"geometry":{"type":"Point","coordinates":[126.93302,37.61834]}},{"type":"Feature","properties":{"n":"역촌","g":"kr","m":1},"geometry":{"type":"Point","coordinates":[126.92276,37.60607]}},{"type":"Feature","properties":{"n":"장암","g":"kr","m":1},"geometry":{"type":"Point","coordinates":[127.05291,37.69997]}},{"type":"Feature","properties":{"n":"어린이대공원","g":"kr","m":1},"geometry":{"type":"Point","coordinates":[127.07439,37.5476]}},{"type":"Feature","properties":{"n":"군자","g":"kr","m":1},"geometry":{"type":"Point","coordinates":[127.07956,37.55724]}},{"type":"Feature","properties":{"n":"중곡","g":"kr","m":1},"geometry":{"type":"Point","coordinates":[127.08452,37.56631]}},{"type":"Feature","properties":{"n":"용마산","g":"kr","m":1},"geometry":{"type":"Point","coordinates":[127.08658,37.57399]}},{"type":"Feature","properties":{"n":"사가정","g":"kr","m":1},"geometry":{"type":"Point","coordinates":[127.08841,37.5807]}},{"type":"Feature","properties":{"n":"면목","g":"kr","m":1},"geometry":{"type":"Point","coordinates":[127.0876,37.5884]}},{"type":"Feature","properties":{"n":"상봉","g":"kr","m":1},"geometry":{"type":"Point","coordinates":[127.08559,37.59608]}},{"type":"Feature","properties":{"n":"중화","g":"kr","m":1},"geometry":{"type":"Point","coordinates":[127.07952,37.60163]}},{"type":"Feature","properties":{"n":"먹골","g":"kr","m":1},"geometry":{"type":"Point","coordinates":[127.07765,37.61144]}},{"type":"Feature","properties":{"n":"태릉입구","g":"kr","m":1},"geometry":{"type":"Point","coordinates":[127.07567,37.61769]}},{"type":"Feature","properties":{"n":"공릉","g":"kr","m":1},"geometry":{"type":"Point","coordinates":[127.07304,37.62564]}},{"type":"Feature","properties":{"n":"하계","g":"kr","m":1},"geometry":{"type":"Point","coordinates":[127.06825,37.63602]}},{"type":"Feature","properties":{"n":"중계","g":"kr","m":1},"geometry":{"type":"Point","coordinates":[127.06387,37.64554]}},{"type":"Feature","properties":{"n":"노원","g":"kr","m":1},"geometry":{"type":"Point","coordinates":[127.06049,37.65459]}},{"type":"Feature","properties":{"n":"마들","g":"kr","m":1},"geometry":{"type":"Point","coordinates":[127.05772,37.66504]}},{"type":"Feature","properties":{"n":"수락산","g":"kr","m":1},"geometry":{"type":"Point","coordinates":[127.05531,37.67784]}},{"type":"Feature","properties":{"n":"광명사거리","g":"kr","m":1},"geometry":{"type":"Point","coordinates":[126.85446,37.47942]}},{"type":"Feature","properties":{"n":"철산","g":"kr","m":1},"geometry":{"type":"Point","coordinates":[126.8676,37.476]}},{"type":"Feature","properties":{"n":"가산디지털단지","g":"kr","m":1},"geometry":{"type":"Point","coordinates":[126.88262,37.48159]}},{"type":"Feature","properties":{"n":"남구로","g":"kr","m":1},"geometry":{"type":"Point","coordinates":[126.88667,37.48536]}},{"type":"Feature","properties":{"n":"대림","g":"kr","m":1},"geometry":{"type":"Point","coordinates":[126.89493,37.49344]}},{"type":"Feature","properties":{"n":"신풍","g":"kr","m":1},"geometry":{"type":"Point","coordinates":[126.90888,37.50017]}},{"type":"Feature","properties":{"n":"보라매","g":"kr","m":1},"geometry":{"type":"Point","coordinates":[126.92038,37.49993]}},{"type":"Feature","properties":{"n":"신대방삼거리","g":"kr","m":1},"geometry":{"type":"Point","coordinates":[126.92822,37.49971]}},{"type":"Feature","properties":{"n":"장승배기","g":"kr","m":1},"geometry":{"type":"Point","coordinates":[126.93928,37.50502]}},{"type":"Feature","properties":{"n":"상도","g":"kr","m":1},"geometry":{"type":"Point","coordinates":[126.94767,37.50322]}},{"type":"Feature","properties":{"n":"숭실대입구","g":"kr","m":1},"geometry":{"type":"Point","coordinates":[126.95413,37.49569]}},{"type":"Feature","properties":{"n":"남성","g":"kr","m":1},"geometry":{"type":"Point","coordinates":[126.97189,37.48435]}},{"type":"Feature","properties":{"n":"이수","g":"kr","m":1},"geometry":{"type":"Point","coordinates":[126.98211,37.48545]}},{"type":"Feature","properties":{"n":"내방","g":"kr","m":1},"geometry":{"type":"Point","coordinates":[126.99355,37.48765]}},{"type":"Feature","properties":{"n":"반포","g":"kr","m":1},"geometry":{"type":"Point","coordinates":[127.01163,37.50817]}},{"type":"Feature","properties":{"n":"논현","g":"kr","m":1},"geometry":{"type":"Point","coordinates":[127.02136,37.51098]}},{"type":"Feature","properties":{"n":"학동","g":"kr","m":1},"geometry":{"type":"Point","coordinates":[127.03075,37.51396]}},{"type":"Feature","properties":{"n":"청담","g":"kr","m":1},"geometry":{"type":"Point","coordinates":[127.05168,37.51909]}},{"type":"Feature","properties":{"n":"자양","g":"kr","m":1},"geometry":{"type":"Point","coordinates":[127.06674,37.53153]}},{"type":"Feature","properties":{"n":"용두","g":"kr","m":1},"geometry":{"type":"Point","coordinates":[127.03807,37.57407]}},{"type":"Feature","properties":{"n":"신답","g":"kr","m":1},"geometry":{"type":"Point","coordinates":[127.04713,37.56972]}},{"type":"Feature","properties":{"n":"굴포천","g":"kr","m":1},"geometry":{"type":"Point","coordinates":[126.73134,37.50702]}},{"type":"Feature","properties":{"n":"삼산체육관","g":"kr","m":1},"geometry":{"type":"Point","coordinates":[126.74235,37.5065]}},{"type":"Feature","properties":{"n":"신중동","g":"kr","m":1},"geometry":{"type":"Point","coordinates":[126.77623,37.50304]}},{"type":"Feature","properties":{"n":"춘의","g":"kr","m":1},"geometry":{"type":"Point","coordinates":[126.7872,37.50373]}},{"type":"Feature","properties":{"n":"부천종합운동장","g":"kr","m":1},"geometry":{"type":"Point","coordinates":[126.79729,37.50546]}},{"type":"Feature","properties":{"n":"까치울","g":"kr","m":1},"geometry":{"type":"Point","coordinates":[126.81138,37.50624]}},{"type":"Feature","properties":{"n":"천왕","g":"kr","m":1},"geometry":{"type":"Point","coordinates":[126.83892,37.48637]}},{"type":"Feature","properties":{"n":"수진","g":"kr","m":1},"geometry":{"type":"Point","coordinates":[127.14069,37.43744]}},{"type":"Feature","properties":{"n":"신흥","g":"kr","m":1},"geometry":{"type":"Point","coordinates":[127.14766,37.441]}},{"type":"Feature","properties":{"n":"단대오거리","g":"kr","m":1},"geometry":{"type":"Point","coordinates":[127.15678,37.44508]}},{"type":"Feature","properties":{"n":"남한산성입구","g":"kr","m":1},"geometry":{"type":"Point","coordinates":[127.15981,37.45155]}},{"type":"Feature","properties":{"n":"산성","g":"kr","m":1},"geometry":{"type":"Point","coordinates":[127.14993,37.45687]}},{"type":"Feature","properties":{"n":"남위례","g":"kr","m":1},"geometry":{"type":"Point","coordinates":[127.13922,37.46277]}},{"type":"Feature","properties":{"n":"장지","g":"kr","m":1},"geometry":{"type":"Point","coordinates":[127.12607,37.47889]}},{"type":"Feature","properties":{"n":"문정","g":"kr","m":1},"geometry":{"type":"Point","coordinates":[127.12252,37.48584]}},{"type":"Feature","properties":{"n":"송파","g":"kr","m":1},"geometry":{"type":"Point","coordinates":[127.11218,37.49972]}},{"type":"Feature","properties":{"n":"석촌","g":"kr","m":1},"geometry":{"type":"Point","coordinates":[127.10711,37.5053]}},{"type":"Feature","properties":{"n":"몽촌토성","g":"kr","m":1},"geometry":{"type":"Point","coordinates":[127.11267,37.51753]}},{"type":"Feature","properties":{"n":"강동구청","g":"kr","m":1},"geometry":{"type":"Point","coordinates":[127.12062,37.53069]}},{"type":"Feature","properties":{"n":"암사","g":"kr","m":1},"geometry":{"type":"Point","coordinates":[127.12754,37.55011]}},{"type":"Feature","properties":{"n":"중앙보훈병원","g":"kr","m":1},"geometry":{"type":"Point","coordinates":[127.14826,37.52828]}},{"type":"Feature","properties":{"n":"둔촌오륜","g":"kr","m":1},"geometry":{"type":"Point","coordinates":[127.13842,37.51984]}},{"type":"Feature","properties":{"n":"한성백제","g":"kr","m":1},"geometry":{"type":"Point","coordinates":[127.11621,37.51667]}},{"type":"Feature","properties":{"n":"송파나루","g":"kr","m":1},"geometry":{"type":"Point","coordinates":[127.1128,37.51125]}},{"type":"Feature","properties":{"n":"석촌고분","g":"kr","m":1},"geometry":{"type":"Point","coordinates":[127.09661,37.50244]}},{"type":"Feature","properties":{"n":"삼전","g":"kr","m":1},"geometry":{"type":"Point","coordinates":[127.08721,37.50453]}},{"type":"Feature","properties":{"n":"부평구청","g":"kr","m":1},"geometry":{"type":"Point","coordinates":[126.7211,37.50747]}},{"type":"Feature","properties":{"n":"백석","g":"kr","m":1},"geometry":{"type":"Point","coordinates":[126.78804,37.64304]}},{"type":"Feature","properties":{"n":"북울산","g":"kr"},"geometry":{"type":"Point","coordinates":[129.37245,35.61487]}},{"type":"Feature","properties":{"n":"산곡","g":"kr","m":1},"geometry":{"type":"Point","coordinates":[126.70369,37.5087]}},{"type":"Feature","properties":{"n":"탑승동","g":"kr","m":1},"geometry":{"type":"Point","coordinates":[126.44499,37.45588]}},{"type":"Feature","properties":{"n":"제2터미널","g":"kr","m":1},"geometry":{"type":"Point","coordinates":[126.43589,37.46613]}},{"type":"Feature","properties":{"n":"광교중앙","g":"kr"},"geometry":{"type":"Point","coordinates":[127.05152,37.28856]}},{"type":"Feature","properties":{"n":"상현","g":"kr"},"geometry":{"type":"Point","coordinates":[127.0693,37.29758]}},{"type":"Feature","properties":{"n":"성복","g":"kr"},"geometry":{"type":"Point","coordinates":[127.08038,37.3135]}},{"type":"Feature","properties":{"n":"수지구청","g":"kr"},"geometry":{"type":"Point","coordinates":[127.09475,37.32254]}},{"type":"Feature","properties":{"n":"역곡","g":"kr","m":1},"geometry":{"type":"Point","coordinates":[126.81181,37.48522]}},{"type":"Feature","properties":{"n":"광교","g":"kr"},"geometry":{"type":"Point","coordinates":[127.04428,37.30211]}},{"type":"Feature","properties":{"n":"동천","g":"kr"},"geometry":{"type":"Point","coordinates":[127.10283,37.3381]}},{"type":"Feature","properties":{"n":"오리","g":"kr"},"geometry":{"type":"Point","coordinates":[127.10891,37.33994]}},{"type":"Feature","properties":{"n":"수내","g":"kr"},"geometry":{"type":"Point","coordinates":[127.11425,37.37841]}},{"type":"Feature","properties":{"n":"서현","g":"kr"},"geometry":{"type":"Point","coordinates":[127.12333,37.38491]}},{"type":"Feature","properties":{"n":"야탑","g":"kr"},"geometry":{"type":"Point","coordinates":[127.12871,37.4113]}},{"type":"Feature","properties":{"n":"태평","g":"kr"},"geometry":{"type":"Point","coordinates":[127.12774,37.43971]}},{"type":"Feature","properties":{"n":"가천대","g":"kr"},"geometry":{"type":"Point","coordinates":[127.12672,37.4487]}},{"type":"Feature","properties":{"n":"대모산입구","g":"kr"},"geometry":{"type":"Point","coordinates":[127.07275,37.49139]}},{"type":"Feature","properties":{"n":"개포동","g":"kr"},"geometry":{"type":"Point","coordinates":[127.06604,37.4891]}},{"type":"Feature","properties":{"n":"구룡","g":"kr"},"geometry":{"type":"Point","coordinates":[127.05946,37.48693]}},{"type":"Feature","properties":{"n":"한티","g":"kr"},"geometry":{"type":"Point","coordinates":[127.05287,37.49627]}},{"type":"Feature","properties":{"n":"압구정로데오","g":"kr"},"geometry":{"type":"Point","coordinates":[127.04071,37.52781]}},{"type":"Feature","properties":{"n":"서울숲","g":"kr"},"geometry":{"type":"Point","coordinates":[127.04474,37.54359]}},{"type":"Feature","properties":{"n":"동백산","g":"kr"},"geometry":{"type":"Point","coordinates":[129.03424,37.15435]}},{"type":"Feature","properties":{"n":"센텀","g":"kr"},"geometry":{"type":"Point","coordinates":[129.12452,35.17946]}},{"type":"Feature","properties":{"n":"사상","g":"kr","m":1},"geometry":{"type":"Point","coordinates":[128.98594,35.16228]}},{"type":"Feature","properties":{"n":"김해낙동강레일파크","g":"kr"},"geometry":{"type":"Point","coordinates":[128.8208,35.37179]}},{"type":"Feature","properties":{"n":"한대앞","g":"kr","m":1},"geometry":{"type":"Point","coordinates":[126.85361,37.30973]}},{"type":"Feature","properties":{"n":"대전역","g":"kr","m":1},"geometry":{"type":"Point","coordinates":[127.43336,36.33135]}},{"type":"Feature","properties":{"n":"보정","g":"kr"},"geometry":{"type":"Point","coordinates":[127.10834,37.3126]}},{"type":"Feature","properties":{"n":"양재시민의숲","g":"kr"},"geometry":{"type":"Point","coordinates":[127.03848,37.46971]}},{"type":"Feature","properties":{"n":"청계산입구","g":"kr"},"geometry":{"type":"Point","coordinates":[127.05464,37.44831]}},{"type":"Feature","properties":{"n":"성신여대입구","g":"kr","m":1},"geometry":{"type":"Point","coordinates":[127.01648,37.59268]}},{"type":"Feature","properties":{"n":"고잔","g":"kr","m":1},"geometry":{"type":"Point","coordinates":[126.8231,37.31685]}},{"type":"Feature","properties":{"n":"신보성","g":"kr"},"geometry":{"type":"Point","coordinates":[127.08567,34.75935]}},{"type":"Feature","properties":{"n":"장동","g":"kr"},"geometry":{"type":"Point","coordinates":[126.99527,34.75332]}},{"type":"Feature","properties":{"n":"전남장흥","g":"kr"},"geometry":{"type":"Point","coordinates":[126.91106,34.66909]}},{"type":"Feature","properties":{"n":"청량리","g":"kr","m":1},"geometry":{"type":"Point","coordinates":[127.04463,37.57998]}},{"type":"Feature","properties":{"n":"신내","g":"kr","m":1},"geometry":{"type":"Point","coordinates":[127.10409,37.61255]}},{"type":"Feature","properties":{"n":"종로3가","g":"kr","m":1},"geometry":{"type":"Point","coordinates":[126.99232,37.57044]}},{"type":"Feature","properties":{"n":"이촌","g":"kr","m":1},"geometry":{"type":"Point","coordinates":[126.97337,37.52271]}},{"type":"Feature","properties":{"n":"송추","g":"kr"},"geometry":{"type":"Point","coordinates":[126.97941,37.72079]}},{"type":"Feature","properties":{"n":"진접","g":"kr","m":1},"geometry":{"type":"Point","coordinates":[127.20325,37.72005]}},{"type":"Feature","properties":{"n":"오남","g":"kr","m":1},"geometry":{"type":"Point","coordinates":[127.19117,37.70523]}},{"type":"Feature","properties":{"n":"별내별가람","g":"kr","m":1},"geometry":{"type":"Point","coordinates":[127.11627,37.66782]}},{"type":"Feature","properties":{"n":"약목","g":"kr"},"geometry":{"type":"Point","coordinates":[128.36433,36.03755]}},{"type":"Feature","properties":{"n":"서울역","g":"kr","m":1},"geometry":{"type":"Point","coordinates":[126.9698,37.55344]}},{"type":"Feature","properties":{"n":"장흥","g":"kr"},"geometry":{"type":"Point","coordinates":[126.94161,37.71869]}},{"type":"Feature","properties":{"n":"원릉","g":"kr"},"geometry":{"type":"Point","coordinates":[126.83996,37.66264]}},{"type":"Feature","properties":{"n":"횡성","g":"kr"},"geometry":{"type":"Point","coordinates":[128.01048,37.48281]}},{"type":"Feature","properties":{"n":"부산원동","g":"kr"},"geometry":{"type":"Point","coordinates":[129.11416,35.19363]}},{"type":"Feature","properties":{"n":"수서","g":"kr"},"geometry":{"type":"Point","coordinates":[127.10469,37.4851]}},{"type":"Feature","properties":{"n":"개운포","g":"kr"},"geometry":{"type":"Point","coordinates":[129.32112,35.5079]}},{"type":"Feature","properties":{"n":"망양","g":"kr"},"geometry":{"type":"Point","coordinates":[129.28783,35.45651]}},{"type":"Feature","properties":{"n":"광주송정","g":"kr"},"geometry":{"type":"Point","coordinates":[126.79011,35.13771]}},{"type":"Feature","properties":{"n":"광주","g":"kr"},"geometry":{"type":"Point","coordinates":[126.90932,35.16532]}},{"type":"Feature","properties":{"n":"의정부","g":"kr","m":1},"geometry":{"type":"Point","coordinates":[127.04605,37.7377]}},{"type":"Feature","properties":{"n":"서광주","g":"kr"},"geometry":{"type":"Point","coordinates":[126.84743,35.12473]}},{"type":"Feature","properties":{"n":"미사","g":"kr","m":1},"geometry":{"type":"Point","coordinates":[127.19282,37.56305]}},{"type":"Feature","properties":{"n":"공주","g":"kr"},"geometry":{"type":"Point","coordinates":[127.09664,36.33224]}},{"type":"Feature","properties":{"n":"익산","g":"kr"},"geometry":{"type":"Point","coordinates":[126.94591,35.94126]}},{"type":"Feature","properties":{"n":"정읍","g":"kr"},"geometry":{"type":"Point","coordinates":[126.84192,35.57577]}},{"type":"Feature","properties":{"n":"장성","g":"kr"},"geometry":{"type":"Point","coordinates":[126.77968,35.30012]}},{"type":"Feature","properties":{"n":"목포","g":"kr"},"geometry":{"type":"Point","coordinates":[126.38764,34.79213]}},{"type":"Feature","properties":{"n":"박물관","g":"kr"},"geometry":{"type":"Point","coordinates":[126.59746,37.47036]}},{"type":"Feature","properties":{"n":"월미문화의거리","g":"kr"},"geometry":{"type":"Point","coordinates":[126.5992,37.47735]}},{"type":"Feature","properties":{"n":"동익산","g":"kr"},"geometry":{"type":"Point","coordinates":[126.95693,35.92049]}},{"type":"Feature","properties":{"n":"원인재","g":"kr"},"geometry":{"type":"Point","coordinates":[126.68659,37.41312]}},{"type":"Feature","properties":{"n":"인천","g":"kr"},"geometry":{"type":"Point","coordinates":[126.61737,37.47657]}},{"type":"Feature","properties":{"n":"선정릉","g":"kr"},"geometry":{"type":"Point","coordinates":[127.04369,37.51073]}},{"type":"Feature","properties":{"n":"선릉","g":"kr"},"geometry":{"type":"Point","coordinates":[127.04871,37.50518]}},{"type":"Feature","properties":{"n":"강남구청","g":"kr"},"geometry":{"type":"Point","coordinates":[127.04142,37.51681]}},{"type":"Feature","properties":{"n":"도곡","g":"kr"},"geometry":{"type":"Point","coordinates":[127.05547,37.49063]}},{"type":"Feature","properties":{"n":"수서","g":"kr"},"geometry":{"type":"Point","coordinates":[127.10115,37.48766]}},{"type":"Feature","properties":{"n":"복정","g":"kr"},"geometry":{"type":"Point","coordinates":[127.12673,37.47092]}},{"type":"Feature","properties":{"n":"이매","g":"kr"},"geometry":{"type":"Point","coordinates":[127.12824,37.3953]}},{"type":"Feature","properties":{"n":"정자","g":"kr"},"geometry":{"type":"Point","coordinates":[127.10811,37.36623]}},{"type":"Feature","properties":{"n":"왕십리","g":"kr","m":1},"geometry":{"type":"Point","coordinates":[127.03715,37.56121]}},{"type":"Feature","properties":{"n":"왕십리","g":"kr","m":1},"geometry":{"type":"Point","coordinates":[127.03692,37.56183]}},{"type":"Feature","properties":{"n":"동대구","g":"kr","m":1},"geometry":{"type":"Point","coordinates":[128.62831,35.87919]}},{"type":"Feature","properties":{"n":"웅천","g":"kr"},"geometry":{"type":"Point","coordinates":[126.60673,36.23593]}},{"type":"Feature","properties":{"n":"논산","g":"kr"},"geometry":{"type":"Point","coordinates":[127.09285,36.20691]}},{"type":"Feature","properties":{"n":"청사포","g":"kr","m":1},"geometry":{"type":"Point","coordinates":[129.19138,35.16126]}},{"type":"Feature","properties":{"n":"송학","g":"kr"},"geometry":{"type":"Point","coordinates":[128.2701,37.18695]}},{"type":"Feature","properties":{"n":"사천","g":"kr"},"geometry":{"type":"Point","coordinates":[128.09038,35.0934]}},{"type":"Feature","properties":{"n":"신설동","g":"kr","m":1},"geometry":{"type":"Point","coordinates":[127.02545,37.57452]}},{"type":"Feature","properties":{"n":"가정","g":"kr","m":1},"geometry":{"type":"Point","coordinates":[126.67532,37.52472]}},{"type":"Feature","properties":{"n":"여수엑스포","g":"kr"},"geometry":{"type":"Point","coordinates":[127.74924,34.75551]}},{"type":"Feature","properties":{"n":"동작","g":"kr","m":1},"geometry":{"type":"Point","coordinates":[126.98035,37.50311]}},{"type":"Feature","properties":{"n":"마산","g":"kr"},"geometry":{"type":"Point","coordinates":[128.57673,35.23636]}},{"type":"Feature","properties":{"n":"대구한의대병원","g":"kr","m":1},"geometry":{"type":"Point","coordinates":[128.75103,35.87164]}},{"type":"Feature","properties":{"n":"부호","g":"kr","m":1},"geometry":{"type":"Point","coordinates":[128.80312,35.90019]}},{"type":"Feature","properties":{"n":"구남","g":"kr","m":1},"geometry":{"type":"Point","coordinates":[128.99495,35.19682]}},{"type":"Feature","properties":{"n":"하양","g":"kr"},"geometry":{"type":"Point","coordinates":[128.81844,35.90959]}},{"type":"Feature","properties":{"n":"강릉","g":"kr"},"geometry":{"type":"Point","coordinates":[128.8994,37.76452]}},{"type":"Feature","properties":{"n":"개화","g":"kr","m":1},"geometry":{"type":"Point","coordinates":[126.79767,37.57854]}},{"type":"Feature","properties":{"n":"상봉","g":"kr"},"geometry":{"type":"Point","coordinates":[127.08566,37.59703]}},{"type":"Feature","properties":{"n":"대야","g":"kr"},"geometry":{"type":"Point","coordinates":[126.82425,35.94493]}},{"type":"Feature","properties":{"n":"송도달빛축제공원","g":"kr","m":1},"geometry":{"type":"Point","coordinates":[126.62611,37.40681]}},{"type":"Feature","properties":{"n":"나주","g":"kr"},"geometry":{"type":"Point","coordinates":[126.71748,35.01393]}},{"type":"Feature","properties":{"n":"함평","g":"kr"},"geometry":{"type":"Point","coordinates":[126.53908,35.02368]}},{"type":"Feature","properties":{"n":"무안","g":"kr"},"geometry":{"type":"Point","coordinates":[126.51758,34.9628]}},{"type":"Feature","properties":{"n":"임성리","g":"kr"},"geometry":{"type":"Point","coordinates":[126.43521,34.82047]}},{"type":"Feature","properties":{"n":"소사","g":"kr"},"geometry":{"type":"Point","coordinates":[126.79502,37.483]}},{"type":"Feature","properties":{"n":"서대구","g":"kr"},"geometry":{"type":"Point","coordinates":[128.54174,35.88137]}},{"type":"Feature","properties":{"n":"대구","g":"kr","m":1},"geometry":{"type":"Point","coordinates":[128.59605,35.876]}},{"type":"Feature","properties":{"n":"대구역","g":"kr","m":1},"geometry":{"type":"Point","coordinates":[128.59712,35.87628]}},{"type":"Feature","properties":{"n":"동대구","g":"kr","m":1},"geometry":{"type":"Point","coordinates":[128.62752,35.87743]}},{"type":"Feature","properties":{"n":"봉황","g":"kr","m":1},"geometry":{"type":"Point","coordinates":[128.87428,35.2272]}},{"type":"Feature","properties":{"n":"도산","g":"kr","m":1},"geometry":{"type":"Point","coordinates":[126.78727,35.13138]}},{"type":"Feature","properties":{"n":"학정","g":"kr","m":1},"geometry":{"type":"Point","coordinates":[128.55918,35.95154]}},{"type":"Feature","properties":{"n":"팔거","g":"kr","m":1},"geometry":{"type":"Point","coordinates":[128.55834,35.94403]}},{"type":"Feature","properties":{"n":"동천","g":"kr","m":1},"geometry":{"type":"Point","coordinates":[128.55666,35.93768]}},{"type":"Feature","properties":{"n":"칠곡운암","g":"kr","m":1},"geometry":{"type":"Point","coordinates":[128.55449,35.93142]}},{"type":"Feature","properties":{"n":"구암","g":"kr","m":1},"geometry":{"type":"Point","coordinates":[128.55031,35.9257]}},{"type":"Feature","properties":{"n":"태전","g":"kr","m":1},"geometry":{"type":"Point","coordinates":[128.54739,35.91967]}},{"type":"Feature","properties":{"n":"매천","g":"kr","m":1},"geometry":{"type":"Point","coordinates":[128.54346,35.91267]}},{"type":"Feature","properties":{"n":"매천시장","g":"kr","m":1},"geometry":{"type":"Point","coordinates":[128.54569,35.90434]}},{"type":"Feature","properties":{"n":"팔달","g":"kr","m":1},"geometry":{"type":"Point","coordinates":[128.5467,35.89787]}},{"type":"Feature","properties":{"n":"공단","g":"kr","m":1},"geometry":{"type":"Point","coordinates":[128.55363,35.89198]}},{"type":"Feature","properties":{"n":"만평","g":"kr","m":1},"geometry":{"type":"Point","coordinates":[128.56104,35.88985]}},{"type":"Feature","properties":{"n":"원대","g":"kr","m":1},"geometry":{"type":"Point","coordinates":[128.57433,35.88785]}},{"type":"Feature","properties":{"n":"북구청","g":"kr","m":1},"geometry":{"type":"Point","coordinates":[128.58144,35.88381]}},{"type":"Feature","properties":{"n":"달성공원","g":"kr","m":1},"geometry":{"type":"Point","coordinates":[128.58209,35.87568]}},{"type":"Feature","properties":{"n":"서문시장","g":"kr","m":1},"geometry":{"type":"Point","coordinates":[128.58224,35.86967]}},{"type":"Feature","properties":{"n":"남산","g":"kr","m":1},"geometry":{"type":"Point","coordinates":[128.58341,35.85669]}},{"type":"Feature","properties":{"n":"명덕","g":"kr","m":1},"geometry":{"type":"Point","coordinates":[128.59001,35.85694]}},{"type":"Feature","properties":{"n":"건들바위","g":"kr","m":1},"geometry":{"type":"Point","coordinates":[128.5996,35.8554]}},{"type":"Feature","properties":{"n":"대봉교","g":"kr","m":1},"geometry":{"type":"Point","coordinates":[128.60633,35.85499]}},{"type":"Feature","properties":{"n":"수성시장","g":"kr","m":1},"geometry":{"type":"Point","coordinates":[128.61592,35.85434]}},{"type":"Feature","properties":{"n":"수성구민운동장","g":"kr","m":1},"geometry":{"type":"Point","coordinates":[128.62517,35.85236]}},{"type":"Feature","properties":{"n":"어린이세상","g":"kr","m":1},"geometry":{"type":"Point","coordinates":[128.62442,35.84513]}},{"type":"Feature","properties":{"n":"황금","g":"kr","m":1},"geometry":{"type":"Point","coordinates":[128.6239,35.83909]}},{"type":"Feature","properties":{"n":"수성못","g":"kr","m":1},"geometry":{"type":"Point","coordinates":[128.6232,35.83133]}},{"type":"Feature","properties":{"n":"지산","g":"kr","m":1},"geometry":{"type":"Point","coordinates":[128.6319,35.82519]}},{"type":"Feature","properties":{"n":"범물","g":"kr","m":1},"geometry":{"type":"Point","coordinates":[128.64013,35.82087]}},{"type":"Feature","properties":{"n":"용지","g":"kr","m":1},"geometry":{"type":"Point","coordinates":[128.64641,35.81823]}},{"type":"Feature","properties":{"n":"남광주","g":"kr","m":1},"geometry":{"type":"Point","coordinates":[126.92277,35.13944]}},{"type":"Feature","properties":{"n":"석남","g":"kr","m":1},"geometry":{"type":"Point","coordinates":[126.67621,37.50728]}},{"type":"Feature","properties":{"n":"석남","g":"kr","m":1},"geometry":{"type":"Point","coordinates":[126.67464,37.50629]}},{"type":"Feature","properties":{"n":"차량기지임시승강장","g":"kr"},"geometry":{"type":"Point","coordinates":[127.09489,37.72863]}},{"type":"Feature","properties":{"n":"원주","g":"kr"},"geometry":{"type":"Point","coordinates":[127.92282,37.31641]}},{"type":"Feature","properties":{"n":"광주송정","g":"kr","m":1},"geometry":{"type":"Point","coordinates":[126.79157,35.13755]}},{"type":"Feature","properties":{"n":"주엽","g":"kr","m":1},"geometry":{"type":"Point","coordinates":[126.76124,37.67015]}},{"type":"Feature","properties":{"n":"곡성","g":"kr"},"geometry":{"type":"Point","coordinates":[127.30446,35.28346]}},{"type":"Feature","properties":{"n":"구례구","g":"kr"},"geometry":{"type":"Point","coordinates":[127.45197,35.16348]}},{"type":"Feature","properties":{"n":"봉덕","g":"kr"},"geometry":{"type":"Point","coordinates":[127.45665,35.13387]}},{"type":"Feature","properties":{"n":"순천","g":"kr"},"geometry":{"type":"Point","coordinates":[127.50406,34.94581]}},{"type":"Feature","properties":{"n":"센트럴파크","g":"kr","m":1},"geometry":{"type":"Point","coordinates":[126.63456,37.39351]}},{"type":"Feature","properties":{"n":"인천대입구","g":"kr","m":1},"geometry":{"type":"Point","coordinates":[126.63945,37.38612]}},{"type":"Feature","properties":{"n":"지식정보단지","g":"kr","m":1},"geometry":{"type":"Point","coordinates":[126.64592,37.37747]}},{"type":"Feature","properties":{"n":"테크노파크","g":"kr","m":1},"geometry":{"type":"Point","coordinates":[126.65625,37.3823]}},{"type":"Feature","properties":{"n":"캠퍼스타운","g":"kr","m":1},"geometry":{"type":"Point","coordinates":[126.66189,37.38817]}},{"type":"Feature","properties":{"n":"동막","g":"kr","m":1},"geometry":{"type":"Point","coordinates":[126.67354,37.39862]}},{"type":"Feature","properties":{"n":"동춘","g":"kr","m":1},"geometry":{"type":"Point","coordinates":[126.68027,37.40482]}},{"type":"Feature","properties":{"n":"신연수","g":"kr","m":1},"geometry":{"type":"Point","coordinates":[126.69393,37.41806]}},{"type":"Feature","properties":{"n":"선학","g":"kr","m":1},"geometry":{"type":"Point","coordinates":[126.69899,37.42724]}},{"type":"Feature","properties":{"n":"문학경기장","g":"kr","m":1},"geometry":{"type":"Point","coordinates":[126.6978,37.4351]}},{"type":"Feature","properties":{"n":"인천터미널","g":"kr","m":1},"geometry":{"type":"Point","coordinates":[126.69972,37.44195]}},{"type":"Feature","properties":{"n":"예술회관","g":"kr","m":1},"geometry":{"type":"Point","coordinates":[126.70098,37.44951]}},{"type":"Feature","properties":{"n":"간석오거리","g":"kr","m":1},"geometry":{"type":"Point","coordinates":[126.70795,37.46716]}},{"type":"Feature","properties":{"n":"부평삼거리","g":"kr","m":1},"geometry":{"type":"Point","coordinates":[126.71036,37.47791]}},{"type":"Feature","properties":{"n":"동수","g":"kr","m":1},"geometry":{"type":"Point","coordinates":[126.71854,37.48542]}},{"type":"Feature","properties":{"n":"부평시장","g":"kr","m":1},"geometry":{"type":"Point","coordinates":[126.72229,37.49837]}},{"type":"Feature","properties":{"n":"갈산","g":"kr","m":1},"geometry":{"type":"Point","coordinates":[126.72152,37.51681]}},{"type":"Feature","properties":{"n":"작전","g":"kr","m":1},"geometry":{"type":"Point","coordinates":[126.72253,37.53031]}},{"type":"Feature","properties":{"n":"경인교대입구","g":"kr","m":1},"geometry":{"type":"Point","coordinates":[126.7226,37.53841]}},{"type":"Feature","properties":{"n":"계산","g":"kr","m":1},"geometry":{"type":"Point","coordinates":[126.72786,37.54334]}},{"type":"Feature","properties":{"n":"관악산","g":"kr","m":1},"geometry":{"type":"Point","coordinates":[126.94533,37.46874]}},{"type":"Feature","properties":{"n":"서울대벤처타운","g":"kr","m":1},"geometry":{"type":"Point","coordinates":[126.93371,37.472]}},{"type":"Feature","properties":{"n":"당곡","g":"kr","m":1},"geometry":{"type":"Point","coordinates":[126.9278,37.4897]}},{"type":"Feature","properties":{"n":"보라매병원","g":"kr","m":1},"geometry":{"type":"Point","coordinates":[126.92427,37.49296]}},{"type":"Feature","properties":{"n":"보라매공원","g":"kr","m":1},"geometry":{"type":"Point","coordinates":[126.91819,37.49529]}},{"type":"Feature","properties":{"n":"서울지방병무청","g":"kr","m":1},"geometry":{"type":"Point","coordinates":[126.92272,37.50596]}},{"type":"Feature","properties":{"n":"샛강","g":"kr","m":1},"geometry":{"type":"Point","coordinates":[126.92828,37.51736]}},{"type":"Feature","properties":{"n":"샛강","g":"kr","m":1},"geometry":{"type":"Point","coordinates":[126.92942,37.51737]}},{"type":"Feature","properties":{"n":"김천(구미)","g":"kr"},"geometry":{"type":"Point","coordinates":[128.18069,36.11303]}},{"type":"Feature","properties":{"n":"오근장","g":"kr"},"geometry":{"type":"Point","coordinates":[127.47786,36.6999]}},{"type":"Feature","properties":{"n":"서울역","g":"kr"},"geometry":{"type":"Point","coordinates":[126.97259,37.55542]}},{"type":"Feature","properties":{"n":"장기주차장","g":"kr","m":1},"geometry":{"type":"Point","coordinates":[126.45557,37.44393]}},{"type":"Feature","properties":{"n":"전의","g":"kr"},"geometry":{"type":"Point","coordinates":[127.20234,36.67844]}},{"type":"Feature","properties":{"n":"홍성","g":"kr"},"geometry":{"type":"Point","coordinates":[126.68122,36.59934]}},{"type":"Feature","properties":{"n":"부강","g":"kr"},"geometry":{"type":"Point","coordinates":[127.36502,36.53255]}},{"type":"Feature","properties":{"n":"부산","g":"kr"},"geometry":{"type":"Point","coordinates":[129.04259,35.11555]}},{"type":"Feature","properties":{"n":"교대","g":"kr","m":1},"geometry":{"type":"Point","coordinates":[129.08003,35.19522]}},{"type":"Feature","properties":{"n":"반여농산물시장","g":"kr","m":1},"geometry":{"type":"Point","coordinates":[129.12396,35.21775]}},{"type":"Feature","properties":{"n":"윗반송","g":"kr","m":1},"geometry":{"type":"Point","coordinates":[129.15387,35.23247]}},{"type":"Feature","properties":{"n":"디지털미디어시티","g":"kr","m":1},"geometry":{"type":"Point","coordinates":[126.89808,37.5774]}},{"type":"Feature","properties":{"n":"디지털미디어시티","g":"kr","m":1},"geometry":{"type":"Point","coordinates":[126.90146,37.57619]}},{"type":"Feature","properties":{"n":"노원","g":"kr","m":1},"geometry":{"type":"Point","coordinates":[127.06348,37.65637]}},{"type":"Feature","properties":{"n":"양재","g":"kr"},"geometry":{"type":"Point","coordinates":[127.03485,37.48371]}},{"type":"Feature","properties":{"n":"강남","g":"kr"},"geometry":{"type":"Point","coordinates":[127.02827,37.49646]}},{"type":"Feature","properties":{"n":"문경","g":"kr"},"geometry":{"type":"Point","coordinates":[128.1102,36.72026]}},{"type":"Feature","properties":{"n":"서울역","g":"kr","m":1},"geometry":{"type":"Point","coordinates":[126.97236,37.55607]}},{"type":"Feature","properties":{"n":"신길","g":"kr","m":1},"geometry":{"type":"Point","coordinates":[126.91635,37.51751]}},{"type":"Feature","properties":{"n":"명장","g":"kr","m":1},"geometry":{"type":"Point","coordinates":[129.10177,35.20537]}},{"type":"Feature","properties":{"n":"종합운동장","g":"kr","m":1},"geometry":{"type":"Point","coordinates":[129.06757,35.19089]}},{"type":"Feature","properties":{"n":"낙민","g":"kr","m":1},"geometry":{"type":"Point","coordinates":[129.09082,35.20015]}},{"type":"Feature","properties":{"n":"예산","g":"kr"},"geometry":{"type":"Point","coordinates":[126.82847,36.68711]}},{"type":"Feature","properties":{"n":"아화","g":"kr"},"geometry":{"type":"Point","coordinates":[129.05138,35.89863]}},{"type":"Feature","properties":{"n":"풍기","g":"kr"},"geometry":{"type":"Point","coordinates":[128.52347,36.87406]}},{"type":"Feature","properties":{"n":"단양","g":"kr"},"geometry":{"type":"Point","coordinates":[128.34404,36.9731]}},{"type":"Feature","properties":{"n":"북천","g":"kr"},"geometry":{"type":"Point","coordinates":[127.88358,35.11167]}},{"type":"Feature","properties":{"n":"진상","g":"kr"},"geometry":{"type":"Point","coordinates":[127.71973,35.01508]}},{"type":"Feature","properties":{"n":"일신","g":"kr"},"geometry":{"type":"Point","coordinates":[127.689,37.44536]}},{"type":"Feature","properties":{"n":"가남","g":"kr"},"geometry":{"type":"Point","coordinates":[127.53544,37.19742]}},{"type":"Feature","properties":{"n":"강진","g":"kr"},"geometry":{"type":"Point","coordinates":[126.77229,34.62839]}},{"type":"Feature","properties":{"n":"해남","g":"kr"},"geometry":{"type":"Point","coordinates":[126.6373,34.637]}},{"type":"Feature","properties":{"n":"영암","g":"kr"},"geometry":{"type":"Point","coordinates":[126.53094,34.75874]}},{"type":"Feature","properties":{"n":"포항","g":"kr"},"geometry":{"type":"Point","coordinates":[129.34268,36.07123]}},{"type":"Feature","properties":{"n":"영덕","g":"kr"},"geometry":{"type":"Point","coordinates":[129.37833,36.41025]}},{"type":"Feature","properties":{"n":"앙성온천","g":"kr"},"geometry":{"type":"Point","coordinates":[127.78695,37.09207]}},{"type":"Feature","properties":{"n":"감곡장호원","g":"kr"},"geometry":{"type":"Point","coordinates":[127.63562,37.12704]}},{"type":"Feature","properties":{"n":"각계","g":"kr"},"geometry":{"type":"Point","coordinates":[127.72545,36.20816]}},{"type":"Feature","properties":{"n":"월내","g":"kr"},"geometry":{"type":"Point","coordinates":[129.27656,35.32808]}},{"type":"Feature","properties":{"n":"서생","g":"kr"},"geometry":{"type":"Point","coordinates":[129.29295,35.34613]}},{"type":"Feature","properties":{"n":"덕하","g":"kr"},"geometry":{"type":"Point","coordinates":[129.30312,35.49407]}},{"type":"Feature","properties":{"n":"상계","g":"kr","m":1},"geometry":{"type":"Point","coordinates":[127.07344,37.66076]}},{"type":"Feature","properties":{"n":"파라다이스시티","g":"kr","m":1},"geometry":{"type":"Point","coordinates":[126.45992,37.4371]}},{"type":"Feature","properties":{"n":"선유도","g":"kr","m":1},"geometry":{"type":"Point","coordinates":[126.89398,37.53786]}},{"type":"Feature","properties":{"n":"신목동","g":"kr","m":1},"geometry":{"type":"Point","coordinates":[126.88318,37.54421]}},{"type":"Feature","properties":{"n":"염창","g":"kr","m":1},"geometry":{"type":"Point","coordinates":[126.8754,37.54703]}},{"type":"Feature","properties":{"n":"등촌","g":"kr","m":1},"geometry":{"type":"Point","coordinates":[126.86457,37.55115]}},{"type":"Feature","properties":{"n":"증미","g":"kr","m":1},"geometry":{"type":"Point","coordinates":[126.86182,37.55751]}},{"type":"Feature","properties":{"n":"가양","g":"kr","m":1},"geometry":{"type":"Point","coordinates":[126.8551,37.56114]}},{"type":"Feature","properties":{"n":"양천향교","g":"kr","m":1},"geometry":{"type":"Point","coordinates":[126.8413,37.56845]}},{"type":"Feature","properties":{"n":"신방화","g":"kr","m":1},"geometry":{"type":"Point","coordinates":[126.81659,37.5675]}},{"type":"Feature","properties":{"n":"공항시장","g":"kr","m":1},"geometry":{"type":"Point","coordinates":[126.8106,37.56366]}},{"type":"Feature","properties":{"n":"송정공원","g":"kr","m":1},"geometry":{"type":"Point","coordinates":[126.79954,35.14357]}},{"type":"Feature","properties":{"n":"공항","g":"kr","m":1},"geometry":{"type":"Point","coordinates":[126.81171,35.1441]}},{"type":"Feature","properties":{"n":"김대중컨벤션센터","g":"kr","m":1},"geometry":{"type":"Point","coordinates":[126.84132,35.1432]}},{"type":"Feature","properties":{"n":"운천","g":"kr","m":1},"geometry":{"type":"Point","coordinates":[126.8587,35.1504]}},{"type":"Feature","properties":{"n":"쌍촌","g":"kr","m":1},"geometry":{"type":"Point","coordinates":[126.86957,35.15149]}},{"type":"Feature","properties":{"n":"화정","g":"kr","m":1},"geometry":{"type":"Point","coordinates":[126.87677,35.1519]}},{"type":"Feature","properties":{"n":"농성","g":"kr","m":1},"geometry":{"type":"Point","coordinates":[126.88404,35.15322]}},{"type":"Feature","properties":{"n":"돌고개","g":"kr","m":1},"geometry":{"type":"Point","coordinates":[126.89556,35.15172]}},{"type":"Feature","properties":{"n":"양동시장","g":"kr","m":1},"geometry":{"type":"Point","coordinates":[126.90177,35.15451]}},{"type":"Feature","properties":{"n":"금남로5가","g":"kr","m":1},"geometry":{"type":"Point","coordinates":[126.91007,35.15371]}},{"type":"Feature","properties":{"n":"금남로4가","g":"kr","m":1},"geometry":{"type":"Point","coordinates":[126.91458,35.15071]}},{"type":"Feature","properties":{"n":"문화전당","g":"kr","m":1},"geometry":{"type":"Point","coordinates":[126.91981,35.14668]}},{"type":"Feature","properties":{"n":"학동·증심사입구","g":"kr","m":1},"geometry":{"type":"Point","coordinates":[126.92817,35.13311]}},{"type":"Feature","properties":{"n":"소태","g":"kr","m":1},"geometry":{"type":"Point","coordinates":[126.93223,35.12361]}},{"type":"Feature","properties":{"n":"노은","g":"kr","m":1},"geometry":{"type":"Point","coordinates":[127.31791,36.37411]}},{"type":"Feature","properties":{"n":"지족","g":"kr","m":1},"geometry":{"type":"Point","coordinates":[127.31954,36.38411]}},{"type":"Feature","properties":{"n":"반석","g":"kr","m":1},"geometry":{"type":"Point","coordinates":[127.31482,36.39194]}},{"type":"Feature","properties":{"n":"현충원","g":"kr","m":1},"geometry":{"type":"Point","coordinates":[127.32149,36.35941]}},{"type":"Feature","properties":{"n":"구암","g":"kr","m":1},"geometry":{"type":"Point","coordinates":[127.33073,36.35663]}},{"type":"Feature","properties":{"n":"유성온천","g":"kr","m":1},"geometry":{"type":"Point","coordinates":[127.34165,36.3537]}},{"type":"Feature","properties":{"n":"갑천","g":"kr","m":1},"geometry":{"type":"Point","coordinates":[127.35456,36.35455]}},{"type":"Feature","properties":{"n":"월평","g":"kr","m":1},"geometry":{"type":"Point","coordinates":[127.36446,36.35834]}},{"type":"Feature","properties":{"n":"갈마","g":"kr","m":1},"geometry":{"type":"Point","coordinates":[127.37279,36.35766]}},{"type":"Feature","properties":{"n":"정부청사","g":"kr","m":1},"geometry":{"type":"Point","coordinates":[127.38162,36.35761]}},{"type":"Feature","properties":{"n":"시청","g":"kr","m":1},"geometry":{"type":"Point","coordinates":[127.38659,36.35144]}},{"type":"Feature","properties":{"n":"탄방","g":"kr","m":1},"geometry":{"type":"Point","coordinates":[127.38467,36.34595]}},{"type":"Feature","properties":{"n":"용문","g":"kr","m":1},"geometry":{"type":"Point","coordinates":[127.39326,36.3382]}},{"type":"Feature","properties":{"n":"오룡","g":"kr","m":1},"geometry":{"type":"Point","coordinates":[127.40506,36.3284]}},{"type":"Feature","properties":{"n":"서대전네거리","g":"kr","m":1},"geometry":{"type":"Point","coordinates":[127.41251,36.32239]}},{"type":"Feature","properties":{"n":"중구청","g":"kr","m":1},"geometry":{"type":"Point","coordinates":[127.41958,36.32478]}},{"type":"Feature","properties":{"n":"중앙로","g":"kr","m":1},"geometry":{"type":"Point","coordinates":[127.42592,36.32859]}},{"type":"Feature","properties":{"n":"대동","g":"kr","m":1},"geometry":{"type":"Point","coordinates":[127.44291,36.32941]}},{"type":"Feature","properties":{"n":"신흥","g":"kr","m":1},"geometry":{"type":"Point","coordinates":[127.44896,36.31958]}},{"type":"Feature","properties":{"n":"판암","g":"kr","m":1},"geometry":{"type":"Point","coordinates":[127.45871,36.317]}},{"type":"Feature","properties":{"n":"월드컵경기장","g":"kr","m":1},"geometry":{"type":"Point","coordinates":[127.3179,36.36683]}},{"type":"Feature","properties":{"n":"서경주","g":"kr"},"geometry":{"type":"Point","coordinates":[129.18086,35.88469]}},{"type":"Feature","properties":{"n":"안강","g":"kr"},"geometry":{"type":"Point","coordinates":[129.23342,35.97051]}},{"type":"Feature","properties":{"n":"원종","g":"kr","m":1},"geometry":{"type":"Point","coordinates":[126.80486,37.52385]}},{"type":"Feature","properties":{"n":"총신대입구(이수)","g":"kr","m":1},"geometry":{"type":"Point","coordinates":[126.98224,37.48678]}},{"type":"Feature","properties":{"n":"상부승강장","g":"kr"},"geometry":{"type":"Point","coordinates":[128.61498,34.8658]}},{"type":"Feature","properties":{"n":"동대문","g":"kr","m":1},"geometry":{"type":"Point","coordinates":[127.00953,37.5705]}},{"type":"Feature","properties":{"n":"종로3가","g":"kr","m":1},"geometry":{"type":"Point","coordinates":[126.99027,37.57254]}},{"type":"Feature","properties":{"n":"정릉","g":"kr","m":1},"geometry":{"type":"Point","coordinates":[127.01336,37.60283]}},{"type":"Feature","properties":{"n":"솔샘","g":"kr","m":1},"geometry":{"type":"Point","coordinates":[127.01384,37.62017]}},{"type":"Feature","properties":{"n":"삼양사거리","g":"kr","m":1},"geometry":{"type":"Point","coordinates":[127.02049,37.6212]}},{"type":"Feature","properties":{"n":"삼양","g":"kr","m":1},"geometry":{"type":"Point","coordinates":[127.01818,37.62692]}},{"type":"Feature","properties":{"n":"화계","g":"kr","m":1},"geometry":{"type":"Point","coordinates":[127.01749,37.63403]}},{"type":"Feature","properties":{"n":"가오리","g":"kr","m":1},"geometry":{"type":"Point","coordinates":[127.01657,37.64197]}},{"type":"Feature","properties":{"n":"4.19민주묘지","g":"kr","m":1},"geometry":{"type":"Point","coordinates":[127.01369,37.64934]}},{"type":"Feature","properties":{"n":"솔밭공원","g":"kr","m":1},"geometry":{"type":"Point","coordinates":[127.01325,37.65607]}},{"type":"Feature","properties":{"n":"북한산우이","g":"kr","m":1},"geometry":{"type":"Point","coordinates":[127.01241,37.66332]}},{"type":"Feature","properties":{"n":"강남대","g":"kr","m":1},"geometry":{"type":"Point","coordinates":[127.12613,37.27016]}},{"type":"Feature","properties":{"n":"지석","g":"kr","m":1},"geometry":{"type":"Point","coordinates":[127.13663,37.26975]}},{"type":"Feature","properties":{"n":"어정","g":"kr","m":1},"geometry":{"type":"Point","coordinates":[127.14372,37.27493]}},{"type":"Feature","properties":{"n":"동백","g":"kr","m":1},"geometry":{"type":"Point","coordinates":[127.15277,37.26902]}},{"type":"Feature","properties":{"n":"초당","g":"kr","m":1},"geometry":{"type":"Point","coordinates":[127.15955,37.2608]}},{"type":"Feature","properties":{"n":"삼가","g":"kr","m":1},"geometry":{"type":"Point","coordinates":[127.16828,37.24214]}},{"type":"Feature","properties":{"n":"시청.용인대","g":"kr","m":1},"geometry":{"type":"Point","coordinates":[127.17886,37.23933]}},{"type":"Feature","properties":{"n":"명지대","g":"kr","m":1},"geometry":{"type":"Point","coordinates":[127.19035,37.23797]}},{"type":"Feature","properties":{"n":"김량장","g":"kr","m":1},"geometry":{"type":"Point","coordinates":[127.19864,37.23725]}},{"type":"Feature","properties":{"n":"용인중앙시장","g":"kr","m":1},"geometry":{"type":"Point","coordinates":[127.20908,37.23779]}},{"type":"Feature","properties":{"n":"고진","g":"kr","m":1},"geometry":{"type":"Point","coordinates":[127.21421,37.24452]}},{"type":"Feature","properties":{"n":"보평","g":"kr","m":1},"geometry":{"type":"Point","coordinates":[127.21851,37.25888]}},{"type":"Feature","properties":{"n":"둔전","g":"kr","m":1},"geometry":{"type":"Point","coordinates":[127.21369,37.26719]}},{"type":"Feature","properties":{"n":"시청","g":"kr","m":1},"geometry":{"type":"Point","coordinates":[126.97479,37.56333]}},{"type":"Feature","properties":{"n":"기흥","g":"kr","m":1},"geometry":{"type":"Point","coordinates":[127.11675,37.27544]}},{"type":"Feature","properties":{"n":"노량진","g":"kr","m":1},"geometry":{"type":"Point","coordinates":[126.94157,37.51361]}},{"type":"Feature","properties":{"n":"극락강","g":"kr"},"geometry":{"type":"Point","coordinates":[126.83004,35.17599]}},{"type":"Feature","properties":{"n":"월미공원","g":"kr"},"geometry":{"type":"Point","coordinates":[126.60611,37.47635]}},{"type":"Feature","properties":{"n":"사상","g":"kr","m":1},"geometry":{"type":"Point","coordinates":[128.9847,35.1622]}},{"type":"Feature","properties":{"n":"검단오류","g":"kr","m":1},"geometry":{"type":"Point","coordinates":[126.62793,37.59499]}},{"type":"Feature","properties":{"n":"왕길","g":"kr","m":1},"geometry":{"type":"Point","coordinates":[126.64238,37.59518]}},{"type":"Feature","properties":{"n":"검단사거리","g":"kr","m":1},"geometry":{"type":"Point","coordinates":[126.65673,37.60182]}},{"type":"Feature","properties":{"n":"마전","g":"kr","m":1},"geometry":{"type":"Point","coordinates":[126.66725,37.59757]}},{"type":"Feature","properties":{"n":"완정","g":"kr","m":1},"geometry":{"type":"Point","coordinates":[126.67287,37.59287]}},{"type":"Feature","properties":{"n":"독정","g":"kr","m":1},"geometry":{"type":"Point","coordinates":[126.67596,37.58486]}},{"type":"Feature","properties":{"n":"검암","g":"kr","m":1},"geometry":{"type":"Point","coordinates":[126.67557,37.56875]}},{"type":"Feature","properties":{"n":"검바위","g":"kr","m":1},"geometry":{"type":"Point","coordinates":[126.67751,37.56125]}},{"type":"Feature","properties":{"n":"아시아드경기장","g":"kr","m":1},"geometry":{"type":"Point","coordinates":[126.6771,37.55159]}},{"type":"Feature","properties":{"n":"서해구청","g":"kr","m":1},"geometry":{"type":"Point","coordinates":[126.67682,37.54398]}},{"type":"Feature","properties":{"n":"가정중앙시장","g":"kr","m":1},"geometry":{"type":"Point","coordinates":[126.67679,37.5175]}},{"type":"Feature","properties":{"n":"서부여성회관","g":"kr","m":1},"geometry":{"type":"Point","coordinates":[126.67582,37.49998]}},{"type":"Feature","properties":{"n":"인천가좌","g":"kr","m":1},"geometry":{"type":"Point","coordinates":[126.67524,37.49046]}},{"type":"Feature","properties":{"n":"가재울","g":"kr","m":1},"geometry":{"type":"Point","coordinates":[126.68398,37.48395]}},{"type":"Feature","properties":{"n":"주안국가산단","g":"kr","m":1},"geometry":{"type":"Point","coordinates":[126.68116,37.47399]}},{"type":"Feature","properties":{"n":"시민공원","g":"kr","m":1},"geometry":{"type":"Point","coordinates":[126.68083,37.45841]}},{"type":"Feature","properties":{"n":"석바위시장","g":"kr","m":1},"geometry":{"type":"Point","coordinates":[126.69221,37.45768]}},{"type":"Feature","properties":{"n":"석천사거리","g":"kr","m":1},"geometry":{"type":"Point","coordinates":[126.71078,37.45673]}},{"type":"Feature","properties":{"n":"모래내시장","g":"kr","m":1},"geometry":{"type":"Point","coordinates":[126.71948,37.45586]}},{"type":"Feature","properties":{"n":"만수","g":"kr","m":1},"geometry":{"type":"Point","coordinates":[126.73186,37.45497]}},{"type":"Feature","properties":{"n":"남동구청","g":"kr","m":1},"geometry":{"type":"Point","coordinates":[126.73681,37.44816]}},{"type":"Feature","properties":{"n":"인천대공원","g":"kr","m":1},"geometry":{"type":"Point","coordinates":[126.75281,37.44855]}},{"type":"Feature","properties":{"n":"구미","g":"kr","m":1},"geometry":{"type":"Point","coordinates":[128.33105,36.12831]}},{"type":"Feature","properties":{"n":"대곡","g":"kr"},"geometry":{"type":"Point","coordinates":[126.81212,37.63127]}},{"type":"Feature","properties":{"n":"화순","g":"kr"},"geometry":{"type":"Point","coordinates":[126.96316,35.05131]}},{"type":"Feature","properties":{"n":"대곡","g":"kr"},"geometry":{"type":"Point","coordinates":[126.81118,37.63242]}},{"type":"Feature","properties":{"n":"서화성","g":"kr"},"geometry":{"type":"Point","coordinates":[126.78687,37.24878]}},{"type":"Feature","properties":{"n":"향남","g":"kr"},"geometry":{"type":"Point","coordinates":[126.91278,37.1229]}},{"type":"Feature","properties":{"n":"안중","g":"kr"},"geometry":{"type":"Point","coordinates":[126.93851,36.97197]}},{"type":"Feature","properties":{"n":"인주","g":"kr"},"geometry":{"type":"Point","coordinates":[126.88143,36.83841]}},{"type":"Feature","properties":{"n":"합덕","g":"kr"},"geometry":{"type":"Point","coordinates":[126.79821,36.79625]}},{"type":"Feature","properties":{"n":"운천","g":"kr"},"geometry":{"type":"Point","coordinates":[126.76992,37.87997]}},{"type":"Feature","properties":{"n":"서천","g":"kr"},"geometry":{"type":"Point","coordinates":[126.70847,36.0822]}},{"type":"Feature","properties":{"n":"하동","g":"kr"},"geometry":{"type":"Point","coordinates":[127.76161,35.06388]}},{"type":"Feature","properties":{"n":"창원중앙","g":"kr"},"geometry":{"type":"Point","coordinates":[128.7016,35.24257]}},{"type":"Feature","properties":{"n":"창원","g":"kr"},"geometry":{"type":"Point","coordinates":[128.60703,35.25813]}},{"type":"Feature","properties":{"n":"진부","g":"kr"},"geometry":{"type":"Point","coordinates":[128.57482,37.64257]}},{"type":"Feature","properties":{"n":"다시","g":"kr"},"geometry":{"type":"Point","coordinates":[126.64113,35.01645]}},{"type":"Feature","properties":{"n":"몽탄","g":"kr"},"geometry":{"type":"Point","coordinates":[126.5037,34.92983]}},{"type":"Feature","properties":{"n":"일로","g":"kr"},"geometry":{"type":"Point","coordinates":[126.47709,34.84854]}},{"type":"Feature","properties":{"n":"청도","g":"kr"},"geometry":{"type":"Point","coordinates":[128.74617,35.63985]}},{"type":"Feature","properties":{"n":"상동","g":"kr"},"geometry":{"type":"Point","coordinates":[128.7604,35.55572]}},{"type":"Feature","properties":{"n":"매곡","g":"kr"},"geometry":{"type":"Point","coordinates":[127.73014,37.43659]}},{"type":"Feature","properties":{"n":"성남","g":"kr"},"geometry":{"type":"Point","coordinates":[127.12058,37.39369]}},{"type":"Feature","properties":{"n":"성남","g":"kr","m":1},"geometry":{"type":"Point","coordinates":[127.11941,37.39469]}},{"type":"Feature","properties":{"n":"구성","g":"kr"},"geometry":{"type":"Point","coordinates":[127.10392,37.29904]}},{"type":"Feature","properties":{"n":"양촌","g":"kr","m":1},"geometry":{"type":"Point","coordinates":[126.6148,37.64164]}},{"type":"Feature","properties":{"n":"마산","g":"kr","m":1},"geometry":{"type":"Point","coordinates":[126.64424,37.6406]}},{"type":"Feature","properties":{"n":"장기","g":"kr","m":1},"geometry":{"type":"Point","coordinates":[126.66901,37.64403]}},{"type":"Feature","properties":{"n":"운양","g":"kr","m":1},"geometry":{"type":"Point","coordinates":[126.68394,37.65381]}},{"type":"Feature","properties":{"n":"걸포북변","g":"kr","m":1},"geometry":{"type":"Point","coordinates":[126.70565,37.63171]}},{"type":"Feature","properties":{"n":"사우","g":"kr","m":1},"geometry":{"type":"Point","coordinates":[126.71976,37.6202]}},{"type":"Feature","properties":{"n":"풍무","g":"kr","m":1},"geometry":{"type":"Point","coordinates":[126.73246,37.61237]}},{"type":"Feature","properties":{"n":"고촌","g":"kr","m":1},"geometry":{"type":"Point","coordinates":[126.77021,37.60126]}},{"type":"Feature","properties":{"n":"김포공항","g":"kr","m":1},"geometry":{"type":"Point","coordinates":[126.80196,37.56233]}},{"type":"Feature","properties":{"n":"김포공항","g":"kr"},"geometry":{"type":"Point","coordinates":[126.80406,37.56172]}},{"type":"Feature","properties":{"n":"문경단산 관광모노레일 하부승강장","g":"kr"},"geometry":{"type":"Point","coordinates":[128.15847,36.73678]}},{"type":"Feature","properties":{"n":"옥수","g":"kr","m":1},"geometry":{"type":"Point","coordinates":[127.01755,37.54137]}},{"type":"Feature","properties":{"n":"팔달시장","g":"kr","m":1},"geometry":{"type":"Point","coordinates":[128.56786,35.88886]}},{"type":"Feature","properties":{"n":"후포","g":"kr"},"geometry":{"type":"Point","coordinates":[129.43673,36.68323]}},{"type":"Feature","properties":{"n":"고래불","g":"kr"},"geometry":{"type":"Point","coordinates":[129.40617,36.60257]}},{"type":"Feature","properties":{"n":"장자호수공원","g":"kr","m":1},"geometry":{"type":"Point","coordinates":[127.13791,37.58741]}},{"type":"Feature","properties":{"n":"구리","g":"kr","m":1},"geometry":{"type":"Point","coordinates":[127.14084,37.60227]}},{"type":"Feature","properties":{"n":"동구릉","g":"kr","m":1},"geometry":{"type":"Point","coordinates":[127.13811,37.61051]}},{"type":"Feature","properties":{"n":"다산","g":"kr","m":1},"geometry":{"type":"Point","coordinates":[127.14976,37.62433]}},{"type":"Feature","properties":{"n":"별내","g":"kr","m":1},"geometry":{"type":"Point","coordinates":[127.12782,37.64203]}},{"type":"Feature","properties":{"n":"하양","g":"kr","m":1},"geometry":{"type":"Point","coordinates":[128.81757,35.90943]}},{"type":"Feature","properties":{"n":"군위","g":"kr"},"geometry":{"type":"Point","coordinates":[128.74572,36.16096]}},{"type":"Feature","properties":{"n":"다릿돌전망대","g":"kr","m":1},"geometry":{"type":"Point","coordinates":[129.19598,35.16411]}},{"type":"Feature","properties":{"n":"간현레일바이크종점","g":"kr"},"geometry":{"type":"Point","coordinates":[127.78706,37.38768]}},{"type":"Feature","properties":{"n":"운정중앙","g":"kr"},"geometry":{"type":"Point","coordinates":[126.72829,37.71615]}},{"type":"Feature","properties":{"n":"영해","g":"kr"},"geometry":{"type":"Point","coordinates":[129.39696,36.53894]}},{"type":"Feature","properties":{"n":"평해","g":"kr"},"geometry":{"type":"Point","coordinates":[129.44608,36.7258]}},{"type":"Feature","properties":{"n":"기성","g":"kr"},"geometry":{"type":"Point","coordinates":[129.44758,36.79043]}},{"type":"Feature","properties":{"n":"매화","g":"kr"},"geometry":{"type":"Point","coordinates":[129.40976,36.8827]}},{"type":"Feature","properties":{"n":"울진","g":"kr"},"geometry":{"type":"Point","coordinates":[129.39547,36.98174]}},{"type":"Feature","properties":{"n":"죽변","g":"kr"},"geometry":{"type":"Point","coordinates":[129.40392,37.0499]}},{"type":"Feature","properties":{"n":"흥부","g":"kr"},"geometry":{"type":"Point","coordinates":[129.36912,37.09722]}},{"type":"Feature","properties":{"n":"옥원","g":"kr"},"geometry":{"type":"Point","coordinates":[129.32388,37.18389]}},{"type":"Feature","properties":{"n":"임원","g":"kr"},"geometry":{"type":"Point","coordinates":[129.32651,37.24012]}},{"type":"Feature","properties":{"n":"근덕","g":"kr"},"geometry":{"type":"Point","coordinates":[129.27887,37.31364]}},{"type":"Feature","properties":{"n":"화성시청","g":"kr"},"geometry":{"type":"Point","coordinates":[126.82061,37.18969]}},{"type":"Feature","properties":{"n":"해월전망대","g":"kr","m":1},"geometry":{"type":"Point","coordinates":[129.18097,35.15525]}},{"type":"Feature","properties":{"n":"살미","g":"kr"},"geometry":{"type":"Point","coordinates":[127.96018,36.90224]}},{"type":"Feature","properties":{"n":"수안보온천","g":"kr"},"geometry":{"type":"Point","coordinates":[128.00501,36.84169]}},{"type":"Feature","properties":{"n":"연풍","g":"kr"},"geometry":{"type":"Point","coordinates":[128.0183,36.78643]}},{"type":"Feature","properties":{"n":"킨텍스","g":"kr"},"geometry":{"type":"Point","coordinates":[126.74833,37.66521]}},{"type":"Feature","properties":{"n":"연신내","g":"kr"},"geometry":{"type":"Point","coordinates":[126.9204,37.61893]}},{"type":"Feature","properties":{"n":"동구청","g":"kr","m":1},"geometry":{"type":"Point","coordinates":[128.63222,35.88441]}},{"type":"Feature","properties":{"n":"광양","g":"kr"},"geometry":{"type":"Point","coordinates":[127.58782,34.95615]}},{"type":"Feature","properties":{"n":"강서구청","g":"kr","m":1},"geometry":{"type":"Point","coordinates":[128.98195,35.21123]}},{"type":"Feature","properties":{"n":"체육공원","g":"kr","m":1},"geometry":{"type":"Point","coordinates":[128.96938,35.21249]}},{"type":"Feature","properties":{"n":"미포","g":"kr","m":1},"geometry":{"type":"Point","coordinates":[129.17293,35.15808]}},{"type":"Feature","properties":{"n":"달맞이터널","g":"kr","m":1},"geometry":{"type":"Point","coordinates":[129.17736,35.15554]}},{"type":"Feature","properties":{"n":"구덕포","g":"kr","m":1},"geometry":{"type":"Point","coordinates":[129.19655,35.16901]}},{"type":"Feature","properties":{"n":"보성","g":"kr"},"geometry":{"type":"Point","coordinates":[127.08214,34.76677]}},{"type":"Feature","properties":{"n":"아라","g":"kr","m":1},"geometry":{"type":"Point","coordinates":[126.7133,37.59226]}},{"type":"Feature","properties":{"n":"신검단중앙","g":"kr","m":1},"geometry":{"type":"Point","coordinates":[126.69853,37.60268]}},{"type":"Feature","properties":{"n":"검단호수공원","g":"kr","m":1},"geometry":{"type":"Point","coordinates":[126.68857,37.60244]}},{"type":"Feature","properties":{"n":"뚝섬","g":"kr","m":1},"geometry":{"type":"Point","coordinates":[127.04741,37.54724]}},{"type":"Feature","properties":{"n":"동대문역사문화공원","g":"kr","m":1},"geometry":{"type":"Point","coordinates":[127.00714,37.56428]}},{"type":"Feature","properties":{"n":"종합운동장","g":"kr","m":1},"geometry":{"type":"Point","coordinates":[127.07621,37.51141]}},{"type":"Feature","properties":{"n":"홍대입구","g":"kr","m":1},"geometry":{"type":"Point","coordinates":[126.92345,37.55663]}},{"type":"Feature","properties":{"n":"신천","g":"kr","m":1},"geometry":{"type":"Point","coordinates":[128.61757,35.87462]}},{"type":"Feature","properties":{"n":"아양교","g":"kr","m":1},"geometry":{"type":"Point","coordinates":[128.6399,35.88721]}},{"type":"Feature","properties":{"n":"조성","g":"kr"},"geometry":{"type":"Point","coordinates":[127.24833,34.80664]}},{"type":"Feature","properties":{"n":"대천","g":"kr"},"geometry":{"type":"Point","coordinates":[126.58645,36.34173]}},{"type":"Feature","properties":{"n":"중리","g":"kr"},"geometry":{"type":"Point","coordinates":[128.51918,35.24968]}},{"type":"Feature","properties":{"n":"죽변","g":"kr","m":1},"geometry":{"type":"Point","coordinates":[129.42884,37.05616]}},{"type":"Feature","properties":{"n":"봉수항","g":"kr","m":1},"geometry":{"type":"Point","coordinates":[129.42505,37.06532]}},{"type":"Feature","properties":{"n":"하트해변","g":"kr","m":1},"geometry":{"type":"Point","coordinates":[129.4273,37.06119]}},{"type":"Feature","properties":{"n":"후정","g":"kr","m":1},"geometry":{"type":"Point","coordinates":[129.41691,37.06906]}},{"type":"Feature","properties":{"n":"화원","g":"kr","m":1},"geometry":{"type":"Point","coordinates":[128.50038,35.8043]}},{"type":"Feature","properties":{"n":"상인","g":"kr","m":1},"geometry":{"type":"Point","coordinates":[128.53784,35.81895]}},{"type":"Feature","properties":{"n":"설화명곡","g":"kr","m":1},"geometry":{"type":"Point","coordinates":[128.48932,35.7987]}},{"type":"Feature","properties":{"n":"워터파크","g":"kr","m":1},"geometry":{"type":"Point","coordinates":[126.4342,37.4293]}},{"type":"Feature","properties":{"n":"용유","g":"kr","m":1},"geometry":{"type":"Point","coordinates":[126.42362,37.42482]}},{"type":"Feature","properties":{"n":"합동청사","g":"kr","m":1},"geometry":{"type":"Point","coordinates":[126.4586,37.44051]}},{"type":"Feature","properties":{"n":"대실","g":"kr","m":1},"geometry":{"type":"Point","coordinates":[128.46566,35.85729]}},{"type":"Feature","properties":{"n":"다사","g":"kr","m":1},"geometry":{"type":"Point","coordinates":[128.45792,35.86533]}},{"type":"Feature","properties":{"n":"신기","g":"kr","m":1},"geometry":{"type":"Point","coordinates":[128.70164,35.86674]}},{"type":"Feature","properties":{"n":"안동","g":"kr"},"geometry":{"type":"Point","coordinates":[128.67493,36.57414]}},{"type":"Feature","properties":{"n":"영남대","g":"kr","m":1},"geometry":{"type":"Point","coordinates":[128.75353,35.83659]}},{"type":"Feature","properties":{"n":"임당","g":"kr","m":1},"geometry":{"type":"Point","coordinates":[128.74103,35.83412]}},{"type":"Feature","properties":{"n":"정평","g":"kr","m":1},"geometry":{"type":"Point","coordinates":[128.72834,35.83407]}},{"type":"Feature","properties":{"n":"사월","g":"kr","m":1},"geometry":{"type":"Point","coordinates":[128.71608,35.83686]}},{"type":"Feature","properties":{"n":"신매","g":"kr","m":1},"geometry":{"type":"Point","coordinates":[128.70498,35.84084]}},{"type":"Feature","properties":{"n":"고산","g":"kr","m":1},"geometry":{"type":"Point","coordinates":[128.69335,35.84296]}},{"type":"Feature","properties":{"n":"수성알파시티","g":"kr","m":1},"geometry":{"type":"Point","coordinates":[128.68026,35.84263]}},{"type":"Feature","properties":{"n":"연호","g":"kr","m":1},"geometry":{"type":"Point","coordinates":[128.67206,35.84642]}},{"type":"Feature","properties":{"n":"담티","g":"kr","m":1},"geometry":{"type":"Point","coordinates":[128.65422,35.85468]}},{"type":"Feature","properties":{"n":"만촌","g":"kr","m":1},"geometry":{"type":"Point","coordinates":[128.64513,35.85889]}},{"type":"Feature","properties":{"n":"수성구청","g":"kr","m":1},"geometry":{"type":"Point","coordinates":[128.63579,35.85885]}},{"type":"Feature","properties":{"n":"범어","g":"kr","m":1},"geometry":{"type":"Point","coordinates":[128.62652,35.85905]}},{"type":"Feature","properties":{"n":"대구은행","g":"kr","m":1},"geometry":{"type":"Point","coordinates":[128.61413,35.85977]}},{"type":"Feature","properties":{"n":"경대병원","g":"kr","m":1},"geometry":{"type":"Point","coordinates":[128.60307,35.86309]}},{"type":"Feature","properties":{"n":"청라언덕","g":"kr","m":1},"geometry":{"type":"Point","coordinates":[128.58321,35.86512]}},{"type":"Feature","properties":{"n":"반고개","g":"kr","m":1},"geometry":{"type":"Point","coordinates":[128.57366,35.86245]}},{"type":"Feature","properties":{"n":"내당","g":"kr","m":1},"geometry":{"type":"Point","coordinates":[128.56463,35.86013]}},{"type":"Feature","properties":{"n":"두류","g":"kr","m":1},"geometry":{"type":"Point","coordinates":[128.55568,35.85721]}},{"type":"Feature","properties":{"n":"감삼","g":"kr","m":1},"geometry":{"type":"Point","coordinates":[128.54827,35.85437]}},{"type":"Feature","properties":{"n":"죽전","g":"kr","m":1},"geometry":{"type":"Point","coordinates":[128.53821,35.85047]}},{"type":"Feature","properties":{"n":"용산","g":"kr","m":1},"geometry":{"type":"Point","coordinates":[128.52888,35.84907]}},{"type":"Feature","properties":{"n":"이곡","g":"kr","m":1},"geometry":{"type":"Point","coordinates":[128.51579,35.85061]}},{"type":"Feature","properties":{"n":"성서산업단지","g":"kr","m":1},"geometry":{"type":"Point","coordinates":[128.5072,35.85172]}},{"type":"Feature","properties":{"n":"계명대","g":"kr","m":1},"geometry":{"type":"Point","coordinates":[128.49198,35.85153]}},{"type":"Feature","properties":{"n":"강창","g":"kr","m":1},"geometry":{"type":"Point","coordinates":[128.47815,35.85312]}},{"type":"Feature","properties":{"n":"문양","g":"kr","m":1},"geometry":{"type":"Point","coordinates":[128.43713,35.86434]}},{"type":"Feature","properties":{"n":"안심","g":"kr","m":1},"geometry":{"type":"Point","coordinates":[128.73368,35.87119]}},{"type":"Feature","properties":{"n":"각산","g":"kr","m":1},"geometry":{"type":"Point","coordinates":[128.7239,35.86788]}},{"type":"Feature","properties":{"n":"반야월","g":"kr","m":1},"geometry":{"type":"Point","coordinates":[128.71362,35.86596]}},{"type":"Feature","properties":{"n":"율하","g":"kr","m":1},"geometry":{"type":"Point","coordinates":[128.69282,35.8697]}},{"type":"Feature","properties":{"n":"용계","g":"kr","m":1},"geometry":{"type":"Point","coordinates":[128.68141,35.87628]}},{"type":"Feature","properties":{"n":"방촌","g":"kr","m":1},"geometry":{"type":"Point","coordinates":[128.66966,35.87981]}},{"type":"Feature","properties":{"n":"해안","g":"kr","m":1},"geometry":{"type":"Point","coordinates":[128.65888,35.88358]}},{"type":"Feature","properties":{"n":"동촌","g":"kr","m":1},"geometry":{"type":"Point","coordinates":[128.65039,35.88602]}},{"type":"Feature","properties":{"n":"칠성시장","g":"kr","m":1},"geometry":{"type":"Point","coordinates":[128.60507,35.8761]}},{"type":"Feature","properties":{"n":"중앙로","g":"kr","m":1},"geometry":{"type":"Point","coordinates":[128.59404,35.87074]}},{"type":"Feature","properties":{"n":"교대","g":"kr","m":1},"geometry":{"type":"Point","coordinates":[128.59055,35.8504]}},{"type":"Feature","properties":{"n":"영대병원","g":"kr","m":1},"geometry":{"type":"Point","coordinates":[128.58862,35.84441]}},{"type":"Feature","properties":{"n":"현충로","g":"kr","m":1},"geometry":{"type":"Point","coordinates":[128.5813,35.84084]}},{"type":"Feature","properties":{"n":"안지랑","g":"kr","m":1},"geometry":{"type":"Point","coordinates":[128.57382,35.8392]}},{"type":"Feature","properties":{"n":"대명","g":"kr","m":1},"geometry":{"type":"Point","coordinates":[128.56502,35.83927]}},{"type":"Feature","properties":{"n":"서부정류장","g":"kr","m":1},"geometry":{"type":"Point","coordinates":[128.5571,35.83695]}},{"type":"Feature","properties":{"n":"송현","g":"kr","m":1},"geometry":{"type":"Point","coordinates":[128.55192,35.83128]}},{"type":"Feature","properties":{"n":"월촌","g":"kr","m":1},"geometry":{"type":"Point","coordinates":[128.54583,35.82403]}},{"type":"Feature","properties":{"n":"월배","g":"kr","m":1},"geometry":{"type":"Point","coordinates":[128.53042,35.81616]}},{"type":"Feature","properties":{"n":"진천","g":"kr","m":1},"geometry":{"type":"Point","coordinates":[128.52269,35.81382]}},{"type":"Feature","properties":{"n":"대곡","g":"kr","m":1},"geometry":{"type":"Point","coordinates":[128.51246,35.80943]}},{"type":"Feature","properties":{"n":"반월당","g":"kr","m":1},"geometry":{"type":"Point","coordinates":[128.59341,35.86551]}},{"type":"Feature","properties":{"n":"초월","g":"kr","m":1},"geometry":{"type":"Point","coordinates":[127.29995,37.37336]}},{"type":"Feature","properties":{"n":"북삼","g":"kr"},"geometry":{"type":"Point","coordinates":[128.34531,36.0561]}},{"type":"Feature","properties":{"n":"점촌","g":"kr"},"geometry":{"type":"Point","coordinates":[128.20416,36.59622]}},{"type":"Feature","properties":{"n":"함안","g":"kr"},"geometry":{"type":"Point","coordinates":[128.42466,35.24933]}},{"type":"Feature","properties":{"n":"태백","g":"kr"},"geometry":{"type":"Point","coordinates":[128.984,37.17591]}},{"type":"Feature","properties":{"n":"삼탄","g":"kr"},"geometry":{"type":"Point","coordinates":[128.03867,37.07342]}},{"type":"Feature","properties":{"n":"사직","g":"kr","m":1},"geometry":{"type":"Point","coordinates":[129.0651,35.19906]}},{"type":"Feature","properties":{"n":"만덕","g":"kr","m":1},"geometry":{"type":"Point","coordinates":[129.03649,35.21301]}},{"type":"Feature","properties":{"n":"남산정","g":"kr","m":1},"geometry":{"type":"Point","coordinates":[129.02396,35.21335]}},{"type":"Feature","properties":{"n":"숙등","g":"kr","m":1},"geometry":{"type":"Point","coordinates":[129.01275,35.212]}},{"type":"Feature","properties":{"n":"동백","g":"kr","m":1},"geometry":{"type":"Point","coordinates":[129.06262,35.2037]}},{"type":"Feature","properties":{"n":"문현","g":"kr","m":1},"geometry":{"type":"Point","coordinates":[129.06731,35.13914]}},{"type":"Feature","properties":{"n":"국제금융센터·부산은행","g":"kr","m":1},"geometry":{"type":"Point","coordinates":[129.06669,35.14572]}},{"type":"Feature","properties":{"n":"전포","g":"kr","m":1},"geometry":{"type":"Point","coordinates":[129.06534,35.15282]}},{"type":"Feature","properties":{"n":"동의대","g":"kr","m":1},"geometry":{"type":"Point","coordinates":[129.03214,35.15396]}},{"type":"Feature","properties":{"n":"가야","g":"kr","m":1},"geometry":{"type":"Point","coordinates":[129.04279,35.15583]}},{"type":"Feature","properties":{"n":"지게골","g":"kr","m":1},"geometry":{"type":"Point","coordinates":[129.07422,35.13565]}},{"type":"Feature","properties":{"n":"못골","g":"kr","m":1},"geometry":{"type":"Point","coordinates":[129.08478,35.13474]}},{"type":"Feature","properties":{"n":"대연","g":"kr","m":1},"geometry":{"type":"Point","coordinates":[129.09217,35.13513]}},{"type":"Feature","properties":{"n":"경성대·부경대","g":"kr","m":1},"geometry":{"type":"Point","coordinates":[129.10052,35.13754]}},{"type":"Feature","properties":{"n":"감전","g":"kr","m":1},"geometry":{"type":"Point","coordinates":[128.99087,35.15569]}},{"type":"Feature","properties":{"n":"주례","g":"kr","m":1},"geometry":{"type":"Point","coordinates":[129.00314,35.15049]}},{"type":"Feature","properties":{"n":"남천","g":"kr","m":1},"geometry":{"type":"Point","coordinates":[129.10786,35.14212]}},{"type":"Feature","properties":{"n":"금련산","g":"kr","m":1},"geometry":{"type":"Point","coordinates":[129.11098,35.14974]}},{"type":"Feature","properties":{"n":"광안","g":"kr","m":1},"geometry":{"type":"Point","coordinates":[129.11312,35.15791]}},{"type":"Feature","properties":{"n":"동백","g":"kr","m":1},"geometry":{"type":"Point","coordinates":[129.14809,35.16125]}},{"type":"Feature","properties":{"n":"냉정","g":"kr","m":1},"geometry":{"type":"Point","coordinates":[129.01242,35.15127]}},{"type":"Feature","properties":{"n":"부암","g":"kr","m":1},"geometry":{"type":"Point","coordinates":[129.0505,35.15742]}},{"type":"Feature","properties":{"n":"간치","g":"kr"},"geometry":{"type":"Point","coordinates":[126.62047,36.20994]}},{"type":"Feature","properties":{"n":"박촌","g":"kr","m":1},"geometry":{"type":"Point","coordinates":[126.74497,37.55384]}},{"type":"Feature","properties":{"n":"임학","g":"kr","m":1},"geometry":{"type":"Point","coordinates":[126.73869,37.54506]}},{"type":"Feature","properties":{"n":"부천시청","g":"kr","m":1},"geometry":{"type":"Point","coordinates":[126.76383,37.50462]}},{"type":"Feature","properties":{"n":"구례구역","g":"kr"},"geometry":{"type":"Point","coordinates":[127.45265,35.16346]}},{"type":"Feature","properties":{"n":"상주","g":"kr"},"geometry":{"type":"Point","coordinates":[128.16375,36.41027]}},{"type":"Feature","properties":{"n":"월미바다","g":"kr"},"geometry":{"type":"Point","coordinates":[126.61655,37.47546]}},{"type":"Feature","properties":{"n":"상무역","g":"kr","m":1},"geometry":{"type":"Point","coordinates":[126.84832,35.14657]}},{"type":"Feature","properties":{"n":"진해역","g":"kr"},"geometry":{"type":"Point","coordinates":[128.66015,35.15346]}}]}