{"type":"FeatureCollection","features":[{"type":"Feature","properties":{"g":"kr"},"geometry":{"type":"MultiLineString","coordinates":[[[126.38678,34.79043],[126.38764,34.79298],[126.38824,34.79442]],[[126.38832,34.79417],[126.38823,34.79319],[126.3873,34.79038]],[[126.38835,34.79443],[126.38829,34.79319],[126.38735,34.79038]],[[126.38744,34.7904],[126.38838,34.79323]],[[126.38847,34.79376],[126.38818,34.79232],[126.38752,34.79049]],[[126.38756,34.79047],[126.38812,34.79199],[126.38839,34.79304],[126.38851,34.79482],[126.38862,34.79531]],[[126.38798,34.79059],[126.38809,34.79156],[126.3883,34.79266]],[[126.38801,34.79391],[126.38923,34.79754]],[[126.38845,34.7931],[126.38802,34.79072]],[[126.38805,34.7906],[126.38843,34.79276]],[[126.38808,34.79052],[126.38842,34.79246]],[[126.38846,34.79343],[126.3884,34.79202],[126.38812,34.7905]],[[126.38833,34.79493],[126.38866,34.79562]],[[126.38838,34.79058],[126.38851,34.79346]],[[126.38844,34.79055],[126.38854,34.79322]],[[126.38854,34.79289],[126.38857,34.79235],[126.38849,34.79054]],[[126.38852,34.7939],[126.38876,34.79178]],[[126.38898,34.79119],[126.38875,34.79162],[126.38868,34.79191],[126.38851,34.79346],[126.38853,34.79425]],[[126.38855,34.79358],[126.38861,34.79329],[126.38908,34.79212],[126.38913,34.79121]],[[126.38857,34.79386],[126.38871,34.79491],[126.38921,34.79603]],[[126.3886,34.7936],[126.38935,34.79191]],[[126.38861,34.79329],[126.38883,34.79252],[126.38894,34.79175]],[[126.38865,34.7927],[126.38866,34.79213]],[[126.38868,34.79551],[126.38891,34.79594]],[[126.38879,34.79332],[126.38873,34.79435],[126.38876,34.79462],[126.38952,34.79695]],[[126.38955,34.79752],[126.38939,34.79695],[126.38895,34.79604]],[[126.38908,34.79562],[126.38878,34.79442],[126.38883,34.79393],[126.38906,34.79354]],[[126.3891,34.79355],[126.38904,34.79384],[126.38909,34.79483],[126.38946,34.79636],[126.38954,34.79724]],[[126.38912,34.7942],[126.38913,34.79477],[126.38923,34.79529]],[[126.38913,34.79356],[126.38921,34.79462],[126.38959,34.79642],[126.38954,34.79724],[126.3896,34.79819]],[[126.38916,34.79356],[126.38968,34.79588],[126.38966,34.79655]],[[126.38919,34.79355],[126.38929,34.79378],[126.38974,34.79583],[126.38973,34.79628],[126.38955,34.79699]],[[126.38921,34.79354],[126.38936,34.79378],[126.3898,34.79578],[126.38973,34.79628]],[[126.38925,34.79392],[126.3893,34.79458],[126.38966,34.79613],[126.38958,34.79666]],[[126.38931,34.7919],[126.38864,34.79333],[126.38854,34.79458],[126.38859,34.79497],[126.38945,34.79756],[126.38956,34.79834]],[[126.42398,34.77506],[126.42283,34.77465],[126.41683,34.77307],[126.4159,34.77291]],[[126.41627,34.77297],[126.42355,34.77489]],[[126.43054,34.77558],[126.4285,34.77599],[126.42781,34.776],[126.42676,34.77587],[126.41712,34.77328],[126.41634,34.77302]],[[126.41672,34.77317],[126.41756,34.77348],[126.42396,34.77511]],[[126.4235,34.77501],[126.41706,34.7733]],[[126.43007,37.42865],[126.42917,37.42811],[126.42815,37.42766],[126.42772,37.42756],[126.42517,37.42725],[126.42471,37.42709],[126.42348,37.4264]],[[126.42839,37.42768],[126.42743,37.42742],[126.42529,37.42722],[126.42484,37.42707],[126.42354,37.42634]],[[126.42626,37.42735],[126.42504,37.42709],[126.42359,37.42629]],[[126.42362,37.42627],[126.42482,37.42694],[126.42587,37.42728]],[[126.42723,37.4274],[126.42607,37.42727],[126.42557,37.42713],[126.42371,37.42608]],[[126.42641,37.42729],[126.42543,37.42702],[126.42374,37.42605]],[[126.42679,37.42735],[126.42618,37.42723],[126.42555,37.42703],[126.42377,37.42602]],[[126.42762,37.42746],[126.4259,37.42707],[126.42388,37.42594]],[[126.42711,37.42726],[126.42618,37.42704],[126.42577,37.42687],[126.42396,37.42581]],[[126.42803,37.42755],[126.4259,37.42686],[126.42399,37.42577]],[[126.42407,37.42568],[126.42595,37.42678],[126.42736,37.42724],[126.42887,37.42789],[126.43801,37.4333],[126.43853,37.43377],[126.43899,37.4344],[126.44196,37.44011],[126.4426,37.44109],[126.44321,37.44179],[126.44363,37.44215],[126.44433,37.44262],[126.44536,37.4431]],[[126.42648,37.42695],[126.42587,37.4267],[126.4241,37.42565]],[[126.42681,37.42706],[126.42603,37.42671],[126.42414,37.42561]],[[126.42414,34.77517],[126.42474,34.77527]],[[126.42722,37.42719],[126.42621,37.42674],[126.42419,37.42555]],[[126.43455,37.43114],[126.43263,37.42984],[126.42455,37.42509]],[[126.43637,37.43223],[126.43358,37.43032],[126.42466,37.425]],[[126.43504,37.43143],[126.43222,37.42955],[126.42478,37.42518]],[[126.42497,37.42563],[126.42657,37.42659],[126.42758,37.42706]],[[126.425,37.4256],[126.42724,37.4269]],[[126.42726,37.42687],[126.42503,37.42557]],[[126.42506,37.42553],[126.42758,37.42706]],[[126.42592,34.77566],[126.42531,34.77544]],[[126.42754,37.42981],[126.42623,37.42922],[126.42553,37.42882]],[[126.42559,37.42875],[126.42617,37.4291],[126.42703,37.4295],[126.4257,37.42862]],[[126.42563,37.42733],[126.42614,37.42743],[126.42667,37.42761],[126.43058,37.42988]],[[126.42659,37.42918],[126.42839,37.43032],[126.42565,37.42868]],[[126.42601,37.42737],[126.42668,37.42738]],[[126.42611,37.42926],[126.42807,37.43015],[126.4299,37.43118]],[[126.42637,37.42741],[126.42698,37.42754],[126.42777,37.42783],[126.4319,37.43025]],[[126.42673,37.42748],[126.42771,37.42768],[126.4282,37.42788],[126.43053,37.42924],[126.43142,37.42991]],[[126.42693,37.42776],[126.42762,37.42825],[126.43052,37.42996]],[[126.42847,37.42758],[126.42725,37.42668]],[[126.42781,37.42696],[126.42736,37.42664]],[[126.42876,37.42776],[126.42736,37.42724]],[[126.44539,37.44305],[126.44347,37.44186],[126.44265,37.44104],[126.44202,37.44009],[126.43906,37.43438],[126.43874,37.43391],[126.4383,37.43346],[126.43749,37.43288],[126.42758,37.42706]],[[126.42792,37.42703],[126.42844,37.42728]],[[126.42844,37.43035],[126.4295,37.4311]],[[126.43643,37.43234],[126.43771,37.43334],[126.43812,37.43385],[126.43831,37.43423],[126.43843,37.43475],[126.43843,37.43523],[126.43821,37.43598],[126.43747,37.43703],[126.42949,37.44701],[126.42851,37.44837]],[[126.42852,37.42774],[126.42917,37.42811]],[[126.42856,37.44839],[126.42971,37.44713],[126.43443,37.44122],[126.43552,37.43953],[126.43773,37.43677],[126.43827,37.43599],[126.43846,37.43544],[126.43851,37.43492],[126.43844,37.43442],[126.43829,37.43404],[126.43799,37.43356],[126.43762,37.43316],[126.43726,37.43282],[126.43649,37.4323]],[[126.42887,37.42789],[126.42953,37.42822]],[[126.42891,37.42786],[126.4295,37.42825]],[[126.42976,37.46689],[126.42892,37.46648]],[[126.42894,37.43064],[126.42986,37.43122]],[[126.42962,37.42833],[126.4302,37.42876],[126.43166,37.43009],[126.43478,37.43194]],[[126.42996,37.46708],[126.43145,37.46806],[126.43529,37.47023]],[[126.43001,37.46704],[126.43194,37.46798]],[[126.43004,37.42857],[126.43081,37.42913],[126.43363,37.4308],[126.43451,37.43121]],[[126.4302,37.42876],[126.43133,37.42959],[126.43299,37.43057],[126.43346,37.43084],[126.43467,37.43133]],[[126.43423,37.43109],[126.43033,37.42878]],[[126.43055,37.42907],[126.43144,37.42975],[126.43289,37.43059],[126.43359,37.43093],[126.43396,37.43104]],[[126.4306,37.42905],[126.43333,37.43068],[126.43432,37.43117]],[[126.43359,37.43093],[126.43297,37.4307],[126.4313,37.42973],[126.43078,37.42931]],[[126.43382,37.43095],[126.43342,37.43077],[126.43088,37.42927]],[[126.431,37.42942],[126.43346,37.43084]],[[126.43104,37.42956],[126.43148,37.42989],[126.43276,37.43063],[126.43495,37.43147]],[[126.43214,34.82028],[126.43108,34.82025]],[[126.43966,34.82055],[126.43759,34.8206],[126.43316,34.82049],[126.43115,34.82034]],[[126.4312,37.42971],[126.43273,37.43067],[126.43328,37.43092],[126.4347,37.4314],[126.43564,37.43194]],[[126.4353,37.46994],[126.43429,37.46922],[126.43297,37.46847],[126.43194,37.46798]],[[126.43194,37.46798],[126.4353,37.46994]],[[126.43471,37.432],[126.43267,37.4308],[126.43201,37.43032]],[[126.43226,34.82043],[126.43313,34.82053],[126.437,34.82064],[126.439,34.82057]],[[126.43242,37.43056],[126.43295,37.43078]],[[126.43269,34.82026],[126.43332,34.82023],[126.43755,34.82034],[126.43815,34.82041]],[[126.43398,37.43111],[126.43328,37.43092]],[[126.43755,34.82034],[126.43485,34.8202],[126.43332,34.82023]],[[126.4345,37.43178],[126.43384,37.43147]],[[126.43512,37.43157],[126.43593,37.43197]],[[126.43588,37.43201],[126.43517,37.43151]],[[126.4353,37.46994],[126.43546,37.47004]],[[126.43584,34.82061],[126.43761,34.82069],[126.43864,34.82061]],[[126.45002,37.4457],[126.45048,37.4459]],[[126.45046,37.44594],[126.45005,37.44566]],[[126.45387,37.44776],[126.45358,37.44749],[126.45183,37.44651],[126.45081,37.44609]],[[126.45387,37.44776],[126.45177,37.44657],[126.45117,37.44629]],[[126.45422,37.44799],[126.45387,37.44776]],[[126.45438,37.44814],[126.45488,37.44836]],[[126.45484,37.4484],[126.45441,37.4481]],[[126.47483,34.84571],[126.47452,34.84527]],[[126.47474,34.84547],[126.47522,34.84599]],[[126.48008,34.85245],[126.47894,34.85114],[126.47576,34.84705],[126.47483,34.84571]],[[126.4798,34.85213],[126.4789,34.85116],[126.47573,34.84707],[126.47483,34.84571]],[[126.47569,34.84645],[126.47598,34.84674],[126.47925,34.85097],[126.47972,34.85174]],[[126.4799,34.85211],[126.47922,34.85099],[126.47569,34.84645]],[[126.47569,34.84645],[126.47533,34.84612],[126.47918,34.85101],[126.48012,34.85243]],[[126.47612,34.84692],[126.47636,34.84715],[126.47925,34.8509],[126.47952,34.85138]],[[126.4792,34.85084],[126.47899,34.85049],[126.47636,34.84715]],[[126.48057,34.85303],[126.4809,34.85354]],[[126.50301,34.92676],[126.50304,34.92755],[126.50316,34.92824],[126.504,34.9322],[126.50434,34.9329]],[[126.50318,34.92754],[126.50319,34.92805],[126.50372,34.93045],[126.50415,34.93235],[126.50439,34.93301],[126.5041,34.93236],[126.50374,34.93079],[126.50319,34.92819],[126.50303,34.92687]],[[126.50439,34.93277],[126.50431,34.93201],[126.50336,34.92758],[126.50308,34.92678]],[[126.51912,34.96477],[126.51816,34.9637],[126.51564,34.96062],[126.51469,34.9593],[126.51592,34.96062],[126.5183,34.96353],[126.51935,34.96499]],[[126.52326,37.51135],[126.52411,37.51182],[126.52555,37.5124],[126.52648,37.51267]],[[126.52651,37.51264],[126.52568,37.5122],[126.52436,37.51167],[126.52328,37.51132]],[[126.52689,37.51285],[126.52741,37.51301]],[[126.5307,34.76154],[126.53059,34.76257]],[[126.5307,34.76196],[126.5307,34.76051],[126.53103,34.75676],[126.53123,34.75542]],[[126.53073,34.76013],[126.5307,34.75979],[126.53099,34.75718]],[[126.5361,35.02162],[126.53751,35.02271],[126.54061,35.02488],[126.54191,35.02567],[126.54083,35.0251],[126.54032,35.02475],[126.53677,35.0222],[126.53632,35.02179]],[[126.5362,35.02163],[126.53757,35.02244],[126.54099,35.02484],[126.54196,35.02564]],[[126.54142,35.02542],[126.54093,35.0252],[126.54035,35.02482],[126.53711,35.02253],[126.53669,35.02213]],[[126.57285,36.41371],[126.57165,36.41199],[126.57025,36.40942],[126.56973,36.40824]],[[126.59667,36.31028],[126.59571,36.31298],[126.59497,36.31552],[126.59395,36.31829]],[[126.59632,36.31121],[126.59599,36.31267],[126.5951,36.31547],[126.59465,36.31671],[126.59444,36.31703]],[[126.59448,36.31693],[126.59507,36.31543],[126.59627,36.31136]],[[126.60417,36.23964],[126.60467,36.23903]],[[126.60747,36.23479],[126.60715,36.23518],[126.60555,36.23761],[126.60532,36.23808]],[[126.60536,36.2381],[126.60738,36.23511],[126.60762,36.23465]],[[126.60725,35.02447],[126.60969,35.02374],[126.61179,35.02319]],[[126.60795,36.23417],[126.60825,36.23363]],[[126.61298,35.02285],[126.61236,35.02306]],[[126.61475,37.64164],[126.61686,37.63864]],[[126.61482,37.64166],[126.6169,37.63867]],[[126.61661,37.63946],[126.6149,37.64192]],[[126.61635,37.63892],[126.61583,37.63972],[126.61529,37.64088]],[[126.61615,37.63844],[126.61553,37.6394],[126.61552,37.64037],[126.61543,37.64063]],[[126.61579,37.64028],[126.61548,37.64061]],[[126.61609,37.63842],[126.61545,37.63932],[126.61543,37.63961],[126.61551,37.64004]],[[126.61622,37.63849],[126.6157,37.63921],[126.61552,37.63981]],[[126.6163,37.63888],[126.61579,37.63957],[126.61552,37.64037]],[[126.61636,37.63851],[126.61575,37.63949],[126.61557,37.64012]],[[126.61565,37.47498],[126.6155,37.47417],[126.61561,37.47374]],[[126.61677,37.63859],[126.61563,37.64021]],[[126.61628,37.63848],[126.61574,37.63938],[126.61564,37.63978]],[[126.61566,37.47362],[126.6159,37.47327],[126.61687,37.47241],[126.61814,37.47168],[126.61848,37.47143],[126.619,37.47069]],[[126.61683,37.63862],[126.61579,37.64007],[126.61569,37.6403]],[[126.61615,37.63937],[126.61572,37.63998]],[[126.617,37.63868],[126.61623,37.63977],[126.61592,37.64009]],[[126.61708,37.6388],[126.61648,37.63962],[126.61601,37.64001]],[[126.61696,37.63869],[126.61605,37.6399]],[[126.61703,37.63872],[126.61643,37.63958],[126.61623,37.63977]],[[126.61631,37.47292],[126.61798,37.47206],[126.62198,37.46973]],[[126.61707,37.63874],[126.61643,37.63958]],[[126.61662,37.47264],[126.61819,37.47175],[126.61853,37.47146],[126.61883,37.47104],[126.61938,37.46995]],[[126.61706,37.63907],[126.61667,37.63938]],[[126.61682,37.47742],[126.61669,37.47703]],[[126.61717,37.47819],[126.61707,37.47789],[126.61674,37.4757]],[[126.61679,37.47569],[126.61707,37.47746]],[[126.61695,37.47768],[126.61682,37.47742]],[[126.61773,37.48141],[126.61711,37.47879],[126.61705,37.47816],[126.61682,37.47742]],[[126.61686,37.47739],[126.6169,37.47769]],[[126.61702,37.47642],[126.617,37.47625]],[[126.61707,37.47789],[126.61713,37.4782]],[[126.61778,37.4818],[126.61771,37.48108],[126.61709,37.47846]],[[126.61767,37.48138],[126.61715,37.47922],[126.61711,37.47879]],[[126.6178,37.47904],[126.61741,37.47864],[126.61717,37.47819]],[[126.61748,37.47896],[126.61722,37.47848],[126.61702,37.47789],[126.61717,37.47819]],[[126.61818,37.48152],[126.61722,37.47848]],[[126.61723,37.47957],[126.61727,37.47995],[126.61782,37.48194]],[[126.61808,37.48153],[126.61739,37.47934],[126.61731,37.47879]],[[126.61732,37.63891],[126.61742,37.63886]],[[126.61813,37.48152],[126.61734,37.479]],[[126.61822,37.48151],[126.61759,37.47948],[126.61738,37.47901]],[[126.61828,37.4815],[126.61738,37.47882]],[[126.61803,37.48154],[126.61745,37.4797],[126.61739,37.47934]],[[126.61745,37.47842],[126.61856,37.47959]],[[126.61845,37.48152],[126.61801,37.48013],[126.61746,37.47898]],[[126.61975,37.48076],[126.6181,37.47961],[126.61748,37.47896]],[[126.61863,37.48152],[126.61809,37.47987],[126.61748,37.47896]],[[126.61953,37.46966],[126.61879,37.4713],[126.61828,37.4718],[126.61752,37.47224]],[[126.61832,37.4815],[126.61757,37.47928]],[[126.6185,37.48151],[126.61793,37.47979],[126.6176,37.47928]],[[126.61763,37.47866],[126.61871,37.47978],[126.61936,37.48025],[126.61965,37.48037]],[[126.61979,37.4811],[126.61921,37.48085],[126.61882,37.48057],[126.61806,37.47971],[126.61772,37.47922]],[[126.61855,37.48151],[126.61804,37.47993],[126.61774,37.47932]],[[126.61795,37.47919],[126.61855,37.47969]],[[126.61799,37.47916],[126.6185,37.4797]],[[126.61979,37.48074],[126.61822,37.47969]],[[126.62175,37.46955],[126.62098,37.46986],[126.61984,37.47055],[126.61839,37.47183]],[[126.61856,37.47172],[126.61913,37.47128],[126.62192,37.46967]],[[126.61867,37.47159],[126.61886,37.47137]],[[126.61884,37.47151],[126.62195,37.4697]],[[126.61886,37.47137],[126.61934,37.47025],[126.61956,37.46995],[126.62005,37.46955],[126.62452,37.46783]],[[126.6251,37.46767],[126.62035,37.4695],[126.61995,37.4697],[126.6195,37.47012],[126.61933,37.47042],[126.61921,37.47084],[126.61886,37.47137]],[[126.62086,37.46986],[126.61987,37.47046],[126.61887,37.47142]],[[126.62201,37.46977],[126.61891,37.47151]],[[126.6208,37.4698],[126.61957,37.4706],[126.61904,37.47123]],[[126.62056,37.4695],[126.62007,37.46974],[126.61982,37.46994],[126.61951,37.47031],[126.61921,37.47084]],[[126.62066,37.46977],[126.61969,37.47042],[126.61926,37.47095]],[[126.6193,37.47096],[126.61983,37.47045],[126.62083,37.46983]],[[126.62057,37.46945],[126.62024,37.46958],[126.61978,37.46989],[126.61945,37.47028],[126.61933,37.47059]],[[126.61934,37.47025],[126.61956,37.46966]],[[126.62176,37.46959],[126.62101,37.46988],[126.61982,37.47061],[126.61941,37.47093]],[[126.62065,37.46971],[126.61992,37.47015],[126.61946,37.47066]],[[126.62061,37.46965],[126.6198,37.47017],[126.61953,37.47054]],[[126.61984,37.46972],[126.62033,37.46946],[126.62452,37.46783],[126.62525,37.46761]],[[126.62063,37.59886],[126.62113,37.59841],[126.62236,37.59646],[126.62264,37.59617],[126.62326,37.59578],[126.62829,37.5949]],[[126.62067,37.59889],[126.62092,37.59866]],[[126.62072,37.59891],[126.62109,37.5985]],[[126.62738,37.59511],[126.62354,37.59575],[126.62306,37.59593],[126.62259,37.59629],[126.62079,37.59893]],[[126.62084,37.59895],[126.6216,37.59776]],[[126.62088,37.59897],[126.62142,37.59819],[126.62221,37.59734],[126.62286,37.59632]],[[126.6214,37.46982],[126.61925,37.47108],[126.61986,37.47064],[126.62104,37.46992],[126.62179,37.46962]],[[126.62166,37.59792],[126.62275,37.59627]],[[126.62279,37.59628],[126.62185,37.59773]],[[126.62199,37.59758],[126.62282,37.59629]],[[126.62459,37.40976],[126.62554,37.40758],[126.62605,37.40679]],[[126.62615,37.40684],[126.62569,37.40752],[126.62518,37.40857],[126.62475,37.40976]],[[126.63097,37.47706],[126.63119,37.47678],[126.62962,37.47816],[126.62788,37.47928]],[[126.6308,37.47699],[126.63115,37.47676],[126.62958,37.47813],[126.62815,37.47907]],[[126.63044,37.47739],[126.63072,37.4772]],[[126.63068,37.47718],[126.63048,37.47742]],[[126.63435,37.47389],[126.63412,37.47416]],[[126.63577,37.47251],[126.63524,37.47305]],[[126.63587,37.47259],[126.63529,37.47307]],[[126.6531,37.43075],[126.65077,37.43189]],[[126.6531,37.43075],[126.65266,37.43092]],[[126.65269,37.43084],[126.65381,37.43022],[126.65566,37.42938],[126.65678,37.42897]],[[126.65681,37.429],[126.65571,37.42961],[126.6531,37.43075]],[[126.65378,36.56213],[126.65578,36.56374],[126.66043,36.56669],[126.66134,36.56739],[126.6637,36.56897]],[[126.65401,36.56226],[126.65556,36.56351],[126.65691,36.56449]],[[126.65406,36.56223],[126.65668,36.56428]],[[126.65731,37.42878],[126.65784,37.42849]],[[126.66562,36.57019],[126.66422,36.56932],[126.66043,36.56669],[126.65868,36.56533],[126.65767,36.56465]],[[126.66564,36.57016],[126.66391,36.5688],[126.6607,36.56658],[126.65912,36.56559],[126.65878,36.56523],[126.65775,36.56453]],[[126.65956,36.56592],[126.65975,36.56617]],[[126.66341,36.56879],[126.66128,36.56743]],[[126.66227,37.56871],[126.66165,37.56865]],[[126.66514,37.5688],[126.67002,37.56894],[126.67154,37.56908]],[[126.66873,35.91921],[126.667,35.9179],[126.66543,35.91689]],[[126.67213,37.5691],[126.6672,37.56891]],[[126.67064,37.56901],[126.66721,37.56887]],[[126.67063,37.56904],[126.66793,37.56898]],[[126.67782,37.56938],[126.67213,37.5691],[126.6702,37.56914]],[[126.67782,37.56925],[126.67213,37.56906],[126.67022,37.56888]],[[126.67213,37.56906],[126.67082,37.56901]],[[126.67154,37.56904],[126.67082,37.56905]],[[126.67254,37.46572],[126.67189,37.46575]],[[126.67255,37.46576],[126.67192,37.46587]],[[126.67198,37.50636],[126.67249,37.50642]],[[126.67248,37.50634],[126.672,37.50644]],[[126.67348,37.46567],[126.67297,37.46568]],[[126.67448,37.46561],[126.67389,37.46563]],[[126.67506,37.46542],[126.67443,37.46553]],[[126.68454,37.46473],[126.6804,37.46522],[126.67683,37.46553],[126.67597,37.46553]],[[126.68147,37.46485],[126.68044,37.46483],[126.67739,37.46511],[126.67623,37.46528]],[[126.67708,37.50617],[126.67654,37.50626]],[[126.68265,37.46494],[126.68087,37.46522],[126.67722,37.46549]],[[126.6806,36.59461],[126.68046,36.59184]],[[126.68047,36.59238],[126.68065,36.59318],[126.68084,36.59609],[126.68088,36.59526]],[[126.68052,36.59261],[126.68069,36.59504]],[[126.68057,36.59286],[126.68079,36.59605],[126.68072,36.59789]],[[126.68073,36.59521],[126.6806,36.59461]],[[126.68072,36.59789],[126.6806,36.59461]],[[126.68071,36.59269],[126.68091,36.59569]],[[126.6812,36.60271],[126.68094,36.60086],[126.68072,36.59789]],[[126.68074,36.59537],[126.68082,36.59582]],[[126.68144,36.60306],[126.68119,36.60173],[126.68083,36.59666],[126.68078,36.59786]],[[126.68087,36.60004],[126.68084,36.6006]],[[126.68153,37.46501],[126.68085,37.46515]],[[126.68148,36.60323],[126.68124,36.60166],[126.68093,36.5971],[126.68094,36.59602]],[[126.68097,36.59558],[126.68097,36.59479]],[[126.68147,36.60267],[126.68149,36.60097],[126.68127,36.59772],[126.68102,36.5962]],[[126.68243,37.46482],[126.6817,37.46484]],[[126.68259,37.46484],[126.68172,37.46498]],[[126.6826,37.46488],[126.68172,37.46493]],[[126.6837,37.46469],[126.68299,37.46481]],[[126.68493,37.46451],[126.68418,37.46464]],[[126.69294,37.40903],[126.69207,37.40965],[126.69012,37.41085]],[[126.69221,37.40968],[126.69361,37.4089],[126.69668,37.40703],[126.69916,37.40573]],[[126.69868,37.40585],[126.69756,37.40626],[126.69662,37.40674],[126.6933,37.40882],[126.69236,37.40948],[126.69276,37.40914]],[[126.70214,37.40443],[126.69889,37.40573],[126.69722,37.40624],[126.69398,37.40824],[126.69294,37.40903]],[[126.69797,37.40606],[126.69685,37.40654],[126.69294,37.40903]],[[126.69868,37.40585],[126.69751,37.40617],[126.69697,37.40642],[126.69356,37.40855]],[[126.69814,37.40601],[126.69864,37.40581]],[[126.69905,36.99129],[126.69867,36.99105]],[[126.69914,37.40569],[126.69868,37.40585]],[[126.70107,37.46156],[126.70112,37.4612],[126.7014,37.46046],[126.70207,37.45913]],[[126.70179,36.99529],[126.70167,36.99428],[126.70125,36.99348]],[[126.7018,36.99497],[126.70188,36.99445]],[[126.70188,36.9931],[126.70192,36.99352]],[[126.70204,36.99208],[126.70212,36.99291],[126.70209,36.99411],[126.70191,36.99493]],[[126.70196,36.99254],[126.70193,36.99216]],[[126.70201,36.99259],[126.70195,36.99294]],[[126.70203,36.98976],[126.70195,36.9903]],[[126.70201,36.99032],[126.70198,36.98979]],[[126.702,36.98904],[126.70204,36.98944]],[[126.702,36.99044],[126.70204,36.99099]],[[126.70227,37.4592],[126.70203,37.45959]],[[126.70213,36.98847],[126.70222,36.98915],[126.70217,36.99042],[126.70204,36.99108]],[[126.70205,36.98748],[126.70215,36.98693]],[[126.70212,36.98746],[126.70209,36.98696]],[[126.70216,36.9881],[126.70211,36.98768]],[[126.70213,36.98608],[126.70217,36.98643]],[[126.70229,36.98614],[126.70231,36.98721],[126.70216,36.98793]],[[126.70219,36.98598],[126.70223,36.98639]],[[126.7022,36.98421],[126.70228,36.98376],[126.70234,36.98415]],[[126.70222,36.98378],[126.70226,36.9842],[126.70235,36.98377]],[[126.70235,36.98514],[126.70227,36.98552]],[[126.70231,36.98452],[126.70236,36.98488]],[[126.70235,36.98325],[126.7024,36.98365]],[[126.70292,37.46843],[126.70296,37.46884]],[[126.71328,37.73853],[126.71066,37.74012],[126.705,37.74319]],[[126.70506,37.74329],[126.70704,37.7422],[126.70764,37.74199]],[[126.70508,37.74354],[126.70981,37.74091],[126.71149,37.74011],[126.71357,37.7389]],[[126.70508,37.74332],[126.70704,37.74226],[126.70801,37.74183]],[[126.70509,37.74368],[126.70706,37.74258],[126.70811,37.74185]],[[126.70719,37.7425],[126.70693,37.7427],[126.70511,37.74371]],[[126.70513,37.74356],[126.70743,37.74223]],[[126.70775,37.74206],[126.70709,37.74252],[126.70513,37.7436]],[[126.70998,37.74076],[126.70514,37.74335]],[[126.70813,37.7419],[126.70684,37.74282],[126.70514,37.74376]],[[126.70515,37.74338],[126.70964,37.74099]],[[126.70517,37.74379],[126.70687,37.74286],[126.70757,37.74231]],[[126.70788,37.74208],[126.70739,37.74254],[126.70684,37.74293],[126.7052,37.74381]],[[126.70841,37.7417],[126.70702,37.74286],[126.70523,37.74384]],[[126.70777,37.74229],[126.70714,37.74284],[126.70527,37.74388]],[[126.71165,37.89659],[126.70947,37.89785],[126.7066,37.89978],[126.70528,37.90084]],[[126.70795,37.74208],[126.70755,37.74256],[126.7071,37.74294],[126.70529,37.74392]],[[126.71279,37.74111],[126.71042,37.74146],[126.7098,37.74163],[126.70529,37.7441]],[[126.71176,37.89651],[126.7056,37.90063]],[[126.71132,37.89678],[126.71037,37.89719],[126.70982,37.89749],[126.70662,37.89964],[126.70563,37.90057]],[[126.70592,37.90035],[126.70665,37.89966],[126.70987,37.89751],[126.711,37.89696]],[[126.70597,37.90038],[126.70721,37.89942],[126.70992,37.8976],[126.71132,37.89682]],[[126.71184,37.89652],[126.7109,37.8973],[126.70888,37.89866],[126.70789,37.89932],[126.7066,37.90003]],[[126.71161,37.89677],[126.71074,37.89747],[126.70792,37.89935],[126.70744,37.89964],[126.7068,37.89993]],[[126.70704,37.7422],[126.71066,37.74019],[126.71332,37.73859]],[[126.70721,37.89976],[126.70776,37.89951],[126.71091,37.89741],[126.71161,37.89677]],[[126.70723,37.74304],[126.70764,37.74272],[126.7084,37.74179],[126.70894,37.7414]],[[126.70796,36.08621],[126.70797,36.08525],[126.70845,36.08149],[126.70865,36.08058]],[[126.70872,36.08013],[126.70869,36.08163],[126.70826,36.08533],[126.70798,36.08628]],[[126.708,37.74228],[126.70863,37.74176],[126.7093,37.74139]],[[126.70827,37.74201],[126.70857,37.74174],[126.70925,37.74133]],[[126.70875,36.08011],[126.70898,36.07892]],[[126.70964,37.74099],[126.7095,37.74109]],[[126.70998,37.74076],[126.70964,37.74099]],[[126.70964,37.74099],[126.71082,37.74035],[126.71827,37.73587],[126.72143,37.73428],[126.72179,37.73403],[126.72324,37.73255],[126.72462,37.73005],[126.72777,37.72284],[126.72797,37.72216]],[[126.71374,37.73913],[126.71164,37.74033],[126.71067,37.74055],[126.70981,37.74091]],[[126.71036,37.74055],[126.70998,37.74076]],[[126.71374,37.73929],[126.71184,37.74036],[126.71024,37.74073]],[[126.71036,37.74055],[126.71118,37.73988]],[[126.72779,37.72218],[126.72767,37.72261],[126.72448,37.73002],[126.7231,37.73249],[126.72169,37.73397],[126.72142,37.73416],[126.71805,37.73584],[126.71356,37.73865],[126.71036,37.74055]],[[126.71056,37.74054],[126.7118,37.7402],[126.7137,37.73907]],[[126.71302,37.48709],[126.71079,37.48566]],[[126.71366,37.73901],[126.71179,37.74013],[126.71094,37.74043]],[[126.71361,37.73894],[126.71176,37.74007],[126.71106,37.74034]],[[126.71256,37.89603],[126.71182,37.89674],[126.71155,37.89709],[126.71137,37.8977]],[[126.71221,37.89627],[126.71161,37.89677]],[[126.71676,37.89429],[126.71581,37.89447],[126.71456,37.89488],[126.7134,37.89544],[126.71176,37.89651]],[[126.71252,37.89606],[126.71176,37.89651]],[[126.71189,37.89877],[126.71171,37.89744],[126.71191,37.89683],[126.71231,37.89635]],[[126.71253,37.89617],[126.712,37.89677],[126.71179,37.89727],[126.71176,37.89779],[126.71195,37.89879]],[[126.71522,35.01197],[126.71284,35.01001]],[[126.71302,37.48709],[126.71375,37.48752]],[[126.71369,37.48757],[126.71302,37.48709]],[[126.71414,36.04548],[126.71349,36.04798]],[[126.71711,36.63466],[126.71629,36.63315],[126.71476,36.62986],[126.71415,36.6283]],[[126.71419,36.62828],[126.71498,36.62971],[126.71692,36.63383],[126.71742,36.63519]],[[126.71427,36.04531],[126.71446,36.04449]],[[126.71612,36.03657],[126.71568,36.038],[126.71441,36.0439],[126.71428,36.04486]],[[126.71676,36.03386],[126.7167,36.03438],[126.71599,36.03785],[126.71486,36.04311],[126.71435,36.04478]],[[126.71441,36.0439],[126.71447,36.04333],[126.71563,36.03803],[126.71593,36.03718]],[[126.71576,36.03758],[126.71558,36.03796],[126.71441,36.04335],[126.71441,36.04362]],[[126.7149,36.04087],[126.71447,36.04261]],[[126.71452,36.04261],[126.71504,36.04046]],[[126.71455,36.04416],[126.71475,36.04373],[126.71502,36.04268],[126.71607,36.03769],[126.71609,36.03718]],[[126.72048,35.01642],[126.71888,35.01525],[126.71589,35.0128],[126.71467,35.01161]],[[126.71522,35.01197],[126.71471,35.01158]]]}},{"type":"Feature","properties":{"g":"kr"},"geometry":{"type":"MultiLineString","coordinates":[[[126.71607,36.03769],[126.71595,36.03852],[126.71492,36.04331],[126.71475,36.04373]],[[126.71527,35.01227],[126.71478,35.01179]],[[126.71527,35.01227],[126.71491,35.01185]],[[126.71496,36.04312],[126.7151,36.04277],[126.71594,36.03877],[126.71595,36.03852]],[[126.71814,37.50764],[126.71516,37.50783]],[[126.72014,35.01603],[126.71923,35.01517],[126.71597,35.01252],[126.71522,35.01197]],[[126.72307,35.01873],[126.7197,35.01589],[126.7178,35.01451],[126.71572,35.01277],[126.71527,35.01227]],[[126.71889,35.01532],[126.71536,35.01239]],[[126.72101,35.01686],[126.71927,35.01512],[126.71608,35.01256],[126.71562,35.01226]],[[126.7158,35.01238],[126.71656,35.01288],[126.71927,35.01512]],[[126.71604,37.50773],[126.71641,37.50774]],[[126.71605,37.90459],[126.71572,37.90435],[126.71309,37.90101],[126.7121,37.89958],[126.71179,37.89889],[126.71272,37.90027],[126.71659,37.90524]],[[126.71611,36.03708],[126.71618,36.03646]],[[126.71964,35.01551],[126.71909,35.01486],[126.71653,35.01279],[126.71617,35.01258]],[[126.71641,36.0354],[126.71651,36.03522]],[[126.71657,37.48971],[126.71838,37.48995],[126.72229,37.48981]],[[126.7167,36.03438],[126.71698,36.03317]],[[126.71875,37.49004],[126.71741,37.49008]],[[126.72142,35.02081],[126.72049,35.02111],[126.71751,35.02178]],[[126.71854,37.50764],[126.71814,37.50764]],[[126.71814,37.50764],[126.71857,37.50758]],[[126.7216,35.02069],[126.72095,35.02091],[126.71853,35.02148]],[[126.72449,35.02094],[126.7238,35.02054],[126.72313,35.02037],[126.72254,35.02033],[126.71873,35.0212]],[[126.72132,37.48992],[126.71969,37.49007],[126.71875,37.49004]],[[126.71875,37.49004],[126.72182,37.48984]],[[126.71887,37.48969],[126.72575,37.48916],[126.72817,37.4891]],[[126.72428,35.02079],[126.72358,35.02054],[126.72305,35.02045],[126.72274,35.02046],[126.71894,35.02128]],[[126.71907,37.49005],[126.72751,37.48949],[126.72926,37.48923]],[[126.72138,37.48983],[126.71915,37.49001]],[[126.71998,37.48974],[126.72062,37.48974]],[[126.71999,37.48978],[126.72063,37.48978]],[[126.72003,37.40026],[126.72126,37.40057],[126.7237,37.401],[126.72509,37.40114]],[[126.72004,37.40022],[126.72133,37.40034],[126.72377,37.40076],[126.72511,37.40111]],[[126.72121,37.48962],[126.72052,37.4897]],[[126.72886,37.48911],[126.72576,37.48922],[126.72219,37.48945],[126.72086,37.48962]],[[126.72156,37.48964],[126.72087,37.48973]],[[126.72871,37.48931],[126.72304,37.48973],[126.72087,37.48977]],[[126.72297,37.48978],[126.72329,37.48972]],[[126.72405,37.48971],[126.72368,37.48969]],[[126.7278,37.4891],[126.72703,37.48908],[126.72456,37.48919]],[[126.72465,37.48967],[126.72577,37.48969],[126.72707,37.48961],[126.72857,37.4894]],[[126.72661,35.03061],[126.72631,35.02579]],[[126.72658,35.03017],[126.7265,35.02991],[126.72642,35.02853],[126.72646,35.02818]],[[126.72817,37.4891],[126.72925,37.4891]],[[126.72817,37.4891],[126.72969,37.48904]],[[126.73078,37.48905],[126.73003,37.48906]],[[126.73078,37.48909],[126.73004,37.48918]],[[126.73343,37.57147],[126.7302,37.57143]],[[126.7302,37.57154],[126.73343,37.57151]],[[126.73094,37.48908],[126.73163,37.48899]],[[126.73229,35.94303],[126.73103,35.94308]],[[126.73181,37.48898],[126.73258,37.4889]],[[126.73258,37.48901],[126.73181,37.48902]],[[126.73288,37.57143],[126.73386,37.57144]],[[126.7343,37.57147],[126.73367,37.57151]],[[126.73367,37.57148],[126.73429,37.5715]],[[126.73907,35.94313],[126.73514,35.94305],[126.73466,35.94311]],[[126.73963,37.36449],[126.73928,37.36341],[126.73828,37.36109],[126.73714,37.3589]],[[126.73721,37.35888],[126.73777,37.36061],[126.73902,37.3635],[126.73942,37.36431]],[[126.73766,37.57175],[126.73855,37.5718]],[[126.73771,37.68026],[126.74521,37.67712]],[[126.73779,37.68038],[126.74594,37.67681]],[[126.74597,37.67685],[126.73785,37.6805]],[[126.73794,37.68057],[126.74246,37.67853],[126.74527,37.67719]],[[126.73843,35.94315],[126.73966,35.94321]],[[126.73942,37.36431],[126.73956,37.36449]],[[126.73974,37.36488],[126.73991,37.36537],[126.73942,37.36431]],[[126.7396,37.37337],[126.73993,37.37423],[126.74001,37.3746],[126.74042,37.37834],[126.74068,37.37904],[126.74108,37.37969]],[[126.7397,37.36831],[126.73935,37.36964],[126.73931,37.3723],[126.73943,37.37292],[126.7396,37.37337],[126.73985,37.3738]],[[126.74009,37.36774],[126.7397,37.36919],[126.73965,37.3729],[126.73977,37.37351]],[[126.7398,37.36489],[126.73986,37.36515]],[[126.73982,37.36845],[126.73964,37.36919],[126.73959,37.3729],[126.73969,37.37333],[126.7402,37.37454]],[[126.73985,37.36883],[126.73981,37.37289],[126.74027,37.37482]],[[126.73989,37.3686],[126.7398,37.36922],[126.73975,37.37289],[126.74006,37.37419]],[[126.74014,37.39443],[126.73989,37.39475]],[[126.73994,37.36826],[126.73975,37.36921],[126.73971,37.37289],[126.73994,37.37391]],[[126.73997,37.36845],[126.73992,37.36872],[126.73986,37.37278],[126.73999,37.37349]],[[126.74003,37.36818],[126.73997,37.36845],[126.73992,37.37278],[126.73998,37.37325]],[[126.74001,37.37423],[126.74026,37.37539],[126.74055,37.3786],[126.74108,37.37969],[126.74235,37.38157]],[[126.74002,37.36849],[126.74008,37.36884],[126.74003,37.373],[126.74007,37.37381]],[[126.74007,37.36901],[126.74008,37.37299],[126.74016,37.37417]],[[126.7401,37.36747],[126.74002,37.36849],[126.73999,37.37349],[126.74047,37.37527]],[[126.74049,37.37827],[126.74014,37.37489]],[[126.74021,37.36718],[126.74016,37.367]],[[126.74492,37.56039],[126.74446,37.56076],[126.74299,37.56262],[126.74281,37.56314],[126.74279,37.56355],[126.74292,37.56565],[126.74268,37.56682],[126.74238,37.56745],[126.74123,37.5693],[126.74022,37.5714]],[[126.74023,37.36745],[126.7407,37.36931],[126.74068,37.37151]],[[126.74059,37.3748],[126.7403,37.37351],[126.74024,37.373],[126.74024,37.36919]],[[126.74059,37.37441],[126.74039,37.37366],[126.74029,37.37299],[126.74032,37.36953],[126.74026,37.36888]],[[126.74027,37.36855],[126.74038,37.36957],[126.74034,37.37287],[126.74068,37.37481]],[[126.74028,37.36845],[126.74018,37.36885],[126.74014,37.37317],[126.74042,37.37443],[126.74073,37.37542]],[[126.7403,37.3681],[126.74022,37.36971],[126.74018,37.37305],[126.74027,37.37362],[126.74063,37.37503]],[[126.74078,37.37528],[126.74083,37.37427],[126.74059,37.37284],[126.74064,37.36957],[126.74034,37.36842]],[[126.74083,37.37456],[126.74056,37.37307],[126.74058,37.36954],[126.74036,37.36865]],[[126.74058,37.36674],[126.74037,37.36634]],[[126.7407,37.37071],[126.74077,37.36939],[126.7407,37.36898],[126.74038,37.36803]],[[126.74079,37.37514],[126.7407,37.37431],[126.74047,37.37326],[126.74048,37.3694],[126.74039,37.36886]],[[126.74044,37.3691],[126.74053,37.36949],[126.7405,37.37293],[126.74081,37.37472]],[[126.74395,37.39049],[126.74325,37.39138],[126.74199,37.39272],[126.74058,37.39404]],[[126.74078,37.37528],[126.74075,37.37557]],[[126.74078,37.37593],[126.74077,37.37621]],[[126.74078,37.37528],[126.74082,37.37585],[126.74097,37.37648],[126.74294,37.37995]],[[126.74304,37.37992],[126.74106,37.3765],[126.7408,37.37564]],[[126.74086,37.37591],[126.74309,37.3799]],[[126.74088,37.37657],[126.74135,37.3796],[126.74269,37.38196]],[[126.74096,37.37736],[126.74134,37.37828],[126.74246,37.37993],[126.74286,37.38065]],[[126.74107,37.37779],[126.74139,37.37855],[126.74333,37.38181]],[[126.74297,37.37945],[126.74161,37.37711],[126.7411,37.3764]],[[126.74114,37.3523],[126.74167,37.35218]],[[126.74309,37.38192],[126.7415,37.37911],[126.74117,37.37806]],[[126.74122,37.37868],[126.74154,37.37964],[126.74286,37.38193]],[[126.74131,37.37839],[126.74156,37.37909],[126.74315,37.38189]],[[126.74298,37.38193],[126.74134,37.37912]],[[126.74318,37.38186],[126.74162,37.37908],[126.74147,37.37869]],[[126.7415,37.37696],[126.74188,37.37749],[126.74302,37.37943]],[[126.7429,37.38193],[126.74157,37.37956]],[[126.74283,37.38199],[126.74182,37.38023],[126.74161,37.37976]],[[126.74167,37.57126],[126.74177,37.5694],[126.7424,37.56773],[126.74285,37.56691],[126.74306,37.56636],[126.74285,37.56324],[126.74291,37.5629],[126.74307,37.56255],[126.74343,37.56205]],[[126.7419,37.56904],[126.7418,37.56955],[126.7417,37.57126]],[[126.74201,37.56878],[126.74184,37.56955],[126.74175,37.57118]],[[126.74208,37.56858],[126.74189,37.56955],[126.7418,37.57119]],[[126.74358,37.38173],[126.74233,37.37959],[126.74181,37.37898]],[[126.74223,37.56832],[126.74194,37.56955],[126.74184,37.57119]],[[126.74235,37.56802],[126.74198,37.56955],[126.74189,37.57119]],[[126.74257,37.56741],[126.74235,37.56802],[126.74206,37.56936],[126.74193,37.57119]],[[126.74273,37.56712],[126.7424,37.568],[126.7421,37.56937],[126.74198,37.57119]],[[126.74312,37.56701],[126.74297,37.56781],[126.74237,37.56894],[126.74223,37.56932],[126.74213,37.57106]],[[126.74285,37.5681],[126.74228,37.56932],[126.74218,37.57106]],[[126.74274,37.56839],[126.74232,37.56933],[126.74223,37.57106]],[[126.74265,37.56864],[126.74237,37.56933],[126.74227,37.57107]],[[126.74256,37.56889],[126.7424,37.56951],[126.74232,37.57107]],[[126.74291,37.5681],[126.74246,37.56933],[126.74237,37.57107]],[[126.74284,37.56842],[126.74251,37.56933],[126.74242,37.57107]],[[126.74277,37.56876],[126.74256,37.56934],[126.74247,37.57107]],[[126.74272,37.56902],[126.74261,37.56934],[126.74251,37.57108]],[[126.75031,35.21588],[126.74917,35.21653],[126.74772,35.21711],[126.74468,35.21832],[126.74254,35.21899]],[[126.74297,37.56781],[126.74265,37.56934],[126.74256,37.57108]],[[126.74276,37.5691],[126.7427,37.56934],[126.74261,37.57108]],[[126.74282,37.56879],[126.74276,37.5691],[126.74266,37.57108]],[[126.74289,37.56849],[126.74282,37.56879],[126.74271,37.57108]],[[126.74296,37.56812],[126.74289,37.56849],[126.74276,37.57108]],[[126.74303,37.56784],[126.74296,37.56812],[126.7428,37.57109]],[[126.74308,37.56605],[126.74309,37.56669],[126.74284,37.56752]],[[126.74285,37.56456],[126.74298,37.56502]],[[126.74309,37.56752],[126.74285,37.57109]],[[126.74314,37.56665],[126.7429,37.57109]],[[126.74309,37.56669],[126.74304,37.56724],[126.7429,37.56754]],[[126.74301,37.56529],[126.74312,37.56567]],[[126.74305,37.56567],[126.74307,37.56528]],[[126.74311,37.56637],[126.74335,37.56856],[126.74331,37.56913]],[[126.74323,37.56752],[126.74316,37.56912]],[[126.74317,37.56618],[126.74342,37.56856],[126.74338,37.56913]],[[126.74323,37.56639],[126.74331,37.56699],[126.74348,37.56749],[126.74407,37.56847],[126.74422,37.56888],[126.74412,37.57103]],[[126.7433,37.56814],[126.74325,37.56913]],[[126.74326,37.56701],[126.74368,37.56859],[126.74368,37.56914]],[[126.74972,35.21617],[126.74465,35.21825],[126.74327,35.21869]],[[126.74329,37.56739],[126.74362,37.5686],[126.74361,37.56914]],[[126.74409,37.56916],[126.74407,37.56866],[126.74398,37.5684],[126.74332,37.56724]],[[126.74333,37.56773],[126.74355,37.5686],[126.74355,37.56914]],[[126.74335,35.21862],[126.74447,35.21806],[126.74898,35.21628],[126.75066,35.21571]],[[126.74337,37.56816],[126.7435,37.56878],[126.74347,37.56914]],[[126.74339,37.56752],[126.74391,37.56854],[126.74395,37.56915]],[[126.74391,37.39046],[126.74346,37.39086]],[[126.74353,37.56785],[126.74385,37.56861],[126.74386,37.56915]],[[126.74353,37.568],[126.74376,37.56866],[126.74374,37.56914]],[[126.74392,37.38194],[126.74425,37.38229]],[[126.74956,35.21628],[126.74464,35.2183],[126.74395,35.21853]],[[126.74398,37.57103],[126.74406,37.56943]],[[126.74426,37.56931],[126.74433,37.56873],[126.7441,37.56768]],[[126.74423,37.56828],[126.74417,37.56767]],[[126.74485,37.56054],[126.74442,37.56116],[126.74321,37.56245],[126.74302,37.56279],[126.74293,37.56314],[126.74294,37.56414],[126.74317,37.56618],[126.74351,37.56748],[126.74411,37.56846],[126.74426,37.56882],[126.74417,37.57103]],[[126.74464,37.38974],[126.74437,37.38998]],[[126.74663,36.68011],[126.7455,36.68013]],[[126.75146,37.88811],[126.74574,37.88841]],[[126.74645,37.67658],[126.74686,37.67647]],[[126.74647,37.67664],[126.74688,37.6764]],[[126.74698,36.68009],[126.74938,36.67983],[126.75431,36.67955],[126.75581,36.67953]],[[126.74719,37.35059],[126.74766,37.35043]],[[126.74761,36.68007],[126.74965,36.68004],[126.75292,36.67985],[126.75565,36.67957]],[[126.75962,36.67926],[126.74947,36.67978],[126.74766,36.68002]],[[126.74806,36.67993],[126.74949,36.67975],[126.75462,36.67944],[126.75893,36.67927]],[[126.75538,36.67962],[126.75506,36.67972],[126.75383,36.67983],[126.75016,36.68006],[126.7481,36.68007]],[[126.74835,37.67582],[126.74867,37.67561]],[[126.74835,37.67576],[126.74872,37.67565]],[[126.74844,36.68009],[126.74883,36.68015],[126.74964,36.68013],[126.75518,36.67977]],[[126.75169,37.44876],[126.75223,37.4487]],[[126.75183,37.50584],[126.75213,37.50581]],[[126.75184,37.50581],[126.75213,37.50585]],[[126.75248,35.31817],[126.75283,35.31797],[126.75772,35.31607],[126.75856,35.31587]],[[126.75856,35.31587],[126.75787,35.31607],[126.75248,35.31817]],[[126.75856,35.31587],[126.75823,35.31605],[126.75248,35.31817]],[[126.75248,35.31817],[126.75323,35.31798],[126.75822,35.31609],[126.75856,35.31587]],[[126.75352,36.6795],[126.75376,36.67953]],[[126.75368,36.67984],[126.7536,36.67988]],[[126.75506,36.67946],[126.75608,36.67952]],[[126.75818,37.43431],[126.75805,37.43398],[126.75777,37.43278]],[[126.75781,37.43277],[126.7582,37.43437],[126.75844,37.43494]],[[126.75907,37.43755],[126.75786,37.43277]],[[126.75791,37.43275],[126.75839,37.43473]],[[126.75798,37.43275],[126.75899,37.43696]],[[126.75802,37.43274],[126.75848,37.43471]],[[126.75848,37.43449],[126.75806,37.43273]],[[126.7581,37.43272],[126.75847,37.43428]],[[126.75818,37.43271],[126.75846,37.43395]],[[126.7585,37.43493],[126.75845,37.43368],[126.75822,37.43271]],[[126.75858,37.43527],[126.75851,37.43374],[126.75826,37.4327]],[[126.75831,37.43269],[126.75859,37.43383],[126.75863,37.43422]],[[126.75838,37.43268],[126.75871,37.43392],[126.75995,37.4359],[126.76029,37.43691]],[[126.75864,37.43549],[126.75846,37.43507]],[[126.75872,37.43552],[126.75867,37.43443],[126.75851,37.43374]],[[126.75852,37.4333],[126.75856,37.43369]],[[126.75902,37.4368],[126.75856,37.4348]],[[126.75859,37.43383],[126.75867,37.43413],[126.75955,37.436],[126.75998,37.43769]],[[126.75916,37.43823],[126.75863,37.43614],[126.75859,37.43562]],[[126.75864,37.43405],[126.75955,37.43776]],[[126.75887,37.43498],[126.75866,37.43435]],[[126.75867,37.43562],[126.75871,37.43607]],[[126.75868,37.43463],[126.7589,37.43565]],[[126.75916,37.43517],[126.7589,37.43479],[126.75872,37.43438]],[[126.75872,37.43584],[126.75891,37.43629]],[[126.75884,37.43566],[126.75874,37.43492]],[[126.75899,37.43696],[126.75974,37.43997]],[[126.75899,37.43696],[126.759,37.43727]],[[126.75947,37.43776],[126.75908,37.43611],[126.75904,37.43567]],[[126.75906,35.31565],[126.75973,35.31534]],[[126.75949,37.43931],[126.75907,37.43755]],[[126.75907,37.43755],[126.75908,37.4379]],[[126.75963,37.43774],[126.75931,37.43637],[126.75929,37.43558],[126.75921,37.43529]],[[126.75928,37.43551],[126.75976,37.43772]],[[126.75985,37.43771],[126.75931,37.4355]],[[126.76005,36.00316],[126.76018,36.00246],[126.76052,36.0014],[126.76062,36.00057],[126.76078,35.99805],[126.76072,35.99636],[126.76062,35.99535]],[[126.76067,35.99591],[126.76067,35.99675],[126.76039,36.00062],[126.76015,36.00261],[126.76044,36.00111],[126.76075,35.99698]],[[126.7625,35.12239],[126.76179,35.12192],[126.76089,35.12104]],[[126.76112,35.12136],[126.76171,35.12191],[126.76214,35.12219]],[[126.76126,35.12131],[126.7621,35.12209],[126.76276,35.1226]],[[126.76251,35.12237],[126.76129,35.12129]],[[126.76131,35.12125],[126.76357,35.12337],[126.76438,35.12401],[126.76477,35.1242],[126.76541,35.12441],[126.76878,35.12475]],[[126.76136,35.12122],[126.76373,35.12343],[126.76439,35.12395],[126.76478,35.12416],[126.76542,35.12432],[126.76879,35.12468]],[[126.76282,35.12258],[126.76139,35.1212]],[[126.76143,35.12117],[126.76261,35.12234]],[[126.76341,35.12314],[126.76287,35.12271]],[[126.76292,35.12267],[126.76335,35.12317]],[[126.76372,37.33937],[126.7641,37.33925]],[[126.76419,37.68456],[126.7665,37.6835]],[[126.76492,37.33875],[126.76581,37.33818],[126.7669,37.33759],[126.76904,37.33645],[126.77033,37.33586]],[[126.77057,37.33578],[126.76919,37.33665],[126.76604,37.33836],[126.76505,37.33876]],[[126.7653,37.72139],[126.76551,37.72196]],[[126.76554,37.68376],[126.76805,37.68266]],[[126.76559,37.72216],[126.76651,37.72456],[126.76776,37.72728],[126.76847,37.72862]],[[126.76851,37.72861],[126.76788,37.72682],[126.7665,37.72378],[126.76564,37.72215]],[[126.76566,37.68381],[126.76638,37.68345],[126.77211,37.681],[126.77516,37.67978]],[[126.76573,37.68391],[126.77302,37.68082]],[[126.7663,37.72408],[126.76672,37.72515],[126.76754,37.72679]],[[126.7665,37.6835],[126.76751,37.68302]],[[126.7665,37.6835],[126.76757,37.68312]],[[126.76695,37.68321],[126.76879,37.6823],[126.7712,37.68127],[126.77292,37.68066]],[[126.76706,37.68338],[126.76875,37.68279],[126.77014,37.6822],[126.77168,37.68151],[126.77302,37.68082]],[[126.76857,37.72885],[126.76887,37.72936]],[[126.76938,37.76393],[126.77001,37.76425]],[[126.77072,37.3357],[126.77112,37.33544]],[[126.77073,35.12488],[126.77137,35.12499]],[[126.77089,37.76463],[126.77255,37.76547],[126.77709,37.76746],[126.77845,37.76797],[126.77895,37.7681]],[[126.77896,37.76806],[126.77837,37.76786],[126.77717,37.76724],[126.77305,37.76541],[126.77091,37.76461]],[[126.77302,37.68082],[126.77518,37.67981]],[[126.7738,37.65872],[126.77416,37.65825]],[[126.77615,37.67936],[126.77539,37.67973]],[[126.77637,37.67926],[126.77713,37.67899]],[[126.77697,37.48492],[126.77647,37.48494]],[[126.7777,37.48476],[126.7771,37.48487]],[[126.7771,37.48491],[126.77771,37.48488]],[[126.77963,35.33392],[126.7787,35.32883]],[[126.78021,35.33579],[126.77955,35.33365],[126.77872,35.32921],[126.7787,35.32857]],[[126.77875,37.48454],[126.78434,37.48365],[126.78672,37.48336]],[[126.77891,35.32865],[126.7789,35.32961]],[[126.77891,35.32904],[126.77899,35.32981],[126.77988,35.33458]],[[126.77895,35.32865],[126.77928,35.32957],[126.78016,35.33438],[126.78025,35.33578]],[[126.77908,35.32907],[126.78009,35.33423],[126.7802,35.33539]],[[126.77917,37.48457],[126.78109,37.48418],[126.78435,37.48369],[126.78544,37.48359]],[[126.78024,35.30436],[126.77988,35.30272],[126.77928,35.29823],[126.77917,35.29613]],[[126.77921,35.29613],[126.77962,35.29831],[126.78021,35.30299],[126.78028,35.30436]],[[126.77935,35.29685],[126.77966,35.29807],[126.7803,35.30298],[126.78027,35.30397]],[[126.78016,37.76859],[126.7795,37.76834]],[[126.78015,37.48436],[126.78077,37.4842]],[[126.78174,37.33008],[126.78424,37.32901]],[[126.78178,37.33013],[126.78575,37.32834],[126.78663,37.32782],[126.78758,37.32737],[126.79146,37.32566]],[[126.78199,37.32992],[126.78394,37.32907],[126.78447,37.3289]],[[126.7882,37.32762],[126.78789,37.32776],[126.78688,37.32799],[126.78368,37.32941]],[[126.78693,37.84383],[126.78563,37.84001],[126.78507,37.83896],[126.78426,37.83767],[126.78398,37.8371],[126.78377,37.83644],[126.78363,37.83543],[126.78381,37.83269]],[[126.78417,37.32899],[126.78572,37.32831],[126.78652,37.32777],[126.78766,37.32721]],[[126.78432,37.57226],[126.78345,37.5732],[126.78324,37.57371],[126.78319,37.57412],[126.78326,37.57468],[126.78365,37.57541],[126.7841,37.57585],[126.78491,37.57629],[126.78836,37.57727]],[[126.78439,37.57227],[126.78348,37.57322],[126.78333,37.57351],[126.78322,37.57412],[126.78324,37.57448],[126.78343,37.57502],[126.78367,37.5754],[126.78414,37.57584],[126.78466,37.57615],[126.7854,37.57641],[126.79254,37.57839],[126.79303,37.57858]],[[126.78609,37.83919],[126.78475,37.8372],[126.78451,37.83671],[126.78445,37.8363],[126.7844,37.83279]],[[126.78445,35.12883],[126.78527,35.12981],[126.78674,35.13221],[126.78772,35.13392],[126.78846,35.13566]],[[126.7845,35.12882],[126.78533,35.1298],[126.78724,35.13299]],[[126.78494,37.83747],[126.78465,37.83691],[126.78455,37.83652],[126.78452,37.83281]],[[126.78454,37.576],[126.78517,37.57628],[126.78642,37.57665],[126.78786,37.5769],[126.78957,37.57736],[126.79015,37.5774],[126.79254,37.57729],[126.79329,37.5774]],[[126.78718,37.84387],[126.78656,37.83996],[126.78609,37.83919],[126.7852,37.83815],[126.78462,37.83732]],[[126.78513,37.83774],[126.78477,37.83706],[126.78464,37.83661],[126.78466,37.83281]],[[126.78468,37.8373],[126.78556,37.83857]],[[126.78681,37.84154],[126.78665,37.84105],[126.78642,37.84065],[126.78487,37.83864]],[[126.78535,37.32858],[126.78488,37.32873]],[[126.78517,37.83501],[126.78517,37.83728],[126.78542,37.83792]],[[126.78521,37.835],[126.78521,37.83713],[126.78542,37.83792],[126.78581,37.83874]],[[126.78523,37.64513],[126.78713,37.64372]],[[126.78641,37.83967],[126.78527,37.8372],[126.78524,37.83501]],[[126.78525,37.29935],[126.78674,37.30257]],[[126.78542,37.64496],[126.78584,37.6447]],[[126.78683,37.30254],[126.78549,37.29927]],[[126.78668,37.84027],[126.78575,37.83726],[126.78575,37.835]],[[126.78626,37.3282],[126.78577,37.32839]],[[126.78586,37.83499],[126.78583,37.83725],[126.78616,37.8383]],[[126.7859,37.83499],[126.78588,37.83727],[126.78592,37.83755]],[[126.78595,37.835],[126.78591,37.83702],[126.78604,37.83793]],[[126.78599,37.83499],[126.78596,37.83741]],[[126.78603,37.83499],[126.78602,37.83724],[126.78607,37.83788]],[[126.78608,37.83499],[126.78607,37.83788],[126.78625,37.83861]],[[126.78615,37.835],[126.78613,37.8379],[126.78619,37.83822]],[[126.79193,37.32561],[126.79043,37.32618],[126.78749,37.32749],[126.78615,37.32821]],[[126.78619,37.835],[126.78619,37.83822],[126.78633,37.83905]],[[126.78629,37.83642],[126.78629,37.83865],[126.78641,37.83942]],[[126.78634,37.83642],[126.78633,37.8386],[126.78652,37.83974]],[[126.78637,37.32797],[126.78658,37.3278],[126.78754,37.32733],[126.78827,37.32691]],[[126.78639,37.83642],[126.78637,37.83901]],[[126.78666,37.83593],[126.78641,37.83495],[126.78641,37.83281]],[[126.78878,37.57729],[126.78642,37.57665]],[[126.78645,37.83642],[126.78644,37.83896],[126.7868,37.84119]],[[126.78647,37.83281],[126.78648,37.83496],[126.78662,37.83562]],[[126.78673,37.84024],[126.78648,37.83889],[126.7865,37.83642]],[[126.78655,37.83642],[126.78652,37.83922]],[[126.78655,37.83281],[126.78655,37.83501],[126.78671,37.83624]],[[126.78664,37.83642],[126.78664,37.8384],[126.78656,37.83922]],[[126.79001,37.57774],[126.78657,37.57683]],[[126.78659,37.83953],[126.7866,37.83642]],[[126.78664,37.83281],[126.78664,37.83537],[126.7867,37.83593]],[[126.78679,37.83281],[126.78678,37.83505],[126.78671,37.83564]],[[126.78671,37.83638],[126.78677,37.83688]],[[126.78671,37.8407],[126.78686,37.84119]],[[126.78678,37.83638],[126.78672,37.83688]],[[126.78672,37.83281],[126.78672,37.838],[126.78667,37.83923],[126.78676,37.84069]],[[126.78686,37.83642],[126.78686,37.8384],[126.78674,37.83944]],[[126.78674,37.57673],[126.78719,37.5769]],[[126.78677,37.83994],[126.78675,37.84057]],[[126.78676,37.84069],[126.78686,37.84119]],[[126.78676,37.84069],[126.7868,37.84119]],[[126.78724,37.83286],[126.78721,37.83812],[126.78683,37.83929],[126.78677,37.83983]],[[126.78678,37.57679],[126.78719,37.57686]],[[126.78678,37.83954],[126.78697,37.8384],[126.78699,37.83636]],[[126.7868,37.84119],[126.78722,37.84369],[126.78754,37.84676],[126.78772,37.84984],[126.78774,37.85202]],[[126.7868,37.83621],[126.78709,37.83522],[126.7871,37.83281]],[[126.78709,37.83637],[126.78708,37.83832],[126.78681,37.83924]],[[126.78763,37.25899],[126.78746,37.25862],[126.78729,37.25795],[126.7873,37.25631],[126.78682,37.25386]],[[126.78682,37.24526],[126.78663,37.2462],[126.7867,37.24745],[126.78664,37.2489],[126.78685,37.25136]],[[126.78685,37.23607],[126.78682,37.24126]],[[126.78724,35.13299],[126.78683,35.13217]],[[126.78683,37.24411],[126.7867,37.243],[126.78676,37.23815],[126.78686,37.2372]],[[126.78685,37.25173],[126.78662,37.2502],[126.78656,37.24644],[126.78684,37.2445]],[[126.78686,37.84119],[126.78701,37.8416]],[[126.78687,37.32793],[126.78777,37.32763],[126.78913,37.32703],[126.79201,37.32562]],[[126.7869,37.83281],[126.78687,37.83575]],[[126.78722,37.83487],[126.78714,37.83538],[126.78688,37.83595]],[[126.78694,37.83637],[126.7869,37.83881]],[[126.78691,37.25155],[126.78702,37.25021],[126.78704,37.24748]],[[126.78744,37.25837],[126.78735,37.25793],[126.78737,37.2565],[126.78691,37.25381]],[[126.78704,37.83637],[126.78703,37.83832],[126.78692,37.8389]],[[126.78721,35.13282],[126.78698,35.13235]],[[126.78699,37.83281],[126.78698,37.83507],[126.78678,37.83638],[126.78672,37.8392],[126.78701,37.8416]],[[126.78701,37.8416],[126.78732,37.8436],[126.78736,37.84476],[126.78764,37.84727],[126.78777,37.84979],[126.78776,37.85183]],[[126.78728,37.84335],[126.78702,37.84246]],[[126.78713,37.64372],[126.78741,37.64346]],[[126.78713,37.64372],[126.78747,37.64351]],[[126.78714,37.32787],[126.7882,37.32762],[126.79058,37.32653],[126.7916,37.32584]],[[126.78724,35.13299],[126.78812,35.13451],[126.78786,35.13392]],[[126.78743,37.25652],[126.78744,37.25837]],[[126.78744,37.25837],[126.78777,37.25957],[126.78775,37.26134],[126.78762,37.26359],[126.78764,37.26547]],[[126.78754,37.32778],[126.79133,37.32602]],[[126.78758,37.32737],[126.78919,37.32646],[126.79115,37.32556]],[[126.78758,37.85269],[126.78752,37.8533],[126.78762,37.85593],[126.78771,37.85646],[126.78793,37.8571]],[[126.79636,37.58133],[126.79308,37.58044],[126.79198,37.58],[126.79098,37.57942],[126.7896,37.57826],[126.78901,37.57786],[126.78849,37.57761],[126.7876,37.57732]],[[126.78767,37.85239],[126.78747,37.85305],[126.78754,37.85504],[126.78762,37.85628],[126.7879,37.8574],[126.78798,37.8591]],[[126.78769,37.84859],[126.78779,37.84933]],[[126.78793,37.85693],[126.78771,37.85313],[126.78774,37.85202]],[[126.78774,37.85202],[126.78759,37.85294],[126.78757,37.85353],[126.78767,37.85592],[126.78793,37.85693]],[[126.78791,37.25647],[126.78792,37.25774],[126.78778,37.26123],[126.78782,37.26163],[126.7877,37.2635],[126.78775,37.26547]],[[126.78776,37.84867],[126.78782,37.84907]],[[126.78776,37.57672],[126.78987,37.57729],[126.79071,37.57738]],[[126.78783,37.85038],[126.78778,37.85122]],[[126.7878,37.26107],[126.78792,37.26183],[126.78819,37.26287],[126.78818,37.26479]],[[126.7878,37.32773],[126.79108,37.3262]],[[126.78782,37.2606],[126.78788,37.26131],[126.78848,37.26295],[126.78844,37.26491]],[[126.78782,37.26163],[126.788,37.26286],[126.78799,37.26447]],[[126.78783,37.85091],[126.78778,37.85352],[126.78785,37.8554],[126.78806,37.85755]],[[126.78816,37.85781],[126.78823,37.85613],[126.78812,37.85304],[126.78788,37.85104]],[[126.78793,37.85693],[126.78806,37.85755]],[[126.78793,37.8571],[126.78811,37.85833]],[[126.78793,37.8571],[126.78803,37.8591]],[[126.78817,37.85847],[126.78828,37.85569],[126.78815,37.85279],[126.78794,37.8515]],[[126.78831,37.26479],[126.78834,37.26303],[126.78818,37.2624],[126.78792,37.26183],[126.78808,37.26288],[126.78802,37.26478]],[[126.78806,37.85755],[126.78811,37.85833]],[[126.78811,37.85833],[126.78813,37.85902]],[[126.79179,35.18087],[126.79129,35.18165],[126.79032,35.18243],[126.79011,35.18269],[126.78813,35.18606]],[[126.78813,37.26479],[126.78815,37.26299],[126.78806,37.26226],[126.78827,37.26288],[126.78826,37.26478]]]}},{"type":"Feature","properties":{"g":"kr"},"geometry":{"type":"MultiLineString","coordinates":[[[126.78813,37.85902],[126.78819,37.85948]],[[126.78813,37.85902],[126.7883,37.86121],[126.78853,37.86232]],[[126.78814,37.262],[126.7885,37.26262],[126.78858,37.26291],[126.78857,37.26452]],[[126.78819,37.26242],[126.78839,37.26288],[126.78843,37.26319],[126.78841,37.2648]],[[126.78819,35.18607],[126.78964,35.18369],[126.79055,35.18283],[126.79086,35.18246],[126.79185,35.1809],[126.79227,35.18037],[126.79302,35.17959],[126.79425,35.17753],[126.79458,35.17681],[126.79488,35.17578],[126.79539,35.17495],[126.79642,35.17354]],[[126.78823,35.1861],[126.78983,35.18356],[126.79036,35.18302]],[[126.78824,37.26222],[126.78852,37.26291],[126.78851,37.26452]],[[126.78827,37.32706],[126.78914,37.32655],[126.79142,37.32556]],[[126.78831,35.18613],[126.78987,35.1836],[126.79063,35.18274]],[[126.78838,35.18614],[126.78989,35.18368],[126.79044,35.18299]],[[126.78842,37.57724],[126.79281,37.57803]],[[126.78846,35.13566],[126.78885,35.13655],[126.79066,35.1395],[126.79184,35.14094]],[[126.78846,35.13566],[126.78878,35.13654],[126.79057,35.13954],[126.79093,35.14],[126.79211,35.14126]],[[126.79099,35.18229],[126.78987,35.18381],[126.78846,35.18617]],[[126.78852,35.1862],[126.79028,35.18326]],[[126.78907,37.48308],[126.78853,37.4832]],[[126.78853,37.57732],[126.78895,37.57747],[126.78959,37.57782],[126.79072,37.57882],[126.79193,37.57967],[126.79256,37.57991],[126.79538,37.58069]],[[126.78863,35.18624],[126.79081,35.1826]],[[126.78865,37.26288],[126.78864,37.26449]],[[126.78868,35.18626],[126.79088,35.18257]],[[126.78869,37.3268],[126.79144,37.32562]],[[126.78877,37.26291],[126.78876,37.26452]],[[126.79053,35.18316],[126.79036,35.18358],[126.78876,35.1863]],[[126.78879,37.64251],[126.78913,37.64216]],[[126.78883,37.26292],[126.78881,37.26453]],[[126.79176,37.57921],[126.78977,37.57783],[126.78895,37.57747]],[[126.78899,35.18631],[126.79022,35.18414],[126.791,35.18235]],[[126.78904,35.18635],[126.79041,35.18401],[126.79083,35.18281]],[[126.78904,37.57702],[126.78989,37.57725],[126.79059,37.57734]],[[126.78907,37.57697],[126.79014,37.57727],[126.79105,37.57737]],[[126.79189,37.57909],[126.79041,37.57807],[126.78973,37.57771],[126.78911,37.57747]],[[126.79172,35.18114],[126.791,35.18235],[126.79078,35.18292],[126.79051,35.18394],[126.78911,35.18637]],[[126.7892,35.18579],[126.79011,35.18417],[126.79036,35.18358]],[[126.7915,35.14058],[126.79061,35.13951],[126.78922,35.13726]],[[126.78993,37.48303],[126.78931,37.48308]],[[126.79173,37.57925],[126.78938,37.57769]],[[126.79183,37.57916],[126.79012,37.57798],[126.78941,37.57764]],[[126.79011,37.57771],[126.78954,37.57758]],[[126.78965,37.57753],[126.79242,37.578]],[[126.79026,37.4829],[126.78968,37.48295]],[[126.79024,37.48287],[126.78969,37.48299]],[[126.79169,37.57928],[126.78971,37.57791]],[[126.79204,37.57914],[126.79054,37.57811],[126.78973,37.57771]],[[126.7918,37.57919],[126.78977,37.57783]],[[126.79166,37.5793],[126.78995,37.57814]],[[126.79055,37.57784],[126.78996,37.57763]],[[126.79284,37.57792],[126.79113,37.57763],[126.78999,37.57755]],[[126.79001,37.57774],[126.79397,37.57893]],[[126.79001,37.57774],[126.79126,37.5783],[126.79252,37.57916]],[[126.79002,37.57749],[126.79241,37.57766],[126.79399,37.57792]],[[126.7924,37.57808],[126.7908,37.57781],[126.79006,37.57761]],[[126.79211,37.57908],[126.7906,37.57808],[126.79008,37.57785]],[[126.79187,37.57912],[126.79009,37.57791]],[[126.79164,37.57934],[126.79022,37.57837]],[[126.79282,37.57799],[126.79031,37.57757]],[[126.79032,37.79065],[126.79051,37.79122]],[[126.79241,37.57804],[126.79035,37.57766]],[[126.79039,37.57748],[126.79213,37.57756],[126.79313,37.57769]],[[126.79231,37.57917],[126.79095,37.57823],[126.79041,37.57798]],[[126.79235,37.57913],[126.7909,37.57814],[126.79043,37.5779]],[[126.79046,37.57787],[126.79117,37.57815],[126.79258,37.5791]],[[126.79208,37.57911],[126.79054,37.57811]],[[126.79059,37.57796],[126.79131,37.57828],[126.79255,37.57913]],[[126.79061,37.79143],[126.79107,37.79282]],[[126.79283,37.57795],[126.79063,37.57759]],[[126.79411,37.79992],[126.7936,37.79836],[126.7914,37.79295],[126.79066,37.79141]],[[126.79071,35.1818],[126.79288,35.178],[126.79627,35.17255]],[[126.79072,37.57882],[126.79163,37.57963],[126.79239,37.5801],[126.79562,37.581],[126.7964,37.58098],[126.79697,37.58076],[126.79731,37.58047],[126.79759,37.57997],[126.79761,37.57942],[126.79744,37.57902],[126.79707,37.57865],[126.79656,37.5784],[126.79276,37.57736],[126.79195,37.57734],[126.79002,37.57749],[126.78912,37.57739],[126.79078,37.57785],[126.79239,37.57812]],[[126.79082,37.57745],[126.79218,37.57751],[126.79314,37.57766]],[[126.79086,37.57798],[126.79251,37.57879],[126.79466,37.57939]],[[126.79089,37.57749],[126.79312,37.57773]],[[126.79247,37.57917],[126.79135,37.57839],[126.7909,37.57814]],[[126.79107,37.79282],[126.79317,37.79809],[126.79406,37.79994]],[[126.79107,37.79282],[126.79139,37.79386],[126.79276,37.79724],[126.79333,37.79845]],[[126.79124,37.57745],[126.79238,37.5775],[126.79316,37.57763]],[[126.79127,37.57809],[126.79236,37.57851],[126.79395,37.57896]],[[126.79399,37.57805],[126.79127,37.57758]],[[126.79136,37.57937],[126.79188,37.57973],[126.79228,37.57991],[126.79524,37.58074]],[[126.79156,37.81814],[126.79149,37.8188]],[[126.79195,37.57734],[126.7915,37.57735]],[[126.79158,35.18129],[126.79168,35.18111]],[[126.79824,35.17007],[126.79761,35.17147],[126.79158,35.18375]],[[126.79159,37.5776],[126.794,37.57801]],[[126.79463,37.57945],[126.79253,37.57887],[126.79161,37.57833]],[[126.79353,37.8111],[126.79281,37.81316],[126.79206,37.81588],[126.79162,37.81779]],[[126.79168,35.18111],[126.79179,35.18087]],[[126.79168,35.18111],[126.795,35.17548],[126.79435,35.17631],[126.79224,35.17991],[126.79202,35.18037]],[[126.79169,37.79457],[126.79189,37.79533],[126.79275,37.79735]],[[126.79628,37.57943],[126.7917,37.57822]],[[126.79646,37.57901],[126.79452,37.57854],[126.79338,37.57846],[126.79171,37.57817]],[[126.79173,37.8178],[126.79227,37.8162],[126.79285,37.81415],[126.79329,37.81249],[126.79357,37.81111]],[[126.79177,37.79487],[126.79282,37.79752],[126.79313,37.79809]],[[126.79178,35.18338],[126.79212,35.18281],[126.79668,35.17348],[126.7969,35.1729],[126.79744,35.17217]],[[126.79592,35.17323],[126.79313,35.17776],[126.79179,35.18087]],[[126.79488,35.17578],[126.79436,35.17694],[126.79398,35.17762],[126.79274,35.17969],[126.79185,35.1809]],[[126.79192,35.18061],[126.79489,35.17569]],[[126.79398,37.57889],[126.79193,37.5783]],[[126.792,37.57762],[126.794,37.57798]],[[126.79201,35.18065],[126.79471,35.17607]],[[126.79463,35.17595],[126.79229,35.1799],[126.79207,35.18036]],[[126.79477,35.17607],[126.79437,35.17713],[126.79292,35.17956],[126.79227,35.18037]],[[126.79229,37.57832],[126.7945,37.57871],[126.79642,37.57916]],[[126.79453,35.17651],[126.79232,35.18023]],[[126.79233,35.14078],[126.79166,35.13932],[126.78989,35.13641],[126.78841,35.13457],[126.78974,35.13605],[126.79179,35.13944],[126.79247,35.14109]],[[126.79426,35.17634],[126.79236,35.17953]],[[126.79245,35.18014],[126.79299,35.17957],[126.79436,35.17728]],[[126.79407,35.17658],[126.7925,35.17932]],[[126.79442,35.17679],[126.7925,35.18]],[[126.79251,37.6616],[126.7928,37.66121]],[[126.79254,37.57839],[126.79639,37.57919]],[[126.79545,35.17489],[126.79703,35.17217],[126.79984,35.1666],[126.80022,35.16557],[126.80041,35.16461],[126.80048,35.16404],[126.80042,35.16321],[126.79989,35.16076],[126.79677,35.14908],[126.79597,35.14737],[126.79259,35.14176]],[[126.79461,35.1759],[126.79385,35.17687],[126.7926,35.17897]],[[126.79289,37.32518],[126.79263,37.32534]],[[126.79472,35.14488],[126.79269,35.14157]],[[126.79462,35.17644],[126.79439,35.177],[126.79269,35.17983]],[[126.79649,37.57896],[126.79454,37.57848],[126.79271,37.57834]],[[126.79751,35.17055],[126.79627,35.17255],[126.79592,35.17323],[126.79556,35.17446],[126.79536,35.17488],[126.795,35.17548],[126.79391,35.17665],[126.79271,35.17868]],[[126.79332,37.39872],[126.79282,37.39903]],[[126.79282,37.79752],[126.79395,37.80024]],[[126.79401,37.80023],[126.79324,37.7984],[126.79308,37.79813]],[[126.79309,37.57837],[126.79458,37.57841],[126.79653,37.57891]],[[126.79311,37.66059],[126.79394,37.65894],[126.79549,37.65624],[126.79637,37.65495]],[[126.79644,37.57914],[126.79451,37.57865],[126.79311,37.57848]],[[126.79641,37.65497],[126.79518,37.65739],[126.79386,37.65961],[126.79315,37.66061]],[[126.79318,37.57862],[126.79458,37.57887],[126.79635,37.57929]],[[126.79425,37.58076],[126.79325,37.58038]],[[126.7963,37.57936],[126.7936,37.5787]],[[126.79361,37.8108],[126.79378,37.81034]],[[126.79364,37.39846],[126.79496,37.39751],[126.79868,37.39462],[126.79979,37.39358]],[[126.79366,37.57852],[126.79451,37.57859],[126.79647,37.57906]],[[126.79625,37.5812],[126.79454,37.58079],[126.79377,37.58052]],[[126.79679,35.17318],[126.79664,35.17394],[126.79401,35.17933],[126.79381,35.17959]],[[126.79392,35.17948],[126.79411,35.17929],[126.79654,35.17425],[126.79664,35.17394],[126.79656,35.17434],[126.79443,35.17876],[126.79411,35.17929]],[[126.79633,37.57932],[126.79407,37.57878]],[[126.79506,37.57782],[126.79414,37.57764]],[[126.79416,37.57759],[126.79502,37.57789]],[[126.79417,37.39808],[126.79477,37.39777],[126.79873,37.39466],[126.79946,37.39391]],[[126.79462,37.48435],[126.79479,37.48403]],[[126.79471,37.48438],[126.7947,37.484]],[[126.7976,35.17082],[126.79644,35.17308],[126.79536,35.17488]],[[126.79542,37.48125],[126.79539,37.48167]],[[126.79556,35.17446],[126.79589,35.17375],[126.7971,35.1717],[126.79827,35.16946],[126.79851,35.16912]],[[126.79744,35.17075],[126.79605,35.17302]],[[126.79684,37.65414],[126.79651,37.65479]],[[126.79679,35.17318],[126.79653,35.17391],[126.79403,35.17903],[126.79352,35.17994],[126.79381,35.17959],[126.79658,35.17392],[126.79679,35.17318]],[[126.79761,35.17197],[126.79773,35.17182]],[[126.79967,37.56209],[126.79793,37.56201]],[[126.79794,37.56196],[126.79967,37.56203]],[[126.79876,35.48751],[126.79945,35.48865],[126.8019,35.49204],[126.80275,35.49303]],[[126.79881,35.48749],[126.79991,35.48883],[126.802,35.49171],[126.8028,35.493]],[[126.80255,35.4926],[126.80221,35.49193],[126.79988,35.48871],[126.79918,35.48794]],[[126.80319,37.56188],[126.80229,37.56199],[126.79926,37.56213]],[[126.80043,37.39301],[126.80014,37.39329]],[[126.80028,35.14421],[126.80107,35.1443]],[[126.80727,37.58925],[126.80473,37.58944]],[[126.80474,37.58949],[126.8067,37.58935],[126.80767,37.58918]],[[126.80474,37.58953],[126.80673,37.58939],[126.8073,37.58928]],[[126.80476,37.58958],[126.80688,37.5894],[126.80968,37.58848]],[[126.80479,37.52113],[126.8047,37.52202],[126.80467,37.52601],[126.80481,37.52761]],[[126.81402,37.58685],[126.80999,37.58877],[126.80894,37.58915],[126.80658,37.58961],[126.80483,37.58973]],[[126.80493,37.52111],[126.80502,37.52202],[126.80505,37.526],[126.80491,37.52761]],[[126.80789,37.58902],[126.80531,37.58922]],[[126.80532,37.58926],[126.8071,37.58913],[126.80821,37.58896]],[[126.80792,37.58904],[126.8072,37.58916],[126.80533,37.5893]],[[126.80534,37.58934],[126.80741,37.58918],[126.80878,37.58877]],[[126.80581,37.58908],[126.80786,37.5889],[126.80865,37.58875]],[[126.80581,37.58912],[126.80774,37.58896],[126.80835,37.58884]],[[126.80829,37.58882],[126.80582,37.58904]],[[126.80593,37.58915],[126.80788,37.58898],[126.80941,37.58852]],[[126.80899,37.58858],[126.80637,37.58882]],[[126.80637,37.58886],[126.80843,37.58867],[126.8093,37.58851]],[[126.80638,37.5889],[126.8089,37.58863]],[[126.80638,37.58893],[126.80841,37.58875],[126.80979,37.58836]],[[126.80648,35.42884],[126.8067,35.42922]],[[126.80661,37.63745],[126.80702,37.63683]],[[126.80942,35.43558],[126.80889,35.4346],[126.80672,35.42942]],[[126.81127,37.5877],[126.8097,37.58799],[126.80677,37.58824]],[[126.81005,37.58803],[126.8068,37.58832]],[[126.8068,37.58836],[126.80939,37.58814],[126.81042,37.58795]],[[126.8068,37.58841],[126.80963,37.58816],[126.81164,37.58759]],[[126.80682,37.58845],[126.80985,37.58819]],[[126.8103,37.58809],[126.80929,37.58828],[126.80682,37.5885]],[[126.80682,37.58853],[126.80929,37.58832],[126.80992,37.58821]],[[126.80683,37.58857],[126.80948,37.58833],[126.81084,37.58792]],[[126.80945,37.58838],[126.80684,37.58862]],[[126.80684,37.58866],[126.80907,37.58845],[126.80981,37.5883]],[[126.80947,37.5884],[126.80874,37.58853],[126.80685,37.5887]],[[126.80685,37.58873],[126.80894,37.58854],[126.81028,37.58815]],[[126.80692,35.42968],[126.80746,35.43066],[126.80842,35.43281],[126.80919,35.4346],[126.80947,35.43556]],[[126.80695,37.58955],[126.80799,37.58919],[126.81449,37.58647],[126.81497,37.58611],[126.81533,37.58565],[126.81548,37.58517],[126.81542,37.58456],[126.81277,37.57738]],[[126.80724,35.43023],[126.80752,35.43058],[126.80865,35.43311],[126.80881,35.43373]],[[126.80743,37.5876],[126.80957,37.58743],[126.8103,37.58754]],[[126.81027,37.58761],[126.80944,37.58758],[126.80744,37.58775]],[[126.80744,37.58781],[126.80976,37.58762],[126.81066,37.58762]],[[126.81106,37.58758],[126.80976,37.5875],[126.80745,37.58768]],[[126.80745,37.58789],[126.81134,37.58756]],[[126.80747,37.58794],[126.81088,37.58764]],[[126.80748,37.58808],[126.81,37.58786],[126.8111,37.58765],[126.81206,37.58738],[126.81452,37.58631],[126.815,37.58588],[126.8153,37.58536]],[[126.80748,37.58802],[126.81001,37.5878],[126.81178,37.58747]],[[126.80759,37.63578],[126.80935,37.63277],[126.80841,37.6341]],[[126.80763,37.6358],[126.80939,37.63278],[126.80874,37.63412]],[[126.80875,37.63378],[126.80778,37.63535]],[[126.8088,37.63379],[126.80791,37.6354]],[[126.80971,35.14481],[126.80857,35.14472]],[[126.8091,37.63328],[126.80878,37.63373]],[[126.80906,37.63326],[126.80882,37.63375]],[[126.80963,35.14485],[126.80884,35.14483]],[[126.80891,37.58872],[126.81426,37.5865],[126.81488,37.58609],[126.81514,37.5858],[126.81534,37.58543],[126.81542,37.585],[126.81536,37.58453],[126.81269,37.5774]],[[126.80951,37.58719],[126.81074,37.58729]],[[126.80951,37.58727],[126.81128,37.58727],[126.81325,37.58689]],[[126.80961,35.4359],[126.80982,35.43646]],[[126.81224,37.62758],[126.81087,37.62994]],[[126.81176,37.62863],[126.81117,37.6295]],[[126.81135,37.62955],[126.81179,37.62866]],[[126.81295,37.58697],[126.81151,37.58729]],[[126.81153,37.58734],[126.81244,37.58711]],[[126.8122,37.62787],[126.81184,37.62858]],[[126.81954,35.14552],[126.81841,35.14539],[126.81225,35.14496]],[[126.81268,37.58717],[126.81327,37.58699]],[[126.81277,37.58721],[126.81326,37.58693]],[[126.81294,35.14506],[126.81372,35.14507]],[[126.81352,37.58677],[126.814,37.58662]],[[126.8165,37.62225],[126.81592,37.62266]],[[126.81595,37.62269],[126.81645,37.62222]],[[126.81725,37.6215],[126.81656,37.62214]],[[126.8166,37.62216],[126.81733,37.62164]],[[126.81671,35.52188],[126.81726,35.52248],[126.81955,35.52598],[126.82008,35.5268],[126.82043,35.52762]],[[126.81675,35.522],[126.81698,35.52269],[126.81718,35.52307],[126.81955,35.52675],[126.82006,35.52719]],[[126.8169,35.52208],[126.81719,35.52229],[126.8175,35.52268],[126.8183,35.52394],[126.81908,35.52503],[126.82008,35.52671],[126.82032,35.52731]],[[126.817,37.62183],[126.81845,37.6208],[126.81993,37.6196],[126.82171,37.61813],[126.82273,37.61717]],[[126.81705,37.62174],[126.81814,37.62071],[126.82137,37.61808],[126.82277,37.61709]],[[126.81739,37.6216],[126.81818,37.62112]],[[126.82213,37.61747],[126.82117,37.61806],[126.81842,37.62029],[126.81748,37.62128]],[[126.81802,37.49428],[126.81843,37.49392],[126.81905,37.49354],[126.81982,37.49321],[126.82211,37.49249]],[[126.81834,37.621],[126.81919,37.62039],[126.82142,37.61857],[126.82229,37.61765]],[[126.82805,35.94639],[126.82699,35.94586],[126.82208,35.94388],[126.81878,35.94262]],[[126.81885,35.14547],[126.81973,35.14556]],[[126.82006,35.52719],[126.81959,35.52672],[126.81709,35.52283],[126.81682,35.52211],[126.81719,35.52289],[126.81969,35.52673],[126.82006,35.52719]],[[126.82051,35.94337],[126.82124,35.94361]],[[126.82078,37.61915],[126.82171,37.61839]],[[126.82171,37.61839],[126.82332,37.61678]],[[126.82171,37.61839],[126.82255,37.61768]],[[126.82205,37.4926],[126.82173,37.49261]],[[126.82204,37.49241],[126.82181,37.49259]],[[126.82328,37.61667],[126.82226,37.61739]],[[126.82242,37.61753],[126.82322,37.61677]],[[126.8289,37.61071],[126.82305,37.61063]],[[126.82305,37.61069],[126.82837,37.61073],[126.82926,37.6108]],[[126.82965,37.61088],[126.82904,37.61083],[126.82305,37.61077]],[[126.8289,37.61051],[126.82813,37.6104],[126.82305,37.61035]],[[126.82305,37.61042],[126.82815,37.61045],[126.82947,37.61069]],[[126.83003,37.61087],[126.82836,37.61053],[126.82305,37.61048]],[[126.82305,37.61057],[126.82836,37.61062],[126.83091,37.61115]],[[126.82305,37.6101],[126.82787,37.61013],[126.82834,37.6102],[126.82931,37.6105]],[[126.83006,37.61083],[126.82809,37.61021],[126.82305,37.61015]],[[126.82305,37.6103],[126.82815,37.61034],[126.83039,37.61098]],[[126.82995,37.61047],[126.82878,37.61006],[126.82814,37.60993],[126.82305,37.60989]],[[126.82903,37.61038],[126.82813,37.61005],[126.82764,37.61],[126.82305,37.60996]],[[126.867,37.60407],[126.86453,37.606],[126.86316,37.60682],[126.86174,37.60739],[126.85897,37.60805],[126.85779,37.60845],[126.85685,37.60898],[126.85398,37.61093],[126.85319,37.61127],[126.85231,37.61148],[126.85146,37.61152],[126.83248,37.61132],[126.83091,37.61115],[126.8305,37.61103],[126.82903,37.61038],[126.8281,37.6101],[126.82305,37.61003]],[[126.82939,37.61007],[126.82866,37.6098],[126.82817,37.60972],[126.82305,37.60968]],[[126.82305,37.60977],[126.82793,37.60979],[126.82861,37.6099],[126.82928,37.61015]],[[126.82305,37.60983],[126.82815,37.60987],[126.8288,37.61001],[126.8297,37.61035]],[[126.83271,37.61127],[126.83151,37.61109],[126.83028,37.61051],[126.829,37.60981],[126.82839,37.60961],[126.82305,37.60953]],[[126.82305,37.60959],[126.82818,37.60963],[126.82885,37.6098],[126.82973,37.61023]],[[126.83794,37.60967],[126.83702,37.60947],[126.83549,37.60936],[126.82848,37.60921],[126.82305,37.6092]],[[126.8232,37.4922],[126.82574,37.49154]],[[126.82332,37.61669],[126.8237,37.61633]],[[126.82348,37.61444],[126.82544,37.61306],[126.82635,37.6126],[126.82701,37.6124],[126.82815,37.61217],[126.83076,37.61176],[126.83389,37.61169],[126.84842,37.61187]],[[126.82465,37.61546],[126.82388,37.61618]],[[126.82394,37.61619],[126.82475,37.61562]],[[126.8316,37.61135],[126.82458,37.61123]],[[126.83068,37.61126],[126.82459,37.6112]],[[126.83023,37.61122],[126.82459,37.61115]],[[126.8246,37.6111],[126.82967,37.61116],[126.83135,37.6113]],[[126.8246,37.61105],[126.82941,37.6111],[126.83135,37.6113],[126.83191,37.61129]],[[126.82461,37.61099],[126.82939,37.61105],[126.83051,37.61112]],[[126.82462,37.61094],[126.82975,37.611],[126.83105,37.61118]],[[126.82544,37.61475],[126.8248,37.61534]],[[126.82489,37.6155],[126.82554,37.61503]],[[126.83056,37.61141],[126.82815,37.61167],[126.82508,37.61162]],[[126.82513,37.61188],[126.82746,37.61193],[126.82818,37.61185],[126.82981,37.61153]],[[126.82842,37.61181],[126.82747,37.61189],[126.82514,37.61185]],[[126.82515,37.61177],[126.82746,37.61181],[126.82946,37.6116]],[[126.82538,37.61244],[126.82606,37.61237]],[[126.83114,37.61136],[126.82552,37.61248]],[[126.82558,37.61232],[126.82668,37.61225]],[[126.82563,37.6122],[126.82729,37.61214]],[[126.82568,37.61257],[126.82711,37.61222],[126.83013,37.61165],[126.831,37.61155],[126.83189,37.61152],[126.83638,37.61158]],[[126.82574,37.49154],[126.82649,37.49127]],[[126.82574,37.49154],[126.82647,37.49137]],[[126.82885,37.61189],[126.82731,37.61234]],[[126.82766,37.60971],[126.82817,37.60975],[126.82864,37.60986],[126.83121,37.61109],[126.83224,37.61126]],[[126.82771,37.60957],[126.82864,37.60939],[126.82987,37.60931],[126.83623,37.60948],[126.84198,37.61017],[126.84572,37.61111],[126.84746,37.61141]],[[126.82799,35.17473],[126.8298,35.17576]],[[126.82805,36.6833],[126.82814,36.68366]],[[126.82809,37.60952],[126.82913,37.6098],[126.83028,37.61051]],[[126.82814,36.68418],[126.82817,36.68579],[126.82856,36.68958],[126.82884,36.6911]],[[126.82889,36.69109],[126.82885,36.68964],[126.82847,36.68588],[126.82821,36.68436]],[[126.82822,35.17478],[126.82964,35.17562],[126.83239,35.1771]],[[126.82829,36.68477],[126.82855,36.68565],[126.82898,36.68978],[126.82889,36.69083]],[[126.82892,36.69053],[126.82889,36.68936],[126.82851,36.68574],[126.82835,36.68495]],[[126.82861,35.94668],[126.82831,35.9465],[126.82936,35.94693]],[[126.82864,37.60939],[126.82988,37.60923]],[[126.82894,36.69178],[126.82896,36.69236]],[[126.82899,37.61186],[126.82974,37.61167]],[[126.82964,35.17562],[126.8298,35.17576]],[[126.8298,35.17576],[126.83021,35.17599]],[[126.83139,37.61134],[126.82994,37.61147]],[[126.83021,35.17599],[126.83195,35.17694]],[[126.83021,35.17599],[126.83165,35.17683]],[[126.83108,37.61001],[126.83739,37.61009],[126.83928,37.60998],[126.84106,37.61003],[126.83952,37.61005],[126.83825,37.61023],[126.8359,37.61107],[126.83523,37.6112],[126.83392,37.61128]],[[126.83156,37.61126],[126.83324,37.61127]],[[126.8316,37.61135],[126.85157,37.6116],[126.85277,37.61147],[126.85327,37.61132],[126.85394,37.61102],[126.85689,37.60902],[126.85775,37.60855],[126.85895,37.6082],[126.86205,37.60783],[126.86272,37.60762],[126.86331,37.60736],[126.86408,37.60683],[126.86704,37.60409]],[[126.83226,37.61131],[126.8316,37.61135]],[[126.83165,35.17683],[126.83195,35.17694]],[[126.83307,35.17745],[126.83165,35.17683]],[[126.83195,35.17694],[126.83239,35.1771]],[[126.83239,35.1771],[126.83281,35.1773]],[[126.83293,37.61131],[126.83324,37.61127]],[[126.8331,37.61131],[126.83382,37.61137]],[[126.83324,37.61127],[126.83478,37.61129],[126.83568,37.61123],[126.83782,37.61078],[126.84291,37.61083],[126.84366,37.61088],[126.84677,37.6114],[126.84736,37.61143]],[[126.83637,37.61149],[126.8349,37.61147],[126.83398,37.61137]],[[126.83433,37.61128],[126.83496,37.61133]],[[126.84843,37.61149],[126.84736,37.61143],[126.83478,37.61129]],[[126.84618,37.61131],[126.8441,37.61079],[126.84304,37.61062],[126.83827,37.61056],[126.83746,37.61066],[126.83577,37.61117],[126.83528,37.61126]],[[126.84554,37.6112],[126.8435,37.61075],[126.83798,37.61066],[126.83741,37.61073],[126.83561,37.6112]],[[126.8357,37.3162],[126.83697,37.31625],[126.8399,37.3161],[126.84114,37.31591]],[[126.84128,37.31587],[126.83988,37.31583],[126.83693,37.31599],[126.8357,37.31616]],[[126.83574,37.61135],[126.8365,37.61141]],[[126.84488,37.61109],[126.84387,37.61086],[126.84316,37.61078],[126.838,37.61072],[126.83738,37.61079],[126.83615,37.61114]],[[126.84577,37.61152],[126.83738,37.61146],[126.83666,37.61141]],[[126.84545,35.57972],[126.8449,35.57893],[126.83991,35.57245],[126.83907,35.57151]],[[126.83955,37.48548],[126.84028,37.4844],[126.84117,37.48374],[126.8418,37.48304],[126.84315,37.48125],[126.84343,37.48052],[126.84356,37.47925],[126.84318,37.47173]],[[126.83973,37.61149],[126.84036,37.61154]],[[126.84,37.48463],[126.83983,37.48494]],[[126.84028,37.4844],[126.84003,37.48465]],[[126.84055,37.49348],[126.84139,37.49375]],[[126.84058,37.61154],[126.84176,37.61165]],[[126.85496,37.4952],[126.85279,37.49566],[126.85151,37.49567],[126.84963,37.49536],[126.84207,37.49361],[126.84066,37.49338]],[[126.84075,37.49369],[126.84255,37.49417]],[[126.84076,37.49366],[126.84289,37.49421],[126.84883,37.4955]],[[126.84111,37.48368],[126.84165,37.48312],[126.84304,37.4813],[126.84332,37.48063],[126.84344,37.48006],[126.84345,37.47892],[126.8433,37.47661],[126.84326,37.47639],[126.84271,37.47505],[126.84239,37.47342]],[[126.84133,37.49348],[126.84268,37.49366],[126.84603,37.49441],[126.84703,37.49472]],[[126.84145,37.49357],[126.84217,37.49381]],[[126.84151,37.49398],[126.84255,37.49417],[126.84783,37.49538],[126.84996,37.49564]],[[126.84164,37.49351],[126.8468,37.49464]],[[126.84176,37.49384],[126.84289,37.49421]],[[126.84434,37.41224],[126.8419,37.41015]],[[126.84265,37.49375],[126.8419,37.49365]],[[126.8433,37.61182],[126.84191,37.61165]],[[126.84403,37.41197],[126.84197,37.41011]],[[126.84202,37.49405],[126.84253,37.49412]],[[126.84383,37.4945],[126.84212,37.49415]],[[126.84928,37.49555],[126.8422,37.49399]],[[126.84224,37.41045],[126.84269,37.41079],[126.84242,37.41049]],[[126.84229,37.47343],[126.84255,37.47472],[126.84299,37.47591],[126.84325,37.47686],[126.84335,37.48],[126.84324,37.48064],[126.84295,37.48132]],[[126.84266,37.4748],[126.84255,37.47452],[126.84233,37.47344]],[[126.84243,37.47343],[126.84279,37.47525]],[[126.84244,37.49387],[126.84282,37.49399]],[[126.84248,37.47341],[126.8429,37.4755],[126.84253,37.47341]],[[126.84326,37.47639],[126.84308,37.4756],[126.84293,37.47524],[126.84258,37.47342]],[[126.84262,37.4734],[126.843,37.4754]],[[126.84268,37.47342],[126.8431,37.47566]],[[126.84271,37.47523],[126.84292,37.47555]],[[126.84305,37.47541],[126.84304,37.47502],[126.84273,37.47339]],[[126.84277,37.47339],[126.84306,37.47487],[126.84306,37.47514]],[[126.84283,37.4734],[126.84322,37.47519],[126.84343,37.47666]],[[126.84288,37.47338],[126.84322,37.47519]],[[126.84326,37.47541],[126.84325,37.47512],[126.84292,37.47337]],[[126.84294,37.47175],[126.84301,37.47326],[126.84314,37.4737]],[[126.84297,37.47336],[126.84326,37.47481],[126.84325,37.47512]],[[126.84323,37.47396],[126.84306,37.47329],[126.84298,37.47175]],[[126.84303,37.47175],[126.8431,37.47331],[126.84319,37.47376]],[[126.8535,35.1228],[126.85192,35.12331],[126.85052,35.12399],[126.84551,35.1256],[126.84403,35.12586],[126.84305,35.12613]],[[126.84329,37.47428],[126.84319,37.47374],[126.84309,37.47174]],[[126.84313,37.47175],[126.84328,37.47376]],[[126.8432,37.49427],[126.84376,37.49434]],[[126.84335,37.47554],[126.84344,37.474],[126.84332,37.47176]],[[126.84342,37.47595],[126.84344,37.4751],[126.8438,37.47369],[126.84382,37.47337]],[[126.84342,37.47616],[126.84361,37.47526],[126.84427,37.47382]],[[126.84343,37.47611],[126.84354,37.47505],[126.8441,37.47373]],[[126.8445,37.47988],[126.84417,37.47825],[126.84365,37.4773],[126.84343,37.4765]],[[126.84421,37.47991],[126.84385,37.47821],[126.84343,37.47687]],[[126.84346,37.47335],[126.84352,37.47435],[126.84344,37.4751]],[[126.84406,37.47996],[126.84347,37.47738]],[[126.84419,37.47377],[126.84359,37.47514],[126.84347,37.47577]],[[126.84364,37.47338],[126.84361,37.47409],[126.84348,37.4747]],[[126.84392,37.47998],[126.84349,37.47772]],[[126.84352,37.47435],[126.84355,37.47336]],[[126.84352,37.47537],[126.84364,37.47488],[126.84415,37.47374]],[[126.84409,37.47449],[126.84357,37.47565],[126.84352,37.47668]],[[126.84396,37.47339],[126.84386,37.47399],[126.84353,37.47477]],[[126.84355,37.49435],[126.84839,37.49545]],[[126.84355,37.47969],[126.84373,37.48073],[126.84412,37.48125],[126.84441,37.48147],[126.84491,37.48169],[126.84517,37.48176],[126.84576,37.48178],[126.85562,37.47901]],[[126.84402,37.47447],[126.84359,37.47535]],[[126.84359,37.47426],[126.84368,37.47393],[126.84373,37.47336]],[[126.84374,37.47431],[126.84412,37.47357],[126.84416,37.47329]],[[126.84381,37.47412],[126.844,37.47371],[126.84405,37.47339]],[[126.84399,37.47469],[126.84382,37.4749]],[[126.84386,35.12587],[126.8458,35.12511],[126.85026,35.12367],[126.85166,35.12333]]]}},{"type":"Feature","properties":{"g":"kr"},"geometry":{"type":"MultiLineString","coordinates":[[[126.8444,37.47985],[126.84407,37.47821],[126.8439,37.47775]],[[126.8517,35.1234],[126.8502,35.12399],[126.84579,35.12543],[126.84413,35.12584]],[[126.85128,35.1236],[126.85014,35.12406],[126.84562,35.12552],[126.84464,35.12575]],[[126.84489,36.72385],[126.84802,36.72613]],[[126.84547,35.58015],[126.84681,35.58167]],[[126.84649,37.49512],[126.84815,37.49548],[126.85048,37.49576]],[[126.8473,37.61148],[126.8465,37.61144]],[[126.85345,36.73015],[126.85266,36.7297],[126.84739,36.72568]],[[126.84741,36.72544],[126.8506,36.72777],[126.85283,36.72947],[126.85372,36.73023]],[[126.84741,36.7255],[126.84802,36.72613]],[[126.84745,37.49516],[126.84813,37.49524],[126.85113,37.49589],[126.85182,37.49593],[126.8532,37.49583],[126.85717,37.49509]],[[126.84798,37.49504],[126.84747,37.49487]],[[126.84802,36.72613],[126.85067,36.72817],[126.85324,36.73002],[126.85399,36.73049]],[[126.84813,37.49524],[126.84858,37.4953]],[[126.84846,37.52864],[126.84885,37.52765]],[[126.84951,37.61155],[126.84859,37.61149]],[[126.849,37.49539],[126.8496,37.49548]],[[126.84902,37.49535],[126.84959,37.49552]],[[126.84904,37.49532],[126.84962,37.4954]],[[126.84961,37.49544],[126.84905,37.49528]],[[126.84907,37.49574],[126.85096,37.49597],[126.85247,37.4959]],[[126.85215,36.72938],[126.84944,36.72742],[126.84908,36.727]],[[126.84912,36.72703],[126.84956,36.72746],[126.85266,36.7297],[126.84932,36.72718]],[[126.84983,37.49557],[126.85021,37.4957]],[[126.85097,37.61151],[126.85002,37.61156]],[[126.85199,37.52226],[126.85063,37.52479]],[[126.85089,37.31235],[126.85155,37.3117]],[[126.85179,37.3114],[126.85338,37.30971],[126.85501,37.30814]],[[126.85541,37.30811],[126.85246,37.31118],[126.85201,37.31157]],[[126.85484,37.47923],[126.85536,37.47913]],[[126.85657,37.49502],[126.85767,37.49468]],[[126.86892,37.51351],[126.86613,37.5117],[126.86525,37.51154],[126.86386,37.51154],[126.86109,37.51065]],[[126.86508,37.51154],[126.86415,37.51144],[126.86115,37.51051]],[[126.86552,37.51157],[126.8641,37.51134],[126.86119,37.51044]],[[126.86499,37.51149],[126.86123,37.51036]],[[126.86124,37.51033],[126.86376,37.51105],[126.86464,37.51139]],[[126.86126,37.51026],[126.86419,37.51113],[126.86522,37.51127],[126.86571,37.51141]],[[126.86504,37.51124],[126.86441,37.51112],[126.8613,37.51016]],[[126.86136,37.51009],[126.86504,37.51121]],[[126.86539,37.51131],[126.86144,37.51002]],[[126.86605,37.51155],[126.86395,37.51073],[126.86151,37.50998]],[[126.86552,37.51127],[126.86399,37.51067],[126.86153,37.50992]],[[126.86155,37.50987],[126.86401,37.51062],[126.8651,37.51105]],[[126.86157,37.50984],[126.86404,37.51058],[126.86461,37.51081],[126.86632,37.51169],[126.87014,37.51419],[126.87131,37.51461]],[[126.86159,37.50979],[126.86505,37.51087],[126.86602,37.51139],[126.87002,37.51404],[126.87132,37.51456]],[[126.86475,37.51075],[126.86164,37.50974]],[[126.86168,37.50967],[126.86462,37.51065]],[[126.86173,37.50962],[126.86383,37.51029],[126.86505,37.51087]],[[126.86179,37.50957],[126.86417,37.51037],[126.86566,37.51119]],[[126.86181,37.50952],[126.86419,37.51033],[126.86454,37.51056]],[[126.86531,37.51096],[126.86424,37.51025],[126.86185,37.50942]],[[126.86187,37.50948],[126.86392,37.51017],[126.86493,37.51076]],[[126.86602,37.51139],[126.86397,37.51006],[126.86188,37.50937]],[[126.86189,37.50933],[126.86399,37.51002],[126.86455,37.51034],[126.86505,37.51073]],[[126.86191,37.50924],[126.86434,37.51007],[126.86542,37.51082]],[[126.86473,37.51047],[126.86438,37.51017],[126.86399,37.50996],[126.86191,37.50929]],[[126.86203,37.50902],[126.86446,37.50986],[126.86526,37.51054]],[[126.86204,37.50908],[126.86444,37.50991],[126.86497,37.51028]],[[126.86588,37.51121],[126.86493,37.51018],[126.86449,37.50982],[126.86208,37.50891]],[[126.86214,37.50887],[126.86451,37.50978],[126.86494,37.51013],[126.86613,37.51143]],[[126.86498,37.51017],[126.86454,37.50974],[126.86217,37.5088]],[[126.86223,37.50867],[126.86457,37.50969],[126.86543,37.51056],[126.86594,37.51125]],[[126.86228,37.5086],[126.86415,37.50941],[126.86459,37.50966],[126.86498,37.51006]],[[126.86233,37.50855],[126.86462,37.50961],[126.86517,37.51027]],[[126.86527,37.51034],[126.86491,37.50982],[126.86464,37.50957],[126.86419,37.5093],[126.86234,37.5085]],[[126.86238,37.50847],[126.86418,37.50925],[126.86483,37.50967],[126.86514,37.51009]],[[126.86238,37.50843],[126.86415,37.50918],[126.86469,37.50949],[126.86499,37.5098],[126.86543,37.51056]],[[126.86723,37.51213],[126.86607,37.51133],[126.86481,37.50953],[126.86417,37.50915],[126.86241,37.50841]],[[126.86245,37.50837],[126.86474,37.50941],[126.86501,37.50968],[126.86526,37.51013]],[[126.86246,37.50832],[126.86478,37.50937],[126.86512,37.50971],[126.8655,37.5104],[126.86625,37.51141],[126.86938,37.51351]],[[126.86253,37.50823],[126.86402,37.50882],[126.86443,37.50906],[126.86603,37.51039],[126.86978,37.51275]],[[126.86983,37.51264],[126.86555,37.50989],[126.86405,37.50878],[126.86262,37.50815]],[[126.86921,37.3026],[126.86801,37.3026],[126.86502,37.30283],[126.86366,37.30303]],[[126.86922,37.30264],[126.86799,37.30282],[126.86533,37.30305],[126.86368,37.30307]],[[126.86637,37.51162],[126.86459,37.51013],[126.86439,37.50999],[126.86402,37.50987]],[[126.86402,37.5099],[126.86436,37.51004],[126.86511,37.51055]],[[126.86556,37.51088],[126.86442,37.50995],[126.86402,37.50982]],[[126.86517,37.50966],[126.8655,37.51005],[126.8658,37.51058],[126.86604,37.51081],[126.86953,37.51295]],[[126.8653,37.50971],[126.86713,37.511],[126.86982,37.51268]],[[126.86552,37.51053],[126.86531,37.51009]],[[126.86534,37.50983],[126.86601,37.51053],[126.86972,37.51282]],[[126.86547,37.50992],[126.86607,37.51047],[126.86976,37.51277]],[[126.8655,37.5104],[126.86582,37.51074],[126.86651,37.5112],[126.86955,37.51307]],[[126.8655,37.51005],[126.86602,37.51071],[126.86962,37.51295]],[[126.8655,37.51064],[126.86584,37.51102]],[[126.8697,37.51292],[126.86608,37.51066],[126.86556,37.51008]],[[126.86556,37.5106],[126.8658,37.51104]],[[126.86559,37.50996],[126.86683,37.51086],[126.8698,37.51272]],[[126.86691,37.51217],[126.86617,37.51161]],[[126.86622,37.51034],[126.86724,37.51087],[126.86997,37.51257]],[[126.86632,37.51169],[126.86698,37.51203]],[[126.86637,37.60445],[126.86684,37.60399]],[[126.86651,37.5112],[126.86948,37.51316]],[[126.86667,37.51058],[126.86988,37.51263]],[[126.8668,37.51185],[126.86727,37.51223]],[[126.86719,37.6039],[126.86776,37.60351]],[[126.86968,37.30257],[126.87026,37.30257]],[[126.87025,37.30252],[126.86968,37.30261]],[[126.87092,37.51451],[126.87154,37.51473]],[[126.87096,37.51442],[126.87162,37.51461]],[[126.8716,37.51471],[126.87199,37.5148]],[[126.87197,37.51484],[126.87162,37.51466]],[[126.87163,37.60013],[126.8721,37.59967]],[[126.87185,37.59966],[126.87239,37.59926]],[[126.87286,37.49769],[126.87359,37.49796]],[[126.87749,35.10469],[126.87723,35.10398],[126.87693,35.10345],[126.87586,35.10003],[126.87562,35.09881]],[[126.87766,35.10415],[126.87744,35.10369],[126.87631,35.1001],[126.87585,35.09939]],[[126.87623,37.59263],[126.88069,37.59001]],[[126.8763,37.59269],[126.88137,37.5897]],[[126.87633,37.59271],[126.88136,37.58975],[126.88198,37.58932]],[[126.87641,37.59277],[126.88105,37.58999],[126.88169,37.58955]],[[126.87656,37.59244],[126.87995,37.59037],[126.88166,37.58952]],[[126.87661,37.5925],[126.87742,37.59197]],[[126.87664,37.59253],[126.87717,37.59217]],[[126.8767,37.59259],[126.88086,37.5902],[126.88205,37.58933]],[[126.87691,37.59223],[126.88105,37.58984]],[[126.8814,37.58977],[126.88078,37.59019],[126.877,37.59242]],[[126.88178,37.58956],[126.88144,37.58987],[126.88082,37.59027],[126.87754,37.59219],[126.87701,37.59244]],[[126.88278,37.58877],[126.8817,37.58944],[126.8802,37.59003],[126.87953,37.59011],[126.87762,37.5901],[126.87702,37.59018]],[[126.87729,37.59215],[126.8778,37.5919]],[[126.87789,37.49651],[126.87763,37.49602],[126.87768,37.49457],[126.87777,37.49407],[126.87813,37.49325]],[[126.87796,37.4965],[126.87782,37.49589],[126.87791,37.49434],[126.87845,37.49287]],[[126.87802,37.49675],[126.87774,37.49621],[126.87766,37.49588],[126.87773,37.49457],[126.87796,37.49368],[126.87831,37.493]],[[126.87806,37.49674],[126.87779,37.49622],[126.87771,37.49588],[126.87778,37.49457],[126.87787,37.49408],[126.87845,37.49262]],[[126.87807,37.49659],[126.87793,37.49621],[126.8779,37.49588],[126.87801,37.49434],[126.87811,37.494]],[[126.87851,37.49232],[126.87843,37.49141],[126.87794,37.49014],[126.87807,37.48776]],[[126.87811,37.4964],[126.87804,37.49605],[126.87814,37.49458],[126.87817,37.49417],[126.87829,37.49376]],[[126.87821,37.4972],[126.87802,37.49675],[126.87767,37.49623],[126.87754,37.49588],[126.87761,37.49457],[126.87771,37.49407],[126.87845,37.49262],[126.87853,37.49198],[126.87845,37.49119],[126.87802,37.49029],[126.87797,37.48994],[126.87812,37.48776]],[[126.87813,37.49666],[126.878,37.49589],[126.87813,37.49417],[126.87834,37.49353]],[[126.87814,37.49699],[126.87777,37.49602],[126.87784,37.49458],[126.87793,37.49409],[126.87853,37.49254]],[[126.87995,37.59037],[126.87916,37.59075],[126.87816,37.59135]],[[126.87817,37.49698],[126.87795,37.49604],[126.87806,37.49436],[126.87811,37.494],[126.87844,37.49318]],[[126.87818,37.4965],[126.87838,37.49371]],[[126.87846,37.49101],[126.87816,37.49045],[126.87806,37.49012],[126.87819,37.48776]],[[126.8785,37.4792],[126.87821,37.47908]],[[126.87821,37.49679],[126.87846,37.49339]],[[126.87854,37.49119],[126.87822,37.49045],[126.87809,37.48994],[126.87824,37.48777]],[[126.87824,37.4937],[126.87861,37.49214]],[[126.87824,37.49714],[126.87852,37.49377],[126.87851,37.49324],[126.87862,37.49268],[126.87903,37.48783]],[[126.87825,37.49686],[126.87851,37.49324]],[[126.87827,37.49745],[126.87817,37.49698],[126.87808,37.49605],[126.87821,37.49418],[126.87844,37.49318]],[[126.87982,37.48766],[126.87973,37.48916],[126.87957,37.49014],[126.87923,37.49559],[126.87899,37.49634],[126.87844,37.4972],[126.87827,37.49789]],[[126.88246,37.58896],[126.88177,37.58931],[126.88019,37.58995],[126.8797,37.59001],[126.87829,37.58998]],[[126.87837,37.49069],[126.87817,37.49012],[126.87815,37.48974],[126.87829,37.48777]],[[126.8822,37.58913],[126.88022,37.58998],[126.87968,37.59006],[126.87831,37.59003]],[[126.87832,37.49789],[126.87816,37.49605],[126.87829,37.49416],[126.87854,37.49301]],[[126.8785,37.49101],[126.8782,37.48995],[126.87834,37.48777]],[[126.87835,37.49748],[126.87847,37.49695]],[[126.87862,37.49147],[126.87825,37.48995],[126.87839,37.48777]],[[126.87844,37.4972],[126.87857,37.49688]],[[126.87844,37.49318],[126.8787,37.49237]],[[126.87858,37.49117],[126.87831,37.48995],[126.87846,37.48778]],[[126.87846,37.49259],[126.87861,37.49214],[126.87863,37.4916]],[[126.87847,37.49695],[126.87848,37.49604],[126.87872,37.49321],[126.8787,37.49278]],[[126.87847,37.49695],[126.87872,37.49321]],[[126.87847,37.49695],[126.87867,37.49604],[126.87882,37.49417],[126.87878,37.49367]],[[126.87857,37.49089],[126.87836,37.48996],[126.87851,37.48778]],[[126.87851,37.49679],[126.87876,37.49334]],[[126.87852,37.49034],[126.87871,37.48781]],[[126.87855,37.49059],[126.87841,37.48975],[126.87856,37.48778]],[[126.87856,37.49699],[126.87881,37.49656]],[[126.87857,37.49688],[126.87874,37.49614],[126.87889,37.49418],[126.87886,37.49364]],[[126.87857,37.49688],[126.87896,37.4959],[126.87907,37.4945],[126.87904,37.49399],[126.87882,37.49332]],[[126.87859,37.49646],[126.87878,37.49367]],[[126.87863,37.4916],[126.87848,37.49002],[126.87863,37.48781]],[[126.87868,37.49195],[126.87863,37.4916]],[[126.87869,37.49267],[126.87864,37.49237]],[[126.87865,37.49657],[126.87878,37.49614],[126.87892,37.49437]],[[126.87869,37.49658],[126.87891,37.49589],[126.87903,37.4945],[126.87903,37.49419],[126.87886,37.49348]],[[126.87929,37.49463],[126.87923,37.4942],[126.8787,37.49278]],[[126.8787,37.49278],[126.87874,37.49182]],[[126.87871,37.49061],[126.87865,37.49007],[126.8788,37.48782]],[[126.87878,37.49367],[126.87872,37.49305]],[[126.87873,37.49635],[126.87886,37.49589],[126.87897,37.49437],[126.87882,37.49332]],[[126.87873,37.49094],[126.87872,37.48982],[126.87889,37.48782]],[[126.87876,37.49062],[126.87896,37.48782]],[[126.87882,37.49332],[126.87878,37.49307]],[[126.87881,37.49656],[126.87906,37.49591],[126.87909,37.49559],[126.87919,37.49451],[126.87907,37.49379]],[[126.87881,37.49656],[126.87911,37.49592],[126.87916,37.49559],[126.87924,37.49461],[126.87915,37.49398]],[[126.87888,37.4909],[126.87923,37.48967],[126.87935,37.48778]],[[126.87918,37.48783],[126.879,37.49013],[126.8789,37.49062]],[[126.87931,37.49404],[126.87885,37.49216],[126.87883,37.49165],[126.87892,37.49109]],[[126.87899,37.49076],[126.87932,37.48984],[126.87944,37.48828]],[[126.87901,37.49591],[126.87914,37.49451],[126.87912,37.49402]],[[126.87925,37.49382],[126.8788,37.49239],[126.87874,37.49182],[126.8789,37.49062],[126.8791,37.48783]],[[126.87913,37.49039],[126.87938,37.48991],[126.87949,37.4895],[126.87959,37.48791]],[[126.87933,37.4942],[126.87929,37.49375],[126.87891,37.49217],[126.8789,37.49141],[126.87899,37.49076],[126.87947,37.48994],[126.87962,37.48952],[126.87974,37.48772]],[[126.87952,37.49148],[126.87966,37.49088]],[[126.87952,37.50036],[126.87975,37.50066]],[[126.87963,37.49189],[126.87959,37.49229]],[[126.87959,37.49257],[126.87957,37.49178],[126.87987,37.48766]],[[126.87987,37.49094],[126.87971,37.49162]],[[126.87988,37.49068],[126.87997,37.49023]],[[126.88027,37.50092],[126.88071,37.50151]],[[126.88042,37.50151],[126.88123,37.50212]],[[126.88058,37.50155],[126.88115,37.50218]],[[126.88077,37.58881],[126.88187,37.58846],[126.88356,37.58773],[126.88398,37.58749],[126.88485,37.5867],[126.88554,37.58623]],[[126.88087,37.59115],[126.88117,37.59054],[126.88182,37.58957]],[[126.88097,37.50176],[126.88121,37.50204]],[[126.88134,37.50216],[126.88161,37.50246]],[[126.88174,37.26269],[126.88135,37.26301]],[[126.88155,37.58995],[126.88216,37.58931],[126.88446,37.58777]],[[126.88183,37.50286],[126.88161,37.50261]],[[126.88167,37.41078],[126.88202,37.41181],[126.88244,37.41265]],[[126.883,37.41248],[126.88214,37.41121],[126.88173,37.41073]],[[126.882,37.26252],[126.88325,37.26156],[126.88435,37.26083],[126.88617,37.25976]],[[126.88205,37.26256],[126.88342,37.26178],[126.88504,37.26071],[126.88596,37.25997]],[[126.88247,35.6911],[126.88216,35.69162]],[[126.8823,37.58887],[126.88368,37.58785],[126.88404,37.58769]],[[126.88233,37.5889],[126.88445,37.58739]],[[126.88237,37.58893],[126.88402,37.5878]],[[126.88241,37.26223],[126.88286,37.2618],[126.88392,37.26107],[126.88498,37.26037],[126.88565,37.26006]],[[126.88242,37.58902],[126.88191,37.58947],[126.88115,37.59033],[126.88103,37.59058],[126.88074,37.59168],[126.88053,37.59205],[126.8795,37.59308],[126.87925,37.59326],[126.87888,37.59346],[126.87847,37.59356],[126.87793,37.59358],[126.87735,37.59349],[126.87683,37.5933],[126.8764,37.59301],[126.87605,37.59259],[126.87589,37.59219],[126.87586,37.59182],[126.87597,37.59141],[126.87638,37.59078],[126.87682,37.59035],[126.87715,37.59021],[126.8775,37.59015],[126.88001,37.59012],[126.88084,37.58989],[126.88166,37.58952],[126.88453,37.58761],[126.88577,37.58689],[126.88761,37.58554],[126.88877,37.58477],[126.89053,37.58378],[126.89121,37.58328],[126.89155,37.5831],[126.89657,37.57975]],[[126.88244,37.41265],[126.88548,37.41835],[126.88599,37.41904]],[[126.88244,37.41265],[126.88285,37.41359],[126.88544,37.41836],[126.88599,37.41904]],[[126.88539,35.6852],[126.88427,35.6871],[126.88309,35.6895],[126.88267,35.69056]],[[126.88548,35.68514],[126.88505,35.68628],[126.88457,35.68725],[126.88325,35.68978],[126.8827,35.69063]],[[126.88525,35.6854],[126.8846,35.68637],[126.88297,35.68959],[126.88274,35.69035]],[[126.88541,35.68535],[126.88509,35.6863],[126.88456,35.68737],[126.88333,35.68973],[126.88286,35.69042]],[[126.88647,37.41895],[126.88626,37.41846],[126.88406,37.41443],[126.88379,37.41381],[126.883,37.41248]],[[126.88647,37.41895],[126.883,37.41248]],[[126.88313,37.58854],[126.88441,37.58744],[126.88511,37.5866],[126.88587,37.58597]],[[126.8832,37.41352],[126.88365,37.41457],[126.88568,37.41828],[126.8863,37.41928]],[[126.88327,37.5141],[126.88365,37.51397]],[[126.88636,37.41926],[126.88599,37.41845],[126.88328,37.41351]],[[126.88358,37.51393],[126.88332,37.51414]],[[126.88375,37.50473],[126.88487,37.50537]],[[126.88429,37.50472],[126.88493,37.50503]],[[126.8844,37.58724],[126.88508,37.58653]],[[126.88527,37.58686],[126.88453,37.58761]],[[126.88871,37.58444],[126.8881,37.58477],[126.8867,37.58572],[126.88641,37.58594],[126.88577,37.58665],[126.88481,37.58744]],[[126.88619,37.5858],[126.88509,37.58676]],[[126.88823,37.58464],[126.88781,37.5848],[126.88679,37.58543],[126.88512,37.58718]],[[126.88532,37.58711],[126.88651,37.58623]],[[126.89004,37.58385],[126.88823,37.58464],[126.88695,37.58539],[126.88661,37.58567],[126.88533,37.58697]],[[126.88538,37.587],[126.88845,37.58493],[126.88877,37.58477]],[[126.8867,37.58551],[126.88577,37.58622],[126.8854,37.58668]],[[126.88577,37.58665],[126.88792,37.58505],[126.89057,37.58356],[126.89462,37.58087],[126.89747,37.57923],[126.89907,37.57809]],[[126.88579,37.58604],[126.88695,37.58508],[126.89032,37.58279],[126.89182,37.58195]],[[126.88582,36.7484],[126.88759,36.74883],[126.89078,36.74979],[126.89334,36.75073]],[[126.88585,37.58787],[126.88641,37.58733]],[[126.89105,37.58232],[126.89009,37.58273],[126.88671,37.58503],[126.88647,37.58523],[126.88587,37.58597]],[[126.89179,37.58189],[126.89046,37.58264],[126.88679,37.58513],[126.88587,37.58597]],[[126.88619,37.5858],[126.8859,37.58597]],[[126.88599,37.41904],[126.88755,37.42185],[126.8881,37.42253]],[[126.88599,36.74849],[126.89172,36.75037],[126.89361,36.75086]],[[126.88912,37.58435],[126.8881,37.58486],[126.88603,37.58635]],[[126.88965,37.58416],[126.88804,37.58507],[126.88686,37.58592],[126.88616,37.58634]],[[126.89768,37.57903],[126.89427,37.58089],[126.89144,37.58224],[126.88619,37.5858]],[[126.8862,37.58554],[126.88673,37.58494],[126.89006,37.58269],[126.89079,37.58242]],[[126.89065,37.58253],[126.89012,37.58279],[126.8868,37.58505],[126.88624,37.58562]],[[126.8905,37.58251],[126.88981,37.58275],[126.88904,37.58324],[126.88688,37.58472],[126.88635,37.58533]],[[126.88682,37.25939],[126.88638,37.25962]],[[126.88826,37.42249],[126.88727,37.42032],[126.88647,37.41895]],[[126.89106,37.58236],[126.88648,37.58549]],[[126.88652,37.58511],[126.88679,37.58475],[126.88707,37.58453],[126.88947,37.58289],[126.89001,37.58265]],[[126.88977,37.58273],[126.88931,37.58295],[126.88705,37.58448],[126.88667,37.58489]],[[126.88721,37.5065],[126.88758,37.50679]],[[126.88782,37.58605],[126.8873,37.58656]],[[126.88755,37.42185],[126.88774,37.42225],[126.88811,37.42444],[126.88836,37.42534],[126.88904,37.42659],[126.88932,37.42688],[126.89122,37.42814],[126.89472,37.42981],[126.89535,37.43021],[126.89558,37.43042],[126.89595,37.43094],[126.89629,37.43203]],[[126.88778,37.5847],[126.88915,37.58419],[126.89007,37.58373],[126.89406,37.58112],[126.89544,37.58038]],[[126.89638,37.43201],[126.89609,37.43109],[126.89558,37.43035],[126.89496,37.42989],[126.89248,37.42867],[126.8915,37.42771],[126.8912,37.4273],[126.89077,37.42651],[126.89034,37.42544],[126.8893,37.42351],[126.88787,37.42162]],[[126.8879,37.58598],[126.88838,37.58552]],[[126.88801,37.58462],[126.89199,37.58195]],[[126.88855,37.50747],[126.88809,37.50711]],[[126.88825,37.58453],[126.88888,37.58437]],[[126.89121,37.58328],[126.89021,37.58381],[126.88886,37.58471]],[[126.88998,37.58396],[126.8895,37.58432]],[[126.89428,37.45453],[126.8929,37.45761],[126.89068,37.46303],[126.88993,37.46471]],[[126.89057,37.58356],[126.89531,37.58046]],[[126.8907,37.50955],[126.89059,37.50982]],[[126.89068,37.46303],[126.89099,37.46245]],[[126.89701,37.5795],[126.89197,37.58288],[126.89081,37.58378]],[[126.89084,37.58341],[126.89638,37.57984]],[[126.89453,37.58085],[126.89085,37.58336]],[[126.89086,37.58381],[126.89237,37.58292],[126.89513,37.58107],[126.89681,37.57993],[126.89803,37.57898]],[[126.89155,37.5831],[126.89099,37.58365]],[[126.89135,37.58328],[126.89102,37.58353]],[[126.89253,37.45828],[126.89121,37.46149],[126.89114,37.46189]],[[126.89115,37.58226],[126.89166,37.58204]],[[126.89162,37.58201],[126.89118,37.58229]],[[126.8912,37.46192],[126.89156,37.46114]],[[126.89153,37.46112],[126.89125,37.46193]],[[126.89171,37.50814],[126.89145,37.50846]],[[126.89176,37.50816],[126.89158,37.50852]],[[126.89394,37.58169],[126.89343,37.58197],[126.8916,37.58321]],[[126.89191,37.46048],[126.89165,37.46093]],[[126.89169,37.5833],[126.89357,37.58205],[126.89396,37.58172]],[[126.89173,37.5081],[126.89197,37.50776]],[[126.89178,37.50812],[126.89197,37.50776]],[[126.91282,37.56965],[126.91224,37.56987],[126.90667,37.57247],[126.90408,37.5738],[126.90291,37.57452],[126.90098,37.57591],[126.89987,37.57646],[126.89755,37.57792],[126.89302,37.58097],[126.89179,37.58189]],[[126.90536,37.57335],[126.90254,37.57511],[126.89849,37.57736],[126.89179,37.58189]],[[126.89182,37.58195],[126.89523,37.57964]],[[126.89182,37.58195],[126.89327,37.58131]],[[126.89198,37.45984],[126.89187,37.46029]],[[126.89197,37.50776],[126.89244,37.50705]],[[126.89201,37.58187],[126.89529,37.57972]],[[126.89219,37.45931],[126.89233,37.45883]],[[126.8922,37.45976],[126.89255,37.45914]],[[126.89224,37.5817],[126.89267,37.58133],[126.89519,37.57961]],[[126.89403,37.45502],[126.89353,37.456],[126.8924,37.45857]],[[126.89454,37.45402],[126.89356,37.45601],[126.89246,37.45855]],[[126.89278,37.45861],[126.89302,37.45822],[126.89485,37.45419],[126.89527,37.45303]],[[126.89327,37.58131],[126.89483,37.58024],[126.89571,37.57946],[126.89688,37.5787]],[[126.89587,37.57997],[126.89327,37.58131]],[[126.90924,37.51593],[126.90857,37.51555],[126.90392,37.51364],[126.8976,37.51135],[126.89329,37.50948]],[[126.89352,37.45718],[126.89369,37.45678],[126.89401,37.45632]],[[126.90308,37.57504],[126.89574,37.57997],[126.89363,37.58109]],[[126.89372,37.45667],[126.89487,37.45421],[126.89521,37.45327]],[[126.89464,37.58159],[126.89396,37.58199]],[[126.89461,37.58038],[126.89609,37.57957],[126.89713,37.57889],[126.89755,37.57853]],[[126.89463,37.45385],[126.89515,37.45294]],[[126.89464,37.45449],[126.8952,37.45296]],[[126.89483,37.58024],[126.89633,37.57932]],[[126.89837,37.57774],[126.89723,37.57887],[126.89491,37.5804]],[[126.89517,37.57997],[126.89693,37.57881]],[[126.89525,37.45273],[126.89552,37.45224]],[[126.89535,37.5798],[126.89688,37.57876]],[[126.89613,37.45062],[126.89549,37.45193]],[[126.89555,37.58013],[126.89676,37.57928]],[[126.90393,37.57457],[126.89587,37.57997]],[[126.89619,37.57981],[126.89587,37.57997]],[[126.90361,37.57483],[126.89619,37.57981]],[[126.89653,37.57963],[126.89619,37.57981]],[[126.8962,37.43161],[126.89638,37.43201]],[[126.89626,37.4316],[126.89629,37.43203]],[[126.89629,37.43203],[126.89647,37.43343],[126.8978,37.43815]],[[126.89633,37.43239],[126.89632,37.43287],[126.89648,37.43427],[126.89758,37.43819],[126.89745,37.43753],[126.89644,37.43391]],[[126.89635,37.43321],[126.89772,37.43816]],[[126.89638,37.43269],[126.89789,37.43813]],[[126.89648,37.43225],[126.89638,37.43201]],[[126.89639,37.4329],[126.89785,37.43814]],[[126.8964,37.43359],[126.89767,37.43817]],[[126.89807,37.43694],[126.89728,37.4341],[126.89648,37.43225]],[[126.89648,37.43225],[126.8981,37.4381]],[[126.89652,37.43324],[126.89685,37.43402],[126.89798,37.43812]],[[126.90329,37.57509],[126.89653,37.57963]],[[126.89653,37.57963],[126.89768,37.57903],[126.90202,37.5761],[126.90393,37.57457],[126.90454,37.57415]],[[126.89815,37.43809],[126.8966,37.43254]],[[126.89665,37.43355],[126.89793,37.43813]],[[126.89673,37.43282],[126.8982,37.43808]],[[126.90973,37.51615],[126.90871,37.51556],[126.90049,37.51222],[126.89841,37.51143],[126.89675,37.51099]],[[126.89805,37.4381],[126.89691,37.434],[126.89683,37.43351]],[[126.89776,37.65245],[126.89683,37.65278]],[[126.89825,37.43807],[126.8969,37.43323]],[[126.89938,37.57652],[126.89876,37.57684],[126.89718,37.57789],[126.8969,37.57816]],[[126.89691,37.44939],[126.89702,37.44904]],[[126.90233,37.57529],[126.90155,37.5757],[126.89889,37.57749],[126.89693,37.57917]],[[126.89693,37.57819],[126.89733,37.57802],[126.89891,37.57696],[126.8994,37.57654]],[[126.90295,37.57536],[126.89697,37.57939]],[[126.89799,37.43697],[126.89705,37.43356]],[[126.89709,37.65261],[126.89776,37.65245]],[[126.90818,37.64919],[126.9031,37.6506],[126.90098,37.65112],[126.89817,37.65203],[126.89709,37.65257]],[[126.89716,37.57932],[126.89768,37.57909]],[[126.89722,37.57898],[126.89905,37.57743],[126.90171,37.57565],[126.90276,37.5751]],[[126.90259,37.57566],[126.89723,37.57926]],[[126.89738,37.5788],[126.89896,37.57739],[126.90194,37.57543]],[[126.8974,37.44818],[126.89764,37.44774]],[[126.89747,37.57923],[126.898,37.57896]],[[126.90267,37.57526],[126.89827,37.57821],[126.89755,37.57876]],[[126.8976,37.51135],[126.90079,37.51259],[126.90163,37.51284]],[[126.90128,37.57583],[126.89889,37.57738],[126.8981,37.57804],[126.89766,37.57852]],[[126.89772,37.51168],[126.89822,37.51184]],[[126.90856,37.64908],[126.90161,37.65107],[126.89776,37.65245]],[[126.90403,37.57442],[126.90308,37.57504],[126.90212,37.57557],[126.8983,37.57814],[126.89786,37.5785]],[[126.8979,37.57895],[126.89817,37.57884]],[[126.90061,37.57622],[126.89859,37.57756],[126.89791,37.57822]],[[126.90401,35.16732],[126.89796,35.16896]],[[126.89812,37.57827],[126.89902,37.5775],[126.90162,37.57576],[126.90276,37.5751],[126.90368,37.57467]],[[126.8983,37.51187],[126.8988,37.51203]],[[126.9016,37.57592],[126.89839,37.57803]],[[126.8993,37.57812],[126.89855,37.57859]],[[126.89857,37.57861],[126.89927,37.5781]],[[126.89861,37.5119],[126.89924,37.5121]],[[126.89865,37.57781],[126.90151,37.57583]],[[126.89927,37.51206],[126.89869,37.51178]],[[126.89982,37.51244],[126.90042,37.51265]],[[126.90052,37.51252],[126.89998,37.51237]],[[126.9,37.51233],[126.90051,37.51257]],[[126.90074,37.51265],[126.90193,37.51317]],[[126.90076,37.51279],[126.90193,37.51317]],[[126.90079,37.51259],[126.90142,37.51283]],[[126.91393,37.51688],[126.91148,37.51672],[126.91045,37.51652],[126.90993,37.51633],[126.90866,37.51568],[126.90386,37.51368],[126.9022,37.51305],[126.90086,37.51265]],[[126.9009,37.51245],[126.90216,37.5129]],[[126.90136,37.51299],[126.90561,37.51481]],[[126.90167,37.57649],[126.90139,37.57673]],[[126.90175,37.51303],[126.90825,37.5158]],[[126.90184,35.79107],[126.90332,35.79205],[126.9059,35.7943],[126.90744,35.79587]],[[126.90193,37.51317],[126.90287,37.51357]],[[126.90397,37.65041],[126.90361,37.65058],[126.90196,37.65172]],[[126.90411,37.65038],[126.90365,37.65059],[126.90198,37.65176]],[[126.90394,37.65046],[126.90199,37.65181]],[[126.90199,37.65185],[126.90372,37.65066],[126.9041,37.65048]],[[126.9041,37.65048],[126.90202,37.65188]],[[126.90448,37.65033],[126.90383,37.65068],[126.90206,37.65192]],[[126.90437,37.57426],[126.90211,37.57536]],[[126.90413,37.65057],[126.90211,37.65194]],[[126.90452,37.65035],[126.90413,37.65057],[126.90214,37.65197]],[[126.90265,37.57586],[126.90215,37.57617]],[[126.90971,37.51622],[126.90855,37.51558],[126.90389,37.51366],[126.9022,37.51305]]]}},{"type":"Feature","properties":{"g":"kr"},"geometry":{"type":"MultiLineString","coordinates":[[[126.90292,37.51328],[126.90221,37.51301]],[[126.9041,37.65048],[126.90493,37.65015],[126.90452,37.65035],[126.90245,37.65181]],[[126.90482,37.6503],[126.90453,37.65042],[126.90249,37.65184]],[[126.9064,35.7953],[126.90272,35.79213],[126.90227,35.79154],[126.90288,35.79223],[126.90591,35.79483],[126.90675,35.79547],[126.9072,35.79573],[126.90618,35.79499],[126.90293,35.79222],[126.90249,35.79172]],[[126.90561,37.64999],[126.90455,37.65045],[126.90251,37.65187]],[[126.90254,37.65241],[126.90595,37.65006],[126.90651,37.64977]],[[126.90461,37.65051],[126.90255,37.6519]],[[126.90491,37.65035],[126.90258,37.65193]],[[126.90651,37.64977],[126.90259,37.65245]],[[126.90582,37.64989],[126.90491,37.65035],[126.90262,37.65196]],[[126.90263,37.57505],[126.90332,37.57436],[126.90439,37.57369],[126.90514,37.5733]],[[126.90551,37.6501],[126.90503,37.65033],[126.90265,37.65199]],[[126.90551,37.6501],[126.90507,37.65034],[126.90267,37.65202]],[[126.90268,35.79166],[126.90317,35.792],[126.9059,35.7943]],[[126.90269,37.51316],[126.90321,37.51332]],[[126.90569,37.57343],[126.90418,37.57446],[126.90275,37.57573]],[[126.90365,37.57525],[126.90278,37.57576]],[[126.90287,37.51357],[126.90348,37.51379]],[[126.90287,37.51357],[126.90564,37.51477],[126.90825,37.5158]],[[126.90288,37.57482],[126.90521,37.5734]],[[126.90309,37.57468],[126.90331,37.57449],[126.90515,37.57338]],[[126.9032,37.57449],[126.90541,37.57315]],[[126.9033,37.65258],[126.90475,37.65213]],[[126.90331,37.57449],[126.90515,37.57335]],[[126.90475,37.65213],[126.90332,37.65262]],[[126.90466,37.57385],[126.90371,37.5745],[126.90333,37.57464]],[[126.90589,37.64995],[126.90525,37.65029],[126.90336,37.65161]],[[126.90542,37.65025],[126.90339,37.65164]],[[126.90573,37.65009],[126.90341,37.65166]],[[126.90573,37.65009],[126.90344,37.65168]],[[126.90403,35.16728],[126.90362,35.16742]],[[126.90363,35.79343],[126.90472,35.79438],[126.90675,35.79547]],[[126.90413,37.5745],[126.90368,37.57478]],[[126.90378,37.57516],[126.9043,37.57484]],[[126.90803,37.64979],[126.9075,37.65027],[126.90541,37.65172],[126.90382,37.65227]],[[126.90384,35.16742],[126.90345,35.16747],[126.90466,35.16721],[126.90681,35.16699]],[[126.90873,35.16706],[126.90526,35.16725],[126.90384,35.16742]],[[126.90448,35.16738],[126.90384,35.16742]],[[126.90395,37.51361],[126.90532,37.51404],[126.90683,37.51467]],[[126.90478,37.65006],[126.90404,37.6503]],[[126.90756,37.57246],[126.90418,37.57446]],[[126.90422,37.65247],[126.90814,37.65088],[126.91245,37.64933]],[[126.90978,37.51607],[126.90863,37.51547],[126.90445,37.51377]],[[126.90873,35.16714],[126.90448,35.16738]],[[126.90448,35.16738],[126.9058,35.16755],[126.9078,35.16745]],[[126.90872,35.16709],[126.90448,35.16738]],[[126.91239,37.64925],[126.90839,37.65071],[126.90449,37.65232]],[[126.90835,35.16576],[126.90622,35.16634],[126.90523,35.16686],[126.9045,35.16715]],[[126.90822,37.64932],[126.90775,37.64941],[126.90667,37.64975],[126.90454,37.65121]],[[126.90454,37.57415],[126.90706,37.57249],[126.91059,37.57109],[126.91387,37.56928]],[[126.90505,37.57387],[126.90454,37.57415]],[[126.91251,37.64948],[126.9074,37.65123],[126.90456,37.65233]],[[126.90776,37.64946],[126.90661,37.64984],[126.9046,37.65126]],[[126.90466,37.65128],[126.90667,37.64988],[126.90739,37.64956]],[[126.90776,37.64946],[126.90682,37.64987],[126.90474,37.65132]],[[126.90475,37.65218],[126.90774,37.65097]],[[126.90518,37.65195],[126.90475,37.65213]],[[126.90873,35.16717],[126.90476,35.16741]],[[126.90661,37.65009],[126.9048,37.65137]],[[126.90667,37.65013],[126.90483,37.65141]],[[126.90491,37.65144],[126.90671,37.65016],[126.90766,37.64963]],[[126.90492,35.16744],[126.90782,35.16734]],[[126.90926,37.6491],[126.907,37.65005],[126.90496,37.65151]],[[126.90503,37.65153],[126.90724,37.64998],[126.90792,37.64964]],[[126.91277,35.16509],[126.91164,35.16557],[126.90701,35.1668],[126.90509,35.16716]],[[126.90818,37.64954],[126.90728,37.65002],[126.90509,37.65153]],[[126.90517,37.65156],[126.90772,37.64979]],[[126.90521,35.16696],[126.90661,35.16639],[126.91092,35.16526],[126.91284,35.1649]],[[126.90781,35.16741],[126.90656,35.16749],[126.90526,35.16749]],[[126.90541,37.65156],[126.90803,37.64979]],[[126.91296,35.16491],[126.91104,35.16555],[126.90718,35.16658],[126.90547,35.16693]],[[126.90589,37.64995],[126.90551,37.6501]],[[126.91234,37.64917],[126.908,37.65077],[126.90553,37.65177]],[[126.91235,35.16528],[126.91142,35.16559],[126.90673,35.16683],[126.90554,35.16708]],[[126.91228,35.165],[126.91138,35.16508],[126.91079,35.16522],[126.9064,35.16639],[126.9056,35.16666]],[[126.90562,35.16711],[126.90673,35.16693],[126.91164,35.16557]],[[126.90573,37.65009],[126.90654,37.64968],[126.90589,37.64995]],[[126.90637,35.16602],[126.90576,35.16656]],[[126.90581,37.65161],[126.90925,37.65024]],[[126.91196,35.16502],[126.9114,35.16511],[126.90692,35.16628],[126.90628,35.16646],[126.90583,35.16667]],[[126.90586,35.16647],[126.90616,35.16627],[126.90815,35.16571]],[[126.90834,35.16572],[126.90647,35.16622],[126.90603,35.16642]],[[126.90608,37.51436],[126.90656,37.51464]],[[126.90923,37.65021],[126.9062,37.65145]],[[126.90872,37.64918],[126.90765,37.64936],[126.90651,37.64977]],[[126.90661,37.65124],[126.90921,37.65017]],[[126.90681,35.16699],[126.90766,35.16681],[126.91117,35.16584],[126.91218,35.16542]],[[126.91179,35.16564],[126.9106,35.16627],[126.90893,35.16672],[126.90852,35.16682],[126.90681,35.16699]],[[126.90892,35.16687],[126.90787,35.16697],[126.90715,35.16695]],[[126.91562,37.6479],[126.91501,37.64807],[126.91078,37.64866],[126.9095,37.64903],[126.90878,37.64942],[126.9063,37.65131],[126.90548,37.6518],[126.9036,37.65277],[126.90312,37.65283],[126.90259,37.65273],[126.90224,37.65253],[126.90192,37.65217],[126.90183,37.65186],[126.90189,37.65145],[126.90208,37.65115],[126.90247,37.65085],[126.9072,37.64949]],[[126.90727,35.16689],[126.91174,35.16561]],[[126.90913,37.64922],[126.90738,37.6506]],[[126.90741,37.65064],[126.90802,37.6502],[126.90838,37.64985]],[[126.90889,35.16683],[126.90751,35.16697]],[[126.91156,35.16577],[126.9104,35.16615],[126.90766,35.16681]],[[126.91562,37.64784],[126.91497,37.64788],[126.91166,37.64831],[126.90776,37.64946]],[[126.91105,35.16606],[126.90907,35.16664],[126.90802,35.16687]],[[126.90929,37.64914],[126.90857,37.64943],[126.90803,37.64979]],[[126.90825,37.5158],[126.90941,37.51618]],[[126.91679,37.12163],[126.91029,37.1236],[126.90854,37.12422]],[[126.90856,37.64908],[126.90969,37.64879],[126.91044,37.64845],[126.91189,37.64766]],[[126.90967,37.64891],[126.90856,37.64908]],[[126.90856,37.12425],[126.91054,37.12369],[126.91681,37.12167]],[[126.90912,37.51581],[126.90976,37.51611]],[[126.9101,37.64886],[126.91049,37.64869]],[[126.91054,37.64873],[126.91014,37.64879]],[[126.9105,35.16663],[126.91042,35.16669]],[[126.91218,35.16542],[126.91179,35.16564],[126.91069,35.1665]],[[126.9138,35.16474],[126.91321,35.16502],[126.91163,35.16605]],[[126.9138,35.16474],[126.91165,35.16607]],[[126.91249,37.51682],[126.91188,37.51675]],[[126.91189,35.16533],[126.90757,35.16652],[126.90512,35.16703],[126.9063,35.16688],[126.90699,35.16672],[126.91105,35.16563],[126.9125,35.16506]],[[126.91277,35.16509],[126.91218,35.16542]],[[126.91374,35.1647],[126.91277,35.16509]],[[126.91279,37.51684],[126.91345,37.51693]],[[126.91288,37.51693],[126.91337,37.517]],[[126.91398,35.16468],[126.91357,35.16492],[126.91295,35.16546]],[[126.91299,37.58834],[126.91349,37.5906],[126.9154,37.59795]],[[126.91323,37.58942],[126.91306,37.589]],[[126.91325,37.58911],[126.9133,37.58972]],[[126.91364,37.51702],[126.91412,37.5171]],[[126.91364,37.51694],[126.91412,37.51702]],[[126.91445,35.16451],[126.9138,35.16474]],[[126.91422,37.51702],[126.9148,37.51709]],[[126.91423,37.51711],[126.91479,37.51718]],[[126.91483,37.50001],[126.9143,37.50007]],[[126.91434,37.49997],[126.91483,37.50001]],[[126.91884,37.49994],[126.91483,37.50001]],[[126.91529,37.59732],[126.91519,37.59715]],[[126.91524,37.59713],[126.91524,37.59732]],[[126.91534,37.5979],[126.91529,37.59755]],[[126.92004,37.40491],[126.91653,37.40926]],[[126.91848,37.49994],[126.91882,37.5]],[[126.91862,37.6394],[126.91873,37.63781]],[[126.91866,37.49994],[126.91896,37.49989]],[[126.91873,37.63781],[126.91871,37.6375]],[[126.91873,37.63781],[126.9188,37.6375]],[[126.91883,37.6358],[126.91893,37.63541]],[[126.91908,37.40641],[126.91883,37.40664]],[[126.9189,37.6358],[126.91885,37.63542]],[[126.91953,37.40566],[126.91933,37.40601]],[[126.91938,37.40603],[126.9197,37.40572]],[[126.92004,37.40491],[126.91986,37.40523]],[[126.92392,37.40018],[126.92373,37.40033],[126.92004,37.40491]],[[126.92062,37.4046],[126.92143,37.40381],[126.92355,37.4011]],[[126.92078,37.49342],[126.92144,37.49317],[126.92166,37.493],[126.9218,37.49263],[126.9218,37.49239]],[[126.92086,37.4039],[126.92119,37.40329]],[[126.92109,37.40416],[126.92392,37.40063],[126.92415,37.40025]],[[126.92118,37.40349],[126.92135,37.40321],[126.92324,37.40094]],[[126.92129,37.49084],[126.9215,37.49108]],[[126.9218,37.49239],[126.9214,37.49067]],[[126.92146,37.49066],[126.92163,37.49141]],[[126.92153,37.49065],[126.92166,37.49117],[126.92161,37.49159]],[[126.92161,37.49063],[126.92173,37.49123],[126.92164,37.4917]],[[126.92166,37.49063],[126.92184,37.49152]],[[126.92181,37.4906],[126.92197,37.4913],[126.92167,37.49183]],[[126.92195,37.49061],[126.9221,37.49126],[126.9217,37.49198]],[[126.92172,37.49064],[126.9219,37.49143]],[[126.9218,37.49239],[126.92191,37.49281],[126.92203,37.49294],[126.92229,37.49308],[126.92305,37.49309]],[[126.92204,35.93404],[126.92258,35.93397]],[[126.92358,35.93378],[126.92435,35.93371],[126.92276,35.93397]],[[126.92475,37.39934],[126.9245,37.39956]],[[126.92464,37.3996],[126.9248,37.39936]],[[126.92521,37.3988],[126.92542,37.39862]],[[126.9275,37.69812],[126.92805,37.69914],[126.9299,37.70217],[126.93025,37.70263]],[[126.92763,37.69837],[126.92768,37.6986],[126.92872,37.70038],[126.92987,37.70212]],[[126.9293,37.70108],[126.92991,37.70196],[126.9301,37.70239]],[[126.93006,37.51801],[126.92935,37.51734]],[[126.92945,37.51727],[126.93011,37.51797]],[[126.9353,37.35927],[126.93422,37.35882],[126.93169,37.35745],[126.93086,37.35688]],[[126.93089,37.35685],[126.93182,37.35725],[126.93316,37.35796],[126.93437,37.35861],[126.93533,37.35924]],[[126.93129,37.35707],[126.93191,37.35745]],[[126.93258,37.61919],[126.93303,37.6188],[126.93323,37.61836],[126.93331,37.61797],[126.93316,37.61739]],[[126.93426,35.10588],[126.93404,35.10626],[126.93404,35.10681]],[[126.93417,36.96098],[126.93671,36.96712]],[[126.93483,35.1089],[126.93438,35.10802],[126.93431,35.1075]],[[126.93439,37.35878],[126.93503,37.35908]],[[126.93457,35.10841],[126.93444,35.10802],[126.9344,35.1075]],[[126.9345,35.1075],[126.93458,35.1082],[126.93492,35.10916]],[[126.9347,35.10976],[126.93466,35.1089],[126.93452,35.10841]],[[126.93461,35.1075],[126.93463,35.10817],[126.93472,35.1086]],[[126.93461,35.10869],[126.93475,35.10915],[126.93478,35.10976]],[[126.93466,35.1075],[126.93473,35.10845],[126.93505,35.10941]],[[126.93467,35.10868],[126.93507,35.10984],[126.93511,35.11087],[126.93518,35.11119]],[[126.93489,35.10891],[126.93478,35.1084],[126.93474,35.1075]],[[126.93481,35.10749],[126.93483,35.10837],[126.93496,35.10903]],[[126.93487,35.10749],[126.93496,35.10903],[126.9351,35.1097]],[[126.93494,35.10749],[126.93489,35.10816]],[[126.9352,35.11019],[126.93497,35.10621]],[[126.93503,35.10621],[126.93509,35.10774]],[[126.93507,35.1062],[126.93512,35.1086]],[[126.93511,35.1062],[126.9352,35.10787],[126.93515,35.10825]],[[126.93515,35.11024],[126.93518,35.1098]],[[126.9352,35.10619],[126.93528,35.10813],[126.93516,35.1092]],[[126.93524,35.10892],[126.93517,35.1095]],[[126.93521,35.11058],[126.9353,35.11106]],[[126.93524,35.10619],[126.93532,35.10771]],[[126.93524,35.11107],[126.93528,35.11055]],[[126.93554,35.10574],[126.93526,35.10879]],[[126.93528,36.96419],[126.93553,36.96464]],[[126.93563,35.10624],[126.93548,35.10767],[126.93529,35.10843]],[[126.93553,35.10623],[126.93534,35.108]],[[126.93598,35.10581],[126.93574,35.10758],[126.93532,35.10855],[126.93524,35.10892],[126.93537,35.11266]],[[126.93558,35.10623],[126.93538,35.10811]],[[126.93545,35.11332],[126.93597,35.11272],[126.93619,35.11228],[126.93628,35.11188],[126.9363,35.11082],[126.93623,35.11036],[126.93575,35.10883],[126.93577,35.10782],[126.93593,35.10678]],[[126.9357,35.10774],[126.9354,35.10896],[126.93549,35.11108]],[[126.93554,37.55964],[126.93658,37.5596]],[[126.93586,35.11066],[126.93584,35.11021],[126.9356,35.10891],[126.93563,35.10799]],[[126.93569,36.96503],[126.93593,36.96544]],[[126.93582,35.11005],[126.93591,35.11066]],[[126.93647,36.96661],[126.93625,36.96622]],[[126.93659,37.51367],[126.93795,37.51374],[126.94342,37.51423]],[[126.94029,36.97553],[126.94006,36.97454],[126.93971,36.97352],[126.93782,36.96892],[126.93721,36.9678],[126.93671,36.96712]],[[126.93707,36.96776],[126.93671,36.96712]],[[126.94036,36.97546],[126.94022,36.97456],[126.94003,36.97392],[126.93839,36.96984],[126.93774,36.96836],[126.93745,36.96794],[126.93701,36.96748]],[[126.94014,36.97511],[126.93978,36.97386],[126.93811,36.96973],[126.93761,36.96865],[126.93707,36.96776]],[[126.94295,36.98248],[126.94055,36.97657],[126.93981,36.97425],[126.9392,36.97265],[126.93801,36.96975],[126.93707,36.96776]],[[126.94022,36.97501],[126.94017,36.97455],[126.93997,36.97387],[126.93825,36.96964],[126.9377,36.96842],[126.93721,36.9678]],[[126.94413,37.55977],[126.93922,37.55961],[126.93723,37.55961]],[[126.93724,36.96869],[126.93842,36.97133],[126.93962,36.97451]],[[126.93744,36.96836],[126.93807,36.96976],[126.93941,36.97307],[126.93986,36.97426],[126.94025,36.97563]],[[126.94036,36.97581],[126.94034,36.97498],[126.94008,36.97386],[126.93798,36.96867],[126.93776,36.96829],[126.93745,36.96794]],[[126.93955,36.97453],[126.93886,36.97319],[126.93832,36.97195],[126.93773,36.97038],[126.93747,36.96946]],[[126.94022,36.97501],[126.94002,36.97422],[126.9396,36.97306],[126.93782,36.96877],[126.93749,36.96816]],[[126.93925,36.97398],[126.93899,36.97361],[126.93879,36.97319],[126.9382,36.97179],[126.93799,36.97113]],[[126.93809,35.84025],[126.93816,35.84162],[126.93823,35.84184]],[[126.93816,35.84015],[126.93828,35.84174],[126.93826,35.84219]],[[126.94395,37.51466],[126.93826,37.51398]],[[126.93856,37.51371],[126.93929,37.51382]],[[126.93903,37.51398],[126.93949,37.51408]],[[126.93903,35.84469],[126.94033,35.84656],[126.94284,35.85109]],[[126.93922,37.55961],[126.9407,37.55957],[126.94365,37.55973]],[[126.93924,37.51409],[126.9407,37.5144],[126.94246,37.5146],[126.94368,37.51463]],[[126.93979,35.9355],[126.94033,35.93547],[126.94133,35.93556],[126.94231,35.93584],[126.94283,35.93613],[126.94339,35.93651],[126.94377,35.93689],[126.94446,35.93803],[126.94475,35.93867]],[[126.93981,37.51413],[126.94015,37.51422]],[[126.94029,36.97553],[126.94022,36.97501]],[[126.94027,35.84647],[126.94084,35.84731],[126.9422,35.84985]],[[126.94036,36.97581],[126.94029,36.97553]],[[126.94039,36.97606],[126.94036,36.97581]],[[126.94061,37.55981],[126.94126,37.55988],[126.94386,37.55989]],[[126.94079,36.9773],[126.94062,36.97673]],[[126.94112,36.97828],[126.94106,36.97795]],[[126.94141,36.97919],[126.9413,36.97878]],[[126.9424,37.37483],[126.94137,37.37668]],[[126.9424,37.37483],[126.94189,37.37559]],[[126.94303,35.99459],[126.94287,35.99491],[126.94273,35.99555],[126.94227,35.99948],[126.94243,36.00171],[126.94242,36.00249],[126.94192,36.0071]],[[126.94229,37.37418],[126.94206,37.37488]],[[126.9425,36.00142],[126.94243,36.00194],[126.94228,36.00047],[126.94227,35.99948]],[[126.94296,37.37369],[126.9424,37.37483]],[[126.94242,35.99977],[126.94286,35.99531],[126.94329,35.99395],[126.9434,35.99334]],[[126.94317,35.99438],[126.94284,35.99533],[126.94244,35.99873],[126.94243,35.99926]],[[126.94329,35.99395],[126.94282,35.99524],[126.94253,35.99735],[126.94232,35.99947],[126.94247,36.00045]],[[126.94248,36.00031],[126.9425,35.99967],[126.94304,35.99499]],[[126.94297,35.99534],[126.94289,35.9956],[126.94241,35.99979],[126.94248,36.00055]],[[126.94384,35.98924],[126.94336,35.99392],[126.94253,36.00095],[126.94252,36.00195]],[[126.94261,36.00184],[126.94281,36.00102],[126.94337,35.99585],[126.94339,35.99503]],[[126.94371,37.37113],[126.94355,37.37134],[126.94267,37.37323],[126.94262,37.37347]],[[126.94279,37.37415],[126.94315,37.37357],[126.9439,37.37197],[126.9443,37.37082]],[[126.94324,35.99694],[126.94319,35.99779],[126.94281,36.00102]],[[126.94291,36.00022],[126.94322,35.99786],[126.94323,35.99737]],[[126.9436,37.51458],[126.94292,37.51455]],[[126.94342,35.87831],[126.94297,35.87957]],[[126.94513,35.87288],[126.94463,35.87397],[126.94347,35.87723],[126.94299,35.87896]],[[126.94519,35.87288],[126.94506,35.87355],[126.94455,35.87506],[126.94368,35.87747],[126.94306,35.87894]],[[126.94342,35.87831],[126.94316,35.87871]],[[126.94324,35.99434],[126.94304,35.99499],[126.94248,36.00031],[126.94252,36.00104],[126.94263,35.99925],[126.94315,35.9948],[126.94331,35.9941]],[[126.94455,35.87506],[126.94444,35.87556],[126.94342,35.87831]],[[126.94343,37.36363],[126.94415,37.36396]],[[126.94362,37.51425],[126.94495,37.51432]],[[126.94455,37.36972],[126.94397,37.37057]],[[126.94409,35.93618],[126.94427,35.93676]],[[126.94422,35.93918],[126.94478,35.9408]],[[126.94518,35.9431],[126.94494,35.94266],[126.94423,35.94082]],[[126.94428,35.94081],[126.94509,35.94292],[126.94551,35.9437]],[[126.94497,35.94125],[126.94478,35.9408],[126.94455,35.93983],[126.94429,35.93912]],[[126.94432,35.93691],[126.94454,35.93771]],[[126.94466,35.9403],[126.94453,35.93941],[126.94439,35.93908]],[[126.94442,35.93971],[126.94445,35.94008],[126.94471,35.94095]],[[126.94468,35.93758],[126.94442,35.9369]],[[126.94468,35.93758],[126.94447,35.93717]],[[126.94472,37.36967],[126.94452,37.37037]],[[126.94494,35.94083],[126.94483,35.94023],[126.94453,35.93941]],[[126.94459,35.94098],[126.94448,35.94064],[126.94445,35.94008],[126.94466,35.94097]],[[126.94466,35.93892],[126.94494,35.93982],[126.94494,35.94113],[126.946,35.94422],[126.94623,35.94464]],[[126.94736,35.94463],[126.94692,35.94312],[126.94526,35.93885],[126.94468,35.93758]],[[126.94508,35.93874],[126.94473,35.9377]],[[126.94482,35.93886],[126.94501,35.93995],[126.94501,35.94117],[126.94611,35.94429]],[[126.94485,35.9377],[126.94549,35.9385],[126.94584,35.93926]],[[126.94494,35.93948],[126.94494,35.93982]],[[126.94496,35.93908],[126.94532,35.9404],[126.94661,35.94375],[126.94757,35.94572]],[[126.94634,35.94479],[126.94513,35.9414],[126.94506,35.94107],[126.94506,35.94021],[126.94497,35.93967]],[[126.94503,35.93933],[126.94512,35.93984]],[[126.94506,35.94021],[126.94513,35.94106],[126.94522,35.94142],[126.94619,35.94408],[126.94653,35.94485],[126.94741,35.94628]],[[126.9473,35.94608],[126.94627,35.94416],[126.9452,35.94113],[126.94506,35.94024]],[[126.94618,35.94465],[126.94508,35.94325]],[[126.9451,35.93802],[126.94546,35.93862],[126.94583,35.93955]],[[126.94855,35.94811],[126.9467,35.94534],[126.94511,35.94323]],[[126.94516,35.94317],[126.94776,35.94676]],[[126.94518,35.94034],[126.94527,35.94109],[126.94667,35.94473],[126.94792,35.94661]],[[126.9452,35.94058],[126.94532,35.94109],[126.94675,35.94475],[126.94808,35.94689],[126.94862,35.94832],[126.94884,35.94913],[126.94891,35.94977],[126.94881,35.95298]],[[126.94522,37.46877],[126.9459,37.46813]],[[126.94528,35.93823],[126.94563,35.93865],[126.94589,35.93924]],[[126.94539,35.87207],[126.9453,35.87252]],[[126.94598,37.46817],[126.94531,37.46882]],[[126.94544,36.7675],[126.94711,36.76816]],[[126.94911,37.31391],[126.94849,37.31481],[126.94771,37.31564],[126.94642,37.31749],[126.94626,37.31792],[126.94621,37.31863]],[[126.94632,35.94355],[126.94669,35.94431],[126.94776,35.94604]],[[126.94647,35.9435],[126.94735,35.94538]],[[126.94658,37.31966],[126.94643,37.31915],[126.9465,37.3177],[126.94659,37.31738],[126.94693,37.31677]],[[126.94661,37.31966],[126.94652,37.3191],[126.94661,37.31754],[126.94678,37.31702]],[[126.94714,37.31647],[126.94676,37.31715],[126.94668,37.31745],[126.94659,37.31895],[126.94664,37.31959]],[[126.94696,37.3168],[126.94677,37.31738],[126.94664,37.31966]],[[126.94667,37.31966],[126.94684,37.31908],[126.94694,37.31742],[126.94712,37.31659],[126.94733,37.31619]],[[126.9467,37.31985],[126.94693,37.32035],[126.94697,37.32092]],[[126.94691,37.31929],[126.94686,37.3187]],[[126.94718,37.32379],[126.94691,37.32229]],[[126.94704,37.31699],[126.94691,37.31918],[126.94696,37.31985]],[[126.94696,37.32048],[126.94693,37.32163],[126.94718,37.32379]],[[126.94757,37.31584],[126.94722,37.31653],[126.94714,37.31682],[126.94697,37.31949],[126.94698,37.32017]],[[126.94746,37.3168],[126.94719,37.31802],[126.94699,37.32108]],[[126.94712,37.3171],[126.947,37.32051]],[[126.94725,37.31773],[126.94702,37.32137]],[[126.94732,37.31743],[126.94706,37.3218]],[[126.94738,37.31714],[126.94709,37.32211]],[[126.94801,37.31536],[126.94765,37.31584],[126.9475,37.31632],[126.94711,37.32238]],[[126.94713,37.31735],[126.94715,37.31808],[126.94697,37.32092],[126.94727,37.3241]],[[126.94758,37.3165],[126.94751,37.31681],[126.94714,37.32273]],[[126.94715,37.31779],[126.94721,37.31674],[126.94731,37.31634]],[[126.94783,37.31569],[126.9476,37.31624],[126.94718,37.32312]],[[126.94718,37.32379],[126.94769,37.32614]],[[126.9472,35.94325],[126.94745,35.94448],[126.94793,35.94584]],[[126.94768,37.31645],[126.94762,37.31667],[126.9472,37.32338]],[[126.94822,37.3151],[126.94783,37.31569],[126.9477,37.31617],[126.94723,37.32371]],[[126.94724,35.94386],[126.94745,35.94448]],[[126.94775,37.3173],[126.94768,37.31768],[126.94728,37.32376],[126.94735,37.32442]],[[126.94785,37.31657],[126.94778,37.31691],[126.94734,37.32349],[126.94737,37.32419]],[[126.94758,35.94521],[126.94741,35.94462]],[[126.94746,37.3249],[126.94737,37.32419],[126.94789,37.31613],[126.9481,37.31544],[126.94894,37.31426]],[[126.94752,37.32467],[126.94749,37.32394],[126.94794,37.31695],[126.94792,37.31659]],[[126.94756,37.32488],[126.94757,37.3254]],[[126.94757,36.76835],[126.95467,36.77079]],[[126.95468,36.77075],[126.94758,36.76832]],[[126.94791,37.31735],[126.94794,37.31781],[126.94755,37.32392],[126.94762,37.32525]],[[126.94776,35.94582],[126.94763,35.94532]],[[126.94861,37.31479],[126.94822,37.31563],[126.94812,37.31616],[126.9476,37.32386],[126.94775,37.3266],[126.94783,37.32702]],[[126.94789,35.94633],[126.94817,35.94687]],[[126.94794,35.94629],[126.94812,35.94689]],[[126.94817,37.32193],[126.94837,37.32078],[126.94868,37.31632],[126.94876,37.31579],[126.94937,37.31432],[126.94986,37.31356]],[[126.94817,37.32248],[126.9484,37.32147]],[[126.94914,37.31459],[126.94868,37.31576],[126.94858,37.3163],[126.94824,37.32151]],[[126.94828,37.35119],[126.94822,37.35291],[126.94844,37.35665]],[[126.94829,37.35106],[126.94836,37.35045]],[[126.94889,37.31524],[126.94872,37.31577],[126.94864,37.31628],[126.94831,37.32106]],[[126.94834,35.94743],[126.94844,35.94781]],[[126.94834,37.34772],[126.9484,37.3473]],[[126.94835,37.33039],[126.94805,37.32537],[126.9481,37.32348],[126.94818,37.32224],[126.94844,37.32109],[126.94876,37.32019],[126.94906,37.31554],[126.94937,37.31432]],[[126.94842,35.94741],[126.94861,35.94777]],[[126.94842,37.35046],[126.9485,37.35097]],[[126.94844,37.32109],[126.94879,37.31614],[126.94908,37.31493]],[[126.94854,37.35811],[126.94846,37.35771]],[[126.94869,37.3146],[126.94849,37.31481]],[[126.94865,37.35661],[126.94871,37.35583],[126.94858,37.35173],[126.94851,37.35117]],[[126.94882,37.31596],[126.94852,37.32087]],[[126.94899,37.31527],[126.94889,37.31596],[126.9486,37.3203],[126.94854,37.3205]],[[126.9486,37.35811],[126.94864,37.35771]],[[126.94864,37.32053],[126.94895,37.31582],[126.9492,37.31466]],[[126.94878,37.31985],[126.94885,37.31965]],[[126.94881,37.32014],[126.94913,37.31524]],[[126.94886,37.32014],[126.94919,37.31499]],[[126.9489,37.32013],[126.94925,37.31476]],[[126.94933,36.9982],[126.94909,36.99777]],[[126.94962,37.31332],[126.9493,37.3137]],[[126.95359,36.77034],[126.95286,36.76998],[126.95014,36.76902],[126.94937,36.76881]],[[126.94949,37.3141],[126.94969,37.31369]],[[126.94986,37.31356],[126.9502,37.31294]],[[126.94986,37.31356],[126.95112,37.31199],[126.95228,37.31012],[126.9533,37.30832]],[[126.95007,36.76922],[126.95048,36.76933]],[[126.95009,36.76919],[126.95046,36.76935]],[[126.95059,37.31195],[126.95023,37.31238]],[[126.95036,37.31272],[126.95073,37.31197]],[[126.95038,37.3129],[126.95097,37.31228],[126.95134,37.31174],[126.95244,37.30996],[126.95259,37.30959]],[[126.95055,37.31274],[126.95113,37.3122],[126.95186,37.31101]],[[126.95074,37.31171],[126.9511,37.31128]],[[126.95093,37.31165],[126.95128,37.31129]],[[126.95116,37.3113],[126.95145,37.31072]],[[126.95195,35.92409],[126.95143,35.92449]],[[126.95199,37.39025],[126.95228,37.39039]],[[126.95426,35.92228],[126.95211,35.92399]],[[126.9528,35.92352],[126.95483,35.92201],[126.95842,35.91958],[126.96001,35.91861]],[[126.96004,35.91864],[126.95848,35.91984],[126.95464,35.92245],[126.95283,35.92355]],[[126.95435,37.13655],[126.95394,37.13942],[126.95311,37.14413]],[[126.95315,37.14386],[126.95328,37.14282],[126.95397,37.13917]],[[126.95317,37.14417],[126.95403,37.13919],[126.95407,37.13857]],[[126.95322,37.14386],[126.9534,37.14337],[126.95391,37.14042],[126.95403,37.13919]],[[126.95332,37.14359],[126.95406,37.13928],[126.95413,37.13849]],[[126.95952,35.91903],[126.95873,35.91973],[126.95422,35.92278],[126.95339,35.9232]],[[126.95352,35.92291],[126.95469,35.92205],[126.95843,35.91951],[126.96195,35.9173]],[[126.95406,37.13928],[126.95408,37.13948],[126.95391,37.14042]],[[126.95403,37.13976],[126.95394,37.14048]],[[126.95422,37.13763],[126.95405,37.13893]]]}},{"type":"Feature","properties":{"g":"kr"},"geometry":{"type":"MultiLineString","coordinates":[[[126.95421,37.13881],[126.95408,37.13948]],[[126.95425,37.33752],[126.95507,37.33752]],[[126.95426,35.92228],[126.95483,35.92178],[126.95817,35.91951],[126.96099,35.91787]],[[126.96061,35.9181],[126.95819,35.91955],[126.95536,35.92146],[126.95426,35.92228]],[[126.95426,37.33757],[126.95504,37.33747]],[[126.95451,37.13604],[126.95434,37.13671]],[[126.95677,37.33752],[126.95525,37.33782],[126.95467,37.33819]],[[126.96067,35.91803],[126.9601,35.9183],[126.9581,35.91951],[126.95501,35.92165]],[[126.95837,35.91996],[126.95576,35.92179],[126.95505,35.92222]],[[126.95529,35.92143],[126.95575,35.92104],[126.95848,35.9192],[126.95978,35.91843]],[[126.95978,35.91843],[126.95867,35.91899],[126.9561,35.92074],[126.95553,35.92121]],[[126.9557,37.33743],[126.9565,37.33731],[126.96729,37.33669]],[[126.95737,36.07636],[126.95692,36.07779],[126.95609,36.08158],[126.95598,36.08273]],[[126.95745,36.07639],[126.95713,36.07821],[126.95649,36.08115],[126.95605,36.08272]],[[126.95611,37.5761],[126.95686,37.57539]],[[126.95613,37.33746],[126.95767,37.33748],[126.96582,37.33704],[126.96684,37.33686]],[[126.95712,36.07823],[126.95648,36.0814],[126.95628,36.082]],[[126.95656,37.33725],[126.96465,37.33681],[126.96562,37.33681]],[[126.95659,37.52368],[126.95691,37.52392]],[[126.95686,37.57539],[126.95699,37.57524]],[[126.95686,37.57539],[126.95706,37.57527]],[[126.95711,37.33722],[126.95756,37.33725]],[[126.95711,37.33728],[126.95754,37.3372]],[[126.96571,37.33714],[126.95858,37.33753],[126.95767,37.33748]],[[126.95792,37.33747],[126.9587,37.33747],[126.96571,37.33709]],[[126.95803,37.33749],[126.95888,37.33762],[126.96461,37.33732]],[[126.95807,37.33717],[126.95958,37.33676],[126.96414,37.33651],[126.96668,37.33673]],[[126.95829,37.33722],[126.95917,37.33727]],[[126.95929,37.33729],[126.95839,37.33744]],[[126.95843,37.33756],[126.95904,37.33758],[126.965,37.33725]],[[126.95846,37.33715],[126.95884,37.33709],[126.96485,37.33676],[126.96624,37.33678]],[[126.95848,37.33709],[126.95926,37.33699],[126.96481,37.33669],[126.9656,37.33677]],[[126.95858,37.33753],[126.96534,37.3372]],[[126.95883,37.33704],[126.96523,37.33673]],[[126.95891,37.33698],[126.95966,37.33687],[126.96502,37.33662]],[[126.95901,37.5259],[126.95949,37.52617]],[[126.95914,37.3369],[126.95988,37.3368],[126.96462,37.33657]],[[126.95922,37.33694],[126.96541,37.33665]],[[126.96631,37.33705],[126.96425,37.33738],[126.95942,37.33759]],[[126.95978,35.91843],[126.96034,35.91818]],[[126.95986,37.33675],[126.96419,37.33655],[126.96603,37.33669]],[[126.9607,37.52681],[126.96017,37.52638]],[[126.96029,37.33672],[126.96401,37.33648],[126.96527,37.3366]],[[126.96088,35.91802],[126.96037,35.91842]],[[126.961,35.05121],[126.96219,35.05117],[126.96559,35.05139]],[[126.96104,37.52705],[126.96138,37.52734]],[[126.96107,37.52754],[126.96142,37.52793]],[[126.96111,37.52649],[126.96135,37.52686],[126.96171,37.52723],[126.96312,37.5282],[126.96292,37.52811]],[[126.96603,35.05158],[126.96518,35.05162],[126.96256,35.05148],[126.96126,35.0513]],[[126.96142,37.52793],[126.96273,37.52905],[126.96706,37.5322]],[[126.96142,37.52793],[126.96201,37.5286],[126.9628,37.52931],[126.96565,37.53135],[126.96706,37.5322]],[[126.9615,37.5279],[126.9626,37.52881]],[[126.96193,37.52808],[126.96167,37.52783]],[[126.96179,37.52751],[126.96234,37.52781]],[[126.96578,35.05156],[126.96482,35.05156],[126.96187,35.05133]],[[126.9673,37.53188],[126.96604,37.53114],[126.96254,37.52861],[126.96193,37.52808]],[[126.96775,37.53221],[126.96621,37.53131],[126.9625,37.52863],[126.96193,37.52808]],[[126.96651,37.53166],[126.96277,37.52897],[126.96222,37.52838]],[[126.9629,35.91658],[126.96224,35.91709]],[[126.96276,35.91674],[126.9636,35.91623]],[[126.96346,37.5286],[126.96632,37.53069]],[[126.96391,34.98086],[126.96421,34.98683],[126.96434,34.98734]],[[126.96421,34.98683],[126.96413,34.98641],[126.96408,34.98433]],[[126.96439,34.98742],[126.96442,34.98695],[126.96431,34.98459],[126.96415,34.98375]],[[126.96416,37.53043],[126.9646,37.53073],[126.96488,37.53086]],[[126.96845,37.53383],[126.96819,37.5333],[126.96774,37.53285],[126.9642,37.53039]],[[126.96432,34.98763],[126.96424,34.98703]],[[126.96594,35.05141],[126.96446,35.05149]],[[126.96492,37.52974],[126.9684,37.53225],[126.96867,37.53254]],[[126.96827,37.53374],[126.96807,37.53331],[126.96783,37.53303],[126.96492,37.53097]],[[126.96537,37.33716],[126.96656,37.33695],[126.9672,37.33675]],[[126.96576,35.0514],[126.96431,35.05142],[126.96043,35.05122],[126.96631,35.05159]],[[126.9667,37.53198],[126.9661,37.53171]],[[126.96621,37.53131],[126.96795,37.53243],[126.96954,37.53375],[126.97025,37.53447],[126.97062,37.53516]],[[126.96625,37.53068],[126.96663,37.53091]],[[126.96632,37.53069],[126.96838,37.53218],[126.96872,37.53252]],[[126.96632,37.53069],[126.96668,37.531]],[[126.96665,37.53119],[126.96632,37.53088]],[[126.968,37.53308],[126.96761,37.53267],[126.96636,37.53183]],[[126.96749,37.53213],[126.96651,37.53166]],[[126.96897,37.53348],[126.96794,37.53261],[126.96651,37.53166]],[[126.96771,37.53143],[126.96678,37.53088]],[[126.96694,37.53192],[126.96778,37.5324],[126.96861,37.53303],[126.96985,37.53409],[126.97039,37.53476]],[[126.96706,37.5322],[126.96784,37.5327]],[[126.96781,37.53156],[126.96722,37.5311]],[[126.96724,37.53233],[126.9681,37.53298],[126.96845,37.53353]],[[126.9674,37.53265],[126.96803,37.53319],[126.96833,37.53373]],[[126.96768,37.53264],[126.96792,37.53288],[126.96819,37.5333]],[[126.96897,37.53348],[126.96799,37.53281]],[[126.96812,37.53227],[126.96878,37.53292]],[[126.97104,37.53679],[126.97078,37.53563],[126.97035,37.53478],[126.96978,37.53409],[126.96897,37.53348]],[[126.96981,37.55411],[126.96966,37.55923]],[[126.9698,37.55671],[126.96971,37.55703]],[[126.96979,37.55703],[126.96971,37.55671]],[[126.96972,37.55924],[126.96985,37.5541]],[[126.96981,37.55647],[126.96991,37.55554],[126.96992,37.55313],[126.96986,37.55225]],[[126.96986,37.55206],[126.96982,37.5519]],[[126.96983,37.55172],[126.97029,37.54939]],[[126.96983,37.55181],[126.96989,37.55162]],[[126.96987,37.55257],[126.9701,37.55174]],[[126.96991,37.55554],[126.96991,37.55614]],[[126.96993,37.55256],[126.97005,37.55192]],[[126.96995,37.55115],[126.97024,37.54939]],[[126.96998,37.55075],[126.97019,37.54938]],[[126.97925,37.24945],[126.96998,37.24621]],[[126.97933,37.24914],[126.97003,37.2461]],[[126.9701,37.55197],[126.97003,37.55265]],[[126.97005,37.5507],[126.97043,37.54958]],[[126.97021,37.5502],[126.97007,37.55126]],[[126.97007,37.55605],[126.97017,37.55656],[126.97077,37.55743],[126.97106,37.55816]],[[126.97007,37.55605],[126.97002,37.55588],[126.97009,37.55151],[126.97022,37.55082]],[[126.97041,37.5503],[126.97015,37.55142],[126.97007,37.55605]],[[126.97033,37.56063],[126.97015,37.5608]],[[126.97043,37.54958],[126.97022,37.55082]],[[126.97022,37.55082],[126.97055,37.54992]],[[126.97056,37.54922],[126.97041,37.55007]],[[126.97043,37.54958],[126.97094,37.54837]],[[126.97052,37.55655],[126.97034,37.55606],[126.9703,37.55571],[126.97033,37.55118],[126.97044,37.5503]],[[126.97044,37.5503],[126.97031,37.55095],[126.97023,37.55617],[126.97033,37.55664],[126.97058,37.55715]],[[126.97044,37.5503],[126.97055,37.54992]],[[126.97055,37.54992],[126.97067,37.54961]],[[126.97064,37.55682],[126.97093,37.55734]],[[126.97076,37.55698],[126.97062,37.55648],[126.97062,37.55619],[126.97067,37.55034],[126.97082,37.54942]],[[126.97094,37.5573],[126.97072,37.55663],[126.97067,37.55629],[126.97072,37.55053],[126.9709,37.54902]],[[126.97104,37.55761],[126.97094,37.5573]],[[126.97094,37.5573],[126.97083,37.55662],[126.97091,37.5513],[126.97102,37.5505]],[[126.97098,37.53743],[126.97099,37.53688]],[[126.97098,37.54518],[126.97099,37.54663],[126.97104,37.54708]],[[126.97106,37.55748],[126.97088,37.55669],[126.97094,37.5519],[126.97102,37.5505]],[[126.97102,37.5505],[126.97111,37.54983]],[[126.97109,37.54657],[126.97105,37.54584]],[[126.9711,37.54508],[126.97105,37.54555]],[[126.9711,37.5579],[126.97106,37.55748]],[[126.97106,37.55748],[126.97094,37.55687],[126.97094,37.55617],[126.97099,37.55189],[126.97111,37.54983]],[[126.97107,37.55921],[126.97111,37.55815]],[[126.97109,37.54677],[126.97114,37.54747]],[[126.9711,37.54614],[126.97115,37.54541]],[[126.97111,37.5581],[126.97116,37.55746],[126.97119,37.55793]],[[126.97111,37.54983],[126.97112,37.54943]],[[126.97112,37.54943],[126.97114,37.54873]],[[126.97112,37.54943],[126.97118,37.54874]],[[126.97117,37.54943],[126.97114,37.54873]],[[126.97114,37.54873],[126.97114,37.54764]],[[126.97114,37.54685],[126.97119,37.546]],[[126.97115,37.54525],[126.97121,37.54442]],[[126.97119,37.55676],[126.97115,37.55723]],[[126.97118,37.55662],[126.97124,37.55156],[126.97117,37.55092]],[[126.97143,37.55398],[126.97143,37.55163],[126.97117,37.55036]],[[126.9713,37.55071],[126.97118,37.54966]],[[126.97119,37.55676],[126.97118,37.55662]],[[126.97118,37.55662],[126.97125,37.55567],[126.97129,37.55158],[126.97124,37.55079]],[[126.97119,37.55793],[126.9712,37.55832],[126.97125,37.5566]],[[126.97119,37.55793],[126.97119,37.55676]],[[126.9713,37.55071],[126.97155,37.55174],[126.97152,37.55398]],[[126.9713,37.55071],[126.97122,37.54926],[126.97132,37.54807]],[[126.97132,37.54888],[126.97127,37.55],[126.97138,37.55085]],[[126.97136,37.54801],[126.97132,37.54872]],[[126.97133,37.55084],[126.97155,37.5514]],[[126.97148,37.55398],[126.9715,37.55188],[126.97137,37.55128]],[[126.97155,37.5514],[126.97138,37.55085]],[[126.97138,37.55085],[126.97165,37.55196],[126.97164,37.554]],[[126.97168,37.554],[126.97169,37.55199],[126.97155,37.5514]],[[126.97169,37.55233],[126.97173,37.55401]],[[126.97235,37.55192],[126.97183,37.54955]],[[126.97207,37.55442],[126.97196,37.55318]],[[126.97207,37.55442],[126.97203,37.55463]],[[126.97219,37.55463],[126.97207,37.55442]],[[126.97235,37.55192],[126.97249,37.55219]],[[126.97236,37.55226],[126.97235,37.55192]],[[126.97239,37.55237],[126.97237,37.55253],[126.97246,37.55301]],[[126.9732,37.2472],[126.97274,37.247]],[[126.97274,37.24718],[126.9732,37.24729]],[[126.97346,37.55823],[126.9731,37.55797]],[[126.97321,37.55792],[126.97334,37.55827]],[[126.97591,37.24822],[126.97665,37.24837]],[[126.97657,37.24844],[126.97594,37.24814]],[[126.97619,37.72013],[126.97667,37.72024]],[[126.97621,37.72023],[126.9841,37.72147]],[[126.97711,37.40252],[126.977,37.40223]],[[126.98314,37.25066],[126.98133,37.25015],[126.97925,37.24945],[126.9774,37.24872]],[[126.97744,37.24865],[126.97933,37.24914],[126.98142,37.24988],[126.98317,37.25061]],[[126.98113,37.72101],[126.98155,37.72113]],[[126.98606,37.51938],[126.98319,37.51942],[126.98239,37.51954],[126.98118,37.51991]],[[126.98169,37.57019],[126.98132,37.57012]],[[126.98133,37.57019],[126.98171,37.57012]],[[126.98158,37.47604],[126.98163,37.47576]],[[126.98163,37.47576],[126.98171,37.47604]],[[126.98163,37.47576],[126.98177,37.47486],[126.98204,37.47391],[126.98313,37.47175],[126.98382,37.47063]],[[126.98169,37.47884],[126.98184,37.47919]],[[126.98171,37.47917],[126.98184,37.47884]],[[126.98259,37.47278],[126.98246,37.47299]],[[126.9836,37.25081],[126.98408,37.25091]],[[126.98581,37.5194],[126.98396,37.51933]],[[126.9846,37.51918],[126.98675,37.5193]],[[126.98555,37.51949],[126.98462,37.51943]],[[126.9847,37.51947],[126.98686,37.51964],[126.98989,37.51976],[126.99218,37.51973]],[[126.98724,36.98561],[126.98622,36.98495],[126.98516,36.98368]],[[126.98524,37.51945],[126.98691,37.51937],[126.99137,37.51954],[126.99274,37.51971]],[[126.98789,36.98606],[126.98626,36.98487],[126.98524,36.98364]],[[126.98763,36.98581],[126.98678,36.98515],[126.98545,36.98353]],[[126.98815,36.98631],[126.98668,36.9849],[126.98552,36.9835]],[[126.9856,36.98313],[126.98839,36.98655]],[[126.99187,37.51969],[126.99038,37.51955],[126.98697,37.51941],[126.98564,37.51946]],[[126.98599,36.98323],[126.98721,36.98474],[126.98818,36.98629]],[[126.98607,36.9832],[126.9873,36.98472],[126.98772,36.98556]],[[126.99149,37.51953],[126.99059,37.51939],[126.98755,37.51928],[126.98614,37.51937]],[[126.98628,36.98309],[126.98747,36.98459],[126.98766,36.98504],[126.98774,36.98546],[126.98798,36.98599]],[[126.99181,37.5196],[126.99123,37.5195],[126.98994,37.51944],[126.98741,37.51934],[126.98654,37.51936]],[[126.9885,37.5247],[126.98856,37.52393],[126.98866,37.52345]],[[126.98864,37.52437],[126.98861,37.52394]],[[126.98901,37.46372],[126.98932,37.46326]],[[126.98932,37.46326],[126.98921,37.46378]],[[126.98932,37.46326],[126.99075,37.46049],[126.99145,37.45955]],[[126.98968,37.4625],[126.9894,37.46341]],[[126.99129,37.48697],[126.99098,37.48695],[126.99,37.48663]],[[126.99331,37.43015],[126.99358,37.43055]],[[126.9947,37.2749],[126.99756,37.26968],[126.99815,37.26841]],[[126.99479,37.48806],[126.99511,37.4881]],[[126.9948,37.48801],[126.99507,37.48815]],[[126.99506,37.27481],[126.99769,37.27011],[126.99887,37.26839],[127.00163,37.2637],[127.00252,37.2621],[127.00274,37.26148]],[[126.99531,37.48816],[126.9956,37.48818]],[[126.99542,37.48812],[126.99653,37.48844]],[[126.99576,37.27335],[126.99551,37.27369]],[[126.99595,37.273],[126.99577,37.27343]],[[126.99611,37.27263],[126.99581,37.27304]],[[126.99635,37.27228],[126.99657,37.27174]],[[126.99657,37.27187],[126.99681,37.27151]],[[126.9967,37.56185],[126.99748,37.56199]],[[126.99709,37.27065],[126.99687,37.27121]],[[126.99691,37.27099],[126.99705,37.27062]],[[126.997,37.56006],[126.99745,37.56003]],[[126.99702,37.56012],[126.99743,37.55997]],[[126.99739,37.27047],[126.99769,37.27011]],[[127.00579,36.78007],[127.00007,36.78095],[126.99864,36.7814],[126.9974,36.78201]],[[126.99744,36.78204],[126.99991,36.78121],[127.00428,36.78047],[127.00581,36.78013]],[[126.99839,37.26892],[126.99906,37.2677]],[[126.99844,37.26772],[126.99858,37.26738],[127.00066,37.26379],[127.00086,37.26355]],[[126.99858,37.26738],[127.00048,37.264],[127.00066,37.26379]],[[126.99863,37.26858],[126.99926,37.26774]],[[126.99866,37.26555],[126.99876,37.26561]],[[126.9987,37.2671],[127.00032,37.26417],[127.00048,37.264]],[[126.99892,37.26567],[126.99906,37.26571]],[[126.9997,36.99474],[127.00069,36.99447]],[[127.00144,37.26278],[127.00274,37.26093],[127.00334,37.25984]],[[127.00144,37.2667],[127.0016,37.26674]],[[127.00163,37.2637],[127.00253,37.26222],[127.00275,37.26163]],[[127.00207,37.26299],[127.00236,37.26265],[127.00265,37.26214],[127.00281,37.26173]],[[127.00213,37.26175],[127.00278,37.26075],[127.00326,37.25987]],[[127.00252,37.2621],[127.00311,37.26092]],[[127.00329,37.26016],[127.003,37.26056]],[[127.00318,37.26054],[127.00301,37.26094]],[[127.00326,37.26049],[127.00311,37.26092]],[[127.00311,37.26092],[127.00442,37.25881],[127.00458,37.25843],[127.00487,37.25796]],[[127.00331,37.26059],[127.00364,37.26022],[127.00442,37.25881]],[[127.00333,37.45019],[127.00385,37.44969]],[[127.00578,37.256],[127.0042,37.25866],[127.00338,37.26018]],[[127.00371,37.25951],[127.00348,37.2598]],[[127.00407,37.2588],[127.00389,37.25922]],[[127.00439,37.25847],[127.0041,37.25884]],[[127.00454,37.2579],[127.00436,37.25829]],[[127.00478,37.25789],[127.00454,37.2582]],[[127.00706,37.43657],[127.00724,37.43677]],[[127.00795,36.99283],[127.00938,36.99251]],[[127.00856,37.58956],[127.00833,37.58949]],[[127.00834,37.58942],[127.00856,37.58956]],[[127.00856,37.58956],[127.01029,37.59032],[127.01133,37.59087]],[[127.0114,37.66479],[127.01084,37.66496],[127.01055,37.66542]],[[127.01092,37.66493],[127.0106,37.66544]],[[127.01105,37.6649],[127.01068,37.66546]],[[127.01075,37.66548],[127.01115,37.66487]],[[127.01127,37.66483],[127.01083,37.66552]],[[127.01091,37.66554],[127.01235,37.66336]],[[127.01242,37.66339],[127.01097,37.66556]],[[127.01479,37.2414],[127.01288,37.24503],[127.01235,37.24629],[127.01102,37.2489]],[[127.01165,37.66454],[127.01148,37.66467]],[[127.01193,37.24735],[127.01166,37.24798]],[[127.01171,37.248],[127.01211,37.2474]],[[127.01185,37.66424],[127.01193,37.66399]],[[127.0124,37.24645],[127.01217,37.24703]],[[127.0165,37.23857],[127.01564,37.23996],[127.0128,37.24542],[127.01219,37.24685]],[[127.01256,37.24651],[127.01222,37.24705]],[[127.01487,36.15326],[127.01311,36.1521],[127.01224,36.1513]],[[127.01576,37.23963],[127.01294,37.24504],[127.0128,37.24542]],[[127.01297,37.65507],[127.01297,37.65469]],[[127.01338,37.65735],[127.01327,37.65683],[127.01326,37.65642]],[[127.01335,37.65638],[127.01351,37.65673],[127.01363,37.65731]],[[127.02157,36.15764],[127.02029,36.15669],[127.01551,36.15361],[127.0144,36.15301]],[[127.02047,36.15697],[127.01851,36.15584],[127.01541,36.15384],[127.01443,36.15309]],[[127.01449,37.2419],[127.01463,37.24172]],[[127.01851,36.15584],[127.01744,36.15528],[127.01593,36.15433],[127.01532,36.15389],[127.01475,36.15334]],[[127.01503,37.24092],[127.01479,37.2414]],[[127.01479,37.2414],[127.015,37.24111]],[[127.01497,36.15355],[127.01811,36.15563]],[[127.0151,36.15339],[127.01564,36.15363],[127.02008,36.1565],[127.02111,36.15728]],[[127.01781,36.15548],[127.01519,36.15376]],[[127.0154,36.15351],[127.01654,36.15407],[127.01919,36.15577]],[[127.02008,36.1565],[127.01827,36.15528],[127.01564,36.15363]],[[127.01565,37.24019],[127.01595,37.23974]],[[127.01593,37.23932],[127.01576,37.23963]],[[127.01576,37.23963],[127.01604,37.2393]],[[127.01948,36.15602],[127.01887,36.15551],[127.01691,36.15422],[127.01624,36.15383],[127.0158,36.15367]],[[127.01582,37.24025],[127.01601,37.23974]],[[127.01978,36.15626],[127.01671,36.15422],[127.016,36.15382]],[[127.01717,37.23728],[127.01749,37.23683]],[[127.01779,37.23623],[127.01807,37.23582]],[[127.01925,37.57421],[127.0183,37.57387]],[[127.01931,37.57404],[127.01834,37.57371]],[[127.01959,37.51573],[127.01905,37.51747]],[[127.01915,37.51746],[127.01966,37.51575]],[[127.02173,36.1578],[127.02245,36.15816]],[[127.02292,37.57549],[127.02273,37.57535]],[[127.0262,37.505],[127.02478,37.50471],[127.0237,37.50439],[127.02273,37.50396]],[[127.02312,37.50407],[127.02274,37.50391]],[[127.02316,37.57608],[127.02318,37.57566]],[[127.02326,37.57565],[127.02324,37.57606]],[[127.02369,37.57528],[127.02634,37.5741]],[[127.0253,37.62849],[127.02561,37.62794]],[[127.02538,37.6285],[127.02551,37.62794]],[[127.02716,37.57394],[127.0274,37.5739]],[[127.02717,37.5739],[127.02739,37.57394]],[[127.02782,37.49749],[127.02763,37.49775]],[[127.02775,37.49749],[127.0277,37.49776]],[[127.02905,37.49485],[127.02919,37.49439]],[[127.0296,37.2138],[127.02983,37.21325]],[[127.03002,37.21286],[127.03026,37.21227]],[[127.03042,37.21211],[127.0307,37.21168]],[[127.03064,37.21143],[127.03044,37.21196]],[[127.03376,37.20522],[127.03347,37.20563],[127.03154,37.2093],[127.03123,37.21002]],[[127.03174,37.20975],[127.0323,37.20892],[127.03397,37.20571],[127.03441,37.20467]],[[127.03217,37.20913],[127.03237,37.20887],[127.03389,37.20587]],[[127.03372,37.20548],[127.03397,37.20488]],[[127.03405,37.20475],[127.03451,37.20396]],[[127.03417,37.20516],[127.03439,37.20459]],[[127.03486,37.20377],[127.03457,37.20423]],[[127.03493,37.50764],[127.03508,37.50767]],[[127.03521,37.20274],[127.03493,37.20315]],[[127.03494,37.75229],[127.03596,37.75301]],[[127.03506,37.20325],[127.03526,37.20276]],[[127.03542,37.20239],[127.03567,37.20202]],[[127.03897,37.55874],[127.03783,37.56397],[127.03768,37.56495]],[[127.03812,37.56267],[127.03772,37.56431],[127.03767,37.56469],[127.03769,37.56524]],[[127.03772,37.56431],[127.03795,37.56306]],[[127.03789,37.56456],[127.03807,37.564],[127.03776,37.5657]],[[127.03809,37.56389],[127.03824,37.56344],[127.0378,37.56569]],[[127.03784,37.56444],[127.03812,37.56356]],[[127.03789,37.30486],[127.03939,37.30411]],[[127.0379,37.3049],[127.03962,37.30409]],[[127.03793,37.30493],[127.03962,37.30409]],[[127.03795,37.30496],[127.04015,37.3039]],[[127.038,37.30501],[127.03976,37.30413],[127.04057,37.30382]],[[127.03802,37.30504],[127.04021,37.30395]],[[127.04057,37.30382],[127.03804,37.30508]],[[127.03807,37.30511],[127.0397,37.30425]],[[127.03809,37.30515],[127.03939,37.30451],[127.04,37.3041]],[[127.03822,37.56333],[127.03815,37.5639]],[[127.03818,37.56325],[127.03834,37.56282]],[[127.03828,37.56333],[127.03862,37.5626],[127.039,37.56063],[127.03898,37.55997]],[[127.039,37.56035],[127.03858,37.5626],[127.03837,37.56311]],[[127.04321,37.30262],[127.04127,37.30367],[127.03987,37.30479],[127.03841,37.30554]],[[127.03894,37.55975],[127.03907,37.55935]],[[127.03903,37.55935],[127.039,37.55974]],[[127.03908,37.55907],[127.03912,37.55848],[127.03955,37.55642]],[[127.03925,37.55733],[127.03918,37.55792]],[[127.04179,37.30335],[127.03938,37.30459]],[[127.03939,37.30411],[127.04081,37.3034]],[[127.03939,37.30411],[127.04055,37.30376]],[[127.04024,37.30414],[127.03942,37.30464]],[[127.03962,37.30409],[127.04055,37.30376]],[[127.03965,37.30398],[127.04115,37.30341],[127.04205,37.30296]],[[127.04055,37.30376],[127.04144,37.30348]],[[127.04057,37.30382],[127.04144,37.30348]],[[127.04081,37.3034],[127.04193,37.30282]],[[127.04081,37.3034],[127.042,37.3029]],[[127.04188,37.30276],[127.04137,37.3031]],[[127.04144,37.30348],[127.0428,37.30277]],[[127.04144,37.30348],[127.04247,37.303]],[[127.04239,37.57932],[127.04295,37.57941]],[[127.04291,37.57947],[127.0424,37.57925]],[[127.0428,37.30277],[127.04247,37.303]],[[127.04247,37.303],[127.04321,37.30262]],[[127.04494,37.57625],[127.04279,37.57346]],[[127.0428,37.30277],[127.04427,37.30195]],[[127.04288,37.30285],[127.04476,37.30187]],[[127.04315,37.75132],[127.04298,37.75183]],[[127.04312,37.57413],[127.04481,37.57632]],[[127.04352,37.30248],[127.04321,37.30262]],[[127.0437,37.57472],[127.04326,37.57422]],[[127.0442,36.16276],[127.04333,36.16273]],[[127.04381,37.7495],[127.04341,37.75071]],[[127.04362,37.57453],[127.04394,37.57503]],[[127.04381,37.19903],[127.04425,37.19871]],[[127.04435,37.57565],[127.04404,37.57516]],[[127.04524,36.16281],[127.04406,36.16269]],[[127.04435,37.19864],[127.04509,37.19819],[127.04607,37.19778],[127.05162,37.19487],[127.05235,37.19438],[127.05345,37.19387],[127.05576,37.19261]],[[127.0444,36.16282],[127.05239,36.16342]],[[127.04442,37.77014],[127.04453,37.77085]],[[127.04447,37.57581],[127.04481,37.57632]],[[127.04448,37.7718],[127.04453,37.77325],[127.04479,37.77584]],[[127.04448,37.7718],[127.04441,37.7724],[127.04447,37.77326],[127.04466,37.77533],[127.04479,37.77584]],[[127.0445,37.771],[127.04448,37.7718]]]}},{"type":"Feature","properties":{"g":"kr"},"geometry":{"type":"MultiLineString","coordinates":[[[127.04626,37.19698],[127.04449,37.19795]],[[127.04527,37.5767],[127.04451,37.57578]],[[127.046,37.19711],[127.04451,37.19797]],[[127.05102,37.19445],[127.04626,37.19698],[127.04538,37.19762],[127.04453,37.19852],[127.04377,37.19899],[127.04454,37.19869]],[[127.04454,37.771],[127.04474,37.77221],[127.045,37.77562]],[[127.04461,37.19866],[127.0464,37.19792],[127.05007,37.19595]],[[127.0447,37.19837],[127.0451,37.19803],[127.04588,37.19756],[127.04914,37.19587],[127.04992,37.19559]],[[127.04479,37.77584],[127.0449,37.77662]],[[127.04479,37.19862],[127.04625,37.19818],[127.04974,37.19631]],[[127.04481,37.57632],[127.04564,37.57769],[127.04733,37.58009]],[[127.04491,37.1983],[127.04541,37.19798],[127.04895,37.19612],[127.04992,37.19568]],[[127.045,37.77562],[127.04496,37.77661]],[[127.04498,37.77687],[127.04496,37.77737]],[[127.04498,37.19851],[127.05005,37.19586]],[[127.045,37.77562],[127.04503,37.77676]],[[127.04503,37.19801],[127.0458,37.1974],[127.05111,37.1946]],[[127.04517,37.19811],[127.0457,37.19778],[127.04936,37.19586],[127.05095,37.19522]],[[127.04519,37.19814],[127.04833,37.19649],[127.05032,37.19552]],[[127.04524,37.19837],[127.04571,37.19808],[127.05032,37.19567]],[[127.04541,37.57689],[127.04527,37.5767]],[[127.04527,37.5767],[127.04555,37.57715]],[[127.04528,37.19839],[127.04956,37.19616],[127.05151,37.19493]],[[127.04532,37.19846],[127.04635,37.19805],[127.04958,37.19636]],[[127.04535,37.19798],[127.04597,37.19757],[127.04927,37.19585],[127.05026,37.19549]],[[127.04538,37.19807],[127.05066,37.19537]],[[127.04541,37.57689],[127.04598,37.57746],[127.04677,37.57806],[127.04746,37.57869],[127.04816,37.57914],[127.04927,37.58059],[127.04921,37.58042]],[[127.04565,37.57719],[127.04541,37.57689]],[[127.04543,37.19768],[127.046,37.19721],[127.05106,37.19453]],[[127.04555,37.19848],[127.0468,37.1981],[127.05347,37.19465],[127.05619,37.19315]],[[127.04557,37.19771],[127.04709,37.19683],[127.04933,37.19573]],[[127.04631,37.73467],[127.04604,37.73529],[127.04586,37.73603],[127.04554,37.73891],[127.04558,37.73919]],[[127.04561,37.57755],[127.04694,37.5794]],[[127.04562,37.57747],[127.048,37.58075]],[[127.04622,37.73494],[127.04594,37.73584],[127.04558,37.73899],[127.04563,37.73946]],[[127.04565,37.19825],[127.04985,37.19604],[127.05035,37.1957]],[[127.04565,37.57719],[127.04709,37.57864],[127.04861,37.58058]],[[127.0459,37.57751],[127.04565,37.57719]],[[127.04566,37.19811],[127.04615,37.1978],[127.05066,37.19544]],[[127.04566,37.19837],[127.04641,37.19805],[127.04958,37.19636]],[[127.04567,37.57745],[127.04702,37.57926]],[[127.0457,37.69403],[127.04577,37.69351]],[[127.04636,37.73462],[127.04578,37.73913],[127.04571,37.74082]],[[127.04658,37.57765],[127.04599,37.57742],[127.04573,37.57721]],[[127.04619,37.68731],[127.04599,37.68907],[127.04573,37.69233],[127.04574,37.69336]],[[127.04577,37.74091],[127.0459,37.74027]],[[127.04624,37.6873],[127.04631,37.68855],[127.04628,37.68914],[127.04602,37.69206],[127.04579,37.69336]],[[127.04585,37.74027],[127.04581,37.74092]],[[127.04583,37.19739],[127.05109,37.19456]],[[127.04583,37.19841],[127.04662,37.19811],[127.04943,37.19662],[127.04974,37.19641],[127.05082,37.19537],[127.05173,37.19487],[127.05274,37.19448],[127.05386,37.19419],[127.05603,37.19299]],[[127.04622,37.73494],[127.04601,37.7358],[127.04583,37.73733]],[[127.04657,37.73345],[127.0464,37.73407],[127.04584,37.7355]],[[127.04587,37.19825],[127.0498,37.19617],[127.05071,37.19546]],[[127.0464,37.73407],[127.04589,37.73553]],[[127.05006,37.5828],[127.04976,37.58232],[127.04721,37.57895],[127.0459,37.57751]],[[127.04995,37.58283],[127.04933,37.58191],[127.04748,37.57946],[127.04678,37.57866],[127.0459,37.57751]],[[127.04591,37.73949],[127.04651,37.73477]],[[127.04595,37.1972],[127.05103,37.19449]],[[127.04595,37.73734],[127.04611,37.73591],[127.04636,37.73462]],[[127.04632,37.65653],[127.04603,37.65714]],[[127.04605,37.57758],[127.04685,37.57826],[127.0477,37.57922],[127.04959,37.5817],[127.04985,37.58222]],[[127.04612,37.69098],[127.04615,37.6918]],[[127.04616,37.73854],[127.04626,37.73819],[127.0465,37.73643],[127.04664,37.73501],[127.04667,37.7338]],[[127.04621,37.68702],[127.04629,37.68652]],[[127.04623,37.69142],[127.04622,37.69085]],[[127.04631,37.73467],[127.04622,37.73494]],[[127.04627,37.19824],[127.04923,37.19668],[127.04974,37.19631]],[[127.04628,37.19828],[127.05049,37.19616],[127.05616,37.19309]],[[127.0463,37.73789],[127.04655,37.73643],[127.04668,37.73507],[127.04667,37.73445]],[[127.04648,37.73417],[127.04631,37.73467]],[[127.04632,37.57782],[127.0468,37.57826],[127.04773,37.57934],[127.04959,37.58181],[127.05023,37.5829]],[[127.04636,37.57811],[127.04752,37.57943],[127.04845,37.58066]],[[127.04648,37.73417],[127.04636,37.73462]],[[127.0497,37.5819],[127.04956,37.58159],[127.04784,37.57931],[127.04693,37.57825],[127.04637,37.57782]],[[127.04639,37.58071],[127.04677,37.5808]],[[127.04903,37.65006],[127.04804,37.6519],[127.04731,37.65358],[127.04663,37.65544],[127.04642,37.65615]],[[127.04677,37.5808],[127.04643,37.5806]],[[127.0465,37.73405],[127.04648,37.73417]],[[127.04648,37.65617],[127.0474,37.65439],[127.04851,37.65185],[127.04946,37.64918]],[[127.04657,37.73345],[127.0465,37.73405]],[[127.04662,37.73342],[127.0465,37.73405]],[[127.04652,37.73427],[127.04651,37.73477]],[[127.04651,37.73477],[127.04668,37.73342]],[[127.0469,37.73077],[127.04657,37.73345]],[[127.04664,37.73328],[127.04672,37.73291]],[[127.04666,37.7358],[127.04668,37.73559]],[[127.0467,37.73329],[127.04672,37.73291]],[[127.04672,37.73291],[127.04674,37.73254]],[[127.04672,37.73291],[127.04679,37.73255]],[[127.04677,37.5808],[127.04768,37.58131],[127.04839,37.58188]],[[127.04728,37.57853],[127.04678,37.57781]],[[127.04688,37.57798],[127.04738,37.57855],[127.04865,37.5793],[127.04936,37.58024],[127.04957,37.58087]],[[127.04693,37.57825],[127.04796,37.57937],[127.04938,37.58126],[127.04947,37.58147]],[[127.04694,37.5794],[127.04747,37.58004]],[[127.04694,37.5794],[127.04733,37.58009]],[[127.04702,37.57926],[127.04764,37.57997]],[[127.04702,37.57926],[127.04753,37.58003]],[[127.04724,37.65481],[127.04707,37.65506]],[[127.0472,37.57852],[127.04845,37.57975],[127.04937,37.58099],[127.04972,37.58164]],[[127.04724,37.65481],[127.04832,37.65245],[127.04918,37.6502]],[[127.04926,37.6498],[127.04903,37.65082],[127.04795,37.65338],[127.04724,37.65481]],[[127.04733,37.58009],[127.04854,37.58168],[127.04897,37.58214],[127.04957,37.58263]],[[127.04749,37.57879],[127.04833,37.5795],[127.04948,37.58105],[127.04969,37.58148]],[[127.0485,37.51852],[127.0477,37.51842]],[[127.0477,37.57875],[127.04867,37.57925],[127.04933,37.58005],[127.04947,37.58038],[127.04958,37.58094],[127.04921,37.58042],[127.04965,37.58122],[127.04978,37.58189],[127.05009,37.58261]],[[127.04775,37.579],[127.04822,37.5793],[127.04837,37.57946],[127.04954,37.58105],[127.04967,37.58132]],[[127.0537,37.55696],[127.0538,37.55806],[127.05369,37.55864],[127.05356,37.55896],[127.0533,37.55943],[127.0517,37.56161],[127.04776,37.56877]],[[127.04779,37.57884],[127.04822,37.57912],[127.04958,37.58094]],[[127.05243,37.5607],[127.05162,37.56184],[127.0478,37.5688]],[[127.04787,37.51835],[127.0485,37.51852]],[[127.04824,36.77581],[127.04904,36.77609]],[[127.04832,37.50594],[127.04846,37.50578]],[[127.0507,37.56328],[127.04834,37.56755]],[[127.04838,37.50594],[127.04841,37.50577]],[[127.05093,37.56267],[127.0484,37.56717]],[[127.05079,37.56304],[127.04842,37.56733]],[[127.05081,37.56291],[127.04843,37.56719]],[[127.05114,37.56213],[127.0485,37.5669]],[[127.0485,37.51852],[127.05409,37.51952]],[[127.05101,37.56237],[127.05072,37.56279],[127.04857,37.56667]],[[127.05138,37.56142],[127.05087,37.56248],[127.04857,37.56658]],[[127.04871,37.57914],[127.04953,37.58028],[127.04965,37.58122]],[[127.04879,37.57911],[127.04952,37.58011],[127.04964,37.58052],[127.04964,37.58101]],[[127.04996,37.58314],[127.04879,37.58221]],[[127.0491,37.50439],[127.04915,37.50417]],[[127.04996,37.58314],[127.0493,37.58248]],[[127.04934,36.77625],[127.05087,36.77697],[127.0541,36.77828],[127.05748,36.77953]],[[127.04985,36.77639],[127.04936,36.77622]],[[127.04957,37.19564],[127.04876,37.19592],[127.04584,37.19744],[127.0451,37.19803],[127.04596,37.19748],[127.04909,37.19584],[127.04957,37.19564],[127.05066,37.19533]],[[127.04958,37.19636],[127.04999,37.19609]],[[127.04987,37.64818],[127.04965,37.64874]],[[127.04982,37.79479],[127.04971,37.79536]],[[127.04974,37.19631],[127.05033,37.19579]],[[127.04978,37.58278],[127.05015,37.58316]],[[127.04978,37.5795],[127.04983,37.5817],[127.04996,37.58232]],[[127.04984,37.5795],[127.04988,37.58108],[127.04982,37.58138]],[[127.05042,36.77655],[127.04985,36.77639]],[[127.04985,36.77639],[127.0541,36.77802],[127.05698,36.77926]],[[127.04991,37.57951],[127.04992,37.58149]],[[127.05009,37.58261],[127.04993,37.58203],[127.04992,37.58149]],[[127.04992,37.58149],[127.05003,37.58082],[127.05002,37.57979]],[[127.05027,37.58347],[127.04996,37.58314]],[[127.05007,37.69686],[127.05051,37.69718],[127.05087,37.69755],[127.05226,37.69983],[127.05281,37.70109],[127.05328,37.70297]],[[127.05009,37.58261],[127.05023,37.5829]],[[127.05014,37.58322],[127.04972,37.58278],[127.05027,37.58347]],[[127.05023,37.5829],[127.05031,37.58308]],[[127.05048,37.58351],[127.05023,37.58319]],[[127.05108,37.58442],[127.05027,37.58347]],[[127.05031,37.58308],[127.05181,37.58511]],[[127.05031,37.58308],[127.05072,37.58382]],[[127.05068,37.58383],[127.05032,37.58345]],[[127.05099,37.7897],[127.0508,37.79068],[127.0504,37.79207]],[[127.05114,37.56213],[127.05041,37.56408]],[[127.05138,36.77684],[127.05042,36.77655]],[[127.05652,36.77899],[127.05562,36.77858],[127.05042,36.77655]],[[127.05173,37.69871],[127.0529,37.70059],[127.05537,37.703],[127.05565,37.70338],[127.05605,37.70405],[127.05615,37.70433],[127.05608,37.70481],[127.05575,37.70524],[127.05528,37.70546],[127.05477,37.70555],[127.05417,37.70543],[127.05369,37.70511],[127.05274,37.70339],[127.05064,37.69892]],[[127.05316,37.70408],[127.05072,37.6989]],[[127.05074,37.78674],[127.05099,37.78842]],[[127.05076,37.69693],[127.05155,37.69806],[127.05254,37.69915],[127.05451,37.70157]],[[127.05247,37.56056],[127.05134,37.56195],[127.05077,37.56332]],[[127.0508,37.1953],[127.05153,37.19498]],[[127.0508,37.584],[127.05121,37.58445]],[[127.05085,37.58398],[127.05117,37.58447]],[[127.05094,37.7876],[127.0509,37.78701]],[[127.05104,37.69766],[127.05124,37.69814]],[[127.05311,37.55671],[127.05312,37.55742],[127.053,37.55792],[127.05219,37.55946],[127.05114,37.56213]],[[127.05114,37.56213],[127.05207,37.56069],[127.05311,37.55857],[127.0533,37.5579]],[[127.05122,37.58461],[127.05162,37.58505]],[[127.05126,37.69805],[127.05543,37.70506]],[[127.05131,37.58457],[127.05181,37.58511]],[[127.05157,37.69858],[127.05133,37.69803]],[[127.05134,37.56195],[127.05203,37.56066],[127.05328,37.55797],[127.05336,37.55745],[127.05324,37.5553]],[[127.05138,36.77684],[127.05513,36.7783],[127.05568,36.77856]],[[127.05568,36.77856],[127.05138,36.77684]],[[127.05141,37.56136],[127.05312,37.55792],[127.05321,37.55749],[127.0532,37.55649],[127.05327,37.55576]],[[127.05339,37.55801],[127.05329,37.55847],[127.05219,37.56075],[127.05146,37.56176]],[[127.05147,37.54919],[127.05169,37.54961]],[[127.05151,37.56119],[127.0518,37.56078],[127.05317,37.55796],[127.05324,37.55761],[127.05322,37.5572]],[[127.05164,37.69881],[127.05236,37.70046]],[[127.05165,36.16328],[127.0523,36.16337]],[[127.05176,37.5611],[127.05315,37.5582],[127.05325,37.55791],[127.05334,37.55721]],[[127.05179,37.54987],[127.05195,37.55038]],[[127.0518,37.56111],[127.05214,37.56067],[127.05316,37.55859],[127.0533,37.5582],[127.05334,37.55769]],[[127.05181,37.58511],[127.05271,37.58618],[127.05362,37.58703]],[[127.05468,37.51331],[127.0534,37.51316],[127.05181,37.51265]],[[127.05612,37.19349],[127.05182,37.19567]],[[127.05323,37.70414],[127.05288,37.70302],[127.0527,37.70147],[127.05246,37.70057],[127.05212,37.69973],[127.05183,37.69921]],[[127.05183,37.51261],[127.05345,37.51303],[127.05469,37.51326]],[[127.05298,37.70379],[127.05187,37.70152]],[[127.05194,37.19578],[127.0529,37.19529],[127.05451,37.19435],[127.0566,37.19329]],[[127.05195,37.19465],[127.05301,37.19373],[127.05561,37.19235]],[[127.05196,37.7015],[127.0531,37.70384],[127.05334,37.70445]],[[127.05197,37.69912],[127.05219,37.69941]],[[127.05214,37.55945],[127.05197,37.56001]],[[127.05336,37.55745],[127.05339,37.55824],[127.05329,37.55863],[127.05232,37.56062],[127.05211,37.56086]],[[127.05213,37.69961],[127.05245,37.70005]],[[127.05295,37.56025],[127.05217,37.56115]],[[127.05217,37.69959],[127.05239,37.70007]],[[127.05223,37.19446],[127.05254,37.19424],[127.05568,37.19254]],[[127.05225,37.19467],[127.05392,37.19393],[127.05591,37.1928]],[[127.05242,37.55879],[127.05227,37.55916]],[[127.0523,37.69967],[127.05256,37.70002]],[[127.05243,37.5607],[127.055,37.55728]],[[127.05531,37.56027],[127.05513,37.56],[127.05473,37.55971],[127.05436,37.55958],[127.05384,37.55957],[127.05354,37.55964],[127.05308,37.55991],[127.05243,37.5607]],[[127.05249,37.05362],[127.05252,37.05556],[127.05285,37.05833],[127.0532,37.05991]],[[127.0525,37.05406],[127.05242,37.05508],[127.05269,37.05745],[127.05282,37.05803]],[[127.05274,37.70172],[127.05266,37.70091],[127.05251,37.70036]],[[127.05254,37.55878],[127.05304,37.55809]],[[127.05254,37.7002],[127.05295,37.70075]],[[127.05293,37.56001],[127.05256,37.56042]],[[127.05261,37.56045],[127.05288,37.55999]],[[127.05261,37.19449],[127.05391,37.19387],[127.05589,37.19276]],[[127.05263,37.70065],[127.05323,37.70297]],[[127.05264,37.05361],[127.05298,37.05518],[127.0533,37.0579],[127.05336,37.06005]],[[127.05265,37.19422],[127.05572,37.19258]],[[127.05266,37.70028],[127.05373,37.70206],[127.05489,37.70354],[127.05572,37.70493]],[[127.05267,37.72619],[127.05276,37.72639]],[[127.05267,36.1634],[127.05348,36.1635]],[[127.05269,37.70114],[127.05314,37.70301]],[[127.05292,37.56011],[127.0527,37.56053]],[[127.05273,37.7264],[127.05271,37.72619]],[[127.05272,37.05405],[127.05299,37.05491],[127.0533,37.0579]],[[127.05273,37.70095],[127.0528,37.70145],[127.05318,37.70299]],[[127.05274,37.70054],[127.05295,37.70105],[127.05346,37.70307],[127.05459,37.70506]],[[127.05274,37.19448],[127.05395,37.19397],[127.05592,37.19283]],[[127.05276,37.70198],[127.0529,37.70259],[127.05327,37.70351],[127.05428,37.70522]],[[127.05279,37.70229],[127.05305,37.70331],[127.0542,37.70526]],[[127.05281,37.19387],[127.05327,37.19349],[127.05556,37.19228]],[[127.05287,37.19435],[127.05378,37.19375],[127.05578,37.19266]],[[127.05288,37.70084],[127.05376,37.70295],[127.05493,37.70493]],[[127.0529,37.70259],[127.05319,37.70348],[127.05424,37.70524]],[[127.05307,37.7275],[127.05293,37.727]],[[127.05296,37.70304],[127.05314,37.70365],[127.05411,37.70529]],[[127.05297,37.72699],[127.0531,37.72749]],[[127.0534,37.55692],[127.05345,37.55869],[127.05333,37.55921],[127.05298,37.55985]],[[127.05301,37.70086],[127.0539,37.70199],[127.05531,37.70335]],[[127.05302,37.19442],[127.05399,37.19403],[127.05599,37.19292]],[[127.05304,37.70141],[127.05374,37.7031],[127.05484,37.70495]],[[127.05305,37.70331],[127.05326,37.70378],[127.05415,37.70528]],[[127.05451,37.70157],[127.05308,37.70018]],[[127.05317,37.05645],[127.05309,37.05539]],[[127.05311,37.55976],[127.05395,37.55892],[127.05509,37.55732]],[[127.05491,37.55725],[127.05312,37.55968]],[[127.05313,37.55654],[127.05315,37.55599]],[[127.05313,37.70144],[127.05515,37.70485]],[[127.05315,37.70183],[127.05366,37.70311],[127.05478,37.70498]],[[127.05322,37.06009],[127.05336,37.06091]],[[127.05322,37.19416],[127.05586,37.19273]],[[127.05323,37.70216],[127.0534,37.70331],[127.05442,37.70511]],[[127.05324,37.55468],[127.05326,37.55509]],[[127.0533,37.70247],[127.05355,37.7031],[127.05469,37.70501]],[[127.05331,37.70136],[127.05404,37.70221],[127.05556,37.70367]],[[127.05331,37.70186],[127.05508,37.70487]],[[127.05337,37.55599],[127.05334,37.55453]],[[127.05335,37.70317],[127.05453,37.70508]],[[127.0534,37.55692],[127.05337,37.55414]],[[127.05339,37.06024],[127.0534,37.0609]],[[127.05339,37.55777],[127.05343,37.55818]],[[127.0534,37.55692],[127.05346,37.55421]],[[127.05341,37.55939],[127.05496,37.55726]],[[127.05396,37.93226],[127.05367,37.93293],[127.05354,37.93348],[127.05341,37.93438],[127.05342,37.9351]],[[127.05342,37.5573],[127.05351,37.5542]],[[127.05344,37.06172],[127.05342,37.0611]],[[127.05343,37.55756],[127.05357,37.55594],[127.05361,37.55419]],[[127.05366,37.55419],[127.0536,37.55657],[127.05345,37.5574]],[[127.05346,37.55655],[127.05353,37.55593],[127.05356,37.5542]],[[127.05346,37.9352],[127.05354,37.9338],[127.05382,37.93264]],[[127.05349,37.55938],[127.05403,37.55887],[127.05524,37.55716],[127.05533,37.55665],[127.05534,37.55566]],[[127.05362,37.06233],[127.05349,37.06171]],[[127.05351,37.70168],[127.05481,37.70333],[127.05575,37.70487]],[[127.05431,37.55534],[127.05421,37.55774],[127.05402,37.55823],[127.05351,37.55918]],[[127.05374,37.93293],[127.05351,37.93428],[127.05352,37.93519]],[[127.05357,37.70249],[127.05499,37.70491]],[[127.0536,37.55888],[127.05394,37.55824],[127.054,37.5579],[127.05406,37.55425]],[[127.05548,37.70371],[127.05424,37.70252],[127.05369,37.70185]],[[127.0537,37.55918],[127.05504,37.5573]],[[127.0537,37.55419],[127.05365,37.55647],[127.0537,37.55696]],[[127.0537,37.55696],[127.05375,37.55419]],[[127.0537,37.55861],[127.05378,37.55839]],[[127.05479,37.55721],[127.0537,37.55882]],[[127.0538,37.55418],[127.05373,37.5573]],[[127.05374,37.55863],[127.05394,37.55794],[127.05402,37.55418]],[[127.05374,37.9346],[127.05392,37.93273],[127.05421,37.93126],[127.05407,37.9317]],[[127.05378,37.55839],[127.05385,37.558],[127.05392,37.55419]],[[127.05378,37.55839],[127.0539,37.55786],[127.05397,37.55418]],[[127.0538,37.55775],[127.05387,37.55419]],[[127.05552,37.70369],[127.0539,37.70211]],[[127.05393,37.55838],[127.05418,37.55746],[127.05424,37.55534]],[[127.05394,37.55848],[127.05419,37.55799],[127.05429,37.55762],[127.05438,37.55534]],[[127.05407,37.70241],[127.05503,37.70339],[127.05587,37.70482]],[[127.05408,37.7025],[127.05557,37.70498]],[[127.05409,37.51952],[127.05461,37.51957]],[[127.05457,37.51963],[127.05409,37.51952]],[[127.05412,37.07672],[127.05412,37.07749]],[[127.05445,37.55534],[127.05438,37.55752],[127.05415,37.55818]],[[127.0542,37.93104],[127.05425,37.93047],[127.05423,37.9297]],[[127.05421,37.92942],[127.05461,37.92692],[127.0549,37.92592]],[[127.05538,37.92426],[127.05519,37.92471],[127.05492,37.92587],[127.05454,37.92672],[127.05415,37.92904],[127.05423,37.9297]],[[127.05423,37.9297],[127.0542,37.92903],[127.05439,37.92777],[127.05468,37.92641]],[[127.05492,37.92587],[127.05468,37.92675],[127.05433,37.92865],[127.05425,37.93047]],[[127.05426,37.55801],[127.0545,37.55744],[127.05456,37.55533]],[[127.05538,37.92426],[127.05513,37.92516],[127.05452,37.92849],[127.05428,37.93055]],[[127.05487,37.92618],[127.05437,37.92918],[127.0543,37.92988]],[[127.05433,37.70281],[127.05562,37.70496]],[[127.05437,37.93041],[127.05466,37.92939],[127.05537,37.92545],[127.05552,37.92403]],[[127.05579,37.70486],[127.05489,37.70336],[127.05447,37.70291]],[[127.0549,37.58802],[127.05449,37.58782]],[[127.05537,37.92545],[127.05471,37.92938],[127.05449,37.93002]],[[127.05451,37.70157],[127.05523,37.70259],[127.05608,37.70402],[127.05628,37.70451],[127.05638,37.70498]],[[127.05454,37.70307],[127.05567,37.70495]],[[127.05583,37.70484],[127.05495,37.70336],[127.05455,37.70289]],[[127.05618,37.56221],[127.0546,37.55867],[127.05458,37.55835],[127.05473,37.5579]],[[127.05509,37.24553],[127.05473,37.24558]],[[127.05482,37.55916],[127.05518,37.55979],[127.05622,37.5622]],[[127.05491,37.92812],[127.05514,37.92723],[127.05536,37.92594]],[[127.05502,37.5595],[127.05564,37.56042]],[[127.05503,37.70339],[127.05534,37.70369],[127.05601,37.70481]],[[127.0614,37.54305],[127.05509,37.54497]],[[127.05597,37.70486],[127.05516,37.70352]],[[127.05528,37.92527],[127.05533,37.92471]],[[127.05542,37.68011],[127.05532,37.67952]],[[127.05537,37.67582],[127.05547,37.67771],[127.05542,37.67973]],[[127.05546,37.92402],[127.05538,37.92426]],[[127.05548,37.67888],[127.0555,37.67979]],[[127.05557,37.56089],[127.05582,37.56132]],[[127.05568,37.92322],[127.05558,37.92343]],[[127.05558,37.88972],[127.05558,37.89119],[127.05575,37.89346],[127.05596,37.89457]],[[127.0556,37.7032],[127.05582,37.70368]],[[127.05562,37.24561],[127.05632,37.24574],[127.05859,37.24581],[127.05938,37.24573]],[[127.05563,37.24554],[127.05632,37.24544],[127.0586,37.24549],[127.05937,37.24564]],[[127.056,37.89458],[127.05603,37.89343],[127.05594,37.89219],[127.05563,37.88971]],[[127.05577,37.56133],[127.05564,37.56087]],[[127.05652,36.77899],[127.05568,36.77856]],[[127.05576,37.70366],[127.05605,37.70405]],[[127.0558,37.92233],[127.0558,37.92259]],[[127.05604,37.89505],[127.05602,37.89532]],[[127.05626,37.89848],[127.05633,37.89879]],[[127.0563,37.89921],[127.05628,37.90043],[127.05646,37.90292],[127.05667,37.90406]],[[127.05672,37.90406],[127.05676,37.9031],[127.05662,37.90087],[127.05635,37.8992]],[[127.05698,36.77926],[127.05652,36.77899]],[[127.05677,37.90457],[127.05674,37.9048]],[[127.05698,36.77926],[127.05749,36.77949]],[[127.05711,37.54418],[127.06135,37.54293]],[[127.05796,37.54404],[127.05735,37.54418]],[[127.05738,37.54421],[127.05794,37.544]],[[127.05882,37.54373],[127.0582,37.54389]],[[127.05821,37.54392],[127.0588,37.54371]],[[127.05823,37.54396],[127.05885,37.54381]],[[127.05825,37.54399],[127.05883,37.54377]],[[127.05927,37.94448],[127.05843,37.94364]],[[127.06135,37.50828],[127.0596,37.50777]],[[127.05967,37.62838],[127.06004,37.6277]],[[127.06071,37.62593],[127.05983,37.62794]],[[127.05991,37.24566],[127.06036,37.24575]],[[127.06009,37.62759],[127.06032,37.62721]],[[127.06032,37.62721],[127.06112,37.62548]],[[127.06032,37.62721],[127.06092,37.62604],[127.06331,37.62065]],[[127.06076,37.62594],[127.0604,37.62659]],[[127.06045,37.62661],[127.06108,37.6252]],[[127.06058,37.62677],[127.06037,37.62734],[127.06032,37.62777],[127.06039,37.62839],[127.06053,37.62878],[127.06079,37.62925],[127.06106,37.62954],[127.06205,37.63021]],[[127.06064,37.62667],[127.06097,37.6261]],[[127.06384,37.61938],[127.063,37.62209],[127.0619,37.62454],[127.06119,37.62564],[127.06066,37.62671]],[[127.06108,37.6252],[127.06072,37.62625]],[[127.06108,37.62556],[127.06092,37.62604]],[[127.06101,37.62613],[127.06141,37.62555],[127.06248,37.62439],[127.06279,37.62391],[127.0635,37.62231],[127.06373,37.62102]],[[127.06104,37.94952],[127.06118,37.95053]],[[127.06104,37.62596],[127.06129,37.62558],[127.06195,37.62489],[127.06241,37.62414],[127.06342,37.62185],[127.06365,37.62121]],[[127.06243,37.62212],[127.06108,37.6252]],[[127.06112,37.62548],[127.06127,37.62502]],[[127.06112,37.62548],[127.06345,37.62027]],[[127.06115,37.62553],[127.06164,37.62485],[127.06256,37.62291],[127.063,37.62187],[127.06338,37.62063],[127.06369,37.61991]],[[127.06171,37.84027],[127.06157,37.84099],[127.06118,37.84407]],[[127.06118,37.84626],[127.06118,37.84668]],[[127.0612,37.84443],[127.06122,37.84545]],[[127.06181,37.84002],[127.0615,37.84103],[127.06118,37.84382],[127.0612,37.84443]],[[127.0612,37.84443],[127.06163,37.84072]],[[127.06122,37.84545],[127.06124,37.84576]],[[127.06181,37.84002],[127.06169,37.84066],[127.06125,37.84446],[127.06122,37.84545]],[[127.06128,37.84578],[127.06155,37.84467],[127.0618,37.84258],[127.062,37.84062],[127.06203,37.83926]],[[127.06135,37.50828],[127.06187,37.50838]],[[127.06174,37.50849],[127.06135,37.50828]],[[127.06218,37.62352],[127.0614,37.62517]],[[127.06366,37.62055],[127.06312,37.62216],[127.06215,37.62435],[127.06186,37.62483],[127.06141,37.62529]],[[127.06147,37.84505],[127.0616,37.84468],[127.06168,37.84405],[127.06187,37.8424],[127.06187,37.84182]],[[127.06161,37.62501],[127.06195,37.62458],[127.06286,37.62257],[127.06318,37.62177],[127.06383,37.61969]],[[127.06163,37.65596],[127.06221,37.65606]],[[127.0622,37.65609],[127.06163,37.65593]],[[127.06192,37.62498],[127.06168,37.62518]],[[127.06172,37.62498],[127.06205,37.62448],[127.06311,37.62208],[127.06365,37.62023]],[[127.06194,37.83941],[127.06181,37.84002]],[[127.06211,37.83757],[127.06187,37.83969]],[[127.0619,37.62494],[127.06321,37.62215],[127.06359,37.62103],[127.06366,37.62055]],[[127.06211,37.83851],[127.06199,37.83894]],[[127.06223,37.62471],[127.06283,37.62405],[127.0636,37.62234],[127.06372,37.62165],[127.06373,37.6207]],[[127.06359,37.62103],[127.06337,37.62187],[127.06224,37.62442]],[[127.06241,37.62414],[127.06354,37.62167],[127.06365,37.62121]],[[127.06243,37.62212],[127.06298,37.62091]],[[127.06243,37.62212],[127.063,37.62111]],[[127.06372,37.62138],[127.06355,37.62232],[127.06281,37.62396],[127.06248,37.62439]],[[127.06502,35.90525],[127.06313,35.90789]],[[127.06334,37.62024],[127.06365,37.61962]]]}},{"type":"Feature","properties":{"g":"kr"},"geometry":{"type":"MultiLineString","coordinates":[[[127.06358,37.61996],[127.06385,37.61915]],[[127.06376,37.62007],[127.06365,37.62121]],[[127.06366,37.62055],[127.06376,37.62007]],[[127.06404,35.90639],[127.0637,35.90691]],[[127.06383,37.61969],[127.06376,37.62007]],[[127.06391,37.61946],[127.06383,37.61969]],[[127.06404,37.61896],[127.06391,37.61946]],[[127.06391,37.61946],[127.06467,37.61784]],[[127.06401,37.61884],[127.06439,37.61819]],[[127.06433,37.61817],[127.06408,37.61886]],[[127.06786,35.90119],[127.06615,35.90328],[127.06508,35.90475],[127.06414,35.90625]],[[127.06418,35.90627],[127.06641,35.90344],[127.0679,35.90121]],[[127.06462,37.61744],[127.06444,37.61794]],[[127.06481,37.61744],[127.06449,37.61798]],[[127.06793,37.60452],[127.0678,37.60971],[127.06769,37.61075],[127.06734,37.61177],[127.06455,37.61801]],[[127.0658,37.61514],[127.06558,37.61574]],[[127.06567,37.13736],[127.06583,37.13821]],[[127.06575,37.13853],[127.06589,37.13964],[127.06592,37.14111],[127.06606,37.14271],[127.06633,37.14492],[127.06647,37.14551]],[[127.06585,37.13801],[127.06588,37.13861]],[[127.0659,37.13878],[127.06594,37.13954]],[[127.06596,37.1388],[127.06609,37.13953]],[[127.06699,37.14806],[127.06676,37.14703],[127.06641,37.14475],[127.06607,37.14196],[127.06596,37.13965]],[[127.06607,37.14052],[127.06602,37.13969]],[[127.06606,37.13969],[127.06622,37.14053]],[[127.06647,37.14551],[127.0661,37.14269],[127.06607,37.14196]],[[127.06613,37.13984],[127.06671,37.1432],[127.06709,37.14657],[127.06713,37.14804]],[[127.06642,37.61354],[127.0668,37.61255]],[[127.06643,37.14147],[127.06668,37.14267],[127.06703,37.14532]],[[127.06676,37.14703],[127.06664,37.14661],[127.06647,37.14551]],[[127.0689,37.60629],[127.06889,37.60828],[127.06874,37.61034],[127.06844,37.61093],[127.06731,37.61233],[127.06653,37.61358]],[[127.06668,37.61324],[127.0669,37.61284],[127.06731,37.61233]],[[127.0667,37.14284],[127.06709,37.14529]],[[127.06801,37.60332],[127.06789,37.60864],[127.06778,37.61072],[127.06752,37.61166],[127.06682,37.61297]],[[127.06719,37.61232],[127.0669,37.61298]],[[127.06748,37.61174],[127.06713,37.61233]],[[127.06723,37.61224],[127.06771,37.61141],[127.06791,37.61032],[127.06803,37.60829],[127.06804,37.60499]],[[127.0674,37.61198],[127.06781,37.61145],[127.06843,37.61032],[127.06857,37.60864]],[[127.06867,37.60899],[127.06856,37.61034],[127.06783,37.61167],[127.06756,37.61205]],[[127.0685,37.60787],[127.06836,37.61018],[127.06825,37.61052],[127.06758,37.6117]],[[127.06761,37.61171],[127.06821,37.6107],[127.0684,37.61021],[127.06852,37.6087],[127.06849,37.60825]],[[127.06834,37.60816],[127.06821,37.60997],[127.06771,37.61141]],[[127.06862,37.60865],[127.06871,37.60948],[127.06865,37.61023],[127.06848,37.61063],[127.06779,37.61179]],[[127.0678,37.6111],[127.06814,37.60974],[127.06824,37.60781],[127.0682,37.60597]],[[127.0678,37.61131],[127.06827,37.60992],[127.06839,37.60784]],[[127.0685,37.60624],[127.0685,37.60787],[127.06861,37.60916],[127.06855,37.6101],[127.06843,37.6105],[127.06781,37.61145]],[[127.06783,37.61111],[127.06817,37.60988],[127.06828,37.60848]],[[127.06812,37.60849],[127.06808,37.60946],[127.06788,37.61079]],[[127.06796,37.61152],[127.06855,37.61067],[127.06871,37.61023],[127.06875,37.60936],[127.06853,37.60824]],[[127.06797,37.61093],[127.06829,37.61013],[127.06843,37.60832],[127.06841,37.60604],[127.06814,37.60487],[127.06821,37.60277]],[[127.06798,37.61155],[127.06887,37.61067],[127.06915,37.61022],[127.06931,37.60705]],[[127.06844,35.90049],[127.06802,35.90097]],[[127.06823,37.60833],[127.06805,37.60695]],[[127.06819,37.60895],[127.06843,37.60754]],[[127.0682,37.60866],[127.0683,37.60798],[127.06831,37.60625],[127.06827,37.60596]],[[127.06832,37.60567],[127.06822,37.60486],[127.06828,37.60276]],[[127.0684,37.60597],[127.06829,37.60512],[127.06835,37.60276]],[[127.06843,37.60584],[127.06836,37.6051],[127.06842,37.60277]],[[127.0685,37.60276],[127.06843,37.60624]],[[127.06867,37.6028],[127.06864,37.60499],[127.0685,37.60589]],[[127.0685,37.60624],[127.06858,37.60279]],[[127.06875,37.60281],[127.06869,37.60516],[127.0685,37.60624]],[[127.06902,37.60296],[127.06895,37.60476],[127.06853,37.60605]],[[127.06882,37.60948],[127.06879,37.60907],[127.06857,37.60802],[127.06856,37.60624]],[[127.06857,37.61093],[127.06892,37.61053],[127.06908,37.61016],[127.06921,37.60704]],[[127.0691,37.60294],[127.06904,37.60482],[127.06861,37.60578]],[[127.0687,37.60865],[127.06862,37.60804],[127.06863,37.60624]],[[127.06879,37.60907],[127.0687,37.60813],[127.06871,37.60623]],[[127.06875,37.60861],[127.06877,37.60623]],[[127.06875,37.60936],[127.0688,37.60991]],[[127.06884,37.60905],[127.06883,37.60629]],[[127.06943,37.02245],[127.06938,37.02343]],[[127.0695,37.01998],[127.06996,37.01524],[127.07024,37.0142]],[[127.07037,37.01333],[127.07013,37.01495],[127.06959,37.02015],[127.06951,37.02162]],[[127.06956,37.02163],[127.06979,37.02017],[127.07028,37.0154],[127.07042,37.01333]],[[127.07013,38.02757],[127.06957,38.02854]],[[127.06991,37.01562],[127.0697,37.01676]],[[127.07286,38.0226],[127.07178,38.02428],[127.07093,38.02586],[127.07032,38.02723]],[[127.07057,37.01187],[127.07042,37.01279]],[[127.07042,37.0178],[127.07054,37.01654]],[[127.07043,38.02715],[127.07123,38.02597],[127.07159,38.02532],[127.07246,38.02369],[127.07299,38.02245]],[[127.07049,37.53969],[127.07059,37.53984]],[[127.07256,38.02302],[127.07217,38.0235],[127.0707,38.02618],[127.07052,38.0268]],[[127.07057,37.53985],[127.07052,37.53969]],[[127.07077,38.02653],[127.07056,38.02682]],[[127.07116,37.99245],[127.07228,37.99325],[127.07146,37.99274]],[[127.07163,37.51075],[127.07192,37.51074]],[[127.07164,37.5107],[127.0719,37.51079]],[[127.07175,37.54229],[127.07193,37.54249]],[[127.07178,37.54217],[127.07253,37.54379]],[[127.07359,38.0797],[127.07294,38.08278],[127.07219,38.0851]],[[127.07234,38.08464],[127.07223,38.08523]],[[127.07265,38.02328],[127.07291,38.02276]],[[127.07305,38.02221],[127.07316,38.02186],[127.07416,38.01995],[127.07459,38.01879]],[[127.07308,38.0972],[127.07324,38.09902],[127.07371,38.10187]],[[127.0731,38.09795],[127.07309,38.0988],[127.07315,38.09939],[127.07361,38.10165],[127.07402,38.10273]],[[127.07311,38.09817],[127.07323,38.09945],[127.07365,38.10164],[127.07385,38.10233]],[[127.07313,38.09769],[127.07305,38.09903],[127.07354,38.10159],[127.0737,38.102]],[[127.07317,38.09774],[127.07329,38.09913],[127.07347,38.10014],[127.07381,38.10194],[127.07421,38.10335]],[[127.07335,38.09843],[127.07386,38.10046],[127.07399,38.10118],[127.07409,38.10247]],[[127.0741,38.10304],[127.07477,38.10682]],[[127.07421,37.59454],[127.07712,37.59522],[127.07884,37.59553]],[[127.07885,37.59549],[127.07535,37.5947],[127.07422,37.5945]],[[127.07425,38.10343],[127.07483,38.10613]],[[127.07434,38.10381],[127.07466,38.10486],[127.07488,38.10613]],[[127.0779,34.82625],[127.0757,34.82791],[127.07503,34.82865],[127.07461,34.82944]],[[127.07479,37.51208],[127.07526,37.51189]],[[127.07523,37.51185],[127.07482,37.51212]],[[127.07507,37.61939],[127.07487,37.62]],[[127.07494,37.61979],[127.0749,37.61997]],[[127.07508,37.61926],[127.07507,37.61939]],[[127.07513,37.61928],[127.07507,37.61939]],[[127.07754,34.82652],[127.07654,34.82713],[127.07593,34.8276],[127.07534,34.82827]],[[127.07552,37.99832],[127.07556,37.99928]],[[127.07555,37.618],[127.07558,37.61776]],[[127.07649,37.6179],[127.07611,37.61772],[127.07588,37.61752],[127.07619,37.61598]],[[127.07708,37.61816],[127.07685,37.61802]],[[127.07791,37.66894],[127.07829,37.66933]],[[127.07825,37.66935],[127.07795,37.66892]],[[127.07952,36.99667],[127.08316,36.9929],[127.08437,36.99146],[127.08798,36.9877],[127.08951,36.98634]],[[127.08443,34.7671],[127.08344,34.7671],[127.08095,34.76671],[127.08006,34.7665]],[[127.08043,37.67161],[127.08006,37.67131]],[[127.08039,37.67164],[127.0801,37.67129]],[[127.08881,35.87485],[127.08822,35.87514],[127.08033,35.87794]],[[127.08036,35.87793],[127.08161,35.87754],[127.08805,35.8752]],[[127.08041,34.76659],[127.08405,34.76711]],[[127.08144,34.75852],[127.08066,34.75831]],[[127.0807,37.59602],[127.08336,37.59655],[127.08268,37.59636]],[[127.08071,34.76653],[127.08179,34.76659],[127.08472,34.76707]],[[127.08742,35.87547],[127.0871,35.87563],[127.08126,35.8777]],[[127.08141,37.67588],[127.08128,37.67613]],[[127.08131,37.67586],[127.08136,37.67613]],[[127.08132,37.59602],[127.08244,37.59631]],[[127.08141,37.67545],[127.08125,37.67628],[127.08125,37.67678],[127.08146,37.67748],[127.08182,37.67804],[127.08243,37.67858],[127.08276,37.67878],[127.08391,37.6791],[127.08488,37.67917]],[[127.08152,37.67547],[127.08134,37.67623],[127.08136,37.67684],[127.08156,37.67746],[127.0819,37.678],[127.08248,37.67847],[127.08314,37.67882],[127.084,37.67904],[127.08489,37.67909]],[[127.08155,37.59602],[127.08223,37.59619]],[[127.08163,34.75861],[127.08218,34.75878],[127.08684,34.75967],[127.08843,34.75994],[127.08967,34.76003]],[[127.08612,35.87598],[127.08572,35.87618],[127.08168,35.8776]],[[127.08179,36.99441],[127.08226,36.99383]],[[127.0818,35.87739],[127.08859,35.87494],[127.08626,35.8757],[127.08277,35.87697],[127.08187,35.87737]],[[127.08625,34.7594],[127.08257,34.75868],[127.082,34.75862]],[[127.0848,35.87656],[127.08281,35.87727],[127.08203,35.87748]],[[127.08218,34.75878],[127.08518,34.7594],[127.08843,34.75998],[127.09062,34.76018],[127.09239,34.76049]],[[127.09354,36.98241],[127.09011,36.98601],[127.0891,36.98726],[127.0848,36.99178],[127.08337,36.99305],[127.08232,36.99414]],[[127.08389,37.59662],[127.08243,37.59623]],[[127.09024,36.9855],[127.08934,36.98644],[127.08758,36.98804],[127.08378,36.99202],[127.08258,36.99351]],[[127.08294,36.99307],[127.08331,36.99247],[127.0839,36.99181],[127.08707,36.9885],[127.08812,36.98752]],[[127.09011,36.98601],[127.08901,36.98716],[127.08817,36.98819],[127.08621,36.99025],[127.0846,36.99189],[127.0832,36.99314]],[[127.08421,35.87716],[127.08344,35.87751]],[[127.08402,34.76694],[127.08435,34.76698]],[[127.0844,37.59673],[127.08493,37.59688]],[[127.0846,36.99189],[127.085,36.99157]],[[127.09387,35.87309],[127.08633,35.87607],[127.08558,35.87642],[127.08468,35.87695]],[[127.08495,35.8769],[127.08571,35.87666],[127.09121,35.87446],[127.09282,35.87364]],[[127.08509,35.87672],[127.08604,35.87628],[127.09263,35.87369]],[[127.08536,37.50503],[127.09079,37.50349]],[[127.08538,37.50507],[127.08812,37.50434],[127.0908,37.50353]],[[127.09221,35.87385],[127.0913,35.87414],[127.08547,35.87649]],[[127.09214,35.87402],[127.09159,35.87433],[127.08692,35.87624],[127.08553,35.87672]],[[127.0907,36.98568],[127.08586,36.99072]],[[127.08619,37.59385],[127.08625,37.59344]],[[127.08623,36.98931],[127.08737,36.9881],[127.08812,36.98744]],[[127.08713,37.59757],[127.08651,37.59734]],[[127.08961,36.12201],[127.08747,36.12452],[127.08682,36.12546]],[[127.09426,37.60052],[127.09276,37.60021],[127.0893,37.5989],[127.08739,37.5977],[127.08685,37.59743]],[[127.08965,36.12203],[127.08944,36.12249],[127.08734,36.12514],[127.08704,36.12543],[127.08689,36.12548]],[[127.08707,36.9885],[127.08769,36.98782]],[[127.08709,37.5974],[127.08834,37.59787]],[[127.08716,36.12532],[127.08755,36.12495],[127.08934,36.12269],[127.08957,36.12229]],[[127.08723,37.58979],[127.08726,37.58948]],[[127.09588,37.60091],[127.09354,37.60025],[127.08985,37.59886],[127.08914,37.59858],[127.08739,37.5977]],[[127.09381,37.60045],[127.09278,37.60018],[127.08932,37.59886],[127.08771,37.59791]],[[127.08773,37.59787],[127.09544,37.6008]],[[127.09109,37.59886],[127.09057,37.59872],[127.0878,37.59762]],[[127.08827,36.12403],[127.08795,36.12437]],[[127.08801,37.59806],[127.08934,37.59883],[127.09271,37.60011],[127.0962,37.60101]],[[127.09472,37.60057],[127.08807,37.59805]],[[127.08809,37.50426],[127.08871,37.50413]],[[127.09142,37.59923],[127.08809,37.59802]],[[127.08865,37.59861],[127.08812,37.59833]],[[127.08863,37.59864],[127.08816,37.5983]],[[127.09363,37.60036],[127.08939,37.59875],[127.08833,37.59822]],[[127.08841,37.59822],[127.09437,37.60047]],[[127.08863,37.59838],[127.08937,37.59879],[127.09322,37.60025]],[[127.09398,37.60037],[127.08868,37.59836]],[[127.08938,37.59822],[127.08869,37.59791]],[[127.08886,37.59879],[127.08939,37.59916],[127.08984,37.5994],[127.09235,37.60037],[127.09306,37.60056],[127.09462,37.60078]],[[127.09463,37.60075],[127.09295,37.60032],[127.08947,37.59905],[127.08889,37.59876]],[[127.08902,35.87477],[127.09387,35.87309],[127.09775,35.87159]],[[127.09054,36.98555],[127.08917,36.98725]],[[127.08917,37.73298],[127.08924,37.73267]],[[127.08921,36.20481],[127.09048,36.20565],[127.09444,36.20799],[127.0961,36.20884]],[[127.09032,36.98607],[127.08938,36.98699]],[[127.09613,36.2088],[127.09466,36.20783],[127.09051,36.20541],[127.08946,36.20491]],[[127.09022,36.98567],[127.08962,36.98623]],[[127.09786,36.20985],[127.09678,36.20941],[127.09058,36.20577],[127.0897,36.20512]],[[127.09436,37.60012],[127.09356,37.59972],[127.08979,37.59833]],[[127.0962,36.20907],[127.09434,36.20811],[127.0908,36.20601],[127.09005,36.20539]],[[127.09005,34.76007],[127.09062,34.76018]],[[127.09023,37.50374],[127.09247,37.5031]],[[127.09077,36.98514],[127.09028,36.9856]],[[127.09063,37.59886],[127.09457,37.60026]],[[127.0911,36.98489],[127.09069,36.98539]],[[127.09126,36.98457],[127.09085,36.98506]],[[127.097,37.60126],[127.09417,37.60028],[127.09208,37.59948],[127.09131,37.5991]],[[127.09132,36.20632],[127.0918,36.20666],[127.09487,36.20846],[127.0958,36.20885]],[[127.09135,36.98447],[127.09183,36.9839]],[[127.09137,36.9845],[127.09196,36.98398]],[[127.09165,37.73049],[127.09222,37.73021],[127.09504,37.72961],[127.09593,37.72915]],[[127.09176,37.7304],[127.09199,37.73022]],[[127.09201,37.73024],[127.09174,37.73037],[127.09475,37.7287]],[[127.09803,35.8482],[127.09782,35.84803],[127.09717,35.84774],[127.09653,35.84765],[127.09493,35.84775],[127.09206,35.84807]],[[127.09496,35.84775],[127.09208,35.84813]],[[127.09215,36.20685],[127.0943,36.20821],[127.09506,36.20855]],[[127.09217,37.73015],[127.09468,37.72965],[127.09596,37.72899]],[[127.09242,37.73001],[127.09505,37.72862]],[[127.09473,36.20841],[127.09257,36.20714]],[[127.0926,37.73007],[127.09449,37.72906]],[[127.09281,36.9831],[127.09322,36.9826]],[[127.09293,37.73006],[127.09398,37.72978]],[[127.0931,36.9828],[127.09354,36.98241],[127.09486,36.98103]],[[127.0945,35.87297],[127.0937,35.87324]],[[127.09544,36.20869],[127.0939,36.20824]],[[127.09401,37.60006],[127.09507,37.60054]],[[127.09415,37.72974],[127.09584,37.72885]],[[127.09429,37.72972],[127.09589,37.7289]],[[127.09766,36.11521],[127.09443,36.11722]],[[127.09546,36.2085],[127.09448,36.20806]],[[127.09465,37.72953],[127.09486,37.72949],[127.09592,37.72895]],[[127.09486,36.32815],[127.0978,36.33525],[127.09816,36.33596]],[[127.09491,37.72866],[127.09511,37.72855]],[[127.09823,36.33594],[127.09805,36.33536],[127.09597,36.33032],[127.09495,36.32814]],[[127.09501,37.60086],[127.09555,37.60093]],[[127.0953,37.20465],[127.09555,37.20725]],[[127.09587,37.1867],[127.09579,37.19168],[127.09517,37.19347],[127.09511,37.19409],[127.09507,37.2029],[127.0953,37.20465]],[[127.0953,37.20465],[127.09523,37.20303],[127.0953,37.19875],[127.09547,37.19577]],[[127.09569,37.19413],[127.09544,37.19358]],[[127.09546,37.19312],[127.09566,37.1926]],[[127.09546,36.11653],[127.09739,36.11538]],[[127.09569,37.20863],[127.09554,37.20825]],[[127.09555,37.20783],[127.09567,37.20744]],[[127.09567,37.20727],[127.09579,37.20451]],[[127.09639,37.60103],[127.09574,37.60073]],[[127.09575,37.19577],[127.09583,37.19729],[127.09579,37.20451]],[[127.09579,37.20451],[127.096,37.20258],[127.09597,37.1867]],[[127.09652,35.86833],[127.10125,35.86296],[127.10234,35.86187]],[[127.0972,37.60143],[127.09672,37.60123]],[[127.10059,35.86375],[127.10033,35.86413],[127.09759,35.86724],[127.09686,35.86796]],[[127.10038,35.86395],[127.10001,35.86425],[127.09724,35.86737],[127.09715,35.86759]],[[127.09801,35.84818],[127.09715,35.84713]],[[127.0973,37.60137],[127.09794,37.60157]],[[127.09773,37.60154],[127.09824,37.60178]],[[127.09834,37.60172],[127.09887,37.60188]],[[127.09937,37.67165],[127.09877,37.67204]],[[127.10744,36.79258],[127.10554,36.79242],[127.10199,36.79186],[127.09923,36.79125]],[[127.09923,36.79122],[127.10287,36.79167],[127.10538,36.79208],[127.10745,36.79255]],[[127.10012,36.81122],[127.09989,36.81185],[127.09938,36.81369]],[[127.10463,37.66839],[127.10193,37.66984],[127.10154,37.67014],[127.10094,37.67074],[127.09971,37.67148]],[[127.09983,36.81206],[127.09995,36.81143]],[[127.10025,37.48702],[127.09984,37.48681]],[[127.10015,36.81142],[127.09987,36.81221]],[[127.10032,37.48835],[127.10014,37.48844]],[[127.10018,37.48846],[127.10028,37.48833]],[[127.10032,36.8107],[127.10048,36.80982]],[[127.10037,37.67097],[127.10093,37.67067],[127.10178,37.66986],[127.10461,37.66833]],[[127.10049,35.86411],[127.09714,35.86773],[127.09668,35.86814],[127.10078,35.86352]],[[127.11296,37.4783],[127.11191,37.47985],[127.11016,37.4817],[127.10938,37.48317],[127.10801,37.48612],[127.10653,37.48797],[127.10602,37.48845],[127.10561,37.48858],[127.10488,37.48852],[127.1007,37.48715]],[[127.10118,37.6705],[127.10156,37.67005]],[[127.10311,35.86116],[127.10206,35.86226],[127.10157,35.86264]],[[127.10322,36.79888],[127.10188,36.80407],[127.10163,36.80527]],[[127.10194,37.61346],[127.10458,37.61264]],[[127.10199,37.6133],[127.10245,37.61315]],[[127.10201,37.48695],[127.10234,37.4868]],[[127.10202,37.61334],[127.10245,37.61315]],[[127.10202,37.61334],[127.1047,37.6125]],[[127.10202,37.61334],[127.1027,37.61317],[127.1047,37.6125]],[[127.10203,36.80394],[127.10275,36.8016],[127.10345,36.79888]],[[127.11299,37.61075],[127.11112,37.61186],[127.10958,37.61241],[127.10837,37.61261],[127.10579,37.61265],[127.10462,37.61276],[127.10351,37.61301],[127.10208,37.61347]],[[127.10228,37.48674],[127.1021,37.48697]],[[127.10245,37.61315],[127.10296,37.61299]],[[127.10253,37.48767],[127.10292,37.48772]],[[127.10256,37.48761],[127.1029,37.48778]],[[127.10317,37.48512],[127.1027,37.4854]],[[127.10295,37.48554],[127.10317,37.48512]],[[127.10341,37.61279],[127.10296,37.61299]],[[127.10296,37.61299],[127.10663,37.61183],[127.10776,37.61136],[127.11016,37.61062]],[[127.10315,37.48779],[127.10524,37.48836],[127.10577,37.48836],[127.10598,37.48828],[127.10641,37.4879],[127.10768,37.48648],[127.10797,37.48608],[127.1099,37.48192],[127.11018,37.48094],[127.1102,37.47973],[127.1108,37.47846]],[[127.10433,37.48408],[127.10317,37.48512]],[[127.10554,36.78985],[127.10491,36.79172],[127.1037,36.79648],[127.10322,36.79888]],[[127.10554,36.78985],[127.10322,36.79888]],[[127.10356,36.7971],[127.10335,36.79781]],[[127.10345,36.79888],[127.10594,36.78913],[127.1062,36.78793]],[[127.10584,36.78954],[127.10527,36.79252],[127.10407,36.7971],[127.10345,36.79888]],[[127.10396,37.30378],[127.10384,37.30421]],[[127.10388,37.29711],[127.10364,37.29849],[127.10364,37.30136],[127.10386,37.30263]],[[127.10386,37.6128],[127.10441,37.61268]],[[127.10389,36.79788],[127.10407,36.7971]],[[127.10389,37.61284],[127.10442,37.61262]],[[127.10396,37.30266],[127.10417,37.30137],[127.1042,37.29848],[127.10398,37.29711]],[[127.10663,37.48179],[127.10612,37.48223],[127.10416,37.48524]],[[127.10518,37.4839],[127.10427,37.48528]],[[127.10523,37.48392],[127.10434,37.4853]],[[127.10675,37.48183],[127.10627,37.48267],[127.10449,37.48536]],[[127.106,37.48327],[127.10546,37.48399],[127.10454,37.48539]],[[127.10458,37.61264],[127.105,37.61256]],[[127.10458,37.61264],[127.10502,37.61258]],[[127.10465,37.6124],[127.10507,37.61226]],[[127.1047,37.6125],[127.11021,37.61078]],[[127.106,37.48327],[127.10565,37.48403],[127.10473,37.48547]],[[127.10489,37.61238],[127.10553,37.61223]],[[127.10492,37.61243],[127.10548,37.61219]],[[127.105,37.61256],[127.10701,37.61214],[127.10809,37.61201]],[[127.105,37.61256],[127.10853,37.61219]],[[127.10502,37.61258],[127.10896,37.61216],[127.11104,37.6115]],[[127.10502,37.61258],[127.10683,37.61265]],[[127.10504,36.7913],[127.10554,36.78939]],[[127.10507,37.61226],[127.1059,37.61191],[127.10771,37.61087],[127.11012,37.61005]],[[127.10507,37.61226],[127.10644,37.61182],[127.10748,37.61128],[127.1101,37.61047]],[[127.10515,36.79081],[127.10561,36.78931]],[[127.10538,37.61248],[127.10853,37.61216]],[[127.1054,37.61254],[127.10858,37.61252],[127.10928,37.61237]],[[127.10564,36.79101],[127.10545,36.79164]],[[127.10669,36.78577],[127.10554,36.78985]],[[127.1056,37.61206],[127.10651,37.61164],[127.10757,37.61103],[127.10997,37.61026]],[[127.10571,37.61257],[127.10828,37.61256],[127.10922,37.61244]],[[127.10572,37.61206],[127.10648,37.61188]],[[127.10575,37.61211],[127.10644,37.61182]],[[127.10578,37.61216],[127.10617,37.61206]],[[127.10582,37.6125],[127.10858,37.61247],[127.10927,37.61234]],[[127.10588,37.61238],[127.10852,37.61211]],[[127.1059,37.48357],[127.10754,37.48205],[127.10864,37.48056]],[[127.10627,37.48267],[127.106,37.48327]],[[127.10612,37.48223],[127.1076,37.47989]],[[127.10617,37.61203],[127.10692,37.61187],[127.11026,37.61087]],[[127.10617,37.61206],[127.10822,37.61179],[127.11039,37.61109]],[[127.10617,37.61206],[127.10872,37.61189]],[[127.10622,37.61246],[127.10857,37.61243],[127.10925,37.6123]],[[127.1064,37.31831],[127.10648,37.31736],[127.10658,37.31705],[127.107,37.31626],[127.10713,37.31547],[127.10697,37.31462],[127.10635,37.31318],[127.10626,37.31087]],[[127.10637,37.31862],[127.10631,37.31666]],[[127.10632,37.61228],[127.10891,37.612],[127.11106,37.61133]],[[127.10635,37.31087],[127.10643,37.31314],[127.10676,37.31409]],[[127.10635,37.31781],[127.1064,37.31756],[127.10637,37.31666]],[[127.10639,37.48178],[127.10674,37.48096],[127.10753,37.47978]],[[127.10639,37.48245],[127.10766,37.48124],[127.10825,37.48036]],[[127.10685,37.3212],[127.10662,37.32086],[127.10648,37.32041],[127.1064,37.31831]],[[127.10648,37.32291],[127.10637,37.31871],[127.1064,37.31831]],[[127.10645,37.31997],[127.1064,37.31974]],[[127.10659,37.32295],[127.10654,37.32104],[127.10643,37.32036]],[[127.10685,37.3212],[127.10661,37.32073],[127.10653,37.32039],[127.10644,37.31802]],[[127.10644,37.31087],[127.10652,37.31311],[127.10679,37.31398]],[[127.10654,37.32294],[127.10649,37.32073]],[[127.10652,37.61199],[127.10792,37.61169],[127.11033,37.61094]],[[127.10688,37.31438],[127.1066,37.31303],[127.10658,37.31113]],[[127.10658,37.61176],[127.10752,37.61135],[127.11011,37.61054]],[[127.10683,37.31376],[127.10666,37.31313],[127.10662,37.31115]],[[127.10663,37.61183],[127.11021,37.61073]],[[127.10666,37.61241],[127.10856,37.61239],[127.10923,37.61226]],[[127.10699,37.31468],[127.1067,37.31303],[127.10667,37.31113]],[[127.1069,37.3142],[127.10674,37.31294],[127.10672,37.3111]],[[127.10675,37.48281],[127.10838,37.48042]],[[127.1068,37.48154],[127.10718,37.48119]],[[127.10697,37.32138],[127.10661,37.32058],[127.10652,37.31915],[127.10649,37.31759],[127.10657,37.31722],[127.10681,37.31668]],[[127.10701,37.32135],[127.10673,37.32032],[127.10664,37.31766],[127.10682,37.31687]],[[127.10687,37.32105],[127.10668,37.32036],[127.10659,37.3178],[127.10663,37.31735],[127.10682,37.31687]],[[127.10682,37.31687],[127.10693,37.31652]],[[127.10683,37.61218],[127.1081,37.61205]],[[127.10726,37.32233],[127.10712,37.32168],[127.10685,37.3212]],[[127.10714,37.31417],[127.10696,37.3132],[127.10687,37.31087]],[[127.10709,37.32122],[127.10683,37.32025],[127.10674,37.31784],[127.10688,37.31685]],[[127.107,37.32055],[127.10689,37.31746]],[[127.10692,37.61187],[127.10769,37.6117],[127.1103,37.61091]],[[127.10706,37.48116],[127.10693,37.48157]],[[127.10704,37.31366],[127.10693,37.31086]],[[127.10711,37.32075],[127.10704,37.32026],[127.10694,37.3171]],[[127.10704,37.32091],[127.10687,37.32019],[127.10679,37.31785],[127.10696,37.31659]],[[127.10714,37.3215],[127.10679,37.32036],[127.10672,37.31894],[127.1067,37.31757],[127.10696,37.31659]],[[127.10696,37.31659],[127.10707,37.31603]],[[127.10696,37.61194],[127.10795,37.61173],[127.11036,37.61097]],[[127.10698,37.4825],[127.10747,37.48192],[127.10845,37.48047]],[[127.10718,37.32121],[127.10709,37.32057],[127.10699,37.31674]],[[127.10731,37.32196],[127.10716,37.32101],[127.10699,37.31718]],[[127.10712,37.32168],[127.10664,37.32051],[127.10653,37.31813],[127.10656,37.31741],[127.107,37.31626]],[[127.10715,37.31492],[127.107,37.31086]],[[127.10722,36.78375],[127.107,36.78474]],[[127.10705,37.61237],[127.10833,37.61236],[127.109,37.61228],[127.11109,37.61162]],[[127.1072,37.32194],[127.10692,37.31997],[127.10684,37.31788],[127.10705,37.31623]],[[127.1072,37.31416],[127.10707,37.31086]],[[127.10707,37.61196],[127.10824,37.61183],[127.11043,37.61112]],[[127.11019,37.61069],[127.1071,37.61164]],[[127.10711,37.48176],[127.10811,37.48032]],[[127.10712,37.31539],[127.10717,37.31561]],[[127.10716,37.31536],[127.10713,37.31561]],[[127.10715,37.31455],[127.10725,37.31328],[127.10717,37.31085]],[[127.10718,37.31592],[127.10715,37.31492]],[[127.10715,37.31492],[127.10719,37.31464]],[[127.10724,37.31624],[127.10718,37.31592]],[[127.10744,37.321],[127.10733,37.31793],[127.10721,37.31716],[127.10718,37.31592]],[[127.10719,37.31464],[127.10737,37.31312],[127.10729,37.31085]],[[127.10719,37.31464],[127.10736,37.31417]],[[127.10745,37.32194],[127.10756,37.32048],[127.10747,37.31797],[127.1072,37.31629]],[[127.10735,37.32195],[127.10749,37.32019],[127.10741,37.31778],[127.1072,37.31661]]]}},{"type":"Feature","properties":{"g":"kr"},"geometry":{"type":"MultiLineString","coordinates":[[[127.10747,37.32068],[127.10737,37.31781],[127.1072,37.31691]],[[127.10725,37.31375],[127.10731,37.31324],[127.10723,37.31085]],[[127.10745,37.32194],[127.10779,37.32058],[127.1078,37.31933],[127.10771,37.31769],[127.10724,37.31624]],[[127.10756,37.32054],[127.10752,37.31795],[127.10724,37.31624]],[[127.10726,37.31415],[127.10751,37.31312],[127.10742,37.31085]],[[127.10732,37.32276],[127.10726,37.32233]],[[127.10726,37.32266],[127.10726,37.32233]],[[127.10742,37.32589],[127.1073,37.32546],[127.10722,37.32348],[127.10726,37.32266]],[[127.10733,37.32231],[127.10726,37.32266]],[[127.10748,37.32151],[127.10776,37.32028],[127.10769,37.31784],[127.10729,37.31651]],[[127.1073,37.3138],[127.10744,37.3131],[127.10734,37.31085]],[[127.10739,37.32336],[127.10732,37.32313]],[[127.10733,37.32337],[127.10738,37.32313]],[[127.10733,37.48076],[127.10791,37.47962],[127.11005,37.47657]],[[127.10751,37.32123],[127.10772,37.32026],[127.10764,37.31783],[127.10735,37.31689]],[[127.10736,37.31417],[127.10759,37.31366],[127.10763,37.31338],[127.10753,37.31085]],[[127.10736,37.31417],[127.10769,37.31362],[127.10781,37.31312]],[[127.10736,37.32276],[127.1074,37.32249]],[[127.1074,37.32249],[127.10737,37.32231]],[[127.1074,37.32249],[127.10743,37.32275]],[[127.1074,37.32249],[127.10743,37.32231]],[[127.10742,37.61234],[127.10855,37.61232],[127.10899,37.61224],[127.11107,37.61159]],[[127.10743,37.32275],[127.10743,37.32231]],[[127.10743,37.32231],[127.10745,37.32194]],[[127.10743,37.48081],[127.10851,37.47962],[127.11045,37.47674]],[[127.10743,37.32275],[127.10752,37.32332],[127.10759,37.32543],[127.10748,37.32588]],[[127.10744,37.61189],[127.10819,37.61174],[127.11037,37.61105]],[[127.10768,36.78208],[127.10746,36.78288]],[[127.10753,37.32092],[127.10767,37.32025],[127.10759,37.31789],[127.10747,37.31723]],[[127.10752,37.31383],[127.10767,37.31354],[127.10771,37.3133],[127.10763,37.31086]],[[127.10767,38.18257],[127.10826,38.18398],[127.10957,38.18785]],[[127.10771,37.31769],[127.10768,37.31499]],[[127.10771,37.31603],[127.10779,37.31536],[127.10781,37.31312]],[[127.10781,37.31312],[127.10773,37.31085]],[[127.10785,37.61195],[127.10869,37.61183]],[[127.10791,38.18333],[127.10902,38.18673],[127.10942,38.18751]],[[127.10796,37.61228],[127.10898,37.6122],[127.11106,37.61155]],[[127.10802,37.61211],[127.10867,37.612],[127.11103,37.61126]],[[127.10806,37.48517],[127.10854,37.48411],[127.10941,37.4826]],[[127.10886,38.18621],[127.10867,38.18585],[127.10819,38.18446],[127.10808,38.18395]],[[127.10865,37.35845],[127.10834,37.36024],[127.10806,37.36117],[127.10794,37.36192],[127.10796,37.36286],[127.1081,37.36374]],[[127.10904,37.48322],[127.10814,37.48516]],[[127.10815,37.3651],[127.10863,37.36359],[127.10862,37.3611]],[[127.10941,37.4826],[127.10821,37.48517]],[[127.10826,37.48421],[127.10914,37.48249]],[[127.10829,37.48424],[127.10951,37.4818]],[[127.10834,37.48424],[127.10951,37.4818],[127.10974,37.48146]],[[127.10839,37.48426],[127.10974,37.48146],[127.11012,37.48057],[127.11018,37.48021]],[[127.11339,37.47822],[127.10988,37.48362],[127.10849,37.48549]],[[127.10867,37.612],[127.1093,37.61185],[127.11104,37.6113]],[[127.10869,37.61183],[127.11114,37.61105]],[[127.10869,37.61183],[127.11116,37.61108]],[[127.11161,37.48096],[127.11117,37.48145],[127.1087,37.48519]],[[127.10872,37.61189],[127.11118,37.61112]],[[127.10872,37.61189],[127.10926,37.61178],[127.1112,37.61116]],[[127.10893,37.33796],[127.1088,37.33883],[127.10877,37.34122],[127.10891,37.34239]],[[127.10891,37.34265],[127.10896,37.34296]],[[127.10893,37.33758],[127.10901,37.33726]],[[127.10898,37.34237],[127.10909,37.34121],[127.1091,37.33937],[127.10899,37.33797]],[[127.11141,37.48095],[127.11078,37.48179],[127.10939,37.48403],[127.10908,37.48443]],[[127.10923,37.48349],[127.10944,37.4832]],[[127.10938,37.48317],[127.10929,37.4835]],[[127.10993,37.48179],[127.10941,37.4826]],[[127.10953,37.48306],[127.11007,37.48188],[127.10967,37.48247]],[[127.10964,37.48287],[127.10986,37.48243],[127.11028,37.48184],[127.11139,37.48084]],[[127.10969,37.48351],[127.1099,37.48302],[127.11067,37.48196]],[[127.10974,37.48251],[127.1099,37.48192]],[[127.11008,37.4813],[127.11055,37.48032],[127.11214,37.47776]],[[127.11232,37.47817],[127.11066,37.48074],[127.11016,37.4817]],[[127.11018,37.48094],[127.11061,37.47966],[127.11189,37.47766]],[[127.11154,37.47778],[127.11053,37.47936],[127.11035,37.47978],[127.11018,37.4807]],[[127.11208,37.47774],[127.11042,37.48031],[127.11021,37.48083]],[[127.11027,37.48091],[127.11223,37.4778]],[[127.11153,37.47758],[127.11045,37.47929],[127.11033,37.47969],[127.11029,37.48025]],[[127.11031,37.4815],[127.11074,37.48074]],[[127.11035,37.48072],[127.11219,37.47778]],[[127.11194,37.47768],[127.11078,37.47946],[127.11037,37.4803]],[[127.11244,37.4783],[127.11039,37.48141]],[[127.112,37.47772],[127.11086,37.47949],[127.11042,37.48031]],[[127.11052,37.48129],[127.1125,37.47833]],[[127.11201,37.48029],[127.1106,37.48121]],[[127.11232,37.47784],[127.1112,37.47963],[127.11062,37.48039]],[[127.11067,37.48109],[127.11137,37.48026],[127.11262,37.47839]],[[127.11144,37.47755],[127.11093,37.47845],[127.11068,37.47875]],[[127.11236,37.47826],[127.11074,37.48074]],[[127.11074,37.48074],[127.11242,37.47828]],[[127.11126,37.47751],[127.1108,37.47846]],[[127.1108,37.47846],[127.11135,37.47754]],[[127.1108,37.48102],[127.11176,37.48011],[127.11299,37.47832]],[[127.11083,37.48071],[127.11247,37.47831]],[[127.11253,37.47834],[127.11097,37.48066]],[[127.11101,37.4809],[127.1117,37.48035],[127.11207,37.47996],[127.1131,37.47838]],[[127.11256,37.47834],[127.11115,37.48053]],[[127.11117,37.48145],[127.11145,37.48107]],[[127.11118,37.48069],[127.1118,37.48013],[127.11302,37.47834]],[[127.11131,37.48026],[127.11259,37.47836]],[[127.11281,37.47822],[127.11133,37.48045]],[[127.11137,37.48062],[127.11175,37.4804],[127.1121,37.47998],[127.11315,37.4784]],[[127.11285,37.47823],[127.11145,37.48026]],[[127.11291,37.47826],[127.11147,37.48031]],[[127.11156,37.48023],[127.11294,37.47829]],[[127.11307,37.47837],[127.1117,37.48035]],[[127.11502,37.49142],[127.11182,37.49029],[127.11076,37.48999],[127.10944,37.4894],[127.10802,37.48838],[127.10771,37.48801],[127.10756,37.48754],[127.10763,37.48697],[127.10929,37.4835],[127.10973,37.48272],[127.11023,37.48209],[127.11186,37.48056]],[[127.1136,37.37797],[127.11339,37.37778]],[[127.11419,37.38441],[127.11461,37.38487]],[[127.11481,37.37884],[127.11509,37.37898]],[[127.115,37.38522],[127.11759,37.38773],[127.11808,37.3883],[127.11903,37.38971],[127.11958,37.39087],[127.12009,37.3923],[127.12027,37.3931],[127.12033,37.39378],[127.12034,37.39442],[127.12014,37.3977]],[[127.12022,37.39771],[127.12073,37.3949],[127.12079,37.39382],[127.1207,37.39276],[127.12059,37.39216],[127.12019,37.39094],[127.11949,37.3896],[127.11839,37.3881],[127.11759,37.3873],[127.11506,37.38518]],[[127.11519,37.49651],[127.11635,37.49522]],[[127.11571,37.49168],[127.11533,37.49151]],[[127.11573,37.49582],[127.11603,37.49543]],[[127.11601,37.27769],[127.11591,37.27728]],[[127.11592,37.27699],[127.1158,37.27635],[127.11583,37.27451],[127.11599,37.27384]],[[127.11599,37.27373],[127.11608,37.27335]],[[127.11609,37.27385],[127.11616,37.2745],[127.11612,37.27628],[127.11601,37.27674]],[[127.11744,37.66831],[127.11715,37.66825]],[[127.11717,37.6682],[127.11741,37.66837]],[[127.11772,37.27535],[127.11822,37.27535]],[[127.1187,37.27528],[127.11937,37.27514]],[[127.11991,37.39922],[127.11993,37.39961]],[[127.11994,37.41836],[127.12066,37.42022]],[[127.12001,37.41813],[127.12058,37.41956],[127.12093,37.42069]],[[127.12001,37.41834],[127.12048,37.41944],[127.12056,37.41986]],[[127.12001,37.41871],[127.12095,37.42102]],[[127.12007,37.41809],[127.12039,37.41888],[127.12058,37.41956]],[[127.12013,37.41805],[127.1209,37.42007]],[[127.12019,37.41801],[127.12062,37.4191],[127.12069,37.41952]],[[127.12076,37.41927],[127.12019,37.41792]],[[127.12086,37.41968],[127.1207,37.41901],[127.12024,37.4179]],[[127.12083,37.41928],[127.12028,37.41788]],[[127.12091,37.42026],[127.12081,37.41911],[127.12034,37.41787]],[[127.1208,37.41887],[127.12061,37.41829],[127.12051,37.4171]],[[127.12072,37.4185],[127.12056,37.41709]],[[127.12089,37.41926],[127.12072,37.4185],[127.12062,37.41708]],[[127.12083,37.41857],[127.12068,37.41708]],[[127.12086,37.41888],[127.12073,37.41707]],[[127.12089,37.41855],[127.12078,37.41708]],[[127.12097,37.41998],[127.12086,37.41888],[127.1209,37.4184],[127.12083,37.41708]],[[127.121,37.4207],[127.12091,37.42026]],[[127.12091,37.42026],[127.12127,37.42418],[127.12145,37.42704],[127.12199,37.43146],[127.12214,37.43187],[127.12234,37.43213],[127.12264,37.43235],[127.12371,37.43274],[127.12878,37.43369]],[[127.12108,37.42116],[127.12106,37.42134]],[[127.12108,37.42225],[127.12119,37.42257]],[[127.12109,37.41713],[127.12094,37.41924],[127.121,37.4207],[127.12138,37.42466],[127.12155,37.42746],[127.12204,37.43145],[127.12219,37.43186],[127.12267,37.43232],[127.12372,37.4327],[127.12879,37.43365]],[[127.1214,37.41728],[127.12134,37.41844],[127.1211,37.42075]],[[127.12111,37.42179],[127.12118,37.42196]],[[127.12116,37.42224],[127.12111,37.42258]],[[127.12133,37.42025],[127.12115,37.42109]],[[127.12122,37.41724],[127.12112,37.41859],[127.12116,37.41915]],[[127.12172,37.41725],[127.12161,37.41857],[127.12118,37.42043]],[[127.12129,37.41724],[127.12116,37.41899],[127.12119,37.41969]],[[127.12141,37.4199],[127.1212,37.4211]],[[127.12135,37.41726],[127.12123,37.41907]],[[127.12127,37.42297],[127.12125,37.42326]],[[127.12151,37.41727],[127.12135,37.41976]],[[127.12182,37.41887],[127.12118,37.42043],[127.12108,37.42102],[127.12141,37.4245]],[[127.12459,37.6409],[127.12384,37.64046],[127.12228,37.63976],[127.12145,37.63948]],[[127.12204,37.41754],[127.12194,37.4185],[127.1215,37.42025],[127.1213,37.42157],[127.12129,37.42236],[127.12146,37.42448]],[[127.12159,37.41727],[127.1215,37.41912]],[[127.12179,37.41787],[127.12174,37.41872],[127.12156,37.41949]],[[127.12181,37.63961],[127.1243,37.64073]],[[127.12384,37.64542],[127.12802,37.6418]],[[127.1267,37.643],[127.1239,37.64547]],[[127.12466,37.50669],[127.12532,37.50776]],[[127.12528,37.50749],[127.12556,37.50782]],[[127.12636,36.91943],[127.12635,36.9183]],[[127.12675,36.91306],[127.12667,36.91348],[127.12639,36.91723],[127.12642,36.91773]],[[127.12643,36.91802],[127.12644,36.91724],[127.12681,36.91277]],[[127.12707,36.91151],[127.12681,36.91277],[127.12643,36.91802],[127.12649,36.91919]],[[127.12714,36.9111],[127.12685,36.91314],[127.12671,36.91488],[127.12649,36.91798],[127.12652,36.91957]],[[127.12658,36.91974],[127.12657,36.91883]],[[127.12675,36.91884],[127.12663,36.91975]],[[127.12668,37.44925],[127.12674,37.44903]],[[127.12671,36.91958],[127.127,36.91757],[127.12733,36.91313],[127.12732,36.91111]],[[127.12673,37.44814],[127.12677,37.44832]],[[127.12733,36.91313],[127.12731,36.91407],[127.127,36.91757]],[[127.12707,36.91209],[127.12721,36.9111]],[[127.12728,36.91004],[127.12715,36.91092]],[[127.12724,36.91209],[127.12726,36.9111]],[[127.12729,36.90987],[127.12738,36.9093]],[[127.12733,36.91093],[127.12733,36.91004]],[[127.12733,36.90939],[127.12734,36.90832]],[[127.12777,37.55094],[127.12813,37.55152]],[[127.12789,37.55091],[127.12799,37.55155]],[[127.1282,37.55132],[127.12888,37.55326]],[[127.1282,37.55174],[127.12842,37.55197]],[[127.12831,37.50218],[127.12944,37.50342]],[[127.12835,37.50214],[127.12952,37.50334]],[[127.12861,37.39978],[127.12872,37.3995],[127.12889,37.39801],[127.12905,37.39755],[127.1294,37.39691],[127.13012,37.39623],[127.13128,37.39583],[127.13223,37.39562],[127.13301,37.39553],[127.13401,37.39562],[127.1351,37.39575],[127.13663,37.39617],[127.13885,37.39661]],[[127.12868,37.41069],[127.12873,37.41051]],[[127.12873,37.41186],[127.12868,37.41161]],[[127.1367,38.21123],[127.13863,38.2122],[127.1407,38.21341],[127.14159,38.21395],[127.14229,38.2145]],[[127.14191,38.21426],[127.13757,38.21169]],[[127.13939,37.64696],[127.13871,37.6468]],[[127.13935,37.53561],[127.13982,37.53684]],[[127.13957,37.64706],[127.14164,37.6478],[127.14467,37.64873],[127.14659,37.64921]],[[127.14661,37.64918],[127.14497,37.64859],[127.14163,37.64755],[127.13959,37.64702]],[[127.14019,37.64715],[127.14158,37.64749],[127.145,37.64855],[127.14578,37.64888]],[[127.14105,37.64735],[127.14032,37.64722]],[[127.14034,37.64718],[127.14103,37.6474]],[[127.14123,37.6028],[127.14527,37.60373]],[[127.14528,37.60369],[127.14243,37.60298],[127.14125,37.60277]],[[127.14141,36.87581],[127.14208,36.87417],[127.14442,36.86932]],[[127.1447,36.86941],[127.14203,36.87519],[127.14163,36.8759]],[[127.14208,36.87417],[127.14439,36.86918]],[[127.14403,36.87004],[127.1437,36.87064]],[[127.14525,36.86824],[127.14497,36.86903],[127.14432,36.87031]],[[127.14433,36.8048],[127.14496,36.80519],[127.14563,36.80584],[127.1459,36.80629],[127.14603,36.80667],[127.14608,36.80719]],[[127.14449,36.86918],[127.14524,36.86788]],[[127.14477,36.86926],[127.14528,36.86789]],[[127.14497,36.86903],[127.14518,36.86855]],[[127.1453,36.86774],[127.14562,36.86718]],[[127.14592,36.8093],[127.1459,36.80899],[127.14581,36.80875]],[[127.1482,36.8165],[127.14574,36.80407],[127.14566,36.80335],[127.14569,36.80281],[127.14585,36.80209]],[[127.14587,36.80947],[127.14588,36.81014],[127.14636,36.81213]],[[127.14589,36.80567],[127.14642,36.80831],[127.14646,36.80889],[127.14751,36.81455]],[[127.14638,36.80811],[127.14632,36.80752],[127.14593,36.80586]],[[127.14596,36.8049],[127.14638,36.80635]],[[127.14687,36.81282],[127.14663,36.81237],[127.1464,36.81154],[127.14606,36.80976],[127.14601,36.80926]],[[127.1461,36.81144],[127.14602,36.81083]],[[127.14655,36.81206],[127.14604,36.80949]],[[127.14604,36.80891],[127.14593,36.80949],[127.14593,36.81014],[127.14626,36.81163],[127.14655,36.81243]],[[127.14604,36.80725],[127.14623,36.80796],[127.14635,36.8091]],[[127.14621,36.80842],[127.14609,36.80725]],[[127.1461,36.8047],[127.14751,36.81208],[127.1477,36.8136]],[[127.1461,36.81122],[127.14626,36.81163]],[[127.14611,36.80876],[127.14596,36.80911],[127.1458,36.80989],[127.14595,36.81083],[127.14627,36.81208]],[[127.14612,36.81102],[127.14643,36.81192]],[[127.14632,36.80674],[127.14615,36.80514]],[[127.14696,36.81306],[127.14649,36.81217],[127.14606,36.81007],[127.14599,36.8095],[127.14617,36.80842]],[[127.14723,36.81372],[127.14689,36.81246],[127.14628,36.80939],[127.14621,36.80842]],[[127.14621,36.80842],[127.14623,36.8094],[127.14685,36.81247],[127.14716,36.81359]],[[127.14623,36.80501],[127.14653,36.80661],[127.14682,36.80754],[127.14709,36.80872]],[[127.14809,36.81605],[127.1464,36.80767],[127.1463,36.80688]],[[127.14642,36.80749],[127.14635,36.80689]],[[127.14636,36.80857],[127.14646,36.80889]],[[127.14849,36.81765],[127.14731,36.81312],[127.14659,36.80944],[127.14643,36.80754]],[[127.14644,36.80609],[127.14697,36.80751]],[[127.14769,36.8127],[127.14646,36.80648]],[[127.14794,36.81559],[127.14648,36.80832]],[[127.14755,36.8139],[127.14649,36.80857]],[[127.1465,36.80641],[127.1469,36.80753]],[[127.14685,37.64925],[127.14754,37.64951]],[[127.14717,37.52556],[127.14703,37.52506]],[[127.14733,36.8143],[127.14719,36.81373],[127.14739,36.81429],[127.14723,36.81372]],[[127.14723,36.81372],[127.14733,36.8143]],[[127.14732,37.52595],[127.14807,37.528],[127.14898,37.53003]],[[127.14811,36.81818],[127.14762,36.8153],[127.14733,36.8143]],[[127.14763,36.81517],[127.14738,36.81449]],[[127.14744,36.81448],[127.14768,36.81516]],[[127.14779,36.81321],[127.14751,36.81208]],[[127.14806,36.81819],[127.14752,36.81497]],[[127.1476,36.81247],[127.14771,36.8131]],[[127.1476,36.81198],[127.14784,36.81319]],[[127.1476,36.8161],[127.14795,36.81821]],[[127.14789,36.81784],[127.1476,36.81651],[127.14761,36.81548]],[[127.14801,36.8182],[127.14761,36.81583]],[[127.14816,36.81818],[127.14762,36.8153]],[[127.14766,36.81228],[127.1479,36.81317]],[[127.14767,36.84287],[127.14777,36.84201]],[[127.1482,36.81817],[127.14771,36.81562]],[[127.14941,36.82272],[127.14837,36.81739],[127.14803,36.81608],[127.14772,36.81529]],[[127.14779,36.81412],[127.1479,36.8149]],[[127.14785,36.84202],[127.14804,36.84135]],[[127.14827,36.83898],[127.14819,36.83983]],[[127.14837,36.81739],[127.14824,36.81674]],[[127.14827,36.83984],[127.14845,36.839]],[[127.14832,36.83986],[127.14845,36.839]],[[127.14857,36.81872],[127.14845,36.81774]],[[127.14845,36.839],[127.14848,36.83879]],[[127.14848,36.83879],[127.14879,36.83617],[127.14927,36.83057]],[[127.14848,36.83879],[127.14873,36.83738],[127.14929,36.8311],[127.1493,36.83031]],[[127.14926,36.8222],[127.14857,36.81872]],[[127.14943,36.823],[127.14941,36.82272],[127.14912,36.82177],[127.1486,36.81913],[127.14857,36.81872]],[[127.1486,37.52915],[127.14885,37.52961]],[[127.14929,36.82927],[127.14919,36.82998],[127.14862,36.83637]],[[127.14909,37.53017],[127.14925,37.53066]],[[127.14915,36.83257],[127.14934,36.83174]],[[127.1493,36.83031],[127.14934,36.82925]],[[127.1493,36.83031],[127.14951,36.82935],[127.14969,36.82676]],[[127.14944,36.82968],[127.14972,36.82642]],[[127.15206,37.49333],[127.15194,37.49344]],[[127.15204,37.49332],[127.15197,37.49345]],[[127.15377,36.71294],[127.1539,36.71368]],[[127.15439,37.49048],[127.15424,37.49036]],[[127.15662,36.72139],[127.15575,36.71968],[127.1554,36.71874],[127.15448,36.71605],[127.15424,36.71462]],[[127.15456,36.71515],[127.15426,36.71468]],[[127.15651,36.72124],[127.15435,36.71517],[127.15427,36.7148]],[[127.15597,36.72001],[127.15564,36.71889],[127.15431,36.71519]],[[127.15434,36.7145],[127.15496,36.71595],[127.15618,36.71939],[127.15673,36.72131]],[[127.15619,36.72056],[127.15579,36.7196],[127.15441,36.71552]],[[127.15445,36.71593],[127.15458,36.7166],[127.15505,36.71796],[127.1554,36.71874]],[[127.15656,36.72067],[127.15645,36.72],[127.15519,36.71642],[127.15496,36.71595]],[[127.15516,36.71634],[127.15628,36.71936],[127.15645,36.72]],[[127.15615,37.60656],[127.15659,37.60679]],[[127.15623,36.92205],[127.15617,36.92213],[127.1556,36.92431],[127.15562,36.92454],[127.15626,36.92215],[127.15623,36.92205],[127.15641,36.92136]],[[127.15681,36.72193],[127.15678,36.72146]],[[127.1569,37.60693],[127.15742,37.6072]],[[127.16395,37.60998],[127.16272,37.60933],[127.15969,37.60799],[127.15841,37.60744],[127.15693,37.6069]],[[127.16358,37.60979],[127.1624,37.60913],[127.15843,37.6074],[127.15741,37.60707]],[[127.15742,37.6072],[127.15828,37.60764],[127.16184,37.60922],[127.1635,37.60986]],[[127.15742,37.6072],[127.15825,37.60769],[127.1622,37.60942],[127.1635,37.60986]],[[127.16075,37.60841],[127.15846,37.60736],[127.15786,37.60719]],[[127.16712,37.24311],[127.16659,37.2435],[127.16622,37.24355],[127.16608,37.24352],[127.16529,37.24304],[127.16008,37.24249],[127.15795,37.24348]],[[127.15858,37.24318],[127.15952,37.24292],[127.16003,37.24269],[127.16023,37.24268],[127.16401,37.24295]],[[127.16568,37.2444],[127.16602,37.24404],[127.16608,37.24371],[127.16594,37.24349],[127.16531,37.24308],[127.16017,37.24254],[127.15989,37.2426],[127.15883,37.24311]],[[127.1596,35.85391],[127.15978,35.85352]],[[127.16011,35.85311],[127.16044,35.85276]],[[127.16079,35.85193],[127.16125,35.8511],[127.16314,35.84838],[127.16385,35.84746],[127.16466,35.84667],[127.16354,35.8479],[127.1625,35.84934],[127.16153,35.85072],[127.16027,35.85283]],[[127.1604,35.85259],[127.16152,35.85081],[127.16332,35.84824],[127.16438,35.84697]],[[127.16044,35.85276],[127.16154,35.85143],[127.16385,35.84816],[127.16451,35.84705]],[[127.16044,35.85276],[127.16142,35.85188],[127.16356,35.84895],[127.16467,35.84679],[127.16764,35.84266]],[[127.16066,35.85256],[127.16146,35.8517],[127.16397,35.8481]],[[127.16069,35.85248],[127.16143,35.85169],[127.16387,35.84822],[127.16441,35.84727]],[[127.16099,37.243],[127.16234,37.2431],[127.16307,37.24302]],[[127.161,35.8523],[127.16138,35.85188],[127.16359,35.84884],[127.16384,35.84839]],[[127.16102,37.24293],[127.1625,37.24305],[127.16434,37.243]],[[127.1611,37.24286],[127.16187,37.24291],[127.1625,37.24305]],[[127.1624,37.57044],[127.16319,37.56979]],[[127.16264,37.55618],[127.16384,37.5564]],[[127.16384,37.5564],[127.1628,37.55632]],[[127.16681,37.56828],[127.16488,37.56886],[127.16325,37.56998]],[[127.16575,37.56949],[127.16476,37.56992],[127.16334,37.57092]],[[127.16645,37.56843],[127.16482,37.56909],[127.16337,37.57007]],[[127.16337,37.57095],[127.16479,37.56994],[127.16537,37.56965]],[[127.16608,37.5693],[127.16489,37.56994],[127.1634,37.57098]],[[127.16573,37.56954],[127.16482,37.57004],[127.16344,37.57102]],[[127.16562,37.56876],[127.1649,37.56912],[127.16344,37.57013]],[[127.16735,37.56811],[127.16345,37.57078]],[[127.16348,37.57105],[127.16542,37.56972]],[[127.1635,37.60986],[127.16392,37.61002]],[[127.16598,37.56862],[127.16523,37.56901],[127.16351,37.57018]],[[127.16607,37.56862],[127.16534,37.569],[127.16355,37.57022]],[[127.16718,37.56813],[127.16607,37.56862],[127.1636,37.57027]],[[127.16776,37.56789],[127.16525,37.56923],[127.16365,37.57031]],[[127.1661,37.56878],[127.16372,37.57037]],[[127.16783,37.5681],[127.16376,37.5709]],[[127.16655,37.56854],[127.16378,37.57043]],[[127.16621,37.56926],[127.1638,37.57093]],[[127.16381,37.57137],[127.16419,37.57132],[127.165,37.57092]],[[127.16384,37.57096],[127.16594,37.5695]],[[127.16384,37.5564],[127.16918,37.55705]],[[127.16385,37.5693],[127.16829,37.56658]],[[127.16386,37.57099],[127.16567,37.56973]],[[127.16652,37.569],[127.16536,37.57],[127.16389,37.57102]],[[127.16687,37.56876],[127.16539,37.57004],[127.16393,37.57106]],[[127.16578,37.5697],[127.16533,37.57015],[127.16397,37.57108]],[[127.16401,37.57111],[127.16541,37.57014],[127.16584,37.56976]],[[127.16633,37.56923],[127.16549,37.57014],[127.16403,37.57114]],[[127.1641,37.56914],[127.165,37.56851],[127.16821,37.56651]],[[127.16419,37.56912],[127.16633,37.56783],[127.16669,37.56755]],[[127.16663,37.5675],[127.16436,37.56896]],[[127.16721,37.56853],[127.16625,37.56937],[127.16499,37.57079],[127.16438,37.57116]],[[127.16467,35.84679],[127.16483,35.8465]],[[127.16474,37.24303],[127.16508,37.24302]],[[127.16515,37.61056],[127.16574,37.61076]],[[127.16519,37.57064],[127.16659,37.56906]],[[127.16685,37.56883],[127.16524,37.57066]],[[127.1656,37.24448],[127.16536,37.24474]],[[127.16967,37.56682],[127.16761,37.56828],[127.16656,37.56924],[127.1655,37.57043]],[[127.16694,37.56888],[127.16554,37.57045]],[[127.1672,37.56864],[127.16558,37.57047]],[[127.16746,37.56842],[127.16563,37.57049]],[[127.16948,37.56702],[127.16793,37.56809],[127.16739,37.56854],[127.16565,37.57052]],[[127.16827,37.56771],[127.16722,37.56828],[127.16581,37.56925]],[[127.16584,37.56928],[127.16763,37.56806]],[[127.16588,37.56932],[127.16796,37.56788]],[[127.1659,37.56934],[127.17006,37.56646],[127.17107,37.56552]],[[127.16612,37.57008],[127.16738,37.56865],[127.1676,37.56848]],[[127.16617,37.57011],[127.1676,37.56848],[127.16852,37.56767]],[[127.16723,37.24302],[127.16747,37.24285]],[[127.16797,37.56791],[127.16734,37.56844]],[[127.16738,37.56938],[127.1689,37.56763]],[[127.16744,37.56943],[127.16863,37.56811],[127.1689,37.56763],[127.16948,37.56702]],[[127.17026,37.56618],[127.1678,37.56787]],[[127.16798,37.5676],[127.16996,37.56637]],[[127.16915,37.56685],[127.16803,37.56764]],[[127.16835,37.56759],[127.16886,37.56729]],[[127.16882,37.56726],[127.16838,37.56764]],[[127.17107,37.56552],[127.17244,37.56409],[127.1732,37.56299],[127.17363,37.56197],[127.17401,37.56042],[127.17405,37.55995],[127.17398,37.55945],[127.17383,37.55906],[127.17347,37.5584],[127.17275,37.55783],[127.17212,37.55754],[127.17125,37.55729],[127.16848,37.55705]],[[127.16863,37.56811],[127.16978,37.56703],[127.17042,37.56653]],[[127.16912,37.56726],[127.16884,37.56751]],[[127.16899,37.56743],[127.16948,37.56702]],[[127.16969,37.567],[127.16922,37.5674]],[[127.16925,37.55698],[127.16979,37.5571]],[[127.16948,37.56702],[127.17041,37.56632],[127.17107,37.5657],[127.17283,37.5638],[127.17337,37.56291],[127.17365,37.56229],[127.17427,37.56011],[127.17451,37.55898],[127.17476,37.55858],[127.17519,37.55826],[127.17601,37.55799],[127.17721,37.55795],[127.17846,37.55812]],[[127.1703,37.56627],[127.16967,37.56682]],[[127.17041,37.55712],[127.17109,37.55715],[127.17178,37.55729],[127.17241,37.55758],[127.17312,37.55802],[127.17351,37.55838],[127.17393,37.55918],[127.17408,37.55973],[127.17409,37.56016],[127.17368,37.56192],[127.17342,37.56263],[127.17303,37.56337],[127.17248,37.56411],[127.17097,37.56569],[127.17023,37.56641],[127.16967,37.56682]],[[127.17023,37.56641],[127.16984,37.56677]],[[127.17051,37.56598],[127.17097,37.56562]],[[127.17092,37.5656],[127.17056,37.56602]],[[127.17107,37.56552],[127.17148,37.56514]],[[127.17216,37.56432],[127.17051,37.56598],[127.16835,37.56759],[127.16718,37.56813],[127.16483,37.56883],[127.16372,37.56939],[127.1629,37.57008],[127.16278,37.57041],[127.16285,37.57081],[127.16307,37.57107],[127.16338,37.57124],[127.16371,37.57131],[127.16401,37.57129],[127.16593,37.5705],[127.16699,37.56991],[127.16782,37.5693],[127.16855,37.5686],[127.17172,37.56509]],[[127.17902,37.64985],[127.17822,37.65019],[127.1776,37.65054],[127.175,37.65209],[127.17409,37.65276]],[[127.17417,37.65276],[127.17841,37.65036],[127.17906,37.64988]],[[127.17438,37.55959],[127.17463,37.55894],[127.17482,37.55865],[127.17521,37.55837],[127.17598,37.55812],[127.17646,37.55806],[127.17758,37.55813]],[[127.17918,37.55828],[127.17976,37.55834]],[[127.1805,37.64903],[127.17989,37.64934]],[[127.19203,37.60733],[127.19246,37.60687]],[[127.19599,37.60138],[127.19486,37.6035],[127.19434,37.60436],[127.19257,37.60665]],[[127.19258,37.7059],[127.19298,37.70603]]]}},{"type":"Feature","properties":{"g":"kr"},"geometry":{"type":"MultiLineString","coordinates":[[[127.19262,37.60667],[127.19348,37.60571],[127.1944,37.60447],[127.1955,37.60259],[127.19604,37.6014]],[[127.19635,37.60067],[127.19614,37.60119]],[[127.19742,36.21046],[127.19969,36.2113],[127.20326,36.21284],[127.20412,36.2133]],[[127.19746,36.21052],[127.19957,36.21153],[127.20293,36.21293],[127.20439,36.21346]],[[127.19817,37.70852],[127.19757,37.70827]],[[127.19901,36.67941],[127.19841,36.67966]],[[127.20521,36.67759],[127.20195,36.67871],[127.19857,36.6797]],[[127.19873,37.70884],[127.20018,37.70955],[127.20125,37.70994],[127.20189,37.71006],[127.20413,37.71016],[127.20504,37.71009],[127.20624,37.70983],[127.21192,37.70777],[127.23223,37.70302],[127.23346,37.70297],[127.23441,37.70309],[127.23513,37.70325],[127.23627,37.7038],[127.23671,37.70414],[127.23723,37.70487],[127.23739,37.70525],[127.23747,37.70563],[127.23754,37.70644],[127.23747,37.70737],[127.23726,37.70812],[127.23667,37.70908],[127.23557,37.71001],[127.23417,37.71095],[127.23005,37.71343]],[[127.20482,36.6776],[127.20354,36.67788],[127.19776,36.6797],[127.19901,36.67941]],[[127.20515,36.67754],[127.2035,36.67793],[127.19901,36.67941]],[[127.19959,36.67914],[127.20316,36.67793],[127.20417,36.6777]],[[127.20017,36.21177],[127.20165,36.21247],[127.20333,36.21312]],[[127.2005,36.21195],[127.20286,36.21294],[127.20412,36.21338]],[[127.20178,37.4078],[127.20211,37.40794]],[[127.20214,36.21274],[127.20322,36.21315],[127.20389,36.21332]],[[127.20269,37.72457],[127.20311,37.7203],[127.20331,37.71887]],[[127.20316,37.7212],[127.20278,37.72458]],[[127.20295,37.72192],[127.20313,37.72149]],[[127.203,37.72147],[127.20308,37.7219]],[[127.20672,37.58798],[127.20313,37.58998]],[[127.20335,37.71857],[127.20357,37.7181]],[[127.23001,37.7134],[127.23554,37.70992],[127.23658,37.70899],[127.23713,37.70817],[127.23733,37.70743],[127.23742,37.70659],[127.23736,37.70582],[127.23718,37.70505],[127.23676,37.70441],[127.23627,37.70396],[127.23569,37.70361],[127.23508,37.70334],[127.2344,37.70321],[127.23356,37.70308],[127.23291,37.70308],[127.23215,37.70316],[127.21197,37.70786],[127.20755,37.70943],[127.20667,37.70986],[127.20592,37.71044],[127.2054,37.71105],[127.20447,37.7132],[127.20377,37.71592],[127.20364,37.71731]],[[127.20514,35.77557],[127.20558,35.77469],[127.20706,35.77273],[127.20802,35.77177],[127.20717,35.77273],[127.20566,35.77471],[127.2045,35.77667],[127.20379,35.77841]],[[127.20383,35.77843],[127.20553,35.77538],[127.20657,35.77417],[127.20772,35.77244],[127.20807,35.77177],[127.20638,35.77428],[127.20512,35.77592],[127.20434,35.77746]],[[127.20516,37.40967],[127.20546,37.4099]],[[127.20601,37.58847],[127.20537,37.58876]],[[127.20809,37.58751],[127.20539,37.5889]],[[127.2054,37.58879],[127.20598,37.58843]],[[127.20554,37.58882],[127.2061,37.58858],[127.20762,37.58776]],[[127.20598,37.64945],[127.20818,37.64924],[127.20968,37.64945],[127.21047,37.6495],[127.21218,37.64934]],[[127.20906,37.64951],[127.20818,37.64943],[127.20606,37.64963]],[[127.20608,37.6497],[127.20822,37.6495],[127.21041,37.64955]],[[127.20609,37.64977],[127.20835,37.64957],[127.20974,37.64955]],[[127.20888,37.64963],[127.20818,37.64963],[127.2061,37.64982]],[[127.21287,37.58467],[127.21048,37.58585],[127.20739,37.58755],[127.20612,37.58836]],[[127.20975,37.64961],[127.20888,37.64963],[127.20612,37.64989]],[[127.20614,37.58839],[127.20758,37.58773],[127.21206,37.58524]],[[127.20615,37.64997],[127.21113,37.64951],[127.21277,37.6493]],[[127.21231,37.58494],[127.21126,37.58538],[127.20751,37.58744],[127.20686,37.58789]],[[127.20737,37.58783],[127.20809,37.58751],[127.2108,37.58603],[127.21139,37.58563]],[[127.21126,37.58538],[127.21028,37.58587],[127.20751,37.58744]],[[127.20802,37.64988],[127.21388,37.64922],[127.22003,37.64862],[127.22065,37.6486],[127.22143,37.64868],[127.22251,37.64898],[127.22567,37.65069]],[[127.21047,37.6495],[127.21093,37.64952]],[[127.21113,37.64951],[127.2107,37.64959]],[[127.21399,37.584],[127.2117,37.58517]],[[127.21175,37.64944],[127.21218,37.64934]],[[127.21206,37.58524],[127.2129,37.58471]],[[127.21386,37.58425],[127.21206,37.58524]],[[127.21215,37.64939],[127.21272,37.64936]],[[127.21218,37.64823],[127.21545,37.64792],[127.21636,37.64798],[127.21782,37.64825],[127.21632,37.64801],[127.2156,37.64798],[127.21217,37.64831]],[[127.21218,37.64934],[127.21355,37.64907]],[[127.21277,37.6493],[127.21478,37.64887],[127.21774,37.64858],[127.21882,37.64848],[127.22124,37.64849],[127.22205,37.64865],[127.22236,37.64878],[127.22598,37.65077],[127.22827,37.65181],[127.23147,37.65262],[127.23341,37.65282],[127.24232,37.6532],[127.24581,37.65342],[127.24814,37.65341]],[[127.21277,37.6493],[127.21889,37.64863],[127.22067,37.64852],[127.22112,37.64857],[127.22224,37.64882],[127.22297,37.64915],[127.2237,37.6496]],[[127.21308,37.58456],[127.21384,37.58418]],[[127.2131,37.64922],[127.21674,37.64885]],[[127.2138,37.58415],[127.21311,37.58459]],[[127.21349,37.64913],[127.21706,37.64878]],[[127.21355,37.64907],[127.21458,37.64876],[127.21673,37.64855],[127.21773,37.64853]],[[127.21355,37.64907],[127.21455,37.64886],[127.21864,37.64844],[127.22169,37.64849],[127.22252,37.64872],[127.22602,37.65065],[127.22692,37.65107],[127.22871,37.6517],[127.23033,37.65201],[127.23704,37.65279],[127.24597,37.65319],[127.24814,37.65338]],[[127.21736,37.64853],[127.21455,37.64882],[127.2139,37.64896]],[[127.21391,37.64905],[127.21744,37.6487]],[[127.21416,37.64834],[127.21635,37.64814],[127.21859,37.64838]],[[127.21417,37.64838],[127.21611,37.64819],[127.21701,37.64823]],[[127.21417,37.64841],[127.21617,37.64823],[127.21742,37.64827]],[[127.21684,37.64826],[127.21419,37.64847]],[[127.2142,37.6485],[127.21684,37.64826],[127.21859,37.64838]],[[127.21753,37.64844],[127.21668,37.64832],[127.2142,37.64854]],[[127.21421,37.64858],[127.21667,37.64836],[127.21786,37.64846]],[[127.21422,37.64862],[127.21624,37.64842],[127.21722,37.64845]],[[127.21423,37.64867],[127.21675,37.64844],[127.21756,37.64847]],[[127.21697,37.64848],[127.21424,37.64871]],[[127.21424,37.64875],[127.21697,37.64848],[127.21786,37.64846]],[[127.21795,37.64859],[127.21435,37.64896]],[[127.21827,37.64853],[127.21634,37.64893]],[[127.21786,37.64846],[127.21842,37.64847]],[[127.21859,37.64838],[127.22168,37.64843],[127.22263,37.64869],[127.22344,37.64917]],[[127.21886,37.28579],[127.21967,37.28524]],[[127.21943,37.28546],[127.21889,37.28581]],[[127.2232,37.71822],[127.22272,37.71846],[127.22106,37.71907],[127.21899,37.72056]],[[127.22251,37.71861],[127.22117,37.71911],[127.21908,37.72062]],[[127.21909,37.64848],[127.21972,37.64844]],[[127.22214,37.71878],[127.2211,37.71923],[127.21914,37.72067]],[[127.2229,37.71843],[127.22214,37.71878],[127.22103,37.71939],[127.2192,37.72072]],[[127.2217,37.71912],[127.22108,37.71943],[127.21924,37.72077]],[[127.2193,37.7208],[127.22113,37.71947],[127.2229,37.71843],[127.2277,37.71495],[127.23001,37.7134]],[[127.22223,37.71883],[127.21937,37.72086]],[[127.23005,37.71343],[127.22601,37.71632],[127.22358,37.71797],[127.22303,37.71842],[127.22126,37.71957],[127.21943,37.7209]],[[127.21947,37.6484],[127.2216,37.64818]],[[127.2224,37.71883],[127.21948,37.72094]],[[127.22223,37.71902],[127.22193,37.7193],[127.21957,37.72101]],[[127.22272,37.71861],[127.22223,37.71902],[127.22194,37.71937],[127.2196,37.72104]],[[127.22248,37.71882],[127.2217,37.71967],[127.21967,37.7211]],[[127.22226,37.71906],[127.22184,37.71965],[127.21972,37.72115]],[[127.22303,37.71842],[127.22251,37.7189],[127.22199,37.71966],[127.2198,37.72121]],[[127.21989,37.2851],[127.22033,37.28487]],[[127.21999,37.64836],[127.22157,37.64837],[127.22193,37.64842],[127.22259,37.64863],[127.22347,37.64915]],[[127.22012,37.72145],[127.22505,37.71804],[127.22809,37.71562]],[[127.22091,37.6484],[127.22025,37.64844]],[[127.22031,37.64832],[127.22161,37.64824]],[[127.22048,37.28476],[127.22095,37.28439]],[[127.22331,37.7182],[127.22288,37.71862],[127.22197,37.71985],[127.22053,37.7209]],[[127.2225,37.71912],[127.22222,37.71962],[127.22187,37.72001],[127.22058,37.72095]],[[127.22268,37.71889],[127.22239,37.71947],[127.22207,37.71989],[127.22061,37.72097]],[[127.22255,37.71915],[127.22237,37.71961],[127.2221,37.71995],[127.22064,37.72102]],[[127.22532,37.71721],[127.22474,37.71747],[127.22296,37.71873]],[[127.223,37.71875],[127.22488,37.71744],[127.22628,37.71683],[127.22662,37.7166]],[[127.22628,37.71683],[127.2248,37.71769],[127.22303,37.71891]],[[127.22523,37.71784],[127.22303,37.71936]],[[127.22304,37.64913],[127.22341,37.64939]],[[127.22305,37.71878],[127.22503,37.7174],[127.22549,37.71721]],[[127.22563,37.71726],[127.22467,37.71783],[127.22306,37.71894]],[[127.226,37.71695],[127.22454,37.71776],[127.22308,37.7188]],[[127.22309,37.71896],[127.22532,37.71748]],[[127.22706,37.71629],[127.22621,37.71694],[127.22563,37.71726],[127.22314,37.719]],[[127.22315,37.71903],[127.22621,37.71694],[127.22595,37.71718],[127.22319,37.71911]],[[127.22595,37.71718],[127.22513,37.71783],[127.22324,37.71913]],[[127.22546,37.71762],[127.22327,37.71916]],[[127.22334,37.7183],[127.2245,37.71745],[127.2264,37.71671],[127.22836,37.71523],[127.22876,37.71458]],[[127.22339,37.71833],[127.22449,37.71753],[127.22536,37.71711]],[[127.224,37.71769],[127.22351,37.71796]],[[127.22396,37.71764],[127.22358,37.71797]],[[127.22368,37.53964],[127.22786,37.53886]],[[127.2237,37.53971],[127.22787,37.53895]],[[127.22385,37.71705],[127.22502,37.71639],[127.22737,37.71465],[127.22809,37.71441]],[[127.22387,37.71711],[127.22502,37.71639]],[[127.22392,37.71719],[127.22491,37.71656],[127.22548,37.71606]],[[127.22526,37.71628],[127.22411,37.71747]],[[127.22424,37.71745],[127.22562,37.71601],[127.22715,37.7149],[127.22757,37.71462],[127.2289,37.71408]],[[127.22883,37.71439],[127.22813,37.71517],[127.2265,37.71639],[127.22565,37.71689],[127.22502,37.71712],[127.22432,37.71748]],[[127.22855,37.71485],[127.22808,37.71542],[127.2264,37.71663],[127.22606,37.71684],[127.22461,37.71732]],[[127.2279,37.7147],[127.2268,37.71542],[127.22463,37.71717]],[[127.22839,37.71471],[127.22811,37.71497],[127.22616,37.7164],[127.22471,37.7172]],[[127.22504,37.71652],[127.22472,37.71693]],[[127.22546,37.71762],[127.22484,37.71818]],[[127.22545,37.7167],[127.22493,37.71697]],[[127.22861,37.71443],[127.22604,37.71636],[127.22499,37.71702]],[[127.22836,37.71484],[127.22788,37.71532],[127.22628,37.71649],[127.22502,37.71712]],[[127.22571,37.717],[127.22518,37.71713]],[[127.22818,37.71455],[127.22758,37.71491],[127.22519,37.71669]],[[127.22727,37.71646],[127.22521,37.71793]],[[127.22801,37.71448],[127.22745,37.71473],[127.22576,37.71596],[127.22521,37.7165]],[[127.22826,37.7146],[127.22597,37.7163],[127.22524,37.71675]],[[127.22808,37.71455],[127.22758,37.71476],[127.22714,37.71507],[127.22559,37.71622],[127.22526,37.71656]],[[127.22892,37.71421],[127.22839,37.71471],[127.22543,37.71682]],[[127.22573,37.71739],[127.22546,37.71762]],[[127.22942,37.71386],[127.22907,37.71415],[127.22818,37.71529],[127.22629,37.71667],[127.22558,37.717]],[[127.22563,37.71641],[127.22818,37.71455],[127.2289,37.71414]],[[127.22565,37.71689],[127.2262,37.71665],[127.22689,37.71617],[127.22813,37.71522],[127.22838,37.71492]],[[127.22811,37.71497],[127.2262,37.71642],[127.22569,37.7167]],[[127.22574,37.71677],[127.22625,37.71646],[127.22793,37.71521],[127.22907,37.71415]],[[127.22947,35.73208],[127.22738,35.7355],[127.22654,35.73709]],[[127.22956,35.73207],[127.22893,35.73336],[127.22751,35.73581],[127.22659,35.73712]],[[127.22802,36.24647],[127.22676,36.24192],[127.22663,36.24074],[127.22668,36.24006]],[[127.22669,36.23993],[127.22677,36.23933]],[[127.22673,37.71646],[127.22706,37.71629],[127.22835,37.71532],[127.22893,37.71444],[127.22927,37.71403]],[[127.22807,36.24646],[127.22789,36.24506],[127.227,36.24196],[127.22674,36.24011]],[[127.22764,36.24432],[127.22689,36.24113]],[[127.22809,37.71562],[127.22743,37.71603]],[[127.22759,37.71591],[127.22791,37.7156]],[[127.22808,37.71455],[127.22746,37.71487],[127.22591,37.71603],[127.22456,37.71715],[127.22576,37.71603],[127.2275,37.71475],[127.22801,37.71448]],[[127.22801,37.71448],[127.22869,37.71419]],[[127.22931,37.71386],[127.22808,37.71455]],[[127.22959,37.71382],[127.22901,37.7144],[127.22854,37.71514],[127.22809,37.71562]],[[127.22814,36.24747],[127.22816,36.2469]],[[127.22825,37.7147],[127.22857,37.71439]],[[127.23001,37.7134],[127.22959,37.71373]],[[127.2296,37.71367],[127.23005,37.71343]],[[127.2382,37.65302],[127.23898,37.653]],[[127.23829,37.65286],[127.23922,37.65297]],[[127.23928,37.65301],[127.24011,37.65301]],[[127.23943,37.55325],[127.23976,37.55261]],[[127.24013,37.55192],[127.23989,37.5524]],[[127.23993,37.55242],[127.24165,37.54973],[127.2429,37.54839],[127.24385,37.54761],[127.2446,37.5471],[127.24586,37.54635],[127.24723,37.54566]],[[127.24058,37.55098],[127.24013,37.55192]],[[127.24679,37.54578],[127.24595,37.54612],[127.24463,37.54677],[127.24355,37.54749],[127.24281,37.54811],[127.2415,37.54958],[127.24066,37.55094],[127.24013,37.55192]],[[127.24045,37.65303],[127.24086,37.65308]],[[127.24058,37.55098],[127.24134,37.54963],[127.24181,37.54903],[127.24269,37.54808],[127.24401,37.54707],[127.24454,37.54673],[127.24535,37.54635]],[[127.24535,37.54635],[127.24411,37.54705],[127.24337,37.54757],[127.24269,37.54816],[127.24151,37.54948],[127.24058,37.55098]],[[127.24068,37.55125],[127.24174,37.54969],[127.24316,37.54823],[127.24445,37.54725],[127.24645,37.54606]],[[127.24232,37.6532],[127.24123,37.6531]],[[127.24124,37.65307],[127.24237,37.65304]],[[127.24679,37.54578],[127.24535,37.54635]],[[127.24719,37.54563],[127.24679,37.54578]],[[127.24844,37.5451],[127.24766,37.5454]],[[127.25185,34.80767],[127.25007,34.80728],[127.24889,34.80693],[127.2481,34.80662]],[[127.25227,37.39932],[127.25193,37.39951]],[[127.25308,37.54247],[127.25261,37.54276]],[[127.25672,37.39743],[127.2561,37.39766]],[[127.26316,36.2742],[127.26463,36.27355],[127.26812,36.27173],[127.27001,36.27062]],[[127.26968,36.27075],[127.26757,36.27172],[127.26474,36.2732],[127.26323,36.27411]],[[127.26362,36.27399],[127.26445,36.27368],[127.26732,36.27222],[127.26786,36.27187]],[[127.2638,36.65508],[127.26418,36.65472],[127.26914,36.65079],[127.2696,36.6505]],[[127.26439,36.27351],[127.26383,36.27384]],[[127.26383,36.6551],[127.26432,36.6548],[127.26923,36.6509],[127.26962,36.65053]],[[127.26407,36.65487],[127.26433,36.65471]],[[127.26757,36.27172],[127.2654,36.27281],[127.26488,36.27313]],[[127.26743,36.65239],[127.26706,36.65276],[127.265,36.65436]],[[127.26574,36.65367],[127.26605,36.65348],[127.26743,36.65239],[127.26794,36.65192]],[[127.26983,36.27067],[127.27048,36.27037]],[[127.27003,36.6502],[127.27029,36.64992]],[[127.2762,35.64743],[127.27464,35.64579],[127.27389,35.64477]],[[127.27484,35.66405],[127.275,35.66383],[127.27657,35.66235]],[[127.2762,35.64743],[127.27607,35.64739],[127.27456,35.6458],[127.27415,35.64522],[127.27414,35.64511],[127.27617,35.64733],[127.2762,35.64743]],[[127.28814,35.63434],[127.28725,35.6349]],[[127.28731,35.63481],[127.28927,35.63352],[127.29225,35.63186],[127.29351,35.63118],[127.29412,35.63102],[127.29352,35.63121],[127.28949,35.63349],[127.28877,35.63399]],[[127.29398,35.63118],[127.28951,35.63371],[127.28813,35.6344]],[[127.28897,35.32537],[127.28887,35.32485]],[[127.28902,35.32561],[127.28926,35.32732],[127.28998,35.33073],[127.29038,35.33212]],[[127.28907,35.3256],[127.28954,35.32729],[127.29008,35.32982],[127.29043,35.33211]],[[127.29035,35.33157],[127.29034,35.33081],[127.2896,35.3273],[127.28935,35.32658]],[[127.28946,35.32682],[127.28965,35.32729],[127.29003,35.32905],[127.29008,35.32957]],[[127.29468,36.60633],[127.29586,36.6001],[127.296,36.59965]],[[127.29581,36.60039],[127.29552,36.6014],[127.2947,36.6061]],[[127.29626,36.59907],[127.29529,36.60398],[127.29484,36.60549]],[[127.29493,36.60638],[127.29512,36.60486],[127.29543,36.60353],[127.29612,36.59988],[127.29613,36.59957]],[[127.29575,36.59999],[127.29495,36.60423],[127.29496,36.60453]],[[127.29511,36.60534],[127.29524,36.60507],[127.2956,36.60366],[127.29633,36.59978],[127.29642,36.59893]],[[127.29517,36.60658],[127.29547,36.60468],[127.29561,36.60415],[127.29601,36.60316],[127.29621,36.60222]],[[127.29529,36.60398],[127.29543,36.60353]],[[127.29538,36.60486],[127.29578,36.60356],[127.29606,36.60209]],[[127.29546,36.6044],[127.29555,36.60388]],[[127.2955,36.60138],[127.29565,36.6009]],[[127.2957,36.60068],[127.29607,36.59867]],[[127.2961,36.60211],[127.29573,36.60384]],[[127.29612,36.59866],[127.2958,36.60014]],[[127.29615,36.60221],[127.29588,36.60355]],[[127.29594,36.60064],[127.29609,36.59917]],[[127.29643,36.5998],[127.29662,36.59792],[127.29682,36.59726],[127.2973,36.59635],[127.29812,36.59539]],[[127.29654,36.60005],[127.29667,36.5994],[127.29657,36.59838]],[[127.29669,36.59874],[127.29668,36.59807],[127.29681,36.5974],[127.2972,36.59663],[127.29762,36.59598],[127.29892,36.5947],[127.30148,36.59246]],[[127.29675,36.59873],[127.29675,36.59782],[127.29706,36.59698]],[[127.29678,36.59871],[127.29681,36.59782],[127.2972,36.59663]],[[127.30198,35.28544],[127.30269,35.28483]],[[127.30285,35.2847],[127.30383,35.28384],[127.30735,35.28106],[127.30848,35.28027]],[[127.30851,35.2803],[127.30706,35.28154],[127.3041,35.28389],[127.30288,35.28473]],[[127.3033,35.28432],[127.30402,35.28363]],[[127.30648,35.28169],[127.30496,35.28283],[127.30402,35.28363]],[[127.30402,35.28363],[127.30737,35.28099],[127.30798,35.28061]],[[127.3076,36.40406],[127.3067,36.40485],[127.30588,36.40587]],[[127.30693,36.40464],[127.3059,36.40588]],[[127.30708,36.4045],[127.30594,36.4059]],[[127.30687,36.40475],[127.30596,36.40592]],[[127.30735,36.40426],[127.30598,36.40594]],[[127.31014,36.40116],[127.30803,36.40363],[127.30748,36.40444],[127.30598,36.40622]],[[127.3076,36.40406],[127.306,36.40595]],[[127.30988,36.63514],[127.306,36.63857]],[[127.30656,37.55625],[127.30601,37.55653]],[[127.30699,36.40476],[127.30603,36.40596]],[[127.30603,36.40627],[127.30744,36.40465],[127.30803,36.40363]],[[127.30715,36.40458],[127.30676,36.40516],[127.30604,36.40597]],[[127.30606,36.40601],[127.30687,36.40511],[127.30739,36.4043]],[[127.30714,36.40501],[127.30608,36.40629]],[[127.31062,36.40015],[127.30998,36.40111],[127.30843,36.40294],[127.30616,36.40539]],[[127.30622,36.63736],[127.3068,36.6368],[127.30713,36.63632],[127.30763,36.63515],[127.30785,36.63475],[127.30819,36.63437],[127.31364,36.62945],[127.314,36.62917],[127.31468,36.62886]],[[127.3067,36.63703],[127.30746,36.63645],[127.30971,36.63517],[127.31029,36.63466],[127.31399,36.63129],[127.31449,36.63073],[127.31534,36.6294],[127.31569,36.629],[127.31638,36.62854]],[[127.31272,37.5535],[127.31084,37.55421],[127.3087,37.55518],[127.30699,37.55606]],[[127.30811,36.40363],[127.30758,36.40467],[127.30699,36.4054]],[[127.31274,37.55354],[127.31085,37.5545],[127.30884,37.55539],[127.30701,37.5561]],[[127.30835,36.40326],[127.30811,36.40363],[127.30759,36.40478],[127.30706,36.40543]],[[127.30782,36.40427],[127.30768,36.40476],[127.30712,36.40546]],[[127.30778,36.40462],[127.30749,36.40517],[127.30719,36.40552]],[[127.31421,36.6307],[127.3139,36.63108],[127.3133,36.63164],[127.30993,36.6347],[127.30906,36.63532],[127.30997,36.63481],[127.31411,36.6311],[127.31512,36.62962],[127.3155,36.62922],[127.31437,36.63001],[127.30787,36.63587],[127.30723,36.6366]],[[127.308,36.40389],[127.30767,36.40495],[127.30755,36.40522],[127.30728,36.40556]],[[127.30735,36.40559],[127.30761,36.40525],[127.30784,36.40463]],[[127.30745,36.40562],[127.30768,36.40528],[127.30793,36.40411]],[[127.30753,36.63539],[127.30789,36.63483],[127.30846,36.63426],[127.31331,36.62989],[127.31364,36.62945]],[[127.3151,36.62949],[127.31397,36.63073],[127.30759,36.63637]],[[127.3076,36.40406],[127.31006,36.40117],[127.31066,36.40038],[127.31118,36.39926],[127.31143,36.39815]],[[127.31506,37.65245],[127.31263,37.65245],[127.31186,37.65255],[127.30961,37.65265],[127.30766,37.65293]],[[127.3115,37.65257],[127.3096,37.6527],[127.30768,37.65302]],[[127.3077,36.63572],[127.30799,36.63504],[127.31369,36.62984],[127.31417,36.62955]],[[127.31419,37.65266],[127.31276,37.65283],[127.3077,37.65306]],[[127.30775,36.63559],[127.30804,36.63482],[127.30848,36.63439],[127.30927,36.6338],[127.31336,36.63005],[127.31356,36.62975],[127.31396,36.62936],[127.31423,36.62914],[127.31508,36.62876]],[[127.30856,36.40302],[127.30807,36.4039],[127.30789,36.40513]],[[127.3152,36.62964],[127.3145,36.63093],[127.31405,36.63137],[127.30988,36.63514],[127.30851,36.63592],[127.30802,36.63613]],[[127.30808,36.40427],[127.30823,36.40368],[127.30862,36.40303]],[[127.30882,36.40269],[127.30828,36.40374],[127.30814,36.40427]],[[127.31425,37.65262],[127.31275,37.6526],[127.30816,37.65293]],[[127.31478,36.62985],[127.3145,36.63034],[127.31389,36.63102],[127.30906,36.63532],[127.30816,36.63605]],[[127.31343,36.62973],[127.30824,36.63433]],[[127.3085,36.63422],[127.30879,36.63404],[127.31368,36.62964]],[[127.30866,36.63425],[127.31254,36.63065],[127.31352,36.62982]],[[127.30867,35.28012],[127.30911,35.27983]],[[127.31345,36.62991],[127.30891,36.63404]],[[127.30895,36.40246],[127.30938,36.40206]],[[127.30899,37.65284],[127.30963,37.65274],[127.31267,37.65257],[127.31363,37.65259]],[[127.30901,36.40247],[127.30929,36.40205]],[[127.31059,36.40032],[127.3095,36.4018]],[[127.30955,36.40159],[127.30987,36.4013]],[[127.31014,36.40116],[127.3098,36.40147]],[[127.3144,36.39264],[127.31278,36.39501],[127.31174,36.3971],[127.31125,36.39921],[127.31096,36.39994],[127.31062,36.40053],[127.31014,36.40116]],[[127.31142,35.3731],[127.31196,35.37349]],[[127.31504,37.65248],[127.31186,37.65255]],[[127.31206,36.63007],[127.31279,36.6295],[127.31332,36.62926],[127.3168,36.62831]],[[127.31267,37.65257],[127.31212,37.65254]],[[127.31216,35.37362],[127.31377,35.37477],[127.31725,35.377],[127.31864,35.3778]],[[127.31867,35.37777],[127.31744,35.37688],[127.31387,35.37458],[127.31219,35.3736]],[[127.31663,36.62845],[127.31587,36.62902],[127.31531,36.62962],[127.31452,36.631],[127.31322,36.63224],[127.31222,36.63303]],[[127.31272,35.3739],[127.31359,35.37436],[127.3176,35.37693],[127.31819,35.37743]],[[127.31603,36.62909],[127.31499,36.63048],[127.31457,36.63094]],[[127.31475,36.63078],[127.31568,36.62999]],[[127.31503,36.63011],[127.31555,36.62943],[127.31653,36.62851]],[[127.31526,36.63036],[127.31582,36.62971]],[[127.32203,36.61712],[127.31829,36.61445],[127.31727,36.61401],[127.3163,36.61382]],[[127.32219,36.61694],[127.31855,36.61431],[127.31784,36.61394],[127.31723,36.61374]],[[127.31879,35.3779],[127.3194,35.37824]],[[127.31945,36.61514],[127.31879,36.61471]],[[127.31929,35.37807],[127.31978,35.37833]],[[127.32036,36.61574],[127.31955,36.61521]],[[127.32066,36.61596],[127.32099,36.61625]],[[127.32098,36.61619],[127.32139,36.61643]],[[127.32114,36.61636],[127.3215,36.61667]],[[127.32807,36.62166],[127.32723,36.62127],[127.3238,36.61879],[127.32156,36.61672]],[[127.32219,36.61694],[127.32165,36.61662]],[[127.32833,36.62175],[127.32754,36.62129],[127.32334,36.61825],[127.32197,36.61701]],[[127.32939,36.62222],[127.32826,36.62127],[127.32219,36.61694]],[[127.32872,36.62194],[127.32751,36.62132],[127.32331,36.61828],[127.32243,36.61752]],[[127.329,36.6219],[127.32829,36.62124],[127.3233,36.61763],[127.32248,36.61711]],[[127.32657,36.55453],[127.32357,36.55882],[127.32248,36.5605]],[[127.32252,36.56051],[127.32311,36.55976],[127.32662,36.55454]],[[127.32917,36.6222],[127.32757,36.62126],[127.32389,36.6186],[127.32266,36.61764]],[[127.32942,36.62235],[127.32858,36.62191],[127.32753,36.6216],[127.32698,36.62132],[127.32381,36.61903],[127.32295,36.61803]],[[127.32841,36.62185],[127.32714,36.62133],[127.32387,36.61897],[127.32317,36.61829]],[[127.32875,36.62199],[127.32736,36.62131],[127.32333,36.61839]],[[127.32796,36.62172],[127.32734,36.62148],[127.32701,36.62129],[127.32398,36.61911],[127.32339,36.61857]],[[127.32784,36.62163],[127.32708,36.62123],[127.32349,36.61861]],[[127.32461,37.54807],[127.32602,37.54728],[127.32995,37.54545],[127.33165,37.54475]],[[127.33168,37.54478],[127.3301,37.54567],[127.32807,37.54662],[127.32704,37.54701],[127.32464,37.5481]],[[127.33107,37.54499],[127.32995,37.54542],[127.3259,37.5473],[127.32518,37.54775]],[[127.3298,37.54546],[127.32614,37.54712],[127.32535,37.54762]],[[127.33127,36.61657],[127.32933,36.61815],[127.3257,36.62141]],[[127.33451,36.61375],[127.33178,36.61611],[127.32585,36.62148]],[[127.3259,37.5473],[127.3298,37.54546],[127.3304,37.54524]],[[127.32597,36.62157],[127.33271,36.61551],[127.33456,36.61378]],[[127.32609,36.62169],[127.32963,36.6185],[127.33168,36.61645]],[[127.32934,36.62224],[127.32883,36.62192]],[[127.32998,36.6227],[127.32957,36.62236]],[[127.32976,35.49625],[127.32994,35.49569]],[[127.33005,35.49542],[127.33018,35.49494]],[[127.33018,35.49494],[127.33061,35.49334],[127.33181,35.49047],[127.33209,35.48999]],[[127.33018,35.49494],[127.33069,35.49335],[127.33192,35.49035],[127.33232,35.48953]],[[127.33236,35.48955],[127.33201,35.49064],[127.33026,35.49505]],[[127.33031,36.62295],[127.32987,36.62267],[127.33202,36.6242],[127.33302,36.62462],[127.33408,36.62485]],[[127.3305,36.62308],[127.33095,36.62335]],[[127.3319,35.49028],[127.33165,35.49068],[127.3312,35.492]],[[127.33203,37.54455],[127.33243,37.5444]],[[127.33261,35.48871],[127.33298,35.48781]],[[127.33855,36.25488],[127.33807,36.25378]],[[127.34043,36.25925],[127.34029,36.25907],[127.34004,36.25854],[127.33811,36.25377]],[[127.34061,36.25957],[127.34021,36.2588],[127.33944,36.25694],[127.33848,36.25451],[127.33832,36.25391]],[[127.34068,36.25961],[127.34041,36.25878],[127.33903,36.25531],[127.33833,36.25381]],[[127.3399,36.25747],[127.33907,36.25529],[127.33877,36.25468]],[[127.33896,36.25591],[127.33891,36.25559]],[[127.33957,36.25655],[127.33944,36.25608],[127.33911,36.25539]],[[127.34082,36.26004],[127.34074,36.25969]],[[127.34293,37.35142],[127.34246,37.35159]],[[127.34354,37.35126],[127.34555,37.35058],[127.34722,37.35012],[127.34888,37.34976]],[[127.34889,37.34979],[127.34726,37.35036],[127.34486,37.35101],[127.34355,37.35128]],[[127.34417,37.35115],[127.34488,37.35105],[127.34757,37.35032],[127.3482,37.35004]],[[127.34744,36.5364],[127.35545,36.53466],[127.36473,36.53276],[127.36837,36.5319]],[[127.34885,36.53997],[127.34892,36.54047]],[[127.34893,36.54059],[127.34891,36.54108]],[[127.34916,36.54772],[127.34914,36.54582],[127.34898,36.54238]],[[127.34899,36.54207],[127.34893,36.54296],[127.34918,36.54805]],[[127.34916,36.54843],[127.34929,36.54697],[127.34926,36.545],[127.34913,36.54253],[127.34904,36.54207]],[[127.35331,36.53497],[127.35827,36.5339]],[[127.35607,36.53448],[127.35557,36.53463]],[[127.35657,36.30001],[127.35671,36.29896],[127.35723,36.29731],[127.35727,36.29699]],[[127.35673,36.29926],[127.35692,36.29842],[127.35717,36.29765]],[[127.35673,36.30174],[127.35652,36.30082],[127.35657,36.30001],[127.3569,36.2986],[127.35712,36.29786],[127.35727,36.29759]],[[127.35712,36.29786],[127.35731,36.29702]],[[127.35728,36.29728],[127.35736,36.29704]],[[127.35743,36.29736],[127.35737,36.29781],[127.35684,36.29994],[127.35681,36.30095],[127.35691,36.30157],[127.35714,36.30219],[127.35827,36.30387]],[[127.35826,36.30393],[127.35732,36.30289],[127.35695,36.30226],[127.35673,36.30174],[127.35658,36.30103],[127.35661,36.3],[127.35672,36.29947],[127.35708,36.29813],[127.35747,36.29696]],[[127.35768,36.29634],[127.35753,36.29676]],[[127.35827,36.5339],[127.35756,36.53413]],[[127.35793,36.53409],[127.35894,36.53395]],[[127.35827,36.5339],[127.36643,36.53213],[127.36808,36.53189],[127.36724,36.53194]],[[127.35852,35.40652],[127.35873,35.40708]],[[127.35886,35.40734],[127.35964,35.40926],[127.36095,35.41196],[127.36172,35.41331]],[[127.35891,35.40733],[127.35974,35.40884],[127.36104,35.41155],[127.36176,35.41329]],[[127.35925,36.53381],[127.3601,36.53368]],[[127.35934,35.44347],[127.36021,35.44244],[127.36279,35.43973],[127.36391,35.4387]],[[127.35936,35.40817],[127.35986,35.40888],[127.36169,35.41279]],[[127.36395,35.43872],[127.36299,35.43984],[127.36103,35.4419],[127.35938,35.4435]],[[127.36078,35.4109],[127.35954,35.40841]],[[127.36033,36.53335],[127.35961,36.53354]],[[127.36135,35.41265],[127.36086,35.41189],[127.35964,35.40926]],[[127.36045,36.53337],[127.35969,36.53362]],[[127.36358,35.43914],[127.36315,35.43974],[127.36122,35.44177],[127.36075,35.44218]],[[127.36669,36.53203],[127.36084,36.5333]],[[127.36104,35.41155],[127.36085,35.41105]],[[127.36728,36.53225],[127.36568,36.53274],[127.36265,36.53339],[127.36101,36.53357]],[[127.36173,35.41278],[127.36105,35.41146]],[[127.3612,36.53319],[127.36236,36.53288],[127.36464,36.53239],[127.36536,36.53229]],[[127.36689,36.53237],[127.36139,36.53352]],[[127.36658,36.53247],[127.36177,36.53349]],[[127.36223,35.41425],[127.3618,35.41348]],[[127.36436,35.43823],[127.36506,35.43757]],[[127.36813,36.53207],[127.36665,36.5325]]]}},{"type":"Feature","properties":{"g":"kr"},"geometry":{"type":"MultiLineString","coordinates":[[[127.36837,36.5319],[127.36762,36.53218]],[[127.36837,36.5319],[127.36875,36.53178]],[[127.37043,36.53384],[127.37647,36.53073],[127.37716,36.53043]],[[127.37868,36.53006],[127.37784,36.5302],[127.37732,36.53036],[127.37046,36.53388]],[[127.37136,37.52765],[127.37107,37.52794]],[[127.3761,37.52171],[127.37538,37.52248],[127.37355,37.52466],[127.3723,37.52626],[127.37157,37.52732]],[[127.37613,37.52173],[127.37466,37.52374],[127.37255,37.52638],[127.37163,37.52733]],[[127.37164,35.20492],[127.37175,35.20435]],[[127.37345,35.19844],[127.37314,35.19989],[127.37219,35.20326],[127.37181,35.2043]],[[127.3734,35.19843],[127.37293,35.19976],[127.3724,35.20164],[127.37203,35.20305],[127.37182,35.20409]],[[127.37447,37.52396],[127.3726,37.5264],[127.37203,37.52693]],[[127.3737,36.52118],[127.37314,36.52785]],[[127.37405,35.19649],[127.37329,35.19921]],[[127.3734,35.19885],[127.37374,35.19774],[127.37384,35.19721]],[[127.37775,36.53009],[127.3773,36.53009],[127.37675,36.53019],[127.37486,36.5311]],[[127.37502,36.53154],[127.3755,36.53123]],[[127.37651,37.52114],[127.37629,37.52151]],[[127.37885,37.68104],[127.37878,37.68057]],[[127.37895,37.68123],[127.37951,37.68295],[127.38014,37.68547],[127.3803,37.68654]],[[127.38024,37.68656],[127.37991,37.68565],[127.37966,37.68474],[127.37923,37.683],[127.37905,37.68182]],[[127.37911,37.68238],[127.37911,37.68267],[127.37976,37.68539]],[[127.37911,37.68267],[127.37912,37.68289],[127.37976,37.68539]],[[127.37976,37.68539],[127.37986,37.68579],[127.38012,37.68623]],[[127.37986,37.68579],[127.38103,37.68996],[127.38143,37.69106]],[[127.38034,37.68691],[127.38044,37.68716]],[[127.38629,36.50433],[127.38646,36.50331],[127.38803,36.50154],[127.38904,36.50022],[127.3922,36.49747],[127.39306,36.49689]],[[127.38657,36.50318],[127.38676,36.50282],[127.38911,36.50011],[127.3933,36.49643],[127.39384,36.49603]],[[127.38671,36.50368],[127.38721,36.50278],[127.38801,36.50178]],[[127.38675,36.50369],[127.38726,36.5028],[127.38784,36.50203]],[[127.38686,36.50355],[127.38756,36.50245]],[[127.38789,36.50186],[127.38855,36.50103],[127.38949,36.50001],[127.39258,36.49732]],[[127.39265,36.49746],[127.39281,36.49724],[127.39232,36.49781],[127.39004,36.49975],[127.38798,36.50183]],[[127.38808,36.50158],[127.38828,36.50122]],[[127.39207,36.49773],[127.38962,36.49984],[127.38855,36.50099],[127.38819,36.50148]],[[127.38933,36.50046],[127.39229,36.49787],[127.39265,36.49746]],[[127.39265,36.49746],[127.39237,36.49788],[127.38951,36.5003]],[[127.38973,36.50015],[127.39086,36.49917]],[[127.39142,37.51452],[127.39356,37.51499],[127.3941,37.51522],[127.39575,37.51612],[127.39648,37.51638],[127.39715,37.51653]],[[127.39241,36.49724],[127.3939,36.49603]],[[127.39271,36.49701],[127.39486,36.49545],[127.39645,36.49472]],[[127.39276,36.49708],[127.39409,36.496],[127.39486,36.4955],[127.39688,36.49462]],[[127.39337,37.51493],[127.39295,37.51479]],[[127.39296,37.51475],[127.39333,37.51487]],[[127.39321,36.49651],[127.39363,36.49624]],[[127.40235,37.51699],[127.3957,37.51554],[127.39356,37.51499]],[[127.39394,37.51509],[127.39537,37.5156],[127.40171,37.51695]],[[127.40067,37.51692],[127.39585,37.5159],[127.39549,37.51581],[127.3941,37.51522]],[[127.39523,37.51543],[127.39419,37.51506]],[[127.40317,37.51702],[127.4011,37.51644],[127.39535,37.51519],[127.39421,37.51502]],[[127.39434,37.51524],[127.3955,37.51559],[127.40089,37.51675],[127.40124,37.51688]],[[127.40067,37.51676],[127.39984,37.51664],[127.39536,37.51565],[127.39447,37.51537]],[[127.39451,37.51517],[127.39578,37.5155],[127.40187,37.51682]],[[127.40263,37.51686],[127.40201,37.51662],[127.40117,37.51642],[127.39539,37.51516],[127.39456,37.51506]],[[127.39467,37.51553],[127.39596,37.51608],[127.4002,37.51696]],[[127.40143,37.51694],[127.39983,37.51673],[127.3957,37.51582],[127.39496,37.51558]],[[127.39513,37.51579],[127.39578,37.51607],[127.39957,37.5169],[127.40045,37.51697],[127.40187,37.51696],[127.40372,37.51717]],[[127.39518,37.51576],[127.39603,37.51605],[127.39957,37.51683],[127.40108,37.51695]],[[127.40089,37.51689],[127.39575,37.51577],[127.39536,37.51565]],[[127.39564,37.51591],[127.39939,37.51679]],[[127.3957,37.51554],[127.40209,37.51697]],[[127.40051,37.51707],[127.4018,37.51702],[127.40347,37.51717],[127.40779,37.51816],[127.40949,37.51846]],[[127.40192,36.32542],[127.40053,36.3294]],[[127.40182,36.326],[127.40201,36.325],[127.40337,36.32125],[127.40368,36.32023]],[[127.40187,37.51682],[127.40316,37.51705]],[[127.40187,37.51682],[127.40279,37.51703]],[[127.40341,36.31745],[127.40367,36.31895],[127.40372,36.31959],[127.40364,36.32043],[127.40341,36.32127],[127.40232,36.32427],[127.40188,36.32583]],[[127.40197,36.32511],[127.40208,36.32467],[127.40356,36.32065]],[[127.40383,36.32091],[127.40377,36.32142],[127.40258,36.32471],[127.40206,36.32568]],[[127.40383,36.32036],[127.40377,36.32129],[127.40254,36.3247],[127.40219,36.32548]],[[127.40383,36.32119],[127.40377,36.32159],[127.40308,36.32332]],[[127.40376,37.51722],[127.40319,37.51709]],[[127.40348,36.31745],[127.40382,36.31893],[127.40384,36.32015],[127.40362,36.32151],[127.40324,36.32257]],[[127.4174,36.35489],[127.41723,36.35579],[127.41724,36.35645],[127.41743,36.35741],[127.41766,36.3582],[127.4191,36.36071],[127.41987,36.36189]],[[127.41963,36.36439],[127.41936,36.36374],[127.41816,36.35986]],[[127.42345,36.37686],[127.42359,36.37625],[127.42355,36.37581],[127.42198,36.37089],[127.41925,36.3618],[127.41896,36.36095],[127.41825,36.35926]],[[127.4183,36.35998],[127.4199,36.36193],[127.42027,36.36256],[127.4206,36.36328],[127.42131,36.36554],[127.42163,36.36731],[127.4215,36.36843],[127.42151,36.36881]],[[127.41975,36.36477],[127.4197,36.3644],[127.4192,36.36272],[127.41856,36.36071],[127.41831,36.36025]],[[127.41834,36.36057],[127.41936,36.36387],[127.41949,36.36414]],[[127.4197,36.3644],[127.41919,36.36241],[127.41841,36.36021]],[[127.41854,36.36055],[127.41871,36.36081],[127.4197,36.36396]],[[127.41864,36.3604],[127.41896,36.36095]],[[127.42413,36.40593],[127.41872,36.39883]],[[127.41873,36.36037],[127.41904,36.3609]],[[127.42166,36.40313],[127.4208,36.40222],[127.42003,36.40122],[127.41967,36.40066],[127.41906,36.39945]],[[127.41911,36.36136],[127.42006,36.36307]],[[127.41916,36.36105],[127.41967,36.36175],[127.42025,36.36278],[127.42108,36.36536]],[[127.41916,36.39938],[127.42052,36.40134],[127.42298,36.40456]],[[127.41927,36.39984],[127.41952,36.40049],[127.41987,36.40107],[127.42081,36.4023],[127.42143,36.40288]],[[127.41939,36.36138],[127.42002,36.36256],[127.42069,36.36464],[127.42125,36.36593]],[[127.41995,36.36271],[127.41943,36.36164]],[[127.41944,36.36444],[127.41989,36.36556],[127.4212,36.3698],[127.42194,36.37225],[127.42211,36.37315]],[[127.41944,36.39964],[127.42421,36.40583]],[[127.41955,36.36167],[127.42011,36.36324]],[[127.41972,36.36278],[127.42034,36.36478]],[[127.4219,36.37073],[127.42158,36.37001],[127.41989,36.36451],[127.41974,36.36355]],[[127.41988,36.36516],[127.41836,36.3604],[127.41796,36.35939],[127.41875,36.36083],[127.41944,36.36286],[127.41966,36.36369],[127.41977,36.36444]],[[127.42194,36.37225],[127.42186,36.37179],[127.42018,36.36629],[127.41979,36.36526]],[[127.41985,36.36205],[127.42018,36.36284],[127.42078,36.36474],[127.4212,36.36562]],[[127.41985,36.36392],[127.41992,36.36444],[127.42169,36.37026]],[[127.41986,36.36477],[127.42002,36.36566],[127.42018,36.36615]],[[127.42181,36.37031],[127.42163,36.36988],[127.41988,36.36413]],[[127.42241,36.40398],[127.42205,36.40364],[127.42006,36.401],[127.41989,36.40058]],[[127.42167,36.37034],[127.42143,36.3697],[127.41989,36.36451]],[[127.42139,36.36613],[127.42056,36.36334],[127.4199,36.36193]],[[127.42294,36.40409],[127.42037,36.40061],[127.41993,36.40022]],[[127.41998,36.4008],[127.422,36.40348],[127.42279,36.40436]],[[127.41998,36.36548],[127.41988,36.36516],[127.41977,36.36444],[127.41978,36.36377],[127.41986,36.36477],[127.42127,36.36936],[127.42153,36.37002]],[[127.42001,36.36234],[127.42024,36.36285],[127.42093,36.36505]],[[127.42002,36.36256],[127.42065,36.36473],[127.42102,36.36535]],[[127.42003,36.36585],[127.42061,36.36752],[127.42186,36.37179]],[[127.42084,36.36507],[127.4205,36.36447],[127.42011,36.36324]],[[127.42011,36.36324],[127.42043,36.36458],[127.42101,36.36552],[127.42133,36.36646],[127.42142,36.36727],[127.42135,36.36801]],[[127.42139,36.36842],[127.42126,36.36744],[127.42041,36.3647],[127.42023,36.36404],[127.42016,36.36355]],[[127.42023,36.36404],[127.42033,36.36475],[127.42206,36.37059],[127.42264,36.37155],[127.42285,36.37206],[127.42323,36.37343]],[[127.42027,36.36256],[127.42153,36.36463],[127.422,36.36563],[127.42341,36.37037],[127.42373,36.37221]],[[127.42028,36.36269],[127.4214,36.36642]],[[127.42126,36.36744],[127.42086,36.36597],[127.42044,36.36479]],[[127.42045,36.36284],[127.42093,36.36374]],[[127.4206,36.36283],[127.42095,36.36359]],[[127.4206,36.36328],[127.42105,36.36421],[127.42144,36.36547],[127.4215,36.36571],[127.42151,36.36647]],[[127.42072,36.36362],[127.42092,36.36408],[127.4213,36.36535],[127.42145,36.36643]],[[127.42137,36.3677],[127.42133,36.3667],[127.42072,36.36507]],[[127.42394,36.37338],[127.42358,36.37232],[127.42333,36.37122],[127.42132,36.36459],[127.42114,36.36417],[127.42079,36.36366]],[[127.42154,36.36689],[127.42137,36.36541],[127.42092,36.36394]],[[127.42095,36.36389],[127.42126,36.36452],[127.42189,36.3666],[127.42294,36.37017],[127.42321,36.37142],[127.42393,36.37354],[127.42403,36.37418],[127.42398,36.3753],[127.42366,36.37772],[127.42349,36.37843],[127.42322,36.37889],[127.42285,36.37928],[127.42232,36.3798],[127.42186,36.38013]],[[127.42105,36.36383],[127.42205,36.36591],[127.42327,36.37007],[127.42348,36.3709],[127.42361,36.37178]],[[127.42108,36.36414],[127.42237,36.36846],[127.42257,36.36891]],[[127.42197,36.37084],[127.42119,36.36946]],[[127.42128,36.36431],[127.42345,36.37162],[127.42352,36.37204],[127.42294,36.37017]],[[127.42169,36.37203],[127.42131,36.37066]],[[127.4214,36.36642],[127.42147,36.3666]],[[127.42142,36.36727],[127.42146,36.367],[127.4214,36.36642]],[[127.42152,36.36654],[127.42194,36.36794],[127.42253,36.36903],[127.42284,36.37008],[127.42291,36.37043],[127.42293,36.37144]],[[127.42153,36.36559],[127.42226,36.36829],[127.42238,36.36849]],[[127.42394,36.37338],[127.42373,36.37221],[127.42156,36.36489]],[[127.42163,36.36798],[127.42257,36.37131]],[[127.42163,36.36731],[127.42179,36.36839],[127.42245,36.37051],[127.42266,36.37098]],[[127.42163,36.3676],[127.42163,36.36837],[127.42171,36.3687],[127.42237,36.37083],[127.42276,36.37185]],[[127.42289,36.37121],[127.42283,36.37063],[127.42232,36.36897],[127.4217,36.36764]],[[127.42172,36.36947],[127.42186,36.37048]],[[127.42174,36.40241],[127.42202,36.4027],[127.42265,36.40358],[127.42287,36.40398]],[[127.42349,36.37135],[127.42334,36.37052],[127.42211,36.36627],[127.42174,36.36524]],[[127.42288,36.37145],[127.42266,36.37098],[127.42174,36.36802]],[[127.42189,36.36569],[127.4233,36.3707]],[[127.42196,36.36821],[127.42221,36.36851],[127.42241,36.36895],[127.42285,36.37048],[127.42291,36.37094]],[[127.42211,36.37315],[127.4229,36.37576],[127.42319,36.377],[127.42319,36.3775],[127.4231,36.37801],[127.42295,36.37845],[127.42262,36.37905]],[[127.42211,36.37315],[127.42212,36.37336]],[[127.42334,36.37716],[127.42325,36.37624],[127.42266,36.37438],[127.42213,36.37305],[127.42206,36.37255],[127.42212,36.37133]],[[127.42213,37.73338],[127.42306,37.73378]],[[127.42333,36.37674],[127.42222,36.37333]],[[127.42233,36.37364],[127.42312,36.376]],[[127.42235,36.37358],[127.42256,36.3739],[127.42328,36.3762],[127.42338,36.37659],[127.42334,36.37697]],[[127.4224,36.37075],[127.42285,36.37146]],[[127.42277,36.37507],[127.42255,36.37468]],[[127.42279,36.37338],[127.42305,36.3739],[127.42366,36.37461],[127.42378,36.37485],[127.42387,36.37551],[127.42379,36.37605],[127.42334,36.37716],[127.42311,36.3782],[127.42264,36.37916]],[[127.42308,36.37116],[127.42284,36.37008]],[[127.42286,36.37163],[127.42287,36.37214]],[[127.42306,36.37551],[127.4229,36.3747]],[[127.42293,36.37165],[127.42292,36.37168]],[[127.42321,36.36916],[127.42293,36.36841]],[[127.42297,36.37165],[127.42298,36.37168]],[[127.42302,36.37163],[127.42305,36.37165]],[[127.42325,37.73387],[127.42569,37.73493],[127.43037,37.73725]],[[127.42339,37.73398],[127.42495,37.73484],[127.42848,37.73653],[127.43016,37.73722]],[[127.42379,36.37605],[127.42395,36.37552]],[[127.42387,36.37609],[127.42387,36.37551]],[[127.42391,36.37732],[127.4241,36.37536],[127.42408,36.37423],[127.42397,36.37338]],[[127.42401,36.37363],[127.42394,36.37338]],[[127.42409,36.37443],[127.424,36.37514]],[[127.42541,35.09043],[127.42552,35.09089]],[[127.42559,35.0911],[127.42603,35.09257],[127.42718,35.09579],[127.42776,35.09716]],[[127.42564,35.09109],[127.42625,35.09254],[127.42742,35.0958],[127.4278,35.09714]],[[127.42574,35.09159],[127.42584,35.09212],[127.42606,35.09281],[127.42714,35.09584],[127.42755,35.09667]],[[127.42579,35.09187],[127.42588,35.09242],[127.42693,35.09522]],[[127.42876,36.4475],[127.42737,36.4528],[127.42693,36.4549]],[[127.427,36.45414],[127.42729,36.45246],[127.42827,36.44833],[127.42863,36.44759]],[[127.42704,36.45389],[127.42868,36.44748]],[[127.42704,36.45369],[127.42706,36.45332],[127.42757,36.451],[127.42821,36.44841],[127.42845,36.44788]],[[127.42715,36.45433],[127.42747,36.45284],[127.42857,36.44869],[127.42884,36.44718]],[[127.4272,36.45322],[127.42732,36.453]],[[127.42721,36.45265],[127.42724,36.45223],[127.42758,36.45071],[127.42818,36.44841],[127.42833,36.44811]],[[127.42751,36.42476],[127.42696,36.42363],[127.4269,36.42347],[127.42692,36.42298],[127.4272,36.42247],[127.42808,36.42175],[127.42825,36.42156],[127.42844,36.4212]],[[127.42766,36.45195],[127.42774,36.45185]],[[127.42901,36.42894],[127.42771,36.42655]],[[127.42781,36.4516],[127.428,36.45106],[127.42912,36.44671],[127.42924,36.44578],[127.42916,36.44444],[127.42857,36.44268]],[[127.42787,35.09746],[127.42805,35.09786]],[[127.42791,36.45139],[127.42811,36.45079],[127.42885,36.44759]],[[127.4324,36.43079],[127.43174,36.43046],[127.43014,36.42999],[127.42976,36.42978],[127.42935,36.42938],[127.42829,36.42743],[127.42791,36.42694]],[[127.42803,36.42709],[127.42921,36.42932],[127.42966,36.42976],[127.43014,36.42999]],[[127.42805,36.42289],[127.42797,36.42353],[127.42808,36.42393],[127.429,36.42566]],[[127.42843,36.42438],[127.42812,36.42373],[127.42807,36.42335]],[[127.42836,36.4244],[127.42808,36.42374],[127.428,36.42327],[127.42819,36.42243]],[[127.42822,36.3421],[127.43006,36.34043],[127.43107,36.33888],[127.43127,36.33846],[127.43111,36.33888]],[[127.42848,36.42436],[127.42819,36.42382],[127.42805,36.42323],[127.4283,36.4219]],[[127.42882,36.42424],[127.42839,36.42326],[127.42833,36.42289],[127.42833,36.42234]],[[127.42878,36.42425],[127.42838,36.42343],[127.42829,36.4231],[127.42834,36.42196]],[[127.42887,36.42424],[127.42846,36.42338],[127.42838,36.42306],[127.42833,36.42212],[127.42836,36.42173]],[[127.42856,36.42433],[127.42838,36.42396]],[[127.42898,36.42418],[127.42862,36.42353],[127.42851,36.4232],[127.42838,36.42209]],[[127.42893,36.42421],[127.42845,36.4232],[127.42838,36.42237]],[[127.43218,36.43064],[127.4317,36.43037],[127.43132,36.43006],[127.43111,36.42977],[127.42803,36.42401],[127.42791,36.42367],[127.42791,36.42327],[127.4284,36.4214]],[[127.42875,36.42428],[127.42833,36.42339],[127.42826,36.4231],[127.4283,36.4219],[127.42841,36.42136]],[[127.42861,36.42431],[127.42843,36.42394]],[[127.42889,36.4242],[127.42859,36.42361],[127.42845,36.4232]],[[127.42902,36.42417],[127.42859,36.42329],[127.42847,36.42247]],[[127.42866,36.42429],[127.42848,36.42393]],[[127.4291,36.42415],[127.42862,36.42317],[127.42851,36.42262]],[[127.42851,36.42463],[127.42904,36.42565]],[[127.42852,36.42169],[127.42866,36.42245],[127.42944,36.42401]],[[127.42949,36.424],[127.42866,36.42229],[127.42852,36.42169],[127.42852,36.42141]],[[127.42855,36.41949],[127.42869,36.42001],[127.4286,36.4207],[127.42861,36.42123],[127.42878,36.42169],[127.42992,36.42384]],[[127.42915,36.42413],[127.42864,36.42308],[127.42838,36.42209],[127.42839,36.42147],[127.42856,36.42085]],[[127.42856,36.44919],[127.42883,36.44784]],[[127.42906,36.42416],[127.42866,36.42336],[127.42857,36.423]],[[127.42955,36.42398],[127.42893,36.4228],[127.42866,36.42211],[127.4286,36.42177]],[[127.42862,36.4492],[127.42886,36.44815],[127.42899,36.44708]],[[127.42967,36.42392],[127.42888,36.42245],[127.42862,36.42183],[127.42851,36.42126],[127.42864,36.4205]],[[127.42864,36.4219],[127.42897,36.4228],[127.42959,36.42395]],[[127.42866,36.44921],[127.42888,36.44829],[127.4289,36.44787]],[[127.42894,36.44754],[127.42893,36.44826],[127.42871,36.44922]],[[127.42878,36.44774],[127.42893,36.44733]],[[127.43105,36.42439],[127.43056,36.42393],[127.42994,36.42347],[127.42961,36.4231],[127.4289,36.42162],[127.42882,36.42114],[127.42887,36.42059]],[[127.4294,36.42546],[127.42892,36.42452]],[[127.4352,36.43326],[127.43503,36.43166],[127.43471,36.43078],[127.43058,36.42313],[127.42893,36.4202]],[[127.42895,36.42199],[127.42921,36.42231]],[[127.42946,36.42544],[127.42896,36.42451]],[[127.42905,36.42048],[127.43479,36.43107],[127.43504,36.43194],[127.43509,36.43239]],[[127.42911,36.42588],[127.4313,36.42994],[127.43151,36.43016],[127.43314,36.4313],[127.43366,36.43154]],[[127.42912,36.44671],[127.42949,36.44544],[127.42999,36.44488],[127.43048,36.44452],[127.43271,36.44322],[127.43359,36.44236],[127.43539,36.43987],[127.43574,36.43903],[127.43586,36.43831],[127.43585,36.4378],[127.43544,36.43447],[127.43508,36.43272],[127.43454,36.43152],[127.43381,36.43029],[127.43295,36.4286],[127.43275,36.42796],[127.43269,36.42739],[127.43083,36.42402],[127.42908,36.42152],[127.42894,36.42115],[127.42879,36.42002],[127.42859,36.41943],[127.42931,36.42118],[127.43087,36.42408]],[[127.42922,36.42094],[127.43465,36.43096],[127.4348,36.43131],[127.43509,36.43239],[127.43519,36.43319]],[[127.43009,36.42696],[127.42945,36.42573]],[[127.42972,36.4239],[127.42951,36.42349]],[[127.42976,36.42389],[127.42955,36.42348]],[[127.43333,36.4313],[127.43268,36.4309],[127.43212,36.43037],[127.4296,36.4257]],[[127.42961,36.4231],[127.43067,36.42507]],[[127.42969,36.42566],[127.43226,36.43039],[127.43311,36.43111]],[[127.4327,36.33419],[127.43241,36.33515],[127.43149,36.33748],[127.43076,36.33897],[127.43018,36.33991]],[[127.4339,36.43133],[127.43321,36.43045],[127.43043,36.42539]],[[127.43051,36.42537],[127.43293,36.42986],[127.43328,36.43046],[127.43386,36.43126]],[[127.43052,36.42703],[127.4321,36.42998],[127.43257,36.43057],[127.43315,36.43115],[127.43374,36.4316],[127.43432,36.4319]],[[127.43054,37.73739],[127.43152,37.73781]],[[127.43074,37.73741],[127.43413,37.73905]],[[127.43328,36.43055],[127.43282,36.43003],[127.43247,36.42948],[127.43192,36.42842],[127.43099,36.42688]],[[127.43109,36.42684],[127.43268,36.42971],[127.43317,36.43038]],[[127.43126,36.33827],[127.43144,36.33799]],[[127.43127,36.42457],[127.43133,36.42479]],[[127.43131,36.33863],[127.43139,36.33833]],[[127.43132,36.42453],[127.43189,36.42509],[127.4344,36.42979],[127.43504,36.43148],[127.43547,36.43441]],[[127.43133,36.42811],[127.43234,36.42998],[127.43314,36.43079]],[[127.43409,36.43154],[127.43366,36.43093],[127.43135,36.42674]],[[127.43355,36.43117],[127.43236,36.42994],[127.43137,36.42808]],[[127.43371,36.43141],[127.43307,36.43096],[127.4323,36.43013],[127.43139,36.42842]],[[127.43142,36.42672],[127.43331,36.43008],[127.4337,36.43091],[127.43409,36.43154],[127.43484,36.43238],[127.4351,36.43285]],[[127.43142,36.42807],[127.43241,36.42994],[127.43383,36.43141]],[[127.43144,36.42475],[127.43165,36.42502],[127.43276,36.42705],[127.4346,36.43058]],[[127.43145,36.42841],[127.43248,36.43024],[127.43293,36.43076],[127.4345,36.43205]],[[127.4342,36.43169],[127.43383,36.43141],[127.43242,36.42988],[127.43145,36.42805]],[[127.43199,36.33651],[127.43149,36.33748]],[[127.4315,36.42804],[127.43248,36.42986],[127.43428,36.43178]],[[127.43313,36.43046],[127.4324,36.42965],[127.43154,36.42804]],[[127.43158,36.33785],[127.4317,36.33751]],[[127.43159,36.42802],[127.4325,36.42975],[127.43357,36.43094]],[[127.43274,36.3342],[127.43227,36.3357],[127.43164,36.33709]],[[127.43235,36.42544],[127.43165,36.42418]],[[127.4317,36.33775],[127.43184,36.33736]],[[127.43303,36.33521],[127.43248,36.33612],[127.43175,36.33753]],[[127.43457,36.43026],[127.43413,36.428],[127.43385,36.42746],[127.43339,36.42687],[127.43261,36.42535],[127.43219,36.42478],[127.43184,36.42413]],[[127.43186,36.42587],[127.43202,36.42607]],[[127.43199,36.33651],[127.43191,36.33681]],[[127.4321,36.33654],[127.43194,36.33704]],[[127.43291,36.42537],[127.43223,36.4245],[127.43199,36.42408]],[[127.43221,36.336],[127.43199,36.33651]],[[127.43208,36.42618],[127.43223,36.42632]],[[127.43219,36.42478],[127.43259,36.42578]],[[127.43221,36.42447],[127.43385,36.42746]],[[127.43369,36.3326],[127.43277,36.33445],[127.43221,36.336]],[[127.43221,36.336],[127.43238,36.33568]],[[127.43291,36.42537],[127.43225,36.42421]],[[127.43248,36.33612],[127.4323,36.33636]],[[127.43259,36.42578],[127.43235,36.42544]],[[127.4344,36.42979],[127.43399,36.42854],[127.43235,36.42544]],[[127.43236,36.42439],[127.43274,36.42494],[127.43412,36.42754],[127.43445,36.42853],[127.43455,36.43013]],[[127.43238,36.33588],[127.43273,36.33488]],[[127.43261,36.42535],[127.43245,36.42493]],[[127.43278,36.33421],[127.43245,36.3352]],[[127.43445,36.42853],[127.43422,36.4275],[127.43373,36.4261],[127.43279,36.42495],[127.43245,36.42429]],[[127.43619,36.32848],[127.43551,36.33029],[127.43357,36.33413],[127.43247,36.33601]],[[127.43252,36.42686],[127.43277,36.42717]],[[127.43256,36.42434],[127.43305,36.42523],[127.43363,36.42588],[127.43373,36.4261]],[[127.43399,36.42854],[127.43323,36.4269],[127.43259,36.42578]],[[127.43264,36.42437],[127.43315,36.42526],[127.43372,36.42589],[127.43406,36.42673],[127.43413,36.42727]],[[127.43269,36.42739],[127.43463,36.43102],[127.43476,36.43148],[127.43457,36.43097],[127.43288,36.42788]],[[127.43491,36.43215],[127.43482,36.4317],[127.43312,36.42844],[127.43269,36.42739]],[[127.43273,36.42773],[127.43292,36.42836],[127.43465,36.4315],[127.43302,36.42842],[127.43269,36.42739]],[[127.43274,36.33568],[127.43394,36.33402],[127.43578,36.33038],[127.43595,36.32991],[127.43637,36.32827]],[[127.43319,36.42546],[127.43274,36.42494]],[[127.43505,36.43265],[127.43469,36.43155],[127.43426,36.43096],[127.43284,36.42831]],[[127.43291,36.42537],[127.43411,36.42765],[127.43422,36.42834]],[[127.43363,36.42564],[127.43291,36.42451]],[[127.43297,36.42812],[127.43463,36.43118],[127.43482,36.4317]],[[127.43297,36.42449],[127.43341,36.42533]],[[127.43297,36.33598],[127.43419,36.33458],[127.43539,36.3323],[127.43639,36.33028],[127.43683,36.32894],[127.43692,36.32824]],[[127.43668,36.32843],[127.43637,36.32933],[127.43588,36.33039],[127.43392,36.33427],[127.43358,36.33489],[127.433,36.33569]],[[127.43303,36.33521],[127.43577,36.32985],[127.43619,36.32874]],[[127.43303,36.33521],[127.4338,36.33409],[127.43562,36.33049],[127.43604,36.32939],[127.43619,36.32874]],[[127.43305,36.42451],[127.43403,36.42645],[127.43448,36.42836],[127.43447,36.4289]],[[127.43448,36.42905],[127.43456,36.42855],[127.43408,36.42647],[127.43313,36.42455]],[[127.43313,36.33402],[127.4348,36.33077],[127.43624,36.32815]],[[127.43361,36.42545],[127.43372,36.42581]],[[127.43386,36.33258],[127.43437,36.33148],[127.43602,36.32839]],[[127.43507,36.33019],[127.43524,36.32995]],[[127.43511,36.43257],[127.43513,36.43222],[127.43521,36.43251]],[[127.43524,36.43281],[127.43525,36.43346]],[[127.43527,36.43306],[127.43552,36.43442]],[[127.43549,36.32949],[127.43564,36.32908]],[[127.43619,36.32874],[127.43675,36.32735],[127.43779,36.3253]],[[127.43675,36.32735],[127.43693,36.3269]],[[127.43686,36.32777],[127.43733,36.32623]],[[127.43756,36.32576],[127.43731,36.32614]],[[127.43779,36.3253],[127.43811,36.32467]],[[127.43797,36.32505],[127.43779,36.3253]],[[127.43811,36.32467],[127.43819,36.32439]],[[127.43811,36.32467],[127.43893,36.32305],[127.43928,36.32221],[127.43978,36.32157],[127.44075,36.32074]],[[127.43828,36.32444],[127.43846,36.32416]],[[127.43923,37.51496],[127.43849,37.51508]],[[127.44741,37.51284],[127.4456,37.5132],[127.4413,37.51429],[127.43986,37.51476]],[[127.43987,37.51481],[127.4412,37.51454],[127.44436,37.51377],[127.44741,37.51288]],[[127.44061,37.51466],[127.44153,37.51451],[127.44491,37.51366],[127.44536,37.5135]],[[127.44661,35.16688],[127.4458,35.16745]],[[127.44679,35.16676],[127.44766,35.16625]],[[127.44783,37.51278],[127.44844,37.5126]],[[127.45382,35.16231],[127.45246,35.1633],[127.44941,35.16525],[127.44788,35.16612]],[[127.45379,35.16228],[127.45229,35.16312],[127.44962,35.16484],[127.44816,35.16589]],[[127.45247,35.16334],[127.44926,35.1654],[127.44841,35.16581]],[[127.45048,35.02944],[127.44998,35.02996]],[[127.45055,35.02937],[127.45202,35.02793],[127.45474,35.02549],[127.45579,35.02464]],[[127.45575,35.02473],[127.45439,35.02608],[127.45171,35.0285],[127.45064,35.02935]],[[127.45535,35.02513],[127.45498,35.02559],[127.45436,35.02616],[127.4516,35.02865],[127.45109,35.02898]],[[127.45247,35.16334],[127.45139,35.16409]],[[127.45259,35.16327],[127.45247,35.16334]],[[127.45303,35.16295],[127.45259,35.16327]],[[127.45488,35.16168],[127.45259,35.16327]],[[127.45345,35.16257],[127.45303,35.16295]],[[127.45518,35.16149],[127.45303,35.16295]],[[127.45485,35.02572],[127.4544,35.02619],[127.45354,35.0269]],[[127.45468,35.16176],[127.45398,35.16216]],[[127.45619,35.02429],[127.45671,35.02388]],[[127.47303,36.3243],[127.47181,36.32057],[127.47169,36.32035],[127.47139,36.32008],[127.47044,36.31941],[127.46837,36.31869],[127.46646,36.31856],[127.46291,36.31857],[127.46238,36.31846],[127.46023,36.31745],[127.4598,36.3173],[127.45879,36.31706],[127.45768,36.31696]],[[127.4593,36.31699],[127.45983,36.31713],[127.46066,36.31747],[127.46275,36.31843],[127.46344,36.31849],[127.46788,36.31852],[127.46847,36.31861],[127.46906,36.31877],[127.47043,36.31934],[127.47152,36.32011],[127.47187,36.32055],[127.47311,36.32427]],[[127.47303,36.32219],[127.47242,36.3209],[127.47039,36.31801]],[[127.4705,36.31797],[127.47224,36.32048],[127.47258,36.32106]],[[127.47064,36.31793],[127.47229,36.32037],[127.47288,36.32192]],[[127.47215,36.31963],[127.47303,36.32219]],[[127.4727,36.32305],[127.47262,36.32252],[127.47217,36.32111]],[[127.47224,36.32108],[127.47262,36.32252]],[[127.47276,36.32343],[127.47226,36.3221]],[[127.47311,36.32427],[127.47285,36.32374]],[[127.47303,36.3243],[127.47294,36.32373]],[[127.4748,36.32958],[127.47303,36.3243]],[[127.47303,36.32219],[127.47455,36.32631]],[[127.47311,36.32427],[127.47415,36.32751],[127.4746,36.32841],[127.47513,36.32922],[127.47564,36.33024]],[[127.47313,36.32265],[127.47394,36.32501],[127.47463,36.3265],[127.47497,36.32766],[127.47509,36.32856],[127.47548,36.32977]],[[127.47317,36.3245],[127.47391,36.32597],[127.47438,36.32741]],[[127.4733,36.32487],[127.4735,36.32522],[127.47424,36.32751],[127.47454,36.32819]],[[127.47339,36.32489],[127.47406,36.32569],[127.47464,36.3274]],[[127.47374,36.32621],[127.47349,36.3257]],[[127.47351,36.32525],[127.47375,36.32576],[127.47468,36.32854]],[[127.47446,36.32741],[127.47387,36.32572],[127.47356,36.32525]],[[127.47454,36.32741],[127.47394,36.3257],[127.47358,36.32514]],[[127.47382,36.3254],[127.47444,36.32601]],[[127.47411,36.32762],[127.47542,36.33021]],[[127.47433,36.69672],[127.47455,36.69702],[127.47541,36.6979],[127.47745,36.69978],[127.47901,36.70112]],[[127.47434,36.69668],[127.47627,36.69831],[127.4783,36.7002],[127.47929,36.70128]],[[127.47434,36.32805],[127.47484,36.32959]],[[127.4749,36.32959],[127.47447,36.32829]],[[127.47455,36.69702],[127.47537,36.69792],[127.4782,36.70053],[127.47925,36.70129]],[[127.4746,36.32841],[127.47491,36.32905]],[[127.47534,36.33024],[127.4749,36.32937],[127.47464,36.32867]],[[127.47467,36.32876],[127.47538,36.33024]],[[127.47469,36.69695],[127.47537,36.69739],[127.47633,36.69827]],[[127.47491,36.32905],[127.47556,36.33027]],[[127.47552,36.33029],[127.47491,36.32905]],[[127.47496,36.69711],[127.47874,36.70056]],[[127.47579,36.33024],[127.47497,36.32766]],[[127.4756,36.33026],[127.47499,36.329]],[[127.47559,36.32978],[127.47501,36.32795]],[[127.47552,36.32978],[127.47506,36.32836]],[[127.48644,37.25929],[127.4871,37.25944]],[[127.49003,37.26044],[127.4874,37.25957]],[[127.48742,37.25953],[127.49015,37.26021]],[[127.49075,37.49377],[127.49024,37.49438],[127.48951,37.49564],[127.48886,37.49659]],[[127.48913,37.49619],[127.49009,37.49452],[127.49046,37.49406]],[[127.4895,37.49586],[127.4904,37.49452],[127.49447,37.4894]],[[127.48954,37.49588],[127.49063,37.49464],[127.49293,37.49174],[127.49352,37.49096],[127.49453,37.48942]],[[127.48982,37.4954],[127.49026,37.49464],[127.49235,37.49187],[127.49322,37.4908],[127.49385,37.49016]],[[127.48992,37.49545],[127.49162,37.49359],[127.49281,37.4921],[127.4936,37.49102],[127.49399,37.49024]],[[127.49026,37.49464],[127.49044,37.49424],[127.49271,37.49141]],[[127.49044,37.49424],[127.49054,37.49404],[127.49227,37.49183],[127.49251,37.49162]],[[127.4907,37.49463],[127.49149,37.49382],[127.49285,37.49212],[127.49314,37.49162]],[[127.49302,37.49185],[127.49289,37.49213],[127.49163,37.49371],[127.49124,37.49417],[127.491,37.49436]]]}},{"type":"Feature","properties":{"g":"kr"},"geometry":{"type":"MultiLineString","coordinates":[[[127.49232,37.49284],[127.49298,37.49207]],[[127.4946,37.26168],[127.49518,37.2618]],[[127.4955,34.95038],[127.50205,34.94698],[127.50409,34.94609],[127.50932,34.94342]],[[127.49932,34.94832],[127.49869,34.94872]],[[127.50266,34.94625],[127.50194,34.9467],[127.49933,34.94804]],[[127.50006,34.94795],[127.49942,34.94823]],[[127.49945,34.94826],[127.50003,34.94792]],[[127.50077,34.94763],[127.50026,34.94785]],[[127.50171,34.94691],[127.50041,34.94758]],[[127.50116,34.94732],[127.50043,34.94761]],[[127.50104,34.9473],[127.50047,34.94767]],[[127.5034,34.94586],[127.50069,34.94725]],[[127.50083,34.9476],[127.50246,34.94698],[127.50478,34.94642]],[[127.50114,34.94747],[127.5032,34.94697]],[[127.5081,34.94478],[127.507,34.94525],[127.50498,34.94626],[127.50241,34.94695],[127.50116,34.94743]],[[127.50193,34.94699],[127.50132,34.94723]],[[127.50148,34.94727],[127.50245,34.94684],[127.50397,34.9464],[127.50781,34.94443],[127.50847,34.94402]],[[127.50171,34.94725],[127.5048,34.94648]],[[127.50188,34.9471],[127.50413,34.94637],[127.50789,34.94444],[127.50873,34.94382]],[[127.50922,34.94311],[127.50733,34.9439],[127.50377,34.94572],[127.50193,34.94679]],[[127.50203,34.94694],[127.50411,34.94604],[127.50887,34.94355],[127.50989,34.94308]],[[127.50277,34.94662],[127.50205,34.94698]],[[127.50206,34.94714],[127.50482,34.94653]],[[127.50231,34.94661],[127.5034,34.94586],[127.50756,34.94373],[127.50881,34.94328]],[[127.50871,34.9438],[127.50406,34.94615],[127.50256,34.94675]],[[127.50293,34.94663],[127.50391,34.94631],[127.5081,34.94418]],[[127.50315,34.94663],[127.5038,34.94642],[127.50734,34.94461],[127.50902,34.94361]],[[127.5084,34.94399],[127.50401,34.94622],[127.50327,34.94649]],[[127.50335,34.9467],[127.50417,34.94639],[127.50678,34.94506],[127.50771,34.94467]],[[127.50391,34.94655],[127.50487,34.94619],[127.50755,34.94483],[127.50789,34.94474],[127.50855,34.94471]],[[127.5224,34.94273],[127.51255,34.94256],[127.51133,34.94267],[127.51062,34.94286],[127.50961,34.94325],[127.50873,34.94382],[127.50786,34.94459],[127.50483,34.94615],[127.50392,34.94651]],[[127.50434,34.94644],[127.50506,34.94617],[127.50707,34.94515],[127.50788,34.94487]],[[127.50741,34.9449],[127.50673,34.94518]],[[127.507,34.94537],[127.50811,34.94479]],[[127.50701,37.81218],[127.5076,37.81251]],[[127.51041,34.94257],[127.50987,34.94272],[127.50756,34.94373]],[[127.50777,37.81267],[127.5092,37.81371],[127.51185,37.81538],[127.51349,37.81629]],[[127.5136,37.8163],[127.51266,37.81562],[127.50989,37.81383],[127.5078,37.81264]],[[127.50824,37.813],[127.50915,37.81372],[127.51207,37.81556],[127.51316,37.81611]],[[127.50898,34.9437],[127.50826,34.94427]],[[127.50942,34.94329],[127.50829,34.94394]],[[127.51323,37.81604],[127.5124,37.81537],[127.50899,37.81324],[127.50833,37.81295]],[[127.50879,34.9444],[127.50834,34.94467]],[[127.50884,34.94447],[127.50835,34.94468]],[[127.51282,37.81596],[127.5118,37.81549],[127.50902,37.81371],[127.50849,37.81322]],[[127.51143,37.25133],[127.51161,37.25337],[127.51184,37.25809],[127.5117,37.25956],[127.51142,37.26026],[127.51119,37.26062],[127.51086,37.26096],[127.5086,37.26241]],[[127.50938,37.26181],[127.51035,37.26086],[127.51079,37.26028],[127.51131,37.25933],[127.51155,37.25872],[127.51166,37.25825],[127.5117,37.25716],[127.51156,37.25314],[127.51139,37.25194],[127.51136,37.25076]],[[127.50968,37.81415],[127.51036,37.81469],[127.51312,37.81643]],[[127.51136,37.25076],[127.51127,37.25029],[127.51117,37.24847]],[[127.5114,37.25068],[127.51127,37.24845]],[[127.51132,37.25328],[127.51125,37.25371],[127.51129,37.25489],[127.51141,37.25523],[127.51135,37.25482],[127.51132,37.25328],[127.51137,37.25315]],[[127.5114,37.25068],[127.51145,37.25028],[127.51134,37.24845]],[[127.51141,37.25099],[127.51136,37.25076]],[[127.51139,37.25194],[127.51143,37.25159]],[[127.51143,37.25133],[127.5114,37.25068]],[[127.51141,37.25283],[127.51137,37.25315],[127.51141,37.25523],[127.51156,37.25567]],[[127.51143,37.25133],[127.51147,37.251]],[[127.51151,37.25067],[127.51154,37.25034],[127.51143,37.24844]],[[127.51145,37.25272],[127.51157,37.25571],[127.51164,37.25607],[127.51144,37.25229]],[[127.51147,37.251],[127.5116,37.25027],[127.5115,37.24845]],[[127.51147,37.251],[127.51169,37.25019],[127.51158,37.24845]],[[127.5115,37.2524],[127.51169,37.25339],[127.51176,37.25601],[127.51172,37.25626]],[[127.5115,37.25548],[127.51133,37.25516],[127.51123,37.25475],[127.5112,37.2537],[127.51144,37.25242],[127.51147,37.2552],[127.51157,37.25571]],[[127.51176,37.25601],[127.51181,37.25573],[127.51175,37.25337],[127.51153,37.25254]],[[127.51156,37.25069],[127.51178,37.25018],[127.51184,37.24965]],[[127.51162,37.25281],[127.51188,37.25321],[127.51205,37.25383]],[[127.51162,37.25281],[127.51193,37.25351],[127.512,37.25384],[127.51218,37.25749]],[[127.51185,37.25535],[127.51192,37.25389],[127.51188,37.25354],[127.51162,37.25281]],[[127.51168,37.25655],[127.51175,37.25682]],[[127.5117,37.25762],[127.51177,37.25718]],[[127.51215,37.25563],[127.51193,37.25066],[127.51171,37.24802]],[[127.51175,37.25337],[127.51185,37.25387],[127.51185,37.25535],[127.5118,37.25565]],[[127.51287,37.81627],[127.5118,37.81549]],[[127.51204,37.25657],[127.51199,37.25554],[127.51203,37.25521],[127.51196,37.25392],[127.51188,37.25354]],[[127.51199,37.25657],[127.51194,37.25573],[127.51203,37.25521]],[[127.51203,37.24831],[127.51207,37.24906]],[[127.51229,37.25522],[127.51228,37.25479]],[[127.51271,34.9424],[127.51342,34.94246]],[[127.51428,34.94255],[127.51352,34.94258]],[[127.51428,34.94251],[127.51354,34.94246]],[[127.5151,34.94253],[127.51439,34.94255]],[[127.5144,34.94251],[127.5151,34.94257]],[[127.51522,34.94257],[127.51598,34.94262]],[[127.51596,34.9425],[127.51522,34.94253]],[[127.51583,34.89592],[127.51597,34.89607],[127.51617,34.89605],[127.51626,34.89596]],[[127.51679,34.94248],[127.51608,34.9425]],[[127.5336,37.19954],[127.5329,37.20039]],[[127.53815,37.19442],[127.53763,37.19485]],[[127.54248,37.46943],[127.54394,37.4691],[127.5479,37.46848],[127.54963,37.46831]],[[127.55012,37.46828],[127.54795,37.46872],[127.54374,37.46936],[127.54248,37.46946]],[[127.54795,37.46872],[127.54374,37.46941],[127.54325,37.46942]],[[127.54419,34.92852],[127.54449,34.928]],[[127.54743,34.92199],[127.54717,34.92266],[127.54444,34.92821]],[[127.54578,34.94131],[127.54663,34.94159]],[[127.5476,34.94191],[127.54682,34.94164]],[[127.54757,34.92183],[127.54717,34.92266]],[[127.54795,34.92071],[127.54768,34.92138]],[[127.55349,34.94346],[127.55485,34.94382]],[[127.55451,34.94378],[127.55524,34.94403]],[[127.57282,34.87783],[127.57383,34.87689],[127.57761,34.87411],[127.57912,34.87313]],[[127.57639,34.95126],[127.58326,34.9542],[127.58534,34.95494]],[[127.58102,34.95338],[127.58182,34.95366]],[[127.58156,34.9535],[127.58219,34.95381]],[[127.5823,34.95386],[127.58304,34.95421]],[[127.58621,36.77884],[127.58368,36.77806],[127.58251,36.77763]],[[127.58341,34.95431],[127.58321,34.95427]],[[127.58339,34.95435],[127.58639,34.9557],[127.58978,34.95709],[127.5917,34.95776]],[[127.584,34.95463],[127.58501,34.95517],[127.58654,34.9558],[127.58979,34.95714],[127.59115,34.95757]],[[127.58405,34.95455],[127.58533,34.95499],[127.58955,34.95672],[127.59172,34.95773]],[[127.58522,34.95526],[127.58609,34.95571],[127.59187,34.95809]],[[127.58887,34.95679],[127.58554,34.95542]],[[127.58558,36.77891],[127.58629,36.77894]],[[127.58695,36.77899],[127.58595,36.77889]],[[127.58619,34.95525],[127.58961,34.95661],[127.59379,34.95847]],[[127.59286,34.95802],[127.59077,34.95705],[127.58742,34.95567],[127.58654,34.95536]],[[127.5869,34.95547],[127.58761,34.95569],[127.59023,34.95676],[127.59201,34.95755],[127.59256,34.95786]],[[127.5874,34.95562],[127.58799,34.9558],[127.59137,34.95719],[127.59225,34.95768]],[[127.58828,34.95661],[127.58921,34.9569]],[[127.59189,34.95805],[127.58862,34.95675]],[[127.59709,37.48336],[127.59615,37.48303],[127.59034,37.48042],[127.58906,37.47973]],[[127.5891,37.47969],[127.58961,37.47988]],[[127.59967,37.48456],[127.59663,37.48322],[127.59534,37.48281],[127.59068,37.48069],[127.58953,37.47999]],[[127.59602,37.48269],[127.5954,37.48233],[127.59068,37.4802],[127.58961,37.47988]],[[127.58961,37.47988],[127.59045,37.4802],[127.59602,37.48269]],[[127.58999,37.48024],[127.59075,37.48067],[127.59323,37.48182],[127.59545,37.48281],[127.59615,37.48303]],[[127.59011,37.48003],[127.59068,37.48016],[127.59174,37.48063],[127.59551,37.48233],[127.59617,37.48277]],[[127.59021,37.48042],[127.59061,37.48071],[127.59507,37.48273],[127.59607,37.48305]],[[127.59091,37.48026],[127.59147,37.48046],[127.59551,37.48233]],[[127.59147,37.48046],[127.59511,37.48208],[127.59537,37.48225]],[[127.59269,34.95813],[127.59191,34.95785]],[[127.59244,34.95791],[127.59319,34.95827]],[[127.59324,34.95836],[127.59448,34.95879]],[[127.59557,34.9592],[127.59477,34.95891]],[[127.59533,37.48282],[127.59586,37.48308],[127.59723,37.48355]],[[127.59602,37.48269],[127.59742,37.48345]],[[127.61316,37.47381],[127.61325,37.47657],[127.61327,37.48078],[127.61323,37.48115],[127.61305,37.48177],[127.61284,37.4822],[127.61252,37.48262],[127.6117,37.48341],[127.61118,37.48371],[127.6073,37.48562],[127.60655,37.48591],[127.60606,37.48605],[127.60477,37.48617],[127.60408,37.4861],[127.60281,37.48578],[127.59694,37.48319]],[[127.60001,37.48473],[127.59883,37.48413]],[[127.60308,37.4861],[127.60001,37.48473]],[[127.60001,37.48473],[127.60202,37.48582],[127.60298,37.4862],[127.60426,37.48639],[127.6056,37.4863],[127.60661,37.486],[127.61053,37.4841],[127.61172,37.48344],[127.61213,37.48313],[127.61253,37.48273],[127.61298,37.48214],[127.61329,37.48125],[127.61335,37.48069],[127.61327,37.47838],[127.61337,37.47699],[127.61321,37.47407],[127.61306,37.47332],[127.61299,37.47174],[127.61309,37.47039]],[[127.60031,37.48485],[127.60304,37.48614]],[[127.60609,34.93356],[127.60673,34.93252]],[[127.61078,34.92568],[127.61019,34.92651],[127.60674,34.93265],[127.60633,34.93324]],[[127.60671,34.93241],[127.61022,34.92618]],[[127.60714,34.93171],[127.60724,34.93145]],[[127.6101,34.92649],[127.61062,34.92548]],[[127.61057,34.92577],[127.61019,34.92651]],[[127.61263,37.47513],[127.61259,37.47485],[127.61283,37.47385],[127.61274,37.47115]],[[127.61263,37.47041],[127.61284,37.47165]],[[127.61268,37.47039],[127.61272,37.47089],[127.61284,37.4713],[127.61275,37.4704]],[[127.61286,37.47415],[127.61269,37.47456],[127.61262,37.47504],[127.61277,37.47705]],[[127.61279,37.47437],[127.61275,37.47493],[127.6128,37.47698],[127.61303,37.47776]],[[127.6128,37.4704],[127.61284,37.47165],[127.61296,37.47206],[127.61298,37.47285]],[[127.61287,37.4704],[127.61295,37.47084]],[[127.61288,37.47739],[127.61277,37.47705],[127.61269,37.47491],[127.61298,37.47378]],[[127.61291,37.47448],[127.61285,37.4747],[127.61289,37.47705],[127.61301,37.47743]],[[127.61293,37.47039],[127.61298,37.47123]],[[127.61313,37.47804],[127.61284,37.47716],[127.6128,37.47492],[127.61295,37.47406]],[[127.613,37.47166],[127.61299,37.47039]],[[127.61301,37.47743],[127.61294,37.47708],[127.61289,37.47492],[127.61301,37.47356]],[[127.61302,37.47402],[127.61293,37.47464],[127.61301,37.47743]],[[127.61302,36.81752],[127.61322,36.8167],[127.6137,36.81543],[127.61499,36.81249],[127.61549,36.8117]],[[127.61304,37.4704],[127.61302,37.47145]],[[127.61323,37.4787],[127.61301,37.47743],[127.61298,37.47491],[127.61303,37.47416]],[[127.61303,37.4725],[127.61298,37.47285],[127.6131,37.47707],[127.61319,37.47738]],[[127.61305,37.47265],[127.61318,37.47342],[127.61356,37.47412],[127.61365,37.47453],[127.61373,37.47654],[127.61329,37.47795]],[[127.61306,37.47332],[127.61323,37.47818]],[[127.6132,37.47747],[127.61315,37.47708],[127.61311,37.47454]],[[127.61315,37.47326],[127.61331,37.4741],[127.61343,37.47688]],[[127.61335,37.47735],[127.61348,37.47666],[127.61341,37.47437],[127.61338,37.47407],[127.61318,37.47342]],[[127.61336,37.47692],[127.61325,37.47381]],[[127.61327,37.47357],[127.61347,37.47441],[127.6135,37.47698]],[[127.61334,37.47752],[127.61359,37.47657],[127.6135,37.47425],[127.61337,37.47375]],[[127.61539,36.81199],[127.61517,36.8129],[127.61384,36.81603],[127.61362,36.81647],[127.61337,36.8168]],[[127.61339,37.47764],[127.61367,37.47657],[127.61359,37.47423]],[[127.61533,36.81232],[127.61374,36.81614],[127.61347,36.81667]],[[127.6135,37.474],[127.61357,37.47435],[127.61364,37.47644],[127.61356,37.47703]],[[127.61386,37.47581],[127.61378,37.47659],[127.61357,37.47711]],[[127.61369,37.47692],[127.6139,37.47633],[127.6139,37.47579]],[[127.61387,36.81596],[127.61403,36.81575],[127.61508,36.81323],[127.61517,36.8129]],[[127.62258,36.24458],[127.62113,36.24447],[127.61861,36.24411],[127.61709,36.24389],[127.61595,36.24363]],[[127.61597,36.2436],[127.61715,36.24367],[127.61867,36.24387],[127.62118,36.24424],[127.62259,36.24455]],[[127.62135,34.82088],[127.62497,34.81608]],[[127.62286,37.28357],[127.62357,37.28345]],[[127.62368,37.28347],[127.62638,37.28328],[127.62997,37.28284],[127.63221,37.28249]],[[127.6239,37.28342],[127.62544,37.28316],[127.62946,37.28265],[127.6322,37.28245]],[[127.62451,34.81653],[127.62423,34.81697]],[[127.62445,37.2834],[127.62519,37.28327]],[[127.62449,37.47962],[127.62502,37.47926]],[[127.62488,34.81603],[127.62623,34.8141],[127.63089,34.80818]],[[127.62544,37.28316],[127.62586,37.28305],[127.62778,37.2828]],[[127.63025,34.80924],[127.62965,34.81071],[127.62894,34.81175],[127.62671,34.81459],[127.62545,34.81555]],[[127.6301,34.80955],[127.62926,34.81085],[127.62615,34.81487],[127.62558,34.81546]],[[127.62992,34.80983],[127.62928,34.8109],[127.62624,34.81483],[127.62574,34.8153]],[[127.62997,34.80985],[127.62956,34.81068],[127.62931,34.81105],[127.62706,34.81398],[127.62662,34.81455],[127.62576,34.81532]],[[127.62596,37.47872],[127.62702,37.47796],[127.62987,37.47617],[127.63121,37.47535],[127.63243,37.47474]],[[127.63246,37.47477],[127.63142,37.47553],[127.62797,37.47765],[127.62599,37.47875]],[[127.62986,34.81005],[127.62952,34.81067],[127.62658,34.81453],[127.62618,34.81495]],[[127.62989,34.81006],[127.62961,34.81069],[127.62935,34.81107],[127.62667,34.81456],[127.6262,34.81498]],[[127.6321,37.4749],[127.63117,37.47532],[127.62688,37.47799],[127.62657,37.4783]],[[127.62667,37.47838],[127.62713,37.4782],[127.63162,37.47546],[127.63217,37.47498]],[[127.62938,34.8111],[127.62685,34.8144]],[[127.62725,37.47776],[127.63121,37.47524]],[[127.6307,37.4755],[127.62782,37.47729],[127.62759,37.4775]],[[127.62947,37.80559],[127.63017,37.80557]],[[127.63034,34.80909],[127.63094,34.8082]],[[127.63063,37.80563],[127.63411,37.80585],[127.63804,37.80587]],[[127.63063,37.80559],[127.63282,37.80557],[127.636,37.80566],[127.63804,37.80583]],[[127.63145,37.47503],[127.6307,37.4755]],[[127.63121,37.47524],[127.6307,37.4755]],[[127.63078,37.2826],[127.63138,37.28258]],[[127.63121,37.47524],[127.63164,37.47509]],[[127.63324,37.12776],[127.63219,37.12806]],[[127.63248,37.28241],[127.63302,37.28238]],[[127.63302,37.47436],[127.63364,37.47401]],[[127.63824,37.80584],[127.63894,37.8059]],[[127.64037,37.12541],[127.63957,37.12571],[127.64062,37.12538]],[[127.64775,34.89762],[127.64272,34.89469],[127.64143,34.89425]],[[127.64149,34.89431],[127.6427,34.89473],[127.64591,34.89659]],[[127.64182,34.89447],[127.6429,34.89489],[127.64498,34.89617],[127.64559,34.89642]],[[127.64708,34.89714],[127.6478,34.8976],[127.64903,34.89817],[127.65416,34.90129],[127.65493,34.90192],[127.65572,34.90243]],[[127.65493,34.90192],[127.6478,34.8976]],[[127.65524,34.90219],[127.64803,34.89785]],[[127.65452,34.90185],[127.64841,34.89815]],[[127.64854,34.89795],[127.65462,34.90167]],[[127.66056,34.91671],[127.65992,34.91594]],[[127.66072,34.91695],[127.66108,34.91737],[127.66385,34.92146],[127.66398,34.92176],[127.66004,34.91593]],[[127.66869,34.77905],[127.666,34.7794],[127.66273,34.77972],[127.66109,34.7798]],[[127.6611,34.77975],[127.66286,34.77947],[127.66683,34.77908],[127.66868,34.77899]],[[127.66343,34.9211],[127.66392,34.92191]],[[127.68434,34.92351],[127.68328,34.92426],[127.67822,34.92836],[127.67782,34.92861],[127.67581,34.92934]],[[127.68392,34.92385],[127.67808,34.92855],[127.67768,34.92878],[127.67624,34.92918]],[[127.67649,34.92922],[127.6777,34.92889],[127.67827,34.92864],[127.68377,34.92414]],[[127.69131,37.44488],[127.69025,37.44499],[127.68811,37.44538],[127.68647,37.44589]],[[127.68648,37.44596],[127.69029,37.44521],[127.69113,37.44498]],[[127.6918,37.44479],[127.69248,37.44473]],[[127.70066,36.92541],[127.70715,36.9263],[127.70836,36.9264]],[[127.7093,36.92648],[127.70634,36.92623],[127.70153,36.92558],[127.70103,36.92546]],[[127.70439,36.92615],[127.70522,36.92625],[127.70608,36.9262]],[[127.70588,34.92801],[127.70659,34.92795],[127.70737,34.92799],[127.71217,34.92889],[127.71534,34.92883],[127.71628,34.9289],[127.71873,34.92935],[127.72025,34.93014],[127.72118,34.93049],[127.72356,34.93091]],[[127.70655,34.92819],[127.70763,34.92824],[127.71048,34.92868],[127.72067,34.93058],[127.72197,34.93067]],[[127.70718,34.85583],[127.70968,34.85655],[127.71465,34.85723],[127.71593,34.85749],[127.71685,34.8578],[127.71765,34.85791],[127.7184,34.85787]],[[127.7105,37.81551],[127.71001,37.81507]],[[127.71031,37.81518],[127.71193,37.81644],[127.71241,37.81675]],[[127.71035,37.81515],[127.71277,37.81702]],[[127.71051,37.81515],[127.71282,37.81695]],[[127.71054,34.92867],[127.7128,34.9291]],[[127.7134,37.81751],[127.71255,37.81668],[127.71055,37.81513]],[[127.71066,37.81562],[127.71123,37.81602]],[[127.71626,37.82],[127.71425,37.81856],[127.71265,37.8173],[127.71134,37.81615]],[[127.71138,37.81613],[127.71302,37.81727],[127.71546,37.81917],[127.71675,37.8203]],[[127.71633,37.81993],[127.71565,37.81926],[127.71277,37.81702],[127.71184,37.81646]],[[127.71207,34.92888],[127.72129,34.93051]],[[127.71244,34.92891],[127.71444,34.92895],[127.71571,34.92883]],[[127.71253,34.92903],[127.71315,34.9291]],[[127.71277,34.92893],[127.71367,34.92902],[127.7151,34.92889]],[[127.71293,34.9289],[127.71521,34.92888]],[[127.71303,34.92914],[127.71379,34.92937],[127.71611,34.93031],[127.71855,34.93086],[127.71921,34.93095],[127.72187,34.93095]],[[127.71314,34.92891],[127.71494,34.92889]],[[127.71318,34.92907],[127.71431,34.92917],[127.71648,34.92952],[127.71997,34.93016],[127.72099,34.93043]],[[127.71325,34.92895],[127.71463,34.92894]],[[127.71348,34.92916],[127.71434,34.92938]],[[127.71352,34.92911],[127.71474,34.92916],[127.71568,34.9293],[127.71967,34.93003],[127.72065,34.9303]],[[127.71356,34.92929],[127.72052,34.93055]],[[127.71375,34.92928],[127.72049,34.9305],[127.72173,34.93063]],[[127.71388,34.92914],[127.71524,34.92927],[127.71962,34.93005],[127.7202,34.93021]],[[127.71398,34.92938],[127.71452,34.92953],[127.71999,34.93051],[127.72086,34.9306]],[[127.71408,34.92911],[127.71503,34.92906],[127.71615,34.92916],[127.71912,34.92971],[127.72031,34.93016]],[[127.71408,34.92949],[127.71537,34.93006],[127.71659,34.93046]],[[127.7141,34.92911],[127.71498,34.92902],[127.71601,34.92905],[127.71898,34.92961],[127.72,34.93]],[[127.71428,34.92948],[127.72039,34.93061]],[[127.7143,34.92912],[127.71547,34.92917],[127.71735,34.92949],[127.71919,34.92984],[127.72023,34.93018]],[[127.71434,34.92959],[127.71529,34.92983],[127.71946,34.93055],[127.72048,34.93065]],[[127.7144,34.92929],[127.72111,34.93049]],[[127.71445,34.92907],[127.7152,34.92898],[127.71629,34.92903],[127.71868,34.92946],[127.71965,34.92982]],[[127.71456,34.92956],[127.71521,34.92973],[127.72018,34.93059]],[[127.71466,34.92973],[127.71557,34.92996],[127.71907,34.93058],[127.72009,34.93066]],[[127.71471,34.92969],[127.71976,34.93056],[127.72125,34.93066]],[[127.71478,34.92946],[127.7214,34.93057]],[[127.71479,34.92912],[127.71558,34.92912],[127.71825,34.92958],[127.71909,34.92974],[127.71999,34.93008]],[[127.71482,34.92917],[127.71565,34.92923],[127.71672,34.92941],[127.71888,34.92982],[127.71985,34.93007]],[[127.71492,34.92979],[127.71959,34.93063]],[[127.71492,34.92983],[127.71601,34.93011],[127.71919,34.93067],[127.72089,34.93067]],[[127.71509,34.92899],[127.71624,34.92894],[127.71849,34.92933],[127.71941,34.92969]],[[127.71515,34.92914],[127.71563,34.92916],[127.71865,34.92969],[127.71922,34.92981],[127.71971,34.92999]],[[127.71517,34.92991],[127.719,34.9306],[127.71979,34.93067]],[[127.71519,34.92995],[127.71894,34.93067],[127.71947,34.93072],[127.72046,34.93069]],[[127.71522,34.92907],[127.71597,34.92909],[127.71896,34.92964],[127.71939,34.92979]],[[127.71533,34.9292],[127.7194,34.92994]],[[127.71552,34.92894],[127.71628,34.9289]],[[127.71552,37.88247],[127.71609,37.88305],[127.71698,37.88447]],[[127.71552,37.88247],[127.71642,37.88378],[127.7191,37.88863],[127.71994,37.8898],[127.72052,37.89042]],[[127.71552,37.88247],[127.71519,37.88205],[127.71558,37.88306]],[[127.71553,34.93004],[127.71599,34.93018],[127.71867,34.93066],[127.7196,34.93072]],[[127.71558,37.88306],[127.71723,37.88587],[127.71835,37.88742]],[[127.71558,37.88306],[127.71564,37.8833],[127.71603,37.88405],[127.71684,37.88548],[127.71764,37.88663],[127.71835,37.88742]],[[127.71562,37.88319],[127.71686,37.88541],[127.71764,37.88663],[127.71719,37.88613],[127.71681,37.88556],[127.71599,37.8841],[127.71564,37.8833]],[[127.71565,34.92897],[127.71616,34.92897],[127.71661,34.92904],[127.71861,34.92941],[127.71898,34.92955]],[[127.7157,37.88266],[127.71645,37.88377],[127.71918,37.88864],[127.72001,37.88957]],[[127.71573,34.93015],[127.71625,34.9303],[127.71873,34.93075],[127.71992,34.93075]],[[127.71574,34.92902],[127.71738,34.92925],[127.71887,34.92954],[127.71911,34.92964]],[[127.71599,37.82534],[127.71669,37.82204],[127.71618,37.82332],[127.71578,37.82532]],[[127.71582,37.88275],[127.71647,37.88371],[127.71693,37.8845]],[[127.71601,34.93023],[127.71929,34.93077]],[[127.71635,34.93038],[127.71906,34.93082],[127.72057,34.93068],[127.72166,34.93066]],[[127.71692,37.82042],[127.71742,37.82087]],[[127.71745,37.88678],[127.71742,37.88676]],[[127.71767,37.88692],[127.71835,37.88742]],[[127.71793,34.93065],[127.71829,34.93077]],[[127.71814,34.93075],[127.7189,34.93084]],[[127.71839,34.93082],[127.71938,34.9308]],[[127.7198,34.93076],[127.72183,34.93071],[127.72395,34.93109],[127.72449,34.93112]],[[127.72007,34.93095],[127.72186,34.93091]],[[127.72348,37.82676],[127.72255,37.82511],[127.722,37.82458],[127.72026,37.82318]],[[127.72144,36.2185],[127.72465,36.21631]],[[127.72147,36.21853],[127.72447,36.21646],[127.72481,36.21612]],[[127.7215,36.21858],[127.72442,36.21659],[127.72467,36.21634],[127.72531,36.21529],[127.72585,36.21482]],[[127.72154,36.2182],[127.72403,36.2165],[127.72513,36.2156]],[[127.72155,36.21864],[127.72439,36.21667],[127.72477,36.21633]],[[127.72159,36.21868],[127.72432,36.21683]],[[127.72159,36.21825],[127.72207,36.21801],[127.72437,36.21641],[127.725,36.21582],[127.72434,36.21634],[127.72207,36.21792]],[[127.72164,36.21874],[127.72432,36.21683],[127.72462,36.21655]],[[127.72561,36.21499],[127.7244,36.21682],[127.72407,36.21712],[127.72168,36.21879]],[[127.72208,36.21795],[127.72485,36.21598]],[[127.72232,36.21752],[127.7242,36.21624],[127.72465,36.21599]],[[127.72237,36.21756],[127.72481,36.21589]],[[127.72357,37.82673],[127.72286,37.82545],[127.72255,37.82511]],[[127.72282,37.82551],[127.72353,37.82674]],[[127.72361,36.21665],[127.72434,36.21608]],[[127.72483,36.21621],[127.72446,36.21696],[127.72436,36.21731]],[[127.73034,36.21279],[127.7253,36.2161],[127.72441,36.21722]],[[127.72463,36.21679],[127.72521,36.2161],[127.72912,36.21348],[127.72923,36.21335]],[[127.72991,36.21326],[127.72566,36.21611],[127.72527,36.21648],[127.72466,36.21689]],[[127.72485,36.21638],[127.7253,36.21593],[127.72571,36.21564],[127.7301,36.21271]],[[127.72938,36.21353],[127.72524,36.21631],[127.72485,36.21665]],[[127.72515,36.21628],[127.72974,36.21318],[127.72938,36.21353],[127.72541,36.21614],[127.725,36.21645]],[[127.72957,36.21307],[127.72923,36.21335],[127.72519,36.21604]],[[127.72521,36.21571],[127.72532,36.21541]],[[127.72527,36.21648],[127.72989,36.21347],[127.72538,36.21637]],[[127.72529,36.21557],[127.7258,36.21516],[127.72984,36.21243]],[[127.72538,36.21542],[127.72614,36.21482],[127.73029,36.21192],[127.73127,36.21129],[127.72966,36.21247],[127.72559,36.21525]],[[127.72552,36.21624],[127.72966,36.21353],[127.72995,36.21324]],[[127.72559,36.21511],[127.72997,36.21206]],[[127.72624,36.21448],[127.72606,36.21467],[127.72922,36.21252],[127.73156,36.21109]],[[127.72914,36.21373],[127.73044,36.21294]],[[127.72937,36.21366],[127.72989,36.21347],[127.73046,36.21313]],[[127.73072,36.21159],[127.7316,36.21096]],[[127.74767,34.93073],[127.75641,34.93069],[127.75727,34.93077],[127.76272,34.93073]],[[127.7487,34.75334],[127.74986,34.75794]],[[127.74884,34.75331],[127.74976,34.75695],[127.74992,34.75821]],[[127.74893,34.7534],[127.74982,34.75693],[127.75004,34.75798],[127.75021,34.7594]],[[127.74897,34.75339],[127.75011,34.75799],[127.75018,34.75857]],[[127.75011,34.75799],[127.74996,34.75712],[127.74901,34.75338]],[[127.75035,34.75991],[127.75018,34.75857],[127.75023,34.75804],[127.74906,34.75336]],[[127.74923,34.75446],[127.74908,34.75412]],[[127.74909,34.75335],[127.75011,34.75744]],[[127.74916,34.75337],[127.7501,34.75724],[127.75013,34.75758]],[[127.74925,34.75332],[127.75011,34.75679],[127.75023,34.75804]],[[127.7493,34.7533],[127.75018,34.75681],[127.7502,34.7574]],[[127.75022,34.75755],[127.75025,34.75681],[127.74935,34.7533]],[[127.74946,34.75328],[127.75029,34.75679],[127.75026,34.7572]],[[127.74957,34.93045],[127.75042,34.93057],[127.7513,34.93059]],[[127.74957,34.75329],[127.75029,34.75655],[127.75031,34.75693]],[[127.75032,34.75677],[127.75041,34.75566],[127.7498,34.7531]],[[127.75017,34.7594],[127.75009,34.75888]],[[127.75022,34.75834],[127.75028,34.75872],[127.7507,34.7598]],[[127.75037,34.75997],[127.75042,34.76036]],[[127.75041,34.75566],[127.75054,34.75661],[127.75049,34.75783],[127.75105,34.76006]],[[127.75109,34.76006],[127.75055,34.75789],[127.75049,34.75731]],[[127.7505,34.75717],[127.7506,34.75787],[127.75115,34.76005]],[[127.75061,34.93063],[127.7519,34.93064]],[[127.75078,34.76003],[127.75081,34.76011]],[[127.7515,36.92304],[127.75258,36.923],[127.75632,36.92254],[127.7589,36.92214]],[[127.75169,34.93071],[127.75261,34.93064]],[[127.75258,36.923],[127.75289,36.92301],[127.7561,36.92257]],[[127.7527,37.42372],[127.75284,37.42338]],[[127.7531,37.42293],[127.75372,37.42171],[127.7561,37.41793],[127.75649,37.41741]],[[127.75358,37.42189],[127.75311,37.42267]],[[127.75666,37.41731],[127.75651,37.41775],[127.75442,37.42109],[127.75318,37.42295]],[[127.75591,36.92263],[127.75326,36.92296]],[[127.75633,37.41762],[127.75594,37.41807],[127.754,37.42116],[127.75356,37.42192],[127.75343,37.42228]],[[127.75567,34.93063],[127.75699,34.9305],[127.75897,34.93051],[127.76005,34.9306],[127.76273,34.93059]],[[127.7559,34.93069],[127.75939,34.93069]],[[127.75628,34.93063],[127.76005,34.9306]],[[127.75718,37.41629],[127.75751,37.41594]],[[127.76271,34.93069],[127.75943,34.93069],[127.75887,34.93075]],[[127.75902,34.93052],[127.76065,34.93048],[127.76199,34.93059]],[[127.77677,37.39364],[127.7781,37.3929],[127.78248,37.39081],[127.78337,37.39047]],[[127.78337,37.39051],[127.78167,37.39146],[127.77969,37.39246],[127.77685,37.39366]],[[127.79151,36.17066],[127.79004,36.17117],[127.78733,36.172],[127.78189,36.17394]],[[127.78254,36.17377],[127.78207,36.174]],[[127.78776,36.17186],[127.78715,36.17203],[127.78331,36.17337],[127.78212,36.17386]],[[127.7827,36.17365],[127.78214,36.1739]],[[127.78249,36.17369],[127.78355,36.17321],[127.78611,36.17236]],[[127.78959,36.17137],[127.78823,36.17195],[127.78405,36.17341],[127.78263,36.17379]],[[127.78873,36.17174],[127.78806,36.17206],[127.78423,36.17339],[127.78265,36.17383]],[[127.78415,37.0937],[127.78291,37.09444]],[[127.78299,36.17346],[127.78435,36.17269]],[[127.78327,36.1733],[127.78351,36.17308],[127.78433,36.17266]],[[127.78357,36.17328],[127.78412,36.17305],[127.78678,36.17216]],[[127.78435,37.39005],[127.78388,37.39022]]]}},{"type":"Feature","properties":{"g":"kr"},"geometry":{"type":"MultiLineString","coordinates":[[[127.78849,36.17187],[127.78762,36.17235],[127.78542,36.17315],[127.78429,36.17345]],[[127.78821,36.17203],[127.7875,36.17257],[127.78719,36.17272],[127.78508,36.17332]],[[127.78888,36.17167],[127.79084,36.17099]],[[127.78942,36.17139],[127.78996,36.17124]],[[127.78952,37.09066],[127.79036,37.0903]],[[127.83475,37.35155],[127.83533,37.35122]],[[127.83478,37.35159],[127.8353,37.35119]],[[127.83547,37.35107],[127.83677,37.35001]],[[127.84235,37.34655],[127.84076,37.34745],[127.83748,37.34962],[127.83616,37.35061]],[[127.8362,37.35065],[127.83728,37.35002],[127.83954,37.34857]],[[127.83642,37.35034],[127.83745,37.34958],[127.84068,37.34743],[127.84292,37.34618]],[[127.83677,37.35001],[127.83725,37.34954],[127.83957,37.34797],[127.84056,37.34745]],[[127.83677,37.35001],[127.83741,37.34952],[127.84123,37.34701],[127.84232,37.3465]],[[127.83897,37.34809],[127.84021,37.34729],[127.84065,37.34713]],[[127.839,37.34812],[127.84025,37.34733],[127.84201,37.34662]],[[127.84108,37.34696],[127.84012,37.34724],[127.83922,37.34783]],[[127.843,37.34618],[127.84222,37.34672]],[[127.84397,37.34552],[127.84333,37.3459]],[[127.84439,37.34522],[127.84529,37.3447]],[[127.84767,37.34291],[127.84716,37.34331]],[[127.89066,37.35192],[127.89128,37.3526],[127.89216,37.3534],[127.89553,37.35599],[127.89636,37.35653]],[[127.89145,37.35248],[127.89067,37.3519]],[[127.89145,37.35248],[127.89189,37.35273],[127.89604,37.35602],[127.89642,37.35638]],[[127.89145,37.35248],[127.89473,37.35503],[127.89565,37.35585],[127.89775,37.35751],[127.89708,37.35706]],[[127.89581,37.35604],[127.89524,37.35565]],[[127.90085,37.05013],[127.90018,37.05059]],[[127.90414,37.04737],[127.90364,37.04763],[127.90246,37.04857],[127.9021,37.04901],[127.90117,37.04985]],[[127.90506,37.04673],[127.90181,37.04929]],[[127.90443,37.04719],[127.90385,37.04755],[127.9021,37.04901]],[[127.90509,36.97014],[127.90588,36.97122]],[[127.90569,36.9711],[127.90624,36.97222]],[[127.90573,36.97073],[127.9066,36.97228],[127.907,36.97285]],[[127.90628,36.97186],[127.90599,36.97143]],[[127.90609,37.04596],[127.90677,37.04543]],[[127.90645,36.97216],[127.90721,36.97331],[127.90875,36.97607],[127.90948,36.97764]],[[127.90651,36.97237],[127.90721,36.97388],[127.90864,36.97644],[127.90941,36.97761]],[[127.907,36.97285],[127.90667,36.97248]],[[127.90689,36.97279],[127.90723,36.97324],[127.90896,36.97636],[127.90932,36.97729]],[[127.90939,36.97727],[127.90918,36.97662],[127.90731,36.97324],[127.907,36.97285]],[[127.90789,36.22433],[127.90749,36.22428]],[[127.90784,36.22427],[127.90946,36.22416],[127.91358,36.22415],[127.9148,36.2242],[127.91538,36.2243]],[[127.90827,36.22433],[127.90969,36.22441],[127.91396,36.22439],[127.91513,36.22433]],[[127.90941,36.97806],[127.90889,36.9771]],[[127.90902,36.97634],[127.90922,36.97693]],[[127.90928,36.22417],[127.91337,36.22411],[127.91422,36.22412],[127.91469,36.2242]],[[127.90977,36.97825],[127.90965,36.97794]],[[127.91445,36.22441],[127.90995,36.22441]],[[127.91086,36.98055],[127.91049,36.97954]],[[127.91477,36.22435],[127.91402,36.22447],[127.91206,36.22449],[127.91151,36.22444]],[[127.91592,36.22432],[127.91642,36.22429]],[[127.91904,37.31642],[127.92084,37.31654],[127.92449,37.31654],[127.92678,37.31643]],[[127.91905,37.31636],[127.92084,37.31626],[127.92243,37.31626],[127.92523,37.31629],[127.92677,37.31639]],[[127.95568,36.90373],[127.95665,36.90345]],[[127.96324,36.90118],[127.96398,36.90097]],[[127.97532,35.13369],[127.97585,35.13391]],[[128.00427,37.19495],[128.00321,37.19573],[128.00161,37.19717],[127.9994,37.19929],[127.99801,37.2004],[127.99549,37.20312],[127.99372,37.20484],[127.99268,37.20652],[127.98887,37.21426],[127.98761,37.21715]],[[127.98779,37.21735],[127.98916,37.21518],[127.99254,37.20811],[127.99383,37.20557],[127.9972,37.20159],[127.99781,37.20075],[127.99826,37.20034],[127.99997,37.19902],[128.00248,37.19687],[128.00439,37.19509]],[[127.99363,36.21507],[127.99319,36.21537]],[[127.99913,36.21062],[127.99756,36.21203],[127.99491,36.21416],[127.99374,36.21498]],[[127.99377,36.21491],[127.99537,36.21344],[127.9975,36.21173],[127.99922,36.21049]],[[127.99883,36.21089],[127.99814,36.21162],[127.99507,36.2141],[127.99444,36.21449]],[[127.99791,36.21142],[127.99721,36.21189],[127.99513,36.21361],[127.99486,36.21389]],[[127.99814,36.21162],[127.99622,36.21323],[127.99495,36.21418]],[[127.99791,36.21183],[127.99729,36.21241],[127.99622,36.21323]],[[127.99745,36.21228],[127.9997,36.21022]],[[127.99966,36.21014],[127.99929,36.21049]],[[128.00459,36.84443],[128.00441,36.84525]],[[128.00567,36.83783],[128.00548,36.83874]],[[128.00702,37.4805],[128.01217,37.48411],[128.01278,37.4844]],[[128.01284,37.48437],[128.01168,37.48342],[128.00921,37.48174],[128.00705,37.48047]],[[128.00793,37.48098],[128.0089,37.48147],[128.01193,37.48353],[128.01228,37.48389]],[[128.00836,37.48116],[128.00897,37.48144],[128.01109,37.48289],[128.01139,37.48317]],[[128.01156,36.15883],[128.01137,36.15965],[128.01126,36.16055],[128.011,36.16147],[128.01076,36.16199],[128.01048,36.16246],[128.00969,36.16335],[128.00836,36.16439]],[[128.01147,36.15871],[128.01137,36.15965]],[[128.01245,37.48403],[128.01346,37.48454],[128.01414,37.48503]],[[128.01627,36.78989],[128.01676,36.78925]],[[128.03796,36.12622],[128.03889,36.12532],[128.04252,36.12254],[128.04422,36.12136]],[[128.038,36.12622],[128.03903,36.12555],[128.04116,36.12394],[128.04423,36.12139]],[[128.03823,36.12596],[128.03873,36.12538],[128.03897,36.12519],[128.0422,36.12274],[128.04297,36.12223]],[[128.04048,36.12443],[128.04123,36.12396],[128.04224,36.12317],[128.04282,36.12258]],[[128.07996,37.09967],[128.07857,37.10069],[128.07661,37.10231],[128.07609,37.10266],[128.07545,37.10296],[128.07482,37.10317],[128.0732,37.10345]],[[128.08002,37.09967],[128.07878,37.10086],[128.0769,37.10241],[128.0763,37.10283],[128.07566,37.10312],[128.07486,37.10333],[128.07328,37.10348]],[[128.07842,37.10081],[128.07767,37.10132],[128.07678,37.10218]],[[128.08055,37.09917],[128.08022,37.09951]],[[128.09234,36.28061],[128.09368,36.28183],[128.09647,36.28454]],[[128.09278,36.28104],[128.09382,36.28216],[128.09632,36.28458]],[[128.09368,36.28183],[128.09644,36.2845]],[[128.09405,36.28237],[128.09452,36.28289],[128.09627,36.28454]],[[128.09452,36.28289],[128.09487,36.2833],[128.09581,36.28414]],[[128.11307,36.7176],[128.11288,36.71786],[128.10967,36.72122],[128.10882,36.72188],[128.1076,36.72315]],[[128.10797,36.72249],[128.10852,36.72199]],[[128.11404,36.71629],[128.113,36.71753],[128.11086,36.71979],[128.10961,36.72108],[128.1084,36.72219]],[[128.11366,36.71673],[128.11325,36.71734],[128.11169,36.71899],[128.10958,36.72118],[128.10882,36.7218]],[[128.11316,36.12542],[128.11189,36.12633],[128.11059,36.12706],[128.10888,36.12832]],[[128.11325,36.71734],[128.11307,36.7176],[128.10984,36.72098],[128.10922,36.72151]],[[128.11008,36.72079],[128.10984,36.72098]],[[128.11288,36.71786],[128.11263,36.71821],[128.11078,36.72015],[128.11029,36.72058]],[[128.11767,36.12202],[128.1167,36.12333],[128.11624,36.12373],[128.11522,36.12443],[128.1128,36.1258],[128.11034,36.12763]],[[128.11228,36.1266],[128.11088,36.12884]],[[128.12331,35.15155],[128.12025,35.15086],[128.116,35.14964],[128.11405,35.14898],[128.11102,35.14816]],[[128.11243,36.1264],[128.11153,36.12794],[128.11104,36.1286]],[[128.11113,36.12675],[128.11608,36.12316],[128.11735,36.12211]],[[128.11714,36.12272],[128.11678,36.12329],[128.11622,36.1238],[128.1154,36.1244],[128.11327,36.1256],[128.11184,36.12665],[128.11127,36.12735]],[[128.11195,36.1265],[128.1114,36.12715]],[[128.11147,35.14822],[128.11176,35.14836]],[[128.11224,36.12671],[128.11165,36.12824]],[[128.11167,36.12646],[128.1122,36.12615]],[[128.11208,36.12712],[128.11172,36.12827]],[[128.112,36.12739],[128.11196,36.12775],[128.11176,36.12829]],[[128.1118,37.15927],[128.11249,37.15896]],[[128.11214,37.15915],[128.11249,37.15896]],[[128.11341,35.14872],[128.11233,35.14839]],[[128.11249,37.15896],[128.11267,37.15887]],[[128.11721,36.1225],[128.11624,36.12347],[128.11427,36.12489],[128.1128,36.1258]],[[128.1136,36.12534],[128.1131,36.12573]],[[128.12332,35.15151],[128.1208,35.15066],[128.11608,35.14929],[128.1131,35.14859]],[[128.11703,36.12269],[128.11312,36.12558]],[[128.11681,36.12293],[128.11342,36.12539]],[[128.11352,35.14883],[128.11559,35.14956],[128.12023,35.15089],[128.1223,35.15133]],[[128.11667,36.12307],[128.11374,36.12521]],[[128.12259,35.15135],[128.1203,35.15083],[128.11597,35.14958],[128.11377,35.14883]],[[128.11378,35.14879],[128.11619,35.14936],[128.12066,35.15065],[128.12265,35.15132]],[[128.11745,36.12225],[128.11682,36.12305],[128.11631,36.12352],[128.11482,36.12459],[128.11402,36.12506]],[[128.1168,36.7134],[128.11449,36.71581]],[[128.117,36.12283],[128.1164,36.12349],[128.11459,36.12474]],[[128.12261,35.15138],[128.12124,35.15121],[128.12075,35.15109],[128.11581,35.14969],[128.11468,35.14924]],[[128.11683,36.12306],[128.11633,36.1236],[128.11488,36.12458]],[[128.11491,35.149],[128.11591,35.14907],[128.12006,35.15024],[128.1208,35.15053]],[[128.12114,35.15072],[128.12053,35.15047],[128.11588,35.14913],[128.11514,35.14905]],[[128.11539,35.1491],[128.11651,35.14935],[128.12059,35.15053],[128.12194,35.15105]],[[128.11554,35.14959],[128.11635,35.14991],[128.12086,35.15116],[128.1219,35.15129]],[[128.11556,35.14904],[128.11609,35.14904],[128.11648,35.14912],[128.12011,35.15016],[128.12062,35.15037]],[[128.12051,35.15038],[128.11956,35.15003],[128.11625,35.1491],[128.1158,35.14906]],[[128.12157,35.15089],[128.12049,35.15041],[128.11588,35.14913]],[[128.11829,36.12142],[128.11721,36.1225],[128.11648,36.12308]],[[128.11745,36.12201],[128.11866,36.12116]],[[128.11992,35.14979],[128.12001,35.14987]],[[128.12021,35.15004],[128.12082,35.15054]],[[128.12842,37.13029],[128.12781,37.13045],[128.12426,37.13105]],[[128.12495,37.13098],[128.12781,37.13045]],[[128.12729,37.13041],[128.128,37.13033]],[[128.12768,36.33785],[128.12818,36.33841],[128.12889,36.33937],[128.12913,36.33984]],[[128.12788,36.33804],[128.12821,36.33837],[128.12892,36.33935],[128.12904,36.33968]],[[128.12898,37.13008],[128.12816,37.13026]],[[128.12902,37.1302],[128.12817,37.1303]],[[128.13724,37.12871],[128.13599,37.12886],[128.12916,37.13005]],[[128.12919,37.13016],[128.13507,37.12923],[128.13728,37.12881]],[[128.13822,37.12862],[128.13887,37.12848]],[[128.16042,37.12494],[128.16094,37.12525],[128.16509,37.12723],[128.16572,37.12737]],[[128.16624,36.41399],[128.16564,36.41302],[128.16292,36.40792]],[[128.16587,36.41333],[128.16322,36.40846]],[[128.16548,36.41276],[128.16502,36.41225],[128.16396,36.41032],[128.16354,36.40936]],[[128.1638,36.40993],[128.16522,36.41251]],[[128.16502,36.41225],[128.16469,36.41176],[128.16392,36.41022]],[[128.16478,37.12657],[128.18111,37.12709],[128.18338,37.12727],[128.18627,37.12737]],[[128.18186,37.12839],[128.17979,37.12835],[128.17626,37.12796],[128.16753,37.12766],[128.16673,37.12757],[128.16572,37.12737]],[[128.17502,37.12761],[128.17438,37.1275],[128.17357,37.12724],[128.17302,37.12718],[128.16811,37.127],[128.1677,37.12705],[128.16664,37.12733],[128.16572,37.12737]],[[128.16619,37.12748],[128.16827,37.12732],[128.17308,37.12749],[128.17461,37.12766]],[[128.17446,37.12763],[128.17321,37.12745],[128.16802,37.12727],[128.16642,37.12735]],[[128.16661,37.1267],[128.17168,37.12687],[128.1724,37.12679],[128.17314,37.12694],[128.17444,37.12748],[128.17502,37.12761],[128.17575,37.12773],[128.17679,37.12772],[128.17729,37.12778]],[[128.16672,37.12748],[128.17397,37.12768]],[[128.16673,37.12731],[128.16789,37.12723],[128.17306,37.12741],[128.17377,37.12747]],[[128.1749,37.12772],[128.17352,37.12742],[128.17286,37.12734],[128.16797,37.12719],[128.16692,37.12727]],[[128.17562,37.12794],[128.17343,37.12763],[128.16699,37.12744]],[[128.1672,37.12719],[128.16806,37.12714],[128.17294,37.1273],[128.1745,37.12759]],[[128.1672,37.12758],[128.175,37.12783]],[[128.17454,37.12777],[128.16725,37.12758]],[[128.17626,37.12796],[128.17538,37.12783],[128.17368,37.12735],[128.17321,37.12728],[128.16846,37.1271],[128.16744,37.12712]],[[128.1675,36.64299],[128.16837,36.64315],[128.17074,36.64339],[128.17165,36.64338]],[[128.17655,37.12799],[128.16753,37.12766]],[[128.16763,37.12794],[128.17014,37.12809],[128.17913,37.12829]],[[128.17216,36.64338],[128.1677,36.64296]],[[128.17428,37.12747],[128.17361,37.12729],[128.17295,37.12721],[128.1677,37.12705]],[[128.16772,37.12756],[128.17433,37.12774]],[[128.16787,36.64307],[128.17127,36.64339]],[[128.17742,37.12809],[128.16821,37.12788],[128.16794,37.12782]],[[128.16811,36.64297],[128.17152,36.6433]],[[128.16822,37.12751],[128.16673,37.12757],[128.16794,37.12782],[128.17707,37.12805]],[[128.17883,37.12826],[128.16918,37.12802],[128.1686,37.12795]],[[128.17932,37.12831],[128.17756,37.12835],[128.17014,37.12809]],[[128.17111,36.64326],[128.1716,36.64334]],[[128.17142,36.11577],[128.1748,36.11467],[128.18077,36.11287],[128.18804,36.1107],[128.1897,36.11029]],[[128.17146,36.11582],[128.17235,36.11563],[128.17567,36.11467],[128.18794,36.111],[128.18971,36.11034]],[[128.17181,37.12671],[128.17207,37.12678]],[[128.17273,37.12681],[128.17423,37.12701],[128.18338,37.12727],[128.18249,37.12732],[128.17455,37.12702]],[[128.17287,37.12681],[128.18295,37.12722]],[[128.18326,37.12725],[128.17416,37.12695],[128.17345,37.12686]],[[128.17423,37.12701],[128.17585,37.12715],[128.18387,37.12737],[128.18516,37.12748],[128.18694,37.12797],[128.18809,37.12803],[128.18833,37.1281]],[[128.18706,37.12799],[128.18644,37.12797],[128.18497,37.12762],[128.18434,37.12756],[128.17597,37.12729],[128.17484,37.12709]],[[128.17497,37.12711],[128.17663,37.12727],[128.18488,37.1275],[128.18576,37.12763]],[[128.17555,37.12725],[128.17588,37.12732],[128.17731,37.12738],[128.18497,37.12762]],[[128.17571,37.12752],[128.17648,37.12765]],[[128.17574,37.12748],[128.17679,37.12772]],[[128.17729,37.12778],[128.17577,37.12744]],[[128.17593,37.12715],[128.17663,37.12723],[128.18463,37.12745]],[[128.18574,37.12783],[128.18462,37.1277],[128.17652,37.12747],[128.1763,37.12742]],[[128.17652,37.12747],[128.17677,37.12752],[128.18529,37.12777]],[[128.18592,37.12788],[128.18511,37.12781],[128.17677,37.12752]],[[128.17698,37.12756],[128.17722,37.12761],[128.18563,37.12785]],[[128.17728,37.12834],[128.18248,37.12864]],[[128.1786,37.12791],[128.17729,37.12778]],[[128.18186,37.12839],[128.17935,37.12821],[128.17821,37.12803],[128.17729,37.12778]],[[128.17758,37.1277],[128.17869,37.12784],[128.1854,37.12804],[128.18644,37.12797],[128.1783,37.12774],[128.17794,37.12767]],[[128.17841,37.12821],[128.1686,37.12795],[128.16821,37.12788],[128.17795,37.12815]],[[128.17862,37.12788],[128.18528,37.1281],[128.18591,37.12802]],[[128.18016,37.12831],[128.18057,37.12838]],[[128.18051,37.12811],[128.18118,37.12821],[128.18302,37.12831],[128.18428,37.12823]],[[128.18105,37.1284],[128.18289,37.12858],[128.18738,37.12876]],[[128.18171,37.1284],[128.18385,37.12841],[128.18612,37.12815],[128.18796,37.12819]],[[128.18186,37.12839],[128.18405,37.12834],[128.18615,37.12807],[128.18727,37.12805],[128.18886,37.12812],[128.18965,37.12824],[128.19294,37.12938],[128.19408,37.12946],[128.1954,37.12982]],[[128.18326,37.12728],[128.18453,37.12734],[128.18516,37.12748]],[[128.18527,37.12851],[128.18333,37.12843]],[[128.18561,37.12843],[128.18419,37.12837]],[[128.18569,37.12837],[128.18445,37.12835]],[[128.18453,37.12819],[128.18428,37.12823],[128.17982,37.12809],[128.17909,37.12797],[128.18453,37.12819],[128.18496,37.12813]],[[128.18589,37.12832],[128.18495,37.12829]],[[128.18502,37.12784],[128.17722,37.12761],[128.17845,37.12779],[128.18584,37.12797]],[[128.18528,37.12769],[128.17633,37.12738],[128.17588,37.12732],[128.17633,37.12743],[128.1847,37.12767],[128.18556,37.12777]],[[128.18528,37.1281],[128.17909,37.12797],[128.17827,37.12783],[128.17866,37.12788],[128.18555,37.12804]],[[128.18589,37.12824],[128.18539,37.12823]],[[128.18639,37.12819],[128.18568,37.1282]],[[128.18578,37.12862],[128.18429,37.12856],[128.18361,37.12844],[128.18572,37.12857]],[[128.20167,37.12875],[128.1998,37.12948],[128.19867,37.12986],[128.19802,37.12998],[128.19696,37.13005],[128.1954,37.12982],[128.19405,37.12938],[128.19307,37.12933],[128.19266,37.12925],[128.18966,37.12818],[128.1891,37.12808],[128.18809,37.12803]],[[128.20054,36.1546],[128.19878,36.15362],[128.19499,36.1517],[128.19322,36.15094]],[[128.19325,36.15102],[128.19617,36.15262],[128.19923,36.15408],[128.20045,36.15459]],[[128.19878,36.15362],[128.19812,36.15321],[128.19514,36.15171],[128.19416,36.15134]],[[128.19493,36.15194],[128.19528,36.15219],[128.19644,36.1528],[128.19859,36.15378]],[[128.20116,37.12873],[128.20033,37.1289],[128.19951,37.12892],[128.1991,37.12888],[128.19807,37.12864]],[[128.19894,36.58851],[128.20036,36.59041],[128.20219,36.59307],[128.20266,36.59391],[128.2034,36.59487],[128.20636,36.59912]],[[128.2018,37.12862],[128.20116,37.12873],[128.20034,37.12875]],[[128.20035,37.12911],[128.20166,37.12869],[128.20224,37.12844],[128.20291,37.12803]],[[128.20988,37.12567],[128.20887,37.1258],[128.20626,37.12573],[128.20424,37.12635],[128.20372,37.12687],[128.20331,37.12769],[128.20271,37.12822],[128.20225,37.12852],[128.20178,37.12871],[128.20063,37.12908]],[[128.20416,37.12821],[128.20209,37.12876]],[[128.20217,37.12862],[128.2028,37.12826],[128.2035,37.1277],[128.20431,37.12724],[128.20833,37.1258]],[[128.20219,36.59307],[128.20277,36.59385],[128.20377,36.5949],[128.2055,36.59758]],[[128.20244,36.59346],[128.20281,36.594],[128.20389,36.59519],[128.20556,36.59771]],[[128.20254,37.12824],[128.20297,37.12792],[128.20327,37.12743]],[[128.20255,36.59384],[128.20405,36.59611]],[[128.20279,36.59408],[128.20353,36.59497],[128.20604,36.59868]],[[128.20283,36.59431],[128.20337,36.59531],[128.20556,36.5985],[128.20613,36.59923],[128.2066,36.59959]],[[128.20284,37.12848],[128.20485,37.12793],[128.20821,37.12667],[128.20885,37.12639],[128.2092,37.12612]],[[128.2031,37.1282],[128.20372,37.1278],[128.20473,37.12739],[128.20811,37.12614],[128.20877,37.12602]],[[128.20313,36.59435],[128.20583,36.59828]],[[128.20331,37.12769],[128.20373,37.12732],[128.20668,37.12614],[128.20799,37.12578]],[[128.20338,37.12723],[128.20369,37.1268],[128.20424,37.12635]],[[128.20339,36.59461],[128.20575,36.59809]],[[128.2034,37.12749],[128.20393,37.12687],[128.20443,37.12664],[128.20693,37.12573],[128.20653,37.1258],[128.20451,37.12651],[128.20416,37.12667],[128.20393,37.12687]],[[128.20344,37.12758],[128.20411,37.12687],[128.20432,37.12676],[128.20691,37.12582],[128.20748,37.12575]],[[128.20348,36.59554],[128.20493,36.59768],[128.20556,36.5985]],[[128.20359,37.12726],[128.20385,37.12685],[128.20423,37.12647],[128.20648,37.12573]],[[128.20361,36.59488],[128.20564,36.59786]],[[128.20366,37.12729],[128.20419,37.12698],[128.20652,37.12609],[128.20717,37.12587],[128.20769,37.12582]],[[128.2037,36.59596],[128.20462,36.59724]],[[128.20372,37.1278],[128.20469,37.12723],[128.2073,37.12631],[128.20811,37.12614]],[[128.20391,37.12708],[128.20433,37.12684],[128.20666,37.12597],[128.20706,37.12584],[128.20765,37.12576]],[[128.20666,36.59953],[128.20604,36.59868],[128.20525,36.59709],[128.20394,36.59516]],[[128.20401,37.12739],[128.20422,37.12725],[128.20531,37.12681]],[[128.20415,37.12753],[128.20757,37.12626]],[[128.20441,36.59715],[128.20493,36.59768]],[[128.20485,37.12793],[128.20597,37.12761],[128.20712,37.12717],[128.20822,37.12674],[128.2088,37.12641]],[[128.20653,37.12762],[128.20731,37.12735]],[[128.20658,37.12768],[128.20699,37.12753],[128.20774,37.12707]],[[128.20665,37.12753],[128.20746,37.12723]],[[128.20811,37.12678],[128.20774,37.12707],[128.20712,37.12771]],[[128.21635,37.50929],[128.21816,37.5097],[128.22403,37.51059],[128.22518,37.51069]],[[128.22521,37.51063],[128.22407,37.51035],[128.21825,37.50937],[128.21636,37.50921]],[[128.22653,37.51089],[128.22557,37.51068]],[[128.24159,37.11435],[128.24166,37.11389],[128.24241,37.11218],[128.24254,37.11143],[128.24233,37.11051],[128.24195,37.10961],[128.24167,37.10867],[128.24133,37.10718],[128.24094,37.10646],[128.2405,37.10601],[128.24011,37.10574],[128.23932,37.10537],[128.23834,37.10515],[128.23382,37.10471],[128.23317,37.10471],[128.23268,37.10482],[128.22843,37.10649]],[[128.2347,37.12213],[128.23571,37.12174],[128.23674,37.12117],[128.23766,37.12049],[128.23835,37.1198],[128.23888,37.11913],[128.24025,37.11698],[128.24347,37.11182],[128.24503,37.10918],[128.24555,37.10842]],[[128.23881,37.11921],[128.23901,37.11908],[128.24122,37.11561],[128.24599,37.10772]],[[128.23958,37.11836],[128.2397,37.11797]],[[128.24153,37.11463],[128.24159,37.11435],[128.24393,37.11052],[128.24442,37.10984],[128.24515,37.10899],[128.24085,37.11592],[128.24063,37.11638]],[[128.24118,37.1154],[128.24151,37.11475],[128.24397,37.11069],[128.24454,37.10991]],[[128.24132,37.11513],[128.24167,37.11441],[128.2437,37.11107],[128.24488,37.10936],[128.24421,37.11018],[128.24164,37.11438],[128.2414,37.11497]],[[128.24159,37.11435],[128.24175,37.11398],[128.24375,37.11059],[128.24394,37.11037]],[[128.24442,37.10984],[128.24394,37.11037],[128.24159,37.11435]],[[128.25256,35.17488],[128.25339,35.17482]],[[128.25343,36.15898],[128.25508,36.15869]],[[128.25389,35.17485],[128.25627,35.1749],[128.25974,35.1748],[128.262,35.1746]],[[128.26135,35.17458],[128.25999,35.17456],[128.25564,35.17466],[128.25439,35.17479]],[[128.25442,36.15885],[128.25572,36.15852],[128.25993,36.15772],[128.26261,36.15727],[128.26346,36.15719]],[[128.25444,36.15889],[128.25629,36.15866],[128.26269,36.15742]],[[128.2561,35.17484],[128.2547,35.17489]],[[128.26094,35.1747],[128.25999,35.17484],[128.25548,35.17495],[128.25481,35.17489]],[[128.25502,36.15882],[128.25616,36.15874],[128.26076,36.15785]],[[128.25555,36.1588],[128.25632,36.15876],[128.25983,36.1581],[128.26153,36.15763]],[[128.25572,36.15852],[128.25648,36.15832],[128.25976,36.15772],[128.26181,36.15744]],[[128.25671,36.15828],[128.25709,36.15816],[128.26019,36.1576],[128.26073,36.15757]],[[128.25953,35.17476],[128.26066,35.17472]],[[128.26232,35.17455],[128.2632,35.17456]],[[128.26269,36.15742],[128.26349,36.15723]],[[128.26269,36.15742],[128.26594,36.15679]],[[128.27909,37.07164],[128.27528,37.07496],[128.27163,37.07802],[128.26909,37.08033]],[[128.27163,37.07802],[128.27116,37.07833]],[[128.2785,37.07225],[128.27844,37.07236],[128.27582,37.0746],[128.27316,37.07686],[128.27259,37.07725]],[[128.27834,37.07249],[128.27829,37.07259],[128.27368,37.07656],[128.27301,37.07696]],[[128.27313,37.07688],[128.2736,37.07655],[128.27844,37.07236]],[[128.27368,37.07656],[128.27401,37.07635],[128.27801,37.0729],[128.27829,37.07259],[128.27803,37.07295],[128.27401,37.07635]],[[128.27422,37.07621],[128.27784,37.07318],[128.27803,37.07295]],[[128.28125,37.07869],[128.28243,37.08116],[128.28321,37.08221],[128.28493,37.08408],[128.2853,37.0849],[128.28537,37.08516],[128.28536,37.08586],[128.28497,37.08669],[128.2843,37.08771],[128.28373,37.0883],[128.2825,37.08928],[128.28201,37.08948],[128.28119,37.08959],[128.28027,37.08942],[128.27872,37.0886],[128.27808,37.08843],[128.2772,37.08838],[128.27614,37.08842],[128.27512,37.08868],[128.27444,37.08881],[128.27405,37.08881],[128.27302,37.0886],[128.27219,37.08815],[128.27051,37.08608],[128.27007,37.08539],[128.26973,37.0847],[128.26958,37.08353],[128.2698,37.08074],[128.26999,37.08016],[128.27026,37.07956],[128.27099,37.07865],[128.27801,37.07268],[128.27871,37.072]],[[128.27907,37.07153],[128.27869,37.07173],[128.27329,37.07628],[128.27268,37.07694],[128.27363,37.07605],[128.27798,37.07238],[128.27935,37.07134]],[[128.28415,37.06848],[128.28323,37.06932],[128.28218,37.06973],[128.28146,37.06992],[128.28049,37.07046]],[[128.28537,37.08576],[128.2853,37.08515],[128.28491,37.08412],[128.28349,37.0826],[128.28225,37.08102],[128.28119,37.07872]],[[128.28275,37.0813],[128.28242,37.0806],[128.28206,37.08011],[128.28141,37.0787]],[[128.28141,37.07928],[128.28156,37.07971],[128.2823,37.08118],[128.28301,37.08212],[128.28502,37.08441]],[[128.28146,37.07867],[128.28222,37.08031]],[[128.28509,37.08459],[128.28482,37.08418],[128.28298,37.08216],[128.28231,37.08127],[128.28165,37.08007],[128.28152,37.07959],[128.28149,37.08043]],[[128.28152,37.07866],[128.28242,37.0806]],[[128.28154,37.07994],[128.2818,37.08052],[128.28232,37.0814],[128.28296,37.08222],[128.28462,37.08402],[128.28493,37.08446],[128.28531,37.08522]],[[128.28232,37.07995],[128.28251,37.08042],[128.28253,37.08082],[128.28246,37.08047],[128.28159,37.07865]],[[128.28428,37.08338],[128.2826,37.08126],[128.28161,37.07948]],[[128.28408,37.08346],[128.28298,37.08236],[128.2825,37.08176],[128.28207,37.08111],[128.2818,37.08052]],[[128.28376,37.0832],[128.28278,37.08259],[128.28224,37.08216],[128.2818,37.08167]],[[128.2821,37.08037],[128.28408,37.08314]],[[128.28401,37.0834],[128.28348,37.08298],[128.28247,37.08182],[128.28217,37.08126]],[[128.28345,37.08213],[128.28308,37.08177]],[[128.28341,37.08215],[128.28314,37.08186]],[[128.28493,37.08408],[128.28532,37.08484],[128.28544,37.08523],[128.28542,37.08595],[128.28513,37.08656]],[[128.2854,37.08479],[128.28552,37.08532],[128.28547,37.08569]],[[128.29036,37.1901],[128.29138,37.1904],[128.29211,37.19071],[128.29251,37.19097],[128.29351,37.19181],[128.29462,37.193],[128.29771,37.19658],[128.29989,37.19963],[128.29904,37.19884],[128.29731,37.19659],[128.29575,37.19483],[128.29545,37.19427]],[[128.29428,37.19256],[128.29474,37.19321],[128.29768,37.1966],[128.29824,37.19732],[128.29877,37.19815],[128.29906,37.19846]],[[128.29877,37.19815],[128.29769,37.19666],[128.2953,37.19391],[128.29495,37.19344]],[[128.2951,37.19364],[128.2957,37.1945],[128.29928,37.19879]],[[128.2953,37.19391],[128.29769,37.19672],[128.29856,37.19789]],[[128.29554,37.19452],[128.29568,37.19493],[128.296,37.19536],[128.29759,37.19714],[128.29853,37.1985],[128.2987,37.1987],[128.29934,37.19914]],[[128.2987,37.1987],[128.29824,37.19821],[128.29772,37.19738],[128.29594,37.19534],[128.29568,37.19493],[128.29586,37.19532],[128.29773,37.19747],[128.29824,37.19821]],[[128.29888,37.19872],[128.2985,37.19831],[128.29744,37.19687],[128.29595,37.1952],[128.29576,37.19485],[128.29766,37.19708],[128.29892,37.19878],[128.29914,37.19894]],[[128.2989,37.19838],[128.29642,37.19544],[128.29529,37.19398],[128.29545,37.19427],[128.29852,37.19805],[128.29907,37.19856]],[[128.3074,37.20852],[128.30679,37.20773],[128.30584,37.20679],[128.30104,37.20236]],[[128.30104,37.20236],[128.30178,37.20296],[128.30573,37.20662],[128.3068,37.20767],[128.30778,37.20891]],[[128.30104,37.20236],[128.30463,37.20579],[128.30672,37.20769],[128.30775,37.20895]],[[128.30516,37.20587],[128.30494,37.20553],[128.30378,37.20418],[128.30329,37.2037],[128.30131,37.20257]],[[128.30532,37.20624],[128.30444,37.2053],[128.30225,37.20328],[128.30188,37.20304]],[[128.30211,37.2032],[128.30505,37.20592]],[[128.30246,37.20323],[128.30337,37.20369],[128.30383,37.20414],[128.30692,37.20772],[128.30756,37.20889],[128.30786,37.20888]],[[128.30376,37.20444],[128.30469,37.20532],[128.30499,37.20569]],[[128.30567,37.20656],[128.30516,37.20587],[128.30429,37.20505]],[[128.30671,37.20731],[128.30496,37.20546]],[[128.30514,37.20568],[128.3068,37.2075],[128.30756,37.20889]],[[128.31445,37.02673],[128.31726,37.02727],[128.31919,37.02813],[128.31987,37.02835],[128.32068,37.02834],[128.32173,37.02808]],[[128.31727,37.0274],[128.31692,37.02725],[128.31455,37.02679]],[[128.31776,37.02738],[128.31716,37.0271],[128.31554,37.02682],[128.31461,37.02676]],[[128.32161,37.02816],[128.32121,37.02832],[128.32036,37.02844],[128.31984,37.02842],[128.31678,37.02723],[128.31462,37.02685]],[[128.32139,37.0254],[128.31868,37.02521],[128.31652,37.02533],[128.31466,37.02557]],[[128.31468,37.02552],[128.31641,37.02529],[128.31873,37.02518],[128.32086,37.02527],[128.322,37.02548]],[[128.32122,37.02533],[128.32081,37.02522],[128.31878,37.02513],[128.316,37.02529],[128.31471,37.02546]],[[128.31471,37.0256],[128.31652,37.02537],[128.31876,37.02526],[128.32067,37.02534],[128.32211,37.02549]],[[128.31472,37.02564],[128.31657,37.02541],[128.31846,37.02531],[128.3236,37.02554],[128.32421,37.02539],[128.32456,37.02518]],[[128.31768,37.02734],[128.31713,37.02705],[128.31564,37.02679],[128.31473,37.02676]],[[128.32873,37.02184],[128.32739,37.02276],[128.32424,37.02543],[128.32388,37.02555],[128.32338,37.0256],[128.31919,37.02536],[128.31625,37.02549],[128.31475,37.02568]],[[128.31486,37.02681],[128.31701,37.02716],[128.31985,37.02832],[128.32136,37.02819]],[[128.31827,37.02764],[128.31715,37.02715],[128.31515,37.02682]],[[128.33231,37.01534],[128.33235,37.01606],[128.33221,37.01693],[128.33195,37.01765],[128.3316,37.01836],[128.33094,37.01933],[128.32961,37.02086],[128.32803,37.02259],[128.32337,37.02678],[128.32146,37.0284],[128.31782,37.03179]],[[128.32157,37.02818],[128.32058,37.02837],[128.31982,37.02838],[128.31785,37.02758]],[[128.31944,37.0248],[128.32013,37.02475],[128.32038,37.02483],[128.32134,37.02535]],[[128.32424,37.02543],[128.32387,37.02582],[128.32352,37.02638],[128.32288,37.02712],[128.32195,37.02794],[128.32145,37.02826],[128.32117,37.02837],[128.32021,37.02849],[128.31995,37.02847]],[[128.32769,37.23017],[128.32473,37.23073],[128.32111,37.2319]],[[128.32113,37.23193],[128.32446,37.23084],[128.32531,37.23062],[128.32117,37.23196]],[[128.32119,37.232],[128.32578,37.23052]],[[128.32349,37.23132],[128.32247,37.23186],[128.32131,37.23226]],[[128.32605,37.23047],[128.3219,37.23184]],[[128.32193,37.23215],[128.32277,37.2318],[128.32393,37.23117]],[[128.322,37.23188],[128.32315,37.23151]],[[128.32737,37.23023],[128.32252,37.23191]],[[128.32272,37.23189],[128.32349,37.23178],[128.32414,37.2316],[128.32795,37.23023]],[[128.32284,37.23176],[128.32722,37.23025]],[[128.32288,37.02712],[128.32407,37.02589],[128.32835,37.02209],[128.3279,37.02261],[128.32367,37.02635]],[[128.32697,37.2303],[128.32293,37.23171]],[[128.32799,37.23029],[128.32444,37.23155],[128.32294,37.23199]],[[128.32794,37.18049],[128.32713,37.18136],[128.32491,37.18289],[128.323,37.18437]],[[128.32307,37.18584],[128.32341,37.1844],[128.32358,37.18404],[128.32382,37.18373]],[[128.32311,37.23183],[128.32651,37.23067]],[[128.32364,37.18395],[128.32312,37.18584]],[[128.32314,37.23159],[128.32674,37.23034]],[[128.32319,37.18585],[128.32352,37.18444],[128.32367,37.18408],[128.32411,37.18351]],[[128.32322,36.13113],[128.32409,36.13095],[128.33351,36.1271]],[[128.32327,37.23181],[128.32643,37.23071]],[[128.3285,37.02198],[128.32806,37.02252],[128.32327,37.02676]],[[128.32651,37.23038],[128.32333,37.23148]],[[128.32343,37.02649],[128.32389,37.026],[128.32801,37.02229]],[[128.32346,37.2314],[128.32637,37.23041]],[[128.32491,37.18289],[128.32433,37.18342],[128.32407,37.18389],[128.32384,37.18471],[128.32346,37.18656]],[[128.32675,37.23055],[128.32615,37.23085],[128.32349,37.23178]],[[128.32355,37.18635],[128.32401,37.18411]],[[128.32784,37.02248],[128.32363,37.02618]],[[128.32373,37.02601],[128.3277,37.02251]],[[128.33233,37.00866],[128.3323,37.00937],[128.33218,37.00973],[128.33253,37.01637],[128.33239,37.0174],[128.33208,37.01814],[128.33189,37.0185],[128.32975,37.02095],[128.32862,37.02234],[128.32384,37.02665]],[[128.32387,37.02582],[128.32576,37.02415]],[[128.32388,37.18392],[128.3243,37.18336]],[[128.32613,37.23046],[128.32513,37.23048],[128.32395,37.23079]],[[128.32952,37.02154],[128.32893,37.02225],[128.3246,37.02616],[128.32397,37.02663]],[[128.32397,37.02663],[128.32432,37.02644],[128.32489,37.02595],[128.32806,37.02311],[128.32893,37.02225]],[[128.32978,37.02129],[128.32915,37.02207],[128.32815,37.02308],[128.32444,37.02638],[128.32397,37.02663]],[[128.32792,37.02247],[128.32733,37.02306],[128.32398,37.026]],[[128.32399,37.23073],[128.32515,37.23044],[128.3255,37.23044]],[[128.32406,37.18466],[128.32423,37.18391],[128.32438,37.1836],[128.32481,37.18312],[128.32572,37.18234]],[[128.32528,37.18271],[128.32444,37.18361],[128.32428,37.18395],[128.32411,37.18467]],[[128.32416,37.18467],[128.32443,37.18372],[128.32506,37.18294]],[[128.32421,37.18467],[128.32434,37.18403],[128.32457,37.18355]],[[128.32425,37.02651],[128.32514,37.02615],[128.32893,37.02273],[128.33007,37.02092]]]}},{"type":"Feature","properties":{"g":"kr"},"geometry":{"type":"MultiLineString","coordinates":[[[128.32993,37.02118],[128.32842,37.0229],[128.32442,37.02646]],[[128.3245,37.02643],[128.3286,37.02283],[128.32966,37.0215]],[[128.32969,37.02158],[128.32872,37.02278],[128.32463,37.02638]],[[128.32518,37.18271],[128.32464,37.18321],[128.32421,37.18385],[128.3236,37.18635],[128.32405,37.1841],[128.32417,37.18377],[128.32465,37.18313]],[[128.32479,37.02632],[128.32865,37.02292],[128.3293,37.02221]],[[128.32901,37.02262],[128.32502,37.02621]],[[128.32634,36.13003],[128.32697,36.12989]],[[128.32677,36.62642],[128.33036,36.62767]],[[128.32782,36.1296],[128.32737,36.12973]],[[128.32797,36.12954],[128.32987,36.12889],[128.33202,36.12805],[128.33571,36.12641]],[[128.32809,36.12945],[128.32937,36.12881]],[[128.32851,37.02238],[128.32761,37.02335],[128.32496,37.02576],[128.32348,37.0269],[128.32397,37.02663],[128.32463,37.02609],[128.32902,37.0221],[128.32978,37.02129],[128.33177,37.01889],[128.33287,37.0174],[128.33334,37.01557],[128.3333,37.01476]],[[128.32853,37.17988],[128.32881,37.17933],[128.32902,37.17833],[128.32897,37.17355],[128.32889,37.17291]],[[128.32862,37.1762],[128.32855,37.17336],[128.3286,37.17281]],[[128.33115,37.01962],[128.33002,37.0208],[128.3292,37.02179],[128.32862,37.02234]],[[128.32865,37.17255],[128.3286,37.17281],[128.32862,37.1762],[128.32871,37.1765],[128.32868,37.1722]],[[128.32878,37.17679],[128.32871,37.1765],[128.32872,37.17192]],[[128.32876,37.17145],[128.32872,37.17192],[128.32883,37.17793]],[[128.32882,37.17767],[128.32895,37.17814]],[[128.32894,37.1733],[128.32915,37.17401],[128.32918,37.1761],[128.32912,37.17648]],[[128.32897,37.17349],[128.32904,37.17398],[128.32908,37.17635],[128.32901,37.1771]],[[128.32907,37.17676],[128.32912,37.17646],[128.3291,37.17409],[128.32901,37.17378]],[[128.32908,37.02165],[128.32961,37.02086]],[[128.32937,36.12881],[128.32971,36.12863]],[[128.33571,36.12637],[128.33392,36.12697],[128.32937,36.12881]],[[128.33428,36.12712],[128.33108,36.1285],[128.32944,36.12904]],[[128.33392,36.12697],[128.3302,36.12842]],[[128.33028,37.021],[128.33139,37.01973]],[[128.3303,37.02098],[128.33065,37.0207],[128.33142,37.01976]],[[128.33368,36.12737],[128.33093,36.12855]],[[128.33097,37.01997],[128.32974,37.0215],[128.33028,37.021],[128.33136,37.01969]],[[128.33222,37.00962],[128.33258,37.01577],[128.33258,37.01648],[128.33242,37.01722]],[[128.33239,37.0174],[128.33262,37.0168],[128.33266,37.01645],[128.3323,37.00937]],[[128.33302,37.01682],[128.33297,37.01604],[128.3327,37.01497],[128.33265,37.01437],[128.33249,37.01043],[128.33258,37.00951],[128.33257,37.00871]],[[128.33259,37.00984],[128.33282,37.0112],[128.33292,37.01348]],[[128.33259,37.01021],[128.33296,37.01598]],[[128.33299,37.01347],[128.3329,37.01159],[128.33281,37.01088],[128.3327,37.01053]],[[128.33286,37.01546],[128.33273,37.01372],[128.33258,37.00951],[128.33254,37.01026],[128.33278,37.01524]],[[128.33305,37.01341],[128.33297,37.01178],[128.33281,37.01088]],[[128.33311,37.01302],[128.333,37.01156],[128.33292,37.01133]],[[128.33293,37.01698],[128.333,37.0164]],[[128.33316,37.01293],[128.33311,37.01198],[128.333,37.01156]],[[128.33336,37.01475],[128.3334,37.01571],[128.33304,37.01673]],[[128.33306,37.01484],[128.33315,37.0157],[128.33307,37.01652]],[[128.33477,36.12683],[128.33428,36.12712]],[[128.33616,36.12626],[128.33428,36.12712]],[[128.34371,36.97555],[128.34422,36.9701]],[[128.34447,36.969],[128.34449,36.96947],[128.34398,36.97465],[128.34379,36.97556]],[[128.34764,36.04527],[128.34714,36.04605],[128.34582,36.04772]],[[128.34585,36.04759],[128.34747,36.04553]],[[128.3473,36.04583],[128.347,36.0463],[128.34586,36.04775]],[[128.34591,36.04777],[128.34678,36.0467],[128.34711,36.04613]],[[128.36191,36.03924],[128.36075,36.04013],[128.35957,36.04093],[128.35823,36.04156],[128.35067,36.04392],[128.34835,36.04471],[128.3477,36.04519],[128.34598,36.04736]],[[128.36264,36.03903],[128.3596,36.04109],[128.3587,36.04155],[128.35744,36.042],[128.35209,36.04367],[128.34979,36.04468],[128.34893,36.04524],[128.34809,36.04599],[128.34731,36.04697],[128.34678,36.04792]],[[128.36802,36.04122],[128.36607,36.0423],[128.36313,36.04411],[128.36268,36.04435],[128.3622,36.04448],[128.36111,36.04453],[128.35985,36.04431],[128.3582,36.0443],[128.35592,36.04419],[128.3541,36.04377],[128.35356,36.0437],[128.35243,36.04372],[128.35128,36.044]],[[128.36061,36.04439],[128.35999,36.04407],[128.35919,36.04391],[128.35819,36.04393],[128.35376,36.04373]],[[128.3541,36.04375],[128.35916,36.04387],[128.35999,36.04407]],[[128.3541,36.04377],[128.35583,36.04402],[128.35831,36.04413],[128.35924,36.04412],[128.35999,36.0442],[128.36025,36.04429]],[[128.35446,36.04385],[128.35588,36.04423],[128.35831,36.04435],[128.35995,36.04436],[128.36079,36.04456],[128.36167,36.04454]],[[128.36009,36.04434],[128.35948,36.04424],[128.35837,36.04425],[128.3559,36.04414],[128.35448,36.04383]],[[128.36058,36.04441],[128.35993,36.04416],[128.35924,36.04404],[128.35583,36.04393],[128.35452,36.04377]],[[128.35455,36.04374],[128.35553,36.04372],[128.35833,36.04385],[128.35926,36.04383],[128.35989,36.044],[128.36033,36.04424]],[[128.36135,36.04454],[128.3594,36.04417],[128.3559,36.04406],[128.35485,36.04389]],[[128.35486,36.04382],[128.35583,36.04398],[128.35818,36.04409],[128.35919,36.04407],[128.35993,36.04416]],[[128.35491,36.04379],[128.35808,36.04397],[128.35917,36.04395],[128.35995,36.0441],[128.36028,36.04426]],[[128.35499,36.04372],[128.35579,36.04369],[128.35926,36.04383]],[[128.35523,36.04397],[128.35595,36.04411],[128.35922,36.0442],[128.3597,36.04426]],[[128.36093,36.04449],[128.36003,36.04415],[128.35931,36.044],[128.35813,36.044],[128.35528,36.04384]],[[128.35537,36.04369],[128.35594,36.04365],[128.35886,36.0438]],[[128.35705,36.09961],[128.35656,36.09887],[128.35561,36.09715]],[[128.35565,36.09714],[128.35605,36.09774],[128.3571,36.09961]],[[128.35637,36.04367],[128.35704,36.04374]],[[128.35683,36.04369],[128.35933,36.04369],[128.36054,36.0438]],[[128.35761,36.04377],[128.35698,36.04378]],[[128.35777,36.04368],[128.3594,36.04356]],[[128.3581,36.04367],[128.35938,36.0435]],[[128.35829,36.0437],[128.3592,36.04364],[128.36051,36.04375]],[[128.36079,36.04465],[128.36166,36.04457]],[[128.36085,36.04016],[128.36123,36.03983]],[[128.36089,36.04462],[128.3622,36.04448]],[[128.36786,36.03501],[128.36514,36.03714],[128.36268,36.03895],[128.36135,36.0398]],[[128.36784,36.03498],[128.36553,36.03654],[128.36273,36.03859],[128.36143,36.03968]],[[128.36695,36.03575],[128.36609,36.0365],[128.36264,36.03903],[128.36172,36.03956]],[[128.36625,36.03604],[128.36555,36.03646],[128.36269,36.03857],[128.362,36.03917]],[[128.36251,36.03918],[128.36219,36.03947],[128.36206,36.03966]],[[128.36221,36.03897],[128.36307,36.03823],[128.36535,36.03655],[128.3659,36.03623]],[[128.36417,36.03741],[128.36288,36.03831],[128.36243,36.03875]],[[128.3667,36.03599],[128.36606,36.03658],[128.36276,36.03895]],[[128.36276,36.039],[128.36602,36.03666],[128.36638,36.03631]],[[128.36662,36.042],[128.36758,36.04135]],[[128.36805,36.03482],[128.36852,36.03453]],[[128.3701,36.03339],[128.37069,36.03289]],[[128.39085,38.5658],[128.38992,38.56645],[128.38138,38.57297],[128.38016,38.57395],[128.37968,38.5745],[128.37907,38.57544],[128.37885,38.57597],[128.37864,38.57685]],[[128.38232,38.57228],[128.38283,38.57195]],[[128.38323,38.57166],[128.38367,38.57124]],[[128.38448,38.57055],[128.38631,38.56884],[128.38883,38.56693]],[[128.38471,38.57052],[128.386,38.56968],[128.39026,38.56643],[128.39125,38.56549]],[[128.38517,38.56974],[128.38593,38.56904],[128.38878,38.56689]],[[128.39087,38.56585],[128.39028,38.56647],[128.38628,38.56953],[128.38533,38.57012]],[[128.38992,38.56645],[128.39125,38.56521]],[[128.39022,38.56615],[128.39122,38.56498]],[[128.40034,35.98923],[128.40023,35.98966],[128.40018,35.99133]],[[128.40042,35.98896],[128.40034,35.98957],[128.40029,35.99298]],[[128.40033,35.99329],[128.40024,35.99254],[128.40028,35.98978],[128.4003,35.98943],[128.40049,35.98868]],[[128.4004,35.99593],[128.40046,35.99544]],[[128.40042,35.99487],[128.40032,35.99368],[128.40039,35.98947],[128.40052,35.9883]],[[128.4005,35.99495],[128.40046,35.99533]],[[128.40057,35.98819],[128.40066,35.98974],[128.40061,35.99366],[128.4005,35.99495]],[[128.4005,35.99495],[128.4007,35.99388],[128.40077,35.98968],[128.40068,35.9891]],[[128.40053,35.98761],[128.40057,35.98804]],[[128.4006,35.98869],[128.40071,35.98961],[128.40066,35.99315],[128.4007,35.99375]],[[128.43458,37.56177],[128.43257,37.56175],[128.42856,37.56193],[128.42663,37.56209]],[[128.42667,37.56214],[128.42855,37.56213],[128.43256,37.56195],[128.43459,37.56179]],[[128.43317,37.56191],[128.43239,37.56201],[128.42865,37.56219],[128.42782,37.56213]],[[128.43894,35.86699],[128.43855,35.8668],[128.43791,35.86634],[128.43716,35.86597],[128.43633,35.86565],[128.43508,35.86532],[128.43454,35.86505],[128.43286,35.86347]],[[128.43692,35.86587],[128.43648,35.86567],[128.43512,35.86529],[128.43457,35.86503],[128.43287,35.86344]],[[128.43566,35.86542],[128.43497,35.86518],[128.43446,35.86488],[128.43292,35.86342]],[[128.43648,35.86567],[128.435,35.86515],[128.43466,35.86496],[128.43296,35.8634]],[[128.43571,35.86538],[128.43495,35.86509],[128.43453,35.86483],[128.43299,35.86337]],[[128.43608,35.86549],[128.43472,35.86491],[128.43302,35.86335]],[[128.43558,35.86528],[128.43461,35.86478],[128.43306,35.86333]],[[128.43791,35.86634],[128.43733,35.8659],[128.43676,35.86557],[128.43513,35.86502],[128.43478,35.86485],[128.4331,35.8633]],[[128.43549,35.86513],[128.43468,35.86472],[128.43314,35.86328]],[[128.43578,35.86522],[128.43472,35.8647],[128.43316,35.86325]],[[128.43621,35.86536],[128.43505,35.86486],[128.43475,35.86467],[128.4332,35.86323]],[[128.4366,35.8655],[128.43479,35.86465],[128.43324,35.86321]],[[128.43558,35.86504],[128.4347,35.86451],[128.43328,35.86318]],[[128.43571,35.86508],[128.43473,35.86449],[128.43331,35.86315]],[[128.43642,35.86541],[128.4349,35.86456],[128.43335,35.86313]],[[128.43692,35.86565],[128.43493,35.86454],[128.43339,35.86311]],[[128.43554,35.86484],[128.43484,35.86441],[128.43341,35.86308]],[[128.43592,35.86506],[128.43472,35.86427],[128.43345,35.86306]],[[128.43529,35.86465],[128.43475,35.86424],[128.43348,35.86303]],[[128.43557,35.86481],[128.4348,35.86421],[128.43353,35.86301]],[[128.43356,35.86077],[128.43716,35.8643]],[[128.4352,35.86453],[128.43357,35.86298]],[[128.43627,35.86527],[128.43512,35.8644],[128.4336,35.86296]],[[128.43607,35.86511],[128.43504,35.86428],[128.43364,35.86293]],[[128.43651,35.86512],[128.43523,35.86438],[128.43367,35.86291]],[[128.43587,35.86472],[128.43527,35.86436],[128.43372,35.86288]],[[128.43618,35.8649],[128.43531,35.86433],[128.43375,35.86286]],[[128.43576,35.8646],[128.43519,35.86418],[128.43378,35.86284]],[[128.43638,35.86502],[128.43508,35.86402],[128.43381,35.86281]],[[128.43612,35.86476],[128.43512,35.864],[128.43382,35.86277]],[[128.43572,35.86446],[128.43386,35.86274]],[[128.43596,35.86464],[128.4339,35.86272]],[[128.43791,35.86619],[128.4372,35.86571],[128.43651,35.86512],[128.43395,35.86269]],[[128.4368,35.86533],[128.43415,35.8628]],[[128.43734,35.86605],[128.43671,35.86585],[128.43507,35.86563],[128.43431,35.8653]],[[128.43533,35.86375],[128.43632,35.86471],[128.4369,35.86541],[128.43664,35.86501],[128.43608,35.86388],[128.43572,35.86349]],[[128.4366,35.86504],[128.43627,35.86457],[128.43538,35.86371]],[[128.4367,35.86516],[128.43622,35.86443],[128.43545,35.86367]],[[128.43649,35.86477],[128.43616,35.86429],[128.43549,35.86364]],[[128.43634,35.86452],[128.43608,35.86412],[128.43555,35.8636]],[[128.43622,35.86532],[128.43558,35.86503]],[[128.43638,35.8645],[128.43599,35.86395],[128.43561,35.86357]],[[128.43623,35.86425],[128.43603,35.86392],[128.43566,35.86354]],[[128.43652,35.86475],[128.43613,35.86385],[128.4358,35.86344]],[[128.43636,35.86434],[128.4362,35.86381],[128.43587,35.86339]],[[128.43963,35.86749],[128.43791,35.86619],[128.43744,35.86573],[128.43714,35.86528],[128.43664,35.86412],[128.43588,35.86307]],[[128.43777,35.86605],[128.4372,35.86562],[128.43682,35.86511]],[[128.43743,35.86579],[128.43709,35.86545],[128.43687,35.8651]],[[128.43879,35.86692],[128.4372,35.86571]],[[128.44537,36.64781],[128.44455,36.64742],[128.43961,36.6454],[128.43812,36.64495]],[[128.4429,35.86998],[128.44129,35.86853],[128.44054,35.86798],[128.43946,35.86747],[128.4386,35.86682]],[[128.44497,36.64764],[128.43959,36.64544],[128.43861,36.64509]],[[128.44207,36.64656],[128.44271,36.64691],[128.44417,36.64751],[128.44499,36.64769]],[[128.45608,35.96339],[128.45495,35.96304],[128.45322,35.96273],[128.45255,35.9627],[128.45169,35.96278],[128.45044,35.96316],[128.44952,35.96362],[128.44754,35.96494],[128.44704,35.96538]],[[128.44954,35.95372],[128.44975,35.95452],[128.45139,35.95866],[128.45164,35.95911]],[[128.44962,35.95404],[128.45145,35.95868],[128.45179,35.9594]],[[128.4519,35.95967],[128.45169,35.95902],[128.44995,35.95463],[128.44966,35.95401]],[[128.4498,35.95429],[128.45001,35.95466],[128.45168,35.95887],[128.45182,35.95938]],[[128.48184,35.95543],[128.48037,35.95551],[128.47926,35.95569],[128.47885,35.95582],[128.47705,35.95673],[128.47658,35.95712],[128.47612,35.95764]],[[128.47986,35.95559],[128.47892,35.95584],[128.47848,35.95602],[128.47706,35.95677],[128.47644,35.95726]],[[128.47855,37.18064],[128.48229,37.18272],[128.48306,37.18325]],[[128.47936,37.18068],[128.47964,37.18085],[128.48023,37.18156]],[[128.48075,35.36622],[128.48277,35.36429]],[[128.48079,35.36625],[128.48283,35.3643]],[[128.48083,35.36627],[128.48289,35.36431]],[[128.4813,35.36589],[128.48191,35.36539]],[[128.48167,35.36533],[128.48203,35.36506]],[[128.48186,35.36536],[128.48214,35.36502]],[[128.48421,35.95533],[128.48321,35.95542],[128.48199,35.95543]],[[128.48202,37.18312],[128.48311,37.18354]],[[128.48575,35.95562],[128.48377,35.95568],[128.48204,35.95557]],[[128.48208,35.36623],[128.48166,35.36662],[128.48151,35.36667],[128.48135,35.36663],[128.48106,35.36643],[128.48099,35.36627],[128.48106,35.36613],[128.48295,35.36432]],[[128.48214,35.36496],[128.48259,35.36459]],[[128.48228,35.36496],[128.48307,35.36434]],[[128.48244,35.36483],[128.48307,35.36451],[128.4833,35.36446],[128.48413,35.36459]],[[128.4825,35.95542],[128.48422,35.95526],[128.48919,35.95521],[128.49036,35.95526]],[[128.48251,35.36492],[128.48295,35.36456]],[[128.48256,35.36495],[128.48299,35.36459],[128.48326,35.3645],[128.48412,35.36463]],[[128.4826,35.36498],[128.4829,35.36471],[128.4832,35.36456],[128.48346,35.36454],[128.4841,35.36467]],[[128.4827,37.18338],[128.48406,37.18405]],[[128.49016,35.95544],[128.4878,35.95557],[128.48422,35.95559],[128.48282,35.9555]],[[128.49029,35.9554],[128.48896,35.95532],[128.48458,35.95535],[128.48315,35.95546]],[[128.48842,35.95556],[128.48413,35.95563],[128.48324,35.95553]],[[128.48975,35.95522],[128.48914,35.95517],[128.48428,35.95522],[128.48327,35.95535]],[[128.49096,35.95526],[128.48457,35.95531],[128.48362,35.95543]],[[128.48371,35.95546],[128.48428,35.95549]],[[128.48391,37.18386],[128.48311,37.18354],[128.47925,37.18128],[128.47885,37.18103],[128.47852,37.18068],[128.47895,37.18103],[128.48226,37.18301],[128.48413,37.18396]],[[128.48808,35.95559],[128.4875,35.95565],[128.48636,35.95561]],[[128.48948,35.95549],[128.49094,35.95546],[128.4918,35.95536]],[[128.49041,35.94164],[128.48969,35.94023]],[[128.49914,35.9008],[128.49901,35.90157]],[[128.50059,35.89506],[128.50022,35.89601],[128.5,35.89684],[128.49936,35.89941],[128.4992,35.90053]],[[128.49922,35.90072],[128.49952,35.89982],[128.50028,35.89694],[128.50064,35.89506]],[[128.4996,35.89953],[128.49974,35.89921],[128.50041,35.89659],[128.50054,35.89554]],[[128.50865,35.81627],[128.51144,35.81441],[128.51531,35.81169],[128.51582,35.81148],[128.51607,35.81149]],[[128.51607,35.81149],[128.51531,35.81175],[128.50874,35.81635]],[[128.51054,35.81566],[128.5111,35.81518],[128.51187,35.81433]],[[128.51062,35.81573],[128.51116,35.81533],[128.5118,35.81448]],[[128.51074,35.81584],[128.5113,35.81533],[128.51187,35.81433]],[[128.51093,35.81604],[128.51143,35.81565],[128.51165,35.81538],[128.51218,35.81425],[128.51252,35.81375]],[[128.51108,35.81475],[128.51155,35.81433]],[[128.51116,35.8146],[128.51156,35.81437]],[[128.51187,35.81433],[128.51209,35.81403]],[[128.51718,35.81156],[128.51669,35.81143],[128.51607,35.81149]],[[128.51708,35.25101],[128.51662,35.25133]],[[128.52462,35.2464],[128.52343,35.24707],[128.51743,35.2508]],[[128.51745,35.25083],[128.51854,35.25024],[128.5219,35.2482],[128.5238,35.24702],[128.52465,35.24643]],[[128.52066,36.87459],[128.52415,36.87438],[128.52574,36.87416]],[[128.52092,36.87451],[128.5218,36.87437],[128.52572,36.87404]],[[128.52489,35.24623],[128.52558,35.24586]],[[128.5474,35.88098],[128.53742,35.88147],[128.53569,35.88161]],[[128.53585,35.88178],[128.54444,35.88138],[128.5474,35.88116]],[[128.55994,35.96301],[128.55949,35.96247],[128.55909,35.96177]],[[128.55989,35.96295],[128.55919,35.96173]],[[128.56013,35.96345],[128.55977,35.96291],[128.55947,35.96265],[128.5592,35.96221]],[[128.56013,35.96345],[128.55932,35.9617]],[[128.55994,35.96301],[128.55979,35.96236],[128.55942,35.96166]],[[128.55994,35.96301],[128.55991,35.96238],[128.55954,35.96161]],[[128.56013,35.96345],[128.55981,35.96331],[128.55944,35.96295],[128.55897,35.96241],[128.55852,35.96161],[128.55856,35.9613],[128.55863,35.96115],[128.55898,35.96091],[128.55978,35.96055],[128.56001,35.96018],[128.55986,35.95851]],[[128.5623,35.96551],[128.55991,35.96361]],[[128.56248,35.96538],[128.56013,35.96345]],[[128.56234,35.96548],[128.56077,35.96424],[128.56046,35.9637]],[[128.56252,35.96536],[128.5608,35.96393],[128.56051,35.96375]],[[128.56244,35.96541],[128.56055,35.96383]],[[128.56255,35.96535],[128.56089,35.96395],[128.56059,35.9638]],[[128.56195,35.96446],[128.56141,35.96401],[128.56071,35.96386]],[[128.56241,35.96543],[128.56071,35.96408]],[[128.56072,35.96426],[128.56063,35.96398],[128.56082,35.96422],[128.56236,35.96546]],[[128.56264,35.96514],[128.56124,35.96402],[128.56075,35.96388]],[[128.56263,35.96529],[128.56118,35.96406],[128.56081,35.96391]],[[128.56259,35.96531],[128.56111,35.96407],[128.56086,35.96394]],[[128.57457,35.23422],[128.5717,35.23153]],[[128.57211,37.63965],[128.57357,37.64146],[128.57644,37.64451],[128.57699,37.64499]],[[128.57705,37.64496],[128.57629,37.64398],[128.57364,37.64102],[128.57276,37.64012],[128.57216,37.63961]],[[128.57266,35.23242],[128.57309,35.23289]],[[128.57323,35.23302],[128.57366,35.23349]],[[128.57325,35.23316],[128.57592,35.2364],[128.57681,35.23725],[128.57792,35.23821],[128.57939,35.239],[128.58103,35.2405]],[[128.57346,35.2334],[128.57386,35.23402],[128.57502,35.23545]],[[128.57541,35.23577],[128.57509,35.23528],[128.57357,35.23346]],[[128.57366,35.23364],[128.57507,35.23544],[128.57592,35.2364]],[[128.57836,35.23843],[128.57778,35.23806],[128.57594,35.23634],[128.57464,35.23457]],[[128.57486,35.23488],[128.57793,35.23784],[128.57871,35.23844]],[[128.5791,35.23881],[128.57774,35.23788],[128.57609,35.2363],[128.5751,35.2352]],[[128.57849,35.23837],[128.57523,35.23527]],[[128.57553,35.23567],[128.57803,35.23804],[128.57875,35.23858]],[[128.57599,35.23646],[128.57642,35.23699],[128.57743,35.23793]],[[128.57749,35.23806],[128.57879,35.23865]],[[128.57818,35.23839],[128.57881,35.23876]],[[128.57832,35.23746],[128.57908,35.23817],[128.57972,35.23903],[128.58067,35.23992]],[[128.57869,35.2378],[128.57966,35.23904],[128.58063,35.23995]],[[128.58048,35.23993],[128.57995,35.23937]],[[128.58057,35.24002],[128.58118,35.24052]],[[128.59121,35.87694],[128.59299,35.87674],[128.5975,35.87584],[128.59909,35.8753]],[[128.59903,35.87519],[128.59149,35.87673]],[[128.60234,35.25402],[128.60453,35.25602],[128.60564,35.25742],[128.60736,35.25891],[128.60836,35.25966],[128.60881,35.25992]],[[128.60949,35.26026],[128.60828,35.25902],[128.60605,35.25701],[128.60418,35.25553]],[[128.60453,35.25602],[128.60498,35.25645]],[[128.60454,35.25594],[128.60534,35.25686],[128.60821,35.25945],[128.60946,35.26037]],[[128.60526,35.25633],[128.60462,35.25589]],[[128.60717,35.25874],[128.60583,35.25753],[128.60473,35.25625]],[[128.60821,35.25945],[128.60567,35.25722],[128.60515,35.25667]],[[128.60536,35.25691],[128.60589,35.25753],[128.60773,35.25917]],[[128.60887,35.2595],[128.60542,35.25643]],[[128.608,35.25937],[128.60555,35.25715]],[[128.60579,35.25674],[128.60635,35.25715],[128.60825,35.25892]],[[128.6106,35.26132],[128.61003,35.26085]],[[128.6107,35.26141],[128.61124,35.26197]],[[128.62624,35.87786],[128.62545,35.87774],[128.62202,35.87764],[128.62135,35.87757],[128.61659,35.87632]],[[128.61712,37.19812],[128.61843,37.19738],[128.61878,37.19727],[128.6198,37.19709],[128.62035,37.19711],[128.62214,37.19726],[128.6231,37.19743],[128.62422,37.19777],[128.62561,37.19834],[128.62645,37.19877]],[[128.6196,35.87716],[128.62012,35.87734]],[[128.61987,35.87742],[128.62315,35.8783],[128.62547,35.87918],[128.62985,35.8803]],[[128.62098,35.87762],[128.62055,35.87747]],[[128.62072,37.19714],[128.62278,37.19756],[128.62334,37.19782],[128.62729,37.20006],[128.62801,37.2005],[128.62885,37.2012],[128.62939,37.20141],[128.63136,37.20182]],[[128.62124,35.87754],[128.62086,35.87749]],[[128.62136,35.87773],[128.62198,35.87785]],[[128.62145,35.87763],[128.62258,35.87773],[128.62513,35.87782],[128.62621,35.87795],[128.62961,35.87877],[128.63077,35.87911],[128.63168,35.87956]],[[128.62145,35.87775],[128.62199,35.87794]],[[128.62202,35.87764],[128.62456,35.87775]],[[128.62215,35.87774],[128.62486,35.87788],[128.62619,35.87806],[128.63073,35.87923],[128.63149,35.87954],[128.63304,35.88033]],[[128.62262,36.81638],[128.62223,36.81698]],[[128.63241,35.88005],[128.63092,35.87937],[128.62616,35.87809],[128.62492,35.87793],[128.62274,35.87781]],[[128.62302,35.87816],[128.62593,35.87874],[128.63224,35.88043]],[[128.62321,36.81542],[128.62302,36.81589]],[[128.62492,36.81176],[128.62441,36.81266],[128.62379,36.8141],[128.62311,36.81531]],[[128.62707,36.81116],[128.62615,36.81277],[128.62575,36.81334],[128.62547,36.81361],[128.62392,36.81464],[128.62328,36.81541]],[[128.62331,36.81515],[128.62365,36.81465]],[[128.62344,36.81513],[128.62413,36.81424],[128.62583,36.81295],[128.62624,36.81236],[128.62705,36.81097],[128.62772,36.80943],[128.62801,36.80753],[128.62834,36.80611],[128.6279,36.80757],[128.62747,36.80858],[128.62561,36.81187],[128.62418,36.81385],[128.62367,36.81471]],[[128.62353,35.87842],[128.62502,35.87889],[128.63,35.88017]],[[128.62362,36.8146],[128.62336,36.81517],[128.62365,36.81465]],[[128.62363,35.87808],[128.6242,35.87813],[128.625,35.87832]],[[128.62826,36.80617],[128.62798,36.80704],[128.62736,36.80837],[128.62556,36.81152],[128.62365,36.81465]],[[128.6237,36.81447],[128.62402,36.81381]],[[128.62624,36.81236],[128.62606,36.81274],[128.62567,36.81316],[128.62435,36.81412],[128.62371,36.81476]],[[128.62375,35.87841],[128.62518,35.87888],[128.63002,35.88013],[128.63235,35.88055]],[[128.62381,36.81435],[128.62418,36.81385]],[[128.62731,36.81013],[128.62716,36.81051],[128.62624,36.81216],[128.62584,36.81272],[128.62535,36.81316],[128.6244,36.81383],[128.62387,36.81443]],[[128.62789,36.808],[128.62773,36.80873],[128.62756,36.80908],[128.6258,36.81218],[128.62511,36.81304],[128.62429,36.81383],[128.62388,36.81433]],[[128.62394,35.87857],[128.62515,35.87896],[128.62994,35.88021]],[[128.62394,36.81452],[128.62562,36.81328],[128.62592,36.81299],[128.62688,36.8114],[128.62755,36.81043],[128.62769,36.80979]],[[128.62419,35.87867],[128.62573,35.87922],[128.62952,35.88018],[128.63062,35.8804],[128.63268,35.88067]],[[128.62442,36.81248],[128.62423,36.81311]],[[128.62679,35.87865],[128.62423,35.87826]],[[128.62792,36.80777],[128.62776,36.80824],[128.62566,36.81197],[128.62483,36.81312],[128.62425,36.81375]],[[128.63119,35.87991],[128.62596,35.87858],[128.62428,35.87834]],[[128.62785,36.8083],[128.62773,36.80903],[128.62756,36.8094],[128.62595,36.81221],[128.62573,36.81254],[128.6251,36.8132],[128.62429,36.81383]],[[128.62438,35.87785],[128.62525,35.87788],[128.62679,35.87812],[128.63028,35.87902],[128.63168,35.87956],[128.63288,35.88018]],[[128.6279,36.80757],[128.62764,36.80835],[128.6257,36.8118],[128.62445,36.81347]],[[128.62798,36.80704],[128.62775,36.80779],[128.62741,36.80855],[128.62556,36.81185],[128.62452,36.81322]],[[128.62452,36.81421],[128.62585,36.81368]],[[128.63345,35.88049],[128.63145,35.87928],[128.6311,35.87913],[128.62679,35.87798],[128.6257,35.8778],[128.62455,35.8778]],[[128.62716,36.81051],[128.62627,36.81218],[128.62588,36.81277],[128.62539,36.81324],[128.6242,36.8141],[128.62387,36.81443],[128.62328,36.81541],[128.62293,36.81614],[128.62285,36.81652],[128.62285,36.81694],[128.62307,36.81769],[128.62347,36.81826],[128.62457,36.81933]],[[128.62792,36.80777],[128.62785,36.80821],[128.6274,36.80919],[128.62573,36.81212],[128.62526,36.81274],[128.62458,36.81337]],[[128.62742,36.80985],[128.62596,36.81249],[128.62552,36.81295],[128.62459,36.81359]],[[128.62768,36.80896],[128.6275,36.80938],[128.62591,36.81219],[128.62546,36.81279],[128.62464,36.8135]],[[128.62776,36.80824],[128.62748,36.80885],[128.62558,36.81219],[128.62483,36.81312]],[[128.62484,36.81222],[128.6252,36.81145]],[[128.62773,36.80903],[128.62756,36.8095],[128.62606,36.81211],[128.62568,36.81268],[128.62543,36.81296],[128.6251,36.8132]],[[128.62773,36.80873],[128.62746,36.80936],[128.62584,36.8122],[128.62549,36.81269],[128.62511,36.81304]],[[128.62756,36.8095],[128.62742,36.80985],[128.62597,36.81235],[128.62564,36.81278],[128.62543,36.81296]],[[128.62755,36.81043],[128.62745,36.81071],[128.62621,36.81291],[128.62592,36.81325],[128.62547,36.81361]],[[128.62548,36.81034],[128.62747,36.8068]],[[128.62716,36.80772],[128.62672,36.80828],[128.62553,36.81036]],[[128.6276,36.80711],[128.62678,36.80827],[128.62556,36.81038]],[[128.62754,36.81079],[128.62746,36.81111],[128.62643,36.81287],[128.62572,36.81344]],[[128.62735,36.81079],[128.62615,36.81289],[128.62575,36.81334]],[[128.62764,36.81014],[128.62759,36.81046],[128.62737,36.81104],[128.62643,36.81268],[128.62592,36.81325]],[[128.62595,35.87871],[128.63117,35.88005],[128.63288,35.88064]],[[128.62772,36.80943],[128.62769,36.8104],[128.62759,36.81099],[128.62748,36.81126],[128.62658,36.8128],[128.62604,36.81322]],[[128.62614,36.80917],[128.62644,36.80874]],[[128.62759,36.81046],[128.62745,36.81102],[128.6265,36.81267],[128.62616,36.81304]],[[128.62769,36.8104],[128.62768,36.8109],[128.6276,36.81114],[128.62675,36.81268],[128.62636,36.813]],[[128.62681,36.81234],[128.62643,36.81287]],[[128.62672,36.80828],[128.62753,36.80683]],[[128.62702,36.79867],[128.62855,36.7999],[128.62889,36.80026],[128.62936,36.80093],[128.62963,36.80157],[128.62964,36.80189],[128.62952,36.80257]],[[128.62703,36.80771],[128.62728,36.80714]],[[128.62717,36.80756],[128.62763,36.8068]],[[128.62718,36.80746],[128.62769,36.80671]],[[128.6272,36.80821],[128.62753,36.80747]],[[128.62798,36.8082],[128.62778,36.80989],[128.62775,36.81104],[128.62758,36.81156],[128.62725,36.81217]],[[128.62734,36.79894],[128.62863,36.79994],[128.62935,36.80081],[128.62958,36.80121],[128.62969,36.80164],[128.62969,36.80194],[128.62922,36.80344]],[[128.62769,36.81012],[128.62774,36.81054],[128.6277,36.81106],[128.62734,36.81185]],[[128.63397,35.88054],[128.63289,35.88011],[128.63115,35.87908],[128.62802,35.87824],[128.62747,35.87814]],[[128.62902,36.80454],[128.62851,36.80585],[128.62812,36.80731],[128.62804,36.80782],[128.62787,36.81078],[128.62777,36.8112],[128.62758,36.81156]],[[128.62766,37.20029],[128.62808,37.20048],[128.62864,37.20056],[128.63041,37.20049],[128.63079,37.20058],[128.63159,37.20095]],[[128.6283,36.8066],[128.62798,36.81058],[128.62789,36.81099],[128.62777,36.8112]],[[128.62804,36.80782],[128.62779,36.81051]],[[128.62836,36.80566],[128.62787,36.80658]],[[128.62833,36.80665],[128.62806,36.81054],[128.62789,36.81099]],[[128.62797,36.80735],[128.62792,36.80777]],[[128.62812,36.80731],[128.62795,36.80795]],[[128.62837,36.80701],[128.6284,36.80739],[128.62817,36.81035],[128.62799,36.81082]],[[128.62821,36.8063],[128.62805,36.80707]],[[128.62826,36.80657],[128.62817,36.80714]],[[128.6284,36.80739],[128.62832,36.80882],[128.62825,36.80904]],[[128.62825,36.80708],[128.62829,36.80752]],[[128.62874,36.80499],[128.62834,36.80611]],[[128.62838,36.80632],[128.62833,36.80665],[128.62846,36.80775],[128.62847,36.80878]],[[128.62846,36.80775],[128.62839,36.80878]],[[128.62881,36.80469],[128.62849,36.80533]],[[128.62874,36.80499],[128.62851,36.80585]],[[128.62854,36.80534],[128.62877,36.80467]],[[128.62862,36.80699],[128.62851,36.80621],[128.62883,36.80508]],[[128.63076,36.80021],[128.62874,36.80499]],[[128.62914,36.80349],[128.62884,36.80451]],[[128.62888,36.80453],[128.62915,36.80399]],[[128.62919,36.80334],[128.62942,36.80284]],[[128.63062,35.8804],[128.62985,35.8803]],[[128.62985,35.8803],[128.63153,35.88079],[128.63187,35.88096],[128.63302,35.88175],[128.63376,35.88242]],[[128.62994,35.88021],[128.63068,35.88031]],[[128.63056,35.88039],[128.62994,35.88021]],[[128.63038,35.88058],[128.63157,35.88089],[128.63215,35.88114]],[[128.63038,35.88054],[128.63151,35.88083],[128.63188,35.881]],[[128.6308,35.88042],[128.63183,35.88076],[128.63401,35.88184],[128.6353,35.88218],[128.63582,35.8822]],[[128.6312,35.88048],[128.63582,35.88166],[128.6364,35.88193],[128.63385,35.88128]],[[128.63158,35.88054],[128.63263,35.8807],[128.63619,35.88154]],[[128.63177,35.87941],[128.63199,35.87964]],[[128.63182,35.88063],[128.6329,35.88081],[128.63794,35.88205],[128.63833,35.88207]],[[128.63183,35.88076],[128.63379,35.88148],[128.63564,35.88194],[128.63661,35.8821]],[[128.63192,35.8795],[128.63283,35.87993],[128.63407,35.88038]],[[128.63209,35.8809],[128.63376,35.88152],[128.63549,35.88195],[128.63631,35.88208]],[[128.6361,35.88197],[128.63211,35.88087]],[[128.63253,35.88001],[128.63213,35.87985]],[[128.63404,35.88044],[128.63284,35.88001],[128.63234,35.87976]],[[128.63236,35.88071],[128.63732,35.88195],[128.63794,35.88205]],[[128.63252,35.88111],[128.63381,35.88158],[128.63525,35.88197],[128.63716,35.88211]],[[128.63401,35.88049],[128.63265,35.87996]]]}},{"type":"Feature","properties":{"g":"kr"},"geometry":{"type":"MultiLineString","coordinates":[[[128.63666,35.88202],[128.6344,35.88148],[128.63278,35.88088]],[[128.63282,35.88126],[128.63428,35.88177],[128.63582,35.88214]],[[128.6329,35.88068],[128.63333,35.88074]],[[128.63652,35.88135],[128.63446,35.88086],[128.633,35.88025]],[[128.63311,35.88096],[128.63405,35.88114]],[[128.63599,35.88176],[128.63313,35.881]],[[128.63603,35.88218],[128.63526,35.88207],[128.63401,35.88175],[128.63322,35.88146]],[[128.63368,35.88059],[128.63325,35.88035]],[[128.63924,35.8821],[128.63623,35.88199],[128.63449,35.88161],[128.63325,35.88116]],[[128.6358,35.88175],[128.63347,35.88113]],[[128.63357,35.88164],[128.6352,35.88211],[128.63582,35.88218]],[[128.63459,35.881],[128.63402,35.8809]],[[128.63418,35.88106],[128.63474,35.88114]],[[128.63514,35.88121],[128.63472,35.88107]],[[128.63472,35.8811],[128.63517,35.88126]],[[128.63511,35.88112],[128.63556,35.88118]],[[128.63603,35.88218],[128.63661,35.88221],[128.63752,35.8821]],[[128.63603,35.88218],[128.63793,35.88208]],[[128.64221,35.23187],[128.6367,35.2349],[128.63623,35.23522]],[[128.63809,35.23353],[128.63842,35.23312],[128.63873,35.23288],[128.63947,35.2325],[128.63855,35.23311],[128.63736,35.23431],[128.63661,35.23495]],[[128.64221,35.23187],[128.63744,35.23441],[128.63694,35.23476]],[[128.63744,35.22407],[128.64339,35.23062]],[[128.63744,35.23441],[128.6378,35.23414],[128.64131,35.23224],[128.64221,35.23187]],[[128.6375,35.22403],[128.64281,35.22986],[128.64333,35.23011],[128.64381,35.23018],[128.64416,35.23015],[128.64444,35.23006],[128.64544,35.22949]],[[128.63756,35.22402],[128.64009,35.22679],[128.64049,35.22734]],[[128.6376,35.22399],[128.64047,35.2271]],[[128.63765,35.22396],[128.63916,35.22563],[128.63945,35.22602]],[[128.63769,35.22394],[128.63939,35.22582]],[[128.63769,35.23395],[128.63925,35.23264],[128.64122,35.2315]],[[128.63774,35.22388],[128.63902,35.22529],[128.63957,35.22607],[128.64049,35.22709]],[[128.63779,35.23407],[128.64115,35.2322],[128.64221,35.23187]],[[128.6378,35.22384],[128.63907,35.22527]],[[128.64221,35.23187],[128.64119,35.23225],[128.63783,35.23408]],[[128.64221,35.23187],[128.64109,35.23217],[128.63785,35.23394]],[[128.63907,35.22527],[128.63863,35.22466]],[[128.63907,35.22527],[128.6398,35.22633]],[[128.63934,35.22567],[128.63917,35.22524],[128.63927,35.22482],[128.63955,35.22456],[128.64049,35.22403]],[[128.64013,35.22677],[128.64038,35.22718]],[[128.6406,35.22728],[128.64084,35.22772]],[[128.64063,35.22727],[128.64115,35.22807]],[[128.64066,35.22725],[128.64104,35.22752],[128.6414,35.22755],[128.64296,35.2267]],[[128.64168,35.22874],[128.64144,35.22838]],[[128.64222,35.23196],[128.64175,35.23213]],[[128.64916,35.22709],[128.64878,35.22781],[128.64801,35.22856],[128.64641,35.22956],[128.64221,35.23187]],[[128.64252,35.22967],[128.64325,35.23019],[128.644,35.23035],[128.64442,35.23031],[128.64479,35.23019],[128.64563,35.22972]],[[128.64257,35.22639],[128.64107,35.22724],[128.64067,35.22723],[128.64098,35.22737],[128.64126,35.22735],[128.64279,35.2265]],[[128.64268,35.22984],[128.64322,35.23023],[128.64392,35.23041],[128.6446,35.23034],[128.64521,35.23009]],[[128.64275,35.22986],[128.64338,35.23017],[128.64406,35.23022],[128.64464,35.23009],[128.64556,35.22963]],[[128.64293,35.22994],[128.64348,35.23009],[128.64397,35.23003]],[[128.64309,35.23011],[128.64375,35.23029],[128.64431,35.23028],[128.64485,35.23012],[128.64558,35.22966]],[[128.64333,35.23011],[128.64366,35.23014],[128.6441,35.23007],[128.64536,35.2294]],[[128.64355,35.23025],[128.6441,35.23026],[128.64446,35.2302],[128.64525,35.22985]],[[128.64366,35.23014],[128.6442,35.22998],[128.64532,35.22935]],[[128.64778,35.22861],[128.64378,35.23091]],[[128.64385,35.23023],[128.64444,35.23006]],[[128.64464,35.23009],[128.64552,35.22958]],[[128.64559,35.22927],[128.64744,35.22821]],[[128.64562,35.22986],[128.64709,35.22915]],[[128.64564,35.22932],[128.64749,35.22827]],[[128.64567,35.22936],[128.64751,35.2283]],[[128.6457,35.22939],[128.64754,35.22833]],[[128.64574,35.22944],[128.64759,35.22839]],[[128.64579,35.2295],[128.64763,35.22844]],[[128.64583,35.22955],[128.64768,35.2285]],[[128.64586,35.22958],[128.6477,35.22852]],[[128.64588,35.22961],[128.64772,35.22855]],[[128.64595,37.21225],[128.64777,37.21282],[128.65005,37.21335]],[[128.64674,35.22185],[128.64866,35.22412],[128.64903,35.22467],[128.64926,35.22523],[128.64936,35.2258],[128.6493,35.22667],[128.64916,35.22709]],[[128.64708,35.81835],[128.64882,35.81859]],[[128.64708,35.81835],[128.64877,35.8186]],[[128.64708,35.81835],[128.6487,35.81864],[128.64905,35.81882],[128.65025,35.82011],[128.65052,35.82124],[128.65086,35.8215]],[[128.64916,35.22709],[128.6493,35.22587],[128.64915,35.22513],[128.64884,35.22446],[128.64798,35.22342]],[[128.65086,35.8215],[128.65175,35.82187],[128.65279,35.82245]],[[128.65086,35.8215],[128.65121,35.82164],[128.65274,35.82246]],[[128.65086,35.8215],[128.65272,35.82249]],[[128.65086,35.8215],[128.65122,35.82176],[128.65269,35.82253]],[[128.65086,35.8215],[128.65123,35.82184],[128.65182,35.82214]],[[128.65857,35.20326],[128.6579,35.20364]],[[128.6617,35.20147],[128.66248,35.20102]],[[128.67019,35.28133],[128.67162,35.27742],[128.67214,35.27674],[128.67258,35.27639],[128.67293,35.27616],[128.6741,35.27569],[128.67496,35.27558],[128.67576,35.27561],[128.67661,35.27579],[128.67801,35.27629]],[[128.67027,35.28111],[128.67121,35.27866],[128.67128,35.27825]],[[128.67146,37.39041],[128.67208,37.38887],[128.67325,37.3866],[128.67412,37.3852],[128.67318,37.38643],[128.67266,37.38747],[128.67249,37.38797],[128.67203,37.38888],[128.67188,37.38936]],[[128.67402,37.38547],[128.67391,37.38578],[128.67174,37.39004],[128.67155,37.39029]],[[128.67467,36.57821],[128.67469,36.5788]],[[128.67507,36.57111],[128.67484,36.57285],[128.67464,36.57612],[128.67468,36.57795]],[[128.67469,35.86421],[128.67558,35.86332],[128.67668,35.86185]],[[128.67473,36.57796],[128.67497,36.57612],[128.67516,36.57287],[128.67512,36.57112]],[[128.67514,36.57077],[128.67512,36.5703]],[[128.67515,36.56973],[128.67523,36.56927]],[[128.67581,35.86252],[128.67632,35.86172],[128.67886,35.85843],[128.67924,35.85802]],[[128.67613,35.86208],[128.67851,35.85906],[128.67908,35.85822]],[[128.67618,35.86192],[128.67658,35.8613],[128.67983,35.8571]],[[128.67631,35.86219],[128.67668,35.86161],[128.67909,35.85856]],[[128.67635,35.86221],[128.67723,35.86124],[128.67853,35.85958],[128.67938,35.85825]],[[128.67658,35.86156],[128.67732,35.86079]],[[128.67841,35.85893],[128.67875,35.85857]],[[128.67855,35.85926],[128.67884,35.85895]],[[128.67871,35.85899],[128.67951,35.85768]],[[128.67981,35.85786],[128.67899,35.85886]],[[128.68152,35.85572],[128.68271,35.8551],[128.68351,35.85484],[128.68454,35.85462],[128.68631,35.85437]],[[128.68277,36.86335],[128.6828,36.86626],[128.68291,36.86682]],[[128.68852,35.85429],[128.68473,35.85477],[128.68298,35.85519]],[[128.68782,35.85437],[128.68345,35.85506]],[[128.68388,35.85495],[128.68748,35.85441]],[[128.68538,35.27946],[128.68567,35.27974],[128.68902,35.28203]],[[128.68569,35.27968],[128.68517,35.27919],[128.68731,35.28079],[128.68982,35.28252],[128.69035,35.28282]],[[128.68575,35.85484],[128.68663,35.85466]],[[128.68649,35.85435],[128.69719,35.85276]],[[128.69747,35.85296],[128.68955,35.85411],[128.68694,35.85462]],[[128.68696,35.85428],[128.68793,35.85424],[128.69665,35.85292]],[[128.69671,35.85286],[128.68744,35.85427]],[[128.68745,35.8545],[128.69791,35.85303]],[[128.68887,35.85423],[128.68756,35.8543]],[[128.69738,35.85302],[128.68788,35.8544]],[[128.69727,35.85288],[128.68794,35.85428]],[[128.69639,35.85284],[128.69235,35.85339],[128.6887,35.85395],[128.68796,35.85412]],[[128.69524,35.10959],[128.69185,35.10805],[128.68999,35.1077],[128.68975,35.10761],[128.68934,35.10732],[128.68901,35.10699],[128.68893,35.10681],[128.68812,35.10411]],[[128.68928,35.85484],[128.69315,35.85467],[128.69505,35.85467],[128.69875,35.85447],[128.69937,35.8543],[128.70109,35.85355]],[[128.68931,35.85454],[128.69097,35.85425],[128.69235,35.85419]],[[128.68932,35.85458],[128.691,35.85429],[128.69229,35.85424],[128.69356,35.85431],[128.69566,35.85461]],[[128.68943,35.85429],[128.69134,35.85417],[128.69319,35.8542],[128.69408,35.85407],[128.69962,35.85382],[128.70191,35.85343],[128.70364,35.85335],[128.70515,35.85341],[128.70824,35.85403],[128.70959,35.8542],[128.7156,35.85415]],[[128.68955,35.85411],[128.69048,35.85391]],[[128.68995,35.85481],[128.6902,35.85484],[128.69505,35.85467]],[[128.69057,35.28309],[128.69001,35.28262]],[[128.69047,35.85421],[128.6962,35.85337],[128.69896,35.85351],[128.70191,35.85343],[128.70464,35.85361],[128.70544,35.85371],[128.70605,35.85386]],[[128.69567,35.8535],[128.69163,35.85408]],[[128.69216,35.10818],[128.69267,35.10837],[128.69489,35.10943]],[[128.69276,35.85421],[128.69354,35.85431]],[[128.69307,35.85423],[128.69459,35.85432],[128.69917,35.85414]],[[128.69314,35.8542],[128.69911,35.85401],[128.69984,35.85392],[128.70053,35.85371]],[[128.6934,35.85418],[128.69917,35.85396],[128.69976,35.85389],[128.70088,35.85362]],[[128.69351,35.85422],[128.69907,35.85405],[128.69984,35.85392]],[[128.69355,35.85427],[128.69459,35.85436],[128.69873,35.8542],[128.69981,35.85401],[128.70067,35.8537]],[[128.70016,35.8538],[128.69912,35.85393],[128.69357,35.85418]],[[128.70098,35.85357],[128.69375,35.85386]],[[128.69391,35.85437],[128.69463,35.85439],[128.69878,35.85423]],[[128.69405,35.8543],[128.69884,35.85412],[128.69943,35.85405],[128.70025,35.85385]],[[128.69437,35.85445],[128.69573,35.85449],[128.6986,35.85437],[128.69946,35.85418],[128.70018,35.85392]],[[128.69439,35.8544],[128.69486,35.85443],[128.69825,35.85429],[128.69955,35.85411]],[[128.69451,35.85376],[128.69912,35.85359],[128.70082,35.85345]],[[128.69481,35.85452],[128.69573,35.85456],[128.6987,35.85444],[128.69914,35.85435],[128.69984,35.85409]],[[128.69485,35.85448],[128.6986,35.85433],[128.6999,35.85403]],[[128.6952,35.85454],[128.69861,35.85441],[128.69963,35.85417]],[[128.6965,35.85327],[128.69567,35.85344]],[[128.69794,35.85284],[128.69591,35.85298]],[[128.69751,35.85269],[128.69592,35.85303]],[[128.69599,35.85322],[128.6966,35.85317]],[[128.696,35.85326],[128.6966,35.85313]],[[128.69665,36.68064],[128.69718,36.68024]],[[128.69685,35.85354],[128.69831,35.85353]],[[128.69685,35.85305],[128.69844,35.85295]],[[128.69686,35.85364],[128.69912,35.85359]],[[128.69686,35.85309],[128.69841,35.85278]],[[128.69688,35.85359],[128.69831,35.85353],[128.69877,35.85357]],[[128.69802,35.85351],[128.69699,35.85339]],[[128.69727,36.68019],[128.70296,36.67635],[128.70386,36.6758]],[[128.69751,35.85342],[128.69979,35.85334],[128.70153,35.85343]],[[128.69776,35.85299],[128.70444,35.85202]],[[128.6978,35.24718],[128.69825,35.24658]],[[128.69806,37.68364],[128.69906,37.68393],[128.70502,37.68517],[128.707,37.68547]],[[128.69811,37.68355],[128.70007,37.68383],[128.70526,37.68494],[128.70697,37.68538]],[[128.69829,35.85348],[128.7005,35.85338]],[[128.69838,35.24643],[128.70006,35.24413],[128.70087,35.24315],[128.70188,35.24194],[128.70377,35.23994]],[[128.7038,35.23997],[128.7022,35.24216],[128.70034,35.24441],[128.69841,35.24645]],[[128.69859,35.85275],[128.69998,35.8524],[128.70261,35.85197]],[[128.70706,35.85417],[128.7063,35.85411],[128.70508,35.85373],[128.70464,35.85366],[128.70204,35.85351],[128.70098,35.85367],[128.69947,35.85439],[128.69901,35.85449],[128.6986,35.85449]],[[128.70336,35.24039],[128.70194,35.24179],[128.6996,35.24462],[128.6987,35.24599]],[[128.69993,35.85278],[128.69928,35.85283]],[[128.70316,35.85358],[128.70234,35.85346]],[[128.70241,35.85353],[128.70315,35.85351]],[[128.70718,35.85392],[128.70613,35.85372],[128.70496,35.85365]],[[128.70552,36.67468],[128.70635,36.67419]],[[128.70648,35.85398],[128.70632,35.85394]],[[128.71395,35.85415],[128.7155,35.85406]],[[128.71416,35.69917],[128.71441,35.69796]],[[128.71425,35.69858],[128.71389,35.69969],[128.71376,35.70063],[128.71386,35.70172],[128.7142,35.70273],[128.71483,35.70373],[128.7156,35.70452],[128.71667,35.70525],[128.71792,35.70584]],[[128.71807,35.70578],[128.71649,35.7049],[128.71578,35.70437],[128.71503,35.70358],[128.71449,35.70273],[128.71415,35.70184],[128.71399,35.70067],[128.71408,35.69978],[128.71439,35.69849]],[[128.71522,35.70435],[128.71674,35.70534],[128.71746,35.70563]],[[128.71841,35.70596],[128.7167,35.70496]],[[128.71705,35.70531],[128.71826,35.70603]],[[128.71957,35.70652],[128.71786,35.7056]],[[128.71813,35.77045],[128.71805,35.77102]],[[128.72298,35.7623],[128.72214,35.76322],[128.71912,35.7671],[128.71857,35.7683],[128.71833,35.76929],[128.71816,35.7703]],[[128.71821,35.77031],[128.71875,35.76838],[128.7192,35.76743],[128.71972,35.76666],[128.72233,35.76332],[128.72302,35.76232]],[[128.72206,35.76331],[128.72028,35.76551],[128.71975,35.76626]],[[128.72558,35.8237],[128.72533,35.82413]],[[128.72554,35.82368],[128.72538,35.82414]],[[128.72561,35.82353],[128.72605,35.8223],[128.72675,35.82071]],[[128.72874,35.81667],[128.72819,35.8182],[128.72667,35.8216],[128.72565,35.82355]],[[128.72603,35.82222],[128.72635,35.82119],[128.7268,35.82019]],[[128.72635,35.82119],[128.72674,35.82018]],[[128.72859,35.81709],[128.72834,35.81797],[128.7267,35.82163],[128.72643,35.82211]],[[128.72797,35.81798],[128.7276,35.81868],[128.72675,35.82071]],[[128.72675,35.82071],[128.72812,35.81765],[128.72869,35.81667]],[[128.72899,35.816],[128.72884,35.81645]],[[128.73442,35.8612],[128.73317,35.86077]],[[128.74082,35.86351],[128.73942,35.86293],[128.73602,35.86173],[128.73344,35.86093]],[[128.73344,35.86097],[128.73466,35.8615],[128.73914,35.86309],[128.74081,35.86355]],[[128.73527,35.75439],[128.73508,35.75501],[128.73506,35.75534]],[[128.73622,35.75061],[128.73557,35.75352],[128.73536,35.75398]],[[128.73942,35.87243],[128.73998,35.87242],[128.74068,35.87217],[128.744,35.87037],[128.74484,35.87001],[128.75025,35.86928],[128.75248,35.86919]],[[128.73944,35.8725],[128.73987,35.8725],[128.74051,35.87232],[128.74451,35.87003],[128.74511,35.86979],[128.74552,35.86969],[128.7471,35.86959],[128.74802,35.86944],[128.74855,35.86925],[128.74963,35.86871],[128.7506,35.8686]],[[128.74348,35.87037],[128.74499,35.86976],[128.74706,35.86939],[128.74879,35.86857],[128.74923,35.86843],[128.75045,35.8683]],[[128.74902,35.86867],[128.74813,35.86919],[128.74753,35.86942],[128.74655,35.86966],[128.74482,35.86994],[128.74375,35.87045]],[[128.74406,36.1631],[128.74431,36.16262],[128.74672,36.1593],[128.74755,36.15836]],[[128.74756,36.15851],[128.74712,36.15927],[128.74464,36.16264],[128.74412,36.16317]],[[128.74454,35.64204],[128.74428,35.6423]],[[128.74834,35.6369],[128.74686,35.63869],[128.74529,35.64077],[128.74457,35.64191]],[[128.74793,35.63739],[128.74751,35.63779],[128.7469,35.63857],[128.74497,35.64116],[128.74476,35.64161]],[[128.74847,35.6368],[128.74765,35.6381],[128.74568,35.64071],[128.74478,35.64171]],[[128.74509,35.64138],[128.74573,35.64072],[128.74813,35.63749]],[[128.748,35.63769],[128.74779,35.63808],[128.74692,35.6393],[128.74643,35.63979]],[[128.74655,35.86966],[128.7471,35.86959]],[[128.74711,35.86954],[128.74656,35.86961]],[[128.75059,35.86851],[128.74998,35.86854],[128.74953,35.86863],[128.74798,35.86931],[128.74726,35.86951]],[[128.75228,35.87001],[128.75036,35.87005],[128.74989,35.86997],[128.7487,35.86961],[128.74768,35.86954],[128.74728,35.86957]],[[128.74897,35.86863],[128.74753,35.86942]],[[128.74783,35.6376],[128.74763,35.63794]],[[128.75259,35.86915],[128.74956,35.86926],[128.74767,35.86951]],[[128.74768,35.86954],[128.74826,35.86952]],[[128.74769,35.86959],[128.74827,35.86957]],[[128.75061,35.86902],[128.74961,35.86908],[128.74802,35.86944]],[[128.74833,35.63707],[128.74813,35.63749]],[[128.74813,35.63749],[128.74927,35.63589]],[[128.75233,35.86825],[128.75045,35.8683],[128.74984,35.86839],[128.74936,35.86856],[128.74838,35.86912]],[[128.75061,35.86877],[128.74973,35.86886],[128.74841,35.86931]],[[128.75248,35.86939],[128.74841,35.86952]],[[128.75249,35.86966],[128.75038,35.86972],[128.74842,35.86958]],[[128.7506,35.86865],[128.74969,35.86875],[128.74868,35.86919]],[[128.75062,35.8689],[128.74974,35.86895],[128.74876,35.86919]],[[128.74877,35.86947],[128.75249,35.86935]],[[128.7488,35.86963],[128.75035,35.86997],[128.75253,35.86992]],[[128.7488,35.86887],[128.74995,35.86841],[128.75143,35.86832]],[[128.75248,35.86951],[128.74881,35.86961]],[[128.74882,35.8695],[128.75248,35.86942]],[[128.74899,35.86904],[128.74983,35.86876],[128.7506,35.8687]],[[128.75061,35.86842],[128.74984,35.8685],[128.7491,35.86878]],[[128.75061,35.86883],[128.74986,35.86888],[128.74912,35.86906]],[[128.75249,35.86946],[128.74917,35.86952]],[[128.75253,35.86997],[128.7503,35.87001],[128.74918,35.86973]],[[128.7526,35.86904],[128.7502,35.86911],[128.74919,35.86931]],[[128.75248,35.86931],[128.7492,35.86942]],[[128.7492,35.8697],[128.75045,35.86991],[128.75252,35.86985]],[[128.74924,35.86964],[128.75032,35.86979],[128.7525,35.86973]],[[128.74924,35.8696],[128.75044,35.86968],[128.75249,35.86962]],[[128.75251,35.86977],[128.75046,35.86983],[128.74954,35.86976]],[[128.74955,35.86937],[128.75248,35.86927]],[[128.75261,35.86907],[128.75045,35.86914],[128.74956,35.86926]],[[128.74958,35.86962],[128.75248,35.86955]],[[128.75253,35.86989],[128.75039,35.86994],[128.74958,35.8698]],[[128.7525,35.8697],[128.75044,35.86976],[128.74963,35.86969]],[[128.74988,35.86982],[128.75055,35.86987],[128.75251,35.86981]],[[128.75247,35.86923],[128.7499,35.86933]],[[128.74994,35.86921],[128.7526,35.86911]],[[128.75248,35.86958],[128.74995,35.86964]],[[128.76457,35.8786],[128.75925,35.87606]],[[128.76099,35.26295],[128.75957,35.25995]],[[128.75966,35.87625],[128.76,35.87647],[128.7632,35.87796]],[[128.7609,35.55884],[128.76055,35.5575],[128.75995,35.55386],[128.75982,35.55237]],[[128.75987,35.55237],[128.76021,35.55371],[128.76081,35.55734],[128.76091,35.5586]],[[128.75995,35.55386],[128.76037,35.55668],[128.76052,35.5573]],[[128.76006,35.55377],[128.76018,35.55423]],[[128.76007,35.55316],[128.76026,35.55371],[128.76085,35.55719],[128.76087,35.55815]],[[128.76042,35.55468],[128.7604,35.55421],[128.76026,35.55371]],[[128.76037,35.55668],[128.76049,35.55767],[128.76085,35.5589]],[[128.76037,35.26136],[128.76058,35.26193]],[[128.76057,35.55558],[128.7609,35.55725],[128.76088,35.55783]],[[128.76419,35.26975],[128.76344,35.26834],[128.76211,35.26549],[128.76069,35.26215]],[[128.76084,35.55689],[128.76096,35.5574],[128.76099,35.55852]],[[128.76422,35.26961],[128.76358,35.26797],[128.76226,35.26516],[128.76091,35.26251]],[[128.76093,35.55871],[128.76095,35.55918]],[[128.76105,35.26307],[128.76145,35.2642],[128.76333,35.26824],[128.76383,35.26903]],[[128.76333,35.26824],[128.763,35.26767],[128.76153,35.26437]],[[128.76475,35.27102],[128.76388,35.26913]],[[128.7646,35.27044],[128.76428,35.2699]],[[128.76661,35.87937],[128.76514,35.87858]],[[128.7669,35.47733],[128.76957,35.47599],[128.77268,35.47431],[128.77363,35.47367]],[[128.76792,35.87996],[128.76697,35.87946]],[[128.77362,35.47365],[128.77246,35.47405],[128.769,35.47592],[128.76705,35.47719]],[[128.77225,35.88253],[128.76768,35.8803],[128.76728,35.88005]],[[128.7689,35.88077],[128.77011,35.88123]],[[128.77157,35.29565],[128.77292,35.29803],[128.77486,35.30103],[128.77594,35.30248]],[[128.77598,35.30246],[128.77477,35.30039],[128.77308,35.29778],[128.77208,35.29644]],[[128.7742,35.88343],[128.7723,35.88231]],[[128.77438,35.88362],[128.77547,35.88431]],[[128.80243,35.08291],[128.80337,35.0828],[128.8043,35.0828],[128.81199,35.08284],[128.81319,35.08292]],[[128.80263,35.08291],[128.81168,35.0829],[128.8122,35.08285]],[[128.80291,35.31859],[128.80345,35.32077],[128.80358,35.32158]],[[128.80295,35.08284],[128.8108,35.08289]],[[128.80333,35.31959],[128.8033,35.31986],[128.80382,35.32237],[128.80488,35.32672],[128.80549,35.32864]],[[128.8035,35.32027],[128.80395,35.32182],[128.80522,35.32691],[128.80543,35.32822]],[[128.8035,35.32117],[128.80354,35.32192],[128.80377,35.3228]],[[128.80526,35.328],[128.80512,35.32774],[128.80409,35.32372],[128.80361,35.32172],[128.80353,35.32096]],[[128.80362,35.32177],[128.80364,35.32212],[128.80497,35.32741],[128.80512,35.32774]],[[128.80365,35.0828],[128.81102,35.08277],[128.81147,35.08282]],[[128.80374,35.08279],[128.8045,35.08273],[128.81097,35.08277]],[[128.80424,35.32557],[128.80404,35.32482],[128.80393,35.32344],[128.80376,35.3226]],[[128.8038,35.32131],[128.80397,35.32168],[128.80524,35.32679],[128.80527,35.32721]],[[128.80479,35.32671],[128.80464,35.32634],[128.80399,35.32347]],[[128.80401,35.3237],[128.80421,35.32477],[128.8047,35.32672]],[[128.80463,35.32701],[128.80407,35.32459],[128.80403,35.3239]],[[128.80568,35.32916],[128.8059,35.32984]],[[128.80913,35.08284],[128.81182,35.08284]],[[128.81267,35.08286],[128.82229,35.08294]],[[128.81284,35.08286],[128.81427,35.08273],[128.82063,35.08275],[128.82124,35.0828]],[[128.81324,35.08285],[128.82169,35.08286],[128.82246,35.08294]],[[128.81338,35.08282],[128.81414,35.08277],[128.8189,35.08277],[128.82124,35.0828],[128.82204,35.08288]],[[128.81561,35.21428],[128.81816,35.2127]],[[128.81682,35.21328],[128.81636,35.21361]],[[128.8165,35.21362],[128.81721,35.21323]],[[128.81716,35.21307],[128.81883,35.2119],[128.82062,35.21079],[128.82201,35.20994],[128.82397,35.20887]],[[128.82396,35.20893],[128.82221,35.21014],[128.8198,35.21164],[128.81743,35.21295]],[[128.81775,35.21265],[128.81841,35.21209],[128.82062,35.21079]],[[128.82508,35.20827],[128.82458,35.20869],[128.82259,35.21008],[128.81906,35.21225],[128.81832,35.21261]],[[128.81833,35.08284],[128.82164,35.08284]],[[128.81868,35.21246],[128.81928,35.21217],[128.82251,35.21018],[128.82388,35.20925],[128.82436,35.20885]],[[128.82409,35.20907],[128.82317,35.20982],[128.81928,35.21217]],[[128.82156,35.91138],[128.82208,35.91163]],[[128.82398,35.38574],[128.82468,35.38614]],[[128.82611,35.38667],[128.82466,35.386]],[[128.82505,35.38633],[128.82668,35.38726],[128.8286,35.38825],[128.83037,35.38915],[128.83218,35.38997]],[[128.83221,35.38993],[128.83031,35.38886],[128.82665,35.38699],[128.82508,35.3863]],[[128.82646,35.20735],[128.82575,35.20782]],[[128.82815,35.3876],[128.83198,35.38951],[128.83263,35.38999]],[[128.83993,35.39887],[128.84134,35.39908]],[[128.84816,35.39954],[128.84627,35.39948],[128.84317,35.39921],[128.84196,35.3991],[128.84027,35.39883]],[[128.84028,35.3988],[128.84197,35.39883],[128.8476,35.39933],[128.84865,35.39948]],[[128.84311,35.39868],[128.84062,35.39851],[128.84033,35.39856]],[[128.84214,35.39863],[128.84052,35.39855]],[[128.84072,35.39892],[128.84134,35.39908],[128.84598,35.39946]],[[128.85478,35.40002],[128.84951,35.39957],[128.84682,35.39909],[128.84272,35.39872],[128.84153,35.39873]],[[128.84154,35.3986],[128.84216,35.39859]],[[128.84259,35.39863],[128.84155,35.39864]],[[128.84219,35.39869],[128.84311,35.39868],[128.84708,35.39903],[128.84841,35.39928],[128.84913,35.39949]],[[128.84258,35.39868],[128.84716,35.39908],[128.84881,35.39939]],[[128.8475,35.11872],[128.847,35.11666],[128.84609,35.11412],[128.84516,35.11118],[128.84484,35.11041],[128.84384,35.10727],[128.84347,35.10651],[128.84284,35.10573]],[[128.84566,35.39946],[128.84314,35.39925]],[[128.84745,35.11873],[128.84707,35.11785],[128.84582,35.11417],[128.84523,35.11229],[128.84505,35.11151],[128.84392,35.10797],[128.8436,35.10711],[128.84326,35.10647]],[[128.84502,35.11056],[128.84485,35.11021],[128.8443,35.10846]],[[128.84434,35.10845],[128.84494,35.11033],[128.84516,35.11085]],[[128.84735,35.11766],[128.84737,35.11692],[128.84751,35.11589],[128.84746,35.11554],[128.84689,35.11413],[128.84629,35.11239],[128.84546,35.11137],[128.84516,35.11085],[128.84439,35.10844]],[[128.84769,35.1191],[128.8475,35.11854],[128.84715,35.11664],[128.84623,35.11409],[128.84546,35.11166],[128.84475,35.11012]],[[128.84733,35.1182],[128.84693,35.11667],[128.84602,35.11413],[128.84484,35.11041]],[[128.84754,35.11914],[128.84684,35.11749],[128.84572,35.11419],[128.84521,35.11258],[128.84488,35.11098]],[[128.84494,35.11264],[128.84499,35.11347],[128.84569,35.11566],[128.84615,35.11654],[128.84697,35.11776]],[[128.84495,35.11299],[128.84509,35.11366],[128.84589,35.11609]],[[128.84496,35.11132],[128.84501,35.11172],[128.84491,35.11331],[128.84517,35.11458],[128.84589,35.11679]],[[128.84497,35.11231],[128.845,35.1131],[128.84509,35.1135],[128.84584,35.11581],[128.84633,35.1168]],[[128.84497,35.11263],[128.84534,35.11415],[128.8461,35.11638]],[[128.84499,35.11201],[128.84505,35.11273],[128.84547,35.11418],[128.84615,35.1162],[128.84678,35.11745]],[[128.845,35.11367],[128.84606,35.11696]],[[128.845,35.11068],[128.84538,35.11126]],[[128.84501,35.11172],[128.84505,35.11243],[128.84519,35.11297],[128.84651,35.11693]],[[128.84502,35.11201],[128.84523,35.11297],[128.84563,35.11422],[128.84651,35.11681],[128.84684,35.11749]],[[128.84727,35.11821],[128.84589,35.11416],[128.84505,35.11151]],[[128.84505,35.11273],[128.84637,35.11664]],[[128.84732,35.1178],[128.84716,35.11704],[128.84679,35.11586],[128.84614,35.11411],[128.84529,35.11145],[128.84506,35.11092]],[[128.84506,35.11312],[128.84607,35.11619],[128.84652,35.11707]],[[128.84507,35.11409],[128.84593,35.11678]],[[128.84508,35.11233],[128.8467,35.1172]],[[128.84508,35.11191],[128.84578,35.11418],[128.84707,35.11785]],[[128.84739,35.11661],[128.84721,35.11554],[128.84666,35.11415],[128.84625,35.11287],[128.84589,35.11214],[128.8452,35.11109]],[[128.84523,35.11128],[128.84543,35.11172],[128.84618,35.1141],[128.8471,35.11664],[128.84726,35.11742]],[[128.84729,35.11721],[128.84717,35.11639],[128.84634,35.11414],[128.84569,35.11209],[128.84536,35.1114]],[[128.84734,35.11627],[128.84692,35.11501],[128.84655,35.11414],[128.84618,35.11294],[128.84545,35.11147]],[[128.84737,35.11692],[128.84738,35.11574],[128.84715,35.11501],[128.84678,35.11416],[128.84634,35.11281],[128.84608,35.11229],[128.84546,35.11137]],[[128.84726,35.1169],[128.84551,35.11169]],[[128.84563,35.11562],[128.84608,35.11655],[128.847,35.118],[128.84716,35.11846],[128.84719,35.11878]],[[128.84729,35.11595],[128.84621,35.11289],[128.84565,35.11177]],[[128.84567,35.11162],[128.84611,35.11227],[128.84639,35.1128],[128.84683,35.11415],[128.8472,35.11501],[128.84744,35.11574],[128.84744,35.1165]],[[128.84729,35.1166],[128.84571,35.11196]],[[128.84574,35.11596],[128.84659,35.11756]],[[128.84583,35.11626],[128.84613,35.11695]],[[128.84734,35.11692],[128.84716,35.11599],[128.84646,35.11415],[128.84583,35.11222]],[[128.84584,35.11608],[128.84615,35.11654]],[[128.84739,35.11621],[128.84729,35.11556],[128.8471,35.11501],[128.84674,35.11416],[128.84631,35.11285],[128.84587,35.11199]],[[128.84736,35.11723],[128.84733,35.11655],[128.84724,35.11607],[128.84651,35.11415],[128.84597,35.11251]],[[128.84601,35.11652],[128.84654,35.11757]],[[128.84619,35.11687],[128.8464,35.11748]],[[128.84627,35.11691],[128.84683,35.11773]],[[128.84687,35.11813],[128.84716,35.11879]],[[128.84688,35.11848],[128.84711,35.11881]],[[128.84696,35.11845],[128.84715,35.11879]],[[128.84732,35.11842],[128.84707,35.11799]],[[128.84712,35.11798],[128.84727,35.11843]],[[128.8472,35.11921],[128.8472,35.11903]],[[128.84723,35.11903],[128.84729,35.11925]],[[128.84726,35.11902],[128.84737,35.11923]],[[128.84729,35.11901],[128.84744,35.11921]],[[128.84747,35.11839],[128.84734,35.11793]],[[128.84739,35.11793],[128.84742,35.1184]],[[128.84749,35.11883],[128.84774,35.11937]],[[128.84769,35.11939],[128.84753,35.11881]],[[128.84871,35.39949],[128.84951,35.39957]],[[128.84985,35.39964],[128.85034,35.39972]],[[128.85457,36.01758],[128.85501,36.01754]],[[128.8694,35.9321],[128.86837,35.93185],[128.86268,35.93],[128.86197,35.92968]],[[128.86197,35.92965],[128.86268,35.92982],[128.86836,35.93163],[128.86944,35.93208]],[[128.86329,35.27409],[128.86338,35.27432],[128.86435,35.27548],[128.8651,35.27613],[128.86523,35.27631],[128.86522,35.27661],[128.86509,35.27679],[128.8647,35.27693],[128.86443,35.27693],[128.86408,35.27676],[128.86233,35.2739]],[[128.86246,35.274],[128.86293,35.27443],[128.86363,35.27573]]]}},{"type":"Feature","properties":{"g":"kr"},"geometry":{"type":"MultiLineString","coordinates":[[[128.86246,35.274],[128.86288,35.27445],[128.86386,35.27627],[128.86376,35.27591],[128.86293,35.27443]],[[128.86246,35.274],[128.86284,35.27446],[128.86386,35.27627],[128.86397,35.27661]],[[128.86246,35.274],[128.8628,35.27448],[128.86378,35.27628]],[[128.86273,35.27448],[128.86228,35.27376],[128.86221,35.27352],[128.86227,35.27332],[128.8624,35.27315],[128.86275,35.27298],[128.86358,35.27294],[128.86388,35.27286]],[[128.86303,35.27454],[128.86336,35.27497],[128.8638,35.27586]],[[128.86317,35.27478],[128.86335,35.27504],[128.86376,35.27591]],[[128.8634,35.27407],[128.86353,35.27446]],[[128.86348,35.27405],[128.86374,35.27469]],[[128.86356,35.27403],[128.86414,35.27521]],[[128.86379,35.27457],[128.86363,35.27402]],[[128.86364,35.27552],[128.86385,35.27583]],[[128.86369,35.27367],[128.86418,35.27488],[128.86448,35.27531]],[[128.86397,35.27487],[128.8638,35.27426]],[[128.86383,35.27414],[128.86406,35.27489],[128.86423,35.27515],[128.86462,35.27555],[128.86422,35.27487],[128.86369,35.27349],[128.86388,35.273]],[[128.8639,35.27307],[128.8638,35.27335],[128.86384,35.27357],[128.86427,35.27486],[128.86449,35.27524]],[[128.8639,35.27307],[128.86378,35.27329],[128.86377,35.2735],[128.86427,35.27486]],[[128.86396,35.27292],[128.8639,35.27307]],[[128.86399,35.27287],[128.86366,35.27334],[128.86366,35.27359],[128.86412,35.27489],[128.86488,35.27583]],[[128.86435,35.27548],[128.86518,35.27609],[128.8653,35.27643],[128.86522,35.27661]],[[128.8644,35.27173],[128.86436,35.27217]],[[128.8649,35.26807],[128.86481,35.26856]],[[128.86488,35.26739],[128.86492,35.26785]],[[128.90095,37.76568],[128.8993,37.76415],[128.89723,37.76267]],[[128.89738,37.7628],[128.89797,37.76348],[128.89923,37.76465],[128.90089,37.76572]],[[128.90608,37.76987],[128.89809,37.7635],[128.89758,37.76297]],[[128.90616,37.76982],[128.90053,37.76536]],[[128.91728,37.71923],[128.91665,37.71923],[128.90987,37.71975],[128.90889,37.71989]],[[128.9089,37.71994],[128.90994,37.7199],[128.91728,37.71928]],[[128.91285,35.97286],[128.91254,35.97326]],[[128.91256,35.97308],[128.91324,35.97207]],[[128.91259,35.97328],[128.91281,35.97284]],[[128.91687,35.95718],[128.91581,35.95672]],[[128.92271,35.36093],[128.91956,35.36363],[128.91914,35.3639]],[[128.91956,35.36363],[128.92036,35.36299],[128.92056,35.36277]],[[128.92385,37.71142],[128.9239,37.71033],[128.92366,37.70888],[128.92344,37.70817],[128.92312,37.70747],[128.92276,37.70536]],[[128.92352,37.70819],[128.92334,37.70779],[128.92323,37.70732],[128.92287,37.70526]],[[128.92294,37.70526],[128.92338,37.7077],[128.92379,37.70907]],[[128.92366,37.70819],[128.92349,37.70765],[128.92303,37.70525]],[[128.92379,37.70907],[128.92313,37.70523]],[[128.92323,37.70524],[128.92363,37.70797]],[[128.92373,37.70865],[128.9237,37.70764],[128.9233,37.70525]],[[128.9234,37.70522],[128.92376,37.70729],[128.92379,37.70765],[128.92371,37.70827]],[[128.92345,37.7082],[128.92359,37.70845]],[[128.92357,37.70523],[128.92388,37.70714],[128.9238,37.7084]],[[128.92359,37.70509],[128.92399,37.70732],[128.9243,37.70825],[128.92477,37.7108],[128.92527,37.71373],[128.92529,37.71483]],[[128.92385,37.71142],[128.92381,37.71089],[128.9236,37.70996]],[[128.92365,37.70862],[128.92395,37.71031],[128.92388,37.71181],[128.92416,37.71349],[128.92479,37.71515]],[[128.92381,37.71089],[128.92367,37.70995]],[[128.92382,37.70957],[128.92371,37.7092]],[[128.92393,37.70695],[128.92396,37.7074],[128.92376,37.7089]],[[128.92923,37.7252],[128.92863,37.72326],[128.92824,37.72227],[128.92782,37.72173],[128.92674,37.72068],[128.92607,37.71988],[128.92579,37.7194],[128.92544,37.71852],[128.92379,37.70907]],[[128.92437,37.71412],[128.92411,37.7135],[128.92401,37.71303],[128.92381,37.71185],[128.92385,37.71142]],[[128.9239,37.7084],[128.92388,37.70877],[128.92409,37.70998],[128.92441,37.71079]],[[128.92392,37.70759],[128.9239,37.7084],[128.92414,37.70999],[128.92453,37.71084]],[[128.92392,37.70799],[128.92431,37.71019],[128.92465,37.7113]],[[128.92464,37.71453],[128.92421,37.71341],[128.92393,37.71183],[128.92395,37.71056]],[[128.92459,37.71428],[128.92395,37.71031]],[[128.92395,37.71082],[128.924,37.71195],[128.92432,37.71361],[128.92472,37.71488]],[[128.92398,37.71003],[128.92465,37.7113],[128.92498,37.71329],[128.92498,37.71401]],[[128.92464,37.71338],[128.92461,37.71289],[128.92432,37.71124],[128.92404,37.71043]],[[128.92449,37.71397],[128.92404,37.71134],[128.92404,37.71102]],[[128.92468,37.71452],[128.92434,37.71359],[128.92406,37.71184],[128.92404,37.71134]],[[128.92471,37.71437],[128.92471,37.71313],[128.92455,37.71209],[128.92438,37.71123],[128.92405,37.71018]],[[128.92464,37.71361],[128.92429,37.71129],[128.92407,37.71067]],[[128.92475,37.7135],[128.92477,37.71295],[128.92455,37.71136],[128.92418,37.7106]],[[128.92425,37.71057],[128.92455,37.71121],[128.92483,37.71286],[128.92484,37.71332],[128.92471,37.71411]],[[128.92471,37.7139],[128.92476,37.71315],[128.9247,37.71264],[128.92442,37.71119],[128.92429,37.71083]],[[128.92465,37.71404],[128.92463,37.71352],[128.92421,37.71118],[128.92411,37.71091],[128.92501,37.71655],[128.9253,37.71773]],[[128.92509,37.7128],[128.92471,37.71165]],[[128.92491,37.71278],[128.92489,37.71334],[128.92477,37.71378]],[[128.92479,37.71478],[128.92481,37.71527]],[[128.92489,37.71584],[128.92507,37.71633]],[[128.92493,37.71426],[128.92487,37.71476],[128.92512,37.71632]],[[128.92498,37.71426],[128.92497,37.71454]],[[128.92499,37.71556],[128.925,37.716]],[[128.92503,37.71426],[128.9251,37.71455]],[[128.92903,37.72449],[128.92934,37.72531]],[[128.93407,35.95882],[128.93617,35.95878],[128.94108,35.95898],[128.943,35.95918]],[[128.94181,35.95899],[128.93625,35.95874],[128.93457,35.95881]],[[128.93487,35.95891],[128.93648,35.95909],[128.9411,35.95927],[128.94268,35.95923]],[[128.93564,35.95905],[128.93606,35.95915],[128.94075,35.95934],[128.94207,35.95925],[128.94107,35.95931],[128.93631,35.95913],[128.9353,35.95897]],[[128.94099,35.95531],[128.9408,35.95482],[128.9404,35.9544],[128.93968,35.95396],[128.9393,35.95386],[128.93904,35.95382],[128.93575,35.95406]],[[128.9364,35.9587],[128.94095,35.95887],[128.94209,35.959],[128.94266,35.95914],[128.94181,35.95899]],[[128.94209,35.959],[128.94094,35.95884],[128.93673,35.95868]],[[128.93864,35.2176],[128.93912,35.2174]],[[128.94102,35.95485],[128.94088,35.95421],[128.94073,35.95398],[128.9391,35.95239]],[[128.93916,35.95235],[128.94078,35.95397],[128.9409,35.95418],[128.94095,35.95445]],[[128.93921,35.95278],[128.94083,35.95435],[128.94102,35.95485],[128.94101,35.95515]],[[128.94177,35.95893],[128.94096,35.9588],[128.9368,35.95863],[128.93567,35.95874],[128.9364,35.9587],[128.94129,35.95892],[128.94181,35.95899]],[[128.94371,37.19832],[128.94484,37.19852]],[[128.95101,37.20029],[128.95018,37.19997],[128.95142,37.20031],[128.95243,37.20038],[128.95333,37.20022],[128.95426,37.1998]],[[128.95288,35.2124],[128.95305,35.20186]],[[128.95302,35.20356],[128.95333,35.20437],[128.95351,35.20506]],[[128.95331,35.20708],[128.95325,35.20689],[128.95326,35.20596]],[[128.95331,35.20759],[128.95337,35.20596]],[[128.9602,35.21348],[128.95531,35.21388],[128.95442,35.21369],[128.95401,35.21346],[128.95361,35.21311],[128.95335,35.21267],[128.95324,35.21212],[128.95331,35.20596]],[[128.95332,35.21005],[128.95345,35.20917],[128.95347,35.20722],[128.95358,35.20661],[128.95358,35.20577],[128.95399,35.20395],[128.95403,35.20228]],[[128.9535,35.20514],[128.95333,35.20469]],[[128.95335,35.20732],[128.95349,35.20647]],[[128.95351,35.20484],[128.95336,35.20371],[128.95337,35.20227]],[[128.95341,35.20227],[128.95339,35.20367],[128.95352,35.20448]],[[128.95346,35.20228],[128.95348,35.2038]],[[128.95346,35.20806],[128.95357,35.20863],[128.95354,35.21129]],[[128.95371,35.21157],[128.95375,35.2097],[128.95347,35.20765]],[[128.95349,35.20597],[128.95389,35.20392],[128.95393,35.20228]],[[128.9535,35.20553],[128.9536,35.20228]],[[128.95923,35.21347],[128.95611,35.21376],[128.95544,35.21379],[128.95495,35.21373],[128.9545,35.2136],[128.95402,35.21334],[128.95366,35.213],[128.95343,35.21263],[128.95329,35.21211],[128.9533,35.21122],[128.95335,35.20771],[128.95349,35.20675],[128.95351,35.20227]],[[128.95355,35.20818],[128.95413,35.20951],[128.95416,35.20998]],[[128.95356,35.20228],[128.95352,35.20388],[128.95357,35.20409]],[[128.95356,35.20961],[128.95361,35.21004],[128.95358,35.21128]],[[128.95357,35.20546],[128.9537,35.20513]],[[128.95365,35.21025],[128.95363,35.21129]],[[128.95365,35.20229],[128.95365,35.20386],[128.95372,35.2042]],[[128.95367,35.20405],[128.9537,35.20228]],[[128.95379,35.20228],[128.95378,35.2037],[128.95372,35.20392]],[[128.95373,35.20457],[128.95375,35.20228]],[[128.95379,35.20433],[128.95383,35.20229]],[[128.95388,35.20229],[128.95386,35.20378],[128.9538,35.20406]],[[128.95384,35.21137],[128.95384,35.20938],[128.95358,35.2084],[128.95382,35.20894],[128.95395,35.2096],[128.95394,35.21136]],[[128.95389,35.20887],[128.95423,35.20938],[128.9543,35.20997]],[[128.95391,35.20441],[128.95407,35.20385],[128.95412,35.20229]],[[128.95399,35.20228],[128.95394,35.20423]],[[128.95408,35.20228],[128.95406,35.20347],[128.95399,35.20395]],[[128.9541,35.20997],[128.95409,35.20958],[128.95369,35.20847],[128.95418,35.20952],[128.95423,35.20997]],[[128.9555,35.21383],[128.96018,35.21338]],[[128.9583,35.21362],[128.95738,35.21366]],[[128.95927,35.21358],[128.95827,35.21367]],[[128.95851,35.2135],[128.95944,35.21341]],[[128.96054,35.09038],[128.96059,35.09357],[128.96069,35.09367]],[[128.96058,35.09038],[128.96063,35.09361]],[[128.96068,35.09413],[128.96073,35.0938]],[[128.96069,35.0938],[128.96073,35.09413]],[[128.9607,35.04974],[128.96506,35.0484]],[[128.96508,35.04845],[128.96072,35.04977]],[[128.96074,35.09368],[128.96088,35.09414]],[[128.96074,35.09405],[128.96089,35.09347]],[[128.96075,35.09302],[128.96091,35.09215]],[[128.96091,35.09404],[128.9608,35.09788]],[[128.96082,35.09264],[128.96089,35.09315]],[[128.96093,35.09374],[128.96084,35.09788]],[[128.96093,35.09392],[128.96087,35.09788]],[[128.96089,35.09347],[128.96105,35.09448],[128.96106,35.09534]],[[128.96089,35.09347],[128.96091,35.09215]],[[128.96097,35.09398],[128.96091,35.09788]],[[128.96091,35.09215],[128.96094,35.09035]],[[128.96094,35.09237],[128.96103,35.09035]],[[128.96099,35.09035],[128.96094,35.09292],[128.96112,35.0942],[128.96101,35.09726]],[[128.96109,35.09523],[128.96105,35.09726]],[[128.9611,35.09694],[128.96117,35.09446],[128.96122,35.09412],[128.96164,35.09322],[128.96171,35.0929],[128.9618,35.09077]],[[128.96132,35.09249],[128.96112,35.09384]],[[128.96112,35.0942],[128.96115,35.09248]],[[128.96125,35.09249],[128.96113,35.09344]],[[128.96115,35.09506],[128.96114,35.09694]],[[128.96141,35.09249],[128.9614,35.09275],[128.96118,35.09349]],[[128.96175,35.09266],[128.96164,35.09355],[128.96134,35.09425],[128.96127,35.0947],[128.9612,35.09694]],[[128.96124,35.09408],[128.96148,35.09282],[128.96155,35.09067]],[[128.96174,35.09076],[128.96172,35.09257],[128.96132,35.09393]],[[128.96168,35.09076],[128.96163,35.09289]],[[128.96305,35.21309],[128.9638,35.21308]],[[128.98865,35.30456],[128.98535,35.30648],[128.98324,35.30783],[128.98212,35.30863]],[[128.98235,35.30854],[128.98399,35.30764],[128.9873,35.3056],[128.99027,35.30365]],[[128.98873,35.16277],[128.98728,35.16722]],[[128.98782,35.1656],[128.98776,35.166]],[[128.99039,35.15817],[128.98946,35.16055],[128.98833,35.16395]],[[128.98839,35.16434],[128.98873,35.16369],[128.98903,35.16282]],[[128.99019,35.15932],[128.99002,35.16003],[128.98881,35.16359],[128.98863,35.16399],[128.98848,35.16417]],[[128.98888,35.1622],[128.98941,35.16055],[128.98978,35.15975]],[[128.98965,35.16014],[128.9899,35.15968]],[[128.99505,35.20348],[128.99426,35.20261]],[[128.99442,35.20269],[128.99598,35.20397],[128.99874,35.20645]],[[128.99929,35.20704],[128.99808,35.20616],[128.99505,35.20348]],[[128.99505,35.20348],[128.99547,35.20397],[128.99661,35.20487]],[[128.99874,35.20645],[128.99839,35.20602],[128.9963,35.20419]],[[128.99874,35.20645],[128.99933,35.20701]],[[129.00823,35.23789],[129.00785,35.23617],[129.00697,35.23118]],[[129.00831,35.23804],[129.00723,35.23193],[129.00704,35.23116]],[[129.00803,35.23707],[129.00774,35.23621],[129.00714,35.23304],[129.0071,35.23206]],[[129.01065,35.29842],[129.01072,35.29918],[129.0118,35.30384],[129.01208,35.30456]],[[129.01069,35.29841],[129.01103,35.29927],[129.01221,35.30436],[129.01226,35.30484]],[[129.0107,35.29887],[129.01195,35.30421]],[[129.01089,35.29894],[129.0122,35.30456]],[[129.01196,35.30387],[129.0122,35.30485]],[[129.01362,37.59414],[129.01533,37.59549],[129.01865,37.59757],[129.0195,37.59794],[129.02096,37.59827],[129.01995,37.59796],[129.01943,37.59773],[129.01383,37.59426]],[[129.014,37.59444],[129.01497,37.59517],[129.01692,37.59645],[129.01922,37.59786]],[[129.02024,37.59812],[129.0192,37.5978],[129.01888,37.59762],[129.01415,37.59455]],[[129.01447,37.59464],[129.01505,37.59513],[129.01877,37.59749],[129.01918,37.59773],[129.01991,37.59802]],[[129.01731,35.28719],[129.0172,35.28759]],[[129.01722,35.28828],[129.01727,35.28757],[129.01771,35.28643]],[[129.01739,35.28895],[129.01717,35.2879],[129.01726,35.28719]],[[129.01727,35.28853],[129.01735,35.28909]],[[129.01734,35.28594],[129.01743,35.2832]],[[129.01737,35.2838],[129.01745,35.28239]],[[129.01738,35.28594],[129.01752,35.28244]],[[129.01747,35.28343],[129.01804,35.28829],[129.01834,35.28972]],[[129.01755,35.27913],[129.01751,35.27938]],[[129.01753,35.28396],[129.01766,35.2846]],[[129.01753,35.28446],[129.01763,35.28478]],[[129.01753,35.28612],[129.01767,35.28508]],[[129.01758,35.28346],[129.01753,35.28315]],[[129.01756,35.27973],[129.0176,35.27735]],[[129.01757,35.28611],[129.0176,35.28569]],[[129.0178,35.28956],[129.01751,35.2882],[129.01757,35.28757]],[[129.01757,35.28198],[129.01752,35.28341],[129.01809,35.28786]],[[129.01761,35.28458],[129.0176,35.28406]],[[129.0177,35.28959],[129.01737,35.28808],[129.01741,35.28764],[129.01761,35.287]],[[129.01784,35.28956],[129.01755,35.2882],[129.01763,35.28727]],[[129.01765,35.28538],[129.01763,35.28612]],[[129.01765,35.28151],[129.01758,35.28346],[129.0178,35.28537],[129.01854,35.28818]],[[129.01765,35.28959],[129.01732,35.28799],[129.01735,35.2877],[129.01767,35.2867]],[[129.01769,35.28394],[129.01768,35.28429]],[[129.01789,35.28955],[129.0176,35.28822],[129.01769,35.28691]],[[129.01791,35.28575],[129.01769,35.28394],[129.0177,35.28362]],[[129.01772,35.28117],[129.0177,35.28362]],[[129.0177,35.28362],[129.01792,35.28273],[129.01849,35.28185],[129.01867,35.28136],[129.01884,35.2793]],[[129.01777,35.27931],[129.01772,35.28091]],[[129.01773,35.28958],[129.01743,35.2881],[129.01776,35.28615]],[[129.01795,35.28963],[129.01765,35.2882],[129.01774,35.28658]],[[129.01803,35.28117],[129.018,35.28182],[129.01775,35.28335]],[[129.018,35.28963],[129.01769,35.28816],[129.01776,35.28585]],[[129.01783,35.28117],[129.01778,35.28302]],[[129.01804,35.28962],[129.01773,35.28816],[129.0178,35.28615]],[[129.01839,35.28972],[129.01808,35.28829],[129.01781,35.28577]],[[129.01809,35.28962],[129.01778,35.28816],[129.01781,35.28627]],[[129.01825,35.28118],[129.01822,35.28158],[129.01784,35.28298]],[[129.01791,35.28117],[129.01786,35.28256]],[[129.01813,35.28961],[129.01784,35.2883],[129.01786,35.28673]],[[129.01822,35.28973],[129.01788,35.28821],[129.01791,35.28714]],[[129.01816,35.28117],[129.01813,35.28169],[129.01791,35.28257]],[[129.01792,35.28273],[129.01826,35.28173],[129.01832,35.28117]],[[129.01826,35.28973],[129.01794,35.28827],[129.01794,35.28747]],[[129.0183,35.28972],[129.01796,35.28815],[129.01796,35.28765]],[[129.01799,35.28601],[129.01822,35.28646],[129.01936,35.28788],[129.01985,35.2899]],[[129.018,35.28213],[129.01809,35.28117]],[[129.01803,35.28252],[129.01831,35.28186],[129.01839,35.28117]],[[129.01803,35.2862],[129.01856,35.28744],[129.01911,35.28983]],[[129.01915,35.28981],[129.01861,35.28747],[129.01811,35.28628]],[[129.01896,35.28984],[129.01841,35.28735],[129.01813,35.28645]],[[129.01854,35.28118],[129.01845,35.28178],[129.01814,35.28236]],[[129.01847,35.28117],[129.01843,35.28163],[129.01819,35.28222]],[[129.01938,35.28976],[129.01889,35.28771],[129.01871,35.28727],[129.01822,35.28646]],[[129.01924,35.28978],[129.01865,35.28733],[129.01823,35.28658]],[[129.01901,35.28983],[129.01827,35.28678]],[[129.0192,35.2898],[129.01869,35.28759],[129.01832,35.28678]],[[129.01906,35.28982],[129.0184,35.28708]],[[129.01849,35.2868],[129.01887,35.28715],[129.01945,35.28789],[129.01993,35.28989]],[[129.01928,35.28979],[129.01877,35.28755],[129.0185,35.287]],[[129.01872,35.28112],[129.01853,35.28267]],[[129.01855,35.287],[129.01913,35.28778],[129.0196,35.28973]],[[129.01861,35.28266],[129.01867,35.28177]],[[129.01989,35.28989],[129.01941,35.2879],[129.01864,35.287]],[[129.01865,35.28203],[129.0187,35.28245],[129.01928,35.28409],[129.01968,35.28647]],[[129.01956,35.28974],[129.01914,35.28795],[129.01866,35.28713]],[[129.0187,35.28143],[129.01888,35.28271],[129.01938,35.2842],[129.02031,35.28959]],[[129.02005,35.28987],[129.0197,35.28821],[129.01955,35.28781],[129.01936,35.28756],[129.0187,35.28699]],[[129.01947,35.28975],[129.01908,35.28802],[129.01871,35.28727]],[[129.01932,35.28977],[129.01879,35.28765]],[[129.01951,35.28974],[129.01914,35.28809],[129.0188,35.2874]],[[129.01966,35.28973],[129.01923,35.28791],[129.01882,35.28721]],[[129.01997,35.28987],[129.01955,35.28799],[129.01916,35.28742],[129.01887,35.28715]],[[129.01942,35.28976],[129.01903,35.28804],[129.01889,35.28771]],[[129.01981,35.2899],[129.01942,35.28817],[129.01907,35.28751]],[[129.01969,35.28972],[129.01931,35.28803],[129.01914,35.28764]],[[129.02002,35.28987],[129.01963,35.28809],[129.01944,35.28771],[129.01916,35.28742]],[[129.02523,35.15633],[129.02639,35.15693],[129.02715,35.1572],[129.02798,35.15741],[129.03425,35.15891],[129.03681,35.15924]],[[129.0289,35.15782],[129.02668,35.15709]],[[129.02881,35.15733],[129.02772,35.15728],[129.02674,35.15706]],[[129.027,35.15709],[129.02766,35.15724],[129.02931,35.15741],[129.03767,35.15944]],[[129.02707,35.15706],[129.0283,35.15729]],[[129.02715,35.1572],[129.0289,35.15782],[129.03284,35.15876],[129.03733,35.15936]],[[129.03427,35.15791],[129.03364,35.15764],[129.032,35.15708],[129.02896,35.15653],[129.02725,35.15614]],[[129.02779,35.34063],[129.02734,35.34007]],[[129.02775,35.34065],[129.02737,35.34005]],[[129.02751,35.15763],[129.02855,35.158],[129.03377,35.15921]],[[129.02753,35.1576],[129.02849,35.15795],[129.03433,35.15934],[129.03501,35.15959],[129.03593,35.16008],[129.0364,35.16022]],[[129.02755,35.15756],[129.02879,35.15799],[129.03868,35.16032],[129.03958,35.16061]],[[129.03868,35.16032],[129.0452,35.16184],[129.04272,35.16121],[129.02959,35.15814],[129.02828,35.1578],[129.02757,35.15753]],[[129.03022,35.15765],[129.02766,35.15732]],[[129.03429,35.15897],[129.02773,35.15741]],[[129.03469,35.15897],[129.02785,35.15734]],[[129.02802,35.15751],[129.03378,35.1589]],[[129.0352,35.15903],[129.02811,35.15737]],[[129.02845,35.15765],[129.03341,35.15886]],[[129.03563,35.15909],[129.02855,35.15742]],[[129.029,35.15748],[129.036,35.15913]],[[129.02926,35.15791],[129.02999,35.15816]],[[129.03484,35.15819],[129.02933,35.15697]],[[129.02934,35.15693],[129.03446,35.15806]],[[129.03703,35.15892],[129.03343,35.15772],[129.02936,35.15683]],[[129.03634,35.15917],[129.02938,35.15754]],[[129.04455,35.16141],[129.03783,35.15922],[129.03691,35.15883],[129.03297,35.15752],[129.02938,35.15672]],[[129.03798,35.15915],[129.0328,35.15742],[129.0294,35.15668]],[[129.03553,35.15834],[129.03264,35.15702],[129.02945,35.1563]],[[129.02971,35.15828],[129.0303,35.15839]],[[129.04064,35.16014],[129.02973,35.15759]],[[129.03759,35.15881],[129.03699,35.15873],[129.03515,35.15813],[129.03418,35.15767],[129.03236,35.15664],[129.02984,35.15608]],[[129.03668,35.15834],[129.03597,35.15827],[129.03493,35.15798],[129.03427,35.15767],[129.0324,35.15661],[129.02986,35.15604]],[[129.03044,35.15834],[129.03083,35.15841]],[[129.03045,35.15843],[129.03097,35.15851]],[[129.03736,35.15934],[129.03578,35.15879],[129.03206,35.15793],[129.03048,35.15772]],[[129.03085,35.15777],[129.03698,35.15921]],[[129.03093,35.15844],[129.03164,35.15856]],[[129.03163,35.15861],[129.03095,35.15839]],[[129.03663,35.15908],[129.03118,35.15781]],[[129.0365,35.15903],[129.03159,35.15786]],[[129.03191,35.15871],[129.03231,35.15883]],[[129.03197,35.15864],[129.03278,35.15874]],[[129.03206,35.15793],[129.03593,35.1588],[129.03806,35.15953]],[[129.03257,35.15728],[129.03209,35.15715]],[[129.03294,35.15741],[129.03241,35.15728]],[[129.03327,35.15762],[129.03276,35.15749]],[[129.0329,35.15877],[129.03396,35.159],[129.03489,35.15906],[129.03546,35.15917]],[[129.03365,35.15774],[129.03311,35.15761]],[[129.03414,37.69073],[129.03343,37.69122]],[[129.0338,35.1577],[129.03345,35.15754]],[[129.03396,35.159],[129.03352,35.15896]],[[129.03358,35.15781],[129.03411,35.15794]],[[129.03561,37.14186],[129.03567,37.14116],[129.03548,37.14059],[129.03471,37.13952],[129.03386,37.13849]],[[129.03436,35.15807],[129.03397,35.15801]],[[129.03471,37.13952],[129.03406,37.13883]],[[129.03408,37.15427],[129.03405,37.15214],[129.03416,37.15061]],[[129.03412,37.14852],[129.0342,37.1493]],[[129.03424,37.15617],[129.03415,37.15545],[129.03412,37.15112]],[[129.03421,37.14955],[129.03424,37.15089]],[[129.0343,37.14955],[129.03423,37.15055]],[[129.03424,37.15089],[129.03437,37.15599],[129.03433,37.15674]],[[129.03434,37.15716],[129.03424,37.15089]],[[129.03426,37.15637],[129.03424,37.15731]],[[129.03493,35.15813],[129.03431,35.15797]],[[129.03434,35.15903],[129.0372,35.15961],[129.04208,35.16075],[129.04282,35.161]],[[129.0344,35.15778],[129.0349,35.15806]],[[129.03443,35.15774],[129.03495,35.15803]],[[129.03463,35.15943],[129.03585,35.15984],[129.03918,35.16062]],[[129.03925,35.16054],[129.03476,35.1594]],[[129.04178,35.16065],[129.03486,35.15904]],[[129.03501,35.15959],[129.03585,35.15995],[129.03848,35.16057],[129.03983,35.16075],[129.04016,35.16084],[129.0406,35.16108]],[[129.03502,35.15811],[129.03747,35.15888],[129.04078,35.15946],[129.04335,35.15967]],[[129.03504,35.15957],[129.04609,35.16214],[129.04694,35.16214]],[[129.03504,35.15939],[129.03755,35.15973]],[[129.03525,35.15971],[129.03587,35.16001],[129.03641,35.16018]],[[129.0353,35.1597],[129.0359,35.15991],[129.03864,35.16055],[129.03999,35.16074],[129.04209,35.16147]],[[129.03761,35.15868],[129.03651,35.1585],[129.03533,35.15819]],[[129.03541,35.15911],[129.04122,35.16045]],[[129.0362,35.15857],[129.03568,35.15835]],[[129.03619,35.1586],[129.03568,35.15839]],[[129.03579,35.15916],[129.04077,35.1603]],[[129.03637,35.15857],[129.03584,35.15836]],[[129.03763,35.15855],[129.03647,35.15845],[129.03584,35.15832]],[[129.03618,35.1592],[129.0405,35.16021]],[[129.03684,35.15876],[129.03629,35.15863]],[[129.03688,35.15873],[129.03638,35.15862]],[[129.0376,35.15876],[129.03648,35.15857]],[[129.03761,35.15863],[129.03651,35.1585]],[[129.0402,35.1601],[129.03656,35.15925]],[[129.0436,35.16118],[129.04015,35.15998],[129.03781,35.15926],[129.03657,35.15872]],[[129.03698,35.15881],[129.04082,35.15959],[129.04326,35.16]],[[129.04192,35.15885],[129.03725,35.15839]],[[129.03779,35.15894],[129.04111,35.15944],[129.04281,35.15939],[129.04339,35.15947]],[[129.03856,35.1603],[129.03793,35.1602]],[[129.03798,35.10556],[129.04161,35.11361],[129.04143,35.11273]],[[129.03827,35.10567],[129.03822,35.10557]],[[129.03826,35.15941],[129.03931,35.15982]],[[129.0383,35.15898],[129.04107,35.15939],[129.04272,35.15934],[129.04341,35.15941]],[[129.03831,35.10567],[129.0383,35.10558]],[[129.03832,35.10584],[129.03842,35.10633],[129.03894,35.10762],[129.04087,35.1118],[129.04135,35.11257]],[[129.03835,35.10584],[129.03861,35.10644],[129.03938,35.10753],[129.04065,35.11019]],[[129.03844,35.10623],[129.03891,35.1075],[129.04008,35.11001]],[[129.04026,35.11027],[129.03857,35.10645]],[[129.03873,35.10671],[129.03907,35.10757],[129.04171,35.11338]],[[129.03996,35.10874],[129.03928,35.10722],[129.03881,35.1066]],[[129.03884,35.10737],[129.03892,35.10767]],[[129.03885,35.10688],[129.03909,35.10751],[129.04196,35.1138]],[[129.03946,35.16066],[129.03894,35.16063]],[[129.03895,35.10703],[129.04151,35.11271],[129.04223,35.11368],[129.04255,35.11423],[129.04389,35.11727],[129.04421,35.11858]],[[129.03905,35.10716],[129.04095,35.11132]],[[129.03913,35.10723],[129.04086,35.111]],[[129.04129,35.11348],[129.04066,35.11251],[129.03951,35.11001],[129.03937,35.10958],[129.03918,35.10824]],[[129.03924,35.1085],[129.03962,35.10973],[129.04148,35.11377]],[[129.03925,35.10739],[129.04075,35.11064],[129.04105,35.11165]],[[129.03943,35.10867],[129.03927,35.10845]],[[129.03928,35.10884],[129.03958,35.10976],[129.04144,35.1138]],[[129.04082,35.11275],[129.03947,35.10977],[129.03932,35.10917]],[[129.03933,35.10882],[129.04113,35.11279],[129.04144,35.1138]],[[129.04457,35.16137],[129.03941,35.15963]],[[129.03943,35.10917],[129.04125,35.11319]],[[129.03949,35.10893],[129.03969,35.10949],[129.04155,35.11359]],[[129.04208,35.16075],[129.03959,35.15988]],[[129.03991,35.10975],[129.0404,35.11049]],[[129.03996,35.15997],[129.04206,35.16071]],[[129.04003,35.15933],[129.04068,35.15949],[129.04329,35.1599]],[[129.04114,35.11222],[129.04013,35.11008]],[[129.04043,35.16089],[129.04588,35.16214],[129.0466,35.1622],[129.0472,35.16214]],[[129.04148,35.16097],[129.04058,35.16084]],[[129.04066,35.11135],[129.04076,35.11174]],[[129.04097,35.1116],[129.0407,35.11116]],[[129.04495,35.16102],[129.04075,35.16015]],[[129.04332,35.16153],[129.04076,35.16097]],[[129.04083,35.16117],[129.04209,35.16147]],[[129.04092,37.21865],[129.0411,37.21945]],[[129.04102,35.16089],[129.04275,35.16131]],[[129.04103,35.11292],[129.04125,35.11328]]]}},{"type":"Feature","properties":{"g":"kr"},"geometry":{"type":"MultiLineString","coordinates":[[[129.04209,35.16147],[129.04577,35.16231],[129.04613,35.16234],[129.04698,35.16221],[129.04641,35.16226],[129.04572,35.16217],[129.04107,35.1611]],[[129.04113,35.15965],[129.04322,35.16017]],[[129.0412,35.11283],[129.04144,35.11365],[129.04169,35.11425],[129.0431,35.11733],[129.04392,35.11887]],[[129.04125,35.16107],[129.04198,35.16131]],[[129.04236,35.11387],[129.04137,35.11163]],[[129.04151,35.11271],[129.0414,35.11256]],[[129.04144,35.1138],[129.04306,35.11734],[129.04392,35.11887]],[[129.04145,35.15952],[129.04283,35.15948],[129.04338,35.15955]],[[129.04147,35.16109],[129.04207,35.16119]],[[129.04148,35.1139],[129.04184,35.11478]],[[129.04149,35.16125],[129.04579,35.16226],[129.0464,35.16227],[129.0475,35.16214]],[[129.04187,35.11264],[129.04157,35.11176]],[[129.044,35.16052],[129.0431,35.16036],[129.04162,35.16027]],[[129.04168,35.11298],[129.04201,35.11356],[129.04371,35.11732],[129.04447,35.11948]],[[129.04171,35.11338],[129.04369,35.11773],[129.04391,35.11836]],[[129.04171,35.11338],[129.04409,35.11879]],[[129.04179,35.15982],[129.04325,35.16007]],[[129.042,35.11302],[129.04181,35.11251]],[[129.04237,35.16114],[129.04181,35.16104]],[[129.04186,35.15955],[129.04332,35.15977]],[[129.04188,35.1133],[129.0422,35.11386],[129.04376,35.11733],[129.04426,35.11872],[129.04434,35.1191]],[[129.04197,35.15951],[129.04336,35.15962]],[[129.04208,35.16047],[129.04452,35.16103]],[[129.0421,35.11323],[129.04392,35.11705]],[[129.04275,35.16131],[129.04225,35.16123]],[[129.04229,35.15996],[129.04323,35.16013]],[[129.04232,35.15985],[129.04327,35.15995]],[[129.04233,35.15974],[129.0433,35.15984]],[[129.04239,35.15962],[129.04333,35.15972]],[[129.04499,35.16093],[129.04339,35.16058],[129.04245,35.16051]],[[129.04539,35.16123],[129.04467,35.16112],[129.04252,35.16057]],[[129.04678,35.16103],[129.04616,35.16103],[129.04369,35.16047],[129.04258,35.16052]],[[129.04275,35.16131],[129.04567,35.162],[129.04661,35.16212],[129.0475,35.16214],[129.04811,35.16208],[129.04907,35.16174]],[[129.04277,35.16066],[129.045,35.16123],[129.04618,35.16167]],[[129.04495,35.16108],[129.04278,35.16063]],[[129.04285,37.22557],[129.04288,37.22645]],[[129.04288,35.11492],[129.04399,35.11735]],[[129.04502,35.1609],[129.04345,35.16055],[129.04288,35.16052]],[[129.04495,35.16097],[129.0436,35.16067],[129.04289,35.16057]],[[129.04574,37.23194],[129.04307,37.22716],[129.04288,37.22645],[129.04291,37.22576]],[[129.043,35.16128],[129.04525,35.16158]],[[129.04309,35.16106],[129.0441,35.1614]],[[129.04537,37.23136],[129.045,37.23085],[129.04314,37.22761]],[[129.04559,37.23165],[129.0453,37.23097],[129.04343,37.22769],[129.04316,37.22732]],[[129.0432,35.16081],[129.0449,35.16141],[129.0458,35.16162]],[[129.04343,37.22769],[129.0437,37.22807],[129.04527,37.23082],[129.04544,37.23127]],[[129.04364,37.22849],[129.04345,37.22806]],[[129.04357,35.1609],[129.04521,35.16148]],[[129.04358,37.22789],[129.04393,37.22838],[129.04516,37.23052],[129.04536,37.23102]],[[129.0452,37.23114],[129.04484,37.23067],[129.04383,37.22883]],[[129.0444,35.11978],[129.04388,35.11843]],[[129.04392,35.11887],[129.04415,35.11934]],[[129.04392,35.11705],[129.04453,35.11899],[129.04742,35.12539],[129.04793,35.12633],[129.04834,35.12679],[129.05227,35.13024]],[[129.04392,35.11705],[129.04399,35.11735]],[[129.04503,37.23096],[129.04475,37.2306],[129.04398,37.22915]],[[129.04399,35.11735],[129.04412,35.11816]],[[129.04405,35.11756],[129.04473,35.11985],[129.04737,35.12571],[129.04805,35.12668],[129.04923,35.1278]],[[129.04406,35.11735],[129.04709,35.12386]],[[129.04415,35.11767],[129.04722,35.12436],[129.04748,35.12523],[129.04802,35.12618],[129.04862,35.12682],[129.0526,35.1303],[129.05379,35.13155]],[[129.04415,35.11881],[129.04429,35.11921]],[[129.04736,35.12479],[129.04722,35.1238],[129.04686,35.12294],[129.04561,35.12012],[129.04505,35.11923],[129.04455,35.11818],[129.04419,35.11764]],[[129.04421,35.11788],[129.0453,35.12026]],[[129.04426,35.11806],[129.04724,35.12465]],[[129.04681,35.16163],[129.04427,35.16106]],[[129.04436,35.11841],[129.04728,35.12479],[129.0474,35.12522]],[[129.04437,35.11845],[129.04746,35.12538],[129.0479,35.12609],[129.04832,35.12663],[129.05167,35.12955],[129.0526,35.1305]],[[129.04439,35.11989],[129.04456,35.12014]],[[129.04693,35.12439],[129.04443,35.11883]],[[129.04444,35.11802],[129.04659,35.12281]],[[129.04454,35.1192],[129.04671,35.12405],[129.04708,35.12461]],[[129.04469,35.11832],[129.04464,35.11814],[129.04465,35.11746]],[[129.04465,35.11959],[129.04655,35.12381]],[[129.04468,35.11996],[129.04479,35.12029]],[[129.04475,35.11856],[129.04468,35.11828],[129.04474,35.11764]],[[129.04671,35.16227],[129.04617,35.16237],[129.04581,35.16236],[129.04477,35.16212]],[[129.04531,35.16173],[129.0448,35.16157]],[[129.04483,35.12075],[129.04504,35.12112]],[[129.04488,35.11886],[129.04477,35.11853],[129.04474,35.11806],[129.04477,35.11782],[129.04499,35.11736]],[[129.04492,35.12095],[129.04497,35.12119]],[[129.04683,35.16149],[129.04617,35.16132],[129.04492,35.16118]],[[129.04506,35.11925],[129.04702,35.1236],[129.04725,35.12444]],[[129.04507,35.11849],[129.04701,35.12273],[129.04745,35.12352],[129.05008,35.12768],[129.05118,35.12907]],[[129.04515,35.12002],[129.04537,35.12038],[129.04715,35.12433],[129.04728,35.12479]],[[129.04575,35.12009],[129.04515,35.11876]],[[129.04516,35.12128],[129.04526,35.12159]],[[129.04518,35.11952],[129.04542,35.11993],[129.04653,35.12239],[129.04699,35.12355]],[[129.0452,35.16184],[129.04578,35.16202]],[[129.0452,35.11917],[129.0458,35.12018],[129.04693,35.12261],[129.04724,35.12376],[129.04728,35.12415]],[[129.04522,35.11947],[129.0457,35.12016],[129.04627,35.12137],[129.04703,35.12308],[129.0472,35.12375]],[[129.04532,35.11958],[129.04578,35.12021],[129.04681,35.12244],[129.04705,35.12315]],[[129.04532,35.11962],[129.04687,35.1231],[129.04732,35.12444]],[[129.04541,37.23143],[129.04569,37.23197]],[[129.04546,35.12205],[129.04566,35.12238]],[[129.04557,35.12004],[129.04709,35.1233]],[[129.04569,35.12256],[129.04588,35.12308]],[[129.0461,35.16173],[129.0457,35.16168]],[[129.04597,35.12307],[129.04628,35.12362]],[[129.046,35.12336],[129.04619,35.12387]],[[129.04616,35.16103],[129.04676,35.16115]],[[129.04676,35.16111],[129.0462,35.16105]],[[129.04656,35.12414],[129.0464,35.12389]],[[129.04643,35.12363],[129.04668,35.12399]],[[129.04697,35.12483],[129.04753,35.12591],[129.04781,35.12633],[129.04822,35.12679],[129.0493,35.12774]],[[129.05056,35.12833],[129.04712,35.12291]],[[129.04712,35.12507],[129.04763,35.12599],[129.04797,35.12646],[129.04923,35.12763]],[[129.04717,35.12292],[129.05009,35.1275],[129.05041,35.12809]],[[129.04782,35.12596],[129.04797,35.12626],[129.04835,35.12674],[129.0523,35.13022]],[[129.0485,35.1271],[129.05215,35.1303],[129.05321,35.1314]],[[129.04874,35.12713],[129.0486,35.12696]],[[129.04864,35.12767],[129.0493,35.12831],[129.05286,35.13143],[129.05332,35.13176]],[[129.04906,35.12742],[129.04936,35.12775],[129.05241,35.13036],[129.05303,35.13114]],[[129.04947,35.90111],[129.04925,35.90151]],[[129.04981,35.12819],[129.04947,35.12784]],[[129.05366,35.8956],[129.05241,35.89711],[129.05022,35.90001],[129.04961,35.90092]],[[129.04967,35.90095],[129.05042,35.90009],[129.05261,35.89722],[129.05372,35.89563]],[[129.04994,35.1283],[129.05026,35.12864]],[[129.05524,35.14837],[129.05087,35.15257],[129.05005,35.15348]],[[129.05065,35.15282],[129.05033,35.15332],[129.05012,35.15352]],[[129.05136,35.15202],[129.05013,35.15329]],[[129.05087,35.15262],[129.05025,35.15351]],[[129.05106,35.15238],[129.0503,35.15355]],[[129.05038,35.12874],[129.05074,35.12913]],[[129.05045,35.15454],[129.05431,35.15087],[129.05459,35.1505],[129.0549,35.14968],[129.05453,35.1504],[129.05404,35.15089]],[[129.05478,35.15012],[129.05459,35.15059],[129.05438,35.15087],[129.05051,35.15453]],[[129.05052,35.12916],[129.0533,35.13149]],[[129.05058,35.15278],[129.05132,35.15199]],[[129.05154,35.15213],[129.05084,35.15283]],[[129.05084,35.12922],[129.05239,35.13058],[129.05292,35.13115]],[[129.05151,35.15211],[129.05086,35.15274]],[[129.05148,35.15209],[129.05101,35.15254]],[[129.05103,35.15378],[129.05106,35.15375]],[[129.0516,35.15333],[129.05128,35.15365]],[[129.05161,35.15218],[129.05158,35.15222]],[[129.0516,35.15224],[129.05164,35.1522]],[[129.05167,35.12955],[129.05219,35.13001],[129.05355,35.13161]],[[129.05168,35.15192],[129.05212,35.15136]],[[129.05352,35.13115],[129.05309,35.1305],[129.05198,35.12919],[129.05169,35.12863]],[[129.05209,35.15157],[129.05171,35.15194]],[[129.05172,35.15232],[129.05176,35.15228]],[[129.05229,35.15152],[129.05173,35.15195]],[[129.05275,35.15108],[129.05177,35.15198]],[[129.05177,35.15236],[129.05181,35.15232]],[[129.05184,35.1524],[129.05187,35.15236]],[[129.05188,35.15243],[129.05192,35.15239]],[[129.05196,35.15138],[129.05483,35.14865]],[[129.05572,35.14775],[129.05199,35.1514]],[[129.05238,35.15151],[129.05208,35.15171]],[[129.05468,35.13295],[129.05361,35.13216],[129.05215,35.13125]],[[129.0522,35.15169],[129.05278,35.15111]],[[129.05222,35.12978],[129.05363,35.13132],[129.05438,35.13229],[129.05492,35.13283]],[[129.05225,35.12973],[129.05335,35.13093],[129.05371,35.13143]],[[129.05226,35.15269],[129.05248,35.15246]],[[129.05229,35.12971],[129.05333,35.13087]],[[129.05239,35.1511],[129.05273,35.15069]],[[129.05326,35.15018],[129.05289,35.15049]],[[129.05557,35.1621],[129.05452,35.16154],[129.05371,35.16093],[129.05325,35.16041],[129.05292,35.15987]],[[129.05461,35.13238],[129.05418,35.13182],[129.05378,35.13143],[129.05303,35.13036]],[[129.05556,35.14798],[129.05467,35.149],[129.05358,35.15004],[129.05319,35.15034]],[[129.05319,35.1313],[129.0536,35.13173]],[[129.05496,35.1487],[129.05453,35.14923],[129.05334,35.1504]],[[129.05338,35.13083],[129.05379,35.13131]],[[129.05347,35.15049],[129.05352,35.15045]],[[129.05361,35.15198],[129.05358,35.152]],[[129.05364,35.15026],[129.05342,35.15046],[129.05384,35.14996]],[[129.05372,35.15198],[129.05364,35.15204]],[[129.05366,35.13213],[129.0541,35.13243]],[[129.05517,35.14864],[129.05445,35.15128],[129.05431,35.1515],[129.05371,35.15209]],[[129.06355,37.48693],[129.0624,37.48676],[129.06175,37.48649],[129.05714,37.48334],[129.05377,37.48094]],[[129.05431,35.1515],[129.05377,35.15213]],[[129.05378,35.13143],[129.05422,35.13205]],[[129.05378,35.13189],[129.0543,35.13244]],[[129.05463,35.1507],[129.0543,35.15132],[129.05384,35.15175]],[[129.05443,35.16172],[129.0539,35.16157]],[[129.054,35.15219],[129.05394,35.15225]],[[129.05469,35.14925],[129.05396,35.14995]],[[129.05458,35.15111],[129.05427,35.15178],[129.05397,35.15213]],[[129.05397,35.14984],[129.05503,35.14878]],[[129.05407,35.15223],[129.054,35.1523]],[[129.05401,35.14998],[129.05457,35.14941],[129.05527,35.14833]],[[129.05459,35.15089],[129.05443,35.15122],[129.05405,35.15167]],[[129.0549,35.1491],[129.05411,35.14995]],[[129.05462,35.14896],[129.05412,35.14935]],[[129.05446,35.15137],[129.05418,35.15178]],[[129.05477,35.15008],[129.05451,35.15053],[129.05418,35.15084]],[[129.05452,35.15134],[129.05423,35.15198]],[[129.05542,35.14827],[129.05521,35.1487],[129.0544,35.1518],[129.05427,35.15201]],[[129.05442,35.13271],[129.05473,35.13293]],[[129.05725,35.14504],[129.0571,35.14571],[129.05677,35.14646],[129.05639,35.147],[129.05572,35.14775],[129.05531,35.14835],[129.05482,35.14964],[129.05446,35.15012]],[[129.05503,35.14885],[129.0548,35.1493],[129.05448,35.14967]],[[129.05493,35.14952],[129.05451,35.15015]],[[129.05485,35.1497],[129.05456,35.15019]],[[129.05515,35.14858],[129.05484,35.14948],[129.05459,35.14979]],[[129.05696,35.16308],[129.05581,35.1624],[129.05471,35.1619]],[[129.05722,35.14527],[129.05708,35.14592],[129.05673,35.14659],[129.05542,35.14827],[129.05494,35.14992]],[[129.05494,35.13311],[129.05535,35.13341]],[[129.05532,35.13343],[129.05497,35.13307]],[[129.05583,35.14769],[129.0554,35.14846],[129.05511,35.15008]],[[129.0553,35.1486],[129.05512,35.1496]],[[129.05513,35.13297],[129.05632,35.13405],[129.05687,35.13488],[129.05721,35.13583]],[[129.05514,35.16208],[129.05566,35.16228]],[[129.05537,35.14858],[129.0553,35.14943],[129.05517,35.15008]],[[129.05525,35.16205],[129.05573,35.16223]],[[129.05528,35.16201],[129.05571,35.16226]],[[129.05625,35.16238],[129.05557,35.1621]],[[129.05557,35.1621],[129.05632,35.16246]],[[129.05632,35.16255],[129.0558,35.16235]],[[129.05629,35.1626],[129.05583,35.16232]],[[129.05584,37.48226],[129.06244,37.48662],[129.06405,37.48708],[129.06483,37.4874]],[[129.05625,35.16238],[129.05803,35.16288],[129.05945,35.16353]],[[129.05625,35.16238],[129.05688,35.16265],[129.05821,35.16304],[129.0594,35.1636]],[[129.05648,35.16263],[129.05728,35.16297]],[[129.05733,35.16326],[129.05653,35.16274]],[[129.05655,35.16257],[129.05713,35.16278]],[[129.05942,35.16356],[129.05824,35.163],[129.05659,35.16251]],[[129.05682,37.48291],[129.05828,37.48359],[129.0621,37.48617],[129.06429,37.48717]],[[129.05683,35.16284],[129.05782,35.16357],[129.06095,35.16509],[129.06213,35.16553]],[[129.05922,35.16373],[129.0581,35.16321],[129.0571,35.16284]],[[129.05711,35.1632],[129.05779,35.16361],[129.06093,35.16512],[129.0625,35.16571]],[[129.05713,35.16278],[129.05849,35.16322],[129.06026,35.16407],[129.06115,35.16467]],[[129.05713,35.16278],[129.05791,35.16307],[129.05924,35.16371]],[[129.06217,35.16533],[129.06069,35.16474],[129.05715,35.16304]],[[129.05719,35.14638],[129.05727,35.14572]],[[129.06127,35.16507],[129.05732,35.16315]],[[129.05746,35.13953],[129.05741,35.14003]],[[129.05741,35.16303],[129.05791,35.16323]],[[129.06254,35.16583],[129.06051,35.1651],[129.05809,35.16388]],[[129.05841,37.04805],[129.05898,37.0471],[129.06051,37.04525],[129.06073,37.04506]],[[129.05861,37.04794],[129.05893,37.0474],[129.06199,37.04366]],[[129.0587,37.04777],[129.05896,37.04728],[129.06072,37.0451],[129.06112,37.0447]],[[129.05872,37.04786],[129.05951,37.04699],[129.06127,37.04484],[129.06155,37.04442]],[[129.05874,37.04735],[129.06033,37.04522],[129.06071,37.04492],[129.06152,37.04407],[129.06202,37.04342]],[[129.05881,37.04751],[129.05908,37.04705],[129.06055,37.04525],[129.06093,37.04489]],[[129.0625,35.16587],[129.06049,35.16514],[129.05885,35.16429]],[[129.05886,37.04774],[129.05917,37.04747],[129.0607,37.04561],[129.06092,37.04526]],[[129.06173,35.16564],[129.06039,35.16515],[129.05916,35.16447]],[[129.06206,37.04348],[129.06119,37.04451],[129.06029,37.04542],[129.05934,37.04666]],[[129.05963,37.04614],[129.0601,37.04565]],[[129.06014,37.04562],[129.06051,37.04525]],[[129.06156,37.2694],[129.0614,37.26818],[129.06069,37.26443],[129.06052,37.26384],[129.0602,37.26317]],[[129.06029,37.04542],[129.06067,37.04495]],[[129.0608,35.16466],[129.06038,35.16442]],[[129.06127,37.26832],[129.0611,37.26777],[129.06057,37.26516]],[[129.06077,37.26483],[129.06093,37.26543],[129.06145,37.26816],[129.0615,37.26891]],[[129.06136,37.26859],[129.06121,37.26811],[129.0609,37.26638],[129.06083,37.26568]],[[129.06381,35.16623],[129.06089,35.16489]],[[129.06094,37.2669],[129.0609,37.26638]],[[129.06107,37.04509],[129.06137,37.04458]],[[129.06107,35.1648],[129.0617,35.16506]],[[129.06109,35.16476],[129.06164,35.16507]],[[129.06168,35.16549],[129.06116,35.16534]],[[129.06206,35.16562],[129.06124,35.16525]],[[129.06378,35.16627],[129.06127,35.16507]],[[129.06169,35.16532],[129.06127,35.16507]],[[129.06153,37.26958],[129.06144,37.26893]],[[129.06979,35.18333],[129.06921,35.18221],[129.06861,35.18066],[129.06828,35.17932]],[[129.06832,35.17931],[129.06877,35.18023],[129.06941,35.18191],[129.06983,35.18333]],[[129.07151,37.3038],[129.07191,37.30435],[129.07275,37.30594],[129.07328,37.30713],[129.07349,37.30783]],[[129.07221,37.30107],[129.07149,37.30226],[129.07136,37.30262],[129.07135,37.30329],[129.07151,37.3038],[129.07275,37.30621],[129.07381,37.30858]],[[129.08199,35.10832],[129.08246,35.10818],[129.08334,35.1081],[129.08872,35.10848],[129.08974,35.1087]],[[129.08255,35.10816],[129.08301,35.10805],[129.08361,35.10805],[129.08868,35.10841],[129.08945,35.10858]],[[129.08282,35.1085],[129.084,35.10846],[129.0876,35.10871],[129.08987,35.10889],[129.09108,35.1091]],[[129.0835,35.10847],[129.09012,35.10894]],[[129.09334,35.19669],[129.09217,35.19689],[129.09038,35.19732],[129.089,35.19775]],[[129.08902,35.19779],[129.09047,35.19753],[129.0923,35.19709],[129.09335,35.19673]],[[129.09313,35.27688],[129.09377,35.27821],[129.09536,35.28023]],[[129.09753,35.28581],[129.09723,35.28515],[129.09662,35.28433],[129.09626,35.28346],[129.09556,35.28252],[129.095,35.28158],[129.0937,35.27863],[129.09317,35.27718]],[[129.09764,35.28577],[129.09664,35.28403],[129.09519,35.28057],[129.09397,35.27915],[129.09341,35.27783],[129.09318,35.27705]],[[129.0936,35.27839],[129.09378,35.27874]],[[129.09375,35.27875],[129.09363,35.27837]],[[129.09433,35.28133],[129.09405,35.28041],[129.09388,35.27918],[129.09376,35.27877]],[[129.09735,35.28723],[129.09597,35.28382],[129.09509,35.28205],[129.09385,35.27899]],[[129.09539,35.28409],[129.09517,35.28248],[129.09404,35.2797],[129.09388,35.27918]],[[129.09575,35.28275],[129.09506,35.28157],[129.09423,35.27965],[129.09394,35.27916]],[[129.0941,35.2794],[129.09448,35.28002],[129.09523,35.28176],[129.09576,35.28267],[129.09613,35.28311],[129.0952,35.28077],[129.09471,35.28009]],[[129.09626,35.28346],[129.09515,35.28078],[129.09415,35.27938]],[[129.09529,35.28182],[129.0946,35.28013],[129.09427,35.27964]],[[129.0956,35.28236],[129.0946,35.28013]],[[129.09587,35.28271],[129.09497,35.28063],[129.09463,35.28012]],[[129.096,35.28283],[129.09573,35.28233],[129.09502,35.28062],[129.09477,35.28028]],[[129.09509,35.28226],[129.09484,35.28164]],[[129.09709,35.28593],[129.09682,35.28526],[129.09654,35.28419],[129.09633,35.28374],[129.09538,35.28242],[129.09506,35.28168]],[[129.09512,35.28387],[129.09686,35.28821]],[[129.09682,35.28822],[129.09516,35.2842]],[[129.09682,35.28526],[129.09625,35.2839],[129.09538,35.28242]],[[129.0976,35.28775],[129.09638,35.28467],[129.09566,35.28315]],[[129.09764,35.28773],[129.09642,35.28465],[129.09586,35.28347]],[[129.09769,35.28772],[129.0969,35.28585],[129.09647,35.28464],[129.09605,35.2838]],[[129.09606,35.28296],[129.09575,35.28256],[129.09526,35.28151],[129.09493,35.28065],[129.09444,35.27978],[129.09517,35.28059],[129.09623,35.28318]],[[129.09638,35.28373],[129.09612,35.28278]],[[129.09709,35.28431],[129.09652,35.28357],[129.09619,35.28292]],[[129.09619,35.28406],[129.09651,35.28464],[129.09694,35.28584],[129.09772,35.28771]],[[129.09714,35.28582],[129.09683,35.28484]],[[129.09688,35.28505],[129.09662,35.28433],[129.09676,35.28463],[129.09718,35.28517],[129.09747,35.28582]],[[129.09741,35.28584],[129.09691,35.28482]],[[129.09718,35.28427],[129.09632,35.28316],[129.09723,35.28424]],[[129.09769,35.28576],[129.09719,35.28496]],[[129.09724,35.2858],[129.09676,35.28463],[129.09735,35.28585]],[[129.10864,37.54448],[129.10832,37.54478],[129.10806,37.54531]],[[129.10814,37.54531],[129.10826,37.54496],[129.10848,37.54462]],[[129.10818,37.54498],[129.10844,37.54437],[129.10912,37.54325]],[[129.11011,37.54465],[129.11017,37.54376],[129.11028,37.54346],[129.11103,37.54254],[129.11342,37.53757],[129.11355,37.53715],[129.11312,37.53775],[129.11177,37.54062],[129.11159,37.5413]],[[129.11047,37.54373],[129.11062,37.54308],[129.11103,37.54254],[129.1115,37.54173],[129.11327,37.53801],[129.11342,37.53757]],[[129.11055,37.54372],[129.11064,37.54313],[129.1108,37.54283]],[[129.11368,37.4161],[129.11387,37.4143],[129.11372,37.41371],[129.11356,37.4134],[129.11315,37.4129],[129.11259,37.41251],[129.11226,37.41235],[129.11092,37.41203]],[[129.11098,37.54261],[129.11074,37.54304],[129.11062,37.5434],[129.11058,37.54383],[129.11105,37.54623],[129.11119,37.54732]],[[129.11322,37.5376],[129.11294,37.53799],[129.11175,37.54053],[129.11153,37.5414]],[[129.11345,37.53737],[129.11317,37.53777],[129.11189,37.5405],[129.11169,37.54113]],[[129.11276,37.44366],[129.11178,37.44408]],[[129.11232,37.44387],[129.11431,37.44293]],[[129.1136,37.41679],[129.11368,37.4161]],[[129.11368,37.4161],[129.11366,37.41672]],[[129.11431,37.44293],[129.11771,37.44124]],[[129.11771,37.44124],[129.11708,37.44162],[129.11497,37.44267],[129.11431,37.44293]],[[129.11771,37.44124],[129.1184,37.44084]],[[129.12223,35.18227],[129.12266,35.1818]],[[129.1263,35.17721],[129.125,35.17853],[129.12346,35.18048],[129.1227,35.18168]],[[129.12274,35.1817],[129.12392,35.18051],[129.12563,35.17837],[129.12606,35.17762]],[[129.12298,35.18129],[129.1236,35.18036],[129.12497,35.17864],[129.12597,35.17758]],[[129.12634,35.17723],[129.12537,35.17864],[129.12388,35.18049],[129.12307,35.18135]],[[129.12676,35.17664],[129.12649,35.17704]],[[129.12791,35.82955],[129.12734,35.82893]],[[129.12776,35.82928],[129.12826,35.82998]],[[129.12834,35.83008],[129.12889,35.83085]],[[129.14725,35.79368],[129.14616,35.79422],[129.14326,35.7959],[129.14113,35.79695],[129.13703,35.79929],[129.13286,35.80176],[129.13053,35.8033]],[[129.13055,35.80334],[129.13137,35.80295],[129.1341,35.80123]],[[129.1341,35.80123],[129.13972,35.79791],[129.14353,35.79589]],[[129.1341,35.80123],[129.13612,35.80025],[129.138,35.79923],[129.14358,35.79604]],[[129.1437,35.79552],[129.14061,35.79708],[129.13508,35.8003],[129.13417,35.80076]],[[129.13592,35.80035],[129.13487,35.801]],[[129.13538,35.83851],[129.13568,35.83877]],[[129.13736,35.54184],[129.13747,35.54537],[129.13798,35.55251],[129.13826,35.55808],[129.13845,35.55994]],[[129.13759,35.54765],[129.13737,35.5491],[129.13745,35.55056]],[[129.13751,35.55056],[129.13745,35.54878]],[[129.13747,35.54842],[129.13745,35.54878],[129.1377,35.55232]],[[129.13853,35.56017],[129.13825,35.55411],[129.13791,35.54872],[129.13752,35.54387]],[[129.13759,35.54706],[129.13756,35.54872],[129.13778,35.55223],[129.13803,35.55352]],[[129.14205,35.79687],[129.14255,35.79652],[129.14433,35.79552],[129.14728,35.79372]],[[129.15254,37.48282],[129.152,37.48323],[129.14862,37.48623]],[[129.14866,37.48625],[129.15254,37.48282],[129.15294,37.48253]],[[129.14883,37.48605],[129.14928,37.48571]],[[129.14891,37.48603],[129.14967,37.48545],[129.15151,37.48381],[129.15535,37.48031]],[[129.14926,37.48596],[129.15364,37.48203],[129.15509,37.48048]],[[129.15091,37.48449],[129.15151,37.48381]],[[129.17126,35.23725],[129.17084,35.23694]],[[129.17311,35.238],[129.1725,35.23781]],[[129.17426,35.1825],[129.17742,35.18178],[129.17975,35.18093]],[[129.17473,35.18226],[129.17422,35.18244],[129.17473,35.18226]],[[129.17974,35.18087],[129.17635,35.18169],[129.17473,35.18226]],[[129.17552,35.23975],[129.17593,35.24012]],[[129.18053,35.17152],[129.17592,35.16945]],[[129.176,35.2402],[129.17675,35.24088],[129.17688,35.24117]],[[129.17663,35.24101],[129.17727,35.24175]],[[129.17669,35.24097],[129.17705,35.24137]],[[129.1767,35.24109],[129.17702,35.24133]],[[129.1769,35.24108],[129.17752,35.2418]],[[129.17705,35.24137],[129.1789,35.24346]],[[129.17722,35.2417],[129.17705,35.24137]],[[129.17708,35.2412],[129.17771,35.24191]],[[129.17721,35.24157],[129.17803,35.24214],[129.17956,35.24383]],[[129.17727,35.24175],[129.17876,35.24347]],[[129.17727,35.24175],[129.17805,35.24336]],[[129.17728,35.24136],[129.17803,35.24214]],[[129.17734,35.24172],[129.17791,35.24211],[129.17954,35.24388]],[[129.17754,35.24206],[129.17774,35.24267],[129.17866,35.24368]],[[129.17761,35.24202],[129.17791,35.24221],[129.17945,35.24393]],[[129.17763,35.24225],[129.17874,35.24352]],[[129.17763,35.24249],[129.17773,35.24299]],[[129.17768,35.24272],[129.17779,35.24297]],[[129.17771,35.24248],[129.17868,35.24354]],[[129.17784,35.24262],[129.17778,35.24246]],[[129.17791,35.24211],[129.1778,35.24196]],[[129.17782,35.24226],[129.17941,35.24397]],[[129.17786,35.24293],[129.17809,35.24312]],[[129.17799,35.24323],[129.17862,35.24371]],[[129.17802,35.88138],[129.17925,35.88257],[129.18185,35.88539],[129.18281,35.88656]],[[129.17805,35.24336],[129.17846,35.24381]],[[129.17805,35.24336],[129.1782,35.24372],[129.17835,35.24388]],[[129.18344,35.88742],[129.1824,35.88648],[129.18012,35.88412],[129.17809,35.88171]],[[129.17812,35.24353],[129.17841,35.24384]],[[129.17872,35.88227],[129.17959,35.88296]],[[129.18308,35.88692],[129.18176,35.88536],[129.18027,35.8838],[129.17964,35.88301]],[[129.18378,35.88765],[129.18308,35.88692],[129.1823,35.88582],[129.17977,35.88316]],[[129.1969,35.17069],[129.19682,35.17051],[129.19671,35.16974]],[[129.20042,35.1816],[129.19844,35.17866]],[[129.19865,35.179],[129.19918,35.17986]],[[129.19959,35.18017],[129.19996,35.18063],[129.2001,35.18092]],[[129.20058,35.18534],[129.20148,35.18709],[129.20389,35.19077]],[[129.20062,35.18532],[129.2018,35.18699],[129.20294,35.18881],[129.20392,35.19076]],[[129.20085,35.18586],[129.20145,35.18712],[129.20301,35.18959],[129.20344,35.19013]],[[129.20323,35.18987],[129.20296,35.18962],[129.20139,35.18712],[129.20109,35.18637]],[[129.20125,35.18624],[129.20183,35.18695],[129.20295,35.18872],[129.20354,35.19]],[[129.20139,35.18712],[129.20165,35.18764],[129.2029,35.18963],[129.20311,35.18976]],[[129.20151,35.18655],[129.20187,35.18692],[129.20299,35.18871],[129.20332,35.18951]],[[129.20319,35.1892],[129.20303,35.18868],[129.20192,35.18691],[129.20165,35.18669]],[[129.21878,35.24246],[129.2187,35.24289],[129.21872,35.24419],[129.21886,35.2473],[129.21914,35.24912],[129.21932,35.24999],[129.21947,35.2504]],[[129.21885,35.24247],[129.21893,35.2429],[129.21903,35.24489],[129.219,35.24648],[129.21904,35.24732],[129.21952,35.2504]],[[129.2325,35.26572],[129.23273,35.26629]],[[129.23255,35.26572],[129.23268,35.26631]],[[129.23272,35.26644],[129.23301,35.26785],[129.23352,35.26955],[129.23397,35.27072]],[[129.23402,35.27072],[129.23377,35.26943],[129.23346,35.26835],[129.23277,35.26644]]]}},{"type":"Feature","properties":{"g":"kr"},"geometry":{"type":"MultiLineString","coordinates":[[[129.23281,35.26687],[129.23295,35.26784],[129.23352,35.2697],[129.23382,35.27031]],[[129.23401,35.27086],[129.23422,35.27142]],[[129.27409,35.32566],[129.27365,35.32531]],[[129.27436,35.32601],[129.2756,35.32738],[129.27729,35.32893],[129.27832,35.32977]],[[129.27442,35.32602],[129.27741,35.32865],[129.27827,35.32964]],[[129.27504,36.00236],[129.27601,36.00229],[129.28339,36.00216]],[[129.27569,36.00239],[129.28201,36.0023],[129.28316,36.0022]],[[129.28218,36.00215],[129.28148,36.00212],[129.27601,36.00229]],[[129.27995,35.33117],[129.28037,35.33162]],[[129.28454,35.41578],[129.28349,35.41729],[129.28255,35.41878],[129.28152,35.42057],[129.28061,35.42236]],[[129.28458,35.4158],[129.28365,35.41763],[129.28174,35.42083],[129.28064,35.4224]],[[129.28432,35.41628],[129.28396,35.41719],[129.28171,35.42099],[129.28081,35.42215]],[[129.28081,35.42201],[129.2811,35.42165]],[[129.28133,35.42151],[129.28085,35.4222]],[[129.28406,35.41698],[129.2838,35.41759],[129.28187,35.42083],[129.28144,35.42138]],[[129.28166,35.42113],[129.28208,35.42061],[129.28372,35.41787],[129.28395,35.41727]],[[129.28565,35.41416],[129.28412,35.41682]],[[129.28494,35.4151],[129.28467,35.41566]],[[129.28509,36.00211],[129.28601,36.00218]],[[129.28695,35.45404],[129.28672,35.45358]],[[129.28692,35.4541],[129.28677,35.45358]],[[129.28716,35.45457],[129.28732,35.45548],[129.28808,35.45768]],[[129.28884,35.45911],[129.2885,35.45792],[129.28798,35.45654],[129.28779,35.45584],[129.28719,35.45454]],[[129.28808,35.45768],[129.28874,35.45896]],[[129.29888,35.47875],[129.29753,35.47348],[129.29619,35.46947],[129.29551,35.46802],[129.2949,35.46715],[129.2939,35.46622],[129.29154,35.46452],[129.29058,35.4636],[129.28999,35.46274],[129.28976,35.46223],[129.28845,35.45858],[129.28808,35.45768]],[[129.28874,35.45834],[129.28899,35.45902]],[[129.28915,35.45996],[129.28894,35.45952]],[[129.28913,35.46001],[129.28898,35.4595]],[[129.29012,35.46206],[129.29068,35.46297],[129.29128,35.46374],[129.29196,35.46442],[129.29511,35.46689],[129.29568,35.46765],[129.29591,35.46807],[129.29618,35.46916],[129.29656,35.47029],[129.29692,35.47097],[129.29767,35.47206],[129.29789,35.4727],[129.29814,35.4744],[129.29875,35.47687]],[[129.29621,35.46926],[129.29635,35.46999]],[[129.29628,35.46863],[129.29674,35.47007],[129.29711,35.47096],[129.29779,35.47199],[129.29876,35.47378],[129.3002,35.47567],[129.30102,35.47797]],[[129.29629,35.46957],[129.29642,35.47009],[129.29728,35.47214],[129.29769,35.47352],[129.29784,35.47454]],[[129.29633,35.47213],[129.29625,35.47303],[129.29702,35.47509]],[[129.29635,35.4719],[129.29633,35.47307],[129.29672,35.47408],[129.29685,35.47458]],[[129.29655,35.4704],[129.29642,35.47019]],[[129.29648,35.4714],[129.29622,35.47233],[129.29616,35.47319],[129.29671,35.47448],[129.29697,35.47491]],[[129.29651,35.4705],[129.29662,35.4716],[129.29716,35.4734],[129.29789,35.47512],[129.29815,35.47677],[129.29875,35.47878]],[[129.29652,35.471],[129.29659,35.47192],[129.29677,35.47264],[129.29715,35.47378],[129.29761,35.47453]],[[129.29653,35.47081],[129.29643,35.4719],[129.29644,35.4723],[129.29659,35.47312],[129.29726,35.47452],[129.29755,35.47539],[129.29856,35.47924]],[[129.29657,35.47114],[129.2971,35.47315],[129.29747,35.47408]],[[129.29659,35.47129],[129.29663,35.47188],[129.29689,35.47297],[129.29725,35.47389],[129.29778,35.47487]],[[129.29754,35.47363],[129.2966,35.47081]],[[129.29666,35.47107],[129.29674,35.4716],[129.29698,35.47222],[129.29713,35.47286],[129.29766,35.47404]],[[129.29667,35.47073],[129.29732,35.47169],[129.29752,35.47222],[129.29789,35.47349],[129.29786,35.47424]],[[129.29667,35.47158],[129.29737,35.47379]],[[129.29671,35.47139],[129.29699,35.47206],[129.29746,35.47364]],[[129.29672,35.4711],[129.29709,35.47174],[129.29768,35.47371]],[[129.29687,35.4712],[129.29708,35.47146],[129.29736,35.47203],[129.29783,35.47357],[129.29783,35.47467]],[[129.29692,35.47385],[129.29751,35.47581],[129.29789,35.47676]],[[129.29694,35.4715],[129.29768,35.47371],[129.29779,35.47449]],[[129.29702,35.47149],[129.29711,35.47159],[129.29733,35.47214],[129.29777,35.47362],[129.29779,35.47404]],[[129.29767,35.47206],[129.29745,35.47149]],[[129.29946,35.47717],[129.29836,35.47343],[129.29784,35.47255]],[[129.29789,35.47512],[129.29799,35.47534]],[[129.29795,35.4734],[129.2979,35.47393]],[[129.29794,35.47536],[129.29794,35.47511]],[[129.29794,35.473],[129.29793,35.47487],[129.29816,35.47595]],[[129.29881,35.47877],[129.298,35.47575],[129.29794,35.47632],[129.29797,35.47708]],[[129.29819,35.47586],[129.29801,35.47486],[129.29803,35.47351]],[[129.29808,35.47575],[129.2983,35.47631],[129.29851,35.47663],[129.29872,35.4772],[129.29911,35.47868]],[[129.29951,35.47716],[129.29846,35.47354],[129.2981,35.47296]],[[129.29903,35.47872],[129.29862,35.47713],[129.29819,35.4762]],[[129.29896,35.47874],[129.29837,35.47657]],[[129.30606,35.49961],[129.30479,35.4975],[129.30259,35.49342],[129.30174,35.49159]],[[129.30178,35.49158],[129.30283,35.49318],[129.30542,35.49808],[129.3062,35.49972]],[[129.30237,35.49246],[129.30287,35.49315],[129.30546,35.49806],[129.30571,35.49872]],[[129.30629,35.49989],[129.30652,35.50045]],[[129.31647,35.47631],[129.31743,35.47631]],[[129.31681,35.47635],[129.31743,35.47631]],[[129.31743,35.47631],[129.32519,35.47626]],[[129.31778,35.47631],[129.32307,35.47622],[129.32546,35.47628]],[[129.32398,35.47623],[129.32333,35.47618],[129.31858,35.47622],[129.31813,35.47628]],[[129.326,35.70575],[129.31964,35.70853],[129.3187,35.70899]],[[129.31872,35.70902],[129.31983,35.70858],[129.32602,35.70578]],[[129.3248,35.47629],[129.3256,35.47632]],[[129.34082,36.06813],[129.33965,36.06642],[129.33829,36.06405],[129.33783,36.06366]],[[129.3386,36.06403],[129.3401,36.06663],[129.34103,36.06805],[129.34312,36.07159],[129.34363,36.07257],[129.34383,36.0732],[129.34434,36.07415]],[[129.33918,36.06596],[129.3395,36.06636]],[[129.33926,36.06593],[129.33954,36.06641],[129.3399,36.0668]],[[129.33994,36.06686],[129.34045,36.06789],[129.341,36.06879]],[[129.34028,36.06683],[129.34061,36.06712],[129.3435,36.07191],[129.34354,36.0721]],[[129.34339,36.07341],[129.34119,36.06965],[129.34045,36.06789]],[[129.34365,36.07265],[129.34354,36.0721],[129.34055,36.06713]],[[129.34077,36.06845],[129.34359,36.07337]],[[129.3429,36.07221],[129.34364,36.07303],[129.34304,36.07223],[129.341,36.06879],[129.34079,36.06833]],[[129.34352,36.07338],[129.34134,36.0696],[129.34087,36.0689]],[[129.34365,36.07265],[129.34348,36.07215],[129.34229,36.07009],[129.34107,36.06803],[129.3401,36.06663],[129.34055,36.06713],[129.34292,36.07109],[129.34352,36.07211],[129.34365,36.07265]],[[129.34487,36.07484],[129.34434,36.07391],[129.34417,36.07373]],[[129.34955,35.44155],[129.3504,35.44004],[129.35084,35.43938]],[[129.34957,35.44113],[129.3504,35.44004]],[[129.35007,35.44063],[129.34957,35.44128]],[[129.3496,35.44117],[129.35023,35.44034]],[[129.35066,35.4399],[129.3502,35.44068],[129.34988,35.44178]],[[129.34996,35.44178],[129.35033,35.44051],[129.35075,35.43973]],[[129.35002,35.4418],[129.35048,35.44035],[129.35067,35.43995]],[[129.35079,35.43962],[129.35007,35.44181]],[[129.35011,35.44182],[129.35076,35.43978]],[[129.35108,35.43867],[129.35091,35.43909],[129.35072,35.44001],[129.35018,35.44183]],[[129.35108,35.42038],[129.35084,35.42184],[129.35084,35.42512],[129.35077,35.42554],[129.35048,35.42634],[129.35048,35.42719]],[[129.35101,35.53275],[129.35073,35.53228]],[[129.35075,35.42631],[129.35087,35.42573]],[[129.35084,35.42512],[129.35091,35.42629],[129.351,35.42693]],[[129.351,35.4216],[129.35094,35.42198],[129.35094,35.42415],[129.35085,35.42488]],[[129.35091,35.43909],[129.35102,35.43851]],[[129.35093,35.42429],[129.35095,35.42663]],[[129.35099,35.42095],[129.35104,35.42021]],[[129.35104,35.42718],[129.35098,35.4233],[129.35103,35.42126]],[[129.35103,35.42066],[129.35104,35.42718],[129.3511,35.42787]],[[129.3511,35.42708],[129.35113,35.42169],[129.35108,35.42108]],[[129.35123,35.53366],[129.35163,35.5343]],[[129.35128,35.53366],[129.35158,35.53431]],[[129.35152,35.53369],[129.35169,35.53411]],[[129.35626,35.54297],[129.35524,35.54056],[129.35321,35.53676],[129.35171,35.53445]],[[129.35289,35.5371],[129.35262,35.53642],[129.35192,35.53513]],[[129.35199,35.5346],[129.35252,35.5356],[129.35298,35.53615],[129.35347,35.53692],[129.3555,35.54071]],[[129.35311,35.53682],[129.35208,35.53504]],[[129.35583,35.54218],[129.35511,35.54056],[129.35311,35.53682],[129.35208,35.53514]],[[129.35564,35.54089],[129.3553,35.54003],[129.35321,35.53621],[129.35268,35.53561],[129.35219,35.53492]],[[129.35226,35.53514],[129.35329,35.53653],[129.35518,35.54002],[129.35572,35.54128]],[[129.35273,35.53661],[129.35234,35.53575]],[[129.35235,35.53518],[129.35323,35.53613],[129.35391,35.53734],[129.3554,35.54016],[129.35556,35.54053],[129.35581,35.54167]],[[129.35585,35.54197],[129.35564,35.5413],[129.35529,35.54055],[129.3534,35.53701],[129.35247,35.53559]],[[129.35262,35.53642],[129.35252,35.53612]],[[129.35268,35.53544],[129.35326,35.53611],[129.3537,35.53684],[129.35559,35.54042]],[[129.35574,35.54159],[129.35555,35.54094],[129.35498,35.53984],[129.3533,35.53671],[129.35272,35.53592]],[[129.35273,35.53661],[129.35313,35.5375],[129.35515,35.54116],[129.35554,35.54201],[129.35603,35.54288]],[[129.35294,35.53724],[129.35309,35.5377],[129.35449,35.54029],[129.35491,35.54078],[129.35463,35.54042],[129.35349,35.53831],[129.35294,35.53724],[129.35273,35.53661]],[[129.35293,35.53685],[129.35275,35.53642]],[[129.3557,35.54188],[129.35544,35.54109],[129.35316,35.53679]],[[129.35564,35.54046],[129.35543,35.5397],[129.35442,35.5378],[129.35351,35.53656]],[[129.3557,35.54077],[129.35539,35.53992],[129.35399,35.53729],[129.3537,35.53684]],[[129.35381,35.53694],[129.35482,35.53831],[129.35539,35.53938],[129.35648,35.54071],[129.35743,35.54245]],[[129.35389,35.53713],[129.35419,35.53757],[129.35552,35.54009]],[[129.356,35.54234],[129.35581,35.54167],[129.35564,35.54046],[129.35542,35.53982],[129.3544,35.53787],[129.35409,35.5374]],[[129.35434,35.53767],[129.35468,35.53816],[129.35556,35.53984],[129.35573,35.54059],[129.35577,35.54118]],[[129.35514,35.54113],[129.35534,35.54137]],[[129.35528,35.5414],[129.3552,35.5411]],[[129.35678,35.54198],[129.35542,35.53954]],[[129.35692,35.54246],[129.35556,35.53984]],[[129.35562,35.54001],[129.35596,35.54137],[129.35621,35.54197],[129.35661,35.54266]],[[129.35608,35.54286],[129.3557,35.54203]],[[129.35633,35.54189],[129.35571,35.54025]],[[129.35618,35.54225],[129.35592,35.54151],[129.35573,35.54059]],[[129.35574,35.5402],[129.35696,35.54244]],[[129.35642,35.54233],[129.35581,35.54072]],[[129.35623,35.54221],[129.35585,35.54117]],[[129.3565,35.54353],[129.35615,35.54278],[129.35585,35.54231]],[[129.35665,35.54362],[129.35605,35.54247]],[[129.35652,35.54345],[129.35685,35.54415]],[[129.35704,35.5445],[129.35731,35.5449]],[[129.3661,35.4625],[129.36671,35.46281],[129.37219,35.4666]],[[129.36628,36.20048],[129.36645,36.2024],[129.36648,36.20344],[129.36648,36.20566],[129.36638,36.20718]],[[129.36637,36.20674],[129.36633,36.2077]],[[129.36634,36.20121],[129.36636,36.20023]],[[129.37277,35.46713],[129.37201,35.46647],[129.36635,35.46263]],[[129.36914,36.28685],[129.36915,36.28479],[129.36885,36.27875]],[[129.36908,36.28571],[129.36906,36.28687]],[[129.37097,35.99241],[129.37177,35.99271],[129.37271,35.99333],[129.37448,35.99497],[129.37486,35.99547]],[[129.37216,35.61685],[129.37199,35.61756],[129.37181,35.61947]],[[129.37199,35.61756],[129.372,35.61818],[129.37188,35.61947]],[[129.37207,35.61908],[129.3721,35.61747],[129.3724,35.6138],[129.37272,35.61183]],[[129.37277,35.61184],[129.37259,35.61556],[129.37242,35.6172],[129.37212,35.61909]],[[129.37255,35.46698],[129.36613,35.46266],[129.36556,35.46221],[129.36667,35.46287],[129.37242,35.46682]],[[129.37244,35.51172],[129.37344,35.51157],[129.37418,35.51157],[129.37476,35.51171],[129.37573,35.51246],[129.37608,35.5131]],[[129.37284,35.61103],[129.37274,35.61163]],[[129.37379,35.46783],[129.3737,35.46777]],[[129.37404,35.99449],[129.37513,35.9952],[129.37601,35.99591],[129.37872,35.99844],[129.37946,35.99924],[129.37995,35.99988],[129.38135,36.00136]],[[129.37444,35.99492],[129.37413,35.99458]],[[129.37452,35.99494],[129.37891,35.99923],[129.38013,36.0003],[129.37925,35.99965],[129.37515,35.99568]],[[129.37452,35.99484],[129.37606,35.99613],[129.37938,35.99929],[129.38055,36.00069]],[[129.37454,35.99504],[129.37872,35.99912],[129.3798,36.00006]],[[129.37925,35.99965],[129.37844,35.99897],[129.37577,35.99642],[129.37486,35.99547]],[[129.37486,35.99547],[129.37522,35.99614],[129.37626,35.99759],[129.37744,35.99872],[129.37845,35.99957],[129.37988,36.00034],[129.38063,36.00084]],[[129.37493,35.99559],[129.37571,35.99672],[129.37611,35.99715],[129.37851,35.99943],[129.37918,35.99995]],[[129.37738,35.99799],[129.37509,35.99582]],[[129.37717,35.5101],[129.37667,35.51023],[129.37583,35.51057]],[[129.3778,36.41278],[129.37724,36.41614]],[[129.37921,36.40551],[129.37733,36.41602]],[[129.37778,36.41316],[129.3778,36.41278]],[[129.3778,36.41278],[129.37789,36.41127],[129.37873,36.40666],[129.379,36.40585]],[[129.37784,36.41315],[129.37826,36.41158],[129.37872,36.40916],[129.37896,36.40753],[129.37899,36.40684]],[[129.37786,36.41218],[129.37823,36.40985],[129.37891,36.40647],[129.37867,36.40729],[129.37787,36.41184]],[[129.37807,36.01251],[129.37828,36.01278]],[[129.37842,36.40841],[129.37857,36.40794]],[[129.37847,36.4084],[129.37851,36.40794]],[[129.3789,35.99939],[129.37867,35.99923]],[[129.37886,36.0142],[129.37872,36.01397],[129.37971,36.01667]],[[129.37979,36.01664],[129.37906,36.01486]],[[129.37921,36.40551],[129.37924,36.40509]],[[129.37942,36.40443],[129.37921,36.40551]],[[129.38313,36.02193],[129.38336,36.02222]],[[129.38368,36.02268],[129.38343,36.02236]],[[129.38344,36.02215],[129.38328,36.02165],[129.38333,36.02134],[129.38351,36.02092]],[[129.38359,36.02092],[129.38337,36.02146],[129.38335,36.0218],[129.38353,36.02242]],[[129.38399,36.02331],[129.3844,36.02383],[129.38546,36.02571]],[[129.38423,36.02323],[129.38476,36.02343],[129.38547,36.02346]],[[129.38626,36.02343],[129.38547,36.02346],[129.38494,36.0234],[129.38427,36.02317]],[[129.38716,36.02784],[129.38577,36.02618]],[[129.40367,37.05139],[129.4037,37.05043],[129.40391,37.04909],[129.40412,37.04837]],[[129.40474,36.03671],[129.40533,36.03648]],[[126.43115,34.82029],[126.4398,34.82053],[126.43781,34.82038],[126.43269,34.82026],[126.43115,34.82029]],[[126.56065,35.97217],[126.56675,35.97309],[126.56857,35.9733],[126.5677,35.97308],[126.56131,35.97217],[126.56065,35.97217]],[[126.5841,36.34495],[126.58733,36.34025],[126.58891,36.33819],[126.58759,36.34035],[126.58557,36.34329],[126.5841,36.34495]],[[127.57288,34.87786],[127.57415,34.87711],[127.5774,34.87475],[127.57915,34.87318],[127.57734,34.87473],[127.57585,34.87584],[127.57288,34.87786]],[[128.22902,37.10626],[128.2294,37.10605],[128.2315,37.10528],[128.23124,37.10543],[128.22902,37.10626]]]}}]}