{"type":"FeatureCollection","features":[{"type":"Feature","properties":{"r":"gba","col":"#00888a","n":"港鐵機場快綫"},"geometry":{"type":"MultiLineString","coordinates":[[[113.94339,22.32225],[113.94,22.32151]],[[114.10494,22.35883],[114.10201,22.35912],[114.10058,22.35905],[114.09922,22.35881],[114.08567,22.35436],[114.06217,22.3478],[114.0606,22.34724],[114.05913,22.3465],[114.05044,22.34089],[114.04959,22.34047],[114.04855,22.34014],[114.04741,22.33992],[114.04125,22.33952],[114.0394,22.33898],[114.03436,22.3364],[114.03287,22.33547],[114.02922,22.33224],[114.02511,22.32781],[114.02399,22.32691],[114.02301,22.32632],[114.02128,22.32561],[114.01949,22.32522],[114.0179,22.32514],[114.01437,22.32533],[114.01304,22.32524],[114.01143,22.32494],[114.00908,22.32411],[114.00173,22.32081],[114.00026,22.31996],[113.99888,22.3188],[113.99797,22.31773],[113.99547,22.31433],[113.99437,22.31318],[113.99291,22.31204],[113.99084,22.31083],[113.97242,22.30046],[113.97159,22.30013],[113.96992,22.29968],[113.95987,22.29721],[113.95775,22.29641],[113.95597,22.29545],[113.95472,22.29456],[113.95212,22.29212],[113.95096,22.29124],[113.94961,22.29051],[113.94804,22.29],[113.94625,22.28979],[113.94467,22.28988],[113.94276,22.29038],[113.94122,22.29112],[113.93963,22.29233],[113.9382,22.29393],[113.93717,22.29569],[113.93652,22.29753],[113.93614,22.29976],[113.93611,22.30074],[113.9362,22.30174],[113.93653,22.30306],[113.93808,22.30732],[113.93831,22.30856],[113.93836,22.30982],[113.9381,22.31161],[113.93587,22.31777],[113.9358,22.31883],[113.93595,22.3194],[113.93624,22.31995],[113.93664,22.3204],[113.9371,22.32076],[113.93821,22.3212],[113.94,22.32151]],[[113.94,22.32151],[113.93797,22.32107],[113.93713,22.32071],[113.93668,22.32037],[113.93628,22.3199],[113.93601,22.31938],[113.93586,22.31883],[113.93592,22.31778],[113.93801,22.31209],[113.93829,22.31091],[113.93841,22.30978],[113.93838,22.30866],[113.93816,22.30742],[113.93655,22.30297],[113.93625,22.30179],[113.93617,22.30002],[113.93652,22.29773],[113.93711,22.29595],[113.93805,22.29423],[113.93933,22.29268],[113.94079,22.29146],[113.94156,22.29098],[113.94266,22.29047],[113.9442,22.29002],[113.94521,22.28987],[113.94625,22.28985],[113.94802,22.29007],[113.94958,22.29056],[113.95094,22.29129],[113.95209,22.29215],[113.9547,22.2946],[113.95644,22.29579],[113.95773,22.29646],[113.95985,22.29726],[113.97003,22.29975],[113.9718,22.30028],[113.97308,22.30087],[113.98646,22.30836],[113.99262,22.31192],[113.99369,22.31267],[113.99463,22.31349],[113.99541,22.31432],[113.99817,22.31804],[113.99907,22.31905],[114.00023,22.31998],[114.00172,22.32084],[114.00907,22.32414],[114.01135,22.32496],[114.01273,22.32523],[114.01438,22.32537],[114.01775,22.32518],[114.01949,22.32526],[114.02127,22.32565],[114.02298,22.32635],[114.02423,22.32713],[114.02508,22.32784],[114.02901,22.33208],[114.03285,22.33549],[114.03463,22.33659],[114.03927,22.33903],[114.04064,22.33951],[114.04176,22.33973],[114.04739,22.34005],[114.04852,22.34023],[114.04955,22.34055],[114.05072,22.34112],[114.0591,22.34653],[114.06058,22.34728],[114.06216,22.34784],[114.08316,22.35366],[114.09957,22.35905],[114.10102,22.3592],[114.10494,22.35883]],[[114.10494,22.35883],[114.10939,22.35789],[114.1165,22.35531],[114.11724,22.35497],[114.12288,22.35177],[114.12424,22.3506],[114.12562,22.34888],[114.12901,22.34397],[114.13074,22.341],[114.13266,22.33737],[114.13352,22.33629],[114.13435,22.33554],[114.1355,22.33469],[114.13676,22.33403],[114.14835,22.32954],[114.15084,22.32828],[114.1529,22.32687],[114.15476,22.32532],[114.15659,22.32334],[114.15839,22.32111],[114.15924,22.3199],[114.1598,22.31889],[114.16243,22.31274],[114.16296,22.31065],[114.16303,22.30905],[114.16265,22.30718],[114.16042,22.3023],[114.15911,22.30054],[114.15701,22.29817],[114.15626,22.29718],[114.15504,22.29516],[114.15437,22.29373],[114.15418,22.29257],[114.15436,22.2907],[114.15503,22.28846],[114.15586,22.28687]],[[114.1558,22.28681],[114.15496,22.28843],[114.15441,22.29009],[114.15417,22.29127],[114.1541,22.29257],[114.15429,22.29374],[114.15496,22.29518],[114.15618,22.29722],[114.15694,22.29822],[114.15943,22.30107],[114.16029,22.30231],[114.16241,22.30679],[114.16271,22.30761],[114.16294,22.3087],[114.16299,22.30937],[114.1629,22.31065],[114.16251,22.31233],[114.15975,22.31886],[114.15926,22.31975],[114.15811,22.32139],[114.15542,22.32457],[114.15367,22.32621],[114.15136,22.32789],[114.15029,22.32854],[114.14833,22.3295],[114.13674,22.33398],[114.13547,22.33465],[114.13402,22.33574],[114.13311,22.33667],[114.13233,22.33778],[114.1299,22.3423],[114.12868,22.34436],[114.12591,22.34832]]]}},{"type":"Feature","properties":{"r":"gba","col":"#7d499d","n":"港鐵將軍澳綫"},"geometry":{"type":"MultiLineString","coordinates":[[[114.19518,22.28621],[114.19706,22.28873]],[[114.19712,22.28869],[114.19525,22.28616]],[[114.19735,22.28896],[114.19706,22.28873]],[[114.19706,22.28873],[114.19783,22.28961],[114.19839,22.28995],[114.19905,22.29016],[114.20222,22.29079],[114.20292,22.2907],[114.20371,22.29033],[114.2042,22.28998],[114.2057,22.28856],[114.20647,22.2882],[114.20737,22.28813],[114.20973,22.28832],[114.2104,22.28847],[114.23139,22.29947],[114.23196,22.29974],[114.23305,22.30004],[114.23437,22.30003],[114.23519,22.29976],[114.2358,22.29938],[114.23628,22.29889],[114.23833,22.29619],[114.23898,22.29559],[114.23943,22.29534],[114.24011,22.29507],[114.24091,22.29495],[114.242,22.29494],[114.24304,22.29509],[114.24384,22.2954],[114.24469,22.29598],[114.24539,22.29677],[114.24706,22.29922],[114.24775,22.29998],[114.25352,22.30513],[114.25447,22.3056],[114.26192,22.3081],[114.26284,22.30868],[114.2635,22.30945]],[[114.19735,22.28896],[114.19712,22.28869]],[[114.19712,22.28869],[114.19727,22.28901]],[[114.26153,22.30778],[114.25452,22.30549],[114.2536,22.30502],[114.24767,22.29978],[114.24688,22.29879],[114.24563,22.29691],[114.24476,22.29591],[114.2442,22.2955],[114.24306,22.29505],[114.242,22.2949],[114.24091,22.2949],[114.2401,22.29505],[114.23942,22.29533],[114.23898,22.29558],[114.23832,22.29618],[114.23613,22.29905],[114.23564,22.29948],[114.23495,22.29983],[114.23437,22.29998],[114.23301,22.29995],[114.23202,22.2997],[114.2314,22.29943],[114.21034,22.28827],[114.20976,22.28814],[114.20738,22.28795],[114.2062,22.28811],[114.20537,22.28862],[114.20379,22.2901],[114.20298,22.29052],[114.2024,22.29063],[114.20173,22.29055],[114.19854,22.28983],[114.19795,22.28952],[114.19735,22.28896]],[[114.25686,22.32397],[114.25948,22.32054]],[[114.2635,22.30945],[114.26423,22.31046],[114.26503,22.3121],[114.26517,22.31341],[114.26502,22.31423],[114.26476,22.31484],[114.26434,22.31551],[114.26322,22.31694],[114.2606,22.31901],[114.25979,22.31999],[114.25948,22.32054]],[[114.25948,22.32054],[114.26064,22.31905],[114.26298,22.31727],[114.26353,22.31668],[114.2644,22.31555],[114.26481,22.31486],[114.2652,22.31368],[114.2652,22.31268],[114.26496,22.31177],[114.2635,22.30904],[114.26274,22.3083],[114.26222,22.30801],[114.26153,22.30778]],[[114.26743,22.29461],[114.2718,22.29805],[114.27219,22.29844],[114.27323,22.29994],[114.27365,22.30069],[114.27429,22.30273],[114.27434,22.30347],[114.27408,22.30441],[114.27081,22.30861],[114.27008,22.30919],[114.26884,22.30974],[114.26766,22.30996],[114.26713,22.30996],[114.26583,22.30973],[114.26481,22.30928],[114.26292,22.30819],[114.26153,22.30778]],[[114.2635,22.30945],[114.26408,22.30998],[114.2649,22.31052],[114.26612,22.31101],[114.26681,22.31114],[114.26764,22.31114],[114.26833,22.31103],[114.26918,22.31072],[114.26999,22.3102],[114.27063,22.30953],[114.2741,22.30506],[114.27448,22.30422],[114.27453,22.30271],[114.27435,22.30155],[114.27413,22.30109],[114.27231,22.29838],[114.27156,22.29762],[114.26751,22.29451]]]}},{"type":"Feature","properties":{"r":"bj","col":"#a12830","n":"北京地铁1号线"},"geometry":{"type":"MultiLineString","coordinates":[[[116.14215,39.94823],[116.14485,39.94781],[116.15206,39.94629],[116.1585,39.94511],[116.16023,39.94448],[116.16115,39.94389],[116.16174,39.94334],[116.16282,39.94194],[116.16578,39.93711],[116.16617,39.93605],[116.16733,39.93075],[116.16787,39.92968],[116.16976,39.92709],[116.17078,39.92597],[116.17969,39.91701],[116.17998,39.91656],[116.18029,39.91589],[116.18058,39.91485],[116.18066,39.90713],[116.18112,39.9065],[116.1819,39.90617],[116.30039,39.90619],[116.33022,39.90611],[116.35031,39.9058],[116.37663,39.90573],[116.38632,39.90597],[116.4039,39.90661],[116.42981,39.90716],[116.47487,39.90691],[116.48354,39.90781],[116.48614,39.90779],[116.49092,39.90754],[116.51456,39.90731]],[[116.51457,39.90735],[116.49173,39.90759],[116.48353,39.90786],[116.47487,39.90694],[116.42873,39.90721],[116.41298,39.90694],[116.37663,39.90577],[116.34542,39.90589],[116.33063,39.90617],[116.32492,39.9061],[116.31782,39.90619],[116.28958,39.90626],[116.18191,39.9062],[116.18115,39.90652],[116.1807,39.90714],[116.18061,39.91485],[116.18033,39.91591],[116.18002,39.91657],[116.17972,39.91704],[116.17081,39.92598],[116.16979,39.9271],[116.16794,39.92971],[116.16741,39.93076],[116.16621,39.93606],[116.16582,39.93712],[116.16293,39.94194],[116.16185,39.94334],[116.16099,39.94413],[116.1602,39.94461],[116.15909,39.94507],[116.14491,39.94792]],[[116.50649,39.90735],[116.50671,39.90735]],[[116.50732,39.90729],[116.51581,39.90714],[116.51699,39.90728],[116.52085,39.90803],[116.52352,39.90825],[116.54769,39.90799],[116.56315,39.90831],[116.56527,39.90842],[116.57146,39.9091],[116.57384,39.90919],[116.58292,39.90829],[116.60063,39.90783],[116.60217,39.90743],[116.6078,39.90507],[116.60953,39.90471],[116.61113,39.90474],[116.61409,39.90532],[116.61516,39.90543],[116.61908,39.90509],[116.62734,39.90498],[116.62826,39.90494],[116.62908,39.90476],[116.63013,39.90423],[116.63075,39.90366],[116.63688,39.89455],[116.63753,39.89374],[116.63813,39.89328],[116.63929,39.89271],[116.65484,39.88823],[116.65611,39.88776],[116.65733,39.88693],[116.67396,39.87337],[116.6751,39.87254],[116.6763,39.87191],[116.67764,39.87143],[116.68651,39.86908],[116.68766,39.8685],[116.68866,39.86763],[116.68903,39.86708],[116.69151,39.8617],[116.69174,39.86101],[116.69173,39.86056],[116.69128,39.8593],[116.68766,39.853],[116.68672,39.85094],[116.68609,39.85007],[116.68537,39.84938],[116.68459,39.84886],[116.68379,39.84848],[116.68223,39.84806],[116.68093,39.84793],[116.67352,39.84793]],[[116.50734,39.90733],[116.51581,39.90718],[116.51698,39.90731],[116.52084,39.90806],[116.52352,39.90828],[116.54766,39.90805],[116.56315,39.90835],[116.56526,39.90846],[116.57146,39.90914],[116.5737,39.90924],[116.57531,39.90914],[116.58301,39.90833],[116.60064,39.90786],[116.60218,39.90745],[116.60782,39.9051],[116.60953,39.90474],[116.61112,39.90476],[116.61408,39.90535],[116.61515,39.90546],[116.61908,39.90512],[116.62734,39.90501],[116.62828,39.90497],[116.62911,39.90478],[116.63015,39.90425],[116.63079,39.90368],[116.6371,39.89429],[116.63755,39.89377],[116.63814,39.89329],[116.6393,39.89273],[116.65486,39.88825],[116.65613,39.88778],[116.65735,39.88695],[116.674,39.87339],[116.67512,39.87257],[116.67632,39.87194],[116.67728,39.87157],[116.68665,39.86908],[116.68821,39.86823],[116.68914,39.86729],[116.69177,39.86173],[116.69196,39.86093],[116.69191,39.86042],[116.69143,39.85925],[116.68774,39.85279],[116.68595,39.85018],[116.68533,39.84952],[116.68466,39.84902],[116.68397,39.84865],[116.68326,39.84839],[116.68188,39.84812],[116.66812,39.84809]]]}},{"type":"Feature","properties":{"r":"bj","col":"#f9e700","n":"北京地铁13号线"},"geometry":{"type":"MultiLineString","coordinates":[[[116.32614,40.06951],[116.32157,40.06954],[116.31958,40.06969],[116.31357,40.06985],[116.31214,40.07021],[116.30995,40.0713],[116.30885,40.07167],[116.30766,40.07182],[116.30562,40.07171]],[[116.30759,40.0714],[116.30846,40.07138],[116.30956,40.07117],[116.31207,40.07011],[116.31354,40.06973],[116.31475,40.06964],[116.32027,40.06958],[116.32282,40.06933],[116.32571,40.06938]],[[116.4286,39.94163],[116.42825,39.94221],[116.42817,39.94257],[116.42815,39.94622],[116.42823,39.94698],[116.42858,39.94806],[116.42859,39.94846],[116.42841,39.94928],[116.42772,39.95126],[116.42754,39.95342],[116.42691,39.95519],[116.42587,39.96077],[116.42559,39.96844],[116.42578,39.96985],[116.42619,39.97076],[116.42741,39.97282],[116.44252,39.99555],[116.44374,39.99761],[116.44446,39.99927],[116.45206,40.02225],[116.45298,40.02531],[116.45324,40.02881],[116.45317,40.02951],[116.45288,40.03033],[116.45266,40.03066],[116.45145,40.03211],[116.45065,40.03268],[116.44989,40.03302],[116.44718,40.03368],[116.44602,40.03406],[116.43342,40.03939],[116.42895,40.04138],[116.42412,40.04333],[116.36566,40.06806],[116.36396,40.06858],[116.36242,40.06891],[116.36068,40.06909],[116.34857,40.06923],[116.34518,40.06953],[116.3421,40.06954],[116.34016,40.06932],[116.33908,40.0693],[116.335,40.06934],[116.33277,40.06953],[116.32683,40.06956],[116.32454,40.06942],[116.30608,40.06966],[116.3051,40.06979],[116.30303,40.07057],[116.30164,40.07087],[116.30046,40.07084],[116.29935,40.0706],[116.29817,40.07007],[116.29745,40.06964],[116.29693,40.0692],[116.29427,40.06611],[116.29383,40.06551],[116.29352,40.06484],[116.29344,40.06356],[116.29354,40.06308],[116.29405,40.06203],[116.29551,40.06031],[116.30195,40.04852],[116.30243,40.04779],[116.30377,40.04603],[116.30522,40.04441],[116.30746,40.04125],[116.30974,40.03838],[116.31029,40.03784],[116.31182,40.03596],[116.31268,40.03471],[116.3134,40.03339],[116.31517,40.02907],[116.31912,40.01887],[116.31975,40.01763],[116.32089,40.0164],[116.32923,40.00901],[116.33007,40.00803],[116.33053,40.00724],[116.33097,40.00593],[116.33117,40.00397],[116.33194,39.98588],[116.33312,39.97872],[116.33403,39.97419],[116.33424,39.9736],[116.33464,39.97297],[116.33774,39.96901],[116.3384,39.96785],[116.3388,39.96665],[116.33957,39.9616],[116.34006,39.95994],[116.34194,39.9562],[116.34536,39.94982],[116.34548,39.9493],[116.34549,39.94869],[116.34508,39.94623],[116.34512,39.94527],[116.34697,39.94028]],[[116.34707,39.94031],[116.34516,39.94527],[116.34511,39.94623],[116.34552,39.9487],[116.34539,39.94983],[116.34197,39.95622],[116.34009,39.95994],[116.33961,39.96161],[116.33885,39.96665],[116.33846,39.96787],[116.33779,39.96903],[116.33468,39.97299],[116.33428,39.97362],[116.33408,39.97419],[116.33317,39.97873],[116.33189,39.98663],[116.33123,40.00398],[116.33104,40.00594],[116.33077,40.00685],[116.33011,40.00804],[116.32927,40.00904],[116.3209,40.01641],[116.31977,40.01765],[116.31935,40.0184],[116.31388,40.03234],[116.31344,40.03339],[116.31273,40.03473],[116.31144,40.03652],[116.30752,40.0413],[116.30526,40.04444],[116.30383,40.04603],[116.30248,40.04781],[116.302,40.04854],[116.29558,40.06036],[116.2941,40.06206],[116.2936,40.06309],[116.29349,40.06402],[116.29359,40.06483],[116.29391,40.06548],[116.29435,40.06607],[116.29705,40.06917],[116.29822,40.07002],[116.29938,40.07055],[116.30046,40.07078],[116.30163,40.07082],[116.30302,40.07054],[116.30507,40.06975],[116.30607,40.06962],[116.33962,40.06926],[116.34212,40.06951],[116.34518,40.06948],[116.34857,40.06918],[116.36067,40.06905],[116.36244,40.06886],[116.36394,40.06854],[116.36563,40.068],[116.3683,40.06689],[116.41206,40.04845],[116.42409,40.0433],[116.43002,40.04089],[116.43328,40.03938],[116.44595,40.03402],[116.44713,40.03363],[116.44987,40.03299],[116.45063,40.03267],[116.45142,40.03208],[116.45262,40.03065],[116.45283,40.03031],[116.45313,40.02951],[116.45319,40.02882],[116.4531,40.02712],[116.45287,40.02499],[116.44441,39.99927],[116.44324,39.99679],[116.42713,39.97245],[116.42613,39.97077],[116.42572,39.96981],[116.42555,39.96844],[116.42582,39.96077],[116.42687,39.95519],[116.4275,39.95342],[116.42768,39.95126],[116.42836,39.94928],[116.42854,39.94845],[116.42853,39.94806],[116.42818,39.94698],[116.4281,39.94622],[116.42813,39.94257],[116.42821,39.94221],[116.42857,39.94162]]]}},{"type":"Feature","properties":{"r":"gba","col":"#f7943e","n":"港鐵東涌綫"},"geometry":{"type":"MultiLineString","coordinates":[[[113.94132,22.28928],[113.94268,22.29023]],[[113.94272,22.2902],[113.94141,22.28916]],[[113.94316,22.29055],[113.94268,22.29023]],[[113.94268,22.29023],[113.94312,22.29059]],[[113.94316,22.29055],[113.94272,22.2902]],[[113.94272,22.2902],[113.94312,22.29059]],[[113.94312,22.29059],[113.94469,22.2917],[113.94584,22.2922],[113.9506,22.29284],[113.95229,22.29342],[113.95347,22.29403],[113.95552,22.29539],[113.95701,22.29667],[113.96006,22.29786],[113.96084,22.298],[113.96237,22.29807],[113.96377,22.2983],[113.96791,22.29926],[113.97179,22.30033],[113.97305,22.30091],[113.98056,22.30509]],[[113.98036,22.30492],[113.9737,22.30107],[113.9723,22.30034],[113.97073,22.29984],[113.96433,22.29818],[113.96112,22.29775],[113.95973,22.2974],[113.95692,22.29618],[113.9535,22.29399],[113.95172,22.29311],[113.9502,22.29271],[113.94586,22.29216],[113.94472,22.29165],[113.94316,22.29055]],[[114.02729,22.33011],[114.02681,22.32962]],[[114.10582,22.35872],[114.10494,22.35883],[114.10582,22.35872]],[[114.10582,22.35872],[114.10941,22.35793],[114.11701,22.35518],[114.12316,22.35175],[114.12457,22.35049],[114.12721,22.34677],[114.12882,22.34441],[114.13079,22.34103],[114.13247,22.33785],[114.13325,22.33675],[114.13441,22.3356],[114.13555,22.33477],[114.1374,22.33386],[114.14724,22.3301],[114.14947,22.32916],[114.1509,22.32836],[114.15339,22.32663],[114.15481,22.32538],[114.15637,22.32372],[114.15795,22.32183],[114.15982,22.31904],[114.16264,22.31236],[114.16291,22.31135],[114.16308,22.31003],[114.16299,22.30829],[114.16254,22.30674],[114.16029,22.30197],[114.15916,22.3005],[114.15847,22.29985]],[[114.15841,22.29989],[114.16007,22.30208],[114.16093,22.30373],[114.16252,22.3072],[114.16282,22.30831],[114.16293,22.30937],[114.16272,22.31133],[114.1623,22.31271],[114.15975,22.31863],[114.15894,22.32013],[114.15829,22.32105],[114.15646,22.32326],[114.15466,22.32524],[114.15321,22.32645],[114.1513,22.32781],[114.15023,22.32846],[114.14828,22.32941],[114.13669,22.33389],[114.13541,22.33457],[114.13394,22.33568],[114.13302,22.33661],[114.13222,22.33773],[114.12985,22.34227],[114.12862,22.34435],[114.12454,22.35046]],[[114.15943,22.28428],[114.15664,22.28594],[114.15621,22.28629],[114.1558,22.28681]],[[114.15586,22.28687],[114.15678,22.28614],[114.15957,22.28452]]]}},{"type":"Feature","properties":{"r":"gba","col":"#923011","n":"港鐵屯馬綫"},"geometry":{"type":"MultiLineString","coordinates":[[[113.97311,22.39533],[113.97379,22.39772],[113.97559,22.40194],[113.97736,22.40792],[113.97823,22.40983],[113.97965,22.41428],[113.98176,22.41842],[113.98438,22.42315],[113.99148,22.43804],[113.99278,22.43984],[113.99429,22.44131],[113.9955,22.44218],[113.99644,22.44273],[114.00122,22.445],[114.00234,22.44591],[114.00625,22.44981],[114.00705,22.45041],[114.00805,22.45091],[114.00917,22.45122],[114.01015,22.45133],[114.01128,22.45125],[114.01274,22.45086],[114.01932,22.44839],[114.02054,22.44803],[114.02244,22.44776],[114.02696,22.44777],[114.02873,22.44766],[114.02995,22.44733],[114.03174,22.44649],[114.03301,22.44622],[114.04043,22.44621],[114.04861,22.44675],[114.05286,22.44612],[114.05389,22.44585],[114.05495,22.44541],[114.05643,22.44447],[114.05765,22.44321],[114.06055,22.43917],[114.06646,22.43055],[114.06703,22.42918],[114.07076,22.41638],[114.07245,22.41268],[114.07295,22.41177],[114.07388,22.41043],[114.08906,22.39255],[114.10467,22.37378],[114.1059,22.3722],[114.10885,22.36933],[114.11419,22.36443],[114.11505,22.3638],[114.11728,22.36247],[114.11997,22.35976],[114.12065,22.35925],[114.12349,22.35814],[114.1244,22.35767],[114.12892,22.35315],[114.12954,22.35231],[114.13613,22.34134],[114.1365,22.34027],[114.13679,22.33617],[114.13708,22.33538],[114.13761,22.33468],[114.13854,22.33403],[114.14733,22.33044],[114.15033,22.32902],[114.15312,22.32717],[114.15701,22.32382],[114.15826,22.32213],[114.1602,22.31871],[114.16575,22.3061],[114.16787,22.30208],[114.16942,22.29563],[114.16991,22.29501],[114.17053,22.29469],[114.17115,22.29462],[114.17245,22.29469],[114.17367,22.295],[114.17802,22.29717],[114.18028,22.29903],[114.18169,22.3006],[114.18201,22.30169],[114.1823,22.30482],[114.18176,22.30713],[114.18181,22.30799],[114.18213,22.30871],[114.18358,22.31115],[114.18411,22.31186],[114.1852,22.31285],[114.1872,22.31387],[114.18755,22.31434],[114.1877,22.31501],[114.18756,22.31612],[114.18758,22.32191],[114.1877,22.32233],[114.18884,22.32461],[114.18948,22.32513],[114.19642,22.32772],[114.19719,22.32817],[114.20339,22.33419],[114.20369,22.33467],[114.20386,22.33563],[114.20347,22.33732],[114.20302,22.33812],[114.20241,22.33872],[114.20008,22.34053],[114.19837,22.3422],[114.19726,22.34285],[114.19541,22.34338],[114.19358,22.3436],[114.19081,22.34355],[114.18982,22.34376],[114.18874,22.34426],[114.18616,22.34634],[114.172,22.35904],[114.17108,22.36011],[114.17051,22.36115],[114.17037,22.36166],[114.17045,22.36281],[114.17129,22.3653],[114.17359,22.36899],[114.17421,22.3697],[114.17637,22.37135],[114.1798,22.37332],[114.18046,22.37358],[114.18198,22.37382],[114.18336,22.37455],[114.18416,22.37478],[114.18941,22.37458],[114.19058,22.37478],[114.19373,22.37607],[114.19609,22.37774],[114.19823,22.37944],[114.20106,22.38077],[114.20235,22.38168],[114.20562,22.38479],[114.20912,22.38837],[114.20964,22.38905],[114.20986,22.38963],[114.20994,22.39038],[114.20949,22.39252],[114.20957,22.39394],[114.21,22.39543],[114.21047,22.39655],[114.21126,22.39798],[114.21198,22.39902],[114.21292,22.4001],[114.21462,22.40178],[114.21614,22.40287],[114.21849,22.40408],[114.2197,22.40487],[114.22116,22.40613],[114.2223,22.40752],[114.22362,22.41],[114.22376,22.41069],[114.22377,22.41219],[114.22391,22.41279],[114.22545,22.4165],[114.22752,22.4221],[114.2281,22.42308],[114.22894,22.42383],[114.23007,22.42427],[114.23424,22.42547],[114.23742,22.42583],[114.23837,22.42607],[114.23921,22.42652],[114.24187,22.42853],[114.24244,22.42877],[114.24389,22.42908]],[[114.24385,22.42922],[114.2426,22.42894],[114.24206,22.42872],[114.23918,22.42655],[114.23832,22.4261],[114.23741,22.42588],[114.23449,22.42557],[114.23281,22.42522],[114.22963,22.42426],[114.22876,22.42377],[114.22813,22.42319],[114.22747,22.42211],[114.22436,22.41389],[114.22388,22.41285],[114.22372,22.41221],[114.22371,22.41094],[114.22357,22.41027],[114.22209,22.40736],[114.22113,22.40615],[114.21967,22.4049],[114.21847,22.40411],[114.21612,22.4029],[114.21476,22.40194],[114.21365,22.40091],[114.21195,22.39904],[114.21106,22.39773],[114.21047,22.39663],[114.21,22.39554],[114.2096,22.39424],[114.20947,22.39357],[114.20944,22.39269],[114.20988,22.3904],[114.20981,22.38979],[114.20955,22.38915],[114.20915,22.38862],[114.20555,22.38486],[114.20184,22.38138],[114.20083,22.3807],[114.19823,22.37949],[114.1936,22.37614],[114.19057,22.37483],[114.18951,22.37462],[114.1842,22.37482],[114.18334,22.37458],[114.18198,22.37386],[114.18043,22.37362],[114.17978,22.37337],[114.17635,22.3714],[114.17432,22.3699],[114.17355,22.36906],[114.1714,22.3656],[114.17054,22.36326],[114.17035,22.36256],[114.1703,22.36185],[114.17037,22.36135],[114.17062,22.36076],[114.17139,22.3595],[114.17188,22.35894],[114.18844,22.34421],[114.18925,22.34377],[114.19007,22.34351],[114.191,22.3434],[114.1929,22.34349],[114.1938,22.34343],[114.19665,22.34271],[114.19767,22.3423],[114.20257,22.33835],[114.20329,22.33727],[114.20367,22.33563],[114.2036,22.33495],[114.20326,22.33428],[114.19709,22.3283],[114.19606,22.32774],[114.19002,22.3255],[114.18928,22.32509],[114.18882,22.32463],[114.18767,22.32234],[114.18756,22.32191],[114.18754,22.31612],[114.18767,22.31501],[114.18753,22.31435],[114.18719,22.31389],[114.18559,22.31304],[114.18451,22.31214],[114.18373,22.31107],[114.18186,22.30798],[114.18182,22.30714],[114.18246,22.30418],[114.18241,22.30303],[114.18221,22.30178],[114.18186,22.30073],[114.18033,22.299],[114.17783,22.29692],[114.17676,22.29627],[114.17377,22.29483],[114.17298,22.29463],[114.17115,22.29453],[114.17051,22.29461],[114.17003,22.2948],[114.16949,22.29541],[114.16927,22.29602],[114.16807,22.30131],[114.16784,22.30193],[114.16567,22.30584],[114.1636,22.31083],[114.16172,22.3149],[114.16011,22.31867],[114.15819,22.32209],[114.15725,22.32346],[114.15671,22.32406],[114.15391,22.32648],[114.15216,22.32781],[114.15029,22.32897],[114.14729,22.33038],[114.13851,22.33397],[114.13755,22.33463],[114.13701,22.33535],[114.13671,22.33616],[114.13644,22.34026],[114.13607,22.34131],[114.12949,22.35227],[114.12887,22.35311],[114.12436,22.35762],[114.12347,22.35809],[114.12061,22.35919],[114.11992,22.35971],[114.11723,22.36242],[114.11501,22.36376],[114.11414,22.36438],[114.10881,22.36929],[114.10585,22.37216],[114.08899,22.3925],[114.07384,22.4104],[114.07268,22.41212],[114.07068,22.41636],[114.06692,22.42914],[114.06645,22.43026],[114.05747,22.44314],[114.0563,22.44438],[114.05491,22.44532],[114.05386,22.44578],[114.05284,22.44607],[114.04981,22.44658],[114.04852,22.44671],[114.03904,22.44602],[114.03324,22.44601],[114.03208,22.44626],[114.03004,22.44721],[114.02897,22.44751],[114.02275,22.44759],[114.02079,22.44787],[114.01983,22.44816],[114.01264,22.45084],[114.0115,22.45114],[114.01035,22.45122],[114.00927,22.4511],[114.00809,22.45076],[114.00713,22.45026],[114.00633,22.44964],[114.00194,22.44537],[114.00091,22.44473],[113.99613,22.44246],[113.99434,22.44126],[113.99266,22.43963],[113.99152,22.43802],[113.98441,22.4231],[113.9818,22.4184],[113.97998,22.41479],[113.97829,22.40946],[113.97735,22.40762],[113.97564,22.4019],[113.97425,22.39875],[113.97332,22.39528]]]}},{"type":"Feature","properties":{"r":"gba","col":"#f58c14","n":"輕鐵751綫"},"geometry":{"type":"MultiLineString","coordinates":[[[113.99831,22.46611],[113.99775,22.46477],[113.99724,22.46249],[113.99683,22.46158],[113.99691,22.46046],[113.99764,22.45907],[113.99784,22.45895],[113.99807,22.45897],[114.00183,22.4608],[114.00203,22.46081],[114.00218,22.46069],[114.00314,22.45902],[114.0056,22.45707],[114.00589,22.45671],[114.00602,22.45634],[114.00602,22.45584],[114.00553,22.45439],[114.00548,22.45394],[114.0071,22.45096],[114.00717,22.45065],[114.007,22.45034],[114.00568,22.44902],[114.00551,22.44854],[114.0049,22.44823],[114.00432,22.44759],[114.00482,22.44652],[114.00589,22.44462],[114.00596,22.44425],[114.00554,22.44332],[114.00529,22.44233],[114.00437,22.44],[114.0042,22.43836],[114.00402,22.43813],[114.00177,22.43669],[113.99472,22.4317],[113.99175,22.42927],[113.98263,22.4197],[113.98186,22.41868],[113.97981,22.41477],[113.97887,22.41353],[113.97781,22.40966],[113.97756,22.4092],[113.97713,22.40781],[113.97536,22.4016],[113.97493,22.40079],[113.97348,22.39884],[113.97228,22.39442],[113.97232,22.39416],[113.97257,22.39397],[113.9737,22.39373],[113.97432,22.39389],[113.97454,22.39384],[113.97498,22.39298],[113.975,22.39215]],[[113.97508,22.39026],[113.9752,22.38882]],[[113.97542,22.40196],[113.97556,22.40255]],[[114.00218,22.46061],[114.00201,22.46075],[114.00182,22.46074],[113.99795,22.45887],[113.99777,22.45887],[113.99764,22.45898]],[[113.99932,22.46675],[113.99891,22.46626]],[[114.004,22.43816],[114.00414,22.43833],[114.00418,22.4386]],[[114.00448,22.44705],[114.00419,22.44769],[114.00447,22.44804]],[[114.00529,22.44893],[114.00564,22.44905],[114.00672,22.45012]]]}},{"type":"Feature","properties":{"r":"gba","col":"#8cc022","n":"輕鐵705綫"},"geometry":{"type":"MultiLineString","coordinates":[[[113.99762,22.45909],[114.00065,22.45371],[114.00155,22.45255],[114.00407,22.44806],[114.00426,22.44796],[114.00447,22.44804],[114.00492,22.44849],[114.00511,22.44884],[114.00529,22.44893]],[[114.00672,22.45012],[114.00708,22.45053],[114.00709,22.45086],[114.00544,22.45392],[114.00549,22.4544],[114.00598,22.45585],[114.00589,22.4566],[114.00549,22.45711],[114.0032,22.4589],[114.00247,22.45908],[114.00228,22.45941],[114.00247,22.46008],[114.00163,22.4617],[114.00159,22.46311],[114.00173,22.46381],[114.00201,22.46433],[114.00265,22.46509],[114.0036,22.46702],[114.00355,22.46729],[114.00291,22.46833],[114.0022,22.47031],[114.00188,22.47046],[114.00159,22.4704],[114.00054,22.46947],[113.99936,22.46784],[113.99831,22.46611]]]}},{"type":"Feature","properties":{"r":"gba","col":"#ed1d24","n":"港鐵荃灣綫"},"geometry":{"type":"MultiLineString","coordinates":[[[114.10905,22.37924],[114.1104,22.37878],[114.11148,22.37782]],[[114.15821,22.2819],[114.16185,22.2809],[114.16328,22.2799],[114.16479,22.27941],[114.16644,22.27928],[114.16739,22.27935],[114.16814,22.27953],[114.16933,22.28026],[114.16983,22.2808],[114.17018,22.28141],[114.1714,22.28459],[114.17203,22.28717],[114.17244,22.28993],[114.17243,22.29379],[114.17126,22.30917],[114.17085,22.31171],[114.16875,22.32223],[114.16782,22.32607],[114.16714,22.32688],[114.15393,22.33712],[114.15277,22.33784],[114.15193,22.33807],[114.15055,22.338],[114.14507,22.33627],[114.14396,22.33629],[114.14251,22.33657],[114.14042,22.33732],[114.1358,22.33938],[114.13431,22.34033],[114.1302,22.34335],[114.12662,22.34765],[114.12524,22.34955],[114.12475,22.35057],[114.12461,22.35145],[114.12485,22.35263],[114.1254,22.35367],[114.12855,22.35785],[114.13039,22.35969],[114.13092,22.36055],[114.13109,22.3613],[114.13124,22.36497],[114.13106,22.36723],[114.1306,22.36847],[114.13012,22.3691],[114.12946,22.36969],[114.12857,22.37021],[114.12794,22.37045],[114.12641,22.37073],[114.12295,22.37065],[114.12232,22.37081],[114.12163,22.37112],[114.12101,22.37151],[114.11983,22.3727],[114.116,22.37452],[114.11436,22.37577],[114.11243,22.37684],[114.11148,22.37782]],[[114.11148,22.37782],[114.11246,22.37689],[114.11423,22.3759],[114.11582,22.37469],[114.11658,22.37424],[114.11984,22.37273],[114.12111,22.37162],[114.12202,22.37108],[114.12288,22.3708],[114.12641,22.37084],[114.12799,22.37058],[114.12897,22.37016],[114.12956,22.36979],[114.13021,22.3692],[114.13073,22.36853],[114.13112,22.36762],[114.13127,22.36662],[114.13113,22.36138],[114.13096,22.36053],[114.13043,22.35967],[114.12859,22.35783],[114.12547,22.35372],[114.12494,22.35276],[114.12471,22.35169],[114.1248,22.35081],[114.12522,22.3499],[114.1282,22.34605],[114.12984,22.34421],[114.13439,22.34042],[114.13544,22.33972],[114.13707,22.33889],[114.14146,22.33703],[114.14254,22.33667],[114.14398,22.3364],[114.14505,22.33638],[114.1459,22.33658],[114.15052,22.33812],[114.15136,22.33823],[114.15194,22.3382],[114.15291,22.33789],[114.15401,22.3372],[114.16722,22.32697],[114.16784,22.32619],[114.16949,22.3184],[114.17103,22.31173],[114.17143,22.30918],[114.17193,22.30325],[114.17245,22.2952],[114.17259,22.29085],[114.17245,22.28913],[114.17187,22.28599],[114.17115,22.28348],[114.17003,22.28097],[114.1692,22.28005],[114.16879,22.27977],[114.16814,22.27952],[114.16739,22.27935],[114.16644,22.27928],[114.16479,22.27941],[114.16328,22.2799],[114.16182,22.28082],[114.15819,22.2818]],[[114.11531,22.37502],[114.11582,22.37469]],[[114.11664,22.37418],[114.11607,22.37453]]]}},{"type":"Feature","properties":{"r":"gba","col":"#007dc5","n":"港鐵港島綫"},"geometry":{"type":"MultiLineString","coordinates":[[[114.12135,22.28047],[114.12441,22.2802],[114.12522,22.28029],[114.12635,22.28066]],[[114.23609,22.26275],[114.24088,22.27202],[114.24123,22.27319],[114.24115,22.2743],[114.24075,22.2753],[114.23784,22.27877],[114.23738,22.27917],[114.23686,22.27943],[114.23609,22.27964],[114.2351,22.27976],[114.23366,22.27964],[114.23172,22.27907],[114.23063,22.27891],[114.2298,22.27892],[114.22867,22.27911],[114.22733,22.27955],[114.22636,22.28011],[114.22436,22.28042],[114.22294,22.28109],[114.22228,22.28162],[114.22041,22.28394],[114.21975,22.28441],[114.21917,22.28454],[114.21285,22.28458],[114.21188,22.28481],[114.21121,22.28518],[114.21073,22.28567],[114.20791,22.28954],[114.20734,22.29015],[114.20667,22.2906],[114.20542,22.29116],[114.20376,22.29157],[114.20287,22.29165],[114.20195,22.29156],[114.19604,22.29033],[114.19523,22.28998],[114.19406,22.2886],[114.1934,22.28733],[114.19304,22.28505],[114.19256,22.28312],[114.19203,22.2822],[114.19066,22.28129],[114.18963,22.28096],[114.18739,22.281],[114.18467,22.28016],[114.18321,22.28008],[114.17966,22.27873],[114.17732,22.27805],[114.17208,22.27747],[114.16792,22.27785],[114.16718,22.27808],[114.1661,22.27873],[114.16514,22.27915],[114.16283,22.2796],[114.15902,22.2807],[114.15847,22.28109],[114.15547,22.28479],[114.15476,22.28531],[114.15296,22.2863],[114.14799,22.28762],[114.1461,22.28768],[114.14551,22.28758],[114.14489,22.28735],[114.14409,22.28673],[114.14165,22.28432],[114.14116,22.28399],[114.14067,22.28379],[114.14016,22.28366],[114.13945,22.28364],[114.13791,22.28402],[114.13713,22.2841],[114.13367,22.28377],[114.13275,22.28338],[114.13158,22.28231],[114.1309,22.28188],[114.12635,22.28066]],[[114.12635,22.28066],[114.1274,22.28101],[114.13001,22.28165],[114.1307,22.28192],[114.13123,22.28227],[114.1324,22.28335],[114.133,22.28371],[114.13364,22.28392],[114.13713,22.28424],[114.13775,22.28419],[114.13933,22.2838],[114.14058,22.28392],[114.14156,22.28445],[114.14408,22.28693],[114.14479,22.28743],[114.14572,22.28771],[114.1479,22.28771],[114.14866,22.28761],[114.15061,22.28694],[114.15312,22.28631],[114.1548,22.28536],[114.15552,22.28483],[114.15847,22.28109],[114.15902,22.2807],[114.16283,22.2796],[114.16514,22.27915],[114.1661,22.27873],[114.16718,22.27808],[114.16792,22.27785],[114.17208,22.27747],[114.17702,22.27803],[114.18094,22.27922],[114.18321,22.28008],[114.18467,22.28016],[114.18739,22.281],[114.18963,22.28096],[114.19066,22.28129],[114.19203,22.2822],[114.19256,22.28312],[114.19297,22.28478],[114.19336,22.28754],[114.19398,22.28868],[114.19522,22.28999],[114.19604,22.29034],[114.20195,22.29158],[114.20286,22.29167],[114.20377,22.29158],[114.20543,22.29118],[114.20653,22.29073],[114.20758,22.29013],[114.20805,22.28962],[114.21085,22.28576],[114.21132,22.28529],[114.21175,22.28502],[114.21285,22.28472],[114.21888,22.28469],[114.2195,22.28458],[114.22029,22.2841],[114.22249,22.28142],[114.22294,22.28109],[114.22412,22.28049],[114.22609,22.28021],[114.22754,22.27955],[114.22963,22.27913],[114.23113,22.27922],[114.23356,22.28002],[114.23433,22.28017],[114.23515,22.28018],[114.23623,22.27998],[114.23672,22.27979],[114.23744,22.27932],[114.23979,22.27667],[114.24077,22.27539],[114.24125,22.27434],[114.24135,22.27327],[114.24122,22.27252],[114.24099,22.27195],[114.23675,22.26373],[114.23613,22.26274]]]}},{"type":"Feature","properties":{"r":"gba","col":"#00ab4e","n":"港鐵觀塘綫"},"geometry":{"type":"MultiLineString","coordinates":[[[114.2554,22.30587],[114.25397,22.30535],[114.25338,22.30501],[114.2477,22.3],[114.247,22.29925],[114.24518,22.29661],[114.24412,22.29562],[114.24303,22.29514],[114.24168,22.29497],[114.24053,22.29508],[114.23951,22.29543],[114.23846,22.29628],[114.23594,22.29972],[114.23558,22.30054],[114.23542,22.3019],[114.23512,22.30263],[114.23461,22.30351],[114.23413,22.3051],[114.23377,22.30568],[114.23226,22.30742],[114.23167,22.30845],[114.23113,22.30902],[114.22823,22.31099],[114.2257,22.31253],[114.22427,22.31318],[114.22168,22.31412],[114.22005,22.31497],[114.21637,22.31641],[114.21568,22.31687],[114.21505,22.31756],[114.21437,22.31855],[114.21401,22.31976],[114.21392,22.32089],[114.2141,22.32235],[114.21345,22.32837],[114.21248,22.33085],[114.21202,22.3317],[114.21107,22.33298],[114.20994,22.33413],[114.20794,22.33569],[114.20675,22.33676],[114.20562,22.33756],[114.19973,22.341],[114.19874,22.34144],[114.19772,22.34167],[114.19303,22.34162],[114.19204,22.34142],[114.19098,22.34077],[114.18972,22.33918],[114.18871,22.33843],[114.18411,22.33699],[114.18235,22.33669],[114.18152,22.33667],[114.17293,22.33683],[114.17182,22.33677],[114.17113,22.33656],[114.17047,22.33618],[114.1696,22.33533],[114.16937,22.33485],[114.16898,22.33355],[114.16883,22.32964],[114.16817,22.32739],[114.16806,22.32595],[114.16963,22.31842],[114.17109,22.31052],[114.17146,22.30916],[114.1722,22.30816],[114.17299,22.30748],[114.17359,22.30721],[114.17475,22.30701],[114.17557,22.30712],[114.17625,22.30744],[114.17702,22.30821],[114.17789,22.30939],[114.17867,22.30992],[114.17956,22.31024],[114.18044,22.31026],[114.18134,22.31002],[114.18382,22.30856]],[[114.18382,22.30856],[114.18444,22.3082]],[[114.18382,22.30856],[114.18447,22.30824]],[[114.18385,22.30861],[114.18107,22.31019],[114.18046,22.31035],[114.17955,22.31036],[114.1789,22.3102],[114.17803,22.3097],[114.17756,22.30925],[114.17688,22.3083],[114.17614,22.30759],[114.17553,22.30727],[114.17476,22.30715],[114.17364,22.30733],[114.17306,22.30758],[114.17231,22.30823],[114.17168,22.30907],[114.17132,22.31006],[114.16803,22.32627],[114.1683,22.32826],[114.16873,22.32991],[114.16881,22.33333],[114.1691,22.33456],[114.16949,22.3354],[114.16988,22.33583],[114.17074,22.33649],[114.17146,22.33681],[114.17292,22.33696],[114.18152,22.33679],[114.1835,22.33702],[114.18486,22.33734],[114.18836,22.33845],[114.18905,22.33875],[114.18991,22.3395],[114.19091,22.34085],[114.19149,22.34129],[114.19202,22.34155],[114.19307,22.34176],[114.1974,22.34181],[114.19832,22.34169],[114.1995,22.34129],[114.20284,22.33939],[114.20369,22.33875],[114.20638,22.33709],[114.20795,22.33594],[114.21064,22.3338],[114.21187,22.33268],[114.21247,22.33181],[114.21266,22.33137],[114.2135,22.32843],[114.21428,22.32253],[114.21414,22.32074],[114.21422,22.31974],[114.2146,22.31851],[114.21521,22.31743],[114.21572,22.3169],[114.21655,22.31637],[114.21998,22.31512],[114.22169,22.31415],[114.22545,22.31279],[114.22617,22.31244],[114.23105,22.30918],[114.23175,22.30848],[114.23301,22.30675],[114.23536,22.30396],[114.23564,22.30299],[114.23572,22.30063],[114.23603,22.29962],[114.23669,22.29856],[114.23821,22.29656],[114.2389,22.29583],[114.2395,22.29541],[114.2407,22.29501],[114.24223,22.29488],[114.24349,22.29513],[114.24451,22.29562],[114.24538,22.29647],[114.24693,22.29877],[114.248,22.30002],[114.25346,22.30494],[114.25416,22.30538],[114.25503,22.3057]],[[114.18444,22.3082],[114.18385,22.30861]],[[114.18447,22.30824],[114.18385,22.30861]],[[114.18444,22.3082],[114.19214,22.30333]],[[114.18722,22.3065],[114.18447,22.30824]]]}},{"type":"Feature","properties":{"r":"gba","col":"#53b7e8","n":"港鐵東鐵綫"},"geometry":{"type":"MultiLineString","coordinates":[[[114.0634,22.51441],[114.06744,22.51468],[114.06901,22.51466],[114.07108,22.51478],[114.07229,22.51461],[114.07329,22.51421],[114.07432,22.51342],[114.07499,22.51248],[114.07673,22.50776],[114.07746,22.50649],[114.07816,22.50575],[114.07898,22.50514],[114.07995,22.50466],[114.08094,22.5044],[114.08299,22.50432],[114.08553,22.50463],[114.08629,22.50489],[114.0885,22.50591],[114.09513,22.50736],[114.09674,22.50759],[114.10194,22.5077],[114.11892,22.50774],[114.12024,22.50753],[114.12108,22.50711],[114.12595,22.50303]],[[114.12331,22.50518],[114.12088,22.50715],[114.12022,22.50746],[114.11918,22.50765],[114.09792,22.50754],[114.09677,22.50751],[114.09519,22.50728],[114.08854,22.50584],[114.0863,22.5048],[114.08554,22.50456],[114.08239,22.50424],[114.08093,22.50434],[114.07993,22.50462],[114.07896,22.5051],[114.07813,22.50571],[114.07741,22.50648],[114.07669,22.50774],[114.07489,22.51258],[114.07418,22.51349],[114.07326,22.51417],[114.07228,22.51457],[114.07108,22.51473],[114.06342,22.51422]],[[114.12331,22.50518],[114.11809,22.50973],[114.1173,22.51076],[114.1167,22.51195],[114.11629,22.51328],[114.11614,22.51443],[114.11649,22.51935],[114.11631,22.52091],[114.11568,22.52264],[114.1135,22.52676],[114.11323,22.52766],[114.11297,22.52958]],[[114.11352,22.52818],[114.11355,22.52719],[114.11376,22.52642],[114.11408,22.52568],[114.1159,22.52229],[114.1164,22.52075],[114.11655,22.519],[114.11626,22.51601],[114.11621,22.51421],[114.11651,22.51261],[114.11701,22.51138],[114.11768,22.5103],[114.11865,22.50923],[114.12595,22.50303]],[[114.1734,22.44455],[114.1713,22.44449],[114.16888,22.44466],[114.16748,22.44502],[114.16621,22.44563],[114.16497,22.44661],[114.16097,22.45123],[114.16009,22.45209],[114.15909,22.4528],[114.15827,22.45325],[114.15536,22.45438],[114.15385,22.45517],[114.15248,22.45631],[114.15189,22.45707],[114.15149,22.45775],[114.15109,22.45877],[114.15089,22.45974],[114.15087,22.46095],[114.15099,22.46195],[114.15325,22.46997],[114.15513,22.47985],[114.1551,22.48135],[114.15478,22.48274],[114.15414,22.48417],[114.15335,22.48528],[114.15196,22.48659],[114.15098,22.48721],[114.14997,22.48768],[114.14851,22.48812],[114.1435,22.48898],[114.14225,22.48945],[114.14115,22.49007],[114.13971,22.49121],[114.12331,22.50518]],[[114.12595,22.50303],[114.13973,22.49124],[114.14118,22.49009],[114.14227,22.48949],[114.14351,22.48902],[114.1485,22.48815],[114.15002,22.4877],[114.15104,22.48722],[114.15198,22.48662],[114.15286,22.48587],[114.15351,22.48514],[114.15429,22.48398],[114.15483,22.48274],[114.15514,22.48135],[114.15518,22.47999],[114.15329,22.46997],[114.15103,22.46195],[114.1509,22.46094],[114.15092,22.45983],[114.1511,22.45889],[114.15152,22.45777],[114.152,22.45698],[114.15251,22.45633],[114.1537,22.45531],[114.15537,22.45442],[114.15835,22.45325],[114.16012,22.45211],[114.16101,22.45125],[114.16482,22.44683],[114.16548,22.44622],[114.16623,22.44571],[114.1674,22.44518],[114.16866,22.4449],[114.17383,22.4446]],[[114.17078,22.44464],[114.17266,22.44459]],[[114.17266,22.44459],[114.17383,22.4446]],[[114.1734,22.44455],[114.17266,22.44459]],[[114.19612,22.39211],[114.1949,22.39061],[114.1931,22.38904],[114.18996,22.38591],[114.18539,22.37967],[114.18393,22.37811],[114.18209,22.37581],[114.18109,22.37495],[114.17478,22.37044],[114.17365,22.3694],[114.17303,22.36857],[114.17071,22.36472],[114.17024,22.36361],[114.17002,22.36252],[114.17,22.36147],[114.17012,22.36058],[114.17355,22.34153],[114.17401,22.34023],[114.17622,22.33631],[114.17667,22.33489],[114.17685,22.33365],[114.17679,22.33205],[114.17647,22.33067],[114.17599,22.3295],[114.17299,22.32371],[114.17263,22.32222],[114.17268,22.32099],[114.17304,22.31978],[114.17537,22.31415],[114.1759,22.31315],[114.17651,22.31231],[114.17836,22.31042],[114.18132,22.30765],[114.18159,22.30729],[114.18183,22.30675],[114.18235,22.30463],[114.18242,22.30393],[114.18193,22.29992],[114.18192,22.29812],[114.18447,22.28639],[114.18457,22.28565],[114.18451,22.28507],[114.1841,22.28408],[114.18313,22.28271],[114.18224,22.28193],[114.18159,22.28161],[114.18044,22.28149],[114.17327,22.28174],[114.17168,22.28159],[114.16982,22.28107],[114.16885,22.28063],[114.16767,22.27985],[114.1655,22.27756],[114.16386,22.27622],[114.16471,22.27737],[114.16679,22.27943],[114.16865,22.28064],[114.17011,22.28126],[114.17167,22.28161],[114.17327,22.28174],[114.18044,22.28149],[114.18157,22.28169],[114.18244,22.28222],[114.18326,22.28304],[114.18418,22.2845],[114.18442,22.28542],[114.18441,22.28592],[114.18179,22.2981],[114.18181,22.29956],[114.18229,22.30421],[114.18179,22.30674],[114.18129,22.30761],[114.17833,22.31039],[114.17648,22.31229],[114.17588,22.31313],[114.17533,22.31416],[114.173,22.31977],[114.17263,22.32098],[114.17256,22.32209],[114.17287,22.32354],[114.17607,22.32975],[114.17643,22.33069],[114.17678,22.33235],[114.1768,22.33375],[114.1766,22.33504],[114.17618,22.3363],[114.17398,22.34022],[114.17352,22.3415],[114.17002,22.36091],[114.16996,22.3623],[114.17027,22.36384],[114.17068,22.36474],[114.17284,22.36833],[114.17381,22.36964],[114.17476,22.37047],[114.18106,22.37498],[114.18206,22.37584],[114.1839,22.37814],[114.18535,22.3797],[114.18982,22.38582],[114.19297,22.38898],[114.19467,22.39045],[114.19539,22.39119],[114.19607,22.39211],[114.20183,22.40113],[114.20248,22.40194],[114.20333,22.4027],[114.2066,22.4049],[114.20958,22.40646],[114.21051,22.40727],[114.21102,22.40827],[114.21113,22.40942],[114.21094,22.41019],[114.21008,22.41219],[114.20999,22.41296],[114.21006,22.41362],[114.2103,22.41428],[114.21064,22.41482],[114.2122,22.41629],[114.21278,22.41701],[114.21313,22.41781],[114.2133,22.41886],[114.21324,22.42012],[114.213,22.42107],[114.2125,22.42211],[114.21196,22.42285],[114.21075,22.42395],[114.20812,22.42568],[114.20494,22.42761],[114.20248,22.42928],[114.20176,22.42989],[114.20109,22.4307],[114.20058,22.43159],[114.19987,22.43388],[114.19949,22.43474],[114.19894,22.43548],[114.19826,22.43604],[114.19749,22.43642],[114.19672,22.43662],[114.19228,22.43699],[114.19063,22.4373],[114.18916,22.4377],[114.18775,22.43831],[114.17893,22.44314],[114.17755,22.44369],[114.17593,22.44417],[114.17431,22.4445],[114.1734,22.44455]],[[114.17383,22.4446],[114.17645,22.44408],[114.17894,22.44317],[114.18778,22.43835],[114.18889,22.43789],[114.19065,22.43748],[114.19663,22.43674],[114.19797,22.43627],[114.19884,22.43563],[114.19946,22.43488],[114.19984,22.43411],[114.2004,22.43217],[114.2007,22.43144],[114.20124,22.43055],[114.20195,22.42976],[114.20514,22.42753],[114.20814,22.42571],[114.21076,22.42399],[114.21201,22.42285],[114.21254,22.42212],[114.21304,22.42106],[114.21328,22.42013],[114.21335,22.41886],[114.21317,22.41781],[114.21281,22.417],[114.21223,22.41626],[114.21071,22.41485],[114.21033,22.41425],[114.2101,22.41362],[114.21003,22.4128],[114.21014,22.41215],[114.21112,22.40971],[114.21119,22.40909],[114.2111,22.4084],[114.21073,22.40752],[114.21,22.40671],[114.20938,22.4063],[114.20679,22.40498]],[[114.20679,22.40498],[114.20555,22.4041],[114.20482,22.40337],[114.20409,22.40234],[114.20253,22.39977],[114.20006,22.39614],[114.19954,22.39559],[114.19823,22.39467],[114.19771,22.39419],[114.19612,22.39211]],[[114.19731,22.39379],[114.19612,22.39211]],[[114.19731,22.39379],[114.19795,22.39448],[114.19938,22.39551],[114.20003,22.39617],[114.20443,22.40295],[114.20506,22.40371],[114.20575,22.40429]],[[114.20575,22.40429],[114.20314,22.40251],[114.20216,22.40151],[114.20053,22.39903],[114.19874,22.39592],[114.19731,22.39379]],[[114.20679,22.40498],[114.20575,22.40429]]]}},{"type":"Feature","properties":{"r":"gba","col":"#f4858d","n":"輕鐵614P綫"},"geometry":{"type":"MultiLineString","coordinates":[[[113.96666,22.37253],[113.96648,22.3728],[113.96626,22.37288]],[[113.9746,22.39366],[113.97459,22.39389],[113.97474,22.39401],[113.97747,22.39491],[113.97773,22.39513],[113.97778,22.39545],[113.97739,22.3978],[113.97747,22.399],[113.97963,22.40368],[113.97956,22.4044],[113.97886,22.40544],[113.97869,22.40589],[113.97887,22.40767],[113.97872,22.40788],[113.97783,22.40861],[113.97762,22.40906],[113.97766,22.40955],[113.9782,22.4113]],[[113.97822,22.41135],[113.97809,22.41181]]]}},{"type":"Feature","properties":{"r":"bj","col":"#00997a","n":"北京地铁8号线"},"geometry":{"type":"MultiLineString","coordinates":[[[116.30757,40.10298],[116.30923,40.09788],[116.30971,40.0969],[116.31535,40.08758],[116.31585,40.087],[116.31626,40.08677],[116.31813,40.08644],[116.31903,40.08639],[116.32053,40.0865],[116.3294,40.08763],[116.33432,40.08812],[116.33943,40.08843],[116.34876,40.08879],[116.3525,40.08908],[116.35355,40.08907],[116.35474,40.08889],[116.35546,40.08864],[116.35602,40.08824],[116.35635,40.08765],[116.35658,40.08409],[116.35761,40.07607],[116.35774,40.07485],[116.35763,40.07324],[116.35667,40.07211],[116.35233,40.06962],[116.35012,40.06882],[116.34177,40.06404],[116.34097,40.06343],[116.34064,40.06269],[116.34124,40.05685],[116.34456,40.04733],[116.34674,40.04237],[116.34747,40.04029],[116.3486,40.03527],[116.35151,40.02915],[116.35194,40.02784],[116.35261,40.02673],[116.35318,40.02631],[116.36289,40.02122],[116.36389,40.02083],[116.36571,40.02056],[116.37577,40.02029],[116.3779,40.01977],[116.38467,40.01673],[116.38559,40.01611],[116.38584,40.01579],[116.38601,40.01522],[116.38621,40.0134],[116.38617,40.01189],[116.38629,40.0092],[116.38849,39.96183],[116.38845,39.95452],[116.38757,39.94673],[116.38762,39.94524],[116.38815,39.94137],[116.38835,39.94063],[116.3889,39.93956],[116.38978,39.9383],[116.38993,39.93768],[116.39007,39.93545],[116.39033,39.93425],[116.39083,39.93349],[116.39159,39.93312],[116.39271,39.93279],[116.39548,39.93227],[116.40081,39.93219],[116.4022,39.93185],[116.40244,39.93165],[116.40254,39.93133],[116.4026,39.93002],[116.40274,39.92941],[116.40426,39.92618],[116.40444,39.92554],[116.40453,39.91917],[116.40471,39.91719],[116.40515,39.90704],[116.40548,39.90276],[116.4054,39.90167],[116.40514,39.90115],[116.40455,39.9005],[116.40382,39.90002],[116.40323,39.89982],[116.40231,39.89964],[116.3981,39.89952],[116.39638,39.89913],[116.39574,39.89883],[116.39286,39.89703],[116.39221,39.89638],[116.39182,39.89544],[116.39249,39.87776],[116.39144,39.87204],[116.39135,39.87122],[116.39153,39.87041],[116.39266,39.86864],[116.39284,39.86819],[116.39292,39.86774],[116.39296,39.86424],[116.39341,39.86183],[116.39301,39.85594],[116.39319,39.85475],[116.39381,39.85278],[116.39389,39.85198],[116.39481,39.83436],[116.39483,39.83351],[116.39447,39.83063],[116.39527,39.82346],[116.39615,39.80643],[116.39647,39.8056],[116.3971,39.80485],[116.39785,39.80429],[116.39896,39.80383],[116.40056,39.80364],[116.40755,39.8038],[116.40827,39.80369],[116.40932,39.80332],[116.41039,39.80254],[116.4115,39.80096],[116.412,39.79963],[116.41288,39.79566],[116.41445,39.78668],[116.41489,39.78576],[116.41567,39.78486],[116.41651,39.78426],[116.42217,39.78069],[116.43874,39.76895],[116.43915,39.76855],[116.43968,39.7678],[116.44086,39.76545],[116.44174,39.76293],[116.44199,39.76182],[116.44301,39.75856]],[[116.44318,39.75859],[116.44193,39.76256],[116.44086,39.7656],[116.43955,39.76811],[116.43898,39.7688],[116.43638,39.7708],[116.42925,39.77579],[116.42289,39.78039],[116.41596,39.78481],[116.41504,39.78583],[116.41476,39.78634],[116.41447,39.78742],[116.41306,39.79568],[116.412,39.80024],[116.41146,39.80128],[116.4105,39.8026],[116.41018,39.80291],[116.40932,39.80344],[116.40828,39.80381],[116.40758,39.80393],[116.39994,39.8038],[116.39898,39.80398],[116.39823,39.80426],[116.39743,39.80475],[116.39667,39.80562],[116.39633,39.80647],[116.39562,39.82099],[116.3954,39.8239],[116.3946,39.83064],[116.39499,39.83368],[116.39499,39.83452],[116.39406,39.85188],[116.39397,39.85283],[116.39324,39.85513],[116.39317,39.85594],[116.39357,39.86161],[116.39324,39.86349],[116.39311,39.86776],[116.39302,39.86818],[116.39282,39.86866],[116.39186,39.87005],[116.39155,39.87081],[116.39151,39.87125],[116.39158,39.87207],[116.39268,39.87803],[116.39227,39.89015],[116.39194,39.89506],[116.3921,39.89583],[116.39267,39.89661],[116.39626,39.8989],[116.39733,39.89927],[116.39808,39.8994],[116.40269,39.89957],[116.40332,39.89971],[116.40433,39.90017],[116.40465,39.9004],[116.40525,39.90104],[116.40553,39.90161],[116.40563,39.90206],[116.40561,39.90271],[116.40515,39.91082],[116.40492,39.9172],[116.40467,39.91917],[116.40456,39.92554],[116.40437,39.92621],[116.40381,39.92729],[116.40295,39.92934],[116.40282,39.92998],[116.40276,39.93125],[116.4024,39.9318],[116.40206,39.93198],[116.40081,39.93226],[116.39984,39.93234],[116.39549,39.93235],[116.39429,39.93253],[116.39161,39.93318],[116.39086,39.93359],[116.39041,39.93428],[116.39011,39.93553],[116.39,39.93767],[116.38986,39.93833],[116.389,39.9396],[116.38849,39.94065],[116.38828,39.94142],[116.38774,39.94523],[116.38769,39.94673],[116.38791,39.94898],[116.38827,39.95136],[116.38856,39.95455],[116.38879,39.96185],[116.38647,40.01031],[116.38613,40.01526],[116.38597,40.01586],[116.38473,40.01679],[116.37794,40.01984],[116.37576,40.02037],[116.36574,40.02068],[116.36391,40.0209],[116.36292,40.02126],[116.35335,40.02629],[116.35275,40.02672],[116.35207,40.02786],[116.35163,40.02918],[116.34872,40.0353],[116.34759,40.04033],[116.34687,40.0424],[116.34465,40.0473],[116.34132,40.05684],[116.34072,40.06271],[116.34103,40.06338],[116.34184,40.06397],[116.35008,40.06871],[116.35232,40.06949],[116.35669,40.07204],[116.35729,40.07265],[116.35769,40.07325],[116.3578,40.07486],[116.35773,40.07608],[116.35672,40.08557],[116.35673,40.08642],[116.35695,40.088],[116.35691,40.08826],[116.35667,40.08869],[116.35622,40.08903],[116.35526,40.08936],[116.35446,40.08948],[116.35309,40.08947],[116.34976,40.089],[116.34807,40.08885],[116.33954,40.0885],[116.33078,40.08787],[116.32051,40.08655],[116.31904,40.08643],[116.31811,40.08647],[116.31673,40.08668],[116.31588,40.08703],[116.31539,40.0876],[116.30955,40.09729],[116.30897,40.0988],[116.30764,40.103]]]}},{"type":"Feature","properties":{"r":"bj","col":"#178abb","n":"北京地铁10号线"},"geometry":{"type":"MultiLineString","coordinates":[[[116.42632,39.84477],[116.42041,39.84478],[116.41923,39.84485]],[[116.28447,39.97315],[116.28336,39.97299],[116.28225,39.97266],[116.28137,39.97205],[116.2808,39.97124],[116.28058,39.9702],[116.28081,39.96882],[116.28162,39.96674],[116.28253,39.96534],[116.28556,39.96157],[116.28855,39.95645],[116.28867,39.95611],[116.28857,39.95263],[116.28777,39.94813],[116.28782,39.9436],[116.28937,39.93661],[116.28945,39.93589],[116.2893,39.93422],[116.28934,39.93014],[116.29114,39.92717],[116.29148,39.92623],[116.29168,39.92533],[116.29166,39.92178],[116.29148,39.91984],[116.29157,39.91843],[116.29182,39.91766],[116.29238,39.9169],[116.2933,39.91652],[116.29731,39.91617],[116.29894,39.9159],[116.30006,39.91555],[116.30234,39.91462],[116.30308,39.91411],[116.30353,39.91365],[116.304,39.91247],[116.30415,39.9112],[116.30415,39.9095],[116.3035,39.90677],[116.30348,39.90574],[116.30409,39.90138],[116.30421,39.89619],[116.30407,39.89485],[116.30369,39.89438],[116.3031,39.89411],[116.30013,39.89316],[116.2981,39.8923],[116.29745,39.89177],[116.29678,39.89102],[116.29661,39.89039],[116.29661,39.88036],[116.29695,39.8766],[116.29732,39.8739],[116.29743,39.86835],[116.29776,39.86516],[116.29833,39.85447],[116.29824,39.85344],[116.29786,39.85129],[116.29797,39.84982],[116.3005,39.84463],[116.30084,39.84418],[116.3019,39.84353],[116.30318,39.84318],[116.30695,39.84313],[116.32874,39.84313],[116.34396,39.84457],[116.3633,39.84442],[116.37136,39.84448],[116.38066,39.8437],[116.39348,39.84395],[116.40867,39.84449],[116.41333,39.84485],[116.41888,39.84478],[116.42039,39.84465],[116.42634,39.84464],[116.43165,39.84439],[116.44346,39.84453],[116.44653,39.84482],[116.44784,39.84521],[116.44852,39.84586],[116.44863,39.84634],[116.44859,39.84705],[116.44608,39.85653],[116.44588,39.85755],[116.44597,39.85805],[116.44645,39.85895],[116.4477,39.86016],[116.45351,39.86495],[116.45423,39.86596],[116.45459,39.86691],[116.45485,39.86827],[116.45507,39.8749],[116.45526,39.88312],[116.45535,39.89283],[116.45601,39.90856],[116.45573,39.92271],[116.45586,39.93298],[116.45633,39.93855],[116.45638,39.94922],[116.4563,39.94985],[116.45607,39.95058],[116.45573,39.95124],[116.45531,39.95174],[116.45436,39.95257],[116.45055,39.95505],[116.45024,39.95541],[116.44982,39.95621],[116.44965,39.95728],[116.44991,39.95823],[116.45031,39.95879],[116.45234,39.96063],[116.45286,39.96151],[116.453,39.96238],[116.45289,39.9628],[116.45259,39.96333],[116.45211,39.96379],[116.44378,39.96948],[116.43625,39.97492],[116.43438,39.97542],[116.43247,39.97571],[116.43042,39.97584],[116.42407,39.97589],[116.4105,39.97568],[116.40092,39.97582],[116.3869,39.97574],[116.38052,39.97556],[116.37643,39.97515],[116.36308,39.97496],[116.34673,39.97494],[116.34263,39.97522],[116.33352,39.97521],[116.31237,39.97476],[116.29933,39.97436],[116.29781,39.97422],[116.29524,39.97368],[116.29397,39.97355],[116.28447,39.97315]],[[116.28447,39.97312],[116.28845,39.97334],[116.29398,39.97351],[116.29524,39.97364],[116.29782,39.97418],[116.29933,39.97433],[116.31237,39.97473],[116.32754,39.975],[116.33351,39.9751],[116.33478,39.97502],[116.34208,39.97501],[116.34672,39.97479],[116.36308,39.97484],[116.37643,39.97504],[116.38222,39.97557],[116.38953,39.97563],[116.39073,39.97572],[116.40092,39.97578],[116.4105,39.97565],[116.42408,39.97583],[116.43053,39.97569],[116.43246,39.97557],[116.43513,39.97509],[116.43614,39.97482],[116.44366,39.96939],[116.45198,39.96371],[116.45244,39.96327],[116.45273,39.96277],[116.45284,39.96238],[116.45271,39.96155],[116.45218,39.96071],[116.45017,39.95887],[116.44974,39.95829],[116.44959,39.95795],[116.44947,39.95728],[116.44965,39.95618],[116.45008,39.95535],[116.45041,39.95496],[116.45424,39.95246],[116.45517,39.95167],[116.45557,39.95117],[116.4559,39.95053],[116.45612,39.94983],[116.45619,39.94921],[116.45615,39.93854],[116.45533,39.93298],[116.45515,39.9227],[116.45527,39.91528],[116.45511,39.90856],[116.45513,39.89217],[116.4547,39.86816],[116.45435,39.86651],[116.45342,39.865],[116.45288,39.86447],[116.44691,39.85958],[116.44609,39.8587],[116.4458,39.85788],[116.44575,39.85723],[116.44752,39.85067],[116.44841,39.84683],[116.44831,39.84591],[116.44817,39.8457],[116.44776,39.84527],[116.44694,39.84501],[116.44525,39.84472],[116.44347,39.8446],[116.43168,39.84449],[116.42426,39.84487],[116.41333,39.8449],[116.40865,39.84458],[116.38065,39.84377],[116.37136,39.84455],[116.36329,39.8445],[116.34396,39.84465],[116.32874,39.84322],[116.31084,39.84321],[116.30382,39.84333],[116.30223,39.84365],[116.30114,39.84432],[116.30076,39.84477],[116.30003,39.84612],[116.29853,39.84907],[116.29824,39.84986],[116.29815,39.85146],[116.29849,39.8537],[116.29852,39.85451],[116.29785,39.86595],[116.29756,39.8683],[116.29746,39.8738],[116.29686,39.87889],[116.29674,39.88221],[116.2968,39.89044],[116.29702,39.89103],[116.2978,39.89184],[116.2985,39.8923],[116.30012,39.89302],[116.30283,39.89389],[116.3038,39.89429],[116.30412,39.8946],[116.30432,39.89497],[116.3044,39.89618],[116.30441,39.90171],[116.30469,39.90428],[116.30498,39.90567],[116.30492,39.90713],[116.30437,39.9087],[116.30425,39.90928],[116.30423,39.91201],[116.304,39.91308],[116.3037,39.91374],[116.30226,39.91494],[116.30052,39.91562],[116.29825,39.91626],[116.29317,39.91679],[116.29252,39.91729],[116.29209,39.91779],[116.29186,39.91831],[116.29166,39.91904],[116.29184,39.92536],[116.29168,39.9262],[116.29125,39.92731],[116.28962,39.93015],[116.28945,39.93385],[116.28964,39.93538],[116.28959,39.93661],[116.28811,39.94307],[116.28799,39.94407],[116.28803,39.94812],[116.28832,39.95029],[116.2887,39.95216],[116.28891,39.95579],[116.28867,39.95649],[116.28553,39.96186],[116.28276,39.96525],[116.28183,39.96681],[116.28102,39.96887],[116.28079,39.97027],[116.28092,39.97115],[116.28147,39.972],[116.28229,39.97261],[116.28341,39.97295],[116.28447,39.97312]]]}},{"type":"Feature","properties":{"r":"bj","col":"#ae005f","n":"北京地铁5号线"},"geometry":{"type":"MultiLineString","coordinates":[[[116.40658,40.08392],[116.40712,40.07687],[116.40614,40.07128],[116.40609,40.0705],[116.40734,40.05407],[116.40706,40.053],[116.40524,40.05039],[116.4049,40.04968],[116.40475,40.04859],[116.40485,40.04623],[116.40502,40.04539],[116.40525,40.04492],[116.40672,40.04319],[116.40867,40.03977],[116.40905,40.03871],[116.40962,40.03622],[116.40997,40.03552],[116.41076,40.03443],[116.41113,40.03361],[116.41177,40.03091],[116.41187,40.02993],[116.41179,40.02564],[116.41144,40.02362],[116.41139,40.01837],[116.41124,40.0169],[116.41017,40.01192],[116.41,40.00969],[116.41012,40.00819],[116.41075,40.00391],[116.41137,40.00047],[116.41129,39.99896],[116.41076,39.99504],[116.41069,39.98948],[116.41215,39.95739],[116.41257,39.95131],[116.41246,39.95091],[116.41228,39.95075],[116.4102,39.94929],[116.40999,39.94868],[116.41021,39.94405],[116.41074,39.94076],[116.41085,39.9382],[116.41105,39.93683],[116.41163,39.92168],[116.41159,39.91995],[116.41171,39.91616],[116.41222,39.90775],[116.41227,39.90474],[116.41218,39.90111],[116.41271,39.88741],[116.4128,39.88667],[116.41295,39.88626],[116.41414,39.88399],[116.41446,39.88291],[116.41534,39.86478],[116.41548,39.85682],[116.41582,39.84735],[116.41599,39.84664],[116.41649,39.84577],[116.41697,39.84526],[116.41749,39.84491],[116.4183,39.84464],[116.41935,39.84448],[116.42201,39.84436]],[[116.42201,39.84439],[116.4211,39.84439],[116.41884,39.84465],[116.41756,39.84499],[116.41707,39.84533],[116.4166,39.84582],[116.41612,39.84667],[116.41595,39.84736],[116.4155,39.86478],[116.41463,39.88291],[116.41429,39.88403],[116.4131,39.8863],[116.41287,39.88742],[116.41242,39.90013],[116.41245,39.90615],[116.41189,39.91616],[116.41182,39.92169],[116.41124,39.93683],[116.41103,39.9382],[116.41094,39.94076],[116.4104,39.94406],[116.41018,39.94837],[116.41021,39.94897],[116.41035,39.94922],[116.41242,39.95067],[116.41261,39.95086],[116.41274,39.9513],[116.41236,39.95658],[116.41075,39.98948],[116.41081,39.9947],[116.41136,39.99896],[116.41143,40.00047],[116.41018,40.0082],[116.41006,40.00969],[116.41021,40.01192],[116.41129,40.0169],[116.41141,40.01807],[116.41148,40.02362],[116.41184,40.02563],[116.41193,40.02993],[116.41183,40.03092],[116.4112,40.03362],[116.41094,40.03422],[116.41001,40.03555],[116.40967,40.03623],[116.40911,40.03871],[116.40886,40.03948],[116.40699,40.04288],[116.4053,40.04495],[116.40508,40.04541],[116.40492,40.04607],[116.40478,40.04848],[116.40493,40.04968],[116.40528,40.05039],[116.4069,40.05266],[116.40733,40.05369],[116.40738,40.05408],[116.40615,40.07008],[116.40624,40.07162],[116.40717,40.07687],[116.40668,40.08392]]]}},{"type":"Feature","properties":{"r":"bj","col":"#9b91b1","n":"北京地铁首都机场线"},"geometry":{"type":"MultiLineString","coordinates":[[[116.41193,39.93968],[116.43136,39.94003],[116.43198,39.94014],[116.4323,39.94038],[116.43243,39.94072],[116.43238,39.9419],[116.43255,39.94238],[116.44621,39.9545],[116.44944,39.9586],[116.45043,39.95969],[116.45122,39.96039],[116.45406,39.96225],[116.45695,39.96495],[116.46273,39.96987],[116.46659,39.97363],[116.47684,39.98296],[116.48719,39.99219],[116.49308,39.99719],[116.49614,40.00018],[116.50109,40.00469],[116.5105,40.01306],[116.51099,40.01337],[116.52275,40.01735],[116.55593,40.02925],[116.55794,40.02977],[116.5611,40.0301],[116.56305,40.03049],[116.5708,40.03357],[116.5721,40.03397],[116.57314,40.03417],[116.57875,40.03469],[116.58623,40.03565],[116.60109,40.03554],[116.60266,40.03574],[116.60389,40.03612],[116.605,40.03667],[116.60955,40.03989],[116.61048,40.0408],[116.6109,40.04157],[116.61105,40.04229],[116.61104,40.04302],[116.60969,40.05176]],[[116.5872,40.07754],[116.58711,40.07708],[116.58563,40.07276],[116.58559,40.07227],[116.58837,40.05413],[116.58868,40.05351],[116.5972,40.0454],[116.59748,40.04474],[116.59779,40.04037],[116.59776,40.0396],[116.59752,40.03878],[116.59717,40.03817],[116.59669,40.03757],[116.59595,40.03692],[116.59529,40.03652],[116.59423,40.03607],[116.59273,40.03575],[116.58589,40.03567],[116.57875,40.03473],[116.57313,40.03422],[116.57165,40.0339],[116.56303,40.03053],[116.5611,40.03014],[116.55793,40.02981],[116.55591,40.02929],[116.52255,40.01733],[116.51098,40.0134],[116.51046,40.01308],[116.50105,40.00471],[116.4961,40.0002],[116.493,39.99721],[116.48715,39.99222],[116.47683,39.98298],[116.46657,39.97366],[116.46269,39.96988],[116.45935,39.9671],[116.45365,39.96197],[116.4511,39.96046],[116.45031,39.95976],[116.44932,39.95865],[116.44612,39.95454],[116.43248,39.9424],[116.4323,39.9419],[116.43233,39.94072],[116.43221,39.94041],[116.43194,39.94021],[116.43135,39.94008],[116.41193,39.93972]],[[116.5872,40.07754],[116.58713,40.07801]],[[116.6101,40.04875],[116.61103,40.0425],[116.61097,40.04198],[116.61075,40.04137],[116.61007,40.0404],[116.60591,40.0374],[116.60505,40.03695],[116.60404,40.03662],[116.60241,40.03649],[116.60119,40.03669],[116.60002,40.03716],[116.59894,40.03797],[116.59847,40.03863],[116.59814,40.03935],[116.59787,40.04108],[116.5976,40.04475],[116.59731,40.04542],[116.58879,40.05355],[116.58849,40.05413],[116.58567,40.07227],[116.5857,40.07274],[116.58719,40.07708],[116.5872,40.07754]]]}},{"type":"Feature","properties":{"r":"gba","col":"#00ab39","n":"深圳地铁1号线"},"geometry":{"type":"MultiLineString","coordinates":[[[114.11368,22.54024],[114.11387,22.5443],[114.1138,22.54494],[114.1136,22.54544],[114.11308,22.546],[114.11229,22.54651],[114.10995,22.54737],[114.1092,22.54748],[114.10845,22.54731],[114.10744,22.54675],[114.10522,22.54594],[114.10438,22.54552],[114.10175,22.54386],[114.10048,22.54351],[114.09267,22.54335],[114.09084,22.54316],[114.07376,22.5429],[114.07255,22.54276],[114.0717,22.54243],[114.07108,22.54196],[114.07067,22.54151],[114.0698,22.54017],[114.06916,22.5396],[114.06832,22.53916],[114.06535,22.53792],[114.06399,22.53758],[114.04966,22.53729],[114.04646,22.53737],[114.04522,22.53768],[114.04413,22.53817],[114.04032,22.54077],[114.03916,22.54142],[114.03804,22.54182],[114.03632,22.54193],[114.03464,22.54176],[114.03051,22.54111],[114.02865,22.5406],[114.02366,22.5396],[114.01748,22.53854],[114.01647,22.53827],[114.01331,22.53701],[114.00626,22.53568],[114.00501,22.5355],[113.9997,22.5352],[113.99555,22.53484],[113.99409,22.53484],[113.99237,22.53509],[113.98869,22.53605],[113.98759,22.53621],[113.98344,22.5363],[113.98148,22.53624],[113.97835,22.53631],[113.97762,22.53643],[113.97697,22.53667],[113.97453,22.53792],[113.97306,22.53849],[113.97055,22.5393],[113.96131,22.54279],[113.95939,22.54328],[113.95764,22.5434],[113.9468,22.54314],[113.94298,22.54355],[113.94227,22.54351],[113.9412,22.54319],[113.9401,22.54246],[113.93636,22.53794],[113.93527,22.53693],[113.93422,22.53641],[113.93137,22.53576],[113.92916,22.5355],[113.92413,22.53538],[113.92078,22.53533],[113.9145,22.5355],[113.91013,22.53521],[113.89749,22.53504],[113.89649,22.53514],[113.8955,22.53545],[113.89452,22.53597],[113.89399,22.53649],[113.8936,22.53703],[113.89316,22.53802],[113.893,22.53902],[113.89289,22.54597],[113.8928,22.54652],[113.89247,22.54738],[113.89168,22.5486],[113.87595,22.56364],[113.87402,22.56528],[113.85969,22.57672],[113.85146,22.58373],[113.85079,22.58433],[113.85035,22.58488],[113.85009,22.58561],[113.84996,22.58643],[113.84964,22.59051],[113.84946,22.59124],[113.84899,22.59209],[113.84772,22.59353],[113.84665,22.59494],[113.84529,22.59709],[113.83762,22.61286],[113.83429,22.62031],[113.83366,22.62224],[113.83217,22.62829],[113.83168,22.62952],[113.82958,22.63288],[113.82854,22.63435],[113.82787,22.63507],[113.82555,22.6371],[113.82418,22.63877],[113.82305,22.64067],[113.82132,22.64314],[113.81597,22.65291]],[[114.11368,22.54024],[114.11387,22.5443],[114.1138,22.54494],[114.1136,22.54544],[114.11308,22.546],[114.11229,22.54651],[114.10995,22.54737],[114.1092,22.54748],[114.10845,22.54731],[114.10753,22.54685],[114.10519,22.54601],[114.10398,22.5454],[114.10163,22.54393],[114.10048,22.54358],[114.09267,22.54343],[114.09085,22.54352],[114.08824,22.54347],[114.08606,22.5432],[114.07855,22.54312],[114.07376,22.54297],[114.07253,22.54282],[114.07166,22.54248],[114.07104,22.54201],[114.07062,22.54154],[114.06975,22.54021],[114.06887,22.5395],[114.06532,22.53799],[114.06441,22.53772],[114.06392,22.53767],[114.04772,22.53739],[114.04648,22.5375],[114.04529,22.53779],[114.04418,22.53828],[114.04036,22.54087],[114.03857,22.54178],[114.03713,22.54203],[114.03546,22.542],[114.0305,22.54119],[114.02815,22.54059],[114.01759,22.53875],[114.01682,22.53853],[114.01366,22.53721],[114.01293,22.53704],[114.00511,22.53576],[113.99619,22.53501],[113.99487,22.53498],[113.99258,22.53527],[113.98818,22.53635],[113.97834,22.53666],[113.97719,22.53681],[113.97413,22.53819],[113.96755,22.54063],[113.96135,22.5429],[113.95942,22.54335],[113.95766,22.54347],[113.94697,22.54325],[113.94299,22.54368],[113.94224,22.54362],[113.94152,22.54344],[113.94078,22.54311],[113.94023,22.54273],[113.93594,22.53759],[113.93523,22.53698],[113.93419,22.53648],[113.93135,22.53583],[113.92915,22.53556],[113.92588,22.53548],[113.92079,22.5354],[113.91451,22.53555],[113.91035,22.53527],[113.90569,22.53518],[113.89702,22.53513],[113.8957,22.53548],[113.89499,22.53582],[113.89424,22.53642],[113.89363,22.53727],[113.89326,22.53816],[113.89317,22.539],[113.89305,22.54597],[113.89273,22.54714],[113.89194,22.54845],[113.876,22.56369],[113.85971,22.57674],[113.85148,22.58375],[113.85081,22.58434],[113.85037,22.58489],[113.85012,22.58562],[113.84999,22.58643],[113.84966,22.59051],[113.84949,22.59125],[113.84902,22.5921],[113.84775,22.59355],[113.84668,22.59495],[113.84532,22.5971],[113.83764,22.61287],[113.83432,22.62032],[113.83369,22.62224],[113.83223,22.62827],[113.83161,22.62987],[113.83042,22.63182],[113.82886,22.63411],[113.82791,22.6351],[113.82551,22.63721],[113.82436,22.63857],[113.82315,22.64059],[113.82134,22.64319],[113.81601,22.65293]],[[114.11278,22.53209],[114.11391,22.53636],[114.11368,22.54024]],[[114.11292,22.53206],[114.11396,22.53629],[114.11368,22.54024]],[[114.11301,22.53204],[114.11382,22.53563]]]}},{"type":"Feature","properties":{"r":"gba","col":"#f173ac","n":"港鐵迪士尼綫"},"geometry":{"type":"LineString","coordinates":[[114.02729,22.33011],[114.02964,22.33226],[114.03051,22.33271],[114.03134,22.33285],[114.03221,22.33274],[114.03298,22.33243],[114.03373,22.33193],[114.03479,22.3309],[114.03505,22.3305],[114.03528,22.32991],[114.03535,22.32912],[114.03488,22.32553],[114.03493,22.32375],[114.03543,22.3217],[114.03644,22.31923],[114.03702,22.31828],[114.03765,22.31763],[114.03839,22.31713],[114.0414,22.31585],[114.04319,22.31555],[114.04687,22.31554]]}},{"type":"Feature","properties":{"r":"gba","col":"#44adc3","n":"輕鐵614綫"},"geometry":{"type":"MultiLineString","coordinates":[[[113.97499,22.38339],[113.97475,22.3832],[113.97087,22.38341],[113.9706,22.38328],[113.97023,22.38016],[113.96983,22.37974],[113.96731,22.37818],[113.96705,22.37775],[113.96658,22.37636],[113.96662,22.37573],[113.96802,22.37326],[113.96815,22.37253],[113.9681,22.3722],[113.96793,22.37204],[113.96762,22.37199],[113.96685,22.37224],[113.96666,22.37253]],[[113.97823,22.41129],[113.9777,22.40955],[113.97766,22.40906],[113.97791,22.40858],[113.97873,22.40793],[113.97892,22.40766],[113.97873,22.4059],[113.97894,22.40539],[113.97958,22.40446],[113.97969,22.40408],[113.97967,22.40367],[113.97751,22.399],[113.97743,22.39781],[113.97783,22.39545],[113.9778,22.39515],[113.97749,22.39487],[113.97477,22.39398],[113.97464,22.39383],[113.97465,22.39367]],[[114.00518,22.43884],[114.00402,22.43813]],[[114.03433,22.44565],[114.03547,22.44548]]]}},{"type":"Feature","properties":{"r":"gba","col":"#1a8539","n":"輕鐵507綫"},"geometry":{"type":"MultiLineString","coordinates":[[[113.96574,22.40484],[113.96621,22.40464],[113.96672,22.40455]],[[113.96584,22.37301],[113.96551,22.37286],[113.96549,22.37269],[113.96562,22.37252],[113.96737,22.37206],[113.96783,22.37204],[113.96806,22.37221],[113.96812,22.37247],[113.96798,22.37323],[113.96659,22.37568],[113.96652,22.37627],[113.96702,22.37779],[113.96728,22.3782],[113.96983,22.37978],[113.97017,22.38013],[113.97031,22.38064],[113.97051,22.38318],[113.97059,22.38338],[113.97079,22.38345],[113.9747,22.38325],[113.97494,22.38343],[113.97516,22.3887],[113.97511,22.38982],[113.97485,22.39088],[113.97499,22.3926],[113.97493,22.39296],[113.97443,22.39382],[113.97368,22.39368],[113.97257,22.39392],[113.97232,22.3941],[113.97222,22.39432],[113.97344,22.39885],[113.97496,22.40091],[113.9753,22.40153],[113.97542,22.40199],[113.97537,22.40217],[113.97521,22.4023],[113.974,22.40268],[113.97313,22.40268],[113.97264,22.40278],[113.97155,22.40271],[113.96985,22.40461],[113.96951,22.4049],[113.96805,22.40449],[113.96659,22.40452],[113.96618,22.40461],[113.96493,22.40516],[113.96369,22.40535],[113.96336,22.40556],[113.9632,22.40591],[113.96327,22.40631],[113.96431,22.40744],[113.96482,22.4077],[113.96557,22.40784],[113.96598,22.40779]],[[113.96665,22.37229],[113.96644,22.37237],[113.96611,22.3729],[113.96588,22.373]],[[113.97519,22.40236],[113.97548,22.40204]]]}},{"type":"Feature","properties":{"r":"gba","col":"#70147b","n":"輕鐵761P綫"},"geometry":{"type":"MultiLineString","coordinates":[[[113.99956,22.4673],[113.9995,22.46717]],[[114.034,22.44583],[114.03503,22.44575],[114.0354,22.4455],[114.03586,22.44546],[114.03602,22.44526],[114.03599,22.44504],[114.03582,22.4449],[114.03563,22.44489],[114.03529,22.44539],[114.03458,22.44542],[114.03424,22.44564],[114.03366,22.44576],[114.03316,22.44554],[114.03226,22.44458],[114.03187,22.44443],[114.02089,22.44455],[114.01799,22.44407],[114.01663,22.44405],[114.01393,22.4435],[114.01259,22.44308],[114.01085,22.44233],[114.00441,22.43842],[114.00418,22.4386],[114.00432,22.43997],[114.00522,22.44225],[114.00548,22.44326],[114.00591,22.4443],[114.00581,22.44467],[114.0043,22.44729],[114.00384,22.44828]],[[114.00393,22.44826],[114.00434,22.44746]],[[114.00423,22.43871],[114.00435,22.43852],[114.00459,22.43853]]]}},{"type":"Feature","properties":{"r":"gba","col":"#8d3219","n":"輕鐵610綫"},"geometry":{"type":"MultiLineString","coordinates":[[[113.96584,22.37301],[113.96492,22.37326],[113.96266,22.37365],[113.96231,22.3738],[113.96042,22.3759],[113.9603,22.37626],[113.96039,22.37653],[113.96184,22.37829],[113.96275,22.37961],[113.96347,22.38231],[113.96418,22.38381],[113.96546,22.38614],[113.96599,22.38821],[113.96743,22.39137],[113.96743,22.39478],[113.9672,22.39838],[113.96774,22.40142],[113.96776,22.40204],[113.9676,22.40265],[113.96717,22.40347],[113.96648,22.40423],[113.96652,22.40447],[113.9667,22.40455],[113.96804,22.40452],[113.96953,22.40495],[113.9716,22.40278],[113.97267,22.40285],[113.97316,22.40272],[113.97393,22.40273],[113.97519,22.40236],[113.97545,22.40239],[113.97883,22.41354],[113.97977,22.41479],[113.98171,22.4185],[113.9826,22.41973],[113.99139,22.42897],[113.99396,22.43115],[114.00232,22.43711],[114.01022,22.44203],[114.01177,22.4428],[114.01348,22.44342],[114.01664,22.44409],[114.01796,22.44409],[114.02092,22.44459],[114.0318,22.44446],[114.03221,22.4446],[114.03301,22.44546],[114.03348,22.44576],[114.034,22.44583],[114.03439,22.44563],[114.03526,22.4456]],[[113.96677,22.37225],[113.96638,22.3728],[113.96601,22.37296]],[[113.96683,22.4045],[113.96659,22.40437],[113.96662,22.40413]],[[113.97558,22.40247],[113.97542,22.40232],[113.97515,22.40233]]]}},{"type":"Feature","properties":{"r":"gba","col":"#f4e619","n":"輕鐵615綫"},"geometry":{"type":"MultiLineString","coordinates":[[[113.9669,22.37222],[113.9666,22.37231],[113.96641,22.3726]],[[113.96734,22.39674],[113.96752,22.39483],[113.96745,22.39129],[113.96599,22.38809],[113.96553,22.3862],[113.96346,22.38209],[113.96279,22.37958],[113.96186,22.37827],[113.96043,22.37652],[113.96035,22.3762],[113.96045,22.37592],[113.96234,22.37383],[113.96271,22.37369],[113.96494,22.3733],[113.96735,22.37259],[113.96748,22.37245],[113.96747,22.37227],[113.96732,22.37215],[113.96713,22.37216]],[[114.03421,22.44575],[114.03519,22.44565]]]}},{"type":"Feature","properties":{"r":"bj","col":"#008994","n":"北京地铁4号线/大兴线"},"geometry":{"type":"MultiLineString","coordinates":[[[116.26398,40.01103],[116.26411,40.00836],[116.26481,40.00614],[116.26558,40.00463],[116.26657,40.00332],[116.26753,40.00243],[116.26845,40.00182],[116.26944,40.00144],[116.27347,40.00079],[116.28797,39.9958],[116.28873,39.99564],[116.28947,39.99558],[116.29917,39.99619],[116.29986,39.9963],[116.30043,39.99652],[116.30249,39.99789],[116.30453,39.99843],[116.30572,39.99856],[116.30685,39.99849],[116.30768,39.99829],[116.30863,39.9978],[116.30945,39.99692],[116.30984,39.9955],[116.30948,39.99288],[116.30947,39.99217],[116.3107,39.97715],[116.3112,39.97531],[116.31168,39.97405],[116.31514,39.967],[116.31584,39.96512],[116.31614,39.96401],[116.3165,39.96196],[116.31779,39.95024],[116.31918,39.93946],[116.31942,39.93879],[116.31974,39.9383],[116.3203,39.93787],[116.32089,39.93756],[116.32184,39.93733],[116.32324,39.93714],[116.32693,39.93687],[116.33009,39.93677],[116.33872,39.93723],[116.34282,39.9384],[116.34734,39.93902],[116.36218,39.93939],[116.36367,39.93915],[116.36442,39.93885],[116.36551,39.93806],[116.36599,39.93729],[116.36619,39.9368],[116.36642,39.93567],[116.36636,39.93383],[116.36673,39.92195],[116.36715,39.91557],[116.36744,39.90843],[116.36764,39.90672],[116.36796,39.89763],[116.36812,39.88879],[116.36808,39.87328],[116.3683,39.8724],[116.36855,39.87193],[116.36892,39.87154],[116.3705,39.87075],[116.37096,39.8702],[116.37113,39.86958],[116.37138,39.86698],[116.37157,39.86637],[116.37239,39.8648],[116.37277,39.86279],[116.37277,39.86186],[116.37257,39.86132],[116.37223,39.86077],[116.37175,39.86028],[116.36563,39.8556],[116.36537,39.85526],[116.36519,39.85477],[116.36451,39.83241],[116.36416,39.83121],[116.35886,39.81724],[116.3587,39.8164],[116.35873,39.81549],[116.35922,39.81225],[116.35918,39.81164],[116.35926,39.81116]],[[116.26403,40.01103],[116.26417,40.00837],[116.26433,40.00775],[116.26492,40.00612],[116.26574,40.00463],[116.26672,40.00334],[116.26765,40.00247],[116.26856,40.00189],[116.26951,40.00153],[116.27356,40.00087],[116.28805,39.99588],[116.28878,39.99573],[116.28949,39.99567],[116.29915,39.99628],[116.30036,39.9966],[116.30205,39.99775],[116.30283,39.99813],[116.30451,39.99853],[116.30586,39.99868],[116.30705,39.99865],[116.30827,39.99831],[116.30935,39.99757],[116.30978,39.99702],[116.31001,39.99633],[116.31011,39.99549],[116.30969,39.99287],[116.30967,39.9922],[116.31092,39.9771],[116.31141,39.97529],[116.31189,39.97404],[116.31544,39.96677],[116.31635,39.96398],[116.3167,39.96193],[116.31736,39.95564],[116.31931,39.94111],[116.31974,39.93888],[116.32007,39.93834],[116.32124,39.93766],[116.32202,39.93749],[116.32492,39.93715],[116.33008,39.93689],[116.3387,39.93731],[116.34294,39.9385],[116.34734,39.93909],[116.36222,39.93947],[116.36294,39.93942],[116.36376,39.93922],[116.36454,39.93891],[116.36526,39.93845],[116.36571,39.93804],[116.36619,39.93729],[116.36656,39.93613],[116.36663,39.93561],[116.3666,39.93226],[116.36693,39.92189],[116.36735,39.91551],[116.36773,39.90552],[116.368,39.90243],[116.36817,39.89763],[116.36834,39.88879],[116.36829,39.87332],[116.36867,39.87251],[116.36915,39.8721],[116.37135,39.87102],[116.37193,39.87056],[116.37229,39.87004],[116.37266,39.8675],[116.37268,39.86471],[116.37304,39.86283],[116.37302,39.86189],[116.37238,39.86072],[116.37183,39.86021],[116.36575,39.85557],[116.36543,39.85477],[116.36505,39.84339],[116.36457,39.83241],[116.36422,39.83119],[116.35891,39.81723],[116.35875,39.8164],[116.35878,39.81549],[116.35909,39.81334],[116.35927,39.81225],[116.35948,39.81166],[116.36008,39.80779],[116.36005,39.80666],[116.35964,39.80574],[116.35885,39.80488],[116.35754,39.8041],[116.35609,39.80373],[116.35439,39.80345],[116.34928,39.80309],[116.34338,39.80339],[116.33884,39.80323],[116.33562,39.80351],[116.33469,39.80349],[116.3334,39.80326],[116.33219,39.80276],[116.3237,39.79748],[116.32276,39.79665],[116.32231,39.79596],[116.32215,39.79553],[116.32203,39.79495],[116.32207,39.79408],[116.32341,39.78181],[116.32405,39.77892],[116.32471,39.77149],[116.32572,39.76316],[116.32585,39.76144],[116.32614,39.7528],[116.32669,39.72095],[116.32657,39.72026],[116.32606,39.71954],[116.32564,39.71921],[116.32419,39.71842],[116.3235,39.71822],[116.31602,39.71725],[116.31482,39.71699],[116.31368,39.71649],[116.31278,39.71584],[116.31238,39.71505],[116.3123,39.71431],[116.31239,39.71368],[116.31319,39.71034],[116.31515,39.70655],[116.31624,39.70027],[116.3157,39.68354],[116.31557,39.68267],[116.31408,39.67716],[116.31391,39.66783]]]}},{"type":"Feature","properties":{"r":"gba","col":"#e6180a","n":"輕鐵505綫"},"geometry":{"type":"MultiLineString","coordinates":[[[113.96608,22.39647],[113.96607,22.39677]],[[113.97227,22.39416],[113.97207,22.39438],[113.96975,22.39496],[113.96828,22.3953],[113.96756,22.39531],[113.96738,22.39552]],[[113.97597,22.40933],[113.97522,22.40847],[113.9742,22.40784],[113.97005,22.40662],[113.96953,22.40663],[113.9671,22.40749],[113.96551,22.40779],[113.96479,22.40765],[113.96443,22.40748],[113.96392,22.40703],[113.96327,22.40617],[113.96328,22.40577],[113.96356,22.40545],[113.96494,22.40519],[113.96574,22.40484],[113.96621,22.40452],[113.96708,22.40366],[113.96765,22.40264],[113.96779,22.40214],[113.9678,22.4016],[113.96724,22.39838],[113.96752,22.39545],[113.97206,22.39442],[113.97232,22.39416]],[[113.9752,22.38882],[113.97497,22.3831],[113.97502,22.3828],[113.97523,22.38242],[113.97547,22.38232],[113.97723,22.383],[113.97751,22.38292],[113.97758,22.38269],[113.9775,22.38256],[113.97718,22.38242],[113.97628,22.38252],[113.97559,22.38227],[113.97537,22.38228],[113.97515,22.38244],[113.97485,22.38302],[113.97489,22.38333]],[[113.97813,22.41184],[113.97828,22.41146]]]}},{"type":"Feature","properties":{"r":"bj","col":"#d61572","n":"北京地铁亦庄线"},"geometry":{"type":"MultiLineString","coordinates":[[[116.42211,39.84306],[116.42215,39.83597],[116.4223,39.83534],[116.42266,39.83492],[116.42332,39.8345],[116.42417,39.83422],[116.43161,39.83279],[116.44411,39.83273],[116.44574,39.83254],[116.44709,39.83226],[116.44932,39.83157],[116.45011,39.83107],[116.4512,39.83011],[116.45171,39.82948],[116.45234,39.82839],[116.45407,39.82479],[116.45428,39.8241],[116.45453,39.82258],[116.45445,39.82018],[116.45484,39.816],[116.45504,39.81122],[116.45492,39.81019],[116.45429,39.8079],[116.45428,39.8071],[116.45445,39.80634],[116.45521,39.80432],[116.45587,39.80336],[116.45699,39.80233],[116.45873,39.80143],[116.46206,39.80047],[116.46446,39.80008],[116.46697,39.80008],[116.46917,39.80046],[116.47721,39.80251],[116.48591,39.80616],[116.48743,39.80663],[116.48966,39.80693],[116.49149,39.80686],[116.49334,39.8065],[116.49491,39.80593],[116.49652,39.80499],[116.49788,39.80376],[116.52451,39.77104],[116.52514,39.77049],[116.52569,39.77015],[116.52707,39.76965],[116.52877,39.76958],[116.5298,39.76978],[116.53065,39.77012],[116.55765,39.78311],[116.56573,39.78709],[116.56799,39.78829],[116.57192,39.79102],[116.57533,39.79372],[116.59615,39.81153]],[[116.59604,39.81158],[116.57275,39.79172],[116.56796,39.78834],[116.56571,39.78711],[116.56191,39.78522],[116.53062,39.77015],[116.52978,39.76982],[116.52877,39.76962],[116.52708,39.76968],[116.52571,39.77017],[116.52516,39.77051],[116.52454,39.77105],[116.49814,39.80352],[116.49751,39.80421],[116.49629,39.80519],[116.49562,39.80561],[116.49432,39.80621],[116.49235,39.80677],[116.49035,39.80698],[116.488,39.80678],[116.48589,39.80619],[116.47719,39.80254],[116.46916,39.8005],[116.46697,39.80012],[116.46471,39.80009],[116.4629,39.80034],[116.45907,39.80135],[116.45813,39.80171],[116.45677,39.80253],[116.45573,39.8036],[116.45512,39.80462],[116.45436,39.80681],[116.45433,39.8079],[116.45496,39.81019],[116.45508,39.81122],[116.45488,39.816],[116.45449,39.82019],[116.4546,39.82258],[116.45454,39.82335],[116.4542,39.82484],[116.45387,39.82556],[116.45249,39.82844],[116.45185,39.82954],[116.45134,39.83018],[116.45023,39.83117],[116.44941,39.83168],[116.44714,39.83239],[116.44577,39.83267],[116.44411,39.83286],[116.43247,39.83285],[116.43158,39.83292],[116.42419,39.83434],[116.4234,39.8346],[116.42277,39.83499],[116.42243,39.83539],[116.42226,39.83597],[116.42222,39.84032]]]}},{"type":"Feature","properties":{"r":"bj","col":"#653279","n":"北京地铁15号线"},"geometry":{"type":"MultiLineString","coordinates":[[[116.331,39.99922],[116.34664,39.9996],[116.39455,40.00104],[116.40161,40.00112],[116.41579,40.00158],[116.41655,40.00152],[116.41863,40.00109],[116.4206,40.00058],[116.42224,40.00001],[116.42776,39.99939],[116.42882,39.99891],[116.42933,39.99838],[116.43007,39.99728],[116.43047,39.99551],[116.43131,39.99432],[116.43215,39.9936],[116.43282,39.99343],[116.43406,39.99334],[116.44048,39.99384],[116.44717,39.99553],[116.44895,39.99573],[116.46235,39.99595],[116.46282,39.99612],[116.46802,40.00034],[116.46955,40.00082],[116.47667,40.00091],[116.47886,40.00107],[116.48417,40.00347],[116.48548,40.00483],[116.48637,40.00654],[116.48709,40.00903],[116.48736,40.01226],[116.48698,40.01716],[116.48663,40.02826],[116.48672,40.0292],[116.4869,40.02989],[116.4874,40.03067],[116.48788,40.03104],[116.48917,40.03167],[116.49068,40.032],[116.51755,40.03349],[116.51874,40.0336],[116.51994,40.03385],[116.52231,40.03471],[116.52422,40.03601],[116.52557,40.03754],[116.52863,40.04334],[116.53049,40.04718],[116.53355,40.05212],[116.53436,40.05324],[116.53539,40.05427],[116.53653,40.05515],[116.5417,40.05807],[116.5428,40.05879],[116.54673,40.0622],[116.54786,40.06347],[116.54847,40.0646],[116.5487,40.06524],[116.54934,40.06828],[116.55601,40.10739],[116.55708,40.11056],[116.55779,40.11191],[116.56138,40.11707],[116.56216,40.11799],[116.57127,40.12519],[116.57269,40.12597],[116.57416,40.12651],[116.57569,40.12682],[116.57722,40.12695],[116.60058,40.12725],[116.61078,40.12766],[116.62624,40.1279],[116.63894,40.1288],[116.64914,40.12881],[116.66248,40.1284],[116.66376,40.1285],[116.66765,40.12909],[116.66844,40.12935],[116.67193,40.13121],[116.67305,40.13136],[116.67889,40.13128]],[[116.6789,40.13143],[116.67306,40.13149],[116.67187,40.13134],[116.66795,40.12933],[116.66707,40.12909],[116.66248,40.12854],[116.65114,40.12895],[116.63894,40.12894],[116.62663,40.12803],[116.61078,40.12779],[116.5988,40.12725],[116.57721,40.12699],[116.57568,40.12687],[116.57415,40.12655],[116.57234,40.12587],[116.57121,40.12522],[116.5618,40.11777],[116.56098,40.1168],[116.55837,40.11304],[116.55755,40.11178],[116.5571,40.11075],[116.55618,40.10822],[116.55591,40.10713],[116.55208,40.08486],[116.55184,40.08395],[116.5515,40.08143],[116.5488,40.0658],[116.54843,40.06462],[116.54769,40.06332],[116.54669,40.06223],[116.54278,40.05881],[116.54168,40.05809],[116.53648,40.05518],[116.53535,40.0543],[116.5343,40.05325],[116.53349,40.05211],[116.53045,40.04719],[116.52901,40.04454],[116.52701,40.04032],[116.52553,40.03755],[116.52418,40.03603],[116.52322,40.03531],[116.52227,40.03475],[116.52076,40.03412],[116.51992,40.03389],[116.51873,40.03363],[116.51754,40.03353],[116.49062,40.03222],[116.48905,40.03193],[116.48822,40.03161],[116.4871,40.03085],[116.48655,40.02997],[116.48633,40.02921],[116.48628,40.02826],[116.48683,40.01716],[116.4872,40.01227],[116.48697,40.00905],[116.48625,40.00657],[116.48539,40.00489],[116.48409,40.00355],[116.47883,40.00115],[116.47666,40.00101],[116.46954,40.00091],[116.46798,40.00042],[116.46276,39.99619],[116.46234,39.996],[116.44895,39.99576],[116.44716,39.99557],[116.44048,39.99395],[116.43412,39.99348],[116.43225,39.99368],[116.43153,39.99437],[116.43068,39.99552],[116.4302,39.99732],[116.42954,39.9984],[116.42889,39.99905],[116.42784,39.99954],[116.4223,40.00008],[116.42061,40.00066],[116.41867,40.00118],[116.41636,40.00165],[116.41174,40.00161],[116.40162,40.00125],[116.39462,40.00121],[116.39454,40.00114],[116.38444,40.00097],[116.36307,40.00021],[116.331,39.99926]]]}},{"type":"Feature","properties":{"r":"bj","col":"#d85f26","n":"北京地铁房山线"},"geometry":{"type":"MultiLineString","coordinates":[[[116.31772,39.86013],[116.31654,39.85334],[116.31533,39.8494],[116.31449,39.84625],[116.31384,39.84345],[116.31371,39.84207],[116.31385,39.83535],[116.31379,39.83316],[116.31398,39.83011],[116.31391,39.82876],[116.3136,39.82612],[116.31403,39.82336],[116.31426,39.8225],[116.31534,39.82037],[116.3154,39.81953],[116.31514,39.81877],[116.31478,39.81843],[116.31417,39.81808],[116.31253,39.81795],[116.30921,39.8181],[116.30548,39.8185],[116.30217,39.81853],[116.29887,39.81798],[116.29719,39.81748],[116.29682,39.81727],[116.29635,39.81682],[116.2959,39.81582],[116.29581,39.81511],[116.29581,39.81009],[116.29556,39.80914],[116.2952,39.8087],[116.2942,39.8083],[116.2881,39.80733],[116.28706,39.80709],[116.28201,39.8051],[116.27794,39.80378],[116.27239,39.80137],[116.27047,39.80073],[116.26819,39.80027],[116.25619,39.79899],[116.24005,39.79632],[116.23825,39.79615],[116.22335,39.79538],[116.22154,39.79518],[116.21147,39.79339],[116.21034,39.79303],[116.20942,39.79255],[116.20866,39.79193],[116.2079,39.79092],[116.20756,39.78998],[116.2075,39.78906],[116.20766,39.78826],[116.20894,39.78485],[116.20947,39.78316],[116.21028,39.77989],[116.21157,39.77143],[116.21194,39.76963],[116.21222,39.76593],[116.21199,39.76502],[116.21166,39.76448],[116.21094,39.76369],[116.20953,39.76295],[116.20853,39.76268],[116.19717,39.76238],[116.18767,39.76249],[116.18648,39.76229],[116.18577,39.76203],[116.18513,39.7617],[116.18421,39.76095],[116.18355,39.7599],[116.17966,39.75184],[116.17932,39.75097],[116.17878,39.74709],[116.17864,39.74429],[116.17728,39.72992],[116.17722,39.72799],[116.17732,39.7252],[116.17714,39.72445],[116.17688,39.72396],[116.1762,39.72319],[116.17554,39.7227],[116.17418,39.72214],[116.17271,39.72196],[116.11356,39.72188],[116.11238,39.72207],[116.11114,39.72258],[116.10652,39.72608],[116.10536,39.7268],[116.10424,39.72721],[116.10291,39.72744],[116.09035,39.72766]],[[116.09036,39.72762],[116.10292,39.7274],[116.10375,39.72729],[116.10468,39.72704],[116.10597,39.72639],[116.1072,39.72556],[116.11002,39.7233],[116.1114,39.72239],[116.11255,39.72198],[116.11357,39.72183],[116.17172,39.72185],[116.17419,39.72212],[116.17556,39.72268],[116.17623,39.72317],[116.17673,39.72369],[116.17717,39.72444],[116.17736,39.72519],[116.17743,39.73034],[116.17843,39.74184],[116.17892,39.74611],[116.17915,39.74969],[116.17935,39.75096],[116.17969,39.75183],[116.18388,39.76025],[116.18433,39.76089],[116.18519,39.76163],[116.1858,39.76196],[116.18651,39.76224],[116.18767,39.76246],[116.19717,39.76235],[116.20269,39.76248],[116.20575,39.76243],[116.20854,39.76257],[116.20959,39.76286],[116.21098,39.76363],[116.2114,39.76405],[116.21205,39.765],[116.21228,39.76592],[116.21198,39.76964],[116.21161,39.77143],[116.21031,39.77989],[116.2095,39.78317],[116.20759,39.78867],[116.20759,39.78975],[116.20799,39.79087],[116.20874,39.79185],[116.20951,39.79246],[116.21065,39.79303],[116.21149,39.79328],[116.22155,39.79514],[116.22337,39.79534],[116.24006,39.79628],[116.2562,39.79895],[116.2682,39.80023],[116.27049,39.80069],[116.27241,39.80134],[116.27796,39.80374],[116.28128,39.80478],[116.28705,39.80702],[116.28813,39.80726],[116.29443,39.80813],[116.29563,39.80861],[116.29601,39.80913],[116.29624,39.80996],[116.29618,39.81494],[116.2963,39.81582],[116.29679,39.81674],[116.29726,39.81712],[116.29794,39.81749],[116.29984,39.81799],[116.30188,39.81831],[116.30325,39.8184],[116.30509,39.8184],[116.30869,39.818],[116.31271,39.81775],[116.31417,39.81793],[116.31531,39.81855],[116.31562,39.81959],[116.31551,39.82058],[116.31483,39.82179],[116.31428,39.82332],[116.3139,39.82574],[116.31418,39.82876],[116.3142,39.83005],[116.31398,39.83357],[116.31386,39.84244],[116.31406,39.84387],[116.31538,39.84918],[116.31679,39.85331],[116.31723,39.85555],[116.3179,39.86011]]]}},{"type":"Feature","properties":{"r":"bj","col":"#007e84","n":"北京地铁大兴线"},"geometry":{"type":"LineString","coordinates":[[116.35926,39.81116],[116.35978,39.80775],[116.3598,39.80666],[116.35945,39.80578],[116.35873,39.8049],[116.35751,39.80415],[116.35608,39.80376],[116.35438,39.80349],[116.34928,39.80313],[116.34338,39.80343],[116.33884,39.80327],[116.33512,39.80355],[116.33383,39.8034],[116.33299,39.80316],[116.33217,39.80279],[116.32367,39.7975],[116.32272,39.79667],[116.32226,39.79597],[116.3221,39.79554],[116.32198,39.79495],[116.32202,39.79408],[116.32335,39.78181],[116.32386,39.77891],[116.32452,39.77148],[116.32564,39.76143],[116.32593,39.75025],[116.32634,39.73948],[116.32663,39.72095],[116.32652,39.72028],[116.32602,39.71957],[116.32485,39.7188],[116.32416,39.71849],[116.32342,39.71831],[116.31602,39.71733],[116.31481,39.7171],[116.31391,39.71676],[116.31276,39.716],[116.31238,39.7155],[116.31217,39.71496],[116.31204,39.71434],[116.31216,39.71376],[116.31314,39.71032],[116.31509,39.70654],[116.31619,39.70027],[116.31558,39.68352],[116.31547,39.68267],[116.314,39.67717],[116.31383,39.66783]]}},{"type":"Feature","properties":{"r":"bj","col":"#d47daa","n":"北京地铁昌平线"},"geometry":{"type":"MultiLineString","coordinates":[[[116.3488,39.96169],[116.34855,39.96587],[116.34821,39.9745],[116.34788,39.9771],[116.3474,39.98436],[116.34632,40.00601],[116.34549,40.01797],[116.3455,40.02031],[116.34536,40.02277],[116.34511,40.0238],[116.34461,40.02452],[116.34408,40.02564],[116.34138,40.0293],[116.34074,40.02996],[116.33854,40.03174],[116.33597,40.03504],[116.33568,40.03525],[116.33422,40.03576],[116.33305,40.03588],[116.33188,40.03577],[116.3291,40.03497],[116.32786,40.03483],[116.31892,40.03429],[116.31837,40.03434],[116.31765,40.03452],[116.31265,40.03637],[116.31099,40.03758],[116.31019,40.03835],[116.3079,40.04121],[116.30614,40.04366],[116.30392,40.04569],[116.3018,40.04847],[116.29622,40.05866],[116.29541,40.05994],[116.29342,40.06268],[116.29293,40.06354],[116.29195,40.06674],[116.28987,40.07061],[116.28759,40.07394],[116.28427,40.07783],[116.28342,40.079],[116.27991,40.08745],[116.27986,40.08853],[116.28001,40.08916],[116.2804,40.08999],[116.281,40.0907],[116.28169,40.09124],[116.28307,40.09192],[116.2859,40.09306],[116.28681,40.09329],[116.29281,40.09421],[116.29638,40.09444],[116.30133,40.09564],[116.3059,40.0964],[116.30695,40.09685],[116.30787,40.09756],[116.30851,40.09846],[116.30878,40.09949],[116.30872,40.10022],[116.30611,40.10818],[116.30472,40.11059],[116.30428,40.11154],[116.30115,40.12132],[116.30053,40.12238],[116.29965,40.1233],[116.29892,40.12375],[116.298,40.12412],[116.2963,40.1244],[116.29241,40.12452],[116.29146,40.12468],[116.29054,40.12496],[116.2892,40.12575],[116.28857,40.1264],[116.2882,40.12698],[116.28789,40.12802],[116.28802,40.13091],[116.28774,40.13483],[116.28676,40.14093],[116.28651,40.14182],[116.28534,40.14423],[116.28472,40.14527],[116.28415,40.14592],[116.2817,40.14808],[116.28113,40.14872],[116.27738,40.15628],[116.27485,40.16252],[116.27231,40.16827],[116.27064,40.17258],[116.27007,40.17436],[116.26737,40.1844],[116.26724,40.18534],[116.26708,40.18944],[116.26723,40.19023],[116.26775,40.19096],[116.26887,40.19144],[116.27719,40.19358],[116.27863,40.19425],[116.27904,40.19459],[116.27929,40.19501],[116.27952,40.19601],[116.27948,40.20131],[116.27955,40.20222],[116.27989,40.20306],[116.28027,40.2037],[116.28073,40.2043],[116.28168,40.20526],[116.28211,40.20604],[116.28175,40.21978],[116.28116,40.22044],[116.27939,40.22078],[116.25672,40.22058],[116.22749,40.21937],[116.22088,40.21899],[116.21938,40.21913],[116.21578,40.22017],[116.21243,40.2215],[116.20887,40.22507],[116.20465,40.23176],[116.20435,40.23243],[116.204,40.23394],[116.20372,40.23624],[116.20306,40.23746],[116.19931,40.24182],[116.19829,40.24235],[116.18899,40.24341],[116.18505,40.24371],[116.18376,40.24359],[116.18288,40.24325],[116.18249,40.24287],[116.18119,40.24016],[116.18063,40.2384]],[[116.18069,40.23839],[116.18127,40.2401],[116.18266,40.24284],[116.18307,40.2432],[116.18387,40.24351],[116.18502,40.2436],[116.1895,40.24323],[116.19823,40.24221],[116.19913,40.24169],[116.20291,40.23727],[116.20327,40.23672],[116.20353,40.23609],[116.2042,40.23228],[116.20448,40.23159],[116.20865,40.22499],[116.21201,40.22166],[116.21254,40.2213],[116.21573,40.22007],[116.21936,40.21904],[116.22089,40.21888],[116.23,40.21942],[116.25671,40.22053],[116.27938,40.22066],[116.28056,40.22052],[116.28111,40.22036],[116.28164,40.21978],[116.28187,40.20608],[116.28177,40.20556],[116.2802,40.20373],[116.27963,40.2027],[116.27947,40.20223],[116.2794,40.20132],[116.27944,40.19601],[116.27921,40.19503],[116.27896,40.19463],[116.27858,40.19429],[116.27716,40.19363],[116.26884,40.1915],[116.26769,40.191],[116.26715,40.19025],[116.26701,40.18944],[116.26717,40.18534],[116.2673,40.18438],[116.27058,40.17257],[116.2725,40.16758],[116.27733,40.15627],[116.28109,40.14866],[116.28167,40.14796],[116.28403,40.14585],[116.28464,40.14519],[116.28529,40.14421],[116.28646,40.14181],[116.2867,40.14093],[116.28769,40.13483],[116.28789,40.13096],[116.28774,40.12843],[116.28785,40.12762],[116.28807,40.12705],[116.2885,40.12638],[116.28899,40.12588],[116.28979,40.1253],[116.29052,40.12493],[116.29145,40.12464],[116.29241,40.12449],[116.2963,40.12437],[116.29798,40.12409],[116.2989,40.12373],[116.29962,40.12328],[116.3005,40.12237],[116.30111,40.12131],[116.30273,40.11642],[116.30421,40.11157],[116.30548,40.10884],[116.30833,40.10008],[116.30841,40.09952],[116.30827,40.0985],[116.30777,40.09767],[116.30703,40.097],[116.30589,40.09643],[116.30104,40.09562],[116.29637,40.09447],[116.2928,40.09425],[116.28695,40.09344],[116.28619,40.09322],[116.28269,40.09181],[116.28193,40.09145],[116.28119,40.09094],[116.28035,40.09001],[116.28005,40.08942],[116.2798,40.08854],[116.27985,40.08744],[116.28339,40.07899],[116.28425,40.07782],[116.28752,40.07394],[116.28942,40.07128],[116.29189,40.06672],[116.29286,40.06352],[116.29336,40.06265],[116.29596,40.05898],[116.29977,40.05219],[116.30164,40.04863],[116.30398,40.04552],[116.30596,40.04362],[116.30948,40.03909],[116.3107,40.03781],[116.31215,40.03659],[116.31324,40.03605],[116.31759,40.03441],[116.31864,40.03418],[116.32905,40.03492],[116.33207,40.03572],[116.33372,40.03574],[116.33512,40.03541],[116.33602,40.03474],[116.338,40.03218],[116.33862,40.03152],[116.3406,40.02999],[116.34115,40.0294],[116.34403,40.0256],[116.34493,40.0238],[116.34521,40.02277],[116.34543,40.02004],[116.34538,40.01798],[116.34616,40.00804],[116.34732,39.9847],[116.34781,39.97728],[116.34809,39.97518],[116.34816,39.97386],[116.34811,39.97219],[116.34865,39.9617]]]}},{"type":"Feature","properties":{"r":"bj","col":"#00529b","n":"北京地铁2号线"},"geometry":{"type":"MultiLineString","coordinates":[[[116.34926,39.93913],[116.3496,39.93207],[116.34958,39.93037],[116.34967,39.93006],[116.35001,39.92324],[116.34999,39.92169],[116.35006,39.92143],[116.35044,39.91065],[116.35041,39.90584],[116.35051,39.90199],[116.35082,39.90082],[116.35133,39.90002],[116.3521,39.89917],[116.35302,39.89858],[116.35354,39.89836],[116.35428,39.89811],[116.35556,39.89798],[116.38676,39.89894],[116.39074,39.89863],[116.39304,39.89872],[116.39678,39.89921],[116.41288,39.89973],[116.41372,39.89995],[116.41418,39.9002],[116.41754,39.90277],[116.41843,39.90333],[116.41925,39.9035],[116.42512,39.90358],[116.4269,39.9037],[116.42758,39.90389],[116.42867,39.90445],[116.42943,39.90526],[116.42969,39.90617],[116.42965,39.90783],[116.42892,39.91249],[116.42845,39.9221],[116.42848,39.92364],[116.42806,39.93135],[116.42808,39.93287],[116.42773,39.93886],[116.42768,39.946],[116.42752,39.94656],[116.42722,39.94713],[116.42666,39.94766],[116.42596,39.94808],[116.42499,39.94833],[116.42443,39.94838],[116.40321,39.9477],[116.36796,39.94743],[116.36618,39.94735],[116.36453,39.9471],[116.36354,39.94683],[116.35906,39.94505],[116.35077,39.94266],[116.34997,39.94209],[116.34955,39.94158],[116.34924,39.94037],[116.34926,39.93913]],[[116.3494,39.93914],[116.34939,39.94046],[116.3496,39.94157],[116.35001,39.94206],[116.35078,39.94263],[116.35909,39.945],[116.36357,39.94677],[116.36454,39.94706],[116.36544,39.94721],[116.36851,39.94738],[116.40286,39.94761],[116.42442,39.94834],[116.42498,39.9483],[116.42589,39.94804],[116.42663,39.94763],[116.42716,39.94711],[116.42746,39.94655],[116.42763,39.946],[116.42761,39.93911],[116.42836,39.92394],[116.42831,39.92244],[116.42839,39.9221],[116.42887,39.91249],[116.42944,39.90859],[116.42952,39.90617],[116.42938,39.90546],[116.4291,39.90504],[116.42872,39.9047],[116.42742,39.904],[116.42684,39.90384],[116.42536,39.90371],[116.41923,39.90363],[116.41872,39.90353],[116.41787,39.90308],[116.41414,39.90023],[116.41369,39.90003],[116.41289,39.89986],[116.40951,39.89966],[116.39685,39.89925],[116.39384,39.89888],[116.39021,39.89875],[116.38676,39.89897],[116.35866,39.89811],[116.35495,39.89811],[116.35429,39.89818],[116.35356,39.89839],[116.35304,39.89861],[116.35214,39.8992],[116.35136,39.90004],[116.35086,39.90083],[116.35055,39.902],[116.35048,39.91065],[116.3501,39.92143],[116.35012,39.92294],[116.34971,39.93006],[116.34972,39.93161],[116.34964,39.93207],[116.3494,39.93914]]]}},{"type":"Feature","properties":{"r":"bj","col":"#87d300","n":"北京地铁9号线"},"geometry":{"type":"MultiLineString","coordinates":[[[116.31854,39.94437],[116.31874,39.94391],[116.3191,39.94116],[116.31933,39.93718],[116.3193,39.93239],[116.31965,39.92347],[116.31972,39.91461],[116.31944,39.91368],[116.31866,39.91247],[116.31699,39.91126],[116.31634,39.91067],[116.31572,39.90968],[116.31558,39.90928],[116.31555,39.90674],[116.31503,39.90582],[116.31503,39.89623],[116.31491,39.89415],[116.31506,39.89048],[116.31493,39.88971],[116.31466,39.88892],[116.31424,39.88837],[116.31351,39.8879],[116.30721,39.88497],[116.30478,39.88264],[116.30436,39.88236],[116.29595,39.87838],[116.29061,39.87661],[116.28931,39.87578],[116.28903,39.87537],[116.2889,39.87487],[116.28875,39.87388],[116.28816,39.86603],[116.2877,39.85241],[116.29026,39.84152],[116.29055,39.83832],[116.29138,39.83185],[116.29121,39.82398],[116.29187,39.81973],[116.29575,39.81692],[116.29594,39.81624],[116.29599,39.81338]],[[116.29606,39.81338],[116.296,39.81625],[116.29582,39.81694],[116.29193,39.81975],[116.29128,39.82377],[116.2915,39.83185],[116.29065,39.83832],[116.29034,39.84148],[116.28781,39.8524],[116.28824,39.86603],[116.28883,39.87389],[116.28897,39.87485],[116.2891,39.87537],[116.28935,39.87575],[116.29064,39.87656],[116.29572,39.87821],[116.30441,39.88231],[116.30482,39.88258],[116.30727,39.88494],[116.31357,39.88785],[116.31422,39.88824],[116.31469,39.8888],[116.315,39.88972],[116.31514,39.89062],[116.31529,39.89275],[116.31519,39.89624],[116.31515,39.90583],[116.31564,39.9067],[116.31566,39.90929],[116.31615,39.91034],[116.3164,39.91065],[116.31704,39.91123],[116.31842,39.91213],[116.31874,39.91247],[116.31955,39.91369],[116.31983,39.91463],[116.31973,39.92346],[116.31936,39.93423],[116.31941,39.93718],[116.31915,39.94116],[116.31879,39.94391],[116.3189,39.94434]]]}},{"type":"Feature","properties":{"r":"gba","col":"#00a2e1","n":"深圳地铁3号线"},"geometry":{"type":"MultiLineString","coordinates":[[[114.05389,22.51149],[114.05118,22.51091],[114.04884,22.51054],[114.04657,22.51045],[114.04497,22.51058],[114.04451,22.5109],[114.04431,22.51138],[114.0445,22.51269],[114.04455,22.5147],[114.0447,22.51543],[114.04502,22.5161],[114.04677,22.52097],[114.04798,22.52299],[114.04817,22.52345],[114.04854,22.52528],[114.04853,22.52701],[114.04832,22.52888],[114.04821,22.53258],[114.04797,22.53439],[114.04767,22.55028],[114.04785,22.55106],[114.04807,22.55142],[114.04843,22.55174],[114.04882,22.55191],[114.04988,22.552],[114.05193,22.55136],[114.05356,22.55113],[114.07078,22.55139],[114.07473,22.55172],[114.07666,22.55162],[114.08912,22.55185],[114.09226,22.55181],[114.0949,22.55163],[114.1005,22.55164],[114.10126,22.55159],[114.10265,22.55131],[114.10488,22.55053],[114.10789,22.54833]],[[114.05393,22.51133],[114.05124,22.51072],[114.0486,22.51043],[114.04657,22.51038],[114.04496,22.51051],[114.04443,22.51088],[114.04424,22.51137],[114.04443,22.51269],[114.04447,22.51469],[114.04463,22.51543],[114.04635,22.52024],[114.04687,22.52131],[114.04791,22.523],[114.04834,22.52441],[114.04834,22.52762],[114.04814,22.53257],[114.04782,22.53468],[114.04785,22.53823],[114.04761,22.55028],[114.04776,22.55109],[114.048,22.55147],[114.04838,22.55182],[114.04932,22.55208],[114.0499,22.55208],[114.05196,22.55151],[114.05311,22.55134],[114.05647,22.55127],[114.06166,22.55141],[114.06458,22.55133],[114.07077,22.55147],[114.07588,22.55184],[114.09108,22.55196],[114.0949,22.55169],[114.10044,22.55183],[114.102,22.55156],[114.1044,22.5508],[114.10535,22.55024],[114.10789,22.54833]],[[114.10789,22.54833],[114.10934,22.54775],[114.11293,22.5476],[114.11415,22.5477],[114.11529,22.54821],[114.11588,22.5487],[114.11626,22.54923],[114.11715,22.55138],[114.12035,22.55625],[114.12081,22.55666],[114.12164,22.55716],[114.12792,22.56074],[114.12849,22.56134],[114.12879,22.56216],[114.1288,22.56285],[114.12855,22.56363],[114.12617,22.56658],[114.12577,22.56718],[114.1251,22.56876],[114.125,22.56995],[114.12401,22.57418],[114.12337,22.57581],[114.12282,22.57628],[114.12092,22.57687],[114.11797,22.57689],[114.11688,22.57728],[114.11633,22.57767],[114.1158,22.57841],[114.1149,22.5801],[114.11437,22.58219],[114.11406,22.58296],[114.11244,22.58523],[114.11017,22.58868],[114.10937,22.5902],[114.10921,22.59157],[114.10961,22.59375],[114.11156,22.59782],[114.11269,22.59986],[114.11512,22.60263],[114.11574,22.60357],[114.11683,22.60488],[114.11786,22.60578],[114.12387,22.60886],[114.12682,22.61077],[114.12983,22.61286],[114.13122,22.61432],[114.13657,22.62079],[114.13755,22.62156],[114.13887,22.62215],[114.13984,22.62238],[114.14458,22.62257],[114.1505,22.62351],[114.15224,22.62399],[114.15323,22.62454],[114.15414,22.62529],[114.15711,22.62947],[114.1584,22.63089],[114.16046,22.63262],[114.16319,22.63422],[114.16549,22.63514],[114.16829,22.636],[114.17685,22.63731],[114.17868,22.63783],[114.18095,22.639],[114.19132,22.64373],[114.19245,22.64418],[114.1953,22.64496],[114.19631,22.64535],[114.19749,22.64608],[114.20275,22.65012],[114.20456,22.65171],[114.20542,22.65253],[114.20851,22.65645],[114.21175,22.65947],[114.21268,22.66087],[114.21442,22.66443],[114.21518,22.66626],[114.2162,22.67022],[114.21653,22.67113],[114.22084,22.67824],[114.22162,22.67978],[114.22195,22.68065],[114.22244,22.68253],[114.22348,22.68995],[114.2238,22.69129],[114.22404,22.6919],[114.22455,22.6928],[114.2285,22.69857],[114.23292,22.7058],[114.23405,22.70725],[114.23522,22.70847],[114.23832,22.71131],[114.24651,22.71861],[114.24737,22.71908],[114.24845,22.71946],[114.25136,22.72021],[114.25254,22.72065],[114.25849,22.72364],[114.26247,22.72582],[114.2694,22.73009],[114.27073,22.73079],[114.2746,22.73259],[114.27555,22.73318],[114.27607,22.73375],[114.27643,22.73468],[114.27658,22.73536],[114.27757,22.74265],[114.27834,22.75284],[114.27828,22.75472],[114.27809,22.75572],[114.27765,22.75644],[114.27663,22.75764],[114.2764,22.75823],[114.27586,22.76181],[114.27583,22.76265],[114.27616,22.76386],[114.27787,22.76739],[114.28031,22.77131],[114.28101,22.77204],[114.28184,22.77261],[114.28645,22.77475],[114.29138,22.77561],[114.29473,22.77605],[114.2953,22.77621],[114.29776,22.77799],[114.30073,22.77964],[114.30371,22.78167],[114.30669,22.7834],[114.3099,22.785],[114.31295,22.78677],[114.31583,22.78867],[114.31964,22.79169]],[[114.10789,22.54833],[114.10934,22.54775],[114.11293,22.5476],[114.11415,22.5477],[114.11529,22.54821],[114.11588,22.5487],[114.11626,22.54923],[114.11729,22.55134],[114.11897,22.55413],[114.12039,22.55623],[114.12084,22.55662],[114.12795,22.5607],[114.12853,22.56132],[114.12884,22.56215],[114.12884,22.56286],[114.1286,22.56365],[114.12621,22.5666],[114.12581,22.5672],[114.12515,22.56877],[114.12505,22.56995],[114.12406,22.57419],[114.12341,22.57583],[114.12284,22.57632],[114.12093,22.57691],[114.11798,22.57694],[114.1169,22.57731],[114.11637,22.5777],[114.11584,22.57843],[114.11495,22.58013],[114.11442,22.5822],[114.11412,22.58298],[114.11267,22.58498],[114.11182,22.58644],[114.1099,22.58923],[114.10945,22.59014],[114.10927,22.59099],[114.10926,22.59162],[114.10974,22.59398],[114.11153,22.59763],[114.11278,22.59989],[114.11509,22.60251],[114.11689,22.6048],[114.11792,22.60576],[114.12427,22.60899],[114.12988,22.61281],[114.13128,22.61428],[114.13662,22.62075],[114.13723,22.62128],[114.13779,22.62163],[114.13891,22.6221],[114.13975,22.62229],[114.1446,22.62252],[114.15051,22.62347],[114.15165,22.62373],[114.15237,22.62402],[114.15359,22.62474],[114.15417,22.62527],[114.15719,22.62941],[114.15847,22.63083],[114.16052,22.63255],[114.16324,22.63414],[114.16552,22.63506],[114.16776,22.63578],[114.17147,22.63643],[114.17701,22.63724],[114.17865,22.63777],[114.1797,22.63828],[114.18129,22.63879],[114.18433,22.64044],[114.19136,22.64363],[114.19286,22.6442],[114.19585,22.6451],[114.19674,22.64553],[114.20331,22.65045],[114.20465,22.65163],[114.20526,22.65225],[114.20821,22.65602],[114.20908,22.65695],[114.21181,22.65942],[114.21278,22.66081],[114.21505,22.66577],[114.21551,22.66722],[114.21625,22.6702],[114.21658,22.67111],[114.22029,22.67712],[114.2213,22.67898],[114.22201,22.68064],[114.22249,22.68252],[114.2237,22.69063],[114.22408,22.69189],[114.22456,22.69275],[114.22894,22.69911],[114.23296,22.70578],[114.2341,22.70723],[114.23525,22.70844],[114.24652,22.71857],[114.24769,22.71915],[114.25089,22.71997],[114.25217,22.72042],[114.25982,22.72425],[114.26197,22.72545],[114.26941,22.73003],[114.27497,22.73276],[114.27575,22.7333],[114.27603,22.73363],[114.27631,22.73417],[114.27656,22.73508],[114.27719,22.73876],[114.27764,22.74264],[114.27794,22.74728],[114.27837,22.75183],[114.27843,22.75402],[114.27832,22.75519],[114.27806,22.75602],[114.27672,22.75769],[114.27648,22.75824],[114.27595,22.76182],[114.27592,22.76264],[114.27625,22.76384],[114.27691,22.765],[114.27829,22.76788],[114.2804,22.77126],[114.28108,22.77198],[114.28188,22.77254],[114.28696,22.77478],[114.29139,22.77554],[114.29451,22.77594],[114.29533,22.77615],[114.29788,22.77783],[114.30644,22.78311],[114.31045,22.78508],[114.31542,22.78828],[114.31684,22.78932],[114.3197,22.79163]]]}},{"type":"Feature","properties":{"r":"gba","col":"#80225f","n":"广州地铁6号线"},"geometry":{"type":"MultiLineString","coordinates":[[[113.49804,23.17479],[113.49302,23.1756],[113.48083,23.17804],[113.47842,23.17842],[113.47679,23.17847],[113.4739,23.17828],[113.47275,23.17804],[113.47176,23.17761],[113.46877,23.17578],[113.46197,23.17314],[113.4608,23.17283],[113.45907,23.1729],[113.45758,23.17329],[113.45615,23.17391],[113.45349,23.17594],[113.44341,23.18612],[113.44236,23.18726],[113.44034,23.18973],[113.43938,23.19047],[113.43853,23.19086],[113.43695,23.19108],[113.43518,23.19116],[113.42607,23.19097],[113.42528,23.19111],[113.42452,23.19137],[113.42191,23.1928],[113.4211,23.19311],[113.42023,23.1933],[113.41738,23.19355],[113.41379,23.19361],[113.41092,23.1935],[113.40804,23.19314],[113.40658,23.19321],[113.40345,23.19364],[113.40015,23.19461],[113.39262,23.19601],[113.39006,23.19586],[113.38575,23.19541],[113.38339,23.19494],[113.38097,23.19408],[113.37987,23.19381],[113.37727,23.19344],[113.37524,23.19332],[113.37208,23.19348],[113.37014,23.19369],[113.36937,23.19398],[113.36779,23.19506],[113.36705,23.19539],[113.36425,23.19591],[113.36333,23.196],[113.36272,23.19596],[113.36221,23.19571],[113.3618,23.19534],[113.35865,23.19039],[113.35751,23.18876],[113.35696,23.18815],[113.35458,23.1866],[113.34849,23.18448],[113.34697,23.18374],[113.34311,23.17999],[113.34139,23.17745],[113.3408,23.17587],[113.34051,23.17541],[113.3355,23.17126],[113.33402,23.17019],[113.33133,23.16849],[113.32706,23.16485],[113.32592,23.16412],[113.32479,23.16354],[113.32371,23.16314],[113.32276,23.16293],[113.31807,23.16267],[113.31478,23.16213],[113.31383,23.16175],[113.313,23.16103],[113.30922,23.15619],[113.30804,23.1554],[113.30536,23.15436],[113.3048,23.15403],[113.30236,23.15102],[113.30094,23.14956],[113.2924,23.14207],[113.29191,23.14142],[113.29154,23.14068],[113.29122,23.13952],[113.29112,23.13867],[113.29124,23.13799],[113.29239,23.13415],[113.29251,23.13338],[113.29249,23.13267],[113.29213,23.13176],[113.29078,23.12973],[113.29016,23.12846],[113.28987,23.12735],[113.28941,23.12402],[113.28865,23.12077],[113.28828,23.11979],[113.28762,23.11848],[113.28683,23.11756],[113.28584,23.11714],[113.28486,23.1171],[113.27881,23.11934],[113.27637,23.12081],[113.27562,23.12116],[113.275,23.12123],[113.27151,23.1211],[113.26982,23.12184],[113.26873,23.1222],[113.26758,23.12245],[113.26651,23.12245],[113.26587,23.12223],[113.26251,23.12022],[113.26086,23.11848],[113.25979,23.11715],[113.25925,23.11677],[113.25775,23.11642],[113.25388,23.11604],[113.25119,23.11537],[113.25057,23.11503],[113.2495,23.11367],[113.2485,23.11292],[113.24774,23.11265],[113.24603,23.11229],[113.24361,23.11144],[113.24262,23.11133],[113.23955,23.11144],[113.23629,23.11173],[113.2344,23.112],[113.23294,23.11253],[113.22992,23.11468],[113.22805,23.11546],[113.22742,23.11591],[113.2265,23.11692],[113.22346,23.121],[113.22281,23.12162],[113.22012,23.12316],[113.21562,23.12517],[113.21437,23.12595],[113.21389,23.12646],[113.21299,23.12759],[113.21143,23.13013],[113.21125,23.13066],[113.21115,23.13139],[113.21122,23.1324],[113.21186,23.13595],[113.21225,23.14],[113.21289,23.14475],[113.21304,23.14718],[113.21297,23.14782],[113.21277,23.14845],[113.21232,23.14918],[113.21172,23.14977],[113.20824,23.15196],[113.20729,23.15281],[113.20678,23.15351],[113.20511,23.15667],[113.20065,23.16161],[113.19929,23.16368],[113.19616,23.16715]],[[113.19622,23.16702],[113.19926,23.16365],[113.20056,23.16166],[113.20505,23.15668],[113.20671,23.15354],[113.2073,23.15273],[113.20824,23.15189],[113.21165,23.14975],[113.21233,23.14908],[113.21274,23.14837],[113.213,23.14722],[113.21285,23.14504],[113.21214,23.14011],[113.21179,23.13661],[113.21113,23.13327],[113.21103,23.13146],[113.21112,23.13075],[113.21136,23.13014],[113.21316,23.12726],[113.21398,23.1262],[113.21451,23.12571],[113.2154,23.12514],[113.21991,23.12314],[113.22247,23.12172],[113.22334,23.12081],[113.22626,23.11682],[113.22718,23.11587],[113.22787,23.11543],[113.2298,23.11464],[113.233,23.11241],[113.23449,23.11188],[113.23654,23.11159],[113.24017,23.1113],[113.24286,23.11122],[113.24366,23.11131],[113.24628,23.11223],[113.24777,23.11254],[113.2484,23.11276],[113.24898,23.11308],[113.24949,23.11351],[113.25055,23.11479],[113.25139,23.11518],[113.25423,23.11588],[113.25781,23.11624],[113.25944,23.11666],[113.26014,23.11717],[113.26261,23.12014],[113.26593,23.12213],[113.26649,23.12232],[113.26739,23.12234],[113.26875,23.12206],[113.27171,23.12088],[113.27578,23.12079],[113.27672,23.12037],[113.27816,23.11951],[113.27904,23.11909],[113.28481,23.11699],[113.2853,23.11693],[113.28591,23.117],[113.28689,23.11741],[113.28735,23.11782],[113.2879,23.1186],[113.28854,23.11996],[113.28889,23.12097],[113.28983,23.125],[113.29021,23.12772],[113.29044,23.12859],[113.29099,23.12974],[113.29237,23.13181],[113.29268,23.13259],[113.29271,23.13331],[113.29259,23.13418],[113.29146,23.13779],[113.29132,23.13863],[113.29147,23.13965],[113.29179,23.14062],[113.29228,23.14151],[113.29286,23.14217],[113.29592,23.14478],[113.29893,23.14763],[113.30102,23.14946],[113.30236,23.15086],[113.30473,23.1538],[113.30544,23.15418],[113.30814,23.15524],[113.30938,23.1561],[113.31001,23.15681],[113.31312,23.1609],[113.31385,23.16158],[113.31484,23.16202],[113.31767,23.1625],[113.31934,23.16268],[113.32255,23.16278],[113.32351,23.16294],[113.32523,23.16355],[113.32697,23.16454],[113.32802,23.16535],[113.33099,23.168],[113.33536,23.17098],[113.3405,23.17528],[113.34089,23.17583],[113.34154,23.17753],[113.34306,23.17974],[113.34695,23.18352],[113.34768,23.18387],[113.35404,23.18609],[113.35515,23.18673],[113.35698,23.18802],[113.35748,23.18854],[113.36016,23.19257],[113.3617,23.19453],[113.36228,23.19506],[113.36305,23.19536],[113.36426,23.19535],[113.36654,23.19494],[113.36726,23.19471],[113.36889,23.19387],[113.3697,23.1936],[113.37341,23.19326],[113.3753,23.19321],[113.37752,23.19336],[113.37992,23.19371],[113.38132,23.1941],[113.38324,23.19481],[113.38578,23.19532],[113.38817,23.1956],[113.39241,23.1959],[113.39327,23.19576],[113.39787,23.19431],[113.40617,23.19314],[113.40807,23.19305],[113.41055,23.19339],[113.4137,23.19353],[113.41765,23.19344],[113.42026,23.1932],[113.42102,23.19303],[113.42184,23.19272],[113.42445,23.19127],[113.42591,23.19087],[113.43533,23.19103],[113.43679,23.19099],[113.43833,23.19078],[113.43918,23.19045],[113.44018,23.18972],[113.44291,23.18645],[113.45351,23.17576],[113.45548,23.17421],[113.45617,23.17377],[113.45774,23.17313],[113.45918,23.17276],[113.46054,23.17269],[113.46151,23.17282],[113.46539,23.17427],[113.46904,23.17577],[113.47173,23.17745],[113.4728,23.17794],[113.47385,23.17816],[113.4768,23.17836],[113.47851,23.1783],[113.48152,23.17782],[113.4927,23.17554],[113.49796,23.17461]]]}},{"type":"Feature","properties":{"r":"gba","col":"#dc241f","n":"深圳地铁4号线"},"geometry":{"type":"MultiLineString","coordinates":[[[114.08737,22.7292],[114.08654,22.72853],[114.08591,22.72816],[114.08177,22.72652],[114.08073,22.72634],[114.07943,22.72629],[114.07729,22.72645],[114.07627,22.72636],[114.07537,22.72607],[114.07294,22.7249],[114.06945,22.72393],[114.06825,22.72386],[114.06473,22.7242],[114.06377,22.72418],[114.05798,22.7237],[114.0558,22.72329],[114.05051,22.71859],[114.04905,22.7175],[114.04444,22.71588],[114.04112,22.71503],[114.04046,22.71466],[114.04004,22.71425],[114.03947,22.71332],[114.03868,22.71065],[114.03542,22.69781],[114.03536,22.69684],[114.03581,22.69321],[114.0358,22.69266],[114.03417,22.68491],[114.03447,22.68389],[114.0349,22.68329],[114.03646,22.68212],[114.03706,22.68135],[114.03735,22.68053],[114.03728,22.67854],[114.0369,22.67758],[114.03537,22.67502],[114.03019,22.66433],[114.02963,22.66349],[114.02889,22.66283],[114.01498,22.65263],[114.00949,22.64887],[114.00576,22.64662],[114.00513,22.64588],[114.00483,22.64485],[114.00493,22.64395],[114.0055,22.64288],[114.00735,22.64043],[114.02064,22.62139],[114.02119,22.62018],[114.0217,22.61801],[114.02192,22.61744],[114.02335,22.61501],[114.02665,22.61161],[114.02772,22.61097],[114.0299,22.61016],[114.03086,22.60967],[114.03289,22.60776],[114.03864,22.60303],[114.04203,22.59894],[114.04505,22.59489],[114.05126,22.58487],[114.05165,22.58378],[114.05195,22.58181],[114.05248,22.57941],[114.05398,22.5762],[114.05429,22.57509],[114.05436,22.57199],[114.05414,22.5699],[114.05429,22.55968],[114.0557,22.55279],[114.056,22.53579],[114.05612,22.53439],[114.05651,22.53326],[114.05808,22.53079],[114.05867,22.52951],[114.06089,22.52119],[114.06154,22.52045],[114.06474,22.51778]],[[114.06483,22.51788],[114.06229,22.51991],[114.0614,22.52072],[114.06105,22.52118],[114.05877,22.52964],[114.05816,22.53092],[114.05673,22.53311],[114.05642,22.53382],[114.05622,22.53458],[114.05605,22.53646],[114.05575,22.55368],[114.05476,22.55847],[114.05443,22.56225],[114.05428,22.56988],[114.0545,22.57199],[114.05443,22.57483],[114.05421,22.57583],[114.05254,22.57943],[114.05205,22.58159],[114.05176,22.58358],[114.05136,22.5848],[114.04464,22.59565],[114.04263,22.59831],[114.03844,22.60334],[114.03292,22.60778],[114.03088,22.60969],[114.02992,22.61019],[114.02791,22.61094],[114.02685,22.61161],[114.02308,22.61552],[114.02185,22.6177],[114.02121,22.62019],[114.02068,22.6214],[114.0169,22.62691],[114.01558,22.62863],[114.00939,22.63753],[114.00543,22.64334],[114.00512,22.64406],[114.00508,22.64499],[114.00531,22.64576],[114.00598,22.6466],[114.01288,22.65107],[114.01811,22.65481],[114.02438,22.65952],[114.02909,22.66293],[114.02974,22.66351],[114.0303,22.66431],[114.03577,22.67565],[114.03697,22.67757],[114.03733,22.67849],[114.03742,22.68021],[114.03727,22.68098],[114.03663,22.68202],[114.03494,22.68334],[114.03454,22.6839],[114.03431,22.68451],[114.03425,22.68516],[114.03583,22.69257],[114.03585,22.69321],[114.0354,22.69685],[114.03546,22.69781],[114.03791,22.70716],[114.03874,22.71068],[114.0395,22.7133],[114.04008,22.71425],[114.04048,22.71463],[114.0411,22.71498],[114.04448,22.71586],[114.04907,22.71748],[114.04947,22.71769],[114.05505,22.72265],[114.05592,22.72329],[114.05649,22.72346],[114.0579,22.72367],[114.06461,22.72417],[114.06831,22.72373],[114.0695,22.72382],[114.07296,22.72478],[114.07541,22.72597],[114.07632,22.72625],[114.07737,22.72633],[114.08014,22.72606],[114.08143,22.72623],[114.08596,22.72802],[114.08663,22.7284],[114.08747,22.72909]]]}},{"type":"Feature","properties":{"r":"gba","col":"#006684","n":"輕鐵615P綫"},"geometry":{"type":"MultiLineString","coordinates":[[[113.96723,22.40336],[113.96619,22.40445],[113.96564,22.40485]],[[113.96598,22.40779],[113.967,22.40756],[113.9698,22.40663],[113.97352,22.40762],[113.97432,22.40793],[113.97491,22.40828],[113.97551,22.40879],[113.97588,22.40924],[113.97633,22.41023],[113.97638,22.41101],[113.97626,22.41202],[113.9764,22.41231],[113.9768,22.4124],[113.97785,22.41214],[113.97813,22.41184]],[[113.96641,22.3726],[113.96614,22.37292]],[[113.97809,22.41181],[113.97788,22.41209],[113.97698,22.41233],[113.9766,22.41236],[113.97639,22.41223],[113.97631,22.41202],[113.9764,22.4104],[113.9763,22.40998],[113.97597,22.40933]]]}},{"type":"Feature","properties":{"r":"gba","col":"#ba85bb","n":"輕鐵706綫"},"geometry":{"type":"LineString","coordinates":[[114.00521,22.4484],[114.0049,22.44832],[114.0044,22.44791],[114.00418,22.4479],[114.00402,22.44802],[114.00156,22.45246],[114.00062,22.45368],[113.99701,22.46011],[113.99682,22.4607],[113.99681,22.4617],[113.99719,22.46244],[113.99755,22.46425],[113.99827,22.46611],[113.99891,22.46722],[114.00026,22.4692],[114.0014,22.47033],[114.00181,22.47051],[114.00208,22.47046],[114.00232,22.47024],[114.00298,22.46827],[114.00366,22.46711],[114.00362,22.46688],[114.00269,22.46507],[114.00197,22.4642],[114.00169,22.46354],[114.00166,22.46179],[114.00222,22.46061]]}},{"type":"Feature","properties":{"r":"gba","col":"#9950b2","n":"深圳地铁5号线"},"geometry":{"type":"MultiLineString","coordinates":[[[114.10231,22.54384],[114.10652,22.54467],[114.11191,22.5455],[114.11842,22.54669],[114.13591,22.54946],[114.1361,22.54955],[114.13646,22.55009],[114.13868,22.55382],[114.13875,22.55434],[114.13858,22.55471],[114.1322,22.5617],[114.13044,22.56393],[114.13,22.56471],[114.12976,22.56569],[114.12972,22.56668],[114.13043,22.57006],[114.13233,22.57694],[114.13268,22.57889],[114.13304,22.58222],[114.13303,22.58419],[114.13294,22.58484],[114.13261,22.58562],[114.12593,22.59452],[114.12538,22.59734],[114.12509,22.60149],[114.12455,22.60291],[114.12373,22.6039],[114.12322,22.60428],[114.12233,22.60472],[114.12173,22.60479],[114.11859,22.60476],[114.11334,22.60634],[114.11187,22.60732],[114.11037,22.60959],[114.10745,22.61172],[114.10727,22.61212],[114.10711,22.61371],[114.10579,22.61667],[114.1044,22.62199],[114.10395,22.62276],[114.1026,22.6239],[114.10177,22.62436],[114.10011,22.62479],[114.07006,22.63019],[114.06745,22.63032],[114.06098,22.6295],[114.05764,22.62932],[114.05332,22.62969],[114.05192,22.6295],[114.05093,22.6291],[114.05052,22.62883],[114.04917,22.62763],[114.0486,22.62727],[114.03833,22.62163],[114.032,22.61837],[114.0296,22.6163],[114.02776,22.61524],[114.02714,22.61478],[114.02161,22.61015],[114.02087,22.6098],[114.01921,22.60928],[114.01661,22.60871],[114.01198,22.60738],[114.00766,22.60546],[114.00699,22.6049],[114.00657,22.60436],[114.00365,22.59964],[114.00299,22.59879],[114.00017,22.59556],[113.99888,22.59462],[113.99693,22.59378],[113.98109,22.58764],[113.97966,22.58741],[113.97488,22.58753],[113.97266,22.58749],[113.97164,22.58716],[113.969,22.58578],[113.96832,22.58561],[113.96754,22.58552],[113.96265,22.58568],[113.95618,22.58401],[113.95278,22.58398],[113.95056,22.58376],[113.93338,22.58349],[113.93,22.58384],[113.92705,22.5845],[113.92024,22.58579],[113.91763,22.58601],[113.91669,22.58599],[113.91528,22.58573],[113.91398,22.58482],[113.8998,22.57254],[113.88842,22.563],[113.88105,22.55661],[113.88067,22.55614],[113.88035,22.55547],[113.88017,22.5535],[113.8801,22.55144],[113.88016,22.55027],[113.88032,22.54931],[113.88065,22.54877],[113.88133,22.54825],[113.88269,22.54762],[113.88985,22.54605],[113.89045,22.54584],[113.89092,22.54559],[113.89168,22.54496],[113.89234,22.54399],[113.89263,22.54318],[113.89295,22.53062],[113.89263,22.52856],[113.89218,22.5272],[113.89119,22.52559],[113.8886,22.52253],[113.88598,22.5204],[113.88323,22.51797],[113.8811,22.51665],[113.88051,22.51612],[113.88008,22.51552],[113.87983,22.51493],[113.87967,22.51425],[113.87966,22.51363],[113.87979,22.51294],[113.8802,22.51203],[113.8841,22.50708],[113.88619,22.50382],[113.88713,22.50216],[113.89154,22.49825],[113.89238,22.49696],[113.89275,22.49549],[113.89268,22.4943],[113.89251,22.49366],[113.89194,22.49252],[113.88978,22.49024],[113.88902,22.48919],[113.88863,22.48794],[113.88864,22.48671],[113.8891,22.48549],[113.88965,22.48471],[113.89477,22.47977]],[[114.10229,22.54393],[114.10733,22.5449],[114.1119,22.54553],[114.11841,22.54671],[114.13579,22.54946],[114.13621,22.54979],[114.1386,22.55384],[114.13867,22.55432],[114.13851,22.55467],[114.13589,22.55765],[114.13215,22.56167],[114.13038,22.56387],[114.12992,22.56468],[114.12968,22.56568],[114.12964,22.56668],[114.13035,22.57008],[114.13224,22.57696],[114.1326,22.5789],[114.13295,22.58222],[114.13293,22.58421],[114.13284,22.58485],[114.13251,22.58561],[114.13196,22.58637],[114.12588,22.59436],[114.12572,22.59475],[114.12527,22.59735],[114.12499,22.60147],[114.12444,22.60289],[114.12366,22.60383],[114.12317,22.60422],[114.1223,22.60464],[114.11836,22.60474],[114.11334,22.60627],[114.1118,22.60726],[114.11024,22.60954],[114.10738,22.61167],[114.10719,22.6121],[114.10703,22.61369],[114.10571,22.61664],[114.10433,22.62196],[114.10389,22.62271],[114.10255,22.62384],[114.10174,22.62429],[114.10009,22.62472],[114.07005,22.63012],[114.06746,22.63024],[114.06099,22.62943],[114.05769,22.62917],[114.0533,22.62956],[114.0527,22.62956],[114.05193,22.6294],[114.05085,22.62891],[114.04893,22.62731],[114.03841,22.62154],[114.03426,22.61934],[114.03252,22.61852],[114.03196,22.61813],[114.02985,22.61622],[114.0272,22.61473],[114.02158,22.61004],[114.02088,22.60969],[114.01972,22.60931],[114.01545,22.60802],[114.0131,22.60746],[114.01108,22.60667],[114.00874,22.60593],[114.00788,22.60548],[114.00733,22.60501],[114.00687,22.60442],[114.00371,22.59939],[114.00055,22.59576],[113.99928,22.59472],[113.99726,22.59378],[113.9911,22.59146],[113.98505,22.58904],[113.98088,22.58753],[113.97965,22.58735],[113.97268,22.58738],[113.97168,22.58706],[113.96904,22.58568],[113.96834,22.58551],[113.96755,22.58542],[113.96265,22.58558],[113.95685,22.58405],[113.95502,22.58377],[113.93338,22.58339],[113.92998,22.58374],[113.92702,22.5844],[113.92022,22.58569],[113.91763,22.5859],[113.91669,22.58588],[113.91533,22.58564],[113.91405,22.58475],[113.89986,22.57248],[113.8885,22.56293],[113.88113,22.55654],[113.88048,22.55553],[113.88032,22.55397],[113.88023,22.55116],[113.88028,22.55028],[113.88043,22.54934],[113.88074,22.54883],[113.88162,22.54821],[113.88273,22.54771],[113.88988,22.54615],[113.8905,22.54593],[113.89098,22.54567],[113.89177,22.54503],[113.89245,22.54404],[113.89275,22.5432],[113.89306,22.53062],[113.89289,22.52921],[113.89264,22.52815],[113.89229,22.52717],[113.89193,22.52643],[113.89131,22.52552],[113.88873,22.52243],[113.88608,22.5203],[113.88336,22.51791],[113.88155,22.51678],[113.88067,22.51604],[113.88026,22.51545],[113.88001,22.51488],[113.87987,22.51423],[113.87986,22.51359],[113.87996,22.51298],[113.88033,22.5121],[113.88443,22.50685],[113.88622,22.50408],[113.88721,22.50226],[113.89119,22.49876],[113.89195,22.49794],[113.8925,22.49701],[113.89289,22.49548],[113.89282,22.49427],[113.89265,22.49362],[113.89204,22.49243],[113.88988,22.49015],[113.88914,22.48915],[113.88877,22.48791],[113.88877,22.48673],[113.88921,22.48553],[113.88974,22.48479],[113.89486,22.47986]]]}},{"type":"Feature","properties":{"r":"gba","col":"#00843d","n":"广州地铁4号线"},"geometry":{"type":"MultiLineString","coordinates":[[[113.40111,23.1374],[113.40182,23.13136],[113.40169,23.12967],[113.40148,23.12898],[113.4012,23.12858],[113.40044,23.12815],[113.39924,23.12788],[113.38891,23.12669],[113.38811,23.12643],[113.3873,23.12601],[113.38667,23.12552],[113.38629,23.12501],[113.38404,23.11646],[113.38338,23.11479],[113.38214,23.11237],[113.38155,23.11061],[113.37939,23.10168],[113.37853,23.09866],[113.37727,23.09479],[113.37669,23.09332],[113.37497,23.08959],[113.36857,23.07736],[113.36833,23.0763],[113.36836,23.07484],[113.36873,23.07326],[113.36933,23.07155],[113.36962,23.07084],[113.37077,23.06981],[113.38153,23.05928],[113.40224,23.0387],[113.4119,23.02899],[113.41357,23.02698],[113.41451,23.02568],[113.41509,23.02436],[113.41718,23.01726],[113.4193,23.01065],[113.42199,23.00163],[113.42261,22.99982],[113.42322,22.99864],[113.4242,22.99736],[113.42525,22.99637],[113.43034,22.99309],[113.43142,22.99224],[113.43231,22.99134],[113.44415,22.97718],[113.44533,22.97531],[113.44821,22.97004],[113.44917,22.96889],[113.45031,22.96805],[113.45125,22.96759],[113.45455,22.96681],[113.45568,22.96642],[113.45679,22.96576],[113.45775,22.96485],[113.45855,22.9635],[113.46065,22.95759],[113.46109,22.95697],[113.46261,22.95544],[113.46328,22.95432],[113.46365,22.95317],[113.46394,22.95103],[113.46447,22.94968],[113.47302,22.93805],[113.4745,22.93584],[113.47539,22.9343],[113.47627,22.9326],[113.47806,22.92857],[113.47862,22.92706],[113.479,22.92567],[113.47929,22.92401],[113.47961,22.92094],[113.47948,22.91585],[113.47919,22.9143],[113.47759,22.90932],[113.47673,22.90782],[113.47475,22.90486],[113.47275,22.90076],[113.47237,22.8997],[113.47218,22.89852],[113.47203,22.89332],[113.47217,22.89203],[113.47268,22.8902],[113.4741,22.88718],[113.47573,22.884],[113.48363,22.87261],[113.48431,22.87151],[113.48646,22.86656],[113.48912,22.85713],[113.48941,22.8563],[113.48976,22.85568],[113.49105,22.85405],[113.50546,22.8374],[113.50823,22.83343],[113.51208,22.82963],[113.51461,22.82588],[113.51713,22.82328],[113.51909,22.81967],[113.51985,22.81868],[113.52143,22.81697],[113.52229,22.81571],[113.52306,22.8139],[113.52404,22.81007],[113.52418,22.80861],[113.52386,22.80706],[113.52319,22.80507],[113.52085,22.80049],[113.52078,22.79947],[113.52093,22.79893],[113.52121,22.79837],[113.52195,22.79762],[113.52293,22.79717],[113.53694,22.79446],[113.53796,22.7939],[113.53868,22.79305],[113.53903,22.79217],[113.53906,22.79139],[113.53848,22.78854],[113.53812,22.78755],[113.53751,22.78661],[113.53674,22.78569],[113.53349,22.7828],[113.53297,22.78221],[113.53258,22.78157],[113.53235,22.7806],[113.53234,22.77944],[113.53248,22.7785],[113.53289,22.77748],[113.5331,22.77716],[113.53366,22.77667],[113.54008,22.77189],[113.55219,22.76078],[113.5537,22.75966],[113.55592,22.7583],[113.55769,22.75761],[113.56013,22.7571],[113.56457,22.75645],[113.5707,22.75571],[113.57238,22.75538],[113.57465,22.75448],[113.57862,22.75212],[113.57971,22.75159],[113.58095,22.7512],[113.58232,22.75102],[113.58752,22.75085],[113.59317,22.75083],[113.59455,22.75098],[113.5956,22.75142],[113.59608,22.75196],[113.59642,22.75285],[113.59735,22.75871],[113.59805,22.76227],[113.59834,22.76308],[113.59912,22.76392],[113.6069,22.77077]],[[113.60686,22.7708],[113.59893,22.76381],[113.59826,22.76303],[113.59798,22.76216],[113.59732,22.75879],[113.59671,22.75482],[113.59625,22.75256],[113.59598,22.75199],[113.59561,22.75155],[113.59445,22.75105],[113.59337,22.75092],[113.58796,22.75096],[113.58289,22.75108],[113.58123,22.75123],[113.58035,22.75144],[113.5794,22.75182],[113.57471,22.75456],[113.57248,22.75546],[113.57034,22.75588],[113.56104,22.75706],[113.55872,22.75746],[113.55738,22.75781],[113.55647,22.75815],[113.55547,22.75868],[113.55379,22.75973],[113.55255,22.76063],[113.54022,22.77195],[113.53362,22.77684],[113.53324,22.77719],[113.53298,22.77758],[113.53261,22.77854],[113.53248,22.77948],[113.5325,22.78064],[113.53269,22.78147],[113.53307,22.78208],[113.53359,22.78268],[113.53615,22.78494],[113.53699,22.78581],[113.53804,22.78723],[113.53857,22.78828],[113.53917,22.79097],[113.53922,22.79168],[113.53899,22.79274],[113.5385,22.79353],[113.53768,22.79421],[113.53678,22.79455],[113.52284,22.79724],[113.52181,22.79777],[113.52109,22.79864],[113.52082,22.79953],[113.5209,22.80051],[113.52331,22.80526],[113.52399,22.8074],[113.52421,22.80858],[113.52411,22.80992],[113.52311,22.81384],[113.5224,22.81558],[113.52154,22.81689],[113.51924,22.81951],[113.51695,22.82366],[113.51469,22.82597],[113.51243,22.82933],[113.50824,22.83347],[113.50561,22.8373],[113.49123,22.85392],[113.48985,22.85562],[113.48952,22.85618],[113.48919,22.85702],[113.48644,22.86672],[113.48444,22.87135],[113.48357,22.87276],[113.4758,22.88396],[113.47307,22.8894],[113.47258,22.8906],[113.4722,22.89208],[113.47207,22.89346],[113.47222,22.8985],[113.47244,22.89979],[113.47282,22.90082],[113.47484,22.90495],[113.47675,22.90779],[113.47762,22.90929],[113.47928,22.9145],[113.47952,22.91589],[113.47965,22.92089],[113.47934,22.92392],[113.47907,22.92554],[113.47869,22.92696],[113.47806,22.92867],[113.47638,22.93245],[113.47543,22.93432],[113.4741,22.93655],[113.47311,22.938],[113.46448,22.94974],[113.46401,22.95088],[113.46368,22.95323],[113.46331,22.95432],[113.46264,22.95546],[113.46127,22.95683],[113.46065,22.95767],[113.45865,22.96336],[113.4582,22.96428],[113.4578,22.96484],[113.45698,22.96565],[113.4558,22.9664],[113.45453,22.96686],[113.45138,22.96758],[113.45022,22.96814],[113.44914,22.96897],[113.44857,22.9696],[113.44797,22.97053],[113.44516,22.97568],[113.44412,22.97729],[113.43245,22.99123],[113.43139,22.99231],[113.43055,22.99298],[113.42549,22.99622],[113.42439,22.99721],[113.42335,22.99853],[113.42264,22.99985],[113.42185,23.00224],[113.41729,23.01734],[113.41524,23.02449],[113.41474,23.02567],[113.41385,23.02691],[113.41221,23.02885],[113.40231,23.03877],[113.39526,23.04565],[113.3817,23.05929],[113.36971,23.07097],[113.36932,23.07192],[113.36853,23.07475],[113.36848,23.07619],[113.36867,23.07721],[113.3715,23.08281],[113.37689,23.09266],[113.37956,23.10176],[113.38187,23.11102],[113.38231,23.11231],[113.38356,23.11482],[113.38418,23.11646],[113.38645,23.12498],[113.38675,23.12539],[113.38748,23.12596],[113.38815,23.1263],[113.38896,23.12657],[113.39949,23.12779],[113.40047,23.12802],[113.40127,23.12846],[113.40153,23.12877],[113.40176,23.12941],[113.40195,23.13116],[113.40185,23.13269],[113.40124,23.13741]]]}},{"type":"Feature","properties":{"r":"gba","col":"#c5003e","n":"广州地铁5号线"},"geometry":{"type":"MultiLineString","coordinates":[[[113.51936,23.05268],[113.51979,23.05818],[113.51988,23.06227],[113.52009,23.06494],[113.51976,23.06917],[113.51977,23.06998],[113.51991,23.07072],[113.52088,23.07389],[113.52098,23.07572],[113.52069,23.07948],[113.52049,23.08036],[113.52024,23.08095],[113.51978,23.08168],[113.51721,23.08518],[113.51638,23.0858],[113.51515,23.08615],[113.51455,23.08613],[113.51031,23.08507],[113.50893,23.08487],[113.50804,23.08489],[113.50023,23.08566],[113.49901,23.08605],[113.49848,23.08639],[113.49441,23.09079],[113.49369,23.09132],[113.49272,23.09176],[113.48981,23.09229],[113.4888,23.0926],[113.48781,23.09311],[113.48662,23.09393],[113.48599,23.09446],[113.48537,23.09524],[113.48496,23.09589],[113.48387,23.09815],[113.48349,23.09864],[113.48299,23.09918],[113.48239,23.09962],[113.48122,23.10016],[113.47576,23.1011],[113.47358,23.10098],[113.47277,23.10103],[113.47209,23.10124],[113.47144,23.10158],[113.47088,23.10206],[113.46925,23.104],[113.4687,23.1044],[113.46808,23.10475],[113.46609,23.10547],[113.46109,23.10722],[113.45851,23.10794],[113.45498,23.10847],[113.45038,23.1089],[113.449,23.10893],[113.44725,23.10878],[113.44587,23.10849],[113.44451,23.10799],[113.44144,23.10647],[113.43878,23.10461],[113.43649,23.1032],[113.4357,23.10282],[113.4348,23.10259],[113.43317,23.10245],[113.43109,23.10252],[113.41903,23.10347],[113.40895,23.10723],[113.40024,23.11028],[113.39538,23.1121],[113.39455,23.11251],[113.3935,23.11322],[113.39101,23.11525],[113.38979,23.11611],[113.38787,23.1171],[113.38147,23.11945],[113.3702,23.12194],[113.36862,23.12195],[113.36779,23.12174],[113.36612,23.12114],[113.36359,23.12],[113.36158,23.11925],[113.35736,23.11792],[113.35603,23.11771],[113.35421,23.11796],[113.34976,23.11907],[113.34315,23.11994],[113.32789,23.12087],[113.32272,23.12132],[113.32048,23.12176],[113.31923,23.12189],[113.31477,23.12203],[113.31017,23.12251],[113.30721,23.12258],[113.30644,23.12287],[113.30606,23.12313],[113.30446,23.12485],[113.30389,23.12559],[113.30344,23.12657],[113.30213,23.13043],[113.30208,23.1309],[113.30223,23.13219],[113.30242,23.13276],[113.30295,23.13363],[113.30439,23.13508],[113.30451,23.13534],[113.30451,23.13578],[113.30434,23.13627],[113.30393,23.13678],[113.30338,23.13713],[113.30293,23.13732],[113.30244,23.13737],[113.29211,23.13716],[113.28865,23.1375],[113.28317,23.13849],[113.2802,23.13949],[113.27397,23.14197],[113.27294,23.14218],[113.26933,23.14243],[113.2686,23.14261],[113.26468,23.14469],[113.2635,23.14553],[113.26185,23.14706],[113.26096,23.14755],[113.25483,23.14938],[113.25287,23.15018],[113.2509,23.15085],[113.24988,23.15086],[113.24698,23.1503],[113.24541,23.1499],[113.2436,23.14926],[113.24216,23.14851],[113.23603,23.14475],[113.23456,23.1437],[113.23395,23.14299],[113.23353,23.14225],[113.2322,23.13878],[113.23114,23.1337],[113.23063,23.13209],[113.22986,23.1311],[113.22659,23.12817],[113.22521,23.12735],[113.22456,23.12724],[113.22399,23.12743],[113.22091,23.12895],[113.22014,23.12918],[113.21936,23.12927],[113.21541,23.12895],[113.21458,23.12873],[113.21378,23.12838],[113.21142,23.12708],[113.21074,23.12647],[113.20892,23.12339],[113.20712,23.12063],[113.20658,23.12011],[113.20528,23.11929],[113.20484,23.1189],[113.20247,23.11567]],[[113.20258,23.1156],[113.20485,23.11886],[113.20528,23.11924],[113.20672,23.12017],[113.20726,23.12074],[113.2109,23.12646],[113.2116,23.12706],[113.21383,23.12829],[113.21471,23.12866],[113.21556,23.12886],[113.21833,23.12911],[113.21976,23.12914],[113.22109,23.12874],[113.22377,23.12742],[113.22468,23.12713],[113.22536,23.12731],[113.22664,23.12806],[113.22984,23.13088],[113.2307,23.1319],[113.23119,23.13328],[113.23204,23.13714],[113.23243,23.13854],[113.23382,23.14222],[113.23415,23.14285],[113.2345,23.14327],[113.24264,23.14836],[113.24441,23.14925],[113.24671,23.15003],[113.24967,23.1506],[113.25068,23.1506],[113.25411,23.14945],[113.25875,23.14814],[113.26098,23.14739],[113.26177,23.14693],[113.2631,23.14569],[113.26434,23.14478],[113.26859,23.14239],[113.26963,23.14212],[113.27286,23.14188],[113.27376,23.14173],[113.27937,23.13965],[113.28316,23.13837],[113.28889,23.13725],[113.29222,23.1369],[113.30103,23.13735],[113.30255,23.13736],[113.30316,23.13721],[113.30373,23.13687],[113.30411,23.1365],[113.30443,23.13585],[113.30445,23.1354],[113.30425,23.13503],[113.30296,23.13374],[113.30239,23.13284],[113.30218,23.13229],[113.30197,23.13075],[113.30203,23.13015],[113.30317,23.12686],[113.30379,23.12553],[113.30437,23.12478],[113.30599,23.12306],[113.3064,23.12277],[113.30719,23.12247],[113.31006,23.1224],[113.31458,23.12199],[113.31897,23.12183],[113.32046,23.12168],[113.32278,23.12119],[113.32651,23.12086],[113.34288,23.11984],[113.34963,23.11897],[113.35393,23.11789],[113.35601,23.11757],[113.35737,23.11779],[113.36181,23.11917],[113.36321,23.11968],[113.36605,23.12098],[113.36777,23.12159],[113.3688,23.12183],[113.37011,23.12182],[113.38136,23.11933],[113.38786,23.11697],[113.38899,23.11645],[113.38998,23.11575],[113.39079,23.115],[113.39194,23.1137],[113.39306,23.11289],[113.39773,23.11106],[113.40887,23.10712],[113.41905,23.10337],[113.43116,23.10241],[113.43316,23.10235],[113.43475,23.10249],[113.43569,23.10273],[113.43668,23.1032],[113.43873,23.10445],[113.44167,23.10648],[113.44436,23.10786],[113.44585,23.10841],[113.44708,23.10869],[113.44898,23.10884],[113.45015,23.10882],[113.45487,23.10837],[113.45773,23.10799],[113.4594,23.10763],[113.4613,23.10704],[113.46551,23.10548],[113.46878,23.10399],[113.46975,23.10323],[113.47078,23.10198],[113.47126,23.10156],[113.47193,23.10118],[113.47269,23.10094],[113.47356,23.10087],[113.47567,23.10098],[113.48048,23.10021],[113.48117,23.10003],[113.48229,23.0995],[113.48335,23.09862],[113.48422,23.09724],[113.48525,23.0951],[113.48587,23.0944],[113.48652,23.09385],[113.48865,23.09244],[113.48973,23.09196],[113.49262,23.0913],[113.49327,23.09106],[113.49411,23.09054],[113.49844,23.08621],[113.49957,23.08564],[113.50017,23.0855],[113.50806,23.08474],[113.50911,23.08473],[113.51022,23.08489],[113.51454,23.08599],[113.51526,23.08601],[113.51633,23.08568],[113.51722,23.08498],[113.51868,23.08295],[113.52007,23.08065],[113.52054,23.07931],[113.52064,23.07851],[113.52085,23.07514],[113.52079,23.07408],[113.51965,23.07001],[113.51995,23.0649],[113.51975,23.0623],[113.51965,23.0581],[113.51932,23.05268]]]}},{"type":"Feature","properties":{"r":"gba","col":"#71cc98","n":"广州地铁9号线"},"geometry":{"type":"MultiLineString","coordinates":[[[113.2891,23.35432],[113.29077,23.36047],[113.29083,23.36189],[113.2907,23.36285],[113.29042,23.36353],[113.28991,23.3641],[113.28901,23.36464],[113.28789,23.36502],[113.2701,23.36909],[113.26829,23.36963],[113.26349,23.37191],[113.25825,23.37462],[113.24398,23.38168],[113.24352,23.38211],[113.24305,23.383],[113.23859,23.39661],[113.23814,23.39758],[113.23753,23.39836],[113.23706,23.39879],[113.23414,23.40078],[113.2314,23.40306],[113.2307,23.40351],[113.22988,23.40376],[113.22836,23.40387],[113.2242,23.40384],[113.21549,23.40399],[113.21413,23.40387],[113.21312,23.40345],[113.21273,23.40302],[113.21258,23.40256],[113.21206,23.39634],[113.21215,23.39415],[113.21277,23.3908],[113.2131,23.38839],[113.21299,23.38684],[113.21246,23.38551],[113.21169,23.38453],[113.21063,23.38375],[113.20522,23.38133],[113.2002,23.37891],[113.1992,23.37879],[113.19732,23.37883],[113.18142,23.38187],[113.17892,23.38222],[113.17276,23.38225],[113.16652,23.38212],[113.15836,23.38142],[113.14777,23.38079]],[[113.14778,23.38067],[113.15843,23.38132],[113.1668,23.38203],[113.17888,23.38211],[113.18141,23.38178],[113.19697,23.37875],[113.19831,23.37864],[113.20012,23.37878],[113.21059,23.38362],[113.21168,23.38437],[113.21256,23.38544],[113.2131,23.38678],[113.21323,23.3884],[113.21293,23.39063],[113.21227,23.3941],[113.21216,23.39609],[113.21266,23.40245],[113.21282,23.40298],[113.21309,23.40333],[113.21408,23.40375],[113.21534,23.40388],[113.22036,23.40378],[113.22842,23.40379],[113.22974,23.40369],[113.23053,23.40345],[113.23119,23.40305],[113.23399,23.40073],[113.23676,23.3989],[113.23739,23.39835],[113.23811,23.39743],[113.23838,23.39689],[113.24292,23.38307],[113.24326,23.38231],[113.24373,23.38175],[113.24461,23.38119],[113.25837,23.37441],[113.2637,23.37168],[113.26824,23.36955],[113.27067,23.36884],[113.28738,23.36498],[113.28839,23.36468],[113.28932,23.36426],[113.28991,23.36384],[113.29037,23.36328],[113.29064,23.36252],[113.29069,23.36159],[113.29054,23.35995],[113.28905,23.35434]]]}},{"type":"Feature","properties":{"r":"bj","col":"#bb8900","n":"北京地铁6号线"},"geometry":{"type":"MultiLineString","coordinates":[[[116.15272,39.92189],[116.16231,39.92188],[116.1632,39.92194],[116.16691,39.92265],[116.16972,39.92388],[116.19125,39.9294],[116.19357,39.93061],[116.19426,39.93112],[116.19457,39.93179],[116.19508,39.93234],[116.19555,39.9326],[116.19663,39.93281],[116.20061,39.93241],[116.20439,39.93216],[116.20561,39.93198],[116.20801,39.93203],[116.21885,39.93156],[116.21995,39.93138],[116.22453,39.93151],[116.2256,39.93137],[116.22655,39.93113],[116.2304,39.92913],[116.23198,39.92859],[116.2326,39.92852],[116.23772,39.92833],[116.24734,39.92835],[116.2584,39.92789],[116.25913,39.92789],[116.26042,39.92806],[116.26149,39.92837],[116.26395,39.92976],[116.26483,39.93013],[116.26881,39.93121],[116.27597,39.93156],[116.29002,39.93152],[116.3021,39.93106],[116.31946,39.93121],[116.32616,39.93104],[116.35504,39.93089],[116.36262,39.93113],[116.36517,39.93128],[116.37118,39.93134],[116.37437,39.93156],[116.38694,39.93203],[116.39517,39.93189],[116.39885,39.93109],[116.39919,39.93077],[116.39939,39.93039],[116.39953,39.92448],[116.39969,39.92367],[116.39995,39.92327],[116.40046,39.92287],[116.40079,39.9228],[116.42689,39.92305],[116.43265,39.92288],[116.44557,39.92143],[116.45552,39.92192],[116.47248,39.92151],[116.50969,39.92155],[116.51417,39.92191],[116.51659,39.92241],[116.53747,39.92213],[116.55438,39.92261],[116.57148,39.92267],[116.59364,39.92426],[116.59575,39.9247],[116.59945,39.92483],[116.60043,39.92478],[116.60132,39.92459],[116.60201,39.92434],[116.60445,39.92306],[116.60521,39.92286],[116.60644,39.92274],[116.60765,39.92286],[116.61575,39.92456],[116.62126,39.92552],[116.62383,39.92582],[116.6335,39.9259],[116.64673,39.92549],[116.65009,39.92518],[116.65189,39.92478],[116.65299,39.92444],[116.65402,39.9236],[116.65477,39.92146],[116.65569,39.9161],[116.65611,39.91526],[116.65675,39.9144],[116.65876,39.91354],[116.6612,39.91311],[116.66358,39.91205],[116.67687,39.90363],[116.67929,39.90229],[116.68003,39.90207],[116.6843,39.9014],[116.69662,39.90154],[116.70074,39.90201],[116.70928,39.902],[116.71323,39.90217],[116.73793,39.90222],[116.74643,39.90068],[116.74875,39.90012],[116.74984,39.89968],[116.75114,39.89884],[116.75169,39.89834],[116.75195,39.89789],[116.75209,39.8974],[116.75215,39.89634],[116.75086,39.88891],[116.75068,39.88737]],[[116.15272,39.92198],[116.16232,39.92201],[116.16333,39.92209],[116.16409,39.92228],[116.16719,39.92336],[116.19096,39.92938],[116.19373,39.93078],[116.19406,39.93106],[116.1946,39.93202],[116.19524,39.93257],[116.1957,39.93275],[116.19665,39.93289],[116.20062,39.93257],[116.20661,39.93265],[116.2078,39.93256],[116.21147,39.93197],[116.21929,39.93165],[116.21996,39.9315],[116.22344,39.93164],[116.22567,39.9315],[116.2265,39.93129],[116.23033,39.9293],[116.23118,39.92897],[116.23202,39.92872],[116.2338,39.92852],[116.2405,39.92841],[116.24732,39.92845],[116.25933,39.92801],[116.26094,39.9283],[116.26225,39.92889],[116.26384,39.92985],[116.26466,39.93021],[116.26826,39.93121],[116.26948,39.93139],[116.27499,39.93156],[116.27591,39.93167],[116.28559,39.93163],[116.29007,39.93171],[116.29206,39.93154],[116.3021,39.93118],[116.31918,39.93131],[116.32628,39.93112],[116.3558,39.9311],[116.36643,39.93141],[116.37055,39.93142],[116.38654,39.93207],[116.3937,39.93205],[116.3952,39.93198],[116.39764,39.93152],[116.3989,39.93117],[116.39931,39.93091],[116.39953,39.93039],[116.39962,39.92449],[116.39978,39.92368],[116.40006,39.9233],[116.40031,39.92305],[116.40082,39.92294],[116.42669,39.92318],[116.43269,39.92294],[116.44555,39.92152],[116.45552,39.92197],[116.47248,39.92171],[116.50969,39.92169],[116.5141,39.92202],[116.51654,39.9225],[116.53734,39.92221],[116.55438,39.92268],[116.57152,39.92275],[116.59363,39.92436],[116.59571,39.92487],[116.59945,39.925],[116.60046,39.92493],[116.60139,39.92474],[116.60212,39.92448],[116.60454,39.92321],[116.60565,39.92295],[116.60644,39.9229],[116.6076,39.92301],[116.6157,39.92471],[116.62122,39.92567],[116.62381,39.92596],[116.63355,39.92596],[116.64675,39.92556],[116.65008,39.92523],[116.65192,39.92482],[116.65299,39.9245],[116.65403,39.92365],[116.6549,39.92146],[116.65585,39.91615],[116.65625,39.91535],[116.65687,39.91443],[116.65865,39.91366],[116.66129,39.91316],[116.66371,39.9121],[116.67698,39.90371],[116.67932,39.90238],[116.68009,39.90217],[116.68431,39.9015],[116.6966,39.9017],[116.70081,39.9022],[116.70927,39.90209],[116.71319,39.90226],[116.73669,39.90233],[116.739,39.90216],[116.74911,39.90035],[116.75078,39.89957],[116.75166,39.89892],[116.75205,39.89845],[116.75244,39.89742],[116.7525,39.89601],[116.75131,39.88882],[116.75115,39.88733]]]}},{"type":"Feature","properties":{"r":"gba","col":"#b6bd00","n":"港鐵南港島綫"},"geometry":{"type":"MultiLineString","coordinates":[[[114.14936,22.24198],[114.14888,22.24263]],[[114.149,22.24267],[114.14947,22.24205]],[[114.14972,22.24154],[114.14936,22.24198]],[[114.14936,22.24198],[114.14981,22.24161]],[[114.14972,22.24154],[114.14947,22.24205]],[[114.14947,22.24205],[114.14981,22.24161]],[[114.16525,22.27747],[114.16396,22.27622],[114.16338,22.27538],[114.16314,22.27436],[114.16329,22.27344],[114.17665,22.25315],[114.17691,22.25261],[114.17703,22.25189],[114.17695,22.25123],[114.17677,22.25077],[114.17625,22.25001],[114.17538,22.24922],[114.17403,22.24847],[114.17348,22.24826],[114.17292,22.24822],[114.17112,22.24836],[114.16994,22.24828],[114.16561,22.24742],[114.16293,22.24728],[114.16231,22.24718],[114.16172,22.24695],[114.16096,22.24644],[114.15917,22.24477],[114.15809,22.24408],[114.1569,22.24258],[114.15467,22.2406],[114.15412,22.2403],[114.153,22.24017],[114.15132,22.24045],[114.15062,22.24075],[114.14972,22.24154]],[[114.14981,22.24161],[114.15069,22.24084],[114.15136,22.24056],[114.153,22.24029],[114.15408,22.24041],[114.15459,22.24069],[114.15681,22.24267],[114.15806,22.24413],[114.15914,22.2448],[114.16093,22.24647],[114.16169,22.24699],[114.1627,22.2473],[114.1656,22.24746],[114.16877,22.24822],[114.17028,22.24845],[114.17139,22.24847],[114.17293,22.24829],[114.17363,22.24836],[114.17534,22.24925],[114.17623,22.25006],[114.17673,22.25079],[114.1769,22.25124],[114.17699,22.25189],[114.17686,22.25259],[114.17659,22.25313],[114.16322,22.27341],[114.16307,22.27437],[114.16332,22.27541],[114.16367,22.27597],[114.16508,22.2776]],[[114.16453,22.27694],[114.16525,22.27747]],[[114.16508,22.2776],[114.16462,22.27687]],[[114.16508,22.2776],[114.16654,22.27908]],[[114.1667,22.27898],[114.16525,22.27747]],[[114.17272,22.24827],[114.17139,22.24843],[114.17049,22.24843],[114.16927,22.24825],[114.16835,22.248]],[[114.16927,22.24809],[114.17028,22.24845]],[[114.1693,22.24803],[114.16975,22.24828],[114.17028,22.24842]],[[114.17185,22.24838],[114.17241,22.24835]],[[114.17208,22.24835],[114.17258,22.24824]]]}},{"type":"Feature","properties":{"r":"gba","col":"#5cc8ff"},"geometry":{"type":"MultiLineString","coordinates":[[[113.19555,23.16794],[113.19571,23.16805]],[[113.19568,23.16808],[113.19558,23.16792]],[[113.24158,22.99688],[113.24108,22.99692]],[[113.24158,22.99692],[113.24108,22.99688]],[[113.35779,23.12997],[113.35735,23.12882]],[[113.3578,23.12874],[113.35783,23.12996]],[[113.36048,23.19314],[113.36012,23.19259]],[[113.36016,23.19257],[113.36053,23.19312]],[[113.36082,23.19389],[113.36063,23.1936]],[[113.36092,23.19344],[113.3611,23.19373]],[[113.36365,23.10686],[113.36392,23.10688]],[[113.36409,23.10687],[113.36568,23.10692]],[[113.36535,23.10691],[113.36557,23.10689]],[[113.58673,23.28688],[113.5872,23.28707]],[[113.75611,23.01573],[113.7558,23.01504],[113.75581,23.0144],[113.7562,23.01368],[113.75681,23.01325]],[[113.78613,22.67206],[113.79148,22.66229]],[[113.81655,22.78165],[113.81462,22.78252],[113.81418,22.78282],[113.81356,22.78359],[113.81285,22.78516]],[[113.82201,22.77418],[113.82134,22.7741]],[[113.82249,22.77453],[113.82153,22.77416]],[[113.82316,22.77478],[113.82276,22.77461]],[[113.82618,22.77561],[113.82556,22.77548]],[[113.8928,22.53564],[113.89259,22.53665]],[[113.9857,22.6712],[113.98295,22.67293]],[[113.98301,22.67285],[113.98338,22.67267]],[[113.98338,22.67271],[113.98366,22.6725]],[[113.98514,22.67162],[113.9858,22.67129]],[[113.9873,22.55968],[113.99114,22.55895],[113.99384,22.55865],[113.99584,22.55862],[113.99833,22.55889]],[[113.99095,22.5646],[113.99036,22.56514],[113.9892,22.56565]],[[113.99165,22.5589],[113.99214,22.5589]],[[114.03714,22.66673],[114.0373,22.66743]],[[114.03736,22.66739],[114.03719,22.66673]],[[114.06254,22.55366],[114.0625,22.55296],[114.06223,22.55231],[114.06145,22.55166],[114.06111,22.55147],[114.06054,22.55133]],[[114.0811,22.72631],[114.07601,22.72595],[114.0752,22.72568],[114.07371,22.72494],[114.07182,22.72381],[114.07105,22.72304],[114.07078,22.72256],[114.07058,22.72188],[114.0706,22.72021]],[[114.07071,22.72023],[114.07074,22.72193],[114.07118,22.72296],[114.07201,22.7238],[114.07393,22.72495],[114.07524,22.72559],[114.0761,22.72587],[114.08112,22.72623]],[[114.10647,22.64372],[114.10564,22.64366],[114.10457,22.64376],[114.10399,22.6441],[114.10348,22.64464],[114.10325,22.64527],[114.10323,22.64566],[114.1034,22.64632],[114.10383,22.64707],[114.10386,22.64776],[114.10379,22.64811],[114.10349,22.64889],[114.10327,22.64915],[114.10243,22.64966]],[[114.10383,22.64298],[114.11126,22.64411],[114.11273,22.64442],[114.11374,22.64438],[114.11807,22.64351]],[[114.11199,22.64428],[114.10996,22.64407]],[[114.10996,22.64407],[114.11382,22.64467],[114.11816,22.64389]],[[114.10996,22.64407],[114.10647,22.64372],[114.1046,22.64383],[114.10398,22.64419],[114.10364,22.6446],[114.10337,22.64513],[114.10336,22.64583],[114.10347,22.64619],[114.10376,22.64663],[114.10443,22.64725],[114.10685,22.6484],[114.10794,22.64862],[114.11097,22.64873]],[[114.11037,22.58842],[114.11095,22.58771]],[[114.11267,22.64529],[114.11173,22.64445],[114.11069,22.64419]],[[114.11125,22.64429],[114.11188,22.64442],[114.11329,22.64517],[114.11373,22.64529],[114.11417,22.64528],[114.11653,22.64479]],[[114.11137,22.64426],[114.11178,22.64425]],[[114.11415,22.64489],[114.11152,22.64432]],[[114.11228,22.64438],[114.11194,22.64436]],[[114.11209,22.64452],[114.11318,22.6453],[114.11385,22.6455],[114.11657,22.64497]],[[114.11213,22.6443],[114.11253,22.64444]],[[114.11229,22.64434],[114.11371,22.64463],[114.11814,22.64379]],[[114.11239,22.64472],[114.11326,22.64543],[114.11397,22.64561],[114.11659,22.64505]],[[114.1125,22.64473],[114.11335,22.64508],[114.11384,22.64517],[114.1165,22.64466]],[[114.11252,22.64449],[114.11352,22.64471],[114.11419,22.64475],[114.11818,22.64399]],[[114.11253,22.64485],[114.11317,22.64552],[114.11389,22.64573],[114.11662,22.6452]],[[114.11261,22.64492],[114.11327,22.64548],[114.11404,22.64567],[114.11661,22.64512]],[[114.11273,22.64442],[114.11404,22.6444],[114.1181,22.64364]],[[114.11274,22.64486],[114.11336,22.64525],[114.11396,22.64535],[114.11654,22.64484]],[[114.11278,22.645],[114.11346,22.64538],[114.11405,22.64545],[114.11655,22.64491]],[[114.11294,22.64497],[114.11336,22.64516],[114.11396,22.64525],[114.11651,22.64474]],[[114.11313,22.64446],[114.11416,22.64443],[114.11812,22.64369]],[[114.11345,22.64461],[114.11314,22.64458]],[[114.11347,22.64449],[114.11412,22.64449],[114.11813,22.64374]],[[114.11352,22.64471],[114.1143,22.64478],[114.11819,22.64404]],[[114.11362,22.64445],[114.11808,22.64356]],[[114.11364,22.64468],[114.11427,22.64467],[114.11817,22.64393]],[[114.11371,22.64463],[114.11815,22.64383]],[[114.14586,22.55076],[114.1457,22.55075]],[[114.14965,22.28714],[114.15061,22.28694]],[[114.17703,22.27802],[114.17946,22.27876]],[[114.22486,22.31292],[114.22545,22.31279]],[[114.34235,22.71322],[114.34267,22.71321],[114.34356,22.71369]],[[114.34253,22.71317],[114.34274,22.71316],[114.34359,22.71363]],[[114.34265,22.71311],[114.34287,22.71312],[114.34346,22.71345]],[[114.35437,22.67314],[114.35487,22.6735]],[[114.35484,22.67352],[114.35426,22.6731],[114.35404,22.67309],[114.35393,22.67325],[114.35361,22.67466],[114.3524,22.67873],[114.35249,22.67904],[114.35468,22.67977],[114.35489,22.68014],[114.35559,22.68068],[114.35601,22.68065],[114.35634,22.68081],[114.35769,22.68046],[114.35873,22.68101],[114.35891,22.68092],[114.36014,22.679],[114.36037,22.67893],[114.3667,22.68233],[114.37211,22.68545]],[[113.28462,22.88202],[113.28463,22.8821],[113.28473,22.88209],[113.28485,22.88104],[113.28478,22.88098],[113.2847,22.88106],[113.28461,22.88213],[113.28486,22.88208],[113.28482,22.88192],[113.28492,22.88184],[113.28486,22.88169],[113.28495,22.88143],[113.28477,22.88147],[113.28481,22.88161],[113.28493,22.88144],[113.28486,22.88144],[113.28482,22.88168],[113.28491,22.8818],[113.28487,22.8817],[113.28501,22.88152],[113.28492,22.88136],[113.28476,22.88142],[113.28462,22.88202]],[[113.40462,22.93939],[113.40343,22.93942],[113.40462,22.93939]],[[113.40462,22.93933],[113.40343,22.93936],[113.40462,22.93933]],[[113.43507,22.9408],[113.43389,22.94064],[113.43507,22.9408]],[[113.43508,22.94076],[113.4339,22.94059],[113.43508,22.94076]],[[113.43509,22.94069],[113.43391,22.94052],[113.43509,22.94069]],[[113.4351,22.94064],[113.43392,22.94047],[113.4351,22.94064]],[[113.45265,22.94469],[113.4515,22.94442],[113.45265,22.94469]],[[113.45268,22.94463],[113.45152,22.94436],[113.45268,22.94463]],[[113.96844,22.53844],[113.96894,22.53853],[113.9696,22.53897],[113.96978,22.53899],[113.9707,22.53864],[113.97089,22.53817],[113.97069,22.53757],[113.97047,22.53728],[113.97021,22.53715],[113.96986,22.53712],[113.96915,22.53738],[113.96893,22.53736],[113.96794,22.53649],[113.96767,22.53588],[113.96741,22.5358],[113.96703,22.53582],[113.96658,22.53605],[113.9666,22.53654],[113.96689,22.53703],[113.96687,22.53722],[113.96532,22.53832],[113.96523,22.53852],[113.9653,22.53869],[113.96576,22.53913],[113.96612,22.53921],[113.96661,22.53901],[113.96672,22.53845],[113.96692,22.53832],[113.96745,22.53826],[113.96844,22.53844]]]}},{"type":"Feature","properties":{"r":"xa","col":"#ef3340","n":"西安地铁2号线"},"geometry":{"type":"MultiLineString","coordinates":[[[108.95803,34.40172],[108.95164,34.39881],[108.93815,34.39419],[108.93658,34.39334],[108.93591,34.39243],[108.93532,34.391],[108.93523,34.39053],[108.93524,34.39014],[108.9358,34.38833],[108.93582,34.38751],[108.93573,34.38723],[108.9327,34.38379],[108.93234,34.38244],[108.93295,34.38008],[108.93546,34.3732],[108.94002,34.36466],[108.94082,34.3629],[108.94348,34.35811],[108.94366,34.35717],[108.94361,34.35666],[108.94302,34.35447],[108.9427,34.35246],[108.94255,34.35081],[108.94244,34.27109],[108.94235,34.2646],[108.94211,34.26123],[108.94229,34.25933],[108.94231,34.25625],[108.94197,34.22855],[108.9419,34.21316],[108.94187,34.20218],[108.94316,34.19798],[108.9432,34.19761],[108.94088,34.18868],[108.94078,34.18784],[108.94078,34.18722],[108.94151,34.18233],[108.94151,34.18088],[108.94135,34.17986],[108.94037,34.17668],[108.94052,34.16443],[108.94049,34.16374],[108.93974,34.1584],[108.93977,34.15808],[108.94084,34.15506],[108.94088,34.15474],[108.94078,34.14332],[108.94046,34.142],[108.93952,34.13997],[108.9363,34.13219],[108.93448,34.12644],[108.93387,34.11223]],[[108.95807,34.40163],[108.9518,34.39875],[108.93819,34.39413],[108.9366,34.39332],[108.93596,34.39243],[108.93537,34.39101],[108.93526,34.39053],[108.93527,34.39015],[108.93586,34.38832],[108.93586,34.3875],[108.93577,34.38721],[108.93301,34.38415],[108.93259,34.38344],[108.9325,34.38289],[108.93255,34.38215],[108.93306,34.38019],[108.93551,34.37322],[108.94358,34.35812],[108.94374,34.35722],[108.94369,34.35666],[108.94272,34.35225],[108.94262,34.35082],[108.94261,34.28803],[108.9425,34.27665],[108.94257,34.27154],[108.94243,34.26462],[108.94259,34.26085],[108.94236,34.25899],[108.94195,34.20222],[108.94328,34.19795],[108.94329,34.1976],[108.94099,34.18867],[108.9409,34.18789],[108.94088,34.1873],[108.94161,34.18237],[108.94163,34.18153],[108.94145,34.17985],[108.94048,34.17669],[108.94065,34.1644],[108.93984,34.1584],[108.93985,34.1581],[108.94097,34.15476],[108.94088,34.14671],[108.94093,34.14332],[108.94055,34.14183],[108.93962,34.1399],[108.93642,34.13209],[108.9346,34.12649],[108.93437,34.1226],[108.93399,34.11223]]]}},{"type":"Feature","properties":{"r":"xa","col":"#0077c8","n":"西安地铁1号线"},"geometry":{"type":"MultiLineString","coordinates":[[[108.65674,34.33891],[108.66384,34.31847],[108.66578,34.31691],[108.67279,34.31224],[108.68359,34.30477],[108.68474,34.30409],[108.68533,34.30407],[108.68566,34.30428],[108.69545,34.3138],[108.69623,34.31417],[108.70225,34.31513],[108.74528,34.32146],[108.74688,34.32168],[108.74944,34.3217],[108.75456,34.32044],[108.75584,34.31993],[108.75894,34.31845],[108.76976,34.3156],[108.77278,34.31465],[108.78392,34.31072],[108.79405,34.30799],[108.7951,34.30758],[108.79805,34.30593],[108.79906,34.30548],[108.8042,34.30377],[108.82012,34.29598],[108.82175,34.29505],[108.82789,34.29114],[108.82926,34.29067],[108.8306,34.29034],[108.83652,34.28974],[108.84013,34.28907],[108.84204,34.28855],[108.84431,34.28766],[108.84588,34.28693],[108.84766,34.28586],[108.85223,34.28335],[108.8564,34.2815],[108.8588,34.28017],[108.85967,34.27946],[108.86063,34.27887],[108.86746,34.2755],[108.86972,34.27418],[108.8758,34.27099],[108.87645,34.27082],[108.91717,34.27105],[108.93331,34.27124],[108.94251,34.27151],[108.94959,34.27144],[108.96799,34.2715],[108.97484,34.271],[108.97834,34.27092],[109.01257,34.27082],[109.01362,34.27095],[109.02056,34.27289],[109.0341,34.27399],[109.03851,34.27479],[109.04265,34.27595],[109.04369,34.27615],[109.04892,34.27622],[109.05044,34.27631],[109.05182,34.27656],[109.05279,34.27681],[109.05473,34.27783],[109.05696,34.27963],[109.05812,34.28026],[109.06156,34.28075],[109.06464,34.28077]],[[108.65691,34.33896],[108.66395,34.31851],[108.66591,34.31702],[108.68307,34.30531],[108.68487,34.30421],[108.68517,34.30421],[108.68556,34.30439],[108.69535,34.31395],[108.69623,34.31436],[108.74685,34.32181],[108.7495,34.32182],[108.75463,34.32057],[108.75587,34.32009],[108.75848,34.31883],[108.75978,34.31837],[108.76984,34.3157],[108.77284,34.3148],[108.78395,34.31081],[108.79411,34.30811],[108.79515,34.30771],[108.7991,34.30561],[108.80418,34.30395],[108.81414,34.29914],[108.82142,34.29539],[108.82791,34.29129],[108.82933,34.29077],[108.83062,34.29044],[108.83162,34.29027],[108.83654,34.28981],[108.84011,34.28918],[108.84205,34.28863],[108.8444,34.28775],[108.84597,34.28699],[108.85225,34.28342],[108.85642,34.28158],[108.85886,34.28027],[108.85972,34.27956],[108.86066,34.27894],[108.86755,34.27559],[108.87259,34.27274],[108.87585,34.2711],[108.87646,34.27094],[108.91718,34.27116],[108.94125,34.27153],[108.96852,34.27161],[108.97484,34.27108],[109.01263,34.27099],[109.01459,34.27133],[109.01949,34.27273],[109.02061,34.27294],[109.02577,34.27344],[109.03408,34.27406],[109.03755,34.27467],[109.04259,34.27606],[109.04367,34.27626],[109.04888,34.27631],[109.0511,34.27656],[109.05273,34.27691],[109.05472,34.27792],[109.05684,34.27976],[109.05806,34.28037],[109.06153,34.28084],[109.06465,34.28081]]]}},{"type":"Feature","properties":{"r":"gba","col":"#96c93c","n":"澳門輕軌氹仔線"},"geometry":{"type":"MultiLineString","coordinates":[[[113.57125,22.16369],[113.57507,22.16276],[113.57542,22.16246],[113.57549,22.16201],[113.57509,22.16063],[113.57475,22.15986],[113.57452,22.15876],[113.57408,22.15799],[113.57362,22.15763],[113.57005,22.156],[113.56973,22.15577],[113.56954,22.15546],[113.56951,22.15513],[113.56962,22.15479],[113.57135,22.15212],[113.57143,22.15145],[113.57135,22.15114],[113.57103,22.15079],[113.5692,22.15003],[113.56888,22.14967],[113.56921,22.14778],[113.56923,22.14668],[113.56837,22.13974],[113.56809,22.13936],[113.56742,22.13886],[113.56651,22.13859],[113.5642,22.13876],[113.56238,22.13875],[113.5604,22.13894],[113.5593,22.14001],[113.55801,22.1402],[113.55769,22.14051],[113.55772,22.1432],[113.558,22.14896],[113.55782,22.14957],[113.55731,22.15],[113.55558,22.15043],[113.55171,22.15201],[113.55146,22.15217],[113.55121,22.15253],[113.55119,22.1531],[113.5522,22.1551],[113.55296,22.15593],[113.55299,22.15613],[113.55286,22.15637],[113.55143,22.15692],[113.54907,22.15707],[113.54469,22.15704],[113.54339,22.15667],[113.5428,22.15619],[113.54252,22.15607],[113.54211,22.15612],[113.54183,22.15637],[113.54134,22.1575],[113.54097,22.1587],[113.54075,22.15965],[113.54037,22.16262],[113.53977,22.16488],[113.53942,22.16583],[113.53232,22.17993],[113.53195,22.18032],[113.53062,22.18098],[113.53009,22.18151],[113.52961,22.18217],[113.52932,22.18434],[113.52954,22.18535]],[[113.52962,22.18534],[113.52939,22.1842],[113.52952,22.18289],[113.5297,22.18226],[113.5307,22.181],[113.53192,22.18041],[113.53238,22.17995],[113.53907,22.16675],[113.5397,22.16534],[113.54019,22.16385],[113.54058,22.16216],[113.54095,22.15904],[113.54189,22.15642],[113.54221,22.15616],[113.54255,22.15614],[113.54341,22.15673],[113.5446,22.15709],[113.54887,22.15713],[113.55145,22.15697],[113.5529,22.1564],[113.55304,22.15614],[113.55301,22.15591],[113.55226,22.15508],[113.55125,22.15307],[113.55127,22.15255],[113.5515,22.15221],[113.55174,22.15206],[113.55554,22.1505],[113.55738,22.15003],[113.55783,22.14966],[113.55801,22.1493],[113.55805,22.1489],[113.55774,22.14054],[113.5581,22.14023],[113.55932,22.14006],[113.56039,22.13901],[113.56258,22.13877],[113.56404,22.13881],[113.56654,22.13864],[113.56741,22.1389],[113.56808,22.13942],[113.56831,22.13971],[113.56919,22.14689],[113.56912,22.14819],[113.56884,22.14967],[113.56894,22.14987],[113.5692,22.15006],[113.57108,22.1509],[113.57129,22.15114],[113.57138,22.15144],[113.5713,22.15202],[113.56958,22.15476],[113.56947,22.15507],[113.56952,22.1555],[113.56995,22.156],[113.57352,22.15761],[113.57408,22.15804],[113.57451,22.15886],[113.57469,22.15985],[113.57506,22.16073],[113.57544,22.16202],[113.57537,22.16243],[113.57505,22.16271],[113.57123,22.16364]]]}},{"type":"Feature","properties":{"r":"xa","col":"#b688a9","n":"西安地铁3号线"},"geometry":{"type":"MultiLineString","coordinates":[[[108.8414,34.23962],[108.85865,34.239],[108.86382,34.23906],[108.88606,34.23877],[108.88656,34.23868],[108.91812,34.2246],[108.91848,34.2245],[108.92097,34.22449],[108.92711,34.22406],[108.9298,34.22406],[108.93363,34.22433],[108.96038,34.22436],[108.96358,34.22478],[108.97121,34.22483],[108.97198,34.22504],[108.99195,34.23342],[108.99372,34.23419],[108.99476,34.23483],[108.99538,34.23547],[108.99626,34.23687],[108.99637,34.23772],[108.99631,34.23811],[108.99555,34.23938],[108.99487,34.2401],[108.9929,34.24135],[108.99236,34.2421],[108.99223,34.2426],[108.9919,34.24654],[108.99179,34.25119],[108.99184,34.26131],[108.99169,34.26181],[108.99106,34.26297],[108.99058,34.2647],[108.99094,34.29207],[108.99074,34.30662],[108.99077,34.30886],[108.9909,34.30992],[108.99107,34.31045],[108.99128,34.31077],[108.99209,34.31144],[108.99287,34.31176],[108.99456,34.312],[109.01231,34.3122],[109.01798,34.31245],[109.02139,34.3125],[109.0361,34.31255],[109.03716,34.31271],[109.03809,34.3131],[109.03909,34.31381],[109.03977,34.31474],[109.04292,34.32212],[109.0458,34.32919],[109.04986,34.33523],[109.05025,34.33602],[109.05054,34.33696],[109.05097,34.34],[109.05093,34.34073],[109.05055,34.34186],[109.05008,34.34254],[109.04964,34.34298],[109.04848,34.34375],[109.03495,34.34998],[109.03449,34.35027],[109.03374,34.35093],[109.03332,34.35153],[109.03301,34.35237],[109.03299,34.35357],[109.03781,34.38432],[109.03863,34.39111],[109.03911,34.39645],[109.03886,34.39852]],[[108.8414,34.23969],[108.85866,34.23907],[108.86383,34.23913],[108.88612,34.23887],[108.88701,34.23861],[108.9182,34.22467],[108.92464,34.22437],[108.92712,34.22414],[108.92979,34.22415],[108.93363,34.22445],[108.96038,34.22446],[108.96359,34.22485],[108.9712,34.22489],[108.97194,34.22509],[108.99304,34.23398],[108.9942,34.23456],[108.99466,34.23489],[108.99562,34.23595],[108.99619,34.23689],[108.99632,34.23748],[108.99623,34.2381],[108.99604,34.23847],[108.99513,34.2398],[108.99484,34.24008],[108.99288,34.24134],[108.99231,34.2421],[108.99217,34.2426],[108.99192,34.24455],[108.99171,34.25171],[108.99177,34.26131],[108.99161,34.26179],[108.99098,34.26297],[108.99046,34.26469],[108.99066,34.27932],[108.99063,34.3074],[108.99068,34.30885],[108.99082,34.30993],[108.99102,34.31046],[108.99122,34.31078],[108.99205,34.31148],[108.99288,34.31181],[108.99455,34.31204],[109.02021,34.31252],[109.03581,34.31257],[109.03715,34.31275],[109.03792,34.31305],[109.03895,34.31372],[109.03972,34.31473],[109.04192,34.32005],[109.04287,34.32213],[109.04585,34.32944],[109.04987,34.33541],[109.05046,34.33696],[109.05087,34.33949],[109.05089,34.34072],[109.05074,34.34139],[109.05052,34.34185],[109.05006,34.34252],[109.04962,34.34297],[109.04844,34.34372],[109.03469,34.3501],[109.03368,34.35096],[109.03332,34.35147],[109.03298,34.35235],[109.0329,34.35285],[109.03294,34.35364],[109.03786,34.38502],[109.03858,34.39111],[109.03904,34.39645],[109.03879,34.39851]]]}},{"type":"Feature","properties":{"r":"gba","col":"#008c95","n":"广州地铁8号线"},"geometry":{"type":"MultiLineString","coordinates":[[[113.21076,23.24225],[113.21104,23.24166],[113.21282,23.23526],[113.21313,23.23328],[113.21342,23.22977],[113.21402,23.22671],[113.21649,23.21976],[113.21695,23.21891],[113.21761,23.21844],[113.21994,23.21749],[113.22113,23.21689],[113.22471,23.21455],[113.22928,23.21189],[113.23117,23.21112],[113.23553,23.20986],[113.23638,23.20928],[113.23702,23.20863],[113.23753,23.20789],[113.23781,23.20723],[113.23795,23.20647],[113.23793,23.20518],[113.23678,23.19417],[113.23632,23.19258],[113.23466,23.18786],[113.23295,23.18245],[113.23087,23.17638],[113.23046,23.1747],[113.23006,23.17222],[113.22989,23.16918],[113.22948,23.16528],[113.22964,23.16279],[113.22997,23.16114],[113.23109,23.15668],[113.2314,23.15452],[113.2318,23.15034],[113.23228,23.14874],[113.23305,23.14762],[113.2356,23.14497],[113.23743,23.14276],[113.23955,23.14101],[113.2401,23.14021],[113.24047,23.13938],[113.24057,23.13882],[113.24049,23.1382],[113.23941,23.13536],[113.23925,23.13425],[113.23945,23.1336],[113.24073,23.13122],[113.24177,23.12748],[113.24187,23.12638],[113.24155,23.12302],[113.2417,23.12074],[113.24199,23.11954],[113.24276,23.11735],[113.24324,23.11433],[113.24586,23.10841],[113.24626,23.10731],[113.24658,23.10525],[113.24737,23.10169],[113.24817,23.10047],[113.25104,23.09663],[113.25329,23.09374],[113.25442,23.09246],[113.25636,23.08991],[113.25689,23.08935],[113.25759,23.08895],[113.2583,23.08871],[113.26104,23.08842],[113.2629,23.0885],[113.26541,23.08885],[113.26625,23.08906],[113.26733,23.08967],[113.26979,23.09184],[113.27284,23.09427],[113.27406,23.09481],[113.27876,23.09648],[113.27976,23.09642],[113.28479,23.09538],[113.29132,23.09366],[113.29281,23.09356],[113.29426,23.09387],[113.2953,23.09435],[113.2982,23.09696],[113.2987,23.09728],[113.29934,23.09746],[113.31192,23.09878],[113.31388,23.09892],[113.31784,23.09894],[113.32318,23.09883],[113.32742,23.09848],[113.32846,23.09881],[113.33236,23.10089],[113.33325,23.10118],[113.34156,23.10122],[113.34407,23.10159],[113.34696,23.10161],[113.34977,23.10124],[113.35755,23.10117],[113.38232,23.10007]],[[113.38232,23.10012],[113.35755,23.10122],[113.35009,23.10128],[113.34697,23.1017],[113.34406,23.10168],[113.34155,23.10128],[113.33316,23.10124],[113.33234,23.10099],[113.3284,23.0989],[113.32741,23.09859],[113.323,23.09896],[113.31751,23.09908],[113.31367,23.09905],[113.29943,23.09758],[113.29876,23.09743],[113.29823,23.09712],[113.29673,23.09586],[113.29561,23.09472],[113.2951,23.09435],[113.29407,23.09392],[113.29264,23.09365],[113.29193,23.09367],[113.29094,23.09385],[113.28358,23.09575],[113.27978,23.09653],[113.27884,23.0966],[113.27761,23.09625],[113.27371,23.09481],[113.27277,23.09437],[113.2697,23.09194],[113.26726,23.08976],[113.26662,23.08934],[113.26612,23.08914],[113.26276,23.0886],[113.26105,23.08851],[113.25832,23.08878],[113.25753,23.08904],[113.25686,23.08941],[113.2563,23.08999],[113.25466,23.09216],[113.25207,23.09584],[113.2484,23.10067],[113.24796,23.10148],[113.24758,23.10299],[113.24693,23.10649],[113.24651,23.10768],[113.24505,23.11079],[113.24349,23.11445],[113.24297,23.11724],[113.242,23.12078],[113.24176,23.12327],[113.24204,23.12634],[113.24199,23.12733],[113.24088,23.13128],[113.23957,23.13367],[113.23939,23.13426],[113.2396,23.13549],[113.24063,23.13816],[113.24069,23.13882],[113.24058,23.13941],[113.24021,23.14026],[113.23977,23.14092],[113.23921,23.14151],[113.23807,23.14236],[113.23755,23.14287],[113.23574,23.14504],[113.23342,23.14745],[113.23277,23.14824],[113.23246,23.14881],[113.232,23.15038],[113.23161,23.15414],[113.23123,23.15676],[113.22984,23.1624],[113.22964,23.16409],[113.22962,23.16526],[113.23,23.1689],[113.23021,23.1722],[113.2306,23.17469],[113.23113,23.17675],[113.23288,23.18173],[113.23687,23.1939],[113.23725,23.19669],[113.23807,23.20517],[113.23809,23.20646],[113.23794,23.20726],[113.23768,23.20791],[113.23712,23.20872],[113.23646,23.20938],[113.23582,23.20985],[113.23496,23.21023],[113.23121,23.21124],[113.22934,23.212],[113.22479,23.21466],[113.22142,23.21685],[113.21999,23.21757],[113.21766,23.21854],[113.21706,23.21899],[113.21654,23.22001],[113.21408,23.227],[113.21354,23.22979],[113.21326,23.2333],[113.21298,23.23506],[113.21109,23.24167],[113.21083,23.24229]]]}},{"type":"Feature","properties":{"r":"gba","col":"#f3d03e","n":"广州地铁1号线"},"geometry":{"type":"MultiLineString","coordinates":[[[113.31645,23.15337],[113.3173,23.15322],[113.32143,23.15171],[113.32243,23.15114],[113.32264,23.15092],[113.32273,23.15065],[113.32282,23.14948],[113.32275,23.13595],[113.3226,23.1353],[113.32231,23.13483],[113.32156,23.13425],[113.32091,23.13393],[113.31987,23.13378],[113.31379,23.1339],[113.31168,23.13358],[113.30554,23.13175],[113.30066,23.12963],[113.29826,23.12877],[113.28944,23.12685],[113.28866,23.12689],[113.2877,23.12711],[113.28449,23.12803],[113.28213,23.12885],[113.27934,23.1296],[113.27785,23.12978],[113.27514,23.1298],[113.27215,23.1294],[113.2686,23.12914],[113.26772,23.12899],[113.26641,23.12854],[113.2658,23.12845],[113.25327,23.12799],[113.2486,23.12808],[113.24379,23.12847],[113.24048,23.12847],[113.2382,23.12836],[113.23761,23.12818],[113.23715,23.12784],[113.23668,23.12721],[113.23653,23.1266],[113.23651,23.12488],[113.23673,23.12251],[113.23644,23.11906],[113.23618,23.11826],[113.23473,23.11534],[113.23455,23.11469],[113.23482,23.111],[113.23472,23.10992],[113.2317,23.1043],[113.2296,23.09884],[113.22858,23.09649],[113.22829,23.09533],[113.22815,23.09362],[113.22883,23.08841],[113.2288,23.08735],[113.22862,23.08665],[113.22781,23.08492],[113.22752,23.08383],[113.22549,23.07228],[113.22558,23.07123],[113.22694,23.06704]],[[113.22704,23.06707],[113.22564,23.07124],[113.22553,23.07211],[113.22762,23.08406],[113.2279,23.08502],[113.22865,23.08654],[113.22884,23.08721],[113.22888,23.08841],[113.22822,23.09352],[113.22829,23.09477],[113.22863,23.09622],[113.22974,23.09879],[113.23194,23.10467],[113.23456,23.10941],[113.23479,23.10998],[113.23492,23.11122],[113.23467,23.11416],[113.23469,23.11478],[113.23494,23.11551],[113.23631,23.11821],[113.23659,23.11904],[113.23686,23.12251],[113.23664,23.12471],[113.23668,23.1266],[113.23682,23.12718],[113.23723,23.12775],[113.23768,23.12808],[113.2381,23.12822],[113.24048,23.12834],[113.24383,23.12835],[113.24885,23.12793],[113.2525,23.12787],[113.2579,23.12798],[113.26567,23.12831],[113.26632,23.12839],[113.26764,23.12884],[113.26857,23.12901],[113.27216,23.12928],[113.27497,23.12968],[113.27785,23.12968],[113.27894,23.12956],[113.28172,23.12882],[113.28462,23.12785],[113.28809,23.12687],[113.28945,23.12671],[113.29806,23.1286],[113.30047,23.12944],[113.30563,23.13166],[113.31194,23.13349],[113.31397,23.13377],[113.31995,23.13362],[113.32092,23.13377],[113.3216,23.13408],[113.32241,23.13471],[113.32269,23.13515],[113.32289,23.1359],[113.32292,23.1495],[113.32284,23.1508],[113.32264,23.15111],[113.32213,23.1515],[113.32089,23.15211],[113.3172,23.15343],[113.31652,23.15359],[113.31564,23.15364]]]}},{"type":"Feature","properties":{"r":"gba","col":"#db6d1c","n":"深圳地铁2号线"},"geometry":{"type":"MultiLineString","coordinates":[[[113.8926,22.48231],[113.89118,22.48366]],[[113.89269,22.4824],[113.89128,22.48375]],[[114.11873,22.54689],[114.11498,22.54612],[114.10967,22.54518],[114.10692,22.54449],[114.10095,22.54349],[114.09984,22.54369],[114.09921,22.54418],[114.09803,22.54541],[114.09633,22.54649],[114.09536,22.54681],[114.09384,22.54708],[114.09133,22.54727],[114.07871,22.54706],[114.07676,22.5468],[114.0758,22.54619],[114.07477,22.54512],[114.07329,22.54407],[114.0725,22.54368],[114.07161,22.5434],[114.07073,22.5433],[114.06855,22.54324],[114.06565,22.5435],[114.06321,22.54349],[114.05538,22.54338],[114.05299,22.54301],[114.04691,22.54299],[114.04587,22.54326],[114.04492,22.54388],[114.04425,22.54476],[114.04394,22.5458],[114.04396,22.54652],[114.04429,22.54797],[114.0464,22.55361],[114.04644,22.55415],[114.04636,22.55469],[114.04604,22.55544],[114.04568,22.55588],[114.045,22.55639],[114.04446,22.55661],[114.04302,22.55678],[114.0376,22.55615],[114.03645,22.55617],[114.03545,22.55634],[114.03386,22.55679],[114.03232,22.55737],[114.03107,22.55747],[114.02961,22.55739],[114.02902,22.55727],[114.02667,22.5561],[114.02479,22.55572],[114.02239,22.55559],[114.02038,22.55579],[114.01859,22.55575],[114.01676,22.5557],[114.01521,22.55545],[114.01412,22.55505],[114.01129,22.55331],[114.00796,22.55191],[113.99792,22.55166],[113.99703,22.55157],[113.9962,22.55131],[113.99536,22.55082],[113.98989,22.54605],[113.98898,22.54555],[113.98824,22.54535],[113.98745,22.54531],[113.98661,22.54539],[113.98604,22.54559],[113.98546,22.54592],[113.98316,22.54783],[113.98192,22.54847],[113.98089,22.54869],[113.97946,22.54854],[113.97874,22.54823],[113.97572,22.54609],[113.9737,22.54495],[113.97098,22.54246],[113.97036,22.54172],[113.96885,22.53838],[113.96809,22.53583],[113.96804,22.53486],[113.96837,22.53179],[113.96823,22.53078],[113.96786,22.52991],[113.96729,22.52916],[113.96685,22.52877],[113.96617,22.5284],[113.96532,22.52813],[113.96467,22.52806],[113.96246,22.52804],[113.959,22.52823],[113.95035,22.53017],[113.94929,22.53031],[113.94046,22.53012],[113.93955,22.52994],[113.9386,22.52961],[113.93725,22.52863],[113.9369,22.52816],[113.93664,22.52752],[113.93605,22.523],[113.93574,22.52163],[113.93346,22.51524],[113.93293,22.51403],[113.93275,22.51335],[113.93274,22.50961],[113.9329,22.50174],[113.93324,22.49874],[113.93362,22.49648]],[[114.11873,22.54689],[114.11495,22.54609],[114.10965,22.54515],[114.10689,22.54446],[114.10217,22.54356],[114.10091,22.54345],[114.09979,22.54367],[114.09915,22.54416],[114.09798,22.54539],[114.09628,22.54646],[114.09532,22.54678],[114.0938,22.54705],[114.0913,22.54724],[114.07867,22.54703],[114.07675,22.54677],[114.0758,22.54616],[114.07477,22.5451],[114.07328,22.54404],[114.07248,22.54365],[114.07158,22.54338],[114.07071,22.54327],[114.06854,22.54316],[114.0653,22.54339],[114.05538,22.54326],[114.053,22.54293],[114.04689,22.54288],[114.04582,22.54312],[114.04481,22.54375],[114.04411,22.54467],[114.04379,22.54576],[114.04381,22.54651],[114.04419,22.54799],[114.0462,22.55363],[114.04623,22.55414],[114.04608,22.55488],[114.04584,22.55535],[114.04535,22.55592],[114.04441,22.55645],[114.043,22.55663],[114.0376,22.55607],[114.03645,22.55614],[114.03544,22.55632],[114.03386,22.55676],[114.03231,22.55734],[114.03107,22.55744],[114.02962,22.55737],[114.02903,22.55724],[114.02668,22.55607],[114.0248,22.55569],[114.02322,22.55556],[114.02038,22.55575],[114.01676,22.55567],[114.01522,22.55543],[114.01414,22.55503],[114.0113,22.55329],[114.00797,22.55188],[114.00289,22.55161],[113.99897,22.55151],[113.99635,22.55101],[113.99535,22.55058],[113.99462,22.55003],[113.98997,22.54597],[113.98927,22.54555],[113.98825,22.54524],[113.98743,22.54519],[113.98657,22.54528],[113.98598,22.54549],[113.98541,22.54583],[113.98307,22.54773],[113.98183,22.54834],[113.98086,22.54853],[113.97952,22.54837],[113.97853,22.54793],[113.97579,22.54598],[113.97378,22.54487],[113.97109,22.54239],[113.97047,22.54167],[113.96993,22.54071],[113.96908,22.53872],[113.9682,22.53583],[113.96815,22.53486],[113.96849,22.53181],[113.96846,22.53107],[113.96829,22.53041],[113.96786,22.52956],[113.96743,22.52903],[113.96645,22.52835],[113.96507,22.52795],[113.96246,22.52793],[113.959,22.52811],[113.95033,22.53007],[113.94926,22.53021],[113.94179,22.53011],[113.94016,22.53001],[113.93887,22.52964],[113.93832,22.52931],[113.9373,22.52846],[113.93685,22.52778],[113.93675,22.52745],[113.93619,22.52302],[113.93588,22.52159],[113.93376,22.51565],[113.93305,22.51399],[113.93288,22.51333],[113.93302,22.50207],[113.93382,22.49651]],[[114.12181,22.54738],[114.11873,22.54689]],[[114.12181,22.54738],[114.11873,22.54689]],[[114.12181,22.54738],[114.12351,22.54737],[114.12423,22.54748],[114.12811,22.54828],[114.13393,22.54917],[114.14636,22.55082],[114.14813,22.55131],[114.14873,22.55165],[114.14941,22.55233],[114.14992,22.55344],[114.1502,22.5548],[114.15036,22.55717],[114.152,22.56317],[114.15239,22.56432],[114.15273,22.56482],[114.15352,22.56559],[114.15484,22.56627],[114.15623,22.56653],[114.16927,22.56679]],[[114.12181,22.54738],[114.12565,22.5479],[114.13395,22.54925],[114.14615,22.55081],[114.1481,22.55136],[114.14906,22.55205],[114.14957,22.55281],[114.15002,22.55435],[114.15025,22.55717],[114.15212,22.56403],[114.15273,22.56499],[114.1536,22.56579],[114.15474,22.56634],[114.15621,22.56659],[114.16926,22.56691]]]}},{"type":"Feature","properties":{"r":"bj","col":"#d4a7a1","n":"北京地铁14号线"},"geometry":{"type":"MultiLineString","coordinates":[[[116.18092,39.85679],[116.18479,39.85895],[116.18623,39.8595],[116.18724,39.85974],[116.19905,39.8602],[116.2006,39.86043],[116.20161,39.86076],[116.20553,39.86247],[116.21366,39.86613],[116.21496,39.86655],[116.21619,39.8667],[116.21802,39.86656],[116.21881,39.86633],[116.22021,39.86565],[116.22124,39.86468],[116.22268,39.86217],[116.22504,39.85932],[116.22557,39.8589],[116.22757,39.85766],[116.22827,39.85746],[116.22912,39.85737],[116.23324,39.85809],[116.23562,39.85863],[116.23661,39.85895],[116.24732,39.86366],[116.25062,39.86502],[116.25218,39.86552],[116.25502,39.866],[116.25611,39.86602],[116.25919,39.86523],[116.26117,39.8648],[116.26324,39.8645],[116.26895,39.86407],[116.27116,39.86402],[116.27362,39.86407],[116.28589,39.86512],[116.29001,39.86537],[116.29762,39.86528],[116.31727,39.86633],[116.33875,39.86631],[116.33972,39.86604],[116.34191,39.86485],[116.3446,39.86167],[116.34584,39.86073],[116.34663,39.86031],[116.34746,39.86006],[116.34866,39.86004],[116.35088,39.8601],[116.3527,39.86033],[116.35364,39.86083],[116.35451,39.86109],[116.35582,39.86127],[116.36791,39.86178],[116.36935,39.86195],[116.37065,39.86231],[116.37592,39.86585],[116.3818,39.86772],[116.3825,39.86792],[116.38314,39.86799],[116.38956,39.86812],[116.39096,39.86791],[116.39192,39.86738],[116.39402,39.86512],[116.39475,39.86464],[116.39564,39.86423],[116.3999,39.86372],[116.40146,39.86362],[116.40748,39.86379],[116.41623,39.86441],[116.42772,39.86472],[116.43909,39.86469],[116.44123,39.86465],[116.44228,39.86451],[116.4431,39.8643],[116.4452,39.8635],[116.44626,39.86331],[116.44759,39.8634],[116.4494,39.86388],[116.4514,39.86498],[116.45488,39.86644],[116.45589,39.86671],[116.46801,39.8667],[116.469,39.86683],[116.46989,39.86714],[116.47052,39.86751],[116.47105,39.86791],[116.47133,39.86846],[116.47131,39.88418],[116.47167,39.893],[116.47206,39.91457],[116.47229,39.92189],[116.47237,39.93195],[116.47227,39.93547],[116.47212,39.93622],[116.47178,39.93688],[116.47009,39.9387],[116.46935,39.93972],[116.46901,39.94195],[116.46884,39.94402],[116.46902,39.94468],[116.4693,39.94517],[116.47005,39.94606],[116.47197,39.94712],[116.47906,39.95068],[116.48019,39.95142],[116.4808,39.95214],[116.4811,39.95286],[116.48119,39.95406],[116.48109,39.95506],[116.47848,39.95899],[116.47821,39.95983],[116.4782,39.96044],[116.47841,39.96104],[116.47965,39.96225],[116.482,39.96382],[116.4838,39.96543],[116.48405,39.96656],[116.48389,39.97641],[116.48382,39.97721],[116.48356,39.97792],[116.48307,39.97845],[116.48219,39.97906],[116.47486,39.98366],[116.46829,39.98847],[116.46319,39.99181],[116.46249,39.99244],[116.46209,39.99322],[116.46196,39.99857],[116.46115,40.00751],[116.46064,40.02042],[116.46104,40.02126],[116.46168,40.02204],[116.46244,40.0226],[116.46388,40.02318],[116.46763,40.02404],[116.4699,40.02481],[116.47191,40.02596],[116.47255,40.02653]],[[116.18096,39.85675],[116.18493,39.85895],[116.18694,39.85963],[116.18798,39.85976],[116.19883,39.86013],[116.20087,39.86046],[116.20232,39.861],[116.21383,39.86614],[116.21497,39.86651],[116.21625,39.86666],[116.21725,39.86663],[116.21848,39.86638],[116.21915,39.86615],[116.22016,39.86562],[116.22114,39.86473],[116.22281,39.86191],[116.22583,39.85829],[116.22717,39.85751],[116.22811,39.85727],[116.22911,39.85723],[116.23033,39.85735],[116.23331,39.85795],[116.23569,39.8585],[116.23663,39.85881],[116.24736,39.86356],[116.25065,39.86491],[116.25219,39.86539],[116.25501,39.86588],[116.2561,39.8659],[116.26113,39.86467],[116.26312,39.8644],[116.26893,39.86396],[116.2711,39.8639],[116.27361,39.86395],[116.28592,39.86506],[116.29004,39.86529],[116.29764,39.86518],[116.31726,39.86622],[116.33875,39.86617],[116.33964,39.86588],[116.34164,39.86477],[116.34304,39.86335],[116.34445,39.8616],[116.34563,39.86065],[116.34742,39.85991],[116.34869,39.85988],[116.35179,39.86003],[116.35276,39.86021],[116.3538,39.86076],[116.35453,39.86098],[116.35585,39.86115],[116.36795,39.86163],[116.37007,39.86193],[116.37078,39.86217],[116.37605,39.86576],[116.38255,39.86781],[116.38321,39.86787],[116.38902,39.86801],[116.39008,39.86797],[116.39078,39.86784],[116.39168,39.86737],[116.39393,39.86506],[116.39466,39.86456],[116.39556,39.86413],[116.39704,39.86391],[116.40149,39.8635],[116.40749,39.86372],[116.41624,39.86434],[116.42773,39.86467],[116.44123,39.86458],[116.44307,39.86424],[116.44514,39.86344],[116.44624,39.86325],[116.44762,39.86334],[116.44944,39.86379],[116.45148,39.86487],[116.4549,39.86638],[116.45589,39.86665],[116.46802,39.86663],[116.46902,39.86677],[116.46993,39.86708],[116.47058,39.86746],[116.4711,39.86788],[116.47141,39.86844],[116.47138,39.88384],[116.47177,39.89301],[116.47216,39.91457],[116.4724,39.92188],[116.47246,39.93195],[116.47239,39.93334],[116.47251,39.93461],[116.47245,39.93546],[116.47225,39.93621],[116.47186,39.93692],[116.47027,39.93869],[116.46948,39.93971],[116.46904,39.94401],[116.46913,39.94468],[116.46953,39.94535],[116.47011,39.94602],[116.472,39.94706],[116.47729,39.94957],[116.47928,39.95062],[116.48032,39.95132],[116.48099,39.95204],[116.48133,39.95279],[116.48142,39.95404],[116.48123,39.95511],[116.48038,39.9566],[116.47903,39.95831],[116.47862,39.95902],[116.4783,39.95985],[116.47831,39.96039],[116.47851,39.96103],[116.47971,39.96214],[116.48208,39.96373],[116.4839,39.96538],[116.48417,39.96655],[116.484,39.9764],[116.48391,39.97722],[116.48366,39.97799],[116.48314,39.97855],[116.48227,39.97915],[116.47492,39.98371],[116.46859,39.98841],[116.46326,39.99192],[116.46262,39.99248],[116.46233,39.99298],[116.46219,39.99354],[116.46211,39.99857],[116.46134,40.00753],[116.46084,40.02011],[116.46133,40.02133],[116.46209,40.02217],[116.4629,40.02271],[116.46405,40.0231],[116.46805,40.02377],[116.47044,40.02453],[116.47158,40.02519],[116.47286,40.02638]]]}},{"type":"Feature","properties":{"r":"bj","col":"#ffc66e","n":"北京地铁7号线"},"geometry":{"type":"MultiLineString","coordinates":[[[116.31504,39.89462],[116.31508,39.89165],[116.3154,39.89064],[116.31603,39.88996],[116.31707,39.88921],[116.31828,39.88894],[116.32319,39.88887],[116.3266,39.88864],[116.33016,39.88821],[116.33253,39.88816],[116.35282,39.88849],[116.36537,39.88792],[116.36905,39.88791],[116.37365,39.88805],[116.37672,39.88831],[116.38251,39.88851],[116.39025,39.8894],[116.39739,39.89102],[116.42477,39.89221],[116.43091,39.89229],[116.4462,39.89223],[116.45523,39.89203],[116.47143,39.89186],[116.48219,39.89214],[116.48474,39.89198],[116.48822,39.89141],[116.48952,39.89131],[116.49371,39.89131],[116.49464,39.89118],[116.49517,39.89104],[116.49598,39.89053],[116.49676,39.88975],[116.49725,39.88878],[116.49744,39.88803],[116.49743,39.88314],[116.49761,39.87797],[116.49755,39.87696],[116.49744,39.87664],[116.4953,39.87344],[116.49436,39.87142],[116.49331,39.86656],[116.49247,39.86386],[116.49238,39.86312],[116.49252,39.86234],[116.49286,39.86145],[116.4932,39.86085],[116.49392,39.86012],[116.49476,39.85984],[116.50124,39.8595],[116.50739,39.85952],[116.51323,39.85936],[116.52031,39.85847],[116.52414,39.85765],[116.52561,39.85722],[116.52772,39.85623],[116.53736,39.85133],[116.54215,39.84869],[116.54416,39.84805],[116.54587,39.84792],[116.55298,39.84788],[116.55399,39.84799],[116.55494,39.84831],[116.55625,39.84957],[116.55754,39.85277],[116.5589,39.85393],[116.56063,39.85486],[116.56163,39.85517],[116.56295,39.85538],[116.56542,39.85559],[116.57826,39.85635],[116.59278,39.85765],[116.61055,39.85848],[116.61575,39.85951],[116.61923,39.86061],[116.62122,39.86153],[116.62329,39.86209],[116.62601,39.8624],[116.67356,39.86223],[116.67501,39.8621],[116.67699,39.86165],[116.68145,39.86115],[116.68619,39.86125],[116.68733,39.86119],[116.68812,39.86102],[116.68888,39.86069],[116.68952,39.86017],[116.68976,39.85985],[116.69007,39.85909],[116.69012,39.85864],[116.68997,39.85763],[116.68976,39.85706],[116.68773,39.85352],[116.68601,39.85072],[116.68522,39.84978],[116.68418,39.84906],[116.68296,39.84857],[116.68087,39.84822],[116.66812,39.84827]],[[116.31511,39.89462],[116.31514,39.89163],[116.31558,39.89074],[116.31618,39.89007],[116.31685,39.88949],[116.31724,39.88928],[116.31826,39.88904],[116.32661,39.88871],[116.33015,39.88829],[116.33249,39.88827],[116.3507,39.88871],[116.35323,39.88867],[116.36535,39.88803],[116.37362,39.88818],[116.37787,39.88848],[116.38244,39.88864],[116.39025,39.88954],[116.39639,39.89099],[116.39806,39.89121],[116.42528,39.89232],[116.44144,39.89239],[116.47143,39.89194],[116.48135,39.89223],[116.48479,39.89205],[116.4882,39.89153],[116.48956,39.89144],[116.49479,39.89138],[116.4954,39.89114],[116.4962,39.89063],[116.4969,39.88976],[116.49745,39.88879],[116.49765,39.88801],[116.4976,39.8817],[116.49775,39.87793],[116.49755,39.87661],[116.49487,39.87224],[116.49412,39.86947],[116.49345,39.86655],[116.49266,39.86387],[116.49262,39.86313],[116.49272,39.86234],[116.493,39.86151],[116.49339,39.86089],[116.4941,39.86024],[116.49477,39.86003],[116.50123,39.85968],[116.5132,39.85957],[116.52037,39.85862],[116.52432,39.85786],[116.52576,39.8573],[116.53741,39.85142],[116.54219,39.84876],[116.54416,39.84812],[116.54588,39.84801],[116.55299,39.84796],[116.55397,39.84806],[116.55487,39.84836],[116.55617,39.8496],[116.55745,39.8528],[116.55883,39.85397],[116.5606,39.85493],[116.56161,39.85524],[116.56409,39.85557],[116.57825,39.85649],[116.59277,39.85776],[116.61054,39.85858],[116.61573,39.85959],[116.61915,39.86068],[116.62116,39.8616],[116.62328,39.86214],[116.62601,39.86246],[116.67343,39.86234],[116.68173,39.86143],[116.68597,39.8614],[116.68723,39.86129],[116.68814,39.86109],[116.68901,39.86074],[116.68938,39.8605],[116.68994,39.85988],[116.69021,39.8591],[116.6902,39.85815],[116.68988,39.85704],[116.68961,39.85643],[116.68617,39.85068],[116.68565,39.84996],[116.68501,39.84938],[116.68432,39.84893],[116.6829,39.84837],[116.68099,39.8481],[116.66812,39.84812]]]}},{"type":"Feature","properties":{"r":"gba","col":"#0035ad","n":"深圳地铁7号线"},"geometry":{"type":"MultiLineString","coordinates":[[[113.98503,22.59655],[113.98131,22.59511],[113.98002,22.5947],[113.9791,22.59456],[113.97806,22.59482],[113.97535,22.59627],[113.97238,22.5974],[113.97094,22.59771],[113.96996,22.59763],[113.96892,22.59723],[113.96816,22.59709],[113.96393,22.59707],[113.96295,22.59697],[113.95882,22.59624],[113.9573,22.59564],[113.95452,22.59362],[113.95112,22.59078],[113.95051,22.59015],[113.95011,22.58953],[113.94966,22.58839],[113.94917,22.58289],[113.94919,22.58081],[113.94958,22.57432],[113.95003,22.57322],[113.95055,22.57256],[113.9512,22.57202],[113.95242,22.5715],[113.95322,22.57136],[113.95812,22.57104],[113.96469,22.56947],[113.96592,22.5691],[113.96971,22.56716],[113.97237,22.56546],[113.97801,22.5622],[113.97946,22.5616],[113.98728,22.55958],[113.99463,22.55823],[113.99722,22.55834],[113.99798,22.55828],[113.99871,22.55808],[113.99939,22.55776],[113.99998,22.55732],[114.00047,22.55678],[114.00084,22.55617],[114.00108,22.5555],[114.00123,22.55379],[114.00125,22.55049],[114.00146,22.54958],[114.00427,22.54387],[114.00465,22.54325],[114.00518,22.5427],[114.00586,22.54224],[114.0066,22.54192],[114.00754,22.54174],[114.00836,22.54177],[114.01622,22.54407],[114.01837,22.54496],[114.01915,22.54507],[114.01976,22.54503],[114.02041,22.5449],[114.02101,22.54463],[114.02199,22.54384],[114.0225,22.54303],[114.02268,22.54249],[114.02291,22.54008],[114.02437,22.53454],[114.02472,22.53372],[114.02573,22.53212],[114.0262,22.53082],[114.02685,22.52989],[114.02832,22.52863],[114.03257,22.52616],[114.03969,22.52227],[114.04106,22.52189],[114.04177,22.52193],[114.04215,22.52213],[114.04296,22.52341],[114.04461,22.52536],[114.04511,22.52556],[114.04679,22.52573],[114.06064,22.52591],[114.06457,22.52585],[114.06517,22.52572],[114.06729,22.5247],[114.07306,22.52292],[114.07359,22.52288],[114.07408,22.52303],[114.07446,22.52333],[114.07472,22.52372],[114.07579,22.5264],[114.07595,22.52708],[114.07601,22.52925],[114.07616,22.52968],[114.0795,22.53569],[114.07984,22.53612],[114.0812,22.5374],[114.08168,22.5383],[114.08175,22.54239],[114.08149,22.5571],[114.08222,22.55857],[114.08421,22.56193],[114.08543,22.56365],[114.08625,22.56413],[114.08832,22.56446],[114.10388,22.56469],[114.10683,22.56637],[114.10772,22.56669],[114.11003,22.56689],[114.11532,22.56848],[114.11623,22.5686],[114.12046,22.56872],[114.12471,22.56988],[114.12786,22.57118],[114.1299,22.57183],[114.13076,22.57226],[114.13103,22.57268],[114.13222,22.57697]],[[113.98509,22.59642],[113.98214,22.59527],[113.98009,22.59464],[113.97911,22.59447],[113.97834,22.5946],[113.97583,22.59594],[113.97233,22.59728],[113.97062,22.59762],[113.96998,22.59753],[113.96893,22.59713],[113.96817,22.59699],[113.96401,22.59698],[113.963,22.59689],[113.95877,22.59612],[113.95791,22.59587],[113.95735,22.59559],[113.95459,22.59359],[113.95118,22.59077],[113.95057,22.59014],[113.94997,22.589],[113.94949,22.58264],[113.94948,22.57883],[113.9495,22.57714],[113.94973,22.5744],[113.95014,22.57336],[113.951,22.57238],[113.95159,22.57198],[113.95247,22.57163],[113.95323,22.57149],[113.95815,22.57117],[113.96473,22.5696],[113.96598,22.56923],[113.96977,22.56722],[113.97241,22.56552],[113.97805,22.56228],[113.97951,22.5617],[113.98604,22.56004],[113.99142,22.559],[113.99317,22.55881],[113.99797,22.55887],[113.99908,22.55861],[113.99975,22.55828],[114.00034,22.55784],[114.00083,22.5573],[114.0012,22.55668],[114.00143,22.55601],[114.00151,22.555],[114.00129,22.55282],[114.0013,22.55053],[114.00144,22.54987],[114.00439,22.54392],[114.00499,22.54308],[114.00529,22.54281],[114.00594,22.54236],[114.00666,22.54205],[114.00757,22.54187],[114.0084,22.54189],[114.01618,22.54418],[114.01834,22.54508],[114.01915,22.54519],[114.01978,22.54512],[114.02081,22.54474],[114.02178,22.54399],[114.02238,22.54295],[114.02266,22.54001],[114.02385,22.53549],[114.02426,22.53429],[114.02562,22.5322],[114.02643,22.53058],[114.02691,22.52994],[114.02837,22.52868],[114.03467,22.52509],[114.03973,22.52232],[114.04107,22.52195],[114.04175,22.522],[114.0421,22.52217],[114.04291,22.52345],[114.04457,22.52541],[114.0451,22.52562],[114.04679,22.5258],[114.06064,22.52598],[114.06458,22.52591],[114.0652,22.52578],[114.06734,22.52482],[114.07309,22.52305],[114.07362,22.52301],[114.07404,22.52315],[114.07438,22.52341],[114.07465,22.52377],[114.07572,22.52642],[114.07588,22.52708],[114.07594,22.52926],[114.07609,22.52971],[114.07929,22.53549],[114.07979,22.53616],[114.08115,22.53744],[114.08157,22.53833],[114.08168,22.54238],[114.08143,22.55711],[114.08216,22.5586],[114.08416,22.56196],[114.08538,22.56369],[114.08623,22.56418],[114.08832,22.56452],[114.10386,22.56475],[114.1068,22.56642],[114.10771,22.56675],[114.10938,22.56685],[114.11025,22.56701],[114.11531,22.56854],[114.11623,22.56866],[114.12045,22.56878],[114.1247,22.56994],[114.12783,22.57123],[114.12988,22.57189],[114.13072,22.5723],[114.13097,22.5727],[114.13216,22.57698]]]}},{"type":"Feature","properties":{"r":"gba","col":"#6a1d44","n":"深圳地铁11号线"},"geometry":{"type":"MultiLineString","coordinates":[[[113.81497,22.78793],[113.81498,22.78516],[113.81508,22.78434],[113.81565,22.7827],[113.81626,22.7818],[113.81685,22.78154],[113.82143,22.78072],[113.82226,22.78037],[113.82262,22.78011],[113.82324,22.7793],[113.82354,22.77865],[113.82622,22.76976],[113.8264,22.76862],[113.82631,22.76717],[113.82606,22.76634],[113.82566,22.76547],[113.8232,22.76197],[113.82273,22.761],[113.82227,22.75954],[113.82176,22.75556],[113.81948,22.73474],[113.81921,22.73252],[113.81893,22.73133],[113.81822,22.7295],[113.81771,22.72853],[113.81355,22.72292],[113.81302,22.72208],[113.81155,22.71905],[113.81052,22.71664],[113.81014,22.71542],[113.81004,22.71446],[113.81019,22.7131],[113.81062,22.71195],[113.81205,22.70898],[113.81265,22.70666],[113.81275,22.70551],[113.81273,22.70407],[113.81254,22.70283],[113.81221,22.70157],[113.81182,22.70054],[113.81116,22.69927],[113.8032,22.68671],[113.80203,22.68416],[113.80149,22.68236],[113.80118,22.68074],[113.80071,22.67364],[113.80006,22.67066],[113.79987,22.66839],[113.79968,22.66764],[113.79938,22.66694],[113.79847,22.66566],[113.79785,22.66509],[113.79666,22.66441],[113.7938,22.66331],[113.79306,22.66284],[113.79238,22.66226],[113.79189,22.66166],[113.79148,22.66097],[113.79109,22.65991],[113.79096,22.65858],[113.79115,22.65768],[113.79191,22.65592],[113.79788,22.64509],[113.79838,22.64436],[113.79988,22.64269],[113.80085,22.64115],[113.81031,22.62379],[113.81255,22.62017],[113.81459,22.61649],[113.81768,22.61072],[113.8187,22.60857],[113.81934,22.60767],[113.82011,22.60697],[113.82102,22.60638],[113.82311,22.60532],[113.82386,22.60475],[113.82442,22.60419],[113.82534,22.6027],[113.82879,22.59568],[113.82992,22.59387],[113.83094,22.59272],[113.83215,22.5917],[113.84047,22.58586],[113.8439,22.58378],[113.84606,22.58217],[113.85907,22.57157],[113.86309,22.56875],[113.86552,22.56728],[113.86647,22.56656],[113.86854,22.56463],[113.88006,22.55314],[113.88065,22.55275],[113.88104,22.55261],[113.88279,22.55218],[113.88457,22.55155],[113.88738,22.55006],[113.8883,22.54928],[113.88958,22.54748],[113.89164,22.54413],[113.89192,22.54354],[113.89216,22.54263],[113.89235,22.54131],[113.89251,22.53439],[113.89275,22.5324],[113.89309,22.53127],[113.8936,22.53028],[113.89421,22.52945],[113.89524,22.52837],[113.89653,22.52739],[113.89793,22.52668],[113.8995,22.52618],[113.90111,22.52598],[113.91092,22.5261],[113.91224,22.52634],[113.9154,22.52736],[113.91625,22.52745],[113.91726,22.52741],[113.9215,22.52645],[113.9226,22.52609],[113.92367,22.52544],[113.92604,22.52343],[113.9275,22.52276],[113.92874,22.52252],[113.93537,22.52191],[113.93998,22.52075],[113.94394,22.51914],[113.94568,22.5189],[113.9474,22.51886],[113.94853,22.51901],[113.94986,22.51938],[113.95103,22.51991],[113.95204,22.52056],[113.9535,22.52219],[113.95589,22.52533],[113.95691,22.52603],[113.95812,22.52641],[113.95888,22.52655],[113.96067,22.52658],[113.96967,22.52571],[113.97548,22.5259],[113.9767,22.52627],[113.98069,22.52832],[113.98292,22.52906],[113.9869,22.52991],[113.99308,22.53093],[113.99638,22.53177],[113.99725,22.53223],[113.99938,22.53427],[114.00032,22.535],[114.00147,22.53555],[114.00232,22.53585],[114.00739,22.53648],[114.03211,22.54065],[114.0407,22.54244],[114.04214,22.54266],[114.04296,22.54274],[114.05407,22.54272],[114.05823,22.54257],[114.06692,22.54268],[114.06775,22.54249],[114.06958,22.54103],[114.07054,22.54056],[114.07205,22.5402],[114.07413,22.54004],[114.07905,22.54032],[114.0815,22.54065],[114.08654,22.54068],[114.0887,22.54137],[114.08939,22.54147],[114.09516,22.54139],[114.09725,22.54109],[114.1048,22.54111]],[[113.81503,22.78793],[113.81503,22.78517],[113.81514,22.78435],[113.8157,22.78272],[113.81616,22.78206],[113.81662,22.78177],[113.81726,22.78157],[113.82086,22.78089],[113.82195,22.78058],[113.82265,22.78015],[113.82329,22.77932],[113.82359,22.77867],[113.82627,22.76978],[113.82646,22.76862],[113.82636,22.76716],[113.82612,22.76632],[113.8257,22.76544],[113.82325,22.76195],[113.82279,22.76098],[113.82232,22.75953],[113.8218,22.75555],[113.8196,22.73472],[113.81933,22.73251],[113.81912,22.73171],[113.81853,22.73009],[113.81776,22.7285],[113.8136,22.72289],[113.81306,22.72205],[113.81057,22.71662],[113.81019,22.71541],[113.81012,22.71395],[113.81041,22.71256],[113.81211,22.70904],[113.81248,22.708],[113.81276,22.70668],[113.81287,22.70552],[113.81284,22.70406],[113.81266,22.70283],[113.81231,22.70155],[113.81121,22.69923],[113.80324,22.68669],[113.80209,22.68415],[113.80154,22.68235],[113.80124,22.68073],[113.80112,22.67973],[113.80086,22.67363],[113.80021,22.67068],[113.80002,22.66837],[113.79953,22.66691],[113.79859,22.66554],[113.79792,22.66499],[113.79669,22.66429],[113.79465,22.66349],[113.79392,22.66312],[113.79291,22.66233],[113.7924,22.66174],[113.79165,22.66045],[113.79133,22.65924],[113.79131,22.6583],[113.79159,22.65705],[113.79203,22.65598],[113.79799,22.64519],[113.7987,22.64419],[113.79996,22.64275],[113.80093,22.6412],[113.81088,22.62298],[113.81282,22.61979],[113.81645,22.61316],[113.81874,22.60859],[113.81938,22.6077],[113.82014,22.607],[113.82105,22.60642],[113.82316,22.60535],[113.82445,22.60422],[113.82538,22.60271],[113.82882,22.5957],[113.82995,22.59389],[113.83097,22.59274],[113.83217,22.59173],[113.84051,22.58591],[113.84445,22.58348],[113.84611,22.58222],[113.85911,22.57161],[113.86314,22.5688],[113.86535,22.56751],[113.86651,22.56665],[113.86861,22.56466],[113.88011,22.55318],[113.88068,22.5528],[113.88106,22.55266],[113.88281,22.55224],[113.8846,22.5516],[113.88744,22.55013],[113.88804,22.54968],[113.88948,22.54782],[113.89176,22.54418],[113.89204,22.54359],[113.8923,22.54266],[113.8925,22.54134],[113.89266,22.53437],[113.89291,22.53244],[113.89325,22.53132],[113.89374,22.53036],[113.89434,22.52954],[113.89536,22.52847],[113.89663,22.52752],[113.898,22.52679],[113.89955,22.52631],[113.90112,22.5261],[113.91058,22.52618],[113.9122,22.52645],[113.91537,22.52749],[113.91647,22.5276],[113.91729,22.52755],[113.92048,22.52684],[113.92269,22.52619],[113.92378,22.52557],[113.9261,22.52354],[113.92753,22.52286],[113.92876,22.52262],[113.93401,22.52218],[113.93579,22.52195],[113.9403,22.52079],[113.94267,22.51975],[113.94397,22.51927],[113.9457,22.51904],[113.94736,22.519],[113.94848,22.51916],[113.94938,22.51939],[113.95046,22.51982],[113.95153,22.52044],[113.95236,22.5211],[113.95549,22.52506],[113.95612,22.52572],[113.95685,22.52615],[113.95808,22.52651],[113.95925,22.52664],[113.96222,22.52663],[113.96864,22.52611],[113.97426,22.5262],[113.97616,22.52638],[113.97773,22.52689],[113.98064,22.52841],[113.98288,22.52915],[113.98686,22.53],[113.99369,22.53116],[113.99641,22.53191],[113.99717,22.5323],[113.99956,22.53462],[114.00056,22.53535],[114.00136,22.53575],[114.00268,22.53618],[114.00429,22.53639],[114.00736,22.53662],[114.03209,22.54076],[114.04221,22.5428],[114.04359,22.54288],[114.04579,22.54278],[114.06701,22.54301],[114.06743,22.54293],[114.06799,22.54266],[114.0697,22.54118],[114.07059,22.54071],[114.07164,22.5404],[114.07254,22.54026],[114.07414,22.54016],[114.07904,22.54044],[114.0815,22.54072],[114.08653,22.54074],[114.08893,22.5415],[114.08949,22.54155],[114.09517,22.54148],[114.09726,22.54116],[114.1048,22.54123]]]}},{"type":"Feature","properties":{"r":"gba","col":"#846e74","n":"深圳地铁9号线"},"geometry":{"type":"MultiLineString","coordinates":[[[113.89007,22.52528],[113.8966,22.51956],[113.89923,22.51781],[113.90104,22.51619],[113.90324,22.51525],[113.90502,22.51479],[113.9106,22.51487],[113.91121,22.51472],[113.91186,22.5143],[113.91419,22.51136],[113.91482,22.51073],[113.91532,22.5104],[113.91619,22.51003],[113.91747,22.50987],[113.91843,22.51001],[113.91932,22.51038],[113.92008,22.51094],[113.92077,22.51187],[113.92215,22.51559],[113.92221,22.51743],[113.92232,22.51811],[113.92437,22.52329],[113.92495,22.52424],[113.92548,22.52477],[113.92632,22.52528],[113.92838,22.52596],[113.92944,22.52661],[113.93029,22.52753],[113.93182,22.53051],[113.93262,22.5315],[113.93448,22.53315],[113.9365,22.53468],[113.93774,22.53527],[113.93865,22.53552],[113.94021,22.53569],[113.94772,22.5358],[113.9491,22.53564],[113.95027,22.53524],[113.9513,22.53455],[113.95198,22.5337],[113.9538,22.52962],[113.95447,22.5286],[113.95558,22.52774],[113.95692,22.52723],[113.96033,22.52705],[113.96256,22.52645],[113.9685,22.52589],[113.97677,22.52597],[113.97772,22.52587],[113.97907,22.52537],[113.98193,22.52364],[113.98285,22.5234],[113.98368,22.52332],[113.98482,22.52342],[113.98552,22.5236],[113.99146,22.52561],[113.99273,22.52633],[113.99464,22.52795],[113.99549,22.5285],[113.99672,22.52914],[113.99907,22.52997],[114.00091,22.53029],[114.00226,22.53034],[114.00738,22.52981],[114.00946,22.52984],[114.01184,22.53016],[114.02219,22.53232],[114.02303,22.53276],[114.02352,22.53324],[114.02396,22.53404],[114.02414,22.53471],[114.02409,22.53607],[114.02304,22.54009],[114.0229,22.54153],[114.02302,22.54292],[114.02337,22.54376],[114.02376,22.54431],[114.02453,22.54498],[114.0254,22.54543],[114.0343,22.54824],[114.03651,22.54874],[114.03715,22.54898],[114.03812,22.54963],[114.03852,22.55007],[114.03918,22.55104],[114.03945,22.55164],[114.0397,22.55283],[114.0397,22.55341],[114.03963,22.55428],[114.0394,22.55489],[114.0368,22.55831],[114.03385,22.56057],[114.03304,22.56175],[114.03285,22.56246],[114.03285,22.56289],[114.03327,22.56615],[114.03343,22.56664],[114.03383,22.56712],[114.03438,22.56745],[114.04251,22.57067],[114.0438,22.57111],[114.04459,22.57126],[114.04551,22.5713],[114.04856,22.57106],[114.06314,22.57112],[114.06733,22.57119],[114.07069,22.57135],[114.07228,22.57156],[114.07649,22.57288],[114.07756,22.57303],[114.07935,22.57345],[114.08004,22.57348],[114.08119,22.57333],[114.0818,22.57313],[114.08259,22.57271],[114.0862,22.5698],[114.08734,22.56928],[114.088,22.56918],[114.08906,22.56924],[114.09206,22.57017],[114.09319,22.57046],[114.09451,22.57066],[114.09559,22.5706],[114.09626,22.57046],[114.09761,22.56983],[114.09828,22.56926],[114.09879,22.5686],[114.09916,22.56789],[114.0994,22.56705],[114.09949,22.5594],[114.09944,22.55104],[114.0995,22.54866],[114.09982,22.54422],[114.09984,22.54082],[114.10013,22.54009],[114.1006,22.53945],[114.10144,22.53895],[114.10262,22.53858],[114.10629,22.53773],[114.10874,22.53744],[114.1119,22.53786],[114.11403,22.53829],[114.11909,22.54033],[114.11979,22.54115],[114.12132,22.54366],[114.12206,22.54458],[114.12244,22.54488],[114.12324,22.54504],[114.12609,22.54509],[114.13005,22.54575]],[[113.89015,22.52536],[113.897,22.51941],[113.8993,22.5179],[113.90078,22.51651],[113.90146,22.51606],[113.90327,22.51531],[113.90504,22.51486],[113.91063,22.51494],[113.91124,22.51479],[113.91191,22.51435],[113.91488,22.51081],[113.9159,22.51022],[113.91684,22.51],[113.91747,22.50999],[113.91839,22.51017],[113.91922,22.51057],[113.91991,22.51116],[113.92036,22.51181],[113.92174,22.51547],[113.92198,22.51749],[113.92217,22.51816],[113.92425,22.52333],[113.92484,22.52431],[113.92539,22.52486],[113.92592,22.52521],[113.92682,22.5256],[113.92833,22.52606],[113.92938,22.52671],[113.93017,22.52759],[113.9317,22.53055],[113.93254,22.53161],[113.93649,22.5347],[113.93773,22.5353],[113.93864,22.53554],[113.94021,22.53571],[113.94835,22.53582],[113.9491,22.53576],[113.95032,22.53533],[113.95138,22.53459],[113.95211,22.53375],[113.9539,22.52967],[113.95458,22.5287],[113.95568,22.52785],[113.95696,22.52734],[113.96034,22.52716],[113.96205,22.52665],[113.96297,22.52648],[113.96852,22.52596],[113.9774,22.52604],[113.97804,22.52591],[113.97912,22.52548],[113.98105,22.52426],[113.98201,22.52378],[113.98284,22.52358],[113.98368,22.5235],[113.98515,22.52369],[113.99138,22.52575],[113.99294,22.5267],[113.99491,22.5284],[113.99676,22.52938],[113.99936,22.53019],[114.00042,22.53038],[114.00253,22.53047],[114.00741,22.52993],[114.00937,22.52993],[114.0104,22.53003],[114.01182,22.53025],[114.02213,22.53243],[114.02275,22.53272],[114.0234,22.53331],[114.02381,22.53408],[114.02398,22.53473],[114.02395,22.53561],[114.02276,22.54002],[114.02264,22.54078],[114.02263,22.54176],[114.02276,22.54291],[114.02312,22.54384],[114.02354,22.54444],[114.02436,22.54513],[114.02529,22.54554],[114.03428,22.54832],[114.03647,22.54883],[114.0371,22.54905],[114.03811,22.5497],[114.03899,22.55086],[114.03935,22.55163],[114.03953,22.55231],[114.03963,22.55356],[114.0395,22.55432],[114.03923,22.55493],[114.03678,22.55829],[114.03383,22.56056],[114.03331,22.56124],[114.03294,22.56195],[114.03283,22.56289],[114.03324,22.56615],[114.03341,22.56665],[114.03381,22.56714],[114.03437,22.56747],[114.0425,22.57069],[114.04379,22.57113],[114.04459,22.57129],[114.04551,22.57132],[114.04856,22.57108],[114.06314,22.57114],[114.06733,22.57121],[114.07069,22.57137],[114.07228,22.57158],[114.0753,22.57275],[114.0793,22.57354],[114.08049,22.57361],[114.0818,22.57329],[114.08262,22.57282],[114.08554,22.57043],[114.08626,22.56994],[114.08738,22.5695],[114.08846,22.56938],[114.08904,22.56947],[114.09204,22.57027],[114.0945,22.5708],[114.09562,22.57076],[114.09628,22.57064],[114.09721,22.57027],[114.09797,22.56978],[114.09882,22.56886],[114.09925,22.5681],[114.09945,22.56704],[114.09951,22.5594],[114.09944,22.55269],[114.09952,22.54866],[114.09984,22.54422],[114.09987,22.54083],[114.10015,22.5401],[114.10062,22.53946],[114.10145,22.53898],[114.10262,22.53861],[114.10632,22.53777],[114.10871,22.53753],[114.11001,22.5376],[114.1119,22.53788],[114.11402,22.53831],[114.11907,22.54035],[114.11965,22.54099],[114.1213,22.54367],[114.12204,22.5446],[114.12243,22.5449],[114.12324,22.54506],[114.12609,22.54511],[114.13005,22.54577]]]}},{"type":"Feature","properties":{"r":"gba","col":"#ed1c24","n":"东莞轨道交通2号线"},"geometry":{"type":"MultiLineString","coordinates":[[[113.66933,22.85977],[113.66784,22.86091],[113.66466,22.86418],[113.659,22.87217],[113.65813,22.87374],[113.65776,22.87461],[113.65728,22.87628],[113.65588,22.8823],[113.65478,22.89179],[113.65477,22.89251],[113.65559,22.89955],[113.6568,22.90673],[113.65711,22.90939],[113.65721,22.91196],[113.65712,22.92253],[113.65736,22.92447],[113.65798,22.92623],[113.66232,22.93491],[113.66472,22.93929],[113.66556,22.94064],[113.67149,22.94713],[113.67424,22.95051],[113.67652,22.95314],[113.6793,22.95574],[113.68379,22.95926],[113.69028,22.96589],[113.69093,22.96633],[113.69166,22.96665],[113.69326,22.96705],[113.70762,22.96874],[113.70877,22.969],[113.71131,22.96992],[113.71337,22.9712],[113.71562,22.97331],[113.71857,22.97579],[113.72184,22.97903],[113.72502,22.98193],[113.7266,22.98326],[113.72988,22.98573],[113.73287,22.98822],[113.73873,22.99376],[113.74215,22.99798],[113.74528,23.00153],[113.75741,23.01765],[113.7633,23.02341],[113.76491,23.02533],[113.76671,23.02772],[113.77077,23.03427],[113.7716,23.03641],[113.77277,23.04055],[113.77358,23.04929],[113.77349,23.0511],[113.77321,23.05346],[113.77333,23.05403],[113.7738,23.05491],[113.77514,23.0564],[113.77918,23.06045],[113.78185,23.06418],[113.78297,23.06542],[113.78482,23.06723],[113.78773,23.06961],[113.79126,23.07334],[113.79538,23.07699],[113.79585,23.07734],[113.79689,23.07785],[113.80232,23.08006],[113.80646,23.08212],[113.80782,23.08265],[113.81068,23.08331],[113.81354,23.08348],[113.81498,23.08372],[113.81808,23.08471],[113.82369,23.08485],[113.82475,23.08464],[113.83054,23.08293],[113.83253,23.08263],[113.83721,23.08255],[113.83902,23.08264],[113.84051,23.0828],[113.84275,23.0833],[113.84397,23.08365],[113.84502,23.08413],[113.85285,23.08864],[113.85351,23.08914],[113.85572,23.09144],[113.85722,23.09326]],[[113.66935,22.85981],[113.66788,22.86093],[113.66473,22.86423],[113.65908,22.87221],[113.65821,22.87378],[113.65784,22.87465],[113.65736,22.87631],[113.65596,22.88231],[113.65486,22.89179],[113.65485,22.89251],[113.65567,22.89954],[113.65688,22.90672],[113.65719,22.90939],[113.65729,22.91196],[113.6572,22.92253],[113.65744,22.92446],[113.65806,22.9262],[113.66239,22.93488],[113.66479,22.93925],[113.66563,22.94059],[113.67156,22.94708],[113.67431,22.95047],[113.67659,22.95309],[113.67935,22.95568],[113.68384,22.95921],[113.69033,22.96583],[113.69097,22.96626],[113.69169,22.96658],[113.69328,22.96698],[113.70764,22.96866],[113.70879,22.96892],[113.71135,22.96985],[113.71342,22.97114],[113.71568,22.97326],[113.71863,22.97574],[113.7219,22.97898],[113.72508,22.98188],[113.72665,22.9832],[113.72994,22.98568],[113.73292,22.98817],[113.73879,22.99371],[113.74221,22.99794],[113.74535,23.00148],[113.75748,23.0176],[113.76336,23.02336],[113.76498,23.02529],[113.76678,23.02768],[113.77084,23.03424],[113.77168,23.03639],[113.77285,23.04054],[113.77366,23.04929],[113.77357,23.0511],[113.7733,23.05346],[113.77341,23.05401],[113.77387,23.05487],[113.7752,23.05635],[113.77924,23.06041],[113.78191,23.06414],[113.78302,23.06538],[113.78487,23.06718],[113.78778,23.06956],[113.79132,23.07329],[113.79543,23.07693],[113.7959,23.07728],[113.79692,23.07778],[113.80236,23.07999],[113.8065,23.08205],[113.80785,23.08258],[113.8107,23.08324],[113.81355,23.08341],[113.815,23.08365],[113.81809,23.08464],[113.82368,23.08478],[113.82473,23.08457],[113.83052,23.08286],[113.83252,23.08255],[113.83721,23.08247],[113.83902,23.08256],[113.84053,23.08273],[113.84277,23.08322],[113.844,23.08358],[113.84506,23.08407],[113.8529,23.08858],[113.85357,23.08909],[113.85578,23.09139],[113.85673,23.09257]]]}},{"type":"Feature","properties":{"r":"gba","col":"#3abca8","n":"深圳地铁6号线"},"geometry":{"type":"MultiLineString","coordinates":[[[113.82217,22.77449],[113.84042,22.77989],[113.84872,22.78264],[113.84968,22.78282],[113.85077,22.78285],[113.85403,22.78274],[113.85717,22.78229],[113.85851,22.78239],[113.85941,22.78264],[113.86865,22.78615],[113.87004,22.78644],[113.87114,22.78645],[113.87259,22.78609],[113.88271,22.7821],[113.88835,22.78008],[113.88916,22.78001],[113.89025,22.78025],[113.89139,22.78081],[113.89365,22.78168],[113.89636,22.78186],[113.89832,22.78175],[113.89946,22.78141],[113.90329,22.78056],[113.90699,22.78049],[113.91129,22.77901],[113.91256,22.77873],[113.91386,22.77859],[113.91629,22.77867],[113.92179,22.77945],[113.92608,22.78038],[113.92725,22.78049],[113.93619,22.7807],[113.93761,22.78034],[113.93882,22.77958],[113.93971,22.77851],[113.94003,22.7778],[113.94021,22.77704],[113.94042,22.77027],[113.94034,22.76942],[113.94003,22.76841],[113.93864,22.76598],[113.92287,22.74281],[113.92242,22.74198],[113.92218,22.74108],[113.92217,22.74015],[113.9224,22.73923],[113.92445,22.7358],[113.92495,22.73468],[113.92534,22.73347],[113.92569,22.73189],[113.92768,22.71861],[113.92803,22.71203],[113.92816,22.70698],[113.92824,22.69665],[113.92833,22.69624],[113.92877,22.69529],[113.92921,22.69467],[113.93015,22.69393],[113.93623,22.69074],[113.93725,22.68972],[113.93843,22.68787],[113.93899,22.68733],[113.93965,22.6869],[113.94039,22.68659],[113.94117,22.68642],[113.9474,22.68613],[113.94813,22.68601],[113.94884,22.68578],[113.95187,22.68423],[113.95412,22.6824],[113.95484,22.68194],[113.96277,22.67769],[113.96709,22.67563],[113.96836,22.67518],[113.96962,22.67495],[113.97959,22.67436],[113.98071,22.67409],[113.98154,22.67378],[113.98762,22.6702],[113.99085,22.66818],[113.99176,22.66749],[113.99772,22.66228],[113.99861,22.66127],[114.01229,22.64231],[114.01276,22.64119],[114.01287,22.64],[114.01265,22.63895],[114.01178,22.63726],[114.01147,22.63629],[114.01146,22.63503],[114.01179,22.63396],[114.0206,22.6212],[114.02107,22.62018],[114.02158,22.61815],[114.02187,22.61736],[114.02326,22.61502],[114.02807,22.61003],[114.02849,22.60938],[114.02917,22.60784],[114.0297,22.60704],[114.03651,22.6003],[114.03735,22.59966],[114.03814,22.59922],[114.03973,22.59863],[114.04109,22.59853],[114.04194,22.59862],[114.04426,22.59925],[114.04514,22.59932],[114.04567,22.59926],[114.04657,22.59893],[114.04739,22.59833],[114.05003,22.59459],[114.05159,22.59277],[114.05303,22.59028],[114.05993,22.57916],[114.06039,22.57856],[114.06093,22.57812],[114.06158,22.57778],[114.06561,22.57637],[114.06656,22.57584],[114.06752,22.57501],[114.0701,22.5736],[114.07267,22.57255],[114.07437,22.57229],[114.07636,22.57241],[114.08016,22.57312],[114.08138,22.57315],[114.08192,22.57298],[114.08356,22.57195],[114.08512,22.57065],[114.08604,22.56944],[114.08701,22.5669],[114.08993,22.56133],[114.09045,22.56002],[114.09112,22.55001],[114.09124,22.54072]],[[113.82218,22.77444],[113.84043,22.77984],[113.84874,22.7826],[113.84968,22.78277],[113.85077,22.7828],[113.85445,22.78266],[113.85717,22.78225],[113.85852,22.78234],[113.85943,22.7826],[113.86867,22.78611],[113.87004,22.7864],[113.87158,22.78634],[113.87258,22.78604],[113.88269,22.78206],[113.88834,22.78003],[113.88916,22.77997],[113.89026,22.78021],[113.89141,22.78077],[113.89366,22.78163],[113.89636,22.78181],[113.89832,22.7817],[113.89945,22.78133],[113.90311,22.78049],[113.90708,22.78043],[113.91127,22.77896],[113.91255,22.77868],[113.91385,22.77853],[113.9156,22.77855],[113.91784,22.7788],[113.9218,22.77941],[113.92548,22.78021],[113.92677,22.78038],[113.93598,22.78066],[113.93739,22.78037],[113.93813,22.78001],[113.93878,22.77954],[113.93966,22.77848],[113.93998,22.77778],[113.94015,22.77703],[113.94015,22.77479],[113.94038,22.77135],[113.94036,22.77027],[113.94028,22.76943],[113.93998,22.76843],[113.93854,22.76603],[113.93439,22.75988],[113.92275,22.74288],[113.92232,22.74202],[113.9221,22.74109],[113.92212,22.74014],[113.92236,22.73922],[113.9244,22.73578],[113.9249,22.73467],[113.92528,22.73351],[113.92564,22.73188],[113.92763,22.7186],[113.92799,22.71203],[113.9282,22.69665],[113.92829,22.69623],[113.92873,22.69527],[113.92915,22.69464],[113.93012,22.69388],[113.9362,22.69072],[113.93722,22.6897],[113.9384,22.68784],[113.93897,22.6873],[113.93963,22.68687],[113.94038,22.68656],[113.94117,22.68638],[113.94739,22.68609],[113.94813,22.68598],[113.94882,22.68575],[113.9519,22.68416],[113.9548,22.68189],[113.96274,22.67762],[113.96688,22.67563],[113.96845,22.67508],[113.96945,22.6749],[113.9709,22.67476],[113.97939,22.67433],[113.98039,22.67414],[113.9815,22.67372],[113.99081,22.66817],[113.99769,22.66224],[113.99857,22.66125],[114.00169,22.65696],[114.00832,22.64778],[114.01236,22.64198],[114.01271,22.64104],[114.0128,22.63987],[114.0126,22.63896],[114.01175,22.63728],[114.01144,22.6363],[114.01142,22.63502],[114.01176,22.63395],[114.02068,22.62082],[114.02115,22.61979],[114.02154,22.61814],[114.02183,22.61735],[114.02343,22.61465],[114.02806,22.6098],[114.02848,22.60917],[114.02909,22.60784],[114.02967,22.60702],[114.03635,22.60025],[114.0373,22.59953],[114.03809,22.59908],[114.03892,22.59873],[114.03971,22.59851],[114.04084,22.59839],[114.04195,22.59849],[114.0443,22.59914],[114.04514,22.59917],[114.04617,22.59892],[114.04703,22.59845],[114.04734,22.59817],[114.04991,22.5944],[114.05086,22.5927],[114.05269,22.5905],[114.0598,22.579],[114.06012,22.57855],[114.06063,22.57811],[114.06143,22.57767],[114.06552,22.57624],[114.06648,22.5757],[114.0675,22.57499],[114.07009,22.57357],[114.07272,22.57248],[114.07429,22.57218],[114.07638,22.57228],[114.07981,22.57293],[114.08135,22.57291],[114.08233,22.57263],[114.08354,22.57192],[114.08509,22.57062],[114.08594,22.56941],[114.08697,22.56688],[114.0899,22.56132],[114.09041,22.56002],[114.09109,22.55001],[114.09121,22.54072]]]}},{"type":"Feature","properties":{"r":"gba","col":"#a192b2","n":"深圳地铁12号线"},"geometry":{"type":"MultiLineString","coordinates":[[[113.82415,22.77491],[113.81995,22.7737],[113.81496,22.77208],[113.81416,22.77155],[113.81131,22.76892],[113.81098,22.76848],[113.80855,22.7635],[113.80789,22.76238],[113.80665,22.75938],[113.80502,22.75327],[113.80448,22.75164],[113.80384,22.74892],[113.80264,22.74453],[113.80217,22.74362],[113.80139,22.74284],[113.80038,22.74225],[113.79981,22.7421],[113.79922,22.74212],[113.79749,22.74248],[113.79478,22.7428],[113.79353,22.74284],[113.78145,22.74384],[113.78046,22.74403],[113.77908,22.7445],[113.77836,22.74459],[113.77749,22.74448],[113.77684,22.74424],[113.77584,22.7435],[113.77539,22.74287],[113.77503,22.74203],[113.77495,22.74158],[113.77539,22.73923],[113.77538,22.73779],[113.77549,22.73654],[113.77668,22.73105],[113.77663,22.72996],[113.77626,22.7292],[113.77578,22.72859],[113.77491,22.72781],[113.77378,22.72686],[113.77033,22.72461],[113.76986,22.7241],[113.76947,22.72345],[113.76924,22.72226],[113.7698,22.71882],[113.77129,22.71262],[113.772,22.70707],[113.77392,22.69504],[113.77443,22.69334],[113.77509,22.69236],[113.7758,22.6919],[113.77636,22.69174],[113.78294,22.69121],[113.78542,22.69116],[113.78785,22.69125],[113.79152,22.69087],[113.79206,22.69056],[113.79227,22.6901],[113.79243,22.67896],[113.79256,22.67848],[113.79294,22.6781],[113.79327,22.67798],[113.8011,22.67813],[113.80691,22.67885],[113.80758,22.67868],[113.80884,22.67774],[113.81117,22.67344],[113.81398,22.66934],[113.81615,22.66642],[113.81758,22.66474],[113.81824,22.66356],[113.81834,22.66288],[113.81832,22.66216],[113.81815,22.66143],[113.81798,22.66112],[113.81749,22.66062],[113.81467,22.65904],[113.81395,22.65846],[113.81364,22.65807],[113.81325,22.65732],[113.81311,22.65653],[113.81316,22.65568],[113.81347,22.65489],[113.81372,22.6545],[113.81596,22.65226],[113.81785,22.64895],[113.81889,22.6481],[113.82034,22.64769],[113.8214,22.64776],[113.8219,22.6479],[113.8236,22.64881],[113.82473,22.64905],[113.82536,22.64909],[113.82649,22.64896],[113.82737,22.64857],[113.82799,22.64791],[113.83231,22.64188],[113.83433,22.64002],[113.83742,22.6369],[113.84279,22.63087],[113.84481,22.62755],[113.84576,22.62642],[113.84662,22.62589],[113.85099,22.62412],[113.85232,22.62339],[113.85309,22.62278],[113.85494,22.62082],[113.8551,22.62056],[113.8568,22.61529],[113.85758,22.61354],[113.8582,22.61282],[113.86703,22.60417],[113.8735,22.59758],[113.88633,22.58493],[113.89141,22.57971],[113.91129,22.55984],[113.91198,22.55945],[113.91259,22.5593],[113.91543,22.55927],[113.91672,22.559],[113.91751,22.55851],[113.91849,22.5574],[113.91866,22.55691],[113.91872,22.55607],[113.91835,22.55165],[113.91845,22.54889],[113.91992,22.53531],[113.9198,22.53299],[113.91947,22.53078],[113.91832,22.52564],[113.91738,22.52293],[113.91733,22.52204],[113.9176,22.52104],[113.91802,22.52046],[113.91859,22.51999],[113.92069,22.51881],[113.92151,22.518],[113.92184,22.51738],[113.922,22.51677],[113.92202,22.51604],[113.92188,22.51543],[113.92057,22.51196],[113.91934,22.51001],[113.91853,22.50731],[113.91525,22.49885],[113.91251,22.4953],[113.91182,22.49378],[113.90883,22.48802],[113.90745,22.48505],[113.90731,22.48377],[113.90733,22.48244],[113.90747,22.48174],[113.90779,22.48112],[113.90855,22.48029],[113.90869,22.47978],[113.90874,22.4782],[113.90865,22.47782],[113.90842,22.47747],[113.90684,22.47616],[113.90412,22.47421],[113.90312,22.47379],[113.90205,22.47365],[113.89905,22.47388],[113.89761,22.47379],[113.89187,22.47243]],[[113.89189,22.47236],[113.89363,22.47269],[113.89764,22.4737],[113.89911,22.47379],[113.90203,22.47359],[113.90314,22.47374],[113.90415,22.47416],[113.90689,22.47611],[113.90849,22.47745],[113.9087,22.47779],[113.9088,22.47818],[113.90874,22.47979],[113.90859,22.4803],[113.90783,22.48116],[113.90752,22.48175],[113.90742,22.48244],[113.90746,22.48435],[113.90758,22.48507],[113.90889,22.488],[113.9126,22.4953],[113.9153,22.49884],[113.91868,22.50724],[113.9195,22.50996],[113.92065,22.51194],[113.92196,22.51541],[113.92211,22.51603],[113.92212,22.51678],[113.92196,22.51743],[113.92164,22.51806],[113.92121,22.51858],[113.92077,22.51892],[113.91838,22.52031],[113.91773,22.52111],[113.91748,22.52204],[113.91756,22.52327],[113.91838,22.52562],[113.91954,22.53077],[113.9199,22.53299],[113.92005,22.53531],[113.91855,22.54888],[113.91845,22.55128],[113.91886,22.55643],[113.91861,22.55746],[113.91795,22.55828],[113.91675,22.5591],[113.91544,22.55939],[113.91261,22.5594],[113.91175,22.55962],[113.91136,22.55988],[113.90492,22.56647],[113.89858,22.57272],[113.88469,22.58672],[113.87722,22.59404],[113.86588,22.60545],[113.85838,22.61284],[113.8577,22.61357],[113.85738,22.61411],[113.8569,22.61531],[113.8552,22.62055],[113.85498,22.62093],[113.85314,22.62289],[113.85239,22.62353],[113.85099,22.62428],[113.84672,22.62599],[113.84588,22.6265],[113.84488,22.62766],[113.84293,22.63093],[113.83755,22.63694],[113.83437,22.64019],[113.83241,22.64196],[113.82781,22.64833],[113.82706,22.64889],[113.82652,22.64908],[113.82534,22.6492],[113.82472,22.64917],[113.82354,22.64894],[113.8223,22.64822],[113.8214,22.64787],[113.82038,22.64783],[113.81979,22.64791],[113.81882,22.64828],[113.81816,22.64881],[113.81761,22.6495],[113.81608,22.65228],[113.81414,22.65424],[113.81385,22.65465],[113.81348,22.65537],[113.81331,22.65618],[113.81343,22.65715],[113.81358,22.65755],[113.81387,22.65805],[113.8144,22.65866],[113.81732,22.66033],[113.81812,22.66107],[113.81843,22.66176],[113.81853,22.66247],[113.81839,22.66363],[113.81769,22.66482],[113.81627,22.66651],[113.81126,22.67346],[113.80895,22.67785],[113.8075,22.67887],[113.80681,22.67895],[113.80162,22.67828],[113.79953,22.67816],[113.79333,22.67809],[113.79295,22.67822],[113.79272,22.67843],[113.79255,22.67896],[113.79234,22.69004],[113.79211,22.69058],[113.79154,22.69091],[113.78788,22.6913],[113.78295,22.69129],[113.77637,22.69179],[113.77544,22.69214],[113.77515,22.6924],[113.7745,22.69338],[113.77399,22.69505],[113.77137,22.71264],[113.76992,22.71885],[113.76937,22.72224],[113.76941,22.72283],[113.76998,22.72404],[113.77101,22.72495],[113.77384,22.72677],[113.775,22.72775],[113.77589,22.72855],[113.77637,22.72917],[113.77675,22.72995],[113.77683,22.73065],[113.77679,22.73143],[113.77578,22.73569],[113.77546,22.73803],[113.77549,22.73926],[113.77506,22.74158],[113.77514,22.74204],[113.77548,22.74285],[113.77593,22.74344],[113.7769,22.74413],[113.77749,22.74437],[113.77835,22.74448],[113.77904,22.74439],[113.78151,22.74366],[113.79498,22.74264],[113.79692,22.74243],[113.79917,22.74198],[113.79967,22.74196],[113.8002,22.74206],[113.80152,22.7428],[113.80205,22.74326],[113.80243,22.74374],[113.80281,22.74465],[113.80403,22.74909],[113.80461,22.75166],[113.80516,22.75325],[113.8066,22.75865],[113.80792,22.76192],[113.81069,22.76771],[113.81113,22.76837],[113.81165,22.769],[113.81426,22.77146],[113.81508,22.772],[113.82029,22.77368],[113.82419,22.77481]]]}},{"type":"Feature","properties":{"r":"gba","col":"#c4d600","n":"广州地铁广佛线"},"geometry":{"type":"MultiLineString","coordinates":[[[113.31633,23.05756],[113.31219,23.05749],[113.31121,23.05758],[113.31054,23.05774],[113.30825,23.05887],[113.30531,23.06061],[113.29634,23.06663],[113.29481,23.06704],[113.28729,23.06807],[113.28629,23.06828],[113.27943,23.07111],[113.272,23.07432],[113.2706,23.07501],[113.2693,23.07595],[113.26283,23.08125],[113.25942,23.0854],[113.25426,23.09241],[113.25369,23.09281],[113.25303,23.093],[113.24802,23.09274],[113.24722,23.09246],[113.24633,23.09183],[113.2446,23.09015],[113.24316,23.08852],[113.241,23.08557],[113.24048,23.0847],[113.24024,23.08405],[113.24019,23.08344],[113.24058,23.08069],[113.2406,23.07981],[113.24046,23.07916],[113.24014,23.07866],[113.23928,23.078],[113.23367,23.07465],[113.233,23.074],[113.23137,23.07182],[113.23082,23.07132],[113.22641,23.06897],[113.22494,23.06848],[113.22388,23.0683],[113.222,23.06825],[113.21103,23.06845],[113.20432,23.06877],[113.19094,23.06873],[113.18909,23.06861],[113.18358,23.06795],[113.18175,23.06787],[113.17561,23.06829],[113.16531,23.06916],[113.15664,23.0694],[113.15504,23.06923],[113.15217,23.06852],[113.15103,23.06802],[113.15051,23.06765],[113.15017,23.06726],[113.14997,23.06686],[113.14989,23.0663],[113.14996,23.05643],[113.14988,23.03834],[113.14962,23.0377],[113.14821,23.03647],[113.14738,23.03589],[113.1465,23.03559],[113.13882,23.03503],[113.13802,23.03486],[113.13493,23.0339],[113.1336,23.03327],[113.13088,23.03096],[113.13016,23.03049],[113.12964,23.03034],[113.12842,23.03023],[113.12598,23.03021],[113.11874,23.03022],[113.11292,23.03034],[113.10981,23.02974],[113.10596,23.0297],[113.10524,23.0296],[113.10389,23.02905],[113.10322,23.02847],[113.10299,23.02798],[113.10297,23.0105],[113.10314,22.99323],[113.10289,22.99164],[113.10155,22.98724],[113.10106,22.9846],[113.10064,22.98015],[113.10038,22.97536],[113.10044,22.97398],[113.10097,22.97087],[113.1013,22.9699],[113.10182,22.96916],[113.10249,22.96855],[113.10337,22.96815],[113.10422,22.96799],[113.12076,22.96761],[113.12476,22.96762],[113.12553,22.96751],[113.12621,22.96727],[113.12703,22.96679],[113.13306,22.96225],[113.13407,22.96175],[113.1378,22.96042]],[[113.13785,22.96053],[113.13331,22.96223],[113.1318,22.96323],[113.12696,22.96695],[113.1261,22.96742],[113.12534,22.96769],[113.12458,22.96779],[113.10412,22.96804],[113.1033,22.96822],[113.10248,22.96861],[113.10193,22.96911],[113.10138,22.96987],[113.10105,22.97077],[113.10068,22.9726],[113.10043,22.97478],[113.10067,22.98001],[113.10119,22.98457],[113.10168,22.98721],[113.10305,22.99178],[113.10327,22.99336],[113.10309,23.01191],[113.10311,23.02795],[113.10329,23.02839],[113.1038,23.02887],[113.10441,23.02921],[113.10511,23.02942],[113.10601,23.02956],[113.10986,23.02966],[113.1128,23.03022],[113.1186,23.0301],[113.12676,23.03009],[113.12865,23.03012],[113.12972,23.03023],[113.13018,23.03039],[113.13075,23.03074],[113.13368,23.03317],[113.13482,23.03372],[113.13808,23.03473],[113.13899,23.03494],[113.14652,23.03548],[113.14743,23.03579],[113.1483,23.03638],[113.14972,23.03763],[113.14993,23.03796],[113.15004,23.03841],[113.15004,23.06648],[113.15013,23.06695],[113.15035,23.06733],[113.15111,23.06794],[113.15206,23.06836],[113.15513,23.06913],[113.15694,23.06927],[113.16496,23.06909],[113.18182,23.06778],[113.18412,23.0679],[113.19062,23.06861],[113.20585,23.06854],[113.21129,23.06832],[113.22235,23.06813],[113.22399,23.06819],[113.22501,23.06837],[113.22661,23.06892],[113.23076,23.07113],[113.23157,23.07187],[113.23302,23.07385],[113.23363,23.07447],[113.23442,23.07502],[113.23934,23.07791],[113.24036,23.07871],[113.24063,23.07927],[113.24074,23.08],[113.24073,23.08072],[113.24035,23.08345],[113.24039,23.08403],[113.24063,23.08464],[113.24112,23.0855],[113.24326,23.08846],[113.24468,23.09009],[113.24639,23.09176],[113.24726,23.09239],[113.24803,23.09266],[113.25308,23.09291],[113.25391,23.09266],[113.25435,23.0923],[113.2567,23.08918],[113.25917,23.08555],[113.26268,23.08128],[113.26583,23.07858],[113.26961,23.07554],[113.27054,23.0749],[113.27971,23.07086],[113.28616,23.06823],[113.28753,23.06793],[113.29497,23.06689],[113.2963,23.06654],[113.29728,23.06596],[113.30469,23.06089],[113.30792,23.05894],[113.31043,23.05769],[113.31109,23.05751],[113.31204,23.05743],[113.31633,23.05752]]]}},{"type":"Feature","properties":{"r":"gba","col":"#81312f","n":"广州地铁14号线"},"geometry":{"type":"MultiLineString","coordinates":[[[113.59563,23.57329],[113.59556,23.55228],[113.59584,23.54726],[113.5958,23.54548],[113.59539,23.54378],[113.59464,23.54174],[113.59286,23.53833],[113.59144,23.53631],[113.58864,23.53343],[113.58765,23.53258],[113.57364,23.52315],[113.57168,23.52161],[113.57036,23.52004],[113.56282,23.50787],[113.56221,23.50719],[113.5615,23.5066],[113.56026,23.50594],[113.55142,23.5025],[113.54916,23.50088],[113.54119,23.49654],[113.53781,23.49419],[113.53678,23.4936],[113.53551,23.49318],[113.52947,23.49161],[113.52789,23.49097],[113.52656,23.49006],[113.52564,23.48912],[113.51995,23.48192],[113.51924,23.48117],[113.51863,23.48073],[113.51562,23.47905],[113.51419,23.47839],[113.50325,23.47489],[113.49569,23.47096],[113.49466,23.47019],[113.49391,23.46919],[113.49117,23.46359],[113.49059,23.46273],[113.48835,23.46002],[113.48747,23.4584],[113.48708,23.45702],[113.4839,23.4429],[113.48351,23.44177],[113.48296,23.44077],[113.482,23.43963],[113.47998,23.43771],[113.47607,23.43444],[113.47523,23.43362],[113.47446,23.43246],[113.46848,23.42201],[113.46757,23.42083],[113.46634,23.41971],[113.46297,23.41708],[113.45517,23.41064],[113.45413,23.40963],[113.44905,23.40304],[113.44419,23.39518],[113.44315,23.39397],[113.44214,23.39318],[113.44101,23.39256],[113.43632,23.39095],[113.42956,23.38772],[113.42862,23.38737],[113.42706,23.38711],[113.41986,23.38694],[113.418,23.38675],[113.40251,23.38256],[113.40031,23.38179],[113.39873,23.38094],[113.39777,23.38024],[113.38594,23.37019],[113.38457,23.36938],[113.37498,23.36465],[113.37316,23.36363],[113.3698,23.36136],[113.36646,23.35821],[113.36559,23.3568],[113.36209,23.34946],[113.35963,23.34107],[113.3589,23.33921],[113.35725,23.33558],[113.35676,23.33417],[113.35511,23.32731],[113.3546,23.32559],[113.35314,23.32242],[113.35124,23.31713],[113.35001,23.31402],[113.34808,23.30965],[113.34737,23.30832],[113.34621,23.30683],[113.33879,23.29873],[113.33701,23.29695],[113.33545,23.29558],[113.33412,23.29472],[113.33137,23.29338],[113.32916,23.29248],[113.32407,23.29067],[113.323,23.29018],[113.32196,23.28954],[113.321,23.28875],[113.32041,23.28809],[113.3199,23.28725],[113.31918,23.28569],[113.31871,23.28428],[113.3178,23.27849],[113.31777,23.27748],[113.31789,23.27648],[113.31905,23.27197],[113.31929,23.27053],[113.31914,23.2691],[113.31813,23.26488],[113.31766,23.26328],[113.31696,23.2617],[113.31172,23.25242],[113.31081,23.25098],[113.31021,23.25036],[113.30944,23.24986],[113.30817,23.2494],[113.30684,23.24917],[113.30591,23.24914],[113.30454,23.24926],[113.29788,23.25045],[113.29529,23.25061],[113.29183,23.25051],[113.28799,23.25018],[113.28623,23.24978],[113.28453,23.24902],[113.28379,23.24843],[113.28337,23.24792],[113.28313,23.24739],[113.28301,23.24673],[113.28301,23.24593],[113.28345,23.24221],[113.28344,23.23529],[113.28323,23.23275],[113.28212,23.22959],[113.2815,23.22913],[113.28037,23.22903],[113.27791,23.22985],[113.27699,23.22997],[113.2751,23.22964],[113.27223,23.22952],[113.2711,23.22917],[113.27055,23.22887],[113.26763,23.22671],[113.26604,23.2238],[113.26443,23.22222],[113.26423,23.22172],[113.26395,23.22046],[113.26151,23.21635],[113.25873,23.21197],[113.25852,23.21134],[113.25844,23.21049],[113.25842,23.20312],[113.25819,23.19778],[113.25809,23.1972],[113.25648,23.19323],[113.25552,23.18873],[113.25518,23.18557],[113.25459,23.18203],[113.25443,23.1805],[113.25502,23.1756],[113.25544,23.17325],[113.25552,23.17211]],[[113.25561,23.17207],[113.2556,23.17266],[113.25517,23.1752],[113.25458,23.18051],[113.2548,23.18248],[113.25543,23.18558],[113.25569,23.18877],[113.25649,23.19237],[113.25682,23.19361],[113.25786,23.196],[113.25837,23.19747],[113.25862,23.20311],[113.25864,23.21124],[113.25891,23.2119],[113.26305,23.21835],[113.2641,23.22047],[113.26436,23.22162],[113.26456,23.22208],[113.2648,23.22242],[113.26596,23.22343],[113.26629,23.22384],[113.26712,23.22525],[113.26753,23.22629],[113.26783,23.22669],[113.27061,23.22874],[113.27137,23.22914],[113.27252,23.22941],[113.27473,23.22945],[113.27682,23.2298],[113.27732,23.22981],[113.2778,23.22974],[113.28011,23.22887],[113.28062,23.22883],[113.28167,23.22905],[113.28225,23.2295],[113.28344,23.23283],[113.28364,23.23458],[113.28361,23.24222],[113.28313,23.2458],[113.28311,23.24672],[113.28333,23.24757],[113.28354,23.24796],[113.28409,23.24853],[113.28473,23.24899],[113.28564,23.24944],[113.28667,23.2498],[113.28847,23.25014],[113.29232,23.25042],[113.29564,23.2505],[113.29798,23.25033],[113.30486,23.24909],[113.30681,23.24902],[113.30809,23.24923],[113.30947,23.24969],[113.31034,23.25022],[113.3111,23.25099],[113.317,23.26134],[113.31782,23.26323],[113.3184,23.2653],[113.31929,23.26918],[113.31943,23.2707],[113.31924,23.27183],[113.31804,23.27648],[113.31793,23.27721],[113.31792,23.27829],[113.31879,23.28395],[113.31916,23.2852],[113.31982,23.28677],[113.32043,23.28783],[113.32093,23.28843],[113.32205,23.28938],[113.32302,23.28999],[113.32416,23.29052],[113.32934,23.2924],[113.33224,23.29358],[113.33436,23.29462],[113.33567,23.29549],[113.33816,23.29771],[113.3456,23.30581],[113.34723,23.30779],[113.34816,23.3094],[113.34937,23.31209],[113.35152,23.31749],[113.35322,23.32229],[113.35471,23.3255],[113.3551,23.32683],[113.3568,23.33416],[113.35742,23.33586],[113.35898,23.33924],[113.35974,23.34121],[113.36215,23.34945],[113.36562,23.35674],[113.36653,23.35819],[113.36983,23.36132],[113.37325,23.36363],[113.37499,23.36461],[113.38438,23.36924],[113.38607,23.37023],[113.39789,23.38028],[113.39893,23.381],[113.40044,23.38181],[113.40232,23.38246],[113.4181,23.38673],[113.41971,23.3869],[113.42708,23.38708],[113.42864,23.38733],[113.42959,23.3877],[113.4362,23.39086],[113.44118,23.3926],[113.44222,23.39318],[113.44318,23.39395],[113.44431,23.39529],[113.44936,23.40339],[113.45426,23.40971],[113.45583,23.41108],[113.45928,23.41361],[113.46388,23.41744],[113.46755,23.42075],[113.46851,23.42197],[113.47421,23.43194],[113.47528,23.4336],[113.4761,23.43441],[113.48001,23.43768],[113.48211,23.4397],[113.483,23.44075],[113.48355,23.44175],[113.48394,23.44289],[113.48709,23.45685],[113.48751,23.45836],[113.48832,23.45988],[113.49065,23.4627],[113.49113,23.46341],[113.49398,23.46921],[113.49474,23.47019],[113.49565,23.47089],[113.5033,23.47486],[113.51432,23.47839],[113.51565,23.47902],[113.5188,23.48078],[113.51937,23.48121],[113.51995,23.48183],[113.52559,23.489],[113.52661,23.49005],[113.52784,23.4909],[113.52958,23.4916],[113.53551,23.49313],[113.53674,23.49353],[113.53778,23.49412],[113.54129,23.49655],[113.54938,23.50097],[113.5515,23.5025],[113.56038,23.50596],[113.56162,23.50664],[113.56228,23.5072],[113.56286,23.50785],[113.57017,23.51967],[113.57084,23.52062],[113.57151,23.52137],[113.57322,23.52275],[113.58774,23.5325],[113.58878,23.53337],[113.5917,23.53637],[113.59296,23.53824],[113.59487,23.54182],[113.59561,23.54391],[113.59595,23.54539],[113.596,23.54658],[113.59572,23.55163],[113.59569,23.55389],[113.59586,23.56599],[113.59586,23.57329]],[[113.58798,23.28729],[113.58228,23.28563],[113.58065,23.28548],[113.57928,23.28564],[113.57806,23.28604],[113.57674,23.28678],[113.57601,23.28743],[113.56831,23.29687],[113.56551,23.301],[113.56044,23.30893],[113.55572,23.31559],[113.54988,23.32255],[113.54752,23.32514],[113.54443,23.3282],[113.541,23.33053],[113.54033,23.33111],[113.5399,23.33162],[113.53906,23.33297],[113.53599,23.33957],[113.53544,23.34052],[113.53499,23.34108],[113.53423,23.3418],[113.53356,23.34226],[113.52991,23.34406],[113.52895,23.34465],[113.52794,23.34549],[113.52527,23.34808],[113.52382,23.34928],[113.51529,23.35534],[113.50439,23.36451],[113.49265,23.37565],[113.49188,23.37668],[113.4905,23.37899],[113.48866,23.38234],[113.48769,23.38457],[113.48681,23.3874],[113.48527,23.39352],[113.48093,23.40507],[113.47881,23.41261],[113.47762,23.4155],[113.47711,23.41637],[113.47641,23.41726],[113.47586,23.41777],[113.47505,23.41832],[113.47367,23.41904],[113.4728,23.41933],[113.47123,23.41946],[113.46753,23.41921],[113.46615,23.41892],[113.46473,23.41829],[113.46158,23.41575]],[[113.46161,23.41572],[113.46475,23.41825],[113.46607,23.41884],[113.46752,23.41916],[113.47124,23.41941],[113.47271,23.41926],[113.47359,23.41898],[113.47469,23.41842],[113.47555,23.41788],[113.47634,23.41719],[113.47697,23.4164],[113.47755,23.41545],[113.4786,23.41298],[113.48103,23.4044],[113.48515,23.39328],[113.48679,23.38691],[113.48773,23.38399],[113.48845,23.38243],[113.49055,23.37863],[113.49168,23.37678],[113.49255,23.37563],[113.50398,23.36472],[113.51525,23.35523],[113.52434,23.34874],[113.52535,23.34789],[113.52798,23.34535],[113.52898,23.34453],[113.53005,23.34388],[113.53346,23.34221],[113.53423,23.3417],[113.5348,23.34116],[113.53536,23.34048],[113.53593,23.3395],[113.5388,23.33319],[113.53968,23.3317],[113.54022,23.33107],[113.54085,23.33051],[113.54449,23.32797],[113.54772,23.32475],[113.54959,23.32273],[113.55548,23.3157],[113.56029,23.30889],[113.56807,23.29695],[113.57588,23.28742],[113.57666,23.28676],[113.57791,23.28603],[113.57925,23.28558],[113.58059,23.28542],[113.58238,23.28561],[113.58799,23.28724]]]}},{"type":"Feature","properties":{"r":"gba","col":"#201747","n":"广州地铁21号线"},"geometry":{"type":"MultiLineString","coordinates":[[[113.81252,23.27918],[113.80589,23.28244],[113.80501,23.28278],[113.80429,23.28291],[113.80346,23.28288],[113.80188,23.28258],[113.7956,23.28103],[113.79408,23.28082],[113.79234,23.28076],[113.79086,23.2809],[113.78981,23.2811],[113.78346,23.28302],[113.78143,23.28348],[113.77969,23.28371],[113.77685,23.28381],[113.76283,23.28357],[113.75719,23.28386],[113.75567,23.28365],[113.74853,23.28146],[113.73655,23.27834],[113.73502,23.27802],[113.73364,23.27796],[113.72931,23.27824],[113.72823,23.27823],[113.72141,23.27717],[113.71772,23.27672],[113.7144,23.27651],[113.70584,23.2762],[113.70023,23.27512],[113.68915,23.27484],[113.68754,23.27507],[113.68273,23.27641],[113.67286,23.27845],[113.66304,23.27938],[113.65517,23.28041],[113.65327,23.28052],[113.64918,23.28047],[113.6468,23.28058],[113.64323,23.28118],[113.63989,23.28133],[113.63645,23.28172],[113.62712,23.28308],[113.62374,23.28348],[113.62246,23.28379],[113.62154,23.28419],[113.62057,23.28478],[113.61711,23.28727],[113.61566,23.28802],[113.61458,23.28837],[113.61312,23.2886],[113.6111,23.28863],[113.60537,23.28797],[113.60438,23.28796],[113.60332,23.28817],[113.60031,23.28925],[113.59901,23.28942],[113.59595,23.28923],[113.59332,23.28882],[113.5889,23.2877],[113.58296,23.28596],[113.58182,23.28535],[113.57677,23.28125],[113.57615,23.2809],[113.57557,23.28072],[113.57451,23.28062],[113.57309,23.28063],[113.56553,23.28157],[113.56344,23.28174],[113.5617,23.28172],[113.56028,23.2814],[113.55915,23.28093],[113.55759,23.28007],[113.55584,23.27892],[113.55493,23.27815],[113.55403,23.27667],[113.55257,23.27311],[113.5515,23.27112],[113.55003,23.26951],[113.54754,23.26744],[113.5458,23.26628],[113.54041,23.26312],[113.52616,23.25427],[113.51708,23.24985],[113.5144,23.24837],[113.50052,23.23902],[113.4994,23.2382],[113.4984,23.23729],[113.49538,23.23328],[113.49421,23.23187],[113.49128,23.22952],[113.48985,23.22825],[113.48917,23.2272],[113.4886,23.22605],[113.48489,23.21732],[113.48465,23.21634],[113.48452,23.21526],[113.48415,23.21],[113.48365,23.20848],[113.48146,23.2046],[113.48019,23.20155],[113.4799,23.2005],[113.47975,23.19945],[113.4795,23.19543],[113.47904,23.19389],[113.47799,23.19227],[113.47721,23.1915],[113.47617,23.19086],[113.471,23.18811],[113.47025,23.18756],[113.46961,23.18688],[113.46928,23.1862],[113.46884,23.18485],[113.46807,23.18145],[113.46751,23.18023],[113.46676,23.17934],[113.46392,23.17716],[113.46341,23.17662],[113.46309,23.17606],[113.46287,23.17532],[113.46135,23.16803],[113.46121,23.16753],[113.46104,23.1673],[113.45991,23.16675],[113.45821,23.16616],[113.45665,23.16582],[113.45561,23.16577],[113.45431,23.16594],[113.45205,23.16653],[113.44879,23.16855],[113.44823,23.16879],[113.44763,23.16891],[113.44569,23.1688],[113.44167,23.16779],[113.43955,23.16757],[113.43054,23.16778],[113.42046,23.16785],[113.4185,23.168],[113.40587,23.1697],[113.40176,23.17016],[113.40012,23.17024],[113.3989,23.16997],[113.3984,23.1697],[113.39807,23.16938],[113.39778,23.16891],[113.39768,23.16837],[113.39763,23.16684],[113.39773,23.16385],[113.39805,23.15852],[113.39826,23.15727],[113.39865,23.15582],[113.40099,23.14992],[113.40123,23.14903],[113.4013,23.14831],[113.40128,23.14438],[113.40073,23.14083],[113.40064,23.1393],[113.40102,23.13548],[113.40101,23.13428],[113.40085,23.13297],[113.40048,23.13229],[113.39985,23.13189],[113.3991,23.13172],[113.39596,23.13161],[113.39471,23.13165],[113.3902,23.13253],[113.38262,23.13374],[113.37543,23.13523],[113.37276,23.13569],[113.37099,23.13587],[113.36775,23.13602],[113.3658,23.13593],[113.36323,23.13565],[113.36162,23.13524],[113.36049,23.13476],[113.35962,23.13415],[113.35897,23.13322],[113.35805,23.13123],[113.35692,23.12564],[113.35687,23.12473]],[[113.35692,23.12473],[113.35697,23.12563],[113.35804,23.13095],[113.35833,23.13177],[113.35906,23.13318],[113.35971,23.13408],[113.36058,23.13467],[113.36176,23.13515],[113.36329,23.13554],[113.36593,23.13583],[113.36786,23.13591],[113.37062,23.13576],[113.37268,23.13554],[113.37447,23.13527],[113.38283,23.13358],[113.39025,23.13237],[113.39473,23.1315],[113.39635,23.13147],[113.39916,23.13159],[113.40002,23.1318],[113.40061,23.13219],[113.401,23.1329],[113.40119,23.13455],[113.40081,23.13933],[113.40091,23.14094],[113.40144,23.14425],[113.40147,23.14827],[113.40139,23.14908],[113.40116,23.14995],[113.39869,23.15623],[113.39838,23.15752],[113.39816,23.15901],[113.39786,23.16386],[113.39777,23.16684],[113.39782,23.16826],[113.39791,23.16878],[113.39818,23.16929],[113.3986,23.16966],[113.39908,23.16991],[113.40013,23.17013],[113.40174,23.17004],[113.40572,23.16958],[113.41812,23.16781],[113.42038,23.16763],[113.43988,23.16748],[113.44186,23.16772],[113.44583,23.16871],[113.44748,23.16881],[113.44859,23.16853],[113.4521,23.16638],[113.45438,23.1658],[113.45577,23.16565],[113.45682,23.1657],[113.45841,23.16607],[113.46006,23.16663],[113.4611,23.16713],[113.46135,23.16739],[113.46151,23.16781],[113.46304,23.1753],[113.46333,23.17623],[113.46406,23.17713],[113.4666,23.17903],[113.4672,23.17959],[113.4676,23.18013],[113.46828,23.18161],[113.46909,23.18515],[113.46976,23.18668],[113.47038,23.18735],[113.47132,23.18801],[113.47723,23.1912],[113.47813,23.19215],[113.47914,23.19377],[113.47968,23.19544],[113.47989,23.19943],[113.48023,23.20123],[113.48158,23.20459],[113.48366,23.20836],[113.48419,23.20995],[113.48461,23.21567],[113.48487,23.21679],[113.48591,23.21954],[113.48861,23.22588],[113.48923,23.22716],[113.48991,23.22823],[113.4907,23.22898],[113.49425,23.23182],[113.49833,23.23707],[113.49948,23.23812],[113.50072,23.23901],[113.51533,23.24876],[113.51793,23.2502],[113.52641,23.25433],[113.54785,23.26747],[113.55037,23.26961],[113.55173,23.27117],[113.55249,23.27256],[113.554,23.27628],[113.55495,23.27767],[113.55565,23.27829],[113.55709,23.27923],[113.55962,23.28063],[113.56062,23.28106],[113.56215,23.28137],[113.56399,23.28145],[113.56539,23.28135],[113.57264,23.28046],[113.57461,23.28044],[113.57574,23.28057],[113.57643,23.28081],[113.57724,23.28131],[113.58176,23.28499],[113.5828,23.28553],[113.58957,23.28754],[113.59306,23.28847],[113.59639,23.28902],[113.5991,23.28924],[113.60031,23.28903],[113.60346,23.28794],[113.60466,23.28774],[113.60559,23.28778],[113.61113,23.28843],[113.61311,23.2884],[113.61462,23.28817],[113.61577,23.2878],[113.61687,23.28726],[113.62149,23.28408],[113.62244,23.28367],[113.62372,23.28335],[113.62749,23.28291],[113.63681,23.28155],[113.63967,23.28122],[113.64307,23.28106],[113.64674,23.28045],[113.64938,23.28035],[113.65304,23.2804],[113.65507,23.2803],[113.65786,23.28001],[113.66281,23.27929],[113.6732,23.27835],[113.68275,23.27636],[113.68767,23.27499],[113.68927,23.27479],[113.70022,23.27508],[113.70154,23.27528],[113.70574,23.27615],[113.71485,23.27648],[113.71796,23.2767],[113.72146,23.27713],[113.7281,23.27818],[113.72927,23.2782],[113.73359,23.27792],[113.73506,23.278],[113.73653,23.2783],[113.74916,23.28159],[113.75561,23.28359],[113.75718,23.28381],[113.76265,23.28354],[113.77713,23.28368],[113.77986,23.28357],[113.78134,23.28337],[113.78337,23.28292],[113.78998,23.28094],[113.79126,23.28071],[113.79239,23.28063],[113.79405,23.28068],[113.79563,23.2809],[113.80166,23.28243],[113.80338,23.28277],[113.80428,23.28281],[113.80492,23.28269],[113.80572,23.28238],[113.81244,23.27904]]]}},{"type":"Feature","properties":{"r":"gba","col":"#fac525","n":"广州地铁11号线"},"geometry":{"type":"MultiLineString","coordinates":[[[113.22647,23.12439],[113.22776,23.12298],[113.22825,23.12215],[113.22841,23.12118],[113.22835,23.12053],[113.22782,23.1195],[113.22663,23.11848],[113.22161,23.1154],[113.22104,23.11515],[113.2173,23.11407],[113.21634,23.11359],[113.21522,23.11254],[113.21499,23.11208],[113.21472,23.10976],[113.21485,23.10894],[113.2152,23.10848],[113.21558,23.10821],[113.23481,23.09936],[113.23555,23.09873],[113.23868,23.0927],[113.24226,23.08552],[113.24389,23.08262],[113.24489,23.08055],[113.245,23.07916],[113.24461,23.07688],[113.24462,23.07652],[113.24503,23.07518],[113.24626,23.07227],[113.24668,23.07172],[113.24719,23.07132],[113.24857,23.07072],[113.25026,23.07052],[113.25147,23.07075],[113.25781,23.07511],[113.2651,23.07807],[113.26568,23.07853],[113.27082,23.08367],[113.27158,23.08411],[113.27285,23.08442],[113.28081,23.08546],[113.2823,23.08538],[113.28651,23.08468],[113.28782,23.08457],[113.30202,23.08459],[113.30335,23.08428],[113.30529,23.08363],[113.30656,23.083],[113.30892,23.08136],[113.3101,23.08087],[113.31114,23.08061],[113.31638,23.0805],[113.32867,23.08055],[113.33011,23.08066],[113.33616,23.08197],[113.34341,23.08311],[113.35591,23.08645],[113.36028,23.08776],[113.36202,23.08908],[113.36225,23.08935],[113.36253,23.09002],[113.36276,23.09595],[113.36299,23.10648],[113.36283,23.10699],[113.36236,23.10755],[113.35962,23.10988],[113.35854,23.11098],[113.35802,23.11165],[113.3577,23.11227],[113.35758,23.11303],[113.3576,23.11367],[113.35835,23.11812],[113.35838,23.1188],[113.35818,23.12012],[113.35711,23.12392],[113.35704,23.12475],[113.35794,23.12944],[113.35935,23.13333],[113.35941,23.13441],[113.35913,23.1353],[113.35865,23.13576],[113.35791,23.13618],[113.35697,23.13646],[113.34582,23.13797],[113.34419,23.13834],[113.34353,23.13859],[113.34296,23.13892],[113.34258,23.13927],[113.34122,23.1411],[113.34044,23.14191],[113.33787,23.14359],[113.33729,23.14384],[113.33616,23.14397],[113.32966,23.14421],[113.3286,23.14441],[113.32761,23.14503],[113.32729,23.14536],[113.32368,23.15195],[113.32334,23.15248],[113.32263,23.15326],[113.32072,23.15464],[113.31831,23.15601],[113.31764,23.15635],[113.31637,23.15678],[113.31494,23.1568],[113.3136,23.15659],[113.31267,23.15625],[113.31111,23.15523],[113.31011,23.15476],[113.30893,23.15452],[113.30772,23.15448],[113.3055,23.1545],[113.30439,23.15466],[113.29955,23.15674],[113.29838,23.15706],[113.29775,23.15714],[113.29205,23.1567],[113.28266,23.15664],[113.28175,23.15682],[113.28062,23.15722],[113.27917,23.15809],[113.27875,23.15847],[113.27839,23.15889],[113.27818,23.15936],[113.27803,23.15994],[113.27795,23.16128],[113.27772,23.16209],[113.27691,23.16339],[113.27584,23.16426],[113.2752,23.1645],[113.27417,23.16467],[113.2683,23.16429],[113.26788,23.16419],[113.26627,23.16358],[113.26542,23.16294],[113.26487,23.16226],[113.26296,23.15893],[113.26252,23.15843],[113.26185,23.15806],[113.25628,23.15573],[113.25544,23.15518],[113.25495,23.15462],[113.25164,23.149],[113.25159,23.14843],[113.25179,23.14111],[113.25167,23.1406],[113.25127,23.14006],[113.24981,23.13892],[113.24659,23.13704],[113.2452,23.13659],[113.24443,23.13667],[113.24285,23.13711],[113.23953,23.13832],[113.23882,23.13848],[113.23744,23.13845],[113.23641,23.13809],[113.23552,23.13728],[113.23045,23.13122],[113.22998,23.13072],[113.22731,23.12848],[113.22631,23.12735],[113.22598,23.12643],[113.22594,23.12569],[113.22615,23.12483],[113.22647,23.12439]],[[113.22703,23.11853],[113.22791,23.11927],[113.22815,23.11961],[113.22852,23.12049],[113.2286,23.12121],[113.22849,23.12207],[113.22816,23.12278],[113.22665,23.12451],[113.22629,23.12506],[113.22615,23.1258],[113.22622,23.12662],[113.22645,23.12722],[113.22667,23.12755],[113.22804,23.1289],[113.23027,23.13073],[113.2357,23.13714],[113.23674,23.13799],[113.23771,23.13832],[113.23856,23.13824],[113.24337,23.13656],[113.24458,23.1363],[113.24551,23.13628],[113.24598,23.13638],[113.24674,23.13675],[113.24991,23.13879],[113.25118,23.13977],[113.25181,23.1405],[113.25193,23.14114],[113.25175,23.1484],[113.25182,23.14883],[113.2536,23.15181],[113.25487,23.15424],[113.25541,23.15483],[113.25599,23.15523],[113.26163,23.15758],[113.26241,23.158],[113.26319,23.15891],[113.26501,23.16216],[113.26596,23.16319],[113.26679,23.16365],[113.26763,23.16397],[113.26829,23.1641],[113.27406,23.16455],[113.27526,23.16438],[113.27576,23.16416],[113.2768,23.16328],[113.27739,23.1624],[113.27777,23.16123],[113.27791,23.15957],[113.2783,23.15872],[113.27907,23.15801],[113.28047,23.15713],[113.28158,23.15671],[113.28257,23.15651],[113.29134,23.15651],[113.29714,23.15701],[113.29836,23.15697],[113.29948,23.15666],[113.30394,23.15469],[113.30453,23.1545],[113.30564,23.15434],[113.30774,23.15432],[113.30948,23.15441],[113.31537,23.15598],[113.31645,23.15614],[113.31735,23.15605],[113.31808,23.1558],[113.32139,23.15399],[113.32207,23.15357],[113.32297,23.15279],[113.32351,23.152],[113.32717,23.14526],[113.3279,23.14462],[113.32853,23.14428],[113.32921,23.14408],[113.33001,23.14399],[113.3362,23.14377],[113.33707,23.1436],[113.33775,23.14333],[113.3408,23.14135],[113.34251,23.13916],[113.34345,23.1385],[113.34502,23.13799],[113.35608,23.13631],[113.35742,23.13567],[113.35802,23.13502],[113.35828,23.13415],[113.35828,23.13323],[113.35667,23.12518],[113.35685,23.12411],[113.35802,23.12005],[113.3582,23.1189],[113.35817,23.11807],[113.35745,23.11381],[113.35739,23.11294],[113.3575,23.11223],[113.35792,23.11137],[113.3593,23.10992],[113.362,23.10757],[113.36252,23.10696],[113.36279,23.10628],[113.36244,23.09317],[113.36218,23.09003],[113.36194,23.08937],[113.36165,23.08895],[113.3605,23.08795],[113.35967,23.08756],[113.3568,23.08675],[113.34337,23.08316],[113.34001,23.08295],[113.33151,23.0811],[113.33008,23.08085],[113.32866,23.08075],[113.31671,23.08064],[113.31182,23.08073],[113.31123,23.08081],[113.30969,23.08125],[113.30898,23.08157],[113.30835,23.08189],[113.30665,23.08307],[113.30535,23.08379],[113.3034,23.08446],[113.30208,23.08476],[113.28739,23.08476],[113.28623,23.08488],[113.28329,23.0854],[113.28061,23.08559],[113.27196,23.08446],[113.27124,23.08418],[113.27058,23.08367],[113.2658,23.07886],[113.26485,23.07805],[113.25773,23.07522],[113.25142,23.07083],[113.25026,23.07064],[113.24888,23.0708],[113.24818,23.071],[113.24737,23.07138],[113.24677,23.0718],[113.2464,23.07231],[113.24475,23.07626],[113.24466,23.07687],[113.2451,23.0798],[113.24495,23.08078],[113.24408,23.0827],[113.24299,23.08453],[113.2389,23.09276],[113.23572,23.09884],[113.23492,23.09952],[113.2308,23.10132],[113.22063,23.1061],[113.21604,23.10812],[113.21539,23.1085],[113.21499,23.10898],[113.21484,23.10958],[113.21519,23.11187],[113.21558,23.11263],[113.21629,23.1134],[113.21723,23.1139],[113.22165,23.11525],[113.22703,23.11853]]]}},{"type":"Feature","properties":{"r":"gba","col":"#8e8c13","n":"广州地铁13号线"},"geometry":{"type":"MultiLineString","coordinates":[[[113.64938,23.14045],[113.64175,23.13939],[113.64003,23.13952],[113.63388,23.14059],[113.63245,23.14054],[113.62711,23.14],[113.62166,23.139],[113.61057,23.13657],[113.60063,23.135],[113.59492,23.13398],[113.59374,23.13368],[113.59254,23.13296],[113.59167,23.13215],[113.59121,23.13144],[113.59093,23.13062],[113.59055,23.12864],[113.59046,23.12257],[113.59035,23.12157],[113.59015,23.1209],[113.58962,23.11998],[113.5888,23.11888],[113.58797,23.11819],[113.58687,23.1175],[113.58548,23.11679],[113.57919,23.11433],[113.57773,23.11388],[113.57597,23.11349],[113.57467,23.11334],[113.57308,23.11329],[113.56347,23.11354],[113.56198,23.11349],[113.55192,23.11128],[113.54837,23.11079],[113.54693,23.11035],[113.54552,23.1096],[113.54457,23.10873],[113.54174,23.10521],[113.535,23.09643],[113.53372,23.09533],[113.52939,23.0932],[113.5276,23.09221],[113.52617,23.09124],[113.52425,23.08959],[113.52254,23.0886],[113.51883,23.08744],[113.50826,23.08488],[113.50773,23.08482],[113.50505,23.08487],[113.49503,23.08541],[113.4911,23.08601],[113.48988,23.08631],[113.48662,23.08757],[113.48376,23.08905],[113.4804,23.09118],[113.47734,23.094],[113.47651,23.09461],[113.47556,23.09513],[113.47363,23.09578],[113.46635,23.09761],[113.46528,23.09771],[113.46375,23.09769],[113.45807,23.09703],[113.45621,23.09696],[113.43789,23.09846],[113.43495,23.09852],[113.42995,23.09837],[113.42875,23.09858],[113.42745,23.09927],[113.42708,23.09961],[113.42679,23.10009],[113.42671,23.10121],[113.42704,23.10524],[113.42693,23.10659],[113.42553,23.11098],[113.42477,23.11221],[113.42372,23.11345],[113.41945,23.11697],[113.41193,23.12106],[113.41012,23.12155],[113.40206,23.12271],[113.4005,23.12305],[113.3998,23.12339],[113.39922,23.12382],[113.39705,23.12598],[113.39629,23.12661],[113.39485,23.12721],[113.3932,23.1275],[113.38896,23.12715],[113.38688,23.12707],[113.37444,23.1283],[113.37344,23.12849],[113.37234,23.12883],[113.36858,23.13065],[113.36758,23.13094],[113.36653,23.13108],[113.36557,23.13103],[113.36442,23.1307],[113.3611,23.12871],[113.35674,23.12661]],[[113.35682,23.12647],[113.36108,23.12852],[113.36329,23.12988],[113.36465,23.13057],[113.36536,23.13082],[113.36607,23.1309],[113.36724,23.13086],[113.36826,23.13061],[113.37251,23.12861],[113.37311,23.12837],[113.37444,23.12808],[113.38657,23.12693],[113.38947,23.12701],[113.3932,23.12739],[113.3939,23.12735],[113.39454,23.12717],[113.39534,23.12685],[113.39601,23.12645],[113.39951,23.12341],[113.40054,23.12289],[113.40196,23.12252],[113.41005,23.1213],[113.41105,23.12106],[113.41456,23.11934],[113.4198,23.11638],[113.4239,23.11291],[113.42436,23.11244],[113.42523,23.11122],[113.42684,23.10657],[113.42696,23.10597],[113.42697,23.10488],[113.42663,23.10083],[113.42667,23.10016],[113.42682,23.0998],[113.42735,23.09924],[113.42877,23.09848],[113.42993,23.09827],[113.4343,23.0984],[113.43788,23.09836],[113.45594,23.09687],[113.4578,23.09691],[113.46368,23.09757],[113.46515,23.0976],[113.46635,23.0975],[113.47391,23.09557],[113.47563,23.09496],[113.4771,23.09405],[113.48048,23.09105],[113.48388,23.08885],[113.48512,23.08815],[113.48688,23.08732],[113.48974,23.08624],[113.49106,23.0859],[113.49507,23.0853],[113.50489,23.08478],[113.508,23.08477],[113.50858,23.08482],[113.51874,23.08733],[113.52258,23.08851],[113.52416,23.0894],[113.52627,23.09123],[113.52769,23.09218],[113.53387,23.09531],[113.53521,23.09646],[113.54208,23.10545],[113.54453,23.10851],[113.54552,23.10944],[113.54722,23.11033],[113.54849,23.11071],[113.55178,23.11116],[113.56207,23.11337],[113.56349,23.11342],[113.57261,23.11315],[113.5746,23.11321],[113.57592,23.11339],[113.57799,23.11386],[113.57922,23.11427],[113.58529,23.11662],[113.58648,23.11719],[113.58797,23.11808],[113.5888,23.11873],[113.58955,23.11962],[113.59019,23.12064],[113.59045,23.12142],[113.59057,23.12226],[113.59066,23.12817],[113.59101,23.13034],[113.59139,23.13127],[113.5921,23.13221],[113.59283,23.13286],[113.59378,23.13336],[113.59526,23.1337],[113.61013,23.13635],[113.61505,23.13752],[113.62209,23.13897],[113.62419,23.13938],[113.62714,23.13979],[113.63245,23.14041],[113.63379,23.14046],[113.63997,23.1394],[113.64164,23.13927],[113.6494,23.14034]]]}},{"type":"Feature","properties":{"r":"gba","col":"#97d700","n":"广州地铁7号线"},"geometry":{"type":"MultiLineString","coordinates":[[[113.20161,22.94674],[113.20177,22.94699]],[[113.46748,23.19877],[113.47054,23.19666],[113.47086,23.19632],[113.47112,23.19578],[113.4718,23.19261],[113.47223,23.19142],[113.47425,23.18893],[113.47471,23.1881],[113.47599,23.18428],[113.47627,23.18298],[113.47647,23.18159],[113.47653,23.18018],[113.47656,23.17865],[113.47637,23.17751],[113.47557,23.17472],[113.47518,23.17289],[113.47497,23.17104],[113.47473,23.1705],[113.47437,23.17015],[113.47199,23.16903],[113.46962,23.16861],[113.46779,23.16864],[113.46495,23.16908],[113.46378,23.16903],[113.46317,23.16885],[113.46258,23.16853],[113.46126,23.16718],[113.46096,23.16676],[113.45983,23.16307],[113.45882,23.15858],[113.45824,23.15712],[113.45741,23.15571],[113.45596,23.15395],[113.45563,23.15347],[113.45524,23.15262],[113.45433,23.14957],[113.45094,23.14009],[113.45074,23.13909],[113.44997,23.13039],[113.44994,23.12918],[113.45016,23.12818],[113.45053,23.12722],[113.45217,23.12495],[113.45361,23.12341],[113.45427,23.12255],[113.455,23.12132],[113.45518,23.12024],[113.45485,23.11769],[113.45455,23.11638],[113.45357,23.11459],[113.45243,23.1132],[113.45198,23.11203],[113.45159,23.1083],[113.45045,23.10355],[113.45031,23.10203],[113.45012,23.09582],[113.44989,23.09473],[113.44875,23.09243],[113.44821,23.09157],[113.44754,23.09084],[113.44579,23.0895],[113.44179,23.08704],[113.43747,23.08477],[113.43294,23.08264],[113.43091,23.08191],[113.42614,23.07999],[113.42496,23.07941],[113.42171,23.07728],[113.42022,23.07637],[113.41909,23.07581],[113.41843,23.07567],[113.41394,23.07565],[113.41234,23.07554],[113.40933,23.07476],[113.40804,23.07409],[113.40199,23.06996],[113.39845,23.06621],[113.39692,23.06444],[113.39629,23.06322],[113.3962,23.06267],[113.39628,23.06133],[113.39647,23.06078],[113.39862,23.05725],[113.3989,23.05668],[113.3992,23.05571],[113.39934,23.05469],[113.39942,23.05253],[113.39931,23.051],[113.39892,23.05007],[113.39845,23.04934],[113.39546,23.04678],[113.39246,23.04457],[113.39105,23.04389],[113.38844,23.04284],[113.38781,23.04229],[113.38746,23.04167],[113.3872,23.04025],[113.38696,23.03567],[113.38718,23.02253],[113.38685,23.02069],[113.38664,23.02016],[113.38628,23.01974],[113.38568,23.0194],[113.38462,23.01922],[113.37966,23.01969],[113.37607,23.01985],[113.36526,23.01944],[113.36373,23.01928],[113.36074,23.01865],[113.35525,23.01791],[113.35342,23.01741],[113.35278,23.01697],[113.35194,23.01613],[113.35056,23.01407],[113.34894,23.01197],[113.34799,23.01115],[113.34643,23.01002],[113.33822,23.00489],[113.32007,22.99402],[113.31764,22.99246],[113.31429,22.99012],[113.3133,22.98966],[113.31233,22.98953],[113.30371,22.98916],[113.30257,22.9892],[113.30157,22.98939],[113.29793,22.99048],[113.29234,22.99261],[113.27969,22.99803],[113.27834,22.9984],[113.27717,22.99849],[113.27603,22.99831],[113.27486,22.99782],[113.26165,22.98984],[113.25887,22.98831],[113.25735,22.9878],[113.25379,22.98708],[113.2504,22.98627],[113.24952,22.98596],[113.24344,22.98233],[113.23902,22.9781],[113.23827,22.97752],[113.23704,22.97698],[113.23563,22.97662],[113.23366,22.97628],[113.23246,22.97577],[113.23195,22.97534],[113.23157,22.97486],[113.23105,22.97371],[113.23092,22.97292],[113.23099,22.97208],[113.23206,22.96925],[113.23221,22.96576],[113.23242,22.96464],[113.23749,22.95252],[113.23823,22.9504],[113.23852,22.94881],[113.23869,22.94648],[113.2386,22.94491],[113.23836,22.94424],[113.23786,22.94372],[113.23723,22.94339],[113.23012,22.94113],[113.22709,22.93989],[113.22493,22.93881],[113.21904,22.93464],[113.21667,22.93242],[113.21345,22.92917],[113.21282,22.9287],[113.21245,22.9286],[113.21182,22.92861],[113.211,22.92897],[113.21007,22.92983],[113.20831,22.93178],[113.20546,22.9342],[113.20252,22.93651],[113.19899,22.93869],[113.19788,22.93951],[113.19756,22.93988],[113.19738,22.94047],[113.19731,22.94128],[113.19737,22.94182],[113.19765,22.9424],[113.19864,22.94364],[113.20238,22.94759]],[[113.20287,22.9482],[113.20142,22.94661],[113.19885,22.94405],[113.19764,22.94262],[113.19735,22.9421],[113.19718,22.94149],[113.19724,22.94046],[113.19739,22.93982],[113.19774,22.93938],[113.19861,22.93867],[113.20216,22.93646],[113.20461,22.93455],[113.20797,22.93173],[113.21016,22.92953],[113.21092,22.92887],[113.2118,22.92848],[113.21275,22.92854],[113.21356,22.92909],[113.21694,22.93251],[113.21913,22.93454],[113.22516,22.93881],[113.22746,22.93994],[113.23016,22.94102],[113.23728,22.94327],[113.23802,22.94367],[113.23848,22.94417],[113.23879,22.94507],[113.23884,22.94649],[113.23866,22.94883],[113.2383,22.95066],[113.23762,22.95257],[113.23531,22.95814],[113.23404,22.96096],[113.23256,22.96467],[113.23235,22.96577],[113.23222,22.96917],[113.23206,22.96979],[113.23113,22.97211],[113.23106,22.97291],[113.23117,22.97369],[113.23141,22.97434],[113.23177,22.97495],[113.23252,22.97569],[113.23368,22.97619],[113.23708,22.97683],[113.23835,22.97739],[113.23928,22.97813],[113.24361,22.98229],[113.24958,22.98584],[113.25068,22.98621],[113.25738,22.98772],[113.25905,22.98828],[113.26647,22.99276],[113.27253,22.99623],[113.27498,22.99775],[113.276,22.99817],[113.27712,22.99835],[113.27836,22.99826],[113.27955,22.99793],[113.28665,22.99483],[113.29226,22.99251],[113.29798,22.99031],[113.30136,22.98928],[113.3026,22.98906],[113.30396,22.98903],[113.31215,22.9894],[113.31331,22.98954],[113.3142,22.98992],[113.31725,22.99204],[113.32001,22.9938],[113.33886,23.00512],[113.34514,23.00898],[113.34724,23.0104],[113.34902,23.01187],[113.3508,23.01421],[113.35183,23.01581],[113.35288,23.0169],[113.35361,23.01739],[113.35509,23.01778],[113.36065,23.01852],[113.36367,23.01916],[113.36505,23.01932],[113.37616,23.01976],[113.37969,23.01959],[113.3845,23.01911],[113.38563,23.01925],[113.38617,23.01949],[113.3865,23.01975],[113.38699,23.0206],[113.3872,23.02154],[113.38732,23.02263],[113.38707,23.03316],[113.38709,23.0361],[113.38721,23.0388],[113.38738,23.04052],[113.38761,23.04165],[113.38795,23.04218],[113.3885,23.04268],[113.39256,23.04443],[113.39557,23.04667],[113.39865,23.04938],[113.39908,23.05007],[113.39947,23.05097],[113.39952,23.05356],[113.39933,23.05594],[113.39907,23.05677],[113.39824,23.0583],[113.39663,23.06069],[113.39638,23.06139],[113.39633,23.06276],[113.39649,23.06344],[113.39703,23.06431],[113.40173,23.06959],[113.40905,23.07441],[113.41173,23.07523],[113.41313,23.07547],[113.41828,23.07551],[113.41947,23.07583],[113.42149,23.07693],[113.42495,23.07925],[113.4263,23.07996],[113.42898,23.08108],[113.43291,23.08249],[113.43756,23.08465],[113.44185,23.08688],[113.44589,23.08939],[113.44762,23.09072],[113.44831,23.09148],[113.4497,23.09402],[113.45028,23.09582],[113.45037,23.10202],[113.45055,23.10363],[113.45168,23.10828],[113.45213,23.11206],[113.45223,23.11255],[113.45268,23.11343],[113.45361,23.11449],[113.4543,23.11556],[113.45471,23.1165],[113.45508,23.11826],[113.45529,23.12006],[113.45512,23.12126],[113.45488,23.1219],[113.45377,23.12344],[113.45211,23.12528],[113.45099,23.12681],[113.45067,23.12734],[113.45015,23.12906],[113.45011,23.13057],[113.45091,23.13897],[113.45108,23.13991],[113.4545,23.14952],[113.45558,23.15311],[113.45616,23.15402],[113.45749,23.15566],[113.45829,23.15709],[113.45886,23.15853],[113.45976,23.1623],[113.46108,23.1667],[113.46207,23.16788],[113.46265,23.16841],[113.4638,23.16891],[113.46492,23.16897],[113.46772,23.16853],[113.46964,23.16847],[113.47219,23.16895],[113.47456,23.1701],[113.4749,23.17049],[113.47518,23.17112],[113.47555,23.17344],[113.47648,23.17722],[113.47673,23.17865],[113.47671,23.17959],[113.47658,23.18151],[113.47637,23.183],[113.47611,23.18428],[113.47483,23.18818],[113.47444,23.18888],[113.47233,23.19154],[113.47202,23.19221],[113.47119,23.19605],[113.47057,23.1967],[113.46752,23.19881]]]}},{"type":"Feature","properties":{"r":"gba","col":"#c10230","n":"佛山地铁2号线"},"geometry":{"type":"MultiLineString","coordinates":[[[113.26137,22.99041],[113.25822,22.99312],[113.25683,22.995],[113.25559,22.9963],[113.25463,22.99695],[113.25342,22.99736],[113.25211,22.99734],[113.24838,22.99686],[113.24684,22.99676],[113.23753,22.99671],[113.23421,22.99659],[113.22194,22.99672],[113.21993,22.99656],[113.21811,22.99615],[113.21502,22.99521],[113.18763,22.98353],[113.18435,22.98268],[113.17856,22.98029],[113.17738,22.98004],[113.17475,22.97983],[113.173,22.97938],[113.17189,22.97872],[113.17024,22.97684],[113.16953,22.97626],[113.16544,22.97452],[113.16463,22.97429],[113.16402,22.97425],[113.14733,22.97827],[113.14574,22.97878],[113.14507,22.97916],[113.14451,22.97971],[113.14401,22.98063],[113.14243,22.98516],[113.14194,22.98701],[113.14197,22.98895],[113.14185,22.98965],[113.14166,22.99014],[113.1407,22.99168],[113.13941,22.9934],[113.13861,22.99418],[113.13768,22.99469],[113.13629,22.99485],[113.13122,22.99457],[113.12974,22.99456],[113.1073,22.99575],[113.10441,22.99624],[113.10093,22.99623],[113.09819,22.99607],[113.0967,22.99622],[113.09567,22.99657],[113.09101,22.99852],[113.08727,22.99952],[113.08565,23.00006],[113.084,23.00074],[113.08312,23.00126],[113.08173,23.00258],[113.08002,23.00467],[113.0791,23.006],[113.07684,23.00967],[113.07572,23.01116],[113.07446,23.01235],[113.0726,23.01331],[113.07147,23.01363],[113.07019,23.01371],[113.04845,23.01363],[113.04579,23.0135],[113.04449,23.01333],[113.04288,23.01291],[113.04176,23.01243],[113.04105,23.01196],[113.04034,23.01131],[113.03677,23.00754],[113.03518,23.006],[113.03413,23.00533],[113.03246,23.00484],[113.0313,23.00469],[113.02944,23.00462],[113.02306,23.00477],[113.01219,23.00479],[113.0112,23.00491],[113.00883,23.00562],[113.00698,23.00576],[113.00311,23.00575],[113.00229,23.00561],[113.00159,23.00533],[113.0011,23.00492],[113.00083,23.00456],[113.00071,23.00418],[113.00066,23.00355],[113.00127,22.99511],[113.00119,22.98447]],[[113.00132,22.98447],[113.00142,22.99512],[113.00081,23.00375],[113.00095,23.0045],[113.00166,23.00523],[113.00256,23.00555],[113.0034,23.00565],[113.00756,23.00562],[113.00881,23.00551],[113.01164,23.00472],[113.01914,23.00467],[113.02436,23.00436],[113.02709,23.00449],[113.03069,23.00452],[113.03249,23.00472],[113.03396,23.00515],[113.03491,23.0057],[113.03975,23.01097],[113.04072,23.0119],[113.04148,23.01246],[113.04257,23.01298],[113.04385,23.01334],[113.04516,23.01356],[113.04671,23.01367],[113.0527,23.01376],[113.05938,23.01358],[113.06975,23.01361],[113.07123,23.01355],[113.07222,23.01332],[113.07417,23.01239],[113.07476,23.01194],[113.07561,23.01108],[113.07657,23.00984],[113.07896,23.00594],[113.0799,23.0046],[113.08138,23.00277],[113.08305,23.00116],[113.08394,23.00063],[113.08522,23.00009],[113.08723,22.9994],[113.09095,22.99841],[113.09561,22.99645],[113.09667,22.99609],[113.09766,22.99596],[113.09868,22.99595],[113.10122,22.99619],[113.10441,22.9962],[113.10757,22.99561],[113.12933,22.99444],[113.13098,22.99444],[113.13629,22.99472],[113.13763,22.99458],[113.13853,22.9941],[113.13932,22.99333],[113.14059,22.99162],[113.14155,22.9901],[113.14187,22.98894],[113.14182,22.987],[113.14223,22.98543],[113.14388,22.9806],[113.14432,22.97975],[113.14482,22.97921],[113.14569,22.97868],[113.14729,22.97816],[113.15491,22.97624],[113.16386,22.97413],[113.16466,22.97418],[113.16548,22.97442],[113.16959,22.97616],[113.17019,22.9766],[113.17196,22.97864],[113.17304,22.97929],[113.17492,22.97978],[113.17739,22.98],[113.17857,22.98025],[113.18454,22.9827],[113.18764,22.98349],[113.21424,22.99483],[113.2178,22.99596],[113.21994,22.99645],[113.22108,22.99658],[113.22287,22.99661],[113.22711,22.99653],[113.22963,22.99631],[113.23343,22.99628],[113.23629,22.99657],[113.24751,22.99667],[113.25212,22.99725],[113.2534,22.99727],[113.2546,22.99688],[113.25554,22.99624],[113.25676,22.99494],[113.258,22.99326],[113.26126,22.9903]]]}},{"type":"Feature","properties":{"r":"gba","col":"#00629b","n":"广州地铁2号线"},"geometry":{"type":"MultiLineString","coordinates":[[[113.28385,23.24291],[113.28388,23.23138],[113.28377,23.22943],[113.28259,23.22574],[113.2798,23.22062],[113.27934,23.21938],[113.27809,23.21488],[113.27698,23.21028],[113.2768,23.20892],[113.27683,23.20578],[113.2767,23.20476],[113.27645,23.20388],[113.27068,23.19332],[113.25608,23.16766],[113.25343,23.16371],[113.25072,23.16009],[113.25026,23.15897],[113.25006,23.15775],[113.25007,23.15693],[113.2504,23.1545],[113.2515,23.14927],[113.25196,23.14847],[113.253,23.14727],[113.25354,23.1465],[113.25659,23.1414],[113.25761,23.1394],[113.25791,23.13849],[113.25809,23.13698],[113.25797,23.13262],[113.25871,23.12928],[113.25887,23.1267],[113.25895,23.12069],[113.25918,23.11979],[113.25982,23.11827],[113.2607,23.1157],[113.26154,23.11421],[113.26294,23.11254],[113.26346,23.11151],[113.265,23.10797],[113.26642,23.10425],[113.26998,23.0968],[113.27213,23.09151],[113.27607,23.08284],[113.27768,23.08077],[113.27887,23.07981],[113.28024,23.07922],[113.28419,23.07786],[113.28542,23.07728],[113.28653,23.07659],[113.28838,23.07483],[113.29231,23.07036],[113.29244,23.06988],[113.29251,23.0688],[113.29248,23.06609],[113.29195,23.06248],[113.29199,23.06056],[113.29215,23.05971],[113.29245,23.05889],[113.29419,23.05572],[113.29455,23.05437],[113.29445,23.05195],[113.2941,23.04936],[113.29269,23.04377],[113.29207,23.04257],[113.28908,23.03783],[113.28536,23.03123],[113.28404,23.02855],[113.283,23.02604],[113.28139,23.02283],[113.28089,23.02161],[113.28079,23.02078],[113.28084,23.01947],[113.28141,23.01312],[113.28146,23.01116],[113.28129,23.00976],[113.28094,23.00824],[113.28054,23.00698],[113.27995,23.00562],[113.27872,23.0036],[113.27482,22.99831],[113.26346,22.9912]],[[113.26348,22.99116],[113.27267,22.9968],[113.27504,22.99837],[113.27911,23.00393],[113.28008,23.00556],[113.28068,23.00693],[113.28106,23.00822],[113.28141,23.00974],[113.28158,23.01115],[113.28155,23.01273],[113.28094,23.01976],[113.28093,23.02108],[113.28105,23.02171],[113.28311,23.02599],[113.28414,23.02852],[113.28527,23.03079],[113.28921,23.03777],[113.29218,23.04251],[113.29273,23.04357],[113.2939,23.04796],[113.29428,23.04974],[113.29459,23.0523],[113.29467,23.05438],[113.29432,23.05577],[113.29268,23.05866],[113.29228,23.05974],[113.29211,23.06056],[113.29208,23.06216],[113.29263,23.06609],[113.29263,23.0692],[113.29244,23.07033],[113.29201,23.07094],[113.28844,23.07488],[113.28659,23.07666],[113.28546,23.07737],[113.28422,23.07795],[113.28029,23.07932],[113.27893,23.0799],[113.27779,23.08083],[113.27614,23.08297],[113.27227,23.09155],[113.26967,23.09794],[113.26566,23.10671],[113.2636,23.11146],[113.26298,23.11268],[113.26157,23.11442],[113.26075,23.11595],[113.25999,23.11817],[113.25929,23.11979],[113.25909,23.12069],[113.25899,23.12699],[113.25878,23.12976],[113.25812,23.13242],[113.25808,23.13401],[113.2582,23.13698],[113.25799,23.13872],[113.25675,23.14161],[113.25384,23.14639],[113.25208,23.14855],[113.2517,23.14924],[113.25051,23.15468],[113.25021,23.15672],[113.2502,23.15779],[113.25039,23.15894],[113.25084,23.16004],[113.25354,23.16365],[113.25598,23.16727],[113.2765,23.20365],[113.27676,23.20451],[113.27696,23.20587],[113.27689,23.20892],[113.27706,23.21027],[113.27814,23.21487],[113.27935,23.2192],[113.27984,23.2206],[113.28258,23.22561],[113.28379,23.22926],[113.28393,23.23138],[113.2839,23.24134]]]}},{"type":"Feature","properties":{"r":"xa","col":"#485cc7","n":"西安地铁6号线"},"geometry":{"type":"MultiLineString","coordinates":[[[108.8101,34.12331],[108.81369,34.12143],[108.81501,34.12107],[108.81604,34.12095],[108.81735,34.12113],[108.81822,34.12162],[108.83447,34.14745],[108.83523,34.14824],[108.83893,34.15068],[108.84042,34.15221],[108.84079,34.15283],[108.84142,34.15513],[108.84277,34.1587],[108.84292,34.15957],[108.84291,34.16005],[108.84197,34.16489],[108.8419,34.19341],[108.84212,34.19392],[108.84288,34.19451],[108.84419,34.19503],[108.84521,34.19532],[108.84617,34.19543],[108.88321,34.19547],[108.88393,34.19554],[108.88456,34.19574],[108.88547,34.19646],[108.88574,34.19692],[108.88587,34.19776],[108.8857,34.20329],[108.88511,34.20537],[108.88499,34.20651],[108.88506,34.20918],[108.88517,34.20963],[108.88603,34.21147],[108.88761,34.21386],[108.88811,34.21479],[108.90517,34.24114],[108.90543,34.24206],[108.90545,34.24247],[108.90544,34.25577],[108.90564,34.25717],[108.90647,34.25852],[108.90808,34.25964],[108.91059,34.26044],[108.91228,34.26072],[108.91462,34.2609],[108.9183,34.2609],[108.91981,34.26043],[108.9205,34.26035],[108.92091,34.26038],[108.92213,34.2608],[108.92406,34.26098],[108.93473,34.26095],[108.94212,34.26078],[108.94614,34.26112],[108.96283,34.26091],[108.96735,34.26094],[108.97413,34.26056],[108.97488,34.2604],[108.97573,34.26004],[108.97647,34.2595],[108.97701,34.25881],[108.97959,34.25353],[108.98039,34.2529],[108.98149,34.25259],[108.98342,34.25253],[109.0209,34.25253],[109.03045,34.25259],[109.03189,34.25281],[109.03427,34.25281],[109.0352,34.25256],[109.03597,34.25254],[109.05597,34.25256],[109.05707,34.25266],[109.0576,34.25292],[109.05798,34.25347],[109.05821,34.25432],[109.05883,34.25792],[109.0594,34.26038],[109.05977,34.26157],[109.05989,34.26254],[109.05947,34.26715],[109.05737,34.27258],[109.05701,34.27401],[109.05698,34.27548],[109.05716,34.27706],[109.05742,34.27762],[109.05805,34.27839],[109.059,34.27914],[109.05987,34.27968],[109.0614,34.28016],[109.06265,34.28028],[109.06481,34.28026]],[[108.81019,34.12344],[108.81375,34.12153],[108.81507,34.12117],[108.81606,34.12107],[108.81733,34.12125],[108.81813,34.12165],[108.83437,34.14748],[108.83518,34.14827],[108.83883,34.15075],[108.83974,34.15157],[108.84033,34.15225],[108.84072,34.15287],[108.84136,34.15514],[108.8427,34.15872],[108.84286,34.15957],[108.84284,34.16004],[108.8419,34.16489],[108.8418,34.19342],[108.84203,34.19399],[108.84276,34.19461],[108.84412,34.19515],[108.84518,34.19542],[108.84614,34.19553],[108.88316,34.19553],[108.8839,34.19558],[108.88452,34.19577],[108.88538,34.19647],[108.88564,34.19693],[108.8858,34.19775],[108.88568,34.19945],[108.8856,34.20346],[108.88506,34.20538],[108.8849,34.20651],[108.88499,34.20914],[108.88507,34.20951],[108.88594,34.21147],[108.88897,34.21632],[108.90266,34.23732],[108.90504,34.24113],[108.90531,34.24208],[108.90533,34.24247],[108.90536,34.25582],[108.90556,34.25723],[108.90634,34.25856],[108.90802,34.2597],[108.91052,34.2605],[108.91226,34.2608],[108.9146,34.26099],[108.91774,34.26107],[108.91886,34.26119],[108.91998,34.26152],[108.92043,34.26156],[108.92106,34.2615],[108.92207,34.26116],[108.92406,34.26107],[108.93948,34.26099],[108.94258,34.26122],[108.96734,34.26103],[108.97415,34.26066],[108.97512,34.26043],[108.97582,34.26011],[108.97656,34.25955],[108.97711,34.25884],[108.97959,34.25366],[108.98026,34.25305],[108.98133,34.2527],[108.98401,34.25262],[109.00352,34.25259],[109.03042,34.25265],[109.03219,34.25287],[109.03428,34.25286],[109.03507,34.25263],[109.03599,34.25258],[109.05228,34.25267],[109.05597,34.25261],[109.05704,34.2527],[109.05757,34.25295],[109.05795,34.25351],[109.05877,34.25795],[109.05925,34.26013],[109.05971,34.26161],[109.05982,34.26255],[109.05939,34.26717],[109.05728,34.27257],[109.05691,34.27403],[109.05691,34.27629],[109.05705,34.27707],[109.05734,34.2777],[109.05799,34.27846],[109.05979,34.27973],[109.06135,34.28023],[109.06264,34.28035],[109.06481,34.28032]]]}},{"type":"Feature","properties":{"r":"bj","col":"#d85f26","n":"北京地铁燕房线"},"geometry":{"type":"MultiLineString","coordinates":[[[115.96455,39.72079],[115.96959,39.7167],[115.97488,39.71362],[115.98159,39.70775],[115.98248,39.70673],[115.98475,39.7025],[115.98545,39.7017],[115.98616,39.70109],[115.98894,39.69925],[115.98988,39.69886],[115.99158,39.69861],[115.99255,39.69861],[115.99706,39.69937],[116.00082,39.70047],[116.01056,39.70376],[116.01392,39.70509],[116.01542,39.70534],[116.02363,39.70547],[116.02578,39.7057],[116.04052,39.71084],[116.04252,39.71139],[116.04446,39.71149],[116.04801,39.71101],[116.04961,39.71105],[116.05767,39.71281],[116.076,39.71559],[116.07746,39.71593],[116.07843,39.71637],[116.0792,39.71693],[116.07978,39.71764],[116.08009,39.71833],[116.08025,39.71898],[116.08051,39.72156],[116.08039,39.72383],[116.08049,39.72474],[116.08064,39.7252],[116.08126,39.72615],[116.08201,39.72678],[116.08354,39.72747],[116.08412,39.7276],[116.08513,39.72766],[116.09859,39.72733],[116.10039,39.72753],[116.10411,39.72745]],[[116.1041,39.72749],[116.09158,39.72773],[116.08513,39.72769],[116.08411,39.72763],[116.08352,39.72749],[116.08199,39.7268],[116.08123,39.72617],[116.08061,39.72521],[116.08045,39.72474],[116.08035,39.72383],[116.08047,39.72156],[116.08022,39.71899],[116.08006,39.71834],[116.07974,39.71765],[116.07916,39.71695],[116.07841,39.71639],[116.07745,39.71595],[116.07599,39.71562],[116.05655,39.71265],[116.04961,39.7111],[116.04801,39.71106],[116.04447,39.71151],[116.04211,39.71133],[116.0405,39.71086],[116.02577,39.70573],[116.02362,39.7055],[116.01541,39.70537],[116.01391,39.70511],[116.01054,39.70379],[116.00081,39.70049],[115.99705,39.6994],[115.99255,39.69863],[115.99158,39.69863],[115.9899,39.69888],[115.98896,39.69927],[115.98619,39.70111],[115.98548,39.70172],[115.98478,39.70251],[115.98252,39.70674],[115.98162,39.70777],[115.97519,39.71343],[115.97409,39.71417],[115.96991,39.71654],[115.96458,39.72082]]]}},{"type":"Feature","properties":{"r":"gba","col":"#db6d1c","n":"深圳地铁8号线"},"geometry":{"type":"MultiLineString","coordinates":[[[113.93382,22.49651],[113.93428,22.49355],[113.93435,22.4925],[113.93424,22.49166],[113.93393,22.4909],[113.93339,22.49009],[113.93257,22.48949],[113.93172,22.48917],[113.92857,22.48887],[113.92737,22.48891],[113.92476,22.48944],[113.92304,22.49023],[113.91995,22.49115],[113.917,22.49158],[113.91564,22.49152],[113.91338,22.4912],[113.91181,22.49049],[113.91131,22.4901],[113.911,22.48966],[113.90924,22.48608],[113.90921,22.48517],[113.90967,22.48353],[113.90974,22.48285],[113.90967,22.48204],[113.90927,22.48121],[113.90884,22.48075],[113.90598,22.47863],[113.90523,22.47824],[113.90284,22.47742],[113.90209,22.47726],[113.90094,22.47728],[113.89881,22.47759],[113.89763,22.47793],[113.8965,22.47863],[113.8926,22.48231]],[[113.93362,22.49648],[113.9342,22.49272],[113.9341,22.49168],[113.9338,22.49096],[113.93328,22.49019],[113.93274,22.48972],[113.93169,22.48927],[113.92884,22.489],[113.9274,22.48903],[113.92481,22.48954],[113.92309,22.49032],[113.91997,22.49126],[113.917,22.49168],[113.91622,22.49169],[113.91392,22.4914],[113.91296,22.49113],[113.91177,22.49059],[113.91125,22.49018],[113.9109,22.48971],[113.90913,22.48608],[113.90905,22.48541],[113.90955,22.48351],[113.90961,22.48295],[113.90956,22.48205],[113.90918,22.48125],[113.90822,22.48039],[113.90593,22.47871],[113.90518,22.47835],[113.90279,22.47751],[113.90178,22.47732],[113.90094,22.47732],[113.89883,22.47764],[113.89765,22.47797],[113.89654,22.47866],[113.89269,22.4824]],[[114.3572,22.61555],[114.35218,22.61357],[114.35019,22.61304],[114.32782,22.60859],[114.32678,22.60831],[114.32592,22.60798],[114.32426,22.60708],[114.31969,22.60343],[114.31867,22.60273],[114.31748,22.60215],[114.31633,22.6019],[114.31516,22.60178],[114.31221,22.60194],[114.31061,22.60161],[114.30839,22.60161],[114.30721,22.6013],[114.30645,22.60085],[114.30557,22.60007],[114.30403,22.59809],[114.30183,22.59599],[114.30098,22.59489],[114.30038,22.59428],[114.29959,22.59369],[114.29871,22.59338],[114.29754,22.59325],[114.28233,22.5932],[114.28102,22.59293],[114.27504,22.59076],[114.27322,22.59031],[114.2722,22.5902],[114.26888,22.59053],[114.26606,22.59164],[114.25873,22.59363],[114.25681,22.59438],[114.25581,22.59463],[114.25495,22.59467],[114.25392,22.59445],[114.25331,22.59421],[114.25189,22.5932],[114.25015,22.59109],[114.24732,22.58799],[114.24652,22.58773],[114.24301,22.58809],[114.24209,22.58805],[114.24127,22.58788],[114.24083,22.58771],[114.24027,22.58732],[114.23816,22.58484],[114.23783,22.58426],[114.23758,22.58335],[114.23757,22.58241],[114.23772,22.58165],[114.24315,22.56921],[114.24334,22.56835],[114.2432,22.56723],[114.24295,22.56664],[114.24242,22.5659],[114.24071,22.56396],[114.23992,22.56344],[114.23747,22.56234],[114.23666,22.56167],[114.23408,22.55912],[114.23099,22.55728],[114.22965,22.55656],[114.22915,22.5564],[114.22803,22.55635],[114.22186,22.55714],[114.2154,22.55735],[114.21233,22.55757],[114.20867,22.55852],[114.20385,22.55923],[114.20194,22.55919],[114.19762,22.5585],[114.1842,22.55692],[114.18271,22.557],[114.18196,22.5572],[114.18104,22.55767],[114.1795,22.55886],[114.17896,22.55947],[114.178,22.5612],[114.17769,22.56193],[114.17756,22.56253],[114.17753,22.5642],[114.17731,22.56499],[114.17683,22.56576],[114.17634,22.56623],[114.17537,22.56676],[114.17438,22.56697],[114.16926,22.56691]],[[114.16927,22.56679],[114.17436,22.56683],[114.17546,22.56656],[114.17621,22.56613],[114.17668,22.56569],[114.1772,22.56489],[114.17742,22.56412],[114.17744,22.56252],[114.17758,22.56184],[114.17782,22.56123],[114.17885,22.55939],[114.17942,22.55872],[114.181,22.55752],[114.18188,22.55707],[114.18264,22.55692],[114.18421,22.55686],[114.19763,22.55844],[114.20052,22.55895],[114.20195,22.55909],[114.20385,22.55913],[114.20865,22.55847],[114.2123,22.55749],[114.21752,22.55716],[114.2219,22.55706],[114.22835,22.55623],[114.22939,22.55631],[114.23008,22.55663],[114.23438,22.55917],[114.23676,22.56158],[114.23751,22.56221],[114.2382,22.5626],[114.24012,22.5634],[114.24085,22.56392],[114.24279,22.56606],[114.24332,22.56689],[114.2435,22.56739],[114.2436,22.56834],[114.24341,22.56923],[114.23814,22.58134],[114.23799,22.58212],[114.23794,22.58347],[114.23806,22.58418],[114.23829,22.58469],[114.24019,22.58701],[114.24048,22.58729],[114.24128,22.5877],[114.24256,22.58798],[114.24607,22.58761],[114.24698,22.58771],[114.24734,22.58786],[114.24761,22.58806],[114.25026,22.59102],[114.25201,22.59314],[114.25333,22.59422],[114.25393,22.59445],[114.25495,22.59466],[114.25581,22.59463],[114.2568,22.59436],[114.25802,22.5937],[114.26608,22.59151],[114.26894,22.59038],[114.27229,22.59008],[114.27325,22.5902],[114.27505,22.59064],[114.28104,22.59284],[114.28231,22.59311],[114.29754,22.59315],[114.29871,22.59326],[114.29961,22.59356],[114.30048,22.59419],[114.30229,22.59622],[114.30387,22.59766],[114.30563,22.59995],[114.30647,22.60074],[114.30723,22.60121],[114.30841,22.60149],[114.31065,22.60152],[114.31221,22.60186],[114.31574,22.60172],[114.3175,22.60206],[114.31876,22.60262],[114.31929,22.60296],[114.32441,22.60703],[114.32645,22.60806],[114.32839,22.60859],[114.35139,22.61317],[114.35237,22.61348],[114.35679,22.61535],[114.35721,22.61543]]]}},{"type":"Feature","properties":{"r":"bj","col":"#6da843","n":"北京地铁16号线"},"geometry":{"type":"MultiLineString","coordinates":[[[116.12441,40.06682],[116.13304,40.06728],[116.14125,40.06741],[116.19966,40.06744],[116.2115,40.06722],[116.21688,40.06762],[116.22467,40.06844],[116.22566,40.06862],[116.23448,40.07113],[116.23581,40.07113],[116.23732,40.07087],[116.23877,40.07036],[116.23938,40.07001],[116.23988,40.0696],[116.24023,40.06913],[116.24357,40.06281],[116.24641,40.05508],[116.24828,40.05301],[116.24992,40.0514],[116.25126,40.0498],[116.25201,40.04789],[116.25266,40.04344],[116.25345,40.04208],[116.25901,40.03787],[116.26209,40.03528],[116.26416,40.03325],[116.27097,40.02517],[116.27852,40.01644],[116.27984,40.01447],[116.28009,40.01384],[116.28069,40.01123],[116.28163,40.00549],[116.28261,40.00061],[116.28281,40.00023],[116.28352,39.99957],[116.2873,39.99669],[116.28854,39.99584],[116.28872,39.9954],[116.28939,39.99145],[116.28927,39.99014],[116.28871,39.98837],[116.28822,39.98619],[116.28834,39.98563],[116.28872,39.9849],[116.28957,39.98433],[116.29102,39.98395],[116.29337,39.98381],[116.29633,39.98393],[116.29714,39.98382],[116.29855,39.98313],[116.29919,39.98264],[116.29939,39.98127],[116.29945,39.97947],[116.29996,39.97389],[116.30015,39.97266],[116.30061,39.96682],[116.30109,39.96309],[116.30256,39.95569],[116.30305,39.95054],[116.30336,39.94597],[116.30411,39.94317],[116.30466,39.94182],[116.30525,39.94107],[116.30593,39.94054],[116.3079,39.93983],[116.31003,39.93939],[116.31125,39.93937],[116.31577,39.94031],[116.32162,39.94058],[116.32332,39.9401],[116.3247,39.9392],[116.32644,39.93715],[116.32674,39.93641],[116.32698,39.93439],[116.32745,39.93159],[116.32841,39.92245],[116.3287,39.91759],[116.32869,39.91226],[116.32851,39.91152],[116.32779,39.90973],[116.32764,39.90892],[116.32765,39.90566],[116.32842,39.90016],[116.32839,39.89632],[116.32857,39.89331],[116.32863,39.88937],[116.32871,39.8887],[116.32907,39.88741],[116.33012,39.88077],[116.33071,39.8762],[116.33073,39.87512],[116.33058,39.87425],[116.33009,39.87286],[116.32939,39.87192],[116.32809,39.87086],[116.32677,39.87027],[116.32602,39.86954],[116.32555,39.86877],[116.32552,39.86512],[116.32495,39.8636],[116.32475,39.85999],[116.32416,39.85874],[116.32234,39.85702],[116.32204,39.85616],[116.32192,39.85536],[116.3213,39.85405],[116.32063,39.85363],[116.31994,39.85351],[116.31698,39.85334],[116.30943,39.85242],[116.30466,39.85204],[116.30259,39.85176],[116.30082,39.85137],[116.29139,39.84786],[116.2906,39.84743],[116.29006,39.84692],[116.28961,39.84628],[116.28945,39.84563],[116.28936,39.84414],[116.28972,39.84259],[116.29054,39.84077],[116.29084,39.8377],[116.29062,39.83713],[116.29027,39.83679],[116.28925,39.83628],[116.28846,39.836],[116.2869,39.83568],[116.28109,39.83501],[116.27007,39.83427],[116.26355,39.83348],[116.2605,39.83335],[116.25774,39.83366],[116.25622,39.83389],[116.25483,39.83433],[116.25432,39.8347],[116.25391,39.8351],[116.25341,39.83594],[116.25327,39.83635],[116.25288,39.8387],[116.25277,39.84021],[116.25317,39.84198],[116.25313,39.84304],[116.25297,39.84363],[116.25239,39.8447],[116.25193,39.84516],[116.25108,39.84576],[116.25003,39.8462],[116.23782,39.84852],[116.23341,39.84903],[116.23174,39.849],[116.22655,39.84851],[116.2181,39.84659]],[[116.21818,39.84639],[116.22661,39.84841],[116.2289,39.84867],[116.2335,39.84888],[116.23782,39.84842],[116.24059,39.84772],[116.2499,39.84603],[116.2508,39.84562],[116.25172,39.84489],[116.25221,39.84432],[116.25258,39.84353],[116.25274,39.84254],[116.25254,39.84016],[116.2527,39.83868],[116.25328,39.83592],[116.25376,39.83507],[116.2542,39.83461],[116.25471,39.83426],[116.25604,39.83381],[116.25978,39.83326],[116.26044,39.83321],[116.26456,39.8334],[116.26658,39.83369],[116.28111,39.83485],[116.28779,39.83568],[116.28965,39.83619],[116.29048,39.83665],[116.29088,39.83704],[116.29108,39.8376],[116.29084,39.84076],[116.29013,39.8428],[116.2897,39.84471],[116.28969,39.84551],[116.28983,39.84622],[116.29007,39.84666],[116.29083,39.84726],[116.29387,39.84862],[116.30065,39.85114],[116.303,39.85161],[116.31732,39.85327],[116.32016,39.85337],[116.32087,39.85353],[116.32154,39.85394],[116.32229,39.8551],[116.32261,39.85684],[116.32276,39.8571],[116.32452,39.85876],[116.32497,39.85993],[116.32509,39.86093],[116.32509,39.86356],[116.32569,39.86518],[116.32581,39.8687],[116.32632,39.86951],[116.32682,39.87001],[116.32855,39.87091],[116.32956,39.87175],[116.33021,39.87257],[116.33065,39.87351],[116.33088,39.87445],[116.33093,39.87543],[116.33078,39.87705],[116.32973,39.88354],[116.32946,39.88641],[116.32907,39.88821],[116.32879,39.89031],[116.32869,39.89218],[116.32858,39.90019],[116.32791,39.90566],[116.32785,39.9089],[116.32799,39.90965],[116.3286,39.9112],[116.32893,39.91233],[116.32902,39.91418],[116.32858,39.92244],[116.32727,39.93465],[116.32683,39.93591],[116.3268,39.93646],[116.32652,39.93712],[116.32599,39.93784],[116.32472,39.93926],[116.32334,39.94017],[116.32254,39.94045],[116.32163,39.94066],[116.31733,39.94059],[116.31571,39.9404],[116.31108,39.93949],[116.31018,39.93948],[116.30913,39.93961],[116.30806,39.93989],[116.30605,39.9406],[116.30545,39.94103],[116.30496,39.94159],[116.30442,39.94259],[116.30371,39.94494],[116.30345,39.94612],[116.30325,39.94978],[116.30268,39.95576],[116.30149,39.96195],[116.30079,39.96663],[116.30007,39.97645],[116.29951,39.98238],[116.29932,39.98281],[116.29878,39.98322],[116.29713,39.98395],[116.2964,39.98409],[116.29292,39.98404],[116.29146,39.98415],[116.28997,39.98442],[116.28937,39.98462],[116.2888,39.98504],[116.28836,39.98594],[116.2884,39.98639],[116.2888,39.98804],[116.28944,39.99009],[116.28956,39.99146],[116.28889,39.99533],[116.28875,39.99577],[116.28846,39.99607],[116.28635,39.99757],[116.28337,39.99997],[116.28256,40.00112],[116.28095,40.01123],[116.28017,40.01434],[116.27906,40.01606],[116.27716,40.0185],[116.26983,40.02676],[116.26588,40.03154],[116.26322,40.03446],[116.25953,40.03772],[116.25363,40.04209],[116.25343,40.04231],[116.25277,40.0434],[116.25213,40.0479],[116.25133,40.04989],[116.25007,40.0514],[116.24773,40.05373],[116.24649,40.05521],[116.2436,40.06303],[116.24036,40.06917],[116.23997,40.0697],[116.23943,40.07016],[116.23879,40.07054],[116.2373,40.07107],[116.23575,40.07132],[116.2344,40.0713],[116.22574,40.06881],[116.21167,40.06734],[116.20026,40.06756],[116.16952,40.06751],[116.15557,40.06758],[116.13305,40.06739],[116.12442,40.06694]]]}},{"type":"Feature","properties":{"r":"bj","col":"#a65a2a","n":"北京地铁S1线"},"geometry":{"type":"MultiLineString","coordinates":[[[116.09395,39.88791],[116.09605,39.88944],[116.09674,39.8897],[116.09758,39.88987],[116.09868,39.88985],[116.10327,39.88905],[116.10444,39.88897],[116.10634,39.8891],[116.11434,39.88887],[116.11477,39.88893],[116.11581,39.88931],[116.11623,39.88964],[116.11673,39.89019],[116.11699,39.89088],[116.11693,39.89454],[116.11637,39.90051],[116.11514,39.90891],[116.11525,39.90955],[116.11547,39.90993],[116.11622,39.91053],[116.11702,39.9108],[116.12103,39.91115],[116.12229,39.91147],[116.12315,39.9119],[116.13281,39.91773],[116.13413,39.91808],[116.14012,39.919],[116.14105,39.9193],[116.14169,39.91968],[116.14401,39.92197],[116.14494,39.92238],[116.14694,39.92247],[116.15701,39.92229],[116.16367,39.92231],[116.16622,39.92255],[116.16781,39.92281],[116.17581,39.92478]],[[116.09402,39.88786],[116.09544,39.88897],[116.0961,39.88936],[116.09686,39.88965],[116.0976,39.8898],[116.09865,39.88979],[116.10333,39.889],[116.10447,39.88893],[116.10631,39.88907],[116.11421,39.88884],[116.1152,39.88898],[116.1163,39.88957],[116.11686,39.89028],[116.11704,39.89079],[116.11702,39.89422],[116.11622,39.90193],[116.11519,39.90887],[116.11524,39.90937],[116.11549,39.90986],[116.11597,39.9103],[116.11637,39.91054],[116.1171,39.91076],[116.12135,39.91115],[116.1223,39.91142],[116.12327,39.91191],[116.13283,39.9177],[116.13414,39.91804],[116.14014,39.91895],[116.14109,39.91925],[116.14211,39.91998],[116.14388,39.9218],[116.14426,39.92207],[116.14497,39.92233],[116.14694,39.92243],[116.157,39.92222],[116.16367,39.92226],[116.16623,39.9225],[116.16783,39.92276],[116.17584,39.92474]]]}},{"type":"Feature","properties":{"r":"gba","col":"#002f87","n":"佛山地铁3号线"},"geometry":{"type":"MultiLineString","coordinates":[[[113.05358,23.14821],[113.04598,23.14816],[113.04372,23.14782],[113.04111,23.14702],[113.03972,23.14669],[113.03774,23.14646],[113.03563,23.14644],[113.03375,23.14626],[113.03282,23.14631],[113.03166,23.1461],[113.02974,23.14518],[113.02818,23.14423],[113.02732,23.14357],[113.02628,23.14207],[113.0251,23.14066],[113.02186,23.13828],[113.02131,23.13722],[113.02117,23.13638],[113.02116,23.13528],[113.02138,23.1314],[113.02057,23.12281],[113.01983,23.11729],[113.01858,23.11235],[113.01856,23.10875],[113.01878,23.10636],[113.01877,23.10513],[113.01858,23.10401],[113.01733,23.09906],[113.0173,23.09779],[113.01752,23.09682],[113.01803,23.09569],[113.01848,23.09496],[113.01962,23.09372],[113.02078,23.09308],[113.02472,23.09164],[113.02532,23.09122],[113.02584,23.09056],[113.02622,23.08989],[113.02651,23.08904],[113.02911,23.07829],[113.0299,23.07606],[113.03106,23.07426],[113.0326,23.07249],[113.03395,23.07148],[113.03572,23.07055],[113.03723,23.07002],[113.03872,23.06965],[113.03965,23.0695],[113.04101,23.06943],[113.05205,23.06952],[113.05439,23.06986],[113.05738,23.07056],[113.05873,23.07063],[113.05973,23.0705],[113.06199,23.06997],[113.06618,23.0693],[113.07057,23.06824],[113.0756,23.06779],[113.0764,23.06753],[113.07733,23.06699],[113.07817,23.06622],[113.0786,23.06562],[113.07913,23.06448],[113.0807,23.05858],[113.08168,23.05625],[113.08231,23.05509],[113.08332,23.05383],[113.08393,23.05332],[113.08471,23.05289],[113.0859,23.05253],[113.08952,23.05189],[113.09042,23.05185],[113.09332,23.05222],[113.09416,23.0522],[113.10062,23.05063],[113.10241,23.05036],[113.11296,23.05033],[113.1211,23.05069],[113.12885,23.05046],[113.1303,23.05007],[113.13203,23.04928],[113.13321,23.04851],[113.134,23.04769],[113.13448,23.04673],[113.13484,23.04],[113.13549,23.03626],[113.13663,23.03182],[113.1389,23.02484],[113.13898,23.02366],[113.13883,23.02057],[113.13882,23.01668],[113.1387,23.01595],[113.13843,23.01545],[113.13795,23.01503],[113.13739,23.01482],[113.13568,23.01472],[113.12816,23.0147],[113.12694,23.0146],[113.12607,23.01442],[113.12528,23.01409],[113.12441,23.01351],[113.12389,23.01285],[113.12363,23.01218],[113.12369,23.00858],[113.12394,23.00598],[113.12457,23.003],[113.12579,22.99993],[113.12607,22.99887],[113.12613,22.99711],[113.12583,22.99134],[113.12616,22.98467],[113.12631,22.98312],[113.127,22.97994],[113.12716,22.97875],[113.12713,22.97803],[113.12689,22.97735],[113.12481,22.97403],[113.1243,22.97303],[113.12391,22.97171],[113.12371,22.97016],[113.12365,22.96821],[113.12381,22.95182],[113.12403,22.94992],[113.1244,22.94912],[113.1249,22.9484],[113.12599,22.94732],[113.12723,22.94659],[113.12855,22.94605],[113.1303,22.94571],[113.13829,22.94556],[113.15213,22.9456],[113.15315,22.94577],[113.15426,22.94617],[113.15531,22.94674],[113.15615,22.94735],[113.1568,22.94795],[113.1576,22.94889],[113.15996,22.95228],[113.16062,22.95303],[113.16184,22.95393],[113.16375,22.95472],[113.16489,22.9549],[113.16585,22.95491],[113.17496,22.95458],[113.17939,22.95375],[113.18103,22.95319],[113.18243,22.95249],[113.18538,22.95034],[113.19007,22.94644],[113.19473,22.9418],[113.19795,22.93902],[113.19899,22.93823],[113.20208,22.93635],[113.20749,22.93195],[113.21039,22.9291],[113.21112,22.92821],[113.21123,22.9277],[113.21121,22.92725],[113.21092,22.92647],[113.21037,22.92571],[113.20846,22.92373],[113.20652,22.92121],[113.2058,22.91973],[113.20541,22.9181],[113.20545,22.91637],[113.20587,22.91471],[113.20646,22.91349],[113.20987,22.90749],[113.21026,22.90643],[113.21044,22.90536],[113.21039,22.90432],[113.21009,22.90312],[113.20736,22.89673],[113.20582,22.89279],[113.20555,22.89172],[113.20543,22.89018],[113.20559,22.88875],[113.20602,22.88736],[113.20682,22.88567],[113.20751,22.8847],[113.21269,22.87848],[113.21393,22.87677],[113.21496,22.87579],[113.21601,22.87524],[113.21702,22.87491],[113.21808,22.87481],[113.23377,22.87493],[113.23494,22.87458],[113.23541,22.87427],[113.23611,22.87359],[113.23653,22.87304],[113.2368,22.87215],[113.23684,22.86841],[113.23709,22.86353],[113.2379,22.85721],[113.23835,22.85562],[113.23856,22.85534],[113.23946,22.85311],[113.24036,22.85151],[113.24118,22.8505],[113.24374,22.84804],[113.24522,22.84637],[113.24663,22.84411],[113.24904,22.83958],[113.24959,22.83891],[113.25038,22.83836],[113.25105,22.83809],[113.25363,22.83767],[113.28054,22.83763],[113.28157,22.83755],[113.283,22.83727],[113.28574,22.83649],[113.29,22.83497],[113.29175,22.83413],[113.2929,22.83329],[113.29431,22.83179],[113.29528,22.83033],[113.2962,22.82801],[113.29692,22.8253],[113.2973,22.82441],[113.29775,22.82379],[113.2983,22.82326],[113.29992,22.82225],[113.30582,22.8199],[113.30694,22.81962],[113.30821,22.81959],[113.3093,22.81979],[113.31087,22.82039],[113.31525,22.82296]],[[113.3151,22.82323],[113.31418,22.82249],[113.31081,22.82051],[113.30925,22.81992],[113.30819,22.81973],[113.30696,22.81975],[113.30586,22.82001],[113.30024,22.82226],[113.29859,22.82321],[113.29802,22.8237],[113.29743,22.82447],[113.29712,22.82511],[113.29646,22.82765],[113.29558,22.83002],[113.29506,22.83096],[113.29442,22.83187],[113.29299,22.83338],[113.29182,22.83424],[113.29005,22.83508],[113.28579,22.83661],[113.28303,22.83739],[113.2816,22.83768],[113.28053,22.83776],[113.25768,22.83783],[113.25363,22.83777],[113.25109,22.83819],[113.25044,22.83846],[113.24968,22.83899],[113.24915,22.83963],[113.24685,22.84399],[113.24566,22.84594],[113.24413,22.8478],[113.24148,22.85038],[113.24079,22.85118],[113.23991,22.85257],[113.23908,22.85435],[113.23822,22.85677],[113.23795,22.85812],[113.2372,22.86418],[113.23698,22.86873],[113.23694,22.87249],[113.23675,22.87312],[113.23632,22.87371],[113.23534,22.87457],[113.23483,22.87483],[113.23422,22.87499],[113.2178,22.87494],[113.21704,22.87501],[113.21605,22.87532],[113.21502,22.87586],[113.21417,22.87663],[113.21292,22.87828],[113.20755,22.88472],[113.20686,22.88569],[113.20598,22.88759],[113.20563,22.88876],[113.20547,22.89018],[113.20559,22.89172],[113.20597,22.89306],[113.2074,22.89672],[113.21013,22.9031],[113.21044,22.90432],[113.21048,22.90536],[113.2103,22.90644],[113.20991,22.90751],[113.20641,22.91366],[113.20591,22.91472],[113.20549,22.91637],[113.20545,22.9181],[113.20584,22.91972],[113.20656,22.92119],[113.2085,22.9237],[113.21057,22.9258],[113.21103,22.92642],[113.21137,22.9274],[113.21127,22.92825],[113.21037,22.92938],[113.20859,22.9313],[113.20768,22.93214],[113.20504,22.93435],[113.20222,22.93653],[113.19891,22.9386],[113.19571,22.94112],[113.19432,22.94239],[113.19052,22.94622],[113.18423,22.95159],[113.18287,22.95261],[113.18183,22.95312],[113.17942,22.95389],[113.17498,22.95472],[113.16585,22.95503],[113.16488,22.95501],[113.16372,22.95484],[113.16275,22.9545],[113.16179,22.95403],[113.16054,22.95312],[113.15985,22.95234],[113.15749,22.94896],[113.15671,22.94805],[113.15607,22.94747],[113.15421,22.94628],[113.15312,22.94589],[113.15213,22.94572],[113.13829,22.94569],[113.13031,22.94584],[113.12859,22.94618],[113.12729,22.94672],[113.12608,22.94742],[113.12501,22.94847],[113.12452,22.94918],[113.12417,22.94995],[113.12395,22.95182],[113.12383,22.96916],[113.12389,22.97051],[113.12412,22.97204],[113.12443,22.97298],[113.12494,22.97396],[113.12693,22.97715],[113.12721,22.97785],[113.12729,22.97854],[113.12718,22.97962],[113.12644,22.98313],[113.1263,22.98468],[113.12601,22.99134],[113.12629,22.9971],[113.12623,22.99889],[113.12604,22.99967],[113.12471,23.00302],[113.12408,23.006],[113.12385,23.008],[113.12375,23.01217],[113.12412,23.01296],[113.12469,23.01356],[113.1256,23.01411],[113.12696,23.0145],[113.12817,23.01459],[113.13606,23.01462],[113.13764,23.01476],[113.13801,23.01491],[113.13854,23.01538],[113.13883,23.01592],[113.13897,23.01667],[113.13897,23.02056],[113.13913,23.02366],[113.13908,23.02463],[113.13884,23.02563],[113.13676,23.03185],[113.13555,23.03664],[113.13496,23.04059],[113.13465,23.04654],[113.13453,23.04707],[113.13426,23.04756],[113.1333,23.0486],[113.1321,23.04937],[113.13069,23.05002],[113.12919,23.05045],[113.12095,23.05069],[113.11477,23.05048],[113.10263,23.05051],[113.10066,23.05078],[113.09417,23.05235],[113.09329,23.05237],[113.09082,23.05202],[113.08997,23.05199],[113.08893,23.05211],[113.0854,23.05282],[113.08441,23.05321],[113.08375,23.05371],[113.08278,23.05473],[113.08215,23.05567],[113.08085,23.05861],[113.07927,23.0645],[113.0786,23.06586],[113.07806,23.06652],[113.07719,23.06723],[113.07645,23.06763],[113.07563,23.0679],[113.0706,23.06834],[113.06587,23.06948],[113.06172,23.07014],[113.05975,23.07061],[113.05874,23.07074],[113.05737,23.07068],[113.05437,23.06998],[113.05205,23.06965],[113.04493,23.06958],[113.03966,23.06964],[113.03771,23.07004],[113.03578,23.07068],[113.03435,23.0714],[113.0327,23.07259],[113.03138,23.07408],[113.03018,23.07586],[113.02965,23.0771],[113.02927,23.07833],[113.02666,23.08906],[113.02634,23.08994],[113.02579,23.09087],[113.02522,23.09147],[113.02455,23.09185],[113.02083,23.0932],[113.01983,23.0937],[113.0192,23.09428],[113.01859,23.09503],[113.01803,23.09596],[113.01765,23.09685],[113.01742,23.09779],[113.01745,23.09905],[113.01869,23.10399],[113.01888,23.10512],[113.0189,23.10635],[113.01869,23.10894],[113.01871,23.11234],[113.01989,23.11685],[113.02075,23.12256],[113.02152,23.13125],[113.02138,23.13661],[113.02158,23.13737],[113.02204,23.13821],[113.02251,23.13863],[113.02478,23.14018],[113.0252,23.14057],[113.02638,23.14201],[113.02738,23.14348],[113.02881,23.14447],[113.03154,23.14597],[113.03268,23.14622],[113.03409,23.14618],[113.03565,23.14637],[113.03799,23.14643],[113.03972,23.14665],[113.04147,23.14707],[113.04383,23.1478],[113.046,23.14813],[113.05359,23.14813]]]}},{"type":"Feature","properties":{"r":"bj","col":"#e1261c","n":"北京地铁西郊线"},"geometry":{"type":"MultiLineString","coordinates":[[[116.28484,39.97307],[116.28232,39.97257],[116.2819,39.97258],[116.28149,39.97278],[116.2802,39.97421],[116.27351,39.97773],[116.26975,39.97874],[116.26866,39.97886],[116.26602,39.97878],[116.26521,39.97898],[116.26478,39.97921],[116.25952,39.98332],[116.25831,39.98404],[116.25639,39.98473],[116.25589,39.9846],[116.2551,39.98395],[116.25319,39.98202],[116.25236,39.98154],[116.25123,39.98119],[116.24962,39.98099],[116.24831,39.98115],[116.24651,39.98168],[116.24556,39.98181],[116.24341,39.98115],[116.24099,39.98072],[116.23804,39.98062],[116.23356,39.97929],[116.23208,39.97924],[116.23092,39.97942],[116.23017,39.97966],[116.21943,39.9875],[116.2181,39.98869],[116.21637,39.9907],[116.21364,39.99205],[116.21185,39.99234],[116.20951,39.99228],[116.20627,39.99242],[116.20138,39.99287],[116.19776,39.99278]],[[116.19776,39.99273],[116.20138,39.99283],[116.20561,39.99241],[116.20952,39.99223],[116.21186,39.9923],[116.21362,39.99202],[116.21628,39.99065],[116.21802,39.98866],[116.2199,39.98706],[116.22644,39.98241],[116.23014,39.97963],[116.23072,39.97942],[116.23162,39.97924],[116.23271,39.97918],[116.23406,39.97933],[116.23805,39.9806],[116.24099,39.98069],[116.2434,39.98112],[116.24556,39.98178],[116.24649,39.98165],[116.2483,39.98111],[116.24961,39.98096],[116.25125,39.98116],[116.25185,39.98129],[116.25322,39.982],[116.25513,39.98393],[116.25591,39.98458],[116.25639,39.98471],[116.25825,39.98403],[116.25949,39.98329],[116.26468,39.97924],[116.26519,39.97895],[116.26602,39.97875],[116.26866,39.97884],[116.2696,39.97873],[116.27238,39.97804],[116.2736,39.97765],[116.28015,39.97417],[116.2805,39.97386],[116.28102,39.97314],[116.28145,39.97275],[116.28189,39.97255],[116.28238,39.97253],[116.28484,39.97307]],[[116.28484,39.97307],[116.28615,39.97339]]]}},{"type":"Feature","properties":{"r":"gba","col":"#eca154","n":"广州地铁3号线"},"geometry":{"type":"MultiLineString","coordinates":[[[113.29964,23.39797],[113.29933,23.39668],[113.29918,23.393],[113.29811,23.39076],[113.29248,23.36999],[113.29169,23.36361],[113.28908,23.35364],[113.28818,23.34859],[113.28772,23.3445],[113.28796,23.342],[113.2882,23.34091],[113.28845,23.34027],[113.28944,23.33894],[113.29174,23.33643],[113.29456,23.3328],[113.29585,23.33037],[113.29638,23.32828],[113.29658,23.32596],[113.29622,23.32249],[113.29591,23.32087],[113.29437,23.31531],[113.29411,23.31396],[113.29406,23.31291],[113.29433,23.30533],[113.29343,23.30004],[113.29317,23.29777],[113.29313,23.29658],[113.29339,23.29482],[113.29374,23.29381],[113.29871,23.28577],[113.29902,23.28491],[113.29907,23.28388],[113.29771,23.27822],[113.29674,23.27579],[113.29622,23.27489],[113.29569,23.27427],[113.29358,23.2723],[113.29097,23.27012],[113.29025,23.26938],[113.28957,23.26843],[113.28847,23.26608],[113.28661,23.2604],[113.2833,23.25277],[113.28311,23.2513],[113.28311,23.24879],[113.28329,23.24605],[113.28371,23.24253],[113.28383,23.23266],[113.28405,23.23047],[113.2843,23.22978],[113.2857,23.22766],[113.2863,23.22703],[113.28687,23.22662],[113.28829,23.22596],[113.29139,23.22486],[113.30215,23.22208],[113.3032,23.22159],[113.30481,23.2204],[113.31032,23.21587],[113.31251,23.21376],[113.31639,23.2093],[113.31788,23.20741],[113.31889,23.20595],[113.32001,23.20369],[113.32114,23.19819],[113.32206,23.19483],[113.32235,23.1907],[113.32232,23.18982],[113.32206,23.18924],[113.32157,23.1887],[113.31558,23.18357],[113.31517,23.18293],[113.31505,23.18212],[113.31494,23.17626],[113.31503,23.17542],[113.31534,23.17445],[113.31615,23.17261],[113.31702,23.17123],[113.3178,23.17032],[113.31985,23.16848],[113.32083,23.16729],[113.32123,23.16613],[113.32138,23.16418],[113.32147,23.16061],[113.32135,23.1594],[113.31829,23.15214],[113.31832,23.14231],[113.3181,23.14128],[113.31694,23.13819]],[[113.31716,23.13805],[113.31821,23.14094],[113.31846,23.14233],[113.31848,23.15205],[113.32155,23.15943],[113.32165,23.16055],[113.32155,23.16425],[113.32139,23.1661],[113.32122,23.16677],[113.32094,23.16735],[113.32007,23.1684],[113.31818,23.17011],[113.31737,23.17099],[113.31628,23.17267],[113.31547,23.17446],[113.31515,23.1755],[113.31507,23.17627],[113.31518,23.18229],[113.31531,23.18298],[113.3156,23.18341],[113.3216,23.18858],[113.3221,23.18913],[113.32242,23.18981],[113.32243,23.19082],[113.32214,23.1948],[113.32133,23.19794],[113.32019,23.20352],[113.31952,23.20496],[113.3184,23.20685],[113.31652,23.20932],[113.31265,23.21373],[113.31069,23.21565],[113.30437,23.22086],[113.30294,23.22182],[113.30192,23.22228],[113.29277,23.2246],[113.2893,23.22571],[113.28738,23.22649],[113.28629,23.22721],[113.28502,23.22873],[113.28421,23.23019],[113.28401,23.23151],[113.28395,23.23413],[113.28403,23.24254],[113.28389,23.24408],[113.28344,23.24634],[113.28324,23.2488],[113.28321,23.2514],[113.28334,23.25256],[113.28665,23.26008],[113.2885,23.26574],[113.28968,23.26835],[113.29082,23.26978],[113.29369,23.27218],[113.29538,23.27379],[113.29632,23.27482],[113.29676,23.27556],[113.29784,23.27824],[113.29916,23.2838],[113.29913,23.28487],[113.29879,23.28584],[113.29373,23.29411],[113.29345,23.29509],[113.29325,23.29661],[113.29352,23.2998],[113.29434,23.30446],[113.29443,23.30544],[113.29418,23.31279],[113.29422,23.31391],[113.29444,23.31514],[113.29602,23.32079],[113.29631,23.32219],[113.29672,23.32571],[113.29665,23.3273],[113.2965,23.32852],[113.29591,23.33062],[113.29452,23.33302],[113.29179,23.33656],[113.28932,23.33927],[113.28859,23.3403],[113.28835,23.34092],[113.28809,23.34211],[113.28786,23.34423],[113.28801,23.34623],[113.28827,23.34805],[113.28917,23.35336],[113.29004,23.35692],[113.29178,23.36325],[113.29263,23.37005],[113.29812,23.39058],[113.2983,23.3911],[113.29926,23.39298],[113.29934,23.39354],[113.29938,23.39673],[113.29968,23.39797]],[[113.31694,23.13819],[113.31617,23.13604],[113.31596,23.13445]],[[113.33863,23.17321],[113.33774,23.17224],[113.33697,23.17083],[113.33672,23.1697],[113.33692,23.16886],[113.33778,23.16777],[113.34032,23.16599],[113.34067,23.1656],[113.34562,23.15845],[113.34604,23.15771],[113.34623,23.15709],[113.34642,23.15471],[113.34612,23.15314],[113.34466,23.15015],[113.34337,23.14786],[113.34037,23.14363],[113.33673,23.13903],[113.3362,23.13849],[113.33559,23.13812],[113.33063,23.13612],[113.32932,23.13574],[113.3283,23.13568],[113.32505,23.13584],[113.32397,23.13601],[113.32293,23.1365],[113.32163,23.13777],[113.32103,23.13812],[113.31985,23.13852],[113.3188,23.1385],[113.31827,23.13835],[113.31731,23.13785],[113.31631,23.13687],[113.31597,23.13582],[113.31596,23.13445]],[[113.31596,23.13445],[113.31575,23.12952],[113.31569,23.11865],[113.31584,23.11718],[113.31611,23.11598],[113.31768,23.11265],[113.31795,23.11183],[113.31806,23.11089],[113.31778,23.10731],[113.31747,23.10589],[113.31695,23.1049],[113.31525,23.10234],[113.31498,23.10167],[113.31483,23.1009],[113.31487,23.09429],[113.31634,23.0837],[113.3164,23.08222],[113.31506,23.07044],[113.31447,23.06323],[113.31388,23.05949],[113.31384,23.0582],[113.31398,23.0536],[113.31424,23.04952],[113.31516,23.04229],[113.31532,23.03981],[113.31637,23.02899],[113.31641,23.02741],[113.31616,23.01336],[113.31643,23.00768],[113.31698,23.00425],[113.31748,23.00251],[113.31816,23.00111],[113.31909,23.0],[113.32062,22.9986],[113.32302,22.99662],[113.3255,22.99479],[113.34601,22.98041],[113.34829,22.97837],[113.3493,22.97721],[113.35045,22.97562],[113.35149,22.97378],[113.35202,22.97254],[113.35649,22.95973],[113.35656,22.95873],[113.35578,22.94263],[113.35592,22.94169],[113.35631,22.94096],[113.35747,22.93985],[113.359,22.93891],[113.36085,22.93826],[113.36274,22.93809],[113.37028,22.93844],[113.37667,22.9382],[113.38598,22.93811],[113.40221,22.93929],[113.4057,22.9393],[113.42078,22.93881],[113.42362,22.93887],[113.42749,22.9391],[113.42925,22.93936],[113.43189,22.94004],[113.44035,22.94161],[113.45068,22.94405],[113.45388,22.94496],[113.45518,22.94522],[113.45656,22.94519],[113.45823,22.94484],[113.46397,22.94238],[113.46493,22.94213],[113.4663,22.94198],[113.46839,22.9422],[113.4708,22.94319],[113.47379,22.94467]],[[113.31654,23.13674],[113.31618,23.1354],[113.31605,23.1335]],[[113.31623,23.13459],[113.31651,23.13567],[113.31717,23.13672],[113.31799,23.13734],[113.31907,23.13773],[113.32014,23.13776],[113.321,23.13757],[113.32157,23.13726],[113.32311,23.13617],[113.32408,23.13584],[113.32868,23.13557],[113.32967,23.13571],[113.33145,23.1363],[113.33562,23.138],[113.33631,23.13841],[113.33676,23.13888],[113.34287,23.14668],[113.34365,23.14782],[113.3459,23.15203],[113.34642,23.15334],[113.34656,23.15456],[113.34634,23.15705],[113.34614,23.15772],[113.34568,23.15853],[113.34076,23.16563],[113.3404,23.16601],[113.33778,23.16788],[113.33705,23.16881],[113.33682,23.16965],[113.33707,23.17082],[113.33785,23.17228],[113.33867,23.17318]],[[113.31623,23.13459],[113.31642,23.13598],[113.31716,23.13805]],[[113.47372,22.94478],[113.47012,22.94303],[113.46855,22.94243],[113.468,22.94231],[113.46606,22.94226],[113.46481,22.94238],[113.46348,22.94276],[113.45812,22.94511],[113.45666,22.94534],[113.45504,22.94534],[113.45412,22.94517],[113.4464,22.94316],[113.44033,22.94185],[113.4288,22.93967],[113.42439,22.93908],[113.42281,22.93901],[113.42065,22.93897],[113.40515,22.93945],[113.40305,22.93944],[113.40046,22.93937],[113.38632,22.93827],[113.37864,22.93829],[113.37056,22.93854],[113.36262,22.93819],[113.36083,22.93837],[113.35919,22.93895],[113.35765,22.93983],[113.35635,22.94103],[113.35597,22.94183],[113.35585,22.94266],[113.35633,22.95125],[113.35664,22.95949],[113.35545,22.96316],[113.3523,22.97212],[113.35165,22.97368],[113.35068,22.97546],[113.34959,22.977],[113.34846,22.97834],[113.34682,22.9799],[113.34595,22.98061],[113.33226,22.99034],[113.32547,22.99496],[113.32324,22.99662],[113.31989,22.9994],[113.31882,23.00044],[113.31807,23.00143],[113.3175,23.00268],[113.31709,23.00419],[113.31652,23.0078],[113.31627,23.01328],[113.3165,23.02597],[113.31644,23.02946],[113.31547,23.03955],[113.3153,23.04217],[113.31438,23.04948],[113.31412,23.05352],[113.31397,23.05841],[113.31402,23.05975],[113.31446,23.06237],[113.31512,23.06987],[113.31651,23.08238],[113.31643,23.08386],[113.31502,23.09446],[113.31497,23.10086],[113.31511,23.10162],[113.31534,23.10224],[113.31701,23.10478],[113.31761,23.10597],[113.31788,23.10722],[113.31819,23.11104],[113.31808,23.11187],[113.31786,23.11256],[113.31626,23.11598],[113.31598,23.11721],[113.31584,23.11859],[113.31599,23.12943],[113.31623,23.13459]],[[113.31716,23.13805],[113.31654,23.13674]],[[113.31694,23.13819],[113.31654,23.13674]]]}},{"type":"Feature","properties":{"r":"bj","col":"#00a9a9","n":"北京地铁17号线"},"geometry":{"type":"MultiLineString","coordinates":[[[116.46308,40.12956],[116.462,40.12825],[116.46069,40.12689],[116.46021,40.12614],[116.45989,40.12526],[116.46035,40.12077],[116.46047,40.11187],[116.46035,40.11032],[116.45981,40.10866],[116.45921,40.1076],[116.45415,40.10053],[116.44992,40.09502],[116.44856,40.09285],[116.44808,40.0918],[116.44643,40.08938],[116.44615,40.0885],[116.44549,40.08523],[116.44536,40.08492],[116.44459,40.0841],[116.4373,40.07889],[116.43653,40.07821],[116.43619,40.07758],[116.43594,40.07673],[116.43581,40.0751],[116.43585,40.06113],[116.43573,40.05796],[116.43593,40.04967],[116.43544,40.03461],[116.43541,40.03137],[116.43561,40.02217],[116.43577,40.02112],[116.43621,40.02033],[116.43676,40.0197],[116.43766,40.01873],[116.43849,40.01818],[116.44115,40.01722],[116.44478,40.01608],[116.44604,40.01544],[116.44661,40.01496],[116.44755,40.01377],[116.44786,40.01311],[116.44837,40.01174],[116.44851,40.01003],[116.44831,40.00907],[116.44474,39.99818],[116.44397,39.99631],[116.44015,39.99051],[116.43927,39.9885],[116.43871,39.98664],[116.43863,39.98483],[116.44025,39.9815],[116.4418,39.98006],[116.44315,39.97853],[116.44342,39.97799],[116.4436,39.97703],[116.4436,39.97524],[116.44352,39.97477],[116.44256,39.97347],[116.4365,39.96666],[116.43039,39.96112],[116.42945,39.95991],[116.42908,39.95928],[116.42887,39.95868],[116.42793,39.95519],[116.42778,39.95383],[116.42777,39.95204],[116.42804,39.95053],[116.42858,39.94895],[116.42876,39.94864],[116.42929,39.94825],[116.43015,39.94808],[116.43156,39.9481],[116.43836,39.94868],[116.43993,39.94861],[116.44049,39.94849],[116.4411,39.9482],[116.44346,39.94663],[116.44395,39.94621],[116.44416,39.94573],[116.44422,39.94008],[116.44414,39.90834],[116.44435,39.90668],[116.44501,39.90393],[116.44511,39.90252],[116.44484,39.90079],[116.44427,39.89845],[116.44412,39.89727],[116.44425,39.89067],[116.44453,39.88826],[116.44467,39.87505],[116.44462,39.86832],[116.44482,39.86724],[116.44543,39.86629],[116.44591,39.86591],[116.44647,39.8657],[116.45027,39.86535],[116.45146,39.8651],[116.45206,39.86485],[116.45696,39.86199],[116.45757,39.86155],[116.45966,39.85964],[116.46006,39.85941],[116.46785,39.85733],[116.46973,39.85599],[116.47174,39.85409],[116.47462,39.85111],[116.47698,39.84895],[116.47836,39.84819],[116.47946,39.8478],[116.48057,39.84746],[116.48356,39.84682],[116.48509,39.84631],[116.4866,39.84559],[116.49349,39.83998],[116.49537,39.83875],[116.49615,39.83849],[116.49751,39.83823],[116.5019,39.83782],[116.50311,39.83759],[116.51371,39.83487],[116.51533,39.83423],[116.51918,39.832],[116.52077,39.83126],[116.52263,39.83053],[116.52419,39.83009],[116.5269,39.82954],[116.52967,39.82856],[116.53326,39.82696],[116.53558,39.82578],[116.53712,39.82447],[116.5404,39.82001],[116.54162,39.81879],[116.54216,39.81844],[116.54382,39.81794],[116.54684,39.81749],[116.55201,39.8169],[116.55417,39.81641],[116.56382,39.81088],[116.56517,39.81025],[116.56758,39.8095],[116.56896,39.80917],[116.57967,39.80525],[116.58182,39.80467],[116.58403,39.80379],[116.59321,39.79733],[116.59878,39.79305],[116.60064,39.79205],[116.60177,39.79187],[116.60721,39.7918]],[[116.6072,39.79189],[116.60185,39.79202],[116.60072,39.79227],[116.59891,39.79328],[116.5933,39.79741],[116.58411,39.80388],[116.58188,39.80477],[116.57972,39.80535],[116.56901,39.80927],[116.56763,39.8096],[116.56523,39.81034],[116.5639,39.81097],[116.55423,39.8165],[116.55203,39.817],[116.54385,39.81804],[116.54224,39.81853],[116.54171,39.81886],[116.54052,39.82007],[116.53723,39.82453],[116.53567,39.82586],[116.53333,39.82704],[116.52973,39.82865],[116.52695,39.82964],[116.52423,39.83019],[116.52269,39.83062],[116.52083,39.83135],[116.51926,39.83208],[116.5154,39.83431],[116.51377,39.83496],[116.50315,39.83769],[116.50192,39.83792],[116.49753,39.83834],[116.4962,39.83859],[116.49544,39.83884],[116.49359,39.84006],[116.48669,39.84567],[116.48515,39.8464],[116.48361,39.84692],[116.48061,39.84756],[116.47952,39.84789],[116.47843,39.84828],[116.47707,39.84902],[116.47473,39.85118],[116.47185,39.85415],[116.46983,39.85606],[116.46793,39.85742],[116.46012,39.85951],[116.45975,39.85971],[116.45767,39.86162],[116.45705,39.86207],[116.45218,39.86492],[116.45112,39.86532],[116.45028,39.86548],[116.44652,39.86581],[116.446,39.86598],[116.44563,39.86628],[116.44501,39.86713],[116.44474,39.86837],[116.44479,39.87861],[116.44471,39.88385],[116.44478,39.88806],[116.44436,39.89073],[116.4442,39.89728],[116.44437,39.8984],[116.44493,39.90064],[116.44522,39.90253],[116.44513,39.90402],[116.44448,39.90667],[116.44426,39.90835],[116.44425,39.9458],[116.44405,39.94629],[116.44357,39.94668],[116.44108,39.94834],[116.43972,39.94873],[116.43862,39.94882],[116.43142,39.94821],[116.43025,39.94819],[116.42943,39.94832],[116.42884,39.94878],[116.42836,39.94975],[116.42795,39.95195],[116.42794,39.95332],[116.42806,39.95489],[116.42902,39.95861],[116.42963,39.95985],[116.43057,39.96096],[116.43171,39.96213],[116.43619,39.96617],[116.44141,39.97191],[116.44286,39.97337],[116.44378,39.97495],[116.44382,39.97717],[116.44362,39.97815],[116.44292,39.97915],[116.44042,39.98157],[116.43899,39.98446],[116.43885,39.98506],[116.43891,39.98657],[116.43904,39.98725],[116.43961,39.98893],[116.44028,39.99047],[116.44251,39.99372],[116.44456,39.99717],[116.44866,40.00976],[116.44872,40.01078],[116.44858,40.01155],[116.44774,40.01378],[116.44691,40.01488],[116.44637,40.01539],[116.44492,40.01617],[116.44096,40.01742],[116.43854,40.01829],[116.4378,40.01879],[116.43701,40.01964],[116.43643,40.0203],[116.43597,40.02112],[116.4358,40.02215],[116.43559,40.03134],[116.43608,40.04835],[116.43609,40.05155],[116.43595,40.05347],[116.43604,40.06143],[116.4362,40.06448],[116.43619,40.06942],[116.43595,40.07516],[116.43609,40.0767],[116.43631,40.07757],[116.43672,40.07821],[116.44468,40.08401],[116.44551,40.08488],[116.44573,40.08552],[116.44629,40.08854],[116.44688,40.08984],[116.44835,40.092],[116.44872,40.0928],[116.44958,40.09411],[116.45805,40.10561],[116.45987,40.10842],[116.4603,40.10951],[116.46061,40.11118],[116.46063,40.11672],[116.46049,40.12021],[116.46001,40.12523],[116.46053,40.1264],[116.46325,40.12948]]]}},{"type":"Feature","properties":{"r":"bj","col":"#9b5a1a","n":"北京地铁12号线"},"geometry":{"type":"MultiLineString","coordinates":[[[116.55194,39.97464],[116.54595,39.97404],[116.54504,39.97388],[116.54436,39.97367],[116.54207,39.97249],[116.54071,39.9719],[116.53869,39.97144],[116.53718,39.97125],[116.53565,39.97124],[116.53385,39.97152],[116.53236,39.97194],[116.52742,39.97371],[116.52475,39.97478],[116.51752,39.97682],[116.51514,39.97784],[116.51298,39.97897],[116.50977,39.98048],[116.50819,39.98102],[116.50696,39.98102],[116.50628,39.98088],[116.50422,39.97987],[116.50272,39.97939],[116.48404,39.97918],[116.48267,39.97906],[116.48213,39.97882],[116.48151,39.9783],[116.47184,39.96952],[116.47132,39.96917],[116.46994,39.96853],[116.46902,39.96824],[116.46532,39.96742],[116.46195,39.96685],[116.46048,39.96624],[116.45922,39.96544],[116.45776,39.96431],[116.45141,39.95852],[116.45052,39.95806],[116.45,39.95792],[116.44813,39.95762],[116.44663,39.95768],[116.44603,39.95793],[116.43174,39.96729],[116.43098,39.9677],[116.43009,39.968],[116.42894,39.96818],[116.42231,39.9681],[116.38503,39.96711],[116.35256,39.9664],[116.33887,39.96619],[116.32457,39.96613],[116.3161,39.96583],[116.31398,39.96539],[116.30298,39.96144],[116.29805,39.95921],[116.29633,39.95865],[116.29354,39.95812],[116.28974,39.95782],[116.28759,39.95739],[116.285,39.95661],[116.28369,39.95637],[116.28184,39.95616],[116.27319,39.95574],[116.27123,39.95556],[116.27016,39.95515],[116.26991,39.95479],[116.26979,39.95423],[116.26966,39.95249],[116.26943,39.95146],[116.26872,39.94642],[116.26818,39.94193]],[[116.26835,39.94193],[116.2689,39.94654],[116.26989,39.95301],[116.27,39.9547],[116.27025,39.95507],[116.27055,39.95522],[116.27152,39.95549],[116.28189,39.95606],[116.28366,39.95626],[116.2852,39.95654],[116.28784,39.95732],[116.28902,39.95757],[116.29392,39.95806],[116.29631,39.95855],[116.29811,39.95913],[116.30407,39.96176],[116.31416,39.96522],[116.31565,39.9656],[116.32809,39.9661],[116.33719,39.96601],[116.34649,39.96622],[116.35668,39.96626],[116.36493,39.96665],[116.36725,39.96661],[116.37506,39.96676],[116.41954,39.96794],[116.42885,39.96806],[116.4303,39.96779],[116.43094,39.96756],[116.43228,39.96678],[116.44296,39.95983],[116.44548,39.9581],[116.44655,39.95762],[116.44826,39.95754],[116.44944,39.95768],[116.4506,39.95797],[116.45151,39.95842],[116.45788,39.96423],[116.45934,39.96543],[116.46054,39.96618],[116.46195,39.96679],[116.46533,39.96735],[116.46904,39.96818],[116.47001,39.96848],[116.4714,39.96914],[116.47191,39.96946],[116.48156,39.97821],[116.48232,39.97876],[116.48285,39.97892],[116.48556,39.97909],[116.49107,39.97906],[116.50184,39.9792],[116.50275,39.9793],[116.50356,39.97953],[116.50628,39.98078],[116.50754,39.98097],[116.50824,39.98092],[116.5098,39.98036],[116.51291,39.97891],[116.51521,39.97769],[116.51744,39.97676],[116.52478,39.97469],[116.53243,39.97182],[116.53382,39.97143],[116.53564,39.9712],[116.53719,39.9712],[116.53869,39.97139],[116.54079,39.97183],[116.54219,39.97245],[116.54443,39.97363],[116.54501,39.97381],[116.546,39.97398],[116.55196,39.97452],[116.55411,39.97488]]]}},{"type":"Feature","properties":{"r":"bj","col":"#d90627","n":"北京地铁3号线"},"geometry":{"type":"MultiLineString","coordinates":[[[116.42647,39.93219],[116.43363,39.93232],[116.48636,39.93246],[116.48744,39.93257],[116.48929,39.93294],[116.49577,39.93479],[116.49702,39.93518],[116.49856,39.93589],[116.49898,39.93624],[116.49984,39.93806],[116.49995,39.93869],[116.50002,39.94461],[116.50023,39.9451],[116.50061,39.94563],[116.50409,39.94626],[116.50536,39.94638],[116.50821,39.94619],[116.51378,39.94601],[116.5196,39.94632],[116.52294,39.94675],[116.52516,39.94672],[116.52747,39.94631],[116.52843,39.946],[116.53306,39.94388],[116.53484,39.9436],[116.53677,39.94368],[116.53812,39.94405],[116.53939,39.94481],[116.54013,39.94567],[116.54071,39.94675],[116.54101,39.94796],[116.54117,39.94967],[116.54155,39.97075],[116.54178,39.97133],[116.54225,39.97203],[116.54366,39.97315],[116.54501,39.97374],[116.54616,39.97393],[116.55198,39.97444],[116.55414,39.97476]],[[116.42648,39.93227],[116.432,39.93239],[116.48487,39.93248],[116.4874,39.93263],[116.48927,39.93303],[116.49694,39.93523],[116.49857,39.936],[116.49887,39.93628],[116.49975,39.9381],[116.49984,39.9387],[116.49983,39.9434],[116.49993,39.94464],[116.50033,39.94552],[116.50062,39.94575],[116.50428,39.9464],[116.50544,39.94647],[116.51383,39.9461],[116.51955,39.94644],[116.5229,39.94687],[116.52515,39.94685],[116.5268,39.94657],[116.52864,39.94601],[116.53308,39.94396],[116.5349,39.94368],[116.53676,39.94377],[116.53806,39.94414],[116.53931,39.94487],[116.54001,39.9457],[116.54058,39.94678],[116.54087,39.94798],[116.54104,39.94969],[116.54141,39.97075],[116.54167,39.97143],[116.54206,39.97214],[116.54344,39.97328],[116.54432,39.97373],[116.54527,39.97401],[116.55359,39.97492]]]}},{"type":"Feature","properties":{"r":"gba","col":"#00b5e2","n":"广州地铁APM线"},"geometry":{"type":"MultiLineString","coordinates":[[[113.31748,23.14303],[113.3176,23.14139],[113.31853,23.13818],[113.31856,23.13571],[113.31908,23.13232],[113.31894,23.11659],[113.31868,23.11547],[113.31862,23.11285],[113.31833,23.11032],[113.31829,23.10918]],[[113.3184,23.10931],[113.31845,23.1105],[113.31875,23.11293],[113.31878,23.11508],[113.31905,23.11659],[113.31917,23.12608],[113.31913,23.12984],[113.31921,23.1323],[113.31867,23.13576],[113.31862,23.1382],[113.3177,23.14151],[113.31758,23.14303]]]}},{"type":"Feature","properties":{"r":"xa","col":"#00c1d5","n":"西安地铁14号线"},"geometry":{"type":"MultiLineString","coordinates":[[[109.0738,34.36762],[109.06209,34.36908],[109.0455,34.3715],[109.02099,34.37416],[109.01431,34.37508],[109.01292,34.37501],[109.01206,34.37472],[109.00701,34.37117],[109.00665,34.371],[109.00566,34.37086],[109.00289,34.37121],[108.97556,34.37544],[108.97215,34.37609],[108.96742,34.37726],[108.96515,34.37839],[108.96314,34.38031],[108.96183,34.38285],[108.96102,34.38399],[108.96037,34.38472],[108.95971,34.38511],[108.95906,34.38526],[108.95775,34.38524],[108.95033,34.38347],[108.94214,34.38173],[108.94031,34.38154],[108.9376,34.38164],[108.93626,34.38158],[108.93515,34.38141],[108.92743,34.37959],[108.9267,34.37953],[108.92573,34.37971],[108.92399,34.38045],[108.92365,34.38071],[108.92011,34.38953],[108.91802,34.39541],[108.91441,34.40939],[108.91397,34.4105],[108.91336,34.41146],[108.91206,34.41281],[108.91087,34.41363],[108.90969,34.41418],[108.9089,34.41446],[108.9022,34.41616],[108.90037,34.41644],[108.89931,34.41646],[108.89823,34.41635],[108.89676,34.41602],[108.89238,34.41451],[108.86817,34.40758],[108.84052,34.39868],[108.83704,34.39747],[108.83297,34.39581],[108.82783,34.39299],[108.81725,34.388],[108.80628,34.38378],[108.80506,34.38342],[108.80314,34.38312],[108.80204,34.38308],[108.80001,34.38329],[108.7979,34.38392],[108.796,34.38497],[108.79437,34.3864],[108.79377,34.38719],[108.79306,34.38845],[108.79277,34.38923],[108.78745,34.40547],[108.78737,34.40668],[108.78745,34.40732],[108.78765,34.40805],[108.78843,34.40952],[108.78895,34.41014],[108.78969,34.41074],[108.79237,34.41213],[108.7933,34.41274],[108.79411,34.41343],[108.79469,34.41414],[108.79518,34.41499],[108.79548,34.41599],[108.79555,34.41675],[108.7931,34.43712],[108.79252,34.44049],[108.79174,34.44221],[108.7907,34.44381],[108.78811,34.44712],[108.78137,34.45441],[108.77811,34.45748],[108.77733,34.45805],[108.77634,34.45855],[108.77427,34.45902],[108.77303,34.45909],[108.77181,34.45892],[108.77061,34.45851],[108.76969,34.45792],[108.76093,34.45156],[108.76023,34.45084],[108.75982,34.4498],[108.75971,34.44879],[108.75974,34.44829],[108.76028,34.44603],[108.76061,34.44418],[108.76057,34.44359],[108.76034,34.44303],[108.75974,34.44218],[108.75926,34.44179],[108.75357,34.43768]],[[108.7536,34.43764],[108.75932,34.44177],[108.75978,34.44214],[108.76041,34.44303],[108.76063,34.4436],[108.76067,34.44417],[108.76037,34.44604],[108.75981,34.44828],[108.75978,34.44878],[108.75989,34.4498],[108.76029,34.4508],[108.76098,34.45149],[108.76975,34.45787],[108.77063,34.45844],[108.77181,34.45884],[108.77303,34.459],[108.77424,34.45894],[108.77541,34.45875],[108.77628,34.45849],[108.77726,34.45799],[108.77801,34.45741],[108.78134,34.45433],[108.788,34.44703],[108.79063,34.44373],[108.79167,34.44217],[108.7924,34.44049],[108.79294,34.43782],[108.7955,34.41661],[108.79518,34.41516],[108.79465,34.41416],[108.79404,34.41343],[108.79341,34.41286],[108.79229,34.41215],[108.78964,34.41078],[108.78919,34.41043],[108.78838,34.40953],[108.78792,34.40879],[108.78747,34.40758],[108.78731,34.40627],[108.78741,34.40545],[108.79269,34.38927],[108.79331,34.38786],[108.79442,34.38626],[108.79587,34.38499],[108.79787,34.38389],[108.80005,34.38324],[108.80206,34.38303],[108.80392,34.38314],[108.80536,34.38345],[108.80788,34.38435],[108.81745,34.38805],[108.82782,34.39294],[108.83311,34.39583],[108.83867,34.39802],[108.86819,34.40755],[108.89226,34.41445],[108.89677,34.41598],[108.89762,34.4162],[108.89898,34.41639],[108.90043,34.4164],[108.90194,34.41618],[108.90886,34.41443],[108.90968,34.41415],[108.9109,34.41355],[108.91199,34.41281],[108.91299,34.41187],[108.91335,34.4114],[108.914,34.41032],[108.91443,34.40917],[108.91798,34.39536],[108.92022,34.38909],[108.92359,34.38068],[108.92394,34.38039],[108.9257,34.37962],[108.92665,34.37946],[108.92743,34.37952],[108.93515,34.38136],[108.9363,34.38156],[108.93764,34.38161],[108.94031,34.38149],[108.9424,34.3817],[108.95045,34.38336],[108.95785,34.38512],[108.95908,34.38515],[108.95964,34.38501],[108.96027,34.38464],[108.96093,34.38392],[108.96172,34.3828],[108.96305,34.38025],[108.96506,34.37833],[108.96732,34.37718],[108.97212,34.37595],[108.97553,34.37533],[108.99093,34.37294],[109.00442,34.3709],[109.00626,34.3708],[109.00712,34.37112],[109.01217,34.37467],[109.01298,34.37495],[109.01427,34.37495],[109.02097,34.37412],[109.04548,34.37143],[109.06205,34.3689],[109.07031,34.36797],[109.07378,34.3675]]]}},{"type":"Feature","properties":{"r":"gba","col":"#8966c3","n":"澳門輕軌石排灣線"},"geometry":{"type":"MultiLineString","coordinates":[[[113.56336,22.13799],[113.56294,22.13189],[113.56271,22.13158],[113.56237,22.13139],[113.56046,22.13143]],[[113.56047,22.13151],[113.56236,22.13147],[113.56268,22.13162],[113.5629,22.13194],[113.56322,22.13793]]]}},{"type":"Feature","properties":{"r":"xa","col":"#39b09e","n":"西安地铁4号线"},"geometry":{"type":"MultiLineString","coordinates":[[[108.93603,34.38137],[108.92718,34.37934],[108.92671,34.37902],[108.92605,34.37819],[108.92564,34.37748],[108.92509,34.37617],[108.92499,34.37538],[108.92495,34.3721],[108.92508,34.36677],[108.92505,34.34852],[108.9252,34.34759],[108.92537,34.34718],[108.92712,34.34446],[108.92924,34.34291],[108.9308,34.34251],[108.96071,34.34255],[108.96385,34.34199],[108.96565,34.34152],[108.96624,34.34112],[108.96663,34.34052],[108.96685,34.33954],[108.96679,34.30957],[108.96662,34.28428],[108.96633,34.28341],[108.96587,34.28292],[108.96542,34.28265],[108.96285,34.28161],[108.96228,34.28119],[108.9584,34.27763],[108.95812,34.27695],[108.95811,34.27493],[108.95856,34.25457],[108.95863,34.24765],[108.95885,34.24276],[108.95919,34.22472],[108.95933,34.22389],[108.95937,34.22244],[108.95965,34.2217],[108.96022,34.22113],[108.96084,34.2208],[108.96422,34.21946],[108.96493,34.21894],[108.9654,34.21839],[108.96581,34.21749],[108.96587,34.21664],[108.96562,34.21576],[108.96482,34.21412],[108.96474,34.21364],[108.96484,34.21321],[108.96519,34.21266],[108.96683,34.21068],[108.96958,34.20801],[108.9701,34.20709],[108.97025,34.20661],[108.97015,34.19978],[108.97056,34.1967],[108.97054,34.17878],[108.96979,34.17503],[108.96976,34.17436],[108.96975,34.14927],[108.9699,34.14852],[108.97037,34.1477],[108.97157,34.14619],[108.97296,34.14492],[108.974,34.14441],[108.97497,34.1442],[108.97682,34.14405],[109.00983,34.14397]],[[109.00983,34.14401],[108.97744,34.14412],[108.97514,34.14427],[108.97387,34.14451],[108.97287,34.14504],[108.97156,34.14628],[108.97038,34.14777],[108.9699,34.14869],[108.9698,34.14938],[108.96988,34.15098],[108.96981,34.17446],[108.96985,34.17507],[108.97063,34.17882],[108.97065,34.19475],[108.97056,34.19702],[108.97023,34.19978],[108.97027,34.20661],[108.97012,34.2071],[108.9696,34.20802],[108.96699,34.21077],[108.96537,34.21271],[108.965,34.2133],[108.96493,34.21368],[108.965,34.2141],[108.96579,34.21568],[108.96606,34.21665],[108.96596,34.21764],[108.96555,34.21849],[108.96496,34.21914],[108.96427,34.21961],[108.96094,34.22093],[108.96035,34.22124],[108.95984,34.22174],[108.95958,34.22235],[108.95951,34.22393],[108.95938,34.22471],[108.95904,34.235],[108.95816,34.27549],[108.95818,34.27695],[108.95842,34.27755],[108.9586,34.27774],[108.96292,34.28155],[108.96546,34.28262],[108.96598,34.28293],[108.9664,34.28339],[108.9667,34.28427],[108.96683,34.29822],[108.96697,34.33954],[108.96666,34.34065],[108.96628,34.34116],[108.96571,34.34157],[108.96522,34.34179],[108.961,34.34261],[108.93113,34.34258],[108.93043,34.34266],[108.92904,34.3431],[108.92717,34.34448],[108.92542,34.3472],[108.92522,34.34806],[108.92509,34.35894],[108.92511,34.37607],[108.92565,34.3774],[108.92621,34.37832],[108.92677,34.37901],[108.92719,34.37929],[108.93605,34.38132]]]}},{"type":"Feature","properties":{"r":"bj","col":"#3f48cc","n":"北京地铁大兴机场线"},"geometry":{"type":"MultiLineString","coordinates":[[[116.34287,39.84808],[116.34143,39.84215],[116.34083,39.83916],[116.34032,39.83413],[116.34019,39.8277],[116.33916,39.81692],[116.33945,39.81526],[116.33988,39.81381],[116.34051,39.81252],[116.34132,39.81127],[116.34242,39.80996],[116.3442,39.80835],[116.34826,39.80566],[116.35077,39.80374],[116.35249,39.8019],[116.35414,39.79944],[116.35664,39.79433],[116.35739,39.79232],[116.35795,39.79025],[116.3584,39.7876],[116.35834,39.78668],[116.3581,39.78599],[116.35745,39.78476],[116.35605,39.78157],[116.35449,39.77765],[116.35424,39.77391],[116.35412,39.76801],[116.35418,39.76165],[116.35434,39.76053],[116.35735,39.74843],[116.35804,39.74477],[116.35928,39.73712],[116.3598,39.72187],[116.36042,39.70913],[116.36058,39.70335],[116.36042,39.69932],[116.36084,39.6972],[116.36235,39.69354],[116.36303,39.69159],[116.36337,39.69028],[116.36344,39.68955],[116.36338,39.68816],[116.36233,39.68497],[116.3622,39.68395],[116.36227,39.68238],[116.36256,39.68115],[116.37664,39.63875],[116.37739,39.63575],[116.3782,39.63144],[116.37844,39.62852],[116.37856,39.61989],[116.37852,39.61369],[116.37869,39.60866],[116.37904,39.60591],[116.37952,39.60358],[116.38041,39.60034],[116.38168,39.59693],[116.38235,39.59545],[116.38416,39.592],[116.38522,39.59029],[116.38811,39.58635],[116.3948,39.57784],[116.39593,39.57625],[116.39821,39.57241],[116.39933,39.57022],[116.40033,39.56788],[116.40118,39.56565],[116.40186,39.56337],[116.40267,39.55956],[116.40366,39.55343],[116.40563,39.54099],[116.40599,39.53737],[116.40821,39.52341],[116.40874,39.52117],[116.40989,39.51766],[116.41063,39.51249]],[[116.41072,39.5125],[116.40995,39.51766],[116.40859,39.52191],[116.40827,39.52341],[116.40608,39.53738],[116.40571,39.541],[116.40275,39.55956],[116.40194,39.56338],[116.40126,39.56567],[116.40042,39.5679],[116.39941,39.57024],[116.3983,39.57244],[116.39601,39.57628],[116.39488,39.57787],[116.38819,39.58638],[116.3853,39.59032],[116.38424,39.59203],[116.38243,39.59547],[116.38176,39.59695],[116.38049,39.60036],[116.37961,39.60359],[116.37913,39.60592],[116.37878,39.60866],[116.3786,39.61369],[116.37865,39.61989],[116.37853,39.62852],[116.37828,39.63145],[116.37748,39.63576],[116.37672,39.63877],[116.36364,39.67812],[116.36264,39.68116],[116.36235,39.68239],[116.36229,39.68395],[116.36242,39.68496],[116.36347,39.68815],[116.36353,39.68956],[116.36346,39.69029],[116.36312,39.69161],[116.36243,39.69356],[116.36159,39.69542],[116.36093,39.69719],[116.36061,39.69859],[116.36053,39.69932],[116.36067,39.70335],[116.36051,39.70913],[116.35989,39.72187],[116.35986,39.7272],[116.35965,39.73335],[116.35941,39.73712],[116.35813,39.74478],[116.3574,39.74849],[116.35442,39.76054],[116.35427,39.76165],[116.3542,39.76801],[116.35433,39.77391],[116.35458,39.77764],[116.35613,39.78155],[116.35752,39.78474],[116.35819,39.78597],[116.35843,39.78667],[116.35848,39.7876],[116.35803,39.79026],[116.35748,39.79234],[116.35672,39.79435],[116.35422,39.79947],[116.35256,39.80194],[116.35083,39.80378],[116.34832,39.80571],[116.34426,39.8084],[116.34249,39.81],[116.34139,39.8113],[116.34059,39.81254],[116.33996,39.81383],[116.33953,39.81527],[116.33924,39.81692],[116.34028,39.8277],[116.3404,39.83412],[116.34091,39.83916],[116.34151,39.84213],[116.34295,39.84807]]]}},{"type":"Feature","properties":{"r":"gba","col":"#de7c00","n":"深圳地铁13号线"},"geometry":{"type":"MultiLineString","coordinates":[[[113.88926,22.81231],[113.88933,22.80527],[113.88837,22.80188],[113.88825,22.80104],[113.88825,22.80024],[113.8884,22.79936],[113.88867,22.79851],[113.89042,22.79438],[113.89059,22.79337],[113.89063,22.79204],[113.89044,22.79101],[113.88972,22.78928],[113.88955,22.78861],[113.88909,22.78614],[113.88881,22.78214],[113.88856,22.78105],[113.88713,22.77648],[113.88703,22.77581],[113.8871,22.77491],[113.8874,22.77407],[113.88802,22.77319],[113.88891,22.77247],[113.88952,22.77219],[113.89049,22.77194],[113.89127,22.7719],[113.89361,22.77227],[113.89464,22.77222],[113.89536,22.77202],[113.89602,22.7717],[113.8966,22.77128],[113.89711,22.77073],[113.8975,22.77003],[113.90102,22.75976],[113.90265,22.75472],[113.90306,22.75216],[113.90359,22.75107],[113.90403,22.75057],[113.90476,22.75003],[113.90757,22.74871],[113.90893,22.74832],[113.91046,22.74827],[113.91238,22.74866],[113.91354,22.7491],[113.92014,22.75314],[113.92099,22.75356],[113.92311,22.75423],[113.92414,22.75429],[113.9253,22.75411],[113.92633,22.75372],[113.92741,22.75295],[113.92979,22.75033],[113.93236,22.74725],[113.93467,22.74504],[113.93564,22.74428],[113.93833,22.74278],[113.93951,22.7423],[113.94352,22.7413],[113.94547,22.74103],[113.94645,22.74073],[113.94705,22.74038],[113.94778,22.73972],[113.94825,22.73897],[113.94851,22.73819],[113.94856,22.73751],[113.94829,22.73175],[113.94789,22.7305],[113.94752,22.72983],[113.94658,22.72896],[113.9433,22.72723],[113.93972,22.72592],[113.93915,22.72563],[113.93856,22.72518],[113.93822,22.72477],[113.93773,22.72377],[113.93761,22.72289],[113.93776,22.72201],[113.93981,22.7182],[113.9402,22.71684],[113.94025,22.71559],[113.94012,22.71476],[113.93985,22.71389],[113.93556,22.70306],[113.93532,22.70214],[113.9352,22.70021],[113.93542,22.69433],[113.93417,22.68914],[113.93403,22.6876],[113.93352,22.68455],[113.93279,22.67826],[113.93255,22.67743],[113.93208,22.67648],[113.92569,22.66591],[113.92427,22.66219],[113.92265,22.65608],[113.92157,22.65094],[113.92148,22.64975],[113.92153,22.64553],[113.92142,22.64364],[113.92149,22.64268],[113.92173,22.64179],[113.92213,22.64092],[113.9227,22.64013],[113.9236,22.63929],[113.92628,22.63776],[113.92715,22.63705],[113.9319,22.63216],[113.93252,22.6313],[113.93305,22.63014],[113.93371,22.62818],[113.93467,22.62053],[113.93424,22.61319],[113.93386,22.61158],[113.93283,22.60904],[113.93256,22.60767],[113.9326,22.60643],[113.93298,22.6044],[113.9334,22.60313],[113.93377,22.60246],[113.93448,22.60157],[113.93555,22.60067],[113.938,22.5993],[113.93918,22.59822],[113.93997,22.59701],[113.94043,22.59565],[113.94053,22.59468],[113.94045,22.59367],[113.93915,22.58908],[113.93894,22.58785],[113.9389,22.58688],[113.93913,22.57607],[113.93935,22.5751],[113.94,22.57372],[113.94013,22.57305],[113.94025,22.56532],[113.94049,22.56289],[113.94048,22.55734],[113.94026,22.55438],[113.94069,22.53372],[113.94091,22.53077],[113.94094,22.52741],[113.94084,22.52659],[113.94052,22.52561],[113.93907,22.5229],[113.93763,22.51796],[113.93751,22.517],[113.93775,22.51586],[113.93903,22.51296],[113.93919,22.51203],[113.93932,22.51023],[113.93955,22.50958],[113.93989,22.50899],[113.94082,22.50802],[113.94183,22.50738],[113.94658,22.50548]],[[113.94663,22.50561],[113.9419,22.50746],[113.9409,22.5081],[113.94033,22.50868],[113.93987,22.50934],[113.93946,22.51026],[113.9393,22.51206],[113.93907,22.51325],[113.93884,22.51396],[113.93783,22.51617],[113.93769,22.51701],[113.93771,22.51757],[113.93788,22.51829],[113.93924,22.52287],[113.93957,22.5237],[113.94077,22.52589],[113.9411,22.52741],[113.94085,22.53373],[113.94041,22.55456],[113.94072,22.55841],[113.94068,22.56246],[113.94036,22.56532],[113.94033,22.573],[113.94015,22.57377],[113.93949,22.57516],[113.93928,22.57607],[113.93907,22.58706],[113.93913,22.5881],[113.93931,22.58913],[113.94057,22.59348],[113.94069,22.59466],[113.9406,22.59568],[113.94021,22.5969],[113.93936,22.59825],[113.93819,22.59932],[113.93584,22.60063],[113.93463,22.6016],[113.9341,22.60222],[113.93358,22.60304],[113.9331,22.6044],[113.93269,22.60669],[113.93271,22.60795],[113.93298,22.60911],[113.93389,22.6113],[113.93431,22.61286],[113.9348,22.62043],[113.93474,22.62156],[113.93385,22.62819],[113.93362,22.62903],[113.9327,22.6313],[113.93165,22.63268],[113.9272,22.63721],[113.92622,22.63794],[113.92433,22.63899],[113.92361,22.63949],[113.92284,22.64027],[113.92231,22.64104],[113.92181,22.64229],[113.92167,22.64325],[113.92163,22.65014],[113.92179,22.65145],[113.92276,22.65606],[113.92426,22.66175],[113.92547,22.6651],[113.92618,22.66651],[113.93223,22.67643],[113.93272,22.67745],[113.93292,22.67809],[113.9343,22.68908],[113.93556,22.69426],[113.93541,22.69655],[113.93533,22.70022],[113.93544,22.70213],[113.93569,22.70302],[113.93997,22.71386],[113.94025,22.71474],[113.94039,22.71557],[113.94034,22.71685],[113.94015,22.71763],[113.93966,22.71875],[113.93788,22.72202],[113.93774,22.72287],[113.93785,22.72372],[113.93804,22.72421],[113.93842,22.72479],[113.93892,22.7253],[113.93942,22.72563],[113.94392,22.72731],[113.94678,22.72884],[113.9473,22.72921],[113.94792,22.72984],[113.94829,22.73043],[113.94852,22.73106],[113.94873,22.73217],[113.94895,22.7375],[113.9489,22.73855],[113.94872,22.73911],[113.94818,22.73997],[113.94768,22.74044],[113.94692,22.74087],[113.94623,22.74108],[113.94374,22.74139],[113.9393,22.7425],[113.93852,22.74282],[113.9358,22.74433],[113.93477,22.74512],[113.93251,22.74727],[113.9299,22.75042],[113.92732,22.7533],[113.92641,22.75395],[113.92532,22.75437],[113.92417,22.75452],[113.9233,22.75444],[113.92094,22.75367],[113.92007,22.75325],[113.9147,22.75],[113.91206,22.74879],[113.91089,22.74845],[113.90926,22.74841],[113.90794,22.74871],[113.90484,22.75015],[113.9043,22.75053],[113.90378,22.75108],[113.90338,22.75172],[113.9031,22.75254],[113.90272,22.7552],[113.89765,22.76991],[113.89724,22.77078],[113.8963,22.77168],[113.89572,22.77201],[113.89491,22.77229],[113.89357,22.77238],[113.89128,22.77201],[113.8905,22.77205],[113.88956,22.77229],[113.88862,22.7728],[113.88811,22.77327],[113.88752,22.77412],[113.88724,22.77491],[113.88717,22.77565],[113.88725,22.77632],[113.88884,22.7816],[113.88902,22.78291],[113.88917,22.7857],[113.8897,22.78859],[113.88997,22.78958],[113.89054,22.79094],[113.89075,22.79202],[113.8907,22.79354],[113.89056,22.79441],[113.88881,22.79855],[113.88846,22.79975],[113.88838,22.80052],[113.88851,22.80192],[113.8893,22.80453],[113.88951,22.80564],[113.88942,22.81231]],[[113.9035,22.7507],[113.90341,22.75266],[113.90139,22.75885]],[[113.91517,22.75024],[113.91416,22.74958],[113.91346,22.74929],[113.91268,22.74917],[113.91161,22.74931],[113.91078,22.74971],[113.90801,22.75204],[113.9075,22.75228],[113.90673,22.75243],[113.9058,22.75242],[113.90488,22.7522],[113.90413,22.75165],[113.9037,22.751]],[[113.91416,22.74944],[113.9135,22.74919],[113.91271,22.74904],[113.91199,22.74908],[113.91143,22.74923],[113.91054,22.74974],[113.9081,22.75184],[113.90753,22.75215],[113.90705,22.75228],[113.90575,22.75231],[113.90514,22.75217],[113.90423,22.7516],[113.90379,22.75098]]]}},{"type":"Feature","properties":{"r":"gba","col":"#1e22aa","n":"深圳地铁16号线"},"geometry":{"type":"MultiLineString","coordinates":[[[114.42806,22.69733],[114.4206,22.69672],[114.41592,22.69611],[114.41389,22.69622],[114.41149,22.69655],[114.40613,22.69634],[114.40553,22.69658],[114.40523,22.69692],[114.40388,22.69997],[114.40343,22.70042],[114.40273,22.70073],[114.40192,22.7009],[114.39979,22.7011],[114.39068,22.70099],[114.38907,22.70063],[114.38722,22.69992],[114.38613,22.69932],[114.38144,22.69606],[114.37284,22.69212],[114.36581,22.68974],[114.3647,22.6895],[114.36138,22.68925],[114.35269,22.6891],[114.34937,22.68864],[114.34517,22.68738],[114.34444,22.68727],[114.3436,22.68732],[114.34271,22.68762],[114.34064,22.68874],[114.33997,22.68921],[114.33958,22.68979],[114.33962,22.69167],[114.33906,22.69267],[114.33401,22.69727],[114.33305,22.69843],[114.3324,22.69948],[114.33194,22.7006],[114.33149,22.70397],[114.33079,22.70606],[114.32975,22.70792],[114.32938,22.70835],[114.32894,22.70868],[114.32752,22.70905],[114.32606,22.70912],[114.32469,22.70895],[114.32019,22.70798],[114.31815,22.70791],[114.31677,22.70809],[114.3153,22.70849],[114.31341,22.70921],[114.30937,22.71127],[114.30666,22.71241],[114.30539,22.71312],[114.30491,22.71355],[114.3045,22.71413],[114.3029,22.717],[114.30165,22.71882],[114.30035,22.72006],[114.29949,22.72068],[114.29736,22.72194],[114.29633,22.72244],[114.28973,22.72532],[114.28679,22.72673],[114.28205,22.7282],[114.28039,22.72879],[114.2798,22.72909],[114.27934,22.7294],[114.27635,22.73261],[114.27582,22.73285],[114.27483,22.73282],[114.27367,22.73265],[114.27044,22.73146],[114.26908,22.73142],[114.26658,22.73212],[114.26262,22.73354],[114.25885,22.73476],[114.2558,22.7362],[114.25489,22.73637],[114.25429,22.73636],[114.25162,22.7357],[114.24278,22.73288],[114.24069,22.7323],[114.22254,22.7318],[114.21698,22.73087],[114.21551,22.73051],[114.21461,22.73017],[114.21363,22.72957],[114.21328,22.729],[114.21321,22.72861],[114.21329,22.71861],[114.21363,22.70158],[114.21372,22.70097],[114.21418,22.69977],[114.21459,22.69922],[114.22111,22.69376],[114.22235,22.6926],[114.22292,22.69173],[114.22308,22.69098],[114.22304,22.69018],[114.22246,22.6861],[114.22227,22.68543],[114.22137,22.68361],[114.22118,22.68295],[114.22121,22.68146],[114.2215,22.68055],[114.22188,22.67976],[114.22262,22.679],[114.22972,22.67358],[114.23025,22.67261],[114.23047,22.67109],[114.23023,22.66988],[114.22964,22.66879],[114.22844,22.6672],[114.22778,22.66612],[114.22759,22.66548],[114.22754,22.66491],[114.22762,22.66388],[114.2279,22.66179],[114.22809,22.66112],[114.22855,22.66043],[114.22993,22.65928],[114.23062,22.6585],[114.23178,22.65584],[114.23191,22.65522],[114.23183,22.65269],[114.23204,22.65182],[114.23285,22.65012],[114.23331,22.64703],[114.23324,22.64601],[114.23296,22.64516],[114.23245,22.64441],[114.23141,22.64363],[114.23027,22.64325],[114.22746,22.64321],[114.22575,22.64265],[114.21495,22.63745],[114.21413,22.63668],[114.21383,22.63619],[114.21355,22.63525],[114.21353,22.63471],[114.21374,22.63352],[114.2155,22.62896],[114.21646,22.62748],[114.21693,22.62653],[114.21706,22.62576],[114.21701,22.62366],[114.21717,22.62283],[114.21763,22.62194],[114.22063,22.61822]],[[114.22072,22.61828],[114.21773,22.62198],[114.21727,22.62286],[114.21711,22.62367],[114.21716,22.62576],[114.21703,22.62657],[114.21655,22.62752],[114.2157,22.62877],[114.21384,22.63354],[114.21365,22.63471],[114.21367,22.63525],[114.21393,22.63615],[114.21456,22.63701],[114.21501,22.63737],[114.2258,22.64257],[114.22742,22.64307],[114.22818,22.64314],[114.23031,22.64304],[114.23151,22.64331],[114.23221,22.64372],[114.233,22.64454],[114.23325,22.64497],[114.23351,22.64604],[114.23295,22.65019],[114.23216,22.65186],[114.23195,22.65272],[114.23201,22.65522],[114.2319,22.65586],[114.23075,22.65856],[114.2304,22.65908],[114.22875,22.66053],[114.22828,22.66118],[114.22804,22.66181],[114.22773,22.66387],[114.22766,22.66491],[114.22795,22.66614],[114.22811,22.66648],[114.23021,22.66938],[114.23044,22.66996],[114.23065,22.67116],[114.23043,22.6727],[114.22989,22.67364],[114.223,22.67885],[114.22246,22.67931],[114.22204,22.67984],[114.22171,22.68063],[114.22139,22.68183],[114.22132,22.68293],[114.22148,22.68358],[114.22221,22.68506],[114.22254,22.68608],[114.22314,22.69016],[114.22316,22.69123],[114.22303,22.69176],[114.22244,22.69267],[114.2212,22.69384],[114.21468,22.69929],[114.21429,22.69983],[114.21383,22.701],[114.21375,22.70159],[114.21341,22.71861],[114.21333,22.7286],[114.2134,22.72897],[114.21372,22.72949],[114.21465,22.73008],[114.21554,22.73041],[114.21701,22.73077],[114.22255,22.73171],[114.2407,22.7322],[114.25165,22.73562],[114.25431,22.73625],[114.25488,22.73626],[114.25575,22.7361],[114.2588,22.73466],[114.26654,22.73203],[114.26906,22.73131],[114.27047,22.73135],[114.27115,22.73154],[114.27343,22.73247],[114.27484,22.73272],[114.2758,22.73274],[114.27627,22.73252],[114.27924,22.72933],[114.28034,22.72865],[114.28674,22.72663],[114.28968,22.72522],[114.29628,22.72234],[114.29729,22.72186],[114.29942,22.72059],[114.30027,22.71998],[114.30156,22.71875],[114.30277,22.71694],[114.30437,22.71408],[114.3053,22.71305],[114.3066,22.71231],[114.30932,22.71117],[114.31336,22.70912],[114.31526,22.70839],[114.31674,22.70798],[114.31814,22.7078],[114.31958,22.7078],[114.32474,22.70882],[114.32616,22.70897],[114.3277,22.70885],[114.32886,22.70853],[114.3293,22.70819],[114.3299,22.70729],[114.33132,22.70403],[114.33156,22.70326],[114.33191,22.70027],[114.33226,22.69942],[114.33338,22.69767],[114.33458,22.69629],[114.33868,22.69277],[114.33916,22.6922],[114.33947,22.69163],[114.33956,22.69125],[114.33947,22.68978],[114.33951,22.68953],[114.33979,22.68914],[114.34161,22.68805],[114.34266,22.68749],[114.34332,22.68725],[114.34408,22.68718],[114.34484,22.68724],[114.34902,22.68844],[114.35233,22.68894],[114.36087,22.68911],[114.36472,22.68944],[114.36583,22.68968],[114.37206,22.69171],[114.37618,22.69361],[114.3804,22.69541],[114.38184,22.69621],[114.38618,22.69926],[114.38727,22.69985],[114.3891,22.70055],[114.3907,22.7009],[114.39976,22.70104],[114.40137,22.7009],[114.40267,22.70064],[114.40336,22.70033],[114.40379,22.69991],[114.40529,22.69666],[114.40564,22.69637],[114.40625,22.69621],[114.41151,22.69643],[114.41442,22.69607],[114.41597,22.696],[114.42129,22.69659],[114.42807,22.69717]]]}},{"type":"Feature","properties":{"r":"gba","col":"#88dbdf","n":"深圳地铁20号线"},"geometry":{"type":"MultiLineString","coordinates":[[[113.79408,22.65335],[113.79158,22.65786],[113.7909,22.65887],[113.78942,22.66004],[113.7861,22.66201],[113.78505,22.66294],[113.78393,22.66422],[113.78006,22.67148],[113.77414,22.67969],[113.77334,22.6812],[113.77299,22.68281],[113.77294,22.68422],[113.77355,22.69099],[113.77372,22.69493],[113.77164,22.70917],[113.77153,22.71205],[113.77131,22.71312],[113.77104,22.71376],[113.77054,22.71441],[113.76998,22.71486],[113.76903,22.71534],[113.76838,22.71548],[113.76748,22.71548],[113.7629,22.71488]],[[113.76292,22.71474],[113.76748,22.71533],[113.76843,22.71532],[113.76913,22.71514],[113.76995,22.71469],[113.77048,22.71423],[113.77093,22.71354],[113.77127,22.71234],[113.77143,22.7092],[113.77353,22.69481],[113.77354,22.69364],[113.77332,22.69033],[113.77271,22.68364],[113.7727,22.68242],[113.77305,22.68093],[113.77364,22.67975],[113.77607,22.67615],[113.77886,22.6728],[113.78006,22.67118],[113.78337,22.66488],[113.78401,22.66387],[113.78538,22.66241],[113.78613,22.66181],[113.78933,22.65992],[113.79065,22.65887],[113.79129,22.65805],[113.79393,22.65328]]]}},{"type":"Feature","properties":{"r":"gba","col":"#cd5228","n":"广州地铁22号线"},"geometry":{"type":"MultiLineString","coordinates":[[[113.23057,23.10324],[113.22833,23.09695],[113.2281,23.0959],[113.2279,23.09379],[113.22851,23.08878],[113.22857,23.08779],[113.2285,23.08642],[113.22822,23.08522],[113.2272,23.08242],[113.2262,23.07711],[113.2253,23.0712],[113.22546,23.06977],[113.22875,23.05986],[113.22948,23.05836],[113.23239,23.05476],[113.23369,23.05379],[113.23448,23.05344],[113.23638,23.0532],[113.24658,23.05327],[113.24761,23.05312],[113.24842,23.05288],[113.2495,23.05231],[113.25058,23.0511],[113.25124,23.04991],[113.25578,23.03952],[113.25753,23.03653],[113.2589,23.03453],[113.2597,23.03354],[113.26298,23.03057],[113.26399,23.02912],[113.26439,23.02794],[113.26443,23.0269],[113.26396,23.02263],[113.26346,23.02049],[113.26265,23.01909],[113.25802,23.01327],[113.257,23.01182],[113.2562,23.01029],[113.2559,23.00943],[113.25567,23.00827],[113.25571,23.00733],[113.25596,23.00645],[113.25646,23.00561],[113.27002,22.98715],[113.27107,22.98607],[113.27259,22.98502],[113.27547,22.98378],[113.27743,22.98325],[113.29441,22.98245],[113.30658,22.98175],[113.30981,22.98143],[113.31243,22.98093],[113.31533,22.98006],[113.32684,22.97583],[113.33484,22.9727],[113.33947,22.97076],[113.34049,22.97013],[113.34131,22.96948],[113.34439,22.96615],[113.34765,22.96346],[113.34928,22.96119],[113.34981,22.96059],[113.35085,22.95982],[113.35269,22.9587],[113.35328,22.95845],[113.35398,22.95828],[113.35721,22.9579],[113.3586,22.95762],[113.36995,22.95463],[113.37126,22.95402],[113.37289,22.95273],[113.37471,22.95037],[113.3757,22.94843],[113.37975,22.93222],[113.38047,22.9304]],[[113.38052,22.93042],[113.38,22.93165],[113.37961,22.933],[113.37575,22.94864],[113.37493,22.9503],[113.37301,22.95282],[113.37158,22.95397],[113.37071,22.95447],[113.36999,22.95473],[113.36327,22.95643],[113.35864,22.95774],[113.35723,22.95802],[113.35376,22.95848],[113.35278,22.95883],[113.35121,22.95978],[113.34992,22.96072],[113.34941,22.96128],[113.34777,22.96356],[113.34473,22.96608],[113.34167,22.96943],[113.3406,22.97028],[113.3395,22.97098],[113.33711,22.97205],[113.32811,22.97562],[113.31539,22.98022],[113.31247,22.9811],[113.30953,22.98165],[113.30604,22.98199],[113.27746,22.98343],[113.27554,22.98395],[113.27294,22.98504],[113.27127,22.98612],[113.27015,22.98725],[113.2565,23.00584],[113.25614,23.0065],[113.25589,23.00738],[113.25585,23.00826],[113.25609,23.00938],[113.25633,23.01003],[113.25704,23.01134],[113.25828,23.0131],[113.26318,23.01927],[113.26365,23.02002],[113.26398,23.02077],[113.26432,23.02258],[113.26473,23.02715],[113.26458,23.02827],[113.26408,23.02955],[113.2633,23.03052],[113.26004,23.03341],[113.2576,23.03657],[113.25613,23.03919],[113.25109,23.05066],[113.25077,23.0512],[113.24988,23.05222],[113.24885,23.05293],[113.24822,23.05316],[113.24676,23.05341],[113.23753,23.05339],[113.23584,23.0535],[113.23435,23.05386],[113.23381,23.0541],[113.23288,23.05473],[113.23037,23.05754],[113.22964,23.05848],[113.22922,23.05927],[113.22862,23.0608],[113.22665,23.06687],[113.22556,23.06982],[113.22545,23.07117],[113.22558,23.0724],[113.22695,23.08054],[113.22734,23.08234],[113.22835,23.08504],[113.22863,23.08625],[113.22872,23.08794],[113.22808,23.09376],[113.22808,23.09461],[113.22826,23.09587],[113.22853,23.09699],[113.2307,23.10302]]]}},{"type":"Feature","properties":{"r":"gba","col":"#f8779e","n":"深圳地铁10号线"},"geometry":{"type":"MultiLineString","coordinates":[[[114.0496,22.51409],[114.05243,22.51465],[114.05308,22.51471],[114.05511,22.51459],[114.05624,22.51467],[114.05917,22.51541],[114.06078,22.51648],[114.06355,22.51872],[114.06416,22.51955],[114.06448,22.52062],[114.0644,22.52172],[114.06405,22.52254],[114.06321,22.52402],[114.063,22.52505],[114.06293,22.53478],[114.06256,22.54827],[114.0626,22.55268],[114.06222,22.56702],[114.06155,22.57091],[114.06115,22.57392],[114.06053,22.57693],[114.05836,22.58954],[114.05741,22.59575],[114.05724,22.59997],[114.05668,22.60178],[114.05562,22.60372],[114.0551,22.60508],[114.05509,22.61232],[114.05571,22.6152],[114.05561,22.62894],[114.05547,22.63467],[114.05555,22.63525],[114.0557,22.63567],[114.05613,22.63615],[114.05842,22.63775],[114.05996,22.63861],[114.06154,22.63895],[114.06178,22.63912],[114.06204,22.63951],[114.06211,22.63984],[114.06206,22.64015],[114.06124,22.64283],[114.0613,22.65043],[114.06151,22.65198],[114.06268,22.65483],[114.06407,22.65684],[114.06713,22.66014],[114.06848,22.66127],[114.06917,22.66148],[114.06977,22.6615],[114.07036,22.66137],[114.07301,22.66014],[114.07699,22.65765],[114.07916,22.65649],[114.08638,22.65483],[114.09792,22.65185],[114.09975,22.65101],[114.10184,22.64988],[114.1035,22.64934],[114.10464,22.6491],[114.10824,22.64876],[114.11547,22.64908],[114.1181,22.64958],[114.11952,22.65028],[114.12115,22.65247],[114.12205,22.65794],[114.12228,22.66024],[114.12229,22.66154],[114.12185,22.6623],[114.11991,22.66368],[114.11885,22.66474],[114.11772,22.66673],[114.11739,22.66828],[114.11722,22.6782],[114.11698,22.68098],[114.11625,22.68601],[114.1157,22.69084],[114.116,22.69191],[114.11661,22.69286],[114.11979,22.69565],[114.12413,22.69892],[114.13053,22.70303]],[[114.04961,22.51403],[114.05308,22.51461],[114.05511,22.51449],[114.05627,22.51459],[114.05919,22.51533],[114.06028,22.51597],[114.06368,22.51861],[114.06436,22.51947],[114.06467,22.52057],[114.06465,22.52131],[114.06452,22.52178],[114.06342,22.52383],[114.06323,22.52444],[114.06316,22.52508],[114.06309,22.53478],[114.06261,22.56188],[114.06254,22.56475],[114.06232,22.56674],[114.06162,22.57092],[114.06122,22.57393],[114.06059,22.57695],[114.05847,22.58957],[114.05757,22.59577],[114.05739,22.59998],[114.05678,22.60179],[114.05571,22.60377],[114.05519,22.60508],[114.05516,22.61231],[114.05578,22.61519],[114.05567,22.63027],[114.05554,22.63466],[114.05562,22.63524],[114.05593,22.63587],[114.05657,22.63644],[114.05846,22.6377],[114.05998,22.63855],[114.06168,22.63896],[114.06194,22.63922],[114.06214,22.63965],[114.06215,22.64005],[114.06131,22.64284],[114.06137,22.65042],[114.06158,22.65197],[114.06274,22.65481],[114.06412,22.6568],[114.06718,22.6601],[114.06839,22.66115],[114.06903,22.66139],[114.06977,22.66144],[114.07035,22.66131],[114.07297,22.66008],[114.07696,22.65759],[114.07914,22.65643],[114.08637,22.65477],[114.09789,22.65179],[114.09972,22.65095],[114.10419,22.64846],[114.10485,22.64817],[114.10586,22.64794],[114.10714,22.64784],[114.10802,22.64788],[114.11144,22.64882],[114.11548,22.64902],[114.11812,22.64952],[114.11957,22.65023],[114.12121,22.65244],[114.12212,22.65793],[114.12235,22.66024],[114.12235,22.66155],[114.1219,22.66234],[114.11996,22.66373],[114.1189,22.66478],[114.11779,22.66675],[114.11746,22.66829],[114.11729,22.6782],[114.11705,22.68098],[114.11632,22.68601],[114.1158,22.6908],[114.11613,22.69192],[114.1168,22.69288],[114.1209,22.69644],[114.12417,22.69887],[114.13057,22.70298]]]}},{"type":"Feature","properties":{"r":"xa","col":"#a6e35f","n":"西安地铁5号线"},"geometry":{"type":"MultiLineString","coordinates":[[[109.05658,34.21228],[109.05635,34.22163],[109.05622,34.2222],[109.05593,34.22282],[109.05542,34.2234],[109.05507,34.22363],[109.05415,34.22401],[109.05209,34.22444],[109.04996,34.22447],[109.04831,34.22439],[109.04507,34.22342],[109.04249,34.22252],[109.04051,34.22208],[109.03292,34.22141],[109.02527,34.22127],[109.02099,34.22059],[109.01756,34.2199],[109.01459,34.21914],[109.00701,34.21556],[109.00585,34.21521],[109.00478,34.21521],[109.00047,34.21632],[108.99942,34.21679],[108.99858,34.21742],[108.99762,34.21914],[108.99638,34.22108],[108.99144,34.22851],[108.98719,34.23519],[108.98438,34.23985],[108.98301,34.24196],[108.98259,34.24242],[108.98219,34.24264],[108.98133,34.24272],[108.96908,34.24277],[108.91884,34.24277],[108.9069,34.24269],[108.90608,34.24264],[108.90324,34.24219],[108.90219,34.24226],[108.90068,34.24273],[108.89655,34.24473],[108.89596,34.24543],[108.89557,34.24636],[108.89505,34.25033],[108.89434,34.25192],[108.89361,34.25261],[108.8928,34.25303],[108.89012,34.25382],[108.88311,34.25372],[108.87107,34.2539],[108.86317,34.25383],[108.83321,34.25386],[108.82156,34.25398],[108.81727,34.25391],[108.80733,34.25327],[108.80679,34.25315],[108.8062,34.25286],[108.80532,34.25193],[108.80505,34.25141],[108.80495,34.25103],[108.80486,34.24784],[108.80459,34.24744],[108.80413,34.24713],[108.80361,34.24688],[108.80291,34.24676],[108.79964,34.24646],[108.73362,34.24635],[108.73235,34.24612],[108.73103,34.24551],[108.73038,34.24501],[108.72843,34.243],[108.72793,34.24261],[108.72671,34.24201],[108.72574,34.24177],[108.72396,34.24177],[108.72105,34.24253],[108.72005,34.24266],[108.71667,34.24243],[108.7113,34.24245],[108.71014,34.24266],[108.70952,34.24288],[108.70905,34.24311],[108.70808,34.24384],[108.70755,34.24442],[108.70724,34.24496],[108.70645,34.2473],[108.70632,34.24812],[108.70632,34.24978],[108.70801,34.25585],[108.7081,34.25711],[108.70786,34.25815],[108.70655,34.26044],[108.70619,34.26131],[108.7061,34.26339],[108.70611,34.26654],[108.70598,34.26751],[108.70582,34.26796],[108.70535,34.26868],[108.70434,34.26954],[108.70305,34.27012],[108.70243,34.27024],[108.66947,34.2702],[108.6678,34.26989],[108.66632,34.26925],[108.66534,34.26855],[108.6642,34.26725],[108.66372,34.26626],[108.66203,34.25905],[108.66102,34.25521],[108.66056,34.2541],[108.66016,34.25353],[108.65962,34.25296],[108.65851,34.25218],[108.65695,34.25161],[108.65391,34.25139],[108.65013,34.25134]],[[109.05666,34.21227],[109.05646,34.22122],[109.05633,34.2222],[109.05602,34.22286],[109.05511,34.2237],[109.05419,34.22408],[109.0521,34.22447],[109.04995,34.22451],[109.04813,34.22439],[109.04505,34.22346],[109.04211,34.22244],[109.04004,34.22207],[109.0329,34.22152],[109.02497,34.2214],[109.02173,34.22085],[109.01648,34.21972],[109.01454,34.21918],[109.00697,34.21562],[109.00581,34.21527],[109.00479,34.21525],[109.00047,34.21636],[108.9994,34.21686],[108.99861,34.21748],[108.99773,34.21916],[108.99148,34.22854],[108.98444,34.23989],[108.98304,34.24203],[108.98266,34.24244],[108.98221,34.2427],[108.98129,34.24278],[108.96907,34.24283],[108.91884,34.24285],[108.90687,34.24276],[108.90321,34.24225],[108.90219,34.24232],[108.90067,34.24282],[108.89655,34.24479],[108.89597,34.2455],[108.89562,34.24639],[108.8951,34.25037],[108.89479,34.25121],[108.89435,34.25195],[108.89362,34.25263],[108.89282,34.25305],[108.89013,34.25385],[108.83325,34.25397],[108.82156,34.25412],[108.81728,34.25405],[108.81269,34.25365],[108.80732,34.25338],[108.80676,34.25323],[108.80617,34.25296],[108.80527,34.25204],[108.80498,34.25149],[108.80487,34.25106],[108.80477,34.24785],[108.80449,34.24744],[108.80403,34.24714],[108.80358,34.24699],[108.80085,34.24661],[108.79963,34.24652],[108.73362,34.24639],[108.73234,34.24615],[108.73099,34.24553],[108.73034,34.24502],[108.7284,34.24301],[108.7279,34.24263],[108.72668,34.24204],[108.72575,34.2418],[108.72396,34.24181],[108.72104,34.24256],[108.72005,34.24269],[108.71666,34.24246],[108.71128,34.24248],[108.71012,34.24271],[108.7095,34.24292],[108.70859,34.24345],[108.7081,34.24387],[108.70758,34.24444],[108.70725,34.24501],[108.70647,34.2474],[108.70635,34.2482],[108.70639,34.24984],[108.70803,34.25571],[108.70816,34.25711],[108.70811,34.25749],[108.70776,34.25852],[108.70659,34.26049],[108.70638,34.26106],[108.70629,34.26159],[108.70623,34.26708],[108.70591,34.268],[108.70565,34.26843],[108.7051,34.26906],[108.70369,34.26991],[108.70248,34.27027],[108.67339,34.27031],[108.66932,34.27022],[108.66767,34.26989],[108.66673,34.26953],[108.66564,34.26888],[108.66474,34.2681],[108.6643,34.26756],[108.66371,34.26658],[108.66096,34.25518],[108.66054,34.25415],[108.66016,34.2536],[108.65906,34.25257],[108.65779,34.25189],[108.65691,34.25164],[108.65612,34.25153],[108.65014,34.25151]]]}},{"type":"Feature","properties":{"r":"bj","col":"#5554a2","n":"北京地铁18号线"},"geometry":{"type":"MultiLineString","coordinates":[[[116.30562,40.07171],[116.3001,40.07163],[116.29888,40.07149],[116.29742,40.07101],[116.29448,40.06974],[116.29376,40.06931],[116.29039,40.06473],[116.29005,40.06376],[116.28997,40.06232],[116.29038,40.06072],[116.29175,40.0581],[116.29328,40.05541],[116.29342,40.05466],[116.29324,40.05384],[116.29281,40.05324],[116.2919,40.05277],[116.29032,40.05224],[116.28157,40.05034],[116.28032,40.04979],[116.27973,40.04932],[116.27948,40.04865],[116.27951,40.04776],[116.28083,40.04218],[116.28101,40.04074],[116.28095,40.03866],[116.28071,40.03732],[116.28069,40.0365],[116.28088,40.03524],[116.28084,40.03458],[116.28058,40.03386],[116.27978,40.03327],[116.27895,40.0329],[116.27776,40.03266],[116.27381,40.03239],[116.26694,40.03121]],[[116.26711,40.03105],[116.27296,40.03216],[116.27786,40.03259],[116.27899,40.03283],[116.27983,40.03321],[116.28067,40.03381],[116.28095,40.03453],[116.281,40.03527],[116.28082,40.03658],[116.28088,40.0376],[116.28109,40.03871],[116.28113,40.04084],[116.28093,40.04242],[116.27963,40.04784],[116.27962,40.04868],[116.2799,40.04926],[116.28052,40.04974],[116.28177,40.05023],[116.29002,40.05202],[116.29196,40.05268],[116.29288,40.05319],[116.29336,40.05386],[116.29355,40.05465],[116.29341,40.05544],[116.29204,40.05772],[116.29049,40.06077],[116.29007,40.06238],[116.29017,40.06373],[116.29047,40.06473],[116.29326,40.06847],[116.29386,40.06905],[116.2948,40.06964],[116.29827,40.07072],[116.30004,40.07117],[116.30126,40.07128],[116.30759,40.0714]],[[116.43943,40.06712],[116.43103,40.06715],[116.43029,40.06723],[116.42966,40.06759],[116.429,40.06857],[116.42919,40.07008],[116.42908,40.07087],[116.42846,40.07153],[116.42777,40.072],[116.42662,40.07252],[116.42566,40.07268],[116.42028,40.07279],[116.39673,40.07272],[116.39316,40.07261],[116.38591,40.07122],[116.38423,40.07102],[116.38306,40.07119],[116.38206,40.07169],[116.3813,40.07292],[116.38012,40.0776],[116.37976,40.07859],[116.37944,40.07908],[116.3788,40.07976],[116.37793,40.08039],[116.37656,40.08084],[116.37526,40.081],[116.36071,40.07996],[116.34532,40.07937],[116.33435,40.07882],[116.33033,40.07852],[116.32704,40.07802],[116.3254,40.07765],[116.31739,40.07485],[116.31464,40.07452],[116.31342,40.07423],[116.31243,40.07382],[116.31048,40.0724],[116.30912,40.07184],[116.30742,40.07159],[116.30015,40.07146],[116.29841,40.07116],[116.2973,40.07068],[116.29624,40.06984],[116.29328,40.06566],[116.29292,40.06486],[116.29292,40.06394],[116.29333,40.06305],[116.29404,40.06195],[116.29584,40.05971]],[[116.29591,40.05974],[116.29514,40.06117],[116.29339,40.06312],[116.2931,40.06385],[116.29317,40.06479],[116.29526,40.06821],[116.2964,40.06976],[116.29763,40.07071],[116.299,40.07121],[116.30057,40.07142],[116.308,40.07152],[116.3092,40.0717],[116.31056,40.07226],[116.3124,40.07353],[116.31347,40.07402],[116.31457,40.0743],[116.31805,40.0749],[116.3258,40.07761],[116.33004,40.07836],[116.33775,40.07888],[116.36081,40.07985],[116.37522,40.08089],[116.3764,40.08075],[116.37777,40.0803],[116.37861,40.0797],[116.37928,40.07899],[116.37957,40.07852],[116.3799,40.07757],[116.38107,40.07289],[116.38195,40.07159],[116.38289,40.07104],[116.38431,40.07083],[116.38728,40.0713],[116.39282,40.07238],[116.39583,40.07252],[116.42517,40.07258],[116.42628,40.07246],[116.4274,40.07202],[116.42846,40.07129],[116.42894,40.07067],[116.42899,40.06995],[116.42882,40.06921],[116.4288,40.06858],[116.42895,40.06811],[116.42935,40.06752],[116.42998,40.06715],[116.43092,40.06697],[116.43193,40.06693],[116.43944,40.06699]]]}},{"type":"Feature","properties":{"r":"xa","col":"#ff9e1b","n":"西安地铁9号线"},"geometry":{"type":"MultiLineString","coordinates":[[[109.2324,34.39893],[109.22881,34.39435],[109.2232,34.38844],[109.22099,34.38599],[109.22012,34.38487],[109.21853,34.38226],[109.21584,34.37725],[109.21415,34.37528],[109.21358,34.37447],[109.21316,34.37244],[109.21208,34.3685],[109.21165,34.36794],[109.21104,34.36774],[109.21028,34.36767],[109.20238,34.36814],[109.20182,34.36829],[109.19482,34.37239],[109.19325,34.37304],[109.19236,34.37318],[109.19116,34.37314],[109.17907,34.37075],[109.17796,34.37044],[109.17728,34.36996],[109.17616,34.36877],[109.17262,34.36621],[109.17022,34.36423],[109.16003,34.35471],[109.15554,34.35201],[109.15078,34.3494],[109.14662,34.34676],[109.13954,34.34291],[109.1302,34.33757],[109.12681,34.33526],[109.11549,34.32634],[109.11433,34.3251],[109.11332,34.32351],[109.11271,34.32213],[109.11249,34.3206],[109.11254,34.29242],[109.11248,34.28998],[109.11204,34.28529],[109.11177,34.28408],[109.11115,34.28316],[109.10758,34.28],[109.10157,34.27491],[109.10061,34.27451],[109.09949,34.27436],[109.09866,34.27445],[109.09786,34.27462],[109.09525,34.27543],[109.09085,34.27696],[109.0887,34.27738],[109.08531,34.2777],[109.07963,34.27851],[109.07675,34.2788],[109.06749,34.28037],[109.06167,34.28046]],[[109.2325,34.39889],[109.23077,34.39653],[109.22887,34.3943],[109.22107,34.38594],[109.22023,34.38484],[109.21865,34.38224],[109.21601,34.37727],[109.21553,34.37663],[109.21421,34.37523],[109.21366,34.37443],[109.21327,34.3724],[109.21219,34.36847],[109.21168,34.36787],[109.21096,34.36765],[109.21026,34.36757],[109.20339,34.36799],[109.20229,34.36807],[109.20175,34.36821],[109.19473,34.37232],[109.19323,34.37296],[109.19235,34.37308],[109.1912,34.37306],[109.1841,34.37156],[109.17864,34.37055],[109.17801,34.37035],[109.17738,34.36991],[109.17624,34.36871],[109.1721,34.36567],[109.17031,34.36416],[109.16014,34.35465],[109.1556,34.35191],[109.15084,34.34929],[109.14815,34.34747],[109.14667,34.34663],[109.1433,34.34474],[109.13966,34.34288],[109.1303,34.33753],[109.12782,34.33584],[109.12494,34.33368],[109.12274,34.33185],[109.11561,34.32629],[109.1145,34.32509],[109.11373,34.32393],[109.113,34.32253],[109.11273,34.32144],[109.11262,34.29242],[109.11251,34.28998],[109.11209,34.28529],[109.11181,34.28407],[109.11117,34.28315],[109.10468,34.27744],[109.10159,34.27489],[109.10063,34.27448],[109.09949,34.27433],[109.09867,34.27442],[109.09784,34.27459],[109.09522,34.27537],[109.09083,34.27692],[109.08869,34.27734],[109.0853,34.27766],[109.07962,34.27845],[109.07674,34.27873],[109.0675,34.28041],[109.06167,34.28052]]]}},{"type":"Feature","properties":{"r":"xa","col":"#e6b10b","n":"西安地铁8号线"},"geometry":{"type":"MultiLineString","coordinates":[[[108.93132,34.19996],[108.92646,34.20018],[108.90641,34.20005],[108.89898,34.19987],[108.88808,34.20007],[108.88724,34.20015],[108.88647,34.20037],[108.8862,34.20055],[108.88589,34.20094],[108.88577,34.20153],[108.88574,34.20346],[108.88513,34.20569],[108.88508,34.20669],[108.88514,34.20892],[108.88506,34.232],[108.88494,34.23307],[108.88477,34.23354],[108.88398,34.2348],[108.88356,34.23622],[108.88353,34.24122],[108.88488,34.24792],[108.88486,34.26221],[108.8851,34.26615],[108.88535,34.26701],[108.88632,34.2686],[108.88693,34.27147],[108.88693,34.27415],[108.8867,34.27734],[108.88659,34.27829],[108.88634,34.27933],[108.88629,34.28011],[108.88684,34.28231],[108.88677,34.28573],[108.88693,34.28631],[108.88726,34.28682],[108.88841,34.28769],[108.88939,34.28797],[108.89938,34.28799],[108.9,34.28797],[108.90068,34.2878],[108.90295,34.28687],[108.9046,34.28649],[108.90995,34.28637],[108.91576,34.2865],[108.9166,34.28662],[108.91703,34.28687],[108.91749,34.28763],[108.9177,34.28829],[108.91782,34.2959],[108.91869,34.30455],[108.91884,34.30707],[108.91866,34.31097],[108.91799,34.31759],[108.91835,34.31849],[108.91881,34.31885],[108.9194,34.31913],[108.92021,34.31929],[108.92173,34.31941],[108.95676,34.31941],[108.95763,34.31936],[108.95989,34.31884],[108.96082,34.31879],[108.97202,34.31878],[108.9746,34.31862],[108.98119,34.31857],[109.00598,34.31858],[109.00653,34.31856],[109.00741,34.31836],[109.00811,34.31797],[109.0087,34.31741],[109.00912,34.3167],[109.00927,34.31583],[109.00934,34.31238],[109.01037,34.3021],[109.01028,34.29644],[109.00984,34.29283],[109.00965,34.28956],[109.00931,34.28661],[109.00929,34.23744],[109.00944,34.23623],[109.00989,34.23523],[109.01102,34.23389],[109.0134,34.23203],[109.02476,34.21846],[109.02506,34.21786],[109.02517,34.21711],[109.02512,34.21642],[109.02481,34.21561],[109.02459,34.21528],[109.02323,34.2139],[109.02171,34.21256],[109.02079,34.21197],[109.01857,34.21108],[109.01708,34.21076],[109.01205,34.21012],[109.00967,34.20947],[109.00669,34.20889],[109.00337,34.20862],[109.00236,34.20826],[109.00147,34.20755],[109.00055,34.20631],[108.99908,34.2033],[108.99857,34.20251],[108.99801,34.20202],[108.99697,34.20166],[108.99463,34.20154],[108.98288,34.20159],[108.98164,34.20129],[108.9789,34.19976],[108.97716,34.19924],[108.97622,34.19916],[108.96537,34.19895],[108.96142,34.19854],[108.95984,34.19848],[108.95608,34.19852],[108.95437,34.199],[108.95252,34.19938],[108.94941,34.19962],[108.94123,34.19975],[108.93614,34.19959],[108.93132,34.19996]],[[108.93594,34.1995],[108.93129,34.19986],[108.92647,34.20006],[108.90642,34.19999],[108.90202,34.19974],[108.89895,34.19972],[108.88807,34.19997],[108.88657,34.20022],[108.88627,34.20034],[108.88589,34.20074],[108.88558,34.20162],[108.88553,34.20345],[108.88506,34.20498],[108.88484,34.20646],[108.88491,34.20915],[108.88507,34.21028],[108.88489,34.2253],[108.88491,34.23245],[108.88465,34.2335],[108.88376,34.23501],[108.88344,34.23616],[108.88341,34.24121],[108.88476,34.24795],[108.88472,34.26212],[108.88501,34.26618],[108.88527,34.26704],[108.88622,34.2686],[108.88686,34.27153],[108.88685,34.27414],[108.88661,34.27776],[108.88622,34.27969],[108.88626,34.28017],[108.88676,34.28226],[108.88671,34.28559],[108.88684,34.28622],[108.88713,34.28675],[108.88778,34.28737],[108.88847,34.28779],[108.88932,34.28801],[108.89013,34.28805],[108.9001,34.28804],[108.90074,34.28791],[108.90315,34.28693],[108.90447,34.2866],[108.90524,34.28654],[108.90994,34.28647],[108.91573,34.2866],[108.91655,34.28673],[108.91686,34.28687],[108.91728,34.28741],[108.91756,34.28797],[108.91762,34.28849],[108.91763,34.29478],[108.91859,34.30446],[108.91876,34.30707],[108.91866,34.30983],[108.9183,34.31426],[108.9179,34.31733],[108.91804,34.31799],[108.91838,34.31863],[108.91921,34.31912],[108.92057,34.31941],[108.92165,34.31948],[108.95673,34.3195],[108.95767,34.31943],[108.95943,34.31898],[108.96019,34.31889],[108.97197,34.31889],[108.97461,34.3187],[108.98117,34.31866],[109.00595,34.31868],[109.00702,34.31858],[109.00783,34.31828],[109.0085,34.31779],[109.00881,34.31742],[109.00922,34.31662],[109.00933,34.31614],[109.00949,34.31238],[109.01049,34.30303],[109.01047,34.29843],[109.01032,34.2957],[109.00966,34.28729],[109.00943,34.28649],[109.00941,34.28592],[109.00942,34.23746],[109.00953,34.23631],[109.00998,34.23526],[109.01046,34.23464],[109.01113,34.23394],[109.01347,34.2321],[109.02483,34.2186],[109.02527,34.21771],[109.02535,34.21705],[109.02525,34.21623],[109.02476,34.21527],[109.02281,34.21337],[109.02151,34.2123],[109.02083,34.21189],[109.01875,34.21104],[109.01711,34.21069],[109.0121,34.20998],[109.00971,34.20936],[109.00673,34.20875],[109.00376,34.2086],[109.00264,34.2083],[109.00193,34.20786],[109.00156,34.20749],[109.00062,34.20625],[108.99919,34.20325],[108.99867,34.20247],[108.99805,34.20193],[108.99699,34.20158],[108.9946,34.20141],[108.98275,34.20151],[108.98212,34.2014],[108.98148,34.20115],[108.97892,34.19972],[108.97786,34.19935],[108.97692,34.19914],[108.97176,34.19896],[108.96537,34.19887],[108.95986,34.19836],[108.95621,34.19839],[108.95435,34.1989],[108.95148,34.19942],[108.94221,34.19958],[108.93594,34.1995]]]}},{"type":"Feature","properties":{"r":"gba","col":"#435428","n":"广州地铁12号线"},"geometry":{"type":"MultiLineString","coordinates":[[[113.27311,23.18379],[113.27423,23.18702],[113.27649,23.19148],[113.27653,23.19263],[113.27626,23.19314],[113.2758,23.19353],[113.27158,23.19562],[113.27011,23.19618],[113.26896,23.19636],[113.26198,23.19676],[113.25854,23.1974],[113.25229,23.19835],[113.24586,23.1991],[113.24424,23.19914],[113.24382,23.19903],[113.24321,23.19866],[113.24292,23.19838],[113.24266,23.1979],[113.24248,23.19662],[113.24251,23.19275],[113.24204,23.18588],[113.2417,23.1848],[113.2407,23.18364],[113.24016,23.18327],[113.23957,23.18303],[113.23863,23.18286],[113.23583,23.18308],[113.23431,23.18354],[113.23124,23.1848],[113.2298,23.18553],[113.22785,23.18635],[113.22358,23.18786],[113.22191,23.18819],[113.22097,23.18818],[113.22018,23.18804],[113.21689,23.1867],[113.2114,23.1856],[113.21003,23.18497],[113.2087,23.18399],[113.20589,23.18017],[113.20497,23.17923],[113.20436,23.17886],[113.2028,23.17833],[113.20213,23.17783],[113.20175,23.17702],[113.20137,23.17452],[113.20031,23.17278],[113.19989,23.17225],[113.19438,23.16674]],[[113.19443,23.16672],[113.19814,23.17037],[113.20079,23.17319],[113.2015,23.17444],[113.20198,23.17699],[113.20237,23.17779],[113.20301,23.17829],[113.20458,23.17878],[113.20545,23.17932],[113.20696,23.18112],[113.20882,23.18367],[113.20956,23.18432],[113.21042,23.18492],[113.21161,23.18542],[113.21227,23.18562],[113.2162,23.18624],[113.21993,23.1878],[113.22078,23.18798],[113.22187,23.18799],[113.22306,23.18782],[113.2274,23.18631],[113.22865,23.18584],[113.23334,23.18374],[113.23558,23.18294],[113.23747,23.18273],[113.23862,23.18271],[113.23938,23.18279],[113.24034,23.18315],[113.24129,23.18397],[113.24178,23.18469],[113.2421,23.1855],[113.2426,23.19229],[113.24262,23.19658],[113.24269,23.19727],[113.24301,23.19818],[113.24349,23.19866],[113.24384,23.19881],[113.24492,23.19896],[113.24899,23.19863],[113.25465,23.19788],[113.26304,23.19654],[113.26958,23.19615],[113.27024,23.19601],[113.27138,23.19552],[113.27573,23.19338],[113.27613,23.19304],[113.27637,23.19263],[113.27638,23.19155],[113.27416,23.18714],[113.27365,23.18596],[113.27293,23.18382]],[[113.29805,23.11254],[113.3023,23.11165],[113.30468,23.11096],[113.30727,23.10999],[113.30794,23.10965],[113.31077,23.1078],[113.31203,23.10655],[113.31283,23.10606],[113.31394,23.10556],[113.31479,23.10532],[113.31754,23.10493],[113.31965,23.10466],[113.32151,23.10457],[113.32296,23.10412],[113.32826,23.10073],[113.33045,23.09949],[113.33284,23.09834],[113.3364,23.09726],[113.33744,23.09665],[113.34243,23.09162],[113.34531,23.08842],[113.34659,23.08716],[113.34774,23.08651],[113.34882,23.08624],[113.34975,23.08614],[113.35336,23.08601],[113.35525,23.08615],[113.36037,23.08761],[113.36288,23.08967],[113.36392,23.09022],[113.365,23.09048],[113.36605,23.09061],[113.36666,23.09059],[113.36738,23.09053],[113.36866,23.08999],[113.369,23.08963],[113.36918,23.08921],[113.37031,23.08586],[113.37047,23.08513],[113.37048,23.08209],[113.37123,23.07484],[113.37134,23.06861],[113.37154,23.06784],[113.37205,23.06711],[113.37344,23.06609],[113.37537,23.06484],[113.37832,23.06223],[113.38616,23.0542],[113.39719,23.04316]],[[113.39724,23.04322],[113.39026,23.05031],[113.37936,23.06112],[113.37781,23.06279],[113.37549,23.06496],[113.37346,23.06616],[113.37254,23.06682],[113.37215,23.06722],[113.3717,23.06791],[113.3715,23.06869],[113.37158,23.07374],[113.3715,23.07499],[113.37065,23.08214],[113.3706,23.08517],[113.37033,23.08625],[113.36949,23.08871],[113.36909,23.08964],[113.36858,23.09013],[113.36769,23.09061],[113.36703,23.09071],[113.36575,23.0907],[113.36396,23.09034],[113.36347,23.09017],[113.36208,23.08937],[113.36019,23.08794],[113.35662,23.08687],[113.35521,23.08657],[113.35337,23.08634],[113.35018,23.08626],[113.34926,23.0863],[113.34781,23.08662],[113.34709,23.08694],[113.34632,23.08756],[113.34511,23.08875],[113.34257,23.09172],[113.33965,23.09469],[113.33748,23.09678],[113.33659,23.0973],[113.33298,23.09839],[113.3304,23.09965],[113.32679,23.10178],[113.323,23.10422],[113.3215,23.10468],[113.31979,23.1047],[113.31726,23.10501],[113.31459,23.10545],[113.31369,23.10575],[113.31286,23.10616],[113.31205,23.1067],[113.31078,23.10799],[113.30781,23.1099],[113.30732,23.11012],[113.30478,23.11107],[113.30229,23.11174],[113.29809,23.11268]]]}},{"type":"Feature","properties":{"r":"gba","col":"#0047ba","n":"广州地铁18号线"},"geometry":{"type":"MultiLineString","coordinates":[[[113.32276,23.12845],[113.32253,23.11686],[113.32277,23.11582],[113.32359,23.11414],[113.32421,23.1134],[113.32499,23.11273],[113.32567,23.11236],[113.32638,23.11213],[113.32805,23.11199],[113.3315,23.11229],[113.33281,23.11225],[113.3341,23.11197],[113.33545,23.11129],[113.33685,23.1102],[113.3376,23.10934],[113.338,23.10869],[113.33818,23.10794],[113.33819,23.10531]],[[113.33844,23.10531],[113.3384,23.10784],[113.33816,23.10876],[113.33719,23.11006],[113.33642,23.11076],[113.33553,23.11139],[113.33416,23.1121],[113.33283,23.11239],[113.33149,23.11243],[113.328,23.11214],[113.3264,23.11228],[113.32572,23.11251],[113.32507,23.11286],[113.32432,23.1135],[113.32373,23.11419],[113.32291,23.11587],[113.3227,23.11676],[113.32292,23.12845]],[[113.33818,23.10192],[113.33817,23.09873],[113.33804,23.09735],[113.33504,23.08046],[113.33485,23.07801],[113.33487,23.07591],[113.335,23.07446],[113.33617,23.06695],[113.3366,23.06358],[113.33692,23.05866],[113.33682,23.0559],[113.33641,23.05346],[113.33233,23.03689],[113.33144,23.03163],[113.33003,23.02517],[113.32968,23.02205],[113.32985,23.02043],[113.33047,23.01892],[113.33213,23.01625],[113.33585,23.01064],[113.33785,23.00786]],[[113.3381,23.00802],[113.33633,23.01045],[113.3308,23.01874],[113.33003,23.02046],[113.32983,23.02203],[113.32992,23.02332],[113.3303,23.02575],[113.33154,23.03132],[113.33258,23.03681],[113.33647,23.05277],[113.33701,23.05589],[113.33709,23.05867],[113.3368,23.06359],[113.33644,23.06643],[113.33518,23.07448],[113.33504,23.07636],[113.33504,23.07792],[113.33535,23.08073],[113.33831,23.09746],[113.33843,23.09886],[113.33839,23.10469]],[[113.33996,23.00506],[113.34247,23.00168],[113.34358,22.99995],[113.34785,22.99],[113.3486,22.98854],[113.34926,22.98764],[113.35078,22.98611],[113.35526,22.98235],[113.36317,22.97462],[113.36756,22.97055],[113.36895,22.96905],[113.37046,22.96718],[113.37104,22.96632],[113.37145,22.96553],[113.37475,22.95241],[113.37655,22.94446],[113.37965,22.93193],[113.37992,22.92834],[113.38022,22.92638],[113.38121,22.92207],[113.38205,22.91916],[113.38232,22.91778],[113.38247,22.91637],[113.38242,22.9132],[113.38165,22.89527],[113.38171,22.89357],[113.38187,22.89242],[113.38241,22.89016],[113.3835,22.88739],[113.38574,22.88293],[113.38717,22.88058],[113.38787,22.87969],[113.38899,22.8785],[113.38992,22.87769],[113.39107,22.87687],[113.39482,22.8747],[113.40435,22.86963],[113.40826,22.86783],[113.41434,22.8657],[113.42191,22.86254],[113.43373,22.85834],[113.43477,22.8578],[113.43577,22.85711],[113.43837,22.85492],[113.43963,22.85312],[113.44456,22.84448],[113.44919,22.83684],[113.45338,22.83],[113.46073,22.81843],[113.46217,22.81588],[113.46269,22.81463],[113.47173,22.78656],[113.47227,22.78522],[113.47339,22.78326],[113.47459,22.78187],[113.47747,22.77919],[113.48248,22.77415],[113.48494,22.77195],[113.48714,22.7703],[113.48943,22.76909],[113.49256,22.76786],[113.49404,22.76747],[113.49737,22.76694],[113.4988,22.76648],[113.50085,22.76545],[113.50228,22.76428],[113.50291,22.76348],[113.50371,22.76224],[113.50499,22.7596],[113.51191,22.74123],[113.51314,22.73903],[113.51522,22.73602],[113.51638,22.73475],[113.51832,22.73304],[113.52809,22.72632],[113.53091,22.72408],[113.5329,22.72231],[113.53478,22.72035],[113.54667,22.70678],[113.55265,22.70057]],[[113.55276,22.70067],[113.54678,22.70689],[113.53544,22.71991],[113.53245,22.72301],[113.52821,22.72647],[113.51893,22.73277],[113.517,22.73438],[113.51536,22.7361],[113.51329,22.7391],[113.51207,22.7413],[113.51141,22.74287],[113.50515,22.75965],[113.50387,22.7623],[113.50306,22.76354],[113.5024,22.76437],[113.50093,22.76558],[113.50007,22.76608],[113.49885,22.76662],[113.49699,22.76719],[113.49434,22.76758],[113.49262,22.768],[113.48982,22.76909],[113.48726,22.77044],[113.48546,22.77176],[113.48259,22.77429],[113.47791,22.77902],[113.4747,22.78198],[113.47371,22.78309],[113.47259,22.78492],[113.47171,22.78712],[113.46291,22.81444],[113.46217,22.81617],[113.46105,22.81816],[113.44511,22.84386],[113.43954,22.8536],[113.43838,22.85518],[113.43738,22.85608],[113.43563,22.85745],[113.43463,22.85808],[113.4338,22.85847],[113.42241,22.86254],[113.41484,22.86568],[113.40779,22.86822],[113.40443,22.8698],[113.3944,22.87514],[113.39107,22.87709],[113.38911,22.87861],[113.38745,22.88045],[113.38591,22.88299],[113.3837,22.88745],[113.38263,22.8902],[113.38206,22.89244],[113.38189,22.89359],[113.38182,22.89528],[113.38259,22.9126],[113.38269,22.91677],[113.38258,22.91838],[113.38045,22.92797],[113.38024,22.9293],[113.38006,22.93158],[113.37983,22.93282],[113.3716,22.96554],[113.3711,22.96653],[113.37047,22.96743],[113.36908,22.96916],[113.36772,22.97062],[113.36326,22.9747],[113.35506,22.98274],[113.35088,22.98622],[113.34936,22.98774],[113.34864,22.9888],[113.34807,22.9899],[113.3437,23.00015],[113.34238,23.00229],[113.34021,23.00522]]]}},{"type":"Feature","properties":{"r":"gba","col":"#f2c75c","n":"深圳地铁14号线"},"geometry":{"type":"MultiLineString","coordinates":[[[114.05837,22.54266],[114.06703,22.54282],[114.0703,22.54298],[114.0723,22.54338],[114.07338,22.54377],[114.07392,22.54409],[114.07485,22.54504],[114.07531,22.54606],[114.07608,22.55094],[114.0771,22.55279],[114.08074,22.55715],[114.08634,22.56557],[114.08708,22.56618],[114.08755,22.56643],[114.0956,22.56849],[114.09945,22.57013],[114.10671,22.57453],[114.10723,22.57505],[114.10756,22.57555],[114.10783,22.57629],[114.10798,22.57758],[114.10802,22.58171],[114.10791,22.58788],[114.10832,22.59059],[114.10856,22.59133],[114.11024,22.59421],[114.11157,22.59696],[114.11337,22.5999],[114.11688,22.60435],[114.11967,22.60919],[114.1273,22.61704],[114.12774,22.6181],[114.12821,22.6196],[114.12838,22.62349],[114.12872,22.6257],[114.12899,22.62651],[114.12951,22.62757],[114.13174,22.6302],[114.1337,22.63186],[114.13493,22.63264],[114.1369,22.63333],[114.14377,22.63356],[114.14615,22.63406],[114.14754,22.63462],[114.14837,22.63508],[114.1497,22.63621],[114.15318,22.64001],[114.15377,22.64054],[114.15808,22.64343],[114.15947,22.64414],[114.16095,22.64461],[114.16178,22.64474],[114.17287,22.64542],[114.17631,22.6457],[114.17681,22.64584],[114.18145,22.64773],[114.18247,22.64824],[114.18593,22.65038],[114.18697,22.65088],[114.1966,22.6543],[114.19853,22.65517],[114.2038,22.65977],[114.20425,22.66021],[114.20488,22.6611],[114.20568,22.66295],[114.20954,22.67362],[114.21034,22.67517],[114.21146,22.67695],[114.21237,22.6778],[114.21307,22.67821],[114.21701,22.67956],[114.21843,22.68028],[114.21923,22.68087],[114.22006,22.68167],[114.22121,22.68307],[114.22224,22.68491],[114.22261,22.68592],[114.22338,22.69081],[114.22374,22.69218],[114.22421,22.69297],[114.22522,22.69426],[114.22648,22.69628],[114.22739,22.69714],[114.22862,22.69755],[114.22928,22.69759],[114.23058,22.69737],[114.23167,22.69694],[114.23685,22.69408],[114.23902,22.69344],[114.24059,22.69328],[114.24264,22.69352],[114.24469,22.69436],[114.24713,22.69557],[114.24796,22.69585],[114.24982,22.69609],[114.25075,22.69594],[114.25156,22.69566],[114.25234,22.69525],[114.25578,22.69315],[114.25686,22.69273],[114.25811,22.69237],[114.266,22.69085],[114.26807,22.69059],[114.27289,22.69055],[114.30114,22.69106],[114.30224,22.69079],[114.30301,22.69046],[114.30335,22.69018],[114.30487,22.68822],[114.30552,22.68758],[114.30661,22.68675],[114.31038,22.68432],[114.31279,22.68263],[114.31376,22.68161],[114.31609,22.67979],[114.31715,22.67921],[114.31785,22.6791],[114.31858,22.67914],[114.32003,22.67948],[114.32234,22.68048],[114.32781,22.6822],[114.32913,22.68272],[114.33248,22.6848],[114.33295,22.68524],[114.33639,22.68922],[114.33684,22.68997],[114.3373,22.69113],[114.33851,22.69295],[114.34008,22.69643],[114.34177,22.69936],[114.34316,22.70152],[114.34444,22.70385],[114.34517,22.7056],[114.34647,22.70822],[114.34784,22.71294],[114.34864,22.71619],[114.35085,22.71949],[114.35122,22.72035],[114.35146,22.72185],[114.35149,22.72581],[114.35283,22.72892],[114.35356,22.732],[114.35367,22.73335],[114.35366,22.73657],[114.35392,22.73739],[114.35433,22.73824],[114.35597,22.74056],[114.35688,22.74146],[114.36236,22.74618],[114.36384,22.74699],[114.36758,22.74841],[114.36922,22.7492],[114.36984,22.7496],[114.37082,22.75058],[114.37221,22.75257],[114.37306,22.7532],[114.37414,22.75346],[114.37997,22.75387],[114.38308,22.75445],[114.38949,22.75665],[114.39907,22.75952]],[[114.05838,22.54275],[114.06703,22.54292],[114.07028,22.5431],[114.07228,22.54349],[114.07283,22.54367],[114.07383,22.54419],[114.0747,22.54509],[114.07516,22.54612],[114.07597,22.55105],[114.077,22.55286],[114.08065,22.55728],[114.08299,22.56071],[114.08537,22.56466],[114.08626,22.56569],[114.087,22.56628],[114.08749,22.56654],[114.09553,22.56861],[114.09936,22.57031],[114.10586,22.57416],[114.10665,22.57467],[114.10716,22.57521],[114.10747,22.57567],[114.10772,22.57632],[114.10786,22.57769],[114.1079,22.5817],[114.10781,22.58793],[114.10823,22.59066],[114.10849,22.59138],[114.11016,22.59421],[114.1115,22.59703],[114.11328,22.59992],[114.11677,22.60438],[114.11957,22.60926],[114.12718,22.6171],[114.12799,22.61957],[114.12802,22.62107],[114.12832,22.6241],[114.12887,22.62647],[114.12942,22.62761],[114.13027,22.62873],[114.13157,22.63014],[114.13361,22.63194],[114.13586,22.63315],[114.13687,22.63342],[114.13823,22.63352],[114.14211,22.63356],[114.14366,22.63365],[114.14613,22.63421],[114.14762,22.63482],[114.149,22.63574],[114.15303,22.63998],[114.15376,22.64063],[114.1582,22.64363],[114.15947,22.64425],[114.16096,22.64473],[114.16169,22.64484],[114.1676,22.64516],[114.17649,22.64587],[114.17893,22.64676],[114.18239,22.64829],[114.18588,22.65048],[114.18688,22.65101],[114.19656,22.65443],[114.19845,22.65527],[114.20369,22.65987],[114.20413,22.6603],[114.20474,22.66117],[114.20552,22.66298],[114.2072,22.66761],[114.20908,22.67318],[114.21007,22.67528],[114.21123,22.67706],[114.21224,22.67793],[114.21302,22.6783],[114.21691,22.6797],[114.2183,22.68044],[114.21984,22.68185],[114.22095,22.68321],[114.22159,22.68429],[114.22217,22.68571],[114.22285,22.68984],[114.22357,22.69223],[114.22406,22.69304],[114.2251,22.69437],[114.22637,22.69635],[114.22679,22.69682],[114.22734,22.69724],[114.2286,22.69767],[114.22927,22.69771],[114.23063,22.69748],[114.23183,22.69702],[114.23692,22.6942],[114.23918,22.69356],[114.24059,22.69342],[114.24135,22.69345],[114.24255,22.69367],[114.24461,22.69449],[114.24851,22.69639],[114.24961,22.69664],[114.25051,22.69665],[114.25221,22.69623],[114.25296,22.69581],[114.25635,22.69334],[114.25737,22.69279],[114.25805,22.69256],[114.26199,22.69178],[114.26684,22.69094],[114.27758,22.69095],[114.28858,22.69111],[114.29091,22.69128],[114.29419,22.69134],[114.29716,22.69109],[114.30116,22.69115],[114.30312,22.69049],[114.30509,22.68817],[114.3059,22.68742],[114.30718,22.68646],[114.31286,22.68269],[114.31385,22.68169],[114.31664,22.67956],[114.31719,22.67932],[114.31785,22.67923],[114.31925,22.67938],[114.31998,22.67959],[114.32346,22.68112],[114.32782,22.68265],[114.32954,22.68349],[114.33151,22.68475],[114.33237,22.68543],[114.33387,22.68698],[114.33536,22.68822],[114.33652,22.68961],[114.33878,22.69461],[114.34054,22.6977],[114.34193,22.7004],[114.34398,22.70396],[114.34482,22.70523],[114.34565,22.70676],[114.34594,22.70747],[114.34759,22.71333],[114.34852,22.71619],[114.34887,22.71683],[114.35074,22.71951],[114.35111,22.72035],[114.35134,22.72184],[114.35131,22.725],[114.35138,22.72581],[114.35274,22.72892],[114.35352,22.7325],[114.3535,22.7361],[114.35365,22.73703],[114.3542,22.73829],[114.35539,22.74005],[114.35634,22.74113],[114.36261,22.74658],[114.36329,22.74709],[114.36484,22.74782],[114.36734,22.74876],[114.36897,22.74923],[114.36982,22.74971],[114.37098,22.75091],[114.37209,22.75269],[114.37272,22.75324],[114.37334,22.75356],[114.37475,22.75382],[114.37939,22.75411],[114.3833,22.75486],[114.38899,22.75687],[114.39452,22.75864],[114.39894,22.75994]]]}},{"type":"Feature","properties":{"r":"gba","col":"#7389b2","n":"广州地铁10号线"},"geometry":{"type":"MultiLineString","coordinates":[[[113.22653,23.06953],[113.22797,23.06534],[113.22956,23.06227],[113.22986,23.06185],[113.23034,23.06148],[113.23174,23.06089],[113.23592,23.0603],[113.23855,23.06015],[113.25585,23.05988],[113.26143,23.0591],[113.26213,23.05909],[113.26358,23.05922],[113.26467,23.05945],[113.2758,23.06237],[113.27942,23.06353],[113.28009,23.06388],[113.28087,23.06458],[113.28267,23.06956],[113.28458,23.07169],[113.28843,23.0739],[113.28937,23.07456],[113.29015,23.07563],[113.29051,23.0765],[113.29062,23.07712],[113.29058,23.07765],[113.29,23.08044],[113.28996,23.08147],[113.29009,23.08354],[113.29082,23.09079],[113.29183,23.09427],[113.29191,23.09551],[113.29101,23.09997],[113.2904,23.10209],[113.28947,23.1041],[113.28887,23.10494],[113.28809,23.10558],[113.28596,23.10703],[113.28533,23.10761],[113.2842,23.10936],[113.2835,23.11117],[113.28342,23.11303],[113.2835,23.11389],[113.28409,23.11751],[113.28454,23.121],[113.28482,23.12207],[113.28542,23.12353],[113.28599,23.12426],[113.28659,23.12452],[113.28712,23.12458],[113.29339,23.12332],[113.29701,23.12278],[113.30372,23.12228],[113.30804,23.12242],[113.30898,23.12278],[113.30948,23.12332],[113.30988,23.12411],[113.31034,23.12556],[113.31054,23.12787]],[[113.31037,23.12788],[113.3102,23.12559],[113.30976,23.12403],[113.3094,23.12334],[113.30909,23.12297],[113.30873,23.12272],[113.30814,23.12256],[113.30373,23.12236],[113.29703,23.12287],[113.29341,23.12341],[113.28713,23.12468],[113.28657,23.12462],[113.28589,23.1243],[113.28548,23.12382],[113.2852,23.12329],[113.28472,23.12205],[113.28432,23.12043],[113.28338,23.1139],[113.28329,23.113],[113.2834,23.11115],[113.28411,23.10932],[113.28525,23.10759],[113.28597,23.10687],[113.28864,23.10485],[113.28938,23.10389],[113.29024,23.10197],[113.29055,23.10095],[113.2912,23.09833],[113.29174,23.09561],[113.29175,23.09488],[113.29162,23.09408],[113.29077,23.09139],[113.2906,23.0906],[113.28996,23.08355],[113.28982,23.08138],[113.28986,23.08052],[113.29047,23.07763],[113.29048,23.07699],[113.29034,23.07636],[113.29,23.07558],[113.28925,23.07462],[113.28844,23.07405],[113.28443,23.07173],[113.28403,23.07137],[113.28254,23.06961],[113.28108,23.0655],[113.28075,23.0648],[113.28027,23.06431],[113.2796,23.06382],[113.27931,23.06365],[113.27574,23.06249],[113.26467,23.05962],[113.26233,23.05927],[113.26144,23.05926],[113.25995,23.05943],[113.25575,23.06004],[113.24071,23.06047],[113.23679,23.06045],[113.23366,23.06073],[113.2312,23.06119],[113.23035,23.06156],[113.22995,23.06186],[113.2278,23.06601],[113.22659,23.06955]],[[113.23817,23.06029],[113.2418,23.06026]],[[113.23817,23.06033],[113.2418,23.06031]]]}},{"type":"Feature","properties":{"r":"bj","col":"#ed796a","n":"北京地铁11号线"},"geometry":{"type":"MultiLineString","coordinates":[[[116.1476,39.93467],[116.15302,39.92871],[116.15346,39.92813],[116.15449,39.92599],[116.15471,39.92529],[116.15481,39.92215],[116.15567,39.91931],[116.15619,39.91833],[116.15804,39.91671],[116.15835,39.91626],[116.15847,39.91579],[116.15856,39.91495],[116.15856,39.90629],[116.15869,39.90567],[116.15921,39.90485],[116.16104,39.90346]],[[116.1611,39.90351],[116.15927,39.90489],[116.15877,39.90572],[116.15866,39.90683],[116.15861,39.91549],[116.15829,39.91649],[116.15775,39.91707],[116.15629,39.91833],[116.15573,39.91933],[116.1549,39.92214],[116.15478,39.9235],[116.15479,39.92529],[116.15465,39.92584],[116.15382,39.92758],[116.15327,39.9285],[116.14767,39.9347]]]}},{"type":"Feature","properties":{"r":"gba","col":"#b82a3c","n":"澳門輕軌橫琴線"},"geometry":{"type":"LineString","coordinates":[[113.54485,22.14067],[113.54493,22.13938],[113.54519,22.13887],[113.54597,22.1382],[113.54681,22.13798],[113.54742,22.138],[113.55095,22.13914],[113.55265,22.13947],[113.55972,22.13898]]}},{"type":"Feature","properties":{"r":"gba","col":"#1974d2","n":"坪山云巴1号线"},"geometry":{"type":"MultiLineString","coordinates":[[[114.35827,22.68349],[114.35738,22.6836],[114.35698,22.68386],[114.35541,22.68627],[114.35517,22.68691],[114.35501,22.6877],[114.35438,22.69282],[114.35394,22.69393],[114.35331,22.69486],[114.35237,22.6957],[114.35092,22.6964],[114.34903,22.69651],[114.34796,22.69674],[114.34668,22.69719],[114.34606,22.6977],[114.34586,22.69827],[114.34603,22.69905],[114.34669,22.69987],[114.34895,22.70234],[114.35032,22.70347],[114.35168,22.70425],[114.3526,22.70463],[114.35404,22.70502],[114.3574,22.70562],[114.35775,22.70576],[114.35804,22.70603],[114.35819,22.70643],[114.35814,22.70691],[114.3563,22.71214],[114.35581,22.71289],[114.35533,22.71302],[114.35394,22.71263],[114.35346,22.71267],[114.35292,22.71304],[114.35238,22.71414],[114.35204,22.71438],[114.35169,22.71448],[114.35112,22.71441],[114.34882,22.71349],[114.34838,22.71339],[114.34343,22.71434],[114.34304,22.71422],[114.341,22.7131],[114.33956,22.71247],[114.33652,22.71148],[114.32938,22.70992],[114.32816,22.7095],[114.32167,22.70815]],[[114.32169,22.70808],[114.32817,22.70947],[114.32937,22.70988],[114.3362,22.71134],[114.34001,22.71258],[114.3416,22.71332],[114.34308,22.71421],[114.34339,22.71431],[114.34384,22.7143],[114.34834,22.71336],[114.35116,22.71435],[114.35169,22.71443],[114.35212,22.71429],[114.35236,22.71409],[114.35288,22.71303],[114.3534,22.71266],[114.35392,22.71259],[114.35533,22.71299],[114.35574,22.71288],[114.35626,22.71212],[114.35811,22.70686],[114.35816,22.70649],[114.35804,22.70612],[114.35787,22.70592],[114.3575,22.70573],[114.35382,22.705],[114.35243,22.7046],[114.35044,22.70359],[114.34929,22.70271],[114.34763,22.70101],[114.34604,22.69913],[114.34586,22.69869],[114.34582,22.6983],[114.3461,22.6976],[114.34669,22.69715],[114.348,22.69669],[114.34902,22.69648],[114.35038,22.69646],[114.35099,22.69634],[114.35243,22.69562],[114.35314,22.69496],[114.35389,22.69394],[114.35435,22.69282],[114.35499,22.68759],[114.35511,22.68697],[114.3554,22.68621],[114.35693,22.68382],[114.35737,22.68357],[114.35826,22.68346]]]}},{"type":"Feature","properties":{"r":"xa","col":"#ea8464","n":"西安地铁16号线"},"geometry":{"type":"MultiLineString","coordinates":[[[108.78174,34.3415],[108.78172,34.33782],[108.78157,34.33624],[108.78086,34.33508],[108.77857,34.33268],[108.7781,34.33173],[108.77803,34.33148],[108.77796,34.32695],[108.77754,34.32539],[108.77443,34.31905],[108.7725,34.31396],[108.77168,34.31224],[108.76623,34.30223],[108.76575,34.30128],[108.76555,34.3005],[108.76534,34.29812],[108.76573,34.28027],[108.76533,34.27151],[108.76551,34.26102],[108.76549,34.25125],[108.76511,34.25054],[108.76468,34.25021],[108.76371,34.25003],[108.74483,34.25014],[108.74411,34.25001],[108.74384,34.24981],[108.74318,34.24717],[108.74271,34.23046],[108.74268,34.22516]],[[108.74277,34.22515],[108.74281,34.23015],[108.74333,34.23943],[108.74332,34.24716],[108.74391,34.24976],[108.74414,34.24996],[108.74486,34.25007],[108.76419,34.25001],[108.76475,34.25018],[108.76522,34.25052],[108.76563,34.25135],[108.76553,34.27148],[108.76596,34.27963],[108.76555,34.29811],[108.76555,34.29919],[108.7657,34.30049],[108.76591,34.30125],[108.76961,34.30789],[108.77182,34.3122],[108.77263,34.31391],[108.77456,34.31903],[108.77621,34.32227],[108.77763,34.32536],[108.77806,34.32693],[108.77816,34.33156],[108.7784,34.3322],[108.77876,34.33278],[108.78099,34.335],[108.78171,34.33618],[108.78189,34.33678],[108.78203,34.34152]]]}},{"type":"Feature","properties":{"r":"xa","col":"#e06287","n":"西安地铁15号线"},"geometry":{"type":"MultiLineString","coordinates":[[[108.9949,34.15708],[108.9761,34.15634],[108.97264,34.1559],[108.96995,34.15581],[108.96801,34.15581],[108.96615,34.15607],[108.95606,34.15615],[108.95369,34.15641],[108.94996,34.15646],[108.94688,34.15639],[108.94566,34.15654],[108.9434,34.15715],[108.93616,34.15727],[108.93036,34.15814],[108.92709,34.15831],[108.92514,34.15855],[108.9229,34.15866],[108.92099,34.15855],[108.91659,34.15865],[108.90287,34.1591],[108.90028,34.15946],[108.89621,34.15957],[108.89261,34.15942],[108.87857,34.15987],[108.87734,34.16012],[108.87308,34.16165],[108.87184,34.16185],[108.86412,34.16143],[108.86105,34.16109],[108.85769,34.1614],[108.84841,34.16116],[108.84536,34.16127],[108.83868,34.16182],[108.83419,34.16155],[108.83037,34.16148],[108.78532,34.16146]],[[108.78532,34.1613],[108.83037,34.16135],[108.83418,34.16143],[108.83871,34.1617],[108.84535,34.16117],[108.84841,34.16106],[108.85685,34.1613],[108.85805,34.16128],[108.86103,34.16097],[108.86196,34.16101],[108.86415,34.16132],[108.87157,34.16175],[108.87305,34.16154],[108.87687,34.16013],[108.87855,34.15978],[108.89259,34.15934],[108.89621,34.15946],[108.90059,34.15932],[108.90268,34.159],[108.92047,34.15846],[108.9229,34.15855],[108.92513,34.15844],[108.92769,34.15814],[108.93099,34.15797],[108.93624,34.15717],[108.94333,34.15707],[108.94445,34.15684],[108.94574,34.15642],[108.94645,34.15633],[108.95375,34.15632],[108.95609,34.15595],[108.96583,34.15589],[108.96802,34.15572],[108.96996,34.15572],[108.97264,34.15581],[108.97609,34.15626],[108.99491,34.15695]]]}},{"type":"Feature","properties":{"r":"bj","col":"#d6aac1","n":"北京地铁19号线"},"geometry":{"type":"MultiLineString","coordinates":[[[116.36595,39.81107],[116.35943,39.81101],[116.35613,39.81038],[116.35394,39.81029],[116.35187,39.81059],[116.3465,39.81201],[116.34349,39.81315],[116.34214,39.81389],[116.34131,39.81454],[116.34068,39.81536],[116.34024,39.81635],[116.33997,39.81747],[116.33983,39.81909],[116.33988,39.82076],[116.34023,39.82358],[116.34082,39.83289],[116.34077,39.83425],[116.34229,39.84372],[116.34313,39.84761],[116.34399,39.84886],[116.34444,39.84925],[116.35653,39.85253],[116.35704,39.85273],[116.35793,39.8542],[116.3581,39.85502],[116.35821,39.85629],[116.35705,39.89825],[116.35705,39.91079],[116.35722,39.91183],[116.35815,39.91567],[116.35823,39.92167],[116.36102,39.92783],[116.36133,39.92902],[116.36207,39.93523],[116.36215,39.93838],[116.36272,39.9401],[116.36313,39.94061],[116.36532,39.94218],[116.3655,39.94242],[116.36566,39.94303],[116.36576,39.94616],[116.36526,39.95231],[116.3638,39.96692],[116.36359,39.97509]],[[116.36595,39.81111],[116.35935,39.81106],[116.35645,39.8105],[116.35431,39.81041],[116.35205,39.81071],[116.34631,39.81224],[116.34349,39.81334],[116.34241,39.81395],[116.34153,39.81466],[116.34091,39.81551],[116.34049,39.81651],[116.34024,39.81761],[116.34011,39.81912],[116.34019,39.82093],[116.34052,39.82358],[116.34092,39.83289],[116.34087,39.83425],[116.34238,39.84371],[116.34323,39.84759],[116.34407,39.84881],[116.3445,39.84919],[116.35657,39.85246],[116.35712,39.85268],[116.35802,39.85418],[116.3582,39.85501],[116.35831,39.85629],[116.35715,39.89825],[116.35721,39.90877],[116.35715,39.91079],[116.35825,39.91566],[116.35833,39.92165],[116.36112,39.92781],[116.36143,39.92901],[116.36216,39.93522],[116.36225,39.93837],[116.36257,39.93953],[116.36281,39.94006],[116.36319,39.94054],[116.36549,39.9421],[116.36566,39.94238],[116.36579,39.94294],[116.36589,39.94615],[116.36513,39.95491],[116.36484,39.95706],[116.36391,39.9669],[116.36376,39.97509]]]}},{"type":"Feature","properties":{"r":"gba","col":"#428d89","n":"深圳地铁6号线支线"},"geometry":{"type":"MultiLineString","coordinates":[[[113.96507,22.81086],[113.96144,22.80591],[113.95985,22.80459],[113.95428,22.80167],[113.95155,22.80036],[113.94616,22.79872],[113.94584,22.79889],[113.94499,22.79855],[113.94417,22.79799],[113.94392,22.79766],[113.94373,22.79714],[113.94358,22.79596],[113.94435,22.78998],[113.94433,22.78919],[113.94416,22.7885],[113.94373,22.78758],[113.94316,22.78682],[113.9406,22.78461],[113.93999,22.78386],[113.93946,22.7826],[113.93938,22.78209],[113.93948,22.78096],[113.9402,22.77848],[113.94042,22.7727],[113.94109,22.76919],[113.94132,22.76859],[113.94214,22.7676],[113.94544,22.7655],[113.94603,22.76459],[113.94622,22.76383],[113.94627,22.76295],[113.94592,22.75717],[113.94439,22.74874],[113.94351,22.74575],[113.94341,22.74468],[113.94368,22.74344],[113.94441,22.74224],[113.94519,22.74153],[113.94741,22.74025],[113.94792,22.73976],[113.9484,22.73904],[113.9486,22.7385],[113.94872,22.73778],[113.94852,22.73289]],[[113.94861,22.73288],[113.9488,22.73778],[113.94872,22.73853],[113.94854,22.73906],[113.94801,22.73988],[113.9475,22.74036],[113.94558,22.7414],[113.94451,22.74229],[113.94418,22.74273],[113.94378,22.74352],[113.94355,22.74455],[113.94366,22.74585],[113.94455,22.74878],[113.94605,22.75716],[113.94641,22.76358],[113.94607,22.76482],[113.94571,22.76537],[113.94514,22.76587],[113.94296,22.76709],[113.94222,22.76763],[113.94137,22.76863],[113.94115,22.7692],[113.9406,22.77192],[113.94036,22.77827],[113.93956,22.78097],[113.93946,22.78206],[113.93954,22.78259],[113.94009,22.78382],[113.94069,22.78455],[113.94325,22.78675],[113.94382,22.78753],[113.94425,22.78845],[113.94451,22.78966],[113.94449,22.79032],[113.9443,22.79211],[113.94381,22.7945],[113.94367,22.79598],[113.94382,22.79715],[113.94402,22.79763],[113.9443,22.79798],[113.94465,22.79826],[113.94544,22.79866],[113.94576,22.79846],[113.95161,22.80024],[113.95436,22.80155],[113.95991,22.80451],[113.96099,22.80531],[113.96152,22.80583],[113.96519,22.81079]]]}},{"type":"Feature","properties":{"r":"bj","col":"#5cc8ff","n":"北京雄安R1线"},"geometry":{"type":"LineString","coordinates":[[116.41371,39.49382],[116.41415,39.49082],[116.41408,39.48863],[116.41366,39.48696],[116.41051,39.48035],[116.40761,39.47265],[116.40812,39.46579],[116.41098,39.45822],[116.41729,39.45194],[116.41897,39.45005],[116.4436,39.42484],[116.44904,39.41912],[116.45107,39.41656],[116.45198,39.41528],[116.45371,39.41259],[116.45491,39.4105],[116.45687,39.40623],[116.45834,39.40164],[116.45923,39.39693],[116.45954,39.39073],[116.4599,39.32927],[116.46012,39.3229],[116.46012,39.31684],[116.4599,39.31453],[116.45957,39.31247],[116.45895,39.3099],[116.45835,39.30798],[116.4572,39.30522],[116.45549,39.3019],[116.4528,39.29791],[116.42523,39.26364],[116.38381,39.21485],[116.37904,39.20885],[116.37773,39.20737],[116.3755,39.20396],[116.37406,39.20118],[116.36804,39.1891],[116.36726,39.1873],[116.36315,39.17924],[116.36274,39.17858],[116.35978,39.17545],[116.35709,39.17361],[116.35577,39.1728],[116.35433,39.17211],[116.35277,39.17148],[116.34977,39.17048],[116.34705,39.16985],[116.34583,39.16976],[116.33457,39.16964],[116.31431,39.16959],[116.31018,39.1692],[116.30509,39.16828],[116.30257,39.16774],[116.30015,39.16709],[116.29346,39.16469],[116.28786,39.16202],[116.27566,39.15468],[116.21927,39.12354],[116.21578,39.1215],[116.20811,39.11653],[116.20169,39.11207],[116.19642,39.10796],[116.19076,39.10306],[116.18869,39.10107],[116.18595,39.09813],[116.18336,39.09512],[116.17984,39.09043],[116.16334,39.06767],[116.16177,39.06515],[116.15935,39.06043],[116.15718,39.05741]]}},{"type":"Feature","properties":{"r":"gba","col":"#3190cb","n":"东莞轨道交通1号线"},"geometry":{"type":"MultiLineString","coordinates":[[[113.61886,23.01447],[113.62031,23.01352],[113.62164,23.01282],[113.62811,23.00973],[113.64079,23.00527],[113.64173,23.00505],[113.64276,23.00498],[113.64451,23.00515],[113.6457,23.00549],[113.64724,23.0063],[113.64797,23.00688],[113.64963,23.00848],[113.65094,23.00937],[113.66125,23.01501],[113.66251,23.01553],[113.66297,23.01562],[113.664,23.01562],[113.66692,23.01495],[113.66836,23.01498],[113.67876,23.01732],[113.6797,23.01763],[113.68148,23.0187],[113.68875,23.02495],[113.6916,23.02697],[113.69313,23.02856],[113.6964,23.03139],[113.69757,23.03219],[113.70075,23.03365],[113.70194,23.03406],[113.70455,23.03449],[113.70937,23.03548],[113.71025,23.03535],[113.71289,23.03423],[113.71376,23.03363],[113.71578,23.03175],[113.71922,23.02765],[113.7228,23.02368],[113.72365,23.02283],[113.72433,23.02236],[113.7254,23.02194],[113.72914,23.02104],[113.73161,23.02004],[113.73792,23.01895],[113.74291,23.01791],[113.74613,23.01765],[113.75068,23.01667],[113.7512,23.01648],[113.75276,23.01564],[113.76182,23.00989],[113.76984,23.00519],[113.7712,23.00425],[113.77243,23.0031],[113.77291,23.00257],[113.7733,23.00188],[113.77385,23.00035],[113.77412,22.99823],[113.77389,22.99619],[113.77358,22.99509],[113.77296,22.9937],[113.76894,22.98731],[113.76851,22.98618],[113.76839,22.98504],[113.76844,22.98429],[113.76883,22.98212],[113.7712,22.95803],[113.77119,22.95656],[113.77065,22.9542],[113.77053,22.95322],[113.77069,22.95235],[113.77107,22.95154],[113.77684,22.94497],[113.7775,22.94427],[113.77863,22.94338],[113.78023,22.94251],[113.78309,22.94121],[113.7948,22.93608],[113.79589,22.93539],[113.79931,22.93269],[113.80201,22.93116],[113.80435,22.93014],[113.80982,22.92804],[113.81188,22.92669],[113.81466,22.92426],[113.81676,22.92196],[113.81848,22.92034],[113.82012,22.91916],[113.82186,22.91818],[113.82392,22.91741],[113.82579,22.91694],[113.83134,22.91607],[113.843,22.91449],[113.8502,22.91362],[113.85164,22.91361],[113.85247,22.91373],[113.85343,22.91397],[113.8552,22.91476],[113.85593,22.91519],[113.85695,22.91608],[113.85747,22.91688],[113.85827,22.91942],[113.85874,22.92041],[113.85925,22.92129],[113.85995,22.92219],[113.86061,22.92284],[113.86481,22.92608],[113.86578,22.927],[113.86669,22.92821],[113.87102,22.93466],[113.87194,22.93552],[113.87252,22.93587],[113.87398,22.93635],[113.87459,22.93642],[113.87572,22.93635],[113.87667,22.93612],[113.879,22.93531],[113.88101,22.93501],[113.88493,22.93533],[113.88978,22.93557],[113.8924,22.93542],[113.89677,22.936],[113.90357,22.93736],[113.90499,22.93737],[113.90618,22.93705],[113.91974,22.93186],[113.92368,22.92997],[113.92494,22.9296],[113.92802,22.92896],[113.92946,22.92843],[113.94744,22.91998],[113.95426,22.91697],[113.95924,22.91517],[113.96707,22.91159],[113.96882,22.91057],[113.97921,22.90617],[113.98005,22.90591],[113.98091,22.90576],[113.98952,22.90547],[113.99056,22.9053],[113.99162,22.90495],[113.99254,22.90437],[113.9931,22.90388],[113.99368,22.9032],[113.99443,22.90182],[113.9946,22.90123],[113.99454,22.89995],[113.99433,22.89932],[113.99395,22.89877],[113.9936,22.89781],[113.99305,22.89597],[113.99251,22.89353],[113.99274,22.89251],[113.99289,22.89075],[113.99347,22.88843],[113.9936,22.88712],[113.9936,22.87872],[113.99335,22.87786],[113.99274,22.87689],[113.99046,22.87461],[113.98933,22.87312],[113.98866,22.87159],[113.98687,22.86654],[113.98623,22.86528],[113.98427,22.86289],[113.98266,22.86],[113.98146,22.85692],[113.98041,22.85413],[113.98019,22.85308],[113.98014,22.84395]],[[113.98025,22.84395],[113.98028,22.84751],[113.98095,22.85059],[113.98104,22.85144],[113.98095,22.8537],[113.98104,22.85488],[113.98128,22.85591],[113.98199,22.8578],[113.98286,22.85998],[113.9844,22.86279],[113.98635,22.8652],[113.98701,22.86651],[113.98867,22.87123],[113.98945,22.87306],[113.99056,22.87452],[113.99259,22.87653],[113.99315,22.87721],[113.99365,22.87827],[113.99377,22.87887],[113.99364,22.88791],[113.99303,22.89055],[113.99282,22.89286],[113.99262,22.89351],[113.99369,22.8974],[113.99454,22.89927],[113.99476,22.90049],[113.99475,22.90121],[113.99458,22.90192],[113.99418,22.9027],[113.99359,22.90355],[113.99249,22.9046],[113.99136,22.90524],[113.99068,22.90545],[113.98898,22.90569],[113.98092,22.90591],[113.98009,22.90603],[113.97843,22.90658],[113.96788,22.91148],[113.96544,22.91257],[113.96443,22.9129],[113.95928,22.91526],[113.95424,22.91706],[113.94749,22.92013],[113.92907,22.92877],[113.92746,22.92925],[113.92399,22.93],[113.92335,22.93023],[113.91974,22.932],[113.90675,22.93695],[113.90586,22.93728],[113.9049,22.93749],[113.90384,22.9375],[113.89676,22.93613],[113.89283,22.93556],[113.88947,22.93566],[113.88507,22.93547],[113.88165,22.93513],[113.88084,22.93514],[113.87926,22.9354],[113.87555,22.93664],[113.87418,22.93672],[113.87279,22.93642],[113.87155,22.93576],[113.87085,22.93513],[113.86565,22.92754],[113.86482,22.92651],[113.86367,22.92547],[113.86055,22.92301],[113.85994,22.92238],[113.85889,22.92088],[113.85843,22.92002],[113.85748,22.91765],[113.85697,22.91682],[113.85631,22.91602],[113.8556,22.91532],[113.85476,22.91475],[113.85332,22.91409],[113.85223,22.91379],[113.85074,22.91369],[113.84915,22.91382],[113.8455,22.91435],[113.84301,22.91455],[113.83335,22.91588],[113.82503,22.9172],[113.82395,22.91746],[113.82189,22.91823],[113.82015,22.9192],[113.81852,22.92038],[113.81681,22.922],[113.8147,22.92431],[113.81395,22.92502],[113.81198,22.92675],[113.81102,22.9275],[113.80986,22.92817],[113.80455,22.93021],[113.80209,22.93128],[113.79879,22.9332],[113.79594,22.93545],[113.79484,22.93614],[113.79355,22.93678],[113.78027,22.94259],[113.77868,22.94343],[113.77754,22.94433],[113.7769,22.945],[113.77113,22.95156],[113.77075,22.95236],[113.7706,22.95321],[113.7707,22.9542],[113.77126,22.95655],[113.77128,22.95803],[113.76969,22.97464],[113.7689,22.98215],[113.76845,22.98504],[113.7686,22.98616],[113.76901,22.9873],[113.77303,22.99368],[113.77365,22.99508],[113.77395,22.99617],[113.77418,22.99823],[113.77392,23.00034],[113.77336,23.00188],[113.77297,23.00257],[113.7725,23.00313],[113.77125,23.00431],[113.77003,23.0052],[113.76392,23.00873],[113.75405,23.01504],[113.75145,23.01655],[113.75004,23.01697],[113.74658,23.01769],[113.74233,23.01807],[113.73725,23.01917],[113.73168,23.02011],[113.73074,23.02041],[113.72917,23.0211],[113.72535,23.02205],[113.7244,23.02242],[113.72399,23.02269],[113.7229,23.02375],[113.71893,23.02818],[113.71538,23.03231],[113.71353,23.034],[113.71264,23.0345],[113.71054,23.03537],[113.70942,23.03556],[113.70432,23.03449],[113.70189,23.0341],[113.70071,23.03369],[113.69755,23.03224],[113.69638,23.03144],[113.69261,23.02833],[113.69024,23.02678],[113.6881,23.02446],[113.68116,23.01859],[113.68,23.01784],[113.67874,23.01738],[113.66821,23.015],[113.66694,23.01499],[113.66393,23.01569],[113.66277,23.01567],[113.66196,23.01547],[113.66119,23.01513],[113.65063,23.00926],[113.6496,23.00852],[113.6472,23.00632],[113.64596,23.00565],[113.64469,23.00523],[113.64383,23.00508],[113.64255,23.00504],[113.64081,23.00533],[113.62813,23.00977],[113.62057,23.01352],[113.61894,23.01458]]]}},{"type":"Feature","properties":{"r":"bj","col":"#a12830","n":"北京地铁八通线"},"geometry":{"type":"MultiLineString","coordinates":[[[116.48567,39.90775],[116.48738,39.9076],[116.49118,39.90749],[116.50649,39.90735]],[[116.4858,39.90771],[116.48811,39.90751],[116.49111,39.90739],[116.49408,39.90744],[116.50732,39.90729]],[[116.50671,39.90735],[116.50734,39.90733]]]}},{"type":"Feature","properties":{"r":"xa","col":"#00a5ff","n":"西安高新云巴线"},"geometry":{"type":"MultiLineString","coordinates":[[[108.82404,34.15524],[108.82706,34.16004],[108.82734,34.16068],[108.82766,34.16437],[108.8277,34.16704],[108.82788,34.16754],[108.82812,34.16784],[108.82875,34.16825],[108.82952,34.16842],[108.83656,34.16845],[108.84027,34.16843],[108.8432,34.16815],[108.86262,34.16819],[108.8633,34.16839],[108.86418,34.16903],[108.86448,34.16956],[108.86454,34.18641],[108.86428,34.18764],[108.86428,34.18926],[108.86435,34.19251],[108.86464,34.19388],[108.86465,34.19443],[108.86467,34.19939],[108.86448,34.19977],[108.86423,34.19987],[108.86282,34.19999],[108.84256,34.20001],[108.84184,34.19977],[108.84147,34.1994],[108.84142,34.19615],[108.84122,34.19581],[108.8408,34.19558],[108.84019,34.19545],[108.83356,34.19544],[108.83272,34.1956],[108.83185,34.19643],[108.8317,34.19736],[108.83174,34.20186],[108.83186,34.20313],[108.83183,34.21286],[108.83188,34.21369],[108.83256,34.21615],[108.83255,34.2166],[108.83139,34.2205],[108.83135,34.22176],[108.83147,34.22275],[108.83134,34.22417],[108.8332,34.23825],[108.83365,34.2389],[108.83424,34.2391],[108.84299,34.23914]],[[108.82415,34.15534],[108.82702,34.15987],[108.82733,34.1605],[108.82749,34.16125],[108.82752,34.16293],[108.82769,34.16426],[108.82774,34.16707],[108.82809,34.16775],[108.82881,34.16824],[108.82958,34.16839],[108.84016,34.16841],[108.84336,34.16812],[108.86261,34.1681],[108.86334,34.16837],[108.86423,34.16901],[108.8644,34.1692],[108.86451,34.16955],[108.86462,34.17389],[108.86463,34.18382],[108.86456,34.18641],[108.86432,34.18764],[108.86432,34.18843],[108.8644,34.19252],[108.86469,34.19386],[108.86473,34.19444],[108.86471,34.1994],[108.8645,34.1998],[108.86424,34.19991],[108.86281,34.20002],[108.84256,34.20003],[108.84183,34.19979],[108.84145,34.19942],[108.8414,34.19615],[108.84121,34.19582],[108.84078,34.1956],[108.84019,34.19547],[108.83353,34.19548],[108.83276,34.19564],[108.83217,34.19613],[108.83193,34.19645],[108.8318,34.19718],[108.83177,34.19971],[108.83195,34.20621],[108.83186,34.21287],[108.83192,34.21366],[108.83263,34.21614],[108.8326,34.21661],[108.8316,34.21982],[108.8314,34.22075],[108.83139,34.22178],[108.8315,34.22252],[108.8314,34.22418],[108.83329,34.23823],[108.83369,34.23888],[108.83425,34.23907],[108.843,34.2391]]]}},{"type":"Feature","properties":{"r":"xa","col":"#009f4d","n":"西安地铁10号线"},"geometry":{"type":"MultiLineString","coordinates":[[[108.97929,34.31795],[108.97923,34.32251],[108.97936,34.34963],[108.97925,34.35017],[108.97884,34.35075],[108.9771,34.35219],[108.97691,34.35256],[108.97682,34.35298],[108.97678,34.35426],[108.9768,34.36479],[108.97731,34.3673],[108.97722,34.36816],[108.97687,34.36947],[108.97677,34.3706],[108.97669,34.37445],[108.97695,34.38357],[108.97709,34.38672],[108.97725,34.3873],[108.97815,34.38882],[108.97835,34.38996],[108.97713,34.39544],[108.97635,34.40271],[108.97647,34.40436],[108.97703,34.40571],[108.97777,34.40642],[108.97868,34.40701],[108.97966,34.40743],[108.98032,34.40761],[109.00424,34.41147],[109.01318,34.41182],[109.01817,34.4122],[109.02756,34.41223],[109.03046,34.41246],[109.0317,34.41288],[109.03319,34.41382],[109.03414,34.4148],[109.0348,34.41612],[109.03505,34.41733],[109.03505,34.41804],[109.03471,34.42453],[109.03437,34.42743],[109.0343,34.42922],[109.03436,34.43025],[109.03471,34.43205],[109.0347,34.43298],[109.03209,34.46382],[109.03187,34.46496],[109.03112,34.46717],[109.031,34.46807],[109.02975,34.48481],[109.02927,34.48851],[109.02878,34.49484],[109.02892,34.49733],[109.02861,34.50229],[109.02868,34.50279],[109.02904,34.50365],[109.02965,34.50445],[109.03046,34.50507],[109.03163,34.50556],[109.0324,34.5057],[109.0923,34.51006],[109.09503,34.51043],[109.10025,34.51087],[109.10169,34.51115],[109.10272,34.51158],[109.10369,34.51233],[109.10444,34.51328],[109.10487,34.51436],[109.10496,34.51553],[109.10463,34.51846],[109.10492,34.52093],[109.10497,34.52684]],[[108.97942,34.31681],[108.97936,34.32185],[108.97954,34.33738],[108.97951,34.34957],[108.97938,34.35018],[108.97923,34.35045],[108.97877,34.35099],[108.97722,34.35222],[108.97704,34.3525],[108.97691,34.35307],[108.9769,34.36478],[108.97741,34.36735],[108.97733,34.36816],[108.97694,34.36993],[108.97689,34.37063],[108.97688,34.37445],[108.97707,34.38368],[108.97728,34.38684],[108.97743,34.38735],[108.97819,34.38854],[108.97848,34.38982],[108.97845,34.39027],[108.97805,34.39175],[108.97711,34.39631],[108.97644,34.40251],[108.97659,34.40431],[108.97694,34.4053],[108.97749,34.40605],[108.97843,34.40675],[108.97934,34.40725],[108.98032,34.40754],[109.00422,34.41143],[109.01306,34.41177],[109.01803,34.41216],[109.02756,34.41217],[109.0305,34.41243],[109.03171,34.41283],[109.03323,34.41378],[109.03415,34.41474],[109.03486,34.41612],[109.03512,34.4173],[109.03513,34.41804],[109.03446,34.42998],[109.03477,34.43203],[109.03474,34.43298],[109.03212,34.46383],[109.03192,34.46496],[109.03123,34.46719],[109.03034,34.47771],[109.02974,34.4856],[109.02962,34.48926],[109.02867,34.50174],[109.02871,34.50279],[109.02908,34.50364],[109.02968,34.50442],[109.03051,34.50506],[109.03166,34.50554],[109.03237,34.50567],[109.07715,34.50881],[109.07878,34.50902],[109.09286,34.51008],[109.09531,34.51043],[109.09968,34.51072],[109.10161,34.51109],[109.10278,34.51156],[109.10371,34.51226],[109.10442,34.51316],[109.10494,34.51438],[109.10501,34.51555],[109.1047,34.51826],[109.10506,34.52103],[109.10512,34.52685]]]}},{"type":"Feature","properties":{"r":"bj","col":"#5cc8ff"},"geometry":{"type":"MultiLineString","coordinates":[[[115.96604,39.71959],[115.96673,39.71912]],[[115.96608,39.71962],[115.96665,39.71906]],[[115.96802,39.71802],[115.96917,39.71713]],[[115.96868,39.71748],[115.96903,39.71713]],[[115.9688,39.71738],[115.9691,39.71713]],[[115.99831,39.69976],[115.99764,39.69962]],[[115.99811,39.69957],[116.00103,39.70041],[116.00299,39.70118]],[[115.99812,39.69962],[115.99885,39.69989]],[[115.99922,39.7],[115.99875,39.69989]],[[116.00228,39.70094],[116.00305,39.70123]],[[116.05064,39.71131],[116.05432,39.71212]],[[116.05075,39.71129],[116.05116,39.71142]],[[116.05175,39.71155],[116.05129,39.71148]],[[116.05269,39.71176],[116.05326,39.71193]],[[116.05429,39.71203],[116.05321,39.71187]],[[116.09298,39.7276],[116.09353,39.72756]],[[116.09353,39.7276],[116.09299,39.72757]],[[116.09703,39.72754],[116.09556,39.72769]],[[116.09564,39.72741],[116.09703,39.72751]],[[116.10259,39.73047],[116.10461,39.73018],[116.10525,39.72984],[116.10561,39.72944],[116.10575,39.72882],[116.10554,39.72818],[116.10497,39.72772],[116.1041,39.72749]],[[116.10411,39.72745],[116.105,39.72768],[116.10559,39.72815],[116.10582,39.72883],[116.10567,39.72944],[116.10529,39.72987],[116.10464,39.73022],[116.1026,39.7305]],[[116.15287,39.9463],[116.15423,39.94616],[116.15509,39.94621],[116.15605,39.94656],[116.15689,39.9467],[116.15765,39.94666],[116.15833,39.94646],[116.15897,39.94592],[116.15908,39.94537],[116.15891,39.94488],[116.15835,39.94445],[116.15781,39.94421],[116.1571,39.94413],[116.15605,39.94438],[116.15533,39.94483],[116.15483,39.94544],[116.1541,39.94577],[116.15283,39.94614]],[[116.15538,39.922],[116.15502,39.92189]],[[116.15503,39.922],[116.15538,39.92189]],[[116.1588,39.92191],[116.1592,39.92202]],[[116.17516,39.92462],[116.17531,39.9246]],[[116.17751,39.85482],[116.18092,39.85679]],[[116.18096,39.85675],[116.17753,39.85478]],[[116.18061,39.91485],[116.18071,39.91544]],[[116.24542,39.9062],[116.24557,39.90618]],[[116.27298,40.1665],[116.27323,40.16609]],[[116.27417,40.16413],[116.27382,40.16471],[116.273,40.16663]],[[116.27398,40.16416],[116.27382,40.16471]],[[116.28168,40.20526],[116.28177,40.20556]],[[116.29943,40.05279],[116.29968,40.05247]],[[116.30289,39.9062],[116.30091,39.90621]],[[116.30091,39.90619],[116.30289,39.90618]],[[116.30278,39.9062],[116.30304,39.90615]],[[116.30305,39.90622],[116.30278,39.90618]],[[116.30638,40.10661],[116.30656,40.1062]],[[116.30652,40.10618],[116.30643,40.10662]],[[116.30736,40.10365],[116.30757,40.10298]],[[116.30764,40.103],[116.30742,40.10366]],[[116.31021,39.98333],[116.31033,39.98367],[116.31021,39.98512]],[[116.31021,39.98504],[116.31028,39.98515]],[[116.31041,39.9836],[116.31032,39.98377]],[[116.31455,39.96831],[116.3144,39.96844]],[[116.3144,40.03093],[116.31453,40.03074]],[[116.31544,39.96677],[116.31513,39.96717],[116.31447,39.96846]],[[116.31551,40.02827],[116.31463,40.03049]],[[116.31494,39.89451],[116.31504,39.89418]],[[116.31512,39.89415],[116.31504,39.8944]],[[116.31512,39.89412],[116.31525,39.89457]],[[116.31514,39.967],[116.31513,39.96717]],[[116.31654,39.85334],[116.31645,39.85238]],[[116.31933,39.88902],[116.32017,39.88892]],[[116.32257,39.78909],[116.32257,39.7895]],[[116.33371,39.97621],[116.3337,39.97598]],[[116.33396,39.93703],[116.33473,39.93698]],[[116.34584,39.94335],[116.34596,39.94317]],[[116.34621,39.94242],[116.34633,39.94226]],[[116.34625,39.94244],[116.34629,39.94224]],[[116.34774,39.90591],[116.34904,39.90569],[116.35,39.90515],[116.3505,39.90448],[116.35061,39.90417],[116.35064,39.90353],[116.35052,39.90285]],[[116.34774,39.90583],[116.34889,39.90556],[116.34972,39.90508],[116.35024,39.9042],[116.35046,39.90339]],[[116.34816,39.90583],[116.34863,39.90579]],[[116.34817,39.90587],[116.34864,39.90582]],[[116.35262,39.90585],[116.35229,39.9058]],[[116.35229,39.90588],[116.35262,39.90582]],[[116.35245,39.90582],[116.35482,39.90582]],[[116.35481,39.90585],[116.35245,39.90585]],[[116.3599,39.93946],[116.35751,39.93935]],[[116.35755,39.9393],[116.35769,39.93935]],[[116.35922,39.81225],[116.3598,39.80839]],[[116.35986,39.80839],[116.35927,39.81225]],[[116.35961,39.93936],[116.35948,39.93941]],[[116.36468,39.97498],[116.36676,39.97493]],[[116.36489,39.97487],[116.36515,39.97492]],[[116.36726,39.91254],[116.36739,39.91355]],[[116.37185,39.89849],[116.37203,39.89854]],[[116.38625,40.01189],[116.38633,40.0104]],[[116.38625,40.0103],[116.38639,40.01048]],[[116.38631,40.01189],[116.38639,40.0104]],[[116.38647,40.01031],[116.38632,40.01048]],[[116.38789,39.9805],[116.3876,39.98118]],[[116.39833,39.97581],[116.398,39.97588],[116.39387,39.97592],[116.39302,39.97608],[116.39202,39.97644],[116.39096,39.97697],[116.39021,39.97747],[116.38963,39.97803],[116.38854,39.9795],[116.38787,39.98075]],[[116.3879,39.98034],[116.38891,39.97866],[116.39007,39.97735],[116.39073,39.97685],[116.3918,39.97626],[116.39283,39.97586],[116.39384,39.97566],[116.39564,39.97562],[116.40019,39.97565],[116.40092,39.97578]],[[116.40631,39.90666],[116.40942,39.90674]],[[116.40671,39.90675],[116.40692,39.90671]],[[116.40719,40.05657],[116.40717,40.05637]],[[116.40884,39.90676],[116.40908,39.9068]],[[116.40967,39.90682],[116.41017,39.90677]],[[116.41036,39.90677],[116.41158,39.90613],[116.41202,39.90558],[116.41227,39.90496]],[[116.41199,39.96071],[116.41205,39.96059]],[[116.41229,39.95819],[116.41215,39.95864],[116.41204,39.96076]],[[116.41214,39.95875],[116.41209,39.95862]],[[116.41227,39.90474],[116.41243,39.9044]],[[116.41968,39.84479],[116.41891,39.84482]],[[116.42041,39.84478],[116.41963,39.84472]],[[116.42211,39.8441],[116.42211,39.84306]],[[116.42222,39.84032],[116.4223,39.8441]],[[116.42438,39.84477],[116.42519,39.84472]],[[116.42519,39.84472],[116.42569,39.84464]],[[116.42519,39.84472],[116.4279,39.84459]],[[116.42569,39.84471],[116.42519,39.84464]],[[116.4257,39.9661],[116.42567,39.96583]],[[116.42667,40.04227],[116.42884,40.04125],[116.43002,40.04089]],[[116.42742,39.904],[116.42761,39.90421],[116.42801,39.9044],[116.42921,39.90478],[116.43267,39.90702],[116.43299,39.90714],[116.43372,39.90717]],[[116.42758,39.90389],[116.429,39.90448],[116.43248,39.90671],[116.43321,39.90703],[116.43372,39.90714]],[[116.43045,40.0407],[116.4307,40.04063]],[[116.4407,39.99289],[116.44054,39.99275]],[[116.44065,39.99291],[116.4406,39.99274]],[[116.44222,39.97057],[116.44195,39.97064]],[[116.44206,39.97073],[116.44222,39.97057]],[[116.44222,39.97057],[116.44349,39.96961]],[[116.44387,39.99472],[116.44288,39.99446]],[[116.4429,39.99442],[116.44388,39.99468]],[[116.45189,39.90709],[116.45129,39.90699]],[[116.45496,39.88152],[116.45503,39.88134]],[[116.45519,39.8802],[116.45519,39.88228],[116.45504,39.88151],[116.45502,39.88021]],[[116.45616,39.93907],[116.45633,39.93855]],[[116.52329,39.85796],[116.52754,39.85694],[116.52951,39.85616],[116.5327,39.85471]],[[116.53273,39.85476],[116.5284,39.85667],[116.52755,39.85698],[116.52432,39.85786]],[[116.53017,39.85597],[116.52948,39.85627]],[[116.53141,39.85536],[116.53119,39.8554]],[[116.53159,39.85528],[116.53181,39.85523]],[[116.53178,39.85519],[116.53162,39.85531]],[[116.53216,39.85502],[116.5319,39.85509]],[[116.53194,39.85512],[116.53213,39.85498]],[[116.53278,39.85486],[116.53222,39.85499]],[[116.53281,39.85478],[116.53233,39.85493]],[[116.53266,39.85466],[116.53238,39.85486]],[[116.53276,39.85482],[116.53258,39.85486]],[[116.53567,39.85466],[116.5347,39.85516],[116.53424,39.85525]],[[116.60685,40.03802],[116.60498,40.03672],[116.60416,40.03628],[116.60298,40.03586],[116.60184,40.03563],[116.60071,40.03558],[116.59053,40.03567]],[[116.59551,39.90804],[116.5987,39.90796]],[[116.64246,39.89177],[116.64523,39.89093]],[[116.64456,39.89112],[116.6454,39.89093]],[[116.67889,40.13128],[116.684,40.13119]],[[116.68401,40.13133],[116.6789,40.13143]]]}},{"type":"Feature","properties":{"r":"bj","col":"#5cc8ff","n":"大兴机场线"},"geometry":{"type":"MultiLineString","coordinates":[[[116.41063,39.51249],[116.41375,39.49392]],[[116.41362,39.4939],[116.41262,39.49969],[116.41072,39.5125]]]}}]}