{"type":"FeatureCollection","features":[{"type":"Feature","properties":{"r":"UK","g":"uk","col":"#5cc8ff","n":"Blackpool Tram","ct":"布莱克浦","jk":"urban","nz":"布莱克浦电车"},"geometry":{"type":"MultiLineString","coordinates":[[[-3.056075,53.777926],[-3.056384,53.778045],[-3.056695,53.778163],[-3.057002,53.778284],[-3.057152,53.778347],[-3.057298,53.778413],[-3.05738,53.778453],[-3.057419,53.778474],[-3.057436,53.778486],[-3.057453,53.778498],[-3.05749,53.77853],[-3.057523,53.778563],[-3.05755,53.778599],[-3.057571,53.778635],[-3.057577,53.778651],[-3.057584,53.778673],[-3.057599,53.778733],[-3.057633,53.778912],[-3.057712,53.779441],[-3.057798,53.78007],[-3.05788,53.780649],[-3.058318,53.784817],[-3.058377,53.785996],[-3.058355,53.786889],[-3.058304,53.787923],[-3.058252,53.789045],[-3.058201,53.789992],[-3.058176,53.79032],[-3.058165,53.790432],[-3.058153,53.790506],[-3.058119,53.790636],[-3.058074,53.790766],[-3.058019,53.790894],[-3.057956,53.791021],[-3.057881,53.791149],[-3.057784,53.791293],[-3.057553,53.79161],[-3.057317,53.791935],[-3.057214,53.792088],[-3.057129,53.79223],[-3.057053,53.792377],[-3.056987,53.792525],[-3.056929,53.792675],[-3.05688,53.792826],[-3.056839,53.792989],[-3.056798,53.793193],[-3.056716,53.793688],[-3.056634,53.794234],[-3.056552,53.794755],[-3.056264,53.797271],[-3.056157,53.797778],[-3.056046,53.798284],[-3.055943,53.798791],[-3.055898,53.799045],[-3.05586,53.799299],[-3.055823,53.799634],[-3.055785,53.800092],[-3.055705,53.801264],[-3.055622,53.802588],[-3.055541,53.803836],[-3.055501,53.806479],[-3.055512,53.807072],[-3.055521,53.807369],[-3.055538,53.807665],[-3.05557,53.807989],[-3.055613,53.808335],[-3.055715,53.809041],[-3.055808,53.809675],[-3.055838,53.809931],[-3.055852,53.810129],[-3.055851,53.810196],[-3.055847,53.810262],[-3.055831,53.810395],[-3.055788,53.810665],[-3.055735,53.810934],[-3.055681,53.811203],[-3.055638,53.811473],[-3.055611,53.811724],[-3.055597,53.811975],[-3.055595,53.812177],[-3.055603,53.812378],[-3.05564,53.812855],[-3.05569,53.813332],[-3.055752,53.813808],[-3.055829,53.814283],[-3.055852,53.8144],[-3.05588,53.814516],[-3.055942,53.814748],[-3.056003,53.81498],[-3.056028,53.815096],[-3.056048,53.815213],[-3.056077,53.815482],[-3.056108,53.815886],[-3.05614,53.816378],[-3.056169,53.816911],[-3.056194,53.817438],[-3.056212,53.81791],[-3.05622,53.818281],[-3.056217,53.818502],[-3.056213,53.818575],[-3.056206,53.818648],[-3.056199,53.818685],[-3.05619,53.81872],[-3.056176,53.818756],[-3.056157,53.81879],[-3.056145,53.818808],[-3.05613,53.818825],[-3.056114,53.818842],[-3.056097,53.818858],[-3.056078,53.818874],[-3.056057,53.818888],[-3.056035,53.818903],[-3.056012,53.818916],[-3.055992,53.818926],[-3.055972,53.818935],[-3.05595,53.818943],[-3.055928,53.818951],[-3.055881,53.818965],[-3.055833,53.818976],[-3.055782,53.818985],[-3.05573,53.818991],[-3.055676,53.818995],[-3.055623,53.818997],[-3.055558,53.818997],[-3.055494,53.818994],[-3.055461,53.818992],[-3.05543,53.818989],[-3.055399,53.818984],[-3.055368,53.818978],[-3.05536,53.818976],[-3.055352,53.818974],[-3.055337,53.818969],[-3.055322,53.818963],[-3.055307,53.818957],[-3.055279,53.818945],[-3.055251,53.818932]],[[-3.049688,53.821063],[-3.049904,53.820994],[-3.050134,53.820923],[-3.050337,53.820856],[-3.050416,53.820825],[-3.050448,53.82081],[-3.050474,53.820796],[-3.050486,53.820789],[-3.050497,53.820781],[-3.050517,53.820765],[-3.050535,53.820747],[-3.050551,53.820729],[-3.05061,53.820655],[-3.050642,53.820613],[-3.050669,53.820571],[-3.05072,53.820484],[-3.050775,53.820398],[-3.050807,53.820357],[-3.050846,53.820318],[-3.050893,53.820279],[-3.050946,53.820244],[-3.051004,53.82021],[-3.051066,53.82018],[-3.051095,53.820168],[-3.051138,53.820152],[-3.051264,53.820107],[-3.051653,53.819976],[-3.052174,53.819805],[-3.05277,53.819614],[-3.053385,53.819419],[-3.053961,53.819239],[-3.054441,53.819093],[-3.054768,53.818999],[-3.054897,53.818965],[-3.054964,53.81895],[-3.054998,53.818944],[-3.055032,53.81894],[-3.055125,53.818932],[-3.05522,53.818928],[-3.055267,53.818928],[-3.055314,53.81893],[-3.05536,53.818934],[-3.055406,53.81894],[-3.055459,53.818949],[-3.055511,53.81896],[-3.055563,53.818972],[-3.055613,53.818987],[-3.055661,53.819003],[-3.055706,53.819021],[-3.055747,53.819041],[-3.055766,53.819052],[-3.055784,53.819063],[-3.055794,53.81907],[-3.055803,53.819077],[-3.055811,53.819084],[-3.055819,53.819092],[-3.055832,53.819108],[-3.055844,53.819125],[-3.055862,53.81916],[-3.055877,53.819195],[-3.055889,53.819228],[-3.055896,53.819261],[-3.055899,53.819294],[-3.055898,53.819311],[-3.055895,53.819327],[-3.055887,53.819353],[-3.055875,53.819383],[-3.055838,53.819452],[-3.055731,53.819618],[-3.055612,53.819801],[-3.055558,53.819892],[-3.055514,53.819978],[-3.055466,53.820093],[-3.055424,53.820209],[-3.055351,53.820443],[-3.055286,53.820678],[-3.055217,53.820912],[-3.055195,53.820991],[-3.055171,53.821071],[-3.055151,53.82115],[-3.055146,53.82119],[-3.055144,53.82123],[-3.055147,53.82127],[-3.055156,53.82132],[-3.055185,53.821445],[-3.055279,53.821771],[-3.055389,53.82214],[-3.055439,53.822321],[-3.055479,53.822489],[-3.055543,53.822791],[-3.055602,53.823094],[-3.055649,53.823397],[-3.055666,53.823549],[-3.055678,53.823701],[-3.055683,53.823874],[-3.055679,53.824068],[-3.055656,53.824505],[-3.055622,53.824969],[-3.055594,53.825419],[-3.055674,53.828144],[-3.055732,53.829228],[-3.055798,53.830388],[-3.055848,53.831396],[-3.05586,53.831771],[-3.055859,53.832022],[-3.055855,53.832086],[-3.05585,53.832118],[-3.055841,53.832149],[-3.055828,53.83218],[-3.055811,53.83221],[-3.055771,53.832269],[-3.055713,53.832342],[-3.055649,53.832412],[-3.055512,53.832551],[-3.055376,53.832691],[-3.055313,53.832762],[-3.055257,53.832835],[-3.055232,53.832874],[-3.05521,53.832913],[-3.055175,53.832994],[-3.055152,53.833066],[-3.055135,53.833139],[-3.055111,53.833285],[-3.055095,53.833443],[-3.055075,53.833698],[-3.05503,53.834443],[-3.054921,53.836506],[-3.054808,53.838625],[-3.054758,53.83944],[-3.054736,53.839741],[-3.054717,53.839952],[-3.054656,53.840402],[-3.054553,53.84107],[-3.054257,53.842859],[-3.05391,53.844915],[-3.053588,53.846838],[-3.053577,53.846949],[-3.053569,53.84706],[-3.053567,53.847281],[-3.053572,53.847503],[-3.053595,53.84795],[-3.053615,53.84839],[-3.053618,53.848605],[-3.053611,53.848814],[-3.053602,53.84893],[-3.053587,53.849045],[-3.053546,53.849276],[-3.053506,53.849453],[-3.053461,53.84963],[-3.05341,53.849806],[-3.053353,53.849982],[-3.053283,53.850186],[-3.053207,53.850394],[-3.053166,53.850496],[-3.053123,53.850592],[-3.053077,53.850684],[-3.053028,53.850767],[-3.053017,53.850783],[-3.053004,53.850798],[-3.052975,53.850827],[-3.052946,53.850857],[-3.052933,53.850872],[-3.052922,53.850888],[-3.052891,53.850945],[-3.052865,53.851002],[-3.052824,53.851119],[-3.052789,53.851237],[-3.052751,53.851355],[-3.05211,53.852862],[-3.051426,53.854462],[-3.050828,53.855877],[-3.050601,53.85643],[-3.050445,53.856833],[-3.050282,53.857313],[-3.050039,53.858076],[-3.049383,53.86019],[-3.048627,53.862652],[-3.047921,53.86494],[-3.047696,53.865655],[-3.047457,53.866429],[-3.047247,53.867086],[-3.047166,53.867316],[-3.047134,53.867397],[-3.047109,53.867452],[-3.047065,53.867524],[-3.047014,53.867594],[-3.046957,53.867663],[-3.046896,53.867731],[-3.046802,53.86783],[-3.046702,53.867926],[-3.046594,53.86802],[-3.046475,53.868108],[-3.046448,53.868126],[-3.046409,53.868149],[-3.046299,53.86821],[-3.045975,53.868382],[-3.045068,53.868851],[-3.044123,53.869341],[-3.043751,53.869538],[-3.043611,53.869616],[-3.043509,53.869675],[-3.043398,53.869748],[-3.043297,53.869825],[-3.043176,53.869933],[-3.043121,53.869989],[-3.043071,53.870047],[-3.043009,53.870126],[-3.042954,53.870207],[-3.042904,53.87029],[-3.042859,53.870373],[-3.042821,53.870452],[-3.042788,53.870532],[-3.04276,53.870612],[-3.042737,53.870693],[-3.042721,53.870769],[-3.042711,53.870846],[-3.042706,53.870923],[-3.042705,53.871],[-3.042712,53.8711],[-3.04273,53.871256],[-3.042793,53.871705],[-3.042979,53.872917],[-3.043161,53.874105],[-3.043219,53.874525],[-3.043235,53.874662],[-3.043238,53.874709],[-3.043239,53.87474],[-3.043231,53.87483],[-3.043214,53.874919],[-3.04319,53.875008],[-3.043156,53.875096],[-3.043128,53.875153],[-3.043095,53.875208],[-3.043057,53.875263],[-3.043013,53.875316],[-3.04296,53.875372],[-3.0429,53.875427],[-3.042837,53.87548],[-3.042769,53.875531],[-3.042712,53.87557],[-3.042651,53.875607],[-3.042523,53.875678],[-3.042354,53.875762],[-3.04217,53.875847],[-3.04179,53.876014],[-3.041439,53.876167],[-3.041293,53.876237],[-3.041176,53.876299],[-3.041083,53.876357],[-3.040995,53.876419],[-3.040831,53.876547],[-3.040671,53.876677],[-3.040589,53.876742],[-3.040503,53.876804],[-3.040385,53.87688],[-3.040261,53.876953],[-3.04014,53.877028],[-3.040084,53.877067],[-3.040031,53.877108],[-3.040006,53.877131],[-3.039984,53.877155],[-3.039944,53.877204],[-3.039909,53.877251],[-3.039894,53.877275],[-3.039881,53.8773],[-3.039852,53.877375],[-3.039829,53.87745],[-3.039794,53.877602],[-3.039768,53.877755],[-3.039737,53.877907],[-3.039594,53.878353],[-3.039447,53.878799],[-3.039307,53.879246],[-3.039241,53.87947],[-3.039181,53.879694],[-3.039077,53.880119],[-3.038984,53.880545],[-3.038903,53.880972],[-3.038835,53.8814],[-3.038818,53.88154],[-3.038813,53.88161],[-3.038812,53.88168],[-3.038819,53.88177],[-3.038836,53.881859],[-3.038866,53.881957],[-3.038904,53.882055],[-3.038989,53.882248],[-3.039069,53.882419],[-3.039155,53.882588],[-3.039336,53.882926],[-3.039513,53.883264],[-3.039595,53.883435],[-3.039669,53.883606],[-3.039692,53.883671],[-3.039709,53.883736],[-3.039746,53.88393],[-3.039775,53.88413],[-3.039819,53.884534],[-3.03986,53.884921],[-3.039887,53.885099],[-3.039921,53.885264],[-3.039967,53.885425],[-3.040027,53.885595],[-3.040166,53.885948],[-3.040307,53.886306],[-3.040368,53.88648],[-3.040417,53.886648],[-3.040439,53.88674],[-3.040456,53.886832],[-3.040468,53.886924],[-3.040472,53.887017],[-3.040467,53.8871],[-3.040451,53.88723],[-3.040397,53.887605],[-3.040229,53.888645],[-3.040054,53.889732],[-3.03999,53.890168],[-3.039969,53.890337],[-3.039957,53.890464],[-3.039947,53.890698],[-3.039944,53.890973],[-3.039955,53.891609],[-3.039974,53.892296],[-3.039989,53.892958],[-3.039982,53.893104],[-3.03997,53.89325],[-3.039933,53.893463],[-3.039908,53.893569],[-3.039878,53.893675],[-3.039848,53.893763],[-3.039815,53.893851],[-3.03974,53.894026],[-3.039665,53.894201],[-3.039599,53.894377],[-3.039551,53.894535],[-3.039532,53.894615],[-3.039518,53.894695],[-3.03951,53.89478],[-3.039505,53.894894],[-3.0395,53.895192],[-3.039505,53.895966],[-3.03951,53.896778],[-3.039505,53.897125],[-3.039491,53.897391],[-3.039479,53.897498],[-3.039464,53.897604],[-3.03942,53.897816],[-3.039374,53.89798],[-3.039315,53.898143],[-3.03927,53.898248],[-3.039222,53.898353],[-3.039112,53.89856],[-3.038997,53.898748],[-3.038867,53.898933],[-3.038781,53.899045],[-3.038692,53.899156],[-3.038597,53.899265],[-3.038498,53.899373],[-3.038395,53.899478],[-3.038288,53.899582],[-3.038175,53.899685],[-3.038056,53.899784],[-3.037894,53.899909],[-3.037724,53.900032],[-3.037547,53.90015],[-3.037365,53.900266],[-3.037165,53.900385],[-3.03695,53.900505],[-3.03649,53.90075],[-3.036017,53.900999],[-3.035785,53.901125],[-3.03556,53.901251],[-3.035155,53.901489],[-3.034958,53.90161],[-3.034767,53.901735],[-3.034475,53.901937],[-3.034192,53.902144],[-3.033917,53.902354],[-3.033651,53.902568],[-3.033478,53.902715],[-3.033311,53.902864],[-3.03299,53.903168],[-3.032635,53.903517],[-3.032228,53.903927],[-3.031307,53.904874],[-3.030323,53.905896],[-3.02937,53.906881],[-3.029209,53.907058],[-3.029131,53.907147],[-3.029057,53.907238],[-3.02893,53.90741],[-3.028811,53.907585],[-3.028699,53.907761],[-3.028594,53.907938],[-3.028507,53.9081],[-3.028427,53.908263],[-3.028279,53.908593],[-3.028131,53.908922],[-3.028051,53.909085],[-3.027964,53.909247],[-3.027862,53.909411],[-3.027749,53.909572],[-3.027566,53.909815],[-3.027468,53.909935],[-3.027364,53.910053],[-3.027265,53.910157],[-3.027119,53.910303],[-3.026705,53.910708],[-3.025528,53.911838],[-3.024144,53.913157],[-3.022863,53.914382],[-3.017281,53.919822],[-3.017162,53.919935],[-3.017045,53.920049],[-3.016923,53.92016],[-3.016859,53.920214],[-3.01679,53.920267],[-3.016685,53.920339],[-3.016573,53.920407],[-3.016456,53.920473],[-3.016336,53.920536],[-3.016144,53.92063],[-3.015923,53.920732],[-3.015422,53.920951],[-3.014885,53.92118],[-3.014366,53.921404],[-3.010069,53.923226],[-3.00975,53.923363],[-3.009417,53.923504],[-3.009113,53.923638],[-3.008986,53.923699],[-3.008883,53.923755],[-3.008859,53.92377],[-3.008837,53.923785],[-3.008817,53.923802],[-3.008808,53.92381],[-3.0088,53.923819],[-3.008763,53.923867],[-3.008734,53.923916],[-3.008713,53.923967],[-3.008699,53.924019],[-3.008695,53.92406],[-3.008697,53.924101],[-3.008712,53.924183],[-3.00873,53.924265],[-3.008737,53.924306],[-3.008739,53.924347],[-3.008733,53.924496],[-3.008718,53.924665],[-3.008667,53.925045],[-3.008605,53.925452],[-3.008549,53.925845],[-3.008536,53.925985],[-3.008521,53.926125],[-3.008511,53.926264],[-3.008511,53.926334],[-3.008516,53.926404],[-3.008534,53.926501],[-3.008549,53.926549],[-3.008569,53.926596],[-3.008609,53.926666],[-3.008658,53.926737],[-3.008771,53.926877],[-3.008878,53.927011],[-3.00892,53.927073],[-3.008936,53.927103],[-3.008949,53.927132],[-3.008957,53.927159],[-3.008962,53.927186],[-3.008962,53.927214],[-3.008961,53.927227],[-3.008958,53.927241],[-3.008948,53.927273],[-3.008942,53.927288],[-3.008934,53.927304],[-3.008924,53.927319],[-3.008913,53.927333],[-3.0089,53.927347],[-3.008892,53.927354],[-3.008884,53.92736],[-3.008875,53.927366],[-3.008866,53.927372],[-3.008856,53.927377],[-3.008846,53.927382],[-3.008824,53.927392],[-3.008801,53.9274],[-3.008753,53.927416],[-3.008704,53.92743],[-3.008447,53.927502],[-3.008181,53.927567],[-3.008047,53.927596],[-3.007915,53.927622],[-3.007784,53.927645],[-3.007656,53.927664],[-3.007601,53.927672],[-3.007545,53.927678],[-3.007517,53.92768],[-3.007489,53.927681],[-3.007475,53.927681],[-3.007461,53.92768],[-3.007448,53.927679],[-3.007434,53.927677],[-3.007415,53.927674],[-3.007397,53.92767],[-3.00736,53.92766],[-3.007326,53.927649],[-3.007292,53.927635],[-3.007261,53.92762],[-3.007231,53.927604],[-3.007202,53.927588],[-3.007176,53.92757],[-3.007165,53.927562],[-3.007152,53.927551],[-3.007124,53.927526],[-3.007058,53.92746],[-3.006982,53.927376],[-3.006903,53.927282],[-3.006824,53.927183],[-3.006751,53.927084],[-3.006688,53.926993],[-3.006641,53.926915],[-3.006634,53.9269],[-3.006628,53.926885],[-3.006624,53.92687],[-3.006623,53.926863],[-3.006623,53.926855],[-3.006624,53.926847],[-3.006625,53.926839],[-3.006631,53.926822],[-3.006639,53.926806],[-3.006649,53.926791],[-3.006668,53.926768],[-3.006691,53.926747],[-3.006703,53.926737],[-3.006717,53.926727],[-3.006731,53.926718],[-3.006747,53.926709],[-3.006775,53.926696],[-3.006804,53.926684],[-3.006835,53.926674],[-3.006867,53.926664],[-3.006933,53.926647],[-3.007001,53.926633],[-3.007061,53.926622],[-3.007127,53.926612],[-3.007273,53.926595],[-3.007595,53.926566],[-3.007912,53.926539],[-3.008052,53.926522],[-3.008114,53.926512],[-3.00817,53.926502],[-3.008204,53.926495],[-3.008237,53.926486],[-3.008253,53.926481],[-3.008268,53.926475],[-3.008283,53.926469],[-3.00829,53.926466],[-3.008296,53.926462],[-3.008317,53.926448],[-3.008336,53.926433],[-3.008353,53.926418],[-3.008368,53.926401],[-3.008381,53.926384],[-3.008393,53.926367],[-3.008413,53.926331],[-3.008423,53.926307],[-3.008432,53.926282],[-3.008444,53.926229],[-3.008455,53.926116],[-3.008459,53.925997],[-3.008466,53.925882]]]}},{"type":"Feature","properties":{"r":"UK","g":"uk","col":"#00afad","n":"Docklands Light Railway","ct":"伦敦","jk":"urban","nz":"码头区轻便铁路"},"geometry":{"type":"MultiLineString","coordinates":[[[-0.023219,51.508355],[-0.023231,51.508353],[-0.023244,51.508351],[-0.023269,51.508347],[-0.023281,51.508345],[-0.023294,51.508344],[-0.0233,51.508344],[-0.023306,51.508344],[-0.023313,51.508344],[-0.023319,51.508344],[-0.023334,51.508345],[-0.02335,51.508347],[-0.023387,51.508353],[-0.023474,51.508372],[-0.023576,51.508398],[-0.023689,51.508429],[-0.02415,51.508564],[-0.024546,51.508679],[-0.02494,51.508797],[-0.02533,51.50892],[-0.025716,51.509048],[-0.025919,51.509119],[-0.02612,51.509193],[-0.026518,51.509345],[-0.026913,51.5095],[-0.02731,51.509653],[-0.027791,51.509854],[-0.02827,51.510057],[-0.028753,51.510256],[-0.028998,51.510353],[-0.029245,51.510447],[-0.029626,51.510584],[-0.030013,51.510715],[-0.030404,51.510841],[-0.030798,51.510963],[-0.031112,51.511056],[-0.031429,51.511146],[-0.031748,51.511232],[-0.03207,51.511315],[-0.032439,51.511405],[-0.032811,51.511491],[-0.033185,51.511572],[-0.033561,51.51165],[-0.034029,51.511742],[-0.034499,51.511829],[-0.034971,51.51191],[-0.035447,51.511984],[-0.035882,51.512044],[-0.03632,51.512098],[-0.036759,51.512147],[-0.037199,51.512191],[-0.037615,51.512228],[-0.038032,51.51226],[-0.03845,51.512288],[-0.038868,51.512313],[-0.039417,51.512342],[-0.039693,51.512351],[-0.039968,51.512354],[-0.040146,51.512349],[-0.040323,51.512336],[-0.040422,51.512325],[-0.04052,51.512311],[-0.040715,51.512279],[-0.040911,51.512247],[-0.041009,51.512233],[-0.041108,51.512222],[-0.041288,51.512208],[-0.041468,51.512199],[-0.04183,51.51219],[-0.042057,51.512188],[-0.042285,51.512189],[-0.04274,51.512197],[-0.043195,51.512205],[-0.043423,51.512207],[-0.04365,51.512206],[-0.044349,51.51219],[-0.04546,51.512156],[-0.046851,51.51211],[-0.048389,51.512056],[-0.04994,51.511999],[-0.051371,51.511944],[-0.05255,51.511895],[-0.053342,51.511858],[-0.053674,51.511838],[-0.054005,51.511815],[-0.054667,51.511763],[-0.055328,51.51171],[-0.055659,51.511687],[-0.055991,51.511667],[-0.056578,51.511639],[-0.057197,51.511615],[-0.058457,51.511576],[-0.059613,51.511541],[-0.060103,51.511522],[-0.060508,51.5115],[-0.060731,51.511483],[-0.060953,51.511464],[-0.061396,51.511418],[-0.061839,51.511373],[-0.06206,51.511352],[-0.062283,51.511334],[-0.062634,51.511311],[-0.062986,51.51129],[-0.06369,51.511256],[-0.064395,51.511225],[-0.065099,51.511192],[-0.065612,51.511157],[-0.066126,51.511124],[-0.066639,51.511087],[-0.066895,51.511066],[-0.06715,51.511043],[-0.067456,51.511008],[-0.067759,51.510968],[-0.068063,51.510928],[-0.068369,51.510894],[-0.068636,51.510873],[-0.068904,51.510858],[-0.069172,51.510842],[-0.069306,51.510832],[-0.069439,51.510819],[-0.069729,51.510786],[-0.070047,51.510746],[-0.070377,51.510702],[-0.070706,51.510656],[-0.071019,51.510609],[-0.071303,51.510565],[-0.071543,51.510523],[-0.071725,51.510488],[-0.071897,51.510446],[-0.072108,51.510388],[-0.072616,51.510236],[-0.073177,51.510067],[-0.073453,51.509986],[-0.073716,51.509914],[-0.074052,51.509826],[-0.07439,51.509741],[-0.07473,51.509661],[-0.075074,51.509586],[-0.075357,51.50953],[-0.075643,51.509478],[-0.075931,51.509431],[-0.07622,51.509388],[-0.076406,51.509363],[-0.076592,51.509341],[-0.07678,51.509322],[-0.076968,51.509307],[-0.077139,51.509296],[-0.077311,51.509288],[-0.077483,51.509284],[-0.077655,51.509285],[-0.077902,51.509297],[-0.078265,51.50932],[-0.078701,51.509353],[-0.079168,51.50939],[-0.079624,51.50943],[-0.080026,51.509467],[-0.080332,51.509498],[-0.080435,51.509511],[-0.080472,51.509516],[-0.080498,51.509521],[-0.080521,51.509526],[-0.08055,51.509534],[-0.080622,51.509556],[-0.080819,51.509622],[-0.081363,51.509816],[-0.082001,51.510043],[-0.082314,51.51015],[-0.082602,51.510242],[-0.082781,51.510297],[-0.082962,51.510351],[-0.083146,51.5104],[-0.083239,51.510422],[-0.083334,51.510441],[-0.083455,51.510462],[-0.083578,51.51048],[-0.083825,51.510509],[-0.084075,51.510531],[-0.084326,51.510549],[-0.084473,51.510556],[-0.08462,51.510559],[-0.084915,51.510559],[-0.085209,51.510561],[-0.085356,51.510566],[-0.085502,51.510576],[-0.085794,51.510607],[-0.08609,51.510649],[-0.086233,51.510673],[-0.086369,51.510698],[-0.086496,51.510724],[-0.08661,51.510751],[-0.086684,51.510772],[-0.086755,51.510797],[-0.086892,51.510853],[-0.087042,51.51092],[-0.087189,51.51099],[-0.087329,51.511065],[-0.087462,51.511145],[-0.087525,51.511188],[-0.087583,51.511234],[-0.087637,51.511282],[-0.087688,51.511331],[-0.087766,51.511415],[-0.08784,51.5115],[-0.087975,51.511675],[-0.088103,51.511852],[-0.088235,51.512028]],[[-0.070833,51.510608],[-0.071004,51.510645],[-0.071178,51.510684],[-0.071347,51.510718],[-0.071428,51.510729],[-0.071466,51.510733],[-0.071504,51.510736],[-0.071545,51.510737],[-0.071593,51.510735],[-0.071708,51.510728],[-0.071991,51.510699],[-0.072306,51.510665],[-0.072461,51.510651],[-0.072607,51.510641],[-0.07282,51.510634],[-0.073057,51.510631],[-0.073547,51.510632],[-0.07396,51.510633],[-0.074101,51.51063],[-0.074149,51.510627],[-0.074166,51.510624],[-0.074173,51.510623],[-0.074179,51.510622],[-0.074182,51.510621],[-0.074185,51.51062],[-0.074193,51.510617],[-0.074214,51.510608],[-0.074274,51.510577],[-0.074462,51.510474],[-0.075029,51.510144],[-0.07571,51.509742],[-0.076334,51.509376]],[[-0.025328,51.508923],[-0.024908,51.508805],[-0.024489,51.508686],[-0.024068,51.508569],[-0.023856,51.508513],[-0.023643,51.508459],[-0.023296,51.508374],[-0.02312,51.508336],[-0.02303,51.50832],[-0.02294,51.508306],[-0.022837,51.508294],[-0.022733,51.508286],[-0.022628,51.508281],[-0.022523,51.508281],[-0.022386,51.508286],[-0.022246,51.508297],[-0.021957,51.508328],[-0.021662,51.508362],[-0.021514,51.508376],[-0.021368,51.508385],[-0.021241,51.508391],[-0.021113,51.508395],[-0.020985,51.508395],[-0.020922,51.508391],[-0.020859,51.508386],[-0.020809,51.508379],[-0.020749,51.508368],[-0.020607,51.508337],[-0.020251,51.508249],[-0.019852,51.508151],[-0.019654,51.508107],[-0.019467,51.508072],[-0.019256,51.508042],[-0.018991,51.508011],[-0.018347,51.507946],[-0.017636,51.507875],[-0.017288,51.507837],[-0.016961,51.507798],[-0.016734,51.507766],[-0.0165,51.50773],[-0.016027,51.507652],[-0.015582,51.507581],[-0.015383,51.507553],[-0.015205,51.507534],[-0.015078,51.507524],[-0.014951,51.507517],[-0.014695,51.50751],[-0.014439,51.507507],[-0.014183,51.507506],[-0.013492,51.507503],[-0.012797,51.507507],[-0.012452,51.507512],[-0.012111,51.507519],[-0.011776,51.507528],[-0.011448,51.507541],[-0.011101,51.507558],[-0.010716,51.507581],[-0.010308,51.507607],[-0.009894,51.507637],[-0.009487,51.507669],[-0.009104,51.507701],[-0.008761,51.507733],[-0.008471,51.507764],[-0.008203,51.507796],[-0.007918,51.507834],[-0.007619,51.507876],[-0.007312,51.507923],[-0.006686,51.508024],[-0.006076,51.508133],[-0.00594,51.50816],[-0.005873,51.508175],[-0.005808,51.508192],[-0.005668,51.508234],[-0.005532,51.508281],[-0.005399,51.508331],[-0.005269,51.508384],[-0.005124,51.508449],[-0.004983,51.508519],[-0.00471,51.508666],[-0.004437,51.50881],[-0.004298,51.508878],[-0.004156,51.508941],[-0.00403,51.50899],[-0.0039,51.509036],[-0.003767,51.509078],[-0.003631,51.509116],[-0.003516,51.509142],[-0.003331,51.50918],[-0.00279,51.509284],[-0.001305,51.509558],[0.00018,51.509832],[0.00072,51.509935],[0.000905,51.509973],[0.001019,51.509999],[0.001212,51.510052],[0.001402,51.510111],[0.001586,51.510176],[0.001763,51.510248],[0.001881,51.510303],[0.001993,51.510364],[0.002101,51.510427],[0.002204,51.510493],[0.002349,51.510591],[0.002487,51.510692],[0.002618,51.510798],[0.002739,51.510907],[0.002828,51.510997],[0.002923,51.511101],[0.003023,51.511215],[0.003125,51.511338],[0.003326,51.511595],[0.00351,51.511848],[0.003568,51.511934],[0.003622,51.512021],[0.003671,51.512109],[0.003714,51.512198],[0.003764,51.512327],[0.003809,51.512474],[0.003892,51.512789],[0.00397,51.51309],[0.00401,51.513217],[0.004052,51.51332],[0.0041,51.51341],[0.004156,51.513498],[0.004219,51.513584],[0.00429,51.513668],[0.004341,51.513719],[0.004397,51.513769],[0.004516,51.513864],[0.004637,51.513957],[0.004762,51.514048],[0.004891,51.514137],[0.005024,51.514223],[0.005197,51.514331],[0.005374,51.514436],[0.005557,51.514537],[0.005749,51.514631],[0.005847,51.514675],[0.005947,51.514717],[0.006052,51.514754],[0.006106,51.514771],[0.006161,51.514785],[0.006282,51.51481],[0.006406,51.514828],[0.006532,51.514839],[0.006659,51.514843],[0.006751,51.514841],[0.006842,51.514833],[0.006932,51.51482],[0.007019,51.514802],[0.007081,51.514786],[0.007142,51.514768],[0.007259,51.514726],[0.00737,51.514678],[0.007475,51.514625],[0.007544,51.514585],[0.007609,51.514543],[0.00773,51.514454],[0.007844,51.514361],[0.007955,51.514266],[0.008155,51.514091],[0.008348,51.513912],[0.00844,51.513822],[0.008527,51.51373],[0.00861,51.513639],[0.008688,51.513547],[0.008769,51.51344],[0.008841,51.51333],[0.008906,51.513218],[0.008964,51.513105],[0.009044,51.512925],[0.009112,51.512743],[0.009171,51.51256],[0.009224,51.512376],[0.009242,51.512295],[0.009256,51.512214],[0.00927,51.512133],[0.00929,51.512053],[0.009359,51.511852],[0.009438,51.511653],[0.009526,51.511454],[0.009619,51.511257],[0.009709,51.511074],[0.00976,51.510984],[0.009818,51.510896],[0.009866,51.51083],[0.009917,51.510766],[0.009975,51.510704],[0.010007,51.510674],[0.010041,51.510645],[0.010122,51.510588],[0.010211,51.510535],[0.010306,51.510486],[0.010404,51.51044],[0.0105,51.5104],[0.010601,51.510364],[0.010809,51.510299],[0.011015,51.510233],[0.011113,51.510197],[0.011206,51.510156],[0.011288,51.510113],[0.011365,51.510067],[0.011509,51.509968],[0.011652,51.509867],[0.011725,51.509818],[0.011803,51.509772],[0.011923,51.509707],[0.012046,51.509644],[0.012174,51.509584],[0.012306,51.509529],[0.01244,51.509479],[0.012578,51.50943],[0.01272,51.509383],[0.012864,51.509338],[0.013158,51.509254],[0.013308,51.509216],[0.013458,51.50918],[0.013662,51.509137],[0.013869,51.509099],[0.01408,51.509069],[0.014292,51.509046],[0.014483,51.509034],[0.014751,51.509022],[0.015071,51.509012],[0.015416,51.509004],[0.01576,51.508999],[0.016077,51.508997],[0.016341,51.508998],[0.016526,51.509003],[0.016612,51.50901],[0.016729,51.509022],[0.017042,51.509061],[0.017866,51.509175],[0.018738,51.509294],[0.019111,51.509341],[0.019397,51.509371],[0.019636,51.509388],[0.019885,51.509399],[0.020405,51.509414],[0.020937,51.509429],[0.021202,51.50944],[0.021462,51.509456],[0.021642,51.509471],[0.021821,51.509488],[0.022179,51.509528],[0.022536,51.509569],[0.022715,51.509588],[0.022895,51.509605],[0.023395,51.509644],[0.023645,51.50966],[0.023896,51.509671],[0.024253,51.509681],[0.024652,51.509687],[0.025536,51.50969],[0.026471,51.50969],[0.027381,51.509691],[0.028039,51.509712],[0.028702,51.509735],[0.029354,51.509753],[0.029669,51.509758],[0.029975,51.509758],[0.030505,51.50975],[0.031039,51.509733],[0.031303,51.509722],[0.031565,51.509707],[0.031822,51.509691],[0.032075,51.509672],[0.032353,51.509647],[0.032675,51.509614],[0.03302,51.509576],[0.03337,51.509534],[0.033704,51.509492],[0.034002,51.509452],[0.034245,51.509416],[0.034412,51.509387],[0.034592,51.509346],[0.034768,51.509298],[0.034938,51.509243],[0.035104,51.509183],[0.035233,51.509129],[0.035373,51.509063],[0.035678,51.508906],[0.036002,51.508739],[0.036165,51.508659],[0.036326,51.508586],[0.036529,51.508502],[0.036633,51.508463],[0.03674,51.508427],[0.036929,51.508369],[0.037122,51.508315],[0.037318,51.508267],[0.037518,51.508226],[0.037716,51.508194],[0.037917,51.508168],[0.03812,51.508148],[0.038324,51.508132],[0.038655,51.508114],[0.039154,51.508096],[0.040503,51.508056],[0.042058,51.508015],[0.04351,51.507975],[0.043714,51.507972],[0.043919,51.507966],[0.044123,51.507965],[0.044225,51.507969],[0.044326,51.507976],[0.044414,51.507986],[0.0445,51.507998],[0.044672,51.508028],[0.04484,51.508066],[0.045005,51.508108],[0.045087,51.508132],[0.045191,51.508166],[0.045454,51.508257],[0.046104,51.508494],[0.046756,51.508731],[0.04702,51.508822],[0.047125,51.508856],[0.047208,51.508881],[0.047316,51.508908],[0.047425,51.508932],[0.047537,51.508952],[0.04765,51.508968],[0.047762,51.508979],[0.047874,51.508987],[0.048101,51.508993],[0.048391,51.508989],[0.048999,51.508973],[0.050986,51.508917],[0.053695,51.508835],[0.056759,51.50874],[0.059809,51.508642],[0.062478,51.508554],[0.064399,51.508487],[0.064963,51.508465],[0.065127,51.508458],[0.065176,51.508455],[0.065192,51.508454],[0.065203,51.508453],[0.065324,51.508437],[0.065443,51.508416],[0.06556,51.50839],[0.065674,51.50836],[0.065743,51.508338],[0.065809,51.508314],[0.065937,51.508259],[0.066119,51.508169],[0.066335,51.508054],[0.066811,51.507788],[0.067258,51.507537],[0.067437,51.507442],[0.067509,51.507406],[0.067568,51.50738],[0.067715,51.507324],[0.067869,51.507274],[0.068027,51.507231],[0.068189,51.507193],[0.068348,51.507163],[0.06851,51.50714],[0.068673,51.507123],[0.068838,51.50711],[0.069146,51.507096],[0.069465,51.50709],[0.069619,51.507091],[0.069763,51.507094],[0.069894,51.5071],[0.070006,51.507108],[0.07017,51.507129],[0.070331,51.507158],[0.070489,51.507194],[0.070643,51.507235],[0.070703,51.507253],[0.070761,51.507274],[0.070872,51.50732],[0.07097,51.507367],[0.071066,51.507416],[0.071157,51.507468],[0.071243,51.507523],[0.071311,51.507572],[0.071376,51.507623],[0.071436,51.507677],[0.071491,51.507732],[0.071542,51.507789],[0.071589,51.507848],[0.071631,51.507909],[0.071668,51.50797],[0.071703,51.508038],[0.071733,51.508106],[0.071757,51.508176],[0.071776,51.508246],[0.071788,51.508316],[0.071794,51.508387],[0.071797,51.508528],[0.071789,51.508868],[0.071767,51.509381],[0.071733,51.510007],[0.071691,51.510684],[0.071647,51.51135],[0.071603,51.511944],[0.071563,51.512404],[0.071546,51.512565],[0.071532,51.512669],[0.071501,51.512805],[0.07148,51.512873],[0.071455,51.51294],[0.071422,51.513017],[0.071384,51.513093],[0.071341,51.513168],[0.071293,51.513241],[0.071236,51.513318],[0.071173,51.513394],[0.071104,51.513467],[0.071027,51.513537],[0.07099,51.513566],[0.07095,51.513595],[0.070865,51.513648],[0.070691,51.513753],[0.070559,51.513835],[0.070492,51.513876],[0.070422,51.513914],[0.070288,51.513978],[0.07015,51.514038],[0.070008,51.514095],[0.069861,51.514146],[0.069751,51.51418],[0.069638,51.514211],[0.069522,51.514238],[0.069405,51.514261],[0.069234,51.514288],[0.069061,51.51431],[0.068886,51.514327],[0.068711,51.514341],[0.06832,51.514363],[0.067699,51.514391],[0.066927,51.514421],[0.066086,51.514451],[0.065256,51.514478],[0.064518,51.514499],[0.063952,51.514512],[0.063758,51.514515],[0.063638,51.514514],[0.063443,51.514504],[0.06319,51.514484],[0.062559,51.514425],[0.061855,51.514355],[0.061187,51.51429]],[[-0.012194,51.507526],[-0.01214,51.507543],[-0.012085,51.507558],[-0.012058,51.507566],[-0.012032,51.507575],[-0.012007,51.507585],[-0.011995,51.507591],[-0.011984,51.507597],[-0.011955,51.507614],[-0.011928,51.507632],[-0.011903,51.507651],[-0.01188,51.507671],[-0.011838,51.507714],[-0.011802,51.507758],[-0.01177,51.507809],[-0.011745,51.507862],[-0.011728,51.507916],[-0.011718,51.507971],[-0.011717,51.507982],[-0.011717,51.507994],[-0.01172,51.508016],[-0.011732,51.508061],[-0.011749,51.508108],[-0.011769,51.508154],[-0.011817,51.508245],[-0.011892,51.508369],[-0.011974,51.508492],[-0.01215,51.508735],[-0.012324,51.508978],[-0.012404,51.509101],[-0.012476,51.509226],[-0.012537,51.509344],[-0.012593,51.509463],[-0.012694,51.509703],[-0.012784,51.509944],[-0.012865,51.510187],[-0.012926,51.510385],[-0.012982,51.510586],[-0.013034,51.510788],[-0.013082,51.510991],[-0.013171,51.5114],[-0.013251,51.511808],[-0.013281,51.511995],[-0.013304,51.512183],[-0.013327,51.512371],[-0.013359,51.512558],[-0.013403,51.512758],[-0.013452,51.512958],[-0.013561,51.513357],[-0.013675,51.513755],[-0.013787,51.514154],[-0.014865,51.517818],[-0.015043,51.51831],[-0.015133,51.518555],[-0.015231,51.5188],[-0.015329,51.519023],[-0.015438,51.519244],[-0.015607,51.519552],[-0.015786,51.519858],[-0.01597,51.520163],[-0.016151,51.520469],[-0.020465,51.527214],[-0.020698,51.527538],[-0.020927,51.527862],[-0.021163,51.528185],[-0.021286,51.528345],[-0.021414,51.528503],[-0.021495,51.528595],[-0.021581,51.528686],[-0.02176,51.528865],[-0.021936,51.529046],[-0.022018,51.529138],[-0.022093,51.529232],[-0.022131,51.52929],[-0.022159,51.529349],[-0.022188,51.529439],[-0.022196,51.529485],[-0.0222,51.529531],[-0.022197,51.529592],[-0.022188,51.529654],[-0.022173,51.529715],[-0.022153,51.529775],[-0.022139,51.52981],[-0.022121,51.529845],[-0.022079,51.529912],[-0.022019,51.529991],[-0.021954,51.530068],[-0.021882,51.530143],[-0.021806,51.530216],[-0.021722,51.530289],[-0.021633,51.53036],[-0.021539,51.530428],[-0.021441,51.530494],[-0.02135,51.530552],[-0.021255,51.530607],[-0.021157,51.530661],[-0.021056,51.530712],[-0.020851,51.530808],[-0.020609,51.530914],[-0.02005,51.531146],[-0.01945,51.531393],[-0.019157,51.531518],[-0.01888,51.531641],[-0.018692,51.53173],[-0.018506,51.531822],[-0.018138,51.532011],[-0.017772,51.532196],[-0.017588,51.532283],[-0.017404,51.532364],[-0.01727,51.532418],[-0.017132,51.532468],[-0.016852,51.532562],[-0.016581,51.532648],[-0.016285,51.532736],[-0.015676,51.53291],[-0.015137,51.533065],[-0.01493,51.533129],[-0.014848,51.533157],[-0.014783,51.533181],[-0.014623,51.533252],[-0.014384,51.533367],[-0.014091,51.533512],[-0.013769,51.533677],[-0.013442,51.533846],[-0.013137,51.534008],[-0.012877,51.53415],[-0.012688,51.534258],[-0.012604,51.534311],[-0.012525,51.534366],[-0.012373,51.534481],[-0.012234,51.534595],[-0.012101,51.534713],[-0.011845,51.534952],[-0.011587,51.53519],[-0.011453,51.535306],[-0.011312,51.53542],[-0.011211,51.535495],[-0.011106,51.535568],[-0.010888,51.535709],[-0.01067,51.53585],[-0.010563,51.535922],[-0.01046,51.535996],[-0.01024,51.536166],[-0.010027,51.53634],[-0.009607,51.53669],[-0.00927,51.536941],[-0.008932,51.537191],[-0.008597,51.537443],[-0.00827,51.537699],[-0.008048,51.537883],[-0.007831,51.53807],[-0.007401,51.538445],[-0.007079,51.538754],[-0.006748,51.539076],[-0.006434,51.539373],[-0.006291,51.5395],[-0.006161,51.539608],[-0.006096,51.539657],[-0.006027,51.539704],[-0.005883,51.539794],[-0.005788,51.539845],[-0.00569,51.539894],[-0.005591,51.539943],[-0.005496,51.539994],[-0.005269,51.540129],[-0.005049,51.540269],[-0.004836,51.540413],[-0.00463,51.54056],[-0.004603,51.540581],[-0.004579,51.540603],[-0.004556,51.540627],[-0.004544,51.540639],[-0.004531,51.54065],[-0.004507,51.540671],[-0.0045,51.540676],[-0.004493,51.54068],[-0.004486,51.540685],[-0.004477,51.540688],[-0.004462,51.540695],[-0.004453,51.540697],[-0.004444,51.5407],[-0.004436,51.540702],[-0.004426,51.540703],[-0.004417,51.540705],[-0.004413,51.540705],[-0.004408,51.540705],[-0.004403,51.540705],[-0.004399,51.540705],[-0.004389,51.540704],[-0.00438,51.540703],[-0.004371,51.540701],[-0.004362,51.540699],[-0.004354,51.540696],[-0.004337,51.540691],[-0.004329,51.540687],[-0.004321,51.540683],[-0.004314,51.540679],[-0.004307,51.540674],[-0.00428,51.540654],[-0.004267,51.540643],[-0.004254,51.540632],[-0.004229,51.540609],[-0.004202,51.540588],[-0.004174,51.540568],[-0.00397,51.540437],[-0.003715,51.540282],[-0.003102,51.539924],[-0.002427,51.539536],[-0.001784,51.539163]],[[-0.018003,51.50791],[-0.018122,51.507881],[-0.018241,51.507851],[-0.018361,51.507824],[-0.018422,51.507813],[-0.018484,51.507804],[-0.018501,51.507802],[-0.018518,51.507801],[-0.018552,51.5078],[-0.018621,51.507802],[-0.018691,51.507803],[-0.018725,51.507802],[-0.018742,51.507801],[-0.018759,51.507799],[-0.018872,51.507782],[-0.019014,51.507755],[-0.019176,51.507721],[-0.01935,51.507681],[-0.019525,51.507638],[-0.019693,51.507595],[-0.019845,51.507552],[-0.019971,51.507513],[-0.020024,51.507495],[-0.020075,51.507474],[-0.020123,51.507452],[-0.020146,51.507439],[-0.020167,51.507426],[-0.020184,51.507414],[-0.0202,51.507401],[-0.020228,51.507374],[-0.020252,51.507346],[-0.020272,51.507316],[-0.02028,51.507301],[-0.020288,51.507284],[-0.020304,51.507242],[-0.020337,51.507133],[-0.020408,51.506846],[-0.020485,51.506535],[-0.020527,51.506395],[-0.020572,51.506278],[-0.020647,51.506127],[-0.020734,51.505978],[-0.020832,51.505832],[-0.020937,51.505688],[-0.020943,51.505682],[-0.020949,51.505676],[-0.020952,51.505673],[-0.020956,51.50567],[-0.020959,51.505667],[-0.020963,51.505663],[-0.020968,51.505658],[-0.020969,51.505656],[-0.02097,51.505655],[-0.020971,51.505654],[-0.020971,51.505653],[-0.020971,51.505652],[-0.020971,51.505651],[-0.020971,51.50565],[-0.02097,51.505649],[-0.02097,51.505648],[-0.020969,51.505647],[-0.020968,51.505646],[-0.020968,51.505645],[-0.020967,51.505644],[-0.020967,51.505643],[-0.020967,51.505642],[-0.020966,51.505642],[-0.020965,51.505642],[-0.020964,51.505641],[-0.020963,51.505641],[-0.020962,51.505641],[-0.020961,51.505641],[-0.020959,51.505641],[-0.020958,51.505641],[-0.020955,51.50564],[-0.020954,51.50564],[-0.020953,51.50564],[-0.020952,51.50564],[-0.020951,51.50564],[-0.02095,51.50564],[-0.020949,51.50564],[-0.020947,51.50564],[-0.020946,51.50564],[-0.020945,51.505641],[-0.020943,51.505642],[-0.020941,51.505642],[-0.020932,51.505646],[-0.020927,51.505649],[-0.020923,51.505651],[-0.020918,51.505654],[-0.020914,51.505656],[-0.020905,51.505661],[-0.020895,51.505665],[-0.020887,51.505668],[-0.020878,51.505671],[-0.020859,51.505675],[-0.02082,51.505684],[-0.020801,51.505689],[-0.020792,51.505692],[-0.020784,51.505695],[-0.020776,51.505698],[-0.020768,51.505701],[-0.020761,51.505705],[-0.020757,51.505708],[-0.020754,51.50571],[-0.020748,51.505715],[-0.020742,51.505721],[-0.020731,51.505733],[-0.020721,51.505746],[-0.020712,51.505762],[-0.020695,51.505795],[-0.020681,51.505832],[-0.020657,51.505911],[-0.020636,51.505986],[-0.020635,51.505994],[-0.020634,51.506002],[-0.020634,51.506006],[-0.020634,51.50601],[-0.020634,51.506015],[-0.020633,51.506019],[-0.020632,51.506026],[-0.020632,51.506028],[-0.020632,51.506029],[-0.020631,51.50603],[-0.020631,51.506031],[-0.02063,51.506032],[-0.020629,51.506033],[-0.020628,51.506033],[-0.020628,51.506034],[-0.020627,51.506034],[-0.020626,51.506034],[-0.020626,51.506035],[-0.020624,51.506035],[-0.020622,51.506036],[-0.02062,51.506036],[-0.020619,51.506036],[-0.020618,51.506037],[-0.020617,51.506037],[-0.020616,51.506038],[-0.020615,51.506038],[-0.020614,51.506038],[-0.020613,51.506038],[-0.020612,51.506037],[-0.020611,51.506037],[-0.020611,51.506036],[-0.02061,51.506036],[-0.020609,51.506036],[-0.020609,51.506035],[-0.020608,51.506035],[-0.020605,51.506034],[-0.020604,51.506033],[-0.020603,51.506033],[-0.020603,51.506032],[-0.020602,51.506032],[-0.020602,51.506031],[-0.020601,51.506031],[-0.020601,51.50603],[-0.0206,51.506029],[-0.0206,51.506028],[-0.0206,51.506027],[-0.0206,51.506026],[-0.0206,51.506024],[-0.020602,51.506017],[-0.020603,51.506013],[-0.020604,51.506009],[-0.020606,51.506004],[-0.020607,51.506],[-0.020609,51.505992],[-0.020609,51.505984],[-0.020609,51.505957],[-0.020605,51.50593],[-0.020602,51.505903],[-0.0206,51.505877],[-0.020604,51.505758],[-0.020613,51.50564],[-0.020628,51.505521],[-0.020648,51.505403],[-0.020694,51.505178],[-0.02075,51.504948],[-0.020781,51.504836],[-0.020815,51.50473],[-0.020851,51.504631],[-0.02089,51.504541],[-0.020912,51.504501],[-0.020937,51.504461],[-0.020994,51.504383],[-0.021053,51.504306],[-0.02108,51.504267],[-0.021104,51.504227],[-0.021137,51.504157],[-0.021164,51.504085],[-0.021241,51.50385],[-0.021318,51.503588],[-0.021474,51.503007],[-0.021631,51.502393],[-0.021788,51.501796],[-0.021812,51.501712],[-0.021822,51.501669],[-0.021829,51.501627],[-0.021835,51.501536],[-0.021831,51.501491],[-0.021827,51.501468],[-0.02182,51.501446],[-0.0218,51.501399],[-0.021773,51.501353],[-0.021757,51.501331],[-0.021739,51.501309],[-0.021718,51.501289],[-0.021696,51.501269],[-0.021666,51.501246],[-0.021633,51.501224],[-0.021598,51.501204],[-0.021562,51.501185],[-0.021484,51.50115],[-0.021402,51.501119],[-0.021351,51.501103],[-0.021282,51.501083],[-0.021096,51.501035],[-0.02086,51.500979],[-0.020592,51.500918],[-0.020307,51.500856],[-0.020022,51.500797],[-0.019753,51.500744],[-0.019518,51.500701],[-0.019379,51.50068],[-0.019237,51.500663],[-0.01895,51.500634],[-0.018668,51.500604],[-0.018532,51.500585],[-0.0184,51.500562],[-0.018337,51.500548],[-0.018276,51.500531],[-0.018216,51.500513],[-0.018158,51.500492],[-0.018082,51.50046],[-0.018007,51.500423],[-0.017861,51.500344],[-0.017722,51.50027],[-0.017655,51.50024],[-0.017623,51.500228],[-0.017591,51.500218],[-0.017587,51.500217],[-0.017581,51.500216],[-0.017567,51.500213],[-0.017528,51.500206],[-0.017408,51.500189],[-0.017027,51.500141],[-0.015937,51.500016],[-0.014839,51.499889],[-0.01445,51.499841],[-0.014324,51.499823],[-0.014281,51.499816],[-0.014266,51.499813],[-0.014254,51.49981],[-0.014174,51.499787],[-0.014098,51.49976],[-0.014061,51.499744],[-0.014026,51.499728],[-0.013993,51.49971],[-0.013962,51.499691],[-0.013925,51.499666],[-0.01389,51.499639],[-0.013858,51.499611],[-0.013829,51.499581],[-0.013801,51.499551],[-0.013777,51.49952],[-0.013736,51.499456],[-0.013728,51.499439],[-0.013722,51.499422],[-0.013718,51.499405],[-0.013715,51.499387],[-0.01371,51.499316],[-0.013709,51.499266],[-0.013712,51.499216],[-0.013723,51.499116],[-0.013764,51.498773],[-0.013812,51.498431],[-0.01387,51.498089],[-0.013938,51.497748],[-0.013965,51.49764],[-0.013999,51.497532],[-0.014066,51.497365],[-0.014142,51.4972],[-0.014217,51.497035],[-0.014251,51.496952],[-0.014281,51.496868],[-0.014319,51.496731],[-0.014347,51.496592],[-0.014404,51.496232],[-0.014451,51.495869],[-0.01447,51.495689],[-0.014484,51.495512],[-0.014493,51.495339],[-0.014497,51.495172],[-0.014493,51.495092],[-0.014483,51.495013],[-0.014473,51.494934],[-0.014468,51.494854],[-0.014472,51.494714],[-0.014483,51.494574],[-0.014509,51.494295],[-0.014534,51.494065],[-0.014548,51.493951],[-0.014566,51.493836],[-0.014593,51.493713],[-0.014625,51.49359],[-0.014656,51.493466],[-0.014683,51.493343],[-0.014711,51.493149],[-0.014731,51.492954],[-0.01475,51.492759],[-0.014778,51.492565],[-0.014807,51.492437],[-0.014842,51.49231],[-0.014876,51.492182],[-0.014899,51.492054],[-0.014907,51.491948],[-0.014908,51.491843],[-0.014901,51.491631],[-0.014889,51.49138],[-0.014877,51.491254],[-0.014858,51.491129],[-0.014841,51.491043],[-0.01482,51.490957],[-0.014792,51.490871],[-0.014754,51.490788],[-0.014716,51.490725],[-0.01467,51.490663],[-0.014618,51.490603],[-0.014561,51.490546],[-0.014471,51.490468],[-0.01435,51.49037],[-0.014203,51.490259],[-0.014038,51.490137],[-0.013679,51.489885],[-0.013499,51.489764],[-0.013327,51.489652],[-0.013183,51.489564],[-0.013034,51.489479],[-0.012727,51.489316],[-0.012591,51.489248],[-0.012452,51.489182],[-0.012171,51.489052],[-0.011891,51.488923],[-0.011753,51.488856],[-0.011619,51.488786],[-0.011245,51.48858],[-0.010871,51.488362],[-0.010692,51.488254],[-0.010525,51.488149],[-0.010371,51.488049],[-0.010235,51.487955],[-0.010148,51.48789],[-0.010066,51.487823],[-0.009988,51.487754],[-0.009913,51.487683],[-0.009827,51.487594],[-0.009751,51.487501],[-0.00968,51.487394],[-0.00965,51.48734],[-0.009625,51.487284],[-0.009584,51.487169],[-0.009553,51.487052],[-0.009533,51.486935],[-0.009527,51.486817],[-0.009532,51.486746],[-0.009542,51.486674],[-0.009558,51.486603],[-0.009577,51.486531],[-0.009622,51.486387],[-0.009669,51.486244],[-0.009766,51.485967],[-0.009899,51.485619],[-0.010224,51.484814],[-0.010541,51.484029],[-0.010664,51.483708],[-0.010747,51.483467],[-0.010779,51.483357],[-0.010806,51.483247],[-0.010828,51.483137],[-0.010843,51.483026],[-0.010853,51.482885],[-0.010854,51.482743],[-0.010847,51.482602],[-0.010832,51.482461],[-0.010804,51.482294],[-0.010762,51.482093],[-0.010646,51.481618],[-0.010512,51.4811],[-0.010387,51.480604],[-0.010364,51.480472],[-0.010353,51.480405],[-0.010346,51.480339],[-0.010339,51.480183],[-0.010342,51.480105],[-0.010351,51.480027],[-0.010367,51.479946],[-0.010388,51.479865],[-0.010417,51.479785],[-0.010455,51.479707],[-0.010493,51.479643],[-0.010536,51.47958],[-0.010631,51.479457],[-0.010738,51.479337],[-0.010856,51.479222],[-0.010903,51.479182],[-0.010954,51.479143],[-0.011064,51.479071],[-0.011243,51.478964],[-0.011429,51.47886],[-0.011621,51.478762],[-0.011819,51.478668],[-0.012037,51.478573],[-0.01226,51.478483],[-0.012489,51.478399],[-0.012725,51.478323],[-0.01287,51.478283],[-0.013018,51.478248],[-0.013319,51.478186],[-0.013503,51.478149],[-0.013689,51.478114],[-0.013876,51.478084],[-0.014065,51.478061],[-0.014231,51.478049],[-0.014437,51.47804],[-0.014931,51.478029],[-0.015473,51.478021],[-0.015991,51.478012],[-0.016372,51.477993],[-0.016753,51.477976],[-0.017133,51.477955],[-0.017323,51.477942],[-0.017512,51.477925],[-0.017641,51.477912],[-0.01777,51.477897],[-0.017897,51.477878],[-0.018022,51.477855],[-0.018167,51.477823],[-0.018309,51.477786],[-0.018447,51.477745],[-0.018581,51.477698],[-0.018725,51.477639],[-0.018864,51.477575],[-0.018995,51.477506],[-0.01912,51.477432],[-0.019211,51.47737],[-0.019299,51.477301],[-0.019473,51.47715],[-0.019651,51.476994],[-0.019744,51.476919],[-0.019841,51.476848],[-0.019949,51.476777],[-0.020061,51.476709],[-0.020178,51.476644],[-0.020301,51.476584],[-0.020424,51.476532],[-0.020551,51.476484],[-0.020683,51.476441],[-0.020818,51.476402],[-0.020953,51.476369],[-0.021092,51.476341],[-0.021378,51.476292],[-0.021657,51.476245],[-0.021789,51.476217],[-0.021913,51.476186],[-0.02202,51.476153],[-0.022123,51.476117],[-0.022223,51.476076],[-0.022317,51.476031],[-0.022381,51.475995],[-0.022441,51.475957],[-0.022497,51.475916],[-0.022547,51.475873],[-0.022601,51.475818],[-0.022649,51.47576],[-0.02269,51.475701],[-0.022727,51.47564],[-0.022744,51.475607],[-0.022759,51.475574],[-0.022779,51.475506],[-0.022789,51.475447],[-0.022795,51.475387],[-0.022795,51.475327],[-0.022791,51.475267],[-0.022777,51.475183],[-0.022756,51.475099],[-0.022701,51.474932],[-0.022622,51.474736],[-0.022518,51.474505],[-0.02227,51.473993],[-0.022035,51.473508],[-0.021946,51.473311],[-0.021889,51.473162],[-0.021858,51.473049],[-0.021836,51.472933],[-0.021805,51.472699],[-0.021774,51.47247],[-0.021752,51.472361],[-0.021722,51.472256],[-0.021693,51.472181],[-0.021658,51.472107],[-0.021618,51.472035],[-0.021573,51.471963],[-0.02153,51.471901],[-0.021483,51.47184],[-0.021432,51.47178],[-0.021377,51.471722],[-0.021316,51.471663],[-0.021252,51.471605],[-0.021114,51.471493],[-0.020985,51.4714],[-0.020849,51.47131],[-0.020569,51.471136],[-0.020289,51.470961],[-0.020153,51.470872],[-0.020023,51.470779],[-0.019914,51.470694],[-0.01981,51.470606],[-0.01961,51.470427],[-0.01941,51.470248],[-0.019306,51.470161],[-0.019196,51.470076],[-0.01907,51.46999],[-0.018936,51.46991],[-0.018788,51.469832],[-0.018711,51.469795],[-0.018632,51.46976],[-0.018525,51.469717],[-0.018415,51.469676],[-0.018303,51.469639],[-0.018188,51.469604],[-0.018057,51.46957],[-0.01792,51.469539],[-0.017637,51.469483],[-0.01737,51.469429],[-0.017251,51.469401],[-0.017197,51.469386],[-0.017147,51.46937],[-0.017064,51.469339],[-0.016985,51.469304],[-0.016909,51.469266],[-0.016837,51.469225],[-0.016793,51.469197],[-0.016751,51.469168],[-0.016675,51.469105],[-0.016624,51.469055],[-0.016561,51.468987],[-0.016404,51.468806],[-0.016017,51.468342],[-0.015629,51.467877],[-0.015472,51.467696],[-0.015408,51.467627],[-0.015357,51.467577],[-0.015263,51.467496],[-0.015159,51.467416],[-0.014931,51.467255],[-0.014697,51.467092],[-0.014584,51.467009],[-0.014478,51.466924],[-0.014332,51.466794],[-0.014264,51.466727],[-0.014201,51.466658],[-0.014139,51.466582],[-0.014082,51.466504],[-0.013977,51.466345],[-0.013873,51.466186],[-0.013817,51.466108],[-0.013757,51.466031],[-0.013681,51.465948],[-0.013599,51.465867],[-0.013517,51.465786],[-0.01344,51.465703],[-0.013352,51.465597],[-0.013268,51.46549],[-0.013108,51.465273],[-0.012952,51.465055],[-0.012794,51.464837]],[[-0.008849,51.545779],[-0.009177,51.545788],[-0.009513,51.545799],[-0.009834,51.545805],[-0.009983,51.545804],[-0.01012,51.545798],[-0.010213,51.545791],[-0.010305,51.545781],[-0.010396,51.545767],[-0.01044,51.545758],[-0.010483,51.545747],[-0.01053,51.545733],[-0.010588,51.545714],[-0.010733,51.545661],[-0.010908,51.545593],[-0.011104,51.545513],[-0.011519,51.545335],[-0.0119,51.545162],[-0.01206,51.545081],[-0.012212,51.544994],[-0.012366,51.544892],[-0.012508,51.544784],[-0.012611,51.544696],[-0.012709,51.544606],[-0.012894,51.544421],[-0.012992,51.544318],[-0.013038,51.544265],[-0.013081,51.544211],[-0.013131,51.54414],[-0.013178,51.544068],[-0.013219,51.543994],[-0.013255,51.54392],[-0.013282,51.543853],[-0.013304,51.543785],[-0.013322,51.543716],[-0.013335,51.543647],[-0.013343,51.543584],[-0.013348,51.543521],[-0.013345,51.543395],[-0.013329,51.543275],[-0.013299,51.543157],[-0.013258,51.543043],[-0.013233,51.542987],[-0.013203,51.542932],[-0.013142,51.542836],[-0.013074,51.542742],[-0.012999,51.54265],[-0.012917,51.54256],[-0.012862,51.542507],[-0.012802,51.542457],[-0.012674,51.54236],[-0.012531,51.542264],[-0.012455,51.542219],[-0.012376,51.542176],[-0.012299,51.542137],[-0.012219,51.542101],[-0.012054,51.542033],[-0.011934,51.541988],[-0.011812,51.541945],[-0.011688,51.541905],[-0.01156,51.541869],[-0.011359,51.54182],[-0.011154,51.541778],[-0.010946,51.541742],[-0.010736,51.541712],[-0.010532,51.54169],[-0.010327,51.541675],[-0.010121,51.541665],[-0.009914,51.541663],[-0.009769,51.541665],[-0.009625,51.541672],[-0.009482,51.541684],[-0.00934,51.541702],[-0.009236,51.54172],[-0.009134,51.541743],[-0.009034,51.54177],[-0.008935,51.541798],[-0.008777,51.541849],[-0.008619,51.541905],[-0.008307,51.542027],[-0.008006,51.542143],[-0.007861,51.542194],[-0.007722,51.542237],[-0.007573,51.542275],[-0.00742,51.542308],[-0.007265,51.542336],[-0.007108,51.54236],[-0.006953,51.542376],[-0.006797,51.542385],[-0.006606,51.54239],[-0.006415,51.542392],[-0.006224,51.542389],[-0.006034,51.542379],[-0.005848,51.542362],[-0.005664,51.54234],[-0.005481,51.542312],[-0.005301,51.542279],[-0.005209,51.54226],[-0.005119,51.542238],[-0.00503,51.542214],[-0.004943,51.542187],[-0.004801,51.542137],[-0.004663,51.542083],[-0.004529,51.542024],[-0.0044,51.541962],[-0.004268,51.541894],[-0.004202,51.541858]],[[0.0044458,51.5287141],[0.004448,51.528546],[0.00446,51.528377],[0.004478,51.528208],[0.004519,51.52787],[0.004559,51.527211],[0.0045649,51.527121]],[[0.0098323,51.5120907],[0.009839,51.51208],[0.010055,51.511729],[0.010259,51.511389],[0.010435,51.51109],[0.010566,51.510857],[0.010609,51.510775],[0.010635,51.510719],[0.010658,51.510654],[0.010674,51.510587],[0.010684,51.510521],[0.010688,51.510454],[0.010683,51.510378],[0.010669,51.510301],[0.010628,51.510145],[0.010589,51.509996],[0.010578,51.509927],[0.010576,51.509894],[0.010576,51.509863],[0.010587,51.509795],[0.010608,51.509713],[0.010638,51.509621],[0.010674,51.509522],[0.010756,51.509315],[0.010838,51.509117],[0.010891,51.508992],[0.010921,51.508929],[0.010954,51.508868],[0.011007,51.508786],[0.011065,51.508706],[0.011185,51.508547],[0.011592,51.508039],[0.012019,51.507503],[0.012407,51.507024],[0.01257,51.506833],[0.012702,51.506688],[0.012771,51.506618],[0.012844,51.50655],[0.012921,51.506484],[0.013005,51.506421],[0.013105,51.506355],[0.013212,51.506292],[0.013323,51.506234],[0.01344,51.506179],[0.013523,51.506145],[0.01361,51.506114],[0.013698,51.506085],[0.013789,51.506059],[0.013904,51.506029],[0.014022,51.506003],[0.01426,51.505958],[0.014376,51.505939],[0.014494,51.505923],[0.014731,51.505896],[0.014967,51.505866],[0.015083,51.505847],[0.015198,51.505825],[0.01538,51.505782],[0.015558,51.505734],[0.015731,51.505679],[0.015898,51.505617],[0.015964,51.505589],[0.016049,51.505548],[0.016269,51.505437],[0.016856,51.505126],[0.017535,51.504767],[0.017869,51.504595],[0.01818,51.504442],[0.018418,51.50433],[0.018658,51.50422],[0.018902,51.504113],[0.019151,51.504011],[0.019425,51.503905],[0.019703,51.503801],[0.020269,51.503601],[0.02084,51.503405],[0.021408,51.503207],[0.02206,51.502992],[0.022388,51.502887],[0.022719,51.502786],[0.023026,51.502698],[0.023182,51.502658],[0.023342,51.502624],[0.023429,51.50261],[0.023516,51.502598],[0.023693,51.502581],[0.023871,51.502565],[0.024047,51.502544],[0.024247,51.502513],[0.024445,51.502479],[0.024839,51.502405],[0.025234,51.502332],[0.025432,51.502298],[0.025632,51.502267],[0.02586,51.502237],[0.02609,51.50221],[0.026321,51.502187],[0.026552,51.502166],[0.026833,51.502144],[0.027115,51.502126],[0.027397,51.502112],[0.02768,51.502101],[0.02798,51.502094],[0.028279,51.502091],[0.028579,51.502092],[0.028879,51.502096],[0.029368,51.502108],[0.029965,51.502128],[0.030638,51.502153],[0.031357,51.502183],[0.032091,51.502215],[0.032807,51.50225],[0.033474,51.502285],[0.034062,51.502319],[0.034278,51.502334],[0.034494,51.502352],[0.034925,51.502393],[0.035357,51.502431],[0.035573,51.502447],[0.03579,51.502458],[0.035993,51.502464],[0.036196,51.502466],[0.0364,51.502465],[0.036603,51.502461],[0.036828,51.502451],[0.037053,51.502435],[0.037278,51.50242],[0.037391,51.502415],[0.037504,51.502413],[0.037645,51.502413],[0.037786,51.502416],[0.037927,51.502423],[0.038067,51.502435],[0.038196,51.50245],[0.038324,51.50247],[0.038449,51.502493],[0.038573,51.502521],[0.038725,51.502561],[0.038874,51.502605],[0.039019,51.502654],[0.039159,51.502708],[0.03926,51.502753],[0.039356,51.502801],[0.039542,51.502904],[0.039714,51.503005],[0.03989,51.503113],[0.040238,51.503337],[0.040564,51.503545],[0.040711,51.503632],[0.040844,51.503704],[0.040961,51.503762],[0.041082,51.503816],[0.041209,51.503865],[0.041274,51.503887],[0.041342,51.503906],[0.04147,51.503935],[0.041602,51.503956],[0.041737,51.50397],[0.041873,51.503976],[0.041917,51.503976],[0.041964,51.503974],[0.042065,51.503966],[0.042283,51.503939],[0.042513,51.503908],[0.042628,51.503895],[0.042739,51.503886],[0.042921,51.503877],[0.043013,51.503876],[0.043104,51.503879],[0.043184,51.503885],[0.043263,51.503893],[0.043419,51.503918],[0.043507,51.503936],[0.043593,51.503957],[0.043762,51.504005],[0.043932,51.504051],[0.044019,51.504072],[0.044107,51.504089],[0.044213,51.504105],[0.044321,51.504117],[0.044429,51.504125],[0.044538,51.50413],[0.04475,51.504133],[0.045045,51.50413],[0.045397,51.504123],[0.045777,51.504113],[0.046159,51.504101],[0.046517,51.504087],[0.046822,51.504071],[0.047048,51.504056],[0.04721,51.504039],[0.04729,51.504026],[0.047368,51.50401],[0.047503,51.503974],[0.04768,51.503921],[0.047886,51.503855],[0.048107,51.503781],[0.048329,51.503704],[0.04854,51.503628],[0.048726,51.503557],[0.048874,51.503497],[0.048957,51.503459],[0.049037,51.503418],[0.049113,51.503374],[0.049186,51.503329],[0.049248,51.503287],[0.049307,51.503242],[0.049419,51.503151],[0.04953,51.503059],[0.049588,51.503014],[0.049649,51.502971],[0.049758,51.502903],[0.049816,51.502871],[0.049876,51.502841],[0.049967,51.5028],[0.050061,51.502761],[0.050158,51.502726],[0.050258,51.502695],[0.050346,51.502672],[0.050437,51.502653],[0.050529,51.502637],[0.050623,51.502624],[0.050802,51.502608],[0.051054,51.502593],[0.051707,51.502565],[0.052451,51.502538],[0.053149,51.50251],[0.056375,51.502264],[0.057679,51.502197],[0.059009,51.502161],[0.060361,51.502127],[0.061668,51.50209],[0.062284,51.502068],[0.062862,51.502043],[0.06315,51.502027],[0.063437,51.502008],[0.06401,51.501965],[0.064584,51.501923],[0.064871,51.501906],[0.065159,51.501892],[0.06539,51.501885],[0.065622,51.501882],[0.066086,51.501882],[0.066549,51.50188],[0.066781,51.501876],[0.067012,51.501866],[0.067188,51.501856],[0.067363,51.501842],[0.067537,51.501824],[0.067709,51.501801],[0.067875,51.501772],[0.068039,51.501738],[0.068201,51.5017],[0.06836,51.501659],[0.06854,51.501609],[0.068718,51.501556],[0.068893,51.501499],[0.069061,51.501435],[0.069203,51.501373],[0.06934,51.501305],[0.069472,51.501234],[0.069603,51.501162],[0.069756,51.501074],[0.069905,51.500983],[0.0702,51.500799],[0.071282,51.500087],[0.07243,51.499335],[0.073446,51.498664],[0.073842,51.498395],[0.074132,51.498192],[0.074272,51.498088],[0.074408,51.497982],[0.07454,51.497874],[0.074668,51.497764],[0.074767,51.497674],[0.074862,51.497583],[0.074954,51.49749],[0.075043,51.497396],[0.075194,51.497223],[0.075331,51.497046],[0.075407,51.496938],[0.075479,51.496828],[0.075612,51.496607],[0.075812,51.49625],[0.076068,51.49578],[0.076355,51.49524],[0.07665,51.494677],[0.07693,51.494134],[0.077173,51.493656],[0.077354,51.493288],[0.077414,51.493159],[0.07745,51.493074],[0.077473,51.493007],[0.077491,51.492939],[0.077517,51.492803],[0.077534,51.492678],[0.077545,51.492553],[0.07755,51.492427],[0.077546,51.492302],[0.077537,51.492212],[0.077523,51.492122],[0.077503,51.492033],[0.077478,51.491944],[0.077434,51.491816],[0.077383,51.49169],[0.077324,51.491564],[0.077257,51.491441],[0.077199,51.491348],[0.077135,51.491256],[0.077065,51.491166],[0.076988,51.491078],[0.076873,51.49096],[0.076749,51.490844],[0.076618,51.490732],[0.076482,51.490623],[0.0764,51.490561],[0.076315,51.490502],[0.076227,51.490444],[0.076135,51.490388],[0.076001,51.490312],[0.075862,51.49024],[0.075718,51.490171],[0.075569,51.490107],[0.075341,51.490021],[0.075105,51.489942],[0.074864,51.489869],[0.07462,51.489801],[0.074437,51.489757],[0.07425,51.489721],[0.074058,51.489692],[0.073865,51.489669],[0.07367,51.489649],[0.073474,51.489633],[0.073307,51.489623],[0.073139,51.489617],[0.072802,51.489611],[0.072286,51.489607],[0.071744,51.489606],[0.071488,51.489609],[0.071255,51.489613],[0.071056,51.48962],[0.070901,51.48963],[0.070687,51.489653],[0.070469,51.489683],[0.070364,51.489701],[0.070265,51.489721],[0.070175,51.489742],[0.070095,51.489764],[0.070078,51.48977],[0.070061,51.489777],[0.07003,51.489792],[0.069969,51.489824]]]}},{"type":"Feature","properties":{"r":"UK","g":"uk","col":"#00afad","n":"Docklands Light Railway","ct":"伦敦","jk":"urban","nz":"码头区轻便铁路","off":-0.5},"geometry":{"type":"MultiLineString","coordinates":[[[-0.0016092,51.5388978],[-0.001565,51.538839],[-0.001446,51.538702],[-0.001353,51.538602],[-0.001257,51.538502],[-0.001155,51.538406],[-0.001045,51.538312],[-0.00097,51.538256],[-0.000891,51.538202],[-0.000726,51.538098],[-0.00056,51.537994],[-0.00048,51.537941],[-0.000404,51.537885],[-0.00029,51.537795],[-0.000179,51.537703],[3.5e-05,51.537515],[0.000239,51.537324],[0.000436,51.537129],[0.000558,51.537001],[0.000674,51.53687],[0.000893,51.536605],[0.001018,51.536444],[0.001138,51.536281],[0.001374,51.535954],[0.001652,51.535545],[0.001789,51.53534],[0.001917,51.535133],[0.002022,51.534945],[0.002121,51.53475],[0.00231,51.534355],[0.002492,51.533976],[0.002583,51.533802],[0.002676,51.533642],[0.002747,51.533533],[0.002825,51.533426],[0.002991,51.533215],[0.003116,51.533069],[0.003251,51.53292],[0.003535,51.532622],[0.0036605,51.5324889]],[[0.0043735,51.5231426],[0.004264,51.522371],[0.004222,51.522021],[0.004191,51.521709],[0.004176,51.521449],[0.004174,51.521319],[0.004177,51.521189],[0.004185,51.521062],[0.004197,51.520936],[0.004228,51.520683],[0.004264,51.52043],[0.004298,51.520177],[0.004357,51.519818],[0.004389,51.519639],[0.004429,51.519461],[0.004517,51.519146],[0.004617,51.518832],[0.004728,51.51852],[0.004846,51.518209],[0.004959,51.51794],[0.005022,51.517807],[0.005088,51.517674],[0.005163,51.517533],[0.005242,51.517393],[0.005325,51.517254],[0.005412,51.517116],[0.005515,51.516963],[0.005624,51.516811],[0.005844,51.516508],[0.006041,51.516258],[0.006236,51.516007],[0.006435,51.515758],[0.006644,51.515512],[0.00681,51.515331],[0.006897,51.515242],[0.006989,51.515155],[0.007095,51.515063],[0.0071498,51.5150177]]]}},{"type":"Feature","properties":{"r":"UK","g":"uk","col":"#00afad","n":"Docklands Light Railway","ct":"伦敦","jk":"urban","nz":"码头区轻便铁路","off":-0.375},"geometry":{"type":"MultiLineString","coordinates":[[[-0.0023084,51.5400318],[-0.002049,51.539628],[-0.001957,51.539465],[-0.001868,51.539302],[-0.001774,51.53914],[-0.001671,51.53898],[-0.0016092,51.5388978]],[[0.0036605,51.5324889],[0.003801,51.53234],[0.003915,51.532211],[0.00401,51.532092],[0.004056,51.532026],[0.004097,51.531959],[0.004169,51.531823],[0.004223,51.531693],[0.004264,51.531561],[0.004307,51.531384],[0.0043133,51.5313545]],[[0.0045691,51.5244615],[0.004499,51.523983],[0.004375,51.523153],[0.0043735,51.5231426]],[[0.0071498,51.5150177],[0.007205,51.514972],[0.007434,51.514795],[0.007663,51.514618],[0.007774,51.514528],[0.007881,51.514436],[0.008139,51.514199],[0.0081739,51.5141654]]]}},{"type":"Feature","properties":{"r":"UK","g":"uk","col":"#00afad","n":"Docklands Light Railway","ct":"伦敦","jk":"urban","nz":"码头区轻便铁路","off":-0.25},"geometry":{"type":"MultiLineString","coordinates":[[[-0.0031236,51.541084],[-0.003109,51.541069],[-0.003011,51.540963],[-0.002904,51.540843],[-0.002801,51.540721],[-0.002703,51.540598],[-0.002609,51.540474],[-0.002461,51.540265],[-0.002322,51.540053],[-0.0023084,51.5400318]],[[0.0043133,51.5313545],[0.00435,51.531183],[0.004391,51.530963],[0.00443,51.530733],[0.004466,51.530498],[0.004498,51.530266],[0.004524,51.530042],[0.0045243,51.5300386]],[[0.0046424,51.52579],[0.004649,51.52559],[0.004651,51.525305],[0.004647,51.525176],[0.004638,51.525047],[0.004617,51.524789],[0.0045691,51.5244615]],[[0.0081739,51.5141654],[0.008388,51.513959],[0.008627,51.513715],[0.008857,51.513467],[0.008973,51.513335],[0.009084,51.513202],[0.0090884,51.5131963]]]}},{"type":"Feature","properties":{"r":"UK","g":"uk","col":"#00afad","n":"Docklands Light Railway","ct":"伦敦","jk":"urban","nz":"码头区轻便铁路","off":-0.125},"geometry":{"type":"MultiLineString","coordinates":[[[-0.004202,51.541858],[-0.004136,51.541822],[-0.003878,51.541671],[-0.003756,51.541594],[-0.00364,51.541518],[-0.003532,51.541444],[-0.003435,51.541372],[-0.003318,51.541275],[-0.00321,51.541173],[-0.0031236,51.541084]],[[0.0045243,51.5300386],[0.004544,51.529833],[0.00455,51.529687],[0.004544,51.529541],[0.004527,51.529408],[0.004501,51.529275],[0.004475,51.529143],[0.004457,51.52901],[0.004449,51.528894],[0.004445,51.528778],[0.0044458,51.5287141]],[[0.0045649,51.527121],[0.004603,51.526541],[0.004639,51.525894],[0.0046424,51.52579]],[[0.0090884,51.5131963],[0.009189,51.513067],[0.009289,51.512931],[0.009439,51.512709],[0.009628,51.512416],[0.0098323,51.5120907]]]}},{"type":"Feature","properties":{"r":"UK","g":"uk","col":"#5cc8ff","n":"Edinburgh Trams","ct":"爱丁堡","jk":"urban","nz":"爱丁堡电车"},"geometry":{"type":"LineString","coordinates":[[-3.190051,55.980229],[-3.18988,55.980165],[-3.189794,55.980134],[-3.189704,55.980106],[-3.189609,55.980081],[-3.189512,55.980058],[-3.189414,55.980038],[-3.189313,55.980021],[-3.189128,55.979997],[-3.188894,55.979971],[-3.188627,55.979944],[-3.188342,55.979919],[-3.188053,55.979896],[-3.187775,55.979877],[-3.187523,55.979862],[-3.187312,55.979853],[-3.187115,55.97985],[-3.186899,55.979852],[-3.186425,55.979865],[-3.185926,55.979883],[-3.18544,55.979899],[-3.1845,55.979951],[-3.18403,55.979976],[-3.183559,55.979995],[-3.182812,55.980017],[-3.182016,55.980035],[-3.181645,55.98004],[-3.181317,55.980043],[-3.181051,55.980041],[-3.180865,55.980036],[-3.180774,55.98003],[-3.180684,55.98002],[-3.180596,55.980007],[-3.18051,55.97999],[-3.180486,55.979984],[-3.180462,55.979977],[-3.180417,55.979962],[-3.180329,55.979929],[-3.180229,55.979891],[-3.180181,55.979871],[-3.180134,55.979849],[-3.180067,55.979814],[-3.180005,55.979776],[-3.179885,55.979697],[-3.179763,55.97962],[-3.179697,55.979584],[-3.179626,55.979552],[-3.179584,55.979536],[-3.17954,55.979522],[-3.179517,55.979515],[-3.179493,55.97951],[-3.179469,55.979505],[-3.179445,55.979501],[-3.179386,55.979494],[-3.179356,55.979492],[-3.179325,55.979491],[-3.179295,55.979491],[-3.179265,55.979491],[-3.179235,55.979493],[-3.179205,55.979496],[-3.17917,55.979501],[-3.179135,55.979507],[-3.179102,55.979515],[-3.179068,55.979524],[-3.179004,55.979543],[-3.178942,55.979565],[-3.178921,55.979573],[-3.178901,55.979582],[-3.178862,55.9796],[-3.178788,55.979639],[-3.178452,55.979816],[-3.17809,55.980015],[-3.177354,55.980428],[-3.176722,55.980784],[-3.176488,55.980911],[-3.176398,55.980956],[-3.176331,55.980987],[-3.176295,55.981002],[-3.176257,55.981016],[-3.176237,55.981022],[-3.176217,55.981028],[-3.176196,55.981033],[-3.176175,55.981037],[-3.176144,55.981042],[-3.176113,55.981045],[-3.176081,55.981048],[-3.176049,55.981049],[-3.176017,55.98105],[-3.175986,55.981049],[-3.175954,55.981047],[-3.175923,55.981044],[-3.175888,55.981039],[-3.175854,55.981032],[-3.175821,55.981023],[-3.175789,55.981013],[-3.175727,55.980991],[-3.175668,55.980967],[-3.175616,55.980943],[-3.175556,55.980912],[-3.175413,55.980831],[-3.175069,55.980622],[-3.174704,55.980401],[-3.174534,55.980305],[-3.174384,55.980228],[-3.17424,55.980162],[-3.174083,55.980095],[-3.173916,55.980027],[-3.173741,55.979959],[-3.173378,55.979826],[-3.173013,55.979703],[-3.172891,55.979666],[-3.172766,55.979631],[-3.172512,55.979567],[-3.171925,55.979429],[-3.171329,55.979297],[-3.171031,55.979234],[-3.170734,55.979174],[-3.170439,55.979118],[-3.170147,55.979065],[-3.169992,55.979039],[-3.169835,55.979016],[-3.169677,55.978995],[-3.169518,55.978977],[-3.169399,55.978966],[-3.16928,55.978959],[-3.16904,55.978947],[-3.168801,55.978934],[-3.168682,55.978925],[-3.168564,55.978912],[-3.16845,55.978897],[-3.168337,55.978878],[-3.168227,55.978856],[-3.16812,55.978829],[-3.168009,55.978793],[-3.16789,55.978749],[-3.167633,55.978643],[-3.167364,55.978526],[-3.16723,55.97847],[-3.167098,55.978418],[-3.166918,55.978352],[-3.166734,55.978288],[-3.166361,55.978162],[-3.165995,55.978035],[-3.16582,55.977969],[-3.165651,55.9779],[-3.165546,55.977853],[-3.165444,55.977805],[-3.165347,55.977753],[-3.165257,55.977698],[-3.165234,55.977682],[-3.165212,55.977666],[-3.165202,55.977657],[-3.165192,55.977648],[-3.165184,55.977639],[-3.165177,55.97763],[-3.165165,55.977611],[-3.165155,55.977592],[-3.165147,55.977572],[-3.165141,55.977552],[-3.165134,55.977512],[-3.165133,55.977472],[-3.165135,55.977453],[-3.165139,55.977435],[-3.165152,55.977398],[-3.165189,55.977326],[-3.165271,55.977194],[-3.165387,55.977028],[-3.165689,55.976625],[-3.166023,55.976179],[-3.16618,55.975959],[-3.166318,55.97575],[-3.166359,55.975678],[-3.166396,55.975605],[-3.166433,55.975533],[-3.166476,55.975461],[-3.166579,55.975314],[-3.166688,55.975169],[-3.166922,55.974883],[-3.16716,55.974597],[-3.167275,55.974453],[-3.167384,55.974308],[-3.167512,55.97412],[-3.167631,55.97393],[-3.167753,55.973741],[-3.167818,55.973647],[-3.167887,55.973554],[-3.168048,55.973354],[-3.168256,55.973109],[-3.168491,55.972838],[-3.168737,55.972561],[-3.168976,55.972297],[-3.16919,55.972067],[-3.169361,55.97189],[-3.169425,55.971828],[-3.169472,55.971786],[-3.169586,55.971703],[-3.169766,55.971582],[-3.169993,55.971436],[-3.17025,55.971275],[-3.170516,55.971113],[-3.170774,55.970959],[-3.171005,55.970825],[-3.17119,55.970724],[-3.171255,55.970692],[-3.171323,55.970662],[-3.171464,55.970605],[-3.171604,55.970548],[-3.171671,55.970517],[-3.171734,55.970484],[-3.17178,55.970457],[-3.171824,55.970428],[-3.171864,55.970397],[-3.171902,55.970366],[-3.171961,55.970309],[-3.172048,55.970216],[-3.172295,55.969942],[-3.173,55.969133],[-3.173828,55.96817],[-3.174595,55.967284],[-3.175153,55.966615],[-3.175724,55.965924],[-3.176269,55.965276],[-3.176519,55.964987],[-3.176749,55.964733],[-3.176883,55.964594],[-3.177023,55.964458],[-3.177306,55.964185],[-3.177706,55.963808],[-3.178103,55.963429],[-3.178506,55.963053],[-3.178713,55.962867],[-3.178926,55.962683],[-3.179199,55.962457],[-3.179512,55.962206],[-3.180224,55.961653],[-3.180987,55.961068],[-3.181724,55.960499],[-3.182792,55.959735],[-3.18316,55.959452],[-3.183342,55.95931],[-3.183516,55.959165],[-3.183614,55.959077],[-3.183707,55.958988],[-3.183887,55.958808],[-3.184008,55.958681],[-3.184124,55.958552],[-3.184352,55.958293],[-3.18458,55.958035],[-3.184698,55.957907],[-3.184821,55.95778],[-3.185026,55.957582],[-3.185134,55.957485],[-3.185247,55.957389],[-3.185376,55.957281],[-3.185508,55.957173],[-3.185577,55.957121],[-3.185648,55.957071],[-3.185722,55.957023],[-3.185799,55.956979],[-3.185881,55.956938],[-3.18597,55.956901],[-3.186063,55.956869],[-3.186161,55.956841],[-3.186213,55.956829],[-3.186274,55.956816],[-3.186418,55.956791],[-3.186587,55.956765],[-3.186773,55.956738],[-3.187169,55.956687],[-3.187546,55.956641],[-3.187727,55.956622],[-3.187909,55.956606],[-3.188091,55.956589],[-3.188272,55.956569],[-3.188636,55.956518],[-3.189079,55.956452],[-3.189581,55.956374],[-3.190125,55.956286],[-3.191264,55.956094],[-3.192349,55.955902],[-3.192472,55.955882],[-3.192502,55.955877],[-3.192532,55.95587],[-3.192561,55.955863],[-3.192588,55.955854],[-3.192617,55.955843],[-3.192644,55.955831],[-3.19267,55.955818],[-3.192695,55.955804],[-3.192719,55.95579],[-3.192741,55.955774],[-3.192761,55.955759],[-3.192779,55.955742],[-3.192791,55.955729],[-3.192802,55.955715],[-3.192811,55.955701],[-3.192819,55.955686],[-3.19283,55.955657],[-3.192836,55.955627],[-3.192837,55.955614],[-3.192836,55.955601],[-3.192831,55.955575],[-3.192812,55.955524],[-3.192775,55.955448],[-3.192732,55.955373],[-3.192633,55.955225],[-3.192529,55.955077],[-3.19248,55.955003],[-3.192435,55.954928],[-3.192362,55.954793],[-3.192295,55.954656],[-3.192168,55.954383],[-3.19204,55.954109],[-3.191971,55.953973],[-3.191896,55.953838],[-3.191839,55.953748],[-3.191772,55.953653],[-3.19163,55.953462],[-3.191504,55.953287],[-3.191458,55.953213],[-3.191442,55.95318],[-3.19143,55.953151],[-3.191421,55.953119],[-3.191417,55.953086],[-3.191417,55.953069],[-3.19142,55.953053],[-3.191424,55.953037],[-3.19143,55.953021],[-3.19144,55.953002],[-3.191452,55.952984],[-3.191465,55.952966],[-3.191481,55.952948],[-3.191499,55.952931],[-3.19152,55.952915],[-3.191531,55.952908],[-3.191543,55.952901],[-3.191555,55.952894],[-3.191568,55.952888],[-3.191569,55.952887],[-3.191571,55.952887],[-3.191575,55.952885],[-3.191588,55.952882],[-3.191628,55.952873],[-3.191766,55.952845],[-3.192239,55.952756],[-3.193756,55.952486],[-3.195613,55.952161],[-3.1973,55.951863],[-3.205176,55.950515],[-3.20609,55.950377],[-3.20708,55.950231],[-3.207918,55.950102],[-3.208209,55.950054],[-3.20831,55.950035],[-3.208347,55.950027],[-3.208376,55.95002],[-3.20845,55.949999],[-3.208521,55.949975],[-3.208658,55.949922],[-3.208922,55.949807],[-3.209434,55.949589],[-3.21005,55.949319],[-3.211495,55.948674],[-3.213067,55.947966],[-3.214575,55.94729],[-3.215229,55.946974],[-3.215893,55.946651],[-3.216536,55.946343],[-3.21684,55.946204],[-3.217128,55.946077],[-3.217371,55.945976],[-3.217496,55.945929],[-3.217625,55.945886],[-3.217712,55.945861],[-3.217757,55.945851],[-3.217803,55.945842],[-3.217977,55.945815],[-3.218154,55.945795],[-3.218333,55.945779],[-3.218513,55.945768],[-3.218711,55.945762],[-3.218919,55.945761],[-3.219341,55.945769],[-3.219743,55.945776],[-3.219924,55.945775],[-3.220085,55.945769],[-3.220129,55.945766],[-3.220172,55.945761],[-3.220215,55.945755],[-3.220236,55.945751],[-3.220256,55.945746],[-3.220354,55.945718],[-3.220473,55.945678],[-3.220605,55.94563],[-3.220741,55.945577],[-3.220875,55.945522],[-3.220998,55.945469],[-3.221103,55.945419],[-3.221182,55.945377],[-3.221212,55.945358],[-3.22124,55.945338],[-3.221291,55.945296],[-3.221336,55.945251],[-3.221375,55.945205],[-3.221384,55.945193],[-3.221391,55.94518],[-3.221403,55.945154],[-3.221419,55.945099],[-3.221427,55.945073],[-3.221438,55.945047],[-3.221446,55.945034],[-3.221455,55.945022],[-3.221465,55.94501],[-3.221478,55.944999],[-3.221492,55.944989],[-3.221507,55.944979],[-3.221523,55.944969],[-3.22154,55.94496],[-3.221576,55.944944],[-3.221615,55.944929],[-3.221698,55.944901],[-3.221781,55.944876],[-3.221959,55.944827],[-3.222221,55.944764],[-3.222917,55.944607],[-3.223716,55.944431],[-3.224464,55.944265],[-3.225696,55.944019],[-3.227015,55.943752],[-3.22816,55.943526],[-3.228584,55.943446],[-3.228866,55.943399],[-3.229004,55.943381],[-3.229144,55.943367],[-3.229284,55.943355],[-3.229425,55.943347],[-3.229607,55.943341],[-3.229795,55.943339],[-3.230175,55.943343],[-3.230537,55.943346],[-3.230702,55.943343],[-3.230853,55.943335],[-3.231012,55.943318],[-3.231169,55.943295],[-3.231479,55.94324],[-3.231693,55.9432],[-3.231921,55.943153],[-3.232384,55.943052],[-3.232797,55.942965],[-3.232965,55.942933],[-3.233035,55.942922],[-3.233094,55.942915],[-3.233158,55.94291],[-3.23324,55.942907],[-3.23345,55.942904],[-3.233976,55.942907],[-3.234506,55.942909],[-3.23472,55.942906],[-3.234805,55.942903],[-3.234872,55.942898],[-3.234985,55.942884],[-3.235097,55.942865],[-3.235205,55.942842],[-3.235311,55.942815],[-3.235451,55.942772],[-3.235624,55.942714],[-3.235822,55.942643],[-3.236036,55.942562],[-3.236485,55.942387],[-3.236905,55.942215],[-3.237146,55.942113],[-3.237382,55.942007],[-3.237613,55.941897],[-3.237835,55.941783],[-3.237961,55.941711],[-3.238085,55.941634],[-3.238325,55.941473],[-3.238556,55.94132],[-3.238667,55.941253],[-3.238776,55.941195],[-3.238918,55.941131],[-3.239067,55.941072],[-3.239222,55.941018],[-3.239381,55.940969],[-3.239413,55.940961],[-3.23947,55.940946],[-3.239658,55.940902],[-3.240303,55.940753],[-3.242496,55.940255],[-3.245554,55.939566],[-3.249075,55.938775],[-3.252652,55.937975],[-3.255883,55.937255],[-3.258363,55.936706],[-3.259195,55.936524],[-3.259688,55.936419],[-3.260388,55.936276],[-3.261091,55.936138],[-3.261798,55.936007],[-3.262153,55.935945],[-3.26251,55.935885],[-3.262851,55.935832],[-3.263208,55.935782],[-3.263936,55.935688],[-3.264616,55.9356],[-3.264914,55.935557],[-3.26517,55.935514],[-3.265332,55.935482],[-3.26541,55.935463],[-3.265487,55.935441],[-3.265588,55.935409],[-3.265685,55.935374],[-3.265779,55.935335],[-3.265866,55.935293],[-3.265935,55.935253],[-3.265997,55.93521],[-3.266055,55.935164],[-3.26611,55.935118],[-3.266193,55.935037],[-3.266263,55.934953],[-3.266329,55.934859],[-3.266388,55.934764],[-3.266493,55.93457],[-3.266599,55.934377],[-3.26666,55.934282],[-3.266729,55.934189],[-3.266785,55.934123],[-3.266845,55.934058],[-3.266912,55.933996],[-3.266987,55.933936],[-3.267056,55.93389],[-3.26713,55.933846],[-3.26721,55.933805],[-3.267294,55.933768],[-3.267386,55.933733],[-3.267482,55.933703],[-3.267682,55.933649],[-3.26792,55.933591],[-3.268183,55.933533],[-3.26876,55.933414],[-3.269369,55.933294],[-3.269962,55.933175],[-3.271566,55.932894],[-3.272762,55.932694],[-3.27348,55.932596],[-3.274198,55.932499],[-3.274915,55.932399],[-3.275272,55.932346],[-3.275628,55.93229],[-3.27596,55.932234],[-3.276291,55.932176],[-3.276949,55.932053],[-3.277606,55.931927],[-3.278263,55.931803],[-3.279586,55.931528],[-3.285469,55.930122],[-3.286372,55.929926],[-3.286825,55.929829],[-3.287281,55.929738],[-3.28751,55.929696],[-3.28774,55.929657],[-3.288202,55.929581],[-3.291211,55.92916],[-3.296872,55.928437],[-3.300466,55.928027],[-3.30436,55.92758],[-3.307653,55.927207],[-3.308792,55.927082],[-3.309186,55.927041],[-3.309443,55.927016],[-3.30967,55.926996],[-3.309898,55.926977],[-3.310126,55.926964],[-3.310241,55.926962],[-3.310355,55.926963],[-3.310471,55.926969],[-3.310585,55.926981],[-3.310699,55.926996],[-3.310811,55.927014],[-3.310919,55.927034],[-3.311025,55.927056],[-3.311129,55.927081],[-3.31123,55.927109],[-3.311339,55.927143],[-3.311446,55.927179],[-3.311549,55.927218],[-3.311646,55.927262],[-3.311734,55.927308],[-3.311815,55.927358],[-3.311892,55.92741],[-3.311964,55.927464],[-3.312044,55.927531],[-3.312118,55.9276],[-3.312185,55.927671],[-3.312248,55.927744],[-3.312326,55.927852],[-3.312468,55.928061],[-3.312906,55.928723],[-3.31349,55.929619],[-3.314146,55.930637],[-3.314805,55.931665],[-3.315393,55.93259],[-3.315839,55.933302],[-3.315986,55.933542],[-3.31607,55.933687],[-3.316161,55.933863],[-3.316244,55.934041],[-3.316318,55.934219],[-3.316384,55.934399],[-3.31644,55.934588],[-3.316484,55.934777],[-3.316524,55.934967],[-3.316566,55.935157],[-3.316632,55.935525],[-3.316695,55.935893],[-3.316764,55.93626],[-3.316804,55.936444],[-3.316849,55.936627],[-3.316887,55.936761],[-3.316937,55.936894],[-3.316981,55.936983],[-3.317033,55.937071],[-3.31712,55.937197],[-3.317169,55.937258],[-3.317222,55.937319],[-3.317303,55.9374],[-3.317396,55.937476],[-3.317542,55.937578],[-3.317697,55.937677],[-3.317858,55.937772],[-3.318022,55.937866],[-3.318184,55.937954],[-3.318357,55.938044],[-3.318714,55.93822],[-3.319047,55.938387],[-3.31919,55.938465],[-3.319311,55.938537],[-3.319375,55.938581],[-3.319435,55.938626],[-3.31949,55.938674],[-3.31954,55.938723],[-3.319589,55.938779],[-3.319632,55.938837],[-3.319668,55.938896],[-3.319697,55.938956],[-3.319719,55.939029],[-3.319732,55.939109],[-3.319743,55.939275],[-3.319753,55.939436],[-3.319765,55.939509],[-3.319774,55.939543],[-3.319786,55.939574],[-3.319825,55.939646],[-3.319884,55.939739],[-3.319958,55.939845],[-3.320041,55.939957],[-3.320129,55.940067],[-3.320215,55.94017],[-3.320294,55.940257],[-3.32036,55.940321],[-3.320402,55.940355],[-3.320449,55.940387],[-3.3205,55.940416],[-3.320528,55.94043],[-3.320557,55.940442],[-3.32059,55.940455],[-3.320624,55.940466],[-3.320695,55.940486],[-3.320769,55.940502],[-3.320846,55.940514],[-3.320872,55.940517],[-3.320898,55.940518],[-3.320951,55.940519],[-3.321003,55.940518],[-3.321056,55.940515],[-3.321238,55.9405],[-3.321469,55.940477],[-3.321733,55.940447],[-3.322011,55.940412],[-3.322287,55.940375],[-3.322542,55.940338],[-3.32276,55.940303],[-3.322923,55.940273],[-3.323022,55.94025],[-3.323119,55.940222],[-3.323304,55.94016],[-3.323397,55.940125],[-3.323487,55.940088],[-3.323662,55.940011],[-3.323837,55.939933],[-3.324017,55.939859],[-3.324193,55.939793],[-3.324372,55.93973],[-3.324555,55.93967],[-3.324742,55.939615],[-3.32495,55.939562],[-3.325208,55.939501],[-3.325506,55.939435],[-3.325831,55.939366],[-3.326518,55.939226],[-3.327179,55.939099],[-3.327414,55.939057],[-3.32765,55.939018],[-3.328125,55.938945],[-3.3286,55.938872],[-3.328836,55.938833],[-3.329071,55.938791],[-3.329269,55.938752],[-3.329465,55.938711],[-3.329854,55.938624],[-3.330291,55.938519],[-3.330779,55.938397],[-3.331782,55.938138],[-3.332614,55.937924],[-3.33289,55.937857],[-3.332979,55.937837],[-3.333009,55.937832],[-3.333021,55.93783],[-3.333026,55.937829],[-3.33303,55.937829],[-3.333071,55.937827],[-3.333113,55.937827],[-3.333155,55.937828],[-3.333196,55.937832],[-3.333238,55.937836],[-3.333278,55.937842],[-3.333357,55.937858],[-3.333375,55.937863],[-3.333393,55.937868],[-3.33341,55.937874],[-3.333427,55.93788],[-3.333443,55.937887],[-3.333459,55.937894],[-3.333487,55.93791],[-3.333542,55.937947],[-3.333593,55.937986],[-3.333641,55.938027],[-3.333686,55.938071],[-3.333768,55.938161],[-3.333841,55.938252],[-3.333891,55.938324],[-3.333932,55.938397],[-3.333967,55.938472],[-3.333993,55.938547],[-3.334001,55.938581],[-3.334006,55.938615],[-3.334006,55.938683],[-3.333997,55.938754],[-3.333982,55.938824],[-3.333942,55.938964],[-3.3339,55.939104],[-3.333884,55.939174],[-3.333873,55.939245],[-3.33387,55.939317],[-3.333878,55.939388],[-3.333898,55.939464],[-3.333929,55.939538],[-3.334012,55.939698],[-3.334106,55.939857],[-3.334209,55.940013],[-3.33432,55.940168],[-3.334368,55.940233],[-3.334381,55.940249],[-3.334396,55.940265],[-3.334412,55.94028],[-3.33443,55.940294],[-3.334451,55.940308],[-3.334475,55.940322],[-3.334499,55.940334],[-3.334525,55.940346],[-3.334579,55.940369],[-3.334635,55.940389],[-3.334692,55.940408],[-3.334752,55.940424],[-3.334813,55.940438],[-3.334845,55.940444],[-3.334877,55.940448],[-3.33488,55.940448],[-3.334885,55.940449],[-3.334899,55.940449],[-3.334942,55.940451],[-3.335089,55.940453],[-3.33561,55.940459],[-3.337405,55.940471],[-3.339915,55.940483],[-3.342793,55.940494],[-3.345694,55.940502],[-3.348269,55.940507],[-3.350174,55.940507],[-3.350766,55.940505],[-3.35106,55.940501],[-3.351355,55.940488],[-3.351649,55.94047],[-3.351941,55.940446],[-3.352232,55.940415],[-3.352383,55.940395],[-3.352532,55.940372],[-3.352828,55.940318],[-3.353065,55.94027],[-3.353315,55.940214],[-3.35382,55.940096],[-3.354278,55.93999],[-3.354471,55.93995],[-3.354628,55.939923],[-3.354686,55.939916],[-3.354745,55.93991],[-3.354805,55.939907],[-3.354864,55.939907],[-3.354922,55.939909],[-3.35498,55.939914],[-3.355037,55.939922],[-3.355065,55.939927],[-3.355092,55.939933],[-3.355141,55.939945],[-3.355188,55.939959],[-3.35528,55.939991],[-3.355366,55.940027],[-3.355447,55.940067],[-3.355471,55.940081],[-3.355494,55.940097],[-3.355514,55.940113],[-3.355532,55.94013],[-3.355563,55.940165],[-3.35559,55.940201],[-3.355633,55.940275],[-3.355701,55.940419],[-3.35578,55.940614],[-3.355961,55.941108],[-3.356157,55.941664],[-3.356345,55.942189],[-3.356417,55.942349],[-3.356453,55.94243],[-3.356494,55.942509],[-3.356569,55.942642],[-3.356649,55.942774],[-3.356733,55.942904],[-3.356824,55.943034],[-3.356971,55.94323],[-3.357125,55.943426],[-3.357448,55.943815],[-3.357781,55.944203],[-3.358109,55.944592],[-3.360391,55.947487]]}},{"type":"Feature","properties":{"r":"UK","g":"uk","col":"#00ff00","n":"New Addington - West Croydon loop","ct":"伦敦","jk":"urban"},"geometry":{"type":"MultiLineString","coordinates":[[[-0.017432,51.342668],[-0.017634,51.342805],[-0.017736,51.342872],[-0.017841,51.342938],[-0.017937,51.342991],[-0.018036,51.343041],[-0.018135,51.343092],[-0.018228,51.343146],[-0.018347,51.343225],[-0.01846,51.343307],[-0.018567,51.343393],[-0.018665,51.343482],[-0.018744,51.343564],[-0.018823,51.343655],[-0.018982,51.343857],[-0.019141,51.344072],[-0.0193,51.34428],[-0.019614,51.344642],[-0.01993,51.34501],[-0.020242,51.345365],[-0.020396,51.345531],[-0.020547,51.345685],[-0.020639,51.345772],[-0.020734,51.345857],[-0.020932,51.346025],[-0.021132,51.346192],[-0.021229,51.346277],[-0.021323,51.346363],[-0.021507,51.346542],[-0.021594,51.346633],[-0.021675,51.346726],[-0.021745,51.346816],[-0.02181,51.346907],[-0.021931,51.347093],[-0.022096,51.347361],[-0.022256,51.347631],[-0.022562,51.348173],[-0.022861,51.348718],[-0.023164,51.349262],[-0.023956,51.350523],[-0.024105,51.350795],[-0.024252,51.351068],[-0.024404,51.351339],[-0.024483,51.351474],[-0.024567,51.351608],[-0.02463,51.351701],[-0.024701,51.351792],[-0.024776,51.351878],[-0.024855,51.351963],[-0.024938,51.352047],[-0.025024,51.352129],[-0.025134,51.352229],[-0.025247,51.352326],[-0.025365,51.352422],[-0.025489,51.352515],[-0.025637,51.352616],[-0.025792,51.352712],[-0.026107,51.352903],[-0.027587,51.353752],[-0.02916,51.354658],[-0.030546,51.355451],[-0.03108,51.355751],[-0.031463,51.355959],[-0.031595,51.356029],[-0.031664,51.356062],[-0.0317,51.356077],[-0.031737,51.356091],[-0.031844,51.356124],[-0.031954,51.356152],[-0.032068,51.356174],[-0.032184,51.356192],[-0.032311,51.356206],[-0.032462,51.356219],[-0.032631,51.35623],[-0.032812,51.35624],[-0.033001,51.356247],[-0.033192,51.356251],[-0.033379,51.356253],[-0.033556,51.356252],[-0.033689,51.356249],[-0.033822,51.356242],[-0.033954,51.35623],[-0.034084,51.356213],[-0.034249,51.356183],[-0.03441,51.356147],[-0.034567,51.356104],[-0.034718,51.356053],[-0.034751,51.35604],[-0.034783,51.356026],[-0.034843,51.355995],[-0.034958,51.355928],[-0.035122,51.355826],[-0.03528,51.355719],[-0.035591,51.355504],[-0.035853,51.355318],[-0.036117,51.355132],[-0.036378,51.354945],[-0.036504,51.354849],[-0.036627,51.354752],[-0.036729,51.354666],[-0.036777,51.354621],[-0.036821,51.354575],[-0.036854,51.354534],[-0.036884,51.354493],[-0.036939,51.354408],[-0.036993,51.354323],[-0.037024,51.354281],[-0.037058,51.354241],[-0.037114,51.354183],[-0.03713,51.354169],[-0.037146,51.354156],[-0.037164,51.354143],[-0.037184,51.354132],[-0.03722,51.354114],[-0.037257,51.354098],[-0.037296,51.354082],[-0.037337,51.354068],[-0.037378,51.354056],[-0.037421,51.354045],[-0.037465,51.354037],[-0.037509,51.35403],[-0.037546,51.354026],[-0.037584,51.354025],[-0.037622,51.354025],[-0.03766,51.354026],[-0.037735,51.354032],[-0.03781,51.354041],[-0.037837,51.354045],[-0.037863,51.35405],[-0.037915,51.354062],[-0.038018,51.354089],[-0.03835,51.354175],[-0.038703,51.35427],[-0.03942,51.354471],[-0.040062,51.354649],[-0.040322,51.354717],[-0.040523,51.354763],[-0.040623,51.354783],[-0.040723,51.354801],[-0.040826,51.354814],[-0.040877,51.354818],[-0.040929,51.354821],[-0.041,51.354822],[-0.041071,51.354821],[-0.041212,51.354812],[-0.041353,51.354797],[-0.041491,51.354776],[-0.041593,51.354756],[-0.041692,51.354731],[-0.041886,51.354674],[-0.04208,51.354618],[-0.042179,51.354593],[-0.042281,51.354574],[-0.042402,51.354558],[-0.04254,51.354544],[-0.04269,51.354532],[-0.04285,51.354521],[-0.043182,51.354504],[-0.043504,51.354491],[-0.04376,51.354484],[-0.044017,51.354484],[-0.044239,51.35449],[-0.044462,51.354499],[-0.044683,51.354512],[-0.044904,51.354529],[-0.045288,51.354567],[-0.045671,51.354611],[-0.046052,51.354663],[-0.04643,51.35472],[-0.046742,51.354772],[-0.047051,51.35483],[-0.047358,51.354892],[-0.047663,51.354958],[-0.047969,51.35503],[-0.048273,51.355106],[-0.048574,51.355186],[-0.048871,51.355271],[-0.049125,51.355348],[-0.049376,51.355429],[-0.049625,51.355513],[-0.04987,51.355601],[-0.050151,51.355707],[-0.050429,51.355816],[-0.050703,51.355929],[-0.050973,51.356046],[-0.051149,51.356126],[-0.051323,51.356208],[-0.051663,51.356378],[-0.05197,51.356538],[-0.052276,51.356704],[-0.052882,51.357041],[-0.05348,51.357371],[-0.053775,51.357528],[-0.054067,51.357677],[-0.054206,51.357743],[-0.05435,51.357805],[-0.054521,51.35787],[-0.054705,51.357935],[-0.055085,51.358062],[-0.055433,51.358179],[-0.055576,51.358232],[-0.05569,51.35828],[-0.055719,51.358295],[-0.055746,51.35831],[-0.055771,51.358327],[-0.055795,51.358345],[-0.055839,51.358383],[-0.055879,51.358423],[-0.055915,51.358465],[-0.055944,51.358508],[-0.055954,51.358527],[-0.055963,51.358546],[-0.055977,51.358586],[-0.055995,51.358666],[-0.056012,51.358747],[-0.056025,51.358786],[-0.056042,51.358825],[-0.056071,51.358876],[-0.056105,51.358925],[-0.056145,51.358973],[-0.056191,51.359018],[-0.056217,51.35904],[-0.056245,51.35906],[-0.056306,51.359099],[-0.05637,51.359136],[-0.056437,51.359171],[-0.056512,51.359207],[-0.05659,51.359242],[-0.056752,51.359304],[-0.056912,51.359359],[-0.057075,51.35941],[-0.057241,51.359457],[-0.05741,51.359499],[-0.057626,51.359545],[-0.057846,51.359585],[-0.058068,51.359619],[-0.058292,51.359649],[-0.058575,51.359678],[-0.058955,51.359709],[-0.059863,51.359773],[-0.060735,51.359834],[-0.061071,51.359861],[-0.061198,51.359873],[-0.061292,51.359885],[-0.061377,51.359899],[-0.061461,51.359915],[-0.061543,51.359935],[-0.061624,51.359956],[-0.061757,51.359996],[-0.061886,51.360041],[-0.062013,51.360088],[-0.062137,51.360138],[-0.062365,51.360234],[-0.062588,51.360335],[-0.062806,51.36044],[-0.063022,51.360547],[-0.063299,51.360689],[-0.063432,51.360763],[-0.063559,51.360841],[-0.063658,51.36091],[-0.063751,51.360982],[-0.063839,51.361056],[-0.063925,51.361132],[-0.064034,51.361235],[-0.064138,51.361342],[-0.064337,51.361561],[-0.064533,51.361774],[-0.064633,51.361874],[-0.064737,51.361967],[-0.064849,51.362057],[-0.064967,51.362145],[-0.065091,51.362228],[-0.065222,51.362308],[-0.065389,51.362399],[-0.065564,51.362485],[-0.065745,51.362566],[-0.065932,51.362641],[-0.066069,51.362691],[-0.06621,51.362736],[-0.066355,51.362777],[-0.066502,51.362814],[-0.066725,51.36286],[-0.066952,51.362899],[-0.067182,51.362932],[-0.067413,51.362962],[-0.067687,51.362994],[-0.067976,51.363025],[-0.068276,51.363054],[-0.068584,51.363081],[-0.06921,51.363129],[-0.069829,51.363169],[-0.070042,51.36318],[-0.070255,51.363188],[-0.070468,51.363193],[-0.070681,51.363195],[-0.070839,51.363194],[-0.070997,51.36319],[-0.071312,51.363179],[-0.071627,51.363168],[-0.071785,51.363166],[-0.071943,51.363166],[-0.072138,51.363171],[-0.072332,51.363179],[-0.072526,51.363191],[-0.072719,51.363207],[-0.072879,51.363223],[-0.073038,51.363243],[-0.073353,51.36329],[-0.073547,51.363324],[-0.073739,51.363361],[-0.074122,51.363441],[-0.074504,51.363521],[-0.074696,51.363558],[-0.07489,51.363592],[-0.075072,51.363619],[-0.075254,51.363643],[-0.075621,51.363689],[-0.076415,51.363788],[-0.077223,51.363891],[-0.078003,51.363985],[-0.07837,51.364026],[-0.078715,51.364059],[-0.079006,51.364082],[-0.079298,51.364099],[-0.079884,51.364127],[-0.080469,51.364154],[-0.080761,51.364173],[-0.081052,51.364196],[-0.081569,51.364248],[-0.082097,51.364308],[-0.082353,51.364341],[-0.082597,51.364375],[-0.082824,51.364409],[-0.083031,51.364444],[-0.083172,51.364471],[-0.083241,51.364487],[-0.083274,51.364497],[-0.083306,51.364508],[-0.083351,51.364526],[-0.083393,51.364546],[-0.083413,51.364557],[-0.083432,51.364569],[-0.08345,51.364581],[-0.083467,51.364594],[-0.083484,51.364609],[-0.0835,51.364625],[-0.083515,51.364642],[-0.083528,51.364659],[-0.08355,51.364694],[-0.083569,51.36473],[-0.083576,51.364747],[-0.08358,51.364764],[-0.083583,51.364782],[-0.083583,51.364799],[-0.083579,51.364836],[-0.083571,51.364873],[-0.083558,51.36491],[-0.083542,51.364946],[-0.083491,51.365031],[-0.083414,51.365144],[-0.083315,51.365277],[-0.083202,51.365425],[-0.082952,51.365738],[-0.082711,51.366031],[-0.082462,51.366324],[-0.082173,51.366653],[-0.081514,51.367384],[-0.080808,51.368158],[-0.080125,51.36891],[-0.078775,51.370379],[-0.0778406,51.3713934]],[[-0.0959681,51.3742876],[-0.0963293,51.3742461]],[[-0.1053817,51.3740576],[-0.105396,51.374069],[-0.105411,51.374082],[-0.105424,51.374095],[-0.105436,51.374108],[-0.105459,51.374139],[-0.105468,51.374156],[-0.105476,51.374172],[-0.105483,51.374189],[-0.105487,51.374206],[-0.10549,51.374223],[-0.10549,51.37424],[-0.105489,51.374247],[-0.105488,51.374253],[-0.105484,51.374266],[-0.105478,51.374279],[-0.105471,51.374292],[-0.105437,51.374341],[-0.1054201,51.3743634]]]}},{"type":"Feature","properties":{"r":"UK","g":"uk","col":"#00ff00","n":"New Addington - West Croydon loop","ct":"伦敦","jk":"urban","off":-1.0},"geometry":{"type":"MultiLineString","coordinates":[[[-0.0757033,51.3743565],[-0.075744,51.374371],[-0.076076,51.374491],[-0.076418,51.374608],[-0.076588,51.374663],[-0.076755,51.374714],[-0.076918,51.374761],[-0.077075,51.374803],[-0.077237,51.374842],[-0.077412,51.37488],[-0.077595,51.374918],[-0.077779,51.374953],[-0.077958,51.374984],[-0.078128,51.375012],[-0.078281,51.375033],[-0.078412,51.375048],[-0.078492,51.375054],[-0.07861,51.375059],[-0.078946,51.375069],[-0.079384,51.375077],[-0.079889,51.375084],[-0.080427,51.375088],[-0.080963,51.37509],[-0.081463,51.375089],[-0.08189,51.375085],[-0.08207,51.37508],[-0.082255,51.375071],[-0.082628,51.375049],[-0.082983,51.37503],[-0.083145,51.375025],[-0.083293,51.375026],[-0.083447,51.375035],[-0.083626,51.375052],[-0.084035,51.375101],[-0.084477,51.375154],[-0.084695,51.375175],[-0.084905,51.375191],[-0.085152,51.375203],[-0.0854,51.37521],[-0.085648,51.375211],[-0.085895,51.375205],[-0.086097,51.375194],[-0.086315,51.375176],[-0.086785,51.375129],[-0.087275,51.375077],[-0.087519,51.375055],[-0.087757,51.375037],[-0.088108,51.375015],[-0.088284,51.375009],[-0.08846,51.375011],[-0.088544,51.375016],[-0.088659,51.375027],[-0.088961,51.37506],[-0.089729,51.375154],[-0.090472,51.375246],[-0.090742,51.375275],[-0.090836,51.375283],[-0.090871,51.375285],[-0.090897,51.375286],[-0.090933,51.375285],[-0.090968,51.375283],[-0.091039,51.375275],[-0.091109,51.375264],[-0.091177,51.37525],[-0.091294,51.37522],[-0.091421,51.37518],[-0.091696,51.375084],[-0.091988,51.374983],[-0.092135,51.374937],[-0.09228,51.374897],[-0.092475,51.374853],[-0.092741,51.374799],[-0.093064,51.374738],[-0.093425,51.374672],[-0.0941683,51.3745443]],[[-0.1041114,51.3756189],[-0.104042,51.375671],[-0.103926,51.375752],[-0.103682,51.375916],[-0.103468,51.376062],[-0.10339,51.376122],[-0.10336,51.376147],[-0.103349,51.376159],[-0.103339,51.376169],[-0.103318,51.376196],[-0.103301,51.376224],[-0.103286,51.376253],[-0.103274,51.376283],[-0.103234,51.376402],[-0.103185,51.376559],[-0.103139,51.376733],[-0.103058,51.377092],[-0.102988,51.377399],[-0.102957,51.377509],[-0.102943,51.377549],[-0.102936,51.377565],[-0.102929,51.377577],[-0.102917,51.377594],[-0.102904,51.37761],[-0.102874,51.377641],[-0.102841,51.377671],[-0.102805,51.377701],[-0.102731,51.377759],[-0.102697,51.377789],[-0.102666,51.37782],[-0.102642,51.377849],[-0.102622,51.37788],[-0.102585,51.377942],[-0.102566,51.377972],[-0.102545,51.378002],[-0.102521,51.378031],[-0.102507,51.378045],[-0.102492,51.378058],[-0.102475,51.378071],[-0.102457,51.378083],[-0.102419,51.378105],[-0.102377,51.378126],[-0.102333,51.378145],[-0.102246,51.378184],[-0.102203,51.378205],[-0.102164,51.378227],[-0.102072,51.378286],[-0.102031,51.378318],[-0.102012,51.378335],[-0.101995,51.378352],[-0.101984,51.378365],[-0.101972,51.378381],[-0.101946,51.378422],[-0.101886,51.378532],[-0.101748,51.378816],[-0.101612,51.379096],[-0.101554,51.3792],[-0.10153,51.379238],[-0.10152,51.379252],[-0.10151,51.379263],[-0.101492,51.37928],[-0.101473,51.379295],[-0.101452,51.37931],[-0.101429,51.379325],[-0.101381,51.379352],[-0.10133,51.379376],[-0.101244,51.379412],[-0.101149,51.379448],[-0.101045,51.379483],[-0.100936,51.379517],[-0.100708,51.379582],[-0.100481,51.37964],[-0.100374,51.379666],[-0.100347,51.379671],[-0.100319,51.379676],[-0.100291,51.379679],[-0.100263,51.37968],[-0.100189,51.379679],[-0.100152,51.379677],[-0.100115,51.379674],[-0.10008,51.379668],[-0.100062,51.379665],[-0.100045,51.379661],[-0.100028,51.379656],[-0.100012,51.379651],[-0.099997,51.379645],[-0.099982,51.379639],[-0.099972,51.379634],[-0.099962,51.379629],[-0.099953,51.379623],[-0.099945,51.379617],[-0.099937,51.37961],[-0.09993,51.379603],[-0.099916,51.379589],[-0.099904,51.379574],[-0.099894,51.379558],[-0.099878,51.379527],[-0.099874,51.379517],[-0.09987,51.379506],[-0.099865,51.37948],[-0.099859,51.37942],[-0.099859,51.379269],[-0.099864,51.379102],[-0.099863,51.37902],[-0.099857,51.378943],[-0.099832,51.378798],[-0.099793,51.378654],[-0.099736,51.378489],[-0.099671,51.378326],[-0.099597,51.378163],[-0.099514,51.378003],[-0.099473,51.377935],[-0.099427,51.377868],[-0.099333,51.377735],[-0.099016,51.377286],[-0.098677,51.376801],[-0.098381,51.376388],[-0.09827,51.376243],[-0.098227,51.376191],[-0.098194,51.376156],[-0.098165,51.376131],[-0.098134,51.376108],[-0.098065,51.376065],[-0.097995,51.376022],[-0.097961,51.375999],[-0.09793,51.375976],[-0.097838,51.375897],[-0.097756,51.375813],[-0.097646,51.375676],[-0.09751,51.375489],[-0.097203,51.375044],[-0.096919,51.374631],[-0.096812,51.374485],[-0.096772,51.374436],[-0.096756,51.374418],[-0.096743,51.374405],[-0.096723,51.374389],[-0.096701,51.374374],[-0.096652,51.374347],[-0.096551,51.374294]]]}},{"type":"Feature","properties":{"r":"UK","g":"uk","col":"#00ff00","n":"New Addington - West Croydon loop","ct":"伦敦","jk":"urban","off":-0.875},"geometry":{"type":"LineString","coordinates":[[-0.0755339,51.3739297],[-0.07553,51.373935],[-0.075522,51.373946],[-0.075499,51.373985],[-0.075479,51.374025],[-0.075464,51.374066],[-0.07546,51.374086],[-0.075457,51.374107],[-0.075457,51.37413],[-0.07546,51.374154],[-0.075463,51.374165],[-0.075467,51.374177],[-0.075472,51.374188],[-0.075478,51.374199],[-0.075489,51.374215],[-0.075502,51.374231],[-0.075516,51.374246],[-0.075532,51.374261],[-0.075566,51.374288],[-0.075605,51.374314],[-0.07562,51.374323],[-0.075637,51.374331],[-0.075671,51.374345],[-0.0757033,51.3743565]]}},{"type":"Feature","properties":{"r":"UK","g":"uk","col":"#00ff00","n":"New Addington - West Croydon loop","ct":"伦敦","jk":"urban","off":-0.8125},"geometry":{"type":"MultiLineString","coordinates":[[[-0.0941683,51.3745443],[-0.094199,51.374539],[-0.0945272,51.3744855]],[[-0.1043918,51.3753874],[-0.104298,51.375469],[-0.104146,51.375593],[-0.1041114,51.3756189]]]}},{"type":"Feature","properties":{"r":"UK","g":"uk","col":"#00ff00","n":"New Addington - West Croydon loop","ct":"伦敦","jk":"urban","off":-0.75},"geometry":{"type":"LineString","coordinates":[[-0.0759111,51.3735006],[-0.075691,51.373746],[-0.075576,51.373878],[-0.075541,51.37392],[-0.0755339,51.3739297]]}},{"type":"Feature","properties":{"r":"UK","g":"uk","col":"#00ff00","n":"New Addington - West Croydon loop","ct":"伦敦","jk":"urban","off":-0.6875},"geometry":{"type":"MultiLineString","coordinates":[[[-0.0945272,51.3744855],[-0.094579,51.374477],[-0.0948865,51.3744292]],[[-0.1046644,51.3751468],[-0.104444,51.375342],[-0.1043918,51.3753874]]]}},{"type":"Feature","properties":{"r":"UK","g":"uk","col":"#00ff00","n":"New Addington - West Croydon loop","ct":"伦敦","jk":"urban","off":-0.625},"geometry":{"type":"LineString","coordinates":[[-0.0762952,51.3730775],[-0.076075,51.373318],[-0.0759111,51.3735006]]}},{"type":"Feature","properties":{"r":"UK","g":"uk","col":"#00ff00","n":"New Addington - West Croydon loop","ct":"伦敦","jk":"urban","off":-0.5},"geometry":{"type":"MultiLineString","coordinates":[[[-0.0766811,51.3726561],[-0.0762952,51.3730775]],[[-0.0948865,51.3744292],[-0.094933,51.374422],[-0.0952464,51.3743772]],[[-0.1049358,51.3749048],[-0.104919,51.374921],[-0.104857,51.374976],[-0.104733,51.375086],[-0.1046644,51.3751468]]]}},{"type":"Feature","properties":{"r":"UK","g":"uk","col":"#00ff00","n":"New Addington - West Croydon loop","ct":"伦敦","jk":"urban","off":-0.375},"geometry":{"type":"LineString","coordinates":[[-0.077067,51.3722347],[-0.0766811,51.3726561]]}},{"type":"Feature","properties":{"r":"UK","g":"uk","col":"#00ff00","n":"New Addington - West Croydon loop","ct":"伦敦","jk":"urban","off":-0.3125},"geometry":{"type":"MultiLineString","coordinates":[[[-0.0952464,51.3743772],[-0.095311,51.374368],[-0.0956069,51.3743302]],[[-0.1051888,51.3746437],[-0.105102,51.374737],[-0.104977,51.374865],[-0.1049358,51.3749048]]]}},{"type":"Feature","properties":{"r":"UK","g":"uk","col":"#00ff00","n":"New Addington - West Croydon loop","ct":"伦敦","jk":"urban","off":-0.25},"geometry":{"type":"LineString","coordinates":[[-0.0774535,51.3718137],[-0.077292,51.371989],[-0.077067,51.3722347]]}},{"type":"Feature","properties":{"r":"UK","g":"uk","col":"#00ff00","n":"New Addington - West Croydon loop","ct":"伦敦","jk":"urban","off":-0.1875},"geometry":{"type":"MultiLineString","coordinates":[[[-0.0956069,51.3743302],[-0.095695,51.374319],[-0.0959681,51.3742876]],[[-0.1054201,51.3743634],[-0.105335,51.374476],[-0.105222,51.374608],[-0.1051888,51.3746437]]]}},{"type":"Feature","properties":{"r":"UK","g":"uk","col":"#00ff00","n":"New Addington - West Croydon loop","ct":"伦敦","jk":"urban","off":-0.125},"geometry":{"type":"LineString","coordinates":[[-0.0778406,51.3713934],[-0.0774535,51.3718137]]}},{"type":"Feature","properties":{"r":"UK","g":"uk","col":"#00ff00","n":"New Addington - West Croydon loop","ct":"伦敦","jk":"urban","off":0.1875},"geometry":{"type":"MultiLineString","coordinates":[[[-0.0963293,51.3742461],[-0.096478,51.374229],[-0.0966906,51.3742047]],[[-0.1050487,51.3739143],[-0.105203,51.37397],[-0.105266,51.373996],[-0.105291,51.374006],[-0.10531,51.374015],[-0.105347,51.374035],[-0.105381,51.374057],[-0.1053817,51.3740576]]]}},{"type":"Feature","properties":{"r":"UK","g":"uk","col":"#00ff00","n":"New Addington - West Croydon loop","ct":"伦敦","jk":"urban","off":0.3125},"geometry":{"type":"MultiLineString","coordinates":[[[-0.0966906,51.3742047],[-0.0970519,51.3741635]],[[-0.1047048,51.373796],[-0.104793,51.373825],[-0.105023,51.373905],[-0.1050487,51.3739143]]]}},{"type":"Feature","properties":{"r":"UK","g":"uk","col":"#00ff00","n":"New Addington - West Croydon loop","ct":"伦敦","jk":"urban","off":0.5},"geometry":{"type":"MultiLineString","coordinates":[[[-0.0970519,51.3741635],[-0.097267,51.374139],[-0.097413,51.3741208]],[[-0.104359,51.3736836],[-0.104531,51.373739],[-0.1047048,51.373796]]]}},{"type":"Feature","properties":{"r":"UK","g":"uk","col":"#00ff00","n":"New Addington - West Croydon loop","ct":"伦敦","jk":"urban","off":0.6875},"geometry":{"type":"MultiLineString","coordinates":[[[-0.097413,51.3741208],[-0.097659,51.37409],[-0.0977736,51.3740741]],[[-0.104012,51.3735749],[-0.104258,51.373651],[-0.104359,51.3736836]]]}},{"type":"Feature","properties":{"r":"UK","g":"uk","col":"#00ff00","n":"New Addington - West Croydon loop","ct":"伦敦","jk":"urban","off":0.8125},"geometry":{"type":"MultiLineString","coordinates":[[[-0.0977736,51.3740741],[-0.098048,51.374036],[-0.0981336,51.3740225]],[[-0.1036628,51.3734736],[-0.103759,51.3735],[-0.103993,51.373569],[-0.104012,51.3735749]]]}},{"type":"Feature","properties":{"r":"UK","g":"uk","col":"#00ff00","n":"New Addington - West Croydon loop","ct":"伦敦","jk":"urban","off":1.0},"geometry":{"type":"LineString","coordinates":[[-0.0981336,51.3740225],[-0.098314,51.373994],[-0.098602,51.373945],[-0.099189,51.373839],[-0.099704,51.373748],[-0.099901,51.373717],[-0.099979,51.373707],[-0.100041,51.373701],[-0.100112,51.373698],[-0.100182,51.373699],[-0.100324,51.373707],[-0.100466,51.373715],[-0.100537,51.373716],[-0.100608,51.373714],[-0.100681,51.373707],[-0.10078,51.373695],[-0.101045,51.373656],[-0.101728,51.373544],[-0.102416,51.373433],[-0.102686,51.373393],[-0.10279,51.373379],[-0.102867,51.373372],[-0.102943,51.373368],[-0.10302,51.373367],[-0.103097,51.373369],[-0.103173,51.373375],[-0.103275,51.373388],[-0.103376,51.373405],[-0.103475,51.373426],[-0.103573,51.373449],[-0.1036628,51.3734736]]}},{"type":"Feature","properties":{"r":"UK","g":"uk","col":"#b5e61d","n":"Wimbledon - Elmers End","ct":"伦敦","jk":"urban"},"geometry":{"type":"MultiLineString","coordinates":[[[-0.107121,51.375242],[-0.107085,51.375262],[-0.107049,51.375283],[-0.106979,51.375326],[-0.106944,51.375346],[-0.106906,51.375364],[-0.106886,51.375373],[-0.106866,51.37538],[-0.106845,51.375387],[-0.106823,51.375393],[-0.106803,51.375397],[-0.106782,51.3754],[-0.106761,51.375402],[-0.10674,51.375403],[-0.106719,51.375403],[-0.106697,51.375402],[-0.106655,51.375399],[-0.106629,51.375396],[-0.106603,51.375392],[-0.106578,51.375386],[-0.106553,51.37538],[-0.106529,51.375374],[-0.106505,51.375366],[-0.106483,51.375357],[-0.106462,51.375347],[-0.106439,51.375334],[-0.106417,51.375321],[-0.106397,51.375306],[-0.106378,51.37529],[-0.106361,51.375274],[-0.106345,51.375257],[-0.106332,51.37524],[-0.10632,51.375222],[-0.106315,51.375212],[-0.10631,51.375199],[-0.106301,51.375168],[-0.106285,51.375084],[-0.106262,51.374863],[-0.106236,51.374632],[-0.106219,51.374535],[-0.106209,51.374496],[-0.106197,51.374463],[-0.106181,51.374432],[-0.106161,51.374401],[-0.106137,51.374372],[-0.106123,51.374358],[-0.106108,51.374345],[-0.106076,51.374321],[-0.10604,51.374299],[-0.106021,51.374289],[-0.106001,51.37428],[-0.10598,51.374272],[-0.105959,51.374264],[-0.10594,51.374258],[-0.105921,51.374253],[-0.105901,51.374249],[-0.105881,51.374245],[-0.10586,51.374242],[-0.10584,51.37424],[-0.105798,51.374237],[-0.105755,51.374237],[-0.105733,51.374238],[-0.105712,51.37424],[-0.105691,51.374242],[-0.10567,51.374245],[-0.105649,51.374249],[-0.105629,51.374254],[-0.105602,51.374262],[-0.105576,51.37427],[-0.10555,51.37428],[-0.105525,51.374291],[-0.105501,51.374302],[-0.105479,51.374314],[-0.105457,51.374327],[-0.105437,51.374341],[-0.105412,51.37436],[-0.105387,51.374383],[-0.105334,51.374438],[-0.105222,51.374574],[-0.105102,51.374725],[-0.10504,51.374798],[-0.104977,51.374865],[-0.104837,51.374999],[-0.104691,51.37513],[-0.104387,51.375388],[-0.104092,51.375631],[-0.10394,51.37575],[-0.103784,51.375867],[-0.103728,51.375906],[-0.103667,51.375944],[-0.103542,51.37602],[-0.103426,51.376094],[-0.103378,51.376132],[-0.103357,51.37615],[-0.103339,51.376169],[-0.103318,51.376196],[-0.1033,51.376224],[-0.103285,51.376253],[-0.103273,51.376282],[-0.103234,51.376402],[-0.103185,51.376559],[-0.103139,51.376733],[-0.103058,51.377092],[-0.102988,51.377399],[-0.102957,51.377509],[-0.102943,51.377549],[-0.102936,51.377565],[-0.102929,51.377577],[-0.102917,51.377594],[-0.102904,51.37761],[-0.102874,51.377641],[-0.102841,51.377671],[-0.102805,51.377701],[-0.102731,51.377759],[-0.102697,51.377789],[-0.102666,51.37782],[-0.102642,51.377849],[-0.102622,51.37788],[-0.102585,51.377942],[-0.102566,51.377972],[-0.102545,51.378002],[-0.102521,51.378031],[-0.102507,51.378045],[-0.102492,51.378058],[-0.102475,51.378071],[-0.102457,51.378083],[-0.102419,51.378105],[-0.102377,51.378126],[-0.102333,51.378145],[-0.102246,51.378184],[-0.102203,51.378205],[-0.102164,51.378227],[-0.102072,51.378286],[-0.102031,51.378318],[-0.102012,51.378335],[-0.101995,51.378352],[-0.101984,51.378365],[-0.101972,51.378381],[-0.101946,51.378422],[-0.101886,51.378532],[-0.101748,51.378816],[-0.101612,51.379096],[-0.101554,51.3792],[-0.10153,51.379238],[-0.10152,51.379252],[-0.10151,51.379263],[-0.101492,51.37928],[-0.101473,51.379295],[-0.101452,51.37931],[-0.101429,51.379325],[-0.101381,51.379352],[-0.10133,51.379376],[-0.101244,51.379412],[-0.101149,51.379448],[-0.101045,51.379483],[-0.100936,51.379517],[-0.100708,51.379582],[-0.100481,51.37964],[-0.100374,51.379666],[-0.100347,51.379671],[-0.100319,51.379676],[-0.100291,51.379679],[-0.100263,51.37968],[-0.100189,51.379679],[-0.100152,51.379677],[-0.100115,51.379674],[-0.10008,51.379668],[-0.100062,51.379665],[-0.100045,51.379661],[-0.100028,51.379656],[-0.100012,51.379651],[-0.099997,51.379645],[-0.099982,51.379639],[-0.099972,51.379634],[-0.099962,51.379629],[-0.099953,51.379623],[-0.099945,51.379617],[-0.099937,51.37961],[-0.09993,51.379603],[-0.099916,51.379589],[-0.099904,51.379574],[-0.099894,51.379558],[-0.099878,51.379527],[-0.099874,51.379517],[-0.09987,51.379506],[-0.099865,51.37948],[-0.099859,51.37942],[-0.099859,51.379269],[-0.099864,51.379102],[-0.099863,51.37902],[-0.099857,51.378943],[-0.099832,51.378798],[-0.099793,51.378654],[-0.099736,51.378489],[-0.099671,51.378326],[-0.099597,51.378163],[-0.099514,51.378003],[-0.099473,51.377935],[-0.099427,51.377868],[-0.099333,51.377735],[-0.099016,51.377286],[-0.098677,51.376801],[-0.098381,51.376388],[-0.09827,51.376243],[-0.098227,51.376191],[-0.098194,51.376156],[-0.098165,51.376131],[-0.098134,51.376108],[-0.098065,51.376065],[-0.097995,51.376022],[-0.097961,51.375999],[-0.09793,51.375976],[-0.097838,51.375897],[-0.097756,51.375813],[-0.097646,51.375676],[-0.09751,51.375489],[-0.097203,51.375044],[-0.096919,51.374631],[-0.096812,51.374485],[-0.096772,51.374436],[-0.096756,51.374418],[-0.096743,51.374405],[-0.096702,51.374372],[-0.09668,51.374356],[-0.096657,51.37434],[-0.096632,51.374326],[-0.096606,51.374313],[-0.096578,51.374302],[-0.096564,51.374297],[-0.096549,51.374293],[-0.096535,51.37429],[-0.096521,51.374287],[-0.096506,51.374285],[-0.096491,51.374283],[-0.096461,51.374281],[-0.09643,51.37428],[-0.096368,51.374281],[-0.096307,51.374284],[-0.09619,51.37429],[-0.096074,51.374299],[-0.095842,51.374324],[-0.095612,51.374355],[-0.095382,51.374387],[-0.095034,51.374437],[-0.094687,51.374492],[-0.094342,51.374551],[-0.093999,51.374614],[-0.093477,51.374717],[-0.092958,51.374826],[-0.092443,51.374942],[-0.091933,51.375066],[-0.091834,51.375093],[-0.091736,51.375123],[-0.091543,51.375186],[-0.091349,51.375245],[-0.091249,51.375271],[-0.091147,51.375293],[-0.091069,51.375306],[-0.09099,51.375315],[-0.090909,51.375321],[-0.090829,51.375322],[-0.090801,51.375321],[-0.090764,51.375318],[-0.090669,51.375309],[-0.090403,51.375278],[-0.089689,51.375184],[-0.088957,51.375088],[-0.08867,51.375054],[-0.088561,51.375044],[-0.088481,51.375038],[-0.088325,51.375036],[-0.08817,51.375041],[-0.087859,51.37506],[-0.087611,51.375078],[-0.087359,51.375102],[-0.086855,51.375155],[-0.086364,51.375205],[-0.08613,51.375225],[-0.085906,51.375238],[-0.085695,51.375245],[-0.085483,51.375247],[-0.085271,51.375245],[-0.08506,51.375237],[-0.084839,51.375222],[-0.084598,51.375199],[-0.084092,51.375142],[-0.08362,51.375088],[-0.08342,51.375069],[-0.083258,51.37506],[-0.083114,51.375059],[-0.082962,51.375064],[-0.082646,51.375082],[-0.082321,51.375104],[-0.082159,51.375112],[-0.081999,51.375117],[-0.081592,51.375121],[-0.081093,51.375121],[-0.080542,51.375118],[-0.07998,51.375112],[-0.079445,51.375104],[-0.078979,51.375095],[-0.07862,51.375084],[-0.078494,51.375079],[-0.078409,51.375073],[-0.078273,51.375058],[-0.078115,51.375037],[-0.077942,51.37501],[-0.077759,51.374979],[-0.077573,51.374944],[-0.077388,51.374908],[-0.077211,51.37487],[-0.077048,51.374832],[-0.076933,51.374801],[-0.076819,51.374767],[-0.076598,51.374693],[-0.076377,51.374617],[-0.076266,51.374581],[-0.076152,51.374548],[-0.076006,51.374507],[-0.075858,51.374468],[-0.075708,51.374433],[-0.075555,51.374405],[-0.075499,51.374397],[-0.0754478,51.3743916]],[[-0.053866,51.3945926],[-0.053003,51.395234],[-0.05152,51.396427],[-0.05136,51.396564],[-0.051281,51.396633],[-0.051205,51.396703],[-0.051106,51.396803],[-0.05101,51.396904],[-0.050827,51.39711],[-0.050644,51.397316],[-0.05055,51.397418],[-0.050451,51.397518],[-0.050228,51.397729],[-0.049996,51.397937],[-0.04976,51.398143],[-0.049526,51.39835]],[[-0.1053236,51.3739943],[-0.104941,51.373869],[-0.10452,51.373734],[-0.104125,51.373611],[-0.103796,51.373511],[-0.103573,51.373449],[-0.103476,51.373425],[-0.103376,51.373404],[-0.103276,51.373386],[-0.103225,51.37338],[-0.103173,51.373375],[-0.103109,51.373372],[-0.103045,51.37337],[-0.102917,51.373373],[-0.102789,51.373382],[-0.102662,51.373393],[-0.102458,51.373418],[-0.102195,51.373458],[-0.10158,51.373562],[-0.100994,51.373661],[-0.100765,51.373696],[-0.100676,51.373708],[-0.100608,51.373714],[-0.100537,51.373716],[-0.100466,51.373715],[-0.100324,51.373707],[-0.100182,51.373699],[-0.100112,51.373698],[-0.100041,51.373701],[-0.099979,51.373707],[-0.099901,51.373717],[-0.099704,51.373748],[-0.099189,51.373839],[-0.098602,51.373945],[-0.098314,51.373994],[-0.098048,51.374036],[-0.097858,51.374062],[-0.097661,51.374085],[-0.097262,51.374128],[-0.096883,51.374172],[-0.09671,51.374196],[-0.096554,51.374223],[-0.096498,51.374236],[-0.096442,51.374251],[-0.096333,51.374282]]]}},{"type":"Feature","properties":{"r":"UK","g":"uk","col":"#b5e61d","n":"Wimbledon - Elmers End","ct":"伦敦","jk":"urban","off":-0.5},"geometry":{"type":"MultiLineString","coordinates":[[[-0.0734347,51.3776081],[-0.073407,51.377837],[-0.073371,51.378212],[-0.0733,51.379106],[-0.073231,51.380086],[-0.073161,51.381023],[-0.073137,51.381234],[-0.073124,51.381339],[-0.073107,51.381444],[-0.07307,51.381604],[-0.073024,51.381763],[-0.072931,51.382032],[-0.072879,51.382165],[-0.072821,51.382298],[-0.072749,51.382448],[-0.072672,51.382597],[-0.072589,51.382745],[-0.072501,51.382891],[-0.072427,51.383005],[-0.07235,51.383119],[-0.072268,51.383231],[-0.072181,51.383342],[-0.072046,51.383504],[-0.071904,51.383664],[-0.071754,51.383821],[-0.071598,51.383975],[-0.07149,51.384074],[-0.071377,51.384172],[-0.07126,51.384267],[-0.071139,51.384361],[-0.070763,51.384637],[-0.070358,51.384921],[-0.070162,51.385054],[-0.06998,51.385173],[-0.069819,51.385274],[-0.069685,51.385353],[-0.069568,51.385414],[-0.069445,51.385471],[-0.069319,51.385524],[-0.069191,51.385576],[-0.069019,51.385641],[-0.068844,51.385704],[-0.068488,51.385822],[-0.068131,51.385939],[-0.067954,51.385999],[-0.067779,51.386062],[-0.067476,51.386176],[-0.067177,51.386292],[-0.066879,51.386411],[-0.066585,51.386533],[-0.066251,51.386674],[-0.06592,51.386816],[-0.065593,51.386963],[-0.065274,51.387116],[-0.065034,51.387237],[-0.064796,51.387361],[-0.064559,51.387487],[-0.064325,51.387615],[-0.063861,51.387878],[-0.063407,51.388145],[-0.063192,51.388278],[-0.062983,51.388415],[-0.062568,51.38869],[-0.0571754,51.3923481]],[[-0.205041,51.421556],[-0.205179,51.421458],[-0.205316,51.421358],[-0.205456,51.421262],[-0.205529,51.421215],[-0.205606,51.421171],[-0.205634,51.421157],[-0.205664,51.421143],[-0.205725,51.421118],[-0.205787,51.421093],[-0.205817,51.42108],[-0.205846,51.421066],[-0.206009,51.420976],[-0.206209,51.42086],[-0.206431,51.420726],[-0.20666,51.420584],[-0.206883,51.420443],[-0.207084,51.420311],[-0.20725,51.420199],[-0.207364,51.420115],[-0.207478,51.420018],[-0.207582,51.419917],[-0.207677,51.419813],[-0.207764,51.419706],[-0.207817,51.41963],[-0.207864,51.419553],[-0.207905,51.419474],[-0.207942,51.419394],[-0.207976,51.41931],[-0.208005,51.419225],[-0.20803,51.419139],[-0.20805,51.419053],[-0.208068,51.418949],[-0.208075,51.418845],[-0.208074,51.418725],[-0.208067,51.418606],[-0.208054,51.418486],[-0.208038,51.418367],[-0.208009,51.418197],[-0.20799,51.418112],[-0.207963,51.418028],[-0.207936,51.417961],[-0.207903,51.417895],[-0.207827,51.417766],[-0.207765,51.417674],[-0.207699,51.417584],[-0.207627,51.417494],[-0.207551,51.417407],[-0.20745,51.4173],[-0.207342,51.417195],[-0.207229,51.417092],[-0.207111,51.416992],[-0.20698,51.416892],[-0.206839,51.416797],[-0.206733,51.416732],[-0.206625,51.416669],[-0.206512,51.416609],[-0.206396,51.416552],[-0.206216,51.416475],[-0.205984,51.416384],[-0.205416,51.416174],[-0.20479,51.415941],[-0.204487,51.415823],[-0.204206,51.415707],[-0.204056,51.415641],[-0.20391,51.415572],[-0.203765,51.415502],[-0.203624,51.415429],[-0.203398,51.415307],[-0.203176,51.415181],[-0.202959,51.415052],[-0.202749,51.414919],[-0.202637,51.414843],[-0.202528,51.414765],[-0.20232,51.414605],[-0.202164,51.414478],[-0.202013,51.414349],[-0.201721,51.414086],[-0.201555,51.413928],[-0.201388,51.413764],[-0.201059,51.413429],[-0.200743,51.413111],[-0.200592,51.412968],[-0.200448,51.41284],[-0.200244,51.412674],[-0.20003,51.412513],[-0.199808,51.412356],[-0.199582,51.412202],[-0.199434,51.412105],[-0.199282,51.41201],[-0.199126,51.411917],[-0.198967,51.411827],[-0.198671,51.41167],[-0.19827,51.411467],[-0.197253,51.410963],[-0.196107,51.410402],[-0.195025,51.40987],[-0.189701,51.407329],[-0.188439,51.406709],[-0.187139,51.406072],[-0.185914,51.405468],[-0.185366,51.405192],[-0.18488,51.404941],[-0.1845,51.404742],[-0.184117,51.404537],[-0.183931,51.404435],[-0.183754,51.404335],[-0.183588,51.404237],[-0.183436,51.404142],[-0.18332,51.40406],[-0.183211,51.403974],[-0.183103,51.403887],[-0.182989,51.403804],[-0.182782,51.403668],[-0.182554,51.403525],[-0.182059,51.403227],[-0.181539,51.402922],[-0.181032,51.40262],[-0.179493,51.40162],[-0.177873,51.400565],[-0.176416,51.399621],[-0.175824,51.399244],[-0.175364,51.398958],[-0.175089,51.398794],[-0.174949,51.398714],[-0.174804,51.398637],[-0.174595,51.398533],[-0.174382,51.398433],[-0.174164,51.398336],[-0.173943,51.398243],[-0.173732,51.398158],[-0.173518,51.398077],[-0.1733,51.397998],[-0.173079,51.397924],[-0.172885,51.397861],[-0.172688,51.397801],[-0.172488,51.397745],[-0.172386,51.397721],[-0.172283,51.397698],[-0.172196,51.397682],[-0.172076,51.397664],[-0.171755,51.397621],[-0.170891,51.397515],[-0.169937,51.397397],[-0.169503,51.397339],[-0.169139,51.397284],[-0.168977,51.397256],[-0.168816,51.397227],[-0.168656,51.397194],[-0.168498,51.397158],[-0.168248,51.397095],[-0.168002,51.397027],[-0.167759,51.396955],[-0.167519,51.396878],[-0.167315,51.396807],[-0.167115,51.396733],[-0.166918,51.396655],[-0.166723,51.396576],[-0.166423,51.396449],[-0.166276,51.396382],[-0.166133,51.396313],[-0.165953,51.39622],[-0.165778,51.396124],[-0.165437,51.395925],[-0.165198,51.39578],[-0.164958,51.395627],[-0.16448,51.395315],[-0.164021,51.395018],[-0.163804,51.394883],[-0.163598,51.394763],[-0.163346,51.394626],[-0.163088,51.394493],[-0.162824,51.394366],[-0.162553,51.394244],[-0.162259,51.39412],[-0.16196,51.394002],[-0.161653,51.39389],[-0.161498,51.393838],[-0.16134,51.393787],[-0.161152,51.393732],[-0.160946,51.393679],[-0.160502,51.393575],[-0.16004,51.393467],[-0.159813,51.39341],[-0.159595,51.393349],[-0.159386,51.393284],[-0.15918,51.393215],[-0.158774,51.39307],[-0.15837,51.392926],[-0.158167,51.392858],[-0.157962,51.392797],[-0.157785,51.39275],[-0.157606,51.392707],[-0.157243,51.392628],[-0.156879,51.39255],[-0.156698,51.392509],[-0.15652,51.392464],[-0.156364,51.392421],[-0.156211,51.392374],[-0.155908,51.392276],[-0.155603,51.392181],[-0.155448,51.392137],[-0.15529,51.392098],[-0.155197,51.392079],[-0.155103,51.392062],[-0.154911,51.392036],[-0.154761,51.39202],[-0.154611,51.392008],[-0.154308,51.391991],[-0.154006,51.391972],[-0.153856,51.391958],[-0.153707,51.391941],[-0.153553,51.391918],[-0.1534,51.391893],[-0.153097,51.391835],[-0.152796,51.391771],[-0.152496,51.391706],[-0.152107,51.391619],[-0.151481,51.391475],[-0.149659,51.391047],[-0.144721,51.389879],[-0.139939,51.388747],[-0.138313,51.388366],[-0.137814,51.388251],[-0.137572,51.388199],[-0.137376,51.388166],[-0.137178,51.388139],[-0.136979,51.388115],[-0.136779,51.388094],[-0.136537,51.388074],[-0.136294,51.38806],[-0.136052,51.388045],[-0.135931,51.388035],[-0.135811,51.388022],[-0.135642,51.388],[-0.135475,51.387976],[-0.135309,51.387947],[-0.135145,51.387913],[-0.135014,51.387882],[-0.134884,51.387849],[-0.134628,51.387777],[-0.134375,51.3877],[-0.134124,51.387622],[-0.133495,51.387425],[-0.13283,51.387209],[-0.132522,51.387107],[-0.132252,51.387014],[-0.132034,51.386935],[-0.131884,51.386876],[-0.13176,51.386816],[-0.131614,51.386736],[-0.131283,51.386541],[-0.130948,51.386345],[-0.130797,51.386262],[-0.130666,51.386198],[-0.130595,51.386169],[-0.130501,51.386133],[-0.130257,51.386048],[-0.129628,51.385838],[-0.128964,51.385617],[-0.128677,51.385516],[-0.12845,51.38543],[-0.128296,51.385365],[-0.128146,51.385296],[-0.127999,51.385224],[-0.127857,51.385149],[-0.127706,51.385062],[-0.127561,51.384971],[-0.127275,51.384787],[-0.126327,51.384139],[-0.125337,51.383465],[-0.124431,51.382842],[-0.124049,51.382573],[-0.123735,51.382345],[-0.12358,51.382228],[-0.123429,51.38211],[-0.123281,51.381989],[-0.123139,51.381866],[-0.122976,51.381717],[-0.122817,51.381565],[-0.122511,51.381258],[-0.12221,51.380948],[-0.121907,51.38064],[-0.121633,51.380338],[-0.121495,51.380188],[-0.121353,51.380039],[-0.121092,51.379778],[-0.120825,51.379519],[-0.120552,51.379262],[-0.120273,51.379008],[-0.119909,51.378688],[-0.119458,51.378302],[-0.118377,51.377393],[-0.117189,51.376402],[-0.116055,51.375452],[-0.115688,51.375116],[-0.115325,51.374778],[-0.114955,51.374444],[-0.114766,51.374278],[-0.114572,51.374115],[-0.114413,51.373988],[-0.11433,51.373927],[-0.114244,51.373867],[-0.114109,51.373781],[-0.114038,51.37374],[-0.113964,51.373702],[-0.113834,51.373641],[-0.113696,51.373579],[-0.113408,51.37346],[-0.113267,51.373405],[-0.113133,51.373357],[-0.113011,51.373316],[-0.112904,51.373284],[-0.112819,51.373264],[-0.112731,51.373248],[-0.112642,51.373235],[-0.112552,51.373225],[-0.112396,51.373211],[-0.11224,51.373203],[-0.112082,51.373198],[-0.111925,51.373195],[-0.111745,51.373193],[-0.111566,51.373193],[-0.111386,51.373199],[-0.111208,51.373211],[-0.111064,51.373227],[-0.110912,51.373248],[-0.110753,51.373273],[-0.110589,51.373302],[-0.110256,51.373364],[-0.109931,51.373427],[-0.10956,51.373494],[-0.109382,51.373532],[-0.109301,51.373554],[-0.109226,51.373578],[-0.109202,51.373588],[-0.109178,51.373598],[-0.109135,51.373621],[-0.109054,51.373673],[-0.108995,51.373716],[-0.108923,51.373772],[-0.108747,51.373919],[-0.108309,51.374301],[-0.1082238,51.374375]]]}},{"type":"Feature","properties":{"r":"UK","g":"uk","col":"#b5e61d","n":"Wimbledon - Elmers End","ct":"伦敦","jk":"urban","off":-0.375},"geometry":{"type":"MultiLineString","coordinates":[[[-0.0737842,51.3763256],[-0.073762,51.376377],[-0.073697,51.376547],[-0.073638,51.376717],[-0.073586,51.376889],[-0.073539,51.377061],[-0.073484,51.377295],[-0.073444,51.377531],[-0.0734347,51.3776081]],[[-0.0571754,51.3923481],[-0.05672,51.392657],[-0.056192,51.392985],[-0.0560552,51.3930708]],[[-0.1082238,51.374375],[-0.107839,51.374709],[-0.107623,51.374889],[-0.107437,51.375035],[-0.107289,51.375145],[-0.107209,51.375197],[-0.1071858,51.3752094]]]}},{"type":"Feature","properties":{"r":"UK","g":"uk","col":"#b5e61d","n":"Wimbledon - Elmers End","ct":"伦敦","jk":"urban","off":-0.25},"geometry":{"type":"MultiLineString","coordinates":[[[-0.0744561,51.3751771],[-0.074358,51.375315],[-0.074251,51.375472],[-0.07415,51.375631],[-0.074054,51.375791],[-0.073973,51.375936],[-0.073897,51.376082],[-0.073826,51.376229],[-0.0737842,51.3763256]],[[-0.0560552,51.3930708],[-0.055929,51.39315],[-0.055671,51.393318],[-0.055444,51.393472],[-0.055219,51.393627],[-0.0549507,51.3938172]],[[-0.1071858,51.3752094],[-0.107166,51.37522],[-0.107121,51.375242],[-0.107049,51.375271],[-0.107011,51.375285],[-0.106972,51.375297],[-0.106932,51.375308],[-0.106892,51.375317],[-0.10685,51.375323],[-0.106829,51.375325],[-0.106808,51.375327],[-0.106773,51.375328],[-0.106738,51.375328],[-0.106703,51.375326],[-0.106668,51.375322],[-0.106634,51.375317],[-0.106601,51.37531],[-0.106569,51.375301],[-0.106539,51.37529],[-0.106526,51.375285],[-0.106514,51.375279],[-0.106502,51.375272],[-0.106491,51.375266],[-0.10647,51.375251],[-0.106451,51.375235],[-0.106433,51.375219],[-0.106417,51.375202],[-0.106387,51.375167],[-0.106378,51.375155],[-0.106371,51.375143],[-0.106359,51.375118],[-0.106342,51.375066],[-0.106323,51.374986],[-0.106311,51.3749],[-0.106296,51.374724],[-0.1062954,51.3747178]]]}},{"type":"Feature","properties":{"r":"UK","g":"uk","col":"#b5e61d","n":"Wimbledon - Elmers End","ct":"伦敦","jk":"urban","off":-0.125},"geometry":{"type":"MultiLineString","coordinates":[[[-0.0754478,51.3743916],[-0.075442,51.374391],[-0.075413,51.374389],[-0.075385,51.374388],[-0.075356,51.374388],[-0.075328,51.37439],[-0.075299,51.374393],[-0.07527,51.374397],[-0.075242,51.374403],[-0.075214,51.374409],[-0.075187,51.374416],[-0.075161,51.374425],[-0.075136,51.374434],[-0.075112,51.374445],[-0.075096,51.374453],[-0.07508,51.374462],[-0.075052,51.37448],[-0.075025,51.374501],[-0.075,51.374522],[-0.074911,51.374611],[-0.074788,51.374744],[-0.074676,51.37488],[-0.074571,51.375019],[-0.074469,51.375159],[-0.0744561,51.3751771]],[[-0.0549507,51.3938172],[-0.054776,51.393941],[-0.054336,51.394256],[-0.053895,51.394571],[-0.053866,51.3945926]],[[-0.1062954,51.3747178],[-0.106281,51.374565],[-0.106268,51.374499],[-0.106259,51.37447],[-0.106249,51.374446],[-0.106219,51.374395],[-0.106201,51.37437],[-0.106182,51.374346],[-0.106159,51.374323],[-0.106135,51.3743],[-0.106108,51.374279],[-0.106078,51.37426],[-0.106075,51.374258],[-0.106072,51.374257],[-0.106062,51.374252],[-0.106036,51.374241],[-0.105956,51.374211],[-0.105699,51.37412],[-0.105347,51.374002],[-0.1053236,51.3739943]]]}},{"type":"Feature","properties":{"r":"UK","g":"uk","col":"#ff5252","n":"Wimbledon - Beckenham Junction","ct":"伦敦","jk":"urban"},"geometry":{"type":"MultiLineString","coordinates":[[[-0.027209,51.410918],[-0.027409,51.410973],[-0.027609,51.41103],[-0.02781,51.411084],[-0.028015,51.411131],[-0.028073,51.411142],[-0.028131,51.411151],[-0.028249,51.411166],[-0.028771,51.41123],[-0.029294,51.41129],[-0.02982,51.411342],[-0.030083,51.411364],[-0.030347,51.411384],[-0.030719,51.411405],[-0.031092,51.41142],[-0.031466,51.411429],[-0.03184,51.411435],[-0.032187,51.411439],[-0.032534,51.411439],[-0.032881,51.411435],[-0.033228,51.411426],[-0.033866,51.411398],[-0.034502,51.411361],[-0.035137,51.411315],[-0.035454,51.411288],[-0.03577,51.411258],[-0.036223,51.41121],[-0.036674,51.411154],[-0.037122,51.411092],[-0.037569,51.411025],[-0.037952,51.410963],[-0.038332,51.410896],[-0.038711,51.410825],[-0.039087,51.410749],[-0.039566,51.410646],[-0.040042,51.410537],[-0.040514,51.410421],[-0.040981,51.410299],[-0.041533,51.410144],[-0.042079,51.409982],[-0.042621,51.409812],[-0.043157,51.409637],[-0.043381,51.409561],[-0.043603,51.409483],[-0.043822,51.409402],[-0.04404,51.409319],[-0.044406,51.409175],[-0.044769,51.409027],[-0.045128,51.408875],[-0.045483,51.40872],[-0.045918,51.408524],[-0.046403,51.408301],[-0.046914,51.408062],[-0.047426,51.40782],[-0.047915,51.407585],[-0.048357,51.40737],[-0.048726,51.407186],[-0.049,51.407045],[-0.049091,51.406993],[-0.04918,51.406938],[-0.049267,51.406884],[-0.049358,51.406831],[-0.049576,51.406713],[-0.049798,51.406597],[-0.050025,51.406485],[-0.050255,51.406376],[-0.050345,51.406337],[-0.050437,51.4063],[-0.050529,51.406263],[-0.050619,51.406225],[-0.050866,51.406111],[-0.051225,51.405942],[-0.052211,51.405468],[-0.054784,51.40422],[-0.057251,51.403023],[-0.058104,51.402613],[-0.058377,51.402485],[-0.058524,51.402419],[-0.058758,51.402329],[-0.058999,51.402246],[-0.059245,51.402169],[-0.059496,51.402099],[-0.059697,51.402052],[-0.059954,51.402],[-0.06058,51.401883],[-0.061257,51.401756],[-0.061579,51.401691],[-0.061871,51.401626],[-0.062026,51.401589],[-0.062101,51.401567],[-0.062138,51.401555],[-0.062173,51.401542],[-0.062222,51.401521],[-0.062268,51.401499],[-0.06229,51.401486],[-0.062311,51.401473],[-0.06233,51.40146],[-0.062348,51.401445],[-0.062373,51.401421],[-0.062395,51.401397],[-0.062416,51.401371],[-0.062434,51.401345],[-0.06245,51.401319],[-0.062463,51.401291],[-0.062473,51.401264],[-0.06248,51.401236],[-0.062483,51.401217],[-0.062483,51.401198],[-0.06248,51.401179],[-0.062476,51.40116],[-0.062465,51.401122],[-0.062451,51.401084],[-0.062436,51.401045],[-0.062417,51.401007],[-0.062395,51.400969],[-0.062381,51.400951],[-0.062366,51.400934],[-0.062339,51.400908],[-0.0623,51.400876],[-0.062194,51.400796],[-0.061899,51.40059],[-0.061553,51.400357],[-0.061233,51.400137],[-0.06093,51.399946],[-0.060624,51.399757],[-0.060324,51.399565],[-0.060178,51.399466],[-0.060037,51.399365],[-0.05994,51.399292],[-0.059896,51.399253],[-0.059876,51.399234],[-0.059857,51.399213],[-0.05982,51.399164],[-0.059789,51.399112],[-0.059763,51.39906],[-0.059741,51.399007],[-0.059734,51.398985],[-0.059729,51.398962],[-0.059722,51.398916],[-0.059714,51.398869],[-0.059711,51.398846],[-0.059711,51.398834],[-0.059712,51.398822],[-0.05972,51.398779],[-0.059734,51.398737],[-0.059769,51.398653],[-0.059787,51.398611],[-0.059797,51.39859],[-0.05981,51.39857],[-0.059842,51.398527],[-0.059879,51.398485],[-0.059899,51.398465],[-0.05992,51.398445],[-0.059944,51.398426],[-0.059969,51.398409],[-0.059984,51.3984],[-0.060003,51.39839],[-0.060054,51.398367],[-0.060198,51.398309],[-0.06059,51.398162],[-0.061002,51.398007],[-0.061171,51.397939],[-0.061238,51.397909],[-0.061291,51.397883],[-0.06138,51.397833],[-0.061464,51.397779],[-0.061542,51.397721],[-0.061612,51.39766],[-0.061662,51.397608],[-0.061706,51.397554],[-0.061744,51.397499],[-0.061773,51.397441],[-0.0618,51.397363],[-0.061815,51.397283],[-0.061822,51.397203],[-0.061821,51.397123],[-0.061809,51.39702],[-0.061786,51.396918],[-0.061756,51.396816],[-0.061724,51.396715],[-0.06166,51.396522],[-0.061587,51.396315],[-0.061427,51.395896],[-0.061346,51.395699],[-0.061269,51.395522],[-0.061199,51.395373],[-0.06114,51.395261],[-0.061071,51.395153],[-0.060993,51.395048],[-0.060907,51.394944],[-0.060815,51.394843],[-0.060734,51.394759],[-0.060648,51.394676],[-0.060556,51.394596],[-0.060458,51.394519],[-0.0603948,51.3944754]],[[-0.0736927,51.3765669],[-0.073731,51.376461],[-0.073787,51.37632],[-0.0738261,51.3762287]],[[-0.0963328,51.3742827],[-0.096368,51.374281],[-0.09643,51.37428],[-0.096461,51.374281],[-0.096491,51.374283],[-0.096506,51.374285],[-0.096521,51.374287],[-0.096535,51.37429],[-0.096549,51.374293],[-0.096564,51.374297],[-0.096578,51.374302],[-0.096606,51.374313],[-0.096632,51.374326],[-0.096657,51.37434],[-0.09668,51.374356],[-0.0966802,51.3743561]]]}},{"type":"Feature","properties":{"r":"UK","g":"uk","col":"#ff5252","n":"Wimbledon - Beckenham Junction","ct":"伦敦","jk":"urban","off":-1.0},"geometry":{"type":"LineString","coordinates":[[-0.0977581,51.3758152],[-0.097838,51.375897],[-0.09793,51.375976],[-0.097961,51.375999],[-0.097995,51.376022],[-0.098065,51.376065],[-0.098134,51.376108],[-0.098165,51.376131],[-0.098194,51.376156],[-0.098227,51.376191],[-0.09827,51.376243],[-0.098381,51.376388],[-0.098677,51.376801],[-0.099016,51.377286],[-0.099333,51.377735],[-0.099427,51.377868],[-0.099473,51.377935],[-0.099514,51.378003],[-0.099597,51.378163],[-0.099671,51.378326],[-0.099736,51.378489],[-0.099793,51.378654],[-0.099832,51.378798],[-0.099857,51.378943],[-0.099863,51.37902],[-0.099864,51.379102],[-0.099859,51.379269],[-0.099859,51.37942],[-0.099865,51.37948],[-0.09987,51.379506],[-0.099874,51.379517],[-0.099878,51.379527],[-0.099894,51.379558],[-0.099904,51.379574],[-0.099916,51.379589],[-0.09993,51.379603],[-0.099937,51.37961],[-0.099945,51.379617],[-0.099953,51.379623],[-0.099962,51.379629],[-0.099972,51.379634],[-0.099982,51.379639],[-0.099997,51.379645],[-0.100012,51.379651],[-0.100028,51.379656],[-0.100045,51.379661],[-0.100062,51.379665],[-0.10008,51.379668],[-0.100115,51.379674],[-0.100152,51.379677],[-0.100189,51.379679],[-0.100263,51.37968],[-0.100291,51.379679],[-0.100319,51.379676],[-0.100347,51.379671],[-0.100374,51.379666],[-0.100481,51.37964],[-0.100708,51.379582],[-0.100936,51.379517],[-0.101045,51.379483],[-0.101149,51.379448],[-0.101244,51.379412],[-0.10133,51.379376],[-0.101381,51.379352],[-0.101429,51.379325],[-0.101452,51.37931],[-0.101473,51.379295],[-0.101492,51.37928],[-0.10151,51.379263],[-0.10152,51.379252],[-0.10153,51.379238],[-0.101554,51.3792],[-0.101612,51.379096],[-0.101748,51.378816],[-0.101886,51.378532],[-0.101946,51.378422],[-0.101972,51.378381],[-0.101984,51.378365],[-0.101995,51.378352],[-0.102012,51.378335],[-0.102031,51.378318],[-0.102072,51.378286],[-0.102164,51.378227],[-0.102203,51.378205],[-0.102246,51.378184],[-0.102333,51.378145],[-0.102377,51.378126],[-0.102419,51.378105],[-0.102457,51.378083],[-0.102475,51.378071],[-0.102492,51.378058],[-0.102507,51.378045],[-0.102521,51.378031],[-0.102545,51.378002],[-0.102566,51.377972],[-0.102585,51.377942],[-0.102622,51.37788],[-0.102642,51.377849],[-0.102666,51.37782],[-0.102697,51.377789],[-0.102731,51.377759],[-0.102805,51.377701],[-0.102841,51.377671],[-0.102874,51.377641],[-0.102904,51.37761],[-0.102917,51.377594],[-0.102929,51.377577],[-0.102936,51.377565],[-0.102943,51.377549],[-0.102957,51.377509],[-0.102988,51.377399],[-0.103058,51.377092],[-0.103139,51.376733],[-0.103185,51.376559],[-0.103234,51.376402],[-0.103273,51.376282],[-0.103285,51.376253],[-0.1033,51.376224],[-0.103318,51.376196],[-0.103339,51.376169],[-0.103357,51.37615],[-0.103378,51.376132],[-0.103426,51.376094],[-0.103542,51.37602],[-0.103667,51.375944],[-0.103728,51.375906],[-0.103784,51.375867],[-0.10394,51.37575],[-0.104092,51.375631],[-0.104387,51.375388],[-0.104691,51.37513],[-0.104837,51.374999],[-0.104977,51.374865],[-0.10504,51.374798],[-0.105102,51.374725],[-0.105222,51.374574],[-0.105334,51.374438],[-0.105387,51.374383],[-0.105412,51.37436],[-0.105437,51.374341],[-0.105457,51.374327],[-0.105479,51.374314],[-0.105501,51.374302],[-0.105525,51.374291],[-0.10555,51.37428],[-0.105576,51.37427],[-0.105602,51.374262],[-0.105629,51.374254],[-0.105649,51.374249],[-0.10567,51.374245],[-0.105691,51.374242],[-0.105712,51.37424],[-0.105733,51.374238],[-0.105755,51.374237],[-0.105798,51.374237],[-0.10584,51.37424],[-0.10586,51.374242],[-0.105881,51.374245],[-0.105901,51.374249],[-0.105921,51.374253],[-0.10594,51.374258],[-0.105959,51.374264],[-0.10598,51.374272],[-0.106001,51.37428],[-0.106021,51.374289],[-0.10604,51.374299],[-0.106076,51.374321],[-0.106108,51.374345],[-0.106123,51.374358],[-0.106137,51.374372],[-0.106161,51.374401],[-0.106181,51.374432],[-0.106197,51.374463],[-0.106209,51.374496],[-0.106219,51.374535],[-0.106236,51.374632],[-0.106262,51.374863],[-0.106285,51.375084],[-0.106301,51.375168],[-0.10631,51.375199],[-0.106315,51.375212],[-0.10632,51.375222],[-0.106332,51.37524],[-0.106345,51.375257],[-0.106361,51.375274],[-0.106378,51.37529],[-0.106397,51.375306],[-0.106417,51.375321],[-0.106439,51.375334],[-0.106462,51.375347],[-0.106483,51.375357],[-0.106505,51.375366],[-0.106529,51.375374],[-0.106553,51.37538],[-0.106578,51.375386],[-0.106603,51.375392],[-0.106629,51.375396],[-0.106655,51.375399],[-0.106697,51.375402],[-0.106719,51.375403],[-0.10674,51.375403],[-0.106761,51.375402],[-0.106782,51.3754],[-0.106803,51.375397],[-0.106823,51.375393],[-0.106845,51.375387],[-0.106866,51.37538],[-0.106886,51.375373],[-0.106906,51.375364],[-0.106944,51.375346],[-0.106979,51.375326],[-0.107049,51.375283],[-0.107085,51.375262],[-0.107121,51.375242]]}},{"type":"Feature","properties":{"r":"UK","g":"uk","col":"#ff5252","n":"Wimbledon - Beckenham Junction","ct":"伦敦","jk":"urban","off":-0.8125},"geometry":{"type":"LineString","coordinates":[[-0.0975372,51.3755265],[-0.097646,51.375676],[-0.097756,51.375813],[-0.0977581,51.3758152]]}},{"type":"Feature","properties":{"r":"UK","g":"uk","col":"#ff5252","n":"Wimbledon - Beckenham Junction","ct":"伦敦","jk":"urban","off":-0.6875},"geometry":{"type":"LineString","coordinates":[[-0.0973298,51.3752278],[-0.09751,51.375489],[-0.0975372,51.3755265]]}},{"type":"Feature","properties":{"r":"UK","g":"uk","col":"#ff5252","n":"Wimbledon - Beckenham Junction","ct":"伦敦","jk":"urban","off":-0.5},"geometry":{"type":"MultiLineString","coordinates":[[[-0.0574611,51.3922622],[-0.057483,51.392225],[-0.057517,51.392179],[-0.057556,51.392134],[-0.057608,51.392082],[-0.057663,51.392032],[-0.057783,51.391936],[-0.057908,51.391842],[-0.058036,51.39175],[-0.058423,51.391477],[-0.05905,51.391047],[-0.059838,51.390513],[-0.060708,51.389928],[-0.061579,51.389345],[-0.062372,51.388818],[-0.063008,51.3884],[-0.063407,51.388145],[-0.063742,51.387945],[-0.064084,51.38775],[-0.064432,51.387559],[-0.064786,51.387372],[-0.065071,51.387226],[-0.06536,51.387083],[-0.065653,51.386943],[-0.065951,51.386807],[-0.066399,51.386612],[-0.066853,51.386423],[-0.067314,51.38624],[-0.067779,51.386062],[-0.067953,51.385999],[-0.06813,51.385938],[-0.068488,51.385822],[-0.068844,51.385703],[-0.069019,51.385641],[-0.069191,51.385576],[-0.069319,51.385524],[-0.069445,51.385471],[-0.069568,51.385414],[-0.069685,51.385353],[-0.06982,51.385274],[-0.069985,51.385171],[-0.070171,51.385049],[-0.07037,51.384915],[-0.070574,51.384774],[-0.070776,51.384631],[-0.070967,51.384491],[-0.071139,51.384361],[-0.071312,51.384222],[-0.071479,51.384079],[-0.071638,51.383933],[-0.071791,51.383785],[-0.071895,51.383677],[-0.071995,51.383567],[-0.07209,51.383455],[-0.072181,51.383342],[-0.072267,51.383231],[-0.072349,51.383119],[-0.072427,51.383005],[-0.072501,51.382891],[-0.072589,51.382745],[-0.072672,51.382597],[-0.072749,51.382448],[-0.072821,51.382298],[-0.072879,51.382165],[-0.072931,51.382032],[-0.073024,51.381763],[-0.07307,51.381604],[-0.073107,51.381444],[-0.073124,51.381339],[-0.073137,51.381234],[-0.073161,51.381023],[-0.073404,51.377828],[-0.0734308,51.3776235]],[[-0.0971235,51.3749284],[-0.097203,51.375044],[-0.0973298,51.3752278]]]}},{"type":"Feature","properties":{"r":"UK","g":"uk","col":"#ff5252","n":"Wimbledon - Beckenham Junction","ct":"伦敦","jk":"urban","off":-0.375},"geometry":{"type":"MultiLineString","coordinates":[[[-0.0580022,51.3933007],[-0.057937,51.393266],[-0.057819,51.393195],[-0.057763,51.393158],[-0.057711,51.393119],[-0.057642,51.393058],[-0.057581,51.392994],[-0.057526,51.392927],[-0.057476,51.392859],[-0.057431,51.392787],[-0.057413,51.39275],[-0.057399,51.392713],[-0.057383,51.392652],[-0.057374,51.392589],[-0.057372,51.392527],[-0.057376,51.392465],[-0.057383,51.392428],[-0.057395,51.392392],[-0.057427,51.39232],[-0.0574611,51.3922622]],[[-0.0734308,51.3776235],[-0.073439,51.377561],[-0.073458,51.377427],[-0.073483,51.377294],[-0.0734899,51.3772648]]]}},{"type":"Feature","properties":{"r":"UK","g":"uk","col":"#ff5252","n":"Wimbledon - Beckenham Junction","ct":"伦敦","jk":"urban","off":-0.3125},"geometry":{"type":"LineString","coordinates":[[-0.0969174,51.3746288],[-0.096919,51.374631],[-0.0971235,51.3749284]]}},{"type":"Feature","properties":{"r":"UK","g":"uk","col":"#ff5252","n":"Wimbledon - Beckenham Junction","ct":"伦敦","jk":"urban","off":-0.25},"geometry":{"type":"MultiLineString","coordinates":[[[-0.0592022,51.3938813],[-0.059195,51.393878],[-0.05868,51.393642],[-0.058429,51.393522],[-0.058187,51.393398],[-0.058061,51.393332],[-0.0580022,51.3933007]],[[-0.0734899,51.3772648],[-0.073524,51.37712],[-0.07357,51.376947],[-0.0735805,51.3769128]]]}},{"type":"Feature","properties":{"r":"UK","g":"uk","col":"#ff5252","n":"Wimbledon - Beckenham Junction","ct":"伦敦","jk":"urban","off":-0.1875},"geometry":{"type":"LineString","coordinates":[[-0.0966802,51.3743561],[-0.096702,51.374372],[-0.096743,51.374405],[-0.096756,51.374418],[-0.096772,51.374436],[-0.096812,51.374485],[-0.0969174,51.3746288]]}},{"type":"Feature","properties":{"r":"UK","g":"uk","col":"#ff5252","n":"Wimbledon - Beckenham Junction","ct":"伦敦","jk":"urban","off":-0.125},"geometry":{"type":"MultiLineString","coordinates":[[[-0.0603948,51.3944754],[-0.060387,51.39447],[-0.060312,51.394424],[-0.060154,51.394336],[-0.059933,51.394222],[-0.059697,51.394109],[-0.0592022,51.3938813]],[[-0.0735805,51.3769128],[-0.073623,51.376774],[-0.07368,51.376602],[-0.0736927,51.3765669]]]}},{"type":"Feature","properties":{"r":"UK","g":"uk","col":"#ff5252","n":"Wimbledon - Beckenham Junction","ct":"伦敦","jk":"urban","off":0.125},"geometry":{"type":"LineString","coordinates":[[-0.0738261,51.3762287],[-0.073847,51.37618],[-0.073913,51.376041],[-0.073975,51.375922],[-0.0739861,51.3759024]]}},{"type":"Feature","properties":{"r":"UK","g":"uk","col":"#ff5252","n":"Wimbledon - Beckenham Junction","ct":"伦敦","jk":"urban","off":0.1875},"geometry":{"type":"LineString","coordinates":[[-0.0959703,51.3743102],[-0.096074,51.374299],[-0.09619,51.37429],[-0.096307,51.374284],[-0.0963328,51.3742827]]}},{"type":"Feature","properties":{"r":"UK","g":"uk","col":"#ff5252","n":"Wimbledon - Beckenham Junction","ct":"伦敦","jk":"urban","off":0.25},"geometry":{"type":"LineString","coordinates":[[-0.0739861,51.3759024],[-0.074042,51.375804],[-0.074173,51.3755905]]}},{"type":"Feature","properties":{"r":"UK","g":"uk","col":"#ff5252","n":"Wimbledon - Beckenham Junction","ct":"伦敦","jk":"urban","off":0.3125},"geometry":{"type":"LineString","coordinates":[[-0.0956095,51.3743553],[-0.095612,51.374355],[-0.095842,51.374324],[-0.0959703,51.3743102]]}},{"type":"Feature","properties":{"r":"UK","g":"uk","col":"#ff5252","n":"Wimbledon - Beckenham Junction","ct":"伦敦","jk":"urban","off":0.375},"geometry":{"type":"LineString","coordinates":[[-0.074173,51.3755905],[-0.074185,51.375571],[-0.074322,51.375364],[-0.0743759,51.3752888]]}},{"type":"Feature","properties":{"r":"UK","g":"uk","col":"#ff5252","n":"Wimbledon - Beckenham Junction","ct":"伦敦","jk":"urban","off":0.5},"geometry":{"type":"MultiLineString","coordinates":[[[-0.0743759,51.3752888],[-0.074469,51.375159],[-0.0745912,51.3749957]],[[-0.0952494,51.374406],[-0.095382,51.374387],[-0.0956095,51.3743553]],[[-0.205041,51.421556],[-0.205179,51.421458],[-0.205316,51.421358],[-0.205456,51.421262],[-0.205529,51.421215],[-0.205606,51.421171],[-0.205634,51.421157],[-0.205664,51.421143],[-0.205725,51.421118],[-0.205787,51.421093],[-0.205817,51.42108],[-0.205846,51.421066],[-0.206009,51.420976],[-0.206209,51.42086],[-0.206431,51.420726],[-0.20666,51.420584],[-0.206883,51.420443],[-0.207084,51.420311],[-0.20725,51.420199],[-0.207364,51.420115],[-0.207478,51.420018],[-0.207582,51.419917],[-0.207677,51.419813],[-0.207764,51.419706],[-0.207817,51.41963],[-0.207864,51.419553],[-0.207905,51.419474],[-0.207942,51.419394],[-0.207976,51.41931],[-0.208005,51.419225],[-0.20803,51.419139],[-0.20805,51.419053],[-0.208068,51.418949],[-0.208075,51.418845],[-0.208074,51.418725],[-0.208067,51.418606],[-0.208054,51.418486],[-0.208038,51.418367],[-0.208009,51.418197],[-0.20799,51.418112],[-0.207963,51.418028],[-0.207936,51.417961],[-0.207903,51.417895],[-0.207827,51.417766],[-0.207765,51.417674],[-0.207699,51.417584],[-0.207627,51.417494],[-0.207551,51.417407],[-0.20745,51.4173],[-0.207342,51.417195],[-0.207229,51.417092],[-0.207111,51.416992],[-0.20698,51.416892],[-0.206839,51.416797],[-0.206733,51.416732],[-0.206625,51.416669],[-0.206512,51.416609],[-0.206396,51.416552],[-0.206216,51.416475],[-0.205984,51.416384],[-0.205416,51.416174],[-0.20479,51.415941],[-0.204487,51.415823],[-0.204206,51.415707],[-0.204056,51.415641],[-0.20391,51.415572],[-0.203765,51.415502],[-0.203624,51.415429],[-0.203398,51.415307],[-0.203176,51.415181],[-0.202959,51.415052],[-0.202749,51.414919],[-0.202637,51.414843],[-0.202528,51.414765],[-0.20232,51.414605],[-0.202164,51.414478],[-0.202013,51.414349],[-0.201721,51.414086],[-0.201555,51.413928],[-0.201388,51.413764],[-0.201059,51.413429],[-0.200743,51.413111],[-0.200592,51.412968],[-0.200448,51.41284],[-0.200244,51.412674],[-0.20003,51.412513],[-0.199808,51.412356],[-0.199582,51.412202],[-0.199434,51.412105],[-0.199282,51.41201],[-0.199126,51.411917],[-0.198967,51.411827],[-0.198671,51.41167],[-0.19827,51.411467],[-0.197253,51.410963],[-0.196107,51.410402],[-0.195025,51.40987],[-0.189701,51.407329],[-0.188439,51.406709],[-0.187139,51.406072],[-0.185914,51.405468],[-0.185366,51.405192],[-0.18488,51.404941],[-0.1845,51.404742],[-0.184117,51.404537],[-0.183931,51.404435],[-0.183754,51.404335],[-0.183588,51.404237],[-0.183436,51.404142],[-0.18332,51.40406],[-0.183211,51.403974],[-0.183103,51.403887],[-0.182989,51.403804],[-0.182782,51.403668],[-0.182554,51.403525],[-0.182059,51.403227],[-0.181539,51.402922],[-0.181032,51.40262],[-0.179493,51.40162],[-0.177873,51.400565],[-0.176416,51.399621],[-0.175824,51.399244],[-0.175364,51.398958],[-0.175089,51.398794],[-0.174949,51.398714],[-0.174804,51.398637],[-0.174595,51.398533],[-0.174382,51.398433],[-0.174164,51.398336],[-0.173943,51.398243],[-0.173732,51.398158],[-0.173518,51.398077],[-0.1733,51.397998],[-0.173079,51.397924],[-0.172885,51.397861],[-0.172688,51.397801],[-0.172488,51.397745],[-0.172386,51.397721],[-0.172283,51.397698],[-0.172196,51.397682],[-0.172076,51.397664],[-0.171755,51.397621],[-0.170891,51.397515],[-0.169937,51.397397],[-0.169503,51.397339],[-0.169139,51.397284],[-0.168977,51.397256],[-0.168816,51.397227],[-0.168656,51.397194],[-0.168498,51.397158],[-0.168248,51.397095],[-0.168002,51.397027],[-0.167759,51.396955],[-0.167519,51.396878],[-0.167315,51.396807],[-0.167115,51.396733],[-0.166918,51.396655],[-0.166723,51.396576],[-0.166423,51.396449],[-0.166276,51.396382],[-0.166133,51.396313],[-0.165953,51.39622],[-0.165778,51.396124],[-0.165437,51.395925],[-0.165198,51.39578],[-0.164958,51.395627],[-0.16448,51.395315],[-0.164021,51.395018],[-0.163804,51.394883],[-0.163598,51.394763],[-0.163346,51.394626],[-0.163088,51.394493],[-0.162824,51.394366],[-0.162553,51.394244],[-0.162259,51.39412],[-0.16196,51.394002],[-0.161653,51.39389],[-0.161498,51.393838],[-0.16134,51.393787],[-0.161152,51.393732],[-0.160946,51.393679],[-0.160502,51.393575],[-0.16004,51.393467],[-0.159813,51.39341],[-0.159595,51.393349],[-0.159386,51.393284],[-0.15918,51.393215],[-0.158774,51.39307],[-0.15837,51.392926],[-0.158167,51.392858],[-0.157962,51.392797],[-0.157785,51.39275],[-0.157606,51.392707],[-0.157243,51.392628],[-0.156879,51.39255],[-0.156698,51.392509],[-0.15652,51.392464],[-0.156364,51.392421],[-0.156211,51.392374],[-0.155908,51.392276],[-0.155603,51.392181],[-0.155448,51.392137],[-0.15529,51.392098],[-0.155197,51.392079],[-0.155103,51.392062],[-0.154911,51.392036],[-0.154761,51.39202],[-0.154611,51.392008],[-0.154308,51.391991],[-0.154006,51.391972],[-0.153856,51.391958],[-0.153707,51.391941],[-0.153553,51.391918],[-0.1534,51.391893],[-0.153097,51.391835],[-0.152796,51.391771],[-0.152496,51.391706],[-0.152107,51.391619],[-0.151481,51.391475],[-0.149659,51.391047],[-0.144721,51.389879],[-0.139939,51.388747],[-0.138313,51.388366],[-0.137814,51.388251],[-0.137572,51.388199],[-0.137376,51.388166],[-0.137178,51.388139],[-0.136979,51.388115],[-0.136779,51.388094],[-0.136537,51.388074],[-0.136294,51.38806],[-0.136052,51.388045],[-0.135931,51.388035],[-0.135811,51.388022],[-0.135642,51.388],[-0.135475,51.387976],[-0.135309,51.387947],[-0.135145,51.387913],[-0.135014,51.387882],[-0.134884,51.387849],[-0.134628,51.387777],[-0.134375,51.3877],[-0.134124,51.387622],[-0.133495,51.387425],[-0.13283,51.387209],[-0.132522,51.387107],[-0.132252,51.387014],[-0.132034,51.386935],[-0.131884,51.386876],[-0.13176,51.386816],[-0.131614,51.386736],[-0.131283,51.386541],[-0.130948,51.386345],[-0.130797,51.386262],[-0.130666,51.386198],[-0.130595,51.386169],[-0.130501,51.386133],[-0.130257,51.386048],[-0.129628,51.385838],[-0.128964,51.385617],[-0.128677,51.385516],[-0.12845,51.38543],[-0.128296,51.385365],[-0.128146,51.385296],[-0.127999,51.385224],[-0.127857,51.385149],[-0.127706,51.385062],[-0.127561,51.384971],[-0.127275,51.384787],[-0.126327,51.384139],[-0.125337,51.383465],[-0.124431,51.382842],[-0.124049,51.382573],[-0.123735,51.382345],[-0.12358,51.382228],[-0.123429,51.38211],[-0.123281,51.381989],[-0.123139,51.381866],[-0.122976,51.381717],[-0.122817,51.381565],[-0.122511,51.381258],[-0.12221,51.380948],[-0.121907,51.38064],[-0.121633,51.380338],[-0.121495,51.380188],[-0.121353,51.380039],[-0.121092,51.379778],[-0.120825,51.379519],[-0.120552,51.379262],[-0.120273,51.379008],[-0.119909,51.378688],[-0.119458,51.378302],[-0.118377,51.377393],[-0.117189,51.376402],[-0.116055,51.375452],[-0.115688,51.375116],[-0.115325,51.374778],[-0.114955,51.374444],[-0.114766,51.374278],[-0.114572,51.374115],[-0.114413,51.373988],[-0.11433,51.373927],[-0.114244,51.373867],[-0.114109,51.373781],[-0.114038,51.37374],[-0.113964,51.373702],[-0.113834,51.373641],[-0.113696,51.373579],[-0.113408,51.37346],[-0.113267,51.373405],[-0.113133,51.373357],[-0.113011,51.373316],[-0.112904,51.373284],[-0.112819,51.373264],[-0.112731,51.373248],[-0.112642,51.373235],[-0.112552,51.373225],[-0.112396,51.373211],[-0.11224,51.373203],[-0.112082,51.373198],[-0.111925,51.373195],[-0.111745,51.373193],[-0.111566,51.373193],[-0.111386,51.373199],[-0.111208,51.373211],[-0.111064,51.373227],[-0.110912,51.373248],[-0.110753,51.373273],[-0.110589,51.373302],[-0.110256,51.373364],[-0.109931,51.373427],[-0.10956,51.373494],[-0.109382,51.373532],[-0.109301,51.373554],[-0.109226,51.373578],[-0.109202,51.373588],[-0.109178,51.373598],[-0.109135,51.373621],[-0.109054,51.373673],[-0.108995,51.373716],[-0.108923,51.373772],[-0.108747,51.373919],[-0.108309,51.374301],[-0.1082238,51.374375]]]}},{"type":"Feature","properties":{"r":"UK","g":"uk","col":"#ff5252","n":"Wimbledon - Beckenham Junction","ct":"伦敦","jk":"urban","off":0.625},"geometry":{"type":"MultiLineString","coordinates":[[[-0.0745912,51.3749957],[-0.074677,51.374881],[-0.074788,51.374744],[-0.0748174,51.3747112]],[[-0.1082238,51.374375],[-0.107839,51.374709],[-0.107623,51.374889],[-0.107437,51.375035],[-0.107289,51.375145],[-0.107209,51.375197],[-0.1071858,51.3752094]]]}},{"type":"Feature","properties":{"r":"UK","g":"uk","col":"#ff5252","n":"Wimbledon - Beckenham Junction","ct":"伦敦","jk":"urban","off":0.6875},"geometry":{"type":"LineString","coordinates":[[-0.0948898,51.3744599],[-0.095034,51.374437],[-0.0952494,51.374406]]}},{"type":"Feature","properties":{"r":"UK","g":"uk","col":"#ff5252","n":"Wimbledon - Beckenham Junction","ct":"伦敦","jk":"urban","off":0.75},"geometry":{"type":"MultiLineString","coordinates":[[[-0.0748174,51.3747112],[-0.074848,51.374677],[-0.074911,51.374611],[-0.075,51.374522],[-0.075025,51.374501],[-0.075052,51.37448],[-0.07508,51.374462],[-0.0750804,51.3744618]],[[-0.1071858,51.3752094],[-0.107166,51.37522],[-0.107121,51.375242],[-0.107049,51.375271],[-0.107011,51.375285],[-0.106972,51.375297],[-0.106932,51.375308],[-0.106892,51.375317],[-0.10685,51.375323],[-0.106829,51.375325],[-0.106808,51.375327],[-0.106773,51.375328],[-0.106738,51.375328],[-0.106703,51.375326],[-0.106668,51.375322],[-0.106634,51.375317],[-0.106601,51.37531],[-0.106569,51.375301],[-0.106539,51.37529],[-0.106526,51.375285],[-0.106514,51.375279],[-0.106502,51.375272],[-0.106491,51.375266],[-0.10647,51.375251],[-0.106451,51.375235],[-0.106433,51.375219],[-0.106417,51.375202],[-0.106387,51.375167],[-0.106378,51.375155],[-0.106371,51.375143],[-0.106359,51.375118],[-0.106342,51.375066],[-0.106323,51.374986],[-0.106311,51.3749],[-0.106296,51.374724],[-0.1062954,51.3747178]]]}},{"type":"Feature","properties":{"r":"UK","g":"uk","col":"#ff5252","n":"Wimbledon - Beckenham Junction","ct":"伦敦","jk":"urban","off":0.8125},"geometry":{"type":"LineString","coordinates":[[-0.094531,51.3745187],[-0.094687,51.374492],[-0.0948898,51.3744599]]}},{"type":"Feature","properties":{"r":"UK","g":"uk","col":"#ff5252","n":"Wimbledon - Beckenham Junction","ct":"伦敦","jk":"urban","off":0.875},"geometry":{"type":"MultiLineString","coordinates":[[[-0.0750804,51.3744618],[-0.075096,51.374453],[-0.075112,51.374445],[-0.075136,51.374434],[-0.075161,51.374425],[-0.075187,51.374416],[-0.075214,51.374409],[-0.075242,51.374403],[-0.07527,51.374397],[-0.075299,51.374393],[-0.075328,51.37439],[-0.075356,51.374388],[-0.075385,51.374388],[-0.075413,51.374389],[-0.0754316,51.3743903]],[[-0.1062954,51.3747178],[-0.106281,51.374565],[-0.106268,51.374499],[-0.106259,51.37447],[-0.106249,51.374446],[-0.106219,51.374395],[-0.106201,51.37437],[-0.106182,51.374346],[-0.106159,51.374323],[-0.106135,51.3743],[-0.106108,51.374279],[-0.106078,51.37426],[-0.106075,51.374258],[-0.106072,51.374257],[-0.106062,51.374252],[-0.106036,51.374241],[-0.105956,51.374211],[-0.105699,51.37412],[-0.105347,51.374002],[-0.1053236,51.3739943]]]}},{"type":"Feature","properties":{"r":"UK","g":"uk","col":"#ff5252","n":"Wimbledon - Beckenham Junction","ct":"伦敦","jk":"urban","off":1.0},"geometry":{"type":"MultiLineString","coordinates":[[[-0.0754316,51.3743903],[-0.075442,51.374391],[-0.075499,51.374397],[-0.075555,51.374405],[-0.075708,51.374433],[-0.075858,51.374468],[-0.076006,51.374507],[-0.076152,51.374548],[-0.076266,51.374581],[-0.076377,51.374617],[-0.076598,51.374693],[-0.076819,51.374767],[-0.076933,51.374801],[-0.077048,51.374832],[-0.077211,51.37487],[-0.077388,51.374908],[-0.077573,51.374944],[-0.077759,51.374979],[-0.077942,51.37501],[-0.078115,51.375037],[-0.078273,51.375058],[-0.078409,51.375073],[-0.078494,51.375079],[-0.07862,51.375084],[-0.078979,51.375095],[-0.079445,51.375104],[-0.07998,51.375112],[-0.080542,51.375118],[-0.081093,51.375121],[-0.081592,51.375121],[-0.081999,51.375117],[-0.082159,51.375112],[-0.082321,51.375104],[-0.082646,51.375082],[-0.082962,51.375064],[-0.083114,51.375059],[-0.083258,51.37506],[-0.08342,51.375069],[-0.08362,51.375088],[-0.084092,51.375142],[-0.084598,51.375199],[-0.084839,51.375222],[-0.08506,51.375237],[-0.085271,51.375245],[-0.085483,51.375247],[-0.085695,51.375245],[-0.085906,51.375238],[-0.08613,51.375225],[-0.086364,51.375205],[-0.086855,51.375155],[-0.087359,51.375102],[-0.087611,51.375078],[-0.087859,51.37506],[-0.08817,51.375041],[-0.088325,51.375036],[-0.088481,51.375038],[-0.088561,51.375044],[-0.08867,51.375054],[-0.088957,51.375088],[-0.089689,51.375184],[-0.090403,51.375278],[-0.090669,51.375309],[-0.090764,51.375318],[-0.090801,51.375321],[-0.090829,51.375322],[-0.090909,51.375321],[-0.09099,51.375315],[-0.091069,51.375306],[-0.091147,51.375293],[-0.091249,51.375271],[-0.091349,51.375245],[-0.091543,51.375186],[-0.091736,51.375123],[-0.091834,51.375093],[-0.091933,51.375066],[-0.092443,51.374942],[-0.092958,51.374826],[-0.093477,51.374717],[-0.093999,51.374614],[-0.094342,51.374551],[-0.094531,51.3745187]],[[-0.1053236,51.3739943],[-0.104941,51.373869],[-0.10452,51.373734],[-0.104125,51.373611],[-0.103796,51.373511],[-0.103573,51.373449],[-0.103476,51.373425],[-0.103376,51.373404],[-0.103276,51.373386],[-0.103225,51.37338],[-0.103173,51.373375],[-0.103109,51.373372],[-0.103045,51.37337],[-0.102917,51.373373],[-0.102789,51.373382],[-0.102662,51.373393],[-0.102458,51.373418],[-0.102195,51.373458],[-0.10158,51.373562],[-0.100994,51.373661],[-0.100765,51.373696],[-0.100676,51.373708],[-0.100608,51.373714],[-0.100537,51.373716],[-0.100466,51.373715],[-0.100324,51.373707],[-0.100182,51.373699],[-0.100112,51.373698],[-0.100041,51.373701],[-0.099979,51.373707],[-0.099901,51.373717],[-0.099704,51.373748],[-0.099189,51.373839],[-0.098602,51.373945],[-0.098314,51.373994],[-0.098048,51.374036],[-0.097858,51.374062],[-0.097661,51.374085],[-0.097262,51.374128],[-0.096883,51.374172],[-0.09671,51.374196],[-0.096554,51.374223],[-0.096498,51.374236],[-0.096442,51.374251],[-0.096333,51.374282]]]}},{"type":"Feature","properties":{"r":"UK","g":"uk","col":"#707070","n":"Northern line","ct":"伦敦","jk":"subway","nz":"北线"},"geometry":{"type":"MultiLineString","coordinates":[[[-0.210149,51.608256],[-0.209495,51.608097],[-0.20917,51.608014],[-0.208853,51.607922],[-0.208589,51.607831],[-0.208331,51.607733],[-0.207825,51.607527],[-0.206724,51.607075],[-0.20563,51.606617],[-0.203458,51.605686],[-0.201294,51.604747],[-0.199126,51.603812],[-0.197648,51.603135],[-0.196051,51.602396],[-0.194692,51.601782],[-0.194214,51.60158],[-0.194045,51.601516],[-0.19398,51.601495],[-0.193953,51.601487],[-0.193929,51.601481],[-0.193911,51.601477],[-0.193893,51.601474],[-0.193875,51.601471],[-0.193856,51.601469],[-0.193819,51.601467],[-0.193781,51.601466],[-0.193704,51.601465],[-0.193665,51.601464],[-0.193627,51.601462]],[[-0.118719,51.480646],[-0.118517,51.480763],[-0.118319,51.480884],[-0.118217,51.480942],[-0.118113,51.480997],[-0.118004,51.481049],[-0.117888,51.481095],[-0.117771,51.481135],[-0.117647,51.481171],[-0.11738,51.481237],[-0.116796,51.48135],[-0.116191,51.481464],[-0.115896,51.481529],[-0.115754,51.481565],[-0.115616,51.481605],[-0.115446,51.481661],[-0.115281,51.481722],[-0.115121,51.481789],[-0.114967,51.48186],[-0.114655,51.482019],[-0.114355,51.482186],[-0.114072,51.482365],[-0.113809,51.482554],[-0.113601,51.482729],[-0.113411,51.482913],[-0.11324,51.483104],[-0.113085,51.4833],[-0.112938,51.483521],[-0.112811,51.483753],[-0.112593,51.484228],[-0.11238,51.484688],[-0.11226,51.484901],[-0.112193,51.485],[-0.112121,51.485095],[-0.112035,51.485195],[-0.111941,51.485293],[-0.111737,51.485481],[-0.111514,51.485662],[-0.111279,51.485837],[-0.11117,51.485911],[-0.111054,51.485982],[-0.11081,51.486115],[-0.110372,51.486326],[-0.10991,51.486517],[-0.109639,51.486612],[-0.10936,51.486699],[-0.108791,51.486859],[-0.108226,51.487023],[-0.107952,51.487114],[-0.107687,51.487216],[-0.107526,51.487289],[-0.107374,51.487368],[-0.107085,51.487539],[-0.107069,51.487549],[-0.107054,51.48756],[-0.107025,51.487583],[-0.10701,51.487596],[-0.106996,51.487609],[-0.106981,51.487623],[-0.106973,51.487629],[-0.106965,51.487635],[-0.106952,51.487646],[-0.106938,51.487656],[-0.10693,51.487661],[-0.106926,51.487663],[-0.106922,51.487666],[-0.106918,51.487667],[-0.106914,51.487669],[-0.106909,51.487671],[-0.106907,51.487671],[-0.106904,51.487672],[-0.106903,51.487672],[-0.106902,51.487672],[-0.106901,51.487673],[-0.106899,51.487673],[-0.106898,51.487673],[-0.106897,51.487673],[-0.106894,51.487673],[-0.106892,51.487673],[-0.106889,51.487673],[-0.106884,51.487672],[-0.106873,51.487671],[-0.106868,51.48767],[-0.106865,51.48767],[-0.106863,51.48767],[-0.10686,51.48767],[-0.106857,51.48767],[-0.106855,51.48767],[-0.106853,51.48767],[-0.106852,51.48767],[-0.106849,51.48767],[-0.106848,51.48767],[-0.106847,51.48767],[-0.106845,51.48767],[-0.106844,51.48767],[-0.106843,51.487669],[-0.106842,51.487669],[-0.106841,51.487668],[-0.10684,51.487668],[-0.10684,51.487667],[-0.106839,51.487667],[-0.106839,51.487666],[-0.106838,51.487666],[-0.106838,51.487665],[-0.106837,51.487663],[-0.106837,51.487662],[-0.106836,51.48766],[-0.106836,51.487658],[-0.106835,51.487657],[-0.106834,51.487655],[-0.106833,51.487654],[-0.106831,51.487651],[-0.106827,51.487645],[-0.106824,51.487642],[-0.106823,51.48764],[-0.106823,51.487638],[-0.106822,51.487637],[-0.106822,51.487635],[-0.106822,51.487634],[-0.106822,51.487633],[-0.106822,51.487632],[-0.106822,51.487631],[-0.106822,51.487629],[-0.106824,51.487626],[-0.106825,51.487623],[-0.106827,51.48762],[-0.106829,51.487617],[-0.106832,51.487614],[-0.106837,51.487608],[-0.10685,51.487597],[-0.106863,51.487586],[-0.106871,51.48758],[-0.106879,51.487574],[-0.106896,51.487561],[-0.106913,51.487549],[-0.106929,51.487537],[-0.106957,51.487514],[-0.106971,51.487502],[-0.106983,51.487489],[-0.107016,51.487452],[-0.107047,51.487414],[-0.107104,51.487336],[-0.10716,51.487257],[-0.107191,51.487219],[-0.107224,51.487182],[-0.107237,51.487169],[-0.10725,51.487157],[-0.107279,51.487133],[-0.107296,51.48712],[-0.107314,51.487107],[-0.107331,51.487095],[-0.10734,51.487088],[-0.107347,51.487081],[-0.107374,51.487059],[-0.107377,51.487057],[-0.10738,51.487054],[-0.107382,51.487051],[-0.107384,51.487048],[-0.107386,51.487045],[-0.107388,51.487042],[-0.107388,51.48704],[-0.107389,51.487038],[-0.107389,51.487037],[-0.107389,51.487035],[-0.107389,51.487034],[-0.107389,51.487033],[-0.107389,51.487032],[-0.107389,51.487031],[-0.107388,51.487031],[-0.107388,51.487029],[-0.107387,51.487028],[-0.107386,51.487027],[-0.107383,51.487024],[-0.107378,51.487019],[-0.107375,51.487016],[-0.107374,51.487014],[-0.107373,51.487013],[-0.107372,51.487012],[-0.107371,51.48701],[-0.107371,51.487008],[-0.10737,51.487007],[-0.107369,51.487005],[-0.107369,51.487004],[-0.107368,51.487004],[-0.107368,51.487003],[-0.107367,51.487003],[-0.107366,51.487003],[-0.107366,51.487002],[-0.107365,51.487002],[-0.107364,51.487002],[-0.107363,51.487002],[-0.107362,51.487001],[-0.10736,51.487001],[-0.107359,51.487001],[-0.107358,51.487002],[-0.107356,51.487002],[-0.107354,51.487002],[-0.107353,51.487002],[-0.107351,51.487003],[-0.107348,51.487003],[-0.107346,51.487004],[-0.107343,51.487004],[-0.107341,51.487004],[-0.107336,51.487004],[-0.107326,51.487004],[-0.107321,51.487004],[-0.107318,51.487005],[-0.107316,51.487005],[-0.107313,51.487005],[-0.107312,51.487005],[-0.107311,51.487006],[-0.10731,51.487006],[-0.107309,51.487006],[-0.107308,51.487007],[-0.107307,51.487007],[-0.107305,51.487008],[-0.107303,51.487009],[-0.107301,51.48701],[-0.107299,51.487011],[-0.107296,51.487014],[-0.107293,51.487016],[-0.10729,51.487019],[-0.107287,51.487022],[-0.107285,51.487025],[-0.107282,51.487028],[-0.107267,51.487054],[-0.107262,51.487062],[-0.107258,51.48707],[-0.10725,51.487086],[-0.107242,51.487102],[-0.107234,51.487117],[-0.107217,51.487145],[-0.107208,51.487159],[-0.107197,51.487173],[-0.106855,51.487571],[-0.106404,51.488066],[-0.105876,51.488626],[-0.105301,51.489218],[-0.104711,51.489812],[-0.104136,51.490375],[-0.103608,51.490877],[-0.103158,51.491285],[-0.102934,51.49147],[-0.102697,51.491649],[-0.102202,51.491997],[-0.101712,51.492347],[-0.101481,51.492528],[-0.101266,51.492717],[-0.101203,51.492781],[-0.101146,51.492846],[-0.101043,51.492982],[-0.100929,51.493149],[-0.10088,51.493235],[-0.10086,51.493278],[-0.100842,51.493322],[-0.100805,51.49344],[-0.100775,51.493571],[-0.100728,51.493864],[-0.100672,51.494511],[-0.10062,51.495132],[-0.100579,51.495391],[-0.100551,51.495501],[-0.100518,51.495594],[-0.100433,51.495769],[-0.100324,51.495953],[-0.100197,51.496143],[-0.100054,51.496337],[-0.099736,51.496726],[-0.0994,51.4971],[-0.098927,51.497582],[-0.098418,51.498054],[-0.098151,51.498282],[-0.097876,51.498504],[-0.097595,51.498719],[-0.097308,51.498925],[-0.097146,51.499031],[-0.096953,51.499148],[-0.096491,51.499409],[-0.095386,51.499993],[-0.094267,51.500584],[-0.093789,51.500853],[-0.093585,51.500976],[-0.093411,51.501089],[-0.093184,51.501249],[-0.09297,51.501416],[-0.092772,51.501591],[-0.092682,51.501681],[-0.092598,51.501774],[-0.092522,51.501873],[-0.092457,51.501976],[-0.092349,51.502187],[-0.092247,51.5024],[-0.092189,51.502504],[-0.092123,51.502607],[-0.09189,51.502923],[-0.09164,51.503234],[-0.091369,51.503537],[-0.091072,51.503831],[-0.090784,51.504086],[-0.090456,51.504355],[-0.090099,51.504633],[-0.089718,51.504918],[-0.088919,51.505491],[-0.088121,51.506043],[-0.088004,51.506119],[-0.087882,51.506193],[-0.087631,51.506336],[-0.087386,51.506482],[-0.087272,51.50656],[-0.087167,51.506642],[-0.087095,51.506709],[-0.087031,51.506779],[-0.086975,51.506852],[-0.086925,51.506926],[-0.086856,51.507048],[-0.086799,51.507173],[-0.086753,51.507299],[-0.086718,51.507427],[-0.086657,51.507716],[-0.086616,51.508006],[-0.086608,51.508152],[-0.086609,51.508297],[-0.086622,51.508442],[-0.086648,51.508586],[-0.086664,51.50864],[-0.086685,51.508694],[-0.086712,51.508747],[-0.086742,51.508799],[-0.086811,51.508902],[-0.086886,51.509005],[-0.086959,51.509107],[-0.087023,51.509211],[-0.08705,51.509263],[-0.087073,51.509316],[-0.087089,51.50937],[-0.087099,51.509425],[-0.087103,51.509485],[-0.0871,51.509546],[-0.087092,51.509606],[-0.087079,51.509666],[-0.087042,51.509787],[-0.086995,51.509908],[-0.086893,51.51015],[-0.08685,51.510271],[-0.08682,51.510393],[-0.086776,51.510628],[-0.08677,51.510687],[-0.08677,51.510746],[-0.086776,51.510804],[-0.086782,51.510833],[-0.08679,51.510862],[-0.086797,51.51088],[-0.086808,51.510901],[-0.08684,51.510957],[-0.086945,51.511112],[-0.087287,51.511568],[-0.08828,51.51282],[-0.08926,51.514056],[-0.089588,51.514494],[-0.089684,51.514636],[-0.089711,51.514685],[-0.089719,51.514703],[-0.089721,51.514711],[-0.089723,51.514717],[-0.089726,51.514742],[-0.089727,51.51477],[-0.089721,51.514837],[-0.089706,51.514915],[-0.089684,51.515004],[-0.08962,51.515207],[-0.089536,51.515435],[-0.089151,51.516379],[-0.088957,51.516845],[-0.088745,51.51731],[-0.088298,51.518238],[-0.087866,51.519161],[-0.087674,51.51962],[-0.087507,51.520076],[-0.087361,51.520521],[-0.087233,51.520968],[-0.087139,51.521417],[-0.087111,51.521643],[-0.087099,51.521869],[-0.087108,51.522105],[-0.08714,51.522347],[-0.087248,51.522844],[-0.087377,51.52335],[-0.087435,51.523603],[-0.08748,51.523853],[-0.087528,51.524299],[-0.087557,51.524746],[-0.087596,51.525192],[-0.087628,51.525415],[-0.087673,51.525636],[-0.087743,51.525903],[-0.087829,51.526168],[-0.087935,51.52643],[-0.088065,51.526687],[-0.088113,51.526765],[-0.088168,51.526842],[-0.08823,51.526916],[-0.088299,51.526988],[-0.088399,51.527081],[-0.088507,51.527171],[-0.088565,51.527214],[-0.088626,51.527254],[-0.088691,51.527292],[-0.088761,51.527327],[-0.088773,51.527332],[-0.088789,51.527339],[-0.088832,51.527354],[-0.088958,51.527395],[-0.089362,51.527515],[-0.090684,51.527888],[-0.092515,51.528388],[-0.094644,51.528959],[-0.096857,51.529544],[-0.098943,51.530088],[-0.10069,51.530532],[-0.101885,51.530822],[-0.103083,51.531087],[-0.104301,51.531336],[-0.104909,51.531451],[-0.105512,51.531558],[-0.106106,51.531654],[-0.10669,51.531739],[-0.106994,51.531777],[-0.1073,51.531807],[-0.107608,51.531829],[-0.107917,51.531842],[-0.108251,51.531845],[-0.108585,51.531838],[-0.109252,51.531804],[-0.1098,51.531764],[-0.110347,51.531716],[-0.111437,51.531603],[-0.112524,51.53148],[-0.113613,51.531362],[-0.116071,51.531161],[-0.118529,51.530955],[-0.120988,51.530758],[-0.122219,51.530667],[-0.123451,51.530583],[-0.123989,51.530554],[-0.124562,51.53053],[-0.12573,51.530492],[-0.126787,51.530447],[-0.127223,51.530417],[-0.127408,51.530398],[-0.127568,51.530377],[-0.127873,51.530323],[-0.128172,51.530254],[-0.128317,51.530214],[-0.128459,51.53017],[-0.128598,51.530122],[-0.128732,51.53007],[-0.128844,51.53002],[-0.128959,51.529963],[-0.129199,51.529827],[-0.12971,51.529498],[-0.13025,51.529144],[-0.130526,51.528975],[-0.130804,51.528822],[-0.131063,51.528699],[-0.131337,51.52859],[-0.131902,51.528391],[-0.13248,51.528205],[-0.133069,51.528035],[-0.133672,51.527885],[-0.133918,51.527832],[-0.134168,51.527786],[-0.134422,51.527749],[-0.134679,51.527725],[-0.134856,51.527717],[-0.135033,51.527716],[-0.13521,51.527723],[-0.135298,51.52773],[-0.135385,51.52774],[-0.135473,51.527753],[-0.135559,51.527768],[-0.135729,51.527806],[-0.135894,51.527852],[-0.136056,51.527902],[-0.136287,51.527981],[-0.136512,51.528069],[-0.136729,51.528163],[-0.136935,51.528266],[-0.137047,51.528329],[-0.137153,51.528396],[-0.137253,51.528467],[-0.137345,51.528541],[-0.137481,51.528667],[-0.137604,51.528799],[-0.137819,51.529072],[-0.138075,51.529457],[-0.138302,51.52985],[-0.138508,51.530247],[-0.138699,51.530647],[-0.138839,51.530983],[-0.138954,51.531323],[-0.139129,51.531905],[-0.139197,51.532198],[-0.139237,51.532492],[-0.139244,51.532757],[-0.139228,51.533022],[-0.139156,51.533551],[-0.13908,51.534081],[-0.139058,51.534346],[-0.139058,51.534611],[-0.139073,51.534897],[-0.139084,51.534968],[-0.139101,51.535038],[-0.139126,51.535107],[-0.139141,51.53514],[-0.139159,51.535174],[-0.139169,51.53519],[-0.139182,51.535208],[-0.139216,51.535251],[-0.139313,51.535356],[-0.139606,51.53564],[-0.14045,51.536403],[-0.14137,51.537236],[-0.141756,51.537609],[-0.141914,51.537773],[-0.142041,51.537916],[-0.142144,51.53805],[-0.142235,51.538187],[-0.142397,51.538466],[-0.142556,51.538746],[-0.142644,51.538884],[-0.142743,51.539019],[-0.142747,51.539024],[-0.142752,51.539029],[-0.142761,51.539038],[-0.142767,51.539043],[-0.142773,51.539048],[-0.142778,51.539053],[-0.142781,51.539055],[-0.142784,51.539058],[-0.142788,51.539062],[-0.142793,51.539067],[-0.142794,51.539069],[-0.142795,51.53907],[-0.142796,51.539071],[-0.142797,51.539072],[-0.142797,51.539074],[-0.142797,51.539075],[-0.142797,51.539076],[-0.142797,51.539077],[-0.142797,51.539078],[-0.142796,51.539079],[-0.142795,51.539081],[-0.142793,51.539083],[-0.142792,51.539084],[-0.142791,51.539084],[-0.142791,51.539085],[-0.142791,51.539086],[-0.14279,51.539086],[-0.14279,51.539087],[-0.14279,51.539088],[-0.142789,51.539088],[-0.142789,51.539089],[-0.142788,51.539089],[-0.142788,51.53909],[-0.142787,51.53909],[-0.142786,51.53909],[-0.142785,51.53909],[-0.142784,51.53909],[-0.142783,51.53909],[-0.142782,51.53909],[-0.142781,51.53909],[-0.14278,51.53909],[-0.142779,51.53909],[-0.142778,51.53909],[-0.142776,51.53909],[-0.142772,51.53909],[-0.14277,51.53909],[-0.142769,51.53909],[-0.142768,51.53909],[-0.142767,51.53909],[-0.142766,51.53909],[-0.142765,51.53909],[-0.142764,51.53909],[-0.142763,51.539089],[-0.142762,51.539089],[-0.142761,51.539089],[-0.142759,51.539088],[-0.142757,51.539087],[-0.142756,51.539086],[-0.142755,51.539085],[-0.142752,51.539083],[-0.142747,51.539079],[-0.142742,51.539075],[-0.14274,51.539072],[-0.142737,51.53907],[-0.142732,51.539065],[-0.142727,51.539059],[-0.142722,51.539054],[-0.142712,51.539045],[-0.142706,51.539041],[-0.142701,51.539036],[-0.14269,51.539029],[-0.14268,51.539023],[-0.142657,51.53901],[-0.14261,51.538985],[-0.142586,51.538972],[-0.142564,51.538959],[-0.142554,51.538952],[-0.142544,51.538945],[-0.142535,51.538938],[-0.142526,51.53893],[-0.142413,51.538812],[-0.142362,51.53875],[-0.142317,51.538686],[-0.142298,51.538653],[-0.142281,51.538621],[-0.142267,51.538588],[-0.142256,51.538555],[-0.142248,51.538522],[-0.142243,51.538488],[-0.142243,51.538455],[-0.142246,51.538422],[-0.142247,51.538418],[-0.142248,51.538415],[-0.142249,51.538411],[-0.142251,51.538408],[-0.142252,51.538405],[-0.142254,51.538402],[-0.142259,51.538396],[-0.142265,51.53839],[-0.142271,51.538384],[-0.142284,51.538372],[-0.142313,51.538349],[-0.142326,51.538338],[-0.142332,51.538332],[-0.142337,51.538325],[-0.142342,51.538318],[-0.142347,51.538311],[-0.142349,51.538307],[-0.142351,51.538303],[-0.142352,51.5383],[-0.142353,51.538298],[-0.142355,51.538296],[-0.142359,51.538289],[-0.14236,51.538287],[-0.142362,51.538286],[-0.142363,51.538285],[-0.142363,51.538284],[-0.142364,51.538284],[-0.142365,51.538283],[-0.142367,51.538282],[-0.142369,51.538281],[-0.142371,51.53828],[-0.142373,51.538279],[-0.142375,51.538279],[-0.142376,51.538279],[-0.142377,51.538278],[-0.142378,51.538278],[-0.142379,51.538278],[-0.14238,51.538278],[-0.142382,51.538278],[-0.142383,51.538277],[-0.142384,51.538277],[-0.142385,51.538277],[-0.142387,51.538278],[-0.142388,51.538278],[-0.142389,51.538278],[-0.14239,51.538278],[-0.142391,51.538278],[-0.142393,51.538279],[-0.142395,51.538279],[-0.142397,51.53828],[-0.142399,51.538281],[-0.142401,51.538282],[-0.142402,51.538283],[-0.142403,51.538283],[-0.142404,51.538284],[-0.142405,51.538285],[-0.142407,51.538286],[-0.142408,51.538287],[-0.142414,51.538294],[-0.142415,51.538296],[-0.142417,51.538298],[-0.142419,51.538301],[-0.142422,51.538305],[-0.142424,51.538309],[-0.14243,51.538316],[-0.142436,51.538322],[-0.142449,51.538334],[-0.142462,51.538345],[-0.142491,51.538367],[-0.142518,51.538388],[-0.142531,51.5384],[-0.142537,51.538406],[-0.142542,51.538412],[-0.142584,51.538467],[-0.142622,51.538524],[-0.142687,51.538639],[-0.142789,51.538877],[-0.142887,51.539116],[-0.142946,51.539233],[-0.143017,51.539347],[-0.14329,51.539707],[-0.143593,51.540058],[-0.143928,51.540397],[-0.144293,51.540723],[-0.144683,51.541027],[-0.145103,51.541315],[-0.145547,51.54159],[-0.146007,51.541854],[-0.146274,51.541995],[-0.146551,51.542129],[-0.146837,51.542256],[-0.14713,51.542376],[-0.147504,51.542511],[-0.147893,51.542629],[-0.148341,51.542742],[-0.148798,51.542843],[-0.149723,51.543024],[-0.150647,51.543208],[-0.151101,51.543312],[-0.151546,51.54343],[-0.152069,51.543586],[-0.152582,51.543756],[-0.153077,51.543944],[-0.153315,51.544046],[-0.153547,51.544154],[-0.153691,51.544229],[-0.153847,51.544319],[-0.154189,51.544536],[-0.154948,51.545058],[-0.15572,51.545588],[-0.156078,51.545816],[-0.156245,51.545913],[-0.156402,51.545996],[-0.156646,51.54611],[-0.1569,51.546215],[-0.157427,51.546407],[-0.157962,51.546594],[-0.158224,51.546692],[-0.15848,51.546796],[-0.158889,51.546975],[-0.159291,51.54716],[-0.159685,51.547352],[-0.160066,51.547553],[-0.160405,51.547749],[-0.160731,51.547954],[-0.161362,51.548377],[-0.161995,51.548799],[-0.162323,51.549002],[-0.162665,51.549196],[-0.162845,51.549287],[-0.163033,51.549372],[-0.16342,51.549533],[-0.163804,51.549696],[-0.163987,51.549783],[-0.164162,51.549878],[-0.164456,51.550063],[-0.164754,51.550272],[-0.165363,51.550742],[-0.165987,51.551237],[-0.166304,51.551478],[-0.166624,51.551708],[-0.167126,51.552042],[-0.167649,51.552363],[-0.168224,51.552697],[-0.168809,51.553025],[-0.169408,51.553343],[-0.170024,51.553647],[-0.17071,51.553964],[-0.171411,51.554268],[-0.17213,51.554555],[-0.172871,51.554819],[-0.173374,51.554973],[-0.173944,51.555126],[-0.175187,51.555428],[-0.176409,51.555725],[-0.17695,51.555871],[-0.177414,51.556014],[-0.177633,51.556093],[-0.177846,51.55618],[-0.178051,51.556273],[-0.178249,51.556372],[-0.178468,51.556492],[-0.178679,51.556619],[-0.178877,51.556752],[-0.17906,51.556894],[-0.179176,51.557],[-0.17928,51.55711],[-0.179374,51.557224],[-0.179458,51.557341],[-0.179557,51.55749],[-0.179647,51.557641],[-0.179685,51.557718],[-0.179716,51.557796],[-0.179739,51.557875],[-0.179753,51.557954],[-0.179756,51.558021],[-0.179753,51.558089],[-0.179744,51.558159],[-0.17973,51.558229],[-0.17969,51.558371],[-0.179639,51.558515],[-0.17953,51.558807],[-0.179484,51.558953],[-0.179452,51.559098],[-0.179379,51.559703],[-0.179343,51.56031],[-0.17933,51.560918],[-0.17933,51.561525],[-0.179343,51.561948],[-0.17938,51.56237],[-0.179491,51.563176],[-0.179566,51.563578],[-0.179659,51.563978],[-0.179758,51.564322],[-0.179873,51.564665],[-0.180138,51.565345],[-0.180427,51.566038],[-0.180737,51.566742],[-0.1809,51.567085],[-0.181067,51.567414],[-0.18124,51.567723],[-0.181418,51.568008],[-0.181535,51.568173],[-0.181666,51.568335],[-0.181811,51.568492],[-0.18197,51.568643],[-0.182138,51.568781],[-0.18232,51.568912],[-0.182713,51.569158],[-0.183099,51.569376],[-0.183499,51.569583],[-0.183913,51.569781],[-0.18434,51.569966],[-0.184859,51.570167],[-0.185393,51.570351],[-0.186484,51.570696],[-0.187203,51.570915],[-0.187568,51.571017],[-0.187939,51.571109],[-0.188588,51.571243],[-0.189331,51.571376],[-0.190951,51.571636],[-0.19251,51.571886],[-0.193174,51.572005],[-0.193713,51.57212],[-0.194025,51.572203],[-0.19433,51.572296],[-0.194924,51.572501],[-0.195157,51.572591],[-0.195385,51.572688],[-0.19583,51.572891],[-0.196279,51.573089],[-0.196512,51.57318],[-0.196753,51.573262],[-0.197032,51.57334],[-0.19732,51.573407],[-0.197613,51.573464],[-0.197909,51.573514],[-0.198371,51.573575],[-0.198605,51.573595],[-0.19884,51.573609],[-0.199124,51.573617],[-0.199409,51.573617],[-0.199693,51.573608],[-0.199976,51.573589],[-0.200328,51.57355],[-0.200675,51.573499],[-0.201363,51.573373],[-0.20205,51.573244],[-0.202396,51.573188],[-0.202746,51.573143],[-0.203276,51.573098],[-0.203543,51.573086],[-0.20381,51.573082],[-0.204152,51.573088],[-0.204494,51.573104],[-0.204833,51.573132],[-0.205169,51.573172],[-0.205463,51.573219],[-0.205752,51.573277],[-0.206035,51.573345],[-0.206309,51.573425],[-0.20641,51.57346],[-0.206546,51.573511],[-0.206918,51.573658],[-0.208009,51.574112],[-0.211192,51.57548],[-0.214968,51.577121],[-0.218448,51.578625],[-0.219713,51.579192],[-0.220341,51.579479],[-0.220953,51.579779],[-0.221761,51.580207],[-0.22255,51.580648],[-0.223322,51.581102],[-0.224076,51.581566],[-0.224565,51.581882],[-0.225041,51.582205],[-0.225506,51.582534],[-0.225961,51.582868],[-0.226354,51.583176],[-0.226733,51.583491],[-0.227112,51.583806],[-0.227506,51.584113],[-0.228082,51.584532],[-0.22867,51.584944],[-0.229274,51.585347],[-0.229896,51.58574],[-0.230534,51.586122],[-0.231189,51.586494],[-0.231859,51.586854],[-0.232548,51.5872],[-0.233211,51.587515],[-0.233948,51.587853],[-0.234739,51.588204],[-0.235566,51.588562],[-0.236411,51.588919],[-0.237255,51.589266],[-0.238079,51.589595],[-0.238865,51.589899],[-0.239403,51.590095],[-0.239951,51.59028],[-0.241063,51.590632],[-0.242174,51.590986],[-0.242721,51.591172],[-0.243258,51.591369],[-0.243879,51.591623],[-0.24418,51.591758],[-0.244473,51.5919],[-0.244818,51.59208],[-0.245153,51.592268],[-0.245804,51.592656],[-0.246967,51.593372],[-0.248112,51.5941],[-0.249232,51.594842],[-0.250322,51.595601],[-0.250713,51.595891],[-0.251092,51.596187],[-0.251829,51.59679],[-0.252566,51.597393],[-0.252945,51.597689],[-0.253336,51.597979],[-0.253944,51.598398],[-0.254261,51.5986],[-0.254589,51.598795],[-0.254876,51.598952],[-0.255173,51.599103],[-0.255784,51.59939],[-0.256671,51.599774],[-0.257685,51.600189],[-0.25989,51.601057],[-0.261994,51.601884],[-0.262881,51.602247],[-0.263591,51.602559],[-0.264204,51.602853],[-0.264802,51.603159],[-0.265383,51.603477],[-0.265946,51.603808],[-0.266228,51.603988],[-0.2665,51.604174],[-0.267019,51.604559],[-0.267505,51.604951],[-0.267736,51.605152],[-0.267957,51.605358],[-0.268291,51.605689],[-0.268609,51.606026],[-0.268912,51.606369],[-0.269199,51.606717],[-0.269636,51.607284],[-0.270047,51.607858],[-0.27043,51.60844],[-0.270782,51.609029],[-0.270896,51.609245],[-0.270998,51.609463],[-0.271178,51.609903],[-0.271284,51.610235],[-0.27137,51.610569],[-0.271465,51.610902],[-0.271525,51.611067],[-0.271599,51.611229],[-0.271706,51.611422],[-0.271831,51.611612],[-0.271972,51.611797],[-0.272129,51.611977],[-0.272295,51.612146],[-0.272475,51.61231],[-0.272672,51.612467],[-0.272886,51.612613],[-0.27313,51.612755],[-0.273388,51.612889],[-0.273935,51.61314],[-0.274499,51.61338],[-0.275055,51.613625]],[[-0.143879,51.479095],[-0.142979,51.47953],[-0.142063,51.479981],[-0.141178,51.4804],[-0.140762,51.480581],[-0.140371,51.480735],[-0.140153,51.48081],[-0.139928,51.480878],[-0.139697,51.480938],[-0.139462,51.48099],[-0.139258,51.481027],[-0.13905,51.481056],[-0.138629,51.481099],[-0.13816,51.481135],[-0.137689,51.481162],[-0.137216,51.481178],[-0.136744,51.481179],[-0.136189,51.481164],[-0.135636,51.481133],[-0.135085,51.481087],[-0.134539,51.481024],[-0.133937,51.480928],[-0.133168,51.480783],[-0.13133,51.480404],[-0.129429,51.480014],[-0.128581,51.479853],[-0.127869,51.479736],[-0.127357,51.479664],[-0.126841,51.479601],[-0.126322,51.479557],[-0.126061,51.479544],[-0.1258,51.47954],[-0.125596,51.479544],[-0.125392,51.479554],[-0.124986,51.47959],[-0.124583,51.47964],[-0.124182,51.479694],[-0.123108,51.479856],[-0.12153,51.480114],[-0.119629,51.480436],[-0.117584,51.480792],[-0.115577,51.481149],[-0.113786,51.481476],[-0.112393,51.48174],[-0.111902,51.481839],[-0.111578,51.481911],[-0.111063,51.482042],[-0.110557,51.482186],[-0.110067,51.482349],[-0.10983,51.482438],[-0.109599,51.482534],[-0.109279,51.482686],[-0.108977,51.482854],[-0.108692,51.483033],[-0.108423,51.48322],[-0.108206,51.483386],[-0.108004,51.483559],[-0.107818,51.483738],[-0.107651,51.483925],[-0.107441,51.484199],[-0.107256,51.484481],[-0.107103,51.48477],[-0.106984,51.485064],[-0.106953,51.485169],[-0.10693,51.485279],[-0.106902,51.48551],[-0.106889,51.485997],[-0.106875,51.486484],[-0.106848,51.486714],[-0.106824,51.486823],[-0.106794,51.486928],[-0.106774,51.486981],[-0.106749,51.487034],[-0.106691,51.487138],[-0.106551,51.48734],[-0.106541,51.487353],[-0.10653,51.487366],[-0.106506,51.487391],[-0.106491,51.487405],[-0.106476,51.487418],[-0.106461,51.487431],[-0.106454,51.487438],[-0.106448,51.487445],[-0.106437,51.487457],[-0.106426,51.487468],[-0.106421,51.487474],[-0.106419,51.487477],[-0.106417,51.48748],[-0.106416,51.487484],[-0.106415,51.487487],[-0.106414,51.48749],[-0.106414,51.487492],[-0.106414,51.487493],[-0.106414,51.487494],[-0.106414,51.487495],[-0.106415,51.487496],[-0.106415,51.487497],[-0.106415,51.487498],[-0.106416,51.487499],[-0.106417,51.487501],[-0.106419,51.487502],[-0.106421,51.487505],[-0.106427,51.487511],[-0.10643,51.487513],[-0.106431,51.487515],[-0.106432,51.487516],[-0.106433,51.487518],[-0.106434,51.48752],[-0.106435,51.487521],[-0.106435,51.487522],[-0.106435,51.487523],[-0.106436,51.487524],[-0.106437,51.487525],[-0.106438,51.487526],[-0.106439,51.487527],[-0.10644,51.487527],[-0.10644,51.487528],[-0.106441,51.487528],[-0.106442,51.487528],[-0.106443,51.487528],[-0.106443,51.487529],[-0.106444,51.487529],[-0.106445,51.487529],[-0.106446,51.487529],[-0.106447,51.487529],[-0.106448,51.487529],[-0.106451,51.487529],[-0.106452,51.487528],[-0.106454,51.487528],[-0.106456,51.487528],[-0.106459,51.487527],[-0.106462,51.487527],[-0.106464,51.487527],[-0.106467,51.487527],[-0.106472,51.487527],[-0.106483,51.487528],[-0.106488,51.487528],[-0.106491,51.487528],[-0.106493,51.487527],[-0.106496,51.487527],[-0.106497,51.487527],[-0.106498,51.487527],[-0.106499,51.487527],[-0.106501,51.487526],[-0.106502,51.487526],[-0.106503,51.487526],[-0.106505,51.487525],[-0.106507,51.487524],[-0.106512,51.487522],[-0.106516,51.48752],[-0.106519,51.487518],[-0.106523,51.487515],[-0.106526,51.487513],[-0.106532,51.487507],[-0.106543,51.487495],[-0.106554,51.487484],[-0.106561,51.487477],[-0.106567,51.48747],[-0.106578,51.487455],[-0.106589,51.48744],[-0.106601,51.487426],[-0.106625,51.487401],[-0.106637,51.487388],[-0.10665,51.487376],[-0.106722,51.48732],[-0.106798,51.487266],[-0.106959,51.487163],[-0.107115,51.487057],[-0.107186,51.487001],[-0.107219,51.486972],[-0.10725,51.486942],[-0.10727,51.48692],[-0.107288,51.486898],[-0.10732,51.486852],[-0.107373,51.486757],[-0.107424,51.486661],[-0.107452,51.486615],[-0.107486,51.486569],[-0.107796,51.486228],[-0.108251,51.485775],[-0.109455,51.484631],[-0.110821,51.483341],[-0.111477,51.482706],[-0.112069,51.48211],[-0.112322,51.481834],[-0.112565,51.481555],[-0.112811,51.481276],[-0.113073,51.481004],[-0.1134,51.480702],[-0.113743,51.480407],[-0.11444,51.479821],[-0.122482,51.472198],[-0.123372,51.471385],[-0.123822,51.470981],[-0.124294,51.470587],[-0.124567,51.470376],[-0.12485,51.47017],[-0.125431,51.469766],[-0.126015,51.469363],[-0.126577,51.468949],[-0.127171,51.468484],[-0.127452,51.468243],[-0.127707,51.467993],[-0.127915,51.467751],[-0.128104,51.4675],[-0.128448,51.466981],[-0.128783,51.466455],[-0.128962,51.466196],[-0.129156,51.465943],[-0.129362,51.465692],[-0.129575,51.465443],[-0.129806,51.465201],[-0.130063,51.46497],[-0.130235,51.464839],[-0.130421,51.464714],[-0.130618,51.464596],[-0.130822,51.464483],[-0.13129,51.464247],[-0.131777,51.464025],[-0.132278,51.463814],[-0.132786,51.463612],[-0.133409,51.463381],[-0.134086,51.463148],[-0.135487,51.462694],[-0.136748,51.462285],[-0.137251,51.462109],[-0.137458,51.462029],[-0.13763,51.461956],[-0.137866,51.461843],[-0.138094,51.461723],[-0.138529,51.461468],[-0.139366,51.460935],[-0.139925,51.460592],[-0.140485,51.460245],[-0.140756,51.460068],[-0.141017,51.459889],[-0.141264,51.459706],[-0.141493,51.459518],[-0.141721,51.459303],[-0.141965,51.459045],[-0.142482,51.458439],[-0.143019,51.457781],[-0.143546,51.457149],[-0.144626,51.45601],[-0.145784,51.454802],[-0.146785,51.453733],[-0.147153,51.453316],[-0.147291,51.453148],[-0.147393,51.453012],[-0.147532,51.452797],[-0.147651,51.452577],[-0.147749,51.452354],[-0.147823,51.452127],[-0.147851,51.451994],[-0.147873,51.451832],[-0.147902,51.451434],[-0.147926,51.450472],[-0.147949,51.449526],[-0.147977,51.449147],[-0.147998,51.448997],[-0.148025,51.448878],[-0.148083,51.448712],[-0.148156,51.448548],[-0.148333,51.448226],[-0.148735,51.447591],[-0.149119,51.446926],[-0.149336,51.446602],[-0.149462,51.446447],[-0.149603,51.446298],[-0.149682,51.446226],[-0.14977,51.446155],[-0.149966,51.446017],[-0.150412,51.445745],[-0.150871,51.445467],[-0.151084,51.445321],[-0.151183,51.445246],[-0.151275,51.445168],[-0.1514,51.445049],[-0.151563,51.44488],[-0.151983,51.444419],[-0.152497,51.443828],[-0.153068,51.443153],[-0.15366,51.442436],[-0.154235,51.441724],[-0.154757,51.44106],[-0.155187,51.440488],[-0.155394,51.44019],[-0.155587,51.439889],[-0.155946,51.43928],[-0.156039,51.439105],[-0.156121,51.438927],[-0.156275,51.438569],[-0.156445,51.438215],[-0.156547,51.438042],[-0.156668,51.437874],[-0.156824,51.437691],[-0.157002,51.437503],[-0.157199,51.437313],[-0.15741,51.437122],[-0.157864,51.436745],[-0.158333,51.436384],[-0.158559,51.436224],[-0.158797,51.436072],[-0.159299,51.435782],[-0.15953,51.435662],[-0.15977,51.435548],[-0.160261,51.435328],[-0.160749,51.435107],[-0.160984,51.43499],[-0.16121,51.434866],[-0.16162,51.434614],[-0.162011,51.43435],[-0.162382,51.434075],[-0.162735,51.433791],[-0.162923,51.433629],[-0.163102,51.433463],[-0.163267,51.433292],[-0.163411,51.433114],[-0.163462,51.43304],[-0.163508,51.432964],[-0.163587,51.432811],[-0.163717,51.432497],[-0.163846,51.432182],[-0.163924,51.432028],[-0.164019,51.431878],[-0.164098,51.431775],[-0.164185,51.431675],[-0.164377,51.43148],[-0.164774,51.431095],[-0.165935,51.430001],[-0.167121,51.428897],[-0.168257,51.427813],[-0.168783,51.427289],[-0.169267,51.426782],[-0.169456,51.426567],[-0.169632,51.426347],[-0.169966,51.425901],[-0.170308,51.425458],[-0.170494,51.425242],[-0.170698,51.425032],[-0.170971,51.424786],[-0.171274,51.424538],[-0.171941,51.424038],[-0.172636,51.423532],[-0.172974,51.423276],[-0.173295,51.423018],[-0.173732,51.422641],[-0.174145,51.422253],[-0.17472,51.421665],[-0.175305,51.421035],[-0.176458,51.41974],[-0.177512,51.418555],[-0.177972,51.418062],[-0.178374,51.417667],[-0.178584,51.417484],[-0.178698,51.417397],[-0.17882,51.417315],[-0.17909,51.417152],[-0.179373,51.416997],[-0.179671,51.416854],[-0.179827,51.416789],[-0.179987,51.416728],[-0.180228,51.416646],[-0.180474,51.416571],[-0.180982,51.416438],[-0.181504,51.416328],[-0.182035,51.416239],[-0.182231,51.416213],[-0.182457,51.41619],[-0.182988,51.416147],[-0.184278,51.416073],[-0.1857,51.416001],[-0.186398,51.415959],[-0.187053,51.415912],[-0.188322,51.415809],[-0.189666,51.415695],[-0.190293,51.415635],[-0.190853,51.415576],[-0.191317,51.415517],[-0.191503,51.415488],[-0.191655,51.415459],[-0.1918,51.415425],[-0.191942,51.415385],[-0.192217,51.415294],[-0.192745,51.415087],[-0.19309,51.414946],[-0.193429,51.414798],[-0.193753,51.414639],[-0.193908,51.414555],[-0.194056,51.414466],[-0.194473,51.414184],[-0.194857,51.413883],[-0.195207,51.413566],[-0.19552,51.413236],[-0.195594,51.413145],[-0.195658,51.41305],[-0.19571,51.412953],[-0.195731,51.412904],[-0.195748,51.412854],[-0.195771,51.412758],[-0.195786,51.412662],[-0.195793,51.412467],[-0.195762,51.412078],[-0.195717,51.411812],[-0.195646,51.411549],[-0.195565,51.41131],[-0.19547,51.411073],[-0.195261,51.410601],[-0.195058,51.410128],[-0.19497,51.40989],[-0.194898,51.40965],[-0.194815,51.409264],[-0.19476,51.408876],[-0.194724,51.408487],[-0.194697,51.408098],[-0.194661,51.407385],[-0.194643,51.406672],[-0.194647,51.405245],[-0.194672,51.403818],[-0.194687,51.402391]],[[-0.193777,51.650313],[-0.193243,51.650026],[-0.192703,51.649742],[-0.192174,51.649452],[-0.191918,51.649301],[-0.191671,51.649145],[-0.191345,51.648924],[-0.191033,51.648696],[-0.19074,51.648458],[-0.19047,51.64821],[-0.190394,51.648128],[-0.19028,51.647997],[-0.18995,51.647598],[-0.188941,51.646335],[-0.187581,51.644602],[-0.186012,51.64258],[-0.184375,51.640453],[-0.182808,51.6384],[-0.181454,51.636604],[-0.180452,51.635247],[-0.180091,51.634745],[-0.179921,51.634491],[-0.179768,51.634233],[-0.179649,51.634005],[-0.179543,51.633774],[-0.17945,51.633542],[-0.179372,51.633307],[-0.179296,51.633013],[-0.179239,51.632717],[-0.179198,51.63242],[-0.179168,51.632122],[-0.179142,51.631684],[-0.179136,51.631246],[-0.179147,51.630808],[-0.179172,51.63037],[-0.179221,51.629804],[-0.179263,51.629521],[-0.179325,51.629241],[-0.179423,51.628926],[-0.179544,51.628613],[-0.179682,51.628303],[-0.17983,51.627995],[-0.180176,51.627335],[-0.180635,51.626516],[-0.18179,51.624547],[-0.183084,51.622382],[-0.184309,51.620315],[-0.184887,51.619288],[-0.185167,51.618772],[-0.185421,51.618252],[-0.185657,51.617674],[-0.185864,51.617092],[-0.186058,51.616508],[-0.186259,51.615925],[-0.186787,51.614232],[-0.18732,51.612482],[-0.187842,51.610845],[-0.188092,51.610121],[-0.188334,51.609489],[-0.188531,51.609035],[-0.188646,51.608811],[-0.188778,51.608591],[-0.188949,51.608348],[-0.189137,51.60811],[-0.189341,51.607877],[-0.189557,51.607648],[-0.189882,51.607325],[-0.190223,51.607009],[-0.190585,51.606702],[-0.190971,51.606407],[-0.191332,51.606165],[-0.191741,51.605917],[-0.192645,51.605409],[-0.193569,51.604889],[-0.194002,51.604627],[-0.194396,51.604365],[-0.19448,51.604303],[-0.19456,51.604238],[-0.194706,51.604103],[-0.194835,51.603964],[-0.194892,51.603892],[-0.194941,51.603818],[-0.194997,51.603713],[-0.195042,51.603606],[-0.195076,51.603497],[-0.195101,51.603387],[-0.195115,51.603277],[-0.19512,51.603167],[-0.195114,51.603057],[-0.195099,51.602947],[-0.195077,51.602849],[-0.195047,51.602751],[-0.195008,51.602655],[-0.194961,51.60256],[-0.194883,51.602428],[-0.194794,51.602298],[-0.194693,51.602172],[-0.194578,51.602051],[-0.19444,51.601928],[-0.194288,51.60181],[-0.194125,51.601698],[-0.193952,51.601593],[-0.193637,51.601421],[-0.193297,51.601254],[-0.192567,51.600927],[-0.191808,51.600605],[-0.191063,51.60028],[-0.185953,51.598111],[-0.180475,51.595793],[-0.175732,51.593772],[-0.173981,51.593011],[-0.172828,51.59249],[-0.172135,51.592146],[-0.171468,51.591782],[-0.170956,51.591482],[-0.170455,51.591175],[-0.169966,51.59086],[-0.169489,51.590539],[-0.169096,51.590258],[-0.168717,51.589968],[-0.167979,51.589377],[-0.167235,51.588792],[-0.16685,51.588511],[-0.166449,51.588241],[-0.165995,51.587967],[-0.165467,51.587672],[-0.16426,51.587038],[-0.162977,51.586368],[-0.162353,51.58603],[-0.161765,51.585694],[-0.161276,51.585389],[-0.160803,51.585075],[-0.160329,51.584761],[-0.15984,51.584457],[-0.158958,51.583947],[-0.157944,51.583376],[-0.156849,51.582771],[-0.155723,51.58216],[-0.154621,51.58157],[-0.153591,51.581031],[-0.152688,51.580569],[-0.151961,51.580212],[-0.151229,51.579883],[-0.150324,51.579503],[-0.148276,51.578677],[-0.146392,51.577918],[-0.145689,51.577622],[-0.145428,51.577505],[-0.145241,51.577412],[-0.144961,51.57725],[-0.144698,51.577076],[-0.144451,51.576894],[-0.144216,51.576705],[-0.143846,51.576372],[-0.143372,51.575909],[-0.142209,51.574715],[-0.140917,51.573362],[-0.13969,51.572088],[-0.138882,51.571209],[-0.138067,51.570333],[-0.137267,51.569452],[-0.13688,51.569007],[-0.136505,51.568558],[-0.136129,51.568093],[-0.135766,51.567625],[-0.135426,51.56715],[-0.135122,51.566666],[-0.134971,51.566366],[-0.13486,51.56606],[-0.134806,51.565868],[-0.134762,51.565674],[-0.134736,51.56548],[-0.134732,51.565383],[-0.134735,51.565286],[-0.134744,51.565205],[-0.13476,51.565125],[-0.134806,51.564965],[-0.134932,51.564649],[-0.13514,51.56421],[-0.1354,51.563729],[-0.136015,51.562683],[-0.136652,51.561596],[-0.136941,51.561062],[-0.13719,51.560549],[-0.137297,51.56029],[-0.137391,51.56003],[-0.137555,51.559505],[-0.137668,51.55907],[-0.137763,51.558633],[-0.137862,51.558197],[-0.137989,51.557764],[-0.138151,51.557345],[-0.138248,51.557138],[-0.138356,51.556934],[-0.138598,51.556537],[-0.138866,51.556145],[-0.139444,51.55537],[-0.140018,51.554599],[-0.140281,51.554213],[-0.140517,51.553824],[-0.140656,51.553565],[-0.140782,51.553302],[-0.140889,51.553037],[-0.140973,51.552769],[-0.141032,51.552505],[-0.14107,51.55224],[-0.141084,51.551974],[-0.141071,51.551708],[-0.141049,51.551578],[-0.141014,51.551449],[-0.14092,51.551193],[-0.140823,51.550937],[-0.140784,51.550809],[-0.140757,51.550679],[-0.140738,51.550498],[-0.140733,51.550316],[-0.140741,51.550134],[-0.140761,51.549953],[-0.140839,51.549564],[-0.140964,51.549111],[-0.141285,51.548112],[-0.141594,51.547154],[-0.141704,51.546752],[-0.14174,51.546581],[-0.141762,51.546435],[-0.141767,51.546311],[-0.141759,51.546186],[-0.141722,51.545938],[-0.141657,51.545665],[-0.141572,51.545394],[-0.141489,51.545122],[-0.141428,51.544849],[-0.141391,51.544492],[-0.141388,51.544313],[-0.1414,51.544135],[-0.141435,51.543905],[-0.141487,51.543676],[-0.14162,51.543221],[-0.141762,51.542766],[-0.141825,51.542538],[-0.141876,51.542309],[-0.141984,51.541824],[-0.142003,51.541702],[-0.142013,51.541581],[-0.142009,51.54146],[-0.142001,51.5414],[-0.141989,51.54134],[-0.141986,51.54133],[-0.141982,51.541318],[-0.141968,51.541286],[-0.141923,51.541193],[-0.141763,51.540902],[-0.141215,51.539968],[-0.140445,51.538696],[-0.139553,51.537249],[-0.138637,51.535785],[-0.137798,51.534466],[-0.137136,51.533451],[-0.136902,51.533108],[-0.136749,51.532901],[-0.1365,51.532624],[-0.136196,51.532324],[-0.13548,51.531673],[-0.134724,51.530984],[-0.13437,51.530636],[-0.134051,51.530291],[-0.13392,51.530129],[-0.133864,51.530046],[-0.133816,51.529961],[-0.133765,51.529846],[-0.133726,51.529729],[-0.133697,51.529611],[-0.133679,51.529492],[-0.133665,51.52931],[-0.133667,51.529127],[-0.133687,51.528945],[-0.133729,51.528765],[-0.133767,51.528649],[-0.13379,51.52859],[-0.133816,51.528533],[-0.133847,51.528477],[-0.133884,51.528422],[-0.133904,51.528396],[-0.133927,51.52837],[-0.133951,51.528345],[-0.133978,51.528321],[-0.134005,51.528298],[-0.134037,51.528275],[-0.134116,51.528223],[-0.13432,51.528107],[-0.134577,51.527977],[-0.134871,51.527837],[-0.135509,51.527549],[-0.136117,51.527282],[-0.136367,51.527178],[-0.136634,51.527076],[-0.137184,51.526879],[-0.137689,51.526686],[-0.137901,51.52659],[-0.137992,51.526543],[-0.138072,51.526495],[-0.138113,51.526467],[-0.138153,51.526437],[-0.13819,51.526407],[-0.138224,51.526374],[-0.138255,51.526341],[-0.138281,51.526307],[-0.138304,51.526271],[-0.138322,51.526235],[-0.138335,51.526201],[-0.138345,51.526167],[-0.138352,51.526133],[-0.138357,51.526098],[-0.13836,51.526029],[-0.138357,51.525959],[-0.138333,51.525819],[-0.138298,51.52568],[-0.138244,51.525507],[-0.138176,51.525336],[-0.13801,51.524999],[-0.137818,51.524665],[-0.13762,51.524334],[-0.137425,51.52402],[-0.137201,51.523713],[-0.136865,51.523307],[-0.136513,51.522906],[-0.136149,51.522509],[-0.135775,51.522114],[-0.135007,51.521332],[-0.134231,51.520553],[-0.133737,51.520072],[-0.133228,51.519597],[-0.13272,51.519121],[-0.132228,51.51864],[-0.131455,51.517868],[-0.131091,51.517475],[-0.130924,51.517273],[-0.13077,51.517068],[-0.130621,51.516847],[-0.130485,51.516623],[-0.130242,51.516167],[-0.130032,51.515705],[-0.129843,51.515239],[-0.129762,51.514988],[-0.1297,51.514734],[-0.129639,51.514481],[-0.129562,51.514229],[-0.129409,51.513864],[-0.129228,51.513504],[-0.129034,51.51319],[-0.128818,51.512881],[-0.128612,51.51257],[-0.128522,51.512412],[-0.128447,51.512251],[-0.128385,51.512069],[-0.128342,51.511884],[-0.128294,51.511511],[-0.128289,51.511374],[-0.128298,51.511237],[-0.128331,51.510961],[-0.128345,51.510824],[-0.128351,51.510687],[-0.128342,51.510551],[-0.128331,51.510483],[-0.128314,51.510416],[-0.128287,51.510336],[-0.128255,51.510256],[-0.128216,51.510177],[-0.128171,51.5101],[-0.12812,51.510024],[-0.128063,51.50995],[-0.128,51.509878],[-0.127931,51.509808],[-0.12789,51.509772],[-0.127846,51.509738],[-0.127798,51.509705],[-0.127747,51.509674],[-0.12764,51.509615],[-0.127528,51.509561],[-0.127345,51.509484],[-0.127155,51.509414],[-0.126758,51.50929],[-0.126358,51.509169],[-0.126163,51.509104],[-0.125974,51.509032],[-0.125781,51.508948],[-0.125594,51.508857],[-0.125231,51.508667],[-0.124867,51.508479],[-0.124679,51.50839],[-0.124483,51.508308],[-0.124265,51.508228],[-0.124006,51.508141],[-0.123383,51.507947],[-0.121839,51.5075],[-0.12013,51.507005],[-0.119299,51.506752],[-0.118532,51.5065],[-0.117747,51.506219],[-0.117364,51.506068],[-0.116994,51.505906],[-0.11654,51.505684],[-0.116327,51.505563],[-0.116226,51.505499],[-0.116129,51.505433],[-0.115903,51.505263],[-0.115688,51.505087],[-0.115484,51.504906],[-0.115288,51.504721],[-0.114921,51.50434],[-0.11458,51.503951],[-0.114326,51.503629],[-0.114056,51.503253],[-0.113485,51.502387],[-0.112895,51.501453],[-0.112315,51.500553],[-0.11115,51.498889],[-0.109914,51.497106],[-0.108821,51.495561],[-0.108395,51.494989],[-0.108084,51.494609],[-0.107903,51.49442],[-0.107707,51.494237],[-0.107497,51.49406],[-0.107273,51.49389],[-0.106916,51.49365],[-0.106502,51.4934],[-0.105596,51.492893],[-0.10474,51.492415],[-0.104388,51.492202],[-0.104242,51.492104],[-0.104118,51.492014],[-0.104012,51.491924],[-0.103917,51.491829],[-0.103831,51.491731],[-0.103752,51.491631],[-0.103684,51.49154],[-0.103621,51.491446],[-0.103594,51.491399],[-0.103571,51.491351],[-0.103553,51.491302],[-0.103541,51.491253],[-0.103538,51.491225],[-0.103537,51.491198],[-0.103541,51.491143],[-0.103551,51.491087],[-0.103566,51.491032],[-0.103602,51.490922],[-0.103633,51.490812]]]}},{"type":"Feature","properties":{"r":"UK","g":"uk","col":"#00a166","n":"District line","ct":"伦敦","jk":"subway","nz":"区域线"},"geometry":{"type":"MultiLineString","coordinates":[[[-0.2787851,51.5006501],[-0.278954,51.500991],[-0.279225,51.501538],[-0.279381,51.501804],[-0.279559,51.50206],[-0.279721,51.502257],[-0.2799,51.502449],[-0.280095,51.502634],[-0.280309,51.502811],[-0.280419,51.502892],[-0.280535,51.502971],[-0.280778,51.503121],[-0.281289,51.503406],[-0.281708,51.503628],[-0.282138,51.503842],[-0.283016,51.504258],[-0.283888,51.504678],[-0.2839066,51.5046877]],[[-0.2916907,51.5159079],[-0.291804,51.515904],[-0.292035,51.515886],[-0.2922598,51.5158594]],[[-0.209758,51.49738],[-0.209115,51.496908],[-0.208478,51.496432],[-0.207828,51.495964],[-0.207491,51.495737],[-0.207142,51.495517],[-0.206847,51.495347],[-0.20654,51.495185],[-0.205907,51.494874],[-0.205274,51.494563],[-0.204967,51.494401],[-0.204672,51.494231],[-0.204425,51.494074],[-0.204188,51.493911],[-0.203742,51.493571],[-0.203471,51.493332],[-0.203222,51.493084],[-0.202944,51.492785],[-0.202677,51.492483],[-0.202162,51.491872],[-0.201659,51.491257],[-0.201151,51.490643]],[[0.251795,51.559009],[0.249244,51.559078],[0.246603,51.559157],[0.244141,51.559217],[0.243062,51.559231],[0.242128,51.559229],[0.241444,51.559215],[0.24076,51.559189],[0.240078,51.55915],[0.239399,51.559098],[0.238885,51.55905],[0.238374,51.558993],[0.237866,51.558925],[0.237365,51.558842],[0.23666,51.558701],[0.235966,51.558539],[0.235281,51.558362],[0.234604,51.558173],[0.233909,51.557964],[0.233224,51.557743],[0.231873,51.557276],[0.230526,51.556804],[0.229846,51.556576],[0.229158,51.556358],[0.22848,51.556156],[0.227796,51.555961],[0.227106,51.555774],[0.22641,51.555597],[0.224694,51.555199],[0.221893,51.554574],[0.218356,51.553798],[0.214428,51.552946],[0.210457,51.552093],[0.206791,51.551313],[0.203775,51.550682],[0.201757,51.550274],[0.200648,51.55007],[0.198795,51.54974],[0.193291,51.548779],[0.186109,51.547538],[0.178112,51.546166],[0.170164,51.54481],[0.163128,51.543617],[0.157867,51.542736],[0.156172,51.542459],[0.155245,51.542315],[0.154237,51.542182],[0.153224,51.542065],[0.152207,51.54196],[0.151188,51.541867],[0.149449,51.541733],[0.14695,51.541563],[0.140374,51.541147],[0.132863,51.540686],[0.12582,51.540248],[0.115956,51.539464],[0.105298,51.53861],[0.096227,51.537896],[0.093032,51.537656],[0.0919,51.537577],[0.091127,51.53753],[0.090011,51.537479],[0.089453,51.537467],[0.088894,51.537471],[0.088523,51.537485],[0.088153,51.537509],[0.087418,51.537579],[0.086827,51.53765],[0.086238,51.537732],[0.085654,51.537824],[0.085075,51.537927],[0.0845688,51.5380223]],[[-0.0930172,51.5118031],[-0.093351,51.511837],[-0.093359,51.5118376]],[[-0.1047869,51.5112906],[-0.104981,51.511247],[-0.1051433,51.5112189]],[[-0.1689755,51.4940095],[-0.169153,51.494017],[-0.1693389,51.4940218]],[[-0.187968,51.4949607],[-0.188123,51.494934],[-0.188227,51.4949113]],[[-0.301119,51.463301],[-0.300303,51.463362],[-0.299487,51.463419],[-0.298672,51.463485],[-0.298267,51.463525],[-0.297864,51.463573],[-0.297154,51.46367],[-0.296383,51.463786],[-0.295584,51.463915],[-0.29479,51.46405],[-0.294037,51.464186],[-0.293358,51.464317],[-0.292787,51.464437],[-0.292357,51.46454],[-0.29198,51.464648],[-0.291614,51.46477],[-0.291263,51.464907],[-0.290931,51.465061],[-0.290827,51.465117],[-0.290729,51.465176],[-0.290542,51.465301],[-0.290196,51.465567],[-0.289802,51.4659],[-0.289442,51.466248],[-0.289061,51.466646],[-0.288697,51.467051],[-0.288354,51.467462],[-0.288039,51.467882],[-0.287836,51.468184],[-0.287652,51.468491],[-0.287487,51.468802],[-0.287342,51.469116],[-0.287165,51.469609],[-0.286951,51.470318],[-0.286437,51.472186],[-0.285849,51.474317],[-0.285542,51.475355],[-0.285236,51.476308],[-0.285002,51.476958],[-0.284873,51.477281],[-0.284733,51.477602],[-0.28455,51.47799],[-0.284356,51.478375],[-0.284147,51.478758],[-0.28392,51.479136],[-0.283733,51.479417],[-0.283533,51.479695],[-0.283103,51.480243],[-0.282691,51.480724],[-0.282252,51.481196],[-0.281785,51.481666],[-0.281302,51.48213],[-0.280311,51.483048],[-0.279327,51.483968],[-0.278851,51.484435],[-0.278395,51.484909],[-0.27801,51.485345],[-0.277831,51.485567],[-0.277664,51.485793],[-0.277439,51.486144],[-0.277246,51.486502],[-0.277051,51.486927],[-0.276969,51.487142],[-0.276903,51.487359],[-0.276853,51.487588],[-0.276819,51.487817],[-0.276779,51.488279],[-0.276743,51.48874],[-0.276715,51.488971],[-0.276674,51.4892],[-0.276576,51.489596],[-0.276512,51.489792],[-0.276431,51.489986],[-0.276288,51.490266],[-0.276124,51.490543],[-0.275939,51.490813],[-0.27573,51.491077],[-0.275537,51.491292],[-0.275326,51.4915],[-0.275097,51.491702],[-0.27485,51.491894],[-0.274599,51.492066],[-0.274331,51.492229],[-0.27405,51.492384],[-0.273761,51.492532],[-0.273259,51.492775],[-0.272743,51.493007],[-0.272208,51.49322],[-0.271932,51.493318],[-0.27165,51.493408],[-0.271434,51.493469],[-0.271213,51.493525],[-0.270763,51.49362],[-0.270304,51.493702],[-0.269842,51.493775],[-0.269068,51.493878],[-0.268096,51.493986],[-0.265863,51.494203],[-0.2653405,51.4942537]],[[-0.1988862,51.489852],[-0.19883,51.489846],[-0.19867,51.489833],[-0.19851,51.489824],[-0.198348,51.48982],[-0.198187,51.489821],[-0.198026,51.489826],[-0.197866,51.489836],[-0.197707,51.489851],[-0.197492,51.48988],[-0.197281,51.489919],[-0.197073,51.489966],[-0.196868,51.490019],[-0.19646,51.49013],[-0.196049,51.490236]],[[-0.20616,51.421659],[-0.20519,51.422263],[-0.204207,51.422865],[-0.203249,51.423472],[-0.202792,51.423779],[-0.202356,51.424091],[-0.202159,51.424243],[-0.201971,51.4244],[-0.20162,51.424725],[-0.201407,51.424945],[-0.201207,51.425169],[-0.200826,51.425624],[-0.200287,51.426285],[-0.199762,51.426951],[-0.199257,51.427622],[-0.198779,51.428301],[-0.198485,51.428753],[-0.198353,51.428982],[-0.198239,51.429215],[-0.198106,51.429535],[-0.197994,51.429858],[-0.197906,51.430184],[-0.197846,51.430512],[-0.197817,51.430852],[-0.197819,51.431194],[-0.197845,51.431535],[-0.197893,51.431875],[-0.197922,51.432018],[-0.197961,51.43216],[-0.198064,51.432441],[-0.198227,51.432779],[-0.198426,51.433109],[-0.1986,51.433359],[-0.198787,51.433605],[-0.198986,51.433847],[-0.199195,51.434086],[-0.199529,51.434446],[-0.199878,51.4348],[-0.200244,51.435148],[-0.200627,51.435488],[-0.201022,51.435803],[-0.20144,51.436107],[-0.20186,51.43641],[-0.202264,51.436721],[-0.202654,51.437044],[-0.203035,51.43737],[-0.203402,51.437703],[-0.20375,51.438043],[-0.203963,51.438271],[-0.204164,51.438504],[-0.204539,51.438978],[-0.204936,51.439525],[-0.20512,51.439802],[-0.205289,51.440083],[-0.205486,51.440447],[-0.205664,51.440816],[-0.205827,51.441187],[-0.205976,51.44156],[-0.206096,51.441919],[-0.206192,51.442281],[-0.206357,51.443033],[-0.206488,51.443788],[-0.20655,51.444258],[-0.206597,51.44473],[-0.20667,51.445675],[-0.206757,51.446616],[-0.206821,51.447083],[-0.206907,51.447545],[-0.207046,51.448117],[-0.207216,51.448686],[-0.207414,51.449251],[-0.20764,51.449812],[-0.207763,51.450082],[-0.207899,51.45035],[-0.208049,51.450615],[-0.208214,51.450877],[-0.208583,51.451409],[-0.208982,51.451933],[-0.209408,51.452448],[-0.209859,51.452955],[-0.210162,51.453265],[-0.210502,51.453584],[-0.211222,51.454222],[-0.211878,51.454807],[-0.212139,51.455061],[-0.212245,51.455175],[-0.212331,51.455279],[-0.212438,51.455432],[-0.212528,51.455589],[-0.212601,51.45575],[-0.212657,51.455913],[-0.212695,51.456073],[-0.212716,51.456235],[-0.21272,51.456397],[-0.212706,51.456558],[-0.212672,51.456725],[-0.21262,51.456891],[-0.212551,51.457055],[-0.212468,51.457216],[-0.212345,51.45741],[-0.212204,51.457599],[-0.211887,51.457968],[-0.211565,51.458335],[-0.211417,51.458523],[-0.211284,51.458714],[-0.211172,51.4589],[-0.211072,51.459088],[-0.210986,51.45928],[-0.210915,51.459473],[-0.210871,51.459636],[-0.21084,51.4598],[-0.210802,51.460131],[-0.210769,51.460462],[-0.210744,51.460627],[-0.210709,51.460791],[-0.210652,51.46098],[-0.210581,51.461168],[-0.21042,51.461542],[-0.210268,51.461916],[-0.210209,51.462105],[-0.210169,51.462296],[-0.210156,51.462442],[-0.21016,51.462589],[-0.210196,51.462882],[-0.210215,51.462983],[-0.210242,51.463083],[-0.210304,51.463282],[-0.210365,51.463481],[-0.210388,51.463581],[-0.210403,51.463682],[-0.210417,51.463868],[-0.210418,51.464055],[-0.210402,51.464241],[-0.210365,51.464425],[-0.210327,51.464544],[-0.210274,51.464676],[-0.210131,51.464976],[-0.209751,51.465672],[-0.209346,51.466417],[-0.209173,51.466779],[-0.209039,51.467117],[-0.208968,51.467369],[-0.208919,51.467622],[-0.208855,51.468133],[-0.208789,51.468644],[-0.208736,51.468897],[-0.208661,51.469148],[-0.208609,51.469282],[-0.208546,51.469415],[-0.208471,51.469545],[-0.208428,51.469608],[-0.20838,51.46967],[-0.208294,51.469766],[-0.208197,51.469858],[-0.20809,51.469945],[-0.207975,51.470029],[-0.207832,51.47012],[-0.20768,51.470205],[-0.207359,51.470364],[-0.207038,51.470523],[-0.206885,51.470608],[-0.206741,51.470698],[-0.206593,51.470804],[-0.206454,51.470916],[-0.206326,51.471033],[-0.206212,51.471154],[-0.206141,51.471244],[-0.206081,51.471337],[-0.206029,51.471432],[-0.205983,51.471528],[-0.205931,51.471661],[-0.20589,51.471795],[-0.205826,51.472067],[-0.205761,51.472338],[-0.205718,51.472472],[-0.205663,51.472604],[-0.205608,51.47271],[-0.205544,51.472813],[-0.205471,51.472915],[-0.205388,51.473013],[-0.205294,51.47311],[-0.205192,51.473203],[-0.205081,51.473293],[-0.20496,51.473377],[-0.204885,51.473423],[-0.204787,51.473479],[-0.204532,51.473617],[-0.203815,51.47398],[-0.201847,51.474937],[-0.199719,51.475975],[-0.198804,51.476437],[-0.198098,51.476816],[-0.197622,51.477096],[-0.197398,51.477245],[-0.197189,51.477401],[-0.197003,51.47756],[-0.196832,51.477725],[-0.196676,51.477896],[-0.196538,51.478073],[-0.196434,51.478233],[-0.196345,51.478396],[-0.196196,51.478729],[-0.196054,51.479064],[-0.195974,51.479229],[-0.195883,51.479392],[-0.195613,51.479806],[-0.19546,51.480007],[-0.195287,51.480202],[-0.195087,51.480392],[-0.194868,51.480573],[-0.194403,51.480924],[-0.194117,51.481127],[-0.19381,51.48133],[-0.193174,51.481731],[-0.192579,51.482117],[-0.192323,51.482302],[-0.19221,51.482391],[-0.192109,51.482479],[-0.191961,51.482622],[-0.191828,51.482771],[-0.191769,51.482847],[-0.191716,51.482925],[-0.19167,51.483005],[-0.191631,51.483086],[-0.191609,51.483145],[-0.191592,51.483205],[-0.19158,51.483266],[-0.191573,51.483327],[-0.191572,51.483449],[-0.191585,51.483571],[-0.191619,51.483717],[-0.191672,51.483861],[-0.191742,51.484002],[-0.191829,51.484139],[-0.191978,51.484333],[-0.19216,51.484543],[-0.19237,51.484763],[-0.192601,51.484991],[-0.193096,51.485452],[-0.193593,51.485894],[-0.194054,51.486279],[-0.194298,51.486465],[-0.194552,51.486646],[-0.194696,51.48674],[-0.194845,51.486831],[-0.195154,51.487007],[-0.195461,51.487184],[-0.1955432,51.4872345]],[[-0.1891236,51.4952765],[-0.189061,51.495329],[-0.188874,51.4954922]],[[-0.1738376,51.5163174],[-0.1735158,51.5164867]]]}},{"type":"Feature","properties":{"r":"UK","g":"uk","col":"#00a166","n":"District line","ct":"伦敦","jk":"subway","nz":"区域线","off":-1.0},"geometry":{"type":"LineString","coordinates":[[-0.0807164,51.5097265],[-0.08073,51.509729],[-0.080925,51.50977],[-0.081117,51.509818],[-0.081391,51.509899],[-0.081666,51.509995],[-0.082209,51.510204],[-0.082725,51.510397],[-0.082848,51.510437],[-0.082968,51.510473],[-0.083084,51.510503],[-0.083197,51.510527],[-0.083254,51.510537],[-0.083314,51.510545],[-0.083444,51.51056],[-0.083585,51.51057],[-0.083736,51.510578],[-0.084412,51.510592],[-0.085138,51.510606],[-0.085494,51.510625],[-0.085665,51.51064],[-0.08583,51.510659],[-0.086024,51.510688],[-0.086233,51.510725],[-0.086685,51.51082],[-0.0874419,51.5110023]]}},{"type":"Feature","properties":{"r":"UK","g":"uk","col":"#00a166","n":"District line","ct":"伦敦","jk":"subway","nz":"区域线","off":-0.875},"geometry":{"type":"MultiLineString","coordinates":[[[-0.0793935,51.5095642],[-0.079453,51.509568],[-0.079894,51.509611],[-0.08033,51.509664],[-0.080531,51.509693],[-0.0807164,51.5097265]],[[-0.0874419,51.5110023],[-0.087665,51.511056],[-0.088623,51.511287],[-0.0886668,51.5112962]]]}},{"type":"Feature","properties":{"r":"UK","g":"uk","col":"#00a166","n":"District line","ct":"伦敦","jk":"subway","nz":"区域线","off":-0.75},"geometry":{"type":"MultiLineString","coordinates":[[[-0.0780707,51.5096518],[-0.078155,51.509631],[-0.078257,51.509606],[-0.078359,51.509584],[-0.078411,51.509575],[-0.078463,51.509567],[-0.078516,51.509561],[-0.078569,51.509556],[-0.078789,51.509547],[-0.07901,51.509547],[-0.079232,51.509554],[-0.0793935,51.5095642]],[[-0.0886668,51.5112962],[-0.089048,51.511376],[-0.089239,51.51141],[-0.089412,51.511434],[-0.089494,51.511443],[-0.089576,51.511449],[-0.089742,51.511456],[-0.0899126,51.5114565]]]}},{"type":"Feature","properties":{"r":"UK","g":"uk","col":"#00a166","n":"District line","ct":"伦敦","jk":"subway","nz":"区域线","off":-0.625},"geometry":{"type":"MultiLineString","coordinates":[[[-0.0767455,51.5097612],[-0.076757,51.50976],[-0.076898,51.509751],[-0.077181,51.509744],[-0.077464,51.509739],[-0.077605,51.509731],[-0.077744,51.509718],[-0.077797,51.509711],[-0.077849,51.509702],[-0.077952,51.509681],[-0.0780707,51.5096518]],[[-0.0899126,51.5114565],[-0.090076,51.511457],[-0.09041,51.511456],[-0.090577,51.51146],[-0.090742,51.511471],[-0.090958,51.511495],[-0.0911683,51.5115255]]]}},{"type":"Feature","properties":{"r":"UK","g":"uk","col":"#00a166","n":"District line","ct":"伦敦","jk":"subway","nz":"区域线","off":-0.5},"geometry":{"type":"MultiLineString","coordinates":[[[-0.264835,51.494317],[-0.265001,51.494358],[-0.265167,51.494401],[-0.26525,51.494421],[-0.265335,51.494439],[-0.26542,51.494454],[-0.265464,51.49446],[-0.265507,51.494464],[-0.265603,51.494471],[-0.265698,51.494475],[-0.26589,51.494474],[-0.266082,51.494465],[-0.266275,51.494452],[-0.26666,51.494426],[-0.266853,51.49442],[-0.266949,51.49442],[-0.267045,51.494423],[-0.267457,51.494451],[-0.267866,51.494495],[-0.268271,51.494553],[-0.268669,51.494626],[-0.269045,51.49471],[-0.269414,51.494808],[-0.269773,51.494918],[-0.270124,51.495038],[-0.270423,51.495151],[-0.270714,51.495273],[-0.270993,51.495404],[-0.271259,51.495545],[-0.271559,51.49573],[-0.271848,51.495932],[-0.272405,51.496365],[-0.272962,51.496797],[-0.27325,51.496999],[-0.273549,51.497183],[-0.273874,51.497353],[-0.27423,51.497519],[-0.275003,51.497844],[-0.2757787,51.4981644]],[[-0.2870936,51.5070533],[-0.287213,51.507211],[-0.287409,51.507539],[-0.287659,51.508054],[-0.287874,51.508576],[-0.288054,51.509103],[-0.288201,51.509633],[-0.288231,51.509781],[-0.288252,51.50993],[-0.288269,51.510229],[-0.288265,51.510425],[-0.288249,51.51062],[-0.28821,51.511011],[-0.288151,51.511627],[-0.288117,51.511935],[-0.288066,51.512242],[-0.288002,51.512484],[-0.287922,51.512724],[-0.287843,51.512965],[-0.287782,51.513207],[-0.287741,51.513473],[-0.287733,51.513607],[-0.287739,51.51374],[-0.287758,51.513864],[-0.287789,51.513986],[-0.287831,51.514108],[-0.287882,51.514228],[-0.287927,51.514319],[-0.287979,51.51441],[-0.28804,51.514498],[-0.288109,51.514583],[-0.288311,51.5148],[-0.288533,51.515011],[-0.288652,51.515113],[-0.28878,51.51521],[-0.288915,51.515302],[-0.289059,51.515389],[-0.289185,51.515456],[-0.2891881,51.5154575]],[[-0.2947586,51.5152678],[-0.294792,51.515263],[-0.295044,51.515236],[-0.295269,51.515222],[-0.295545,51.51521],[-0.296231,51.515196],[-0.297982,51.51519],[-0.29996,51.515198],[-0.301824,51.515199]],[[0.080836,51.5394013],[0.08029,51.53968],[0.079054,51.540333],[0.07782,51.540987],[0.077195,51.541308],[0.07656,51.541622],[0.075544,51.542101],[0.075025,51.542331],[0.074496,51.542552],[0.073923,51.542774],[0.073628,51.542877],[0.073326,51.54297],[0.072677,51.543141],[0.071767,51.543362],[0.070688,51.543613],[0.06953,51.543872],[0.068387,51.544121],[0.06735,51.544338],[0.066511,51.544504],[0.066195,51.544561],[0.065962,51.544597],[0.065671,51.54463],[0.065376,51.544651],[0.065079,51.544662],[0.064783,51.544662],[0.064511,51.544653],[0.06424,51.544633],[0.063971,51.544605],[0.063704,51.544569],[0.063384,51.544517],[0.063067,51.544456],[0.062756,51.544385],[0.062455,51.5443],[0.062113,51.544185],[0.061784,51.544057],[0.061468,51.543916],[0.061167,51.543763],[0.061069,51.543707],[0.060974,51.543649],[0.060794,51.543526],[0.060458,51.543267],[0.060265,51.543105],[0.060084,51.542936],[0.059738,51.542592],[0.059383,51.542253],[0.05919,51.542091],[0.05898,51.541938],[0.058788,51.541815],[0.058587,51.541698],[0.058164,51.541477],[0.057723,51.54127],[0.057276,51.541068],[0.056651,51.540796],[0.056012,51.540536],[0.055362,51.540287],[0.054701,51.540049],[0.053963,51.539799],[0.053214,51.539562],[0.052456,51.539337],[0.051688,51.539125],[0.051054,51.538966],[0.050014,51.538719],[0.046881,51.537992],[0.037587,51.535876],[0.026498,51.533366],[0.016307,51.531053],[0.008867,51.529307],[0.000755,51.527397],[-0.006013,51.525816],[-0.008265,51.525303],[-0.008997,51.525143],[-0.009425,51.525057],[-0.010001,51.524964],[-0.010648,51.52487],[-0.011338,51.524779],[-0.012043,51.524694],[-0.012734,51.524619],[-0.013383,51.524555],[-0.013961,51.524508],[-0.014441,51.524479],[-0.014964,51.524468],[-0.015649,51.524468],[-0.016435,51.52448],[-0.017261,51.524499],[-0.018065,51.524526],[-0.018786,51.524558],[-0.019363,51.524593],[-0.019579,51.524611],[-0.019665,51.524621],[-0.019735,51.52463],[-0.019854,51.52465],[-0.019972,51.524675],[-0.020087,51.524703],[-0.020201,51.524734],[-0.020422,51.524805],[-0.020636,51.524884],[-0.020801,51.524954],[-0.02099,51.525042],[-0.021426,51.525265],[-0.022429,51.525816],[-0.02341,51.526355],[-0.02382,51.526564],[-0.023991,51.526644],[-0.024067,51.526676],[-0.024136,51.526703],[-0.024319,51.526764],[-0.02451,51.526816],[-0.024706,51.526859],[-0.024907,51.526892],[-0.025098,51.526915],[-0.025293,51.526929],[-0.02539,51.526933],[-0.025487,51.526933],[-0.025585,51.52693],[-0.025681,51.526924],[-0.025716,51.52692],[-0.025762,51.526914],[-0.025883,51.526895],[-0.026236,51.526833],[-0.027307,51.526623],[-0.028729,51.526329],[-0.030337,51.525988],[-0.031966,51.525634],[-0.03345,51.525304],[-0.034625,51.525032],[-0.035044,51.524929],[-0.035324,51.524854],[-0.035864,51.524684],[-0.03639,51.524496],[-0.036899,51.524292],[-0.03739,51.524071],[-0.037567,51.52398],[-0.037734,51.523882],[-0.038054,51.523676],[-0.038376,51.523471],[-0.038546,51.523376],[-0.038726,51.523288],[-0.038985,51.523178],[-0.039252,51.523075],[-0.039803,51.522886],[-0.040371,51.522717],[-0.040949,51.522562],[-0.041277,51.522485],[-0.04161,51.522418],[-0.042288,51.522306],[-0.042678,51.522253],[-0.043072,51.522209],[-0.043863,51.522134],[-0.044654,51.52206],[-0.045047,51.522016],[-0.045438,51.521964],[-0.045912,51.521888],[-0.046536,51.521778],[-0.048145,51.521479],[-0.052132,51.520707],[-0.055877,51.51998],[-0.057184,51.519737],[-0.057613,51.519665],[-0.057761,51.519643],[-0.057817,51.519635],[-0.057861,51.519631],[-0.057974,51.519624],[-0.058087,51.519621],[-0.058314,51.519624],[-0.058771,51.519651],[-0.058999,51.519666],[-0.059227,51.519677],[-0.05934,51.519679],[-0.059454,51.519678],[-0.059567,51.519673],[-0.059679,51.519664],[-0.059897,51.519637],[-0.060111,51.5196],[-0.060323,51.519557],[-0.060532,51.519507],[-0.061358,51.51929],[-0.061932,51.519157],[-0.062072,51.51912],[-0.06221,51.51908],[-0.062342,51.519034],[-0.062406,51.519009],[-0.062468,51.518982],[-0.062528,51.518952],[-0.062585,51.51892],[-0.062639,51.518886],[-0.06269,51.51885],[-0.062787,51.518775],[-0.06288,51.518696],[-0.062972,51.518617],[-0.063068,51.518541],[-0.063119,51.518504],[-0.063171,51.518469],[-0.063227,51.518436],[-0.063286,51.518405],[-0.063344,51.518378],[-0.063411,51.51835],[-0.063574,51.518288],[-0.063995,51.518146],[-0.06511,51.517804],[-0.066373,51.517414],[-0.06698,51.517212],[-0.067527,51.517011],[-0.067811,51.516893],[-0.068087,51.516767],[-0.068625,51.516504],[-0.069162,51.516239],[-0.069436,51.516112],[-0.069719,51.515993],[-0.070362,51.51575],[-0.071088,51.515499],[-0.072604,51.515005],[-0.073906,51.514585],[-0.074364,51.514425],[-0.074526,51.514361],[-0.074587,51.514334],[-0.074612,51.514322],[-0.074634,51.51431],[-0.074718,51.51426],[-0.074798,51.514207],[-0.074872,51.514151],[-0.074942,51.514092],[-0.075007,51.514031],[-0.075067,51.513968],[-0.075121,51.513904],[-0.07517,51.513838],[-0.07525,51.513711],[-0.075316,51.51358],[-0.07537,51.513447],[-0.075414,51.513312],[-0.075479,51.513039],[-0.075528,51.512765],[-0.07554,51.512668],[-0.075543,51.512571],[-0.075532,51.512376],[-0.075513,51.512258],[-0.075484,51.512141],[-0.075411,51.511907],[-0.075346,51.511673],[-0.075325,51.511556],[-0.075319,51.511438],[-0.075323,51.511368],[-0.075332,51.511298],[-0.075365,51.511159],[-0.075461,51.510884],[-0.07558,51.510599],[-0.075656,51.510459],[-0.075701,51.510392],[-0.075753,51.510326],[-0.075875,51.510191],[-0.075943,51.510125],[-0.076014,51.510061],[-0.076091,51.509999],[-0.076174,51.509941],[-0.076262,51.509888],[-0.076309,51.509863],[-0.076358,51.509839],[-0.076372,51.509833],[-0.076387,51.509827],[-0.076418,51.509816],[-0.076449,51.509807],[-0.076482,51.509799],[-0.07655,51.509786],[-0.076619,51.509776],[-0.076688,51.509767],[-0.0767455,51.5097612]],[[-0.0911683,51.5115255],[-0.091172,51.511526],[-0.091596,51.511599],[-0.0919952,51.5116717]],[[-0.1062316,51.5111674],[-0.10646,51.511167],[-0.108136,51.511193],[-0.110053,51.511222],[-0.110988,51.511223],[-0.111848,51.511209],[-0.112317,51.511193],[-0.112785,51.511171],[-0.113252,51.511138],[-0.113714,51.51109],[-0.113993,51.511051],[-0.11427,51.511003],[-0.114542,51.510947],[-0.114811,51.510885],[-0.115369,51.510742],[-0.115973,51.510576],[-0.116604,51.510393],[-0.117245,51.510199],[-0.117876,51.51],[-0.118479,51.509801],[-0.119038,51.509607],[-0.119532,51.509425],[-0.119807,51.509315],[-0.120075,51.509198],[-0.120332,51.509073],[-0.120578,51.508939],[-0.120775,51.508818],[-0.120962,51.50869],[-0.121137,51.508557],[-0.121301,51.508418],[-0.121587,51.508145],[-0.121848,51.507862],[-0.122089,51.507572],[-0.122315,51.507277],[-0.122472,51.50706],[-0.12262,51.50684],[-0.122749,51.506616],[-0.122804,51.506502],[-0.122851,51.506387],[-0.12289,51.506264],[-0.122917,51.506139],[-0.122948,51.505888],[-0.122969,51.505636],[-0.123007,51.505385],[-0.123201,51.504524],[-0.123426,51.503619],[-0.123543,51.503193],[-0.123661,51.502808],[-0.123776,51.502481],[-0.123886,51.50223],[-0.123964,51.502093],[-0.124057,51.501959],[-0.124166,51.501829],[-0.12429,51.501706],[-0.124485,51.501544],[-0.124702,51.501393],[-0.124935,51.501251],[-0.125182,51.501119],[-0.125483,51.500976],[-0.125821,51.50083],[-0.126188,51.500682],[-0.126576,51.500535],[-0.127388,51.500248],[-0.128195,51.499983],[-0.128602,51.499861],[-0.128812,51.499809],[-0.128918,51.499786],[-0.129026,51.499766],[-0.129147,51.499747],[-0.129269,51.499732],[-0.129516,51.499709],[-0.130015,51.499683],[-0.130325,51.499676],[-0.130635,51.499678],[-0.131257,51.499695],[-0.131878,51.49971],[-0.132188,51.49971],[-0.132497,51.499699],[-0.132729,51.499684],[-0.13296,51.499664],[-0.133188,51.499635],[-0.133301,51.499616],[-0.133412,51.499595],[-0.133685,51.499534],[-0.133953,51.499466],[-0.134479,51.499312],[-0.134988,51.499137],[-0.135482,51.498947],[-0.13572,51.498844],[-0.135948,51.498732],[-0.136388,51.498494],[-0.136824,51.498254],[-0.137049,51.498139],[-0.137281,51.49803],[-0.137587,51.497898],[-0.1379,51.497772],[-0.138222,51.497654],[-0.138553,51.497549],[-0.138784,51.497488],[-0.139019,51.497434],[-0.1395,51.497342],[-0.139983,51.497253],[-0.140221,51.497203],[-0.140455,51.497146],[-0.140739,51.497064],[-0.14102,51.496971],[-0.141574,51.49677],[-0.142121,51.496582],[-0.142392,51.496503],[-0.142526,51.49647],[-0.142661,51.496441],[-0.142778,51.49642],[-0.142897,51.496404],[-0.143137,51.496379],[-0.143625,51.496354],[-0.144116,51.496333],[-0.144358,51.496313],[-0.144478,51.4963],[-0.144597,51.496283],[-0.144832,51.496241],[-0.145064,51.496191],[-0.14529,51.496132],[-0.14551,51.496066],[-0.145687,51.496005],[-0.145859,51.495937],[-0.146023,51.495863],[-0.14618,51.495783],[-0.146289,51.49572],[-0.146392,51.495652],[-0.146488,51.495581],[-0.146577,51.495506],[-0.146778,51.49531],[-0.14696,51.495105],[-0.147286,51.494684],[-0.147607,51.49426],[-0.147781,51.494053],[-0.147972,51.493852],[-0.148292,51.493567],[-0.14865,51.4933],[-0.148982,51.493078],[-0.149328,51.492863],[-0.149691,51.492661],[-0.14988,51.492566],[-0.150076,51.492476],[-0.150353,51.492364],[-0.150642,51.492264],[-0.150941,51.492176],[-0.151248,51.4921],[-0.151498,51.49205],[-0.151754,51.492011],[-0.152013,51.491981],[-0.152274,51.491959],[-0.152816,51.491928],[-0.153362,51.491912],[-0.153906,51.491918],[-0.154177,51.491931],[-0.154447,51.491951],[-0.154665,51.491974],[-0.154881,51.492004],[-0.155307,51.492081],[-0.155727,51.492171],[-0.156143,51.492267],[-0.15665,51.492392],[-0.157148,51.492531],[-0.158133,51.492826],[-0.15912,51.493117],[-0.15962,51.49325],[-0.160129,51.493368],[-0.160578,51.493455],[-0.161033,51.493529],[-0.161493,51.493592],[-0.161955,51.493646],[-0.162417,51.493688],[-0.162882,51.493718],[-0.163813,51.49377],[-0.165593,51.493852],[-0.16741,51.493943],[-0.1678856,51.4939632]],[[-0.1889753,51.4946598],[-0.18901,51.494645],[-0.189331,51.494495],[-0.189681,51.494322],[-0.190411,51.49394],[-0.191087,51.493569],[-0.191342,51.493418],[-0.191588,51.493261],[-0.192074,51.492943]],[[-0.2613937,51.4948396],[-0.261317,51.494863],[-0.260801,51.495015],[-0.260536,51.495079],[-0.260401,51.495105],[-0.260264,51.495127],[-0.259974,51.495162],[-0.259667,51.495186],[-0.259022,51.49521],[-0.257701,51.495225],[-0.256184,51.495251],[-0.254667,51.495266],[-0.253149,51.495265],[-0.251632,51.495247],[-0.250797,51.495226],[-0.249964,51.495194],[-0.248297,51.495115],[-0.246631,51.495035],[-0.245797,51.495003],[-0.244963,51.49498],[-0.244302,51.494978],[-0.24364,51.494988],[-0.242978,51.494993],[-0.242318,51.49498],[-0.241683,51.494945],[-0.241049,51.494895],[-0.240419,51.494834],[-0.239791,51.494762],[-0.239114,51.494665],[-0.238443,51.494551],[-0.237772,51.494436],[-0.237095,51.494338],[-0.236095,51.494224],[-0.235091,51.494128],[-0.234083,51.494045],[-0.233073,51.49397],[-0.232019,51.493896],[-0.230962,51.49383],[-0.229905,51.493781],[-0.228845,51.493755],[-0.228637,51.493756],[-0.228429,51.493763],[-0.228014,51.493785],[-0.227599,51.493805],[-0.227392,51.493809],[-0.227184,51.493806],[-0.226912,51.493795],[-0.226641,51.493776],[-0.226372,51.493746],[-0.22624,51.493727],[-0.226109,51.493704],[-0.225925,51.493666],[-0.225743,51.493623],[-0.225388,51.493524],[-0.225043,51.493411],[-0.224708,51.493288],[-0.22446,51.493189],[-0.224219,51.493082],[-0.223991,51.492965],[-0.223883,51.492903],[-0.223781,51.492837],[-0.223681,51.492764],[-0.22358,51.492683],[-0.223377,51.492498],[-0.222958,51.492066],[-0.222515,51.491605],[-0.22228,51.491384],[-0.222036,51.49118],[-0.221888,51.49107],[-0.221732,51.490964],[-0.221567,51.490864],[-0.221391,51.490772],[-0.221195,51.490685],[-0.220989,51.490607],[-0.220775,51.490538],[-0.220555,51.490476],[-0.220312,51.490417],[-0.220064,51.490365],[-0.219811,51.490325],[-0.219683,51.49031],[-0.219554,51.490298],[-0.219472,51.490293],[-0.219376,51.49029],[-0.21915,51.490288],[-0.218575,51.490299],[-0.217112,51.490358],[-0.215558,51.490418],[-0.214869,51.490432],[-0.214305,51.490426],[-0.213884,51.490402],[-0.213466,51.490363],[-0.212634,51.490262],[-0.211802,51.490159],[-0.211384,51.490119],[-0.210964,51.490092],[-0.210508,51.490079],[-0.210052,51.49008],[-0.209596,51.490092],[-0.209141,51.490114],[-0.208776,51.490137],[-0.208412,51.490168],[-0.208051,51.490209],[-0.207696,51.490266],[-0.207507,51.490304],[-0.207314,51.49035],[-0.206915,51.490456],[-0.206081,51.49071],[-0.205226,51.49097],[-0.2048,51.491084],[-0.20438,51.491178],[-0.204128,51.491226],[-0.203872,51.491267],[-0.203742,51.491283],[-0.203612,51.491295],[-0.203482,51.491302],[-0.203351,51.491304],[-0.203197,51.491299],[-0.203043,51.491289],[-0.20289,51.491273],[-0.202739,51.491252],[-0.202588,51.491227],[-0.20244,51.491197],[-0.20215,51.491129],[-0.202077,51.491109],[-0.202007,51.491086],[-0.20187,51.491035],[-0.201738,51.490978],[-0.201611,51.490918],[-0.201457,51.490837],[-0.201312,51.490749],[-0.2010953,51.490604]],[[-0.1961691,51.4902169],[-0.196094,51.490272],[-0.195552,51.490641],[-0.194335,51.491427],[-0.193058,51.492252],[-0.192441,51.492669],[-0.191862,51.493085],[-0.191333,51.493488],[-0.190753,51.493943],[-0.1902707,51.4943339]],[[-0.1881199,51.4966627],[-0.188139,51.496778],[-0.188149,51.496823],[-0.188163,51.496869],[-0.188199,51.496958],[-0.188245,51.497046],[-0.1883,51.497131],[-0.188501,51.497386],[-0.188732,51.497631],[-0.188986,51.497868],[-0.189254,51.498098],[-0.189452,51.498253],[-0.189662,51.498401],[-0.190103,51.498687],[-0.190545,51.498972],[-0.190756,51.49912],[-0.190956,51.499274],[-0.191419,51.499675],[-0.191852,51.500089],[-0.192264,51.500513],[-0.19266,51.500941],[-0.19296,51.501284],[-0.193098,51.50146],[-0.193223,51.501639],[-0.193457,51.502029],[-0.193663,51.502426],[-0.19385,51.502827],[-0.194026,51.50323],[-0.194336,51.503967],[-0.19466,51.504773],[-0.195288,51.506431],[-0.195562,51.507202],[-0.195791,51.507879],[-0.195958,51.508423],[-0.196049,51.508792],[-0.196071,51.50896],[-0.196077,51.509128],[-0.196069,51.509296],[-0.196049,51.509464],[-0.196019,51.509632],[-0.195977,51.5098],[-0.19592,51.509966],[-0.195845,51.510128],[-0.195747,51.510295],[-0.195632,51.510458],[-0.195499,51.510615],[-0.195424,51.510691],[-0.195345,51.510764],[-0.195261,51.510834],[-0.195172,51.510902],[-0.19498,51.511031],[-0.194774,51.511151],[-0.194557,51.511263],[-0.194381,51.511342],[-0.194197,51.511414],[-0.194007,51.511479],[-0.193812,51.511539],[-0.193333,51.511671],[-0.192844,51.511788],[-0.192346,51.511889],[-0.191841,51.511974],[-0.191559,51.512009],[-0.191164,51.512048],[-0.190101,51.512136],[-0.187313,51.512337],[-0.184475,51.512543],[-0.183349,51.512636],[-0.182914,51.512678],[-0.182585,51.512717],[-0.18218,51.512779],[-0.181779,51.512852],[-0.181384,51.512935],[-0.180993,51.513026],[-0.180634,51.513115],[-0.180279,51.513211],[-0.179933,51.513317],[-0.1796,51.513438],[-0.179284,51.513576],[-0.178971,51.513733],[-0.178345,51.514083],[-0.177709,51.514444],[-0.177382,51.514616],[-0.177047,51.514775],[-0.176912,51.514832],[-0.176773,51.514884],[-0.176488,51.514983],[-0.176203,51.515083],[-0.176064,51.515136],[-0.17593,51.515193],[-0.175727,51.515293],[-0.175532,51.5154],[-0.175149,51.515618],[-0.1748008,51.5158051]]]}},{"type":"Feature","properties":{"r":"UK","g":"uk","col":"#00a166","n":"District line","ct":"伦敦","jk":"subway","nz":"区域线","off":-0.375},"geometry":{"type":"MultiLineString","coordinates":[[[-0.2757787,51.4981644],[-0.275802,51.498174],[-0.27619,51.498346],[-0.27656,51.498525],[-0.2769771,51.4987473]],[[-0.2861556,51.5061114],[-0.286237,51.506175],[-0.286439,51.506347],[-0.286629,51.506525],[-0.286807,51.506707],[-0.286973,51.506894],[-0.2870936,51.5070533]],[[-0.2891881,51.5154575],[-0.289316,51.51552],[-0.289453,51.51558],[-0.289595,51.515635],[-0.289741,51.515686],[-0.28989,51.515732],[-0.2899889,51.5157585]],[[-0.2939167,51.515427],[-0.294054,51.515394],[-0.294543,51.515299],[-0.2947586,51.5152678]],[[0.0820343,51.5388167],[0.081554,51.539048],[0.080917,51.53936],[0.080836,51.5394013]],[[-0.0919952,51.5116717],[-0.092019,51.511676],[-0.092232,51.51171],[-0.0923347,51.5117239]],[[-0.105868,51.5111679],[-0.1062316,51.5111674]],[[-0.1678856,51.4939632],[-0.1682489,51.4939786]],[[-0.1887328,51.4947636],[-0.1889753,51.4946598]],[[-0.2626884,51.4945305],[-0.262608,51.494541],[-0.262363,51.49458],[-0.262227,51.494607],[-0.262094,51.494637],[-0.261832,51.494706],[-0.2613937,51.4948396]],[[-0.2010953,51.490604],[-0.201034,51.490563],[-0.200895,51.490471],[-0.200752,51.490382],[-0.2006,51.4903],[-0.20052,51.490262],[-0.200437,51.490227],[-0.2004121,51.4902176]],[[-0.1970438,51.4892553],[-0.197017,51.489346],[-0.196964,51.489468],[-0.196896,51.489588],[-0.196814,51.489704],[-0.196789,51.489734],[-0.196761,51.489763],[-0.196701,51.489819],[-0.196567,51.489925],[-0.1961691,51.4902169]],[[-0.1902707,51.4943339],[-0.1898862,51.4946455]],[[-0.1881649,51.4961784],[-0.188159,51.49619],[-0.188143,51.496228],[-0.18813,51.496266],[-0.188119,51.496304],[-0.188106,51.496383],[-0.188102,51.496462],[-0.188104,51.496541],[-0.188113,51.496621],[-0.1881199,51.4966627]],[[-0.1748008,51.5158051],[-0.1744804,51.5159773]]]}},{"type":"Feature","properties":{"r":"UK","g":"uk","col":"#00a166","n":"District line","ct":"伦敦","jk":"subway","nz":"区域线","off":-0.25},"geometry":{"type":"MultiLineString","coordinates":[[[-0.2769771,51.4987473],[-0.277014,51.498767],[-0.277229,51.498896],[-0.277428,51.499034],[-0.277694,51.499248],[-0.277939,51.499473],[-0.278025,51.4995632]],[[-0.2850685,51.5053407],[-0.285123,51.505374],[-0.285512,51.505632],[-0.285884,51.505899],[-0.2861556,51.5061114]],[[-0.2899889,51.5157585],[-0.290043,51.515773],[-0.290199,51.515809],[-0.290365,51.51584],[-0.290533,51.515865],[-0.290704,51.515883],[-0.290834,51.5158935]],[[-0.2930944,51.5156684],[-0.293274,51.515615],[-0.293659,51.515496],[-0.293854,51.515442],[-0.2939167,51.515427]],[[0.0832697,51.53832],[0.083058,51.538385],[0.082857,51.538455],[0.082662,51.538531],[0.082285,51.538696],[0.0820343,51.5388167]],[[-0.0923347,51.5117239],[-0.092447,51.511739],[-0.0926757,51.5117654]],[[-0.1055045,51.5111787],[-0.105579,51.511175],[-0.105826,51.511168],[-0.105868,51.5111679]],[[-0.1682489,51.4939786],[-0.1686122,51.493994]],[[-0.1884831,51.4948483],[-0.188511,51.494841],[-0.18856,51.494826],[-0.188613,51.494808],[-0.188732,51.494764],[-0.1887328,51.4947636]],[[-0.2640134,51.4943824],[-0.26375,51.494408],[-0.262928,51.494499],[-0.2626884,51.4945305]],[[-0.2004121,51.4902176],[-0.20027,51.490164],[-0.200097,51.490105],[-0.19992,51.490052],[-0.19974,51.490003],[-0.1996612,51.4899847]],[[-0.1965613,51.4880899],[-0.196659,51.488189],[-0.196787,51.488336],[-0.196901,51.488487],[-0.196947,51.488558],[-0.196989,51.48863],[-0.197023,51.488703],[-0.197036,51.488741],[-0.197047,51.488778],[-0.197068,51.488888],[-0.197077,51.488999],[-0.197073,51.489111],[-0.197054,51.489221],[-0.1970438,51.4892553]],[[-0.1898862,51.4946455],[-0.189582,51.494892],[-0.1895028,51.4949584]],[[-0.1885046,51.4958214],[-0.188324,51.495989],[-0.188229,51.496088],[-0.188198,51.496125],[-0.188186,51.49614],[-0.188178,51.496153],[-0.1881649,51.4961784]],[[-0.1744804,51.5159773],[-0.174293,51.516078],[-0.1741595,51.5161482]]]}},{"type":"Feature","properties":{"r":"UK","g":"uk","col":"#00a166","n":"District line","ct":"伦敦","jk":"subway","nz":"区域线","off":-0.125},"geometry":{"type":"MultiLineString","coordinates":[[[-0.278025,51.4995632],[-0.278162,51.499707],[-0.278363,51.499947],[-0.278535,51.500191],[-0.278686,51.50045],[-0.2787851,51.5006501]],[[-0.2839066,51.5046877],[-0.28431,51.504898],[-0.284719,51.505127],[-0.2850685,51.5053407]],[[-0.290834,51.5158935],[-0.290877,51.515897],[-0.291225,51.515911],[-0.291573,51.515912],[-0.2916907,51.5159079]],[[-0.2922598,51.5158594],[-0.292263,51.515859],[-0.292487,51.515823],[-0.292689,51.515781],[-0.292887,51.51573],[-0.2930944,51.5156684]],[[0.0845688,51.5380223],[0.08456,51.538024],[0.084047,51.538127],[0.083544,51.538244],[0.083299,51.538311],[0.0832697,51.53832]],[[-0.0926757,51.5117654],[-0.092898,51.511791],[-0.0930172,51.5118031]],[[-0.1051433,51.5112189],[-0.105183,51.511212],[-0.105285,51.511198],[-0.105388,51.511187],[-0.105477,51.51118],[-0.1055045,51.5111787]],[[-0.1686122,51.493994],[-0.1689755,51.4940095]],[[-0.188227,51.4949113],[-0.18832,51.494891],[-0.1884831,51.4948483]],[[-0.2653405,51.4942537],[-0.2640134,51.4943824]],[[-0.1996612,51.4899847],[-0.199555,51.48996],[-0.199368,51.489922],[-0.199179,51.48989],[-0.198988,51.489863],[-0.1988862,51.489852]],[[-0.1955432,51.4872345],[-0.195609,51.487275],[-0.19575,51.487371],[-0.195919,51.487498],[-0.196079,51.48763],[-0.196378,51.487904],[-0.1965613,51.4880899]],[[-0.1895028,51.4949584],[-0.1891236,51.4952765]],[[-0.188874,51.4954922],[-0.18863,51.495705],[-0.1885046,51.4958214]],[[-0.1741595,51.5161482],[-0.1738376,51.5163174]]]}},{"type":"Feature","properties":{"r":"UK","g":"uk","col":"#00a166","n":"District line","ct":"伦敦","jk":"subway","nz":"区域线","off":0.125},"geometry":{"type":"MultiLineString","coordinates":[[[-0.093359,51.5118376],[-0.0937016,51.5118624]],[[-0.1044334,51.5113754],[-0.104585,51.511336],[-0.1047869,51.5112906]],[[-0.1693389,51.4940218],[-0.1697025,51.4940312]],[[-0.1877068,51.4949977],[-0.187714,51.494997],[-0.18792,51.494969],[-0.187968,51.4949607]],[[-0.1735158,51.5164867],[-0.173401,51.516547],[-0.1731959,51.5166596]]]}},{"type":"Feature","properties":{"r":"UK","g":"uk","col":"#00a166","n":"District line","ct":"伦敦","jk":"subway","nz":"区域线","off":0.25},"geometry":{"type":"MultiLineString","coordinates":[[[-0.0937016,51.5118624],[-0.093806,51.51187],[-0.0940448,51.5118778]],[[-0.1040833,51.5114737],[-0.1043,51.51141],[-0.1044334,51.5113754]],[[-0.1697025,51.4940312],[-0.169964,51.494038],[-0.170066,51.494039]],[[-0.1874443,51.4950226],[-0.187505,51.495018],[-0.1877068,51.4949977]],[[-0.1731959,51.5166596],[-0.1728771,51.5168345]]]}},{"type":"Feature","properties":{"r":"UK","g":"uk","col":"#00a166","n":"District line","ct":"伦敦","jk":"subway","nz":"区域线","off":0.375},"geometry":{"type":"MultiLineString","coordinates":[[[-0.0940448,51.5118778],[-0.094263,51.511885],[-0.0943882,51.511883]],[[-0.1037369,51.5115841],[-0.104021,51.511492],[-0.1040833,51.5114737]],[[-0.170066,51.494039],[-0.1704296,51.4940423]],[[-0.187181,51.4950375],[-0.187294,51.495034],[-0.1874443,51.4950226]],[[-0.1728771,51.5168345],[-0.172581,51.516997],[-0.1725588,51.5170103]]]}},{"type":"Feature","properties":{"r":"UK","g":"uk","col":"#00a166","n":"District line","ct":"伦敦","jk":"subway","nz":"区域线","off":0.5},"geometry":{"type":"MultiLineString","coordinates":[[[-0.0943882,51.511883],[-0.094451,51.511882],[-0.094639,51.511872],[-0.0947311,51.5118639]],[[-0.1033908,51.5116958],[-0.103472,51.51167],[-0.1037369,51.5115841]],[[-0.1704296,51.4940423],[-0.170715,51.494045],[-0.1707932,51.4940427]],[[-0.1869173,51.4950457],[-0.187181,51.4950375]],[[-0.1725588,51.5170103],[-0.1722467,51.5171968]]]}},{"type":"Feature","properties":{"r":"UK","g":"uk","col":"#00a166","n":"District line","ct":"伦敦","jk":"subway","nz":"区域线","off":0.625},"geometry":{"type":"MultiLineString","coordinates":[[[-0.0947311,51.5118639],[-0.095013,51.511839],[-0.0950733,51.5118335]],[[-0.1030442,51.5118059],[-0.1033908,51.5116958]],[[-0.1707932,51.4940427],[-0.171062,51.494035],[-0.1711566,51.4940293]],[[-0.1866536,51.4950431],[-0.186671,51.495044],[-0.186874,51.495047],[-0.1869173,51.4950457]],[[-0.1722467,51.5171968],[-0.172233,51.517205],[-0.171943,51.517396],[-0.1719426,51.5173963]]]}},{"type":"Feature","properties":{"r":"UK","g":"uk","col":"#00a166","n":"District line","ct":"伦敦","jk":"subway","nz":"区域线","off":0.75},"geometry":{"type":"MultiLineString","coordinates":[[[-0.0950733,51.5118335],[-0.095387,51.511805],[-0.0954154,51.5118032]],[[-0.1026952,51.5119077],[-0.102921,51.511845],[-0.1030442,51.5118059]],[[-0.1711566,51.4940293],[-0.171408,51.494014],[-0.1715195,51.4940072]],[[-0.1863904,51.495026],[-0.186469,51.495033],[-0.1866536,51.4950431]],[[-0.1719426,51.5173963],[-0.171847,51.51747],[-0.17176,51.517549],[-0.1716722,51.5176385]]]}},{"type":"Feature","properties":{"r":"UK","g":"uk","col":"#00a166","n":"District line","ct":"伦敦","jk":"subway","nz":"区域线","off":0.875},"geometry":{"type":"MultiLineString","coordinates":[[[-0.0954154,51.5118032],[-0.095575,51.511793],[-0.0957586,51.5117881]],[[-0.1023418,51.511993],[-0.102352,51.511991],[-0.10264,51.511923],[-0.1026952,51.5119077]],[[-0.1715195,51.4940072],[-0.171754,51.493993],[-0.1718826,51.4939878]],[[-0.1861281,51.4949982],[-0.186268,51.495015],[-0.1863904,51.495026]],[[-0.1716722,51.5176385],[-0.1716,51.517712],[-0.17144,51.517875],[-0.1714161,51.5178967]]]}},{"type":"Feature","properties":{"r":"UK","g":"uk","col":"#00a166","n":"District line","ct":"伦敦","jk":"subway","nz":"区域线","off":1.0},"geometry":{"type":"MultiLineString","coordinates":[[[-0.0957586,51.5117881],[-0.095763,51.511788],[-0.096387,51.511799],[-0.097163,51.511834],[-0.098932,51.511944],[-0.1006,51.512049],[-0.10125,51.512078],[-0.101503,51.512083],[-0.101608,51.512082],[-0.101698,51.51208],[-0.101864,51.512068],[-0.102029,51.512049],[-0.102192,51.512022],[-0.1023418,51.511993]],[[-0.1718826,51.4939878],[-0.171927,51.493986],[-0.172101,51.493984],[-0.172382,51.49399],[-0.172663,51.494003],[-0.173224,51.494043],[-0.173785,51.494081],[-0.174066,51.494093],[-0.174347,51.494095],[-0.17493,51.494073],[-0.175645,51.494025],[-0.177256,51.493888],[-0.178748,51.493759],[-0.179315,51.493721],[-0.179531,51.493713],[-0.179619,51.493712],[-0.179692,51.493714],[-0.179869,51.493726],[-0.180045,51.493745],[-0.180219,51.493771],[-0.180391,51.493801],[-0.181076,51.493937],[-0.181605,51.494045],[-0.182129,51.494163],[-0.18317,51.494415],[-0.184213,51.49466],[-0.184741,51.494771],[-0.185275,51.494868],[-0.185669,51.494933],[-0.186068,51.494991],[-0.1861281,51.4949982]],[[-0.1714161,51.5178967],[-0.171353,51.517954],[-0.171257,51.518028],[-0.170976,51.518219],[-0.17065,51.518425],[-0.170291,51.518639],[-0.169911,51.518855],[-0.169518,51.519068],[-0.169125,51.519271],[-0.168743,51.519458],[-0.168382,51.519623],[-0.168119,51.519732],[-0.167847,51.519834],[-0.167289,51.520021],[-0.166721,51.520198],[-0.166158,51.52038]]]}},{"type":"Feature","properties":{"r":"UK","g":"uk","col":"#1f7ff3","n":"Piccadilly line","ct":"伦敦","jk":"subway","nz":"皮卡迪利线"},"geometry":{"type":"MultiLineString","coordinates":[[[-0.468709,51.472512],[-0.470765,51.472458],[-0.47282,51.472398],[-0.474876,51.47235],[-0.475904,51.472336],[-0.476933,51.472333],[-0.477815,51.472344],[-0.478729,51.472369],[-0.480575,51.47244],[-0.482317,51.472504],[-0.483101,51.47252],[-0.483801,51.472518],[-0.484199,51.4725],[-0.484595,51.472469],[-0.484991,51.472436],[-0.485389,51.472414],[-0.485975,51.472404],[-0.486562,51.472406],[-0.487735,51.472418]],[[-0.426204,51.466164],[-0.428256,51.465905],[-0.43042,51.465638],[-0.43236,51.465386],[-0.43314,51.465271],[-0.433738,51.465169],[-0.434577,51.464993],[-0.435403,51.464794],[-0.436212,51.46457],[-0.437,51.46432],[-0.437437,51.464162],[-0.437861,51.46399],[-0.438272,51.463806],[-0.438668,51.46361],[-0.438847,51.463511],[-0.439017,51.463407],[-0.439344,51.46319],[-0.440128,51.462653],[-0.440899,51.462109],[-0.442411,51.461004],[-0.443906,51.45989],[-0.445409,51.458781],[-0.446104,51.458302],[-0.446794,51.457814],[-0.447493,51.457343],[-0.44785,51.457121],[-0.448214,51.456912],[-0.448396,51.456816],[-0.448584,51.456726],[-0.448781,51.456642],[-0.448986,51.456567],[-0.449392,51.456445],[-0.449813,51.456342],[-0.450242,51.456252],[-0.450676,51.456173],[-0.450986,51.456124],[-0.451298,51.456083],[-0.451614,51.45605],[-0.451931,51.456026],[-0.45276,51.455983],[-0.453594,51.45596],[-0.45401,51.455958],[-0.454424,51.455964],[-0.454833,51.455977],[-0.455236,51.455999],[-0.455562,51.456026],[-0.455886,51.456065],[-0.456205,51.456117],[-0.456516,51.456183],[-0.456747,51.456243],[-0.456973,51.456309],[-0.457414,51.456458],[-0.45784,51.456623],[-0.458254,51.456799],[-0.458729,51.457024],[-0.459184,51.457265],[-0.460062,51.457771],[-0.461112,51.458395],[-0.462418,51.459192],[-0.46388,51.460097],[-0.465398,51.461048],[-0.466873,51.461983],[-0.468204,51.462838],[-0.469293,51.463551],[-0.47004,51.464059],[-0.470519,51.464414],[-0.470744,51.464599],[-0.470955,51.46479],[-0.471149,51.464984],[-0.471329,51.465183],[-0.471496,51.465386],[-0.471646,51.465594],[-0.471749,51.465757],[-0.471841,51.465923],[-0.47192,51.466092],[-0.471985,51.466262],[-0.472049,51.466482],[-0.472096,51.466703],[-0.472127,51.466926],[-0.472147,51.467149],[-0.472156,51.467377],[-0.472153,51.467606],[-0.472137,51.467834],[-0.472106,51.468062],[-0.472066,51.468262],[-0.472013,51.468461],[-0.471876,51.468855],[-0.471735,51.469185],[-0.471576,51.469511],[-0.4714,51.469835],[-0.47121,51.470155],[-0.471003,51.470475],[-0.470782,51.470792],[-0.470544,51.471104],[-0.470288,51.47141],[-0.470112,51.471596],[-0.470016,51.471686],[-0.469913,51.471773],[-0.469685,51.471951],[-0.469447,51.472125],[-0.469192,51.472288],[-0.469058,51.472365],[-0.468918,51.472438],[-0.46882,51.472484],[-0.468719,51.472527],[-0.468509,51.472606],[-0.46829,51.472677],[-0.468067,51.472741],[-0.467502,51.472883],[-0.466924,51.473007],[-0.466337,51.473111],[-0.465743,51.473196],[-0.465423,51.473229],[-0.465099,51.473252],[-0.464774,51.473265],[-0.464449,51.473271],[-0.463796,51.473273],[-0.463139,51.473266],[-0.462479,51.473251],[-0.461816,51.473228],[-0.460488,51.473166],[-0.459166,51.473088],[-0.45812,51.473013],[-0.4576,51.472963],[-0.457084,51.472899],[-0.456552,51.472824],[-0.456022,51.472739],[-0.455502,51.472636],[-0.455249,51.472575],[-0.455001,51.472505],[-0.454921,51.472479],[-0.45482,51.472442],[-0.454558,51.472338],[-0.453826,51.472026],[-0.451757,51.471106],[-0.449319,51.470019],[-0.448127,51.469498],[-0.447041,51.469038],[-0.445826,51.468543],[-0.44521,51.468304],[-0.444584,51.468075],[-0.443929,51.46785],[-0.443266,51.467634],[-0.442594,51.467429],[-0.441911,51.467239],[-0.441463,51.467125],[-0.441009,51.467018],[-0.44055,51.466922],[-0.440085,51.466839],[-0.439796,51.466797],[-0.439503,51.466763],[-0.438914,51.466711],[-0.437782,51.466639],[-0.436249,51.466558],[-0.434461,51.466474],[-0.432568,51.466393],[-0.430717,51.466322],[-0.429056,51.466266],[-0.427734,51.466231],[-0.426899,51.466223],[-0.426632,51.466231],[-0.426365,51.466247],[-0.425835,51.466298],[-0.424822,51.46643],[-0.423811,51.466586],[-0.423313,51.466673],[-0.422823,51.466766],[-0.422343,51.466866],[-0.421877,51.466972],[-0.421299,51.467126],[-0.420516,51.467358],[-0.418521,51.467982],[-0.416273,51.468703],[-0.414152,51.469375],[-0.410464,51.470621],[-0.406723,51.471893],[-0.403089,51.473113],[-0.401363,51.473678],[-0.399724,51.4742],[-0.398429,51.474613],[-0.397771,51.474804],[-0.397436,51.47489],[-0.397095,51.474968],[-0.396703,51.475044],[-0.396305,51.475107],[-0.395902,51.475156],[-0.395495,51.475189],[-0.395219,51.4752],[-0.394942,51.4752],[-0.394389,51.475175],[-0.39403,51.475147],[-0.393673,51.475111],[-0.393319,51.475064],[-0.39297,51.475006],[-0.392709,51.474953],[-0.392397,51.474881],[-0.391651,51.474694],[-0.389911,51.474227],[-0.388288,51.47379],[-0.38769,51.47364],[-0.387473,51.473593],[-0.387389,51.473578],[-0.387353,51.473572],[-0.387322,51.473568],[-0.387188,51.473556],[-0.387052,51.47355],[-0.386916,51.473549],[-0.386779,51.473552],[-0.386506,51.473567],[-0.386234,51.473587],[-0.385768,51.473633],[-0.385295,51.473696],[-0.38435,51.473848],[-0.38344,51.473994],[-0.383011,51.474049],[-0.382806,51.474069],[-0.382607,51.474084],[-0.382297,51.474095],[-0.381986,51.474092],[-0.381675,51.47408],[-0.381366,51.474061],[-0.380933,51.474025],[-0.380501,51.473978],[-0.380074,51.473919],[-0.379651,51.47385],[-0.379248,51.473774],[-0.378851,51.473687],[-0.37846,51.47359],[-0.378078,51.47348],[-0.377589,51.473312],[-0.377014,51.473091],[-0.37574,51.472568],[-0.374522,51.472066],[-0.374016,51.471872],[-0.373804,51.471798],[-0.373624,51.471742],[-0.373317,51.47166],[-0.373006,51.471586],[-0.37237,51.471457],[-0.371722,51.471353],[-0.371067,51.47127],[-0.370625,51.471231],[-0.370179,51.471208],[-0.369731,51.471198],[-0.369284,51.471194],[-0.367928,51.471202],[-0.366544,51.471235],[-0.365868,51.471261],[-0.365218,51.471294],[-0.364603,51.471333],[-0.364034,51.471379],[-0.363451,51.471439],[-0.362872,51.471515],[-0.3623,51.471608],[-0.361736,51.471718],[-0.36119,51.471845],[-0.360511,51.472019],[-0.359749,51.472224],[-0.358956,51.472446],[-0.358183,51.472672],[-0.357481,51.472885],[-0.356901,51.473071],[-0.356673,51.47315],[-0.356495,51.473216],[-0.356179,51.473352],[-0.355878,51.473501],[-0.355592,51.473662],[-0.355321,51.473832],[-0.35507,51.474007],[-0.354835,51.47419],[-0.354617,51.474382],[-0.354416,51.47458],[-0.354265,51.474752],[-0.35413,51.47493],[-0.353895,51.475295],[-0.35376,51.475526],[-0.353636,51.475759],[-0.353528,51.475995],[-0.353442,51.476234],[-0.353397,51.476422],[-0.353369,51.476611],[-0.353345,51.476992],[-0.353342,51.477243],[-0.353353,51.477495],[-0.353396,51.477997],[-0.353433,51.4785],[-0.353437,51.478751],[-0.353426,51.479002],[-0.353377,51.479363],[-0.353334,51.479543],[-0.353276,51.47972],[-0.353166,51.479979],[-0.353035,51.480234],[-0.352882,51.480484],[-0.352708,51.480728],[-0.352532,51.480939],[-0.352337,51.481143],[-0.352125,51.481341],[-0.351902,51.481534],[-0.351762,51.481644],[-0.351615,51.481749],[-0.351304,51.481952],[-0.350974,51.482154],[-0.350801,51.48225],[-0.350621,51.48234],[-0.350326,51.482472],[-0.350022,51.482596],[-0.349708,51.48271],[-0.349383,51.48281],[-0.349191,51.48286],[-0.348974,51.482911],[-0.348474,51.483013],[-0.347292,51.483225],[-0.346006,51.483451],[-0.345377,51.483572],[-0.344787,51.483699],[-0.344322,51.483812],[-0.344095,51.483875],[-0.343873,51.483946],[-0.34353,51.48407],[-0.343197,51.484203],[-0.342874,51.484347],[-0.342563,51.484499],[-0.342374,51.484602],[-0.342194,51.484712],[-0.341851,51.484942],[-0.3412,51.485421],[-0.340399,51.486046],[-0.338575,51.487513],[-0.336835,51.488915],[-0.336139,51.489457],[-0.335859,51.489665],[-0.335635,51.489821],[-0.335318,51.490017],[-0.334986,51.490204],[-0.334302,51.490564],[-0.333493,51.490977],[-0.332629,51.491402],[-0.330856,51.492249],[-0.329224,51.493033],[-0.328538,51.493379],[-0.327977,51.493682],[-0.327467,51.49399],[-0.326921,51.494348],[-0.325766,51.495144],[-0.324612,51.49594],[-0.324065,51.496297],[-0.323555,51.496606],[-0.323209,51.496795],[-0.322851,51.496976],[-0.322111,51.497318],[-0.321649,51.497519],[-0.32118,51.497713],[-0.320701,51.497898],[-0.320214,51.498074],[-0.31978,51.498217],[-0.319339,51.498352],[-0.318892,51.498478],[-0.31844,51.498598],[-0.317381,51.498851],[-0.316001,51.499157],[-0.312768,51.499843],[-0.309727,51.500487],[-0.308586,51.50074],[-0.308164,51.500841],[-0.307862,51.50092],[-0.30735,51.501081],[-0.306772,51.501284],[-0.305474,51.501774],[-0.30408,51.502301],[-0.303383,51.50255],[-0.302705,51.502775],[-0.302212,51.502923],[-0.30196,51.502989],[-0.301704,51.503048],[-0.301393,51.503108],[-0.300993,51.503176],[-0.299979,51.503333],[-0.297438,51.503696],[-0.294869,51.504063],[-0.29382,51.504225],[-0.29306,51.504361],[-0.29263,51.504455],[-0.292206,51.504559],[-0.291789,51.504674],[-0.29138,51.504799],[-0.291102,51.504896],[-0.290831,51.505001],[-0.290303,51.505226],[-0.289773,51.505449],[-0.289501,51.505551],[-0.289219,51.505644],[-0.288959,51.505719],[-0.288693,51.505786],[-0.28842,51.505842],[-0.288282,51.505864],[-0.288142,51.505882],[-0.287757,51.505914],[-0.287368,51.505926],[-0.286979,51.505919],[-0.286593,51.505893],[-0.286351,51.505865],[-0.286113,51.505828],[-0.285644,51.505734],[-0.28518,51.505627],[-0.284713,51.505527]],[[-0.3652829,51.5734493],[-0.365059,51.573348],[-0.364465,51.573058],[-0.363881,51.572761],[-0.362801,51.572192],[-0.361744,51.571607],[-0.360714,51.571004],[-0.359715,51.570381],[-0.359098,51.56997],[-0.358502,51.569548],[-0.357926,51.569115],[-0.35737,51.568672],[-0.357026,51.568377],[-0.356693,51.568068],[-0.356047,51.567434],[-0.355418,51.566823],[-0.355104,51.566544],[-0.35479,51.566291],[-0.354526,51.566103],[-0.354248,51.565924],[-0.353666,51.565579],[-0.353077,51.565238],[-0.352791,51.565063],[-0.352514,51.564882],[-0.352044,51.564544],[-0.351602,51.564191],[-0.351207,51.563838],[-0.350839,51.563474],[-0.350463,51.563073],[-0.3501,51.562663],[-0.349398,51.561831],[-0.348698,51.561014],[-0.348338,51.560622],[-0.347966,51.560247],[-0.347744,51.56004],[-0.347511,51.559838],[-0.347265,51.559642],[-0.347007,51.559452],[-0.346637,51.559204],[-0.346251,51.558965],[-0.345849,51.558737],[-0.345434,51.558518],[-0.345157,51.558381],[-0.344872,51.558251],[-0.344578,51.558128],[-0.344273,51.558017],[-0.343958,51.557916],[-0.343634,51.557825],[-0.343303,51.557747],[-0.342964,51.557683],[-0.342772,51.557656],[-0.34255,51.557631],[-0.342028,51.557589],[-0.340788,51.557517],[-0.339487,51.55744],[-0.338892,51.557391],[-0.338373,51.557332],[-0.337836,51.557241],[-0.337181,51.557108],[-0.335623,51.556761],[-0.333912,51.556381],[-0.333064,51.556207],[-0.332257,51.556059],[-0.331756,51.555983],[-0.331232,51.555916],[-0.330169,51.555799],[-0.329163,51.555683],[-0.328711,51.555618],[-0.328309,51.555544],[-0.32817,51.555512],[-0.328033,51.555476],[-0.327764,51.555397],[-0.32724,51.555221],[-0.326218,51.554867],[-0.325037,51.554445],[-0.323748,51.553973],[-0.322405,51.553472],[-0.321058,51.552962],[-0.319761,51.552461],[-0.318566,51.551989],[-0.317525,51.551567],[-0.316549,51.551158],[-0.315524,51.550717],[-0.314466,51.550253],[-0.31339,51.549771],[-0.312314,51.549279],[-0.311251,51.548785],[-0.310219,51.548295],[-0.309232,51.547816],[-0.308467,51.547433],[-0.308096,51.547232],[-0.30774,51.547022],[-0.307433,51.546822],[-0.30714,51.546614],[-0.306859,51.5464],[-0.306591,51.546179],[-0.306403,51.546011],[-0.306226,51.545839],[-0.305897,51.545484],[-0.305553,51.545063],[-0.305244,51.544632],[-0.305128,51.544448],[-0.305022,51.544262],[-0.304826,51.543886],[-0.304621,51.543512],[-0.304504,51.543328],[-0.304373,51.543149],[-0.304167,51.542901],[-0.303941,51.542659],[-0.303692,51.542427],[-0.303558,51.542316],[-0.303416,51.542208],[-0.303303,51.54213],[-0.303185,51.542056],[-0.302935,51.541916],[-0.302672,51.541784],[-0.302402,51.541659],[-0.301936,51.541462],[-0.301434,51.541271],[-0.30037,51.5409],[-0.299307,51.54053],[-0.298806,51.54034],[-0.298341,51.540143],[-0.298062,51.540013],[-0.297791,51.539877],[-0.297533,51.539731],[-0.297293,51.539575],[-0.297179,51.539489],[-0.297071,51.5394],[-0.296871,51.539214],[-0.296501,51.53883],[-0.296015,51.538309],[-0.295548,51.537782],[-0.294648,51.536715],[-0.293756,51.535644],[-0.293299,51.535113],[-0.292828,51.534587],[-0.291988,51.533676],[-0.291548,51.533229],[-0.291081,51.532792],[-0.290672,51.532446],[-0.290243,51.53211],[-0.289799,51.53178],[-0.289345,51.531457],[-0.289011,51.531231],[-0.288666,51.53101],[-0.287961,51.530579],[-0.28726,51.530145],[-0.28692,51.529922],[-0.286594,51.529691],[-0.286255,51.529435],[-0.285928,51.529172],[-0.28562,51.528902],[-0.285335,51.528622],[-0.285018,51.528269],[-0.284728,51.527906],[-0.284468,51.527535],[-0.284236,51.527157],[-0.284095,51.526885],[-0.283975,51.526608],[-0.283876,51.526328],[-0.283792,51.526046],[-0.283711,51.525692],[-0.283653,51.525336],[-0.283614,51.524979],[-0.283585,51.524622],[-0.283566,51.524254],[-0.28356,51.523885],[-0.283569,51.523516],[-0.28359,51.523148],[-0.283631,51.522706],[-0.283667,51.522486],[-0.283721,51.522267],[-0.28381,51.522],[-0.283919,51.521735],[-0.284047,51.521474],[-0.284196,51.521217],[-0.284371,51.520957],[-0.284567,51.520703],[-0.284781,51.520454],[-0.285011,51.520211],[-0.285155,51.520073],[-0.285309,51.519939],[-0.285638,51.51968],[-0.285964,51.519448],[-0.286311,51.519219],[-0.287033,51.51877],[-0.2874003,51.5185374]],[[-0.2836857,51.5049338],[-0.282412,51.504254],[-0.281793,51.503911],[-0.281213,51.503573],[-0.280601,51.503201],[-0.280309,51.503007],[-0.280038,51.502802],[-0.279849,51.502636],[-0.279675,51.502464],[-0.279516,51.502287],[-0.279369,51.502105],[-0.279211,51.501879],[-0.279074,51.501647],[-0.278833,51.501176],[-0.2786363,51.5007995]],[[-0.2635726,51.4947866],[-0.2631552,51.4948325]],[[-0.1992715,51.4900879],[-0.199199,51.490075],[-0.198913,51.490038],[-0.1988852,51.4900356]],[[-0.1907847,51.4938631],[-0.190453,51.4940597]],[[-0.1864599,51.4950771],[-0.18638,51.495073],[-0.186186,51.495056],[-0.186123,51.495048],[-0.186054,51.495038],[-0.185902,51.495011],[-0.185543,51.494933],[-0.184667,51.49471],[-0.183693,51.494456],[-0.183211,51.49434],[-0.182754,51.494243],[-0.181952,51.494092],[-0.18111,51.493946],[-0.180706,51.493884],[-0.180328,51.493833],[-0.17999,51.493796],[-0.179839,51.493785],[-0.179703,51.493778],[-0.179631,51.493777],[-0.179545,51.493779],[-0.179332,51.49379],[-0.178771,51.493835],[-0.177322,51.493983],[-0.175836,51.494133],[-0.175228,51.494182],[-0.174985,51.494196],[-0.174791,51.4942],[-0.174655,51.494197],[-0.174519,51.494189],[-0.174245,51.494164],[-0.173699,51.494089],[-0.17343,51.49405],[-0.173164,51.494018],[-0.173033,51.494006],[-0.172903,51.493997],[-0.172776,51.493993],[-0.17265,51.493993],[-0.172468,51.494002],[-0.172377,51.494011],[-0.172287,51.494022],[-0.172198,51.494036],[-0.17211,51.494053],[-0.172025,51.494074],[-0.171943,51.494098],[-0.171888,51.494117],[-0.171836,51.494139],[-0.171785,51.494163],[-0.171737,51.494189],[-0.171691,51.494216],[-0.171647,51.494245],[-0.171563,51.494304],[-0.171522,51.494338],[-0.171484,51.494373],[-0.171449,51.494409],[-0.171417,51.494447],[-0.1713,51.494604],[-0.171242,51.494682],[-0.171178,51.494757],[-0.171142,51.494793],[-0.171103,51.494827],[-0.171059,51.494859],[-0.171036,51.494874],[-0.171012,51.494889],[-0.17099,51.494901],[-0.170968,51.494912],[-0.170921,51.494933],[-0.170872,51.494952],[-0.170821,51.494969],[-0.170714,51.494998],[-0.170604,51.495024],[-0.170382,51.495076],[-0.170328,51.495091],[-0.170276,51.495107],[-0.170225,51.495125],[-0.170177,51.495145],[-0.17005,51.495208],[-0.169932,51.495277],[-0.169823,51.495352],[-0.169725,51.495432],[-0.169675,51.495479],[-0.169629,51.495528],[-0.169548,51.495629],[-0.169477,51.495734],[-0.169413,51.49584],[-0.169371,51.495923],[-0.169338,51.496009],[-0.169285,51.496182],[-0.169258,51.496268],[-0.169227,51.496354],[-0.169187,51.496437],[-0.169163,51.496478],[-0.169135,51.496518],[-0.169098,51.496565],[-0.169056,51.49661],[-0.169011,51.496654],[-0.168962,51.496696],[-0.168858,51.496779],[-0.168748,51.496858],[-0.168577,51.496969],[-0.168356,51.497103],[-0.167783,51.497425],[-0.1663,51.49822],[-0.164701,51.499079],[-0.163984,51.499481],[-0.16339,51.499838],[-0.163019,51.500089],[-0.162675,51.500355],[-0.162562,51.500453],[-0.162455,51.500555],[-0.162251,51.500762],[-0.162044,51.500968],[-0.161934,51.501067],[-0.161815,51.501163],[-0.161609,51.501317],[-0.161394,51.501468],[-0.16128,51.501538],[-0.161161,51.501605],[-0.161036,51.501667],[-0.160904,51.501723],[-0.160808,51.501758],[-0.160706,51.501791],[-0.160483,51.501854],[-0.160241,51.501911],[-0.159984,51.501965],[-0.15945,51.50206],[-0.158924,51.502144],[-0.158628,51.502185],[-0.158328,51.502216],[-0.157725,51.502265],[-0.157122,51.502315],[-0.156823,51.502347],[-0.156527,51.502389],[-0.156381,51.502415],[-0.156236,51.502445],[-0.155951,51.502512],[-0.155667,51.502581],[-0.155379,51.502642],[-0.15479,51.502745],[-0.154195,51.502837],[-0.153,51.503004],[-0.151805,51.503172],[-0.151212,51.503267],[-0.150624,51.503373],[-0.150205,51.503456],[-0.14979,51.503545],[-0.149381,51.503645],[-0.148982,51.503759],[-0.148747,51.503839],[-0.148519,51.503928],[-0.148079,51.50412],[-0.147356,51.504463],[-0.146561,51.504864],[-0.144858,51.505761],[-0.143172,51.506649],[-0.142398,51.507039],[-0.141705,51.507367],[-0.141244,51.507566],[-0.140773,51.507755],[-0.13981,51.508114],[-0.138204,51.508676],[-0.136487,51.509252],[-0.135675,51.509515],[-0.134941,51.509744],[-0.13432,51.509927],[-0.133847,51.510052],[-0.133618,51.510101],[-0.133384,51.510142],[-0.13291,51.510208],[-0.132433,51.510271],[-0.132197,51.510307],[-0.131964,51.510349],[-0.131459,51.510456],[-0.130959,51.510573],[-0.130466,51.5107],[-0.129979,51.510837],[-0.128976,51.511142],[-0.127989,51.511467],[-0.12702,51.511812],[-0.12607,51.512177],[-0.125687,51.512342],[-0.125321,51.512523],[-0.124451,51.512992],[-0.123556,51.513501],[-0.123142,51.513747],[-0.122775,51.513976],[-0.122472,51.514178],[-0.122349,51.514267],[-0.122249,51.514345],[-0.122204,51.514384],[-0.122162,51.514425],[-0.122087,51.514509],[-0.121956,51.514686],[-0.121828,51.514864],[-0.121757,51.51495],[-0.121717,51.514991],[-0.121675,51.515032],[-0.121599,51.515097],[-0.121514,51.515163],[-0.121324,51.515296],[-0.120912,51.515556],[-0.120718,51.515677],[-0.120549,51.515789],[-0.120479,51.515841],[-0.12042,51.515889],[-0.120396,51.515912],[-0.120375,51.515934],[-0.120357,51.515955],[-0.12035,51.515965],[-0.120344,51.515975],[-0.120324,51.516014],[-0.120309,51.516054],[-0.120297,51.516095],[-0.12029,51.516136],[-0.120287,51.516178],[-0.120286,51.51622],[-0.120293,51.516305],[-0.120328,51.516477],[-0.12037,51.516647],[-0.120398,51.516748],[-0.120434,51.516847],[-0.120523,51.517044],[-0.120616,51.517241],[-0.120658,51.51734],[-0.120693,51.51744],[-0.120736,51.51761],[-0.120768,51.517788],[-0.120815,51.518151],[-0.12084,51.518326],[-0.120873,51.518489],[-0.120893,51.518565],[-0.120918,51.518636],[-0.120947,51.518702],[-0.120981,51.518762],[-0.120992,51.518777],[-0.121005,51.518794],[-0.121039,51.518832],[-0.121135,51.518927],[-0.121428,51.519181],[-0.122277,51.519865],[-0.123231,51.52064],[-0.123655,51.521006],[-0.123994,51.521328],[-0.124068,51.521407],[-0.124138,51.521488],[-0.1242,51.521572],[-0.124253,51.521657],[-0.124294,51.521741],[-0.124327,51.521827],[-0.124351,51.521914],[-0.124367,51.522002],[-0.124376,51.522086],[-0.124379,51.52217],[-0.124371,51.522338],[-0.124325,51.522675],[-0.124288,51.523012],[-0.124291,51.523179],[-0.1243,51.523263],[-0.124317,51.523346],[-0.124345,51.523436],[-0.124384,51.523534],[-0.124494,51.523752],[-0.124796,51.524253],[-0.125127,51.524795],[-0.125273,51.525065],[-0.125392,51.525325],[-0.125448,51.525486],[-0.125467,51.525568],[-0.125472,51.525609],[-0.125475,51.52565],[-0.125474,51.525738],[-0.125467,51.525826],[-0.125438,51.526001],[-0.125392,51.526175],[-0.125335,51.526347],[-0.125205,51.52666],[-0.125042,51.526985],[-0.124654,51.527662],[-0.124251,51.528358],[-0.124069,51.528708],[-0.123912,51.529055],[-0.123647,51.529755],[-0.123421,51.53046],[-0.123233,51.53117],[-0.123081,51.531883],[-0.122994,51.532421],[-0.122909,51.53309],[-0.122828,51.533851],[-0.122755,51.534664],[-0.122692,51.535491],[-0.122644,51.536294],[-0.122613,51.537033],[-0.122603,51.537669],[-0.122614,51.537838],[-0.122637,51.538006],[-0.122658,51.538174],[-0.122662,51.538259],[-0.122661,51.538343],[-0.122651,51.538439],[-0.122635,51.538534],[-0.122589,51.538724],[-0.12254,51.538914],[-0.122503,51.539105],[-0.122474,51.539476],[-0.122467,51.539847],[-0.122456,51.540218],[-0.12244,51.540403],[-0.122414,51.540588],[-0.12231,51.541081],[-0.122175,51.541571],[-0.122014,51.542059],[-0.12183,51.542543],[-0.121462,51.543394],[-0.12105,51.544238],[-0.120599,51.545074],[-0.120113,51.545902],[-0.119553,51.546785],[-0.118938,51.547687],[-0.118626,51.548118],[-0.118321,51.548523],[-0.118029,51.54889],[-0.117756,51.54921],[-0.117439,51.549543],[-0.117096,51.549867],[-0.116733,51.550182],[-0.116357,51.550491],[-0.11609,51.550697],[-0.115813,51.550898],[-0.11524,51.551289],[-0.114663,51.551679],[-0.114381,51.551877],[-0.114107,51.55208],[-0.113002,51.55294],[-0.111889,51.553837],[-0.111362,51.554277],[-0.110872,51.554698],[-0.110432,51.555091],[-0.110054,51.555447],[-0.109425,51.556088],[-0.108826,51.556752],[-0.108546,51.557085],[-0.108282,51.557413],[-0.108039,51.557735],[-0.107819,51.558046],[-0.107588,51.558395],[-0.107377,51.558752],[-0.107284,51.558931],[-0.107204,51.55911],[-0.107138,51.559288],[-0.107089,51.559464],[-0.107073,51.559559],[-0.107065,51.559667],[-0.107066,51.559919],[-0.107117,51.560525],[-0.107184,51.561191],[-0.107205,51.561518],[-0.107209,51.561827],[-0.107175,51.562615],[-0.107112,51.563402],[-0.107017,51.564188],[-0.106887,51.564972],[-0.106819,51.565314],[-0.106738,51.565655],[-0.106638,51.565993],[-0.106512,51.566328],[-0.106359,51.566669],[-0.106186,51.567006],[-0.105982,51.567336],[-0.105864,51.567496],[-0.105735,51.567653],[-0.105547,51.567855],[-0.105337,51.56805],[-0.105222,51.568143],[-0.105101,51.568231],[-0.104971,51.568315],[-0.104834,51.568394],[-0.1047,51.568461],[-0.104559,51.568523],[-0.104412,51.568581],[-0.104261,51.568634],[-0.104105,51.568682],[-0.103946,51.568726],[-0.103622,51.568801],[-0.103431,51.568836],[-0.103237,51.568863],[-0.103041,51.568883],[-0.102843,51.568899],[-0.102045,51.568943],[-0.101755,51.568955],[-0.101464,51.568961],[-0.100882,51.568963],[-0.1003,51.56897],[-0.10001,51.568982],[-0.099722,51.569002],[-0.09941,51.569033],[-0.099101,51.569073],[-0.098796,51.569125],[-0.098647,51.569156],[-0.098501,51.569192],[-0.098438,51.56921],[-0.098377,51.569229],[-0.098258,51.569273],[-0.098143,51.569322],[-0.098032,51.569373],[-0.097798,51.569488],[-0.097572,51.56961],[-0.097355,51.569738],[-0.097149,51.569872],[-0.096759,51.57015],[-0.096389,51.57044],[-0.096044,51.57074],[-0.095727,51.571052],[-0.095668,51.571118],[-0.095615,51.571186],[-0.095567,51.571256],[-0.095527,51.571327],[-0.095459,51.571472],[-0.095403,51.571619],[-0.095362,51.571768],[-0.095349,51.571843],[-0.095341,51.571918],[-0.095338,51.572017],[-0.095341,51.572115],[-0.095366,51.572313],[-0.095412,51.572509],[-0.095474,51.572703],[-0.09555,51.572884],[-0.095645,51.573062],[-0.095866,51.573411],[-0.096152,51.573816],[-0.096459,51.574215],[-0.09711,51.575004],[-0.097767,51.57579],[-0.098082,51.576187],[-0.09838,51.576589],[-0.098641,51.576956],[-0.098756,51.577143],[-0.098806,51.577238],[-0.098848,51.577335],[-0.098893,51.577474],[-0.098942,51.577666],[-0.099049,51.57819],[-0.09929,51.579641],[-0.099548,51.581329],[-0.099798,51.582898],[-0.100033,51.584023],[-0.100159,51.584584],[-0.100314,51.585143],[-0.100423,51.585469],[-0.100544,51.585792],[-0.10068,51.586114],[-0.10083,51.586433],[-0.100964,51.586681],[-0.101114,51.586927],[-0.101436,51.587412],[-0.10175,51.587899],[-0.10189,51.588146],[-0.102011,51.588397],[-0.102045,51.588486],[-0.102072,51.588576],[-0.102115,51.588757],[-0.102154,51.588938],[-0.102179,51.589029],[-0.102209,51.589118],[-0.102321,51.589403],[-0.102392,51.589543],[-0.102434,51.589611],[-0.102482,51.589678],[-0.102547,51.589756],[-0.102618,51.589832],[-0.102776,51.589978],[-0.103126,51.590258],[-0.103478,51.590537],[-0.103636,51.590683],[-0.103708,51.590759],[-0.103774,51.590837],[-0.103855,51.59095],[-0.103923,51.591066],[-0.103976,51.591186],[-0.104014,51.591307],[-0.10402,51.591337],[-0.104023,51.591367],[-0.104024,51.591428],[-0.10401,51.591551],[-0.104002,51.591612],[-0.103998,51.591673],[-0.103998,51.591704],[-0.104,51.591734],[-0.104005,51.591764],[-0.104013,51.591794],[-0.104037,51.591859],[-0.104067,51.591923],[-0.104103,51.591985],[-0.104143,51.592047],[-0.104234,51.592169],[-0.104334,51.592287],[-0.104456,51.592418],[-0.104617,51.592578],[-0.10504,51.592971],[-0.106173,51.593969],[-0.107478,51.595092],[-0.108697,51.596153],[-0.109308,51.596671],[-0.10991,51.597193],[-0.110529,51.597707],[-0.110853,51.597957],[-0.11119,51.598199],[-0.111724,51.598551],[-0.112281,51.598889],[-0.112861,51.599213],[-0.113461,51.599521],[-0.114031,51.599782],[-0.114769,51.600093],[-0.116516,51.600793],[-0.118232,51.60148],[-0.118931,51.601775],[-0.119446,51.602013],[-0.119593,51.602092],[-0.119734,51.602175],[-0.12,51.602351],[-0.120238,51.602529],[-0.120347,51.602622],[-0.120446,51.60272],[-0.120631,51.602941],[-0.120807,51.603185],[-0.121144,51.603718],[-0.121482,51.604275],[-0.121658,51.60455],[-0.121844,51.604814],[-0.122238,51.605349],[-0.122455,51.60561],[-0.122575,51.605736],[-0.122705,51.605858],[-0.122865,51.605991],[-0.123036,51.606119],[-0.123401,51.606362],[-0.123785,51.606596],[-0.124172,51.606826],[-0.12487,51.60723],[-0.125231,51.607424],[-0.125601,51.607611],[-0.126264,51.607925],[-0.126941,51.608227],[-0.127632,51.608517],[-0.128338,51.608792],[-0.128569,51.608874],[-0.128805,51.60895],[-0.129286,51.609093],[-0.129764,51.609239],[-0.129997,51.609318],[-0.130223,51.609404],[-0.130547,51.609541],[-0.130861,51.609688],[-0.131161,51.609845],[-0.131442,51.610014],[-0.131617,51.610135],[-0.131779,51.610264],[-0.131927,51.610398],[-0.132061,51.610538],[-0.132267,51.610789],[-0.132447,51.611048],[-0.132601,51.611314],[-0.132729,51.611584],[-0.132803,51.611794],[-0.132853,51.612008],[-0.132914,51.612438],[-0.132937,51.612716],[-0.132946,51.612994],[-0.132939,51.613552],[-0.132928,51.614109],[-0.132933,51.614388],[-0.13295,51.614666],[-0.133011,51.615279],[-0.133091,51.615892],[-0.133201,51.616503],[-0.133271,51.616806],[-0.133354,51.617109],[-0.133422,51.61732],[-0.133503,51.61753],[-0.133598,51.617736],[-0.13371,51.61794],[-0.133832,51.618126],[-0.13397,51.618309],[-0.13427,51.618667],[-0.134575,51.619024],[-0.134716,51.619205],[-0.134845,51.61939],[-0.135021,51.619688],[-0.135094,51.619839],[-0.135154,51.619993],[-0.135253,51.620324],[-0.135352,51.620725],[-0.135448,51.621181],[-0.135538,51.621675],[-0.13562,51.622191],[-0.135691,51.622711],[-0.135747,51.623221],[-0.135787,51.623702],[-0.1358,51.623962],[-0.1358,51.624222],[-0.135784,51.624482],[-0.135747,51.624741],[-0.135665,51.625089],[-0.135555,51.625434],[-0.135421,51.625776],[-0.135265,51.626114],[-0.135168,51.626294],[-0.135058,51.626472],[-0.134809,51.626819],[-0.134503,51.62719],[-0.134161,51.627548],[-0.13385,51.62784],[-0.133524,51.628127],[-0.133185,51.628407],[-0.132833,51.628681],[-0.132565,51.628877],[-0.132289,51.629069],[-0.131719,51.629444],[-0.131146,51.629816],[-0.13059,51.630198],[-0.129886,51.630727],[-0.129202,51.631267],[-0.128518,51.631806],[-0.127811,51.632334],[-0.127375,51.632625],[-0.126923,51.632907],[-0.126479,51.633193],[-0.126267,51.633341],[-0.126067,51.633496],[-0.125878,51.633658],[-0.125701,51.633827],[-0.125539,51.634],[-0.125393,51.634179],[-0.125275,51.634347],[-0.125172,51.63452],[-0.125084,51.634696],[-0.125012,51.634874],[-0.124942,51.635099],[-0.124892,51.635327],[-0.12486,51.635556],[-0.124846,51.635786],[-0.124853,51.636117],[-0.124887,51.636448],[-0.124944,51.636779],[-0.125019,51.637107],[-0.125189,51.637681],[-0.125474,51.638532],[-0.125842,51.639575],[-0.126263,51.640725],[-0.126704,51.641898],[-0.127135,51.643008],[-0.127523,51.64397],[-0.127837,51.6447],[-0.127963,51.644962],[-0.128035,51.645092],[-0.128118,51.645218],[-0.128268,51.645416],[-0.128433,51.64561],[-0.128613,51.645798],[-0.12881,51.64598],[-0.128982,51.64612],[-0.129166,51.646255],[-0.129362,51.646383],[-0.129567,51.646505],[-0.129961,51.646718],[-0.130428,51.646953],[-0.130952,51.647205],[-0.131518,51.647467],[-0.13271,51.647996],[-0.13388,51.648491],[-0.13429,51.648658],[-0.134707,51.64882],[-0.135131,51.648973],[-0.135565,51.649114],[-0.135957,51.649226],[-0.136357,51.649328],[-0.13717,51.649509],[-0.137745,51.649626],[-0.138324,51.649735],[-0.138908,51.649832],[-0.139498,51.649913],[-0.139957,51.649961],[-0.140419,51.649998],[-0.141348,51.65005],[-0.142278,51.650098],[-0.142742,51.65013],[-0.143203,51.650171],[-0.143804,51.650244],[-0.144399,51.650336],[-0.144937,51.65043],[-0.145471,51.650532],[-0.146001,51.650643],[-0.146524,51.650765],[-0.147161,51.650936],[-0.147787,51.651123],[-0.149031,51.651507]]]}},{"type":"Feature","properties":{"r":"UK","g":"uk","col":"#1f7ff3","n":"Piccadilly line","ct":"伦敦","jk":"subway","nz":"皮卡迪利线","off":-0.5},"geometry":{"type":"MultiLineString","coordinates":[[[-0.477767,51.546562],[-0.47717,51.546802],[-0.476577,51.547046],[-0.475976,51.547282],[-0.475669,51.547392],[-0.475355,51.547495],[-0.474921,51.547623],[-0.474478,51.547739],[-0.474027,51.547842],[-0.473568,51.547931],[-0.47333,51.547968],[-0.473089,51.547998],[-0.472602,51.54804],[-0.472211,51.548058],[-0.471816,51.548064],[-0.471022,51.548057],[-0.470237,51.548056],[-0.469853,51.548069],[-0.469477,51.548097],[-0.4691,51.54814],[-0.468711,51.548193],[-0.468315,51.548257],[-0.467915,51.548328],[-0.467113,51.548492],[-0.466332,51.548674],[-0.465929,51.548785],[-0.465239,51.548989],[-0.463164,51.549623],[-0.460437,51.55047],[-0.457387,51.551427],[-0.454346,51.552391],[-0.451643,51.553256],[-0.449608,51.553919],[-0.448944,51.554142],[-0.448571,51.554275],[-0.448247,51.554411],[-0.447934,51.554558],[-0.447334,51.554872],[-0.446826,51.555163],[-0.446584,51.555316],[-0.446352,51.555475],[-0.44596,51.555766],[-0.445585,51.556066],[-0.445231,51.556376],[-0.444901,51.556695],[-0.444641,51.556973],[-0.4444,51.557258],[-0.444182,51.557549],[-0.443988,51.557847],[-0.443813,51.558177],[-0.44367,51.558513],[-0.443423,51.559193],[-0.443328,51.559491],[-0.443246,51.55979],[-0.443159,51.560089],[-0.44305,51.560385],[-0.442925,51.560656],[-0.442785,51.560925],[-0.44263,51.56119],[-0.442457,51.561451],[-0.442246,51.561739],[-0.442018,51.562023],[-0.44177,51.5623],[-0.4415,51.562568],[-0.441145,51.562883],[-0.440765,51.563186],[-0.440362,51.563479],[-0.439939,51.563759],[-0.439618,51.563951],[-0.439282,51.564132],[-0.438582,51.564476],[-0.43758,51.564935],[-0.436139,51.565571],[-0.434387,51.566331],[-0.432453,51.56716],[-0.430465,51.568002],[-0.42855,51.568804],[-0.426838,51.569511],[-0.425456,51.570068],[-0.424734,51.570354],[-0.424007,51.570636],[-0.423267,51.570904],[-0.422889,51.571029],[-0.422506,51.571146],[-0.421879,51.571315],[-0.421237,51.571463],[-0.420588,51.571598],[-0.419936,51.571728],[-0.419315,51.571842],[-0.418688,51.571945],[-0.418062,51.572048],[-0.41744,51.572161],[-0.415826,51.5725],[-0.413659,51.57298],[-0.408401,51.574175],[-0.403135,51.575373],[-0.400957,51.575855],[-0.399329,51.576197],[-0.398607,51.576337],[-0.397881,51.576469],[-0.397151,51.576592],[-0.396417,51.576704],[-0.395735,51.576796],[-0.39505,51.576879],[-0.394362,51.576951],[-0.393672,51.577012],[-0.392506,51.5771],[-0.391337,51.577171],[-0.390166,51.577222],[-0.388993,51.577247],[-0.387905,51.577244],[-0.386817,51.577218],[-0.38573,51.577171],[-0.384647,51.577106],[-0.383749,51.577034],[-0.382855,51.576944],[-0.381963,51.576841],[-0.381075,51.576731],[-0.379259,51.576488],[-0.377449,51.576224],[-0.375646,51.575943],[-0.373849,51.57565],[-0.372692,51.575461],[-0.371525,51.575265],[-0.370951,51.575162],[-0.370389,51.575055],[-0.369845,51.574941],[-0.369324,51.574821],[-0.369059,51.574752]],[[-0.2890742,51.5155705],[-0.2888,51.515325],[-0.28839,51.514958],[-0.288206,51.514772],[-0.288125,51.51468],[-0.288054,51.51459],[-0.287944,51.514426],[-0.287851,51.514258],[-0.287776,51.514086],[-0.28772,51.513912],[-0.287692,51.513778],[-0.28768,51.513642],[-0.28768,51.513506],[-0.287691,51.513371],[-0.287714,51.513228],[-0.28775,51.513086],[-0.287842,51.512804],[-0.287939,51.512523],[-0.287981,51.512381],[-0.288013,51.512239],[-0.288114,51.511638],[-0.288193,51.511021],[-0.288218,51.51072],[-0.288231,51.510431],[-0.288229,51.51016],[-0.28821,51.509911],[-0.288177,51.509704],[-0.28813,51.509498],[-0.288001,51.509088],[-0.287842,51.508682],[-0.287672,51.508278],[-0.287511,51.507921],[-0.287418,51.507746],[-0.287311,51.507573],[-0.287165,51.507369],[-0.287004,51.507168],[-0.2869863,51.507148]],[[-0.2756096,51.4982607],[-0.275393,51.498145],[-0.275072,51.497991],[-0.274411,51.497698],[-0.273755,51.497402],[-0.273441,51.497243],[-0.273142,51.497074],[-0.272927,51.496933],[-0.272726,51.496784],[-0.272349,51.496472],[-0.271974,51.496159],[-0.271776,51.496008],[-0.271566,51.495864],[-0.271307,51.495703],[-0.271036,51.495549],[-0.270754,51.495404],[-0.270456,51.495272],[-0.27002,51.495106],[-0.269567,51.494957],[-0.269099,51.494828],[-0.26862,51.494718],[-0.268137,51.494628],[-0.267644,51.494558],[-0.267145,51.494511],[-0.266894,51.494497],[-0.266643,51.494491],[-0.266565,51.494492],[-0.266474,51.494495],[-0.266258,51.494507],[-0.265702,51.494555],[-0.265451,51.4945822]],[[-0.1894112,51.4945606],[-0.189351,51.494586],[-0.188979,51.494722],[-0.188685,51.494816],[-0.188382,51.494901],[-0.188204,51.4949411]]]}},{"type":"Feature","properties":{"r":"UK","g":"uk","col":"#1f7ff3","n":"Piccadilly line","ct":"伦敦","jk":"subway","nz":"皮卡迪利线","off":-0.375},"geometry":{"type":"MultiLineString","coordinates":[[[-0.369059,51.574752],[-0.368544,51.574618],[-0.367778,51.574393],[-0.3677753,51.5743921]],[[-0.2893412,51.5167435],[-0.289359,51.516715],[-0.289383,51.516671],[-0.289405,51.516626],[-0.289422,51.51658],[-0.289435,51.516534],[-0.289462,51.516382],[-0.289468,51.516304],[-0.289468,51.516227],[-0.289462,51.516151],[-0.289448,51.516075],[-0.289426,51.516],[-0.289395,51.515926],[-0.289379,51.515897],[-0.289359,51.515867],[-0.289309,51.515802],[-0.289246,51.515733],[-0.289172,51.515658],[-0.2890742,51.5155705]],[[-0.2869863,51.507148],[-0.28683,51.506972],[-0.286641,51.506782],[-0.286453,51.506611],[-0.286251,51.506445],[-0.286039,51.506284],[-0.2859993,51.5062567]],[[-0.2767439,51.4989603],[-0.276587,51.498852],[-0.276152,51.498575],[-0.2757,51.498309],[-0.2756096,51.4982607]],[[-0.265451,51.4945822],[-0.2648248,51.4946499]],[[-0.1897655,51.4944085],[-0.189709,51.494435],[-0.1894112,51.4945606]],[[-0.188204,51.4949411],[-0.188071,51.494971],[-0.187912,51.494999],[-0.187752,51.495023],[-0.1876274,51.4950362]]]}},{"type":"Feature","properties":{"r":"UK","g":"uk","col":"#1f7ff3","n":"Piccadilly line","ct":"伦敦","jk":"subway","nz":"皮卡迪利线","off":-0.25},"geometry":{"type":"MultiLineString","coordinates":[[[-0.3677753,51.5743921],[-0.367029,51.574147],[-0.3665143,51.5739594]],[[-0.2884755,51.5177529],[-0.288571,51.517667],[-0.288816,51.517415],[-0.28904,51.517155],[-0.289243,51.516889],[-0.289304,51.516803],[-0.2893412,51.5167435]],[[-0.2859993,51.5062567],[-0.285815,51.50613],[-0.285387,51.505865],[-0.284877,51.505573],[-0.2848606,51.5055642]],[[-0.2778018,51.4997704],[-0.277642,51.499632],[-0.277401,51.499438],[-0.277004,51.49914],[-0.2767439,51.4989603]],[[-0.2648248,51.4946499],[-0.264233,51.494714],[-0.2641986,51.4947178]],[[-0.1901133,51.494242],[-0.190054,51.494273],[-0.1897655,51.4944085]],[[-0.1876274,51.4950362],[-0.187364,51.495064],[-0.187168,51.495077],[-0.1870445,51.4950814]]]}},{"type":"Feature","properties":{"r":"UK","g":"uk","col":"#1f7ff3","n":"Piccadilly line","ct":"伦敦","jk":"subway","nz":"皮卡迪利线","off":-0.125},"geometry":{"type":"MultiLineString","coordinates":[[[-0.3665143,51.5739594],[-0.366299,51.573881],[-0.365669,51.573624],[-0.3652829,51.5734493]],[[-0.2874003,51.5185374],[-0.287723,51.518333],[-0.288031,51.51812],[-0.288302,51.517909],[-0.2884755,51.5177529]],[[-0.2848606,51.5055642],[-0.283688,51.504935],[-0.2836857,51.5049338]],[[-0.2786363,51.5007995],[-0.278587,51.500705],[-0.278444,51.500476],[-0.278278,51.500252],[-0.278086,51.500038],[-0.277873,51.499832],[-0.2778018,51.4997704]],[[-0.2641986,51.4947178],[-0.2635726,51.4947866]],[[-0.190453,51.4940597],[-0.190385,51.4941],[-0.1901133,51.494242]],[[-0.1870445,51.4950814],[-0.18697,51.495084],[-0.186773,51.495086],[-0.186576,51.495083],[-0.1864599,51.4950771]]]}},{"type":"Feature","properties":{"r":"UK","g":"uk","col":"#1f7ff3","n":"Piccadilly line","ct":"伦敦","jk":"subway","nz":"皮卡迪利线","off":0.125},"geometry":{"type":"MultiLineString","coordinates":[[[-0.2631552,51.4948325],[-0.262551,51.494899],[-0.2625291,51.4949012]],[[-0.1998397,51.4902232],[-0.199784,51.490204],[-0.199634,51.490161],[-0.199557,51.490142],[-0.199479,51.490125],[-0.1992715,51.4900879]],[[-0.1988852,51.4900356],[-0.198624,51.490013],[-0.198478,51.490007],[-0.198333,51.490004],[-0.1983015,51.4900047]],[[-0.1911081,51.4936531],[-0.1908,51.493854],[-0.1907847,51.4938631]]]}},{"type":"Feature","properties":{"r":"UK","g":"uk","col":"#1f7ff3","n":"Piccadilly line","ct":"伦敦","jk":"subway","nz":"皮卡迪利线","off":0.25},"geometry":{"type":"MultiLineString","coordinates":[[[-0.2625291,51.4949012],[-0.2619023,51.4949636]],[[-0.2003859,51.4904315],[-0.200345,51.490413],[-0.200074,51.490304],[-0.1998397,51.4902232]],[[-0.1983015,51.4900047],[-0.197959,51.490012],[-0.1977173,51.4900288]],[[-0.1914291,51.4934395],[-0.191309,51.493522],[-0.1911081,51.4936531]]]}},{"type":"Feature","properties":{"r":"UK","g":"uk","col":"#1f7ff3","n":"Piccadilly line","ct":"伦敦","jk":"subway","nz":"皮卡迪利线","off":0.375},"geometry":{"type":"MultiLineString","coordinates":[[[-0.2619023,51.4949636],[-0.261728,51.494981],[-0.261275,51.4950193]],[[-0.2009137,51.4906834],[-0.200614,51.490535],[-0.2003859,51.4904315]],[[-0.1977173,51.4900288],[-0.197585,51.490038],[-0.197216,51.490084],[-0.1971367,51.4900971]],[[-0.191747,51.4932212],[-0.1914291,51.4934395]]]}},{"type":"Feature","properties":{"r":"UK","g":"uk","col":"#1f7ff3","n":"Piccadilly line","ct":"伦敦","jk":"subway","nz":"皮卡迪利线","off":0.5},"geometry":{"type":"MultiLineString","coordinates":[[[-0.261275,51.4950193],[-0.26097,51.495045],[-0.260254,51.495093],[-0.259536,51.495132],[-0.258817,51.495163],[-0.258097,51.495184],[-0.256145,51.495215],[-0.254193,51.495221],[-0.25224,51.495205],[-0.250288,51.49517],[-0.249622,51.495151],[-0.248957,51.495124],[-0.247627,51.495057],[-0.246297,51.49499],[-0.245632,51.494964],[-0.244966,51.494945],[-0.244304,51.494942],[-0.243643,51.494951],[-0.242981,51.494957],[-0.24232,51.494946],[-0.241851,51.494924],[-0.241383,51.494894],[-0.240917,51.494855],[-0.240453,51.494808],[-0.239942,51.494744],[-0.239435,51.49467],[-0.238427,51.494504],[-0.237419,51.494338],[-0.236912,51.494262],[-0.236402,51.494197],[-0.235847,51.494137],[-0.23529,51.494085],[-0.234171,51.493996],[-0.233051,51.493916],[-0.231931,51.493832],[-0.231162,51.493768],[-0.230394,51.493699],[-0.229625,51.493641],[-0.229239,51.493621],[-0.228852,51.493611],[-0.228567,51.493615],[-0.228277,51.49363],[-0.227694,51.493678],[-0.22713,51.493718],[-0.226864,51.493724],[-0.226737,51.493721],[-0.226614,51.493714],[-0.22645,51.493697],[-0.226288,51.493675],[-0.226127,51.493646],[-0.225969,51.493613],[-0.225657,51.493535],[-0.225353,51.493449],[-0.225043,51.493355],[-0.224739,51.493251],[-0.224592,51.493195],[-0.22445,51.493134],[-0.224315,51.493069],[-0.224186,51.492998],[-0.224142,51.49297],[-0.224095,51.492939],[-0.223997,51.492864],[-0.223781,51.492677],[-0.223284,51.492194],[-0.222727,51.491658],[-0.222436,51.491403],[-0.222144,51.491175],[-0.221953,51.491043],[-0.221753,51.490916],[-0.22154,51.490797],[-0.221428,51.490742],[-0.221313,51.49069],[-0.221066,51.490592],[-0.220808,51.490505],[-0.220539,51.490431],[-0.220402,51.490399],[-0.220263,51.490371],[-0.220053,51.490336],[-0.219841,51.490308],[-0.219409,51.49027],[-0.218974,51.490248],[-0.218538,51.490235],[-0.218002,51.490232],[-0.217466,51.490245],[-0.216394,51.490299],[-0.215322,51.490352],[-0.214786,51.490364],[-0.21425,51.49036],[-0.213748,51.490336],[-0.213231,51.490295],[-0.212192,51.490186],[-0.211205,51.490082],[-0.210753,51.490048],[-0.210542,51.490038],[-0.210342,51.490034],[-0.209712,51.490041],[-0.209075,51.490071],[-0.208762,51.490096],[-0.208457,51.490127],[-0.208162,51.490166],[-0.20788,51.490212],[-0.207732,51.490243],[-0.207565,51.490286],[-0.207182,51.490399],[-0.206286,51.490697],[-0.205345,51.491009],[-0.204905,51.491139],[-0.204702,51.491193],[-0.204512,51.491237],[-0.204204,51.4913],[-0.20389,51.491353],[-0.203731,51.491373],[-0.203571,51.491388],[-0.203411,51.491397],[-0.20325,51.491399],[-0.203106,51.491394],[-0.202962,51.491383],[-0.20282,51.491368],[-0.202678,51.491347],[-0.202538,51.491322],[-0.2024,51.491292],[-0.202133,51.491223],[-0.202015,51.491186],[-0.201894,51.491142],[-0.201649,51.491041],[-0.201141,51.490796],[-0.2009137,51.4906834]],[[-0.1971367,51.4900971],[-0.197035,51.490114],[-0.196857,51.490149],[-0.196741,51.490176],[-0.196627,51.490207],[-0.196407,51.490278],[-0.196194,51.490359],[-0.195989,51.490446],[-0.195883,51.490496],[-0.19578,51.490548],[-0.195583,51.490659],[-0.195204,51.490891],[-0.194556,51.491303],[-0.19388,51.491753],[-0.192528,51.492685],[-0.191747,51.4932212]]]}},{"type":"Feature","properties":{"r":"UK","g":"uk","col":"#0a9cda","n":"Victoria line","ct":"伦敦","jk":"subway","nz":"维多利亚线"},"geometry":{"type":"LineString","coordinates":[[-0.113614,51.462347],[-0.115409,51.46267],[-0.117288,51.463001],[-0.119,51.463316],[-0.119714,51.46346],[-0.120291,51.463592],[-0.120721,51.463707],[-0.121143,51.463835],[-0.121556,51.463974],[-0.121961,51.464121],[-0.122294,51.46425],[-0.12262,51.464386],[-0.122935,51.46453],[-0.123236,51.464686],[-0.123519,51.464853],[-0.123787,51.46503],[-0.12404,51.465215],[-0.12428,51.465407],[-0.1245,51.465599],[-0.124705,51.465797],[-0.124896,51.466],[-0.12507,51.466209],[-0.125212,51.466402],[-0.125339,51.466598],[-0.125452,51.466799],[-0.125549,51.467002],[-0.125637,51.467223],[-0.125709,51.467447],[-0.125763,51.467673],[-0.125801,51.4679],[-0.125818,51.468138],[-0.125815,51.468377],[-0.125779,51.468855],[-0.125756,51.469146],[-0.125734,51.469291],[-0.125717,51.469363],[-0.125696,51.469434],[-0.125619,51.469637],[-0.125524,51.469838],[-0.125407,51.470034],[-0.125339,51.47013],[-0.125264,51.470223],[-0.125185,51.470308],[-0.125091,51.470398],[-0.124866,51.470588],[-0.124313,51.471006],[-0.123721,51.471455],[-0.123446,51.471683],[-0.123203,51.471911],[-0.123066,51.472062],[-0.122941,51.472217],[-0.122715,51.472534],[-0.122493,51.472853],[-0.122374,51.47301],[-0.122245,51.473164],[-0.121961,51.473451],[-0.121654,51.47373],[-0.121348,51.474009],[-0.121203,51.474151],[-0.121068,51.474297],[-0.120899,51.474498],[-0.120741,51.474702],[-0.120597,51.47491],[-0.120469,51.475122],[-0.1203,51.475439],[-0.120151,51.475761],[-0.12003,51.476087],[-0.119946,51.476416],[-0.119911,51.476694],[-0.119908,51.476974],[-0.119927,51.477254],[-0.119961,51.477533],[-0.120035,51.47797],[-0.120144,51.47849],[-0.120283,51.479074],[-0.120446,51.479702],[-0.120818,51.481014],[-0.121208,51.48227],[-0.121406,51.482868],[-0.121524,51.483163],[-0.121669,51.483454],[-0.121846,51.483755],[-0.122043,51.484051],[-0.122271,51.484338],[-0.1224,51.484476],[-0.122541,51.484609],[-0.122644,51.484694],[-0.122755,51.484776],[-0.122995,51.484929],[-0.12351,51.485215],[-0.124164,51.485564],[-0.124957,51.485971],[-0.125834,51.486408],[-0.126737,51.486849],[-0.12761,51.487266],[-0.128396,51.487631],[-0.12904,51.487918],[-0.12929,51.488024],[-0.129483,51.488099],[-0.130086,51.488304],[-0.130711,51.488485],[-0.131352,51.488641],[-0.132008,51.488769],[-0.132204,51.488798],[-0.132438,51.488826],[-0.133004,51.488877],[-0.134412,51.488975],[-0.135964,51.489085],[-0.13671,51.489152],[-0.137391,51.48923],[-0.137898,51.489302],[-0.138401,51.489383],[-0.138897,51.489479],[-0.139383,51.489593],[-0.139751,51.489697],[-0.140109,51.489813],[-0.140459,51.48994],[-0.140799,51.490076],[-0.141036,51.490178],[-0.141267,51.490286],[-0.14149,51.4904],[-0.141701,51.490522],[-0.14201,51.490724],[-0.142301,51.490937],[-0.142576,51.491159],[-0.142838,51.491386],[-0.143106,51.491645],[-0.143228,51.49178],[-0.14334,51.491917],[-0.143479,51.49211],[-0.143603,51.492307],[-0.143818,51.492708],[-0.143925,51.492928],[-0.144024,51.49315],[-0.144103,51.493374],[-0.14413,51.493487],[-0.144147,51.493601],[-0.144156,51.493793],[-0.144148,51.494],[-0.144124,51.494217],[-0.144088,51.494442],[-0.143986,51.494899],[-0.14386,51.495345],[-0.143784,51.495563],[-0.143693,51.49578],[-0.143587,51.495993],[-0.143467,51.496204],[-0.14325,51.496538],[-0.143011,51.496867],[-0.142493,51.497513],[-0.141966,51.498157],[-0.141716,51.498483],[-0.141483,51.498813],[-0.141228,51.499228],[-0.141004,51.499649],[-0.140791,51.500107],[-0.140697,51.500338],[-0.140615,51.500571],[-0.140516,51.500873],[-0.140427,51.501177],[-0.140361,51.501483],[-0.140342,51.501636],[-0.140334,51.50179],[-0.140338,51.501918],[-0.140351,51.502046],[-0.1404,51.502301],[-0.14047,51.502555],[-0.140548,51.502808],[-0.140737,51.503372],[-0.140953,51.503933],[-0.1412,51.504488],[-0.141482,51.505037],[-0.141712,51.50542],[-0.141979,51.505813],[-0.14256,51.506598],[-0.143107,51.507332],[-0.143329,51.507662],[-0.143498,51.507956],[-0.143569,51.508114],[-0.143625,51.508275],[-0.143704,51.5086],[-0.143732,51.508801],[-0.143746,51.509003],[-0.143741,51.509407],[-0.143714,51.509684],[-0.14366,51.509959],[-0.143561,51.510275],[-0.143435,51.510588],[-0.143309,51.510858],[-0.14317,51.511125],[-0.142871,51.511657],[-0.142584,51.51219],[-0.142459,51.512459],[-0.142353,51.512732],[-0.14223,51.513134],[-0.142137,51.51354],[-0.142076,51.513948],[-0.14205,51.514357],[-0.142059,51.514602],[-0.142091,51.514847],[-0.142192,51.515334],[-0.142286,51.515653],[-0.142402,51.51597],[-0.142513,51.516288],[-0.142559,51.516447],[-0.142594,51.516608],[-0.142649,51.51697],[-0.142691,51.517351],[-0.142721,51.517746],[-0.14274,51.518151],[-0.142746,51.518975],[-0.142715,51.519787],[-0.142696,51.519998],[-0.142677,51.520102],[-0.142648,51.520206],[-0.142544,51.520469],[-0.142414,51.520727],[-0.142267,51.520983],[-0.142108,51.521235],[-0.141951,51.521474],[-0.141783,51.52171],[-0.141598,51.521941],[-0.141389,51.522163],[-0.141321,51.522224],[-0.141247,51.522283],[-0.141089,51.522397],[-0.140928,51.522508],[-0.140849,51.522565],[-0.140775,51.522624],[-0.140316,51.523019],[-0.139874,51.523421],[-0.139019,51.524238],[-0.138167,51.525057],[-0.137728,51.525461],[-0.137274,51.525858],[-0.136854,51.52621],[-0.136632,51.52638],[-0.136396,51.526542],[-0.136038,51.526763],[-0.13565,51.526991],[-0.135241,51.527219],[-0.13482,51.527443],[-0.134398,51.527659],[-0.133982,51.527862],[-0.133583,51.528046],[-0.133209,51.528207],[-0.132884,51.528335],[-0.132552,51.528455],[-0.131869,51.528676],[-0.131172,51.528881],[-0.130471,51.52908],[-0.129456,51.529358],[-0.128941,51.529486],[-0.12842,51.529603],[-0.127835,51.529718],[-0.127236,51.52982],[-0.126025,51.530004],[-0.124837,51.530188],[-0.124267,51.530291],[-0.123721,51.530405],[-0.122827,51.530622],[-0.12194,51.530864],[-0.121507,51.530992],[-0.121085,51.531126],[-0.120679,51.531263],[-0.120291,51.531405],[-0.120164,51.531457],[-0.119975,51.531539],[-0.119428,51.531786],[-0.117769,51.532558],[-0.115577,51.533594],[-0.113115,51.53477],[-0.110647,51.535958],[-0.108436,51.537032],[-0.106743,51.537867],[-0.106174,51.538156],[-0.105833,51.538337],[-0.105577,51.538491],[-0.105458,51.538574],[-0.105349,51.538661],[-0.105295,51.538712],[-0.105244,51.538764],[-0.105152,51.538871],[-0.104988,51.539093],[-0.104722,51.539489],[-0.104479,51.539891],[-0.104253,51.540297],[-0.104038,51.540705],[-0.103846,51.541095],[-0.103761,51.541291],[-0.103689,51.54149],[-0.103496,51.542146],[-0.103341,51.542806],[-0.103224,51.543469],[-0.103147,51.544134],[-0.103135,51.544352],[-0.103135,51.544569],[-0.103149,51.544787],[-0.103177,51.545004],[-0.103249,51.545382],[-0.10334,51.545767],[-0.103448,51.546158],[-0.103567,51.546553],[-0.10383,51.547346],[-0.1041,51.548133],[-0.104372,51.548898],[-0.104662,51.549661],[-0.105273,51.551182],[-0.105884,51.552703],[-0.106174,51.553466],[-0.106447,51.554231],[-0.106603,51.554714],[-0.106735,51.555199],[-0.106826,51.555612],[-0.106905,51.556027],[-0.106972,51.556442],[-0.107026,51.556858],[-0.107058,51.55723],[-0.107066,51.557603],[-0.107039,51.558142],[-0.106986,51.558681],[-0.106934,51.55922],[-0.106909,51.559759],[-0.106916,51.560055],[-0.106936,51.560351],[-0.106996,51.560944],[-0.10705,51.561536],[-0.107062,51.561832],[-0.107059,51.562128],[-0.107031,51.562563],[-0.106987,51.562998],[-0.106861,51.563866],[-0.106703,51.564733],[-0.106535,51.565599],[-0.106362,51.566482],[-0.106257,51.566921],[-0.106125,51.567358],[-0.105975,51.567763],[-0.10588,51.567962],[-0.105824,51.56806],[-0.105761,51.568156],[-0.105628,51.568334],[-0.105478,51.568507],[-0.105395,51.56859],[-0.105307,51.568671],[-0.105212,51.568749],[-0.105111,51.568824],[-0.104996,51.5689],[-0.104874,51.568971],[-0.104746,51.569039],[-0.104614,51.569103],[-0.104337,51.569223],[-0.104051,51.569333],[-0.103885,51.569389],[-0.103713,51.569438],[-0.103358,51.56952],[-0.102804,51.569627],[-0.102244,51.56972],[-0.101111,51.569881],[-0.099975,51.570035],[-0.099411,51.570121],[-0.098852,51.570218],[-0.098037,51.570374],[-0.097226,51.57054],[-0.096425,51.570722],[-0.09603,51.570822],[-0.09564,51.570928],[-0.094971,51.571133],[-0.094043,51.571437],[-0.092944,51.571809],[-0.091763,51.57222],[-0.090587,51.572637],[-0.089505,51.573029],[-0.088605,51.573367],[-0.087975,51.573618],[-0.087555,51.573812],[-0.087356,51.573918],[-0.087166,51.574029],[-0.086809,51.574263],[-0.086471,51.574509],[-0.086149,51.574764],[-0.085838,51.575023],[-0.085403,51.575409],[-0.084989,51.575804],[-0.084197,51.576609],[-0.083404,51.577414],[-0.08299,51.577809],[-0.082554,51.578194],[-0.082093,51.578562],[-0.081848,51.578739],[-0.081592,51.57891],[-0.081051,51.57924],[-0.080336,51.579656],[-0.079496,51.58013],[-0.078579,51.580636],[-0.077633,51.581147],[-0.076708,51.581637],[-0.075852,51.58208],[-0.075114,51.582448],[-0.074603,51.582686],[-0.074081,51.582915],[-0.073015,51.583354],[-0.071949,51.583793],[-0.071426,51.58402],[-0.070914,51.584258],[-0.070188,51.584624],[-0.069421,51.585035],[-0.06785,51.585913],[-0.066375,51.586739],[-0.065728,51.587085],[-0.065171,51.58736],[-0.064742,51.587546],[-0.064518,51.58763],[-0.064287,51.587706],[-0.063924,51.587806],[-0.063552,51.587893],[-0.063173,51.587968],[-0.06279,51.588034],[-0.062186,51.588126],[-0.061577,51.588204],[-0.060962,51.58826],[-0.060654,51.588278],[-0.060344,51.588288],[-0.060171,51.588288],[-0.059999,51.588284],[-0.059655,51.588262],[-0.058971,51.588194],[-0.057965,51.588077],[-0.056964,51.587941],[-0.055971,51.587784],[-0.054989,51.587604],[-0.054545,51.587509],[-0.054108,51.587402],[-0.053244,51.587169],[-0.052379,51.586937],[-0.051941,51.586832],[-0.051496,51.586739],[-0.051144,51.586676],[-0.050788,51.58662],[-0.050429,51.586576],[-0.050066,51.586545],[-0.049779,51.586534],[-0.049491,51.586535],[-0.048916,51.586554],[-0.048227,51.586592],[-0.047512,51.586645],[-0.046069,51.586775],[-0.044715,51.586894],[-0.044111,51.586935],[-0.043577,51.586954],[-0.042648,51.586953],[-0.041719,51.586923],[-0.040793,51.586865],[-0.039874,51.586779],[-0.039391,51.586718],[-0.038902,51.586644],[-0.03791,51.586466],[-0.036911,51.586272],[-0.035915,51.586086],[-0.019995,51.582941]]}},{"type":"Feature","properties":{"r":"UK","g":"uk","col":"#ff4aba","n":"Metropolitan line","ct":"伦敦","jk":"subway","nz":"大都会线"},"geometry":{"type":"MultiLineString","coordinates":[[[-0.580318,51.6718],[-0.580439,51.671783],[-0.58056,51.671763],[-0.58062,51.671755],[-0.580681,51.671748],[-0.580711,51.671746],[-0.580742,51.671745],[-0.580772,51.671744],[-0.580803,51.671744],[-0.580858,51.671747],[-0.580919,51.671752],[-0.581057,51.671767],[-0.581386,51.671818],[-0.582203,51.671976],[-0.583117,51.672161],[-0.583568,51.672246],[-0.58399,51.672317],[-0.584615,51.672409],[-0.585244,51.672494],[-0.585875,51.672569],[-0.58651,51.67263],[-0.586971,51.672663],[-0.587577,51.672697],[-0.589158,51.672771],[-0.593302,51.672934],[-0.597819,51.673113],[-0.599866,51.673207],[-0.601585,51.673304],[-0.602307,51.673356],[-0.603025,51.673426],[-0.603573,51.673494],[-0.604118,51.673569],[-0.605204,51.673733],[-0.606287,51.673905],[-0.607371,51.674073]],[[-0.3651026,51.5750823],[-0.364918,51.57511],[-0.364423,51.575199],[-0.363935,51.575302],[-0.363454,51.575417],[-0.363073,51.575519],[-0.362699,51.575631],[-0.362333,51.575752],[-0.361974,51.575881],[-0.361319,51.576145],[-0.360495,51.576505],[-0.358541,51.577394],[-0.356517,51.578314],[-0.355606,51.578712],[-0.35483,51.57903],[-0.354335,51.579219],[-0.353832,51.579399],[-0.353319,51.579568],[-0.352793,51.579719],[-0.352148,51.57988],[-0.351492,51.580023],[-0.350824,51.580143],[-0.350487,51.580193],[-0.350147,51.580236],[-0.349808,51.580268],[-0.349467,51.58029],[-0.348781,51.580311],[-0.348092,51.580319],[-0.347404,51.580333]],[[-0.417543,51.657283],[-0.419123,51.656593],[-0.420726,51.655885],[-0.422284,51.655214],[-0.423025,51.65491],[-0.42373,51.654636],[-0.424139,51.654489],[-0.424671,51.654308],[-0.426037,51.653861],[-0.429522,51.652753],[-0.433129,51.651606],[-0.434649,51.651109],[-0.435805,51.650711],[-0.436525,51.650444],[-0.436875,51.650301],[-0.437213,51.650148],[-0.437696,51.649903],[-0.438161,51.649644],[-0.438609,51.649374],[-0.439042,51.649095],[-0.439418,51.648833],[-0.439778,51.648561],[-0.440468,51.648003],[-0.441156,51.647443],[-0.441512,51.64717],[-0.441884,51.646905],[-0.442294,51.646639],[-0.442509,51.646513],[-0.442732,51.646392],[-0.443056,51.646233],[-0.44339,51.646082],[-0.443733,51.645939],[-0.444084,51.645803],[-0.444657,51.645601],[-0.445249,51.645411],[-0.446458,51.645054],[-0.447645,51.644703],[-0.44821,51.644521],[-0.448746,51.644329],[-0.449196,51.644145],[-0.449411,51.644043],[-0.449616,51.643935],[-0.449798,51.643826],[-0.44997,51.64371],[-0.450133,51.643589],[-0.450287,51.643464],[-0.450411,51.643355],[-0.450528,51.643243],[-0.450636,51.643128],[-0.450733,51.643009],[-0.450841,51.642856],[-0.450935,51.642699],[-0.451015,51.642538],[-0.451079,51.642376],[-0.45112,51.642234],[-0.451147,51.642091],[-0.451162,51.641946],[-0.451166,51.641802],[-0.451161,51.641676],[-0.451146,51.64155],[-0.451121,51.641425],[-0.451087,51.641301],[-0.451046,51.641184],[-0.450995,51.641068],[-0.450936,51.640953],[-0.450869,51.640841],[-0.450775,51.640702],[-0.450671,51.640566],[-0.450556,51.640433],[-0.45043,51.640304],[-0.450307,51.64019],[-0.450176,51.64008],[-0.450034,51.639975],[-0.449958,51.639926],[-0.449878,51.639879],[-0.44974,51.639806],[-0.449595,51.639737],[-0.449293,51.63961],[-0.448977,51.639495],[-0.448657,51.639386],[-0.44809,51.63921],[-0.447451,51.639032],[-0.44604,51.638672],[-0.444593,51.638301],[-0.443908,51.638111],[-0.443276,51.637917],[-0.442513,51.637655],[-0.441767,51.637375],[-0.441035,51.63708],[-0.440317,51.636772],[-0.439977,51.636617],[-0.439644,51.636454],[-0.438999,51.636115],[-0.438494,51.635833],[-0.438,51.635544],[-0.437518,51.635247],[-0.43705,51.634942],[-0.436612,51.634637],[-0.436187,51.634325],[-0.435777,51.634005],[-0.43538,51.633679],[-0.43499,51.633344],[-0.434612,51.633003],[-0.434253,51.632655],[-0.433916,51.632299],[-0.433654,51.631996],[-0.433405,51.631688],[-0.432937,51.631063],[-0.432494,51.630431],[-0.432056,51.629798],[-0.430622,51.627711],[-0.429227,51.625613],[-0.427871,51.623506],[-0.426553,51.621389],[-0.426171,51.620757],[-0.425991,51.620439],[-0.425826,51.620118],[-0.425649,51.619734],[-0.425487,51.619348],[-0.42534,51.618959],[-0.425208,51.618568],[-0.425076,51.618086],[-0.424976,51.617601],[-0.424899,51.617113],[-0.424848,51.616623],[-0.424823,51.616063],[-0.424821,51.615503],[-0.424814,51.614943],[-0.424801,51.614663],[-0.424777,51.614384],[-0.424736,51.614064],[-0.424684,51.613744],[-0.424618,51.613425],[-0.424536,51.613108],[-0.42438,51.612617],[-0.424197,51.612129],[-0.423793,51.611158],[-0.423481,51.610445],[-0.423312,51.610092],[-0.423127,51.609741],[-0.42295,51.609435],[-0.422761,51.609131],[-0.42256,51.608831],[-0.422347,51.608534],[-0.422104,51.608218],[-0.421848,51.607906],[-0.42158,51.607597],[-0.421301,51.607293],[-0.420891,51.606876],[-0.420674,51.606672],[-0.420445,51.606473],[-0.420029,51.606141],[-0.419594,51.605819],[-0.41869,51.605191],[-0.417896,51.604664],[-0.417486,51.604408],[-0.417064,51.60416],[-0.416538,51.603874],[-0.415998,51.603599],[-0.414894,51.603066],[-0.412807,51.602089],[-0.410696,51.601132],[-0.408564,51.600193],[-0.40641,51.599274],[-0.405534,51.598912],[-0.405088,51.598739],[-0.404634,51.598574],[-0.404003,51.598361],[-0.403362,51.598159],[-0.402713,51.597968],[-0.402057,51.597787],[-0.401541,51.597654],[-0.40102,51.59753],[-0.400493,51.597414],[-0.399962,51.597307],[-0.398988,51.597137],[-0.397773,51.596948],[-0.394909,51.596533],[-0.391954,51.596103],[-0.390624,51.595896],[-0.38949,51.595702],[-0.388963,51.595602],[-0.38844,51.595494],[-0.387921,51.595379],[-0.387408,51.595254],[-0.386907,51.595123],[-0.386411,51.594985],[-0.385923,51.594837],[-0.385446,51.594676],[-0.385001,51.594501],[-0.384219,51.594175],[-0.381832,51.593159],[-0.375048,51.590232],[-0.368037,51.587208],[-0.365366,51.586069],[-0.364399,51.585665],[-0.363741,51.585399],[-0.362905,51.58508],[-0.36206,51.584769],[-0.360353,51.584167],[-0.358635,51.583576],[-0.356922,51.582979],[-0.355473,51.582485],[-0.353989,51.58197],[-0.352576,51.581496],[-0.351929,51.581293],[-0.35134,51.581123],[-0.350566,51.580926],[-0.349779,51.58075],[-0.348983,51.58059],[-0.348179,51.580446],[-0.347724,51.580374],[-0.347266,51.580311],[-0.346805,51.580256],[-0.346342,51.580208],[-0.345052,51.580094],[-0.343757,51.58],[-0.342459,51.579929],[-0.341158,51.579882],[-0.340671,51.579881],[-0.340183,51.579893],[-0.339696,51.579904],[-0.339209,51.579901],[-0.338635,51.579877],[-0.33835,51.579854],[-0.338209,51.579838],[-0.33807,51.579817],[-0.337896,51.579785],[-0.337705,51.579742],[-0.337279,51.579634],[-0.336296,51.579352],[-0.335227,51.579046],[-0.334694,51.578907],[-0.334179,51.578789],[-0.333889,51.578731],[-0.333596,51.578679],[-0.3333,51.578637],[-0.333,51.578609],[-0.332897,51.578604],[-0.332771,51.5786],[-0.332453,51.578597],[-0.331587,51.578605],[-0.329193,51.578658],[-0.326407,51.578722],[-0.32505,51.578742],[-0.323816,51.578747],[-0.322302,51.578738],[-0.32072,51.578719],[-0.319967,51.578702],[-0.319275,51.57868],[-0.318668,51.578652],[-0.318172,51.578616],[-0.317692,51.578564],[-0.31713,51.57849],[-0.316504,51.578397],[-0.315835,51.57829],[-0.314448,51.578045],[-0.313125,51.577785],[-0.312145,51.577567],[-0.311177,51.577328],[-0.310221,51.577071],[-0.309275,51.5768],[-0.308325,51.576505],[-0.307175,51.576125],[-0.304457,51.575193],[-0.301483,51.574171],[-0.300012,51.573678],[-0.298613,51.573223],[-0.297608,51.57292],[-0.296593,51.572629],[-0.295582,51.572334],[-0.295082,51.572179],[-0.294589,51.572017],[-0.293898,51.571764],[-0.293226,51.571492],[-0.292415,51.571144],[-0.291616,51.570786],[-0.290827,51.570418],[-0.29005,51.570042],[-0.289467,51.569754],[-0.28889,51.569461],[-0.2884466,51.5692232]],[[-0.075732,51.514243],[-0.076154,51.514692],[-0.076372,51.514913],[-0.076489,51.51502],[-0.076614,51.515124],[-0.076843,51.515293],[-0.077088,51.515454],[-0.077345,51.515607],[-0.077611,51.515754],[-0.077855,51.515879],[-0.078108,51.515997],[-0.078368,51.516109],[-0.078635,51.516214],[-0.079154,51.516402],[-0.079686,51.516578],[-0.080228,51.516739],[-0.080783,51.516882],[-0.081049,51.516941],[-0.081377,51.517005],[-0.082193,51.517149],[-0.084282,51.517487],[-0.086634,51.517869],[-0.087779,51.518068],[-0.088835,51.518269],[-0.089924,51.518501],[-0.091088,51.518767],[-0.093452,51.519338],[-0.095548,51.519847],[-0.096379,51.520036],[-0.096719,51.520107],[-0.097002,51.520159],[-0.097197,51.520189],[-0.097395,51.520215],[-0.097594,51.520233],[-0.097794,51.520244],[-0.09827,51.52025],[-0.098746,51.520238],[-0.09922,51.520207],[-0.099688,51.520156],[-0.09985,51.520132],[-0.100016,51.520102],[-0.100355,51.520029],[-0.10103,51.519856],[-0.101652,51.519697],[-0.101792,51.519666],[-0.101923,51.519641],[-0.102045,51.519622],[-0.102102,51.519615],[-0.102157,51.51961],[-0.102289,51.519604],[-0.102421,51.519603],[-0.102553,51.519608],[-0.102686,51.519617],[-0.102949,51.519646],[-0.103208,51.519684],[-0.103394,51.519718],[-0.103576,51.519761],[-0.103753,51.519811],[-0.103925,51.519867],[-0.104087,51.519927],[-0.104244,51.519992],[-0.104394,51.520064],[-0.104536,51.520141],[-0.104651,51.520213],[-0.104758,51.52029],[-0.104859,51.520371],[-0.104953,51.520454],[-0.105213,51.520713],[-0.105464,51.520997],[-0.105936,51.521587],[-0.106366,51.522127],[-0.106565,51.522348],[-0.106659,51.522442],[-0.106751,51.522521],[-0.106848,51.522594],[-0.106958,51.522669],[-0.107212,51.522823],[-0.107811,51.523147],[-0.108454,51.523487],[-0.108762,51.523661],[-0.109046,51.523837],[-0.10926,51.523984],[-0.109466,51.524136],[-0.109861,51.524448],[-0.110254,51.524762],[-0.110665,51.525066],[-0.111722,51.525777],[-0.112808,51.526472],[-0.113912,51.527156],[-0.115027,51.527833],[-0.116027,51.52844],[-0.117079,51.529071],[-0.117586,51.529367],[-0.11806,51.529634],[-0.118486,51.529862],[-0.11885,51.530039],[-0.119065,51.530129],[-0.119288,51.530211],[-0.119519,51.530286],[-0.119755,51.530353],[-0.120065,51.530433],[-0.120382,51.530506],[-0.120704,51.530565],[-0.120867,51.530589],[-0.121032,51.530607],[-0.121234,51.530621],[-0.121438,51.530626],[-0.121539,51.530624],[-0.121641,51.53062],[-0.121742,51.530613],[-0.121842,51.530603],[-0.121979,51.530585],[-0.122115,51.530562],[-0.122249,51.530535],[-0.122381,51.530505],[-0.12264,51.530436],[-0.122892,51.530357],[-0.123057,51.530299],[-0.123221,51.530236],[-0.123552,51.530094],[-0.12422,51.529774],[-0.124905,51.529443],[-0.125256,51.529289],[-0.125614,51.529149],[-0.125753,51.529102],[-0.125896,51.52906],[-0.126188,51.528982],[-0.126482,51.528906],[-0.126626,51.528865],[-0.126768,51.528821],[-0.127344,51.528623],[-0.12791,51.528415],[-0.129026,51.527979],[-0.130136,51.527538],[-0.130696,51.527322],[-0.131262,51.527113],[-0.132468,51.526683],[-0.133681,51.526261],[-0.134905,51.525853],[-0.136146,51.525464],[-0.136939,51.525232],[-0.137741,51.525013],[-0.138551,51.524804],[-0.139367,51.524605],[-0.140309,51.524383],[-0.141291,51.524161],[-0.141765,51.524061],[-0.142212,51.523974],[-0.142619,51.523904],[-0.142973,51.523856],[-0.143138,51.523841],[-0.143308,51.52383],[-0.143664,51.523821],[-0.144417,51.52383],[-0.145191,51.523839],[-0.145575,51.52383],[-0.145763,51.52382],[-0.145949,51.523805],[-0.14633,51.52376],[-0.146707,51.523701],[-0.14745,51.523555],[-0.148192,51.523404],[-0.148566,51.523337],[-0.148944,51.523282],[-0.149369,51.523235],[-0.149797,51.523199],[-0.150658,51.523145],[-0.151518,51.52309],[-0.151946,51.523054],[-0.152371,51.523007],[-0.152787,51.522945],[-0.15323,51.522866],[-0.154128,51.522687],[-0.154927,51.522531],[-0.155246,51.522482],[-0.155378,51.522467],[-0.155436,51.522463],[-0.155489,51.522461],[-0.155571,51.522461],[-0.155652,51.522465],[-0.155734,51.522472],[-0.155814,51.522483],[-0.155894,51.522496],[-0.155973,51.522511],[-0.15605,51.522529],[-0.156126,51.522548],[-0.156218,51.522575],[-0.156308,51.522605],[-0.156395,51.522638],[-0.156479,51.522674],[-0.156641,51.522752],[-0.156792,51.522838],[-0.15687,51.522888],[-0.156945,51.522941],[-0.157084,51.523051],[-0.157338,51.523284],[-0.157585,51.523521],[-0.157717,51.523635],[-0.157859,51.523744],[-0.158032,51.523858],[-0.158213,51.523967],[-0.15859,51.524176],[-0.159524,51.524678],[-0.160473,51.525169],[-0.162399,51.526132],[-0.164323,51.527095],[-0.1650219,51.5274566]],[[-0.1759575,51.5363915],[-0.175979,51.536522],[-0.175992,51.53668],[-0.175999,51.536997],[-0.175983,51.537473],[-0.175936,51.537949],[-0.175874,51.538352],[-0.175797,51.538753],[-0.175619,51.539555],[-0.175442,51.540357],[-0.175368,51.540758],[-0.175309,51.541161],[-0.175262,51.541575],[-0.175227,51.54199],[-0.175213,51.542404],[-0.175228,51.542819],[-0.175255,51.543122],[-0.175296,51.543425],[-0.175365,51.543725],[-0.175414,51.543874],[-0.175475,51.54402],[-0.175542,51.544146],[-0.175625,51.544269],[-0.175722,51.544387],[-0.175832,51.544501],[-0.175919,51.544579],[-0.176014,51.544652],[-0.176118,51.544722],[-0.176229,51.544786],[-0.176343,51.544844],[-0.176462,51.544898],[-0.176711,51.544998],[-0.177233,51.545178],[-0.1773274,51.5452106]],[[-0.2034015,51.5467138],[-0.203666,51.546733],[-0.2039102,51.5467518]],[[-0.2749541,51.5622601],[-0.275219,51.562311],[-0.276196,51.562483],[-0.27705,51.56264],[-0.277369,51.562711],[-0.277491,51.562744],[-0.277541,51.56276],[-0.277583,51.562776],[-0.277637,51.5628],[-0.277689,51.562825],[-0.277739,51.562852],[-0.277786,51.562881],[-0.277876,51.562942],[-0.277961,51.563006],[-0.278123,51.56314],[-0.278206,51.563206],[-0.278292,51.56327]],[[-0.446245,51.638745],[-0.446297,51.638741],[-0.446349,51.638735],[-0.446452,51.638724],[-0.446504,51.638719],[-0.446556,51.638717],[-0.446582,51.638716],[-0.446607,51.638716],[-0.446633,51.638717],[-0.446659,51.638719],[-0.446713,51.638725],[-0.446774,51.638734],[-0.446919,51.638762],[-0.447285,51.638846],[-0.448243,51.639102],[-0.449337,51.639402],[-0.449874,51.639542],[-0.450373,51.639663],[-0.451264,51.639856],[-0.452167,51.640025],[-0.453317,51.640214],[-0.454675,51.640424],[-0.456151,51.640642],[-0.457654,51.640857],[-0.459094,51.641056],[-0.460382,51.641225],[-0.461427,51.641353],[-0.462139,51.641426],[-0.462491,51.641448],[-0.462844,51.64146],[-0.463552,51.641458],[-0.46396,51.641447],[-0.464368,51.641428],[-0.464774,51.641399],[-0.465177,51.641358],[-0.465845,51.641262],[-0.466712,51.641114],[-0.468745,51.640736],[-0.470683,51.640375],[-0.47143,51.640248],[-0.471716,51.640206],[-0.471833,51.640191],[-0.471931,51.640181],[-0.472274,51.640159],[-0.472619,51.640152],[-0.472964,51.640159],[-0.473307,51.64018],[-0.473718,51.640222],[-0.474125,51.640282],[-0.474525,51.640357],[-0.474917,51.640445],[-0.475126,51.640501],[-0.47533,51.640565],[-0.475724,51.640709],[-0.476019,51.640831],[-0.476306,51.64096],[-0.476585,51.641095],[-0.476855,51.641237],[-0.477407,51.641555],[-0.478059,51.641958],[-0.47958,51.642938],[-0.48124,51.644013],[-0.482067,51.644535],[-0.482864,51.645019],[-0.483515,51.645398],[-0.483849,51.645582],[-0.484192,51.645759],[-0.484667,51.645989],[-0.485153,51.646211],[-0.485648,51.646424],[-0.486155,51.646626],[-0.486719,51.646836],[-0.487294,51.647035],[-0.48788,51.647222],[-0.488475,51.647396],[-0.489464,51.647656],[-0.490468,51.647894],[-0.491484,51.648112],[-0.49251,51.648309],[-0.493293,51.648442],[-0.494167,51.648576],[-0.496106,51.648845],[-0.498157,51.649113],[-0.500152,51.649382],[-0.502867,51.649829],[-0.505716,51.650292],[-0.508297,51.650724],[-0.509361,51.650915],[-0.510207,51.651082],[-0.510788,51.651212],[-0.511362,51.651354],[-0.511929,51.651506],[-0.512488,51.651669],[-0.513117,51.651866],[-0.513736,51.652076],[-0.514345,51.652296],[-0.514944,51.652527],[-0.515521,51.652764],[-0.516086,51.653011],[-0.516641,51.653268],[-0.517184,51.653534],[-0.517649,51.653776],[-0.518103,51.654026],[-0.518986,51.654542],[-0.519569,51.6549],[-0.520317,51.655371],[-0.522208,51.656586],[-0.526848,51.659609],[-0.531267,51.66249],[-0.532881,51.663526],[-0.53345,51.663882],[-0.533825,51.664106],[-0.534281,51.664356],[-0.53475,51.664597],[-0.535232,51.664827],[-0.535728,51.665045],[-0.536448,51.665336],[-0.537186,51.665611],[-0.537942,51.665867],[-0.538714,51.666102],[-0.539521,51.66632],[-0.540343,51.666516],[-0.541178,51.66669],[-0.542024,51.666839],[-0.542636,51.666926],[-0.543255,51.666994],[-0.543878,51.667047],[-0.544503,51.667088],[-0.545096,51.667116],[-0.54569,51.667132],[-0.546285,51.667137],[-0.54688,51.667131],[-0.547556,51.66711],[-0.548231,51.667076],[-0.549579,51.666983],[-0.550927,51.666893],[-0.551602,51.666861],[-0.552278,51.666845],[-0.552664,51.666846],[-0.55305,51.666855],[-0.553436,51.666872],[-0.55382,51.666896],[-0.554353,51.666941],[-0.554884,51.666996],[-0.555412,51.667062],[-0.555936,51.667136],[-0.557074,51.667327],[-0.558765,51.667635],[-0.563297,51.668496],[-0.56851,51.669501],[-0.573383,51.670434],[-0.575319,51.670804],[-0.577321,51.67118],[-0.579192,51.671545],[-0.580017,51.671719],[-0.580736,51.671885],[-0.581284,51.672028],[-0.581551,51.67211],[-0.581808,51.672202],[-0.582207,51.672368],[-0.58259,51.672548],[-0.582955,51.672742],[-0.583298,51.67295],[-0.583588,51.673155],[-0.583853,51.673374],[-0.584101,51.6736],[-0.584338,51.673831],[-0.584615,51.674129],[-0.584855,51.674439],[-0.584974,51.674633],[-0.585068,51.674832],[-0.585179,51.675151],[-0.585219,51.675312],[-0.585246,51.675474],[-0.58526,51.675622],[-0.585264,51.675771],[-0.585255,51.67592],[-0.585232,51.676068],[-0.585185,51.676257],[-0.585121,51.676445],[-0.585039,51.67663],[-0.584938,51.676811],[-0.58489,51.676883],[-0.584837,51.676954],[-0.58472,51.677092],[-0.584462,51.677361],[-0.584307,51.677511],[-0.584142,51.677657],[-0.583798,51.677945],[-0.583463,51.678235],[-0.583308,51.678384],[-0.583166,51.678539],[-0.582971,51.678787],[-0.582799,51.679042],[-0.58265,51.679302],[-0.582527,51.679567],[-0.582474,51.679712],[-0.582435,51.67986],[-0.582409,51.680008],[-0.582398,51.680157],[-0.582401,51.680305],[-0.582418,51.680454],[-0.582449,51.680601],[-0.582495,51.680747],[-0.582605,51.681016],[-0.58274,51.681281],[-0.582903,51.681539],[-0.582997,51.681665],[-0.5831,51.681788],[-0.58318,51.681873],[-0.583265,51.681957],[-0.583453,51.682117],[-0.583658,51.682269],[-0.583878,51.682413],[-0.584094,51.682537],[-0.584324,51.682652],[-0.584564,51.682759],[-0.584811,51.682859],[-0.585046,51.682945],[-0.585289,51.683024],[-0.585788,51.683164],[-0.586057,51.683226],[-0.586332,51.68328],[-0.58689,51.683373],[-0.587442,51.683475],[-0.58771,51.683537],[-0.587841,51.683573],[-0.587969,51.683613],[-0.588164,51.683681],[-0.588354,51.683755],[-0.588718,51.683918],[-0.589063,51.684097],[-0.589389,51.684288],[-0.589541,51.684389],[-0.589683,51.684496],[-0.589814,51.684609],[-0.589938,51.684724],[-0.590055,51.684843],[-0.590164,51.684965],[-0.590262,51.685091],[-0.590348,51.68522],[-0.590436,51.685384],[-0.590508,51.685551],[-0.590625,51.685891],[-0.590737,51.686232],[-0.590805,51.6864],[-0.590887,51.686566],[-0.590979,51.686722],[-0.591081,51.686875],[-0.591195,51.687025],[-0.591322,51.68717],[-0.591522,51.687371],[-0.591734,51.687567],[-0.592187,51.687948],[-0.592662,51.688319],[-0.593142,51.688687],[-0.593592,51.689043],[-0.594053,51.689404],[-0.594286,51.689577],[-0.594519,51.68974],[-0.594751,51.689888],[-0.594981,51.690018],[-0.59514,51.690097],[-0.595304,51.690171],[-0.595648,51.690307],[-0.596008,51.690427],[-0.596377,51.690534],[-0.59657,51.690581],[-0.596798,51.69063],[-0.597341,51.69073],[-0.59865,51.690942],[-0.600013,51.691163],[-0.600623,51.691275],[-0.601138,51.691388],[-0.601503,51.691482],[-0.601862,51.691585],[-0.602208,51.691702],[-0.602374,51.691767],[-0.602534,51.691838],[-0.602602,51.691872],[-0.60269,51.69192],[-0.602918,51.692052],[-0.603553,51.692441],[-0.604355,51.692951],[-0.605243,51.693529],[-0.606133,51.694119],[-0.606944,51.694668],[-0.607594,51.695121],[-0.607833,51.695296],[-0.608,51.695426],[-0.608214,51.695611],[-0.608412,51.695803],[-0.608589,51.696002],[-0.608668,51.696105],[-0.60874,51.696209],[-0.608835,51.696375],[-0.60891,51.696545],[-0.608966,51.696718],[-0.609003,51.696893],[-0.60901,51.696955],[-0.609015,51.697029],[-0.609017,51.697212],[-0.608994,51.697687],[-0.608889,51.6989],[-0.608784,51.700111],[-0.608762,51.700585],[-0.608764,51.700765],[-0.608768,51.700839],[-0.608776,51.7009],[-0.608802,51.701018],[-0.608842,51.701135],[-0.608894,51.701249],[-0.608957,51.701362],[-0.608997,51.701421],[-0.609044,51.701479],[-0.609095,51.701535],[-0.609151,51.70159],[-0.609316,51.701733],[-0.609494,51.701871],[-0.609871,51.702136],[-0.610245,51.702403],[-0.610419,51.702542],[-0.610577,51.702688],[-0.61071,51.702832],[-0.610828,51.702981],[-0.61093,51.703134],[-0.611018,51.70329],[-0.611089,51.703453],[-0.611144,51.703618],[-0.611214,51.703953],[-0.611224,51.704043],[-0.611226,51.704132],[-0.61122,51.704312],[-0.611207,51.704494],[-0.611195,51.704585],[-0.611177,51.704675],[-0.611121,51.704857],[-0.61105,51.705038],[-0.610899,51.705398]]]}},{"type":"Feature","properties":{"r":"UK","g":"uk","col":"#ff4aba","n":"Metropolitan line","ct":"伦敦","jk":"subway","nz":"大都会线","off":-0.5},"geometry":{"type":"MultiLineString","coordinates":[[[-0.1684306,51.5295358],[-0.169135,51.530101],[-0.16988,51.530724],[-0.170635,51.531342],[-0.172099,51.532559],[-0.173293,51.5335432]],[[-0.1807979,51.547128],[-0.180851,51.547147],[-0.181114,51.547228],[-0.181387,51.547297],[-0.181668,51.547352],[-0.181954,51.547392],[-0.182057,51.547402],[-0.18216,51.547408],[-0.182368,51.547412],[-0.182577,51.547408],[-0.182785,51.547399],[-0.18332,51.547362],[-0.183898,51.547305],[-0.185145,51.547154],[-0.186449,51.54699],[-0.187097,51.546916],[-0.18773,51.546854],[-0.188918,51.546757],[-0.190212,51.546659],[-0.192867,51.546479],[-0.194102,51.546405],[-0.195192,51.546348],[-0.196075,51.546311],[-0.196687,51.546299],[-0.196989,51.546306],[-0.197427,51.546325],[-0.198639,51.546391],[-0.200179,51.546488],[-0.2011119,51.5465513]],[[-0.2061984,51.5469339],[-0.206738,51.546979],[-0.207757,51.547077],[-0.208667,51.547189],[-0.209809,51.547348],[-0.212577,51.547764],[-0.215632,51.548239],[-0.218543,51.548684],[-0.225576,51.549777],[-0.233024,51.550928],[-0.239642,51.551964],[-0.242253,51.552385],[-0.24419,51.552713],[-0.244963,51.552853],[-0.245734,51.552999],[-0.2465,51.553154],[-0.24726,51.553319],[-0.248046,51.553503],[-0.248827,51.553695],[-0.250379,51.554096],[-0.251924,51.554508],[-0.253472,51.554914],[-0.254739,51.555264],[-0.25601,51.55561],[-0.257274,51.555964],[-0.2579,51.556148],[-0.258522,51.556339],[-0.259547,51.55667],[-0.260561,51.557015],[-0.261563,51.557373],[-0.262554,51.557743],[-0.263304,51.558037],[-0.264044,51.55834],[-0.265506,51.558964],[-0.266965,51.559591],[-0.267701,51.559898],[-0.268445,51.560198],[-0.269279,51.560527],[-0.270118,51.560852],[-0.270968,51.561165],[-0.271836,51.561458],[-0.2721404,51.5615508]]]}},{"type":"Feature","properties":{"r":"UK","g":"uk","col":"#ff4aba","n":"Metropolitan line","ct":"伦敦","jk":"subway","nz":"大都会线","off":-0.375},"geometry":{"type":"MultiLineString","coordinates":[[[-0.1673496,51.5287561],[-0.167565,51.528897],[-0.167975,51.529189],[-0.168371,51.529488],[-0.1684306,51.5295358]],[[-0.173293,51.5335432],[-0.173698,51.533877],[-0.1743173,51.5343967]],[[-0.1795841,51.5465802],[-0.17962,51.546601],[-0.180009,51.546802],[-0.180419,51.546985],[-0.180633,51.547069],[-0.1807979,51.547128]],[[-0.2011119,51.5465513],[-0.2018753,51.5466031]],[[-0.2054359,51.5468702],[-0.2061984,51.5469339]],[[-0.2721404,51.5615508],[-0.272443,51.561643],[-0.273059,51.561815],[-0.2730704,51.5618179]]]}},{"type":"Feature","properties":{"r":"UK","g":"uk","col":"#ff4aba","n":"Metropolitan line","ct":"伦敦","jk":"subway","nz":"大都会线","off":-0.25},"geometry":{"type":"MultiLineString","coordinates":[[[-0.1661977,51.5280851],[-0.166205,51.528089],[-0.166903,51.528482],[-0.167241,51.528685],[-0.1673496,51.5287561]],[[-0.1743173,51.5343967],[-0.175028,51.534993],[-0.1753316,51.535262]],[[-0.1785218,51.5457828],[-0.17874,51.545974],[-0.17898,51.546189],[-0.179109,51.546291],[-0.179178,51.54634],[-0.179251,51.546387],[-0.1795841,51.5465802]],[[-0.2018753,51.5466031],[-0.201903,51.546605],[-0.2026384,51.5466584]],[[-0.2046731,51.5468107],[-0.205326,51.546861],[-0.2054359,51.5468702]],[[-0.2730704,51.5618179],[-0.273684,51.561975],[-0.2740089,51.5620534]]]}},{"type":"Feature","properties":{"r":"UK","g":"uk","col":"#ff4aba","n":"Metropolitan line","ct":"伦敦","jk":"subway","nz":"大都会线","off":-0.125},"geometry":{"type":"MultiLineString","coordinates":[[[-0.1650219,51.5274566],[-0.165272,51.527586],[-0.1661977,51.5280851]],[[-0.1753316,51.535262],[-0.175467,51.535382],[-0.175608,51.535517],[-0.175656,51.535568],[-0.175674,51.535589],[-0.175688,51.535607],[-0.175746,51.535697],[-0.175794,51.535789],[-0.175833,51.535882],[-0.175865,51.535978],[-0.175913,51.536171],[-0.175953,51.536364],[-0.1759575,51.5363915]],[[-0.1773274,51.5452106],[-0.177751,51.545357],[-0.177993,51.545457],[-0.178107,51.545511],[-0.178216,51.545569],[-0.178291,51.545614],[-0.178363,51.545661],[-0.178497,51.545761],[-0.1785218,51.5457828]],[[-0.2026384,51.5466584],[-0.2034015,51.5467138]],[[-0.2039102,51.5467518],[-0.2046731,51.5468107]],[[-0.2740089,51.5620534],[-0.274314,51.562127],[-0.274745,51.56222],[-0.2749541,51.5622601]]]}},{"type":"Feature","properties":{"r":"UK","g":"uk","col":"#ff4aba","n":"Metropolitan line","ct":"伦敦","jk":"subway","nz":"大都会线","off":0.125},"geometry":{"type":"MultiLineString","coordinates":[[[-0.3664266,51.574928],[-0.365998,51.574966],[-0.365418,51.575035],[-0.3651026,51.5750823]],[[-0.2884466,51.5692232],[-0.288327,51.569159],[-0.287787,51.568841],[-0.287527,51.568671],[-0.2873149,51.5685202]]]}},{"type":"Feature","properties":{"r":"UK","g":"uk","col":"#ff4aba","n":"Metropolitan line","ct":"伦敦","jk":"subway","nz":"大都会线","off":0.25},"geometry":{"type":"MultiLineString","coordinates":[[[-0.3677579,51.5748602],[-0.367173,51.574878],[-0.366584,51.574914],[-0.3664266,51.574928]],[[-0.2873149,51.5685202],[-0.287278,51.568494],[-0.286806,51.568126],[-0.286517,51.567882],[-0.2862862,51.567673]]]}},{"type":"Feature","properties":{"r":"UK","g":"uk","col":"#ff4aba","n":"Metropolitan line","ct":"伦敦","jk":"subway","nz":"大都会线","off":0.375},"geometry":{"type":"MultiLineString","coordinates":[[[-0.3690905,51.5748923],[-0.368786,51.574875],[-0.368275,51.57486],[-0.367763,51.57486],[-0.3677579,51.5748602]],[[-0.2862862,51.567673],[-0.286241,51.567632],[-0.285709,51.567122],[-0.2853194,51.5667549]]]}},{"type":"Feature","properties":{"r":"UK","g":"uk","col":"#ff4aba","n":"Metropolitan line","ct":"伦敦","jk":"subway","nz":"大都会线","off":0.5},"geometry":{"type":"MultiLineString","coordinates":[[[-0.477822,51.54665],[-0.477112,51.546899],[-0.476406,51.547152],[-0.475693,51.547396],[-0.475331,51.547511],[-0.474963,51.547619],[-0.474622,51.54771],[-0.474275,51.547792],[-0.473924,51.547866],[-0.473568,51.547931],[-0.473089,51.547997],[-0.472602,51.54804],[-0.472211,51.548058],[-0.471816,51.548064],[-0.471022,51.548057],[-0.470237,51.548056],[-0.469853,51.548069],[-0.469477,51.548097],[-0.4691,51.54814],[-0.468711,51.548193],[-0.468315,51.548257],[-0.467914,51.548328],[-0.467113,51.548492],[-0.466332,51.548674],[-0.465929,51.548785],[-0.465239,51.548989],[-0.463164,51.549623],[-0.460437,51.55047],[-0.457387,51.551427],[-0.454346,51.552391],[-0.451643,51.553256],[-0.449608,51.553918],[-0.448944,51.554142],[-0.448571,51.554275],[-0.448247,51.554411],[-0.447934,51.554558],[-0.447334,51.554872],[-0.446826,51.555163],[-0.446584,51.555316],[-0.446352,51.555475],[-0.44596,51.555766],[-0.445585,51.556066],[-0.445231,51.556376],[-0.444901,51.556695],[-0.444641,51.556973],[-0.4444,51.557258],[-0.444182,51.557549],[-0.443988,51.557847],[-0.443813,51.558177],[-0.44367,51.558513],[-0.443423,51.559193],[-0.443328,51.559491],[-0.443246,51.55979],[-0.443159,51.560089],[-0.44305,51.560385],[-0.442925,51.560656],[-0.442785,51.560925],[-0.44263,51.56119],[-0.442457,51.561451],[-0.442246,51.561739],[-0.442018,51.562023],[-0.44177,51.5623],[-0.4415,51.562568],[-0.441145,51.562883],[-0.440765,51.563186],[-0.440362,51.563479],[-0.439939,51.563759],[-0.439618,51.563951],[-0.439282,51.564132],[-0.438582,51.564476],[-0.43758,51.564935],[-0.436139,51.565571],[-0.434387,51.566331],[-0.432453,51.56716],[-0.430465,51.568002],[-0.428551,51.568804],[-0.426838,51.569511],[-0.425456,51.570068],[-0.424734,51.570354],[-0.424007,51.570636],[-0.423267,51.570904],[-0.42289,51.571028],[-0.422506,51.571146],[-0.421879,51.571314],[-0.421237,51.571463],[-0.420588,51.571598],[-0.419936,51.571728],[-0.419315,51.571842],[-0.418688,51.571945],[-0.418062,51.572048],[-0.41744,51.572161],[-0.415808,51.572504],[-0.413599,51.572993],[-0.40824,51.574211],[-0.402953,51.575413],[-0.400834,51.575883],[-0.399992,51.576062],[-0.399329,51.576197],[-0.398461,51.576361],[-0.397588,51.576516],[-0.396709,51.576657],[-0.395825,51.576783],[-0.39499,51.576885],[-0.39415,51.576973],[-0.393307,51.577047],[-0.392462,51.57711],[-0.391597,51.577164],[-0.39073,51.577206],[-0.389862,51.577235],[-0.388993,51.577247],[-0.387904,51.577242],[-0.386816,51.577219],[-0.38573,51.577174],[-0.384647,51.577106],[-0.383929,51.577047],[-0.383198,51.576976],[-0.382456,51.576895],[-0.381707,51.576807],[-0.380203,51.576613],[-0.378714,51.576407],[-0.377527,51.576229],[-0.376249,51.576021],[-0.373644,51.575572],[-0.371347,51.575176],[-0.370453,51.575034],[-0.370094,51.574984],[-0.369803,51.574949],[-0.369296,51.574904],[-0.3690905,51.5748923]],[[-0.2853194,51.5667549],[-0.285172,51.566616],[-0.284889,51.566369],[-0.284591,51.566129],[-0.284196,51.565839],[-0.283783,51.565558],[-0.283352,51.565287],[-0.282905,51.565028],[-0.282586,51.564858],[-0.282256,51.564695],[-0.281916,51.564541],[-0.281568,51.564394],[-0.280726,51.564071],[-0.279864,51.563768],[-0.278986,51.563483],[-0.278099,51.563209],[-0.277874,51.563146],[-0.277645,51.563089],[-0.27718,51.562984],[-0.276722,51.562871],[-0.276501,51.562805],[-0.276288,51.562729],[-0.276209,51.562695],[-0.276135,51.562659],[-0.275993,51.562579],[-0.275717,51.562413]]]}},{"type":"Feature","properties":{"r":"UK","g":"uk","col":"#93ceba","n":"Waterloo & City line","ct":"伦敦","jk":"subway","nz":"滑铁卢及城市线"},"geometry":{"type":"LineString","coordinates":[[-0.11282,51.502658],[-0.112981,51.502731],[-0.113154,51.502805],[-0.113508,51.502953],[-0.113674,51.503026],[-0.113822,51.503099],[-0.113887,51.503136],[-0.113945,51.503172],[-0.113971,51.503191],[-0.113995,51.503209],[-0.114016,51.503227],[-0.114035,51.503245],[-0.114064,51.503277],[-0.114091,51.503311],[-0.114114,51.503345],[-0.114134,51.50338],[-0.114151,51.503416],[-0.114166,51.503452],[-0.114188,51.503527],[-0.114203,51.503602],[-0.114211,51.503679],[-0.114213,51.50383],[-0.114208,51.503912],[-0.114196,51.503995],[-0.114178,51.504077],[-0.114152,51.504158],[-0.114121,51.504239],[-0.114081,51.504318],[-0.114035,51.504395],[-0.113981,51.50447],[-0.113927,51.504532],[-0.113867,51.504593],[-0.1138,51.50465],[-0.113729,51.504706],[-0.113652,51.50476],[-0.113573,51.504811],[-0.113405,51.504908],[-0.113342,51.50494],[-0.113263,51.504977],[-0.113063,51.505062],[-0.112524,51.505273],[-0.111133,51.50578],[-0.109795,51.506267],[-0.109321,51.506453],[-0.109163,51.506522],[-0.109108,51.506549],[-0.109087,51.506561],[-0.10907,51.506572],[-0.109049,51.506587],[-0.109029,51.506603],[-0.108992,51.506637],[-0.108959,51.506672],[-0.10893,51.506709],[-0.108904,51.506747],[-0.108882,51.506786],[-0.108843,51.506864],[-0.108829,51.5069],[-0.108818,51.506936],[-0.108804,51.507009],[-0.108798,51.507083],[-0.108795,51.507157],[-0.10879,51.507306],[-0.108781,51.507379],[-0.108773,51.507416],[-0.108762,51.507452],[-0.108709,51.507597],[-0.108643,51.50774],[-0.108561,51.507879],[-0.108513,51.507947],[-0.108459,51.508013],[-0.10842,51.508055],[-0.108378,51.508095],[-0.108285,51.508173],[-0.108184,51.508247],[-0.108077,51.508317],[-0.107979,51.508375],[-0.107875,51.50843],[-0.107657,51.508533],[-0.107439,51.508636],[-0.107335,51.508691],[-0.107236,51.508749],[-0.106967,51.508931],[-0.106715,51.509124],[-0.106238,51.509521],[-0.105892,51.509819],[-0.105728,51.509972],[-0.105576,51.510129],[-0.105446,51.510284],[-0.105328,51.510443],[-0.105114,51.510769],[-0.104893,51.511091],[-0.104768,51.511248],[-0.104627,51.511399],[-0.104495,51.511522],[-0.104352,51.511641],[-0.104276,51.511698],[-0.104195,51.511752],[-0.104109,51.511803],[-0.104019,51.511851],[-0.103944,51.511886],[-0.103866,51.511918],[-0.103785,51.511948],[-0.103701,51.511976],[-0.103616,51.512001],[-0.103528,51.512023],[-0.10344,51.512043],[-0.10335,51.51206],[-0.103203,51.512082],[-0.103053,51.512099],[-0.102902,51.512111],[-0.10275,51.512118],[-0.102444,51.512124],[-0.102138,51.512124],[-0.101657,51.512115],[-0.101177,51.512092],[-0.100218,51.512022],[-0.099261,51.511947],[-0.098781,51.511916],[-0.0983,51.511896],[-0.097802,51.511882],[-0.097303,51.511873],[-0.096805,51.511876],[-0.096309,51.5119],[-0.095878,51.511937],[-0.095431,51.511985],[-0.094972,51.512042],[-0.094504,51.512109],[-0.093564,51.512263],[-0.092646,51.512437],[-0.092271,51.512523],[-0.091904,51.51262],[-0.091173,51.512823]]}},{"type":"Feature","properties":{"r":"UK","g":"uk","col":"#949699","n":"Jubilee line","ct":"伦敦","jk":"subway","nz":"银禧线"},"geometry":{"type":"MultiLineString","coordinates":[[[-0.302545,51.619062],[-0.300621,51.616568],[-0.29857,51.613927],[-0.296772,51.611581],[-0.296085,51.610656],[-0.295602,51.60997],[-0.295406,51.609653],[-0.295236,51.609331],[-0.295107,51.609041],[-0.294992,51.608748],[-0.294771,51.608161],[-0.293897,51.60541],[-0.292969,51.602455],[-0.292149,51.599907],[-0.29183,51.598978],[-0.291598,51.59838],[-0.291455,51.598075],[-0.291296,51.597773],[-0.291118,51.597475],[-0.290915,51.597184],[-0.290701,51.596915],[-0.290467,51.596653],[-0.290212,51.596399],[-0.289936,51.596153],[-0.289704,51.595968],[-0.289457,51.595791],[-0.289195,51.595621],[-0.28892,51.595461],[-0.288506,51.595249],[-0.287982,51.595007],[-0.286714,51.594457],[-0.285324,51.593859],[-0.284649,51.593558],[-0.284023,51.593262],[-0.28361,51.593054],[-0.28341,51.592945],[-0.283217,51.592832],[-0.282779,51.592543],[-0.282574,51.592392],[-0.282381,51.592234],[-0.282032,51.591922],[-0.281637,51.591547],[-0.281217,51.591131],[-0.280789,51.590693],[-0.280374,51.590254],[-0.279991,51.589834],[-0.279661,51.589452],[-0.279401,51.589131],[-0.279188,51.588833],[-0.278999,51.588529],[-0.278832,51.58822],[-0.278687,51.587907],[-0.278545,51.587549],[-0.278427,51.587188],[-0.278337,51.586823],[-0.278278,51.586457],[-0.278262,51.586206],[-0.278267,51.585954],[-0.278291,51.585703],[-0.278329,51.585452],[-0.278418,51.585016],[-0.278545,51.584497],[-0.278701,51.58392],[-0.27888,51.58331],[-0.279073,51.582694],[-0.279272,51.582096],[-0.27947,51.581543],[-0.27966,51.581059],[-0.279795,51.580744],[-0.279945,51.580431],[-0.280115,51.580123],[-0.280315,51.579822],[-0.280528,51.57955],[-0.280764,51.579286],[-0.281023,51.57903],[-0.281303,51.578783],[-0.281553,51.578589],[-0.28182,51.578404],[-0.2821,51.578226],[-0.282388,51.578053],[-0.283084,51.577665],[-0.284016,51.577176],[-0.286219,51.576059],[-0.288255,51.575028],[-0.288978,51.574648],[-0.289225,51.57451],[-0.289315,51.574456],[-0.289381,51.574413],[-0.289572,51.574266],[-0.289745,51.574111],[-0.2899,51.573948],[-0.290037,51.573779],[-0.29014,51.573625],[-0.290226,51.573467],[-0.290296,51.573306],[-0.290351,51.573143],[-0.290387,51.573],[-0.29041,51.572856],[-0.290419,51.572711],[-0.290415,51.572567],[-0.290394,51.572397],[-0.290358,51.572227],[-0.290306,51.572059],[-0.290238,51.571894],[-0.290113,51.571642],[-0.289968,51.571383],[-0.289805,51.57112],[-0.289629,51.570855],[-0.289246,51.570325],[-0.288841,51.569808],[-0.288614,51.569541],[-0.2883922,51.5693028]],[[-0.2739678,51.5622324],[-0.273736,51.56218],[-0.2736177,51.5621488]],[[-0.2039948,51.5469763],[-0.203899,51.546969],[-0.2035166,51.5469352]],[[-0.1772053,51.5454298],[-0.177171,51.545414],[-0.176641,51.545159],[-0.176388,51.545024],[-0.176148,51.544879],[-0.175963,51.544754],[-0.175787,51.544624],[-0.175457,51.544352],[-0.175145,51.544071],[-0.17484,51.543788],[-0.174379,51.543362],[-0.174168,51.543142],[-0.174073,51.543028],[-0.173988,51.542912],[-0.173936,51.54283],[-0.173891,51.542746],[-0.173816,51.542576],[-0.1737,51.542229],[-0.173596,51.541863],[-0.17356,51.541678],[-0.173544,51.541493],[-0.173546,51.541353],[-0.173558,51.541196],[-0.173607,51.540835],[-0.173769,51.539978],[-0.173954,51.539041],[-0.174031,51.538579],[-0.174085,51.538142],[-0.174139,51.537561],[-0.1741456,51.5374648]],[[-0.1670763,51.5258141],[-0.167069,51.52579],[-0.166949,51.525415],[-0.16688,51.525231],[-0.166801,51.525051],[-0.166709,51.524876],[-0.166603,51.524708],[-0.166545,51.524631],[-0.166479,51.524555],[-0.166333,51.52441],[-0.166171,51.524271],[-0.166001,51.524136],[-0.165732,51.52394],[-0.165448,51.523752],[-0.16515,51.523572],[-0.16484,51.523401],[-0.164463,51.523217],[-0.164265,51.523133],[-0.164061,51.523055],[-0.16387,51.522988],[-0.163675,51.522925],[-0.163475,51.522869],[-0.16327,51.522822],[-0.162989,51.522771],[-0.162702,51.522731],[-0.162412,51.522703],[-0.16212,51.522688],[-0.161693,51.522683],[-0.161264,51.522696],[-0.161052,51.52271],[-0.16084,51.522729],[-0.160631,51.522755],[-0.160424,51.522787],[-0.160353,51.522801],[-0.160271,51.522819],[-0.160077,51.522867],[-0.159583,51.523006],[-0.158292,51.523405],[-0.156815,51.523869],[-0.15609,51.52409],[-0.155419,51.524284],[-0.154534,51.52453],[-0.154087,51.524645],[-0.153631,51.524746],[-0.153051,51.524858],[-0.152904,51.52488],[-0.152756,51.524899],[-0.152607,51.524912],[-0.152457,51.52492],[-0.152303,51.524921],[-0.152148,51.524916],[-0.151994,51.524906],[-0.151841,51.524892],[-0.151231,51.524813],[-0.150906,51.524768],[-0.150582,51.524717],[-0.150265,51.524655],[-0.15011,51.524618],[-0.149958,51.524576],[-0.149745,51.524509],[-0.149536,51.524436],[-0.149134,51.524274],[-0.148748,51.524096],[-0.148375,51.523908],[-0.148138,51.523777],[-0.147913,51.523638],[-0.14749,51.523344],[-0.147185,51.523112],[-0.147047,51.52299],[-0.146985,51.522926],[-0.146929,51.52286],[-0.146847,51.522747],[-0.146776,51.522631],[-0.146659,51.522393],[-0.146567,51.52215],[-0.14649,51.521906],[-0.146444,51.52172],[-0.146413,51.521532],[-0.146387,51.521155],[-0.146395,51.520829],[-0.146416,51.520667],[-0.146452,51.520506],[-0.146515,51.52032],[-0.146596,51.520136],[-0.146691,51.519954],[-0.1468,51.519776],[-0.147017,51.519471],[-0.147276,51.519152],[-0.147866,51.518489],[-0.148464,51.517817],[-0.148732,51.517488],[-0.148962,51.517167],[-0.149179,51.516828],[-0.149377,51.516484],[-0.14954,51.516134],[-0.149603,51.515957],[-0.149651,51.515778],[-0.149674,51.515637],[-0.149684,51.515495],[-0.149674,51.515211],[-0.149602,51.514642],[-0.149547,51.514238],[-0.149481,51.513834],[-0.149322,51.513029],[-0.149148,51.512225],[-0.148981,51.51142],[-0.148878,51.510896],[-0.148786,51.51037],[-0.148673,51.509847],[-0.1486,51.509587],[-0.148509,51.50933],[-0.148411,51.509097],[-0.148297,51.508866],[-0.148161,51.50864],[-0.148083,51.50853],[-0.147997,51.508422],[-0.14773,51.508132],[-0.14743,51.507854],[-0.147096,51.507591],[-0.146917,51.507466],[-0.14673,51.507347],[-0.146628,51.507288],[-0.146521,51.507232],[-0.146297,51.507129],[-0.146061,51.507035],[-0.145818,51.506949],[-0.145402,51.506814],[-0.144974,51.506691],[-0.144536,51.506587],[-0.144312,51.506543],[-0.144086,51.506505],[-0.143911,51.506482],[-0.143696,51.506459],[-0.14316,51.506413],[-0.142518,51.506368],[-0.141807,51.506328],[-0.141067,51.506294],[-0.140336,51.506268],[-0.139652,51.506252],[-0.139055,51.506248],[-0.138828,51.506253],[-0.138601,51.506266],[-0.138149,51.506302],[-0.137698,51.506338],[-0.137471,51.506351],[-0.137244,51.506357],[-0.136744,51.50635],[-0.136496,51.506336],[-0.136249,51.506312],[-0.135747,51.506247],[-0.135239,51.506166],[-0.134995,51.506119],[-0.134762,51.506066],[-0.134546,51.506008],[-0.134445,51.505977],[-0.13435,51.505944],[-0.134223,51.505893],[-0.134104,51.505837],[-0.133989,51.505775],[-0.13388,51.50571],[-0.133672,51.505571],[-0.133473,51.505428],[-0.13336,51.505342],[-0.133253,51.505253],[-0.133154,51.50516],[-0.133062,51.505065],[-0.132895,51.504871],[-0.132744,51.504671],[-0.132477,51.504263],[-0.132416,51.504153],[-0.132362,51.50404],[-0.132267,51.503813],[-0.132168,51.503588],[-0.132108,51.503477],[-0.132038,51.503369],[-0.131867,51.503147],[-0.131675,51.50293],[-0.131461,51.502722],[-0.131225,51.502525],[-0.131024,51.502376],[-0.130813,51.502233],[-0.130366,51.50196],[-0.129893,51.501703],[-0.129404,51.50146],[-0.129153,51.501346],[-0.128892,51.501239],[-0.128624,51.501141],[-0.12835,51.501049],[-0.128054,51.500961],[-0.127902,51.500924],[-0.127824,51.500909],[-0.127745,51.500896],[-0.127609,51.500878],[-0.127471,51.500863],[-0.127193,51.500844],[-0.126913,51.500837],[-0.126634,51.50084],[-0.126212,51.500858],[-0.125743,51.500889],[-0.125237,51.500931],[-0.124708,51.500984],[-0.12362,51.501112],[-0.12257,51.501258],[-0.122011,51.501347],[-0.121454,51.501443],[-0.120351,51.501656],[-0.119258,51.50189],[-0.118173,51.502138],[-0.117717,51.50225],[-0.117266,51.50237],[-0.116373,51.502624],[-0.115479,51.502876],[-0.115028,51.502996],[-0.114571,51.503107],[-0.113104,51.503435],[-0.111623,51.50374],[-0.11013,51.504018],[-0.109379,51.504147],[-0.108624,51.504268],[-0.108128,51.504337],[-0.107878,51.504364],[-0.107626,51.504383],[-0.106951,51.504407],[-0.106274,51.504409],[-0.10492,51.504382],[-0.104318,51.504363],[-0.103716,51.504336],[-0.102514,51.504268],[-0.101311,51.504205],[-0.10071,51.504183],[-0.100107,51.504173],[-0.099297,51.504173],[-0.09842,51.504183],[-0.096628,51.504224],[-0.095792,51.504254],[-0.09505,51.504288],[-0.094442,51.504326],[-0.0942,51.504346],[-0.094007,51.504366],[-0.093672,51.504416],[-0.093336,51.504481],[-0.092658,51.504639],[-0.091975,51.504809],[-0.091631,51.504887],[-0.091286,51.504955],[-0.090712,51.505053],[-0.090422,51.505092],[-0.090275,51.505107],[-0.090128,51.505118],[-0.089737,51.505137],[-0.08934,51.505147],[-0.088938,51.505149],[-0.088533,51.505144],[-0.08772,51.505115],[-0.086913,51.505066],[-0.086544,51.505037],[-0.086177,51.504998],[-0.085813,51.504948],[-0.085457,51.504883],[-0.085195,51.504822],[-0.084938,51.504751],[-0.084689,51.504671],[-0.084447,51.504583],[-0.084201,51.504481],[-0.083965,51.504369],[-0.083514,51.504129],[-0.08316,51.503914],[-0.082822,51.503688],[-0.082486,51.503461],[-0.082137,51.503243],[-0.081254,51.502742],[-0.080095,51.502107],[-0.07876,51.501387],[-0.077346,51.500636],[-0.075952,51.499905],[-0.074674,51.499245],[-0.073612,51.49871],[-0.072864,51.498349],[-0.072512,51.498198],[-0.07233,51.498129],[-0.072143,51.498065],[-0.071805,51.497963],[-0.07146,51.49787],[-0.070755,51.497707],[-0.070336,51.497626],[-0.070124,51.497592],[-0.069909,51.497564],[-0.069416,51.497513],[-0.06892,51.497474],[-0.068423,51.497451],[-0.067924,51.497447],[-0.067548,51.497458],[-0.067174,51.49748],[-0.066428,51.497546],[-0.065685,51.497629],[-0.064943,51.497715],[-0.0645,51.497768],[-0.064058,51.497829],[-0.063179,51.497958],[-0.062298,51.498082],[-0.061855,51.498135],[-0.061409,51.498179],[-0.060887,51.49821],[-0.060363,51.49822],[-0.059358,51.498209],[-0.058123,51.498174],[-0.05531,51.498065],[-0.052632,51.49796],[-0.051564,51.49793],[-0.050795,51.497926],[-0.050001,51.497953],[-0.049209,51.498001],[-0.048421,51.498067],[-0.047637,51.498151],[-0.046975,51.498234],[-0.046316,51.49833],[-0.045666,51.498445],[-0.045028,51.498581],[-0.044707,51.498666],[-0.044194,51.498813],[-0.042703,51.499261],[-0.040772,51.499854],[-0.038618,51.500526],[-0.036458,51.501208],[-0.03451,51.501832],[-0.032989,51.502331],[-0.032457,51.502511],[-0.032113,51.502635],[-0.031703,51.502804],[-0.031286,51.502995],[-0.030461,51.503403],[-0.029699,51.503779],[-0.02936,51.50393],[-0.029204,51.503992],[-0.029059,51.504044],[-0.028867,51.504103],[-0.028671,51.504156],[-0.028268,51.504248],[-0.027856,51.504324],[-0.02744,51.504391],[-0.027235,51.50442],[-0.027027,51.504443],[-0.026819,51.50446],[-0.026609,51.504469],[-0.026087,51.504468],[-0.025566,51.504447],[-0.025046,51.504411],[-0.024529,51.504366],[-0.023923,51.504302],[-0.023321,51.504226],[-0.022123,51.50405],[-0.020928,51.503866],[-0.020329,51.503778],[-0.019727,51.503699],[-0.018804,51.503592],[-0.017875,51.503494],[-0.016012,51.503313],[-0.014159,51.503125],[-0.013242,51.503018],[-0.012335,51.502898],[-0.01171,51.5028],[-0.011401,51.502743],[-0.011096,51.502679],[-0.010608,51.502565],[-0.010125,51.502441],[-0.009651,51.502305],[-0.009189,51.502156],[-0.008838,51.502026],[-0.008499,51.501886],[-0.007839,51.501586],[-0.007371,51.501359],[-0.006914,51.501122],[-0.006018,51.500636],[-0.005118,51.500153],[-0.004656,51.49992],[-0.004182,51.499698],[-0.003886,51.499572],[-0.003732,51.499515],[-0.003574,51.499463],[-0.003217,51.499359],[-0.002853,51.499264],[-0.002481,51.499185],[-0.002291,51.499153],[-0.002099,51.499128],[-0.001856,51.499104],[-0.001612,51.499088],[-0.001119,51.499076],[-0.000626,51.499086],[-0.000135,51.499115],[0.000125,51.49914],[0.000382,51.499177],[0.000635,51.499222],[0.000884,51.499275],[0.001144,51.49934],[0.001398,51.499413],[0.001891,51.499579],[0.002423,51.499779],[0.002943,51.499992],[0.003454,51.500213],[0.003959,51.50044],[0.004757,51.500801],[0.005548,51.501169],[0.006317,51.501553],[0.00669,51.501754],[0.007051,51.501962],[0.007439,51.502202],[0.007861,51.502479],[0.008301,51.50278],[0.00874,51.503092],[0.009159,51.503401],[0.00954,51.503694],[0.009866,51.503959],[0.010117,51.504181],[0.010326,51.504387],[0.010533,51.50461],[0.010737,51.504846],[0.010936,51.505093],[0.01131,51.505603],[0.011638,51.506116],[0.011761,51.506341],[0.011864,51.506571],[0.01195,51.506803],[0.012018,51.507037],[0.012053,51.507197],[0.012076,51.507358],[0.012087,51.507519],[0.012082,51.50768],[0.012059,51.507873],[0.012018,51.508065],[0.011961,51.508256],[0.011887,51.508444],[0.0118752,51.5084679]],[[0.0042274,51.5271077],[0.004223,51.527204],[0.004219,51.527663],[0.00421,51.528122],[0.004177,51.52858],[0.0041544,51.5287042]]]}},{"type":"Feature","properties":{"r":"UK","g":"uk","col":"#949699","n":"Jubilee line","ct":"伦敦","jk":"subway","nz":"银禧线","off":-0.5},"geometry":{"type":"MultiLineString","coordinates":[[[-0.285419,51.5666293],[-0.285105,51.566374],[-0.284685,51.566047],[-0.284305,51.565768],[-0.283929,51.565516],[-0.283534,51.565275],[-0.283124,51.565044],[-0.282701,51.564823],[-0.282211,51.564586],[-0.281705,51.564362],[-0.281188,51.564148],[-0.280663,51.563941],[-0.280028,51.563698],[-0.279385,51.563464],[-0.27873,51.563244],[-0.278057,51.563047],[-0.277576,51.562929],[-0.277061,51.56282],[-0.275963,51.562617],[-0.2755574,51.5625438]],[[-0.2720661,51.5616851],[-0.271943,51.561643],[-0.271509,51.561486],[-0.270655,51.56116],[-0.269807,51.560825],[-0.268956,51.560495],[-0.267339,51.559816],[-0.265727,51.559132],[-0.264106,51.558458],[-0.263288,51.558127],[-0.262463,51.557804],[-0.26165,51.557495],[-0.260829,51.557193],[-0.259999,51.556902],[-0.259158,51.556624],[-0.258454,51.556404],[-0.257745,51.556192],[-0.256313,51.555783],[-0.25487,51.555391],[-0.253422,51.555005],[-0.251278,51.55444],[-0.249037,51.553863],[-0.247963,51.553594],[-0.246963,51.553352],[-0.246071,51.553146],[-0.24532,51.552985],[-0.24462,51.552862],[-0.243254,51.552638],[-0.238906,51.551945],[-0.23304,51.551025],[-0.226422,51.549996],[-0.219818,51.548977],[-0.213994,51.548087],[-0.209713,51.547443],[-0.208391,51.547251],[-0.207976,51.547194],[-0.207742,51.547165],[-0.207341,51.547131],[-0.206938,51.547107],[-0.206152,51.5470788]],[[-0.201367,51.5467237],[-0.20085,51.546672],[-0.200239,51.546617],[-0.199627,51.546568],[-0.1981,51.546457],[-0.197334,51.546418],[-0.196951,51.546408],[-0.196567,51.546406],[-0.195878,51.546426],[-0.194871,51.546475],[-0.193619,51.546548],[-0.192196,51.546639],[-0.189132,51.546858],[-0.18764,51.546975],[-0.186271,51.54709],[-0.185824,51.547135],[-0.185372,51.547188],[-0.184466,51.547307],[-0.183581,51.547413],[-0.183153,51.547451],[-0.182741,51.547473],[-0.182425,51.547479],[-0.182108,51.547475],[-0.181794,51.547457],[-0.181638,51.547442],[-0.181484,51.547421],[-0.181129,51.547357],[-0.180782,51.547273],[-0.1807449,51.5472617]],[[-0.1732291,51.5336795],[-0.173106,51.533522],[-0.172922,51.533312],[-0.172522,51.532903],[-0.172039,51.532455],[-0.171499,51.531987],[-0.170363,51.53105],[-0.169335,51.530205],[-0.16893,51.529852],[-0.168766,51.5297],[-0.168634,51.529565],[-0.1685544,51.529472]],[[0.0097985,51.5118796],[0.009607,51.51223],[0.009491,51.512414],[0.009361,51.512595],[0.009162,51.512834],[0.008939,51.513071],[0.008447,51.513543],[0.007933,51.514016],[0.007683,51.514254],[0.007447,51.514495],[0.006694,51.515313],[0.006335,51.515728],[0.005994,51.516149],[0.005725,51.516508],[0.005472,51.516871],[0.005232,51.517238],[0.005003,51.517607],[0.00484,51.517892],[0.004699,51.518182],[0.004509,51.518674],[0.004431,51.518922],[0.004365,51.519172],[0.004244,51.519717],[0.004146,51.520263],[0.004077,51.520812],[0.004045,51.521361],[0.004055,51.521775],[0.004097,51.522229],[0.0042213,51.5231323]],[[0.0034675,51.5324808],[0.003362,51.532614],[0.003068,51.532955],[0.002776,51.533295],[0.00264,51.533468],[0.002516,51.533645],[0.002403,51.533832],[0.002302,51.534022],[0.002121,51.534407],[0.001944,51.534793],[0.001848,51.534984],[0.001741,51.535173],[0.001517,51.535529],[0.001278,51.535882],[0.001024,51.53623],[0.000753,51.536573],[0.000418,51.536956],[4.7e-05,51.537325],[-0.000139,51.537488],[-0.000335,51.537646],[-0.000745,51.537954],[-0.001151,51.538264],[-0.001343,51.538424],[-0.001522,51.538589],[-0.001789,51.538864],[-0.002039,51.539145],[-0.002505,51.53972],[-0.00295,51.540302],[-0.003405,51.54088]]]}},{"type":"Feature","properties":{"r":"UK","g":"uk","col":"#949699","n":"Jubilee line","ct":"伦敦","jk":"subway","nz":"银禧线","off":-0.375},"geometry":{"type":"MultiLineString","coordinates":[[[-0.286434,51.5674937],[-0.286021,51.567132],[-0.285554,51.566739],[-0.285419,51.5666293]],[[-0.2755574,51.5625438],[-0.275026,51.5624478]],[[-0.272579,51.5618538],[-0.272382,51.561793],[-0.2720661,51.5616851]],[[-0.206152,51.5470788],[-0.20613,51.547078],[-0.2054323,51.5470582]],[[-0.2020834,51.5467954],[-0.202069,51.546794],[-0.201367,51.5467237]],[[-0.1807449,51.5472617],[-0.180449,51.547172],[-0.180288,51.547115],[-0.180132,51.547053],[-0.180017,51.547002],[-0.179901,51.546946],[-0.179669,51.54682],[-0.1795273,51.546732]],[[-0.1738781,51.5348391],[-0.173825,51.534704],[-0.173712,51.534457],[-0.173582,51.534213],[-0.173436,51.533973],[-0.173274,51.533737],[-0.1732291,51.5336795]],[[-0.1685544,51.529472],[-0.168421,51.529316],[-0.16823,51.52906],[-0.168057,51.528799],[-0.167897,51.528535],[-0.1678107,51.5283692]],[[0.0104489,51.5107181],[0.010197,51.511097],[0.01,51.511475],[0.009812,51.511855],[0.0097985,51.5118796]],[[0.0042213,51.5231323],[0.004232,51.52321],[0.004371,51.524217],[0.0043925,51.5244544]],[[0.004113,51.5313208],[0.004099,51.531367],[0.004007,51.531596],[0.003894,51.531822],[0.003765,51.532045],[0.003624,51.532265],[0.003499,51.532441],[0.0034675,51.5324808]]]}},{"type":"Feature","properties":{"r":"UK","g":"uk","col":"#949699","n":"Jubilee line","ct":"伦敦","jk":"subway","nz":"银禧线","off":-0.25},"geometry":{"type":"MultiLineString","coordinates":[[[-0.2874275,51.5683828],[-0.286964,51.567958],[-0.286434,51.5674937]],[[-0.275026,51.5624478],[-0.274833,51.562413],[-0.2744957,51.5623458]],[[-0.2730956,51.562011],[-0.27305,51.561999],[-0.272579,51.5618538]],[[-0.2054323,51.5470582],[-0.205319,51.547055],[-0.204915,51.547039],[-0.204713,51.5470275]],[[-0.2027999,51.5468666],[-0.2020834,51.5467954]],[[-0.1795273,51.546732],[-0.179199,51.546528],[-0.178721,51.546216],[-0.178478,51.546065],[-0.1784,51.5460201]],[[-0.1741742,51.5361329],[-0.174173,51.536108],[-0.174144,51.535818],[-0.174095,51.535537],[-0.174024,51.535257],[-0.173933,51.534979],[-0.1738781,51.5348391]],[[-0.1678107,51.5283692],[-0.167732,51.528218],[-0.167601,51.527894],[-0.167533,51.527679],[-0.167477,51.527463],[-0.1674014,51.5271062]],[[0.0111951,51.5096132],[0.011137,51.509703],[0.010655,51.510408],[0.0104489,51.5107181]],[[0.0043925,51.5244544],[0.004415,51.524702],[0.00443,51.525161],[0.004405,51.525557],[0.0043741,51.5257836]],[[0.0041234,51.5300115],[0.004197,51.530308],[0.004221,51.530457],[0.004231,51.530607],[0.004223,51.530798],[0.004198,51.530989],[0.004156,51.531179],[0.004113,51.5313208]]]}},{"type":"Feature","properties":{"r":"UK","g":"uk","col":"#949699","n":"Jubilee line","ct":"伦敦","jk":"subway","nz":"银禧线","off":-0.125},"geometry":{"type":"MultiLineString","coordinates":[[[-0.2883922,51.5693028],[-0.28837,51.569279],[-0.287849,51.568769],[-0.2874275,51.5683828]],[[-0.2744957,51.5623458],[-0.274276,51.562302],[-0.2739678,51.5622324]],[[-0.2736177,51.5621488],[-0.2730956,51.562011]],[[-0.204713,51.5470275],[-0.204512,51.547016],[-0.2039948,51.5469763]],[[-0.2035166,51.5469352],[-0.203288,51.546915],[-0.2027999,51.5468666]],[[-0.1784,51.5460201],[-0.178233,51.545924],[-0.177976,51.54579],[-0.177711,51.545662],[-0.1772053,51.5454298]],[[-0.1741456,51.5374648],[-0.174179,51.53698],[-0.174187,51.536398],[-0.1741742,51.5361329]],[[-0.1674014,51.5271062],[-0.167385,51.527029],[-0.167297,51.526594],[-0.167182,51.526162],[-0.1670763,51.5258141]],[[0.0118752,51.5084679],[0.011749,51.508724],[0.011572,51.509031],[0.0111951,51.5096132]],[[0.0043741,51.5257836],[0.004351,51.525953],[0.00429,51.526349],[0.004244,51.526745],[0.0042274,51.5271077]],[[0.0041544,51.5287042],[0.004139,51.528789],[0.004086,51.528996],[0.004038,51.529204],[0.004023,51.529308],[0.004017,51.529413],[0.004025,51.529563],[0.004049,51.529712],[0.004123,51.53001],[0.0041234,51.5300115]]]}},{"type":"Feature","properties":{"r":"UK","g":"uk","col":"#ae6017","n":"Bakerloo line","ct":"伦敦","jk":"subway","nz":"贝克卢线"},"geometry":{"type":"LineString","coordinates":[[-0.101304,51.495811],[-0.102055,51.496434],[-0.10282,51.49708],[-0.103558,51.49768],[-0.103903,51.49794],[-0.104226,51.498162],[-0.104323,51.498224],[-0.104424,51.498283],[-0.104477,51.498311],[-0.104532,51.498337],[-0.104589,51.498361],[-0.104649,51.498382],[-0.104754,51.498413],[-0.104861,51.498441],[-0.104972,51.498464],[-0.105084,51.498484],[-0.105198,51.498501],[-0.105314,51.498514],[-0.105545,51.498531],[-0.105614,51.498533],[-0.10569,51.498534],[-0.105859,51.49853],[-0.106261,51.498507],[-0.107248,51.498421],[-0.108345,51.498326],[-0.108884,51.498292],[-0.109391,51.498276],[-0.109775,51.498274],[-0.11016,51.498279],[-0.110352,51.498287],[-0.110543,51.4983],[-0.110731,51.498319],[-0.110918,51.498345],[-0.111071,51.498372],[-0.111221,51.498405],[-0.111369,51.498441],[-0.111515,51.498482],[-0.1118,51.498573],[-0.112077,51.498672],[-0.112469,51.498825],[-0.112896,51.499004],[-0.113336,51.499198],[-0.113765,51.499397],[-0.114161,51.49959],[-0.114503,51.499766],[-0.114767,51.499915],[-0.114863,51.499976],[-0.114901,51.500002],[-0.114931,51.500026],[-0.114952,51.500045],[-0.114973,51.500064],[-0.115009,51.500104],[-0.11504,51.500146],[-0.115067,51.500189],[-0.115091,51.500234],[-0.115111,51.500279],[-0.115145,51.500369],[-0.115164,51.500435],[-0.115177,51.500501],[-0.11519,51.500635],[-0.115185,51.500903],[-0.115159,51.501197],[-0.11511,51.501507],[-0.114979,51.502136],[-0.114865,51.502712],[-0.114836,51.502954],[-0.114833,51.50306],[-0.114839,51.503154],[-0.114856,51.503252],[-0.11487,51.503301],[-0.114886,51.503349],[-0.114907,51.503397],[-0.114931,51.503444],[-0.11496,51.50349],[-0.114994,51.503534],[-0.115038,51.503583],[-0.115086,51.503631],[-0.115139,51.503676],[-0.115196,51.503721],[-0.115258,51.503762],[-0.115322,51.503802],[-0.115391,51.503839],[-0.115462,51.503873],[-0.115484,51.503882],[-0.115509,51.503892],[-0.115568,51.503913],[-0.115718,51.503958],[-0.116124,51.504063],[-0.117204,51.504309],[-0.118334,51.504568],[-0.118804,51.504689],[-0.118994,51.504744],[-0.119148,51.504796],[-0.119283,51.504849],[-0.11942,51.504909],[-0.1197,51.505047],[-0.120285,51.50537],[-0.120894,51.505713],[-0.121204,51.505876],[-0.121518,51.506024],[-0.121883,51.506181],[-0.122256,51.506331],[-0.122641,51.506469],[-0.123039,51.506589],[-0.123435,51.506689],[-0.12391,51.506795],[-0.124442,51.506903],[-0.12501,51.507011],[-0.12559,51.507113],[-0.126163,51.507205],[-0.126706,51.507285],[-0.127198,51.507347],[-0.127435,51.507369],[-0.127674,51.507383],[-0.128155,51.507398],[-0.128637,51.50741],[-0.128877,51.507421],[-0.129115,51.50744],[-0.129628,51.50749],[-0.130161,51.50755],[-0.130413,51.507585],[-0.130644,51.507624],[-0.130749,51.507645],[-0.130845,51.507667],[-0.130932,51.507691],[-0.130971,51.507703],[-0.131008,51.507716],[-0.131045,51.507731],[-0.131081,51.507746],[-0.131116,51.507763],[-0.131149,51.507781],[-0.131213,51.507819],[-0.131273,51.50786],[-0.131329,51.507904],[-0.131383,51.507949],[-0.131485,51.50804],[-0.13158,51.508131],[-0.13167,51.508227],[-0.131837,51.508429],[-0.13214,51.508858],[-0.132439,51.509283],[-0.132602,51.509479],[-0.132688,51.509571],[-0.13278,51.509658],[-0.132889,51.509757],[-0.132946,51.509806],[-0.133006,51.509854],[-0.13307,51.509898],[-0.133104,51.509919],[-0.13314,51.509938],[-0.133177,51.509956],[-0.133215,51.509973],[-0.133256,51.509987],[-0.133298,51.51],[-0.133327,51.510007],[-0.13336,51.510013],[-0.133396,51.510019],[-0.133434,51.510024],[-0.133518,51.510032],[-0.133612,51.510037],[-0.133822,51.510041],[-0.134055,51.510038],[-0.13455,51.51002],[-0.135018,51.509999],[-0.135237,51.509985],[-0.135455,51.509965],[-0.13589,51.509913],[-0.136108,51.509889],[-0.136326,51.50987],[-0.136544,51.509859],[-0.136653,51.509857],[-0.136763,51.509859],[-0.136847,51.509863],[-0.136931,51.509869],[-0.137015,51.509878],[-0.137098,51.509888],[-0.13718,51.509902],[-0.137261,51.509917],[-0.137341,51.509934],[-0.137419,51.509954],[-0.137564,51.509996],[-0.137635,51.51002],[-0.137704,51.510046],[-0.137771,51.510074],[-0.137835,51.510104],[-0.137896,51.510137],[-0.137952,51.510172],[-0.137991,51.5102],[-0.138037,51.510238],[-0.138153,51.510343],[-0.138462,51.51065],[-0.138852,51.511064],[-0.139295,51.511552],[-0.140235,51.512629],[-0.140677,51.513157],[-0.141065,51.513637],[-0.141383,51.514056],[-0.141526,51.51427],[-0.141648,51.514488],[-0.141733,51.514676],[-0.141803,51.514866],[-0.141917,51.51525],[-0.142021,51.515635],[-0.142147,51.516018],[-0.142402,51.516656],[-0.142549,51.516971],[-0.142724,51.517281],[-0.142812,51.517419],[-0.142908,51.517555],[-0.142961,51.517621],[-0.143018,51.517686],[-0.143081,51.517748],[-0.14315,51.517808],[-0.143205,51.517849],[-0.143265,51.517888],[-0.143329,51.517925],[-0.143396,51.51796],[-0.143537,51.518026],[-0.143682,51.518089],[-0.143825,51.518154],[-0.143961,51.518221],[-0.144024,51.518258],[-0.144082,51.518296],[-0.144136,51.518337],[-0.144161,51.518358],[-0.144184,51.51838],[-0.144196,51.518393],[-0.144209,51.51841],[-0.144238,51.518453],[-0.144308,51.518578],[-0.14449,51.518963],[-0.144984,51.520121],[-0.145566,51.521507],[-0.145859,51.522177],[-0.146138,51.522773],[-0.146429,51.52337],[-0.146588,51.523665],[-0.146771,51.523955],[-0.146955,51.524209],[-0.147008,51.524271],[-0.147063,51.524331],[-0.147124,51.524389],[-0.14719,51.524445],[-0.14729,51.524518],[-0.147344,51.524553],[-0.1474,51.524587],[-0.147459,51.524618],[-0.14752,51.524648],[-0.147584,51.524675],[-0.14765,51.524699],[-0.14771,51.524718],[-0.147772,51.524734],[-0.147836,51.524749],[-0.147901,51.524761],[-0.147967,51.524771],[-0.148034,51.524779],[-0.148101,51.524785],[-0.148168,51.524789],[-0.148293,51.524792],[-0.148419,51.524791],[-0.148544,51.524784],[-0.14867,51.524775],[-0.149168,51.524719],[-0.149802,51.52464],[-0.150433,51.524552],[-0.151687,51.524353],[-0.152932,51.52413],[-0.154169,51.523893],[-0.15467,51.523789],[-0.155167,51.523677],[-0.156153,51.52344],[-0.157139,51.523202],[-0.157636,51.523091],[-0.158137,51.522987],[-0.158995,51.522823],[-0.159859,51.522671],[-0.160729,51.522534],[-0.161606,51.522419],[-0.162075,51.522373],[-0.162574,51.522338],[-0.163593,51.522287],[-0.164524,51.522237],[-0.164913,51.522203],[-0.165081,51.522183],[-0.165228,51.52216],[-0.165372,51.522131],[-0.16553,51.522095],[-0.165883,51.522002],[-0.166275,51.521888],[-0.166694,51.521757],[-0.167563,51.521473],[-0.168391,51.521194],[-0.169118,51.52095],[-0.169472,51.520819],[-0.169643,51.520748],[-0.16981,51.520673],[-0.170082,51.52054],[-0.170344,51.520399],[-0.170469,51.520324],[-0.170587,51.520246],[-0.170699,51.520165],[-0.170802,51.520079],[-0.17083,51.520052],[-0.170856,51.520024],[-0.170879,51.519995],[-0.1709,51.519966],[-0.170938,51.519905],[-0.170971,51.519844],[-0.171042,51.519689],[-0.171099,51.519531],[-0.171188,51.519212],[-0.171272,51.518891],[-0.171322,51.518732],[-0.171383,51.518575],[-0.171492,51.518353],[-0.171624,51.518136],[-0.171848,51.517815],[-0.172088,51.517498],[-0.172348,51.517187],[-0.172634,51.516886],[-0.17277,51.516755],[-0.172915,51.516628],[-0.173073,51.516507],[-0.173158,51.51645],[-0.173247,51.516396],[-0.173478,51.516271],[-0.173599,51.516211],[-0.173724,51.516155],[-0.173853,51.516103],[-0.173986,51.516057],[-0.174124,51.516018],[-0.174195,51.516001],[-0.174267,51.515986],[-0.174364,51.515969],[-0.174464,51.515956],[-0.174565,51.515947],[-0.174667,51.515942],[-0.174769,51.515942],[-0.17482,51.515944],[-0.174871,51.515947],[-0.17492,51.515952],[-0.17497,51.515958],[-0.175018,51.515966],[-0.175066,51.515975],[-0.175127,51.515989],[-0.175186,51.516006],[-0.175243,51.516025],[-0.175298,51.516046],[-0.175352,51.516069],[-0.175405,51.516093],[-0.175507,51.516146],[-0.175604,51.516202],[-0.175698,51.516262],[-0.175881,51.516381],[-0.176102,51.516536],[-0.176305,51.516701],[-0.176494,51.516873],[-0.176674,51.517048],[-0.177022,51.517406],[-0.177349,51.517772],[-0.17765,51.518146],[-0.177919,51.518529],[-0.177973,51.518622],[-0.178018,51.518716],[-0.178095,51.518908],[-0.178172,51.519099],[-0.178217,51.519194],[-0.178272,51.519286],[-0.17838,51.51944],[-0.178499,51.51959],[-0.178633,51.519736],[-0.178781,51.519876],[-0.179051,51.520096],[-0.179399,51.520357],[-0.17981,51.520649],[-0.180266,51.52096],[-0.181247,51.521602],[-0.182207,51.522202],[-0.182454,51.52234],[-0.182711,51.522471],[-0.182965,51.522603],[-0.183087,51.522673],[-0.183202,51.522747],[-0.183393,51.522881],[-0.183575,51.523022],[-0.18374,51.523169],[-0.183815,51.523245],[-0.183883,51.523324],[-0.183916,51.523368],[-0.183946,51.523413],[-0.183995,51.523506],[-0.184034,51.5236],[-0.184066,51.523696],[-0.184087,51.523785],[-0.184098,51.523875],[-0.184109,51.524056],[-0.184141,51.524662],[-0.184136,51.524964],[-0.184098,51.525265],[-0.184066,51.525398],[-0.184024,51.525539],[-0.183912,51.525838],[-0.183636,51.526451],[-0.18339,51.526988],[-0.183347,51.527097],[-0.183316,51.527192],[-0.183304,51.527233],[-0.183297,51.527271],[-0.183293,51.527304],[-0.183292,51.527319],[-0.183293,51.527333],[-0.183297,51.527368],[-0.183304,51.527402],[-0.183314,51.527436],[-0.183326,51.52747],[-0.183356,51.527537],[-0.183394,51.527603],[-0.183438,51.527668],[-0.183486,51.527731],[-0.183589,51.527856],[-0.183642,51.527912],[-0.183723,51.527991],[-0.183963,51.528212],[-0.184707,51.528864],[-0.185708,51.529718],[-0.186849,51.530677],[-0.188018,51.531645],[-0.1891,51.532529],[-0.189979,51.533231],[-0.190542,51.533657],[-0.190702,51.533765],[-0.19087,51.533869],[-0.191045,51.533967],[-0.191229,51.534059],[-0.191437,51.534149],[-0.191654,51.53423],[-0.192103,51.534377],[-0.193021,51.534652],[-0.194008,51.534927],[-0.194475,51.535049],[-0.194896,51.53515],[-0.19525,51.535226],[-0.195396,51.535251],[-0.195517,51.535268],[-0.195627,51.535278],[-0.195739,51.535286],[-0.195973,51.535293],[-0.196215,51.535291],[-0.196462,51.535282],[-0.196964,51.53525],[-0.197458,51.535212],[-0.198311,51.535134],[-0.19916,51.535035],[-0.200003,51.534919],[-0.200843,51.534795],[-0.201899,51.534626],[-0.202949,51.534443],[-0.205039,51.53405],[-0.207126,51.533653],[-0.208173,51.533463],[-0.209226,51.533285],[-0.209801,51.5332],[-0.210379,51.533124],[-0.210956,51.533046],[-0.211527,51.532954],[-0.212422,51.532781],[-0.213386,51.532576],[-0.215461,51.532104],[-0.217631,51.531609],[-0.218714,51.531376],[-0.219774,51.531164],[-0.220917,51.530956],[-0.221493,51.530864],[-0.222075,51.530788],[-0.222809,51.530712],[-0.223695,51.530633],[-0.224696,51.530554],[-0.22578,51.530477],[-0.228053,51.530336],[-0.230238,51.530226],[-0.230912,51.530199],[-0.231586,51.530178],[-0.232261,51.530169],[-0.232936,51.530174],[-0.233685,51.530191],[-0.234442,51.53022],[-0.234814,51.530242],[-0.235178,51.53027],[-0.235529,51.530306],[-0.235865,51.530351],[-0.2362,51.530409],[-0.236529,51.530482],[-0.236847,51.53057],[-0.237001,51.530621],[-0.237151,51.530675],[-0.237255,51.530717],[-0.237356,51.530763],[-0.237548,51.530861],[-0.23791,51.531077],[-0.238269,51.531296],[-0.238456,51.531399],[-0.238554,51.531447],[-0.238655,51.531493],[-0.238922,51.531604],[-0.239198,51.531707],[-0.23934,51.531754],[-0.239484,51.531797],[-0.239632,51.531836],[-0.239782,51.53187],[-0.239853,51.531883],[-0.239934,51.531896],[-0.240124,51.531922],[-0.240605,51.531972],[-0.241853,51.53207],[-0.243268,51.532175],[-0.243959,51.532234],[-0.244595,51.532298],[-0.245376,51.532386],[-0.246156,51.532481],[-0.24693,51.53259],[-0.247694,51.532722],[-0.248156,51.53282],[-0.248611,51.532931],[-0.249506,51.533177],[-0.250426,51.533456],[-0.251324,51.53376],[-0.252885,51.534332],[-0.254424,51.534927],[-0.255944,51.535541],[-0.257446,51.536172],[-0.258201,51.5365],[-0.258949,51.536836],[-0.260427,51.537521],[-0.261895,51.538215],[-0.263368,51.538905],[-0.265142,51.539674],[-0.26691,51.540448],[-0.268689,51.541212],[-0.269588,51.541586],[-0.270495,51.541951],[-0.271836,51.542469],[-0.273525,51.543105],[-0.275416,51.543806],[-0.277366,51.54452],[-0.279226,51.545192],[-0.280854,51.545771],[-0.282102,51.546203],[-0.282538,51.546348],[-0.282825,51.546436],[-0.283467,51.546602],[-0.284123,51.546746],[-0.284791,51.546869],[-0.285466,51.546972],[-0.286024,51.547035],[-0.286687,51.547089],[-0.288158,51.54718],[-0.289541,51.547264],[-0.290094,51.547309],[-0.290317,51.547334],[-0.290497,51.54736],[-0.290853,51.547429],[-0.291203,51.547513],[-0.291373,51.547561],[-0.291538,51.547615],[-0.291699,51.547673],[-0.291854,51.547737],[-0.292001,51.547806],[-0.29214,51.547881],[-0.292273,51.54796],[-0.292401,51.548044],[-0.292643,51.548219],[-0.292871,51.5484],[-0.293123,51.548616],[-0.293357,51.54884],[-0.293794,51.549301],[-0.294215,51.549769],[-0.294431,51.550001],[-0.294656,51.550229],[-0.295285,51.550815],[-0.295933,51.551393],[-0.296573,51.551975],[-0.296881,51.55227],[-0.297176,51.552571],[-0.297831,51.553291],[-0.29845,51.554023],[-0.29904,51.554765],[-0.299607,51.555513],[-0.299986,51.556049],[-0.300342,51.556592],[-0.30104,51.557681],[-0.303895,51.562398],[-0.306314,51.566645],[-0.30747,51.568443],[-0.30804,51.569344],[-0.308581,51.570252],[-0.308807,51.570671],[-0.309019,51.571094],[-0.309229,51.571517],[-0.309451,51.571937],[-0.310121,51.573124],[-0.31081,51.574307],[-0.311527,51.575483],[-0.312278,51.576651],[-0.312811,51.577423],[-0.313095,51.577804],[-0.313393,51.578181],[-0.313829,51.578699],[-0.314284,51.579212],[-0.314757,51.579717],[-0.315249,51.580216],[-0.315985,51.58093],[-0.316746,51.581634],[-0.317534,51.582326],[-0.318356,51.583003],[-0.319056,51.583539],[-0.319783,51.584061],[-0.320529,51.584574],[-0.321286,51.585079],[-0.321873,51.585462],[-0.322471,51.58584],[-0.323079,51.586211],[-0.3237,51.586573],[-0.324514,51.587025],[-0.325343,51.587466],[-0.326185,51.587898],[-0.327034,51.588325],[-0.32795,51.588776],[-0.328874,51.589221],[-0.330737,51.590099],[-0.332609,51.59097],[-0.334477,51.591844]]}},{"type":"Feature","properties":{"r":"UK","g":"uk","col":"#ef5245","n":"Central line","ct":"伦敦","jk":"subway","nz":"中央线"},"geometry":{"type":"MultiLineString","coordinates":[[[-0.26614,51.525013],[-0.267012,51.525036],[-0.267448,51.525051],[-0.267881,51.525079],[-0.268427,51.525137],[-0.268697,51.525176],[-0.268962,51.525225],[-0.269355,51.525315],[-0.269739,51.525419],[-0.270493,51.525649],[-0.271244,51.525884],[-0.271624,51.525995],[-0.272011,51.526095],[-0.272476,51.5262],[-0.273132,51.526339],[-0.274942,51.526706],[-0.279991,51.527693],[-0.285889,51.528831],[-0.291362,51.529893],[-0.293723,51.530315],[-0.294905,51.530522],[-0.296093,51.530715],[-0.296773,51.530814],[-0.297455,51.530906],[-0.298824,51.531078],[-0.300193,51.531251],[-0.300876,51.531343],[-0.301555,51.531443],[-0.302481,51.531588],[-0.303403,51.531742],[-0.30432,51.531907],[-0.305228,51.532089],[-0.3064,51.532358],[-0.308127,51.532778],[-0.312731,51.533935],[-0.318018,51.535279],[-0.322963,51.53653],[-0.329615,51.538281],[-0.341127,51.54102],[-0.359486,51.545898],[-0.362949,51.546747],[-0.366416,51.547589],[-0.369874,51.548444],[-0.371596,51.548883],[-0.373311,51.549332],[-0.374064,51.549539],[-0.374812,51.549752],[-0.376304,51.550184],[-0.378124,51.550658],[-0.379953,51.551143],[-0.381765,51.551607],[-0.382658,51.551822],[-0.383537,51.552021],[-0.384171,51.552149],[-0.384834,51.552269],[-0.386184,51.552491],[-0.387461,51.552704],[-0.388032,51.552813],[-0.388538,51.552926],[-0.389095,51.553078],[-0.389639,51.553248],[-0.390173,51.55343],[-0.390702,51.553618],[-0.391506,51.553915],[-0.392299,51.554223],[-0.393864,51.554861],[-0.395425,51.555503],[-0.396213,51.555816],[-0.39701,51.55612],[-0.398071,51.556507],[-0.39914,51.556886],[-0.401294,51.557626],[-0.403457,51.558356],[-0.405616,51.559091],[-0.408001,51.559823],[-0.40919,51.560192],[-0.41037,51.560573],[-0.411468,51.560946],[-0.412557,51.56133],[-0.41473,51.562104],[-0.437066,51.569355]],[[-0.221468,51.50468],[-0.221501,51.504708],[-0.221537,51.504735],[-0.221609,51.504788],[-0.221643,51.504815],[-0.221673,51.504843],[-0.221687,51.504858],[-0.221699,51.504873],[-0.22171,51.504888],[-0.221719,51.504904],[-0.22173,51.504929],[-0.22174,51.504956],[-0.221755,51.505018],[-0.221767,51.505088],[-0.221774,51.505165],[-0.221778,51.505339],[-0.22177,51.505532],[-0.221735,51.505939],[-0.221696,51.506326],[-0.221667,51.506528],[-0.221626,51.506729],[-0.221586,51.506931],[-0.221564,51.507133],[-0.221566,51.507376],[-0.221599,51.507618],[-0.221661,51.507853],[-0.221705,51.507969],[-0.221757,51.508084],[-0.221857,51.508272],[-0.22197,51.508458],[-0.222101,51.508639],[-0.222174,51.508727],[-0.222254,51.508812],[-0.222346,51.508899],[-0.222451,51.508988],[-0.222689,51.509168],[-0.223224,51.509528],[-0.223718,51.509857],[-0.223819,51.509931],[-0.223906,51.510001],[-0.223978,51.510065],[-0.224007,51.510095],[-0.224032,51.510124],[-0.224073,51.510179],[-0.224108,51.510235],[-0.224139,51.510293],[-0.224166,51.510351],[-0.22421,51.510469],[-0.224244,51.51059],[-0.224299,51.510834],[-0.224329,51.510955],[-0.224366,51.511075]],[[0.009197,51.569389],[0.009864,51.569869],[0.010527,51.570356],[0.0112,51.570828],[0.011544,51.571051],[0.011897,51.571261],[0.012097,51.571372],[0.012305,51.571478],[0.012413,51.571528],[0.012523,51.571575],[0.012637,51.571619],[0.012755,51.571658],[0.012862,51.571688],[0.012972,51.571715],[0.013083,51.571738],[0.013197,51.571758],[0.013659,51.571822],[0.01403,51.571862],[0.014403,51.57189],[0.015155,51.571928],[0.015907,51.571968],[0.016279,51.571998],[0.016649,51.572041],[0.017264,51.572136],[0.017871,51.572251],[0.018469,51.572383],[0.019059,51.572528],[0.01939,51.572619],[0.01981,51.572744],[0.020872,51.573079],[0.023565,51.573959],[0.026408,51.574888],[0.027657,51.575281],[0.02867,51.575581],[0.029133,51.575708],[0.029601,51.575828],[0.030074,51.575938],[0.030555,51.576036],[0.031432,51.576184],[0.032318,51.576308],[0.033212,51.576413],[0.034109,51.576505],[0.03461,51.576548],[0.035112,51.576583],[0.035616,51.576609],[0.036121,51.576627],[0.036652,51.576636],[0.037184,51.576636],[0.038246,51.576616],[0.03915,51.576583],[0.040053,51.576538],[0.041857,51.576429],[0.043661,51.576322],[0.044564,51.576281],[0.045468,51.576253],[0.046568,51.576236],[0.047756,51.576229],[0.049012,51.57623],[0.050314,51.57624],[0.052981,51.576275],[0.055592,51.576324],[0.056678,51.576359],[0.057764,51.576406],[0.058849,51.57645],[0.059392,51.576466],[0.059936,51.576474],[0.060945,51.576477],[0.062033,51.576473],[0.064255,51.576444],[0.065295,51.576421],[0.066226,51.576393],[0.066998,51.57636],[0.067567,51.576323],[0.067935,51.576285],[0.0683,51.576236],[0.068659,51.576174],[0.069012,51.576099],[0.069418,51.575995],[0.069813,51.575875],[0.070198,51.575742],[0.070572,51.575599],[0.070855,51.575475],[0.071277,51.575275],[0.07246,51.574693],[0.075628,51.573094],[0.078809,51.57149],[0.080008,51.5709],[0.08044,51.570695],[0.080734,51.570565],[0.081105,51.570418],[0.081485,51.57028],[0.081877,51.570156],[0.082078,51.570102],[0.082283,51.570054],[0.082582,51.569994],[0.082885,51.56994],[0.0835,51.569856],[0.084125,51.569799],[0.084752,51.569771],[0.085262,51.569768],[0.085774,51.569787],[0.086027,51.569805],[0.086278,51.569831],[0.086523,51.569864],[0.086762,51.569906],[0.08692,51.56994],[0.087075,51.56998],[0.087227,51.570025],[0.087375,51.570075],[0.087662,51.570185],[0.087937,51.570306],[0.088074,51.570375],[0.088204,51.570451],[0.088325,51.570531],[0.088441,51.570615],[0.088583,51.570726],[0.088716,51.570842],[0.088839,51.570962],[0.08895,51.571086],[0.089059,51.57123],[0.089153,51.571379],[0.089313,51.571683],[0.089505,51.572086],[0.089679,51.572491],[0.089828,51.572901],[0.089945,51.573314],[0.089985,51.573535],[0.090007,51.573756],[0.090023,51.574201],[0.090023,51.574905],[0.089985,51.575609],[0.089944,51.576112],[0.089895,51.576615],[0.089823,51.577116],[0.089717,51.577615],[0.089627,51.577922],[0.08952,51.578228],[0.089272,51.578834],[0.089013,51.579439],[0.088891,51.579743],[0.088781,51.580048],[0.088515,51.580859],[0.088402,51.581266],[0.088317,51.581676],[0.088267,51.58205],[0.088238,51.582424],[0.088231,51.582799],[0.088245,51.583174],[0.088297,51.583716],[0.088393,51.584442],[0.088526,51.585306],[0.088687,51.586266],[0.088869,51.587276],[0.089065,51.588292],[0.089266,51.589271],[0.089465,51.590167],[0.089643,51.590893],[0.089839,51.591616],[0.090264,51.593061],[0.09071,51.594503],[0.091145,51.595946],[0.092181,51.599215],[0.093265,51.6026],[0.094253,51.605753],[0.094665,51.607135],[0.094999,51.608328],[0.095116,51.608761],[0.095163,51.608979],[0.095191,51.609197],[0.095197,51.609347],[0.095192,51.609497],[0.095176,51.609646],[0.095147,51.609795],[0.095092,51.609992],[0.095021,51.610187],[0.094935,51.610379],[0.094835,51.610569],[0.09456,51.611006],[0.094249,51.611434],[0.093911,51.611855],[0.093559,51.612271],[0.093317,51.612545],[0.093184,51.612678],[0.093039,51.612805],[0.092804,51.612983],[0.092553,51.613153],[0.092287,51.613314],[0.092007,51.613464],[0.091717,51.613599],[0.091414,51.613722],[0.090784,51.613946],[0.090066,51.614184],[0.089286,51.61443],[0.088457,51.614681],[0.087593,51.614935],[0.085815,51.615438],[0.084062,51.615918],[0.083169,51.616152],[0.082263,51.616366],[0.081123,51.616612],[0.079956,51.616855],[0.078769,51.617094],[0.077565,51.617328],[0.075132,51.61778],[0.072703,51.618205],[0.071218,51.618449],[0.069727,51.618679],[0.06823,51.618892],[0.066727,51.619089],[0.065906,51.61919],[0.065082,51.619284],[0.064255,51.619366],[0.063424,51.619429],[0.062876,51.619457],[0.062327,51.619474],[0.061777,51.619482],[0.061227,51.619481],[0.060568,51.619473],[0.05991,51.619455],[0.059253,51.619425],[0.058599,51.619378],[0.05798,51.619319],[0.057363,51.61925],[0.056137,51.619088],[0.054916,51.618908],[0.053697,51.618724],[0.050825,51.618286],[0.047744,51.617796],[0.046328,51.617562],[0.045102,51.617352],[0.044148,51.617179],[0.043798,51.61711],[0.043546,51.617054],[0.043099,51.61694],[0.042661,51.616811],[0.042239,51.616665],[0.042037,51.616583],[0.041841,51.616496],[0.041725,51.616438],[0.041615,51.616376],[0.041407,51.616242],[0.041023,51.615957],[0.041009,51.615945],[0.040995,51.615933],[0.04097,51.615908],[0.040957,51.615894],[0.040944,51.615879],[0.040932,51.615865],[0.040925,51.615858],[0.040918,51.615851],[0.040906,51.61584],[0.040894,51.615829],[0.040888,51.615823],[0.040884,51.615821],[0.040881,51.615818],[0.040877,51.615816],[0.040872,51.615814],[0.04087,51.615813],[0.040868,51.615812],[0.040866,51.615812],[0.040863,51.615811],[0.040862,51.615811],[0.040861,51.61581],[0.04086,51.61581],[0.040859,51.61581],[0.040857,51.61581],[0.040856,51.61581],[0.040854,51.61581],[0.040851,51.615809],[0.040849,51.615809],[0.040843,51.61581],[0.040833,51.615811],[0.040828,51.615811],[0.040825,51.615811],[0.040822,51.615811],[0.04082,51.615811],[0.040817,51.615811],[0.040814,51.61581],[0.040813,51.61581],[0.040812,51.61581],[0.040809,51.61581],[0.040808,51.61581],[0.040807,51.61581],[0.040805,51.61581],[0.040804,51.61581],[0.040803,51.615811],[0.040802,51.615811],[0.040801,51.615811],[0.040801,51.615812],[0.0408,51.615812],[0.040799,51.615813],[0.040799,51.615814],[0.040798,51.615814],[0.040798,51.615815],[0.040797,51.615816],[0.040797,51.615817],[0.040797,51.615818],[0.040796,51.61582],[0.040795,51.615821],[0.040795,51.615823],[0.040794,51.615824],[0.040793,51.615826],[0.040791,51.615829],[0.040785,51.615835],[0.040783,51.615838],[0.040782,51.615839],[0.040781,51.615841],[0.040781,51.615842],[0.04078,51.615843],[0.04078,51.615844],[0.04078,51.615845],[0.04078,51.615846],[0.04078,51.615847],[0.04078,51.615848],[0.040781,51.61585],[0.040781,51.615851],[0.040782,51.615853],[0.040783,51.615856],[0.040785,51.615859],[0.040787,51.615862],[0.04079,51.615865],[0.040796,51.615871],[0.040809,51.615882],[0.040822,51.615893],[0.040829,51.615899],[0.040837,51.615906],[0.040855,51.615918],[0.040872,51.61593],[0.040889,51.615943],[0.040917,51.615966],[0.04093,51.615978],[0.040943,51.615991],[0.041234,51.61631],[0.04151,51.616634],[0.042029,51.617293],[0.042521,51.61796],[0.043008,51.618629],[0.043815,51.619747],[0.0442,51.62031],[0.044566,51.620879],[0.044802,51.621272],[0.045025,51.621669],[0.045441,51.622468],[0.045761,51.623152],[0.046053,51.623841],[0.046335,51.624583],[0.046603,51.625327],[0.046822,51.626095],[0.047034,51.626863],[0.04726,51.62763],[0.047517,51.628393],[0.047753,51.629012],[0.048008,51.629628],[0.048287,51.63024],[0.048594,51.630846],[0.048899,51.631383],[0.049229,51.631914],[0.049578,51.63244],[0.049938,51.632964],[0.050179,51.6333],[0.050432,51.633632],[0.050953,51.634292],[0.051469,51.634954],[0.051713,51.635288],[0.051943,51.635627],[0.052283,51.636173],[0.0526,51.636725],[0.052892,51.637282],[0.053157,51.637844],[0.05327,51.638122],[0.053367,51.638402],[0.053534,51.638966],[0.053708,51.639529],[0.053812,51.639808],[0.053935,51.640084],[0.054055,51.640301],[0.054127,51.640407],[0.054209,51.64051],[0.054333,51.640646],[0.054468,51.640778],[0.054616,51.640905],[0.054778,51.641024],[0.055084,51.641219],[0.055411,51.641401],[0.055582,51.641486],[0.055759,51.641567],[0.055942,51.641641],[0.05613,51.64171],[0.05637,51.641786],[0.056617,51.641855],[0.056871,51.641916],[0.05713,51.641971],[0.057659,51.642064],[0.058192,51.642139],[0.058515,51.642173],[0.058842,51.642193],[0.059498,51.642209],[0.060185,51.642205],[0.060884,51.642185],[0.062306,51.642115],[0.063744,51.642043],[0.064462,51.642019],[0.065176,51.642011],[0.066259,51.642022],[0.067341,51.642051],[0.068421,51.642102],[0.069497,51.642174],[0.070677,51.642278],[0.071852,51.642404],[0.07302,51.642556],[0.074177,51.642733],[0.074804,51.642841],[0.075427,51.642956],[0.076664,51.643206],[0.077887,51.643483],[0.079095,51.643783],[0.079905,51.644001],[0.080704,51.644235],[0.081489,51.644487],[0.082255,51.644759],[0.083001,51.645052],[0.083729,51.645363],[0.084435,51.645693],[0.085117,51.646041],[0.085549,51.646279],[0.085975,51.646527],[0.086394,51.646784],[0.086809,51.647047],[0.087624,51.647586],[0.088426,51.648129],[0.089167,51.648643],[0.089525,51.648906],[0.089868,51.649177],[0.090432,51.649657],[0.090972,51.650149],[0.091492,51.650649],[0.091994,51.651155],[0.092417,51.651601],[0.092824,51.652052],[0.093214,51.652509],[0.093586,51.652972],[0.093827,51.653295],[0.094054,51.653622],[0.09448,51.654283],[0.094724,51.654684],[0.094957,51.655087],[0.095404,51.655899],[0.095853,51.656709],[0.096087,51.657113],[0.096333,51.657513],[0.096742,51.658127],[0.097181,51.658734],[0.097451,51.659085],[0.097731,51.659433],[0.098307,51.660124],[0.098878,51.660816],[0.099152,51.661166],[0.099413,51.661519],[0.09969,51.661932],[0.099936,51.662353],[0.100195,51.662848],[0.100438,51.663347],[0.100655,51.66385],[0.100838,51.664358],[0.100931,51.664684],[0.101006,51.665011],[0.101121,51.665669],[0.101222,51.666329],[0.101281,51.666658],[0.101351,51.666986],[0.101524,51.667673],[0.101623,51.668016],[0.101737,51.668356],[0.101931,51.668848],[0.102278,51.669676],[0.103345,51.672156],[0.104771,51.675415],[0.106386,51.679074],[0.108023,51.682756],[0.109515,51.68608],[0.110693,51.688669],[0.111112,51.689568],[0.11139,51.690142],[0.111797,51.690923],[0.112022,51.691308],[0.112273,51.691687],[0.112457,51.691933],[0.112652,51.692176],[0.113068,51.692654],[0.113499,51.693128],[0.113922,51.693604]],[[-0.2906014,51.5150643],[-0.2893,51.51505],[-0.288502,51.515054],[-0.287724,51.51507],[-0.28707,51.515099],[-0.286745,51.515124],[-0.286423,51.515161],[-0.286147,51.515203],[-0.285875,51.515254],[-0.285607,51.515314],[-0.285345,51.515382],[-0.285063,51.515467],[-0.284787,51.515561],[-0.284521,51.515664],[-0.284265,51.515776],[-0.283955,51.515934],[-0.283661,51.516105],[-0.2831,51.516464],[-0.282672,51.51675],[-0.282119,51.517132],[-0.280716,51.518126],[-0.277269,51.520613],[-0.274011,51.522966],[-0.272842,51.523793],[-0.272441,51.524067],[-0.272295,51.524163],[-0.272189,51.524228],[-0.271944,51.524363],[-0.271689,51.524492],[-0.271423,51.52461],[-0.271145,51.524718],[-0.270778,51.524841],[-0.270399,51.524949],[-0.270009,51.525043],[-0.269612,51.52512],[-0.269298,51.525167],[-0.26898,51.5252],[-0.268658,51.525221],[-0.268336,51.525231],[-0.267956,51.525228],[-0.267577,51.525211],[-0.2672,51.525181],[-0.266827,51.525137],[-0.266535,51.52509],[-0.266086,51.525008],[-0.264804,51.524756],[-0.263156,51.524419],[-0.261315,51.524033],[-0.259453,51.523634],[-0.257745,51.523261],[-0.256364,51.522948],[-0.255483,51.522734],[-0.255011,51.522602],[-0.254547,51.52246],[-0.254094,51.522305],[-0.253653,51.522137],[-0.253428,51.522041],[-0.253211,51.521939],[-0.253001,51.521831],[-0.2528,51.521717],[-0.252528,51.521545],[-0.252269,51.521365],[-0.252023,51.521178],[-0.251788,51.520986],[-0.25139,51.52063],[-0.250967,51.520219],[-0.25006,51.519286],[-0.249098,51.518295],[-0.248607,51.517811],[-0.248113,51.517353],[-0.247719,51.517008],[-0.247509,51.516841],[-0.247284,51.516683],[-0.246991,51.516502],[-0.246683,51.516331],[-0.24636,51.516171],[-0.246024,51.516022],[-0.245682,51.515888],[-0.245327,51.515767],[-0.244963,51.515657],[-0.24459,51.51556],[-0.24425,51.515485],[-0.243904,51.515421],[-0.243552,51.515369],[-0.243197,51.515329],[-0.242855,51.515303],[-0.24251,51.515289],[-0.242165,51.515286],[-0.24182,51.515291],[-0.241231,51.515318],[-0.240581,51.515364],[-0.239152,51.515496],[-0.237644,51.51564],[-0.236896,51.515702],[-0.236171,51.515751],[-0.235747,51.515766],[-0.235322,51.515773],[-0.234897,51.515782],[-0.234474,51.515805],[-0.234231,51.515829],[-0.233989,51.515859],[-0.233509,51.515931],[-0.233029,51.516004],[-0.232787,51.516034],[-0.232544,51.516058],[-0.232129,51.516087],[-0.231713,51.516107],[-0.231295,51.516115],[-0.230878,51.516112],[-0.23045,51.516095],[-0.230023,51.516065],[-0.229598,51.516025],[-0.229175,51.515977],[-0.228568,51.515893],[-0.228268,51.51584],[-0.227974,51.515778],[-0.227446,51.515646],[-0.226929,51.515498],[-0.226423,51.515336],[-0.22593,51.51516],[-0.225826,51.515121],[-0.225724,51.515079],[-0.225675,51.515057],[-0.225627,51.515033],[-0.225581,51.515008],[-0.225538,51.514982],[-0.22539,51.514877],[-0.225321,51.514822],[-0.225257,51.514765],[-0.225196,51.514706],[-0.22514,51.514645],[-0.225088,51.514583],[-0.225041,51.51452],[-0.224936,51.514352],[-0.224835,51.514158],[-0.224739,51.513945],[-0.224649,51.513716],[-0.224497,51.513239],[-0.22439,51.512772],[-0.22438,51.512695],[-0.224371,51.512593],[-0.224361,51.512322],[-0.224361,51.511558],[-0.22441,51.509511],[-0.224458,51.507478],[-0.224458,51.506731],[-0.224448,51.506471],[-0.22444,51.506376],[-0.224429,51.506305],[-0.22439,51.506143],[-0.224335,51.505983],[-0.224301,51.505904],[-0.224262,51.505826],[-0.224216,51.50575],[-0.224165,51.505675],[-0.224058,51.505545],[-0.223998,51.505481],[-0.223934,51.50542],[-0.223865,51.50536],[-0.223791,51.505303],[-0.223713,51.505248],[-0.223631,51.505196],[-0.223544,51.505147],[-0.223452,51.505101],[-0.223357,51.505057],[-0.223258,51.505017],[-0.223051,51.504944],[-0.222837,51.504882],[-0.222552,51.504816],[-0.222232,51.504755],[-0.221883,51.504699],[-0.221515,51.504647],[-0.22075,51.504555],[-0.220003,51.504474],[-0.219351,51.504408],[-0.219023,51.504388],[-0.218859,51.504384],[-0.218695,51.504385],[-0.218465,51.504395],[-0.218236,51.504412],[-0.217782,51.504464],[-0.217332,51.504531],[-0.216885,51.504606],[-0.216156,51.504738],[-0.215298,51.504909],[-0.214342,51.50511],[-0.213317,51.505334],[-0.211183,51.505816],[-0.209138,51.50629],[-0.20796,51.506574],[-0.206794,51.506878],[-0.206194,51.507047],[-0.205599,51.507225],[-0.204418,51.507591],[-0.203232,51.507951],[-0.202633,51.508121],[-0.202025,51.50828],[-0.201623,51.508376],[-0.201418,51.508416],[-0.201209,51.508448],[-0.201033,51.508467],[-0.200854,51.508482],[-0.200489,51.508502],[-0.199748,51.508516],[-0.199031,51.508531],[-0.198695,51.508551],[-0.198535,51.508567],[-0.198381,51.508587],[-0.198229,51.508612],[-0.198074,51.508642],[-0.197757,51.508716],[-0.197098,51.508897],[-0.196422,51.509093],[-0.196082,51.509184],[-0.195744,51.509265],[-0.194784,51.509471],[-0.193816,51.509663],[-0.192839,51.509835],[-0.192347,51.50991],[-0.191851,51.509977],[-0.19153,51.510012],[-0.191123,51.510048],[-0.190098,51.510124],[-0.187517,51.510285],[-0.184831,51.510453],[-0.183675,51.510537],[-0.182763,51.510622],[-0.181938,51.510726],[-0.180999,51.510864],[-0.178883,51.511206],[-0.176619,51.511571],[-0.175497,51.51174],[-0.174415,51.511886],[-0.172898,51.512061],[-0.170825,51.51228],[-0.165525,51.512807],[-0.159541,51.513388],[-0.153899,51.513942],[-0.140235,51.515528],[-0.137396,51.515849],[-0.135975,51.516004],[-0.13455,51.516142],[-0.133658,51.516207],[-0.132763,51.516258],[-0.131869,51.516312],[-0.131423,51.516345],[-0.130979,51.516385],[-0.130259,51.516464],[-0.129542,51.516553],[-0.128115,51.516752],[-0.12669,51.516956],[-0.125975,51.517053],[-0.125258,51.517142],[-0.122093,51.517498],[-0.118687,51.51786],[-0.117114,51.518018],[-0.115746,51.518148],[-0.114672,51.51824],[-0.114272,51.518269],[-0.113979,51.518285],[-0.113301,51.518297],[-0.112623,51.518287],[-0.111945,51.518257],[-0.11127,51.518213],[-0.110591,51.518155],[-0.109821,51.518078],[-0.109002,51.517988],[-0.108178,51.517889],[-0.107391,51.517787],[-0.106684,51.517688],[-0.1061,51.517596],[-0.105868,51.517554],[-0.105682,51.517517],[-0.105511,51.517476],[-0.105322,51.517424],[-0.104893,51.517293],[-0.10389,51.516954],[-0.102796,51.516575],[-0.102254,51.516394],[-0.101735,51.516232],[-0.101291,51.516104],[-0.100842,51.515983],[-0.099937,51.515749],[-0.099034,51.515513],[-0.098588,51.515388],[-0.098147,51.515255],[-0.097863,51.51516],[-0.097585,51.515057],[-0.097037,51.514842],[-0.096485,51.514633],[-0.096201,51.514538],[-0.095909,51.514454],[-0.09569,51.5144],[-0.095403,51.514337],[-0.094667,51.514187],[-0.093778,51.514017],[-0.092815,51.513842],[-0.091854,51.513676],[-0.090974,51.513531],[-0.090253,51.513423],[-0.089976,51.513386],[-0.089768,51.513364],[-0.089645,51.513355],[-0.089522,51.513352],[-0.08946,51.513352],[-0.089399,51.513355],[-0.089338,51.513359],[-0.089277,51.513365],[-0.08914,51.513385],[-0.088979,51.513412],[-0.088602,51.513488],[-0.088175,51.513584],[-0.08773,51.513693],[-0.087295,51.513807],[-0.086902,51.513918],[-0.086581,51.51402],[-0.086457,51.514065],[-0.086406,51.514085],[-0.086362,51.514104],[-0.086292,51.514139],[-0.086226,51.514176],[-0.086163,51.514216],[-0.086104,51.514257],[-0.085993,51.514345],[-0.085888,51.514438],[-0.08568,51.514624],[-0.085569,51.514713],[-0.08551,51.514756],[-0.085448,51.514796],[-0.085396,51.514827],[-0.085342,51.514856],[-0.085229,51.514911],[-0.084993,51.515015],[-0.084875,51.515067],[-0.084761,51.515122],[-0.084654,51.51518],[-0.084604,51.515212],[-0.084556,51.515245],[-0.084417,51.515354],[-0.084289,51.515467],[-0.08417,51.515585],[-0.084059,51.515707],[-0.083858,51.515957],[-0.083679,51.516213],[-0.083575,51.51639],[-0.083491,51.51657],[-0.083356,51.516939],[-0.083219,51.517308],[-0.083133,51.517488],[-0.083083,51.517577],[-0.083027,51.517664],[-0.082826,51.517927],[-0.082594,51.518182],[-0.082341,51.518428],[-0.082074,51.518669],[-0.081695,51.518987],[-0.081235,51.519352],[-0.08071,51.519752],[-0.080138,51.520175],[-0.078923,51.521046],[-0.077728,51.521871],[-0.077352,51.522117],[-0.076966,51.522356],[-0.076187,51.522832],[-0.075889,51.523009],[-0.075738,51.523097],[-0.075582,51.523181],[-0.075024,51.523461],[-0.074458,51.523735],[-0.073306,51.524267],[-0.072133,51.524781],[-0.070944,51.52528],[-0.070428,51.525489],[-0.070163,51.525587],[-0.069891,51.525676],[-0.069692,51.525731],[-0.069488,51.525779],[-0.069073,51.525864],[-0.06842,51.525983],[-0.067761,51.526091],[-0.066435,51.526283],[-0.065154,51.526453],[-0.063746,51.526632],[-0.060847,51.52698],[-0.059507,51.52713],[-0.058342,51.527254],[-0.057427,51.527341],[-0.057087,51.527368],[-0.056837,51.527382],[-0.056407,51.527392],[-0.055931,51.527393],[-0.055418,51.527385],[-0.05488,51.527369],[-0.053774,51.527313],[-0.052702,51.527233],[-0.052329,51.527192],[-0.052146,51.527164],[-0.051966,51.527128],[-0.051677,51.527054],[-0.051397,51.526969],[-0.051123,51.526874],[-0.050855,51.526774],[-0.050587,51.526666],[-0.050327,51.526551],[-0.049824,51.526305],[-0.049526,51.526145],[-0.049238,51.525978],[-0.048675,51.525634],[-0.04811,51.525293],[-0.047819,51.525128],[-0.047516,51.524972],[-0.047187,51.524813],[-0.04685,51.52466],[-0.0465,51.52452],[-0.046319,51.524457],[-0.046134,51.524399],[-0.045966,51.524353],[-0.045794,51.524313],[-0.045443,51.524244],[-0.045085,51.524188],[-0.044725,51.524138],[-0.044405,51.524099],[-0.044083,51.524068],[-0.043435,51.524023],[-0.042734,51.523986],[-0.042033,51.523959],[-0.04133,51.523943],[-0.040627,51.52394],[-0.03994,51.523953],[-0.039597,51.52397],[-0.039257,51.523997],[-0.038896,51.524038],[-0.038539,51.524089],[-0.038185,51.52415],[-0.037838,51.524222],[-0.037407,51.524328],[-0.036984,51.524447],[-0.036155,51.524709],[-0.03533,51.524977],[-0.034913,51.525104],[-0.034489,51.525222],[-0.033708,51.525417],[-0.03292,51.525599],[-0.031329,51.52594],[-0.029735,51.526278],[-0.028943,51.526455],[-0.028158,51.526643],[-0.027157,51.526897],[-0.026663,51.527035],[-0.02618,51.527185],[-0.025458,51.527437],[-0.024752,51.527707],[-0.02406,51.527992],[-0.02338,51.528287],[-0.023019,51.52845],[-0.022665,51.528618],[-0.022321,51.528794],[-0.021992,51.52898],[-0.021543,51.529274],[-0.020973,51.529681],[-0.019593,51.530713],[-0.018093,51.531832],[-0.017374,51.532347],[-0.016716,51.532792],[-0.01596,51.533259],[-0.014983,51.53383],[-0.012712,51.53512],[-0.010592,51.536322],[-0.009805,51.536784],[-0.009517,51.536961],[-0.009314,51.537096],[-0.009005,51.537329],[-0.008706,51.537579],[-0.008121,51.53811],[-0.007537,51.538658],[-0.007238,51.538927],[-0.006931,51.539187],[-0.006273,51.539711],[-0.005599,51.540228],[-0.004912,51.540738],[-0.004217,51.541244],[-0.003733,51.541584],[-0.003225,51.541928],[-0.002186,51.542612],[-0.001202,51.543275],[-0.00076,51.54359],[-0.000369,51.543892],[-0.000116,51.544102],[0.000126,51.544317],[0.000349,51.54454],[0.00045,51.544655],[0.000543,51.544772],[0.000649,51.544926],[0.000738,51.545084],[0.000809,51.545245],[0.000836,51.545327],[0.000857,51.545409],[0.000872,51.545491],[0.00088,51.545574],[0.00088,51.545741],[0.000862,51.545907],[0.000829,51.546072],[0.000753,51.546335],[0.000651,51.546594],[0.000527,51.54685],[0.000383,51.547102],[0.000257,51.547296],[0.000117,51.547486],[-4e-05,51.547671],[-0.000214,51.547849],[-0.0004,51.548015],[-0.000603,51.548175],[-0.000819,51.548327],[-0.001046,51.548473],[-0.001312,51.548626],[-0.001591,51.548769],[-0.002174,51.549037],[-0.002518,51.549179],[-0.002871,51.549313],[-0.003593,51.549566],[-0.00431,51.549823],[-0.004659,51.549961],[-0.004996,51.550109],[-0.005273,51.550246],[-0.005539,51.550392],[-0.005795,51.550545],[-0.006041,51.550704],[-0.006317,51.550892],[-0.006583,51.551086],[-0.006832,51.551288],[-0.007057,51.5515],[-0.007236,51.551704],[-0.007392,51.551917],[-0.007528,51.552134],[-0.00765,51.552355],[-0.007744,51.55255],[-0.007824,51.552747],[-0.007888,51.552946],[-0.007935,51.553147],[-0.007958,51.553305],[-0.007967,51.553464],[-0.007964,51.553623],[-0.007947,51.553782],[-0.007908,51.553996],[-0.007851,51.554209],[-0.007776,51.554419],[-0.007679,51.554625],[-0.00757,51.554805],[-0.007442,51.55498],[-0.0073,51.55515],[-0.007148,51.555318],[-0.006961,51.55551],[-0.006761,51.555698],[-0.006549,51.55588],[-0.006326,51.556057],[-0.006088,51.556227],[-0.005756,51.556451],[-0.00486,51.557031],[-0.002488,51.558522],[-1.4e-05,51.560078],[0.00101,51.560739],[0.001758,51.561248],[0.002319,51.561665],[0.002859,51.562092],[0.003384,51.562527],[0.003901,51.562966],[0.00428,51.563296],[0.004634,51.563636],[0.005015,51.564047],[0.005376,51.564466],[0.00572,51.56489],[0.006051,51.565318],[0.006442,51.565866],[0.006808,51.56642],[0.00717,51.566976],[0.007553,51.567526],[0.007951,51.568062],[0.008163,51.568326],[0.008391,51.568585],[0.008816,51.569017],[0.009268,51.569438],[0.009739,51.569851],[0.010224,51.570258],[0.010663,51.570607],[0.010893,51.570776],[0.011133,51.57094],[0.011347,51.571073],[0.011569,51.571201],[0.012024,51.571449],[0.012487,51.571694],[0.012959,51.571933],[0.013913,51.572402],[0.014856,51.57288],[0.015314,51.573128],[0.015757,51.573386],[0.01599,51.573537],[0.016098,51.573617],[0.0162,51.5737],[0.016385,51.573874],[0.016553,51.574055],[0.016865,51.574425],[0.017413,51.575105],[0.01804,51.57591],[0.018725,51.576814],[0.019449,51.577787],[0.020928,51.579826],[0.021641,51.580836],[0.022311,51.581801],[0.023032,51.582886],[0.023723,51.583979],[0.024402,51.585075],[0.025087,51.586169],[0.025625,51.587095],[0.025888,51.587559],[0.026133,51.588027],[0.026387,51.588553],[0.026627,51.589082],[0.026845,51.589614],[0.027035,51.59015],[0.027179,51.59065],[0.027304,51.591184],[0.027527,51.592323],[0.027752,51.593501],[0.027879,51.594084],[0.028025,51.594654],[0.028214,51.595293],[0.028422,51.595929],[0.028648,51.596564],[0.028892,51.597195],[0.029086,51.597656],[0.029294,51.598114],[0.02974,51.599025],[0.030734,51.600946],[0.031767,51.602862],[0.032298,51.603815],[0.032838,51.604763],[0.033387,51.605703],[0.033946,51.606635],[0.034394,51.607357],[0.034859,51.608074],[0.035343,51.608787],[0.035845,51.609495],[0.03645,51.610312],[0.037073,51.611123],[0.038354,51.612736],[0.039657,51.614342],[0.040949,51.615952]]]}},{"type":"Feature","properties":{"r":"UK","g":"uk","col":"#ef5245","n":"Central line","ct":"伦敦","jk":"subway","nz":"中央线","off":-0.5},"geometry":{"type":"LineString","coordinates":[[-0.301052,51.51503],[-0.2946008,51.515121]]}},{"type":"Feature","properties":{"r":"UK","g":"uk","col":"#ef5245","n":"Central line","ct":"伦敦","jk":"subway","nz":"中央线","off":-0.375},"geometry":{"type":"LineString","coordinates":[[-0.2946008,51.515121],[-0.294248,51.515126],[-0.2932676,51.5151111]]}},{"type":"Feature","properties":{"r":"UK","g":"uk","col":"#ef5245","n":"Central line","ct":"伦敦","jk":"subway","nz":"中央线","off":-0.25},"geometry":{"type":"LineString","coordinates":[[-0.2932676,51.5151111],[-0.292599,51.515101],[-0.2919345,51.5150878]]}},{"type":"Feature","properties":{"r":"UK","g":"uk","col":"#ef5245","n":"Central line","ct":"伦敦","jk":"subway","nz":"中央线","off":-0.125},"geometry":{"type":"LineString","coordinates":[[-0.2919345,51.5150878],[-0.290937,51.515068],[-0.2906014,51.5150643]]}},{"type":"Feature","properties":{"r":"UK","g":"uk","col":"#f4a9be","n":"Hammersmith & City line","ct":"伦敦","jk":"subway","nz":"哈默史密斯及城市线"},"geometry":{"type":"MultiLineString","coordinates":[[[-0.0716235,51.5152938],[-0.071825,51.515223],[-0.0719675,51.5151759]],[[-0.1681198,51.5196541],[-0.168129,51.519651],[-0.168327,51.519575],[-0.168488,51.519503],[-0.168652,51.519424],[-0.168985,51.519245],[-0.169643,51.518855],[-0.170238,51.5185],[-0.170493,51.518364],[-0.170606,51.518312],[-0.170658,51.518291],[-0.170708,51.518273],[-0.170765,51.518255],[-0.17084,51.518235],[-0.171039,51.518187],[-0.1713498,51.5181206]]]}},{"type":"Feature","properties":{"r":"UK","g":"uk","col":"#f4a9be","n":"Hammersmith & City line","ct":"伦敦","jk":"subway","nz":"哈默史密斯及城市线","off":-1.0},"geometry":{"type":"LineString","coordinates":[[-0.0744244,51.5145416],[-0.07454,51.514541],[-0.074746,51.514548],[-0.074953,51.514562],[-0.075158,51.514583],[-0.075358,51.51461],[-0.075549,51.514644],[-0.075726,51.514684],[-0.075809,51.514706],[-0.075888,51.51473],[-0.075927,51.514744],[-0.075968,51.51476],[-0.076054,51.514799],[-0.076146,51.514846],[-0.076243,51.514901],[-0.076673,51.515173],[-0.077141,51.515479],[-0.077378,51.515625],[-0.077611,51.515754],[-0.078109,51.515996],[-0.078368,51.516109],[-0.078635,51.516214],[-0.079183,51.516411],[-0.079744,51.516595],[-0.080318,51.516762],[-0.080903,51.516912],[-0.081171,51.516971],[-0.081499,51.517035],[-0.082307,51.517176],[-0.084363,51.517506],[-0.086672,51.517878],[-0.087796,51.518073],[-0.088835,51.518269],[-0.089984,51.518513],[-0.091253,51.518802],[-0.093855,51.519426],[-0.096049,51.519955],[-0.096808,51.520127],[-0.09707,51.52018],[-0.097168,51.520196],[-0.097208,51.520202],[-0.097242,51.520206],[-0.097503,51.520227],[-0.09779,51.52024],[-0.098094,51.520244],[-0.098412,51.520241],[-0.09906,51.520213],[-0.09938,51.520188],[-0.099688,51.520156],[-0.099845,51.520134],[-0.100007,51.520106],[-0.100341,51.520036],[-0.101018,51.519862],[-0.101647,51.519699],[-0.101789,51.519667],[-0.101922,51.519641],[-0.102045,51.519622],[-0.102102,51.519615],[-0.102157,51.51961],[-0.102289,51.519604],[-0.102421,51.519603],[-0.102553,51.519608],[-0.102686,51.519617],[-0.102949,51.519646],[-0.103208,51.519684],[-0.103394,51.519718],[-0.103576,51.519761],[-0.103753,51.519811],[-0.103925,51.519867],[-0.104087,51.519927],[-0.104244,51.519992],[-0.104394,51.520064],[-0.104536,51.520141],[-0.104651,51.520213],[-0.104758,51.52029],[-0.104859,51.520371],[-0.104953,51.520454],[-0.105213,51.520713],[-0.105464,51.520997],[-0.105936,51.521587],[-0.106366,51.522127],[-0.106565,51.522348],[-0.106659,51.522442],[-0.106751,51.522521],[-0.106848,51.522594],[-0.106958,51.522669],[-0.107212,51.522823],[-0.107811,51.523147],[-0.108454,51.523487],[-0.108762,51.523661],[-0.109046,51.523837],[-0.10926,51.523984],[-0.109466,51.524136],[-0.109861,51.524448],[-0.110254,51.524762],[-0.110665,51.525066],[-0.111722,51.525777],[-0.112808,51.526472],[-0.113912,51.527156],[-0.115027,51.527833],[-0.11604,51.528447],[-0.117111,51.52909],[-0.117624,51.529388],[-0.118096,51.529655],[-0.118511,51.529876],[-0.118691,51.529966],[-0.11885,51.530039],[-0.119129,51.530152],[-0.119421,51.530252],[-0.119723,51.530342],[-0.120031,51.530421],[-0.120321,51.530487],[-0.120616,51.530545],[-0.120916,51.53059],[-0.121067,51.530606],[-0.12122,51.530617],[-0.121324,51.530621],[-0.121429,51.530622],[-0.121639,51.530615],[-0.121847,51.530598],[-0.122052,51.530572],[-0.122162,51.530554],[-0.12227,51.530532],[-0.122483,51.530482],[-0.12269,51.530423],[-0.122892,51.530357],[-0.123249,51.530223],[-0.123593,51.530076],[-0.124257,51.529757],[-0.124919,51.529437],[-0.12526,51.529287],[-0.125614,51.529149],[-0.125753,51.529102],[-0.125896,51.52906],[-0.126188,51.528982],[-0.126482,51.528906],[-0.126626,51.528865],[-0.126768,51.528821],[-0.127344,51.528623],[-0.12791,51.528415],[-0.129026,51.527979],[-0.130136,51.527538],[-0.130696,51.527322],[-0.131262,51.527113],[-0.132468,51.526683],[-0.133681,51.526261],[-0.134905,51.525853],[-0.136146,51.525464],[-0.136939,51.525232],[-0.137741,51.525013],[-0.138551,51.524804],[-0.139367,51.524605],[-0.140309,51.524383],[-0.141291,51.524161],[-0.141765,51.524061],[-0.142212,51.523974],[-0.142619,51.523904],[-0.142973,51.523856],[-0.143138,51.523841],[-0.143308,51.52383],[-0.143664,51.523821],[-0.144417,51.52383],[-0.145191,51.523839],[-0.145575,51.52383],[-0.145763,51.52382],[-0.145949,51.523805],[-0.14633,51.52376],[-0.146707,51.523701],[-0.14745,51.523555],[-0.148192,51.523404],[-0.148566,51.523337],[-0.148944,51.523282],[-0.149369,51.523235],[-0.149797,51.523199],[-0.150658,51.523146],[-0.151519,51.523091],[-0.151946,51.523055],[-0.152371,51.523007],[-0.153278,51.522871],[-0.154672,51.522639],[-0.1561691,51.522379]]}},{"type":"Feature","properties":{"r":"UK","g":"uk","col":"#f4a9be","n":"Hammersmith & City line","ct":"伦敦","jk":"subway","nz":"哈默史密斯及城市线","off":-0.875},"geometry":{"type":"MultiLineString","coordinates":[[[-0.0740626,51.5145714],[-0.074111,51.514563],[-0.074186,51.514553],[-0.074262,51.514546],[-0.074339,51.514542],[-0.0744244,51.5145416]],[[-0.1561691,51.522379],[-0.156405,51.522338],[-0.157482,51.5221461]]]}},{"type":"Feature","properties":{"r":"UK","g":"uk","col":"#f4a9be","n":"Hammersmith & City line","ct":"伦敦","jk":"subway","nz":"哈默史密斯及城市线","off":-0.75},"geometry":{"type":"MultiLineString","coordinates":[[[-0.073708,51.5146516],[-0.073744,51.514642],[-0.073889,51.514607],[-0.074036,51.514576],[-0.0740626,51.5145714]],[[-0.157482,51.5221461],[-0.15833,51.521995],[-0.1587943,51.5219103]]]}},{"type":"Feature","properties":{"r":"UK","g":"uk","col":"#f4a9be","n":"Hammersmith & City line","ct":"伦敦","jk":"subway","nz":"哈默史密斯及城市线","off":-0.625},"geometry":{"type":"MultiLineString","coordinates":[[[-0.0733565,51.5147449],[-0.073708,51.5146516]],[[-0.1587943,51.5219103],[-0.160106,51.5216712]]]}},{"type":"Feature","properties":{"r":"UK","g":"uk","col":"#f4a9be","n":"Hammersmith & City line","ct":"伦敦","jk":"subway","nz":"哈默史密斯及城市线","off":-0.5},"geometry":{"type":"MultiLineString","coordinates":[[[-0.0730073,51.5148463],[-0.073326,51.514753],[-0.0733565,51.5147449]],[[-0.160106,51.5216712],[-0.160299,51.521636],[-0.162164,51.521288],[-0.163777,51.520977],[-0.1643246,51.520866]],[[-0.1752905,51.5174392],[-0.175378,51.517429],[-0.175458,51.517422],[-0.175521,51.517418],[-0.175646,51.517416],[-0.175772,51.517418],[-0.175898,51.517424],[-0.176024,51.517435],[-0.176148,51.51745],[-0.176269,51.517471],[-0.176388,51.517496],[-0.176503,51.517526],[-0.176585,51.517552],[-0.176663,51.517582],[-0.176738,51.517616],[-0.17681,51.517652],[-0.176948,51.51773],[-0.177082,51.517814],[-0.177349,51.517982],[-0.177491,51.518059],[-0.177565,51.518095],[-0.177643,51.518127],[-0.178099,51.518292],[-0.178573,51.518438],[-0.179064,51.51856],[-0.179314,51.51861],[-0.179568,51.518653],[-0.179645,51.518663],[-0.179743,51.518672],[-0.179994,51.51869],[-0.180691,51.51872],[-0.182649,51.518775],[-0.184938,51.518843],[-0.18605,51.518889],[-0.187056,51.518948],[-0.187851,51.519012],[-0.188643,51.519088],[-0.190222,51.519263],[-0.191801,51.519443],[-0.192592,51.519525],[-0.193385,51.519597],[-0.193916,51.519629],[-0.19445,51.51965],[-0.194981,51.519678],[-0.195245,51.5197],[-0.195506,51.519731],[-0.195731,51.519767],[-0.196004,51.519819],[-0.196664,51.519961],[-0.198244,51.520331],[-0.199787,51.520693],[-0.200403,51.520825],[-0.200647,51.52087],[-0.200749,51.520887],[-0.200838,51.520899],[-0.201262,51.520943],[-0.201691,51.520969],[-0.201906,51.520974],[-0.202121,51.520972],[-0.202334,51.520964],[-0.202547,51.520949],[-0.202654,51.520937],[-0.20276,51.520921],[-0.202865,51.520902],[-0.202968,51.520879],[-0.203172,51.520828],[-0.20337,51.52077],[-0.203626,51.520688],[-0.203875,51.520598],[-0.204113,51.520498],[-0.204227,51.520444],[-0.204336,51.520386],[-0.20445,51.520319],[-0.204563,51.520246],[-0.204791,51.520081],[-0.205252,51.519706],[-0.205728,51.519309],[-0.205976,51.519119],[-0.206231,51.518942],[-0.206565,51.518732],[-0.206912,51.518529],[-0.207274,51.518338],[-0.207653,51.51816],[-0.207906,51.518058],[-0.208169,51.517965],[-0.208711,51.517799],[-0.209182,51.517672],[-0.209681,51.517551],[-0.210704,51.517325],[-0.21166,51.51711],[-0.212074,51.517004],[-0.212259,51.51695],[-0.212426,51.516896],[-0.21284,51.51674],[-0.213236,51.516566],[-0.213615,51.516377],[-0.213977,51.516177],[-0.214167,51.516059],[-0.214409,51.515896],[-0.215025,51.515456],[-0.216607,51.51428],[-0.218323,51.513007],[-0.219106,51.512447],[-0.219771,51.511997],[-0.220212,51.511728],[-0.220678,51.511476],[-0.221036,51.511305],[-0.221412,51.51114],[-0.222186,51.510823],[-0.222931,51.510511],[-0.223273,51.510352],[-0.223582,51.510189],[-0.223857,51.51002],[-0.224114,51.509839],[-0.224356,51.50965],[-0.224587,51.509456],[-0.224777,51.509284],[-0.224957,51.509108],[-0.225125,51.508927],[-0.225282,51.508743],[-0.2255,51.508452],[-0.225682,51.508151],[-0.225785,51.507943],[-0.225874,51.507733],[-0.22602,51.507307],[-0.226237,51.506519],[-0.226414,51.505727],[-0.226561,51.504932],[-0.226687,51.504136],[-0.226744,51.50366],[-0.22677,51.503183],[-0.226768,51.50295],[-0.22675,51.502717],[-0.22664,51.50198],[-0.226469,51.501036],[-0.226001,51.498719],[-0.225458,51.496148],[-0.224952,51.493704]]]}},{"type":"Feature","properties":{"r":"UK","g":"uk","col":"#f4a9be","n":"Hammersmith & City line","ct":"伦敦","jk":"subway","nz":"哈默史密斯及城市线","off":-0.375},"geometry":{"type":"MultiLineString","coordinates":[[[-0.0726595,51.5149522],[-0.072858,51.51489],[-0.0730073,51.5148463]],[[-0.1643246,51.520866],[-0.16499,51.520731],[-0.165325,51.520659],[-0.16549,51.520618],[-0.16557,51.520595],[-0.1656254,51.5205765]],[[-0.1739719,51.5176365],[-0.1746,51.517535],[-0.175171,51.517453],[-0.1752905,51.5174392]]]}},{"type":"Feature","properties":{"r":"UK","g":"uk","col":"#f4a9be","n":"Hammersmith & City line","ct":"伦敦","jk":"subway","nz":"哈默史密斯及城市线","off":-0.25},"geometry":{"type":"MultiLineString","coordinates":[[[-0.0723127,51.5150617],[-0.072354,51.515048],[-0.0726595,51.5149522]],[[-0.1656254,51.5205765],[-0.165648,51.520569],[-0.165783,51.520518],[-0.165912,51.520461],[-0.166159,51.520338],[-0.166405,51.520214],[-0.166532,51.520155],[-0.166663,51.5201],[-0.1668426,51.520036]],[[-0.1726586,51.5178665],[-0.173093,51.517787],[-0.173882,51.517651],[-0.1739719,51.5176365]]]}},{"type":"Feature","properties":{"r":"UK","g":"uk","col":"#f4a9be","n":"Hammersmith & City line","ct":"伦敦","jk":"subway","nz":"哈默史密斯及城市线","off":-0.125},"geometry":{"type":"MultiLineString","coordinates":[[[-0.0719675,51.5151759],[-0.0723127,51.5150617]],[[-0.1668426,51.520036],[-0.166865,51.520028],[-0.167074,51.519963],[-0.1675,51.519843],[-0.167924,51.51972],[-0.1681198,51.5196541]],[[-0.1713498,51.5181206],[-0.171596,51.518068],[-0.172306,51.517931],[-0.1726586,51.5178665]]]}},{"type":"Feature","properties":{"r":"UK","g":"uk","col":"#f4a9be","n":"Hammersmith & City line","ct":"伦敦","jk":"subway","nz":"哈默史密斯及城市线","off":0.125},"geometry":{"type":"LineString","coordinates":[[-0.0712805,51.5154144],[-0.0716235,51.5152938]]}},{"type":"Feature","properties":{"r":"UK","g":"uk","col":"#f4a9be","n":"Hammersmith & City line","ct":"伦敦","jk":"subway","nz":"哈默史密斯及城市线","off":0.25},"geometry":{"type":"LineString","coordinates":[[-0.0709374,51.515535],[-0.0712805,51.5154144]]}},{"type":"Feature","properties":{"r":"UK","g":"uk","col":"#f4a9be","n":"Hammersmith & City line","ct":"伦敦","jk":"subway","nz":"哈默史密斯及城市线","off":0.375},"geometry":{"type":"LineString","coordinates":[[-0.0705958,51.5156594],[-0.070744,51.515603],[-0.0709374,51.515535]]}},{"type":"Feature","properties":{"r":"UK","g":"uk","col":"#f4a9be","n":"Hammersmith & City line","ct":"伦敦","jk":"subway","nz":"哈默史密斯及城市线","off":0.5},"geometry":{"type":"LineString","coordinates":[[0.080657,51.539504],[0.078622,51.540574],[0.0776,51.541105],[0.07656,51.541622],[0.075544,51.542101],[0.075025,51.542331],[0.074496,51.542552],[0.073923,51.542774],[0.073628,51.542877],[0.073326,51.54297],[0.072677,51.543141],[0.071767,51.543362],[0.070688,51.543613],[0.06953,51.543872],[0.068387,51.544121],[0.06735,51.544338],[0.066511,51.544504],[0.066195,51.544561],[0.065962,51.544597],[0.065671,51.54463],[0.065376,51.544651],[0.065079,51.544662],[0.064783,51.544662],[0.064511,51.544653],[0.06424,51.544633],[0.063971,51.544605],[0.063704,51.544569],[0.063384,51.544517],[0.063067,51.544456],[0.062756,51.544385],[0.062455,51.5443],[0.062113,51.544185],[0.061784,51.544057],[0.061468,51.543916],[0.061167,51.543763],[0.061069,51.543707],[0.060974,51.543649],[0.060794,51.543526],[0.060458,51.543267],[0.060265,51.543105],[0.060084,51.542936],[0.059738,51.542592],[0.059383,51.542253],[0.05919,51.542091],[0.05898,51.541938],[0.058788,51.541815],[0.058587,51.541698],[0.058164,51.541477],[0.057723,51.54127],[0.057276,51.541068],[0.056651,51.540796],[0.056012,51.540536],[0.055362,51.540287],[0.054701,51.540049],[0.053963,51.539799],[0.053214,51.539562],[0.052456,51.539337],[0.051688,51.539125],[0.051054,51.538966],[0.050014,51.538719],[0.046881,51.537992],[0.037587,51.535876],[0.026498,51.533366],[0.016307,51.531053],[0.008867,51.529307],[0.000756,51.527397],[-0.006013,51.525816],[-0.008265,51.525303],[-0.008997,51.525143],[-0.009425,51.525057],[-0.010001,51.524964],[-0.010648,51.52487],[-0.011338,51.524779],[-0.012043,51.524694],[-0.012734,51.524619],[-0.013383,51.524555],[-0.013961,51.524508],[-0.014441,51.524479],[-0.014964,51.524468],[-0.015649,51.524468],[-0.016435,51.52448],[-0.017261,51.524499],[-0.018065,51.524526],[-0.018786,51.524558],[-0.019363,51.524593],[-0.019579,51.524611],[-0.019665,51.524621],[-0.019735,51.52463],[-0.019854,51.52465],[-0.019972,51.524675],[-0.020087,51.524703],[-0.020201,51.524734],[-0.020422,51.524805],[-0.020636,51.524884],[-0.020801,51.524954],[-0.02099,51.525042],[-0.021426,51.525265],[-0.022429,51.525816],[-0.02341,51.526355],[-0.02382,51.526564],[-0.023991,51.526644],[-0.024067,51.526676],[-0.024136,51.526703],[-0.024319,51.526765],[-0.024509,51.526818],[-0.024607,51.52684],[-0.024706,51.52686],[-0.024806,51.526878],[-0.024907,51.526892],[-0.025018,51.526904],[-0.025131,51.526914],[-0.025244,51.52692],[-0.025357,51.526923],[-0.025471,51.526923],[-0.025584,51.52692],[-0.025697,51.526914],[-0.025809,51.526905],[-0.025848,51.526901],[-0.025896,51.526894],[-0.026022,51.526874],[-0.026379,51.52681],[-0.027444,51.5266],[-0.028847,51.52631],[-0.030426,51.525973],[-0.032023,51.525625],[-0.033478,51.5253],[-0.034631,51.525031],[-0.035045,51.524929],[-0.035324,51.524854],[-0.035864,51.524684],[-0.03639,51.524496],[-0.036899,51.524292],[-0.03739,51.524071],[-0.037567,51.52398],[-0.037734,51.523882],[-0.038054,51.523676],[-0.038376,51.523471],[-0.038546,51.523376],[-0.038726,51.523288],[-0.038985,51.523178],[-0.039252,51.523075],[-0.039803,51.522886],[-0.040371,51.522717],[-0.040949,51.522562],[-0.041277,51.522485],[-0.04161,51.522418],[-0.042288,51.522306],[-0.042678,51.522253],[-0.043072,51.522209],[-0.043863,51.522134],[-0.044654,51.52206],[-0.045047,51.522016],[-0.045438,51.521964],[-0.045911,51.521888],[-0.046535,51.521779],[-0.04814,51.52148],[-0.052118,51.520709],[-0.055862,51.519983],[-0.057174,51.519739],[-0.057608,51.519666],[-0.057758,51.519643],[-0.057816,51.519636],[-0.057861,51.519631],[-0.057981,51.519623],[-0.058102,51.519619],[-0.058344,51.51962],[-0.058831,51.519645],[-0.059074,51.519659],[-0.059317,51.519668],[-0.059438,51.519669],[-0.059558,51.519666],[-0.059678,51.51966],[-0.059798,51.519649],[-0.060062,51.519614],[-0.060347,51.519564],[-0.060648,51.519502],[-0.060958,51.519431],[-0.061585,51.519265],[-0.06218,51.519082],[-0.062331,51.519029],[-0.062477,51.518971],[-0.062617,51.518907],[-0.062747,51.518836],[-0.062786,51.518812],[-0.062822,51.518786],[-0.062889,51.518732],[-0.063012,51.518617],[-0.063073,51.51856],[-0.063137,51.518504],[-0.063171,51.518477],[-0.063207,51.518452],[-0.063245,51.518428],[-0.063286,51.518405],[-0.063336,51.518381],[-0.063396,51.518355],[-0.063547,51.518297],[-0.063956,51.518159],[-0.065075,51.517816],[-0.06636,51.517419],[-0.066976,51.517213],[-0.067527,51.517011],[-0.067811,51.516893],[-0.068087,51.516767],[-0.068624,51.516503],[-0.069161,51.516238],[-0.069436,51.516112],[-0.069719,51.515993],[-0.0705958,51.5156594]]}},{"type":"Feature","properties":{"r":"UK","g":"uk","col":"#ffd329","n":"Circle line","ct":"伦敦","jk":"subway","nz":"环线"},"geometry":{"type":"MultiLineString","coordinates":[[[-0.1882841,51.4971701],[-0.188269,51.497151],[-0.188222,51.497081],[-0.188181,51.497009],[-0.188112,51.496863],[-0.1881075,51.4968534]],[[-0.169199,51.4940197],[-0.168885,51.494012],[-0.1688355,51.4940104]],[[-0.1053028,51.5111961],[-0.105285,51.511198],[-0.105183,51.511212],[-0.104981,51.511247],[-0.1049441,51.5112553]],[[-0.0935198,51.5118492],[-0.093351,51.511837],[-0.0931776,51.5118194]],[[-0.0753805,51.5110407],[-0.075377,51.511052],[-0.075347,51.511178],[-0.075327,51.511304],[-0.075322,51.51138],[-0.0753221,51.5113907]]]}},{"type":"Feature","properties":{"r":"UK","g":"uk","col":"#ffd329","n":"Circle line","ct":"伦敦","jk":"subway","nz":"环线","off":-1.0},"geometry":{"type":"LineString","coordinates":[[-0.0875988,51.5110401],[-0.086685,51.51082],[-0.086233,51.510725],[-0.086024,51.510688],[-0.08583,51.510659],[-0.085665,51.51064],[-0.085495,51.510625],[-0.085142,51.510606],[-0.084422,51.510592],[-0.083748,51.510579],[-0.083452,51.51056],[-0.083319,51.510546],[-0.083197,51.510527],[-0.083138,51.510515],[-0.083075,51.510501],[-0.082943,51.510466],[-0.082652,51.510375],[-0.082003,51.510138],[-0.08134,51.509896],[-0.081031,51.509799],[-0.080887,51.50976],[-0.080752,51.50973],[-0.0805798,51.5096992]]}},{"type":"Feature","properties":{"r":"UK","g":"uk","col":"#ffd329","n":"Circle line","ct":"伦敦","jk":"subway","nz":"环线","off":-0.875},"geometry":{"type":"MultiLineString","coordinates":[[[-0.0888247,51.5113292],[-0.088623,51.511287],[-0.087665,51.511056],[-0.0875988,51.5110401]],[[-0.0805798,51.5096992],[-0.080489,51.509683],[-0.080221,51.509643],[-0.07995,51.509611],[-0.079675,51.509586],[-0.0792831,51.5095655]]]}},{"type":"Feature","properties":{"r":"UK","g":"uk","col":"#ffd329","n":"Circle line","ct":"伦敦","jk":"subway","nz":"环线","off":-0.75},"geometry":{"type":"MultiLineString","coordinates":[[[-0.0900739,51.511457],[-0.089742,51.511456],[-0.089576,51.511449],[-0.089494,51.511443],[-0.089412,51.511434],[-0.089239,51.51141],[-0.089048,51.511376],[-0.0888247,51.5113292]],[[-0.0792831,51.5095655],[-0.079122,51.509557],[-0.078569,51.509556],[-0.078271,51.509568],[-0.0779798,51.5095889]]]}},{"type":"Feature","properties":{"r":"UK","g":"uk","col":"#ffd329","n":"Circle line","ct":"伦敦","jk":"subway","nz":"环线","off":-0.625},"geometry":{"type":"MultiLineString","coordinates":[[[-0.0913273,51.5115527],[-0.091172,51.511526],[-0.090958,51.511495],[-0.090742,51.511471],[-0.090577,51.51146],[-0.09041,51.511456],[-0.090076,51.511457],[-0.0900739,51.511457]],[[-0.0779798,51.5095889],[-0.07795,51.509591],[-0.077299,51.509658],[-0.076997,51.509701],[-0.07673,51.509746],[-0.0766863,51.5097547]]]}},{"type":"Feature","properties":{"r":"UK","g":"uk","col":"#ffd329","n":"Circle line","ct":"伦敦","jk":"subway","nz":"环线","off":-0.5},"geometry":{"type":"MultiLineString","coordinates":[[[-0.224993,51.493702],[-0.225536,51.496355],[-0.226132,51.499213],[-0.226623,51.50166],[-0.226779,51.502537],[-0.226826,51.502854],[-0.226849,51.503079],[-0.226852,51.503354],[-0.226834,51.503629],[-0.226762,51.504179],[-0.226634,51.50497],[-0.22648,51.505759],[-0.226296,51.506545],[-0.226078,51.507328],[-0.225955,51.507698],[-0.22588,51.507881],[-0.225792,51.508061],[-0.225668,51.508278],[-0.22553,51.508493],[-0.225378,51.508704],[-0.225213,51.50891],[-0.225069,51.509072],[-0.224915,51.509231],[-0.224577,51.509536],[-0.224359,51.509712],[-0.224131,51.509883],[-0.22389,51.510047],[-0.223634,51.510202],[-0.223355,51.510349],[-0.223065,51.510487],[-0.222461,51.510744],[-0.221849,51.510996],[-0.221548,51.511127],[-0.221256,51.511264],[-0.220855,51.511464],[-0.22046,51.511669],[-0.220076,51.511882],[-0.219707,51.512104],[-0.219212,51.512438],[-0.218631,51.512862],[-0.217309,51.513871],[-0.215936,51.514917],[-0.215292,51.515388],[-0.214708,51.515787],[-0.214376,51.515998],[-0.214034,51.516204],[-0.213681,51.516402],[-0.213315,51.51659],[-0.212866,51.516794],[-0.212631,51.516887],[-0.212388,51.516971],[-0.211988,51.517088],[-0.211568,51.517193],[-0.210693,51.517383],[-0.209803,51.517571],[-0.209364,51.517673],[-0.208937,51.517786],[-0.208342,51.517963],[-0.208054,51.518062],[-0.207777,51.518173],[-0.207325,51.518387],[-0.206896,51.518619],[-0.206485,51.518864],[-0.206086,51.519117],[-0.205854,51.519277],[-0.205632,51.519446],[-0.205205,51.519797],[-0.204779,51.520136],[-0.204558,51.52029],[-0.204444,51.520362],[-0.204327,51.520429],[-0.204102,51.520542],[-0.203862,51.520645],[-0.203611,51.520736],[-0.203351,51.520817],[-0.203155,51.520869],[-0.202954,51.520914],[-0.202748,51.520949],[-0.202644,51.520962],[-0.202539,51.520972],[-0.202329,51.520985],[-0.202118,51.520992],[-0.201693,51.520989],[-0.20127,51.520965],[-0.200853,51.520921],[-0.200693,51.520898],[-0.20052,51.520867],[-0.200143,51.520788],[-0.199294,51.520579],[-0.198385,51.520347],[-0.197934,51.520238],[-0.197498,51.520142],[-0.196915,51.520025],[-0.196328,51.519913],[-0.195737,51.519812],[-0.195141,51.519725],[-0.194377,51.519633],[-0.193453,51.519535],[-0.192406,51.519435],[-0.191273,51.519334],[-0.190091,51.519237],[-0.188897,51.519146],[-0.187728,51.519065],[-0.18662,51.518997],[-0.185943,51.51897],[-0.185265,51.518958],[-0.184587,51.518945],[-0.18391,51.518919],[-0.18323,51.518867],[-0.182552,51.518798],[-0.181874,51.518734],[-0.181534,51.518709],[-0.181192,51.518693],[-0.180986,51.518691],[-0.180779,51.518698],[-0.180364,51.518722],[-0.180158,51.518733],[-0.179952,51.518738],[-0.179849,51.518738],[-0.179747,51.518735],[-0.179645,51.518729],[-0.179543,51.518719],[-0.179334,51.518691],[-0.179128,51.518655],[-0.178925,51.518611],[-0.178725,51.518562],[-0.178336,51.518447],[-0.177961,51.518316],[-0.177873,51.518281],[-0.177789,51.518244],[-0.177627,51.518163],[-0.177319,51.517985],[-0.177012,51.517808],[-0.176849,51.517728],[-0.176763,51.517691],[-0.176675,51.517657],[-0.176477,51.517588],[-0.176375,51.517556],[-0.176271,51.517527],[-0.176165,51.517502],[-0.176057,51.517482],[-0.176003,51.517474],[-0.175948,51.517467],[-0.175893,51.517463],[-0.175837,51.51746],[-0.175815,51.51746],[-0.17579,51.51746],[-0.17573,51.517463],[-0.17557,51.517477],[-0.175114,51.517533],[-0.174515,51.51762],[-0.173819,51.51773],[-0.17307,51.517858],[-0.172315,51.517994],[-0.171598,51.518131],[-0.170965,51.518263],[-0.17095,51.518266],[-0.170935,51.51827],[-0.170906,51.518279],[-0.17089,51.518284],[-0.170875,51.51829],[-0.17086,51.518295],[-0.170852,51.518298],[-0.170844,51.5183],[-0.17083,51.518304],[-0.170816,51.518308],[-0.170809,51.51831],[-0.170806,51.51831],[-0.170802,51.518311],[-0.170799,51.518311],[-0.170795,51.518311],[-0.170792,51.518311],[-0.17079,51.518311],[-0.170788,51.518311],[-0.170787,51.518311],[-0.170786,51.518311],[-0.170785,51.518311],[-0.170783,51.518311],[-0.170781,51.51831],[-0.17078,51.51831],[-0.170778,51.518309],[-0.170775,51.518308],[-0.170769,51.518305],[-0.170766,51.518304],[-0.170764,51.518303],[-0.170763,51.518302],[-0.170761,51.518302],[-0.170759,51.518302],[-0.170757,51.518301],[-0.170756,51.518301],[-0.170754,51.5183],[-0.170753,51.5183],[-0.170752,51.5183],[-0.170752,51.518299],[-0.170751,51.518299],[-0.17075,51.518298],[-0.17075,51.518297],[-0.170749,51.518297],[-0.170749,51.518296],[-0.170749,51.518295],[-0.17075,51.518294],[-0.17075,51.518293],[-0.17075,51.518292],[-0.170751,51.518291],[-0.170751,51.51829],[-0.170751,51.518289],[-0.170752,51.518288],[-0.170752,51.518287],[-0.170752,51.518284],[-0.170751,51.51828],[-0.170751,51.518277],[-0.170752,51.518276],[-0.170752,51.518275],[-0.170752,51.518274],[-0.170753,51.518273],[-0.170753,51.518272],[-0.170754,51.518271],[-0.170755,51.51827],[-0.170756,51.518269],[-0.170758,51.518267],[-0.17076,51.518266],[-0.170763,51.518264],[-0.170766,51.518262],[-0.170768,51.518261],[-0.170775,51.518258],[-0.170788,51.518254],[-0.1708,51.518249],[-0.170808,51.518246],[-0.170816,51.518244],[-0.170832,51.518239],[-0.170848,51.518234],[-0.170864,51.518229],[-0.170892,51.518219],[-0.170906,51.518214],[-0.170919,51.518208],[-0.171096,51.518123],[-0.171179,51.518078],[-0.171219,51.518053],[-0.171257,51.518028],[-0.171307,51.517992],[-0.171354,51.517954],[-0.171441,51.517876],[-0.171601,51.517713],[-0.171761,51.517549],[-0.171847,51.51747],[-0.171894,51.517433],[-0.171943,51.517396],[-0.172263,51.517184],[-0.172694,51.516921],[-0.173206,51.516623],[-0.173769,51.516307],[-0.174354,51.515989],[-0.174928,51.515686],[-0.175464,51.515415],[-0.17593,51.515193],[-0.176064,51.515136],[-0.176203,51.515082],[-0.176488,51.514984],[-0.176773,51.514885],[-0.176912,51.514832],[-0.177047,51.514775],[-0.17729,51.514659],[-0.177524,51.514536],[-0.177978,51.514277],[-0.17843,51.514018],[-0.178662,51.513893],[-0.178902,51.513774],[-0.179239,51.513618],[-0.179583,51.513468],[-0.179937,51.513328],[-0.180304,51.513202],[-0.180749,51.513074],[-0.181207,51.512963],[-0.181673,51.512865],[-0.182144,51.512778],[-0.182363,51.512743],[-0.182584,51.512714],[-0.18303,51.512666],[-0.1842,51.512558],[-0.185475,51.512456],[-0.188094,51.512272],[-0.190384,51.512113],[-0.191248,51.512041],[-0.191582,51.512007],[-0.191841,51.511974],[-0.192346,51.51189],[-0.192844,51.511788],[-0.193333,51.511671],[-0.193812,51.511539],[-0.194007,51.511479],[-0.194197,51.511414],[-0.194381,51.511342],[-0.194557,51.511263],[-0.194773,51.51115],[-0.194977,51.511029],[-0.195168,51.5109],[-0.195345,51.510764],[-0.195463,51.510659],[-0.19557,51.510549],[-0.195666,51.510435],[-0.195751,51.510318],[-0.195803,51.510231],[-0.195845,51.510141],[-0.195912,51.509959],[-0.196015,51.50962],[-0.196052,51.509449],[-0.196077,51.509278],[-0.196085,51.509053],[-0.196077,51.50894],[-0.19606,51.508828],[-0.19596,51.508434],[-0.195788,51.507876],[-0.195558,51.507192],[-0.195284,51.506422],[-0.194659,51.504772],[-0.194337,51.503968],[-0.194026,51.50323],[-0.193852,51.502827],[-0.19367,51.502425],[-0.193465,51.502027],[-0.193349,51.501832],[-0.193223,51.501639],[-0.193084,51.501448],[-0.192933,51.501261],[-0.192608,51.500894],[-0.192261,51.500533],[-0.191909,51.500175],[-0.191455,51.499715],[-0.191214,51.49949],[-0.190956,51.499274],[-0.190752,51.499124],[-0.190534,51.498981],[-0.19008,51.498706],[-0.189628,51.498429],[-0.189414,51.498284],[-0.189214,51.498132],[-0.1890252,51.4979679]],[[-0.1677451,51.493975],[-0.167745,51.493975],[-0.166546,51.493927],[-0.16536,51.493873],[-0.164256,51.493815],[-0.163305,51.493755],[-0.162575,51.493698],[-0.161852,51.493623],[-0.161134,51.493531],[-0.160423,51.49342],[-0.159724,51.493285],[-0.15927,51.493179],[-0.158823,51.493057],[-0.157937,51.492787],[-0.157049,51.492511],[-0.156599,51.492383],[-0.156143,51.492267],[-0.155727,51.492171],[-0.155307,51.492081],[-0.154881,51.492005],[-0.154665,51.491975],[-0.154447,51.491951],[-0.154219,51.491934],[-0.153991,51.491923],[-0.153531,51.491918],[-0.153071,51.491928],[-0.152612,51.491947],[-0.152054,51.491978],[-0.151778,51.492006],[-0.151642,51.492025],[-0.151508,51.492048],[-0.151132,51.492129],[-0.150766,51.492229],[-0.150413,51.492344],[-0.150076,51.492476],[-0.149879,51.492564],[-0.149688,51.492659],[-0.149326,51.492861],[-0.148981,51.493077],[-0.14865,51.4933],[-0.148292,51.493567],[-0.147972,51.493852],[-0.147781,51.494053],[-0.147607,51.49426],[-0.147286,51.494684],[-0.14696,51.495105],[-0.146778,51.49531],[-0.146577,51.495506],[-0.146488,51.495581],[-0.146392,51.495652],[-0.146289,51.49572],[-0.14618,51.495783],[-0.146023,51.495863],[-0.145859,51.495937],[-0.145687,51.496005],[-0.14551,51.496066],[-0.14529,51.496132],[-0.145064,51.496191],[-0.144832,51.496241],[-0.144597,51.496283],[-0.144478,51.4963],[-0.144358,51.496313],[-0.144116,51.496333],[-0.143625,51.496354],[-0.143137,51.496379],[-0.142897,51.496404],[-0.142778,51.49642],[-0.142661,51.496441],[-0.142526,51.49647],[-0.142392,51.496503],[-0.142121,51.496582],[-0.141575,51.49677],[-0.14102,51.496971],[-0.140739,51.497064],[-0.140455,51.497146],[-0.140221,51.497203],[-0.139983,51.497253],[-0.1395,51.497342],[-0.139019,51.497434],[-0.138784,51.497488],[-0.138553,51.497549],[-0.138222,51.497654],[-0.1379,51.497772],[-0.137587,51.497898],[-0.137281,51.49803],[-0.137049,51.498139],[-0.136824,51.498254],[-0.136388,51.498494],[-0.135948,51.498732],[-0.13572,51.498844],[-0.135482,51.498947],[-0.134988,51.499137],[-0.134479,51.499312],[-0.133953,51.499466],[-0.133685,51.499534],[-0.133412,51.499595],[-0.133301,51.499616],[-0.133188,51.499635],[-0.13296,51.499664],[-0.132729,51.499684],[-0.132497,51.499699],[-0.132188,51.49971],[-0.131878,51.49971],[-0.131257,51.499695],[-0.130635,51.499678],[-0.130325,51.499676],[-0.130015,51.499683],[-0.129516,51.499709],[-0.129269,51.499732],[-0.129147,51.499747],[-0.129026,51.499766],[-0.128918,51.499786],[-0.128812,51.499809],[-0.128602,51.499861],[-0.128195,51.499983],[-0.127388,51.500248],[-0.126576,51.500535],[-0.126188,51.500682],[-0.125821,51.50083],[-0.125483,51.500976],[-0.125182,51.501119],[-0.124935,51.501251],[-0.124702,51.501393],[-0.124485,51.501544],[-0.12429,51.501706],[-0.124166,51.501829],[-0.124057,51.501959],[-0.123964,51.502093],[-0.123886,51.50223],[-0.123776,51.502481],[-0.123661,51.502808],[-0.123543,51.503193],[-0.123426,51.503619],[-0.123201,51.504524],[-0.123007,51.505385],[-0.122969,51.505636],[-0.122948,51.505888],[-0.122917,51.506139],[-0.12289,51.506264],[-0.122851,51.506387],[-0.122804,51.506502],[-0.122749,51.506616],[-0.12262,51.50684],[-0.122472,51.50706],[-0.122315,51.507277],[-0.122089,51.507572],[-0.121848,51.507862],[-0.121587,51.508145],[-0.121301,51.508418],[-0.121137,51.508557],[-0.120962,51.50869],[-0.120775,51.508818],[-0.120578,51.508939],[-0.120332,51.509073],[-0.120075,51.509198],[-0.119807,51.509315],[-0.119532,51.509425],[-0.119038,51.509607],[-0.118479,51.509801],[-0.117876,51.51],[-0.117245,51.510199],[-0.116604,51.510393],[-0.115973,51.510576],[-0.115369,51.510742],[-0.114811,51.510885],[-0.114542,51.510947],[-0.11427,51.511003],[-0.113993,51.511051],[-0.113714,51.51109],[-0.113252,51.511138],[-0.112785,51.511171],[-0.112317,51.511193],[-0.111848,51.511209],[-0.110988,51.511223],[-0.110053,51.511222],[-0.108136,51.511193],[-0.10646,51.511167],[-0.1063927,51.5111671]],[[-0.0921544,51.5116976],[-0.092019,51.511676],[-0.091596,51.511599],[-0.0913273,51.5115527]],[[-0.0766863,51.5097547],[-0.076614,51.509769],[-0.076512,51.509793],[-0.076426,51.509816],[-0.07639,51.509828],[-0.076358,51.509839],[-0.076307,51.50986],[-0.076258,51.509884],[-0.076211,51.509909],[-0.076166,51.509935],[-0.076123,51.509963],[-0.076082,51.509992],[-0.076006,51.510054],[-0.075935,51.51012],[-0.0759219,51.5101337]]]}},{"type":"Feature","properties":{"r":"UK","g":"uk","col":"#ffd329","n":"Circle line","ct":"伦敦","jk":"subway","nz":"环线","off":-0.375},"geometry":{"type":"MultiLineString","coordinates":[[[-0.1890252,51.4979679],[-0.188946,51.497899],[-0.1887605,51.4977187]],[[-0.1681086,51.4939868],[-0.1677451,51.493975]],[[-0.1063927,51.5111671],[-0.1060291,51.5111677]],[[-0.0924947,51.5117445],[-0.092447,51.511739],[-0.092232,51.51171],[-0.0921544,51.5116976]],[[-0.0759219,51.5101337],[-0.07587,51.510188],[-0.075753,51.510326],[-0.0756933,51.5104059]]]}},{"type":"Feature","properties":{"r":"UK","g":"uk","col":"#ffd329","n":"Circle line","ct":"伦敦","jk":"subway","nz":"环线","off":-0.25},"geometry":{"type":"MultiLineString","coordinates":[[[-0.1887605,51.4977187],[-0.188698,51.497658],[-0.1885126,51.4974529]],[[-0.168472,51.4939986],[-0.1681086,51.4939868]],[[-0.1060291,51.5111677],[-0.105826,51.511168],[-0.1056655,51.5111725]],[[-0.0928359,51.5117838],[-0.0924947,51.5117445]],[[-0.0756933,51.5104059],[-0.075667,51.510441],[-0.07559,51.510559],[-0.075523,51.51068],[-0.075509,51.5107095]]]}},{"type":"Feature","properties":{"r":"UK","g":"uk","col":"#ffd329","n":"Circle line","ct":"伦敦","jk":"subway","nz":"环线","off":-0.125},"geometry":{"type":"MultiLineString","coordinates":[[[-0.1885126,51.4974529],[-0.188472,51.497408],[-0.1882841,51.4971701]],[[-0.1688355,51.4940104],[-0.168472,51.4939986]],[[-0.1056655,51.5111725],[-0.105579,51.511175],[-0.105477,51.51118],[-0.105388,51.511187],[-0.1053028,51.5111961]],[[-0.0931776,51.5118194],[-0.092898,51.511791],[-0.0928359,51.5117838]],[[-0.075509,51.5107095],[-0.075465,51.510802],[-0.075416,51.510926],[-0.0753805,51.5110407]]]}},{"type":"Feature","properties":{"r":"UK","g":"uk","col":"#ffd329","n":"Circle line","ct":"伦敦","jk":"subway","nz":"环线","off":0.125},"geometry":{"type":"MultiLineString","coordinates":[[[-0.1881075,51.4968534],[-0.188043,51.496716],[-0.188005,51.496644],[-0.18796,51.496573],[-0.1879323,51.4965358]],[[-0.1695625,51.4940287],[-0.169199,51.4940197]],[[-0.1049441,51.5112553],[-0.1045893,51.511335]],[[-0.0938626,51.5118719],[-0.093806,51.51187],[-0.0935198,51.5118492]],[[-0.0753221,51.5113907],[-0.075323,51.511456],[-0.075331,51.511533],[-0.075343,51.511609],[-0.0753754,51.5117412]]]}},{"type":"Feature","properties":{"r":"UK","g":"uk","col":"#ffd329","n":"Circle line","ct":"伦敦","jk":"subway","nz":"环线","off":0.25},"geometry":{"type":"MultiLineString","coordinates":[[[-0.1879323,51.4965358],[-0.187881,51.496467],[-0.187795,51.496363],[-0.1876976,51.4962584]],[[-0.1699261,51.4940373],[-0.169899,51.494037],[-0.1695625,51.4940287]],[[-0.1045893,51.511335],[-0.104585,51.511336],[-0.1043,51.51141],[-0.1042379,51.5114283]],[[-0.0942059,51.5118831],[-0.0938626,51.5118719]],[[-0.0753754,51.5117412],[-0.07538,51.51176],[-0.075427,51.511912],[-0.0754768,51.5120822]]]}},{"type":"Feature","properties":{"r":"UK","g":"uk","col":"#ffd329","n":"Circle line","ct":"伦敦","jk":"subway","nz":"环线","off":0.375},"geometry":{"type":"MultiLineString","coordinates":[[[-0.1876976,51.4962584],[-0.187606,51.49616],[-0.1874412,51.4960008]],[[-0.1702897,51.4940408],[-0.1699261,51.4940373]],[[-0.1042379,51.5114283],[-0.104021,51.511492],[-0.1038901,51.5115344]],[[-0.0945492,51.5118768],[-0.094451,51.511882],[-0.094263,51.511885],[-0.0942059,51.5118831]],[[-0.0754768,51.5120822],[-0.075516,51.512216],[-0.075544,51.512368],[-0.0755496,51.5124296]]]}},{"type":"Feature","properties":{"r":"UK","g":"uk","col":"#ffd329","n":"Circle line","ct":"伦敦","jk":"subway","nz":"环线","off":0.5},"geometry":{"type":"MultiLineString","coordinates":[[[-0.1874412,51.4960008],[-0.187343,51.495906],[-0.187202,51.495783],[-0.1871704,51.4957584]],[[-0.1706533,51.4940444],[-0.1702897,51.4940408]],[[-0.1038901,51.5115344],[-0.1035442,51.5116466]],[[-0.0948917,51.5118497],[-0.094639,51.511872],[-0.0945492,51.5118768]],[[-0.0755496,51.5124296],[-0.075551,51.512445],[-0.075551,51.512521],[-0.075539,51.51263],[-0.075515,51.512737],[-0.0755012,51.5127799]],[[-0.1602324,51.5216772],[-0.162033,51.521338],[-0.163695,51.521016],[-0.1641566,51.5209221]]]}},{"type":"Feature","properties":{"r":"UK","g":"uk","col":"#ffd329","n":"Circle line","ct":"伦敦","jk":"subway","nz":"环线","off":0.625},"geometry":{"type":"MultiLineString","coordinates":[[[-0.1871704,51.4957584],[-0.18705,51.495665],[-0.186894,51.495558],[-0.1868753,51.4955463]],[[-0.1710168,51.4940368],[-0.170889,51.494042],[-0.170715,51.494045],[-0.1706533,51.4940444]],[[-0.1035442,51.5116466],[-0.103472,51.51167],[-0.1031978,51.5117571]],[[-0.0952338,51.5118189],[-0.095013,51.511839],[-0.0948917,51.5118497]],[[-0.0755012,51.5127799],[-0.075446,51.512952],[-0.0753881,51.5131172]],[[-0.1589211,51.521919],[-0.160159,51.521691],[-0.1602324,51.5216772]],[[-0.1641566,51.5209221],[-0.165008,51.520749],[-0.1654619,51.5206505]]]}},{"type":"Feature","properties":{"r":"UK","g":"uk","col":"#ffd329","n":"Circle line","ct":"伦敦","jk":"subway","nz":"环线","off":0.75},"geometry":{"type":"MultiLineString","coordinates":[[[-0.1868753,51.4955463],[-0.186729,51.495455],[-0.1865613,51.4953632]],[[-0.1713798,51.4940157],[-0.171062,51.494035],[-0.1710168,51.4940368]],[[-0.1031978,51.5117571],[-0.102921,51.511845],[-0.1028505,51.5118646]],[[-0.0955763,51.511793],[-0.095575,51.511793],[-0.095387,51.511805],[-0.0952338,51.5118189]],[[-0.0753881,51.5131172],[-0.075371,51.513166],[-0.075342,51.513274],[-0.075322,51.513382],[-0.0753169,51.5134642]],[[-0.1576094,51.5221582],[-0.15821,51.52205],[-0.1589211,51.521919]],[[-0.1654619,51.5206505],[-0.165934,51.520548],[-0.16639,51.520436],[-0.1667564,51.5203325]]]}},{"type":"Feature","properties":{"r":"UK","g":"uk","col":"#ffd329","n":"Circle line","ct":"伦敦","jk":"subway","nz":"环线","off":0.875},"geometry":{"type":"MultiLineString","coordinates":[[[-0.1865613,51.4953632],[-0.18638,51.495264],[-0.1862387,51.4951955]],[[-0.1717428,51.4939937],[-0.171408,51.494014],[-0.1713798,51.4940157]],[[-0.1028505,51.5118646],[-0.10264,51.511923],[-0.1024987,51.5119564]],[[-0.0959198,51.5117908],[-0.095763,51.511788],[-0.0955763,51.511793]],[[-0.0753169,51.5134642],[-0.075309,51.513593],[-0.075314,51.513698],[-0.075329,51.513803],[-0.0753326,51.5138182]],[[-0.1562972,51.5223945],[-0.156323,51.52239],[-0.1576094,51.5221582]],[[-0.1667564,51.5203325],[-0.166836,51.52031],[-0.167165,51.520207],[-0.167489,51.520096],[-0.167646,51.520037],[-0.167799,51.519973],[-0.167946,51.519905],[-0.1680062,51.5198738]]]}},{"type":"Feature","properties":{"r":"UK","g":"uk","col":"#ffd329","n":"Circle line","ct":"伦敦","jk":"subway","nz":"环线","off":1.0},"geometry":{"type":"MultiLineString","coordinates":[[[-0.1862387,51.4951955],[-0.186077,51.495117],[-0.185918,51.495051],[-0.185752,51.494992],[-0.185561,51.494935],[-0.185315,51.494867],[-0.184691,51.494709],[-0.183935,51.494529],[-0.183105,51.494341],[-0.182259,51.494157],[-0.181453,51.49399],[-0.180743,51.493852],[-0.180188,51.493757],[-0.180066,51.49374],[-0.179942,51.493727],[-0.179817,51.493718],[-0.179692,51.493714],[-0.179478,51.493717],[-0.179224,51.493728],[-0.178613,51.493768],[-0.177136,51.493896],[-0.175601,51.494028],[-0.174917,51.494074],[-0.174347,51.494095],[-0.174066,51.494093],[-0.173785,51.494081],[-0.173224,51.494043],[-0.172663,51.494003],[-0.172382,51.49399],[-0.172101,51.493984],[-0.171927,51.493986],[-0.171754,51.493993],[-0.1717428,51.4939937]],[[-0.1024987,51.5119564],[-0.102352,51.511991],[-0.102192,51.512022],[-0.102029,51.512049],[-0.101864,51.512068],[-0.101698,51.51208],[-0.101608,51.512082],[-0.101503,51.512083],[-0.10125,51.512078],[-0.1006,51.512049],[-0.098932,51.511944],[-0.097163,51.511834],[-0.096387,51.511799],[-0.0959198,51.5117908]],[[-0.0753326,51.5138182],[-0.075348,51.513884],[-0.075374,51.513964],[-0.075408,51.514042],[-0.075429,51.514081],[-0.075452,51.514119],[-0.075517,51.514211],[-0.075588,51.514301],[-0.075748,51.514475],[-0.075924,51.514644],[-0.07611,51.514808],[-0.076271,51.514939],[-0.076443,51.515065],[-0.076802,51.515309],[-0.077183,51.515554],[-0.07738,51.515672],[-0.077586,51.515785],[-0.077833,51.515908],[-0.078088,51.516026],[-0.078617,51.516242],[-0.079161,51.51644],[-0.079716,51.516627],[-0.080284,51.516798],[-0.080864,51.51695],[-0.081122,51.517007],[-0.081442,51.517069],[-0.082244,51.51721],[-0.084309,51.517541],[-0.086641,51.517917],[-0.087776,51.518112],[-0.088821,51.518309],[-0.089973,51.518552],[-0.091244,51.518841],[-0.09385,51.519462],[-0.096044,51.519988],[-0.096802,51.520159],[-0.097064,51.520211],[-0.097161,51.520227],[-0.097201,51.520233],[-0.097235,51.520237],[-0.097496,51.520257],[-0.097783,51.520269],[-0.09809,51.520272],[-0.09841,51.520268],[-0.099065,51.520238],[-0.099388,51.520212],[-0.099699,51.52018],[-0.099861,51.520158],[-0.100026,51.52013],[-0.100364,51.52006],[-0.101039,51.51989],[-0.101663,51.519731],[-0.101803,51.5197],[-0.101936,51.519675],[-0.102059,51.519656],[-0.102118,51.519649],[-0.102173,51.519644],[-0.102301,51.519638],[-0.102429,51.519638],[-0.102558,51.519642],[-0.102687,51.519651],[-0.102942,51.519678],[-0.103194,51.519715],[-0.103386,51.519749],[-0.103574,51.519792],[-0.103756,51.519842],[-0.103844,51.519871],[-0.10393,51.519903],[-0.104186,51.520013],[-0.104428,51.520136],[-0.104652,51.520271],[-0.104757,51.520343],[-0.104856,51.520417],[-0.104901,51.520454],[-0.104949,51.520497],[-0.10505,51.520597],[-0.105275,51.520847],[-0.105776,51.521466],[-0.106281,51.52209],[-0.106511,51.522346],[-0.106616,51.52245],[-0.106713,51.522535],[-0.106812,51.52261],[-0.106923,51.522686],[-0.107178,51.522842],[-0.107777,51.523169],[-0.108418,51.523512],[-0.108726,51.523687],[-0.109011,51.523864],[-0.109432,51.524163],[-0.10983,51.524473],[-0.110226,51.524786],[-0.110638,51.525089],[-0.111694,51.5258],[-0.112776,51.526496],[-0.113877,51.527181],[-0.114989,51.527858],[-0.116007,51.528475],[-0.117083,51.529118],[-0.117599,51.529417],[-0.118079,51.529686],[-0.118504,51.529912],[-0.118857,51.530083],[-0.119077,51.530173],[-0.119307,51.530254],[-0.119544,51.530327],[-0.119785,51.530394],[-0.120082,51.53047],[-0.120384,51.53054],[-0.120692,51.530598],[-0.120848,51.530621],[-0.121005,51.530639],[-0.121218,51.530655],[-0.121433,51.530662],[-0.12154,51.530661],[-0.121648,51.530658],[-0.121754,51.530651],[-0.12186,51.530641],[-0.121997,51.530623],[-0.122131,51.530601],[-0.122265,51.530574],[-0.122396,51.530544],[-0.122655,51.530475],[-0.122908,51.5304],[-0.123158,51.530318],[-0.123477,51.530203],[-0.124296,51.529891],[-0.126455,51.529033],[-0.128934,51.528045],[-0.130152,51.527573],[-0.131281,51.527151],[-0.132491,51.526715],[-0.13371,51.526287],[-0.134941,51.525875],[-0.13619,51.525484],[-0.136977,51.525256],[-0.137773,51.525042],[-0.138577,51.524838],[-0.139386,51.524643],[-0.140368,51.524412],[-0.141398,51.524178],[-0.141891,51.524073],[-0.14235,51.523983],[-0.142759,51.523912],[-0.142939,51.523886],[-0.143101,51.523866],[-0.143256,51.523853],[-0.143417,51.523844],[-0.143754,51.523839],[-0.14447,51.523856],[-0.14521,51.523874],[-0.145576,51.523869],[-0.145756,51.523861],[-0.145933,51.523848],[-0.146301,51.523806],[-0.146674,51.523748],[-0.14743,51.523601],[-0.148195,51.523447],[-0.14858,51.523378],[-0.148966,51.523322],[-0.149391,51.523275],[-0.149819,51.52324],[-0.15068,51.523186],[-0.151541,51.523132],[-0.151968,51.523095],[-0.152393,51.523047],[-0.153277,51.522913],[-0.154633,51.522686],[-0.1562972,51.5223945]],[[-0.1680062,51.5198738],[-0.168087,51.519832],[-0.168119,51.519813],[-0.16815,51.519793],[-0.168207,51.519751],[-0.168261,51.519706],[-0.168312,51.519661],[-0.168413,51.519569],[-0.168467,51.519524],[-0.168525,51.519482],[-0.168781,51.51932],[-0.169045,51.519163],[-0.169594,51.518863],[-0.170154,51.51857],[-0.170708,51.518273]]]}},{"type":"Feature","properties":{"r":"UK","g":"uk","col":"#5cc8ff","n":"Luton DART","ct":"伦敦","jk":"urban"},"geometry":{"type":"LineString","coordinates":[[-0.39558,51.87285],[-0.395117,51.87252],[-0.394645,51.87218],[-0.394191,51.87186],[-0.393978,51.871716],[-0.39378,51.871589],[-0.393638,51.871503],[-0.393492,51.87142],[-0.393342,51.87134],[-0.393188,51.871263],[-0.393045,51.871195],[-0.392899,51.87113],[-0.392749,51.871069],[-0.392596,51.87101],[-0.392349,51.870923],[-0.392098,51.87084],[-0.391842,51.870764],[-0.39158,51.870696],[-0.391432,51.870662],[-0.391281,51.870631],[-0.391128,51.870605],[-0.390973,51.870586],[-0.390832,51.870575],[-0.390689,51.870569],[-0.390546,51.870569],[-0.390404,51.870574],[-0.390202,51.870588],[-0.390002,51.870609],[-0.389804,51.870638],[-0.38961,51.870674],[-0.389438,51.870715],[-0.389271,51.870762],[-0.389107,51.870815],[-0.388947,51.870872],[-0.388799,51.870932],[-0.388658,51.870998],[-0.388488,51.87109],[-0.388407,51.871139],[-0.388329,51.87119],[-0.388239,51.871255],[-0.388154,51.871323],[-0.387992,51.871462],[-0.387897,51.871549],[-0.387806,51.871638],[-0.38763,51.871819],[-0.387451,51.871998],[-0.387358,51.872086],[-0.387259,51.872172],[-0.387119,51.872284],[-0.386972,51.872393],[-0.386819,51.872499],[-0.38666,51.872601],[-0.386503,51.872694],[-0.386341,51.872784],[-0.386174,51.872871],[-0.386004,51.872955],[-0.385725,51.873088],[-0.385404,51.873237],[-0.385055,51.873395],[-0.38469,51.873557],[-0.384323,51.873716],[-0.383966,51.873868],[-0.383633,51.874007],[-0.383337,51.874126],[-0.383092,51.874218],[-0.382967,51.87426],[-0.38284,51.874301],[-0.382648,51.874358],[-0.382453,51.874411],[-0.382256,51.874461],[-0.382056,51.874507],[-0.381738,51.87457],[-0.381313,51.874647],[-0.380292,51.874821],[-0.379295,51.874991],[-0.378901,51.875062],[-0.378745,51.875092],[-0.378625,51.875118],[-0.378299,51.875196],[-0.377978,51.875282],[-0.377663,51.875376],[-0.377508,51.875426],[-0.377355,51.875478],[-0.377175,51.875544],[-0.377,51.875614],[-0.37683,51.87569],[-0.376668,51.875771],[-0.37655,51.875836],[-0.376427,51.875908],[-0.3763,51.875986],[-0.376172,51.876069],[-0.375919,51.876243],[-0.375799,51.876332],[-0.375684,51.87642],[-0.375608,51.876484],[-0.375538,51.876549],[-0.375406,51.876685],[-0.375282,51.876826],[-0.375224,51.876898],[-0.375171,51.876971],[-0.375094,51.877089],[-0.37506,51.877149],[-0.375033,51.87721],[-0.375003,51.877304],[-0.374981,51.877403],[-0.374951,51.877613],[-0.374921,51.877818],[-0.374901,51.877914],[-0.374872,51.878001],[-0.374852,51.878051],[-0.374828,51.8781],[-0.374813,51.878124],[-0.374797,51.878147],[-0.374778,51.87817],[-0.374756,51.878191],[-0.374718,51.878222],[-0.374677,51.878252],[-0.374633,51.878279],[-0.374586,51.878306],[-0.374536,51.87833],[-0.374485,51.878354],[-0.374378,51.878395],[-0.374338,51.878407],[-0.37429,51.878421],[-0.374169,51.878448],[-0.373862,51.878508],[-0.373514,51.87857],[-0.373187,51.878631]]}},{"type":"Feature","properties":{"r":"UK","g":"uk","col":"#0087f8","n":"Metrolink: Manchester Airport to/from Victoria via Shudehill (to/from Deansgate-Castlefield early am)","ct":"曼彻斯特","jk":"urban"},"geometry":{"type":"MultiLineString","coordinates":[[[-2.272335,53.36537],[-2.271383,53.365466],[-2.270389,53.365563],[-2.26948,53.365657],[-2.269096,53.3657],[-2.26878,53.365741],[-2.268621,53.365765],[-2.268543,53.36578],[-2.268467,53.365797],[-2.268387,53.365819],[-2.268285,53.365851],[-2.26803,53.365936],[-2.267383,53.366164],[-2.266701,53.366403],[-2.2664,53.366504],[-2.266155,53.366579],[-2.265995,53.366623],[-2.265913,53.366641],[-2.265871,53.366649],[-2.265828,53.366655],[-2.265761,53.366661],[-2.265693,53.366664],[-2.265625,53.366663],[-2.265557,53.36666],[-2.265513,53.366656],[-2.265446,53.366649],[-2.265249,53.366626],[-2.264633,53.366545],[-2.262762,53.366288],[-2.260512,53.365974],[-2.258451,53.365688],[-2.257671,53.365591],[-2.25688,53.36549],[-2.25611,53.365396],[-2.255743,53.365356],[-2.255392,53.365322],[-2.25484,53.365277],[-2.25425,53.365236],[-2.253975,53.36522],[-2.253733,53.365208],[-2.253537,53.365202],[-2.253461,53.365201],[-2.253402,53.365202],[-2.253349,53.365205],[-2.253297,53.36521],[-2.253272,53.365214],[-2.253246,53.365218],[-2.253222,53.365224],[-2.253199,53.365231],[-2.253167,53.365243],[-2.253137,53.365257],[-2.253108,53.365272],[-2.253081,53.365288],[-2.253055,53.365305],[-2.253032,53.365323],[-2.252988,53.36536],[-2.252978,53.36537],[-2.252969,53.365381],[-2.252953,53.365404],[-2.25293,53.365451],[-2.252909,53.365508],[-2.252894,53.365566],[-2.252867,53.365682],[-2.252755,53.366144],[-2.252702,53.366375],[-2.252655,53.366606],[-2.252611,53.366882],[-2.252573,53.36718],[-2.252507,53.36779],[-2.252447,53.36833],[-2.252418,53.368539],[-2.252387,53.368691],[-2.252336,53.368851],[-2.252273,53.369009],[-2.252202,53.369166],[-2.252124,53.369322],[-2.252042,53.369476],[-2.251954,53.369628],[-2.251858,53.36978],[-2.251756,53.369929],[-2.251628,53.370102],[-2.251482,53.370291],[-2.251321,53.370492],[-2.251148,53.370702],[-2.250782,53.371131],[-2.250415,53.371545],[-2.250279,53.371694],[-2.250138,53.371841],[-2.249993,53.371987],[-2.249841,53.37213],[-2.249746,53.372213],[-2.249639,53.3723],[-2.249414,53.372473],[-2.249215,53.372631],[-2.24914,53.372697],[-2.249111,53.372726],[-2.249089,53.372751],[-2.249066,53.372784],[-2.249048,53.372818],[-2.249041,53.372835],[-2.249036,53.372853],[-2.249034,53.37287],[-2.249033,53.372888],[-2.249034,53.372902],[-2.249038,53.372916],[-2.249042,53.37293],[-2.249049,53.372944],[-2.249056,53.372958],[-2.249065,53.372971],[-2.249086,53.372997],[-2.249107,53.373018],[-2.249131,53.373038],[-2.249156,53.373057],[-2.249183,53.373075],[-2.2493,53.373144],[-2.249537,53.373275],[-2.249911,53.373473],[-2.250386,53.373718],[-2.250926,53.373992],[-2.251494,53.374278],[-2.252053,53.374556],[-2.252569,53.374808],[-2.253004,53.375017],[-2.253246,53.375131],[-2.25349,53.375242],[-2.253739,53.37535],[-2.253995,53.375452],[-2.254165,53.375513],[-2.254338,53.375571],[-2.254515,53.375625],[-2.254694,53.375677],[-2.254848,53.375718],[-2.255005,53.375757],[-2.255163,53.375793],[-2.255323,53.375827],[-2.255652,53.375888],[-2.256055,53.375955],[-2.256976,53.376098],[-2.257879,53.376238],[-2.258258,53.376302],[-2.258555,53.376357],[-2.258856,53.376424],[-2.259152,53.376497],[-2.259446,53.376574],[-2.259739,53.376653],[-2.260249,53.376792],[-2.260755,53.376935],[-2.261258,53.377082],[-2.261757,53.377235],[-2.262071,53.377334],[-2.262382,53.377436],[-2.262689,53.377542],[-2.262991,53.377653],[-2.263185,53.377729],[-2.263376,53.377808],[-2.263754,53.37797],[-2.264125,53.378137],[-2.264493,53.378306],[-2.264547,53.378329],[-2.26456,53.378335],[-2.264573,53.378342],[-2.264584,53.378349],[-2.264595,53.378356],[-2.264628,53.378384],[-2.264643,53.378398],[-2.264656,53.378413],[-2.264668,53.378429],[-2.264678,53.378444],[-2.264685,53.378461],[-2.26469,53.378477],[-2.264692,53.378494],[-2.264691,53.378511],[-2.264688,53.378528],[-2.264683,53.378545],[-2.264676,53.378562],[-2.264668,53.378579],[-2.264647,53.378611],[-2.26463,53.378633],[-2.264611,53.378654],[-2.264567,53.378695],[-2.264464,53.378776],[-2.264356,53.378856],[-2.264305,53.378897],[-2.264259,53.37894],[-2.264188,53.379019],[-2.264157,53.379059],[-2.26413,53.379101],[-2.264102,53.379155],[-2.264069,53.379229],[-2.263992,53.379425],[-2.263811,53.37993],[-2.263632,53.380427],[-2.263558,53.380614],[-2.263527,53.380683],[-2.263502,53.38073],[-2.263475,53.38077],[-2.263444,53.380808],[-2.263409,53.380846],[-2.263368,53.380881],[-2.263348,53.380895],[-2.263327,53.380908],[-2.263303,53.380921],[-2.263279,53.380932],[-2.263131,53.380992],[-2.262911,53.381072],[-2.262638,53.381168],[-2.262328,53.381273],[-2.262,53.381381],[-2.261671,53.381487],[-2.261358,53.381584],[-2.261081,53.381667],[-2.260858,53.381729],[-2.260633,53.381788],[-2.260404,53.381842],[-2.260173,53.381891],[-2.259961,53.38193],[-2.259747,53.381965],[-2.259532,53.381996],[-2.259315,53.382024],[-2.258964,53.382064],[-2.258788,53.38208],[-2.258611,53.382093],[-2.258354,53.382106],[-2.258067,53.382115],[-2.257476,53.382127],[-2.256976,53.382136],[-2.256803,53.382143],[-2.256744,53.382148],[-2.256722,53.38215],[-2.256713,53.382152],[-2.256705,53.382153],[-2.256668,53.382162],[-2.256631,53.382173],[-2.256596,53.382185],[-2.256563,53.382199],[-2.256531,53.382215],[-2.2565,53.382231],[-2.256472,53.382249],[-2.256446,53.382267],[-2.256436,53.382276],[-2.256427,53.382285],[-2.256419,53.382294],[-2.256412,53.382304],[-2.2564,53.382324],[-2.25639,53.382345],[-2.256377,53.382379],[-2.256368,53.382414],[-2.256356,53.382484],[-2.25632,53.382735],[-2.256283,53.383054],[-2.256246,53.383421],[-2.256212,53.383812],[-2.256181,53.384208],[-2.256155,53.384586],[-2.256138,53.384925],[-2.256129,53.385203],[-2.25613,53.385485],[-2.256139,53.385833],[-2.256155,53.386221],[-2.256175,53.386624],[-2.256199,53.387017],[-2.256225,53.387374],[-2.256253,53.387671],[-2.256279,53.387882],[-2.256296,53.387996],[-2.256312,53.388052],[-2.256324,53.388079],[-2.256339,53.388106],[-2.256373,53.388152],[-2.256392,53.388174],[-2.256414,53.388195],[-2.256438,53.388216],[-2.256463,53.388236],[-2.256491,53.388254],[-2.25652,53.388272],[-2.256555,53.38829],[-2.256592,53.388306],[-2.25663,53.38832],[-2.25667,53.388334],[-2.256754,53.388357],[-2.25684,53.388377],[-2.256856,53.38838],[-2.25688,53.388384],[-2.256947,53.388394],[-2.257157,53.388422],[-2.257829,53.388506],[-2.258742,53.388614],[-2.25978,53.388735],[-2.260829,53.388854],[-2.261774,53.388958],[-2.2625,53.389035],[-2.262745,53.389059],[-2.262892,53.389071],[-2.263134,53.389079],[-2.263468,53.389082],[-2.264305,53.38908],[-2.265183,53.389079],[-2.26557,53.389082],[-2.265885,53.389091],[-2.266314,53.389117],[-2.267,53.389166],[-2.267852,53.389231],[-2.268781,53.389305],[-2.269695,53.38938],[-2.270504,53.389449],[-2.271119,53.389505],[-2.271325,53.389526],[-2.271449,53.389541],[-2.271538,53.389557],[-2.271581,53.389567],[-2.271623,53.389578],[-2.271738,53.389615],[-2.271849,53.389656],[-2.272065,53.389746],[-2.27228,53.389836],[-2.272392,53.389877],[-2.272507,53.389914],[-2.272591,53.389936],[-2.272709,53.389963],[-2.273032,53.39003],[-2.273894,53.390201],[-2.274802,53.39038],[-2.275182,53.39046],[-2.275464,53.390525],[-2.275728,53.390597],[-2.276065,53.390696],[-2.276893,53.39095],[-2.277811,53.391237],[-2.278684,53.391508],[-2.27921,53.391662],[-2.279734,53.391818],[-2.280261,53.39197],[-2.280527,53.392043],[-2.280795,53.392114],[-2.281041,53.392175],[-2.281166,53.392203],[-2.281293,53.392227],[-2.281541,53.392267],[-2.281791,53.3923],[-2.282043,53.392329],[-2.282296,53.392356],[-2.282598,53.392387],[-2.282901,53.392415],[-2.283205,53.392439],[-2.28351,53.392455],[-2.283887,53.392466],[-2.284265,53.39247],[-2.284643,53.392466],[-2.284832,53.39246],[-2.28502,53.392451],[-2.285345,53.39243],[-2.285668,53.3924],[-2.285988,53.392362],[-2.286306,53.392317],[-2.286523,53.392278],[-2.286774,53.392227],[-2.287317,53.392105],[-2.287818,53.391991],[-2.288017,53.39195],[-2.288097,53.391936],[-2.288162,53.391927],[-2.288198,53.391923],[-2.288234,53.391921],[-2.288252,53.391921],[-2.28827,53.391921],[-2.288288,53.391921],[-2.288306,53.391923],[-2.288338,53.391927],[-2.288369,53.391932],[-2.2884,53.391939],[-2.28843,53.391946],[-2.288489,53.391964],[-2.288545,53.391984],[-2.288562,53.391991],[-2.288578,53.391999],[-2.288609,53.392016],[-2.288637,53.392034],[-2.288663,53.392053],[-2.288692,53.392077],[-2.288719,53.392101],[-2.288767,53.392153],[-2.28886,53.392257],[-2.291127,53.394761],[-2.291884,53.395556],[-2.292106,53.395808],[-2.292214,53.395935],[-2.292315,53.396064],[-2.292402,53.396196],[-2.292478,53.39633],[-2.292616,53.396608],[-2.292742,53.396887],[-2.292858,53.397169],[-2.292967,53.397451],[-2.292998,53.397539],[-2.293022,53.397627],[-2.293042,53.397734],[-2.293057,53.397842],[-2.293078,53.398057],[-2.293099,53.398272],[-2.293113,53.39838],[-2.293132,53.398487],[-2.293154,53.398577],[-2.293184,53.398667],[-2.293249,53.39881],[-2.293287,53.398881],[-2.293331,53.39895],[-2.293387,53.399029],[-2.293448,53.399106],[-2.293516,53.399182],[-2.293592,53.399254],[-2.293621,53.399278],[-2.293653,53.3993],[-2.293687,53.399321],[-2.293724,53.399341],[-2.293765,53.399359],[-2.293807,53.399375],[-2.293897,53.399403],[-2.293987,53.399432],[-2.29403,53.399447],[-2.294072,53.399464],[-2.294137,53.399494],[-2.294199,53.399526],[-2.294258,53.399561],[-2.294311,53.399598],[-2.294418,53.399688],[-2.294512,53.399782],[-2.294596,53.399881],[-2.294668,53.399982],[-2.294706,53.400048],[-2.294737,53.400116],[-2.294761,53.400186],[-2.29478,53.400255],[-2.294796,53.400337],[-2.294805,53.40042],[-2.294808,53.400503],[-2.294807,53.400586],[-2.294804,53.400638],[-2.2948,53.400664],[-2.294793,53.40069],[-2.29477,53.400747],[-2.294741,53.400804],[-2.294672,53.400915],[-2.294603,53.401026],[-2.294575,53.401083],[-2.294554,53.40114],[-2.294544,53.401187],[-2.294539,53.401235],[-2.294541,53.40133],[-2.294547,53.401398],[-2.294557,53.401465],[-2.294589,53.4016],[-2.29462,53.401698],[-2.294657,53.401796],[-2.294738,53.40199],[-2.294823,53.402184],[-2.294899,53.402379],[-2.295021,53.402735],[-2.295139,53.403101],[-2.295192,53.40328],[-2.295239,53.40345],[-2.295277,53.403608],[-2.295306,53.403752],[-2.295318,53.40384],[-2.295319,53.403884],[-2.295314,53.403928],[-2.295303,53.403967],[-2.295288,53.404005],[-2.295248,53.40408],[-2.295207,53.404155],[-2.29519,53.404193],[-2.295177,53.404231],[-2.295166,53.404284],[-2.29516,53.404338],[-2.295159,53.404446],[-2.295167,53.404591],[-2.29518,53.404738],[-2.295198,53.404887],[-2.295221,53.405038],[-2.295275,53.405339],[-2.295338,53.405638],[-2.295378,53.405803],[-2.295424,53.405968],[-2.295526,53.406296],[-2.295628,53.406624],[-2.295675,53.406788],[-2.295715,53.406953],[-2.295728,53.407006],[-2.295732,53.407033],[-2.295733,53.407047],[-2.295732,53.40706],[-2.295729,53.407077],[-2.295725,53.407095],[-2.295712,53.407129],[-2.295678,53.407197],[-2.295645,53.407265],[-2.295633,53.407299],[-2.29563,53.407317],[-2.295628,53.407334],[-2.29563,53.407394],[-2.29564,53.407467],[-2.295657,53.40755],[-2.295681,53.40764],[-2.295741,53.407828],[-2.29581,53.408006],[-2.295828,53.408046],[-2.29584,53.408065],[-2.295848,53.408074],[-2.295856,53.408083],[-2.295885,53.408108],[-2.2959,53.40812],[-2.295917,53.408132],[-2.295935,53.408143],[-2.295954,53.408153],[-2.295974,53.408163],[-2.295995,53.408171],[-2.296025,53.408181],[-2.296058,53.40819],[-2.296135,53.408207],[-2.296315,53.408237],[-2.296512,53.408265],[-2.296608,53.408281],[-2.296698,53.408298],[-2.296818,53.408324],[-2.296877,53.408339],[-2.296934,53.408356],[-2.296988,53.408376],[-2.297039,53.408398],[-2.297088,53.408423],[-2.297134,53.408449],[-2.297198,53.408491],[-2.297256,53.408535],[-2.29731,53.408581],[-2.297357,53.40863],[-2.297381,53.40866],[-2.2974,53.408692],[-2.297431,53.408756],[-2.297453,53.408823],[-2.29746,53.408857],[-2.297464,53.408891],[-2.297465,53.408922],[-2.297463,53.408953],[-2.297457,53.408984],[-2.297448,53.409014],[-2.297418,53.409076],[-2.29738,53.409137],[-2.297335,53.409196],[-2.297285,53.409254],[-2.297256,53.409283],[-2.297224,53.409312],[-2.297156,53.409367],[-2.297015,53.409475],[-2.296184,53.41011],[-2.295324,53.410772],[-2.294523,53.411381],[-2.294173,53.41164],[-2.293871,53.411856],[-2.293692,53.411981],[-2.293509,53.412104],[-2.29332,53.412224],[-2.293123,53.412338],[-2.29296,53.412423],[-2.292781,53.412511],[-2.29239,53.412692],[-2.291978,53.412876],[-2.291576,53.413058],[-2.291016,53.413291],[-2.290454,53.413522],[-2.289895,53.413756],[-2.289619,53.413876],[-2.289346,53.413998],[-2.289097,53.414113],[-2.288851,53.41423],[-2.288365,53.414469],[-2.287882,53.414711],[-2.287397,53.414951],[-2.287033,53.415126],[-2.28685,53.415212],[-2.286665,53.415297],[-2.286451,53.415388],[-2.286233,53.415476],[-2.286016,53.415564],[-2.285803,53.415656],[-2.285639,53.415732],[-2.285477,53.41581],[-2.285319,53.41589],[-2.285167,53.415974],[-2.285031,53.416059],[-2.284905,53.416148],[-2.284795,53.416233],[-2.284688,53.416319],[-2.284586,53.416407],[-2.284488,53.416497],[-2.284296,53.416684],[-2.284114,53.416874],[-2.283939,53.417066],[-2.283771,53.417261],[-2.283697,53.417351],[-2.283663,53.417396],[-2.283635,53.417443],[-2.283613,53.41749],[-2.283596,53.417537],[-2.283573,53.417633],[-2.283567,53.417724],[-2.283575,53.417814],[-2.283594,53.417889],[-2.283624,53.417963],[-2.283669,53.418045],[-2.283696,53.418085],[-2.283728,53.418123],[-2.283772,53.418167],[-2.28382,53.418209],[-2.283873,53.41825],[-2.283928,53.418289],[-2.28399,53.418329],[-2.284055,53.418366],[-2.284122,53.418402],[-2.284193,53.418436],[-2.28428,53.418473],[-2.284398,53.41852],[-2.284707,53.418637],[-2.285502,53.418925],[-2.286299,53.419213],[-2.286611,53.419331],[-2.28673,53.419378],[-2.286818,53.419416],[-2.286941,53.419475],[-2.28706,53.419538],[-2.287173,53.419604],[-2.287283,53.419672],[-2.287382,53.41974],[-2.287476,53.41981],[-2.287657,53.419955],[-2.28787,53.420126],[-2.28808,53.420298],[-2.288284,53.420472],[-2.28848,53.42065],[-2.28866,53.420823],[-2.288835,53.421],[-2.289173,53.421357],[-2.289505,53.421719],[-2.28984,53.422078],[-2.290158,53.422442],[-2.290479,53.422806],[-2.290794,53.423171],[-2.290946,53.423356],[-2.291094,53.423541],[-2.291243,53.423736],[-2.291386,53.423934],[-2.291523,53.424132],[-2.291651,53.424333],[-2.291732,53.42447],[-2.291808,53.424608],[-2.291879,53.424746],[-2.291945,53.424886],[-2.292029,53.425086],[-2.292104,53.425288],[-2.292249,53.425692],[-2.292325,53.425938],[-2.292405,53.426183],[-2.292478,53.426429],[-2.292508,53.426553],[-2.292533,53.426677],[-2.292546,53.426762],[-2.292556,53.426847],[-2.292559,53.426932],[-2.292553,53.427017],[-2.292546,53.427056],[-2.292534,53.427096],[-2.292503,53.427173],[-2.292464,53.427253],[-2.292419,53.427331],[-2.292369,53.427409],[-2.292311,53.427484],[-2.292255,53.427547],[-2.292193,53.427608],[-2.292125,53.427667],[-2.292052,53.427724],[-2.291961,53.427787],[-2.291865,53.427846],[-2.291763,53.427903],[-2.291657,53.427956],[-2.291469,53.428039],[-2.291187,53.428156],[-2.290842,53.428295],[-2.290464,53.428443],[-2.290087,53.428588],[-2.28974,53.428718],[-2.289455,53.428821],[-2.289263,53.428885],[-2.289064,53.428939],[-2.28886,53.428986],[-2.288652,53.429028],[-2.288442,53.429066],[-2.288335,53.429083],[-2.288226,53.429098],[-2.288008,53.429125],[-2.285791,53.429381],[-2.283443,53.42965],[-2.281356,53.429894],[-2.280532,53.429994],[-2.27992,53.430074],[-2.279442,53.430141],[-2.279205,53.43018],[-2.278972,53.430225],[-2.278808,53.430265],[-2.278517,53.43034],[-2.277605,53.430583],[-2.274831,53.431337],[-2.271494,53.432248],[-2.268438,53.433081],[-2.268135,53.433168],[-2.26783,53.433254],[-2.267528,53.433342],[-2.267379,53.433389],[-2.267232,53.433438],[-2.267061,53.433499],[-2.266893,53.433564],[-2.266728,53.433632],[-2.266567,53.433702],[-2.2664,53.433783],[-2.266239,53.433868],[-2.266062,53.433967],[-2.265887,53.434068],[-2.265718,53.434172],[-2.265555,53.434279],[-2.265497,53.434321],[-2.265443,53.434364],[-2.265335,53.434452],[-2.264927,53.434782],[-2.2648609,53.4348351]],[[-2.2798618,53.4582751],[-2.279961,53.458621],[-2.279962,53.4586246]]]}},{"type":"Feature","properties":{"r":"UK","g":"uk","col":"#0087f8","n":"Metrolink: Manchester Airport to/from Victoria via Shudehill (to/from Deansgate-Castlefield early am)","ct":"曼彻斯特","jk":"urban","off":-3.0},"geometry":{"type":"LineString","coordinates":[[-2.2697826,53.468398],[-2.2696,53.468509],[-2.26949,53.46858],[-2.269385,53.468653],[-2.269251,53.468754],[-2.269122,53.468856],[-2.268873,53.469066],[-2.26863,53.469279],[-2.268384,53.46949],[-2.268025,53.469756],[-2.267665,53.47002],[-2.267308,53.470287],[-2.267134,53.470422],[-2.266964,53.470559],[-2.26676,53.470734],[-2.266568,53.470914],[-2.266391,53.471093],[-2.266214,53.471283],[-2.265865,53.471672],[-2.26554,53.472033],[-2.265393,53.472189],[-2.265258,53.472319],[-2.265178,53.472389],[-2.265094,53.472456],[-2.264915,53.472587],[-2.264812,53.472658],[-2.264705,53.472727],[-2.264595,53.472794],[-2.264481,53.472859],[-2.264333,53.472936],[-2.26418,53.47301],[-2.264023,53.473081],[-2.263862,53.473149],[-2.263549,53.473272],[-2.263229,53.473388],[-2.262903,53.473499],[-2.262573,53.473605],[-2.262213,53.473712],[-2.261709,53.473855],[-2.26111,53.474021],[-2.260465,53.474197],[-2.259823,53.47437],[-2.259232,53.474525],[-2.258742,53.474651],[-2.2584,53.474734],[-2.258151,53.474789],[-2.2579,53.474839],[-2.257646,53.474884],[-2.257389,53.474921],[-2.257203,53.474943],[-2.257017,53.474961],[-2.256829,53.474977],[-2.256641,53.47499],[-2.256263,53.475012],[-2.255885,53.475032],[-2.255392,53.475057],[-2.255146,53.475064],[-2.254899,53.475065],[-2.254655,53.475058],[-2.254411,53.475045],[-2.254168,53.475028],[-2.253926,53.475009],[-2.253625,53.474982],[-2.253324,53.474949],[-2.252723,53.474878],[-2.252126,53.474809],[-2.25183,53.474779],[-2.251537,53.474755],[-2.251233,53.474735],[-2.250911,53.474717],[-2.250253,53.474687],[-2.249941,53.474677],[-2.249653,53.47467],[-2.249403,53.474667],[-2.249199,53.474668],[-2.249048,53.474675],[-2.248974,53.474681],[-2.2489,53.474691],[-2.248835,53.474702],[-2.248772,53.474716],[-2.24871,53.474732],[-2.248651,53.474751],[-2.248622,53.474762],[-2.248582,53.474778],[-2.248477,53.474824],[-2.248176,53.474962],[-2.247789,53.475145],[-2.247357,53.475353],[-2.24692,53.475567],[-2.246518,53.475766],[-2.246194,53.475932],[-2.245986,53.476044],[-2.245831,53.476142],[-2.245641,53.476272],[-2.245187,53.476598],[-2.244681,53.47696],[-2.244428,53.477135],[-2.244183,53.477295],[-2.244112,53.477337],[-2.244037,53.477377],[-2.243964,53.477417],[-2.243895,53.47746],[-2.243802,53.477531],[-2.243717,53.477607],[-2.243633,53.477682],[-2.243545,53.477756],[-2.243285,53.477951],[-2.242978,53.478173],[-2.2428028,53.4782959]]}},{"type":"Feature","properties":{"r":"UK","g":"uk","col":"#0087f8","n":"Metrolink: Manchester Airport to/from Victoria via Shudehill (to/from Deansgate-Castlefield early am)","ct":"曼彻斯特","jk":"urban","off":-2.875},"geometry":{"type":"MultiLineString","coordinates":[[[-2.2702678,53.4680962],[-2.270167,53.468164],[-2.270056,53.468234],[-2.269827,53.468371],[-2.2697826,53.468398]],[[-2.2428028,53.4782959],[-2.2425343,53.4784841]]]}},{"type":"Feature","properties":{"r":"UK","g":"uk","col":"#0087f8","n":"Metrolink: Manchester Airport to/from Victoria via Shudehill (to/from Deansgate-Castlefield early am)","ct":"曼彻斯特","jk":"urban","off":-2.75},"geometry":{"type":"MultiLineString","coordinates":[[[-2.2707083,53.4677353],[-2.270701,53.467746],[-2.27068,53.46777],[-2.270658,53.467794],[-2.270571,53.467872],[-2.270476,53.467947],[-2.270274,53.468092],[-2.2702678,53.4680962]],[[-2.2425343,53.4784841],[-2.2422659,53.4786722]]]}},{"type":"Feature","properties":{"r":"UK","g":"uk","col":"#0087f8","n":"Metrolink: Manchester Airport to/from Victoria via Shudehill (to/from Deansgate-Castlefield early am)","ct":"曼彻斯特","jk":"urban","off":-2.625},"geometry":{"type":"MultiLineString","coordinates":[[[-2.2708567,53.4671928],[-2.270856,53.467281],[-2.270845,53.467385],[-2.270828,53.467464],[-2.270804,53.467542],[-2.270772,53.467619],[-2.270734,53.467695],[-2.270718,53.467721],[-2.2707083,53.4677353]],[[-2.2422659,53.4786722],[-2.242262,53.478675],[-2.2419963,53.4788587]]]}},{"type":"Feature","properties":{"r":"UK","g":"uk","col":"#0087f8","n":"Metrolink: Manchester Airport to/from Victoria via Shudehill (to/from Deansgate-Castlefield early am)","ct":"曼彻斯特","jk":"urban","off":-2.5},"geometry":{"type":"MultiLineString","coordinates":[[[-2.2708338,53.4666218],[-2.270845,53.466871],[-2.270857,53.467158],[-2.2708567,53.4671928]],[[-2.2419963,53.4788587],[-2.2417266,53.4790451]]]}},{"type":"Feature","properties":{"r":"UK","g":"uk","col":"#0087f8","n":"Metrolink: Manchester Airport to/from Victoria via Shudehill (to/from Deansgate-Castlefield early am)","ct":"曼彻斯特","jk":"urban","off":-2.375},"geometry":{"type":"MultiLineString","coordinates":[[[-2.2708622,53.4660525],[-2.270855,53.466088],[-2.270835,53.46626],[-2.270829,53.466406],[-2.270831,53.466559],[-2.2708338,53.4666218]],[[-2.2417266,53.4790451],[-2.241488,53.47921],[-2.241457,53.4792316]]]}},{"type":"Feature","properties":{"r":"UK","g":"uk","col":"#0087f8","n":"Metrolink: Manchester Airport to/from Victoria via Shudehill (to/from Deansgate-Castlefield early am)","ct":"曼彻斯特","jk":"urban","off":-2.25},"geometry":{"type":"MultiLineString","coordinates":[[[-2.2710422,53.4655121],[-2.271029,53.465539],[-2.270971,53.465679],[-2.270926,53.465797],[-2.27089,53.465916],[-2.2708622,53.4660525]],[[-2.241457,53.4792316],[-2.2411881,53.479419]]]}},{"type":"Feature","properties":{"r":"UK","g":"uk","col":"#0087f8","n":"Metrolink: Manchester Airport to/from Victoria via Shudehill (to/from Deansgate-Castlefield early am)","ct":"曼彻斯特","jk":"urban","off":-2.125},"geometry":{"type":"MultiLineString","coordinates":[[[-2.2713273,53.4650174],[-2.271291,53.465071],[-2.271191,53.465235],[-2.271097,53.4654],[-2.2710422,53.4655121]],[[-2.2411881,53.479419],[-2.2409191,53.4796063]]]}},{"type":"Feature","properties":{"r":"UK","g":"uk","col":"#0087f8","n":"Metrolink: Manchester Airport to/from Victoria via Shudehill (to/from Deansgate-Castlefield early am)","ct":"曼彻斯特","jk":"urban","off":-2.0},"geometry":{"type":"MultiLineString","coordinates":[[[-2.2793846,53.4607995],[-2.279298,53.46084],[-2.278907,53.461012],[-2.27849,53.46119],[-2.278086,53.461365],[-2.277503,53.461653],[-2.277211,53.461795],[-2.276914,53.461935],[-2.27667,53.462046],[-2.276423,53.462154],[-2.276174,53.46226],[-2.275921,53.462364],[-2.275631,53.462477],[-2.275319,53.462594],[-2.274678,53.462825],[-2.274097,53.463036],[-2.273858,53.463128],[-2.273671,53.463206],[-2.27348,53.463296],[-2.273296,53.463392],[-2.273118,53.463491],[-2.272945,53.463594],[-2.272772,53.463703],[-2.272606,53.463816],[-2.272445,53.463932],[-2.272288,53.464049],[-2.27211,53.464189],[-2.271943,53.464334],[-2.271831,53.464436],[-2.271721,53.464539],[-2.271617,53.464644],[-2.271522,53.464752],[-2.2714,53.46491],[-2.2713273,53.4650174]],[[-2.2409191,53.4796063],[-2.240743,53.479729],[-2.240539,53.479872],[-2.240338,53.480016],[-2.240131,53.480158],[-2.240023,53.480226],[-2.23991,53.480291],[-2.239883,53.480305],[-2.239855,53.480318],[-2.239797,53.480343],[-2.239738,53.480367],[-2.23971,53.48038],[-2.239683,53.480394],[-2.239525,53.480487],[-2.239319,53.480616],[-2.239082,53.480769],[-2.238834,53.480933],[-2.238592,53.481098],[-2.238562,53.4811188]]]}},{"type":"Feature","properties":{"r":"UK","g":"uk","col":"#0087f8","n":"Metrolink: Manchester Airport to/from Victoria via Shudehill (to/from Deansgate-Castlefield early am)","ct":"曼彻斯特","jk":"urban","off":-1.875},"geometry":{"type":"LineString","coordinates":[[-2.238562,53.4811188],[-2.238375,53.481249],[-2.238201,53.481375],[-2.2380998,53.4814545]]}},{"type":"Feature","properties":{"r":"UK","g":"uk","col":"#0087f8","n":"Metrolink: Manchester Airport to/from Victoria via Shudehill (to/from Deansgate-Castlefield early am)","ct":"曼彻斯特","jk":"urban","off":-1.75},"geometry":{"type":"MultiLineString","coordinates":[[[-2.279708,53.4606336],[-2.279692,53.460643],[-2.279622,53.460682],[-2.279471,53.460759],[-2.2793846,53.4607995]],[[-2.2380998,53.4814545],[-2.238089,53.481463],[-2.238074,53.481476],[-2.238061,53.48149],[-2.238049,53.481505],[-2.238044,53.481512],[-2.23804,53.48152],[-2.238029,53.481544],[-2.238022,53.481569],[-2.23802,53.481582],[-2.238019,53.481594],[-2.238019,53.481607],[-2.238021,53.481619],[-2.238024,53.481632],[-2.238029,53.481644],[-2.238034,53.481657],[-2.238041,53.481669],[-2.238058,53.481693],[-2.238078,53.481716],[-2.238097,53.481734],[-2.238119,53.481751],[-2.238144,53.481767],[-2.238157,53.481774],[-2.238171,53.481781],[-2.238207,53.481796],[-2.23825,53.481812],[-2.2383133,53.4818315]]]}},{"type":"Feature","properties":{"r":"UK","g":"uk","col":"#0087f8","n":"Metrolink: Manchester Airport to/from Victoria via Shudehill (to/from Deansgate-Castlefield early am)","ct":"曼彻斯特","jk":"urban","off":-1.625},"geometry":{"type":"LineString","coordinates":[[-2.2383133,53.4818315],[-2.238354,53.481844],[-2.238612,53.481912],[-2.2388654,53.4819789]]}},{"type":"Feature","properties":{"r":"UK","g":"uk","col":"#0087f8","n":"Metrolink: Manchester Airport to/from Victoria via Shudehill (to/from Deansgate-Castlefield early am)","ct":"曼彻斯特","jk":"urban","off":-1.5},"geometry":{"type":"MultiLineString","coordinates":[[[-2.279984,53.4604023],[-2.27998,53.460409],[-2.27996,53.460437],[-2.279937,53.460464],[-2.279911,53.46049],[-2.279883,53.460515],[-2.279824,53.46056],[-2.27976,53.460603],[-2.279708,53.4606336]],[[-2.2388654,53.4819789],[-2.238896,53.481987],[-2.239033,53.482026],[-2.239159,53.482067],[-2.239239,53.482097],[-2.239277,53.482113],[-2.239295,53.482122],[-2.239312,53.482132],[-2.239342,53.482151],[-2.239369,53.482172],[-2.23938,53.482183],[-2.2393888,53.4821926]]]}},{"type":"Feature","properties":{"r":"UK","g":"uk","col":"#0087f8","n":"Metrolink: Manchester Airport to/from Victoria via Shudehill (to/from Deansgate-Castlefield early am)","ct":"曼彻斯特","jk":"urban","off":-1.375},"geometry":{"type":"LineString","coordinates":[[-2.2393888,53.4821926],[-2.239391,53.482195],[-2.2394,53.482207],[-2.239407,53.482219],[-2.239409,53.482224],[-2.239411,53.482229],[-2.239413,53.482239],[-2.239414,53.482249],[-2.239413,53.482259],[-2.23941,53.482279],[-2.239405,53.482299],[-2.239379,53.482376],[-2.239342,53.482459],[-2.239243,53.482643],[-2.2392055,53.4827094]]}},{"type":"Feature","properties":{"r":"UK","g":"uk","col":"#0087f8","n":"Metrolink: Manchester Airport to/from Victoria via Shudehill (to/from Deansgate-Castlefield early am)","ct":"曼彻斯特","jk":"urban","off":-1.25},"geometry":{"type":"MultiLineString","coordinates":[[[-2.2801012,53.4600603],[-2.280091,53.460114],[-2.28007,53.460198],[-2.280034,53.460305],[-2.28001,53.460358],[-2.279984,53.4604023]],[[-2.2392055,53.4827094],[-2.239134,53.482836],[-2.239084,53.482932],[-2.239042,53.483026],[-2.239008,53.48312],[-2.23898,53.483214],[-2.2389752,53.4832301]]]}},{"type":"Feature","properties":{"r":"UK","g":"uk","col":"#0087f8","n":"Metrolink: Manchester Airport to/from Victoria via Shudehill (to/from Deansgate-Castlefield early am)","ct":"曼彻斯特","jk":"urban","off":-1.125},"geometry":{"type":"LineString","coordinates":[[-2.2389752,53.4832301],[-2.238952,53.483308],[-2.238921,53.483402],[-2.238882,53.483498],[-2.238839,53.483594],[-2.2387605,53.4837587]]}},{"type":"Feature","properties":{"r":"UK","g":"uk","col":"#0087f8","n":"Metrolink: Manchester Airport to/from Victoria via Shudehill (to/from Deansgate-Castlefield early am)","ct":"曼彻斯特","jk":"urban","off":-1.0},"geometry":{"type":"MultiLineString","coordinates":[[[-2.280131,53.4596983],[-2.280131,53.459742],[-2.280125,53.459861],[-2.280107,53.46003],[-2.2801012,53.4600603]],[[-2.2387605,53.4837587],[-2.238748,53.483785],[-2.238662,53.483977],[-2.238625,53.484074],[-2.238595,53.484171],[-2.238574,53.484261],[-2.238559,53.484352],[-2.238552,53.484443],[-2.238555,53.484534],[-2.238564,53.484598],[-2.23858,53.484662],[-2.238602,53.484726],[-2.238627,53.484789],[-2.238653,53.484842],[-2.238669,53.484868],[-2.238688,53.484893],[-2.238773,53.484987],[-2.238894,53.485111],[-2.23904,53.485252],[-2.239196,53.485399],[-2.239352,53.48554],[-2.239493,53.485663],[-2.239608,53.485758],[-2.239651,53.48579],[-2.239669,53.485802],[-2.239683,53.485811],[-2.23969,53.485815],[-2.239699,53.485819],[-2.23972,53.485829],[-2.239779,53.485851],[-2.239948,53.48591],[-2.240406,53.486058],[-2.240857,53.486204],[-2.241019,53.48626],[-2.241073,53.486281],[-2.241092,53.48629],[-2.241099,53.486294],[-2.241105,53.486297],[-2.241117,53.486305],[-2.241128,53.486313],[-2.241148,53.486331],[-2.241166,53.486349],[-2.241181,53.486368],[-2.241208,53.486409],[-2.241233,53.486449],[-2.241251,53.486483],[-2.241265,53.486518],[-2.241286,53.486589],[-2.241309,53.48666],[-2.241324,53.486694],[-2.241345,53.486728],[-2.241382,53.486775],[-2.241423,53.48682],[-2.241515,53.486907],[-2.241616,53.486991],[-2.241721,53.487074],[-2.241795,53.487129],[-2.241873,53.487181],[-2.242031,53.487285]]]}},{"type":"Feature","properties":{"r":"UK","g":"uk","col":"#0087f8","n":"Metrolink: Manchester Airport to/from Victoria via Shudehill (to/from Deansgate-Castlefield early am)","ct":"曼彻斯特","jk":"urban","off":-0.75},"geometry":{"type":"LineString","coordinates":[[-2.2801113,53.4593355],[-2.280117,53.459385],[-2.280126,53.459504],[-2.280131,53.459623],[-2.280131,53.4596983]]}},{"type":"Feature","properties":{"r":"UK","g":"uk","col":"#0087f8","n":"Metrolink: Manchester Airport to/from Victoria via Shudehill (to/from Deansgate-Castlefield early am)","ct":"曼彻斯特","jk":"urban","off":-0.5},"geometry":{"type":"LineString","coordinates":[[-2.2800505,53.4589772],[-2.280081,53.459124],[-2.280102,53.459254],[-2.2801113,53.4593355]]}},{"type":"Feature","properties":{"r":"UK","g":"uk","col":"#0087f8","n":"Metrolink: Manchester Airport to/from Victoria via Shudehill (to/from Deansgate-Castlefield early am)","ct":"曼彻斯特","jk":"urban","off":-0.25},"geometry":{"type":"LineString","coordinates":[[-2.279962,53.4586246],[-2.280027,53.458864],[-2.2800505,53.4589772]]}},{"type":"Feature","properties":{"r":"UK","g":"uk","col":"#0087f8","n":"Metrolink: Manchester Airport to/from Victoria via Shudehill (to/from Deansgate-Castlefield early am)","ct":"曼彻斯特","jk":"urban","off":0.125},"geometry":{"type":"LineString","coordinates":[[-2.2648609,53.4348351],[-2.26449,53.435133],[-2.2644159,53.4351936]]}},{"type":"Feature","properties":{"r":"UK","g":"uk","col":"#0087f8","n":"Metrolink: Manchester Airport to/from Victoria via Shudehill (to/from Deansgate-Castlefield early am)","ct":"曼彻斯特","jk":"urban","off":0.25},"geometry":{"type":"MultiLineString","coordinates":[[[-2.2644159,53.4351936],[-2.264111,53.435443],[-2.2639776,53.4355601]],[[-2.2797596,53.4579261],[-2.279832,53.458171],[-2.2798618,53.4582751]]]}},{"type":"Feature","properties":{"r":"UK","g":"uk","col":"#0087f8","n":"Metrolink: Manchester Airport to/from Victoria via Shudehill (to/from Deansgate-Castlefield early am)","ct":"曼彻斯特","jk":"urban","off":0.375},"geometry":{"type":"LineString","coordinates":[[-2.2639776,53.4355601],[-2.263972,53.435565],[-2.26392,53.435613],[-2.263881,53.435653],[-2.26385,53.435691],[-2.263823,53.435731],[-2.263777,53.435812],[-2.263757,53.435856],[-2.26374,53.435901],[-2.263713,53.435991],[-2.2636941,53.4360443]]}},{"type":"Feature","properties":{"r":"UK","g":"uk","col":"#0087f8","n":"Metrolink: Manchester Airport to/from Victoria via Shudehill (to/from Deansgate-Castlefield early am)","ct":"曼彻斯特","jk":"urban","off":0.5},"geometry":{"type":"MultiLineString","coordinates":[[[-2.2636941,53.4360443],[-2.263681,53.436081],[-2.26366,53.436125],[-2.263632,53.436167],[-2.26361,53.436194],[-2.263582,53.436223],[-2.263512,53.436287],[-2.263332,53.436435],[-2.2633085,53.436454]],[[-2.2796564,53.4575774],[-2.2797596,53.4579261]]]}},{"type":"Feature","properties":{"r":"UK","g":"uk","col":"#0087f8","n":"Metrolink: Manchester Airport to/from Victoria via Shudehill (to/from Deansgate-Castlefield early am)","ct":"曼彻斯特","jk":"urban","off":0.625},"geometry":{"type":"LineString","coordinates":[[-2.2633085,53.436454],[-2.263133,53.436596],[-2.26304,53.436677],[-2.262957,53.436755],[-2.2628829,53.4368341]]}},{"type":"Feature","properties":{"r":"UK","g":"uk","col":"#0087f8","n":"Metrolink: Manchester Airport to/from Victoria via Shudehill (to/from Deansgate-Castlefield early am)","ct":"曼彻斯特","jk":"urban","off":0.75},"geometry":{"type":"MultiLineString","coordinates":[[[-2.2628829,53.4368341],[-2.262853,53.436866],[-2.262807,53.436923],[-2.262767,53.436982],[-2.262755,53.437004],[-2.262745,53.437026],[-2.26273,53.437071],[-2.262718,53.437141],[-2.262716,53.437176],[-2.262717,53.437211],[-2.262731,53.437297],[-2.262744,53.437339],[-2.2627494,53.4373523]],[[-2.2795533,53.4572287],[-2.2796564,53.4575774]]]}},{"type":"Feature","properties":{"r":"UK","g":"uk","col":"#0087f8","n":"Metrolink: Manchester Airport to/from Victoria via Shudehill (to/from Deansgate-Castlefield early am)","ct":"曼彻斯特","jk":"urban","off":0.875},"geometry":{"type":"LineString","coordinates":[[-2.2627494,53.4373523],[-2.262761,53.437381],[-2.262784,53.437424],[-2.262811,53.437467],[-2.262842,53.437508],[-2.262878,53.437548],[-2.262963,53.43763],[-2.263056,53.437709],[-2.2631321,53.4377669]]}},{"type":"Feature","properties":{"r":"UK","g":"uk","col":"#0087f8","n":"Metrolink: Manchester Airport to/from Victoria via Shudehill (to/from Deansgate-Castlefield early am)","ct":"曼彻斯特","jk":"urban","off":1.0},"geometry":{"type":"LineString","coordinates":[[-2.2631321,53.4377669],[-2.263156,53.437785],[-2.263263,53.437857],[-2.263366,53.43792],[-2.263475,53.437979],[-2.263589,53.438035],[-2.263707,53.438088],[-2.263858,53.438149],[-2.264023,53.43821],[-2.264384,53.438334],[-2.264764,53.438457],[-2.265134,53.438581],[-2.266109,53.438942],[-2.267124,53.439314],[-2.26806,53.439663],[-2.268463,53.439818],[-2.268802,53.439954],[-2.269182,53.440115],[-2.269557,53.440282],[-2.269925,53.440453],[-2.270286,53.440629],[-2.270573,53.440775],[-2.270854,53.440924],[-2.27113,53.441077],[-2.271399,53.441234],[-2.271679,53.441405],[-2.271951,53.441579],[-2.272217,53.441758],[-2.272475,53.44194],[-2.272687,53.442099],[-2.272893,53.442261],[-2.273092,53.442426],[-2.273285,53.442593],[-2.273573,53.442853],[-2.273853,53.443116],[-2.274123,53.443382],[-2.274384,53.443652],[-2.27453,53.443813],[-2.274669,53.443976],[-2.274943,53.444303],[-2.275171,53.444596],[-2.275283,53.444743],[-2.27539,53.444892],[-2.275555,53.445136],[-2.275713,53.445382],[-2.275863,53.44563],[-2.276,53.44588],[-2.276091,53.446067],[-2.276173,53.446255],[-2.276248,53.446444],[-2.276319,53.446634],[-2.276405,53.44689],[-2.276551,53.44735],[-2.276992,53.44877],[-2.277571,53.450657],[-2.278215,53.452776],[-2.278854,53.454891],[-2.279417,53.456768],[-2.2795533,53.4572287]]}},{"type":"Feature","properties":{"r":"UK","g":"uk","col":"#009c00","n":"Metrolink: Bury to/from Altrincham via Shudehill","ct":"曼彻斯特","jk":"urban"},"geometry":{"type":"LineString","coordinates":[[-2.2387235,53.4839233],[-2.238697,53.483998],[-2.238658,53.484125],[-2.238635,53.484212],[-2.238616,53.484299],[-2.238605,53.484386],[-2.238604,53.484474],[-2.238614,53.484563],[-2.238633,53.484651],[-2.238662,53.484738],[-2.238701,53.484824],[-2.238728,53.484869],[-2.238761,53.484912],[-2.238836,53.484996],[-2.238939,53.4851019]]}},{"type":"Feature","properties":{"r":"UK","g":"uk","col":"#009c00","n":"Metrolink: Bury to/from Altrincham via Shudehill","ct":"曼彻斯特","jk":"urban","off":-2.0},"geometry":{"type":"LineString","coordinates":[[-2.2699864,53.4682757],[-2.269827,53.468371],[-2.2696,53.468509],[-2.26949,53.46858],[-2.269385,53.468653],[-2.269251,53.468754],[-2.269121,53.468856],[-2.268873,53.469066],[-2.26863,53.469279],[-2.268384,53.46949],[-2.268025,53.469756],[-2.267665,53.47002],[-2.267308,53.470287],[-2.267134,53.470422],[-2.266964,53.470559],[-2.26676,53.470734],[-2.266568,53.470914],[-2.266391,53.471093],[-2.266214,53.471283],[-2.265865,53.471672],[-2.26554,53.472033],[-2.265393,53.472188],[-2.265258,53.472319],[-2.265178,53.472389],[-2.265094,53.472456],[-2.264915,53.472587],[-2.264812,53.472658],[-2.264705,53.472727],[-2.264595,53.472794],[-2.264481,53.472859],[-2.264333,53.472936],[-2.26418,53.47301],[-2.264023,53.473081],[-2.263862,53.473149],[-2.26358,53.473261],[-2.263292,53.473368],[-2.262998,53.47347],[-2.2627,53.473567],[-2.262363,53.473668],[-2.261893,53.473803],[-2.261326,53.47396],[-2.260702,53.474131],[-2.260059,53.474304],[-2.259436,53.474469],[-2.25887,53.474616],[-2.2584,53.474734],[-2.258121,53.4748],[-2.25798,53.47483],[-2.257837,53.474857],[-2.257615,53.474893],[-2.257389,53.474921],[-2.257015,53.474957],[-2.256639,53.474987],[-2.256262,53.475011],[-2.255885,53.475032],[-2.255392,53.475057],[-2.255146,53.475065],[-2.254899,53.475065],[-2.254655,53.475055],[-2.254316,53.475034],[-2.253442,53.474969],[-2.252452,53.474891],[-2.25152,53.47482],[-2.251385,53.474811],[-2.251318,53.474808],[-2.25125,53.474807],[-2.251193,53.474809],[-2.251136,53.474813],[-2.251022,53.474825],[-2.250909,53.474836],[-2.250852,53.474841],[-2.250795,53.474843],[-2.250589,53.474845],[-2.250384,53.474841],[-2.250179,53.474832],[-2.249975,53.474816],[-2.249881,53.474805],[-2.249788,53.474789],[-2.249604,53.474753],[-2.249421,53.474719],[-2.24933,53.474707],[-2.249285,53.474703],[-2.24924,53.4747],[-2.249159,53.474699],[-2.249078,53.474702],[-2.248998,53.47471],[-2.24892,53.474722],[-2.248858,53.474734],[-2.248796,53.474749],[-2.248677,53.474782],[-2.248562,53.474821],[-2.24845,53.474863],[-2.24827,53.474941],[-2.247998,53.475068],[-2.247662,53.47523],[-2.247294,53.475411],[-2.246923,53.475597],[-2.246578,53.475773],[-2.246291,53.475924],[-2.246091,53.476035],[-2.245925,53.476136],[-2.245727,53.476264],[-2.245504,53.476413],[-2.245265,53.476577],[-2.244771,53.476926],[-2.244309,53.477265],[-2.24417,53.477372],[-2.244104,53.477426],[-2.244042,53.477483],[-2.244014,53.477512],[-2.243989,53.477542],[-2.243944,53.477604],[-2.243897,53.477665],[-2.243871,53.477695],[-2.243842,53.477724],[-2.243753,53.477801],[-2.243646,53.477888],[-2.243526,53.47798],[-2.243396,53.478075],[-2.243261,53.47817],[-2.243125,53.478261],[-2.2430782,53.4782909]]}},{"type":"Feature","properties":{"r":"UK","g":"uk","col":"#009c00","n":"Metrolink: Bury to/from Altrincham via Shudehill","ct":"曼彻斯特","jk":"urban","off":-1.875},"geometry":{"type":"MultiLineString","coordinates":[[[-2.2704609,53.4679578],[-2.270274,53.468092],[-2.270167,53.468164],[-2.270056,53.468234],[-2.2699864,53.4682757]],[[-2.2430782,53.4782909],[-2.242992,53.478346],[-2.242868,53.478422],[-2.242805,53.478456],[-2.2427802,53.4784684]]]}},{"type":"Feature","properties":{"r":"UK","g":"uk","col":"#009c00","n":"Metrolink: Bury to/from Altrincham via Shudehill","ct":"曼彻斯特","jk":"urban","off":-1.75},"geometry":{"type":"MultiLineString","coordinates":[[[-2.2708103,53.4675215],[-2.270804,53.467542],[-2.270772,53.467619],[-2.270734,53.467695],[-2.270718,53.467721],[-2.270701,53.467746],[-2.27068,53.46777],[-2.270658,53.467794],[-2.270571,53.467872],[-2.270476,53.467947],[-2.2704609,53.4679578]],[[-2.2427802,53.4784684],[-2.242739,53.478489],[-2.242601,53.47855],[-2.242464,53.478611],[-2.2424638,53.4786111]]]}},{"type":"Feature","properties":{"r":"UK","g":"uk","col":"#009c00","n":"Metrolink: Bury to/from Altrincham via Shudehill","ct":"曼彻斯特","jk":"urban","off":-1.625},"geometry":{"type":"MultiLineString","coordinates":[[[-2.2708486,53.4669553],[-2.270857,53.467158],[-2.270856,53.467281],[-2.270845,53.467385],[-2.270828,53.467464],[-2.2708103,53.4675215]],[[-2.2424638,53.4786111],[-2.242397,53.478643],[-2.242334,53.478677],[-2.242168,53.478781],[-2.2421633,53.4787842]]]}},{"type":"Feature","properties":{"r":"UK","g":"uk","col":"#009c00","n":"Metrolink: Bury to/from Altrincham via Shudehill","ct":"曼彻斯特","jk":"urban","off":-1.5},"geometry":{"type":"MultiLineString","coordinates":[[[-2.2708299,53.4663843],[-2.270829,53.466406],[-2.270831,53.466559],[-2.270845,53.46687],[-2.2708486,53.4669553]],[[-2.2421633,53.4787842],[-2.241937,53.478937],[-2.2418764,53.4789795]],[[-2.2421202,53.4872749],[-2.242136,53.487291],[-2.242167,53.48733],[-2.242179,53.487348],[-2.242188,53.487365],[-2.242194,53.487381],[-2.242197,53.487397],[-2.242198,53.487413],[-2.242198,53.48743],[-2.242191,53.487463],[-2.242181,53.487495],[-2.242175,53.487509],[-2.242168,53.487523],[-2.242149,53.487551],[-2.242128,53.487577],[-2.242104,53.487603],[-2.242064,53.487642],[-2.24202,53.487679],[-2.241926,53.487751],[-2.241761,53.487866],[-2.24159,53.487977],[-2.241242,53.488198],[-2.241026,53.488331],[-2.240813,53.488466],[-2.240594,53.488598],[-2.240481,53.488661],[-2.240363,53.488721],[-2.240292,53.488754],[-2.240219,53.488784],[-2.240066,53.48884],[-2.239825,53.488921],[-2.239548,53.489009],[-2.239242,53.489102],[-2.238916,53.489199],[-2.238236,53.489394],[-2.237571,53.489576],[-2.237103,53.489698],[-2.236528,53.489843],[-2.235881,53.490002],[-2.2352,53.490168],[-2.234519,53.49033],[-2.233875,53.490481],[-2.233304,53.490611],[-2.232842,53.490713],[-2.232534,53.490775],[-2.232223,53.490833],[-2.231599,53.490945],[-2.230947,53.491046],[-2.230293,53.491146],[-2.229642,53.491249],[-2.229318,53.491305],[-2.228996,53.491364],[-2.228813,53.4914],[-2.228631,53.491438],[-2.228451,53.49148],[-2.228273,53.491524],[-2.228102,53.491569],[-2.227934,53.491617],[-2.227768,53.491669],[-2.227608,53.491726],[-2.227422,53.491801],[-2.227242,53.49188],[-2.22707,53.491966],[-2.226905,53.492056],[-2.22676,53.492144],[-2.226623,53.492237],[-2.226495,53.492334],[-2.226375,53.492435],[-2.22626,53.492546],[-2.226156,53.492661],[-2.226059,53.492778],[-2.225965,53.492896],[-2.225861,53.493031],[-2.225814,53.4931],[-2.225772,53.49317],[-2.225739,53.493235],[-2.225712,53.4933],[-2.225665,53.493432],[-2.225624,53.493576],[-2.225595,53.493722],[-2.225584,53.493818],[-2.225577,53.493914],[-2.225575,53.494011],[-2.225577,53.494107],[-2.225591,53.494298],[-2.225605,53.494393],[-2.225626,53.494488],[-2.225663,53.494606],[-2.22571,53.494726],[-2.225821,53.49497],[-2.225938,53.495218],[-2.225992,53.495342],[-2.226039,53.495466],[-2.226098,53.495646],[-2.226151,53.495826],[-2.226198,53.496007],[-2.226241,53.496188],[-2.22628,53.496371],[-2.226295,53.496463],[-2.226304,53.496555],[-2.226305,53.496646],[-2.226301,53.496775],[-2.226279,53.497123],[-2.226206,53.498046],[-2.2261503,53.4987506]]]}},{"type":"Feature","properties":{"r":"UK","g":"uk","col":"#009c00","n":"Metrolink: Bury to/from Altrincham via Shudehill","ct":"曼彻斯特","jk":"urban","off":-1.375},"geometry":{"type":"MultiLineString","coordinates":[[[-2.2709189,53.4658222],[-2.27089,53.465916],[-2.270869,53.466002],[-2.270854,53.466087],[-2.270835,53.46626],[-2.2708299,53.4663843]],[[-2.2418764,53.4789795],[-2.2415921,53.4791787]],[[-2.2418434,53.4870395],[-2.241844,53.48704],[-2.241947,53.487122],[-2.24205,53.487208],[-2.242096,53.48725],[-2.2421202,53.4872749]],[[-2.2261503,53.4987506],[-2.22613,53.499007],[-2.2261109,53.4993206]]]}},{"type":"Feature","properties":{"r":"UK","g":"uk","col":"#009c00","n":"Metrolink: Bury to/from Altrincham via Shudehill","ct":"曼彻斯特","jk":"urban","off":-1.25},"geometry":{"type":"MultiLineString","coordinates":[[[-2.2711514,53.4653014],[-2.271097,53.4654],[-2.271034,53.465527],[-2.270978,53.465656],[-2.27093,53.465786],[-2.2709189,53.4658222]],[[-2.2415921,53.4791787],[-2.241339,53.479356],[-2.2413079,53.479378]],[[-2.2415375,53.4868432],[-2.241555,53.486855],[-2.241653,53.486916],[-2.241752,53.486976],[-2.2418,53.487007],[-2.2418434,53.4870395]],[[-2.2261109,53.4993206],[-2.226106,53.499402],[-2.226099,53.49956],[-2.226098,53.499686],[-2.226103,53.499856],[-2.2261055,53.4998916]]]}},{"type":"Feature","properties":{"r":"UK","g":"uk","col":"#009c00","n":"Metrolink: Bury to/from Altrincham via Shudehill","ct":"曼彻斯特","jk":"urban","off":-1.125},"geometry":{"type":"MultiLineString","coordinates":[[[-2.2714656,53.464825],[-2.2714,53.46491],[-2.271289,53.465071],[-2.271188,53.465235],[-2.2711514,53.4653014]],[[-2.2413079,53.479378],[-2.2410249,53.479579]],[[-2.2413342,53.4865547],[-2.241353,53.486621],[-2.241369,53.48666],[-2.241389,53.486699],[-2.241405,53.486723],[-2.241423,53.486746],[-2.241444,53.486768],[-2.241467,53.48679],[-2.241509,53.486824],[-2.2415375,53.4868432]],[[-2.2261055,53.4998916],[-2.226115,53.500025],[-2.226134,53.500195],[-2.226159,53.500364],[-2.2261784,53.5004578]]]}},{"type":"Feature","properties":{"r":"UK","g":"uk","col":"#009c00","n":"Metrolink: Bury to/from Altrincham via Shudehill","ct":"曼彻斯特","jk":"urban","off":-1.0},"geometry":{"type":"MultiLineString","coordinates":[[[-2.2795258,53.4605524],[-2.279333,53.460671],[-2.278995,53.46087],[-2.27865,53.461064],[-2.278228,53.46129],[-2.277797,53.46151],[-2.277358,53.461725],[-2.276914,53.461935],[-2.276671,53.462046],[-2.276424,53.462155],[-2.276174,53.462261],[-2.275921,53.462364],[-2.275634,53.462476],[-2.275331,53.462589],[-2.274709,53.462813],[-2.274131,53.463023],[-2.273882,53.463119],[-2.273671,53.463206],[-2.273553,53.46326],[-2.273439,53.463317],[-2.273217,53.463436],[-2.27306,53.463524],[-2.272906,53.463613],[-2.272757,53.463705],[-2.272613,53.4638],[-2.272435,53.463929],[-2.272265,53.464061],[-2.272101,53.464196],[-2.271943,53.464334],[-2.27183,53.464436],[-2.271721,53.464539],[-2.271617,53.464644],[-2.271522,53.464752],[-2.2714656,53.464825]],[[-2.2410249,53.479579],[-2.24066,53.479838],[-2.240022,53.480289],[-2.239933,53.480353],[-2.239887,53.480384],[-2.239862,53.480398],[-2.239836,53.480411],[-2.239826,53.480415],[-2.239816,53.480419],[-2.239794,53.480426],[-2.239749,53.480437],[-2.239704,53.480449],[-2.239683,53.480456],[-2.239673,53.48046],[-2.239663,53.480464],[-2.239619,53.480487],[-2.23956,53.48052],[-2.239406,53.480616],[-2.239215,53.480739],[-2.239004,53.48088],[-2.238789,53.481028],[-2.238585,53.481172],[-2.2385473,53.4811994]],[[-2.2411392,53.486263],[-2.241143,53.486265],[-2.241186,53.486292],[-2.2412,53.486302],[-2.241212,53.486312],[-2.241223,53.486323],[-2.241234,53.486335],[-2.241253,53.486358],[-2.241269,53.486382],[-2.24129,53.486421],[-2.241306,53.48646],[-2.24133,53.48654],[-2.2413342,53.4865547]],[[-2.2261784,53.5004578],[-2.226201,53.500567],[-2.226229,53.500668],[-2.22626,53.500768],[-2.226306,53.500897],[-2.2263477,53.5010025]]]}},{"type":"Feature","properties":{"r":"UK","g":"uk","col":"#009c00","n":"Metrolink: Bury to/from Altrincham via Shudehill","ct":"曼彻斯特","jk":"urban","off":-0.875},"geometry":{"type":"MultiLineString","coordinates":[[[-2.2806398,53.4598203],[-2.280546,53.459887],[-2.28027,53.460076],[-2.279988,53.460262],[-2.279663,53.460468],[-2.2795258,53.4605524]],[[-2.2385473,53.4811994],[-2.238409,53.4813],[-2.238277,53.481403],[-2.238214,53.481454],[-2.2382,53.481468],[-2.238187,53.481482],[-2.238182,53.481489],[-2.238177,53.481496],[-2.238173,53.481503],[-2.23817,53.481511],[-2.238165,53.481529],[-2.238162,53.481547],[-2.238162,53.481566],[-2.238164,53.481584],[-2.2381654,53.481589]],[[-2.2408049,53.4861212],[-2.240893,53.486153],[-2.240998,53.486194],[-2.241049,53.486216],[-2.241097,53.48624],[-2.2411392,53.486263]],[[-2.2263477,53.5010025],[-2.226357,53.501026],[-2.226414,53.501153],[-2.226476,53.50128],[-2.226575,53.501465],[-2.2266027,53.5015135]]]}},{"type":"Feature","properties":{"r":"UK","g":"uk","col":"#009c00","n":"Metrolink: Bury to/from Altrincham via Shudehill","ct":"曼彻斯特","jk":"urban","off":-0.75},"geometry":{"type":"MultiLineString","coordinates":[[[-2.2817061,53.4590201],[-2.281654,53.459062],[-2.28137,53.459283],[-2.281081,53.459501],[-2.280816,53.459695],[-2.2806398,53.4598203]],[[-2.2381654,53.481589],[-2.238169,53.481602],[-2.238176,53.48162],[-2.238185,53.481638],[-2.238196,53.481655],[-2.238206,53.481667],[-2.238218,53.481678],[-2.238231,53.481689],[-2.238246,53.4817],[-2.238261,53.481709],[-2.238278,53.481719],[-2.238313,53.481736],[-2.238331,53.481744],[-2.238351,53.481752],[-2.2384,53.481769],[-2.23852,53.481805],[-2.2386518,53.4818396]],[[-2.2404562,53.4860186],[-2.240538,53.486039],[-2.240665,53.486075],[-2.240785,53.486114],[-2.2408049,53.4861212]],[[-2.2266027,53.5015135],[-2.226688,53.501663],[-2.226812,53.50187],[-2.2268946,53.5020046]]]}},{"type":"Feature","properties":{"r":"UK","g":"uk","col":"#009c00","n":"Metrolink: Bury to/from Altrincham via Shudehill","ct":"曼彻斯特","jk":"urban","off":-0.625},"geometry":{"type":"MultiLineString","coordinates":[[[-2.2827148,53.4581489],[-2.282616,53.458242],[-2.282411,53.458428],[-2.282201,53.458612],[-2.281931,53.458839],[-2.2817061,53.4590201]],[[-2.2386518,53.4818396],[-2.238817,53.481883],[-2.239117,53.481962],[-2.2392036,53.4819878]],[[-2.2401036,53.48593],[-2.240277,53.485974],[-2.2404562,53.4860186]],[[-2.2268946,53.5020046],[-2.226944,53.502085],[-2.227202,53.5024863]]]}},{"type":"Feature","properties":{"r":"UK","g":"uk","col":"#009c00","n":"Metrolink: Bury to/from Altrincham via Shudehill","ct":"曼彻斯特","jk":"urban","off":-0.5},"geometry":{"type":"MultiLineString","coordinates":[[[-2.347497,53.387302],[-2.347363,53.387557],[-2.347233,53.387812],[-2.347096,53.388066],[-2.347022,53.388191],[-2.346943,53.388316],[-2.3469,53.388374],[-2.346853,53.388432],[-2.346806,53.388489],[-2.346763,53.388547],[-2.346709,53.388633],[-2.34666,53.38872],[-2.346565,53.388894],[-2.345466,53.390869],[-2.344728,53.392238],[-2.344367,53.392988],[-2.343768,53.394448],[-2.343494,53.395237],[-2.343262,53.396027],[-2.343028,53.396837],[-2.342798,53.397608],[-2.342686,53.397961],[-2.342576,53.398281],[-2.342492,53.398499],[-2.342401,53.398716],[-2.342215,53.39915],[-2.341783,53.400031],[-2.341575,53.400396],[-2.34147,53.400578],[-2.341359,53.400759],[-2.341146,53.401089],[-2.340927,53.401417],[-2.340697,53.401742],[-2.340576,53.401904],[-2.340452,53.402064],[-2.340316,53.402231],[-2.340174,53.402396],[-2.339879,53.402724],[-2.339577,53.403049],[-2.339279,53.403375],[-2.33674,53.406026],[-2.319862,53.423529],[-2.318412,53.424867],[-2.31809,53.425142],[-2.317769,53.425419],[-2.317445,53.425693],[-2.317112,53.425964],[-2.316626,53.426341],[-2.316131,53.426714],[-2.315626,53.427082],[-2.315113,53.427446],[-2.314878,53.427607],[-2.314639,53.427765],[-2.314153,53.428077],[-2.313668,53.428391],[-2.313432,53.42855],[-2.313201,53.428713],[-2.312985,53.428874],[-2.312775,53.429037],[-2.312571,53.429203],[-2.31237,53.429371],[-2.312152,53.42956],[-2.311945,53.429753],[-2.311765,53.42993],[-2.311589,53.430108],[-2.311419,53.430288],[-2.311257,53.430471],[-2.311039,53.430736],[-2.310833,53.431005],[-2.310636,53.431276],[-2.310446,53.431549],[-2.310356,53.431687],[-2.310271,53.431826],[-2.310105,53.432104],[-2.309978,53.432338],[-2.309856,53.432573],[-2.309761,53.432774],[-2.30967,53.432976],[-2.309584,53.433179],[-2.309504,53.433382],[-2.309407,53.433646],[-2.309317,53.43391],[-2.309147,53.434441],[-2.308984,53.434972],[-2.308817,53.435503],[-2.307518,53.439275],[-2.307068,53.440782],[-2.306616,53.442107],[-2.306456,53.442524],[-2.306374,53.442733],[-2.306284,53.44294],[-2.306203,53.443104],[-2.306113,53.443267],[-2.305991,53.443475],[-2.305865,53.443681],[-2.305734,53.443887],[-2.305597,53.444091],[-2.305437,53.44432],[-2.305271,53.444548],[-2.305098,53.444773],[-2.304915,53.444996],[-2.304802,53.445124],[-2.304683,53.44525],[-2.304433,53.445498],[-2.303974,53.445933],[-2.303497,53.446368],[-2.303257,53.446581],[-2.303019,53.446788],[-2.302785,53.446987],[-2.302556,53.447176],[-2.302376,53.447319],[-2.30219,53.447459],[-2.302,53.447597],[-2.301806,53.447733],[-2.30149,53.447946],[-2.301327,53.44805],[-2.301161,53.448152],[-2.30089,53.448309],[-2.30061,53.448461],[-2.300291,53.448625],[-2.299968,53.448786],[-2.299639,53.448943],[-2.299304,53.449095],[-2.299062,53.449199],[-2.298816,53.449299],[-2.298566,53.449396],[-2.298314,53.449491],[-2.297972,53.449615],[-2.297627,53.449735],[-2.29693,53.44997],[-2.29623,53.4502],[-2.295531,53.450433],[-2.294989,53.450635],[-2.294446,53.450836],[-2.293906,53.45104],[-2.293639,53.451144],[-2.293374,53.451251],[-2.29293,53.451438],[-2.292493,53.45163],[-2.292061,53.451826],[-2.291633,53.452026],[-2.291131,53.452266],[-2.290635,53.452511],[-2.290145,53.45276],[-2.289663,53.453015],[-2.289343,53.453193],[-2.28903,53.453375],[-2.288407,53.453742],[-2.287897,53.454056],[-2.287644,53.454214],[-2.287395,53.454374],[-2.286917,53.454695],[-2.286446,53.455019],[-2.285984,53.455348],[-2.285531,53.455681],[-2.285272,53.45588],[-2.285021,53.456083],[-2.284521,53.456489],[-2.283806,53.457109],[-2.283409,53.457487],[-2.283016,53.457865],[-2.2827148,53.4581489]],[[-2.2392036,53.4819878],[-2.239241,53.481999],[-2.239291,53.482017],[-2.239332,53.482033],[-2.239366,53.48205],[-2.239398,53.482069],[-2.239426,53.482089],[-2.239451,53.482111],[-2.239467,53.482128],[-2.23948,53.482146],[-2.239491,53.482164],[-2.239495,53.482174],[-2.239498,53.482183],[-2.239502,53.482201],[-2.239504,53.482219],[-2.239504,53.482256],[-2.239499,53.482293],[-2.23949,53.482329],[-2.2394702,53.4823829]],[[-2.2397581,53.4858182],[-2.239775,53.485826],[-2.239804,53.485839],[-2.239909,53.485876],[-2.240025,53.48591],[-2.2401036,53.48593]],[[-2.227202,53.5024863],[-2.227225,53.502522],[-2.227512,53.502948],[-2.227632,53.503121],[-2.227756,53.503294],[-2.227887,53.503464],[-2.228029,53.503631],[-2.228152,53.503762],[-2.228284,53.503891],[-2.228422,53.504018],[-2.228567,53.504141],[-2.228727,53.504267],[-2.228902,53.504397],[-2.229287,53.504666],[-2.229686,53.504942],[-2.229881,53.505081],[-2.230068,53.505219],[-2.230307,53.505401],[-2.230543,53.505585],[-2.230771,53.505772],[-2.230989,53.505963],[-2.231086,53.506057],[-2.231178,53.506153],[-2.231353,53.506347],[-2.231636,53.506672],[-2.231771,53.506836],[-2.231898,53.507003],[-2.231991,53.507133],[-2.232079,53.507265],[-2.232247,53.507529],[-2.232409,53.507796],[-2.232574,53.508061],[-2.232741,53.508298],[-2.232826,53.508415],[-2.232916,53.508532],[-2.233076,53.50872],[-2.233248,53.508904],[-2.233471,53.509126],[-2.233588,53.509235],[-2.233709,53.509343],[-2.233834,53.509449],[-2.233962,53.509554],[-2.234094,53.509657],[-2.23423,53.509759],[-2.234402,53.509879],[-2.234581,53.509996],[-2.234774,53.510117],[-2.234971,53.510236],[-2.235171,53.510353],[-2.235374,53.510468],[-2.235559,53.510566],[-2.235748,53.510662],[-2.235937,53.510757],[-2.236123,53.510855],[-2.23652,53.511076],[-2.236714,53.511189],[-2.236902,53.511306],[-2.237115,53.511446],[-2.237322,53.511589],[-2.237522,53.511735],[-2.237713,53.511885],[-2.237935,53.512073],[-2.238146,53.512265],[-2.238347,53.51246],[-2.23854,53.512659],[-2.238697,53.512832],[-2.238847,53.513007],[-2.238988,53.513185],[-2.239121,53.513365],[-2.239249,53.513552],[-2.239368,53.513742],[-2.23948,53.513933],[-2.239586,53.514125],[-2.239756,53.514457],[-2.239985,53.51493],[-2.240567,53.516171],[-2.241222,53.517586],[-2.24184,53.518914],[-2.24205,53.519345],[-2.242262,53.519789],[-2.24247,53.520207],[-2.24257,53.520394],[-2.242667,53.52056],[-2.242775,53.520726],[-2.242891,53.520889],[-2.243015,53.521051],[-2.243146,53.521211],[-2.24328,53.521365],[-2.243421,53.521516],[-2.243568,53.521665],[-2.243719,53.521813],[-2.243841,53.521927],[-2.243967,53.52204],[-2.244097,53.522151],[-2.24423,53.522261],[-2.244373,53.522374],[-2.244519,53.522485],[-2.24467,53.522595],[-2.244824,53.522702],[-2.245005,53.522823],[-2.24519,53.522943],[-2.245381,53.523059],[-2.245578,53.523171],[-2.245944,53.523364],[-2.24632,53.523551],[-2.246512,53.523641],[-2.246707,53.52373],[-2.246904,53.523816],[-2.247103,53.5239],[-2.247222,53.523947],[-2.247377,53.524005],[-2.247776,53.524148],[-2.248812,53.524508],[-2.249936,53.5249],[-2.250446,53.525082],[-2.250876,53.525243],[-2.251248,53.525392],[-2.251613,53.525546],[-2.252341,53.525857],[-2.253186,53.526253],[-2.254071,53.526671],[-2.254876,53.527046],[-2.255211,53.527197],[-2.255482,53.527313],[-2.255733,53.527413],[-2.256014,53.527521],[-2.256318,53.527635],[-2.25664,53.527752],[-2.257309,53.527986],[-2.257643,53.528099],[-2.257968,53.528206],[-2.258178,53.528272],[-2.25839,53.528335],[-2.258821,53.528454],[-2.259453,53.528618],[-2.260347,53.528843],[-2.261413,53.529107],[-2.262564,53.52939],[-2.263711,53.529669],[-2.264766,53.529923],[-2.265642,53.53013],[-2.26625,53.530269],[-2.266638,53.530353],[-2.267029,53.530433],[-2.267423,53.530508],[-2.267819,53.530577],[-2.268068,53.530616],[-2.268318,53.530652],[-2.268569,53.530684],[-2.268822,53.530713],[-2.269098,53.53074],[-2.269375,53.530763],[-2.269653,53.530782],[-2.269931,53.530799],[-2.270461,53.530825],[-2.271058,53.530847],[-2.272342,53.530886],[-2.273559,53.530923],[-2.274072,53.530942],[-2.274484,53.530964],[-2.274675,53.530977],[-2.274866,53.530993],[-2.275055,53.531012],[-2.275244,53.531035],[-2.275611,53.531086],[-2.275976,53.531144],[-2.276338,53.531208],[-2.276696,53.531279],[-2.276966,53.531339],[-2.277233,53.531404],[-2.277498,53.531473],[-2.27776,53.531544],[-2.278136,53.53165],[-2.278509,53.53176],[-2.278878,53.531875],[-2.279242,53.531995],[-2.279563,53.532109],[-2.279721,53.532169],[-2.279875,53.532232],[-2.280141,53.532348],[-2.280401,53.532468],[-2.280657,53.532591],[-2.28091,53.532716],[-2.281185,53.532855],[-2.281319,53.532926],[-2.28145,53.533],[-2.281616,53.5331],[-2.281778,53.533203],[-2.281935,53.533308],[-2.282089,53.533415],[-2.282361,53.53361],[-2.282628,53.533808],[-2.282886,53.53401],[-2.283134,53.534216],[-2.283258,53.534328],[-2.283377,53.534441],[-2.283602,53.534673],[-2.283747,53.534833],[-2.283884,53.534996],[-2.284141,53.535317],[-2.284262,53.53548],[-2.284376,53.535644],[-2.284486,53.535818],[-2.284588,53.535993],[-2.284683,53.536169],[-2.284772,53.536347],[-2.284849,53.53651],[-2.28492,53.536674],[-2.284984,53.53684],[-2.285039,53.537006],[-2.28509,53.5372],[-2.285131,53.537395],[-2.285163,53.53759],[-2.285189,53.537786],[-2.285197,53.537876],[-2.285201,53.537965],[-2.285206,53.538145],[-2.285193,53.538392],[-2.285178,53.538638],[-2.285168,53.538885],[-2.285168,53.539008],[-2.285171,53.539131],[-2.28518,53.539252],[-2.285194,53.539372],[-2.285234,53.539612],[-2.285275,53.53978],[-2.285321,53.539947],[-2.28542,53.540242],[-2.285516,53.540537],[-2.285617,53.540831],[-2.285729,53.541124],[-2.285788,53.541265],[-2.28585,53.541406],[-2.285918,53.541546],[-2.285993,53.541684],[-2.28606,53.541794],[-2.286131,53.541903],[-2.286283,53.542118],[-2.28644,53.542332],[-2.286594,53.542547],[-2.2873,53.543458],[-2.291182,53.548316],[-2.291329,53.548496],[-2.29148,53.548674],[-2.291701,53.548911],[-2.291816,53.549028],[-2.291937,53.549143],[-2.292136,53.549322],[-2.292342,53.549498],[-2.292556,53.54967],[-2.292776,53.54984],[-2.292918,53.549944],[-2.293064,53.550046],[-2.293214,53.550146],[-2.293369,53.550243],[-2.293685,53.550429],[-2.294009,53.55061],[-2.294343,53.550785],[-2.294685,53.550954],[-2.294964,53.551082],[-2.295249,53.551204],[-2.29554,53.551322],[-2.295835,53.551436],[-2.296101,53.551537],[-2.29637,53.551635],[-2.296644,53.551728],[-2.296923,53.551815],[-2.297116,53.551867],[-2.297473,53.551957],[-2.298608,53.552236],[-2.302094,53.553081],[-2.306301,53.554095],[-2.310148,53.555024],[-2.310635,53.555155],[-2.311124,53.555285],[-2.311609,53.555418],[-2.311849,53.555489],[-2.312086,53.555562],[-2.312504,53.555701],[-2.312915,53.555848],[-2.31332,53.556001],[-2.31372,53.556159],[-2.313965,53.55626],[-2.314207,53.556365],[-2.314445,53.556472],[-2.31468,53.556582],[-2.314929,53.556701],[-2.315174,53.556822],[-2.315416,53.556946],[-2.315652,53.557074],[-2.315898,53.557214],[-2.316139,53.557358],[-2.316375,53.557504],[-2.316606,53.557653],[-2.316922,53.557862],[-2.317231,53.558075],[-2.317534,53.558291],[-2.31783,53.558511],[-2.31798,53.558627],[-2.318126,53.558745],[-2.318268,53.558864],[-2.318406,53.558985],[-2.318604,53.559167],[-2.318796,53.559352],[-2.318981,53.55954],[-2.31916,53.559729],[-2.319458,53.560058],[-2.319745,53.560391],[-2.320019,53.560727],[-2.32028,53.561067],[-2.32042,53.561263],[-2.320552,53.561461],[-2.320676,53.56166],[-2.320793,53.561861],[-2.320844,53.561958],[-2.320892,53.562056],[-2.320983,53.562253],[-2.321068,53.562439],[-2.321109,53.562533],[-2.321145,53.562627],[-2.321199,53.5628],[-2.321244,53.562975],[-2.321283,53.56315],[-2.321318,53.563325],[-2.321345,53.563484],[-2.321362,53.563643],[-2.32137,53.56382],[-2.321372,53.563998],[-2.321366,53.564175],[-2.321349,53.564352],[-2.321318,53.56454],[-2.321276,53.564728],[-2.321225,53.564915],[-2.321168,53.565101],[-2.321125,53.565228],[-2.321078,53.565354],[-2.321025,53.565479],[-2.320966,53.565603],[-2.320868,53.565789],[-2.320762,53.565974],[-2.320647,53.566157],[-2.320523,53.566338],[-2.320393,53.566512],[-2.320254,53.566684],[-2.320109,53.566855],[-2.319958,53.567023],[-2.319819,53.56717],[-2.319673,53.567314],[-2.319379,53.567602],[-2.318689,53.568227],[-2.318188,53.568634],[-2.317682,53.56904],[-2.317185,53.569447],[-2.316944,53.569652],[-2.31671,53.569858],[-2.316471,53.570078],[-2.316239,53.5703],[-2.316015,53.570525],[-2.315799,53.570753],[-2.315581,53.570994],[-2.315373,53.571238],[-2.315171,53.571484],[-2.314974,53.571732],[-2.314747,53.572031],[-2.314639,53.572182],[-2.314536,53.572334],[-2.314359,53.572613],[-2.31419,53.572895],[-2.314031,53.573178],[-2.313882,53.573463],[-2.313756,53.573723],[-2.313638,53.573985],[-2.313531,53.574248],[-2.313435,53.574513],[-2.313397,53.574633],[-2.313362,53.574753],[-2.313302,53.574994],[-2.313247,53.575236],[-2.313189,53.575478],[-2.313107,53.57596],[-2.313028,53.576442],[-2.312943,53.576923],[-2.312893,53.577163],[-2.312838,53.577403],[-2.312765,53.577682],[-2.312683,53.577961],[-2.312593,53.578238],[-2.312494,53.578515],[-2.312416,53.578713],[-2.312332,53.57891],[-2.312243,53.579106],[-2.312148,53.579301],[-2.312062,53.57947],[-2.311971,53.579638],[-2.311875,53.579805],[-2.311776,53.579971],[-2.311628,53.580207],[-2.311475,53.580442],[-2.311315,53.580676],[-2.311147,53.580907],[-2.311001,53.58109],[-2.310846,53.581271],[-2.31069,53.581451],[-2.310542,53.581634],[-2.310473,53.58173],[-2.310409,53.581827],[-2.310344,53.581923],[-2.310271,53.582018],[-2.310086,53.582228],[-2.309888,53.582434],[-2.30968,53.582637],[-2.309465,53.582837],[-2.309315,53.582969],[-2.309159,53.583098],[-2.308836,53.583351],[-2.308608,53.58352],[-2.308377,53.583687],[-2.307149,53.584516],[-2.305844,53.585401],[-2.304694,53.586174],[-2.304251,53.586467],[-2.303933,53.586668],[-2.30376,53.586772],[-2.303582,53.586874],[-2.3034,53.586973],[-2.303212,53.587067],[-2.30299,53.587169],[-2.302762,53.587266],[-2.302529,53.587359],[-2.302292,53.587449],[-2.302144,53.587503],[-2.301994,53.587555],[-2.301841,53.587604],[-2.301685,53.587648],[-2.30152,53.587688],[-2.301352,53.587724],[-2.301012,53.587787],[-2.30067,53.58785],[-2.300501,53.587884],[-2.300335,53.587922],[-2.300105,53.587983],[-2.299993,53.588016],[-2.299883,53.588053],[-2.299772,53.588094],[-2.299665,53.588138],[-2.29956,53.588184],[-2.299459,53.588233],[-2.299348,53.588291],[-2.299241,53.588352],[-2.299139,53.588416],[-2.299042,53.588482],[-2.298983,53.588528],[-2.298927,53.588575],[-2.298825,53.588673],[-2.298733,53.588772],[-2.298647,53.588872],[-2.298479,53.589075],[-2.298233,53.58939],[-2.298112,53.589549],[-2.297996,53.589708],[-2.297848,53.589927],[-2.297707,53.590149],[-2.29743,53.590592]]]}},{"type":"Feature","properties":{"r":"UK","g":"uk","col":"#009c00","n":"Metrolink: Bury to/from Altrincham via Shudehill","ct":"曼彻斯特","jk":"urban","off":-0.375},"geometry":{"type":"MultiLineString","coordinates":[[[-2.2394702,53.4823829],[-2.239461,53.482408],[-2.239419,53.482497],[-2.239308,53.482698],[-2.2391997,53.4828856]],[[-2.2394672,53.4856014],[-2.239505,53.485634],[-2.239607,53.485716],[-2.239696,53.485782],[-2.23972,53.485798],[-2.239747,53.485813],[-2.2397581,53.4858182]]]}},{"type":"Feature","properties":{"r":"UK","g":"uk","col":"#009c00","n":"Metrolink: Bury to/from Altrincham via Shudehill","ct":"曼彻斯特","jk":"urban","off":-0.25},"geometry":{"type":"MultiLineString","coordinates":[[[-2.2391997,53.4828856],[-2.239185,53.482911],[-2.239126,53.483017],[-2.239075,53.483119],[-2.238958,53.483369],[-2.2389453,53.483397]],[[-2.2391981,53.4853569],[-2.23928,53.485435],[-2.239395,53.485539],[-2.2394672,53.4856014]]]}},{"type":"Feature","properties":{"r":"UK","g":"uk","col":"#009c00","n":"Metrolink: Bury to/from Altrincham via Shudehill","ct":"曼彻斯特","jk":"urban","off":-0.125},"geometry":{"type":"MultiLineString","coordinates":[[[-2.2389453,53.483397],[-2.238844,53.483619],[-2.238742,53.483871],[-2.2387235,53.4839233]],[[-2.238939,53.4851019],[-2.239047,53.485213],[-2.2391981,53.4853569]]]}},{"type":"Feature","properties":{"r":"UK","g":"uk","col":"#00ccff","n":"Metrolink: Ashton-under-Lyne to/from Eccles via/not via MediaCityUK","ct":"曼彻斯特","jk":"urban"},"geometry":{"type":"MultiLineString","coordinates":[[[-2.2958549,53.4758957],[-2.295806,53.475834],[-2.295623,53.4756156]],[[-2.2410448,53.4795648],[-2.24066,53.479838],[-2.240022,53.480289],[-2.239933,53.480353],[-2.239887,53.480384],[-2.239862,53.480398],[-2.239836,53.480411],[-2.239826,53.480415],[-2.239816,53.480419],[-2.239794,53.480426],[-2.239749,53.480437],[-2.239704,53.480449],[-2.239683,53.480456],[-2.239673,53.48046],[-2.239663,53.480464],[-2.239627,53.480483],[-2.239588,53.480505],[-2.239506,53.48056],[-2.239323,53.480697],[-2.239131,53.48084],[-2.239037,53.480903],[-2.23899,53.480931],[-2.238945,53.480956],[-2.2389,53.480978],[-2.238854,53.480999],[-2.238829,53.481008],[-2.238804,53.481017],[-2.238778,53.481024],[-2.238751,53.48103],[-2.238726,53.481034],[-2.238701,53.481037],[-2.238675,53.48104],[-2.238649,53.481041],[-2.238623,53.481041],[-2.238597,53.481041],[-2.238571,53.481039],[-2.238546,53.481037],[-2.2385201,53.4810336]]]}},{"type":"Feature","properties":{"r":"UK","g":"uk","col":"#00ccff","n":"Metrolink: Ashton-under-Lyne to/from Eccles via/not via MediaCityUK","ct":"曼彻斯特","jk":"urban","off":-1.5},"geometry":{"type":"MultiLineString","coordinates":[[[-2.2792126,53.4651288],[-2.279204,53.465125],[-2.279174,53.465113],[-2.279142,53.465103],[-2.27911,53.465094],[-2.279077,53.465086],[-2.279048,53.465081],[-2.279019,53.465077],[-2.278989,53.465074],[-2.278959,53.465073],[-2.278928,53.465072],[-2.278898,53.465072],[-2.278838,53.465075],[-2.278814,53.465077],[-2.278784,53.465081],[-2.278708,53.465092],[-2.278495,53.46513],[-2.27822,53.465183],[-2.277901,53.465247],[-2.277208,53.465393],[-2.276571,53.465536],[-2.276279,53.465608],[-2.275992,53.465688],[-2.275683,53.465783],[-2.275377,53.465881],[-2.275075,53.465985],[-2.27478,53.466094],[-2.274622,53.466158],[-2.274462,53.466228],[-2.274145,53.466375],[-2.273846,53.466512],[-2.273708,53.46657],[-2.27358,53.466617],[-2.273439,53.466659],[-2.2732769,53.4666993]],[[-2.2349843,53.4792509],[-2.234828,53.479129],[-2.23423,53.478664],[-2.234008,53.478498],[-2.23393,53.478442],[-2.233901,53.478423],[-2.233879,53.47841],[-2.23386,53.4784],[-2.233839,53.478391],[-2.233796,53.478374],[-2.233752,53.478359],[-2.233706,53.478345],[-2.233571,53.478309],[-2.233427,53.478277],[-2.233129,53.47822],[-2.232851,53.478167],[-2.232733,53.47814],[-2.23268,53.478126],[-2.232634,53.478111],[-2.232606,53.4781],[-2.23258,53.478088],[-2.232555,53.478075],[-2.232532,53.478061],[-2.2325,53.478039],[-2.232472,53.478015],[-2.232446,53.47799],[-2.232422,53.477964],[-2.232383,53.477914],[-2.232349,53.477861],[-2.232291,53.477753],[-2.232231,53.477648],[-2.232196,53.4776],[-2.232176,53.477577],[-2.232155,53.477556],[-2.232135,53.477539],[-2.232113,53.477523],[-2.232064,53.477492],[-2.232011,53.477464],[-2.231956,53.477437],[-2.231916,53.477419],[-2.231874,53.477403],[-2.231787,53.477375],[-2.231583,53.477318],[-2.231324,53.477251],[-2.231029,53.477178],[-2.230722,53.477105],[-2.230422,53.477036],[-2.230368,53.4770242]]]}},{"type":"Feature","properties":{"r":"UK","g":"uk","col":"#00ccff","n":"Metrolink: Ashton-under-Lyne to/from Eccles via/not via MediaCityUK","ct":"曼彻斯特","jk":"urban","off":-1.375},"geometry":{"type":"MultiLineString","coordinates":[[[-2.2732769,53.4666993],[-2.273266,53.466702],[-2.272859,53.466794],[-2.272432,53.46689],[-2.272234,53.46694],[-2.272058,53.46699],[-2.271982,53.4670149]],[[-2.235271,53.4794746],[-2.2349843,53.4792509]],[[-2.230368,53.4770242],[-2.230153,53.476977],[-2.229934,53.476933],[-2.22985,53.476918],[-2.2298079,53.4769113]]]}},{"type":"Feature","properties":{"r":"UK","g":"uk","col":"#00ccff","n":"Metrolink: Ashton-under-Lyne to/from Eccles via/not via MediaCityUK","ct":"曼彻斯特","jk":"urban","off":-1.3125},"geometry":{"type":"LineString","coordinates":[[-2.2795263,53.4653111],[-2.279454,53.465262],[-2.279374,53.465211],[-2.279343,53.465192],[-2.279317,53.465178],[-2.279262,53.465151],[-2.2792126,53.4651288]]}},{"type":"Feature","properties":{"r":"UK","g":"uk","col":"#00ccff","n":"Metrolink: Ashton-under-Lyne to/from Eccles via/not via MediaCityUK","ct":"曼彻斯特","jk":"urban","off":-1.25},"geometry":{"type":"MultiLineString","coordinates":[[[-2.271982,53.4670149],[-2.271939,53.467029],[-2.271822,53.467071],[-2.271709,53.467116],[-2.271602,53.467166],[-2.271525,53.467208],[-2.271453,53.467253],[-2.271319,53.467349],[-2.271236,53.467416],[-2.271159,53.467485],[-2.271012,53.467627],[-2.2708873,53.4677458]],[[-2.2355598,53.4796956],[-2.235428,53.479597],[-2.235271,53.4794746]],[[-2.2298079,53.4769113],[-2.229787,53.476908],[-2.229711,53.476899],[-2.229634,53.476893],[-2.229595,53.476892],[-2.229557,53.476892],[-2.229519,53.476894],[-2.229481,53.476898],[-2.229463,53.476901],[-2.22944,53.476905],[-2.229381,53.476918],[-2.2292442,53.4769528]]]}},{"type":"Feature","properties":{"r":"UK","g":"uk","col":"#00ccff","n":"Metrolink: Ashton-under-Lyne to/from Eccles via/not via MediaCityUK","ct":"曼彻斯特","jk":"urban","off":-1.125},"geometry":{"type":"MultiLineString","coordinates":[[[-2.2708873,53.4677458],[-2.270864,53.467768],[-2.270784,53.467836],[-2.270697,53.467901],[-2.270586,53.467971],[-2.27045,53.468048],[-2.27013,53.468215],[-2.2698,53.468388],[-2.269742,53.4684203]],[[-2.2358633,53.4798939],[-2.235845,53.479886],[-2.235789,53.479858],[-2.235765,53.479844],[-2.235735,53.479823],[-2.235654,53.479766],[-2.2355598,53.4796956]],[[-2.2292442,53.4769528],[-2.22922,53.476959],[-2.229013,53.477017],[-2.228774,53.477088],[-2.2286954,53.477112]]]}},{"type":"Feature","properties":{"r":"UK","g":"uk","col":"#00ccff","n":"Metrolink: Ashton-under-Lyne to/from Eccles via/not via MediaCityUK","ct":"曼彻斯特","jk":"urban","off":-1.0625},"geometry":{"type":"LineString","coordinates":[[-2.2798252,53.4655183],[-2.279669,53.465408],[-2.2795263,53.4653111]]}},{"type":"Feature","properties":{"r":"UK","g":"uk","col":"#00ccff","n":"Metrolink: Ashton-under-Lyne to/from Eccles via/not via MediaCityUK","ct":"曼彻斯特","jk":"urban","off":-1.0},"geometry":{"type":"MultiLineString","coordinates":[[[-2.269742,53.4684203],[-2.269651,53.468471],[-2.269524,53.468551],[-2.269403,53.468637],[-2.269271,53.46874],[-2.268982,53.46898],[-2.26868,53.46924],[-2.268384,53.46949],[-2.268025,53.469756],[-2.267665,53.47002],[-2.267308,53.470287],[-2.267134,53.470422],[-2.266964,53.470559],[-2.26676,53.470734],[-2.266568,53.470914],[-2.266422,53.471063],[-2.266281,53.471214],[-2.26601,53.471519],[-2.265739,53.471825],[-2.2656,53.471976],[-2.265456,53.472126],[-2.265295,53.472286],[-2.26521,53.472364],[-2.26512,53.47244],[-2.265026,53.472512],[-2.264928,53.472583],[-2.264826,53.472651],[-2.26472,53.472718],[-2.264591,53.472795],[-2.264458,53.472871],[-2.264321,53.472943],[-2.264178,53.473011],[-2.264018,53.473082],[-2.263846,53.473153],[-2.263665,53.473225],[-2.263477,53.473297],[-2.263089,53.473437],[-2.2627,53.473567],[-2.262376,53.473665],[-2.261876,53.473807],[-2.261259,53.473979],[-2.260581,53.474164],[-2.259898,53.474348],[-2.25927,53.474514],[-2.258751,53.474648],[-2.2584,53.474734],[-2.258151,53.474789],[-2.2579,53.474839],[-2.257646,53.474884],[-2.257389,53.474921],[-2.257203,53.474943],[-2.257017,53.474961],[-2.256829,53.474977],[-2.256641,53.47499],[-2.256263,53.475012],[-2.255885,53.475032],[-2.255392,53.475057],[-2.255146,53.475065],[-2.254899,53.475065],[-2.254655,53.475055],[-2.254316,53.475034],[-2.253442,53.474969],[-2.252452,53.474891],[-2.25152,53.47482],[-2.251385,53.474811],[-2.251318,53.474808],[-2.25125,53.474807],[-2.251193,53.474809],[-2.251136,53.474813],[-2.251022,53.474825],[-2.250909,53.474836],[-2.250852,53.474841],[-2.250795,53.474843],[-2.250562,53.474845],[-2.250328,53.47484],[-2.250096,53.474829],[-2.249865,53.474809],[-2.249786,53.474798],[-2.249708,53.474784],[-2.249553,53.47475],[-2.249399,53.474719],[-2.24932,53.474707],[-2.24928,53.474703],[-2.24924,53.4747],[-2.2492,53.474699],[-2.249159,53.474699],[-2.249079,53.474703],[-2.248999,53.474711],[-2.24892,53.474722],[-2.248826,53.47474],[-2.248734,53.474762],[-2.248645,53.474788],[-2.248559,53.474817],[-2.24849,53.474845],[-2.248389,53.474889],[-2.24811,53.475019],[-2.247758,53.475188],[-2.247365,53.47538],[-2.246967,53.475578],[-2.2466,53.475765],[-2.246296,53.475923],[-2.246091,53.476035],[-2.245927,53.476135],[-2.24573,53.476262],[-2.245508,53.476411],[-2.245268,53.476575],[-2.244772,53.476925],[-2.244309,53.477265],[-2.24417,53.477372],[-2.244104,53.477426],[-2.244042,53.477483],[-2.244014,53.477512],[-2.243989,53.477542],[-2.243944,53.477604],[-2.243897,53.477665],[-2.243871,53.477695],[-2.243842,53.477724],[-2.243753,53.477801],[-2.243646,53.477888],[-2.243526,53.47798],[-2.243396,53.478075],[-2.243261,53.47817],[-2.243125,53.478261],[-2.2430985,53.4782781]],[[-2.2362105,53.4799992],[-2.23615,53.479987],[-2.23609,53.479973],[-2.236032,53.479956],[-2.235905,53.479912],[-2.2358633,53.4798939]],[[-2.2286954,53.477112],[-2.228519,53.477166],[-2.228262,53.477247],[-2.2281504,53.4772837]],[[-2.297144,53.472141],[-2.296894,53.4722],[-2.296638,53.472257],[-2.296395,53.472317],[-2.296282,53.472349],[-2.29618,53.472383],[-2.296077,53.472424],[-2.295979,53.47247],[-2.295887,53.472519],[-2.2958,53.472572],[-2.295743,53.472612],[-2.29569,53.472655],[-2.295593,53.472743],[-2.295498,53.472833],[-2.295447,53.472876],[-2.295393,53.472918],[-2.295278,53.472996],[-2.295217,53.473032],[-2.295152,53.473067],[-2.294968,53.473155],[-2.294777,53.473238],[-2.294579,53.473315],[-2.294375,53.473385],[-2.294206,53.473435],[-2.293992,53.473493],[-2.293471,53.473621],[-2.292895,53.473758],[-2.292347,53.47389]]]}},{"type":"Feature","properties":{"r":"UK","g":"uk","col":"#00ccff","n":"Metrolink: Ashton-under-Lyne to/from Eccles via/not via MediaCityUK","ct":"曼彻斯特","jk":"urban","off":-0.875},"geometry":{"type":"MultiLineString","coordinates":[[[-2.2801221,53.4657282],[-2.2798252,53.4655183]],[[-2.2430985,53.4782781],[-2.242992,53.478347],[-2.242868,53.478422],[-2.242805,53.478456],[-2.2428017,53.4784577]],[[-2.2365612,53.4800922],[-2.236554,53.480089],[-2.236511,53.480072],[-2.236455,53.480053],[-2.236396,53.480038],[-2.236274,53.480012],[-2.2362105,53.4799992]],[[-2.2281504,53.4772837],[-2.228019,53.477327],[-2.227804,53.477401],[-2.227612,53.4774749]]]}},{"type":"Feature","properties":{"r":"UK","g":"uk","col":"#00ccff","n":"Metrolink: Ashton-under-Lyne to/from Eccles via/not via MediaCityUK","ct":"曼彻斯特","jk":"urban","off":-0.75},"geometry":{"type":"MultiLineString","coordinates":[[[-2.2428017,53.4784577],[-2.242739,53.478489],[-2.242601,53.47855],[-2.2424858,53.4786013]],[[-2.2368838,53.4802598],[-2.236691,53.480154],[-2.236599,53.480109],[-2.2365612,53.4800922]],[[-2.227612,53.4774749],[-2.227583,53.477486],[-2.227318,53.477596],[-2.2270855,53.4776969]]]}},{"type":"Feature","properties":{"r":"UK","g":"uk","col":"#00ccff","n":"Metrolink: Ashton-under-Lyne to/from Eccles via/not via MediaCityUK","ct":"曼彻斯特","jk":"urban","off":-0.6875},"geometry":{"type":"LineString","coordinates":[[-2.280419,53.4659381],[-2.280221,53.465798],[-2.2801221,53.4657282]]}},{"type":"Feature","properties":{"r":"UK","g":"uk","col":"#00ccff","n":"Metrolink: Ashton-under-Lyne to/from Eccles via/not via MediaCityUK","ct":"曼彻斯特","jk":"urban","off":-0.625},"geometry":{"type":"MultiLineString","coordinates":[[[-2.2424858,53.4786013],[-2.242464,53.478611],[-2.242397,53.478643],[-2.242334,53.478677],[-2.2421837,53.4787712]],[[-2.2372014,53.4804367],[-2.237192,53.480432],[-2.237089,53.480377],[-2.236886,53.480261],[-2.2368838,53.4802598]],[[-2.2270855,53.4776969],[-2.22671,53.47786],[-2.2265615,53.4779247]]]}},{"type":"Feature","properties":{"r":"UK","g":"uk","col":"#00ccff","n":"Metrolink: Ashton-under-Lyne to/from Eccles via/not via MediaCityUK","ct":"曼彻斯特","jk":"urban","off":-0.5},"geometry":{"type":"MultiLineString","coordinates":[[[-2.334489,53.483072],[-2.334004,53.48315],[-2.333518,53.483226],[-2.333033,53.483306],[-2.332793,53.48335],[-2.332555,53.483397],[-2.332379,53.483437],[-2.332207,53.483482],[-2.332034,53.483527],[-2.33186,53.483569],[-2.331543,53.483639],[-2.331223,53.483705],[-2.330902,53.483767],[-2.330577,53.483823],[-2.330316,53.483862],[-2.330052,53.483895],[-2.329788,53.483925],[-2.329522,53.483951],[-2.329343,53.483966],[-2.329162,53.483979],[-2.328982,53.48399],[-2.328801,53.483997],[-2.328445,53.484004],[-2.328026,53.484004],[-2.32712,53.483997],[-2.326327,53.48399],[-2.326049,53.48399],[-2.325953,53.483993],[-2.325918,53.483995],[-2.325891,53.483997],[-2.32585,53.484002],[-2.32581,53.484009],[-2.325732,53.484026],[-2.325579,53.484069],[-2.325427,53.484113],[-2.325348,53.484131],[-2.325309,53.484138],[-2.325268,53.484144],[-2.325249,53.484146],[-2.32523,53.484148],[-2.325192,53.484149],[-2.325115,53.484149],[-2.324856,53.484145],[-2.324584,53.484135],[-2.324014,53.484107],[-2.323429,53.484074],[-2.322852,53.484043],[-2.322082,53.484029],[-2.321285,53.484018],[-2.320541,53.484002],[-2.320213,53.483991],[-2.319929,53.483977],[-2.319656,53.483957],[-2.31936,53.483931],[-2.318719,53.483866],[-2.31805,53.483792],[-2.317395,53.483723],[-2.314147,53.483312],[-2.311056,53.482866],[-2.310417,53.482796],[-2.309778,53.482728],[-2.30914,53.482657],[-2.308822,53.482619],[-2.308505,53.482578],[-2.307853,53.482488],[-2.30717,53.482388],[-2.306848,53.482338],[-2.306556,53.48229],[-2.306308,53.482247],[-2.306114,53.482208],[-2.306027,53.482187],[-2.305943,53.482163],[-2.305777,53.482111],[-2.305611,53.482058],[-2.305526,53.482035],[-2.305439,53.482014],[-2.305261,53.481981],[-2.305032,53.481944],[-2.304467,53.481864],[-2.303839,53.481781],[-2.303243,53.481699],[-2.301605,53.481494],[-2.299814,53.481272],[-2.298328,53.481083],[-2.29784,53.481018],[-2.297686,53.480994],[-2.297634,53.480986],[-2.2976,53.480979],[-2.297558,53.480968],[-2.297516,53.480956],[-2.297436,53.480929],[-2.297281,53.480868],[-2.297127,53.480806],[-2.297047,53.480779],[-2.297005,53.480767],[-2.296963,53.480756],[-2.2969,53.480743],[-2.296818,53.480729],[-2.296605,53.480699],[-2.296074,53.480633],[-2.295566,53.48057],[-2.295381,53.480543],[-2.295317,53.480532],[-2.295293,53.480527],[-2.295283,53.480524],[-2.295275,53.480522],[-2.295246,53.480512],[-2.295217,53.480501],[-2.29519,53.480489],[-2.295164,53.480476],[-2.29514,53.480462],[-2.295117,53.480447],[-2.295097,53.480431],[-2.295078,53.480414],[-2.295063,53.480398],[-2.29505,53.480381],[-2.295039,53.480364],[-2.29503,53.480346],[-2.295023,53.480327],[-2.295018,53.480309],[-2.295014,53.48029],[-2.295012,53.480272],[-2.295012,53.480269],[-2.295012,53.480265],[-2.295014,53.480254],[-2.295022,53.480221],[-2.295053,53.480118],[-2.295166,53.479778],[-2.295521,53.478765],[-2.2959,53.477679],[-2.296044,53.477249],[-2.296095,53.477086],[-2.296128,53.476967],[-2.2961436,53.4768943]],[[-2.2421837,53.4787712],[-2.242168,53.478781],[-2.241937,53.478937],[-2.2418962,53.4789656]],[[-2.2375355,53.4805797],[-2.237469,53.480554],[-2.23738,53.48052],[-2.237295,53.480483],[-2.2372014,53.4804367]],[[-2.2265615,53.4779247],[-2.226081,53.478134],[-2.22579,53.478255],[-2.225532,53.478355],[-2.225409,53.478398],[-2.225282,53.478438],[-2.225025,53.478514],[-2.22477,53.478591],[-2.224645,53.478633],[-2.224524,53.478678],[-2.224436,53.478715],[-2.224351,53.478755],[-2.224188,53.47884],[-2.223987,53.478952],[-2.223786,53.479071],[-2.22339,53.479317],[-2.223012,53.479551],[-2.222834,53.479654],[-2.222666,53.479745],[-2.222494,53.479828],[-2.222305,53.479913],[-2.221896,53.480084],[-2.22147,53.480259],[-2.221261,53.480349],[-2.22106,53.480439],[-2.220784,53.480572],[-2.220483,53.480722],[-2.219872,53.481035],[-2.219351,53.481303],[-2.219163,53.481394],[-2.219093,53.481425],[-2.219066,53.481437],[-2.219043,53.481445],[-2.219001,53.481458],[-2.218954,53.48147],[-2.21885,53.481493],[-2.218613,53.481535],[-2.218361,53.481579],[-2.218238,53.481604],[-2.218123,53.481633],[-2.218009,53.481668],[-2.217899,53.481706],[-2.217685,53.481791],[-2.217545,53.481854],[-2.21741,53.481922],[-2.217275,53.481989],[-2.217205,53.482021],[-2.217133,53.482051],[-2.217026,53.482092],[-2.216916,53.48213],[-2.216803,53.482166],[-2.216686,53.482196],[-2.216595,53.482214],[-2.216453,53.482239],[-2.216049,53.482302],[-2.214966,53.482461],[-2.213908,53.482616],[-2.213537,53.482674],[-2.213417,53.482696],[-2.213377,53.482704],[-2.213362,53.482707],[-2.213351,53.48271],[-2.213341,53.482713],[-2.213329,53.482717],[-2.213299,53.482729],[-2.213219,53.482763],[-2.212992,53.482866],[-2.212365,53.483166],[-2.211692,53.483487],[-2.211409,53.483616],[-2.211293,53.483667],[-2.211199,53.483705],[-2.21102,53.483769],[-2.210815,53.483836],[-2.210354,53.483976],[-2.209866,53.484122],[-2.209627,53.484197],[-2.2094,53.484274],[-2.209155,53.484364],[-2.208897,53.484465],[-2.208379,53.484675],[-2.207912,53.484865],[-2.207718,53.484938],[-2.207562,53.484991],[-2.207468,53.485017],[-2.207372,53.48504],[-2.207274,53.48506],[-2.207174,53.485077],[-2.207039,53.485096],[-2.206903,53.48511],[-2.206629,53.485133],[-2.206052,53.485172],[-2.205174,53.485223],[-2.204093,53.485282],[-2.202908,53.485345],[-2.201715,53.485405],[-2.200614,53.485458],[-2.199702,53.485499],[-2.199077,53.485522],[-2.198784,53.485529],[-2.198637,53.485529],[-2.198491,53.485526],[-2.198251,53.485516],[-2.19801,53.485501],[-2.197891,53.485491],[-2.197774,53.485479],[-2.197659,53.485465],[-2.197547,53.485447],[-2.197431,53.485423],[-2.197317,53.485395],[-2.197207,53.485361],[-2.197101,53.485324],[-2.197022,53.485294],[-2.196945,53.485261],[-2.196908,53.485243],[-2.196873,53.485224],[-2.196841,53.485204],[-2.196811,53.485183],[-2.196789,53.485164],[-2.196767,53.485143],[-2.196722,53.485093],[-2.196677,53.485036],[-2.196633,53.484974],[-2.196461,53.484715],[-2.196255,53.484403],[-2.196038,53.484058],[-2.195606,53.483345],[-2.195237,53.482734],[-2.195099,53.482515],[-2.195045,53.482436],[-2.195003,53.482381],[-2.19496,53.482335],[-2.194935,53.482313],[-2.194908,53.482292],[-2.194856,53.482256],[-2.1948,53.482221],[-2.19474,53.482189],[-2.194708,53.482174],[-2.194675,53.482161],[-2.194638,53.482148],[-2.194599,53.482137],[-2.194519,53.482118],[-2.194436,53.482103],[-2.194352,53.482092],[-2.194281,53.482086],[-2.19421,53.482084],[-2.194138,53.482085],[-2.194067,53.48209],[-2.194,53.482097],[-2.193933,53.482107],[-2.193802,53.482131],[-2.193543,53.482186],[-2.192996,53.482304],[-2.192326,53.482456],[-2.190846,53.482803],[-2.189564,53.483104],[-2.189142,53.4832],[-2.189011,53.483227],[-2.188969,53.483235],[-2.188954,53.483237],[-2.188948,53.483238],[-2.188943,53.483238],[-2.188908,53.48324],[-2.188873,53.483241],[-2.188837,53.48324],[-2.188802,53.483238],[-2.188766,53.483235],[-2.188732,53.48323],[-2.188698,53.483224],[-2.188665,53.483217],[-2.188636,53.483209],[-2.188606,53.483198],[-2.188576,53.483186],[-2.188546,53.483172],[-2.18842,53.483105],[-2.188287,53.483033],[-2.188218,53.483001],[-2.188183,53.482986],[-2.188147,53.482973],[-2.188053,53.482943],[-2.187955,53.482916],[-2.187854,53.482894],[-2.187802,53.482886],[-2.18775,53.482879],[-2.187714,53.482876],[-2.187678,53.482874],[-2.187606,53.482873],[-2.187534,53.482877],[-2.187462,53.482883],[-2.187356,53.482897],[-2.187251,53.482917],[-2.187047,53.482964],[-2.186842,53.483013],[-2.186739,53.483034],[-2.186633,53.483051],[-2.186565,53.483059],[-2.186497,53.483065],[-2.186428,53.483069],[-2.186359,53.483069],[-2.186326,53.483068],[-2.186284,53.483065],[-2.186175,53.483054],[-2.185871,53.48302],[-2.185063,53.482919],[-2.184246,53.482817],[-2.183931,53.482782],[-2.183814,53.48277],[-2.18373,53.482765],[-2.183648,53.482764],[-2.183535,53.482766],[-2.183236,53.482777],[-2.182465,53.482815],[-2.181697,53.482853],[-2.181403,53.482863],[-2.181293,53.482865],[-2.181215,53.482864],[-2.181174,53.482861],[-2.181112,53.482856],[-2.180932,53.482836],[-2.180369,53.482769],[-2.178664,53.482553],[-2.176616,53.482288],[-2.174739,53.482048],[-2.172501,53.481749],[-2.170081,53.481423],[-2.168024,53.48115],[-2.167301,53.481059],[-2.167045,53.481028],[-2.166872,53.48101],[-2.166673,53.480993],[-2.166474,53.48098],[-2.166073,53.480959],[-2.165672,53.480943],[-2.165271,53.480924],[-2.165034,53.480907],[-2.164797,53.480891],[-2.16456,53.480872],[-2.164326,53.480847],[-2.164169,53.480822],[-2.164015,53.480792],[-2.163861,53.480762],[-2.163704,53.480737],[-2.163561,53.480721],[-2.163344,53.480701],[-2.162719,53.480649],[-2.160918,53.480511],[-2.15879,53.480352],[-2.156826,53.480203],[-2.156657,53.480188],[-2.156573,53.48018],[-2.15649,53.480168],[-2.156372,53.480144],[-2.156256,53.480116],[-2.15603,53.480051],[-2.155803,53.479987],[-2.155687,53.47996],[-2.155568,53.479937],[-2.155417,53.479916],[-2.155219,53.479894],[-2.154992,53.479872],[-2.154751,53.479852],[-2.154514,53.479835],[-2.154298,53.479821],[-2.154118,53.479813],[-2.154047,53.479812],[-2.153991,53.479812],[-2.153945,53.479814],[-2.1539,53.479818],[-2.15381,53.479829],[-2.153633,53.479861],[-2.153455,53.479893],[-2.153365,53.479904],[-2.15332,53.479908],[-2.153274,53.47991],[-2.153259,53.47991],[-2.153237,53.479909],[-2.153172,53.479906],[-2.152969,53.479891],[-2.152316,53.479838],[-2.150422,53.479674],[-2.148502,53.479507],[-2.147818,53.479451],[-2.147595,53.479435],[-2.147519,53.479431],[-2.14747,53.479429],[-2.147256,53.47943],[-2.147042,53.47944],[-2.146829,53.479456],[-2.146618,53.479479],[-2.146539,53.479491],[-2.146461,53.479506],[-2.146308,53.479541],[-2.146155,53.479575],[-2.146077,53.479589],[-2.145997,53.479599],[-2.145897,53.479605],[-2.145797,53.479607],[-2.145696,53.479605],[-2.145596,53.4796],[-2.145405,53.479586],[-2.145191,53.479566],[-2.144711,53.479511],[-2.144202,53.479448],[-2.143708,53.479389],[-2.140956,53.479156],[-2.138569,53.478979],[-2.135986,53.478789],[-2.133794,53.478625],[-2.133026,53.478563],[-2.132757,53.478539],[-2.132576,53.478521],[-2.13245,53.478505],[-2.132326,53.478483],[-2.132249,53.478465],[-2.132174,53.478444],[-2.132026,53.478399],[-2.131877,53.478355],[-2.131801,53.478336],[-2.131723,53.47832],[-2.131579,53.478299],[-2.13138,53.478277],[-2.13114,53.478254],[-2.130873,53.478231],[-2.130592,53.478209],[-2.130313,53.47819],[-2.130049,53.478175],[-2.129814,53.478165],[-2.129606,53.47816],[-2.129502,53.478162],[-2.12945,53.478165],[-2.129399,53.47817],[-2.129224,53.478193],[-2.129051,53.478224],[-2.128884,53.478263],[-2.128721,53.478309],[-2.128616,53.478345],[-2.128511,53.478387],[-2.128302,53.478483],[-2.128087,53.478582],[-2.127977,53.478628],[-2.127865,53.47867],[-2.127766,53.4787],[-2.127664,53.478727],[-2.127455,53.478775],[-2.127248,53.478825],[-2.127148,53.478853],[-2.127053,53.478886],[-2.127003,53.478907],[-2.126947,53.478933],[-2.126819,53.479],[-2.126523,53.479167],[-2.126216,53.479339],[-2.126076,53.479412],[-2.126012,53.479442],[-2.125953,53.479468],[-2.125839,53.479511],[-2.12572,53.479549],[-2.125474,53.479618],[-2.125228,53.479686],[-2.125108,53.479724],[-2.124992,53.479765],[-2.124906,53.479799],[-2.124822,53.479835],[-2.124743,53.479874],[-2.124706,53.479895],[-2.124672,53.479918],[-2.124624,53.479955],[-2.124579,53.479993],[-2.124501,53.480074],[-2.124431,53.480159],[-2.124365,53.480244],[-2.124311,53.480319],[-2.124242,53.480422],[-2.124067,53.480697],[-2.123625,53.481421],[-2.12316,53.482181],[-2.122957,53.482501],[-2.122794,53.482741],[-2.122704,53.48286],[-2.122609,53.482978],[-2.122408,53.483211],[-2.122207,53.483438],[-2.122,53.483665],[-2.121895,53.483777],[-2.121787,53.483886],[-2.121677,53.483992],[-2.121564,53.484093],[-2.121457,53.48418],[-2.121398,53.484221],[-2.121335,53.48426],[-2.12128,53.484289],[-2.121222,53.484316],[-2.1211,53.484365],[-2.120978,53.484415],[-2.120918,53.48444],[-2.120861,53.484468],[-2.120782,53.484511],[-2.120706,53.484555],[-2.120562,53.484649],[-2.120464,53.484722],[-2.120374,53.484798],[-2.120299,53.484869],[-2.120227,53.48494],[-2.120091,53.485087],[-2.119956,53.485233],[-2.119815,53.485378],[-2.119631,53.485555],[-2.119535,53.485642],[-2.119433,53.485726],[-2.119293,53.485832],[-2.119146,53.485935],[-2.118994,53.486035],[-2.118836,53.486132],[-2.118748,53.486182],[-2.118656,53.48623],[-2.118471,53.486324],[-2.118285,53.486417],[-2.118191,53.486462],[-2.118093,53.486505],[-2.117897,53.486582],[-2.117695,53.486654],[-2.11749,53.486723],[-2.117282,53.486788],[-2.116989,53.486872],[-2.116636,53.486965],[-2.11585,53.487161],[-2.115125,53.487342],[-2.114847,53.487416],[-2.11474,53.487446],[-2.114659,53.487472],[-2.114602,53.487493],[-2.114546,53.487516],[-2.114493,53.48754],[-2.114442,53.487566],[-2.114407,53.487586],[-2.114374,53.487606],[-2.114343,53.487628],[-2.114315,53.487651],[-2.114269,53.487699],[-2.11423,53.48775],[-2.114196,53.487803],[-2.114168,53.487856],[-2.114133,53.487939],[-2.114107,53.488025],[-2.114069,53.4882],[-2.114033,53.488369],[-2.114009,53.488447],[-2.113977,53.48852],[-2.113923,53.488609],[-2.113858,53.488695],[-2.113784,53.488779],[-2.113704,53.48886],[-2.113587,53.488964],[-2.113459,53.489065],[-2.113324,53.489162],[-2.113186,53.489257],[-2.113017,53.489365],[-2.112839,53.489468],[-2.112676,53.489558],[-2.112511,53.489646],[-2.11234,53.489731],[-2.112163,53.48981],[-2.112,53.489875],[-2.111831,53.489936],[-2.111658,53.489992],[-2.111481,53.490043],[-2.111294,53.490089],[-2.111104,53.49013],[-2.11091,53.490165],[-2.110714,53.490193],[-2.110515,53.490213],[-2.11024,53.490234],[-2.109532,53.490278],[-2.108731,53.490322],[-2.107977,53.490366],[-2.107011,53.490395],[-2.105979,53.490423],[-2.105079,53.490453],[-2.10474,53.490468],[-2.104509,53.490483],[-2.104341,53.490502],[-2.104173,53.490527],[-2.103839,53.490586],[-2.103511,53.490644],[-2.103349,53.490668],[-2.103189,53.490686],[-2.103092,53.490692],[-2.103043,53.490693],[-2.102995,53.490691],[-2.102899,53.490683],[-2.102805,53.490672],[-2.102712,53.490656],[-2.102622,53.490635],[-2.102575,53.490622],[-2.102527,53.490606],[-2.102425,53.490569],[-2.102207,53.490477],[-2.101978,53.490379],[-2.101863,53.490332],[-2.101748,53.49029],[-2.101559,53.490228],[-2.101462,53.4902],[-2.101362,53.490177],[-2.101284,53.490163],[-2.101205,53.490151],[-2.101125,53.490143],[-2.101044,53.49014],[-2.100988,53.490141],[-2.100917,53.490145],[-2.100737,53.490159],[-2.10027,53.490206],[-2.099737,53.490262],[-2.099477,53.490288],[-2.099236,53.490308],[-2.098947,53.490327],[-2.098657,53.490344],[-2.098078,53.490374]]]}},{"type":"Feature","properties":{"r":"UK","g":"uk","col":"#00ccff","n":"Metrolink: Ashton-under-Lyne to/from Eccles via/not via MediaCityUK","ct":"曼彻斯特","jk":"urban","off":-0.4375},"geometry":{"type":"LineString","coordinates":[[-2.2807159,53.4661482],[-2.280419,53.4659381]]}},{"type":"Feature","properties":{"r":"UK","g":"uk","col":"#00ccff","n":"Metrolink: Ashton-under-Lyne to/from Eccles via/not via MediaCityUK","ct":"曼彻斯特","jk":"urban","off":-0.375},"geometry":{"type":"MultiLineString","coordinates":[[[-2.2961436,53.4768943],[-2.296164,53.476799],[-2.296176,53.476715],[-2.296181,53.47663],[-2.2961754,53.476534]],[[-2.2418962,53.4789656],[-2.241612,53.4791647]],[[-2.2378585,53.4807454],[-2.237799,53.480709],[-2.237722,53.480666],[-2.237642,53.480625],[-2.237557,53.480588],[-2.2375355,53.4805797]]]}},{"type":"Feature","properties":{"r":"UK","g":"uk","col":"#00ccff","n":"Metrolink: Ashton-under-Lyne to/from Eccles via/not via MediaCityUK","ct":"曼彻斯特","jk":"urban","off":-0.25},"geometry":{"type":"MultiLineString","coordinates":[[[-2.2961754,53.476534],[-2.296175,53.476528],[-2.296158,53.476426],[-2.29614,53.47635],[-2.296128,53.476312],[-2.296113,53.476275],[-2.296082,53.476213],[-2.2960682,53.4761898]],[[-2.2810175,53.4663512],[-2.280954,53.466311],[-2.280758,53.466178],[-2.2807159,53.4661482]],[[-2.241612,53.4791647],[-2.241339,53.479356],[-2.2413278,53.4793639]],[[-2.2381746,53.4809248],[-2.238099,53.480887],[-2.237948,53.4808],[-2.2378585,53.4807454]]]}},{"type":"Feature","properties":{"r":"UK","g":"uk","col":"#00ccff","n":"Metrolink: Ashton-under-Lyne to/from Eccles via/not via MediaCityUK","ct":"曼彻斯特","jk":"urban","off":-0.125},"geometry":{"type":"MultiLineString","coordinates":[[[-2.2960682,53.4761898],[-2.296045,53.476151],[-2.295962,53.476031],[-2.2958549,53.4758957]],[[-2.2413278,53.4793639],[-2.2410448,53.4795648]],[[-2.2385201,53.4810336],[-2.238508,53.481032],[-2.238471,53.481026],[-2.238434,53.481018],[-2.238398,53.481009],[-2.238329,53.480987],[-2.238262,53.480963],[-2.238179,53.480927],[-2.2381746,53.4809248]]]}},{"type":"Feature","properties":{"r":"UK","g":"uk","col":"#00ccff","n":"Metrolink: Ashton-under-Lyne to/from Eccles via/not via MediaCityUK","ct":"曼彻斯特","jk":"urban","off":-0.0625},"geometry":{"type":"LineString","coordinates":[[-2.2813656,53.4664479],[-2.281321,53.466441],[-2.281188,53.466415],[-2.281156,53.466407],[-2.281124,53.466398],[-2.281094,53.466388],[-2.281065,53.466377],[-2.281057,53.466373],[-2.281047,53.466368],[-2.281022,53.466354],[-2.2810175,53.4663512]]}},{"type":"Feature","properties":{"r":"UK","g":"uk","col":"#00ccff","n":"Metrolink: Ashton-under-Lyne to/from Eccles via/not via MediaCityUK","ct":"曼彻斯特","jk":"urban","off":0.125},"geometry":{"type":"LineString","coordinates":[[-2.295623,53.4756156],[-2.295568,53.47555],[-2.2953869,53.4753391]]}},{"type":"Feature","properties":{"r":"UK","g":"uk","col":"#00ccff","n":"Metrolink: Ashton-under-Lyne to/from Eccles via/not via MediaCityUK","ct":"曼彻斯特","jk":"urban","off":0.1875},"geometry":{"type":"LineString","coordinates":[[-2.281727,53.4664877],[-2.281548,53.466472],[-2.281431,53.466458],[-2.2813656,53.4664479]]}},{"type":"Feature","properties":{"r":"UK","g":"uk","col":"#00ccff","n":"Metrolink: Ashton-under-Lyne to/from Eccles via/not via MediaCityUK","ct":"曼彻斯特","jk":"urban","off":0.25},"geometry":{"type":"LineString","coordinates":[[-2.2953869,53.4753391],[-2.295277,53.475211],[-2.2951487,53.4750643]]}},{"type":"Feature","properties":{"r":"UK","g":"uk","col":"#00ccff","n":"Metrolink: Ashton-under-Lyne to/from Eccles via/not via MediaCityUK","ct":"曼彻斯特","jk":"urban","off":0.375},"geometry":{"type":"MultiLineString","coordinates":[[[-2.2951487,53.4750643],[-2.294963,53.474852],[-2.294909,53.4747909]],[[-2.2820887,53.4665249],[-2.282009,53.466514],[-2.281787,53.466493],[-2.281727,53.4664877]]]}},{"type":"Feature","properties":{"r":"UK","g":"uk","col":"#00ccff","n":"Metrolink: Ashton-under-Lyne to/from Eccles via/not via MediaCityUK","ct":"曼彻斯特","jk":"urban","off":0.5},"geometry":{"type":"LineString","coordinates":[[-2.294909,53.4747909],[-2.294668,53.4745186]]}},{"type":"Feature","properties":{"r":"UK","g":"uk","col":"#00ccff","n":"Metrolink: Ashton-under-Lyne to/from Eccles via/not via MediaCityUK","ct":"曼彻斯特","jk":"urban","off":0.5625},"geometry":{"type":"LineString","coordinates":[[-2.282428,53.4666474],[-2.282422,53.466643],[-2.282393,53.466625],[-2.282362,53.466609],[-2.282329,53.466593],[-2.282294,53.466579],[-2.282258,53.466566],[-2.282183,53.466544],[-2.282146,53.466535],[-2.282104,53.466527],[-2.2820887,53.4665249]]}},{"type":"Feature","properties":{"r":"UK","g":"uk","col":"#00ccff","n":"Metrolink: Ashton-under-Lyne to/from Eccles via/not via MediaCityUK","ct":"曼彻斯特","jk":"urban","off":0.625},"geometry":{"type":"LineString","coordinates":[[-2.294668,53.4745186],[-2.294655,53.474504],[-2.2944243,53.4742487]]}},{"type":"Feature","properties":{"r":"UK","g":"uk","col":"#00ccff","n":"Metrolink: Ashton-under-Lyne to/from Eccles via/not via MediaCityUK","ct":"曼彻斯特","jk":"urban","off":0.75},"geometry":{"type":"LineString","coordinates":[[-2.2944243,53.4742487],[-2.294382,53.474202],[-2.2941769,53.4739822]]}},{"type":"Feature","properties":{"r":"UK","g":"uk","col":"#00ccff","n":"Metrolink: Ashton-under-Lyne to/from Eccles via/not via MediaCityUK","ct":"曼彻斯特","jk":"urban","off":0.8125},"geometry":{"type":"LineString","coordinates":[[-2.2825098,53.4669811],[-2.282511,53.466975],[-2.282521,53.466886],[-2.282519,53.466821],[-2.282514,53.466789],[-2.282505,53.466757],[-2.282496,53.466732],[-2.282485,53.466707],[-2.282478,53.466695],[-2.282469,53.466684],[-2.28246,53.466673],[-2.282454,53.466667],[-2.282448,53.466662],[-2.282428,53.4666474]]}},{"type":"Feature","properties":{"r":"UK","g":"uk","col":"#00ccff","n":"Metrolink: Ashton-under-Lyne to/from Eccles via/not via MediaCityUK","ct":"曼彻斯特","jk":"urban","off":0.875},"geometry":{"type":"LineString","coordinates":[[-2.2941769,53.4739822],[-2.294174,53.473979],[-2.294103,53.473907],[-2.294078,53.473883],[-2.29406,53.473868],[-2.293997,53.473823],[-2.293929,53.47378],[-2.293892,53.47376],[-2.2938918,53.4737599]]}},{"type":"Feature","properties":{"r":"UK","g":"uk","col":"#00ccff","n":"Metrolink: Ashton-under-Lyne to/from Eccles via/not via MediaCityUK","ct":"曼彻斯特","jk":"urban","off":1.0},"geometry":{"type":"LineString","coordinates":[[-2.2938918,53.4737599],[-2.293853,53.473743],[-2.293811,53.473727],[-2.29379,53.47372],[-2.293768,53.473714],[-2.293724,53.473704],[-2.293679,53.473697],[-2.293633,53.473692],[-2.293585,53.473689],[-2.293538,53.473687],[-2.29349,53.473687],[-2.293395,53.473691],[-2.293382,53.473692],[-2.293365,53.473694],[-2.293317,53.4737],[-2.293175,53.473722],[-2.292728,53.473796],[-2.292119,53.473901],[-2.291416,53.474027],[-2.290683,53.47416],[-2.289987,53.474289],[-2.289392,53.474403],[-2.288966,53.474489],[-2.28874,53.47454],[-2.2885,53.4746],[-2.288013,53.474728],[-2.287579,53.47484],[-2.287406,53.474881],[-2.287335,53.474896],[-2.287275,53.474906],[-2.287191,53.474916],[-2.287105,53.474922],[-2.287019,53.474925],[-2.286933,53.474924],[-2.28688,53.474922],[-2.286828,53.474917],[-2.286776,53.474911],[-2.286725,53.474902],[-2.286626,53.47488],[-2.286529,53.474855],[-2.286482,53.47484],[-2.286437,53.474824],[-2.286394,53.474806],[-2.286354,53.474786],[-2.286332,53.474773],[-2.286312,53.474759],[-2.286294,53.474744],[-2.286278,53.474728],[-2.286247,53.474695],[-2.286219,53.474662],[-2.286149,53.474576],[-2.28608,53.474484],[-2.286014,53.474388],[-2.285951,53.474291],[-2.285893,53.474195],[-2.285841,53.474103],[-2.285798,53.474016],[-2.285764,53.473937],[-2.285736,53.473854],[-2.28571,53.473756],[-2.285687,53.473648],[-2.285667,53.473536],[-2.285651,53.473423],[-2.28564,53.473316],[-2.285635,53.473218],[-2.285637,53.473135],[-2.285641,53.473109],[-2.285648,53.473083],[-2.285668,53.473032],[-2.285689,53.472991],[-2.285715,53.472951],[-2.285772,53.472871],[-2.285827,53.472791],[-2.28585,53.472751],[-2.285868,53.472709],[-2.285876,53.472684],[-2.285881,53.472658],[-2.285882,53.472633],[-2.285881,53.472607],[-2.285876,53.472579],[-2.285869,53.472552],[-2.285864,53.472538],[-2.285857,53.472525],[-2.285849,53.472512],[-2.28584,53.472499],[-2.28582,53.472477],[-2.285799,53.472455],[-2.285775,53.472434],[-2.285749,53.472413],[-2.285721,53.472394],[-2.285692,53.472376],[-2.28566,53.472359],[-2.285627,53.472343],[-2.285613,53.472337],[-2.285598,53.472332],[-2.285565,53.472321],[-2.285529,53.472312],[-2.285489,53.472302],[-2.285306,53.472267],[-2.28511,53.472229],[-2.285015,53.472207],[-2.284971,53.472194],[-2.284929,53.472181],[-2.284863,53.472157],[-2.284799,53.47213],[-2.284739,53.4721],[-2.284711,53.472084],[-2.284685,53.472067],[-2.284656,53.472046],[-2.284628,53.472023],[-2.284579,53.471976],[-2.284535,53.471927],[-2.284495,53.471877],[-2.284419,53.471777],[-2.284342,53.471667],[-2.284264,53.47155],[-2.284189,53.471429],[-2.284116,53.471305],[-2.284049,53.471182],[-2.283988,53.471063],[-2.283935,53.470949],[-2.283912,53.470894],[-2.283891,53.470838],[-2.283877,53.470782],[-2.283873,53.470753],[-2.283871,53.470725],[-2.283873,53.47069],[-2.283879,53.470649],[-2.283902,53.470552],[-2.283974,53.47032],[-2.284047,53.470084],[-2.284072,53.469982],[-2.284079,53.469937],[-2.284082,53.469898],[-2.284082,53.469857],[-2.284078,53.469816],[-2.284074,53.469796],[-2.284067,53.469776],[-2.284059,53.469756],[-2.284047,53.469737],[-2.28403,53.469715],[-2.28401,53.469694],[-2.283987,53.469673],[-2.283962,53.469654],[-2.283907,53.469617],[-2.283847,53.469583],[-2.283809,53.469564],[-2.28377,53.469547],[-2.283686,53.469515],[-2.283598,53.469488],[-2.283508,53.469464],[-2.283446,53.46945],[-2.283377,53.469436],[-2.283222,53.46941],[-2.282874,53.469363],[-2.28254,53.469317],[-2.282402,53.469294],[-2.282344,53.469282],[-2.282295,53.46927],[-2.28226,53.469259],[-2.282228,53.469247],[-2.282197,53.469233],[-2.282168,53.469217],[-2.282119,53.469186],[-2.282074,53.469152],[-2.282054,53.469134],[-2.282036,53.469116],[-2.282021,53.469097],[-2.282008,53.469077],[-2.282003,53.469067],[-2.281999,53.469056],[-2.281993,53.469035],[-2.28199,53.469014],[-2.281989,53.468993],[-2.281997,53.468906],[-2.282018,53.46878],[-2.282058,53.468611],[-2.282177,53.468181],[-2.282319,53.467698],[-2.28245,53.467242],[-2.282493,53.467064],[-2.2825098,53.4669811]]}},{"type":"Feature","properties":{"r":"UK","g":"uk","col":"#e741e7","n":"Metrolink: Altrincham to/from Piccadilly","ct":"曼彻斯特","jk":"urban"},"geometry":{"type":"LineString","coordinates":[[-2.2364057,53.4800405],[-2.236396,53.480038],[-2.236274,53.480012],[-2.23615,53.479987],[-2.23609,53.479973],[-2.2360509,53.4799615]]}},{"type":"Feature","properties":{"r":"UK","g":"uk","col":"#e741e7","n":"Metrolink: Altrincham to/from Piccadilly","ct":"曼彻斯特","jk":"urban","off":-0.5},"geometry":{"type":"LineString","coordinates":[[-2.2351417,53.4793737],[-2.234828,53.479129],[-2.23423,53.478664],[-2.234008,53.478498],[-2.23393,53.478442],[-2.233901,53.478423],[-2.233879,53.47841],[-2.23386,53.4784],[-2.233839,53.478391],[-2.233796,53.478374],[-2.233752,53.478359],[-2.233706,53.478345],[-2.233571,53.478309],[-2.233427,53.478277],[-2.233129,53.47822],[-2.232851,53.478167],[-2.232733,53.47814],[-2.23268,53.478126],[-2.232634,53.478111],[-2.232606,53.4781],[-2.23258,53.478088],[-2.232555,53.478075],[-2.232532,53.478061],[-2.2325,53.478039],[-2.232472,53.478015],[-2.232446,53.47799],[-2.232422,53.477964],[-2.232389,53.477922],[-2.232361,53.477879],[-2.232312,53.47779],[-2.232263,53.477702],[-2.232236,53.477658],[-2.232204,53.477616],[-2.232145,53.477549],[-2.232111,53.477518],[-2.232092,53.477503],[-2.232071,53.477489],[-2.232042,53.477472],[-2.232012,53.477457],[-2.231947,53.477428],[-2.231878,53.477403],[-2.231807,53.47738],[-2.231668,53.477339],[-2.23151,53.477299],[-2.231154,53.477217],[-2.230774,53.477135],[-2.230406,53.477053]]}},{"type":"Feature","properties":{"r":"UK","g":"uk","col":"#e741e7","n":"Metrolink: Altrincham to/from Piccadilly","ct":"曼彻斯特","jk":"urban","off":-0.375},"geometry":{"type":"LineString","coordinates":[[-2.2354284,53.4795973],[-2.235428,53.479597],[-2.2351417,53.4793737]]}},{"type":"Feature","properties":{"r":"UK","g":"uk","col":"#e741e7","n":"Metrolink: Altrincham to/from Piccadilly","ct":"曼彻斯特","jk":"urban","off":-0.25},"geometry":{"type":"LineString","coordinates":[[-2.235721,53.4798131],[-2.235654,53.479766],[-2.2354284,53.4795973]]}},{"type":"Feature","properties":{"r":"UK","g":"uk","col":"#e741e7","n":"Metrolink: Altrincham to/from Piccadilly","ct":"曼彻斯特","jk":"urban","off":-0.125},"geometry":{"type":"LineString","coordinates":[[-2.2360509,53.4799615],[-2.236032,53.479956],[-2.235905,53.479912],[-2.235845,53.479886],[-2.235789,53.479858],[-2.235765,53.479844],[-2.235735,53.479823],[-2.235721,53.4798131]]}},{"type":"Feature","properties":{"r":"UK","g":"uk","col":"#e741e7","n":"Metrolink: Altrincham to/from Piccadilly","ct":"曼彻斯特","jk":"urban","off":0.125},"geometry":{"type":"LineString","coordinates":[[-2.2367399,53.4801808],[-2.236691,53.480154],[-2.236599,53.480109],[-2.236554,53.480089],[-2.236511,53.480072],[-2.236455,53.480053],[-2.2364057,53.4800405]]}},{"type":"Feature","properties":{"r":"UK","g":"uk","col":"#e741e7","n":"Metrolink: Altrincham to/from Piccadilly","ct":"曼彻斯特","jk":"urban","off":0.25},"geometry":{"type":"LineString","coordinates":[[-2.237057,53.4803587],[-2.236886,53.480261],[-2.2367399,53.4801808]]}},{"type":"Feature","properties":{"r":"UK","g":"uk","col":"#e741e7","n":"Metrolink: Altrincham to/from Piccadilly","ct":"曼彻斯特","jk":"urban","off":0.375},"geometry":{"type":"LineString","coordinates":[[-2.2373823,53.4805209],[-2.23738,53.48052],[-2.237295,53.480483],[-2.237192,53.480432],[-2.237089,53.480377],[-2.237057,53.4803587]]}},{"type":"Feature","properties":{"r":"UK","g":"uk","col":"#e741e7","n":"Metrolink: Altrincham to/from Piccadilly","ct":"曼彻斯特","jk":"urban","off":0.5},"geometry":{"type":"MultiLineString","coordinates":[[[-2.347497,53.387302],[-2.347363,53.387557],[-2.347233,53.387812],[-2.347096,53.388066],[-2.347022,53.388191],[-2.346943,53.388316],[-2.3469,53.388374],[-2.346853,53.388432],[-2.346806,53.388489],[-2.346763,53.388547],[-2.346709,53.388633],[-2.34666,53.38872],[-2.346565,53.388894],[-2.345466,53.390869],[-2.344728,53.392238],[-2.344367,53.392988],[-2.343768,53.394448],[-2.343494,53.395237],[-2.343262,53.396027],[-2.343028,53.396838],[-2.342798,53.397608],[-2.342686,53.397961],[-2.342576,53.398281],[-2.342492,53.398499],[-2.342401,53.398716],[-2.342215,53.39915],[-2.341783,53.400031],[-2.341575,53.400396],[-2.34147,53.400578],[-2.341359,53.400759],[-2.341146,53.401089],[-2.340927,53.401417],[-2.340697,53.401742],[-2.340576,53.401904],[-2.340452,53.402064],[-2.340316,53.402231],[-2.340174,53.402396],[-2.339879,53.402724],[-2.339577,53.403049],[-2.339279,53.403375],[-2.33674,53.406026],[-2.319862,53.423529],[-2.318412,53.424867],[-2.31809,53.425142],[-2.317769,53.425419],[-2.317445,53.425693],[-2.317112,53.425964],[-2.316626,53.426341],[-2.316131,53.426714],[-2.315626,53.427082],[-2.315113,53.427446],[-2.314878,53.427607],[-2.314639,53.427765],[-2.314153,53.428077],[-2.313668,53.428391],[-2.313432,53.42855],[-2.313201,53.428713],[-2.312985,53.428874],[-2.312775,53.429037],[-2.312571,53.429203],[-2.31237,53.429371],[-2.312152,53.42956],[-2.311945,53.429753],[-2.311765,53.42993],[-2.311589,53.430108],[-2.311419,53.430288],[-2.311257,53.430471],[-2.311039,53.430736],[-2.310833,53.431005],[-2.310636,53.431276],[-2.310446,53.431549],[-2.310356,53.431687],[-2.310271,53.431826],[-2.310105,53.432104],[-2.309978,53.432338],[-2.309856,53.432573],[-2.309761,53.432774],[-2.30967,53.432976],[-2.309584,53.433179],[-2.309504,53.433382],[-2.309407,53.433646],[-2.309317,53.43391],[-2.309147,53.434441],[-2.308984,53.434972],[-2.308817,53.435503],[-2.307863,53.438231],[-2.307068,53.440782],[-2.306616,53.442107],[-2.306529,53.442356],[-2.306484,53.44248],[-2.306435,53.442604],[-2.306362,53.442771],[-2.306284,53.442937],[-2.306201,53.443103],[-2.306113,53.443267],[-2.305993,53.443475],[-2.305867,53.443682],[-2.305735,53.443887],[-2.305597,53.444091],[-2.305437,53.44432],[-2.305271,53.444548],[-2.305098,53.444773],[-2.304915,53.444996],[-2.304802,53.445124],[-2.304683,53.44525],[-2.304433,53.445498],[-2.304262,53.44566],[-2.304088,53.445821],[-2.303732,53.44614],[-2.303372,53.446458],[-2.303014,53.446776],[-2.30283,53.446935],[-2.302648,53.447095],[-2.302462,53.447254],[-2.302267,53.447408],[-2.302003,53.4476],[-2.30173,53.447788],[-2.301449,53.447972],[-2.301161,53.448152],[-2.301027,53.448232],[-2.300891,53.44831],[-2.30061,53.448461],[-2.300291,53.448625],[-2.299968,53.448786],[-2.299639,53.448943],[-2.299304,53.449095],[-2.299062,53.449199],[-2.298816,53.449299],[-2.298566,53.449396],[-2.298314,53.449491],[-2.297972,53.449615],[-2.297627,53.449735],[-2.29693,53.44997],[-2.29623,53.4502],[-2.295531,53.450433],[-2.294989,53.450635],[-2.294446,53.450836],[-2.293906,53.45104],[-2.293639,53.451144],[-2.293374,53.451251],[-2.29293,53.451438],[-2.292493,53.45163],[-2.292061,53.451826],[-2.291633,53.452026],[-2.291131,53.452266],[-2.290635,53.452511],[-2.290145,53.45276],[-2.289663,53.453015],[-2.289343,53.453193],[-2.28903,53.453375],[-2.288407,53.453742],[-2.287897,53.454056],[-2.287644,53.454214],[-2.287395,53.454374],[-2.286917,53.454695],[-2.286446,53.455019],[-2.285984,53.455348],[-2.285531,53.455681],[-2.285272,53.45588],[-2.285021,53.456083],[-2.284521,53.456489],[-2.283806,53.457109],[-2.283409,53.457487],[-2.283016,53.457865],[-2.2826766,53.4581849]],[[-2.2377165,53.4806632],[-2.237642,53.480625],[-2.237557,53.480588],[-2.237469,53.480554],[-2.2373823,53.4805209]]]}},{"type":"Feature","properties":{"r":"UK","g":"uk","col":"#e741e7","n":"Metrolink: Altrincham to/from Piccadilly","ct":"曼彻斯特","jk":"urban","off":0.625},"geometry":{"type":"MultiLineString","coordinates":[[[-2.2826766,53.4581849],[-2.282616,53.458242],[-2.282411,53.458428],[-2.282201,53.458612],[-2.281931,53.458839],[-2.2816652,53.459053]],[[-2.2380301,53.4808473],[-2.237948,53.4808],[-2.237799,53.480709],[-2.237722,53.480666],[-2.2377165,53.4806632]]]}},{"type":"Feature","properties":{"r":"UK","g":"uk","col":"#e741e7","n":"Metrolink: Altrincham to/from Piccadilly","ct":"曼彻斯特","jk":"urban","off":0.75},"geometry":{"type":"MultiLineString","coordinates":[[[-2.2816652,53.459053],[-2.281654,53.459062],[-2.28137,53.459283],[-2.281081,53.459501],[-2.280816,53.459695],[-2.280597,53.4598507]],[[-2.2383604,53.480997],[-2.238329,53.480987],[-2.238262,53.480963],[-2.238179,53.480927],[-2.238099,53.480887],[-2.2380301,53.4808473]]]}},{"type":"Feature","properties":{"r":"UK","g":"uk","col":"#e741e7","n":"Metrolink: Altrincham to/from Piccadilly","ct":"曼彻斯特","jk":"urban","off":0.875},"geometry":{"type":"MultiLineString","coordinates":[[[-2.280597,53.4598507],[-2.280546,53.459887],[-2.28027,53.460076],[-2.279988,53.460262],[-2.279663,53.460468],[-2.2794811,53.4605799]],[[-2.2387189,53.4810348],[-2.238701,53.481037],[-2.238675,53.48104],[-2.238649,53.481041],[-2.238623,53.481041],[-2.238597,53.481041],[-2.238571,53.481039],[-2.238546,53.481037],[-2.238508,53.481032],[-2.238471,53.481026],[-2.238434,53.481018],[-2.238398,53.481009],[-2.2383604,53.480997]]]}},{"type":"Feature","properties":{"r":"UK","g":"uk","col":"#e741e7","n":"Metrolink: Altrincham to/from Piccadilly","ct":"曼彻斯特","jk":"urban","off":1.0},"geometry":{"type":"LineString","coordinates":[[-2.2794811,53.4605799],[-2.279333,53.460671],[-2.278995,53.46087],[-2.27865,53.461064],[-2.278228,53.46129],[-2.277797,53.46151],[-2.277358,53.461725],[-2.276914,53.461935],[-2.276671,53.462046],[-2.276424,53.462155],[-2.276174,53.462261],[-2.275921,53.462364],[-2.275634,53.462476],[-2.27533,53.462589],[-2.274709,53.462813],[-2.274131,53.463023],[-2.273882,53.463119],[-2.273671,53.463206],[-2.273553,53.46326],[-2.273439,53.463317],[-2.273217,53.463436],[-2.27306,53.463524],[-2.272906,53.463613],[-2.272757,53.463705],[-2.272613,53.4638],[-2.272435,53.463929],[-2.272265,53.464061],[-2.272101,53.464196],[-2.271943,53.464334],[-2.27183,53.464436],[-2.271721,53.464539],[-2.271617,53.464644],[-2.271522,53.464752],[-2.2714,53.46491],[-2.271289,53.465071],[-2.271188,53.465235],[-2.271097,53.4654],[-2.271034,53.465527],[-2.270978,53.465656],[-2.27093,53.465786],[-2.27089,53.465916],[-2.270869,53.466002],[-2.270854,53.466087],[-2.270835,53.46626],[-2.270829,53.466406],[-2.270831,53.466559],[-2.270845,53.46687],[-2.270857,53.467158],[-2.270856,53.467281],[-2.270845,53.467385],[-2.270828,53.467464],[-2.270804,53.467542],[-2.270772,53.467619],[-2.270734,53.467695],[-2.270718,53.467721],[-2.270701,53.467746],[-2.27068,53.46777],[-2.270658,53.467794],[-2.270571,53.467872],[-2.270476,53.467947],[-2.270274,53.468092],[-2.270167,53.468164],[-2.270056,53.468234],[-2.269827,53.468371],[-2.2696,53.468509],[-2.26949,53.46858],[-2.269385,53.468653],[-2.269251,53.468754],[-2.269121,53.468856],[-2.268873,53.469066],[-2.26863,53.469279],[-2.268384,53.46949],[-2.268025,53.469756],[-2.267665,53.47002],[-2.267308,53.470287],[-2.267134,53.470422],[-2.266964,53.470559],[-2.26676,53.470734],[-2.266568,53.470914],[-2.266422,53.471063],[-2.266281,53.471214],[-2.26601,53.471519],[-2.265739,53.471825],[-2.2656,53.471976],[-2.265456,53.472126],[-2.265296,53.472286],[-2.265211,53.472364],[-2.26512,53.47244],[-2.264972,53.472551],[-2.264815,53.472657],[-2.264652,53.47276],[-2.264481,53.472859],[-2.264334,53.472937],[-2.264181,53.473011],[-2.264023,53.473081],[-2.263862,53.473149],[-2.263549,53.473272],[-2.263229,53.473388],[-2.262903,53.473499],[-2.262573,53.473605],[-2.262213,53.473712],[-2.261709,53.473855],[-2.26111,53.474021],[-2.260465,53.474197],[-2.259823,53.47437],[-2.259232,53.474525],[-2.258742,53.474651],[-2.2584,53.474734],[-2.258151,53.474789],[-2.2579,53.474839],[-2.257646,53.474884],[-2.257389,53.474921],[-2.257203,53.474943],[-2.257017,53.474961],[-2.256829,53.474977],[-2.256641,53.47499],[-2.256263,53.475012],[-2.255885,53.475032],[-2.255392,53.475057],[-2.255146,53.475065],[-2.254899,53.475065],[-2.254655,53.475055],[-2.254316,53.475034],[-2.253442,53.474969],[-2.252452,53.474891],[-2.25152,53.47482],[-2.251385,53.474811],[-2.251318,53.474808],[-2.25125,53.474807],[-2.251193,53.474809],[-2.251136,53.474813],[-2.251022,53.474825],[-2.250909,53.474836],[-2.250852,53.474841],[-2.250795,53.474843],[-2.250562,53.474845],[-2.250328,53.47484],[-2.250096,53.474829],[-2.249865,53.474809],[-2.249786,53.474798],[-2.249708,53.474784],[-2.249553,53.47475],[-2.249399,53.474719],[-2.24932,53.474707],[-2.24928,53.474703],[-2.24924,53.4747],[-2.2492,53.474699],[-2.24916,53.474699],[-2.249079,53.474703],[-2.248999,53.474711],[-2.24892,53.474722],[-2.248856,53.474732],[-2.248794,53.474745],[-2.248733,53.47476],[-2.248673,53.474777],[-2.248615,53.474796],[-2.248559,53.474817],[-2.24845,53.474863],[-2.248193,53.474979],[-2.247884,53.475125],[-2.247544,53.475289],[-2.247193,53.475462],[-2.246851,53.475633],[-2.24654,53.475792],[-2.24628,53.47593],[-2.246091,53.476035],[-2.245925,53.476136],[-2.245727,53.476264],[-2.245505,53.476413],[-2.245266,53.476577],[-2.244771,53.476926],[-2.244309,53.477265],[-2.24417,53.477372],[-2.244104,53.477426],[-2.244042,53.477483],[-2.244014,53.477512],[-2.243989,53.477542],[-2.243944,53.477604],[-2.243897,53.477665],[-2.243871,53.477695],[-2.243842,53.477724],[-2.243753,53.477801],[-2.243646,53.477888],[-2.243526,53.47798],[-2.243396,53.478075],[-2.243261,53.47817],[-2.243125,53.478261],[-2.242992,53.478347],[-2.242868,53.478422],[-2.242805,53.478456],[-2.242739,53.478489],[-2.242601,53.47855],[-2.242464,53.478611],[-2.242397,53.478643],[-2.242334,53.478677],[-2.242168,53.478781],[-2.241937,53.478937],[-2.241339,53.479356],[-2.24066,53.479838],[-2.240022,53.480289],[-2.239933,53.480353],[-2.239887,53.480384],[-2.239862,53.480398],[-2.239836,53.480411],[-2.239826,53.480415],[-2.239816,53.480419],[-2.239794,53.480426],[-2.239749,53.480437],[-2.239704,53.480449],[-2.239683,53.480456],[-2.239673,53.48046],[-2.239663,53.480464],[-2.239627,53.480483],[-2.239588,53.480505],[-2.239506,53.48056],[-2.239323,53.480697],[-2.239131,53.48084],[-2.239037,53.480903],[-2.23899,53.480931],[-2.238945,53.480956],[-2.2389,53.480978],[-2.238854,53.480999],[-2.238829,53.481008],[-2.238804,53.481017],[-2.238778,53.481024],[-2.238751,53.48103],[-2.238726,53.481034],[-2.2387189,53.4810348]]}},{"type":"Feature","properties":{"r":"UK","g":"uk","col":"#887766","n":"Metrolink: East Didsbury to/from Shaw and Crompton via Exchange Square","ct":"曼彻斯特","jk":"urban"},"geometry":{"type":"MultiLineString","coordinates":[[[-2.2242345,53.5001416],[-2.22439,53.500068],[-2.224552,53.499981],[-2.224707,53.499888],[-2.2247361,53.499869]],[[-2.241944,53.4874089],[-2.241945,53.487393],[-2.241945,53.487378],[-2.241942,53.487362],[-2.241939,53.487347],[-2.241916,53.487285],[-2.241889,53.487226],[-2.241857,53.487167],[-2.241821,53.487109],[-2.241779,53.487053],[-2.241764,53.487036],[-2.241748,53.487019],[-2.241712,53.486986],[-2.241676,53.486954],[-2.241659,53.486937],[-2.2416554,53.4869329]],[[-2.2426961,53.4785047],[-2.24272,53.47848],[-2.24279,53.478418],[-2.242867,53.478359],[-2.243034,53.478243],[-2.243206,53.478129],[-2.243289,53.478071],[-2.243368,53.478011],[-2.243509,53.477895],[-2.243574,53.477834],[-2.243633,53.477772],[-2.243652,53.477747],[-2.243669,53.477722],[-2.243698,53.47767],[-2.243728,53.477619],[-2.243745,53.477593],[-2.243765,53.477569],[-2.243793,53.47754],[-2.243825,53.477512],[-2.243895,53.47746],[-2.243964,53.477417],[-2.244037,53.477377],[-2.244112,53.477337],[-2.244183,53.477295],[-2.244447,53.477124],[-2.244721,53.476938],[-2.245268,53.476551],[-2.245759,53.476203],[-2.245963,53.476064],[-2.246128,53.475961],[-2.246314,53.475859],[-2.246573,53.475724],[-2.246881,53.475569],[-2.247218,53.475403],[-2.24756,53.475237],[-2.247887,53.475082],[-2.248176,53.474949],[-2.248406,53.474848],[-2.248578,53.474778],[-2.248668,53.474747],[-2.248761,53.47472],[-2.248826,53.474705],[-2.248893,53.474693],[-2.248961,53.474684],[-2.24903,53.474677],[-2.249131,53.474671],[-2.249232,53.474669],[-2.249435,53.47467],[-2.249962,53.47468],[-2.250488,53.474698],[-2.251013,53.474723],[-2.251537,53.474755],[-2.251839,53.474778],[-2.25214,53.474804],[-2.25274,53.474865],[-2.253341,53.474927],[-2.253641,53.474955],[-2.253943,53.474979],[-2.254221,53.475],[-2.2545,53.47502],[-2.254779,53.475034],[-2.254919,53.475037],[-2.255059,53.475038],[-2.255275,53.475033],[-2.255565,53.47502],[-2.255905,53.475001],[-2.25627,53.474979],[-2.256634,53.474953],[-2.256971,53.474928],[-2.257257,53.474903],[-2.257466,53.47488],[-2.2577,53.474845],[-2.257931,53.474802],[-2.258159,53.474754],[-2.258385,53.474703],[-2.258738,53.474617],[-2.259221,53.474493],[-2.259792,53.474342],[-2.260411,53.474176],[-2.261037,53.474005],[-2.261629,53.47384],[-2.262144,53.473694],[-2.262543,53.473576],[-2.262711,53.473524],[-2.262877,53.47347],[-2.26304,53.473413],[-2.263199,53.473353],[-2.263427,53.473258],[-2.263648,53.473157],[-2.263865,53.473053],[-2.264079,53.472947],[-2.264351,53.472809],[-2.264483,53.472737],[-2.26461,53.472662],[-2.264752,53.47257],[-2.264887,53.472476],[-2.265017,53.472378],[-2.265141,53.472278],[-2.265247,53.472182],[-2.265346,53.472083],[-2.265539,53.471883],[-2.265819,53.471568],[-2.266095,53.471252],[-2.266378,53.470938],[-2.266524,53.470783],[-2.266676,53.470629],[-2.266809,53.470505],[-2.266951,53.470385],[-2.26714,53.470235],[-2.267335,53.470088],[-2.267534,53.469943],[-2.267736,53.469799],[-2.267864,53.469712],[-2.267995,53.469626],[-2.268262,53.469458],[-2.268526,53.469288],[-2.268654,53.469201],[-2.268778,53.469112],[-2.268864,53.469045],[-2.268946,53.468975],[-2.269103,53.468833],[-2.269261,53.468692],[-2.269344,53.468624],[-2.269432,53.468557],[-2.269531,53.468489],[-2.269635,53.468425],[-2.269852,53.468299],[-2.27007,53.468174],[-2.270175,53.46811],[-2.270275,53.468043],[-2.270359,53.467983],[-2.270439,53.467922],[-2.270515,53.467859],[-2.270584,53.467793],[-2.270625,53.467748],[-2.270661,53.467701],[-2.270693,53.467653],[-2.270721,53.467604],[-2.270745,53.467553],[-2.270765,53.467502],[-2.270781,53.467449],[-2.270792,53.467397],[-2.270803,53.467288],[-2.270805,53.467161],[-2.270794,53.466872],[-2.270782,53.466562],[-2.270783,53.466408],[-2.270792,53.466262],[-2.270806,53.46616],[-2.270825,53.466058],[-2.270876,53.465855],[-2.270911,53.465743],[-2.270955,53.465633],[-2.271028,53.465478],[-2.271108,53.465324],[-2.271194,53.465171],[-2.271287,53.46502],[-2.271348,53.464928],[-2.271412,53.464837],[-2.271481,53.464748],[-2.271556,53.46466],[-2.271711,53.464498],[-2.271877,53.46434],[-2.272052,53.464185],[-2.272234,53.464033],[-2.272338,53.46395],[-2.272446,53.463868],[-2.272558,53.463788],[-2.272675,53.463711],[-2.272877,53.463585],[-2.273086,53.463463],[-2.273302,53.463346],[-2.273528,53.463235],[-2.273716,53.463155],[-2.273977,53.463054],[-2.274649,53.462806],[-2.275406,53.462526],[-2.275771,53.462385],[-2.276106,53.46225],[-2.276522,53.462071],[-2.276931,53.461886],[-2.277335,53.461697],[-2.277733,53.461504],[-2.277969,53.461385],[-2.2782,53.461262],[-2.278661,53.461016],[-2.27885,53.460909],[-2.27904,53.460803],[-2.279227,53.460695],[-2.279318,53.460639],[-2.279405,53.460582],[-2.279507,53.46051],[-2.279604,53.460435],[-2.279697,53.460359],[-2.279785,53.46028],[-2.279878,53.460188],[-2.279919,53.460141],[-2.279957,53.460092],[-2.279997,53.460029],[-2.280012,53.459996],[-2.280025,53.459963],[-2.280041,53.459905],[-2.28005,53.459846],[-2.280059,53.459727],[-2.280061,53.459643],[-2.280059,53.459558],[-2.280046,53.45939],[-2.280014,53.459135],[-2.279992,53.459008],[-2.279965,53.458881],[-2.279917,53.458696],[-2.27983,53.458389],[-2.279556,53.45746],[-2.27872,53.454691],[-2.277713,53.451384],[-2.276791,53.448346],[-2.276616,53.447786],[-2.276439,53.447203],[-2.276267,53.446665],[-2.276186,53.446434],[-2.27611,53.446239],[-2.276008,53.446011],[-2.275896,53.445786],[-2.275773,53.445562],[-2.27564,53.44534],[-2.275457,53.445059],[-2.27526,53.444781],[-2.275052,53.444506],[-2.274836,53.444233],[-2.274676,53.44404],[-2.274509,53.443848],[-2.274336,53.443659],[-2.274156,53.443472],[-2.273854,53.443172],[-2.273542,53.442875],[-2.273218,53.442583],[-2.273051,53.442439],[-2.272881,53.442296],[-2.272667,53.442124],[-2.272444,53.441956],[-2.272215,53.441791],[-2.271979,53.441629],[-2.271772,53.441495],[-2.271558,53.441364],[-2.27134,53.441236],[-2.271119,53.44111],[-2.270709,53.440883],[-2.270499,53.440772],[-2.270286,53.440664],[-2.269918,53.440485],[-2.269544,53.440311],[-2.269164,53.440141],[-2.268776,53.439978],[-2.268595,53.439907],[-2.268334,53.439807],[-2.267606,53.439536],[-2.265554,53.438786],[-2.263148,53.437913],[-2.2629949,53.4378572]]]}},{"type":"Feature","properties":{"r":"UK","g":"uk","col":"#887766","n":"Metrolink: East Didsbury to/from Shaw and Crompton via Exchange Square","ct":"曼彻斯特","jk":"urban","off":-0.5},"geometry":{"type":"MultiLineString","coordinates":[[[-2.089392,53.576173],[-2.089365,53.575937],[-2.089354,53.575819],[-2.08935,53.575701],[-2.08936,53.575573],[-2.089379,53.575444],[-2.089399,53.575316],[-2.089409,53.575188],[-2.089403,53.574968],[-2.089383,53.574658],[-2.089312,53.573852],[-2.089223,53.572935],[-2.089143,53.572074],[-2.089136,53.571794],[-2.089127,53.571514],[-2.089123,53.571234],[-2.08913,53.570954],[-2.089142,53.570786],[-2.08916,53.570617],[-2.089184,53.57045],[-2.089214,53.570282],[-2.089261,53.570063],[-2.089316,53.569844],[-2.089378,53.569627],[-2.089449,53.56941],[-2.089543,53.569164],[-2.089648,53.56892],[-2.089758,53.568677],[-2.089866,53.568433],[-2.089962,53.568239],[-2.090062,53.568046],[-2.090157,53.567884],[-2.09026,53.567724],[-2.090403,53.567519],[-2.090552,53.567316],[-2.090859,53.566911],[-2.091172,53.566508],[-2.091482,53.566104],[-2.091673,53.56583],[-2.091767,53.565692],[-2.091858,53.565554],[-2.091964,53.56538],[-2.092066,53.565205],[-2.092266,53.564854],[-2.092736,53.563928],[-2.093228,53.562951],[-2.093675,53.562077],[-2.093861,53.561728],[-2.094011,53.561464],[-2.094163,53.561224],[-2.094326,53.560987],[-2.094493,53.56075],[-2.094658,53.560513],[-2.095045,53.560014],[-2.095223,53.559793],[-2.095313,53.559683],[-2.095407,53.559574],[-2.095747,53.559202],[-2.096096,53.558833],[-2.096458,53.558468],[-2.096644,53.558288],[-2.096834,53.558109],[-2.09695,53.558006],[-2.09707,53.557904],[-2.097314,53.557703],[-2.097888,53.557268],[-2.098465,53.556833],[-2.099036,53.556397],[-2.099317,53.556176],[-2.099594,53.555954],[-2.099848,53.555743],[-2.09997,53.555636],[-2.100087,53.555527],[-2.100199,53.555414],[-2.100305,53.555299],[-2.100407,53.555183],[-2.100505,53.555066],[-2.100639,53.554899],[-2.100768,53.55473],[-2.10089,53.55456],[-2.101006,53.554388],[-2.101116,53.554211],[-2.101219,53.554032],[-2.101316,53.553852],[-2.101408,53.553671],[-2.101478,53.553516],[-2.101543,53.553361],[-2.101638,53.553104],[-2.101684,53.552975],[-2.101723,53.552846],[-2.101745,53.55275],[-2.101762,53.552654],[-2.101794,53.552462],[-2.101821,53.552235],[-2.101833,53.552122],[-2.101841,53.552008],[-2.101842,53.551778],[-2.101828,53.551549],[-2.10181,53.551373],[-2.101788,53.551198],[-2.101734,53.550848],[-2.101675,53.550497],[-2.101619,53.550147],[-2.101118,53.545488],[-2.101081,53.545086],[-2.10104,53.544677],[-2.101008,53.544281],[-2.101,53.544094],[-2.100999,53.543917],[-2.101004,53.543822],[-2.101013,53.543727],[-2.101045,53.543537],[-2.101067,53.543437],[-2.101083,53.543388],[-2.101104,53.543339],[-2.101135,53.543284],[-2.101171,53.54323],[-2.101213,53.543177],[-2.101261,53.543126],[-2.101315,53.543077],[-2.101374,53.543031],[-2.101438,53.542986],[-2.101507,53.542945],[-2.101597,53.542899],[-2.101692,53.542857],[-2.101792,53.542818],[-2.101894,53.542782],[-2.101982,53.542755],[-2.102102,53.542722],[-2.102422,53.542639],[-2.103253,53.542435],[-2.104093,53.542228],[-2.104426,53.542142],[-2.104554,53.542106],[-2.104651,53.542077],[-2.10482,53.542018],[-2.105005,53.541946],[-2.10541,53.541776],[-2.10584,53.541596],[-2.106056,53.54151],[-2.106269,53.541431],[-2.106506,53.541352],[-2.106628,53.541315],[-2.106752,53.541282],[-2.106966,53.541231],[-2.107203,53.54118],[-2.107727,53.541077],[-2.10828,53.540973],[-2.108818,53.54087],[-2.110795,53.540518],[-2.11291,53.540139],[-2.11475,53.539815],[-2.115436,53.539697],[-2.115899,53.539624],[-2.11623,53.539578],[-2.116397,53.539559],[-2.116565,53.539548],[-2.116747,53.539544],[-2.116996,53.539545],[-2.117291,53.539549],[-2.117612,53.539557],[-2.11794,53.539567],[-2.118254,53.53958],[-2.118533,53.539594],[-2.118759,53.539609],[-2.119071,53.539642],[-2.119577,53.539703],[-2.120207,53.539783],[-2.120893,53.539873],[-2.121565,53.539964],[-2.122152,53.540046],[-2.122587,53.540111],[-2.122725,53.540133],[-2.122771,53.540142],[-2.122787,53.540145],[-2.122799,53.540148],[-2.122851,53.540163],[-2.122902,53.54018],[-2.123,53.540218],[-2.123092,53.540261],[-2.123177,53.540308],[-2.123212,53.540331],[-2.123244,53.540356],[-2.123272,53.540382],[-2.123298,53.540409],[-2.123346,53.540468],[-2.123389,53.540528],[-2.123465,53.54065],[-2.123598,53.5409],[-2.123663,53.541023],[-2.123726,53.541152],[-2.123847,53.541416],[-2.123964,53.54166],[-2.124021,53.541765],[-2.124078,53.541852],[-2.124102,53.541882],[-2.124128,53.54191],[-2.124157,53.541938],[-2.124189,53.541965],[-2.124237,53.542002],[-2.124288,53.542038],[-2.124342,53.542071],[-2.124401,53.542102],[-2.124467,53.54213],[-2.124538,53.542156],[-2.124611,53.542178],[-2.124686,53.542197],[-2.124778,53.542216],[-2.124873,53.54223],[-2.125065,53.542255],[-2.125426,53.542304],[-2.125791,53.542351],[-2.125972,53.542372],[-2.126152,53.54239],[-2.126329,53.542406],[-2.126503,53.542417],[-2.126604,53.542422],[-2.126706,53.542425],[-2.126757,53.542425],[-2.126807,53.542424],[-2.126857,53.54242],[-2.126907,53.542415],[-2.126975,53.542404],[-2.127041,53.542391],[-2.127106,53.542375],[-2.12717,53.542358],[-2.127294,53.542318],[-2.127415,53.542275],[-2.127514,53.542237],[-2.127611,53.542196],[-2.127799,53.542109],[-2.127979,53.542017],[-2.128154,53.541921],[-2.128244,53.541867],[-2.128286,53.541839],[-2.128325,53.541809],[-2.12841,53.541733],[-2.128448,53.541694],[-2.128481,53.541653],[-2.12851,53.54161],[-2.128535,53.541566],[-2.128573,53.541476],[-2.128593,53.541408],[-2.128616,53.541312],[-2.128668,53.541054],[-2.128786,53.540385],[-2.128901,53.539728],[-2.12895,53.539486],[-2.128971,53.5394],[-2.128989,53.539343],[-2.129004,53.539309],[-2.129021,53.539275],[-2.129031,53.539258],[-2.129043,53.539242],[-2.129056,53.539226],[-2.129071,53.539211],[-2.129087,53.539197],[-2.129104,53.539184],[-2.129123,53.539171],[-2.129143,53.539159],[-2.129185,53.539136],[-2.129231,53.539116],[-2.129273,53.539101],[-2.129317,53.539089],[-2.12934,53.539084],[-2.129364,53.53908],[-2.129387,53.539076],[-2.129411,53.539074],[-2.12945,53.539072],[-2.129488,53.539072],[-2.129527,53.539073],[-2.129566,53.539076],[-2.129721,53.539092],[-2.130054,53.539127],[-2.130437,53.539174],[-2.13126,53.539286],[-2.132004,53.539387],[-2.132288,53.539421],[-2.132397,53.539433],[-2.132481,53.539439],[-2.132602,53.539443],[-2.132724,53.539442],[-2.132845,53.539437],[-2.132966,53.53943],[-2.133068,53.539421],[-2.133168,53.53941],[-2.133268,53.539396],[-2.133367,53.539379],[-2.133533,53.539347],[-2.133696,53.53931],[-2.133857,53.53927],[-2.134016,53.539226],[-2.134243,53.539158],[-2.134497,53.539078],[-2.134772,53.538987],[-2.13506,53.538889],[-2.135653,53.538681],[-2.136222,53.538473],[-2.136424,53.538396],[-2.136624,53.538317],[-2.137017,53.538152],[-2.137254,53.538049],[-2.137489,53.537944],[-2.137719,53.537836],[-2.137943,53.537723],[-2.138213,53.537575],[-2.138474,53.537422],[-2.138728,53.537264],[-2.138975,53.537103],[-2.139203,53.536948],[-2.139425,53.536789],[-2.139639,53.536627],[-2.139843,53.53646],[-2.140056,53.53627],[-2.140258,53.536075],[-2.140451,53.535877],[-2.140637,53.535677],[-2.14072,53.535584],[-2.140799,53.53549],[-2.140949,53.5353],[-2.141111,53.535083],[-2.141188,53.534973],[-2.14126,53.534862],[-2.141325,53.534755],[-2.141386,53.534647],[-2.141499,53.53443],[-2.141595,53.534234],[-2.141639,53.534135],[-2.141679,53.534036],[-2.141756,53.533823],[-2.141824,53.533609],[-2.141886,53.533394],[-2.141941,53.533179],[-2.141999,53.532911],[-2.142048,53.532643],[-2.142138,53.532105],[-2.142226,53.531753],[-2.142272,53.531578],[-2.142325,53.531403],[-2.142399,53.531185],[-2.142479,53.530968],[-2.142567,53.530751],[-2.142666,53.530537],[-2.142797,53.530287],[-2.142942,53.53004],[-2.143095,53.529795],[-2.143253,53.529551],[-2.143341,53.529421],[-2.143433,53.529292],[-2.14362,53.529035],[-2.143947,53.528633],[-2.144292,53.528214],[-2.144602,53.527828],[-2.144728,53.527662],[-2.144826,53.527521],[-2.144876,53.527438],[-2.144921,53.527354],[-2.144998,53.527183],[-2.145068,53.526997],[-2.145128,53.52681],[-2.145242,53.526434],[-2.145297,53.526229],[-2.145355,53.526024],[-2.145408,53.525819],[-2.145431,53.525716],[-2.145449,53.525613],[-2.145467,53.525469],[-2.145477,53.525325],[-2.145485,53.525037],[-2.145484,53.524857],[-2.145478,53.524677],[-2.145456,53.524317],[-2.145438,53.523957],[-2.145436,53.523777],[-2.145441,53.523597],[-2.145455,53.523418],[-2.145476,53.523239],[-2.145504,53.523061],[-2.145539,53.522883],[-2.14556,53.522797],[-2.145585,53.522711],[-2.145637,53.52254],[-2.145694,53.522379],[-2.145755,53.522219],[-2.14584,53.52202],[-2.145929,53.521822],[-2.146026,53.521625],[-2.146135,53.521431],[-2.146287,53.521192],[-2.146451,53.520955],[-2.146628,53.520721],[-2.146815,53.520491],[-2.146889,53.520408],[-2.146968,53.520326],[-2.147129,53.520164],[-2.147367,53.519934],[-2.147487,53.519819],[-2.147611,53.519706],[-2.147761,53.519573],[-2.147914,53.519442],[-2.148072,53.519312],[-2.148238,53.519186],[-2.148402,53.519073],[-2.148574,53.518964],[-2.148921,53.518748],[-2.153358,53.516159],[-2.158182,53.51334],[-2.162231,53.51098],[-2.163602,53.510186],[-2.16406,53.509924],[-2.164343,53.509765],[-2.164573,53.509641],[-2.164806,53.50952],[-2.165277,53.50928],[-2.165752,53.509043],[-2.166225,53.508804],[-2.16719,53.508355],[-2.168753,53.507689],[-2.169311,53.50747],[-2.169591,53.507362],[-2.169874,53.507256],[-2.170252,53.507122],[-2.170634,53.506992],[-2.171401,53.506734],[-2.172135,53.506504],[-2.172503,53.506389],[-2.172874,53.506279],[-2.17336,53.506141],[-2.173849,53.506006],[-2.174341,53.505875],[-2.174837,53.50575],[-2.175493,53.505593],[-2.176153,53.505442],[-2.176817,53.505298],[-2.177484,53.505159],[-2.177807,53.505096],[-2.178132,53.505037],[-2.178784,53.504921],[-2.180759,53.504611],[-2.186445,53.503872],[-2.188041,53.50363],[-2.189708,53.50338],[-2.191233,53.503147],[-2.191877,53.503044],[-2.192406,53.502955],[-2.192686,53.502905],[-2.192824,53.502877],[-2.192959,53.502845],[-2.193104,53.502805],[-2.193246,53.502761],[-2.193524,53.502667],[-2.1938,53.502569],[-2.193939,53.502522],[-2.19408,53.502477],[-2.194427,53.502369],[-2.19479,53.502258],[-2.194965,53.502207],[-2.195126,53.502162],[-2.19527,53.502126],[-2.195389,53.5021],[-2.195447,53.502091],[-2.195516,53.502082],[-2.19568,53.502067],[-2.196081,53.50204],[-2.196516,53.50201],[-2.196723,53.501991],[-2.196909,53.501968],[-2.197062,53.501943],[-2.197213,53.501914],[-2.197512,53.501848],[-2.197809,53.50178],[-2.197959,53.501749],[-2.198111,53.50172],[-2.198412,53.501669],[-2.198713,53.501621],[-2.19932,53.50153],[-2.19993,53.501448],[-2.200542,53.501373],[-2.201061,53.501314],[-2.201583,53.501262],[-2.202105,53.501216],[-2.20263,53.501177],[-2.20304,53.501154],[-2.20345,53.501137],[-2.203862,53.501124],[-2.204273,53.501114],[-2.204973,53.501102],[-2.205821,53.501094],[-2.207825,53.501084],[-2.210012,53.501077],[-2.212107,53.501069],[-2.21415,53.501049],[-2.216318,53.50103],[-2.218236,53.501008],[-2.218985,53.500996],[-2.21953,53.500982],[-2.219791,53.500972],[-2.220053,53.50096],[-2.220313,53.500943],[-2.220572,53.500921],[-2.220871,53.500888],[-2.221167,53.500849],[-2.221462,53.500805],[-2.221755,53.500756],[-2.222208,53.500675],[-2.2225864,53.5006008]],[[-2.2417715,53.4854922],[-2.241791,53.485468],[-2.242231,53.484932],[-2.242632,53.48444],[-2.243591,53.483139],[-2.24381,53.48283],[-2.244032,53.482522],[-2.244249,53.482213],[-2.244354,53.482058],[-2.244454,53.481901],[-2.244514,53.4818],[-2.244566,53.481698],[-2.244651,53.481503],[-2.24474,53.481287],[-2.2448609,53.480968]],[[-2.2592408,53.4364764],[-2.244208,53.430881],[-2.243889,53.430761],[-2.243568,53.430643],[-2.243251,53.430522],[-2.243095,53.430459],[-2.242941,53.430394],[-2.242707,53.43029],[-2.242471,53.430182],[-2.242235,53.430071],[-2.242,53.429957],[-2.24177,53.429842],[-2.241545,53.429727],[-2.241329,53.429613],[-2.241123,53.4295],[-2.240857,53.429346],[-2.240601,53.429186],[-2.24035,53.429023],[-2.240103,53.428858],[-2.239897,53.428719],[-2.239694,53.428578],[-2.239495,53.428436],[-2.239302,53.42829],[-2.239048,53.428088],[-2.238801,53.427883],[-2.238561,53.427674],[-2.238329,53.427463],[-2.238116,53.427261],[-2.237911,53.427056],[-2.237713,53.426848],[-2.237523,53.426638],[-2.237349,53.426433],[-2.237182,53.426226],[-2.237024,53.426017],[-2.236872,53.425806],[-2.236703,53.425557],[-2.236516,53.425265],[-2.236102,53.424595],[-2.235665,53.423872],[-2.23524,53.423176],[-2.234904,53.422657],[-2.234733,53.422398],[-2.234553,53.422141],[-2.234337,53.42185],[-2.234112,53.42156],[-2.23388,53.421273],[-2.233638,53.420989],[-2.233383,53.420701],[-2.233119,53.420416],[-2.232845,53.420134],[-2.23256,53.419856],[-2.232323,53.419639],[-2.232078,53.419425],[-2.231824,53.419214],[-2.231564,53.419006],[-2.231469,53.418934],[-2.231372,53.418864],[-2.231171,53.418726],[-2.230973,53.418587],[-2.230876,53.418516],[-2.230784,53.418443],[-2.230678,53.418353],[-2.230577,53.41826],[-2.230384,53.418072],[-2.230192,53.417883],[-2.230092,53.41779],[-2.229987,53.417699],[-2.229869,53.417603],[-2.229746,53.417508],[-2.22962,53.417415],[-2.229489,53.417325],[-2.229247,53.417169],[-2.228937,53.416977],[-2.228174,53.416521],[-2.227328,53.41602],[-2.226523,53.415542],[-2.226204,53.415366],[-2.225886,53.415188],[-2.225565,53.415013],[-2.225237,53.414842],[-2.224994,53.414723],[-2.224747,53.414607],[-2.224497,53.414494],[-2.224244,53.414383],[-2.223944,53.414255],[-2.223642,53.41413],[-2.223335,53.414008],[-2.223025,53.413889],[-2.222884,53.413838],[-2.222741,53.413789],[-2.222453,53.413693],[-2.218736,53.41253],[-2.217222,53.412104]]]}},{"type":"Feature","properties":{"r":"UK","g":"uk","col":"#887766","n":"Metrolink: East Didsbury to/from Shaw and Crompton via Exchange Square","ct":"曼彻斯特","jk":"urban","off":-0.375},"geometry":{"type":"MultiLineString","coordinates":[[[-2.2225864,53.5006008],[-2.222667,53.500585],[-2.22289,53.500539],[-2.223102,53.500492],[-2.2231452,53.5004817]],[[-2.2414132,53.4859373],[-2.24143,53.485915],[-2.2417715,53.4854922]],[[-2.2448609,53.480968],[-2.244909,53.480841],[-2.244981,53.480635],[-2.245039,53.480457],[-2.245078,53.480319],[-2.245089,53.480269],[-2.245094,53.480233],[-2.245094,53.480207],[-2.24509,53.480182],[-2.245086,53.480169],[-2.245082,53.480156],[-2.245076,53.480144],[-2.245069,53.480132],[-2.24506,53.480119],[-2.24505,53.480106],[-2.245038,53.480094],[-2.245026,53.480082],[-2.245012,53.48007],[-2.244997,53.480059],[-2.244982,53.480048],[-2.244965,53.480038],[-2.244935,53.480022],[-2.244901,53.480006],[-2.244825,53.479976],[-2.2446728,53.479925]],[[-2.2604904,53.4369415],[-2.2592408,53.4364764]]]}},{"type":"Feature","properties":{"r":"UK","g":"uk","col":"#887766","n":"Metrolink: East Didsbury to/from Shaw and Crompton via Exchange Square","ct":"曼彻斯特","jk":"urban","off":-0.25},"geometry":{"type":"MultiLineString","coordinates":[[[-2.2231452,53.5004817],[-2.2233,53.500445],[-2.223479,53.500399],[-2.223672,53.500345],[-2.2236978,53.5003368]],[[-2.2413579,53.4864468],[-2.241332,53.486384],[-2.241283,53.486262],[-2.241274,53.486231],[-2.241268,53.4862],[-2.241267,53.48617],[-2.241269,53.486154],[-2.241272,53.486139],[-2.241273,53.486137],[-2.241274,53.486134],[-2.241277,53.486128],[-2.241286,53.486111],[-2.241318,53.486063],[-2.2414132,53.4859373]],[[-2.2446728,53.479925],[-2.244649,53.479917],[-2.244462,53.479856],[-2.244372,53.479823],[-2.24429,53.479788],[-2.244167,53.479724],[-2.244026,53.479641],[-2.243702,53.479437],[-2.243498,53.4793081]],[[-2.2617421,53.4374008],[-2.260919,53.437101],[-2.2604904,53.4369415]]]}},{"type":"Feature","properties":{"r":"UK","g":"uk","col":"#887766","n":"Metrolink: East Didsbury to/from Shaw and Crompton via Exchange Square","ct":"曼彻斯特","jk":"urban","off":-0.125},"geometry":{"type":"MultiLineString","coordinates":[[[-2.2236978,53.5003368],[-2.22386,53.500285],[-2.224043,53.500221],[-2.224219,53.500149],[-2.2242345,53.5001416]],[[-2.2416554,53.4869329],[-2.241644,53.48692],[-2.241593,53.486855],[-2.241548,53.486788],[-2.241466,53.486652],[-2.241392,53.486519],[-2.24136,53.486452],[-2.2413579,53.4864468]],[[-2.243498,53.4793081],[-2.243349,53.479214],[-2.24317,53.479107],[-2.242996,53.479009],[-2.242963,53.478993],[-2.242928,53.478977],[-2.242856,53.478948],[-2.242821,53.478934],[-2.242787,53.478918],[-2.242756,53.478901],[-2.242741,53.478892],[-2.242727,53.478882],[-2.242706,53.478866],[-2.242687,53.478849],[-2.242669,53.478831],[-2.242653,53.478813],[-2.242639,53.478794],[-2.242626,53.478774],[-2.242616,53.478755],[-2.242608,53.478735],[-2.242604,53.478721],[-2.242602,53.478706],[-2.242601,53.478691],[-2.242602,53.478676],[-2.242607,53.478647],[-2.242617,53.478618],[-2.242625,53.4786],[-2.242635,53.478582],[-2.242659,53.478547],[-2.242688,53.478513],[-2.2426961,53.4785047]],[[-2.2629949,53.4378572],[-2.2617421,53.4374008]]]}},{"type":"Feature","properties":{"r":"UK","g":"uk","col":"#887766","n":"Metrolink: East Didsbury to/from Shaw and Crompton via Exchange Square","ct":"曼彻斯特","jk":"urban","off":0.125},"geometry":{"type":"MultiLineString","coordinates":[[[-2.2247361,53.499869],[-2.224854,53.499792],[-2.225029,53.499667],[-2.225193,53.499538],[-2.2251982,53.4995335]],[[-2.2415214,53.4877758],[-2.241735,53.487635],[-2.24182,53.487573],[-2.241853,53.487546],[-2.241879,53.487522],[-2.241902,53.487495],[-2.241922,53.487467],[-2.241929,53.487453],[-2.241936,53.487439],[-2.241941,53.487424],[-2.241944,53.487409],[-2.241944,53.4874089]]]}},{"type":"Feature","properties":{"r":"UK","g":"uk","col":"#887766","n":"Metrolink: East Didsbury to/from Shaw and Crompton via Exchange Square","ct":"曼彻斯特","jk":"urban","off":0.25},"geometry":{"type":"MultiLineString","coordinates":[[[-2.2251982,53.4995335],[-2.225349,53.499404],[-2.225497,53.499268],[-2.225594,53.499173],[-2.2256186,53.4991468]],[[-2.2410431,53.4880884],[-2.241136,53.488024],[-2.241258,53.487944],[-2.241512,53.487782],[-2.2415214,53.4877758]]]}},{"type":"Feature","properties":{"r":"UK","g":"uk","col":"#887766","n":"Metrolink: East Didsbury to/from Shaw and Crompton via Exchange Square","ct":"曼彻斯特","jk":"urban","off":0.375},"geometry":{"type":"MultiLineString","coordinates":[[[-2.2256186,53.4991468],[-2.225685,53.499076],[-2.22577,53.498977],[-2.225846,53.498876],[-2.225929,53.498746],[-2.2259594,53.4986906]],[[-2.2405909,53.4884376],[-2.24062,53.488416],[-2.240755,53.488311],[-2.240888,53.488205],[-2.241025,53.488101],[-2.2410431,53.4880884]]]}},{"type":"Feature","properties":{"r":"UK","g":"uk","col":"#887766","n":"Metrolink: East Didsbury to/from Shaw and Crompton via Exchange Square","ct":"曼彻斯特","jk":"urban","off":0.5},"geometry":{"type":"LineString","coordinates":[[-2.2259594,53.4986906],[-2.226002,53.498613],[-2.226064,53.498478],[-2.226118,53.498342],[-2.226145,53.498248],[-2.22616,53.498154],[-2.226165,53.498051],[-2.226161,53.497949],[-2.22615,53.497743],[-2.226182,53.4972],[-2.22622,53.496969],[-2.226236,53.496854],[-2.226247,53.496738],[-2.226247,53.496624],[-2.226239,53.49651],[-2.22622,53.496343],[-2.226191,53.496176],[-2.226138,53.495938],[-2.226106,53.49582],[-2.22607,53.495702],[-2.226015,53.495549],[-2.225952,53.495394],[-2.225814,53.495085],[-2.225682,53.494782],[-2.225626,53.494635],[-2.22558,53.494493],[-2.225556,53.494397],[-2.225538,53.494301],[-2.225526,53.494204],[-2.225518,53.494107],[-2.225514,53.49401],[-2.225513,53.493912],[-2.225519,53.493815],[-2.225533,53.493718],[-2.225565,53.49358],[-2.225608,53.493443],[-2.22566,53.493307],[-2.225722,53.493172],[-2.225762,53.493097],[-2.225807,53.493024],[-2.225857,53.492951],[-2.22591,53.49288],[-2.226005,53.492762],[-2.226107,53.492646],[-2.226215,53.492531],[-2.226331,53.49242],[-2.226385,53.492373],[-2.226442,53.492327],[-2.226563,53.492238],[-2.226714,53.492134],[-2.226875,53.492036],[-2.226999,53.491967],[-2.227126,53.491899],[-2.227257,53.491835],[-2.227394,53.491775],[-2.227599,53.491696],[-2.227811,53.491622],[-2.228028,53.491555],[-2.22825,53.491493],[-2.228392,53.491457],[-2.228535,53.491425],[-2.228825,53.491365],[-2.229119,53.491311],[-2.229414,53.491258],[-2.229754,53.491199],[-2.230095,53.491145],[-2.230782,53.491042],[-2.231468,53.490938],[-2.231809,53.490882],[-2.232148,53.490822],[-2.232476,53.490757],[-2.232801,53.490688],[-2.23345,53.490546],[-2.234439,53.490311],[-2.235443,53.490075],[-2.236418,53.48984],[-2.236881,53.489725],[-2.237321,53.48961],[-2.238033,53.489415],[-2.238791,53.489198],[-2.239139,53.489096],[-2.23944,53.489004],[-2.239673,53.48893],[-2.239759,53.4889],[-2.23982,53.488877],[-2.23991,53.488838],[-2.239998,53.488797],[-2.240164,53.488708],[-2.240323,53.488614],[-2.240476,53.488517],[-2.24055,53.488468],[-2.2405909,53.4884376]]}},{"type":"Feature","properties":{"r":"UK","g":"uk","col":"#ff5561","n":"Metrolink: intu Trafford Centre to/from Cornbrook","ct":"曼彻斯特","jk":"urban"},"geometry":{"type":"LineString","coordinates":[[-2.347841,53.467988],[-2.347069,53.46762],[-2.346104,53.467203],[-2.34507,53.466752],[-2.344175,53.466368],[-2.343847,53.466232],[-2.343633,53.46615],[-2.343514,53.466112],[-2.343453,53.466096],[-2.343421,53.46609],[-2.343389,53.466084],[-2.343343,53.466078],[-2.343296,53.466075],[-2.343201,53.466073],[-2.343105,53.466072],[-2.343058,53.46607],[-2.343011,53.466066],[-2.34293,53.466056],[-2.34285,53.466044],[-2.342771,53.466028],[-2.342695,53.46601],[-2.342623,53.465989],[-2.342522,53.465955],[-2.342245,53.465857],[-2.341886,53.465725],[-2.341471,53.465569],[-2.340573,53.465225],[-2.339747,53.464899],[-2.339221,53.464683],[-2.338635,53.464434],[-2.33742,53.463906],[-2.336383,53.463454],[-2.336019,53.4633],[-2.335892,53.463249],[-2.335806,53.463217],[-2.335715,53.463189],[-2.33562,53.463163],[-2.335524,53.463141],[-2.335425,53.463124],[-2.335337,53.463113],[-2.335248,53.463105],[-2.335158,53.463101],[-2.335068,53.463102],[-2.33494,53.463109],[-2.334813,53.463121],[-2.334687,53.46314],[-2.334566,53.463165],[-2.334475,53.46319],[-2.334387,53.46322],[-2.334303,53.463254],[-2.334223,53.46329],[-2.334186,53.463309],[-2.33415,53.46333],[-2.334085,53.463374],[-2.333952,53.46348],[-2.333781,53.463628],[-2.333359,53.46401],[-2.332891,53.464443],[-2.332446,53.464851],[-2.331545,53.465609],[-2.330564,53.466438],[-2.329742,53.467125],[-2.329466,53.46735],[-2.329374,53.46742],[-2.329342,53.467444],[-2.329319,53.467459],[-2.329267,53.467488],[-2.329211,53.467514],[-2.329152,53.467537],[-2.329089,53.467557],[-2.329048,53.467568],[-2.329006,53.467577],[-2.328921,53.467592],[-2.328746,53.467615],[-2.328569,53.467635],[-2.328481,53.467647],[-2.328396,53.467663],[-2.328259,53.467696],[-2.328128,53.467736],[-2.327958,53.467799],[-2.327774,53.467874],[-2.327394,53.468042],[-2.327041,53.468198],[-2.326892,53.468258],[-2.326828,53.468282],[-2.326771,53.468301],[-2.32664,53.468338],[-2.326504,53.468369],[-2.326365,53.468394],[-2.326294,53.468404],[-2.326223,53.468411],[-2.326134,53.468417],[-2.326045,53.468419],[-2.325866,53.468417],[-2.325687,53.468408],[-2.325508,53.468396],[-2.325238,53.468376],[-2.32491,53.468347],[-2.324545,53.468312],[-2.324161,53.468273],[-2.323778,53.46823],[-2.323416,53.468188],[-2.323093,53.468147],[-2.322829,53.46811],[-2.322704,53.468089],[-2.322581,53.468066],[-2.322338,53.468013],[-2.322148,53.467968],[-2.321959,53.467919],[-2.321585,53.467818],[-2.321211,53.467717],[-2.321022,53.46767],[-2.320831,53.467626],[-2.32068,53.467594],[-2.320528,53.467565],[-2.320375,53.467539],[-2.32022,53.467516],[-2.319988,53.467487],[-2.319731,53.467459],[-2.319453,53.467432],[-2.319162,53.467406],[-2.31856,53.467359],[-2.318261,53.46734],[-2.317972,53.467324],[-2.317784,53.467314],[-2.31769,53.467313],[-2.317643,53.467314],[-2.317597,53.467318],[-2.317562,53.467323],[-2.317527,53.467328],[-2.31746,53.467343],[-2.317328,53.467382],[-2.317197,53.46742],[-2.317129,53.467435],[-2.317094,53.467441],[-2.317059,53.467445],[-2.317035,53.467447],[-2.317005,53.467448],[-2.316925,53.467449],[-2.316703,53.467446],[-2.316081,53.467428],[-2.315375,53.467409],[-2.315047,53.467404],[-2.314764,53.467406],[-2.314485,53.467417],[-2.314162,53.467436],[-2.313458,53.467488],[-2.312787,53.467537],[-2.312508,53.467554],[-2.312289,53.467561],[-2.312073,53.467559],[-2.3118,53.467549],[-2.311135,53.467517],[-2.3104,53.467476],[-2.3097,53.467439],[-2.309372,53.467433],[-2.309044,53.467429],[-2.308716,53.467422],[-2.308389,53.467408],[-2.308158,53.467393],[-2.307929,53.467373],[-2.307471,53.467326],[-2.307012,53.46728],[-2.306783,53.467261],[-2.306552,53.467246],[-2.306367,53.467235],[-2.306181,53.467226],[-2.305995,53.467224],[-2.305903,53.467227],[-2.305811,53.467233],[-2.305678,53.467248],[-2.305547,53.467271],[-2.30542,53.4673],[-2.305359,53.467318],[-2.3053,53.467337],[-2.305243,53.467359],[-2.305188,53.467382],[-2.305084,53.467435],[-2.304988,53.467492],[-2.3049,53.467554],[-2.304874,53.467574],[-2.304851,53.467595],[-2.304808,53.467639],[-2.30473,53.467729],[-2.304565,53.467935],[-2.304362,53.468206],[-2.303908,53.468836],[-2.303495,53.46941],[-2.303345,53.469611],[-2.303291,53.469678],[-2.30327,53.469701],[-2.303253,53.469718],[-2.303201,53.469763],[-2.303145,53.469807],[-2.303114,53.469827],[-2.303081,53.469846],[-2.303046,53.469863],[-2.303008,53.469878],[-2.302963,53.469893],[-2.302915,53.469905],[-2.302866,53.469916],[-2.302815,53.469925],[-2.302764,53.469931],[-2.302712,53.469935],[-2.30266,53.469937],[-2.302608,53.469937],[-2.302592,53.469936],[-2.302573,53.469934],[-2.302526,53.469928],[-2.302401,53.469906],[-2.302244,53.469873],[-2.302065,53.469834],[-2.301677,53.469744],[-2.301318,53.469659],[-2.300921,53.469562],[-2.300482,53.46945],[-2.299581,53.469212],[-2.298823,53.469013],[-2.298563,53.468949],[-2.298474,53.468929],[-2.298441,53.468923],[-2.298428,53.468921],[-2.298417,53.468919],[-2.298377,53.468915],[-2.298336,53.468912],[-2.298254,53.468911],[-2.298085,53.468917],[-2.297915,53.468925],[-2.297831,53.468926],[-2.297747,53.468923],[-2.297672,53.468917],[-2.297597,53.468909],[-2.297523,53.468898],[-2.297451,53.468883],[-2.297391,53.468867],[-2.297315,53.468843],[-2.297124,53.468778],[-2.296657,53.468606],[-2.29621,53.468442],[-2.296044,53.468385],[-2.295984,53.468367],[-2.29596,53.468361],[-2.295951,53.468359],[-2.295942,53.468357],[-2.295889,53.468349],[-2.295835,53.468344],[-2.29578,53.46834],[-2.295725,53.468339],[-2.29567,53.46834],[-2.295615,53.468342],[-2.295561,53.468347],[-2.295508,53.468354],[-2.295491,53.468357],[-2.295472,53.468361],[-2.29543,53.468372],[-2.295329,53.468404],[-2.295087,53.468492],[-2.294843,53.468581],[-2.294738,53.468614],[-2.294693,53.468626],[-2.294673,53.468631],[-2.294655,53.468634],[-2.294619,53.468639],[-2.294582,53.468643],[-2.294545,53.468645],[-2.294508,53.468646],[-2.294432,53.468644],[-2.294358,53.46864],[-2.29431,53.468635],[-2.294263,53.468628],[-2.294216,53.468619],[-2.294171,53.468608],[-2.294102,53.468588],[-2.29401,53.468559],[-2.293768,53.468478],[-2.293466,53.468371],[-2.293121,53.468245],[-2.292379,53.467969],[-2.291692,53.467707],[-2.291439,53.467605],[-2.29119,53.4675],[-2.290941,53.467395],[-2.290688,53.467293],[-2.290263,53.467128],[-2.289834,53.466966],[-2.289401,53.466809],[-2.289181,53.466734],[-2.28896,53.46666],[-2.288663,53.466567],[-2.288352,53.466477],[-2.287706,53.466299],[-2.287048,53.466118],[-2.286723,53.466024],[-2.286406,53.465926],[-2.28603,53.4658],[-2.285598,53.465648],[-2.284667,53.46531],[-2.28382,53.465],[-2.283491,53.464885],[-2.283362,53.464842],[-2.283261,53.464811],[-2.2831648,53.4647847]]}},{"type":"Feature","properties":{"r":"UK","g":"uk","col":"#ff5561","n":"Metrolink: intu Trafford Centre to/from Cornbrook","ct":"曼彻斯特","jk":"urban","off":0.125},"geometry":{"type":"LineString","coordinates":[[-2.2831648,53.4647847],[-2.28306,53.464756],[-2.282855,53.464706],[-2.282647,53.464662],[-2.282435,53.464625],[-2.282294,53.464606],[-2.282151,53.464591],[-2.282007,53.46458],[-2.281862,53.464572],[-2.2818518,53.4645716]]}},{"type":"Feature","properties":{"r":"UK","g":"uk","col":"#ff5561","n":"Metrolink: intu Trafford Centre to/from Cornbrook","ct":"曼彻斯特","jk":"urban","off":0.25},"geometry":{"type":"LineString","coordinates":[[-2.2818518,53.4645716],[-2.281747,53.464568],[-2.281632,53.464567],[-2.281517,53.464569],[-2.281402,53.464574],[-2.281177,53.464589],[-2.280953,53.46461],[-2.280732,53.464637],[-2.2805243,53.4646693]]}},{"type":"Feature","properties":{"r":"UK","g":"uk","col":"#ff5561","n":"Metrolink: intu Trafford Centre to/from Cornbrook","ct":"曼彻斯特","jk":"urban","off":0.375},"geometry":{"type":"LineString","coordinates":[[-2.2805243,53.4646693],[-2.280513,53.464671],[-2.280362,53.4647],[-2.280212,53.464732],[-2.279919,53.464805],[-2.279627,53.464882],[-2.279335,53.464957],[-2.2792279,53.4649793]]}},{"type":"Feature","properties":{"r":"UK","g":"uk","col":"#ff5561","n":"Metrolink: intu Trafford Centre to/from Cornbrook","ct":"曼彻斯特","jk":"urban","off":0.5},"geometry":{"type":"LineString","coordinates":[[-2.2792279,53.4649793],[-2.278513,53.465128],[-2.27765,53.465305],[-2.276868,53.46547],[-2.276545,53.465542],[-2.276287,53.465605],[-2.27598,53.465689],[-2.275678,53.46578],[-2.275381,53.465877],[-2.275089,53.465979],[-2.274865,53.466064],[-2.274632,53.46616],[-2.274165,53.466362],[-2.273743,53.466545],[-2.273565,53.466618],[-2.273419,53.46667],[-2.27328,53.46671],[-2.273124,53.466748],[-2.272775,53.466824],[-2.272408,53.466903],[-2.272229,53.466945],[-2.272058,53.46699],[-2.271897,53.467038],[-2.27182,53.467065],[-2.271746,53.467095],[-2.27163,53.467152],[-2.27152,53.467214],[-2.271417,53.46728],[-2.271319,53.467349],[-2.271234,53.467415],[-2.271156,53.467484],[-2.27101,53.467626],[-2.270863,53.467768],[-2.270783,53.467836],[-2.270697,53.467901],[-2.270586,53.467971],[-2.27045,53.468048],[-2.27013,53.468215],[-2.2698,53.468388],[-2.269651,53.468471],[-2.269524,53.468551],[-2.269403,53.468637],[-2.269271,53.46874],[-2.268982,53.46898],[-2.26868,53.46924],[-2.268384,53.46949],[-2.267503,53.470142]]}},{"type":"Feature","properties":{"r":"UK","g":"uk","col":"#ff7700","n":"Metrolink: Ashton-under-Lyne to/from MediaCityUK (Mon-Sat daytime)","ct":"曼彻斯特","jk":"urban"},"geometry":{"type":"LineString","coordinates":[[-2.2917145,53.473968],[-2.2919994,53.4739184]]}},{"type":"Feature","properties":{"r":"UK","g":"uk","col":"#ff7700","n":"Metrolink: Ashton-under-Lyne to/from MediaCityUK (Mon-Sat daytime)","ct":"曼彻斯特","jk":"urban","off":-3.0},"geometry":{"type":"LineString","coordinates":[[-2.2678628,53.4697005],[-2.268138,53.469503],[-2.268539,53.469211],[-2.268827,53.468976],[-2.269112,53.468741],[-2.269402,53.468507],[-2.269551,53.468392],[-2.269704,53.468279],[-2.269861,53.468169],[-2.270022,53.468061],[-2.2702661,53.4679066]]}},{"type":"Feature","properties":{"r":"UK","g":"uk","col":"#ff7700","n":"Metrolink: Ashton-under-Lyne to/from MediaCityUK (Mon-Sat daytime)","ct":"曼彻斯特","jk":"urban","off":-2.875},"geometry":{"type":"MultiLineString","coordinates":[[[-2.2674015,53.4700378],[-2.267734,53.469793],[-2.2678628,53.4697005]],[[-2.2702661,53.4679066],[-2.270354,53.467851],[-2.2705738,53.4677128]]]}},{"type":"Feature","properties":{"r":"UK","g":"uk","col":"#ff7700","n":"Metrolink: Ashton-under-Lyne to/from MediaCityUK (Mon-Sat daytime)","ct":"曼彻斯特","jk":"urban","off":-2.75},"geometry":{"type":"MultiLineString","coordinates":[[[-2.266949,53.4703867],[-2.266951,53.470385],[-2.267141,53.470234],[-2.267336,53.470086],[-2.2674015,53.4700378]],[[-2.2705738,53.4677128],[-2.270645,53.467668],[-2.2708827,53.467521]]]}},{"type":"Feature","properties":{"r":"UK","g":"uk","col":"#ff7700","n":"Metrolink: Ashton-under-Lyne to/from MediaCityUK (Mon-Sat daytime)","ct":"曼彻斯特","jk":"urban","off":-2.625},"geometry":{"type":"MultiLineString","coordinates":[[[-2.2665318,53.4707764],[-2.266676,53.470629],[-2.266809,53.470505],[-2.266949,53.4703867]],[[-2.2708827,53.467521],[-2.270941,53.467485],[-2.27109,53.467396],[-2.2711955,53.4673355]]]}},{"type":"Feature","properties":{"r":"UK","g":"uk","col":"#ff7700","n":"Metrolink: Ashton-under-Lyne to/from MediaCityUK (Mon-Sat daytime)","ct":"曼彻斯特","jk":"urban","off":-2.5},"geometry":{"type":"MultiLineString","coordinates":[[[-2.2661487,53.4712003],[-2.266321,53.471004],[-2.266497,53.470812],[-2.2665318,53.4707764]],[[-2.2711955,53.4673355],[-2.27124,53.46731],[-2.27139,53.467228],[-2.2715154,53.4671628]]]}},{"type":"Feature","properties":{"r":"UK","g":"uk","col":"#ff7700","n":"Metrolink: Ashton-under-Lyne to/from MediaCityUK (Mon-Sat daytime)","ct":"曼彻斯特","jk":"urban","off":-2.375},"geometry":{"type":"MultiLineString","coordinates":[[[-2.2657723,53.4716303],[-2.265977,53.471396],[-2.2661487,53.4712003]],[[-2.2715154,53.4671628],[-2.27154,53.46715],[-2.271631,53.467106],[-2.271724,53.467065],[-2.271821,53.467026],[-2.2718481,53.4670166]]]}},{"type":"Feature","properties":{"r":"UK","g":"uk","col":"#ff7700","n":"Metrolink: Ashton-under-Lyne to/from MediaCityUK (Mon-Sat daytime)","ct":"曼彻斯特","jk":"urban","off":-2.25},"geometry":{"type":"MultiLineString","coordinates":[[[-2.2653843,53.4720495],[-2.265498,53.471935],[-2.265652,53.471768],[-2.2657723,53.4716303]],[[-2.2718481,53.4670166],[-2.271922,53.466991],[-2.272057,53.466952],[-2.2721979,53.4669182]]]}},{"type":"Feature","properties":{"r":"UK","g":"uk","col":"#ff7700","n":"Metrolink: Ashton-under-Lyne to/from MediaCityUK (Mon-Sat daytime)","ct":"曼彻斯特","jk":"urban","off":-2.125},"geometry":{"type":"MultiLineString","coordinates":[[[-2.2649557,53.472427],[-2.264957,53.472426],[-2.265095,53.472314],[-2.265226,53.4722],[-2.265351,53.472083],[-2.2653843,53.4720495]],[[-2.2721979,53.4669182],[-2.272211,53.466915],[-2.2725532,53.4668408]]]}},{"type":"Feature","properties":{"r":"UK","g":"uk","col":"#ff7700","n":"Metrolink: Ashton-under-Lyne to/from MediaCityUK (Mon-Sat daytime)","ct":"曼彻斯特","jk":"urban","off":-2.0},"geometry":{"type":"MultiLineString","coordinates":[[[-2.2385425,53.4809931],[-2.238556,53.480994],[-2.238587,53.480994],[-2.238617,53.480993],[-2.238648,53.48099],[-2.238678,53.480987],[-2.238708,53.480982],[-2.238766,53.480971],[-2.238784,53.480967],[-2.238801,53.480962],[-2.238833,53.48095],[-2.238864,53.480937],[-2.238894,53.480923],[-2.238986,53.480872],[-2.239079,53.480811],[-2.239271,53.480673],[-2.239471,53.480527],[-2.239576,53.480458],[-2.239683,53.480394],[-2.23971,53.48038],[-2.239738,53.480367],[-2.239797,53.480343],[-2.239855,53.480318],[-2.239883,53.480305],[-2.23991,53.480291],[-2.240023,53.480226],[-2.240131,53.480158],[-2.240338,53.480016],[-2.240539,53.479872],[-2.240743,53.479729],[-2.241488,53.47921],[-2.242262,53.478675],[-2.242977,53.478173],[-2.243285,53.477951],[-2.243545,53.477756],[-2.243633,53.477682],[-2.243717,53.477607],[-2.243802,53.477531],[-2.243895,53.47746],[-2.243964,53.477417],[-2.244037,53.477377],[-2.244112,53.477337],[-2.244183,53.477295],[-2.244427,53.477135],[-2.24468,53.476962],[-2.245183,53.476601],[-2.245636,53.476275],[-2.245828,53.476144],[-2.245986,53.476044],[-2.246192,53.475932],[-2.246506,53.475769],[-2.24689,53.475576],[-2.247306,53.47537],[-2.247716,53.47517],[-2.248083,53.474995],[-2.248368,53.474864],[-2.248468,53.47482],[-2.248505,53.474805],[-2.248533,53.474794],[-2.248651,53.474756],[-2.248773,53.474723],[-2.2489,53.474696],[-2.248965,53.474685],[-2.24903,53.474677],[-2.249111,53.47467],[-2.249193,53.474666],[-2.249358,53.474667],[-2.249689,53.474679],[-2.250152,53.474691],[-2.250614,53.474707],[-2.251076,53.474728],[-2.251537,53.474755],[-2.251839,53.474778],[-2.25214,53.474805],[-2.25274,53.474865],[-2.253341,53.474927],[-2.253641,53.474955],[-2.253943,53.474979],[-2.254221,53.475],[-2.2545,53.475019],[-2.254779,53.475033],[-2.254919,53.475037],[-2.255059,53.475038],[-2.255266,53.475034],[-2.255524,53.475024],[-2.255819,53.47501],[-2.256132,53.474992],[-2.256449,53.474971],[-2.256753,53.474948],[-2.257027,53.474925],[-2.257256,53.474902],[-2.257504,53.474871],[-2.257749,53.474834],[-2.257992,53.474791],[-2.258232,53.474742],[-2.258561,53.474662],[-2.259108,53.474519],[-2.2598,53.474334],[-2.260563,53.474127],[-2.261325,53.473918],[-2.262013,53.473726],[-2.262552,53.473572],[-2.262871,53.473475],[-2.263025,53.473421],[-2.263174,53.473362],[-2.263466,53.473238],[-2.263778,53.473096],[-2.26393,53.473023],[-2.264079,53.472947],[-2.264269,53.472848],[-2.264457,53.472747],[-2.264638,53.472643],[-2.26481,53.472533],[-2.2649557,53.472427]],[[-2.2725532,53.4668408],[-2.272557,53.46684],[-2.272909,53.4667659]]]}},{"type":"Feature","properties":{"r":"UK","g":"uk","col":"#ff7700","n":"Metrolink: Ashton-under-Lyne to/from MediaCityUK (Mon-Sat daytime)","ct":"曼彻斯特","jk":"urban","off":-1.875},"geometry":{"type":"MultiLineString","coordinates":[[[-2.2381965,53.4808895],[-2.238232,53.480907],[-2.238263,53.480921],[-2.238288,53.480931],[-2.238344,53.480951],[-2.238402,53.480969],[-2.238432,53.480977],[-2.238463,53.480984],[-2.238494,53.480989],[-2.238526,53.480992],[-2.2385425,53.4809931]],[[-2.272909,53.4667659],[-2.272923,53.466763],[-2.273102,53.466722],[-2.2732625,53.4666807]]]}},{"type":"Feature","properties":{"r":"UK","g":"uk","col":"#ff7700","n":"Metrolink: Ashton-under-Lyne to/from MediaCityUK (Mon-Sat daytime)","ct":"曼彻斯特","jk":"urban","off":-1.75},"geometry":{"type":"MultiLineString","coordinates":[[[-2.2378748,53.48072],[-2.237949,53.480761],[-2.238155,53.480869],[-2.2381965,53.4808895]],[[-2.2732625,53.4666807],[-2.273273,53.466678],[-2.273432,53.466632],[-2.273585,53.466579],[-2.2736086,53.4665697]]]}},{"type":"Feature","properties":{"r":"UK","g":"uk","col":"#ff7700","n":"Metrolink: Ashton-under-Lyne to/from MediaCityUK (Mon-Sat daytime)","ct":"曼彻斯特","jk":"urban","off":-1.625},"geometry":{"type":"MultiLineString","coordinates":[[[-2.2375564,53.4805444],[-2.2378748,53.48072]],[[-2.2736086,53.4665697],[-2.27374,53.466518],[-2.27389,53.466454],[-2.273944,53.4664295]]]}},{"type":"Feature","properties":{"r":"UK","g":"uk","col":"#ff7700","n":"Metrolink: Ashton-under-Lyne to/from MediaCityUK (Mon-Sat daytime)","ct":"曼彻斯特","jk":"urban","off":-1.5},"geometry":{"type":"MultiLineString","coordinates":[[[-2.2372379,53.4803688],[-2.237418,53.480468],[-2.2375564,53.4805444]],[[-2.273944,53.4664295],[-2.274185,53.46632],[-2.274479,53.466185],[-2.274629,53.46612],[-2.274782,53.466058],[-2.275045,53.46596],[-2.275312,53.465866],[-2.275584,53.465776],[-2.275858,53.46569],[-2.27616,53.465599],[-2.276466,53.465513],[-2.276775,53.46543],[-2.277087,53.465352],[-2.277496,53.465256],[-2.277928,53.46516],[-2.278134,53.465116],[-2.278323,53.465079],[-2.278487,53.465051],[-2.278618,53.465032],[-2.278715,53.465022],[-2.278813,53.465015],[-2.278862,53.465014],[-2.278911,53.465015],[-2.278959,53.465017],[-2.279007,53.465022],[-2.279039,53.465027],[-2.279071,53.465033],[-2.279102,53.465041],[-2.279132,53.46505],[-2.27919,53.46507],[-2.279245,53.465093],[-2.279255,53.465098],[-2.279267,53.465104],[-2.279296,53.465121],[-2.2793071,53.465128]]]}},{"type":"Feature","properties":{"r":"UK","g":"uk","col":"#ff7700","n":"Metrolink: Ashton-under-Lyne to/from MediaCityUK (Mon-Sat daytime)","ct":"曼彻斯特","jk":"urban","off":-1.375},"geometry":{"type":"LineString","coordinates":[[-2.2369194,53.4801933],[-2.2372379,53.4803688]]}},{"type":"Feature","properties":{"r":"UK","g":"uk","col":"#ff7700","n":"Metrolink: Ashton-under-Lyne to/from MediaCityUK (Mon-Sat daytime)","ct":"曼彻斯特","jk":"urban","off":-1.3125},"geometry":{"type":"LineString","coordinates":[[-2.2793071,53.465128],[-2.279376,53.465171],[-2.279606,53.465323],[-2.2796115,53.4653268]]}},{"type":"Feature","properties":{"r":"UK","g":"uk","col":"#ff7700","n":"Metrolink: Ashton-under-Lyne to/from MediaCityUK (Mon-Sat daytime)","ct":"曼彻斯特","jk":"urban","off":-1.25},"geometry":{"type":"LineString","coordinates":[[-2.2365955,53.4800282],[-2.236606,53.480033],[-2.236632,53.480045],[-2.236702,53.480078],[-2.236897,53.480181],[-2.2369194,53.4801933]]}},{"type":"Feature","properties":{"r":"UK","g":"uk","col":"#ff7700","n":"Metrolink: Ashton-under-Lyne to/from MediaCityUK (Mon-Sat daytime)","ct":"曼彻斯特","jk":"urban","off":-1.125},"geometry":{"type":"LineString","coordinates":[[-2.2362389,53.4799603],[-2.2363,53.479969],[-2.236447,53.479991],[-2.236518,53.480006],[-2.236552,53.480015],[-2.236585,53.480025],[-2.236595,53.480028],[-2.2365955,53.4800282]]}},{"type":"Feature","properties":{"r":"UK","g":"uk","col":"#ff7700","n":"Metrolink: Ashton-under-Lyne to/from MediaCityUK (Mon-Sat daytime)","ct":"曼彻斯特","jk":"urban","off":-1.0625},"geometry":{"type":"LineString","coordinates":[[-2.2796115,53.4653268],[-2.2799111,53.465533]]}},{"type":"Feature","properties":{"r":"UK","g":"uk","col":"#ff7700","n":"Metrolink: Ashton-under-Lyne to/from MediaCityUK (Mon-Sat daytime)","ct":"曼彻斯特","jk":"urban","off":-1.0},"geometry":{"type":"MultiLineString","coordinates":[[[-2.2358885,53.479869],[-2.235897,53.479873],[-2.235953,53.479896],[-2.236012,53.479916],[-2.236046,53.479925],[-2.236081,53.479934],[-2.236152,53.479948],[-2.2362389,53.4799603]],[[-2.2934209,53.4736517],[-2.293616,53.473613],[-2.293786,53.473575],[-2.293927,53.473538],[-2.294062,53.473497],[-2.294215,53.473445],[-2.29438,53.473386],[-2.29455,53.473322],[-2.294719,53.473256],[-2.29488,53.473189],[-2.295027,53.473126],[-2.295152,53.473067],[-2.295217,53.473033],[-2.295278,53.472996],[-2.295393,53.472918],[-2.295447,53.472876],[-2.295498,53.472833],[-2.295593,53.472743],[-2.29569,53.472655],[-2.295743,53.472612],[-2.2958,53.472572],[-2.295887,53.472519],[-2.295979,53.47247],[-2.296077,53.472424],[-2.29618,53.472383],[-2.296282,53.472349],[-2.296395,53.472317],[-2.296638,53.472257],[-2.296894,53.4722],[-2.297144,53.472141]]]}},{"type":"Feature","properties":{"r":"UK","g":"uk","col":"#ff7700","n":"Metrolink: Ashton-under-Lyne to/from MediaCityUK (Mon-Sat daytime)","ct":"曼彻斯特","jk":"urban","off":-0.875},"geometry":{"type":"MultiLineString","coordinates":[[[-2.2355844,53.4796715],[-2.235652,53.479723],[-2.235736,53.479783],[-2.235769,53.479805],[-2.235794,53.479821],[-2.235844,53.479848],[-2.2358885,53.479869]],[[-2.2799111,53.465533],[-2.2802107,53.4657391]]]}},{"type":"Feature","properties":{"r":"UK","g":"uk","col":"#ff7700","n":"Metrolink: Ashton-under-Lyne to/from MediaCityUK (Mon-Sat daytime)","ct":"曼彻斯特","jk":"urban","off":-0.8125},"geometry":{"type":"LineString","coordinates":[[-2.293137,53.4737073],[-2.293213,53.473693],[-2.2934209,53.4736517]]}},{"type":"Feature","properties":{"r":"UK","g":"uk","col":"#ff7700","n":"Metrolink: Ashton-under-Lyne to/from MediaCityUK (Mon-Sat daytime)","ct":"曼彻斯特","jk":"urban","off":-0.75},"geometry":{"type":"LineString","coordinates":[[-2.2352967,53.479449],[-2.235421,53.479547],[-2.2355844,53.4796715]]}},{"type":"Feature","properties":{"r":"UK","g":"uk","col":"#ff7700","n":"Metrolink: Ashton-under-Lyne to/from MediaCityUK (Mon-Sat daytime)","ct":"曼彻斯特","jk":"urban","off":-0.6875},"geometry":{"type":"MultiLineString","coordinates":[[[-2.2802107,53.4657391],[-2.280225,53.465749],[-2.2805105,53.4659448]],[[-2.2928528,53.473761],[-2.293137,53.4737073]]]}},{"type":"Feature","properties":{"r":"UK","g":"uk","col":"#ff7700","n":"Metrolink: Ashton-under-Lyne to/from MediaCityUK (Mon-Sat daytime)","ct":"曼彻斯特","jk":"urban","off":-0.625},"geometry":{"type":"LineString","coordinates":[[-2.2350112,53.4792239],[-2.2352967,53.479449]]}},{"type":"Feature","properties":{"r":"UK","g":"uk","col":"#ff7700","n":"Metrolink: Ashton-under-Lyne to/from MediaCityUK (Mon-Sat daytime)","ct":"曼彻斯特","jk":"urban","off":-0.5},"geometry":{"type":"MultiLineString","coordinates":[[[-2.098078,53.490374],[-2.098658,53.490346],[-2.098948,53.49033],[-2.099236,53.490308],[-2.099429,53.490288],[-2.099622,53.490264],[-2.100008,53.490209],[-2.100389,53.490156],[-2.100576,53.490135],[-2.100761,53.490119],[-2.100944,53.490111],[-2.101036,53.490111],[-2.101127,53.490114],[-2.101195,53.490118],[-2.101263,53.490125],[-2.10133,53.490134],[-2.101396,53.490146],[-2.101439,53.490156],[-2.10148,53.490167],[-2.101562,53.490192],[-2.10172,53.490247],[-2.101839,53.490291],[-2.101958,53.490339],[-2.102197,53.490439],[-2.102425,53.490532],[-2.102532,53.490571],[-2.102632,53.490601],[-2.102719,53.490621],[-2.10281,53.490638],[-2.102902,53.49065],[-2.102995,53.490658],[-2.103046,53.49066],[-2.103098,53.49066],[-2.103201,53.490654],[-2.103368,53.490636],[-2.103547,53.490611],[-2.103926,53.490549],[-2.104313,53.490484],[-2.104502,53.490458],[-2.104685,53.490438],[-2.104918,53.490423],[-2.105245,53.490409],[-2.106094,53.490383],[-2.107059,53.490359],[-2.107966,53.490334],[-2.108713,53.490291],[-2.1095,53.490249],[-2.110206,53.490206],[-2.110489,53.490185],[-2.110706,53.490164],[-2.110869,53.490143],[-2.111031,53.490117],[-2.11119,53.490087],[-2.111345,53.490051],[-2.111558,53.489992],[-2.111765,53.489926],[-2.111966,53.489853],[-2.112161,53.489776],[-2.112328,53.489702],[-2.112489,53.489624],[-2.112646,53.489542],[-2.112799,53.489458],[-2.112984,53.48935],[-2.113159,53.489236],[-2.113295,53.489141],[-2.113428,53.489045],[-2.113555,53.488946],[-2.11367,53.488842],[-2.113745,53.488765],[-2.113813,53.488685],[-2.113873,53.488603],[-2.113923,53.488519],[-2.113955,53.488444],[-2.11398,53.488361],[-2.114016,53.488183],[-2.114053,53.488004],[-2.114078,53.48792],[-2.114111,53.487843],[-2.114142,53.487789],[-2.11418,53.487735],[-2.114223,53.487684],[-2.114271,53.487634],[-2.1143,53.487608],[-2.114332,53.487584],[-2.114366,53.48756],[-2.114402,53.487538],[-2.114455,53.487509],[-2.114511,53.487482],[-2.114569,53.487456],[-2.11463,53.487433],[-2.11471,53.487407],[-2.114827,53.487374],[-2.115151,53.487287],[-2.116027,53.487064],[-2.116949,53.486828],[-2.117332,53.486726],[-2.11761,53.486645],[-2.117778,53.486587],[-2.117939,53.486523],[-2.1181,53.486454],[-2.118257,53.486383],[-2.118411,53.486308],[-2.118558,53.48623],[-2.118795,53.486092],[-2.119023,53.485949],[-2.11924,53.4858],[-2.119445,53.485645],[-2.119566,53.485541],[-2.1197,53.485414],[-2.119987,53.485125],[-2.120268,53.484841],[-2.120394,53.484722],[-2.120504,53.484629],[-2.120563,53.484586],[-2.120626,53.484545],[-2.12076,53.484469],[-2.120808,53.484445],[-2.120859,53.484423],[-2.120963,53.484381],[-2.121067,53.484338],[-2.121117,53.484315],[-2.121165,53.484291],[-2.121222,53.484258],[-2.121276,53.484223],[-2.121374,53.484148],[-2.121473,53.484062],[-2.121566,53.483974],[-2.121741,53.483794],[-2.121909,53.483611],[-2.12208,53.483429],[-2.1224,53.483076],[-2.122558,53.482898],[-2.12271,53.482719],[-2.122899,53.482477],[-2.123074,53.482231],[-2.123244,53.481973],[-2.123415,53.4817],[-2.123749,53.481143],[-2.124057,53.480629],[-2.124196,53.48041],[-2.124322,53.480227],[-2.124431,53.480083],[-2.124492,53.480013],[-2.124561,53.479946],[-2.124591,53.479921],[-2.124623,53.479897],[-2.124657,53.479874],[-2.124694,53.479853],[-2.124781,53.47981],[-2.124874,53.479771],[-2.124969,53.479735],[-2.125067,53.4797],[-2.125172,53.479666],[-2.12528,53.479635],[-2.1255,53.479579],[-2.125719,53.47952],[-2.125824,53.479487],[-2.125926,53.47945],[-2.12598,53.479427],[-2.126041,53.479398],[-2.126176,53.479327],[-2.126479,53.479157],[-2.12678,53.478987],[-2.126912,53.478918],[-2.126971,53.47889],[-2.127023,53.478868],[-2.127125,53.478832],[-2.127236,53.478799],[-2.127471,53.478739],[-2.127712,53.478679],[-2.12783,53.478646],[-2.127943,53.47861],[-2.128058,53.478567],[-2.128172,53.478519],[-2.128394,53.478418],[-2.12861,53.478321],[-2.128717,53.478279],[-2.128823,53.478243],[-2.128959,53.478206],[-2.1291,53.478175],[-2.129244,53.478149],[-2.12939,53.478129],[-2.129513,53.478116],[-2.129638,53.478109],[-2.129764,53.478105],[-2.129889,53.478105],[-2.130061,53.47811],[-2.130254,53.478119],[-2.130464,53.478133],[-2.130686,53.478149],[-2.131142,53.47819],[-2.131582,53.478237],[-2.131708,53.478253],[-2.131769,53.478263],[-2.13183,53.478275],[-2.131899,53.478293],[-2.131966,53.478314],[-2.132096,53.478361],[-2.132227,53.478408],[-2.132294,53.478428],[-2.132364,53.478445],[-2.132394,53.478451],[-2.132424,53.478455],[-2.132485,53.478462],[-2.132608,53.478473],[-2.136085,53.478762],[-2.141388,53.479146],[-2.142531,53.479254],[-2.143767,53.479374],[-2.144818,53.479471],[-2.145188,53.479502],[-2.145318,53.47951],[-2.145407,53.479514],[-2.145484,53.479513],[-2.145582,53.47951],[-2.145826,53.479496],[-2.146431,53.479452],[-2.147041,53.479408],[-2.147291,53.479393],[-2.147392,53.47939],[-2.147473,53.479389],[-2.147522,53.479391],[-2.147599,53.479395],[-2.147824,53.479411],[-2.148518,53.479467],[-2.150469,53.479635],[-2.152395,53.479801],[-2.153059,53.479854],[-2.153265,53.479869],[-2.15333,53.479872],[-2.153353,53.479873],[-2.153368,53.479873],[-2.15341,53.479871],[-2.153452,53.479868],[-2.153536,53.479857],[-2.1537,53.479827],[-2.153865,53.479798],[-2.153949,53.479787],[-2.153991,53.479784],[-2.154033,53.479782],[-2.154085,53.479782],[-2.154146,53.479783],[-2.154296,53.47979],[-2.154473,53.479802],[-2.15467,53.479818],[-2.155086,53.479859],[-2.155479,53.479902],[-2.155663,53.479926],[-2.155753,53.47994],[-2.155842,53.479958],[-2.155892,53.47997],[-2.155941,53.479985],[-2.156037,53.480016],[-2.156132,53.480047],[-2.156181,53.480061],[-2.156231,53.480074],[-2.156297,53.480088],[-2.156364,53.480099],[-2.1565,53.480118],[-2.156712,53.48014],[-2.15708,53.480173],[-2.158196,53.480266],[-2.161355,53.480521],[-2.164608,53.480784],[-2.165843,53.480887],[-2.166287,53.480927],[-2.166588,53.480956],[-2.166944,53.480998],[-2.167544,53.481072],[-2.16933,53.481302],[-2.174233,53.481941],[-2.178971,53.48256],[-2.180552,53.482763],[-2.181018,53.48282],[-2.181155,53.482836],[-2.181196,53.48284],[-2.181211,53.482841],[-2.18122,53.482842],[-2.181253,53.482843],[-2.181293,53.482843],[-2.181395,53.48284],[-2.181669,53.482828],[-2.182385,53.482786],[-2.183106,53.482744],[-2.183386,53.482731],[-2.183492,53.482729],[-2.183569,53.482729],[-2.183605,53.482731],[-2.183652,53.482734],[-2.183772,53.482746],[-2.184106,53.482783],[-2.184983,53.482892],[-2.185848,53.483],[-2.186164,53.483035],[-2.186273,53.483045],[-2.186313,53.483048],[-2.186343,53.483049],[-2.186391,53.483049],[-2.186438,53.483046],[-2.186532,53.483038],[-2.186719,53.483013],[-2.186812,53.482997],[-2.186903,53.482978],[-2.187084,53.482935],[-2.187265,53.482893],[-2.187357,53.482876],[-2.187451,53.482862],[-2.187501,53.482857],[-2.187551,53.482853],[-2.187602,53.482852],[-2.187652,53.482854],[-2.187766,53.482864],[-2.187879,53.482879],[-2.187989,53.4829],[-2.188043,53.482913],[-2.188095,53.482927],[-2.18813,53.482938],[-2.188163,53.482951],[-2.188226,53.482978],[-2.188345,53.483041],[-2.188464,53.483104],[-2.188527,53.483132],[-2.18856,53.483145],[-2.188594,53.483156],[-2.188666,53.483177],[-2.188703,53.483186],[-2.188741,53.483195],[-2.18878,53.483202],[-2.188818,53.483207],[-2.188858,53.48321],[-2.188877,53.48321],[-2.188897,53.48321],[-2.188899,53.48321],[-2.188901,53.48321],[-2.188906,53.483209],[-2.188922,53.483207],[-2.188969,53.483198],[-2.189126,53.483164],[-2.189649,53.483046],[-2.191209,53.48268],[-2.192845,53.482297],[-2.193463,53.482156],[-2.193682,53.482108],[-2.193825,53.48208],[-2.194025,53.482048],[-2.194126,53.482036],[-2.194228,53.482029],[-2.194293,53.482027],[-2.194357,53.482027],[-2.194422,53.482031],[-2.194454,53.482034],[-2.194485,53.482038],[-2.194536,53.482047],[-2.194587,53.482057],[-2.194686,53.482083],[-2.194781,53.482114],[-2.19487,53.482149],[-2.194928,53.482177],[-2.194982,53.482208],[-2.195032,53.482242],[-2.195077,53.482278],[-2.195086,53.482287],[-2.195095,53.482296],[-2.195111,53.482314],[-2.195138,53.482352],[-2.195258,53.482527],[-2.195379,53.482718],[-2.195628,53.483134],[-2.19588,53.483569],[-2.19613,53.483994],[-2.196224,53.484172],[-2.196317,53.484351],[-2.196413,53.484529],[-2.196521,53.484705],[-2.196602,53.484827],[-2.196688,53.484952],[-2.196734,53.485012],[-2.19678,53.485067],[-2.196827,53.485116],[-2.19685,53.485138],[-2.196874,53.485158],[-2.196902,53.485179],[-2.196932,53.485198],[-2.196964,53.485217],[-2.196998,53.485234],[-2.197069,53.485266],[-2.197144,53.485295],[-2.197294,53.485342],[-2.197451,53.485381],[-2.197613,53.485413],[-2.197778,53.485438],[-2.197895,53.485452],[-2.198013,53.485462],[-2.198132,53.48547],[-2.198252,53.485475],[-2.198492,53.48548],[-2.198732,53.485483],[-2.198907,53.485482],[-2.199081,53.485477],[-2.19943,53.485465],[-2.201458,53.485365],[-2.203629,53.48526],[-2.205513,53.485165],[-2.206212,53.485126],[-2.206679,53.485094],[-2.206917,53.485072],[-2.207035,53.485058],[-2.207152,53.485041],[-2.20726,53.485022],[-2.207367,53.485001],[-2.207472,53.484976],[-2.207574,53.484948],[-2.207728,53.484896],[-2.207919,53.484823],[-2.208377,53.484637],[-2.208886,53.484429],[-2.209139,53.484331],[-2.20938,53.484243],[-2.209593,53.484172],[-2.209817,53.484103],[-2.210277,53.483969],[-2.21071,53.483842],[-2.2109,53.483781],[-2.211066,53.483722],[-2.211254,53.483642],[-2.211503,53.483527],[-2.212109,53.483234],[-2.21273,53.482934],[-2.212999,53.482809],[-2.213214,53.482717],[-2.213308,53.482681],[-2.213357,53.482666],[-2.213408,53.482652],[-2.213444,53.482644],[-2.213491,53.482635],[-2.213617,53.482614],[-2.213977,53.482559],[-2.214956,53.48242],[-2.215959,53.482277],[-2.216349,53.482218],[-2.216496,53.482193],[-2.216601,53.482173],[-2.216714,53.482147],[-2.216826,53.482119],[-2.216934,53.482087],[-2.217039,53.482051],[-2.217122,53.482018],[-2.217202,53.481982],[-2.217355,53.481906],[-2.217508,53.481828],[-2.217585,53.48179],[-2.217666,53.481755],[-2.21788,53.48167],[-2.217991,53.481632],[-2.218105,53.481597],[-2.218219,53.481569],[-2.218339,53.481544],[-2.218588,53.481502],[-2.218822,53.481461],[-2.218925,53.481438],[-2.218972,53.481426],[-2.219014,53.481413],[-2.219037,53.481405],[-2.219065,53.481393],[-2.219136,53.481362],[-2.21933,53.481268],[-2.21987,53.480994],[-2.220503,53.480671],[-2.220814,53.480517],[-2.221099,53.48038],[-2.221287,53.480295],[-2.221479,53.480212],[-2.221867,53.480051],[-2.222252,53.479887],[-2.222441,53.479802],[-2.222624,53.479713],[-2.22283,53.479603],[-2.223062,53.479471],[-2.22356,53.479173],[-2.224028,53.478893],[-2.224221,53.478782],[-2.224373,53.478704],[-2.224512,53.478644],[-2.224671,53.478581],[-2.225029,53.478451],[-2.225411,53.478316],[-2.225598,53.478248],[-2.225776,53.478179],[-2.225992,53.47809],[-2.226206,53.477998],[-2.226629,53.47781],[-2.227052,53.477626],[-2.227267,53.477537],[-2.227484,53.477454],[-2.227733,53.477365],[-2.228027,53.477265],[-2.228345,53.47716],[-2.228664,53.477058],[-2.228962,53.476964],[-2.229219,53.476888],[-2.229411,53.476834],[-2.229476,53.476818],[-2.2295,53.476813],[-2.229509,53.476811],[-2.229517,53.47681],[-2.22953,53.476809],[-2.229543,53.476808],[-2.22957,53.476807],[-2.229597,53.476808],[-2.229623,53.47681],[-2.229677,53.476816],[-2.229729,53.476824],[-2.229862,53.476847],[-2.230008,53.476878],[-2.230328,53.476957],[-2.230666,53.477042],[-2.230835,53.477083],[-2.230999,53.477119],[-2.231175,53.477151],[-2.231353,53.477179],[-2.23153,53.477209],[-2.231617,53.477226],[-2.231702,53.477247],[-2.231772,53.477267],[-2.23184,53.477289],[-2.231905,53.477314],[-2.231967,53.477342],[-2.232019,53.477369],[-2.232068,53.477397],[-2.232114,53.477428],[-2.232154,53.477461],[-2.23218,53.477487],[-2.232206,53.477517],[-2.232257,53.477588],[-2.232358,53.47775],[-2.232454,53.477906],[-2.2325,53.477969],[-2.232522,53.477994],[-2.232533,53.478005],[-2.232544,53.478014],[-2.23256,53.478026],[-2.232577,53.478037],[-2.232595,53.478047],[-2.232614,53.478057],[-2.232654,53.478076],[-2.232697,53.478092],[-2.232747,53.478108],[-2.23281,53.478125],[-2.232965,53.478163],[-2.233339,53.478242],[-2.233695,53.478317],[-2.233828,53.478349],[-2.233876,53.478363],[-2.233894,53.478369],[-2.233909,53.478375],[-2.233912,53.478377],[-2.233916,53.478379],[-2.233926,53.478384],[-2.23395,53.4784],[-2.234019,53.478449],[-2.234228,53.478608],[-2.234816,53.47907],[-2.2350112,53.4792239]],[[-2.2925687,53.4738153],[-2.292773,53.473776],[-2.2928528,53.473761]]]}},{"type":"Feature","properties":{"r":"UK","g":"uk","col":"#ff7700","n":"Metrolink: Ashton-under-Lyne to/from MediaCityUK (Mon-Sat daytime)","ct":"曼彻斯特","jk":"urban","off":-0.4375},"geometry":{"type":"LineString","coordinates":[[-2.2805105,53.4659448],[-2.2808104,53.4661505]]}},{"type":"Feature","properties":{"r":"UK","g":"uk","col":"#ff7700","n":"Metrolink: Ashton-under-Lyne to/from MediaCityUK (Mon-Sat daytime)","ct":"曼彻斯特","jk":"urban","off":-0.3125},"geometry":{"type":"LineString","coordinates":[[-2.2922844,53.4738688],[-2.292352,53.473857],[-2.2925687,53.4738153]]}},{"type":"Feature","properties":{"r":"UK","g":"uk","col":"#ff7700","n":"Metrolink: Ashton-under-Lyne to/from MediaCityUK (Mon-Sat daytime)","ct":"曼彻斯特","jk":"urban","off":-0.25},"geometry":{"type":"LineString","coordinates":[[-2.2808104,53.4661505],[-2.280833,53.466166],[-2.281048,53.466308],[-2.2811149,53.4663491]]}},{"type":"Feature","properties":{"r":"UK","g":"uk","col":"#ff7700","n":"Metrolink: Ashton-under-Lyne to/from MediaCityUK (Mon-Sat daytime)","ct":"曼彻斯特","jk":"urban","off":-0.1875},"geometry":{"type":"LineString","coordinates":[[-2.2919994,53.4739184],[-2.2922844,53.4738688]]}},{"type":"Feature","properties":{"r":"UK","g":"uk","col":"#ff7700","n":"Metrolink: Ashton-under-Lyne to/from MediaCityUK (Mon-Sat daytime)","ct":"曼彻斯特","jk":"urban","off":-0.0625},"geometry":{"type":"LineString","coordinates":[[-2.2811149,53.4663491],[-2.281118,53.466351],[-2.281142,53.466365],[-2.281151,53.466369],[-2.281155,53.466371],[-2.281158,53.466372],[-2.281164,53.466374],[-2.281171,53.466376],[-2.281187,53.46638],[-2.281227,53.466388],[-2.281334,53.466403],[-2.2814692,53.4664167]]}},{"type":"Feature","properties":{"r":"UK","g":"uk","col":"#ff7700","n":"Metrolink: Ashton-under-Lyne to/from MediaCityUK (Mon-Sat daytime)","ct":"曼彻斯特","jk":"urban","off":0.1875},"geometry":{"type":"MultiLineString","coordinates":[[[-2.2814692,53.4664167],[-2.281621,53.466432],[-2.2818309,53.4664539]],[[-2.2914295,53.4740177],[-2.2917145,53.473968]]]}},{"type":"Feature","properties":{"r":"UK","g":"uk","col":"#ff7700","n":"Metrolink: Ashton-under-Lyne to/from MediaCityUK (Mon-Sat daytime)","ct":"曼彻斯特","jk":"urban","off":0.3125},"geometry":{"type":"LineString","coordinates":[[-2.2911445,53.4740668],[-2.291353,53.474031],[-2.2914295,53.4740177]]}},{"type":"Feature","properties":{"r":"UK","g":"uk","col":"#ff7700","n":"Metrolink: Ashton-under-Lyne to/from MediaCityUK (Mon-Sat daytime)","ct":"曼彻斯特","jk":"urban","off":0.375},"geometry":{"type":"LineString","coordinates":[[-2.2818309,53.4664539],[-2.281937,53.466465],[-2.28208,53.466485],[-2.282144,53.466495],[-2.2821907,53.466505]]}},{"type":"Feature","properties":{"r":"UK","g":"uk","col":"#ff7700","n":"Metrolink: Ashton-under-Lyne to/from MediaCityUK (Mon-Sat daytime)","ct":"曼彻斯特","jk":"urban","off":0.5},"geometry":{"type":"LineString","coordinates":[[-2.2908594,53.4741157],[-2.2911445,53.4740668]]}},{"type":"Feature","properties":{"r":"UK","g":"uk","col":"#ff7700","n":"Metrolink: Ashton-under-Lyne to/from MediaCityUK (Mon-Sat daytime)","ct":"曼彻斯特","jk":"urban","off":0.5625},"geometry":{"type":"LineString","coordinates":[[-2.2821907,53.466505],[-2.2822,53.466507],[-2.282251,53.46652],[-2.2823,53.466534],[-2.282347,53.466551],[-2.282369,53.466561],[-2.28239,53.466571],[-2.282435,53.466596],[-2.282476,53.466624],[-2.282495,53.466639],[-2.282512,53.466655],[-2.2825152,53.4666582]]}},{"type":"Feature","properties":{"r":"UK","g":"uk","col":"#ff7700","n":"Metrolink: Ashton-under-Lyne to/from MediaCityUK (Mon-Sat daytime)","ct":"曼彻斯特","jk":"urban","off":0.6875},"geometry":{"type":"LineString","coordinates":[[-2.2905743,53.4741646],[-2.2908594,53.4741157]]}},{"type":"Feature","properties":{"r":"UK","g":"uk","col":"#ff7700","n":"Metrolink: Ashton-under-Lyne to/from MediaCityUK (Mon-Sat daytime)","ct":"曼彻斯特","jk":"urban","off":0.8125},"geometry":{"type":"MultiLineString","coordinates":[[[-2.2825152,53.4666582],[-2.282528,53.466671],[-2.282542,53.466687],[-2.282551,53.466699],[-2.282559,53.466712],[-2.282565,53.466725],[-2.282571,53.466738],[-2.282579,53.466764],[-2.282584,53.466791],[-2.282586,53.46682],[-2.282585,53.466849],[-2.282576,53.466907],[-2.2825569,53.4669989]],[[-2.2902892,53.4742136],[-2.290304,53.474211],[-2.2905743,53.4741646]]]}},{"type":"Feature","properties":{"r":"UK","g":"uk","col":"#ff7700","n":"Metrolink: Ashton-under-Lyne to/from MediaCityUK (Mon-Sat daytime)","ct":"曼彻斯特","jk":"urban","off":1.0},"geometry":{"type":"LineString","coordinates":[[-2.2825569,53.4669989],[-2.282533,53.467114],[-2.282466,53.467374],[-2.282297,53.467966],[-2.28214,53.468514],[-2.282087,53.46872],[-2.282072,53.468796],[-2.282064,53.468851],[-2.282061,53.468904],[-2.282062,53.468957],[-2.282065,53.468984],[-2.282071,53.46901],[-2.282079,53.469036],[-2.28209,53.469061],[-2.282097,53.469074],[-2.282106,53.469086],[-2.282116,53.469098],[-2.282127,53.46911],[-2.282139,53.469122],[-2.282151,53.469133],[-2.28218,53.469154],[-2.282206,53.46917],[-2.282233,53.469185],[-2.282292,53.469213],[-2.282355,53.469237],[-2.282421,53.469258],[-2.28247,53.46927],[-2.28253,53.469283],[-2.282676,53.469309],[-2.28303,53.46936],[-2.28338,53.469411],[-2.283523,53.469436],[-2.28358,53.469448],[-2.283626,53.46946],[-2.283677,53.469476],[-2.283727,53.469494],[-2.283822,53.469534],[-2.283911,53.469579],[-2.283994,53.469628],[-2.284032,53.469653],[-2.284067,53.469679],[-2.284083,53.469693],[-2.284098,53.469707],[-2.284111,53.469722],[-2.284121,53.469737],[-2.284131,53.469758],[-2.284138,53.469779],[-2.284143,53.4698],[-2.284145,53.469822],[-2.284145,53.469866],[-2.284142,53.46991],[-2.284128,53.470006],[-2.284102,53.470114],[-2.284029,53.470343],[-2.28396,53.47056],[-2.283938,53.470651],[-2.283932,53.47069],[-2.28393,53.470724],[-2.283932,53.470752],[-2.283936,53.47078],[-2.28395,53.470835],[-2.28397,53.47089],[-2.283993,53.470945],[-2.284043,53.471053],[-2.284099,53.471161],[-2.28416,53.471269],[-2.284225,53.471378],[-2.284366,53.471593],[-2.284518,53.471805],[-2.284607,53.471924],[-2.284632,53.471953],[-2.284659,53.471981],[-2.284689,53.472008],[-2.284722,53.472034],[-2.284751,53.472053],[-2.284782,53.472071],[-2.284848,53.472104],[-2.28492,53.472134],[-2.284994,53.47216],[-2.28503,53.472171],[-2.285068,53.472181],[-2.285144,53.472199],[-2.285303,53.472228],[-2.285461,53.472256],[-2.285538,53.472274],[-2.285575,53.472285],[-2.285611,53.472296],[-2.285659,53.472314],[-2.285705,53.472334],[-2.285747,53.472357],[-2.285787,53.472381],[-2.285817,53.472402],[-2.285844,53.472425],[-2.285867,53.472448],[-2.285888,53.472473],[-2.285907,53.472501],[-2.285922,53.472531],[-2.285933,53.472561],[-2.28594,53.472591],[-2.285943,53.472619],[-2.285942,53.472646],[-2.285937,53.472674],[-2.28593,53.472701],[-2.285908,53.472757],[-2.285878,53.472812],[-2.285805,53.472921],[-2.285737,53.473028],[-2.285712,53.47308],[-2.285702,53.473106],[-2.285696,53.473131],[-2.285692,53.47316],[-2.285691,53.473196],[-2.285693,53.473285],[-2.285702,53.473391],[-2.285717,53.473507],[-2.285736,53.473625],[-2.285759,53.473739],[-2.285784,53.473841],[-2.285811,53.473924],[-2.285846,53.474003],[-2.285894,53.474096],[-2.285952,53.474198],[-2.286016,53.474302],[-2.286084,53.474405],[-2.286151,53.4745],[-2.286214,53.474582],[-2.286271,53.474646],[-2.286312,53.474685],[-2.286357,53.474723],[-2.286382,53.474741],[-2.286409,53.474758],[-2.286437,53.474774],[-2.286467,53.474788],[-2.286511,53.474806],[-2.286556,53.474821],[-2.286604,53.474835],[-2.286653,53.474848],[-2.286703,53.474858],[-2.286754,53.474867],[-2.286857,53.47488],[-2.286913,53.474884],[-2.28697,53.474886],[-2.287028,53.474886],[-2.287085,53.474884],[-2.287199,53.474876],[-2.287311,53.474862],[-2.287363,53.474853],[-2.287423,53.474841],[-2.287564,53.474806],[-2.287905,53.474712],[-2.288284,53.474607],[-2.288472,53.474558],[-2.28865,53.474516],[-2.288962,53.474453],[-2.289354,53.474379],[-2.2902892,53.4742136]]}},{"type":"Feature","properties":{"r":"UK","g":"uk","col":"#ff88bb","n":"Metrolink: East Didsbury to/from Rochdale Town Centre via Exchange Square","ct":"曼彻斯特","jk":"urban"},"geometry":{"type":"MultiLineString","coordinates":[[[-2.155456,53.61735],[-2.155731,53.617317],[-2.156022,53.617285],[-2.156282,53.617252],[-2.156388,53.617234],[-2.156432,53.617225],[-2.15647,53.617215],[-2.156528,53.617197],[-2.156555,53.617186],[-2.156582,53.617175],[-2.156608,53.617163],[-2.156631,53.61715],[-2.156653,53.617135],[-2.156672,53.61712],[-2.156688,53.617104],[-2.156702,53.617088],[-2.156715,53.61707],[-2.156724,53.617052],[-2.156732,53.617034],[-2.156737,53.617016],[-2.156739,53.616997],[-2.156738,53.616979],[-2.156736,53.616969],[-2.156733,53.61696],[-2.15673,53.616951],[-2.156725,53.616942],[-2.156714,53.616923],[-2.1567,53.616906],[-2.156666,53.616872],[-2.15663,53.616839],[-2.156592,53.616808],[-2.156552,53.616778],[-2.156464,53.616722],[-2.156277,53.616616],[-2.156122,53.61653],[-2.155953,53.616442],[-2.155602,53.616266],[-2.155286,53.616105],[-2.15516,53.616036],[-2.155108,53.616004],[-2.155065,53.615976],[-2.155019,53.615941],[-2.154959,53.615892],[-2.154804,53.615756],[-2.154616,53.615586],[-2.154412,53.615395],[-2.154208,53.615199],[-2.15402,53.615013],[-2.153863,53.614853],[-2.153755,53.614734],[-2.153685,53.614645],[-2.153657,53.614598],[-2.153645,53.614575],[-2.153636,53.614551],[-2.153626,53.614515],[-2.153619,53.614479],[-2.153613,53.614406],[-2.153615,53.614332],[-2.153622,53.614259],[-2.153636,53.614183],[-2.153662,53.614109],[-2.153688,53.61405],[-2.153718,53.613992],[-2.153752,53.613935],[-2.153793,53.61388],[-2.153843,53.613823],[-2.153899,53.613769],[-2.154022,53.613664],[-2.15414,53.613575],[-2.154275,53.61348],[-2.154563,53.613291],[-2.154812,53.613127],[-2.154899,53.613064],[-2.154929,53.613039],[-2.154941,53.613028],[-2.154949,53.613019],[-2.154956,53.613009],[-2.154962,53.612998],[-2.154967,53.612988],[-2.15497,53.612977],[-2.154975,53.612954],[-2.154976,53.612932],[-2.154975,53.612902],[-2.154971,53.612869],[-2.154957,53.612799],[-2.15491,53.612642],[-2.154854,53.612476],[-2.154828,53.612394],[-2.154808,53.612314],[-2.154783,53.612186],[-2.154762,53.612057],[-2.154727,53.611799],[-2.154689,53.611541],[-2.154664,53.611413],[-2.154633,53.611285],[-2.154585,53.611118],[-2.15453,53.610951],[-2.154463,53.610786],[-2.154424,53.610705],[-2.154381,53.610624],[-2.15436,53.610588],[-2.154353,53.61058],[-2.154346,53.610571],[-2.154338,53.610564],[-2.154329,53.610556],[-2.154309,53.610542],[-2.154288,53.610529],[-2.154265,53.610517],[-2.154241,53.610505],[-2.154215,53.610494],[-2.154189,53.610485],[-2.154162,53.610476],[-2.154134,53.610469],[-2.154099,53.610462],[-2.154064,53.610456],[-2.154028,53.610451],[-2.153991,53.610448],[-2.153954,53.610446],[-2.153917,53.610446],[-2.15388,53.610447],[-2.153843,53.610449],[-2.153816,53.610452],[-2.15379,53.610456],[-2.153765,53.610461],[-2.153739,53.610467],[-2.15369,53.610481],[-2.153642,53.610496],[-2.153522,53.61054],[-2.153394,53.610594],[-2.153127,53.61072],[-2.152858,53.610845],[-2.152729,53.6109],[-2.152607,53.610945],[-2.152484,53.610982],[-2.152351,53.611016],[-2.152068,53.611078],[-2.151777,53.611139],[-2.151633,53.611173],[-2.151495,53.611209],[-2.151344,53.611254],[-2.151197,53.611301],[-2.150906,53.611402],[-2.150633,53.611501],[-2.150363,53.611603],[-2.149829,53.611812],[-2.149297,53.612023],[-2.148764,53.612233],[-2.146788,53.612928],[-2.145731,53.613264],[-2.144592,53.613629],[-2.143617,53.613936],[-2.14327,53.614041],[-2.143145,53.614076],[-2.143057,53.614099],[-2.142918,53.614128],[-2.142776,53.614152],[-2.142631,53.614171],[-2.142486,53.614187],[-2.14233,53.6142],[-2.142173,53.614211],[-2.141859,53.614226],[-2.141543,53.614232],[-2.141228,53.614232],[-2.140905,53.614224],[-2.140583,53.614208],[-2.140262,53.614185],[-2.139942,53.614159],[-2.139558,53.614124],[-2.139176,53.614083],[-2.138795,53.614037],[-2.138418,53.613983],[-2.138082,53.613923],[-2.137373,53.61379],[-2.135044,53.613344],[-2.131845,53.612728],[-2.128192,53.612021],[-2.124501,53.611304],[-2.121188,53.610657],[-2.118667,53.610162],[-2.117833,53.609996],[-2.117354,53.609898],[-2.116871,53.609794],[-2.11639,53.609686],[-2.115912,53.609573],[-2.115438,53.609455],[-2.115182,53.609384],[-2.114928,53.60931],[-2.114592,53.609206],[-2.114425,53.609154],[-2.114261,53.609098],[-2.113894,53.608965],[-2.113532,53.608828],[-2.113176,53.608685],[-2.113002,53.60861],[-2.11283,53.608534],[-2.112666,53.608457],[-2.112506,53.608378],[-2.112193,53.608214],[-2.111885,53.608047],[-2.111574,53.607882],[-2.111241,53.607697],[-2.111076,53.607603],[-2.110917,53.607506],[-2.110782,53.607417],[-2.110651,53.607326],[-2.110524,53.607233],[-2.1104,53.607139],[-2.110309,53.607065],[-2.110222,53.60699],[-2.110049,53.606838],[-2.107215,53.604284],[-2.106856,53.603981],[-2.106674,53.603831],[-2.106484,53.603684],[-2.106305,53.603557],[-2.106121,53.603432],[-2.105931,53.60331],[-2.105737,53.603191],[-2.105518,53.603062],[-2.105295,53.602935],[-2.105067,53.602812],[-2.104835,53.602691],[-2.104618,53.602584],[-2.104506,53.602533],[-2.104392,53.602484],[-2.104117,53.602373],[-2.103838,53.602267],[-2.103552,53.602167],[-2.10326,53.602074],[-2.102977,53.601995],[-2.102688,53.601923],[-2.102395,53.601856],[-2.102101,53.601793],[-2.101918,53.601757],[-2.101733,53.601723],[-2.101363,53.601658],[-2.101003,53.6016],[-2.100823,53.601572],[-2.100642,53.601547],[-2.100463,53.601527],[-2.100283,53.60151],[-2.099922,53.601478],[-2.099102,53.60142],[-2.098248,53.601362],[-2.097461,53.601304],[-2.097125,53.601275],[-2.096843,53.601246],[-2.096561,53.60121],[-2.096282,53.601168],[-2.096004,53.601121],[-2.095728,53.601071],[-2.0953,53.600988],[-2.094876,53.6009],[-2.094455,53.600806],[-2.094037,53.600707],[-2.093859,53.600661],[-2.093685,53.60061],[-2.093483,53.60054],[-2.093285,53.600466],[-2.093091,53.600388],[-2.0929,53.600307],[-2.0926,53.600173],[-2.092307,53.600034],[-2.09202,53.599891],[-2.09174,53.599743],[-2.091504,53.599612],[-2.091275,53.599477],[-2.091051,53.599338],[-2.090835,53.599196],[-2.09067,53.599081],[-2.090512,53.598962],[-2.090358,53.598841],[-2.09021,53.598718],[-2.090031,53.598561],[-2.089859,53.598402],[-2.089694,53.59824],[-2.089536,53.598076],[-2.089405,53.597931],[-2.08928,53.597784],[-2.089161,53.597635],[-2.089048,53.597484],[-2.088932,53.597312],[-2.088829,53.597138],[-2.088744,53.596983],[-2.088663,53.596826],[-2.088587,53.596669],[-2.088516,53.596511],[-2.088443,53.596334],[-2.088375,53.596156],[-2.088313,53.595978],[-2.088256,53.595799],[-2.088185,53.595559],[-2.08812,53.595318],[-2.088063,53.595076],[-2.088019,53.594834],[-2.088006,53.594729],[-2.087998,53.594624],[-2.087992,53.594413],[-2.087993,53.594221],[-2.087998,53.594029],[-2.088009,53.593837],[-2.088027,53.593645],[-2.088041,53.593546],[-2.088058,53.593448],[-2.088096,53.593251],[-2.088659,53.590846],[-2.088891,53.589994],[-2.088956,53.589804],[-2.089026,53.589614],[-2.089112,53.589411],[-2.089202,53.589209],[-2.089299,53.589008],[-2.089401,53.588808],[-2.089466,53.588689],[-2.089535,53.588571],[-2.089679,53.588337],[-2.089824,53.588102],[-2.08996,53.587866],[-2.090051,53.587684],[-2.090137,53.587502],[-2.090196,53.587361],[-2.090224,53.58729],[-2.090248,53.587219],[-2.090294,53.587055],[-2.090332,53.58689],[-2.090362,53.586725],[-2.090382,53.586559],[-2.090389,53.586442],[-2.09039,53.586324],[-2.090384,53.586207],[-2.09037,53.58609],[-2.090341,53.585944],[-2.090301,53.585799],[-2.090254,53.585654],[-2.090204,53.58551],[-2.090154,53.585378],[-2.090094,53.585248],[-2.090012,53.585102],[-2.089921,53.584956],[-2.089724,53.584666],[-2.089532,53.584381],[-2.089447,53.584242],[-2.089373,53.584106],[-2.089313,53.583975],[-2.089263,53.583843],[-2.089218,53.58371],[-2.089177,53.583576],[-2.08914,53.583434],[-2.089112,53.583291],[-2.089091,53.583145],[-2.089075,53.582999],[-2.089055,53.582706],[-2.089051,53.582572],[-2.089054,53.582437],[-2.089067,53.582196],[-2.089085,53.581954],[-2.089131,53.581472],[-2.089183,53.58099],[-2.089232,53.580508],[-2.089263,53.5802293]],[[-2.2242648,53.5001273],[-2.22439,53.500068],[-2.224552,53.499981],[-2.224707,53.499888],[-2.2247641,53.4998507]],[[-2.241945,53.4873799],[-2.241945,53.487378],[-2.241942,53.487362],[-2.241939,53.487347],[-2.241916,53.487285],[-2.241889,53.487226],[-2.241857,53.487167],[-2.241821,53.487109],[-2.241779,53.487053],[-2.241764,53.487036],[-2.241748,53.487019],[-2.241712,53.486986],[-2.241676,53.486954],[-2.241659,53.486937],[-2.241644,53.48692],[-2.2416367,53.4869107]],[[-2.2798873,53.458591],[-2.27983,53.458389],[-2.2797865,53.4582416]]]}},{"type":"Feature","properties":{"r":"UK","g":"uk","col":"#ff88bb","n":"Metrolink: East Didsbury to/from Rochdale Town Centre via Exchange Square","ct":"曼彻斯特","jk":"urban","off":-4.0},"geometry":{"type":"LineString","coordinates":[[-2.2679213,53.4696744],[-2.267995,53.469626],[-2.268262,53.469458],[-2.268526,53.469288],[-2.268654,53.469201],[-2.268778,53.469112],[-2.268864,53.469045],[-2.268946,53.468975],[-2.269103,53.468833],[-2.269261,53.468692],[-2.269344,53.468624],[-2.269432,53.468557],[-2.269531,53.468489],[-2.269635,53.468425],[-2.269852,53.468299],[-2.27007,53.468174],[-2.270175,53.46811],[-2.270275,53.468043],[-2.270359,53.467983],[-2.270439,53.467922],[-2.270515,53.467859],[-2.270584,53.467793],[-2.2706051,53.4677699]]}},{"type":"Feature","properties":{"r":"UK","g":"uk","col":"#ff88bb","n":"Metrolink: East Didsbury to/from Rochdale Town Centre via Exchange Square","ct":"曼彻斯特","jk":"urban","off":-3.875},"geometry":{"type":"LineString","coordinates":[[-2.2674531,53.4700019],[-2.267534,53.469943],[-2.267736,53.469799],[-2.267864,53.469712],[-2.2679213,53.4696744]]}},{"type":"Feature","properties":{"r":"UK","g":"uk","col":"#ff88bb","n":"Metrolink: East Didsbury to/from Rochdale Town Centre via Exchange Square","ct":"曼彻斯特","jk":"urban","off":-3.8125},"geometry":{"type":"LineString","coordinates":[[-2.2706051,53.4677699],[-2.270625,53.467748],[-2.270661,53.467701],[-2.270693,53.467653],[-2.270721,53.467604],[-2.270745,53.467553],[-2.270765,53.467502],[-2.2707793,53.4674545]]}},{"type":"Feature","properties":{"r":"UK","g":"uk","col":"#ff88bb","n":"Metrolink: East Didsbury to/from Rochdale Town Centre via Exchange Square","ct":"曼彻斯特","jk":"urban","off":-3.75},"geometry":{"type":"LineString","coordinates":[[-2.2669981,53.4703476],[-2.26714,53.470235],[-2.267335,53.470088],[-2.2674531,53.4700019]]}},{"type":"Feature","properties":{"r":"UK","g":"uk","col":"#ff88bb","n":"Metrolink: East Didsbury to/from Rochdale Town Centre via Exchange Square","ct":"曼彻斯特","jk":"urban","off":-3.6875},"geometry":{"type":"LineString","coordinates":[[-2.2707793,53.4674545],[-2.270781,53.467449],[-2.270792,53.467397],[-2.270803,53.467288],[-2.270805,53.467161],[-2.2708024,53.4670929]]}},{"type":"Feature","properties":{"r":"UK","g":"uk","col":"#ff88bb","n":"Metrolink: East Didsbury to/from Rochdale Town Centre via Exchange Square","ct":"曼彻斯特","jk":"urban","off":-3.625},"geometry":{"type":"LineString","coordinates":[[-2.2665752,53.4707311],[-2.266676,53.470629],[-2.266809,53.470505],[-2.266951,53.470385],[-2.2669981,53.4703476]]}},{"type":"Feature","properties":{"r":"UK","g":"uk","col":"#ff88bb","n":"Metrolink: East Didsbury to/from Rochdale Town Centre via Exchange Square","ct":"曼彻斯特","jk":"urban","off":-3.5},"geometry":{"type":"MultiLineString","coordinates":[[[-2.2661868,53.4711501],[-2.266378,53.470938],[-2.266524,53.470783],[-2.2665752,53.4707311]],[[-2.2708024,53.4670929],[-2.270794,53.466872],[-2.2707885,53.4667295]]]}},{"type":"Feature","properties":{"r":"UK","g":"uk","col":"#ff88bb","n":"Metrolink: East Didsbury to/from Rochdale Town Centre via Exchange Square","ct":"曼彻斯特","jk":"urban","off":-3.375},"geometry":{"type":"LineString","coordinates":[[-2.2658092,53.471579],[-2.265819,53.471568],[-2.266095,53.471252],[-2.2661868,53.4711501]]}},{"type":"Feature","properties":{"r":"UK","g":"uk","col":"#ff88bb","n":"Metrolink: East Didsbury to/from Rochdale Town Centre via Exchange Square","ct":"曼彻斯特","jk":"urban","off":-3.3125},"geometry":{"type":"LineString","coordinates":[[-2.2707885,53.4667295],[-2.270782,53.466561],[-2.270783,53.466408],[-2.2707856,53.4663661]]}},{"type":"Feature","properties":{"r":"UK","g":"uk","col":"#ff88bb","n":"Metrolink: East Didsbury to/from Rochdale Town Centre via Exchange Square","ct":"曼彻斯特","jk":"urban","off":-3.25},"geometry":{"type":"LineString","coordinates":[[-2.2654246,53.4720015],[-2.265539,53.471883],[-2.2658092,53.471579]]}},{"type":"Feature","properties":{"r":"UK","g":"uk","col":"#ff88bb","n":"Metrolink: East Didsbury to/from Rochdale Town Centre via Exchange Square","ct":"曼彻斯特","jk":"urban","off":-3.1875},"geometry":{"type":"LineString","coordinates":[[-2.2707856,53.4663661],[-2.270792,53.466262],[-2.270806,53.46616],[-2.270825,53.466058],[-2.2708378,53.466007]]}},{"type":"Feature","properties":{"r":"UK","g":"uk","col":"#ff88bb","n":"Metrolink: East Didsbury to/from Rochdale Town Centre via Exchange Square","ct":"曼彻斯特","jk":"urban","off":-3.125},"geometry":{"type":"LineString","coordinates":[[-2.2650043,53.4723876],[-2.265017,53.472378],[-2.265141,53.472278],[-2.265247,53.472182],[-2.265346,53.472083],[-2.2654246,53.4720015]]}},{"type":"Feature","properties":{"r":"UK","g":"uk","col":"#ff88bb","n":"Metrolink: East Didsbury to/from Rochdale Town Centre via Exchange Square","ct":"曼彻斯特","jk":"urban","off":-3.0},"geometry":{"type":"MultiLineString","coordinates":[[[-2.2427144,53.4784858],[-2.24272,53.47848],[-2.24279,53.478418],[-2.242867,53.478358],[-2.243034,53.478243],[-2.243206,53.478129],[-2.243289,53.478071],[-2.243368,53.478011],[-2.243509,53.477895],[-2.243574,53.477834],[-2.243633,53.477772],[-2.243652,53.477747],[-2.243669,53.477722],[-2.243698,53.47767],[-2.243728,53.477619],[-2.243745,53.477593],[-2.243765,53.477569],[-2.243793,53.47754],[-2.243825,53.477512],[-2.243895,53.47746],[-2.243964,53.477417],[-2.244037,53.477377],[-2.244112,53.477337],[-2.244183,53.477295],[-2.244447,53.477124],[-2.244721,53.476938],[-2.245268,53.476551],[-2.245759,53.476203],[-2.245963,53.476064],[-2.246128,53.475961],[-2.246314,53.475859],[-2.246573,53.475724],[-2.246881,53.475569],[-2.247218,53.475403],[-2.24756,53.475237],[-2.247887,53.475082],[-2.248176,53.474949],[-2.248406,53.474848],[-2.248578,53.474778],[-2.248668,53.474747],[-2.248761,53.47472],[-2.248826,53.474705],[-2.248893,53.474693],[-2.248961,53.474684],[-2.24903,53.474677],[-2.249131,53.474671],[-2.249232,53.474669],[-2.249435,53.47467],[-2.249962,53.47468],[-2.250488,53.474698],[-2.251013,53.474723],[-2.251537,53.474755],[-2.251839,53.474778],[-2.25214,53.474804],[-2.25274,53.474865],[-2.253341,53.474927],[-2.253641,53.474955],[-2.253943,53.474979],[-2.254221,53.475],[-2.2545,53.47502],[-2.254779,53.475034],[-2.254919,53.475037],[-2.255059,53.475038],[-2.255275,53.475033],[-2.255565,53.47502],[-2.255905,53.475001],[-2.25627,53.474979],[-2.256634,53.474953],[-2.256971,53.474928],[-2.257257,53.474903],[-2.257466,53.47488],[-2.2577,53.474845],[-2.257931,53.474802],[-2.258159,53.474754],[-2.258385,53.474703],[-2.258738,53.474617],[-2.259221,53.474493],[-2.259792,53.474342],[-2.260411,53.474176],[-2.261037,53.474005],[-2.261629,53.47384],[-2.262144,53.473694],[-2.262543,53.473576],[-2.262711,53.473524],[-2.262877,53.47347],[-2.26304,53.473413],[-2.263199,53.473353],[-2.263427,53.473258],[-2.263648,53.473157],[-2.263865,53.473053],[-2.264079,53.472947],[-2.264351,53.472809],[-2.264483,53.472737],[-2.26461,53.472662],[-2.264752,53.47257],[-2.264887,53.472476],[-2.2650043,53.4723876]],[[-2.2708378,53.466007],[-2.270876,53.465855],[-2.270911,53.465743],[-2.2709443,53.4656598]]]}},{"type":"Feature","properties":{"r":"UK","g":"uk","col":"#ff88bb","n":"Metrolink: East Didsbury to/from Rochdale Town Centre via Exchange Square","ct":"曼彻斯特","jk":"urban","off":-2.8125},"geometry":{"type":"LineString","coordinates":[[-2.2709443,53.4656598],[-2.270955,53.465633],[-2.271028,53.465478],[-2.2711033,53.465333]]}},{"type":"Feature","properties":{"r":"UK","g":"uk","col":"#ff88bb","n":"Metrolink: East Didsbury to/from Rochdale Town Centre via Exchange Square","ct":"曼彻斯特","jk":"urban","off":-2.6875},"geometry":{"type":"MultiLineString","coordinates":[[[-2.2426459,53.4788033],[-2.242639,53.478794],[-2.242626,53.478774],[-2.242616,53.478755],[-2.242608,53.478735],[-2.242604,53.478721],[-2.242602,53.478706],[-2.242601,53.478691],[-2.242602,53.478676],[-2.242607,53.478647],[-2.242617,53.478618],[-2.242625,53.4786],[-2.242635,53.478582],[-2.242659,53.478547],[-2.242688,53.478513],[-2.2427144,53.4784858]],[[-2.2711033,53.465333],[-2.271108,53.465324],[-2.271194,53.465171],[-2.271287,53.46502],[-2.2712874,53.4650194]]]}},{"type":"Feature","properties":{"r":"UK","g":"uk","col":"#ff88bb","n":"Metrolink: East Didsbury to/from Rochdale Town Centre via Exchange Square","ct":"曼彻斯特","jk":"urban","off":-2.5},"geometry":{"type":"LineString","coordinates":[[-2.2712874,53.4650194],[-2.271348,53.464928],[-2.271412,53.464837],[-2.271481,53.464748],[-2.2715005,53.4647251]]}},{"type":"Feature","properties":{"r":"UK","g":"uk","col":"#ff88bb","n":"Metrolink: East Didsbury to/from Rochdale Town Centre via Exchange Square","ct":"曼彻斯特","jk":"urban","off":-2.4375},"geometry":{"type":"LineString","coordinates":[[-2.2429527,53.4789883],[-2.242928,53.478977],[-2.242856,53.478948],[-2.242821,53.478934],[-2.242787,53.478918],[-2.242756,53.478901],[-2.242741,53.478892],[-2.242727,53.478882],[-2.242706,53.478866],[-2.242687,53.478849],[-2.242669,53.478831],[-2.242653,53.478813],[-2.2426459,53.4788033]]}},{"type":"Feature","properties":{"r":"UK","g":"uk","col":"#ff88bb","n":"Metrolink: East Didsbury to/from Rochdale Town Centre via Exchange Square","ct":"曼彻斯特","jk":"urban","off":-2.3125},"geometry":{"type":"LineString","coordinates":[[-2.2715005,53.4647251],[-2.271556,53.46466],[-2.271711,53.464498],[-2.27175,53.4644609]]}},{"type":"Feature","properties":{"r":"UK","g":"uk","col":"#ff88bb","n":"Metrolink: East Didsbury to/from Rochdale Town Centre via Exchange Square","ct":"曼彻斯特","jk":"urban","off":-2.1875},"geometry":{"type":"LineString","coordinates":[[-2.27175,53.4644609],[-2.271877,53.46434],[-2.272018,53.4642151]]}},{"type":"Feature","properties":{"r":"UK","g":"uk","col":"#ff88bb","n":"Metrolink: East Didsbury to/from Rochdale Town Centre via Exchange Square","ct":"曼彻斯特","jk":"urban","off":-2.125},"geometry":{"type":"LineString","coordinates":[[-2.2432696,53.4791665],[-2.24317,53.479107],[-2.242996,53.479009],[-2.242963,53.478993],[-2.2429527,53.4789883]]}},{"type":"Feature","properties":{"r":"UK","g":"uk","col":"#ff88bb","n":"Metrolink: East Didsbury to/from Rochdale Town Centre via Exchange Square","ct":"曼彻斯特","jk":"urban","off":-2.0},"geometry":{"type":"LineString","coordinates":[[-2.272018,53.4642151],[-2.272052,53.464185],[-2.272234,53.464033],[-2.272338,53.46395],[-2.272446,53.463868],[-2.272558,53.463788],[-2.272675,53.463711],[-2.272877,53.463585],[-2.273086,53.463463],[-2.273302,53.463346],[-2.273528,53.463235],[-2.273716,53.463155],[-2.273977,53.463054],[-2.274649,53.462806],[-2.275406,53.462526],[-2.275771,53.462385],[-2.276106,53.46225],[-2.276522,53.462071],[-2.276931,53.461886],[-2.277335,53.461697],[-2.277733,53.461504],[-2.277969,53.461385],[-2.2782,53.461262],[-2.278661,53.461016],[-2.27885,53.460909],[-2.27904,53.460803],[-2.2791798,53.4607223]]}},{"type":"Feature","properties":{"r":"UK","g":"uk","col":"#ff88bb","n":"Metrolink: East Didsbury to/from Rochdale Town Centre via Exchange Square","ct":"曼彻斯特","jk":"urban","off":-1.8125},"geometry":{"type":"LineString","coordinates":[[-2.2435782,53.4793588],[-2.243349,53.479214],[-2.2432696,53.4791665]]}},{"type":"Feature","properties":{"r":"UK","g":"uk","col":"#ff88bb","n":"Metrolink: East Didsbury to/from Rochdale Town Centre via Exchange Square","ct":"曼彻斯特","jk":"urban","off":-1.75},"geometry":{"type":"LineString","coordinates":[[-2.2791798,53.4607223],[-2.279227,53.460695],[-2.279318,53.460639],[-2.279405,53.460582],[-2.2794853,53.4605254]]}},{"type":"Feature","properties":{"r":"UK","g":"uk","col":"#ff88bb","n":"Metrolink: East Didsbury to/from Rochdale Town Centre via Exchange Square","ct":"曼彻斯特","jk":"urban","off":-1.5625},"geometry":{"type":"LineString","coordinates":[[-2.2438858,53.4795527],[-2.243702,53.479437],[-2.2435782,53.4793588]]}},{"type":"Feature","properties":{"r":"UK","g":"uk","col":"#ff88bb","n":"Metrolink: East Didsbury to/from Rochdale Town Centre via Exchange Square","ct":"曼彻斯特","jk":"urban","off":-1.5},"geometry":{"type":"LineString","coordinates":[[-2.2794853,53.4605254],[-2.279507,53.46051],[-2.279604,53.460435],[-2.279697,53.460359],[-2.2797672,53.460296]]}},{"type":"Feature","properties":{"r":"UK","g":"uk","col":"#ff88bb","n":"Metrolink: East Didsbury to/from Rochdale Town Centre via Exchange Square","ct":"曼彻斯特","jk":"urban","off":-1.25},"geometry":{"type":"MultiLineString","coordinates":[[[-2.2441975,53.4797398],[-2.244167,53.479724],[-2.244026,53.479641],[-2.2438858,53.4795527]],[[-2.2797672,53.460296],[-2.279785,53.46028],[-2.279878,53.460188],[-2.279919,53.460141],[-2.279957,53.460092],[-2.279997,53.460029],[-2.2800011,53.46002]]]}},{"type":"Feature","properties":{"r":"UK","g":"uk","col":"#ff88bb","n":"Metrolink: East Didsbury to/from Rochdale Town Centre via Exchange Square","ct":"曼彻斯特","jk":"urban","off":-1.0},"geometry":{"type":"LineString","coordinates":[[-2.2800011,53.46002],[-2.280012,53.459996],[-2.280025,53.459963],[-2.280041,53.459905],[-2.28005,53.459846],[-2.280059,53.459727],[-2.2800605,53.4596644]]}},{"type":"Feature","properties":{"r":"UK","g":"uk","col":"#ff88bb","n":"Metrolink: East Didsbury to/from Rochdale Town Centre via Exchange Square","ct":"曼彻斯特","jk":"urban","off":-0.9375},"geometry":{"type":"LineString","coordinates":[[-2.2445326,53.479879],[-2.244462,53.479856],[-2.244372,53.479823],[-2.24429,53.479788],[-2.2441975,53.4797398]]}},{"type":"Feature","properties":{"r":"UK","g":"uk","col":"#ff88bb","n":"Metrolink: East Didsbury to/from Rochdale Town Centre via Exchange Square","ct":"曼彻斯特","jk":"urban","off":-0.75},"geometry":{"type":"LineString","coordinates":[[-2.2800605,53.4596644],[-2.280061,53.459643],[-2.280059,53.459558],[-2.280046,53.45939],[-2.280035,53.459302]]}},{"type":"Feature","properties":{"r":"UK","g":"uk","col":"#ff88bb","n":"Metrolink: East Didsbury to/from Rochdale Town Centre via Exchange Square","ct":"曼彻斯特","jk":"urban","off":-0.6875},"geometry":{"type":"LineString","coordinates":[[-2.2448767,53.4799964],[-2.244825,53.479976],[-2.244649,53.479917],[-2.2445326,53.479879]]}},{"type":"Feature","properties":{"r":"UK","g":"uk","col":"#ff88bb","n":"Metrolink: East Didsbury to/from Rochdale Town Centre via Exchange Square","ct":"曼彻斯特","jk":"urban","off":-0.5},"geometry":{"type":"MultiLineString","coordinates":[[[-2.2259755,53.4986612],[-2.226002,53.498613],[-2.226064,53.498478],[-2.226118,53.498342],[-2.226145,53.498248],[-2.22616,53.498154],[-2.226165,53.498051],[-2.226161,53.497949],[-2.22615,53.497743],[-2.226182,53.4972],[-2.22622,53.496969],[-2.226236,53.496854],[-2.226247,53.496738],[-2.226247,53.496624],[-2.226239,53.49651],[-2.22622,53.496343],[-2.226191,53.496176],[-2.226138,53.495938],[-2.226106,53.49582],[-2.22607,53.495702],[-2.226015,53.495549],[-2.225952,53.495394],[-2.225814,53.495085],[-2.225682,53.494782],[-2.225626,53.494635],[-2.22558,53.494493],[-2.225556,53.494397],[-2.225538,53.494301],[-2.225526,53.494204],[-2.225518,53.494107],[-2.225514,53.49401],[-2.225513,53.493912],[-2.225519,53.493815],[-2.225533,53.493718],[-2.225565,53.49358],[-2.225608,53.493443],[-2.22566,53.493307],[-2.225722,53.493172],[-2.225762,53.493097],[-2.225807,53.493024],[-2.225857,53.492951],[-2.22591,53.49288],[-2.226005,53.492762],[-2.226107,53.492646],[-2.226215,53.492531],[-2.226331,53.49242],[-2.226385,53.492373],[-2.226442,53.492327],[-2.226563,53.492238],[-2.226714,53.492134],[-2.226875,53.492036],[-2.226999,53.491967],[-2.227126,53.491899],[-2.227257,53.491835],[-2.227394,53.491775],[-2.227599,53.491696],[-2.227811,53.491622],[-2.228028,53.491555],[-2.22825,53.491493],[-2.228392,53.491457],[-2.228535,53.491425],[-2.228825,53.491365],[-2.229119,53.491311],[-2.229414,53.491258],[-2.229754,53.491199],[-2.230095,53.491145],[-2.230782,53.491042],[-2.231468,53.490938],[-2.231809,53.490882],[-2.232148,53.490822],[-2.232476,53.490757],[-2.232801,53.490688],[-2.23345,53.490546],[-2.234439,53.490311],[-2.235443,53.490075],[-2.236418,53.48984],[-2.236881,53.489725],[-2.237321,53.48961],[-2.238033,53.489415],[-2.238791,53.489198],[-2.239139,53.489096],[-2.23944,53.489004],[-2.239673,53.48893],[-2.239759,53.4889],[-2.23982,53.488877],[-2.23991,53.488838],[-2.239998,53.488797],[-2.240164,53.488708],[-2.240323,53.488614],[-2.240476,53.488517],[-2.24055,53.488468],[-2.2406142,53.4884203]],[[-2.280035,53.459302],[-2.280014,53.459135],[-2.279992,53.459008],[-2.2799782,53.458943]]]}},{"type":"Feature","properties":{"r":"UK","g":"uk","col":"#ff88bb","n":"Metrolink: East Didsbury to/from Rochdale Town Centre via Exchange Square","ct":"曼彻斯特","jk":"urban","off":-0.375},"geometry":{"type":"MultiLineString","coordinates":[[[-2.2256415,53.4991224],[-2.225685,53.499076],[-2.22577,53.498977],[-2.225846,53.498876],[-2.225929,53.498746],[-2.2259755,53.4986612]],[[-2.2406142,53.4884203],[-2.24062,53.488416],[-2.240755,53.488311],[-2.240888,53.488205],[-2.241025,53.488101],[-2.241067,53.4880719]],[[-2.2450914,53.4802514],[-2.245094,53.480233],[-2.245094,53.480207],[-2.24509,53.480182],[-2.245086,53.480169],[-2.245082,53.480156],[-2.245076,53.480144],[-2.245069,53.480132],[-2.24506,53.480119],[-2.24505,53.480106],[-2.245038,53.480094],[-2.245026,53.480082],[-2.245012,53.48007],[-2.244997,53.480059],[-2.244982,53.480048],[-2.244965,53.480038],[-2.244935,53.480022],[-2.244901,53.480006],[-2.2448767,53.4799964]]]}},{"type":"Feature","properties":{"r":"UK","g":"uk","col":"#ff88bb","n":"Metrolink: East Didsbury to/from Rochdale Town Centre via Exchange Square","ct":"曼彻斯特","jk":"urban","off":-0.25},"geometry":{"type":"MultiLineString","coordinates":[[[-2.2252236,53.4995117],[-2.225349,53.499404],[-2.225497,53.499268],[-2.225594,53.499173],[-2.2256415,53.4991224]],[[-2.241067,53.4880719],[-2.241136,53.488024],[-2.241258,53.487944],[-2.241512,53.487782],[-2.2415457,53.4877598]],[[-2.2799782,53.458943],[-2.279965,53.458881],[-2.279917,53.458696],[-2.2798873,53.458591]]]}},{"type":"Feature","properties":{"r":"UK","g":"uk","col":"#ff88bb","n":"Metrolink: East Didsbury to/from Rochdale Town Centre via Exchange Square","ct":"曼彻斯特","jk":"urban","off":-0.125},"geometry":{"type":"MultiLineString","coordinates":[[[-2.2247641,53.4998507],[-2.224854,53.499792],[-2.225029,53.499667],[-2.225193,53.499538],[-2.2252236,53.4995117]],[[-2.2415457,53.4877598],[-2.241735,53.487635],[-2.24182,53.487573],[-2.241853,53.487546],[-2.241879,53.487522],[-2.241902,53.487495],[-2.241922,53.487467],[-2.241929,53.487453],[-2.241936,53.487439],[-2.241941,53.487424],[-2.241944,53.487409],[-2.241945,53.487393],[-2.241945,53.4873799]]]}},{"type":"Feature","properties":{"r":"UK","g":"uk","col":"#ff88bb","n":"Metrolink: East Didsbury to/from Rochdale Town Centre via Exchange Square","ct":"曼彻斯特","jk":"urban","off":-0.0625},"geometry":{"type":"LineString","coordinates":[[-2.2449921,53.4806009],[-2.245039,53.480457],[-2.245078,53.480319],[-2.245089,53.480269],[-2.2450914,53.4802514]]}},{"type":"Feature","properties":{"r":"UK","g":"uk","col":"#ff88bb","n":"Metrolink: East Didsbury to/from Rochdale Town Centre via Exchange Square","ct":"曼彻斯特","jk":"urban","off":0.125},"geometry":{"type":"MultiLineString","coordinates":[[[-2.089263,53.5802293],[-2.089327,53.579654],[-2.0894137,53.5789045]],[[-2.2237297,53.5003266],[-2.22386,53.500285],[-2.224043,53.500221],[-2.224219,53.500149],[-2.2242648,53.5001273]],[[-2.2416367,53.4869107],[-2.241593,53.486855],[-2.241548,53.486788],[-2.241466,53.486652],[-2.241392,53.486519],[-2.24136,53.486452],[-2.2413468,53.4864199]]]}},{"type":"Feature","properties":{"r":"UK","g":"uk","col":"#ff88bb","n":"Metrolink: East Didsbury to/from Rochdale Town Centre via Exchange Square","ct":"曼彻斯特","jk":"urban","off":0.1875},"geometry":{"type":"LineString","coordinates":[[-2.2448702,53.4809434],[-2.244909,53.480841],[-2.244981,53.480635],[-2.2449921,53.4806009]]}},{"type":"Feature","properties":{"r":"UK","g":"uk","col":"#ff88bb","n":"Metrolink: East Didsbury to/from Rochdale Town Centre via Exchange Square","ct":"曼彻斯特","jk":"urban","off":0.25},"geometry":{"type":"MultiLineString","coordinates":[[[-2.0894137,53.5789045],[-2.089428,53.578781],[-2.089517,53.577947],[-2.0895497,53.5775782]],[[-2.2231778,53.500474],[-2.2233,53.500445],[-2.223479,53.500399],[-2.223672,53.500345],[-2.2237297,53.5003266]],[[-2.2413468,53.4864199],[-2.241332,53.486384],[-2.241283,53.486262],[-2.241274,53.486231],[-2.241268,53.4862],[-2.241267,53.48617],[-2.241269,53.486154],[-2.241272,53.486139],[-2.241274,53.486134],[-2.241277,53.486128],[-2.241286,53.486111],[-2.241318,53.486063],[-2.24143,53.485915],[-2.2414307,53.4859141]],[[-2.2797865,53.4582416],[-2.2796837,53.4578929]]]}},{"type":"Feature","properties":{"r":"UK","g":"uk","col":"#ff88bb","n":"Metrolink: East Didsbury to/from Rochdale Town Centre via Exchange Square","ct":"曼彻斯特","jk":"urban","off":0.375},"geometry":{"type":"MultiLineString","coordinates":[[[-2.0895497,53.5775782],[-2.089551,53.577564],[-2.089574,53.577214],[-2.08958,53.576995],[-2.089575,53.576776],[-2.089552,53.576405],[-2.0895392,53.576247]],[[-2.2226192,53.5005944],[-2.222667,53.500585],[-2.22289,53.500539],[-2.223102,53.500492],[-2.2231778,53.500474]],[[-2.2414307,53.4859141],[-2.2417898,53.4854695]]]}},{"type":"Feature","properties":{"r":"UK","g":"uk","col":"#ff88bb","n":"Metrolink: East Didsbury to/from Rochdale Town Centre via Exchange Square","ct":"曼彻斯特","jk":"urban","off":0.5},"geometry":{"type":"MultiLineString","coordinates":[[[-2.0895392,53.576247],[-2.089518,53.575984],[-2.089425,53.575041],[-2.089319,53.574037],[-2.089219,53.573063],[-2.089186,53.572606],[-2.089149,53.572145],[-2.089121,53.571692],[-2.089114,53.571471],[-2.089115,53.571256],[-2.089125,53.571012],[-2.089145,53.570768],[-2.089174,53.570525],[-2.089214,53.570282],[-2.089259,53.570063],[-2.089314,53.569844],[-2.089378,53.569627],[-2.089449,53.56941],[-2.089543,53.569164],[-2.089648,53.56892],[-2.089758,53.568677],[-2.089866,53.568433],[-2.089962,53.568239],[-2.090062,53.568046],[-2.090157,53.567884],[-2.09026,53.567724],[-2.090403,53.567519],[-2.090552,53.567316],[-2.090859,53.566911],[-2.091172,53.566508],[-2.091482,53.566104],[-2.091673,53.56583],[-2.091767,53.565692],[-2.091858,53.565554],[-2.091964,53.56538],[-2.092066,53.565205],[-2.092266,53.564854],[-2.092736,53.563929],[-2.093228,53.562951],[-2.093675,53.562078],[-2.093861,53.561729],[-2.094011,53.561464],[-2.094161,53.561223],[-2.09432,53.560985],[-2.094486,53.560748],[-2.094658,53.560513],[-2.094836,53.560276],[-2.095019,53.56004],[-2.095209,53.559805],[-2.095407,53.559574],[-2.095744,53.559201],[-2.096094,53.558832],[-2.096457,53.558468],[-2.096834,53.558109],[-2.09695,53.558006],[-2.09707,53.557904],[-2.097314,53.557703],[-2.097888,53.557268],[-2.098465,53.556833],[-2.099036,53.556397],[-2.099317,53.556176],[-2.099594,53.555954],[-2.099849,53.555744],[-2.099972,53.555637],[-2.100087,53.555527],[-2.100274,53.55533],[-2.100448,53.555129],[-2.100614,53.554926],[-2.100774,53.554721],[-2.100895,53.554556],[-2.101006,53.554388],[-2.101115,53.554211],[-2.10122,53.554032],[-2.101318,53.553852],[-2.101408,53.553671],[-2.101501,53.553467],[-2.101586,53.553261],[-2.101661,53.553054],[-2.101723,53.552846],[-2.10177,53.552638],[-2.101803,53.552428],[-2.101826,53.552218],[-2.101841,53.552008],[-2.101844,53.551893],[-2.101843,53.551778],[-2.101828,53.551549],[-2.10181,53.551373],[-2.101788,53.551198],[-2.101734,53.550848],[-2.101675,53.550497],[-2.101619,53.550147],[-2.101262,53.546855],[-2.101118,53.545488],[-2.10108,53.545032],[-2.101035,53.544551],[-2.101003,53.544119],[-2.100997,53.543943],[-2.101,53.543805],[-2.101011,53.543687],[-2.10103,53.54357],[-2.101059,53.543453],[-2.10108,53.543396],[-2.101104,53.543339],[-2.101134,53.543284],[-2.10117,53.543229],[-2.101213,53.543177],[-2.101261,53.543126],[-2.101315,53.543077],[-2.101374,53.543031],[-2.101438,53.542986],[-2.101507,53.542945],[-2.101597,53.542899],[-2.101692,53.542857],[-2.101792,53.542818],[-2.101894,53.542782],[-2.101982,53.542755],[-2.102102,53.542722],[-2.102422,53.542639],[-2.103253,53.542435],[-2.104093,53.542228],[-2.104426,53.542142],[-2.104554,53.542106],[-2.104651,53.542077],[-2.10482,53.542018],[-2.105005,53.541946],[-2.10541,53.541776],[-2.10584,53.541596],[-2.106056,53.54151],[-2.106269,53.541431],[-2.106506,53.541352],[-2.106628,53.541315],[-2.106752,53.541282],[-2.106966,53.541231],[-2.107203,53.54118],[-2.107727,53.541077],[-2.10828,53.540973],[-2.108818,53.54087],[-2.110795,53.540518],[-2.11291,53.540139],[-2.11475,53.539815],[-2.115436,53.539697],[-2.115899,53.539624],[-2.11623,53.539578],[-2.116397,53.539559],[-2.116565,53.539548],[-2.116747,53.539544],[-2.116996,53.539545],[-2.117291,53.539549],[-2.117612,53.539557],[-2.11794,53.539567],[-2.118254,53.53958],[-2.118533,53.539594],[-2.118759,53.539609],[-2.119071,53.539642],[-2.119577,53.539703],[-2.120207,53.539783],[-2.120893,53.539873],[-2.121565,53.539964],[-2.122152,53.540046],[-2.122587,53.540111],[-2.122725,53.540133],[-2.122771,53.540142],[-2.122787,53.540145],[-2.122799,53.540148],[-2.122851,53.540163],[-2.122902,53.54018],[-2.123,53.540218],[-2.123092,53.540261],[-2.123177,53.540308],[-2.123212,53.540331],[-2.123244,53.540356],[-2.123272,53.540382],[-2.123298,53.540409],[-2.123346,53.540468],[-2.123389,53.540528],[-2.123465,53.54065],[-2.123598,53.5409],[-2.123663,53.541023],[-2.123726,53.541152],[-2.123847,53.541416],[-2.123964,53.54166],[-2.124021,53.541765],[-2.124078,53.541852],[-2.124102,53.541882],[-2.124128,53.54191],[-2.124157,53.541938],[-2.124189,53.541965],[-2.124237,53.542002],[-2.124288,53.542038],[-2.124342,53.542071],[-2.124401,53.542102],[-2.124467,53.54213],[-2.124538,53.542156],[-2.124611,53.542178],[-2.124686,53.542197],[-2.124778,53.542216],[-2.124873,53.54223],[-2.125065,53.542255],[-2.125426,53.542304],[-2.125791,53.542351],[-2.125972,53.542372],[-2.126152,53.54239],[-2.126329,53.542406],[-2.126503,53.542417],[-2.126604,53.542422],[-2.126706,53.542425],[-2.126757,53.542425],[-2.126807,53.542424],[-2.126857,53.54242],[-2.126907,53.542415],[-2.126975,53.542404],[-2.127041,53.542391],[-2.127106,53.542375],[-2.12717,53.542358],[-2.127294,53.542318],[-2.127415,53.542275],[-2.127514,53.542237],[-2.127611,53.542196],[-2.127799,53.542109],[-2.127979,53.542017],[-2.128154,53.541921],[-2.128244,53.541867],[-2.128286,53.541839],[-2.128325,53.541809],[-2.12841,53.541733],[-2.128448,53.541694],[-2.128481,53.541653],[-2.12851,53.54161],[-2.128535,53.541566],[-2.128573,53.541476],[-2.128593,53.541408],[-2.128616,53.541312],[-2.128668,53.541054],[-2.128786,53.540385],[-2.128901,53.539728],[-2.12895,53.539486],[-2.128971,53.5394],[-2.128989,53.539343],[-2.129004,53.539309],[-2.129021,53.539275],[-2.129031,53.539258],[-2.129043,53.539242],[-2.129056,53.539226],[-2.129071,53.539211],[-2.129087,53.539197],[-2.129104,53.539184],[-2.129123,53.539171],[-2.129143,53.539159],[-2.129185,53.539136],[-2.129231,53.539116],[-2.129273,53.539101],[-2.129317,53.539089],[-2.12934,53.539084],[-2.129364,53.53908],[-2.129387,53.539076],[-2.129411,53.539074],[-2.12945,53.539072],[-2.129488,53.539072],[-2.129527,53.539073],[-2.129566,53.539076],[-2.129721,53.539092],[-2.130054,53.539127],[-2.130437,53.539174],[-2.13126,53.539286],[-2.132004,53.539387],[-2.132288,53.539421],[-2.132397,53.539433],[-2.132481,53.539439],[-2.132602,53.539443],[-2.132724,53.539442],[-2.132845,53.539437],[-2.132966,53.53943],[-2.133068,53.539421],[-2.133168,53.53941],[-2.133268,53.539396],[-2.133367,53.539379],[-2.133533,53.539347],[-2.133696,53.53931],[-2.133857,53.53927],[-2.134016,53.539226],[-2.134243,53.539158],[-2.134497,53.539078],[-2.134772,53.538987],[-2.13506,53.538889],[-2.135653,53.538681],[-2.136222,53.538473],[-2.136424,53.538396],[-2.136624,53.538317],[-2.137017,53.538152],[-2.137254,53.538049],[-2.137489,53.537944],[-2.137719,53.537836],[-2.137943,53.537723],[-2.138213,53.537575],[-2.138474,53.537422],[-2.138728,53.537264],[-2.138975,53.537103],[-2.139203,53.536948],[-2.139425,53.536789],[-2.139639,53.536627],[-2.139843,53.53646],[-2.140056,53.53627],[-2.140258,53.536075],[-2.140451,53.535877],[-2.140637,53.535677],[-2.14072,53.535584],[-2.140799,53.53549],[-2.140949,53.5353],[-2.141111,53.535083],[-2.141188,53.534973],[-2.14126,53.534862],[-2.141325,53.534755],[-2.141386,53.534647],[-2.141499,53.53443],[-2.141595,53.534234],[-2.141639,53.534135],[-2.141679,53.534036],[-2.141756,53.533823],[-2.141824,53.533609],[-2.141886,53.533394],[-2.141941,53.533179],[-2.141999,53.532911],[-2.142048,53.532643],[-2.142138,53.532105],[-2.142226,53.531753],[-2.142272,53.531578],[-2.142325,53.531403],[-2.142399,53.531185],[-2.142479,53.530968],[-2.142567,53.530751],[-2.142666,53.530537],[-2.142797,53.530287],[-2.142942,53.53004],[-2.143095,53.529795],[-2.143253,53.529551],[-2.143341,53.529421],[-2.143433,53.529292],[-2.14362,53.529035],[-2.143947,53.528633],[-2.144292,53.528215],[-2.144602,53.527828],[-2.144728,53.527662],[-2.144826,53.527521],[-2.144876,53.527438],[-2.144921,53.527354],[-2.144998,53.527183],[-2.145068,53.526997],[-2.145128,53.52681],[-2.145242,53.526434],[-2.145297,53.526229],[-2.145355,53.526024],[-2.145408,53.525819],[-2.145431,53.525716],[-2.145449,53.525613],[-2.145467,53.525469],[-2.145477,53.525325],[-2.145485,53.525037],[-2.145484,53.524857],[-2.145478,53.524677],[-2.145456,53.524317],[-2.145438,53.523957],[-2.145436,53.523777],[-2.145441,53.523597],[-2.145455,53.523418],[-2.145476,53.523239],[-2.145504,53.523061],[-2.145539,53.522883],[-2.14556,53.522797],[-2.145585,53.522711],[-2.145637,53.52254],[-2.145694,53.522379],[-2.145755,53.522219],[-2.14584,53.52202],[-2.145929,53.521822],[-2.146026,53.521625],[-2.146135,53.521431],[-2.146287,53.521192],[-2.146451,53.520955],[-2.146628,53.520721],[-2.146815,53.520491],[-2.146889,53.520408],[-2.146968,53.520326],[-2.147129,53.520164],[-2.147367,53.519934],[-2.147487,53.519819],[-2.147611,53.519706],[-2.147761,53.519573],[-2.147914,53.519442],[-2.148072,53.519312],[-2.148238,53.519186],[-2.148402,53.519073],[-2.148574,53.518964],[-2.148921,53.518748],[-2.153358,53.516159],[-2.158181,53.51334],[-2.162231,53.51098],[-2.163602,53.510186],[-2.16406,53.509924],[-2.164343,53.509765],[-2.164573,53.509641],[-2.164806,53.50952],[-2.165277,53.50928],[-2.165752,53.509043],[-2.166225,53.508804],[-2.16719,53.508355],[-2.168753,53.507689],[-2.169311,53.50747],[-2.169591,53.507362],[-2.169874,53.507256],[-2.170252,53.507122],[-2.170634,53.506992],[-2.171401,53.506734],[-2.172135,53.506504],[-2.172503,53.506389],[-2.172874,53.506279],[-2.17336,53.506141],[-2.173849,53.506006],[-2.174341,53.505875],[-2.174837,53.50575],[-2.175493,53.505593],[-2.176153,53.505442],[-2.176817,53.505298],[-2.177484,53.505159],[-2.177807,53.505096],[-2.178132,53.505037],[-2.178784,53.504921],[-2.180759,53.504611],[-2.186445,53.503872],[-2.188041,53.50363],[-2.189708,53.50338],[-2.191233,53.503147],[-2.191877,53.503044],[-2.192406,53.502955],[-2.192686,53.502905],[-2.192824,53.502877],[-2.192959,53.502845],[-2.193104,53.502805],[-2.193246,53.502761],[-2.193524,53.502667],[-2.1938,53.502569],[-2.193939,53.502522],[-2.19408,53.502477],[-2.194427,53.502369],[-2.19479,53.502258],[-2.194965,53.502207],[-2.195126,53.502162],[-2.19527,53.502126],[-2.195389,53.5021],[-2.195447,53.502091],[-2.195516,53.502082],[-2.19568,53.502067],[-2.196081,53.50204],[-2.196516,53.50201],[-2.196723,53.501991],[-2.196909,53.501968],[-2.197062,53.501943],[-2.197213,53.501914],[-2.197512,53.501848],[-2.197809,53.50178],[-2.197959,53.501749],[-2.198111,53.50172],[-2.198412,53.501669],[-2.198713,53.501621],[-2.19932,53.50153],[-2.19993,53.501448],[-2.200542,53.501373],[-2.201061,53.501314],[-2.201583,53.501262],[-2.202105,53.501216],[-2.20263,53.501177],[-2.20304,53.501154],[-2.20345,53.501137],[-2.203862,53.501124],[-2.204273,53.501114],[-2.204973,53.501102],[-2.205821,53.501094],[-2.207825,53.501084],[-2.210012,53.501077],[-2.212107,53.501069],[-2.21415,53.501049],[-2.216318,53.50103],[-2.218236,53.501008],[-2.218985,53.500996],[-2.21953,53.500982],[-2.219791,53.500972],[-2.220053,53.50096],[-2.220313,53.500943],[-2.220572,53.500921],[-2.220871,53.500888],[-2.221167,53.500849],[-2.221462,53.500805],[-2.221755,53.500756],[-2.222208,53.500675],[-2.2226192,53.5005944]],[[-2.2417898,53.4854695],[-2.241791,53.485468],[-2.242231,53.484932],[-2.242632,53.48444],[-2.243591,53.483139],[-2.24381,53.48283],[-2.244032,53.482522],[-2.244249,53.482213],[-2.244354,53.482058],[-2.244454,53.481901],[-2.244514,53.4818],[-2.244566,53.481698],[-2.244651,53.481503],[-2.24474,53.481287],[-2.2448702,53.4809434]],[[-2.2796837,53.4578929],[-2.2795808,53.4575441]],[[-2.2592305,53.4364725],[-2.244208,53.430881],[-2.243889,53.430761],[-2.243568,53.430643],[-2.243251,53.430522],[-2.243095,53.430459],[-2.242941,53.430394],[-2.242707,53.43029],[-2.242471,53.430182],[-2.242235,53.430071],[-2.242,53.429957],[-2.24177,53.429842],[-2.241545,53.429727],[-2.241329,53.429613],[-2.241123,53.4295],[-2.240857,53.429346],[-2.240601,53.429186],[-2.24035,53.429023],[-2.240103,53.428858],[-2.239897,53.428719],[-2.239694,53.428578],[-2.239495,53.428436],[-2.239302,53.42829],[-2.239048,53.428088],[-2.238801,53.427883],[-2.238561,53.427674],[-2.238329,53.427463],[-2.238116,53.427261],[-2.237911,53.427056],[-2.237713,53.426848],[-2.237523,53.426638],[-2.237349,53.426433],[-2.237182,53.426226],[-2.237024,53.426017],[-2.236872,53.425806],[-2.236703,53.425556],[-2.236516,53.425265],[-2.236102,53.424594],[-2.235665,53.423872],[-2.23524,53.423176],[-2.234904,53.422657],[-2.234733,53.422398],[-2.234553,53.422141],[-2.234337,53.42185],[-2.234112,53.42156],[-2.23388,53.421273],[-2.233638,53.420989],[-2.233383,53.420701],[-2.233119,53.420416],[-2.232845,53.420134],[-2.23256,53.419856],[-2.232323,53.419639],[-2.232078,53.419425],[-2.231824,53.419214],[-2.231564,53.419006],[-2.231469,53.418934],[-2.231372,53.418864],[-2.231171,53.418726],[-2.230972,53.418587],[-2.230876,53.418516],[-2.230784,53.418443],[-2.230678,53.418353],[-2.230577,53.41826],[-2.230384,53.418072],[-2.230192,53.417883],[-2.230092,53.41779],[-2.229987,53.417699],[-2.229869,53.417603],[-2.229746,53.417508],[-2.22962,53.417415],[-2.229489,53.417325],[-2.229247,53.417169],[-2.228937,53.416977],[-2.228174,53.41652],[-2.227328,53.41602],[-2.226523,53.415542],[-2.226204,53.415366],[-2.225886,53.415188],[-2.225565,53.415013],[-2.225237,53.414842],[-2.224994,53.414723],[-2.224747,53.414607],[-2.224497,53.414494],[-2.224244,53.414383],[-2.223944,53.414255],[-2.223642,53.41413],[-2.223335,53.414008],[-2.223025,53.413889],[-2.222884,53.413838],[-2.222741,53.413789],[-2.222453,53.413693],[-2.218736,53.41253],[-2.217222,53.412104]]]}},{"type":"Feature","properties":{"r":"UK","g":"uk","col":"#ff88bb","n":"Metrolink: East Didsbury to/from Rochdale Town Centre via Exchange Square","ct":"曼彻斯特","jk":"urban","off":0.625},"geometry":{"type":"LineString","coordinates":[[-2.26048,53.4369376],[-2.2592305,53.4364725]]}},{"type":"Feature","properties":{"r":"UK","g":"uk","col":"#ff88bb","n":"Metrolink: East Didsbury to/from Rochdale Town Centre via Exchange Square","ct":"曼彻斯特","jk":"urban","off":0.75},"geometry":{"type":"MultiLineString","coordinates":[[[-2.2795808,53.4575441],[-2.279556,53.45746],[-2.2794762,53.4571958]],[[-2.2617317,53.4373971],[-2.260919,53.437101],[-2.26048,53.4369376]]]}},{"type":"Feature","properties":{"r":"UK","g":"uk","col":"#ff88bb","n":"Metrolink: East Didsbury to/from Rochdale Town Centre via Exchange Square","ct":"曼彻斯特","jk":"urban","off":0.875},"geometry":{"type":"LineString","coordinates":[[-2.2629845,53.4378534],[-2.2617317,53.4373971]]}},{"type":"Feature","properties":{"r":"UK","g":"uk","col":"#ff88bb","n":"Metrolink: East Didsbury to/from Rochdale Town Centre via Exchange Square","ct":"曼彻斯特","jk":"urban","off":1.0},"geometry":{"type":"LineString","coordinates":[[-2.2794762,53.4571958],[-2.27872,53.454691],[-2.277713,53.451384],[-2.276791,53.448346],[-2.276616,53.447786],[-2.276439,53.447203],[-2.276267,53.446665],[-2.276186,53.446434],[-2.27611,53.446239],[-2.276008,53.446012],[-2.275896,53.445786],[-2.275773,53.445562],[-2.27564,53.44534],[-2.275457,53.445059],[-2.27526,53.444781],[-2.275052,53.444506],[-2.274836,53.444233],[-2.274676,53.44404],[-2.274509,53.443848],[-2.274336,53.443659],[-2.274156,53.443472],[-2.273854,53.443172],[-2.273542,53.442875],[-2.273218,53.442583],[-2.273051,53.442439],[-2.272881,53.442296],[-2.272667,53.442124],[-2.272444,53.441956],[-2.272215,53.441791],[-2.271979,53.441629],[-2.271772,53.441495],[-2.271558,53.441364],[-2.27134,53.441236],[-2.271119,53.44111],[-2.270709,53.440883],[-2.270499,53.440772],[-2.270286,53.440664],[-2.269918,53.440485],[-2.269544,53.440311],[-2.269164,53.440141],[-2.268776,53.439978],[-2.268595,53.439907],[-2.268334,53.439807],[-2.267606,53.439536],[-2.265554,53.438786],[-2.263148,53.437913],[-2.2629845,53.4378534]]}},{"type":"Feature","properties":{"r":"UK","g":"uk","col":"#ffbb00","n":"Metrolink: Bury to/from Piccadilly","ct":"曼彻斯特","jk":"urban","off":-1.5},"geometry":{"type":"LineString","coordinates":[[-2.230444,53.47699],[-2.230763,53.477051],[-2.231086,53.477111],[-2.231402,53.477174],[-2.231555,53.477209],[-2.231702,53.477247],[-2.231772,53.477267],[-2.231839,53.47729],[-2.231905,53.477315],[-2.231967,53.477342],[-2.232019,53.477369],[-2.232069,53.477397],[-2.232114,53.477428],[-2.232135,53.477444],[-2.232154,53.477461],[-2.232177,53.477484],[-2.232198,53.477509],[-2.232237,53.477563],[-2.232305,53.47768],[-2.232372,53.477801],[-2.232411,53.47786],[-2.232455,53.477916],[-2.232489,53.477955],[-2.232526,53.477995],[-2.232546,53.478013],[-2.232568,53.478031],[-2.232592,53.478047],[-2.232605,53.478055],[-2.232619,53.478062],[-2.232625,53.478065],[-2.232633,53.478068],[-2.232652,53.478074],[-2.232703,53.478089],[-2.232851,53.478126],[-2.233257,53.478217],[-2.233666,53.478308],[-2.233819,53.478346],[-2.233873,53.478362],[-2.233894,53.478369],[-2.233902,53.478372],[-2.233909,53.478375],[-2.233912,53.478377],[-2.233916,53.478379],[-2.233926,53.478384],[-2.23395,53.4784],[-2.23402,53.47845],[-2.234229,53.478608],[-2.234817,53.479071],[-2.235421,53.479547],[-2.235652,53.479723],[-2.235736,53.479783],[-2.235769,53.479805],[-2.235794,53.479821],[-2.235844,53.479848],[-2.235897,53.479873],[-2.235953,53.479896],[-2.236012,53.479916],[-2.236046,53.479926],[-2.236081,53.479934],[-2.236152,53.479948],[-2.2363,53.479969],[-2.236447,53.479991],[-2.236517,53.480006],[-2.236552,53.480015],[-2.236585,53.480025],[-2.236625,53.48004],[-2.236671,53.480058],[-2.236778,53.480107],[-2.236901,53.480168],[-2.237035,53.480237],[-2.237315,53.480388],[-2.237578,53.480532],[-2.237804,53.480655],[-2.238039,53.480784],[-2.238149,53.480847],[-2.238246,53.480906],[-2.238327,53.480959],[-2.238359,53.480983],[-2.238386,53.481005],[-2.238414,53.481032],[-2.238436,53.481061],[-2.238454,53.481091],[-2.238461,53.481107],[-2.238467,53.481122],[-2.23847,53.481133],[-2.238471,53.481144],[-2.238472,53.481165],[-2.238469,53.481187],[-2.238464,53.481209],[-2.238456,53.481232],[-2.238446,53.481256],[-2.238433,53.481278],[-2.2384261,53.481287]]}},{"type":"Feature","properties":{"r":"UK","g":"uk","col":"#ffbb00","n":"Metrolink: Bury to/from Piccadilly","ct":"曼彻斯特","jk":"urban","off":-1.3125},"geometry":{"type":"LineString","coordinates":[[-2.2384261,53.481287],[-2.238416,53.4813],[-2.238404,53.481313],[-2.238391,53.481325],[-2.238361,53.481348],[-2.238295,53.481391],[-2.238262,53.481413],[-2.238231,53.481436],[-2.238217,53.481447],[-2.238204,53.481459],[-2.238193,53.481472],[-2.238183,53.481485],[-2.238176,53.481496],[-2.238171,53.481508],[-2.238168,53.48152],[-2.2381657,53.4815293]]}},{"type":"Feature","properties":{"r":"UK","g":"uk","col":"#ffbb00","n":"Metrolink: Bury to/from Piccadilly","ct":"曼彻斯特","jk":"urban","off":-1.0625},"geometry":{"type":"LineString","coordinates":[[-2.2381657,53.4815293],[-2.238165,53.481532],[-2.238164,53.481556],[-2.238165,53.48158],[-2.238168,53.481599],[-2.238173,53.481619],[-2.238177,53.481628],[-2.238182,53.481637],[-2.238189,53.481646],[-2.238196,53.481655],[-2.238213,53.481671],[-2.238231,53.481685],[-2.238252,53.481699],[-2.238275,53.481712],[-2.238323,53.481736],[-2.238373,53.481758],[-2.2383953,53.4817667]]}},{"type":"Feature","properties":{"r":"UK","g":"uk","col":"#ffbb00","n":"Metrolink: Bury to/from Piccadilly","ct":"曼彻斯特","jk":"urban","off":-0.875},"geometry":{"type":"LineString","coordinates":[[-2.2383953,53.4817667],[-2.238419,53.481776],[-2.238472,53.481794],[-2.238592,53.481829],[-2.2387442,53.4818683]]}},{"type":"Feature","properties":{"r":"UK","g":"uk","col":"#ffbb00","n":"Metrolink: Bury to/from Piccadilly","ct":"曼彻斯特","jk":"urban","off":-0.6875},"geometry":{"type":"LineString","coordinates":[[-2.2387442,53.4818683],[-2.238867,53.4819],[-2.2390966,53.4819582]]}},{"type":"Feature","properties":{"r":"UK","g":"uk","col":"#ffbb00","n":"Metrolink: Bury to/from Piccadilly","ct":"曼彻斯特","jk":"urban","off":-0.4375},"geometry":{"type":"LineString","coordinates":[[-2.2390966,53.4819582],[-2.239135,53.481968],[-2.239246,53.482001],[-2.239293,53.482017],[-2.239332,53.482033],[-2.239366,53.48205],[-2.239398,53.482069],[-2.239426,53.482089],[-2.2394311,53.4820934]]}},{"type":"Feature","properties":{"r":"UK","g":"uk","col":"#ffbb00","n":"Metrolink: Bury to/from Piccadilly","ct":"曼彻斯特","jk":"urban","off":-0.25},"geometry":{"type":"LineString","coordinates":[[-2.2394311,53.4820934],[-2.239451,53.482111],[-2.239467,53.482128],[-2.23948,53.482146],[-2.239491,53.482164],[-2.239495,53.482174],[-2.239498,53.482183],[-2.239502,53.482201],[-2.239504,53.482219],[-2.239504,53.482256],[-2.239499,53.482293],[-2.23949,53.482329],[-2.239461,53.482408],[-2.2394533,53.4824243]]}},{"type":"Feature","properties":{"r":"UK","g":"uk","col":"#ffbb00","n":"Metrolink: Bury to/from Piccadilly","ct":"曼彻斯特","jk":"urban","off":-0.0625},"geometry":{"type":"LineString","coordinates":[[-2.2394533,53.4824243],[-2.239419,53.482497],[-2.239308,53.482698],[-2.2392812,53.4827444]]}},{"type":"Feature","properties":{"r":"UK","g":"uk","col":"#ffbb00","n":"Metrolink: Bury to/from Piccadilly","ct":"曼彻斯特","jk":"urban","off":0.1875},"geometry":{"type":"LineString","coordinates":[[-2.2392812,53.4827444],[-2.239185,53.482911],[-2.239126,53.483017],[-2.2391036,53.4830617]]}},{"type":"Feature","properties":{"r":"UK","g":"uk","col":"#ffbb00","n":"Metrolink: Bury to/from Piccadilly","ct":"曼彻斯特","jk":"urban","off":0.375},"geometry":{"type":"LineString","coordinates":[[-2.2391036,53.4830617],[-2.239075,53.483119],[-2.238958,53.483369],[-2.2389482,53.4833904]]}},{"type":"Feature","properties":{"r":"UK","g":"uk","col":"#ffbb00","n":"Metrolink: Bury to/from Piccadilly","ct":"曼彻斯特","jk":"urban","off":0.5},"geometry":{"type":"LineString","coordinates":[[-2.2271429,53.5023797],[-2.227173,53.502428],[-2.227338,53.502689],[-2.227512,53.502948],[-2.227633,53.503121],[-2.227756,53.503293],[-2.227887,53.503464],[-2.228029,53.503631],[-2.228152,53.503762],[-2.228284,53.503891],[-2.228422,53.504018],[-2.228567,53.504141],[-2.228727,53.504267],[-2.228903,53.504397],[-2.229287,53.504666],[-2.229686,53.504942],[-2.229881,53.505081],[-2.230068,53.505219],[-2.230307,53.505401],[-2.230543,53.505585],[-2.230771,53.505772],[-2.230989,53.505963],[-2.231086,53.506057],[-2.231178,53.506153],[-2.231353,53.506347],[-2.231636,53.506672],[-2.23177,53.506837],[-2.231898,53.507003],[-2.232005,53.507154],[-2.232106,53.507307],[-2.232298,53.507615],[-2.232487,53.507923],[-2.232585,53.508077],[-2.232688,53.508229],[-2.232798,53.508382],[-2.232916,53.508532],[-2.23302,53.508655],[-2.233129,53.508776],[-2.233357,53.509015],[-2.233528,53.509181],[-2.233709,53.509343],[-2.233963,53.509554],[-2.234095,53.509657],[-2.23423,53.509759],[-2.234402,53.509879],[-2.234581,53.509996],[-2.234775,53.510117],[-2.234972,53.510236],[-2.235374,53.510468],[-2.235521,53.510548],[-2.235671,53.510627],[-2.235975,53.510782],[-2.236277,53.510938],[-2.236424,53.511018],[-2.236567,53.511101],[-2.236869,53.511289],[-2.237161,53.511482],[-2.237442,53.511681],[-2.237713,53.511885],[-2.23786,53.512004],[-2.237999,53.512125],[-2.238134,53.512249],[-2.238263,53.512374],[-2.238413,53.51253],[-2.238555,53.512688],[-2.238835,53.513007],[-2.238982,53.513185],[-2.239054,53.513274],[-2.239121,53.513365],[-2.239248,53.513553],[-2.239367,53.513742],[-2.239479,53.513933],[-2.239586,53.514125],[-2.239756,53.514457],[-2.239985,53.514931],[-2.240567,53.516171],[-2.241222,53.517586],[-2.24184,53.518914],[-2.24205,53.519345],[-2.242262,53.519789],[-2.24247,53.520207],[-2.24257,53.520394],[-2.242667,53.52056],[-2.242774,53.520726],[-2.242891,53.52089],[-2.243015,53.521051],[-2.243146,53.521211],[-2.243312,53.5214],[-2.243486,53.521587],[-2.243669,53.52177],[-2.24386,53.521951],[-2.243996,53.522071],[-2.244139,53.522189],[-2.244435,53.522419],[-2.244737,53.522645],[-2.244892,53.522755],[-2.245053,53.522863],[-2.245179,53.522943],[-2.245309,53.523021],[-2.245578,53.523171],[-2.245848,53.523313],[-2.246123,53.523452],[-2.246402,53.523587],[-2.246687,53.523719],[-2.246911,53.523818],[-2.247138,53.523914],[-2.247369,53.524007],[-2.247603,53.524097],[-2.247803,53.52417],[-2.248006,53.52424],[-2.248415,53.524375],[-2.248828,53.524508],[-2.249239,53.524642],[-2.250061,53.524939],[-2.250471,53.525089],[-2.250876,53.525243],[-2.251247,53.525393],[-2.251612,53.525547],[-2.252341,53.525857],[-2.253186,53.526253],[-2.254071,53.526671],[-2.254876,53.527046],[-2.255211,53.527197],[-2.255482,53.527313],[-2.255733,53.527413],[-2.256014,53.527521],[-2.256318,53.527635],[-2.25664,53.527752],[-2.257309,53.527986],[-2.257643,53.528099],[-2.257968,53.528206],[-2.258178,53.528272],[-2.25839,53.528335],[-2.258821,53.528454],[-2.259453,53.528618],[-2.260347,53.528843],[-2.261413,53.529108],[-2.262564,53.52939],[-2.263711,53.529669],[-2.264766,53.529923],[-2.265642,53.53013],[-2.26625,53.530269],[-2.266638,53.530353],[-2.267029,53.530433],[-2.267423,53.530508],[-2.267819,53.530577],[-2.268068,53.530616],[-2.268318,53.530652],[-2.268569,53.530684],[-2.268822,53.530713],[-2.269098,53.53074],[-2.269375,53.530763],[-2.269653,53.530782],[-2.269931,53.530799],[-2.270461,53.530825],[-2.271058,53.530847],[-2.272342,53.530886],[-2.273559,53.530923],[-2.274072,53.530942],[-2.274484,53.530964],[-2.274675,53.530977],[-2.274866,53.530993],[-2.275055,53.531012],[-2.275244,53.531035],[-2.275612,53.531086],[-2.275977,53.531143],[-2.276339,53.531207],[-2.276696,53.531279],[-2.276916,53.531328],[-2.277134,53.531379],[-2.277565,53.531489],[-2.27799,53.531607],[-2.278412,53.531729],[-2.278704,53.531817],[-2.278993,53.531909],[-2.279278,53.532005],[-2.279558,53.532106],[-2.279784,53.532194],[-2.280005,53.532286],[-2.280223,53.532381],[-2.280437,53.532479],[-2.28066,53.532584],[-2.28088,53.532691],[-2.281095,53.532802],[-2.281304,53.532917],[-2.281582,53.533082],[-2.281852,53.533252],[-2.282113,53.533427],[-2.282366,53.533605],[-2.282596,53.533775],[-2.282818,53.533948],[-2.283032,53.534125],[-2.283236,53.534306],[-2.28341,53.534474],[-2.283575,53.534646],[-2.283732,53.53482],[-2.283884,53.534996],[-2.284016,53.535156],[-2.284141,53.535317],[-2.284262,53.53548],[-2.284376,53.535644],[-2.284482,53.535813],[-2.284579,53.535984],[-2.284674,53.536161],[-2.284765,53.536338],[-2.284851,53.536517],[-2.284931,53.536696],[-2.28499,53.53685],[-2.285039,53.537006],[-2.285076,53.537142],[-2.285109,53.537278],[-2.285137,53.537414],[-2.28516,53.537551],[-2.285179,53.537699],[-2.285193,53.537848],[-2.285206,53.538145],[-2.285206,53.538268],[-2.285201,53.538392],[-2.285184,53.538638],[-2.285169,53.538885],[-2.285167,53.539008],[-2.285171,53.539131],[-2.285185,53.539293],[-2.285206,53.539454],[-2.285236,53.539615],[-2.285272,53.539775],[-2.28532,53.539956],[-2.285374,53.540137],[-2.285494,53.540498],[-2.285626,53.540857],[-2.285765,53.541215],[-2.285823,53.54136],[-2.285891,53.541503],[-2.285954,53.541616],[-2.286022,53.541727],[-2.286169,53.541948],[-2.286303,53.542139],[-2.28644,53.542328],[-2.286724,53.542706],[-2.287013,53.543081],[-2.2873,53.543458],[-2.288477,53.544935],[-2.289741,53.546527],[-2.29083,53.547889],[-2.291226,53.548375],[-2.291373,53.548551],[-2.29148,53.548674],[-2.291631,53.548837],[-2.291788,53.548999],[-2.291951,53.549158],[-2.292121,53.549314],[-2.292277,53.549449],[-2.292438,53.549581],[-2.292605,53.549712],[-2.292776,53.54984],[-2.292919,53.549944],[-2.293064,53.550046],[-2.293214,53.550146],[-2.293369,53.550243],[-2.293685,53.550429],[-2.294009,53.55061],[-2.294343,53.550785],[-2.294685,53.550954],[-2.294964,53.551082],[-2.295249,53.551204],[-2.29554,53.551322],[-2.295835,53.551436],[-2.296101,53.551537],[-2.29637,53.551635],[-2.296644,53.551728],[-2.296923,53.551815],[-2.297092,53.551861],[-2.297384,53.551934],[-2.29828,53.552154],[-2.300981,53.552804],[-2.304218,53.553578],[-2.307187,53.55429],[-2.310697,53.555168],[-2.311395,53.555361],[-2.311743,53.555459],[-2.312086,53.555562],[-2.312299,53.555631],[-2.312509,53.555703],[-2.312923,53.555854],[-2.313249,53.555977],[-2.313573,53.556103],[-2.313893,53.556232],[-2.314206,53.556366],[-2.314579,53.556534],[-2.314946,53.556708],[-2.315304,53.556888],[-2.31548,53.55698],[-2.315652,53.557074],[-2.315848,53.557186],[-2.316048,53.557303],[-2.316249,53.557426],[-2.316451,53.557553],[-2.316851,53.557814],[-2.317239,53.558076],[-2.317466,53.558235],[-2.317688,53.558397],[-2.317903,53.558562],[-2.31811,53.55873],[-2.318389,53.558973],[-2.318655,53.559222],[-2.318912,53.559474],[-2.31916,53.559729],[-2.319311,53.559894],[-2.319456,53.560061],[-2.31974,53.560397],[-2.320016,53.56073],[-2.320151,53.560898],[-2.32028,53.561067],[-2.320419,53.561263],[-2.320552,53.561461],[-2.320677,53.56166],[-2.320793,53.561861],[-2.320893,53.56205],[-2.320985,53.562241],[-2.32107,53.562434],[-2.321145,53.562627],[-2.321189,53.562758],[-2.321227,53.56289],[-2.32129,53.563155],[-2.321335,53.563399],[-2.321351,53.563521],[-2.321362,53.563643],[-2.321369,53.56382],[-2.321369,53.563998],[-2.321362,53.564175],[-2.321349,53.564352],[-2.321336,53.564451],[-2.321317,53.56455],[-2.321251,53.564826],[-2.321212,53.564964],[-2.321168,53.565101],[-2.321077,53.565353],[-2.321024,53.565479],[-2.320966,53.565603],[-2.320868,53.565789],[-2.320762,53.565974],[-2.320647,53.566157],[-2.320523,53.566338],[-2.320393,53.566512],[-2.320254,53.566684],[-2.320109,53.566855],[-2.319958,53.567023],[-2.319819,53.56717],[-2.319673,53.567314],[-2.319379,53.567602],[-2.318689,53.568227],[-2.318188,53.568634],[-2.317682,53.56904],[-2.317185,53.569447],[-2.316944,53.569652],[-2.31671,53.569858],[-2.316471,53.570078],[-2.316239,53.5703],[-2.316015,53.570525],[-2.315799,53.570753],[-2.315581,53.570994],[-2.315373,53.571238],[-2.315171,53.571484],[-2.314974,53.571732],[-2.314747,53.572031],[-2.314639,53.572182],[-2.314536,53.572334],[-2.314359,53.572613],[-2.31419,53.572895],[-2.314031,53.573178],[-2.313882,53.573463],[-2.313756,53.573723],[-2.313638,53.573985],[-2.313531,53.574248],[-2.313435,53.574513],[-2.313397,53.574633],[-2.313362,53.574753],[-2.313302,53.574994],[-2.313247,53.575236],[-2.313189,53.575478],[-2.313107,53.57596],[-2.313028,53.576442],[-2.312943,53.576923],[-2.312893,53.577163],[-2.312838,53.577403],[-2.312765,53.577682],[-2.312683,53.577961],[-2.312593,53.578238],[-2.312494,53.578515],[-2.312416,53.578713],[-2.312332,53.57891],[-2.312243,53.579106],[-2.312148,53.579301],[-2.312062,53.57947],[-2.311971,53.579638],[-2.311875,53.579805],[-2.311776,53.579971],[-2.311628,53.580207],[-2.311475,53.580442],[-2.311315,53.580676],[-2.311147,53.580907],[-2.311001,53.58109],[-2.310846,53.581271],[-2.31069,53.581451],[-2.310542,53.581634],[-2.310473,53.58173],[-2.310409,53.581827],[-2.310344,53.581923],[-2.310271,53.582018],[-2.310086,53.582228],[-2.309889,53.582435],[-2.309681,53.582637],[-2.309465,53.582837],[-2.309267,53.58301],[-2.30906,53.58318],[-2.308847,53.583346],[-2.308628,53.58351],[-2.308252,53.583775],[-2.30765,53.584188],[-2.306902,53.584695],[-2.306084,53.585245],[-2.305275,53.585785],[-2.304553,53.586263],[-2.303996,53.586627],[-2.303804,53.586749],[-2.303682,53.586824],[-2.303511,53.586919],[-2.303335,53.58701],[-2.303153,53.587097],[-2.302968,53.587182],[-2.302804,53.587253],[-2.302636,53.58732],[-2.302292,53.587449],[-2.301993,53.587554],[-2.301841,53.587603],[-2.301685,53.587648],[-2.301486,53.587697],[-2.301276,53.587743],[-2.300847,53.587827],[-2.300439,53.587906],[-2.300255,53.587946],[-2.300091,53.587988],[-2.299956,53.588029],[-2.299825,53.588073],[-2.299698,53.588122],[-2.299575,53.588174],[-2.299469,53.588224],[-2.299367,53.588277],[-2.29927,53.588333],[-2.299177,53.588391],[-2.299081,53.588458],[-2.298991,53.588527],[-2.298905,53.588599],[-2.298825,53.588673],[-2.298731,53.588771],[-2.298645,53.588872],[-2.298479,53.589075],[-2.298233,53.58939],[-2.298112,53.589549],[-2.297996,53.589708],[-2.297848,53.589927],[-2.297707,53.590149],[-2.29743,53.590592]]}},{"type":"Feature","properties":{"r":"UK","g":"uk","col":"#ffbb00","n":"Metrolink: Bury to/from Piccadilly","ct":"曼彻斯特","jk":"urban","off":0.5625},"geometry":{"type":"LineString","coordinates":[[-2.2389482,53.4833904],[-2.238844,53.483619],[-2.2388018,53.4837232]]}},{"type":"Feature","properties":{"r":"UK","g":"uk","col":"#ffbb00","n":"Metrolink: Bury to/from Piccadilly","ct":"曼彻斯特","jk":"urban","off":0.625},"geometry":{"type":"LineString","coordinates":[[-2.2268407,53.5018948],[-2.226847,53.501905],[-2.2271429,53.5023797]]}},{"type":"Feature","properties":{"r":"UK","g":"uk","col":"#ffbb00","n":"Metrolink: Bury to/from Piccadilly","ct":"曼彻斯特","jk":"urban","off":0.75},"geometry":{"type":"LineString","coordinates":[[-2.2265446,53.5014061],[-2.226562,53.501438],[-2.226655,53.501594],[-2.2268407,53.5018948]]}},{"type":"Feature","properties":{"r":"UK","g":"uk","col":"#ffbb00","n":"Metrolink: Bury to/from Piccadilly","ct":"曼彻斯特","jk":"urban","off":0.8125},"geometry":{"type":"LineString","coordinates":[[-2.2388018,53.4837232],[-2.238742,53.483871],[-2.238697,53.483998],[-2.2386766,53.4840644]]}},{"type":"Feature","properties":{"r":"UK","g":"uk","col":"#ffbb00","n":"Metrolink: Bury to/from Piccadilly","ct":"曼彻斯特","jk":"urban","off":0.875},"geometry":{"type":"LineString","coordinates":[[-2.2263031,53.5008888],[-2.226306,53.500897],[-2.226358,53.501026],[-2.226414,53.501153],[-2.226476,53.50128],[-2.2265446,53.5014061]]}},{"type":"Feature","properties":{"r":"UK","g":"uk","col":"#ffbb00","n":"Metrolink: Bury to/from Piccadilly","ct":"曼彻斯特","jk":"urban","off":1.0},"geometry":{"type":"MultiLineString","coordinates":[[[-2.2386766,53.4840644],[-2.238658,53.484125],[-2.238635,53.484212],[-2.238616,53.484299],[-2.238605,53.484386],[-2.238604,53.484474],[-2.238614,53.484563],[-2.238633,53.484651],[-2.238662,53.484738],[-2.238701,53.484824],[-2.238728,53.484869],[-2.238761,53.484912],[-2.238836,53.484996],[-2.2388383,53.4849984]],[[-2.2261551,53.5003379],[-2.226159,53.500364],[-2.226201,53.500567],[-2.226229,53.500668],[-2.22626,53.500768],[-2.2263031,53.5008888]]]}},{"type":"Feature","properties":{"r":"UK","g":"uk","col":"#ffbb00","n":"Metrolink: Bury to/from Piccadilly","ct":"曼彻斯特","jk":"urban","off":1.125},"geometry":{"type":"MultiLineString","coordinates":[[[-2.2388383,53.4849984],[-2.239047,53.485213],[-2.23928,53.485435],[-2.239395,53.485539],[-2.239505,53.485634],[-2.239607,53.485716],[-2.239696,53.485782],[-2.23972,53.485798],[-2.239747,53.485813],[-2.239775,53.485826],[-2.239804,53.485839],[-2.239849,53.4858549]],[[-2.2261005,53.4997696],[-2.226103,53.499856],[-2.226115,53.500025],[-2.226134,53.500195],[-2.2261551,53.5003379]]]}},{"type":"Feature","properties":{"r":"UK","g":"uk","col":"#ffbb00","n":"Metrolink: Bury to/from Piccadilly","ct":"曼彻斯特","jk":"urban","off":1.25},"geometry":{"type":"MultiLineString","coordinates":[[[-2.239849,53.4858549],[-2.239909,53.485876],[-2.240025,53.48591],[-2.240277,53.485974],[-2.240538,53.486039],[-2.240665,53.486075],[-2.240785,53.486114],[-2.240893,53.486153],[-2.240998,53.486194],[-2.241049,53.486216],[-2.241097,53.48624],[-2.2411189,53.4862519]],[[-2.2261183,53.4991987],[-2.226106,53.499401],[-2.226099,53.49956],[-2.226098,53.499686],[-2.2261005,53.4997696]]]}},{"type":"Feature","properties":{"r":"UK","g":"uk","col":"#ffbb00","n":"Metrolink: Bury to/from Piccadilly","ct":"曼彻斯特","jk":"urban","off":1.375},"geometry":{"type":"MultiLineString","coordinates":[[[-2.2411189,53.4862519],[-2.241143,53.486265],[-2.241186,53.486292],[-2.2412,53.486302],[-2.241212,53.486312],[-2.241223,53.486323],[-2.241234,53.486335],[-2.241253,53.486358],[-2.241269,53.486382],[-2.24129,53.486421],[-2.241306,53.48646],[-2.24133,53.48654],[-2.241353,53.486621],[-2.241369,53.48666],[-2.241389,53.486699],[-2.241405,53.486723],[-2.241423,53.486746],[-2.241444,53.486768],[-2.241467,53.48679],[-2.241518,53.486832],[-2.241573,53.486872],[-2.241691,53.486949],[-2.24181,53.487025],[-2.241868,53.487064],[-2.241922,53.487105],[-2.2420126,53.4871798]],[[-2.2261599,53.4986288],[-2.22613,53.499007],[-2.2261183,53.4991987]]]}},{"type":"Feature","properties":{"r":"UK","g":"uk","col":"#ffbb00","n":"Metrolink: Bury to/from Piccadilly","ct":"曼彻斯特","jk":"urban","off":1.5},"geometry":{"type":"LineString","coordinates":[[-2.2420126,53.4871798],[-2.242031,53.487195],[-2.24208,53.487241],[-2.242124,53.48729],[-2.24215,53.487322],[-2.242174,53.487356],[-2.242184,53.487373],[-2.242192,53.48739],[-2.242197,53.487407],[-2.242198,53.487416],[-2.242199,53.487425],[-2.242199,53.487437],[-2.242197,53.487448],[-2.242191,53.487471],[-2.242182,53.487494],[-2.242169,53.487516],[-2.242139,53.48756],[-2.242104,53.487603],[-2.242086,53.487623],[-2.242066,53.487642],[-2.242022,53.48768],[-2.241926,53.487751],[-2.241757,53.487868],[-2.241558,53.488001],[-2.24134,53.488142],[-2.241115,53.488283],[-2.240893,53.488419],[-2.240687,53.488542],[-2.240506,53.488645],[-2.240363,53.488721],[-2.240293,53.488754],[-2.240219,53.488784],[-2.240066,53.48884],[-2.239821,53.488921],[-2.239521,53.489015],[-2.239179,53.489119],[-2.238807,53.489228],[-2.238021,53.489452],[-2.237261,53.489659],[-2.236802,53.489778],[-2.236263,53.489913],[-2.235671,53.490059],[-2.235051,53.490208],[-2.234432,53.490354],[-2.23384,53.490491],[-2.233301,53.490613],[-2.232842,53.490713],[-2.232534,53.490775],[-2.232223,53.490833],[-2.231599,53.490945],[-2.230947,53.491046],[-2.230293,53.491146],[-2.229642,53.491249],[-2.229318,53.491305],[-2.228996,53.491364],[-2.228813,53.4914],[-2.228631,53.491438],[-2.22845,53.491479],[-2.228273,53.491524],[-2.228056,53.491584],[-2.227842,53.491647],[-2.227634,53.491716],[-2.227432,53.491792],[-2.227292,53.491852],[-2.227158,53.491916],[-2.227029,53.491985],[-2.226905,53.492056],[-2.226762,53.492145],[-2.226626,53.492239],[-2.226497,53.492335],[-2.226375,53.492435],[-2.226314,53.49249],[-2.226257,53.492547],[-2.226152,53.492664],[-2.226047,53.492788],[-2.225947,53.492913],[-2.225854,53.49304],[-2.225772,53.49317],[-2.225739,53.493234],[-2.225711,53.4933],[-2.225665,53.493432],[-2.225624,53.493576],[-2.225595,53.493722],[-2.225584,53.493818],[-2.225577,53.493914],[-2.225575,53.494011],[-2.225577,53.494107],[-2.225591,53.494298],[-2.225605,53.494393],[-2.225626,53.494488],[-2.225663,53.494606],[-2.22571,53.494726],[-2.225821,53.49497],[-2.225938,53.495218],[-2.225992,53.495342],[-2.226039,53.495466],[-2.226098,53.495646],[-2.226151,53.495826],[-2.226198,53.496007],[-2.226241,53.496188],[-2.22628,53.496371],[-2.226295,53.496463],[-2.226304,53.496555],[-2.226305,53.496646],[-2.226301,53.496775],[-2.226279,53.497123],[-2.226206,53.498046],[-2.2261599,53.4986288]]}},{"type":"Feature","properties":{"r":"UK","g":"uk","col":"#5cc8ff","n":"Manchester Metrolink","ct":"曼彻斯特","jk":"urban","nz":"曼彻斯特轻铁"},"geometry":{"type":"MultiLineString","coordinates":[[[-2.2825517,53.4670239],[-2.282533,53.467114],[-2.282466,53.467374],[-2.282297,53.467966],[-2.28214,53.468514],[-2.282087,53.46872],[-2.282072,53.468796],[-2.282064,53.468851],[-2.282061,53.468904],[-2.282062,53.468957],[-2.282065,53.468984],[-2.282071,53.46901],[-2.282079,53.469036],[-2.28209,53.469061],[-2.282097,53.469074],[-2.282106,53.469086],[-2.282116,53.469098],[-2.282127,53.46911],[-2.282139,53.469122],[-2.282151,53.469133],[-2.28218,53.469154],[-2.282206,53.46917],[-2.282233,53.469185],[-2.282292,53.469213],[-2.282355,53.469237],[-2.282421,53.469258],[-2.28247,53.46927],[-2.28253,53.469283],[-2.282676,53.469309],[-2.28303,53.46936],[-2.28338,53.469411],[-2.283523,53.469436],[-2.28358,53.469448],[-2.283626,53.46946],[-2.283677,53.469476],[-2.283727,53.469494],[-2.283822,53.469534],[-2.283911,53.469579],[-2.283994,53.469628],[-2.284032,53.469653],[-2.284067,53.469679],[-2.284083,53.469693],[-2.284098,53.469707],[-2.284111,53.469722],[-2.284121,53.469737],[-2.284131,53.469758],[-2.284139,53.469779],[-2.284143,53.4698],[-2.284145,53.469822],[-2.284145,53.469866],[-2.284142,53.46991],[-2.284129,53.469997],[-2.284106,53.470088],[-2.284043,53.470275],[-2.283978,53.470467],[-2.283953,53.470563],[-2.283937,53.470658],[-2.283933,53.470754],[-2.283938,53.470802],[-2.283949,53.470849],[-2.28398,53.470927],[-2.284029,53.471028],[-2.284093,53.471146],[-2.284169,53.471276],[-2.284341,53.471549],[-2.28443,53.471682],[-2.284518,53.471805],[-2.284607,53.471924],[-2.284632,53.471953],[-2.284659,53.471981],[-2.284689,53.472008],[-2.284722,53.472034],[-2.284751,53.472053],[-2.284782,53.472071],[-2.284814,53.472088],[-2.284848,53.472104],[-2.28492,53.472134],[-2.284994,53.47216],[-2.28503,53.472171],[-2.285068,53.472181],[-2.285144,53.472199],[-2.285303,53.472228],[-2.285461,53.472256],[-2.285538,53.472274],[-2.285575,53.472285],[-2.285611,53.472296],[-2.285659,53.472314],[-2.285705,53.472334],[-2.285747,53.472357],[-2.285787,53.472381],[-2.285817,53.472402],[-2.285844,53.472425],[-2.285867,53.472448],[-2.285888,53.472473],[-2.285907,53.472501],[-2.285922,53.472531],[-2.285933,53.472561],[-2.28594,53.472591],[-2.285943,53.472619],[-2.285942,53.472646],[-2.285937,53.472674],[-2.28593,53.472701],[-2.285908,53.472757],[-2.285878,53.472812],[-2.285805,53.472921],[-2.285737,53.473028],[-2.285712,53.47308],[-2.285702,53.473106],[-2.285696,53.473131],[-2.285692,53.47316],[-2.285691,53.473196],[-2.285693,53.473284],[-2.285702,53.47339],[-2.285717,53.473506],[-2.285736,53.473624],[-2.285759,53.473738],[-2.285784,53.473841],[-2.285811,53.473924],[-2.285843,53.473999],[-2.285883,53.474079],[-2.28593,53.474164],[-2.285984,53.474251],[-2.286104,53.474428],[-2.286236,53.474597],[-2.286307,53.47468],[-2.286328,53.474699],[-2.286349,53.474718],[-2.286374,53.474736],[-2.2864,53.474753],[-2.286435,53.474772],[-2.286473,53.47479],[-2.286512,53.474807],[-2.286553,53.474822],[-2.286596,53.474836],[-2.286639,53.474848],[-2.286684,53.474858],[-2.28673,53.474866],[-2.286794,53.474874],[-2.286864,53.47488],[-2.286936,53.474882],[-2.287011,53.474883],[-2.287163,53.474876],[-2.287311,53.474862],[-2.287358,53.474855],[-2.287413,53.474843],[-2.28755,53.47481],[-2.287892,53.474716],[-2.288279,53.474608],[-2.288471,53.474559],[-2.28865,53.474516],[-2.288827,53.474479],[-2.289066,53.474433],[-2.289694,53.474317],[-2.291288,53.474033],[-2.292828,53.473758],[-2.293389,53.473655],[-2.293584,53.473616],[-2.29371,53.473589],[-2.29388,53.473543],[-2.294046,53.473491],[-2.294375,53.473385]],[[-2.297758,53.47203],[-2.297291,53.472138],[-2.296794,53.47225],[-2.296357,53.472353],[-2.29619,53.472397],[-2.296125,53.472416],[-2.296073,53.472433],[-2.295998,53.472463],[-2.295928,53.472497],[-2.295862,53.472533],[-2.2958,53.472572],[-2.295743,53.472612],[-2.29569,53.472655],[-2.295593,53.472743],[-2.295498,53.472833],[-2.295447,53.472876],[-2.295393,53.472918],[-2.295278,53.472996],[-2.295217,53.473032],[-2.295152,53.473067],[-2.29506,53.47311],[-2.294963,53.47315],[-2.294762,53.473225],[-2.294563,53.4733],[-2.294467,53.473341],[-2.294375,53.473385],[-2.294344,53.473402],[-2.2943346,53.4734074]]]}},{"type":"Feature","properties":{"r":"UK","g":"uk","col":"#5cc8ff","n":"Manchester Metrolink","ct":"曼彻斯特","jk":"urban","nz":"曼彻斯特轻铁","off":-0.5},"geometry":{"type":"LineString","coordinates":[[-2.2962994,53.476572],[-2.2963,53.476608],[-2.296293,53.476734],[-2.296273,53.476858],[-2.296243,53.476981],[-2.29617,53.47723],[-2.296082,53.477501],[-2.295876,53.47809],[-2.295651,53.478706],[-2.295436,53.479308],[-2.295365,53.479545],[-2.295289,53.479788],[-2.295224,53.48002],[-2.295201,53.480127],[-2.295188,53.480225],[-2.295184,53.48026],[-2.295182,53.480295],[-2.295183,53.480313],[-2.295186,53.48033],[-2.295189,53.480338],[-2.295192,53.480347],[-2.295196,53.480355],[-2.295201,53.480363],[-2.295218,53.480385],[-2.295238,53.480406],[-2.29526,53.480426],[-2.295286,53.480445],[-2.295314,53.480462],[-2.295344,53.480479],[-2.295376,53.480494],[-2.295409,53.480507],[-2.295416,53.480509],[-2.295424,53.480511],[-2.295445,53.480516],[-2.295506,53.480528],[-2.295687,53.480555],[-2.296197,53.48062],[-2.296736,53.48069],[-2.296952,53.480722],[-2.297036,53.480737],[-2.2971,53.48075],[-2.29716,53.480767],[-2.297217,53.480786],[-2.297328,53.48083],[-2.297439,53.480874],[-2.297496,53.480894],[-2.297556,53.480911],[-2.297615,53.480924],[-2.297676,53.480934],[-2.2978,53.480952],[-2.298464,53.481045],[-2.299325,53.481158],[-2.301374,53.481417],[-2.303426,53.481676],[-2.304289,53.481789],[-2.304956,53.481883],[-2.305258,53.481926],[-2.305407,53.481951],[-2.305552,53.481983],[-2.305628,53.482005],[-2.305702,53.482029],[-2.305845,53.482084],[-2.305988,53.482139],[-2.306061,53.482164],[-2.306138,53.482185],[-2.306302,53.482219],[-2.306548,53.482264],[-2.306848,53.482314],[-2.307176,53.482366],[-2.307507,53.482416],[-2.307814,53.48246],[-2.308071,53.482493],[-2.308251,53.482512],[-2.308365,53.482518],[-2.30848,53.48252],[-2.308711,53.482515],[-2.308941,53.48251],[-2.309056,53.48251],[-2.309171,53.482514],[-2.309243,53.48252],[-2.309314,53.482527],[-2.309456,53.482546],[-2.310055,53.482626],[-2.310684,53.482715],[-2.312003,53.482911],[-2.313359,53.483118],[-2.314697,53.483319],[-2.315338,53.483404],[-2.315978,53.483491],[-2.31662,53.483575],[-2.316942,53.483614],[-2.317264,53.483651],[-2.31781,53.483709],[-2.318358,53.483762],[-2.318907,53.483808],[-2.319458,53.483847],[-2.319976,53.483874],[-2.320728,53.483907],[-2.321625,53.483942],[-2.322579,53.483977],[-2.323501,53.484008],[-2.324302,53.484033],[-2.324895,53.484047],[-2.325085,53.48405],[-2.325149,53.48405],[-2.32519,53.484049],[-2.325265,53.484043],[-2.325338,53.484034],[-2.325484,53.48401],[-2.325629,53.483985],[-2.325703,53.483975],[-2.325777,53.483968],[-2.325868,53.483964],[-2.325991,53.483961],[-2.326314,53.48396],[-2.327166,53.483967],[-2.328078,53.483973],[-2.328477,53.483972],[-2.328796,53.483965],[-2.329088,53.483951],[-2.329378,53.483931],[-2.329668,53.483906],[-2.329957,53.483877],[-2.330274,53.48384],[-2.330431,53.483817],[-2.330587,53.483792],[-2.330865,53.483739],[-2.331176,53.483673],[-2.331835,53.483522],[-2.332442,53.483382],[-2.332687,53.48333],[-2.332873,53.483297],[-2.332916,53.483292],[-2.33296,53.483287],[-2.333049,53.483282],[-2.333138,53.483277],[-2.333226,53.483269],[-2.333475,53.483239],[-2.333722,53.483205],[-2.334215,53.483131],[-2.334706,53.483053],[-2.335198,53.482977]]}},{"type":"Feature","properties":{"r":"UK","g":"uk","col":"#5cc8ff","n":"Manchester Metrolink","ct":"曼彻斯特","jk":"urban","nz":"曼彻斯特轻铁","off":-0.375},"geometry":{"type":"LineString","coordinates":[[-2.295601,53.4754718],[-2.295631,53.475505],[-2.295884,53.475794],[-2.29607,53.47602],[-2.296159,53.476137],[-2.296199,53.476197],[-2.296232,53.476258],[-2.296255,53.476313],[-2.296272,53.47637],[-2.296293,53.476483],[-2.296299,53.476546],[-2.2962994,53.476572]]}},{"type":"Feature","properties":{"r":"UK","g":"uk","col":"#5cc8ff","n":"Manchester Metrolink","ct":"曼彻斯特","jk":"urban","nz":"曼彻斯特轻铁","off":-0.25},"geometry":{"type":"LineString","coordinates":[[-2.2947075,53.4744821],[-2.295036,53.474846],[-2.295601,53.4754718]]}},{"type":"Feature","properties":{"r":"UK","g":"uk","col":"#5cc8ff","n":"Manchester Metrolink","ct":"曼彻斯特","jk":"urban","nz":"曼彻斯特轻铁","off":-0.125},"geometry":{"type":"LineString","coordinates":[[-2.2943346,53.4734074],[-2.294314,53.473419],[-2.294287,53.473438],[-2.294274,53.473448],[-2.294263,53.473458],[-2.294227,53.473497],[-2.294198,53.473538],[-2.294186,53.473559],[-2.294176,53.47358],[-2.294168,53.473602],[-2.294163,53.473624],[-2.294159,53.473663],[-2.294159,53.473702],[-2.294163,53.473741],[-2.294171,53.47378],[-2.294197,53.473857],[-2.294233,53.473933],[-2.294238,53.473941],[-2.294244,53.47395],[-2.294262,53.473975],[-2.294319,53.474044],[-2.294499,53.474251],[-2.2947075,53.4744821]]}},{"type":"Feature","properties":{"r":"UK","g":"uk","col":"#5cc8ff","n":"Manchester Metrolink","ct":"曼彻斯特","jk":"urban","nz":"曼彻斯特轻铁","off":0.125},"geometry":{"type":"LineString","coordinates":[[-2.2816137,53.4664446],[-2.281752,53.466456],[-2.281988,53.466475],[-2.282098,53.466489],[-2.28215,53.466497],[-2.2822,53.466507],[-2.282251,53.466519],[-2.2823,53.466534],[-2.282347,53.466551],[-2.282369,53.466561],[-2.28239,53.466571],[-2.282435,53.466596],[-2.282476,53.466624],[-2.282495,53.466639],[-2.282512,53.466655],[-2.282528,53.466671],[-2.282542,53.466687],[-2.282551,53.466699],[-2.282559,53.466712],[-2.282565,53.466725],[-2.282571,53.466738],[-2.282579,53.466764],[-2.282584,53.466791],[-2.282586,53.46682],[-2.282585,53.466849],[-2.282576,53.466907],[-2.2825517,53.4670239]]}},{"type":"Feature","properties":{"r":"UK","g":"uk","col":"#5cc8ff","n":"Manchester Metrolink","ct":"曼彻斯特","jk":"urban","nz":"曼彻斯特轻铁","off":0.25},"geometry":{"type":"LineString","coordinates":[[-2.2804335,53.4658905],[-2.280851,53.466186],[-2.281011,53.466292],[-2.28107,53.466329],[-2.281093,53.466342],[-2.281113,53.466352],[-2.281132,53.46636],[-2.281151,53.466368],[-2.281191,53.466381],[-2.281234,53.466392],[-2.281277,53.466402],[-2.281391,53.466422],[-2.28151,53.466436],[-2.2816137,53.4664446]]}},{"type":"Feature","properties":{"r":"UK","g":"uk","col":"#5cc8ff","n":"Manchester Metrolink","ct":"曼彻斯特","jk":"urban","nz":"曼彻斯特轻铁","off":0.375},"geometry":{"type":"LineString","coordinates":[[-2.2793323,53.4651391],[-2.279405,53.465185],[-2.279642,53.465339],[-2.279897,53.465513],[-2.280413,53.465876],[-2.2804335,53.4658905]]}},{"type":"Feature","properties":{"r":"UK","g":"uk","col":"#5cc8ff","n":"Manchester Metrolink","ct":"曼彻斯特","jk":"urban","nz":"曼彻斯特轻铁","off":0.5},"geometry":{"type":"LineString","coordinates":[[-2.26806,53.469576],[-2.269449,53.468469],[-2.269692,53.468291],[-2.269814,53.468202],[-2.26994,53.468115],[-2.270206,53.467942],[-2.270477,53.467773],[-2.270753,53.467606],[-2.271033,53.467441],[-2.271361,53.467246],[-2.271531,53.467153],[-2.271619,53.467109],[-2.271711,53.467067],[-2.271787,53.467037],[-2.271866,53.46701],[-2.27203,53.466962],[-2.272194,53.466919],[-2.272362,53.46688],[-2.272701,53.466808],[-2.273039,53.466736],[-2.273205,53.466696],[-2.273368,53.466651],[-2.273484,53.466614],[-2.273596,53.466574],[-2.273816,53.466489],[-2.273977,53.466423],[-2.274135,53.466355],[-2.274446,53.466214],[-2.27476,53.466075],[-2.274919,53.466008],[-2.275083,53.465945],[-2.275358,53.465848],[-2.27564,53.465758],[-2.275925,53.465672],[-2.276212,53.465588],[-2.276646,53.465465],[-2.276865,53.465407],[-2.277087,53.465352],[-2.277496,53.465256],[-2.277928,53.46516],[-2.278134,53.465117],[-2.278323,53.46508],[-2.278487,53.465051],[-2.278618,53.465032],[-2.278715,53.465022],[-2.278813,53.465015],[-2.278862,53.465014],[-2.278911,53.465015],[-2.278959,53.465017],[-2.279007,53.465022],[-2.279039,53.465027],[-2.279071,53.465033],[-2.279101,53.465041],[-2.279131,53.46505],[-2.279189,53.465071],[-2.279245,53.465093],[-2.279267,53.465103],[-2.279288,53.465114],[-2.279329,53.465137],[-2.2793323,53.4651391]]}},{"type":"Feature","properties":{"r":"UK","g":"uk","col":"#009e71","n":"NET","ct":"诺丁汉","jk":"urban","nz":"诺丁汉特快"},"geometry":{"type":"MultiLineString","coordinates":[[[-1.262716,52.918382],[-1.261891,52.918445],[-1.261028,52.918509],[-1.26024,52.918572],[-1.25991,52.918602],[-1.259641,52.918632],[-1.259368,52.918671],[-1.259028,52.918727],[-1.258205,52.918873],[-1.257297,52.919034],[-1.256849,52.919109],[-1.256426,52.919175],[-1.256155,52.919214],[-1.255882,52.919251],[-1.255609,52.919284],[-1.255334,52.919312],[-1.255135,52.919328],[-1.254848,52.919347],[-1.254059,52.919395],[-1.251923,52.919513],[-1.249629,52.919641],[-1.248643,52.9197],[-1.247881,52.919751],[-1.247347,52.919795],[-1.246814,52.919844],[-1.245748,52.919946],[-1.245352,52.91999],[-1.244955,52.920033],[-1.244559,52.920079],[-1.244165,52.920131],[-1.243732,52.920198],[-1.243219,52.920285],[-1.242077,52.920488],[-1.241003,52.920679],[-1.240572,52.920752],[-1.240256,52.920799],[-1.240039,52.920824],[-1.239822,52.920845],[-1.239384,52.920878],[-1.238945,52.92091],[-1.238727,52.92093],[-1.23851,52.920953],[-1.238278,52.920983],[-1.238163,52.921001],[-1.23805,52.921023],[-1.237846,52.921073],[-1.237578,52.921145],[-1.236911,52.921338],[-1.236163,52.921555],[-1.235794,52.921658],[-1.235448,52.921749],[-1.235026,52.921854],[-1.234569,52.921965],[-1.233631,52.922185],[-1.23319,52.922285],[-1.232795,52.922371],[-1.232466,52.92244],[-1.232223,52.922486],[-1.232047,52.922515],[-1.23187,52.92254],[-1.231512,52.922584],[-1.231152,52.922622],[-1.230792,52.922658],[-1.230321,52.922704],[-1.229848,52.922747],[-1.229375,52.922785],[-1.2289,52.922816],[-1.22858,52.922832],[-1.22842,52.922837],[-1.22826,52.922838],[-1.228099,52.922836],[-1.227938,52.922831],[-1.227777,52.922822],[-1.227617,52.922809],[-1.227479,52.922794],[-1.227341,52.922776],[-1.227205,52.922755],[-1.227071,52.922729],[-1.226918,52.922694],[-1.226768,52.922656],[-1.226621,52.922612],[-1.226478,52.922565],[-1.226362,52.922522],[-1.226251,52.922475],[-1.226035,52.922374],[-1.225713,52.922216],[-1.225391,52.92205],[-1.225237,52.921966],[-1.225091,52.921884],[-1.224956,52.921804],[-1.224835,52.921728],[-1.22477,52.921684],[-1.224709,52.921637],[-1.224652,52.921589],[-1.2246,52.921539],[-1.224559,52.921492],[-1.224523,52.921444],[-1.224459,52.921346],[-1.224395,52.921247],[-1.224358,52.921199],[-1.224316,52.921153],[-1.224295,52.921132],[-1.224272,52.921112],[-1.22426,52.921102],[-1.224246,52.921093],[-1.224232,52.921085],[-1.224217,52.921077],[-1.224192,52.921066],[-1.224166,52.921055],[-1.224138,52.921046],[-1.22411,52.921037],[-1.224081,52.92103],[-1.224051,52.921024],[-1.224021,52.921019],[-1.22399,52.921016],[-1.223958,52.921015],[-1.223926,52.921015],[-1.223894,52.921017],[-1.223862,52.92102],[-1.223831,52.921024],[-1.2238,52.92103],[-1.22374,52.921044],[-1.223723,52.921049],[-1.223705,52.921055],[-1.223663,52.921071],[-1.223565,52.921115],[-1.223321,52.921236],[-1.223046,52.921374],[-1.222908,52.921438],[-1.222776,52.921494],[-1.222691,52.921525],[-1.222603,52.921554],[-1.222424,52.921607],[-1.222245,52.92166],[-1.222158,52.92169],[-1.222074,52.921722],[-1.221953,52.921776],[-1.221837,52.921833],[-1.221613,52.921954],[-1.221393,52.922077],[-1.22128,52.922138],[-1.221164,52.922195],[-1.221007,52.922264],[-1.220845,52.922329],[-1.220684,52.922395],[-1.220606,52.92243],[-1.22053,52.922467],[-1.220379,52.922548],[-1.220234,52.922634],[-1.220094,52.922723],[-1.21996,52.922814],[-1.219811,52.922921],[-1.219666,52.92303],[-1.219387,52.923252],[-1.219117,52.923479],[-1.218853,52.923709],[-1.218498,52.924026],[-1.218139,52.924358],[-1.217971,52.924519],[-1.217817,52.92467],[-1.217684,52.924807],[-1.217576,52.924926],[-1.217526,52.92499],[-1.217504,52.925023],[-1.217485,52.925056],[-1.217463,52.925104],[-1.217444,52.925153],[-1.217415,52.925253],[-1.217387,52.925352],[-1.21735,52.92545],[-1.217311,52.925527],[-1.217288,52.925564],[-1.217262,52.925601],[-1.217192,52.925681],[-1.217152,52.925719],[-1.217108,52.925756],[-1.21706,52.925792],[-1.217009,52.925827],[-1.216982,52.925844],[-1.216954,52.925859],[-1.216923,52.925873],[-1.216891,52.925885],[-1.216853,52.925897],[-1.216813,52.925907],[-1.216772,52.925915],[-1.216729,52.925922],[-1.216687,52.925927],[-1.216643,52.92593],[-1.216557,52.925934],[-1.216516,52.925934],[-1.216469,52.925932],[-1.216361,52.925926],[-1.216241,52.925915],[-1.216116,52.925901],[-1.215992,52.925885],[-1.215876,52.925867],[-1.215775,52.925848],[-1.215732,52.925839],[-1.215696,52.92583],[-1.215662,52.92582],[-1.21563,52.925808],[-1.215599,52.925795],[-1.215569,52.925781],[-1.215512,52.925751],[-1.215458,52.925719],[-1.215404,52.925683],[-1.215354,52.925645],[-1.21526,52.925566],[-1.21517,52.925485],[-1.215075,52.925407],[-1.214853,52.92524],[-1.214614,52.925063],[-1.2145,52.924982],[-1.214396,52.924912],[-1.214308,52.924857],[-1.214271,52.924837],[-1.214255,52.924829],[-1.21424,52.924822],[-1.214211,52.92481],[-1.214181,52.9248],[-1.21415,52.92479],[-1.214118,52.924781],[-1.214085,52.924774],[-1.214051,52.924768],[-1.214017,52.924764],[-1.213983,52.924761],[-1.213962,52.92476],[-1.213941,52.924761],[-1.21392,52.924762],[-1.213899,52.924764],[-1.213878,52.924767],[-1.213858,52.92477],[-1.213818,52.924779],[-1.213799,52.924784],[-1.21378,52.92479],[-1.213745,52.924804],[-1.213711,52.924819],[-1.213678,52.924835],[-1.213542,52.924911],[-1.213416,52.924992],[-1.213294,52.925077],[-1.213175,52.925163],[-1.213041,52.925261],[-1.21291,52.92536],[-1.212655,52.925562],[-1.212403,52.925766],[-1.21215,52.925969],[-1.211868,52.926211],[-1.211588,52.926455],[-1.211303,52.926695],[-1.211155,52.926813],[-1.211002,52.926929],[-1.21081,52.927067],[-1.210611,52.927202],[-1.210404,52.927332],[-1.210189,52.927457],[-1.210033,52.927539],[-1.20995,52.927577],[-1.209864,52.927611],[-1.209722,52.927658],[-1.209546,52.927708],[-1.209143,52.927812],[-1.208755,52.927912],[-1.208596,52.927957],[-1.208531,52.927978],[-1.208478,52.927997],[-1.208384,52.928037],[-1.208288,52.928081],[-1.208193,52.928129],[-1.208098,52.92818],[-1.207911,52.928288],[-1.207734,52.928398],[-1.20755,52.928524],[-1.207282,52.928719],[-1.206957,52.92896],[-1.206606,52.929226],[-1.206257,52.929494],[-1.205938,52.929743],[-1.205679,52.929951],[-1.205507,52.930096],[-1.205391,52.930206],[-1.20528,52.930323],[-1.205062,52.93057],[-1.20484,52.930822],[-1.204724,52.930945],[-1.204603,52.931065],[-1.204363,52.931283],[-1.204111,52.931497],[-1.20385,52.931706],[-1.20358,52.931911],[-1.203431,52.932027],[-1.203391,52.932055],[-1.203349,52.932081],[-1.203304,52.932105],[-1.203281,52.932116],[-1.203256,52.932126],[-1.203222,52.932138],[-1.203187,52.932148],[-1.20315,52.932157],[-1.203112,52.932165],[-1.203035,52.932176],[-1.202957,52.932185],[-1.202896,52.932189],[-1.202818,52.932192],[-1.20262,52.932193],[-1.202122,52.932185],[-1.201604,52.932178],[-1.201382,52.932179],[-1.201288,52.932182],[-1.201209,52.932186],[-1.201086,52.932197],[-1.200964,52.932213],[-1.200843,52.932233],[-1.200724,52.932255],[-1.200616,52.932278],[-1.20051,52.932305],[-1.200301,52.932363],[-1.199881,52.932484],[-1.19941,52.932625],[-1.19891,52.932777],[-1.198402,52.932934],[-1.197909,52.933089],[-1.197453,52.933236],[-1.197056,52.933367],[-1.196739,52.933476],[-1.196563,52.933541],[-1.19639,52.93361],[-1.196051,52.933752],[-1.19571,52.933894],[-1.195537,52.933962],[-1.19536,52.934026],[-1.195111,52.934107],[-1.194829,52.934192],[-1.194216,52.934366],[-1.193626,52.934533],[-1.193373,52.934609],[-1.193166,52.934678],[-1.192974,52.93475],[-1.192763,52.934836],[-1.1923,52.935036],[-1.191812,52.935251],[-1.191337,52.935459],[-1.190763,52.935724],[-1.190149,52.936005],[-1.189614,52.936255],[-1.189414,52.936353],[-1.189278,52.936427],[-1.189219,52.936464],[-1.189162,52.936502],[-1.189111,52.936543],[-1.189089,52.936565],[-1.189068,52.936587],[-1.189056,52.936603],[-1.189045,52.936618],[-1.189027,52.936651],[-1.189001,52.936718],[-1.188976,52.936786],[-1.188961,52.93682],[-1.188941,52.936852],[-1.188916,52.936885],[-1.188888,52.936917],[-1.188856,52.936948],[-1.188839,52.936963],[-1.18882,52.936977],[-1.188785,52.937],[-1.18874,52.937025],[-1.188627,52.937082],[-1.188334,52.937217],[-1.188006,52.937368],[-1.187849,52.937445],[-1.187709,52.937521],[-1.187554,52.937611],[-1.187403,52.937705],[-1.187261,52.937803],[-1.187196,52.937854],[-1.187134,52.937907],[-1.187094,52.937946],[-1.187059,52.937987],[-1.187029,52.938029],[-1.187006,52.938073],[-1.186992,52.938113],[-1.186984,52.938153],[-1.186982,52.938194],[-1.186985,52.938234],[-1.186994,52.938274],[-1.187009,52.938313],[-1.187029,52.938352],[-1.187054,52.938389],[-1.187085,52.938427],[-1.187132,52.938477],[-1.187262,52.938605],[-1.187609,52.938927],[-1.187946,52.93924],[-1.188066,52.939357],[-1.188105,52.9394],[-1.188118,52.939416],[-1.188127,52.939429],[-1.188148,52.93947],[-1.188156,52.939491],[-1.188162,52.939513],[-1.188166,52.939534],[-1.188167,52.939556],[-1.188167,52.939578],[-1.188164,52.939599],[-1.188159,52.93962],[-1.188151,52.939641],[-1.188142,52.939662],[-1.18813,52.939683],[-1.188116,52.939703],[-1.1881,52.939722],[-1.188083,52.939741],[-1.188063,52.939759],[-1.188057,52.939764],[-1.188049,52.939769],[-1.188028,52.939782],[-1.187965,52.939818],[-1.187768,52.939921],[-1.187192,52.940209],[-1.186569,52.940522],[-1.186311,52.940656],[-1.186129,52.940759],[-1.185967,52.940865],[-1.185759,52.941012],[-1.185246,52.941389],[-1.184676,52.941815],[-1.184134,52.942217],[-1.183793,52.942456],[-1.183437,52.942709],[-1.183112,52.942933],[-1.182976,52.94302],[-1.182866,52.943084],[-1.182787,52.943123],[-1.182704,52.943158],[-1.182618,52.94319],[-1.182528,52.943219],[-1.182428,52.943246],[-1.182326,52.943269],[-1.182221,52.943288],[-1.182114,52.943303],[-1.182048,52.943309],[-1.181968,52.943314],[-1.181775,52.94332],[-1.181308,52.943325],[-1.180832,52.943331],[-1.180628,52.943337],[-1.180541,52.943342],[-1.180467,52.943348],[-1.180418,52.943353],[-1.180368,52.943359],[-1.180344,52.943363],[-1.180321,52.943368],[-1.180298,52.943374],[-1.180287,52.943378],[-1.180277,52.943382],[-1.180246,52.943396],[-1.180216,52.943411],[-1.180189,52.943428],[-1.180163,52.943446],[-1.180139,52.943465],[-1.180118,52.943485],[-1.180098,52.943505],[-1.18008,52.943526],[-1.18007,52.943539],[-1.180062,52.943552],[-1.18005,52.94358],[-1.180041,52.943608],[-1.180034,52.943636],[-1.180021,52.943693],[-1.180012,52.943722],[-1.179999,52.943749],[-1.179971,52.943794],[-1.179938,52.943839],[-1.179863,52.943925],[-1.179775,52.944018],[-1.179726,52.944063],[-1.179699,52.944084],[-1.17967,52.944104],[-1.17963,52.944129],[-1.179587,52.944152],[-1.179564,52.944163],[-1.17954,52.944172],[-1.179514,52.94418],[-1.179501,52.944183],[-1.179488,52.944186],[-1.179469,52.944189],[-1.179451,52.944192],[-1.179412,52.944195],[-1.179373,52.944197],[-1.179334,52.944196],[-1.179294,52.944194],[-1.179255,52.944191],[-1.179178,52.944181],[-1.179159,52.944178],[-1.179138,52.944173],[-1.179092,52.944162],[-1.178984,52.94413],[-1.178733,52.944045],[-1.178478,52.943959],[-1.178367,52.943926],[-1.178319,52.943914],[-1.178276,52.943906],[-1.178255,52.943903],[-1.17823,52.9439],[-1.178171,52.943895],[-1.178021,52.943888],[-1.177627,52.943879],[-1.177178,52.94387],[-1.176959,52.943862],[-1.176758,52.943851],[-1.176516,52.943832],[-1.176396,52.943818],[-1.176278,52.943801],[-1.176191,52.943785],[-1.176105,52.943767],[-1.176021,52.943746],[-1.175939,52.943722],[-1.175848,52.943691],[-1.175761,52.943658],[-1.175676,52.943621],[-1.175595,52.943582],[-1.175512,52.943537],[-1.175432,52.94349],[-1.175357,52.94344],[-1.175287,52.943388],[-1.175203,52.943315],[-1.175121,52.943236],[-1.174961,52.943061],[-1.174798,52.94288],[-1.174714,52.942792],[-1.174626,52.942707],[-1.174535,52.942625],[-1.17444,52.942544],[-1.174341,52.942465],[-1.174237,52.942389],[-1.174076,52.942283],[-1.173908,52.942181],[-1.173734,52.942082],[-1.173555,52.941987],[-1.173398,52.941909],[-1.173237,52.941835],[-1.173072,52.941763],[-1.172905,52.941693],[-1.172637,52.941585],[-1.172364,52.941481],[-1.172088,52.941381],[-1.171807,52.941286],[-1.171666,52.94124],[-1.171523,52.941196],[-1.171377,52.941156],[-1.171228,52.941121],[-1.17109,52.941095],[-1.17095,52.941073],[-1.170809,52.941055],[-1.170666,52.941041],[-1.170357,52.941018],[-1.170047,52.941002],[-1.169735,52.940995],[-1.169424,52.940998],[-1.169321,52.941002],[-1.169218,52.941009],[-1.169115,52.941019],[-1.169014,52.941032],[-1.168911,52.941048],[-1.16881,52.941068],[-1.16871,52.94109],[-1.168612,52.941114],[-1.168415,52.941171],[-1.168189,52.941244],[-1.16769,52.941415],[-1.167198,52.941585],[-1.16698,52.941655],[-1.166795,52.941708],[-1.166658,52.941742],[-1.16652,52.941773],[-1.166378,52.941799],[-1.166234,52.941817],[-1.166169,52.941822],[-1.16608,52.941825],[-1.165842,52.94183],[-1.165538,52.941833],[-1.165189,52.941833],[-1.164432,52.941826],[-1.163728,52.941814],[-1.163285,52.9418],[-1.162804,52.941778],[-1.161817,52.941726],[-1.160957,52.94168],[-1.160635,52.941666],[-1.16051,52.941663],[-1.160415,52.941663],[-1.160314,52.941666],[-1.160264,52.941671],[-1.160239,52.941674],[-1.160215,52.941679],[-1.160195,52.941684],[-1.160175,52.941689],[-1.160138,52.941702],[-1.160102,52.941716],[-1.160069,52.941733],[-1.160056,52.941741],[-1.160044,52.941749],[-1.160021,52.941766],[-1.160001,52.941785],[-1.159984,52.941804],[-1.159966,52.941829],[-1.15995,52.941855],[-1.159923,52.941908],[-1.159883,52.942018],[-1.159846,52.94213],[-1.159824,52.942184],[-1.159795,52.942238],[-1.159749,52.942307],[-1.159698,52.942375],[-1.159641,52.942442],[-1.159578,52.942506],[-1.159511,52.942566],[-1.159439,52.942623],[-1.159363,52.942678],[-1.159282,52.942731],[-1.159157,52.942803],[-1.159021,52.942868],[-1.158927,52.942907],[-1.15883,52.942944],[-1.158731,52.942978],[-1.158629,52.943009],[-1.158522,52.943037],[-1.158413,52.943061],[-1.158192,52.943104],[-1.157671,52.9432],[-1.157048,52.943308],[-1.155693,52.943532],[-1.154519,52.943725],[-1.154123,52.943793],[-1.153994,52.943818],[-1.153949,52.943827],[-1.153919,52.943835],[-1.153846,52.943858],[-1.153776,52.943886],[-1.15371,52.943916],[-1.153647,52.943949],[-1.153591,52.943983],[-1.153539,52.944019],[-1.153491,52.944056],[-1.153447,52.944096],[-1.153413,52.944132],[-1.153383,52.944169],[-1.153331,52.944245],[-1.153301,52.944294],[-1.153275,52.944344],[-1.153227,52.944445],[-1.153178,52.944546],[-1.153149,52.944596],[-1.153116,52.944644],[-1.153078,52.944692],[-1.153037,52.944738],[-1.15299,52.944783],[-1.152938,52.944825],[-1.152869,52.944872],[-1.152794,52.944916],[-1.152714,52.944956],[-1.152629,52.944992],[-1.152544,52.945022],[-1.152454,52.945048],[-1.152361,52.94507],[-1.152266,52.945086],[-1.152197,52.945094],[-1.152127,52.945099],[-1.151986,52.945104],[-1.151844,52.945103],[-1.151703,52.9451],[-1.151335,52.945085],[-1.150965,52.945061],[-1.150782,52.945046],[-1.150602,52.945028],[-1.150426,52.945008],[-1.150255,52.944986],[-1.150088,52.944959],[-1.149921,52.944927],[-1.149588,52.944853],[-1.149254,52.944778],[-1.149086,52.944744],[-1.148915,52.944716],[-1.148677,52.944682],[-1.148436,52.944654],[-1.148194,52.944633],[-1.148072,52.944626],[-1.14795,52.944623],[-1.147795,52.944624],[-1.147591,52.944632],[-1.147357,52.944643],[-1.147108,52.944658],[-1.146865,52.944676],[-1.146644,52.944694],[-1.146463,52.944712],[-1.146394,52.944721],[-1.146341,52.944729],[-1.146254,52.944747],[-1.146169,52.944769],[-1.146128,52.944783],[-1.146089,52.944797],[-1.146051,52.944813],[-1.146015,52.94483],[-1.145987,52.944845],[-1.145961,52.944862],[-1.145936,52.944879],[-1.145913,52.944898],[-1.145872,52.944936],[-1.145837,52.944977],[-1.145822,52.944999],[-1.14581,52.945021],[-1.14579,52.945067],[-1.145777,52.945113],[-1.145767,52.94516],[-1.145755,52.945244],[-1.145749,52.945328],[-1.145751,52.945496],[-1.145758,52.945665],[-1.145759,52.945749],[-1.145756,52.945833],[-1.145732,52.946091],[-1.1457,52.946348],[-1.145622,52.946863],[-1.145544,52.947378],[-1.145512,52.947635],[-1.145489,52.947893],[-1.145479,52.948125],[-1.145483,52.948358],[-1.145495,52.948531],[-1.145517,52.948703],[-1.145575,52.949074],[-1.145642,52.949452],[-1.145679,52.949637],[-1.145718,52.949815],[-1.145761,52.949983],[-1.145806,52.95014],[-1.145827,52.950199],[-1.14584,52.950228],[-1.145856,52.950257],[-1.145891,52.950307],[-1.145931,52.950356],[-1.146021,52.950451],[-1.146106,52.950547],[-1.146141,52.950596],[-1.146156,52.950621],[-1.146168,52.950646],[-1.146188,52.9507],[-1.146203,52.950761],[-1.146214,52.950826],[-1.146221,52.950895],[-1.146228,52.951037],[-1.146227,52.951175],[-1.146223,52.951252],[-1.146214,52.951329],[-1.146199,52.951406],[-1.146178,52.951482],[-1.146151,52.951555],[-1.146119,52.951627],[-1.146044,52.951769],[-1.145966,52.951911],[-1.145931,52.951983],[-1.1459,52.952055],[-1.145872,52.952143],[-1.145851,52.952232],[-1.145829,52.952321],[-1.145797,52.952408],[-1.14576,52.952482],[-1.145717,52.952554],[-1.14562,52.952697],[-1.145578,52.952751],[-1.145529,52.952806],[-1.145426,52.952915],[-1.145333,52.953019],[-1.145297,52.953068],[-1.145283,52.953091],[-1.145273,52.953113],[-1.145269,52.953124],[-1.145266,52.953135],[-1.145264,52.953147],[-1.145264,52.953158],[-1.145264,52.95317],[-1.145265,52.953181],[-1.145268,52.953193],[-1.145271,52.953204],[-1.145276,52.953216],[-1.145282,52.953227],[-1.145289,52.953239],[-1.145297,52.95325],[-1.145306,52.95326],[-1.145316,52.953271],[-1.145338,52.953291],[-1.145359,52.953307],[-1.145371,52.953314],[-1.145383,52.953321],[-1.145396,52.953328],[-1.14541,52.953334],[-1.145424,52.953339],[-1.145439,52.953344],[-1.145457,52.953348],[-1.145475,52.953351],[-1.145494,52.953354],[-1.145514,52.953355],[-1.145553,52.953356],[-1.145592,52.953356],[-1.145646,52.953354],[-1.145707,52.953348],[-1.145849,52.953332],[-1.146186,52.953283],[-1.146556,52.95323],[-1.14674,52.953208],[-1.146914,52.953193],[-1.147128,52.953185],[-1.147412,52.953183],[-1.148096,52.953186],[-1.148779,52.95319],[-1.149062,52.953188],[-1.149274,52.95318],[-1.149441,52.953165],[-1.149621,52.953144],[-1.149989,52.95309],[-1.150308,52.953043],[-1.150428,52.953029],[-1.150474,52.953026],[-1.150493,52.953026],[-1.150509,52.953026],[-1.150542,52.953028],[-1.150575,52.953032],[-1.150607,52.953037],[-1.150639,52.953043],[-1.15067,52.953051],[-1.1507,52.95306],[-1.150729,52.95307],[-1.150755,52.953082],[-1.150775,52.953093],[-1.150795,52.953106],[-1.150815,52.95312],[-1.150835,52.953136],[-1.150874,52.953171],[-1.150913,52.953209],[-1.150988,52.953292],[-1.151058,52.953373],[-1.151152,52.953481],[-1.151192,52.953537],[-1.151209,52.953566],[-1.151223,52.953595],[-1.151237,52.953634],[-1.151246,52.953673],[-1.151255,52.953752],[-1.15126,52.953911],[-1.151262,52.953997],[-1.151259,52.954085],[-1.151247,52.95426],[-1.15124,52.954432],[-1.151244,52.954516],[-1.151256,52.954596],[-1.151264,52.954629],[-1.151276,52.954661],[-1.151291,52.954693],[-1.15131,52.954724],[-1.151338,52.954761],[-1.15137,52.954797],[-1.151406,52.954832],[-1.151445,52.954865],[-1.151513,52.954918],[-1.151586,52.954968],[-1.151741,52.955064],[-1.151897,52.955159],[-1.151971,52.955209],[-1.15204,52.955261],[-1.152116,52.955329],[-1.152183,52.9554],[-1.152292,52.955534],[-1.152403,52.955683],[-1.15263,52.956016],[-1.15287,52.956365],[-1.152996,52.956536],[-1.153126,52.956699],[-1.153222,52.956809],[-1.153274,52.956862],[-1.153331,52.956914],[-1.153429,52.956994],[-1.153531,52.957073],[-1.153745,52.957226],[-1.15397,52.957373],[-1.154203,52.957515],[-1.154353,52.957599],[-1.154509,52.95768],[-1.154831,52.957834],[-1.155154,52.957988],[-1.155311,52.958068],[-1.155463,52.958151],[-1.155665,52.958274],[-1.155904,52.958429],[-1.156462,52.958806],[-1.157072,52.959219],[-1.157377,52.959419],[-1.15767,52.959606],[-1.15794,52.959769],[-1.15823,52.959939],[-1.158828,52.960279],[-1.159374,52.960591],[-1.159599,52.960725],[-1.159776,52.960838],[-1.159866,52.960902],[-1.159952,52.960969],[-1.160115,52.961105],[-1.160316,52.961279],[-1.160511,52.961456],[-1.1607,52.961635],[-1.160883,52.961816],[-1.160967,52.961908],[-1.161046,52.962003],[-1.161126,52.962096],[-1.161215,52.962187],[-1.161321,52.962282],[-1.161436,52.96238],[-1.161681,52.962577],[-1.161802,52.962668],[-1.161917,52.962751],[-1.162022,52.962822],[-1.162113,52.962878],[-1.162172,52.962909],[-1.162234,52.962938],[-1.1623,52.962964],[-1.162369,52.962987],[-1.162476,52.963016],[-1.162598,52.963043],[-1.162872,52.963093],[-1.163163,52.963143],[-1.163307,52.963169],[-1.163444,52.963197],[-1.164157,52.963353],[-1.164911,52.963525],[-1.165261,52.963607],[-1.165572,52.963683],[-1.165827,52.963748],[-1.166009,52.9638],[-1.166118,52.963835],[-1.166225,52.963873],[-1.166326,52.963915],[-1.166374,52.963938],[-1.166419,52.963963],[-1.166455,52.963985],[-1.166488,52.964009],[-1.166549,52.96406],[-1.166603,52.964113],[-1.166651,52.964168],[-1.166726,52.964267],[-1.166789,52.964369],[-1.166842,52.964473],[-1.166886,52.964578],[-1.166905,52.964641],[-1.166918,52.964704],[-1.166933,52.964831],[-1.166947,52.964959],[-1.166959,52.965022],[-1.166977,52.965085],[-1.167019,52.965192],[-1.16707,52.965299],[-1.16713,52.965403],[-1.167197,52.965506],[-1.167238,52.965558],[-1.167261,52.965584],[-1.167287,52.965608],[-1.167336,52.965649],[-1.16739,52.965687],[-1.167504,52.965762],[-1.167616,52.965837],[-1.167667,52.965877],[-1.167713,52.965919],[-1.167739,52.965948],[-1.167764,52.965981],[-1.167814,52.966056],[-1.167911,52.966229],[-1.168008,52.966401],[-1.168058,52.966477],[-1.168083,52.96651],[-1.168109,52.966539],[-1.168137,52.966567],[-1.168167,52.966594],[-1.168184,52.966607],[-1.168202,52.966618],[-1.168212,52.966624],[-1.168222,52.966629],[-1.168233,52.966634],[-1.168244,52.966638],[-1.168276,52.966648],[-1.16831,52.966657],[-1.168345,52.966663],[-1.168381,52.966668],[-1.168418,52.966672],[-1.168455,52.966674],[-1.168492,52.966674],[-1.168529,52.966673],[-1.168546,52.966672],[-1.168565,52.96667],[-1.168611,52.966665],[-1.168727,52.966646],[-1.168867,52.96662],[-1.169021,52.966588],[-1.169179,52.966553],[-1.16933,52.966517],[-1.169466,52.966481],[-1.169575,52.966448],[-1.169623,52.966431],[-1.169668,52.966411],[-1.169711,52.966389],[-1.169751,52.966366],[-1.169783,52.966345],[-1.169813,52.966321],[-1.169867,52.966273],[-1.169922,52.966225],[-1.169952,52.966203],[-1.169969,52.966192],[-1.169986,52.966182],[-1.170054,52.966147],[-1.170127,52.966115],[-1.170165,52.966101],[-1.170205,52.966088],[-1.170245,52.966076],[-1.170287,52.966067],[-1.17035,52.966056],[-1.170383,52.966053],[-1.170415,52.96605],[-1.170448,52.966049],[-1.170481,52.966049],[-1.170513,52.966051],[-1.170545,52.966055],[-1.170582,52.966062],[-1.170618,52.966071],[-1.170653,52.966082],[-1.170687,52.966094],[-1.170719,52.966108],[-1.170749,52.966124],[-1.170778,52.96614],[-1.170805,52.966157],[-1.170811,52.966161],[-1.170817,52.966166],[-1.170831,52.966178],[-1.170864,52.966211],[-1.170954,52.966311],[-1.171194,52.966603],[-1.171471,52.96695],[-1.17173,52.967269],[-1.173125,52.968783],[-1.173421,52.969131],[-1.17373,52.969489],[-1.174012,52.969826],[-1.17413,52.969975],[-1.174225,52.970107],[-1.174296,52.970223],[-1.174326,52.970283],[-1.174351,52.970343],[-1.174389,52.970461],[-1.17442,52.970587],[-1.174468,52.970845],[-1.174511,52.97108],[-1.174535,52.971177],[-1.174549,52.971219],[-1.174564,52.971255],[-1.174579,52.971284],[-1.174596,52.971313],[-1.174606,52.971327],[-1.174618,52.971341],[-1.174632,52.971353],[-1.17464,52.971359],[-1.174648,52.971365],[-1.174673,52.97138],[-1.1747,52.971393],[-1.174729,52.971404],[-1.17476,52.971415],[-1.174792,52.971424],[-1.174825,52.971432],[-1.174892,52.971445],[-1.174928,52.97145],[-1.174967,52.971453],[-1.175055,52.971457],[-1.175255,52.971456],[-1.175471,52.971452],[-1.175577,52.971452],[-1.175678,52.971456],[-1.175865,52.971469],[-1.175957,52.971479],[-1.176003,52.971486],[-1.176047,52.971495],[-1.176122,52.971514],[-1.176195,52.971537],[-1.176334,52.97159],[-1.176473,52.971645],[-1.176544,52.97167],[-1.176617,52.971692],[-1.176771,52.971731],[-1.176927,52.971766],[-1.177246,52.971829],[-1.177567,52.971887],[-1.177887,52.971947],[-1.178367,52.972055],[-1.178849,52.972161],[-1.179328,52.972272],[-1.179565,52.97233],[-1.179799,52.972393],[-1.179937,52.972432],[-1.180004,52.972454],[-1.180036,52.972467],[-1.180067,52.97248],[-1.180113,52.972502],[-1.180158,52.972527],[-1.180178,52.97254],[-1.180198,52.972553],[-1.180216,52.972567],[-1.180232,52.972582],[-1.180246,52.972596],[-1.180258,52.972611],[-1.180269,52.972627],[-1.180279,52.972642],[-1.180294,52.972674],[-1.180305,52.972707],[-1.180309,52.97273],[-1.18031,52.972753],[-1.180308,52.972777],[-1.180303,52.9728],[-1.180296,52.972823],[-1.180286,52.972845],[-1.180274,52.972868],[-1.180259,52.972889],[-1.180235,52.972917],[-1.180208,52.972943],[-1.180147,52.972994],[-1.180041,52.973072],[-1.179929,52.973148],[-1.179695,52.973293],[-1.179459,52.973438],[-1.179345,52.973512],[-1.179235,52.973589],[-1.179065,52.973717],[-1.1789,52.973847],[-1.178743,52.97398],[-1.178594,52.974117],[-1.178431,52.974283],[-1.17828,52.974454],[-1.178136,52.974627],[-1.177997,52.974801],[-1.177906,52.974919],[-1.17782,52.975038],[-1.177657,52.975278],[-1.177582,52.975399],[-1.177511,52.975522],[-1.177372,52.975767],[-1.177272,52.975962],[-1.177223,52.97606],[-1.177178,52.976159],[-1.17712,52.976302],[-1.177068,52.976445],[-1.17702,52.976589],[-1.176976,52.976733],[-1.17693,52.976902],[-1.176888,52.977071],[-1.176852,52.977241],[-1.176822,52.977411],[-1.176797,52.977587],[-1.176777,52.977764],[-1.176763,52.97794],[-1.176754,52.978117],[-1.176754,52.978345],[-1.176766,52.978573],[-1.176791,52.978812],[-1.176829,52.979051],[-1.176859,52.979196],[-1.176894,52.979341],[-1.176933,52.979486],[-1.176977,52.97963],[-1.177057,52.97986],[-1.177102,52.979974],[-1.177151,52.980088],[-1.177208,52.980209],[-1.177268,52.98033],[-1.177333,52.98045],[-1.177404,52.980568],[-1.177479,52.980683],[-1.177558,52.980797],[-1.177643,52.980909],[-1.177733,52.98102],[-1.177869,52.981174],[-1.178014,52.981324],[-1.178309,52.981624],[-1.17941,52.982668],[-1.180277,52.983416],[-1.181199,52.984217],[-1.18201,52.984913],[-1.182322,52.985174],[-1.182544,52.985351],[-1.182725,52.985483],[-1.182924,52.985621],[-1.18336,52.98591],[-1.183819,52.986206],[-1.184267,52.986499],[-1.185481,52.987245],[-1.186777,52.988046],[-1.187909,52.988738],[-1.188335,52.988994],[-1.188627,52.989161],[-1.188735,52.98922],[-1.188844,52.989278],[-1.188958,52.989332],[-1.189017,52.989357],[-1.189079,52.98938],[-1.189227,52.989428],[-1.18938,52.989469],[-1.189539,52.989503],[-1.189701,52.989528],[-1.189787,52.989537],[-1.189873,52.989544],[-1.190048,52.989549],[-1.190224,52.989549],[-1.190399,52.989546],[-1.19061,52.989539],[-1.190985,52.989522],[-1.192135,52.989463],[-1.193669,52.989379],[-1.195406,52.989282],[-1.197165,52.989181],[-1.198766,52.989087],[-1.200027,52.989009],[-1.200474,52.988979],[-1.200769,52.988958],[-1.200933,52.988945],[-1.201014,52.988936],[-1.201094,52.988924],[-1.201164,52.98891],[-1.201232,52.988894],[-1.201365,52.988857],[-1.201499,52.98882],[-1.201566,52.988802],[-1.201635,52.988787],[-1.20184,52.988747],[-1.201944,52.988731],[-1.201997,52.988726],[-1.20205,52.988722],[-1.202093,52.988721],[-1.202136,52.988721],[-1.202222,52.988724],[-1.202392,52.98874],[-1.202589,52.988765],[-1.202799,52.988798],[-1.203226,52.988874],[-1.203603,52.988943],[-1.203751,52.988966],[-1.203812,52.988973],[-1.203862,52.988977],[-1.203887,52.988978],[-1.203918,52.988977],[-1.203994,52.988975],[-1.204202,52.988961],[-1.204774,52.988914],[-1.205439,52.988861],[-1.205764,52.988839],[-1.20606,52.988825],[-1.206326,52.98882],[-1.206593,52.98882],[-1.207126,52.988825]],[[-1.193516,52.896248],[-1.192952,52.896534],[-1.192349,52.896843],[-1.191825,52.897106],[-1.191629,52.897199],[-1.191553,52.897232],[-1.191496,52.897255],[-1.191423,52.897281],[-1.191348,52.897304],[-1.191309,52.897313],[-1.191269,52.897322],[-1.191229,52.897328],[-1.191188,52.897332],[-1.191184,52.897332],[-1.191178,52.897332],[-1.191164,52.897332],[-1.191121,52.89733],[-1.190988,52.897319],[-1.190552,52.897277],[-1.189243,52.89714],[-1.187799,52.896991],[-1.187195,52.896932],[-1.186952,52.896911],[-1.18676,52.896896],[-1.186512,52.896883],[-1.186263,52.896874],[-1.185765,52.896859],[-1.184657,52.896848],[-1.183454,52.896833],[-1.182441,52.896825],[-1.182095,52.896827],[-1.181978,52.896829],[-1.181935,52.896831],[-1.181904,52.896833],[-1.181841,52.89684],[-1.18178,52.896851],[-1.18172,52.896864],[-1.181662,52.89688],[-1.181566,52.896912],[-1.181463,52.89695],[-1.181355,52.896993],[-1.181246,52.897039],[-1.181138,52.897089],[-1.181034,52.89714],[-1.180935,52.897191],[-1.180845,52.897242],[-1.180812,52.897263],[-1.180782,52.897284],[-1.180754,52.897308],[-1.18073,52.897332],[-1.180713,52.897353],[-1.180698,52.897374],[-1.180687,52.897396],[-1.180678,52.897418],[-1.180669,52.897451],[-1.180663,52.897488],[-1.180655,52.897573],[-1.180652,52.897771],[-1.180653,52.897987],[-1.180648,52.898093],[-1.180638,52.898194],[-1.180617,52.898316],[-1.18059,52.898438],[-1.180557,52.898559],[-1.180519,52.89868],[-1.18048,52.898788],[-1.180436,52.898896],[-1.180336,52.89911],[-1.180275,52.899228],[-1.18021,52.899346],[-1.180141,52.899462],[-1.180067,52.899578],[-1.179911,52.899804],[-1.179723,52.900058],[-1.179286,52.900628],[-1.17882,52.901235],[-1.178596,52.901537],[-1.178389,52.901829],[-1.178323,52.901931],[-1.17826,52.902033],[-1.178198,52.902135],[-1.178132,52.902237],[-1.177914,52.902545],[-1.177687,52.90285],[-1.177228,52.903459],[-1.176745,52.904061],[-1.176507,52.904363],[-1.176277,52.904667],[-1.175993,52.90507],[-1.17563,52.905607],[-1.174789,52.906874],[-1.174001,52.908064],[-1.173704,52.908502],[-1.173593,52.90866],[-1.173513,52.908768],[-1.173415,52.90889],[-1.173312,52.909011],[-1.173202,52.909129],[-1.173084,52.909245],[-1.172945,52.909369],[-1.172799,52.90949],[-1.172645,52.909608],[-1.172483,52.909721],[-1.172272,52.909856],[-1.172052,52.909986],[-1.171825,52.910111],[-1.171592,52.910232],[-1.171344,52.910356],[-1.171058,52.910494],[-1.170753,52.910637],[-1.170449,52.910777],[-1.170166,52.910904],[-1.169924,52.911009],[-1.169743,52.911084],[-1.169681,52.911107],[-1.169659,52.911114],[-1.16965,52.911117],[-1.169642,52.911119],[-1.169613,52.911125],[-1.169583,52.911129],[-1.169552,52.911132],[-1.169521,52.911133],[-1.16949,52.911133],[-1.169459,52.911133],[-1.169397,52.911128],[-1.169347,52.911121],[-1.169322,52.911117],[-1.169298,52.911111],[-1.169274,52.911105],[-1.169251,52.911097],[-1.169229,52.911089],[-1.169209,52.91108],[-1.169197,52.911074],[-1.169185,52.911066],[-1.169157,52.911046],[-1.169095,52.910993],[-1.168952,52.910853],[-1.168806,52.910711],[-1.16874,52.910655],[-1.16871,52.910633],[-1.168696,52.910624],[-1.168683,52.910616],[-1.168659,52.910604],[-1.168633,52.910592],[-1.168606,52.910582],[-1.168578,52.910573],[-1.168549,52.910564],[-1.16852,52.910557],[-1.168489,52.91055],[-1.168459,52.910545],[-1.168435,52.910542],[-1.16841,52.910539],[-1.168385,52.910538],[-1.16836,52.910537],[-1.168335,52.910537],[-1.16831,52.910538],[-1.16826,52.910542],[-1.168239,52.910545],[-1.168217,52.910548],[-1.168165,52.910559],[-1.168043,52.910588],[-1.167747,52.910671],[-1.167437,52.910757],[-1.167296,52.910791],[-1.167232,52.910804],[-1.167175,52.910814],[-1.167118,52.910822],[-1.167054,52.910828],[-1.166912,52.910839],[-1.166583,52.910853],[-1.166228,52.910867],[-1.166053,52.910876],[-1.165887,52.910888],[-1.165561,52.910921],[-1.1654,52.910941],[-1.165239,52.910963],[-1.164783,52.911037],[-1.164085,52.911158],[-1.163234,52.91131],[-1.162315,52.911477],[-1.161415,52.911643],[-1.160621,52.911792],[-1.160018,52.911909],[-1.159816,52.91195],[-1.159695,52.911977],[-1.159564,52.912011],[-1.159436,52.912049],[-1.159312,52.912091],[-1.159194,52.912139],[-1.159134,52.912168],[-1.159078,52.912199],[-1.158975,52.912268],[-1.158931,52.912302],[-1.15889,52.912337],[-1.158816,52.912411],[-1.158756,52.912488],[-1.158708,52.912568],[-1.158688,52.912614],[-1.158673,52.91266],[-1.158648,52.912753],[-1.158615,52.912898],[-1.158586,52.913043],[-1.158536,52.913333],[-1.158493,52.913624],[-1.158446,52.913915],[-1.158226,52.915529],[-1.157618,52.918667],[-1.156959,52.922083],[-1.156401,52.924943],[-1.156207,52.925903],[-1.15614,52.92622],[-1.156095,52.926411],[-1.156028,52.926636],[-1.155946,52.92686],[-1.155896,52.926979],[-1.15584,52.927097],[-1.155722,52.927333],[-1.155607,52.927568],[-1.155556,52.927687],[-1.155512,52.927807],[-1.155468,52.927958],[-1.155428,52.928134],[-1.155351,52.928533],[-1.155273,52.92896],[-1.155229,52.929171],[-1.15518,52.929372],[-1.155111,52.929621],[-1.155037,52.92987],[-1.154878,52.930366],[-1.154713,52.930862],[-1.154551,52.931358],[-1.154209,52.932232],[-1.154003,52.93267],[-1.153778,52.93314],[-1.153591,52.933546],[-1.153529,52.933696],[-1.153509,52.933752],[-1.153497,52.933794],[-1.153492,52.933828],[-1.153492,52.933862],[-1.153495,52.933896],[-1.153502,52.93393],[-1.153509,52.933954],[-1.153518,52.933978],[-1.153531,52.934001],[-1.153546,52.934023],[-1.153576,52.934058],[-1.15361,52.934092],[-1.153649,52.934123],[-1.15367,52.934138],[-1.153693,52.934152],[-1.153702,52.934157],[-1.153713,52.934162],[-1.153743,52.934176],[-1.153829,52.934212],[-1.15409,52.934314],[-1.154821,52.934587],[-1.155554,52.934861],[-1.155819,52.934964],[-1.155907,52.935001],[-1.155939,52.935015],[-1.15596,52.935026],[-1.156002,52.935052],[-1.15604,52.93508],[-1.156073,52.93511],[-1.156101,52.935142],[-1.156109,52.935154],[-1.156117,52.935166],[-1.156129,52.935191],[-1.156137,52.935216],[-1.156142,52.935242],[-1.156143,52.935262],[-1.156142,52.935283],[-1.156138,52.935303],[-1.156131,52.935323],[-1.156115,52.935356],[-1.156095,52.935389],[-1.156046,52.935452],[-1.155957,52.935551],[-1.15586,52.935649],[-1.155652,52.935839],[-1.155442,52.93603],[-1.155342,52.936127],[-1.155249,52.936226],[-1.155169,52.936324],[-1.155101,52.936426],[-1.155064,52.936495],[-1.155022,52.936584],[-1.15492,52.936815],[-1.154679,52.937407],[-1.154428,52.938019],[-1.154315,52.938277],[-1.15422,52.938472],[-1.154156,52.93858],[-1.15408,52.938686],[-1.153982,52.938802],[-1.153876,52.938917],[-1.15365,52.939148],[-1.153413,52.939378],[-1.153182,52.939608],[-1.149759,52.943512],[-1.149611,52.943677],[-1.14946,52.943841],[-1.149314,52.944006],[-1.149245,52.94409],[-1.14918,52.944175],[-1.149148,52.944223],[-1.14912,52.944273],[-1.149071,52.944374],[-1.149017,52.944473],[-1.148984,52.94452],[-1.148965,52.944543],[-1.148944,52.944565],[-1.148912,52.944594],[-1.148875,52.944621],[-1.148856,52.944633],[-1.148834,52.944645],[-1.148812,52.944656],[-1.148789,52.944666],[-1.148762,52.944676],[-1.148735,52.944684],[-1.148706,52.944692],[-1.148676,52.944699],[-1.148616,52.944709],[-1.148554,52.944716],[-1.148476,52.944722],[-1.148437,52.944723],[-1.148398,52.944723],[-1.148359,52.944722],[-1.14832,52.944719],[-1.148282,52.944715],[-1.148245,52.944708],[-1.148232,52.944705],[-1.14822,52.944701],[-1.148208,52.944697],[-1.148197,52.944693],[-1.148174,52.944683],[-1.148153,52.944673],[-1.148111,52.94465],[-1.148091,52.944639],[-1.148069,52.944629]],[[-1.168124,52.966557],[-1.168207,52.96664],[-1.168247,52.966682],[-1.168284,52.966725],[-1.168338,52.966796],[-1.168388,52.966867],[-1.168481,52.967012],[-1.16857,52.967158],[-1.168661,52.967304],[-1.170295,52.969986],[-1.170523,52.970353],[-1.170767,52.970752],[-1.170979,52.971086],[-1.171057,52.971199],[-1.171087,52.971236],[-1.171099,52.97125],[-1.171104,52.971255],[-1.171109,52.971259],[-1.171118,52.971266],[-1.171129,52.971273],[-1.17114,52.971279],[-1.171152,52.971285],[-1.171164,52.97129],[-1.171177,52.971295],[-1.17119,52.971299],[-1.171204,52.971303],[-1.171223,52.971308],[-1.171242,52.971311],[-1.171261,52.971315],[-1.171281,52.971317],[-1.171301,52.971319],[-1.171321,52.97132],[-1.171341,52.97132],[-1.171361,52.97132],[-1.171392,52.971318],[-1.171424,52.971315],[-1.171485,52.971307],[-1.171545,52.971295],[-1.171605,52.971281],[-1.171725,52.971254],[-1.171786,52.971243],[-1.171817,52.971238],[-1.171848,52.971235],[-1.171926,52.971229],[-1.172005,52.971227],[-1.172084,52.971228],[-1.172162,52.971233],[-1.172233,52.971242],[-1.172303,52.971255],[-1.172371,52.971272],[-1.172437,52.971291],[-1.172497,52.971312],[-1.172553,52.971336],[-1.172661,52.971389],[-1.172769,52.971442],[-1.172826,52.971466],[-1.172856,52.971477],[-1.172886,52.971487],[-1.172949,52.971505],[-1.173015,52.971519],[-1.173083,52.971531],[-1.173151,52.971539],[-1.173219,52.971544],[-1.17331,52.97155],[-1.173547,52.971558],[-1.173834,52.971565],[-1.174143,52.97157],[-1.174446,52.971572],[-1.174715,52.971572],[-1.174922,52.971568],[-1.174994,52.971565],[-1.17502,52.971563],[-1.175031,52.971561],[-1.175039,52.97156],[-1.175062,52.971557],[-1.175084,52.971552],[-1.175127,52.971541],[-1.175168,52.971528],[-1.175209,52.971513],[-1.175289,52.971482],[-1.17537,52.971453]],[[-1.188837,52.989275],[-1.188723,52.989214],[-1.188713,52.98921],[-1.188708,52.989208],[-1.188703,52.989206],[-1.188698,52.989204],[-1.188696,52.989203],[-1.188695,52.989202],[-1.188694,52.989201],[-1.188692,52.9892],[-1.18869,52.989199],[-1.188689,52.989198],[-1.188689,52.989197],[-1.188688,52.989197],[-1.188687,52.989196],[-1.188687,52.989195],[-1.188687,52.989194],[-1.188686,52.989193],[-1.188686,52.989192],[-1.188686,52.989191],[-1.188686,52.989189],[-1.188686,52.989188],[-1.188686,52.989187],[-1.188686,52.989185],[-1.188687,52.989182],[-1.188689,52.989178],[-1.188691,52.989175],[-1.188693,52.989168],[-1.188697,52.989154],[-1.188699,52.98914],[-1.188699,52.989136],[-1.188699,52.989132],[-1.188698,52.98913],[-1.188698,52.989128],[-1.188697,52.989126],[-1.188697,52.989124],[-1.188697,52.98912],[-1.188697,52.989119],[-1.188697,52.989118],[-1.188698,52.989117],[-1.188698,52.989116],[-1.188699,52.989116],[-1.188699,52.989115],[-1.1887,52.989115],[-1.188702,52.989114],[-1.188703,52.989113],[-1.188704,52.989113],[-1.188704,52.989112],[-1.188705,52.989112],[-1.188706,52.989112],[-1.188707,52.989112],[-1.188708,52.989112],[-1.188709,52.989112],[-1.18871,52.989112],[-1.188712,52.989112],[-1.188712,52.989113],[-1.188713,52.989113],[-1.188714,52.989113],[-1.188715,52.989113],[-1.188716,52.989113],[-1.188717,52.989114],[-1.188718,52.989115],[-1.188719,52.989115],[-1.188723,52.989118],[-1.188725,52.98912],[-1.188727,52.989122],[-1.188728,52.989124],[-1.18873,52.989126],[-1.188734,52.989129],[-1.188738,52.989132],[-1.188891,52.989237],[-1.189064,52.989347],[-1.189449,52.989581],[-1.189859,52.989823],[-1.190257,52.990061],[-1.190798,52.990404],[-1.191341,52.990745],[-1.191879,52.99109],[-1.192144,52.991264],[-1.192406,52.99144],[-1.19263,52.991598],[-1.192845,52.99176],[-1.193015,52.991893],[-1.193182,52.992028],[-1.193345,52.992165],[-1.193501,52.992304],[-1.193731,52.992522],[-1.193952,52.992744],[-1.194165,52.992968],[-1.194368,52.993196],[-1.194486,52.993336],[-1.194598,52.993479],[-1.194705,52.993622],[-1.194808,52.993767],[-1.19491,52.993917],[-1.195008,52.994069],[-1.195101,52.994221],[-1.195189,52.994375],[-1.195267,52.994519],[-1.195341,52.994665],[-1.195476,52.994957],[-1.195576,52.995197],[-1.195621,52.995317],[-1.195661,52.995438],[-1.19572,52.99564],[-1.195773,52.995844],[-1.195817,52.996048],[-1.195854,52.996252],[-1.195874,52.996411],[-1.195885,52.99657],[-1.195904,52.996888],[-1.195908,52.997243],[-1.195909,52.99742],[-1.195903,52.997597],[-1.195881,52.997957],[-1.19585,52.998316],[-1.195807,52.998675],[-1.195779,52.998854],[-1.195746,52.999033],[-1.195714,52.999164],[-1.19567,52.999294],[-1.195626,52.999388],[-1.195572,52.999481],[-1.195521,52.999556],[-1.195465,52.99963],[-1.195408,52.999703],[-1.195355,52.999778],[-1.195252,52.999947],[-1.195156,53.000118],[-1.195061,53.000289],[-1.194957,53.000458],[-1.194848,53.000619],[-1.194733,53.000779],[-1.194613,53.000937],[-1.194488,53.001094],[-1.194244,53.001381],[-1.193894,53.001776],[-1.192975,53.002791],[-1.191925,53.00394],[-1.190941,53.005022],[-1.190842,53.00514],[-1.19074,53.005257],[-1.190643,53.005376],[-1.190555,53.005497],[-1.190522,53.005552],[-1.190493,53.005609],[-1.190442,53.005722],[-1.19039,53.005836],[-1.19036,53.005892],[-1.190325,53.005947],[-1.190268,53.006022],[-1.190204,53.006095],[-1.190065,53.006237],[-1.189925,53.006379],[-1.189859,53.006452],[-1.1898,53.006526],[-1.189726,53.00663],[-1.189657,53.006735],[-1.18953,53.006949],[-1.189413,53.007165],[-1.189301,53.007381],[-1.189226,53.007532],[-1.189155,53.007683],[-1.189024,53.007988],[-1.188895,53.008314],[-1.188772,53.00864],[-1.188538,53.009295],[-1.188311,53.009951],[-1.188081,53.010607],[-1.187437,53.012837],[-1.187315,53.013187],[-1.187257,53.013363],[-1.187206,53.013539],[-1.187178,53.013656],[-1.187153,53.013774],[-1.187134,53.013893],[-1.187121,53.014011],[-1.187118,53.014071],[-1.18712,53.014131],[-1.18713,53.014251],[-1.187137,53.014371],[-1.187136,53.01443],[-1.18713,53.01449],[-1.18712,53.014539],[-1.187105,53.014589],[-1.187069,53.014686],[-1.187031,53.014783],[-1.187,53.014881],[-1.186974,53.014999],[-1.186953,53.015118],[-1.186937,53.015237],[-1.186927,53.015356],[-1.186922,53.015545],[-1.186924,53.015762],[-1.186945,53.016253],[-1.186976,53.016776],[-1.187002,53.017283],[-1.187098,53.023283],[-1.187191,53.024645],[-1.187232,53.024956],[-1.187271,53.025268],[-1.187315,53.025579],[-1.187342,53.025734],[-1.187372,53.025889],[-1.18744,53.026186],[-1.187517,53.026483],[-1.187604,53.026779],[-1.187701,53.027073],[-1.187796,53.027342],[-1.187898,53.027611],[-1.188012,53.027877],[-1.188074,53.02801],[-1.188141,53.028141],[-1.188199,53.028243],[-1.188263,53.028343],[-1.188403,53.028541],[-1.188449,53.028598],[-1.188499,53.028654],[-1.188548,53.02871],[-1.188591,53.028768],[-1.18865,53.028865],[-1.188703,53.028964],[-1.188796,53.029163],[-1.188885,53.029363],[-1.188934,53.029463],[-1.188987,53.029561],[-1.189106,53.029749],[-1.189237,53.029935],[-1.189362,53.030099],[-1.189544,53.030331],[-1.190056,53.030972],[-1.191508,53.032761],[-1.193212,53.034851],[-1.19479,53.036791],[-1.196018,53.038429]]]}},{"type":"Feature","properties":{"r":"UK","g":"uk","col":"#5cc8ff","n":"Seaton Tramway","ct":"英国其他","jk":"urban"},"geometry":{"type":"LineString","coordinates":[[-3.062501,50.742074],[-3.061464,50.740469],[-3.059794,50.737717],[-3.05968,50.737511],[-3.059624,50.737407],[-3.059574,50.737303],[-3.05949,50.737099],[-3.059416,50.736894],[-3.059349,50.736688],[-3.059285,50.736481],[-3.059161,50.73606],[-3.059014,50.735534],[-3.058852,50.734937],[-3.058686,50.734308],[-3.058524,50.733682],[-3.058377,50.733095],[-3.058254,50.732585],[-3.058164,50.732187],[-3.058108,50.731911],[-3.058057,50.731634],[-3.058015,50.731357],[-3.057982,50.731079],[-3.057963,50.73084],[-3.05795,50.730594],[-3.057937,50.730085],[-3.057932,50.729567],[-3.057923,50.729053],[-3.057932,50.728936],[-3.057944,50.728819],[-3.057951,50.728703],[-3.05795,50.728644],[-3.057945,50.728586],[-3.057941,50.728565],[-3.057936,50.728545],[-3.057921,50.728504],[-3.057906,50.728464],[-3.0579,50.728444],[-3.057896,50.728423],[-3.057884,50.728318],[-3.057879,50.728212],[-3.057882,50.727999],[-3.057893,50.727784],[-3.0579,50.72757],[-3.057923,50.727178],[-3.057937,50.726983],[-3.057957,50.726787],[-3.05799,50.726569],[-3.058029,50.726351],[-3.058113,50.725915],[-3.058986,50.722569],[-3.059086,50.722111],[-3.059156,50.721658],[-3.059188,50.721432],[-3.059212,50.721205],[-3.059233,50.72088],[-3.059244,50.720555],[-3.059245,50.72023],[-3.059236,50.719905],[-3.059225,50.71972],[-3.05921,50.719534],[-3.059169,50.719164],[-3.059123,50.718794],[-3.059079,50.718424],[-3.059031,50.71777],[-3.059009,50.717443],[-3.058997,50.717116],[-3.058995,50.716925],[-3.058998,50.716734],[-3.059004,50.716543],[-3.059016,50.716352],[-3.059032,50.716167],[-3.059051,50.715982],[-3.059098,50.715612],[-3.05915,50.715242],[-3.059199,50.714872],[-3.05972,50.711875],[-3.060462,50.708309],[-3.060477,50.708174],[-3.060487,50.708038],[-3.060506,50.707904],[-3.060521,50.707837],[-3.060542,50.707771],[-3.060551,50.70775],[-3.060562,50.707729],[-3.060576,50.707709],[-3.060592,50.70769],[-3.060605,50.707676],[-3.060619,50.707663],[-3.060627,50.707657],[-3.060636,50.707651],[-3.060645,50.707646],[-3.06065,50.707643],[-3.060655,50.707641],[-3.060661,50.707639],[-3.060667,50.707637],[-3.060679,50.707633],[-3.060692,50.70763],[-3.060706,50.707627],[-3.060733,50.707624],[-3.060761,50.707621],[-3.060776,50.70762],[-3.060798,50.707619],[-3.060857,50.707619],[-3.06104,50.70762],[-3.061615,50.707631],[-3.063263,50.707671],[-3.064918,50.707712],[-3.065503,50.707723],[-3.065692,50.707724],[-3.065755,50.707723],[-3.065795,50.707722],[-3.065826,50.70772],[-3.065857,50.707717],[-3.065872,50.707715],[-3.065887,50.707712],[-3.065894,50.70771],[-3.065901,50.707708],[-3.065908,50.707706],[-3.065914,50.707703],[-3.065923,50.707699],[-3.065931,50.707694],[-3.065939,50.707689],[-3.065947,50.707684],[-3.065961,50.707673],[-3.065973,50.707661],[-3.065985,50.707648],[-3.065995,50.707635],[-3.066012,50.707609],[-3.066018,50.707597],[-3.066024,50.707582],[-3.066036,50.707541],[-3.066059,50.707428],[-3.066109,50.707111],[-3.066168,50.706748],[-3.066202,50.706579],[-3.066241,50.706432],[-3.066266,50.706364],[-3.066282,50.706331],[-3.0663,50.706298],[-3.06632,50.706267],[-3.066326,50.70626],[-3.066332,50.706253],[-3.066339,50.706246],[-3.066347,50.706239],[-3.066369,50.706223],[-3.066381,50.706216],[-3.066394,50.706208],[-3.066407,50.706202],[-3.066421,50.706196],[-3.066428,50.706194],[-3.066436,50.706192],[-3.066443,50.70619],[-3.066451,50.706188],[-3.066457,50.706187],[-3.066463,50.706186],[-3.066476,50.706185],[-3.066491,50.706184],[-3.066508,50.706184],[-3.066547,50.706185],[-3.066591,50.706187],[-3.066801,50.706205],[-3.067019,50.706224],[-3.067111,50.706227],[-3.067149,50.706227],[-3.067166,50.706226],[-3.067181,50.706224],[-3.067199,50.706221],[-3.067218,50.706218],[-3.067235,50.706214],[-3.067253,50.706209],[-3.06727,50.706203],[-3.067285,50.706197],[-3.067293,50.706193],[-3.0673,50.706189],[-3.067307,50.706185],[-3.067313,50.706181],[-3.06732,50.706175],[-3.067327,50.706169],[-3.067333,50.706163],[-3.067338,50.706156],[-3.067347,50.706143],[-3.067354,50.706128],[-3.067376,50.706069],[-3.067404,50.705985],[-3.067425,50.7059],[-3.067455,50.705728],[-3.067486,50.705557],[-3.067508,50.705472],[-3.067538,50.705388],[-3.067587,50.705292],[-3.067646,50.705198],[-3.067709,50.705105],[-3.06777,50.705012]]}},{"type":"Feature","properties":{"r":"UK","g":"uk","col":"#70706f","n":"Glasgow Subway","ct":"格拉斯哥","jk":"subway","nz":"格拉斯哥地铁"},"geometry":{"type":"LineString","coordinates":[[-4.310642,55.862394],[-4.309413,55.860536],[-4.308108,55.858545],[-4.306955,55.856821],[-4.306506,55.856185],[-4.306181,55.855766],[-4.306034,55.855606],[-4.305874,55.855451],[-4.305701,55.855299],[-4.305517,55.855152],[-4.305364,55.855039],[-4.305202,55.854929],[-4.305031,55.854824],[-4.304848,55.854726],[-4.304455,55.854542],[-4.304043,55.854372],[-4.303612,55.854217],[-4.303162,55.854081],[-4.302969,55.854033],[-4.302728,55.853982],[-4.30212,55.85387],[-4.300556,55.853614],[-4.298811,55.853324],[-4.297979,55.853172],[-4.297229,55.853017],[-4.296686,55.852886],[-4.296153,55.852742],[-4.295103,55.852437],[-4.294432,55.852232],[-4.293748,55.852012],[-4.292377,55.851556],[-4.291069,55.851129],[-4.290464,55.850946],[-4.289904,55.850794],[-4.289375,55.850667],[-4.288835,55.850553],[-4.288287,55.850454],[-4.287729,55.850376],[-4.287443,55.850347],[-4.287034,55.850314],[-4.285907,55.850238],[-4.284472,55.850154],[-4.282851,55.850067],[-4.281168,55.849985],[-4.279545,55.849914],[-4.278106,55.849859],[-4.276975,55.849828],[-4.275998,55.849821],[-4.27496,55.849832],[-4.272827,55.849883],[-4.270822,55.849932],[-4.269944,55.849941],[-4.269192,55.849931],[-4.268819,55.849912],[-4.268439,55.849881],[-4.267678,55.849803],[-4.266942,55.849733],[-4.266593,55.849714],[-4.266425,55.849709],[-4.266262,55.84971],[-4.266069,55.849716],[-4.265876,55.849728],[-4.265493,55.849765],[-4.265116,55.849818],[-4.264746,55.849884],[-4.264304,55.849982],[-4.263745,55.850122],[-4.263099,55.850296],[-4.262392,55.850496],[-4.260911,55.850938],[-4.259526,55.851379],[-4.259118,55.851516],[-4.258923,55.851591],[-4.25883,55.851632],[-4.258742,55.851676],[-4.258539,55.851792],[-4.258353,55.851916],[-4.258267,55.851982],[-4.258187,55.852049],[-4.258113,55.852119],[-4.258045,55.85219],[-4.258013,55.852229],[-4.257979,55.852275],[-4.257907,55.852387],[-4.257747,55.852679],[-4.257379,55.853456],[-4.256973,55.854348],[-4.256766,55.854782],[-4.256561,55.855179],[-4.256271,55.85567],[-4.255961,55.856157],[-4.255659,55.856646],[-4.25552,55.856892],[-4.255394,55.857141],[-4.255124,55.857762],[-4.25478,55.858629],[-4.254396,55.859648],[-4.254003,55.860727],[-4.253636,55.861773],[-4.253328,55.862692],[-4.253111,55.863393],[-4.253048,55.863632],[-4.253029,55.863719],[-4.25302,55.863782],[-4.253016,55.863879],[-4.253019,55.863976],[-4.253047,55.86417],[-4.253095,55.864363],[-4.253158,55.864554],[-4.253215,55.864697],[-4.253285,55.864838],[-4.253458,55.865114],[-4.253658,55.865368],[-4.253773,55.865492],[-4.253899,55.865611],[-4.254041,55.865732],[-4.254194,55.86585],[-4.254358,55.865962],[-4.254537,55.866067],[-4.254838,55.86622],[-4.255157,55.866362],[-4.255493,55.866489],[-4.255668,55.866547],[-4.255848,55.866599],[-4.255936,55.866621],[-4.256025,55.866641],[-4.256208,55.866675],[-4.256583,55.866727],[-4.256962,55.866775],[-4.257149,55.866804],[-4.257331,55.86684],[-4.257545,55.866889],[-4.257755,55.866943],[-4.257959,55.867004],[-4.258057,55.867038],[-4.258152,55.867074],[-4.2583,55.867138],[-4.258455,55.867212],[-4.258783,55.867387],[-4.259489,55.867805],[-4.260222,55.868238],[-4.260585,55.868432],[-4.260763,55.868519],[-4.260937,55.868597],[-4.261062,55.868646],[-4.261261,55.868718],[-4.261862,55.868928],[-4.263741,55.869559],[-4.266257,55.870389],[-4.269097,55.871315],[-4.271948,55.872237],[-4.274494,55.87305],[-4.276422,55.873654],[-4.277056,55.873846],[-4.277273,55.873909],[-4.277417,55.873947],[-4.277779,55.87403],[-4.278148,55.874102],[-4.278525,55.874159],[-4.278716,55.874182],[-4.278908,55.874199],[-4.279024,55.874206],[-4.27914,55.87421],[-4.279373,55.874212],[-4.27984,55.874196],[-4.280309,55.874175],[-4.280543,55.87417],[-4.280776,55.874173],[-4.281096,55.874186],[-4.281414,55.874206],[-4.28173,55.874235],[-4.282042,55.874275],[-4.282275,55.874315],[-4.282551,55.87437],[-4.283204,55.874517],[-4.284767,55.8749],[-4.28638,55.875294],[-4.287094,55.875455],[-4.287688,55.87557],[-4.288216,55.875653],[-4.28875,55.875724],[-4.289291,55.875775],[-4.289562,55.875792],[-4.289835,55.875802],[-4.28995,55.875803],[-4.290065,55.875801],[-4.290295,55.87579],[-4.290524,55.875771],[-4.29075,55.875745],[-4.291152,55.875688],[-4.291549,55.875619],[-4.291938,55.875538],[-4.292317,55.875444],[-4.292752,55.875319],[-4.293174,55.875179],[-4.293579,55.875025],[-4.293964,55.874856],[-4.29403,55.874823],[-4.294094,55.874788],[-4.294216,55.874715],[-4.29444,55.87456],[-4.294814,55.874269],[-4.295168,55.873964],[-4.295839,55.873338],[-4.296498,55.872723],[-4.296838,55.872433],[-4.297191,55.872161],[-4.297396,55.87202],[-4.297613,55.871884],[-4.297841,55.871754],[-4.298079,55.87163],[-4.298293,55.871529],[-4.298516,55.871434],[-4.298746,55.871344],[-4.298982,55.87126],[-4.299235,55.871178],[-4.299494,55.871103],[-4.299759,55.871034],[-4.300029,55.870973],[-4.300267,55.870926],[-4.300509,55.870885],[-4.300754,55.870851],[-4.301002,55.870825],[-4.301256,55.870807],[-4.30154,55.870793],[-4.302177,55.870775],[-4.303578,55.870764],[-4.304872,55.870757],[-4.305374,55.870742],[-4.30557,55.87073],[-4.305652,55.870722],[-4.305723,55.870714],[-4.30599,55.870672],[-4.306268,55.870618],[-4.306553,55.870554],[-4.306842,55.87048],[-4.307412,55.870311],[-4.307685,55.870218],[-4.307944,55.87012],[-4.308087,55.87006],[-4.308223,55.869995],[-4.308481,55.869855],[-4.308723,55.869706],[-4.308955,55.869552],[-4.30953,55.869146],[-4.310072,55.868724],[-4.310581,55.86829],[-4.311056,55.867845],[-4.311243,55.867652],[-4.311415,55.867454],[-4.311571,55.867253],[-4.311712,55.867048],[-4.311826,55.866858],[-4.311924,55.866665],[-4.312008,55.866471],[-4.312076,55.866274],[-4.312118,55.866112],[-4.312148,55.865948],[-4.31217,55.86562],[-4.312163,55.865395],[-4.312139,55.86517],[-4.3121,55.864947],[-4.312043,55.864724],[-4.311987,55.864562],[-4.311917,55.864401],[-4.311751,55.864083],[-4.311496,55.863657],[-4.311216,55.863235],[-4.310642,55.862394]]}},{"type":"Feature","properties":{"r":"UK","g":"uk","col":"#ff6600","n":"Glasgow Subway","ct":"格拉斯哥","jk":"subway","nz":"格拉斯哥地铁"},"geometry":{"type":"LineString","coordinates":[[-4.310718,55.862379],[-4.311335,55.863213],[-4.311634,55.863631],[-4.311903,55.864056],[-4.312073,55.864379],[-4.312143,55.864543],[-4.3122,55.864708],[-4.312258,55.864935],[-4.312299,55.865162],[-4.312322,55.865391],[-4.31233,55.86562],[-4.312307,55.865955],[-4.312277,55.866122],[-4.312234,55.866288],[-4.312164,55.866489],[-4.312079,55.866688],[-4.311978,55.866885],[-4.311862,55.867079],[-4.311719,55.867288],[-4.311559,55.867493],[-4.311384,55.867694],[-4.311194,55.867891],[-4.310717,55.868343],[-4.310206,55.868786],[-4.309938,55.869001],[-4.309661,55.869211],[-4.309375,55.869413],[-4.30908,55.869608],[-4.308753,55.869806],[-4.308407,55.869995],[-4.308039,55.870169],[-4.307846,55.87025],[-4.307648,55.870326],[-4.307204,55.870476],[-4.306741,55.870609],[-4.306503,55.870667],[-4.306261,55.870719],[-4.306015,55.870764],[-4.305765,55.870801],[-4.305689,55.87081],[-4.3056,55.870817],[-4.305386,55.87083],[-4.304836,55.870846],[-4.303443,55.870856],[-4.302026,55.870868],[-4.301446,55.870884],[-4.301211,55.870897],[-4.301111,55.870905],[-4.301024,55.870914],[-4.300768,55.870947],[-4.300515,55.870987],[-4.300017,55.871085],[-4.299533,55.871203],[-4.299064,55.871337],[-4.29883,55.871416],[-4.298606,55.871504],[-4.298391,55.871599],[-4.298183,55.871699],[-4.297951,55.87182],[-4.297729,55.871946],[-4.297517,55.872079],[-4.297317,55.872216],[-4.296955,55.872495],[-4.296592,55.872807],[-4.295876,55.873473],[-4.295193,55.874111],[-4.294872,55.874386],[-4.294717,55.874506],[-4.294568,55.874614],[-4.294493,55.874661],[-4.294412,55.874706],[-4.294243,55.87479],[-4.293581,55.87511],[-4.293237,55.87526],[-4.292876,55.875397],[-4.292757,55.875435],[-4.292633,55.875468],[-4.29238,55.875527],[-4.291592,55.875698],[-4.291192,55.875773],[-4.290784,55.875833],[-4.29055,55.87586],[-4.290313,55.87588],[-4.290075,55.875891],[-4.289955,55.875893],[-4.289836,55.875892],[-4.289557,55.875882],[-4.289278,55.875865],[-4.288725,55.875812],[-4.288177,55.87574],[-4.287636,55.875655],[-4.287043,55.87554],[-4.28633,55.87538],[-4.284718,55.874986],[-4.283155,55.874603],[-4.282503,55.874456],[-4.282229,55.874401],[-4.281996,55.874361],[-4.281695,55.874322],[-4.281389,55.874294],[-4.28108,55.874275],[-4.280771,55.874263],[-4.280566,55.874261],[-4.280361,55.874266],[-4.279951,55.874286],[-4.27954,55.874305],[-4.279336,55.874307],[-4.279131,55.874302],[-4.278798,55.874281],[-4.278468,55.87425],[-4.278142,55.874205],[-4.277982,55.874177],[-4.277825,55.874146],[-4.277734,55.874125],[-4.277623,55.874096],[-4.277347,55.874019],[-4.276602,55.873793],[-4.274559,55.873133],[-4.272187,55.872351],[-4.26998,55.87163],[-4.267385,55.87079],[-4.264593,55.869894],[-4.262195,55.869111],[-4.261328,55.868813],[-4.26101,55.868697],[-4.260781,55.868607],[-4.260595,55.868524],[-4.260401,55.868429],[-4.259994,55.868214],[-4.259165,55.867735],[-4.258414,55.867299],[-4.258106,55.867137],[-4.257975,55.867076],[-4.257917,55.867053],[-4.257863,55.867033],[-4.257758,55.867],[-4.25765,55.866972],[-4.257537,55.866946],[-4.257422,55.866923],[-4.257184,55.866883],[-4.256939,55.866849],[-4.256446,55.86678],[-4.256205,55.866739],[-4.256088,55.866715],[-4.255973,55.866688],[-4.255713,55.866618],[-4.25546,55.86654],[-4.255215,55.866454],[-4.254981,55.86636],[-4.254756,55.866256],[-4.254543,55.866145],[-4.254342,55.866027],[-4.254153,55.865903],[-4.25398,55.865777],[-4.253819,55.865646],[-4.253673,55.86551],[-4.253542,55.865369],[-4.25339,55.865174],[-4.25326,55.864975],[-4.253152,55.864771],[-4.253063,55.864564],[-4.252997,55.86437],[-4.252948,55.864174],[-4.252922,55.863977],[-4.252919,55.863878],[-4.252924,55.86378],[-4.252933,55.863717],[-4.252952,55.86363],[-4.253016,55.86339],[-4.253232,55.862688],[-4.253541,55.861767],[-4.253909,55.860719],[-4.254302,55.859639],[-4.254687,55.858618],[-4.255031,55.85775],[-4.255301,55.857128],[-4.255427,55.856879],[-4.255566,55.856632],[-4.255869,55.856143],[-4.256179,55.855655],[-4.256469,55.855163],[-4.256674,55.854765],[-4.256882,55.854331],[-4.25729,55.853437],[-4.257659,55.852658],[-4.25782,55.852365],[-4.257892,55.852253],[-4.257926,55.852207],[-4.257959,55.852167],[-4.258029,55.852093],[-4.258105,55.852021],[-4.258188,55.851951],[-4.258276,55.851884],[-4.258468,55.851755],[-4.258677,55.851635],[-4.258768,55.85159],[-4.258862,55.851548],[-4.259063,55.851471],[-4.259481,55.851332],[-4.260869,55.850891],[-4.262354,55.850448],[-4.263061,55.850247],[-4.263709,55.850073],[-4.264268,55.849932],[-4.26471,55.849834],[-4.265088,55.849766],[-4.265474,55.849712],[-4.265866,55.849674],[-4.266063,55.849663],[-4.266261,55.849656],[-4.266424,55.849655],[-4.266592,55.849659],[-4.266941,55.849679],[-4.267678,55.849748],[-4.26844,55.849827],[-4.26882,55.849858],[-4.269194,55.849877],[-4.269983,55.849888],[-4.27092,55.849881],[-4.273085,55.849836],[-4.275379,55.84979],[-4.276479,55.849781],[-4.277496,55.84979],[-4.278625,55.849822],[-4.280016,55.849876],[-4.281559,55.849945],[-4.283145,55.850023],[-4.284666,55.850106],[-4.286012,55.850188],[-4.287076,55.850262],[-4.287468,55.850294],[-4.287748,55.850323],[-4.288312,55.850403],[-4.288867,55.850502],[-4.289413,55.850618],[-4.289949,55.850747],[-4.290511,55.8509],[-4.291118,55.851083],[-4.292426,55.851509],[-4.293795,55.851965],[-4.294479,55.852184],[-4.295149,55.852389],[-4.296195,55.852693],[-4.296726,55.852836],[-4.297266,55.852967],[-4.298015,55.853122],[-4.298848,55.853274],[-4.300594,55.853564],[-4.302161,55.853821],[-4.302769,55.853933],[-4.303011,55.853984],[-4.303204,55.854032],[-4.303661,55.854169],[-4.3041,55.854326],[-4.304519,55.854499],[-4.304915,55.854687],[-4.305155,55.85482],[-4.305378,55.854963],[-4.305587,55.855113],[-4.305784,55.855267],[-4.305918,55.855381],[-4.306043,55.855499],[-4.306268,55.855742],[-4.306601,55.856163],[-4.306985,55.856691],[-4.307857,55.857971],[-4.308792,55.859383],[-4.309696,55.860729],[-4.310718,55.862379]]}},{"type":"Feature","properties":{"r":"UK","g":"uk","col":"#5cc8ff","n":"Tram Extension to Newhaven","ct":"爱丁堡","jk":"urban"},"geometry":{"type":"LineString","coordinates":[[-3.190051,55.980229],[-3.18988,55.980165],[-3.189794,55.980134],[-3.189704,55.980106],[-3.189609,55.980081],[-3.189512,55.980058],[-3.189414,55.980038],[-3.189313,55.980021],[-3.189128,55.979997],[-3.188894,55.979971],[-3.188627,55.979944],[-3.188342,55.979919],[-3.188053,55.979896],[-3.187775,55.979877],[-3.187523,55.979862],[-3.187312,55.979853],[-3.187115,55.97985],[-3.186899,55.979852],[-3.186425,55.979865],[-3.185926,55.979883],[-3.18544,55.979899],[-3.1845,55.979951],[-3.18403,55.979976],[-3.183559,55.979995],[-3.182812,55.980017],[-3.182016,55.980035],[-3.181645,55.98004],[-3.181317,55.980043],[-3.181051,55.980041],[-3.180865,55.980036],[-3.180774,55.98003],[-3.180684,55.98002],[-3.180596,55.980007],[-3.18051,55.97999],[-3.180486,55.979984],[-3.180462,55.979977],[-3.180417,55.979962],[-3.180329,55.979929],[-3.180229,55.979891],[-3.180181,55.979871],[-3.180134,55.979849],[-3.180067,55.979814],[-3.180005,55.979776],[-3.179885,55.979697],[-3.179763,55.97962],[-3.179697,55.979584],[-3.179626,55.979552],[-3.179584,55.979536],[-3.17954,55.979522],[-3.179517,55.979515],[-3.179493,55.97951],[-3.179469,55.979505],[-3.179445,55.979501],[-3.179386,55.979494],[-3.179356,55.979492],[-3.179325,55.979491],[-3.179295,55.979491],[-3.179265,55.979491],[-3.179235,55.979493],[-3.179205,55.979496],[-3.17917,55.979501],[-3.179135,55.979507],[-3.179102,55.979515],[-3.179068,55.979524],[-3.179004,55.979543],[-3.178942,55.979565],[-3.178921,55.979573],[-3.178901,55.979582],[-3.178862,55.9796],[-3.178788,55.979639],[-3.178452,55.979816],[-3.17809,55.980015],[-3.177355,55.980428],[-3.176722,55.980784],[-3.176488,55.980911],[-3.176398,55.980956],[-3.176331,55.980987],[-3.176295,55.981002],[-3.176257,55.981016],[-3.176237,55.981022],[-3.176217,55.981028],[-3.176196,55.981033],[-3.176175,55.981037],[-3.176144,55.981042],[-3.176113,55.981045],[-3.176081,55.981048],[-3.176049,55.981049],[-3.176017,55.98105],[-3.175986,55.981049],[-3.175954,55.981047],[-3.175923,55.981044],[-3.175888,55.981039],[-3.175854,55.981032],[-3.175821,55.981023],[-3.175789,55.981013],[-3.175727,55.980991],[-3.175668,55.980967],[-3.175616,55.980943],[-3.175556,55.980912],[-3.175413,55.980831],[-3.175069,55.980622],[-3.174704,55.980401],[-3.174534,55.980305],[-3.174384,55.980228],[-3.17424,55.980162],[-3.174083,55.980095],[-3.173915,55.980027],[-3.173741,55.979959],[-3.173378,55.979826],[-3.173013,55.979703],[-3.172891,55.979666],[-3.172766,55.979631],[-3.172512,55.979567],[-3.171925,55.979429],[-3.171329,55.979297],[-3.171031,55.979234],[-3.170734,55.979174],[-3.170439,55.979118],[-3.170147,55.979065],[-3.169992,55.979039],[-3.169835,55.979016],[-3.169677,55.978995],[-3.169518,55.978977],[-3.169399,55.978966],[-3.16928,55.978959],[-3.16904,55.978947],[-3.168801,55.978934],[-3.168682,55.978925],[-3.168564,55.978912],[-3.16845,55.978897],[-3.168337,55.978878],[-3.168227,55.978856],[-3.16812,55.978829],[-3.168009,55.978793],[-3.16789,55.978749],[-3.167633,55.978643],[-3.167364,55.978526],[-3.16723,55.97847],[-3.167098,55.978418],[-3.166918,55.978352],[-3.166734,55.978288],[-3.166361,55.978162],[-3.165995,55.978035],[-3.16582,55.977969],[-3.165651,55.9779],[-3.165546,55.977853],[-3.165444,55.977805],[-3.165347,55.977753],[-3.165257,55.977698],[-3.165234,55.977682],[-3.165212,55.977666],[-3.165202,55.977657],[-3.165192,55.977648],[-3.165184,55.977639],[-3.165177,55.97763],[-3.165165,55.977611],[-3.165155,55.977592],[-3.165147,55.977572],[-3.165141,55.977552],[-3.165134,55.977512],[-3.165133,55.977472],[-3.165135,55.977453],[-3.165139,55.977435],[-3.165152,55.977398],[-3.165189,55.977326],[-3.165271,55.977194],[-3.165387,55.977028],[-3.165689,55.976625],[-3.166023,55.976179],[-3.16618,55.975959],[-3.166318,55.97575],[-3.166359,55.975678],[-3.166396,55.975605],[-3.166433,55.975533],[-3.166476,55.975461],[-3.166579,55.975314],[-3.166688,55.975169],[-3.166922,55.974883],[-3.16716,55.974597],[-3.167275,55.974453],[-3.167384,55.974308],[-3.167512,55.97412],[-3.167632,55.97393],[-3.167753,55.973741],[-3.167818,55.973647],[-3.167887,55.973554],[-3.168038,55.973365],[-3.168216,55.973152],[-3.16841,55.972924],[-3.168615,55.972692],[-3.16882,55.972465],[-3.169017,55.972252],[-3.169199,55.972062],[-3.169356,55.971905],[-3.169429,55.971837],[-3.169506,55.971769],[-3.169587,55.971704],[-3.169672,55.97164],[-3.169773,55.971573],[-3.16988,55.971509],[-3.170097,55.971382],[-3.170366,55.971215],[-3.170633,55.971047],[-3.170904,55.970882],[-3.171045,55.970802],[-3.17119,55.970724],[-3.171255,55.970692],[-3.171324,55.970662],[-3.171464,55.970605],[-3.171604,55.970548],[-3.171671,55.970517],[-3.171734,55.970484],[-3.17178,55.970457],[-3.171824,55.970428],[-3.171864,55.970397],[-3.171902,55.970366],[-3.171961,55.970309],[-3.172048,55.970216],[-3.172295,55.969941],[-3.173,55.969133],[-3.173828,55.96817],[-3.174595,55.967284],[-3.175164,55.966601],[-3.175754,55.965888],[-3.176303,55.965235],[-3.176543,55.964959],[-3.176749,55.964733],[-3.176951,55.964523],[-3.177179,55.964294],[-3.177424,55.964052],[-3.177682,55.963804],[-3.177943,55.963558],[-3.178201,55.963319],[-3.17845,55.963094],[-3.178682,55.96289],[-3.17894,55.962674],[-3.179263,55.962414],[-3.180044,55.961802],[-3.180904,55.961137],[-3.181724,55.960499],[-3.182792,55.959735],[-3.18316,55.959452],[-3.183342,55.95931],[-3.183516,55.959165],[-3.183614,55.959077],[-3.183707,55.958988],[-3.183887,55.958808],[-3.184019,55.95867],[-3.184146,55.958531],[-3.184395,55.958251],[-3.184645,55.957971],[-3.184773,55.957832],[-3.184905,55.957694],[-3.18501,55.95759],[-3.185122,55.957488],[-3.185264,55.957367],[-3.18541,55.957247],[-3.185565,55.95713],[-3.185646,55.957074],[-3.185732,55.95702],[-3.185797,55.956983],[-3.185866,55.956947],[-3.185939,55.956914],[-3.186015,55.956884],[-3.186067,55.956867],[-3.186121,55.956851],[-3.186177,55.956838],[-3.186234,55.956826],[-3.186412,55.956796],[-3.18663,55.956766],[-3.187154,55.956704],[-3.187727,55.956639],[-3.188008,55.956605],[-3.188272,55.956569],[-3.188491,55.956536],[-3.188709,55.9565],[-3.189145,55.956427]]}},{"type":"Feature","properties":{"r":"UK","g":"uk","col":"#707070","n":"Supertram Tram-Train","ct":"谢菲尔德","jk":"urban","nz":"轻轨-火车线"},"geometry":{"type":"MultiLineString","coordinates":[[[-1.4591043,53.3836727],[-1.459062,53.383691],[-1.458851,53.383775],[-1.458578,53.383878],[-1.4585719,53.3838802]],[[-1.4021705,53.4175488],[-1.402066,53.417637],[-1.401966,53.417715],[-1.401862,53.417791],[-1.401754,53.417866],[-1.401642,53.417938],[-1.401457,53.418052],[-1.401266,53.418162],[-1.401069,53.418269],[-1.400866,53.418372],[-1.400715,53.418442],[-1.400559,53.418509],[-1.40024,53.418636],[-1.399913,53.418763],[-1.399746,53.418823],[-1.399577,53.418881],[-1.399385,53.418944],[-1.399191,53.419004],[-1.398993,53.419061],[-1.398791,53.41911],[-1.398617,53.419145],[-1.398418,53.41918],[-1.397964,53.419249],[-1.397479,53.419319],[-1.397009,53.419388],[-1.395622,53.419569],[-1.394175,53.41976],[-1.392847,53.41993],[-1.392282,53.419999],[-1.391812,53.420051],[-1.391557,53.420076],[-1.391301,53.420098],[-1.390789,53.420138],[-1.390276,53.420174],[-1.389763,53.420212],[-1.388552,53.420267],[-1.387282,53.420323],[-1.386131,53.420378],[-1.385657,53.420405],[-1.38528,53.420431],[-1.384836,53.42047],[-1.384394,53.420515],[-1.383955,53.420567],[-1.383518,53.420628],[-1.383368,53.420652],[-1.383219,53.420679],[-1.382925,53.42074],[-1.382682,53.420798],[-1.382265,53.420903],[-1.381012,53.421223],[-1.37937,53.421648],[-1.377544,53.422124],[-1.375736,53.422598],[-1.374152,53.423016],[-1.372995,53.423325],[-1.37264,53.423422],[-1.37253,53.423453],[-1.372469,53.423472],[-1.372336,53.423519],[-1.372206,53.423568],[-1.371952,53.423674],[-1.371705,53.423785],[-1.371462,53.423899],[-1.371244,53.424004],[-1.371029,53.424112],[-1.370606,53.424332],[-1.370188,53.424556],[-1.369768,53.424778],[-1.369565,53.424877],[-1.369364,53.424978],[-1.369159,53.425076],[-1.369054,53.425123],[-1.368946,53.425167],[-1.368708,53.425256],[-1.368462,53.425338],[-1.368212,53.425415],[-1.367958,53.425488],[-1.367746,53.425543],[-1.367526,53.425595],[-1.367076,53.425692],[-1.366644,53.425786],[-1.366445,53.425834],[-1.366262,53.425884],[-1.366035,53.425955],[-1.365813,53.426032],[-1.365597,53.426114],[-1.365387,53.426202],[-1.365187,53.426294],[-1.364993,53.426392],[-1.364807,53.426495],[-1.364627,53.426601],[-1.364494,53.426686],[-1.364366,53.426774],[-1.364244,53.426865],[-1.364128,53.426959],[-1.36402,53.427053],[-1.363918,53.427149],[-1.363822,53.427247],[-1.363731,53.427347],[-1.363649,53.427444],[-1.363574,53.427543],[-1.363434,53.427743],[-1.363354,53.427868],[-1.363256,53.428032],[-1.363012,53.428451],[-1.362418,53.429504],[-1.361829,53.430548],[-1.361591,53.430956],[-1.361497,53.431113],[-1.361422,53.43123],[-1.361278,53.431434],[-1.36111,53.431656],[-1.360742,53.432118],[-1.360402,53.432543],[-1.360269,53.432719],[-1.360175,53.432858],[-1.360095,53.433005],[-1.360002,53.433203],[-1.359781,53.433706],[-1.359534,53.43427],[-1.359406,53.434545],[-1.35928,53.4348],[-1.359096,53.435143],[-1.358859,53.435569],[-1.358587,53.436048],[-1.358298,53.436549],[-1.35801,53.43704],[-1.35774,53.437493],[-1.357507,53.437875],[-1.357328,53.438156],[-1.357206,53.438339],[-1.357079,53.438521],[-1.356942,53.4387],[-1.356869,53.438788],[-1.356792,53.438875],[-1.356666,53.439004],[-1.356531,53.43913],[-1.356388,53.439253],[-1.356238,53.439373],[-1.356118,53.439461],[-1.355993,53.439547],[-1.355863,53.43963],[-1.355728,53.439711],[-1.355581,53.439794],[-1.355428,53.439874],[-1.355272,53.439951],[-1.355112,53.440025],[-1.354945,53.440097],[-1.354775,53.440166],[-1.354601,53.440232],[-1.354424,53.440295],[-1.354214,53.440363],[-1.353998,53.440424],[-1.353782,53.44048],[-1.353563,53.440534],[-1.353343,53.440585],[-1.353121,53.440633],[-1.352681,53.440721],[-1.352175,53.440816],[-1.35106,53.441015],[-1.34996,53.441211],[-1.349473,53.441302],[-1.34906,53.441385],[-1.348688,53.441466],[-1.348312,53.441551],[-1.347934,53.441639],[-1.347553,53.441731],[-1.346793,53.441921],[-1.346041,53.442118],[-1.345506,53.442264],[-1.344975,53.442417],[-1.344448,53.442574],[-1.343926,53.442736],[-1.343768,53.442788],[-1.343612,53.442841],[-1.3433,53.442949]]]}},{"type":"Feature","properties":{"r":"UK","g":"uk","col":"#707070","n":"Supertram Tram-Train","ct":"谢菲尔德","jk":"urban","nz":"轻轨-火车线","off":-0.5},"geometry":{"type":"LineString","coordinates":[[-1.4569515,53.3844394],[-1.45675,53.384501],[-1.456572,53.38455],[-1.456392,53.384595],[-1.456208,53.384636],[-1.456022,53.384672],[-1.455821,53.384706],[-1.455619,53.384736],[-1.455414,53.384761],[-1.455208,53.38478],[-1.455019,53.384792],[-1.454828,53.384799],[-1.454638,53.384803],[-1.454447,53.384803],[-1.454277,53.384801],[-1.454107,53.384796],[-1.453938,53.384788],[-1.453769,53.384778],[-1.453399,53.384748],[-1.452915,53.384701],[-1.451707,53.384575],[-1.450357,53.384429],[-1.449078,53.384293],[-1.4486,53.384227],[-1.448109,53.384157],[-1.447643,53.384095],[-1.447431,53.384071],[-1.44724,53.384054],[-1.447073,53.384043],[-1.446893,53.384034],[-1.446522,53.384023],[-1.446349,53.384021],[-1.446195,53.384021],[-1.446068,53.384025],[-1.446017,53.384028],[-1.445976,53.384032],[-1.445935,53.384038],[-1.445895,53.384045],[-1.445856,53.384054],[-1.445817,53.384064],[-1.44578,53.384075],[-1.445743,53.384088],[-1.445674,53.384116],[-1.445654,53.384126],[-1.445634,53.384137],[-1.445598,53.38416],[-1.445566,53.384185],[-1.445536,53.384211],[-1.445506,53.384242],[-1.44548,53.384275],[-1.445458,53.384308],[-1.445439,53.384342],[-1.445415,53.384396],[-1.445397,53.384451],[-1.445372,53.384562],[-1.445346,53.384674],[-1.445329,53.384729],[-1.445305,53.384783],[-1.44528,53.384827],[-1.445252,53.384871],[-1.445219,53.384913],[-1.445181,53.384954],[-1.445151,53.384982],[-1.445118,53.385009],[-1.445083,53.385035],[-1.445043,53.385058],[-1.444978,53.38509],[-1.444908,53.385118],[-1.444835,53.385142],[-1.444759,53.385164],[-1.444692,53.38518],[-1.444597,53.385199],[-1.444341,53.385247],[-1.44402,53.385302],[-1.443666,53.38536],[-1.443309,53.385416],[-1.442979,53.385465],[-1.442707,53.385503],[-1.442524,53.385523],[-1.442482,53.385525],[-1.442422,53.385527],[-1.442253,53.38553],[-1.44175,53.385532],[-1.440368,53.385528],[-1.439013,53.385524],[-1.438544,53.385526],[-1.438396,53.385529],[-1.438349,53.385531],[-1.438332,53.385532],[-1.438325,53.385532],[-1.43832,53.385533],[-1.438255,53.385544],[-1.438191,53.385557],[-1.438129,53.385573],[-1.438068,53.38559],[-1.437948,53.38563],[-1.437832,53.385672],[-1.437586,53.385769],[-1.437347,53.385874],[-1.437232,53.385929],[-1.437122,53.385985],[-1.437019,53.386042],[-1.436922,53.386098],[-1.436874,53.386129],[-1.436829,53.386162],[-1.436788,53.386196],[-1.436751,53.386232],[-1.436734,53.386252],[-1.436713,53.386279],[-1.43666,53.386355],[-1.436515,53.386577],[-1.436134,53.387187],[-1.435751,53.387801],[-1.435604,53.388027],[-1.435549,53.388105],[-1.435527,53.388134],[-1.435509,53.388155],[-1.435474,53.388192],[-1.435435,53.388228],[-1.435392,53.388261],[-1.435368,53.388277],[-1.435343,53.388292],[-1.435325,53.388302],[-1.435305,53.38831],[-1.435265,53.388326],[-1.435178,53.388354],[-1.435091,53.388381],[-1.435049,53.388397],[-1.435029,53.388405],[-1.43501,53.388414],[-1.434949,53.388447],[-1.434892,53.388482],[-1.43484,53.38852],[-1.434794,53.38856],[-1.434787,53.388568],[-1.434778,53.38858],[-1.434753,53.388613],[-1.43468,53.388721],[-1.434456,53.389069],[-1.433821,53.390089],[-1.433164,53.391141],[-1.432914,53.391531],[-1.432823,53.391666],[-1.432762,53.391751],[-1.432707,53.391819],[-1.432649,53.391887],[-1.432584,53.391952],[-1.432548,53.391983],[-1.43251,53.392013],[-1.432478,53.392035],[-1.432443,53.392055],[-1.432406,53.392073],[-1.432386,53.392081],[-1.432366,53.392089],[-1.432327,53.392102],[-1.432287,53.392113],[-1.432204,53.392132],[-1.432119,53.392148],[-1.432033,53.392161],[-1.431936,53.392173],[-1.431803,53.392187],[-1.431453,53.392217],[-1.430548,53.392285],[-1.429636,53.392354],[-1.429276,53.392385],[-1.429137,53.392399],[-1.429033,53.392412],[-1.428886,53.392436],[-1.42874,53.392463],[-1.428453,53.392526],[-1.428167,53.39259],[-1.428023,53.392621],[-1.427877,53.392648],[-1.427729,53.392672],[-1.427576,53.392693],[-1.427266,53.392731],[-1.426969,53.392771],[-1.426832,53.392793],[-1.426706,53.392819],[-1.426586,53.39285],[-1.426469,53.392885],[-1.426357,53.392925],[-1.426249,53.392969],[-1.426169,53.393007],[-1.426094,53.393048],[-1.426023,53.393092],[-1.425955,53.393138],[-1.425886,53.393189],[-1.425822,53.393243],[-1.425702,53.393354],[-1.425598,53.393459],[-1.425451,53.393613],[-1.425057,53.394041],[-1.424029,53.395176],[-1.423002,53.39631],[-1.422608,53.396736],[-1.422463,53.39689],[-1.422359,53.396994],[-1.422246,53.397099],[-1.422129,53.397202],[-1.422007,53.397303],[-1.42188,53.397402],[-1.421693,53.397543],[-1.4215,53.397681],[-1.421299,53.397814],[-1.421195,53.397879],[-1.421088,53.397942],[-1.420883,53.398053],[-1.420669,53.398158],[-1.420449,53.398258],[-1.420225,53.398355],[-1.420054,53.398425],[-1.41988,53.398492],[-1.419702,53.398556],[-1.419523,53.398618],[-1.419222,53.398716],[-1.418914,53.398806],[-1.418494,53.39892],[-1.418048,53.399035],[-1.417134,53.39926],[-1.416295,53.399467],[-1.415942,53.399558],[-1.415653,53.399639],[-1.415458,53.399701],[-1.41527,53.399771],[-1.415153,53.39982],[-1.41504,53.399872],[-1.41482,53.399981],[-1.414686,53.400051],[-1.414555,53.400123],[-1.414427,53.400198],[-1.414305,53.400275],[-1.414151,53.400381],[-1.414004,53.40049],[-1.413864,53.400603],[-1.413731,53.400718],[-1.413644,53.400801],[-1.413562,53.400885],[-1.41341,53.401058],[-1.413321,53.401165],[-1.413235,53.401272],[-1.413154,53.401381],[-1.41308,53.401492],[-1.413028,53.401584],[-1.412956,53.401721],[-1.412764,53.402107],[-1.412267,53.403144],[-1.411765,53.404193],[-1.411566,53.404594],[-1.411489,53.404741],[-1.411431,53.404844],[-1.411351,53.404969],[-1.411264,53.405093],[-1.411077,53.405337],[-1.410916,53.405534],[-1.410743,53.405727],[-1.410587,53.405891],[-1.410426,53.406053],[-1.41026,53.406213],[-1.410087,53.406371],[-1.409828,53.406591],[-1.409458,53.406892],[-1.40849,53.407662],[-1.407386,53.408533],[-1.40635,53.409353],[-1.406167,53.40951],[-1.406076,53.409589],[-1.40599,53.409669],[-1.405877,53.409781],[-1.405768,53.409895],[-1.405665,53.410011],[-1.405569,53.410129],[-1.405463,53.410276],[-1.405368,53.410425],[-1.405279,53.410575],[-1.405194,53.410727],[-1.405127,53.410852],[-1.405064,53.410978],[-1.405006,53.411105],[-1.404953,53.411232],[-1.404889,53.411406],[-1.404863,53.411493],[-1.404843,53.411581],[-1.404824,53.411718],[-1.404808,53.411879],[-1.404797,53.412058],[-1.404789,53.412251],[-1.404782,53.412653],[-1.404786,53.413041],[-1.404795,53.413226],[-1.404818,53.41341],[-1.404861,53.413619],[-1.404914,53.413827],[-1.404971,53.414034],[-1.405026,53.414242],[-1.405141,53.414565],[-1.405266,53.414902],[-1.405372,53.415211],[-1.40541,53.415342],[-1.405433,53.415449],[-1.405437,53.415481],[-1.405438,53.415513],[-1.405436,53.415545],[-1.40543,53.415577],[-1.405415,53.415634],[-1.405394,53.41569],[-1.4053875,53.4157039]]}},{"type":"Feature","properties":{"r":"UK","g":"uk","col":"#707070","n":"Supertram Tram-Train","ct":"谢菲尔德","jk":"urban","nz":"轻轨-火车线","off":-0.375},"geometry":{"type":"MultiLineString","coordinates":[[[-1.4574943,53.3842608],[-1.457264,53.384338],[-1.456979,53.384431],[-1.4569515,53.3844394]],[[-1.4053875,53.4157039],[-1.405381,53.415718],[-1.405364,53.415744],[-1.405344,53.41577],[-1.405332,53.415782],[-1.405319,53.415794],[-1.405303,53.415807],[-1.405284,53.415818],[-1.405264,53.415829],[-1.405243,53.415839],[-1.405221,53.415849],[-1.405197,53.415857],[-1.405149,53.415872],[-1.405135,53.415875],[-1.405121,53.415878],[-1.405107,53.415881],[-1.405092,53.415882],[-1.405062,53.415885],[-1.405032,53.415887],[-1.404937,53.41589],[-1.404842,53.415889],[-1.404652,53.415881],[-1.404461,53.415873],[-1.404366,53.415871],[-1.404271,53.415872],[-1.4041199,53.4158793]]]}},{"type":"Feature","properties":{"r":"UK","g":"uk","col":"#707070","n":"Supertram Tram-Train","ct":"谢菲尔德","jk":"urban","nz":"轻轨-火车线","off":-0.25},"geometry":{"type":"MultiLineString","coordinates":[[[-1.4580343,53.3840738],[-1.457926,53.384112],[-1.457586,53.38423],[-1.4574943,53.3842608]],[[-1.4041199,53.4158793],[-1.404106,53.41588],[-1.404025,53.415887],[-1.403985,53.415893],[-1.403946,53.4159],[-1.40383,53.415927],[-1.403718,53.41596],[-1.403612,53.415999],[-1.403512,53.416044],[-1.403478,53.416062],[-1.403446,53.416081],[-1.403386,53.416122],[-1.403331,53.416165],[-1.403279,53.41621],[-1.40325,53.416238],[-1.403225,53.416267],[-1.403178,53.416327],[-1.403104,53.416426],[-1.403034,53.416526],[-1.4030273,53.4165361]]]}},{"type":"Feature","properties":{"r":"UK","g":"uk","col":"#707070","n":"Supertram Tram-Train","ct":"谢菲尔德","jk":"urban","nz":"轻轨-火车线","off":-0.125},"geometry":{"type":"MultiLineString","coordinates":[[[-1.4585719,53.3838802],[-1.458263,53.383993],[-1.4580343,53.3840738]],[[-1.4030273,53.4165361],[-1.402901,53.416728],[-1.402765,53.416928],[-1.402691,53.417027],[-1.40261,53.417124],[-1.402487,53.417257],[-1.402354,53.417386],[-1.402213,53.417513],[-1.4021705,53.4175488]]]}},{"type":"Feature","properties":{"r":"UK","g":"uk","col":"#707070","n":"Supertram Tram-Train","ct":"谢菲尔德","jk":"urban","nz":"轻轨-火车线","off":0.125},"geometry":{"type":"LineString","coordinates":[[-1.4596114,53.383411],[-1.459538,53.383457],[-1.459426,53.38352],[-1.459309,53.38358],[-1.459187,53.383637],[-1.4591043,53.3836727]]}},{"type":"Feature","properties":{"r":"UK","g":"uk","col":"#707070","n":"Supertram Tram-Train","ct":"谢菲尔德","jk":"urban","nz":"轻轨-火车线","off":0.25},"geometry":{"type":"LineString","coordinates":[[-1.4600717,53.3830726],[-1.460042,53.383094],[-1.45988,53.383218],[-1.459715,53.383341],[-1.459629,53.3834],[-1.4596114,53.383411]]}},{"type":"Feature","properties":{"r":"UK","g":"uk","col":"#707070","n":"Supertram Tram-Train","ct":"谢菲尔德","jk":"urban","nz":"轻轨-火车线","off":0.375},"geometry":{"type":"LineString","coordinates":[[-1.4605778,53.382836],[-1.460551,53.382836],[-1.460524,53.382837],[-1.460514,53.382837],[-1.460506,53.382838],[-1.460483,53.382841],[-1.460461,53.382846],[-1.46044,53.382852],[-1.460419,53.382858],[-1.460379,53.382873],[-1.460341,53.38289],[-1.460323,53.382899],[-1.460305,53.382909],[-1.460272,53.382929],[-1.46021,53.382973],[-1.4600717,53.3830726]]}},{"type":"Feature","properties":{"r":"UK","g":"uk","col":"#707070","n":"Supertram Tram-Train","ct":"谢菲尔德","jk":"urban","nz":"轻轨-火车线","off":0.5},"geometry":{"type":"LineString","coordinates":[[-1.469049,53.382611],[-1.46886,53.38262],[-1.46867,53.382627],[-1.468482,53.382638],[-1.468389,53.382647],[-1.468297,53.38266],[-1.468194,53.38268],[-1.468093,53.382704],[-1.467896,53.38276],[-1.4677,53.38282],[-1.467601,53.382847],[-1.4675,53.382872],[-1.467198,53.382935],[-1.466892,53.382991],[-1.466584,53.383042],[-1.466274,53.383088],[-1.466046,53.383119],[-1.465816,53.383146],[-1.465586,53.38317],[-1.465354,53.38319],[-1.465116,53.383208],[-1.464878,53.383224],[-1.464639,53.383234],[-1.46452,53.383236],[-1.4644,53.383235],[-1.464199,53.383227],[-1.463999,53.383213],[-1.4638,53.383192],[-1.463603,53.383166],[-1.46348,53.383145],[-1.463358,53.38312],[-1.463119,53.383063],[-1.46288,53.383007],[-1.462758,53.382983],[-1.462634,53.382964],[-1.462443,53.382944],[-1.462167,53.382921],[-1.461839,53.382898],[-1.461489,53.382876],[-1.461149,53.382857],[-1.460851,53.382843],[-1.460626,53.382836],[-1.4605778,53.382836]]}},{"type":"Feature","properties":{"r":"UK","g":"uk","col":"#6666ff","n":"Supertram Blue","ct":"谢菲尔德","jk":"urban","nz":"蓝线"},"geometry":{"type":"MultiLineString","coordinates":[[[-1.344121,53.329061],[-1.344107,53.329189],[-1.344088,53.329317],[-1.344043,53.329502],[-1.343989,53.329687],[-1.343935,53.329872],[-1.343912,53.329964],[-1.343892,53.330057],[-1.343874,53.330183],[-1.343864,53.33031],[-1.343851,53.330599],[-1.343847,53.330888],[-1.343843,53.331467],[-1.343873,53.332053],[-1.343945,53.332574],[-1.344066,53.333123],[-1.344347,53.334008],[-1.34465,53.334949],[-1.344909,53.335777],[-1.345001,53.336095],[-1.345058,53.33632],[-1.345092,53.336495],[-1.345123,53.336677],[-1.34515,53.336864],[-1.345173,53.337055],[-1.345208,53.33744],[-1.345228,53.337822],[-1.34523,53.337987],[-1.345225,53.338152],[-1.345214,53.338317],[-1.345195,53.338482],[-1.345163,53.338669],[-1.34512,53.338865],[-1.345019,53.339261],[-1.344924,53.339628],[-1.34489,53.339788],[-1.34487,53.339925],[-1.344863,53.340045],[-1.344865,53.340165],[-1.344874,53.340285],[-1.344892,53.340404],[-1.344911,53.340487],[-1.344936,53.340569],[-1.344999,53.340733],[-1.345065,53.340876],[-1.345144,53.341017],[-1.34524,53.341169],[-1.345342,53.341319],[-1.345453,53.341468],[-1.345576,53.341612],[-1.345632,53.341672],[-1.345691,53.341731],[-1.345757,53.341787],[-1.345793,53.341814],[-1.345832,53.341839],[-1.345936,53.341897],[-1.346051,53.34195],[-1.34611,53.341974],[-1.34617,53.341994],[-1.346228,53.342012],[-1.346286,53.342025],[-1.346331,53.342032],[-1.346376,53.342037],[-1.346422,53.34204],[-1.346469,53.342042],[-1.346516,53.342041],[-1.346563,53.342039],[-1.346656,53.342032],[-1.34674,53.342021],[-1.346822,53.342005],[-1.346901,53.341985],[-1.346976,53.341961],[-1.346987,53.341957],[-1.347,53.341951],[-1.347034,53.341936],[-1.347127,53.34189],[-1.347398,53.341748],[-1.348139,53.341347],[-1.348885,53.340943],[-1.349161,53.340798],[-1.349257,53.340751],[-1.349293,53.340734],[-1.34932,53.340723],[-1.349414,53.340691],[-1.349512,53.340664],[-1.349613,53.340641],[-1.349717,53.340623],[-1.349771,53.340616],[-1.349826,53.340613],[-1.349882,53.340611],[-1.349937,53.340612],[-1.350037,53.340617],[-1.350137,53.340627],[-1.350235,53.340641],[-1.350331,53.34066],[-1.350406,53.34068],[-1.350478,53.340703],[-1.350617,53.340757],[-1.350755,53.340812],[-1.350826,53.340837],[-1.3509,53.340858],[-1.350981,53.340877],[-1.351064,53.340893],[-1.351149,53.340906],[-1.351235,53.340915],[-1.35136,53.340924],[-1.35149,53.340929],[-1.351623,53.340932],[-1.35176,53.340933],[-1.352036,53.340928],[-1.352308,53.340918],[-1.352476,53.340907],[-1.352645,53.340892],[-1.352982,53.340854],[-1.353315,53.340817],[-1.353478,53.340803],[-1.353638,53.340795],[-1.353719,53.340793],[-1.353799,53.340793],[-1.35384,53.340794],[-1.35388,53.340797],[-1.353919,53.340801],[-1.353958,53.340806],[-1.354003,53.340814],[-1.354048,53.340824],[-1.354134,53.340848],[-1.354216,53.340877],[-1.354293,53.34091],[-1.354311,53.340919],[-1.354329,53.340929],[-1.354361,53.34095],[-1.354419,53.340995],[-1.354485,53.341054],[-1.354546,53.341116],[-1.354657,53.341243],[-1.35477,53.341369],[-1.354832,53.34143],[-1.354902,53.341488],[-1.35493,53.341508],[-1.354959,53.341526],[-1.354991,53.341543],[-1.355025,53.341559],[-1.355093,53.341587],[-1.355164,53.341612],[-1.3552,53.341624],[-1.355238,53.341634],[-1.355276,53.341643],[-1.355315,53.34165],[-1.355337,53.341653],[-1.355366,53.341656],[-1.35544,53.341661],[-1.355651,53.341669],[-1.356248,53.341682],[-1.35695,53.341699],[-1.35729,53.341711],[-1.357597,53.341727],[-1.357855,53.341747],[-1.358111,53.341771],[-1.358622,53.341828],[-1.358819,53.341853],[-1.35902,53.341881],[-1.359424,53.341942],[-1.359812,53.341997],[-1.359993,53.342018],[-1.360162,53.342033],[-1.360345,53.342041],[-1.360562,53.342044],[-1.361049,53.34204],[-1.361527,53.342036],[-1.361733,53.342039],[-1.3619,53.342047],[-1.362095,53.342067],[-1.362289,53.342095],[-1.36248,53.342127],[-1.36267,53.342162],[-1.362813,53.342191],[-1.362955,53.342223],[-1.363235,53.342292],[-1.363517,53.342359],[-1.36366,53.342388],[-1.363805,53.342413],[-1.363962,53.342435],[-1.364129,53.342455],[-1.364301,53.342474],[-1.364476,53.34249],[-1.36465,53.342503],[-1.364819,53.342514],[-1.364982,53.342521],[-1.365133,53.342525],[-1.365303,53.342524],[-1.365472,53.342517],[-1.365641,53.342505],[-1.365809,53.342488],[-1.366066,53.342452],[-1.366462,53.342388],[-1.367544,53.342202],[-1.368797,53.341982],[-1.369965,53.341779],[-1.37078,53.341647],[-1.371649,53.341504],[-1.372411,53.341383],[-1.372702,53.341341],[-1.372906,53.341317],[-1.373005,53.341309],[-1.373106,53.341305],[-1.373206,53.341304],[-1.373306,53.341307],[-1.373387,53.341313],[-1.373467,53.341322],[-1.373625,53.341344],[-1.373783,53.341369],[-1.373942,53.34139],[-1.374098,53.341405],[-1.374255,53.341417],[-1.374569,53.341438],[-1.374883,53.34146],[-1.375039,53.341475],[-1.375194,53.341492],[-1.375537,53.341538],[-1.375877,53.341592],[-1.376213,53.341653],[-1.376545,53.341723],[-1.376782,53.34178],[-1.377015,53.341843],[-1.377243,53.341911],[-1.377468,53.341984],[-1.377706,53.342067],[-1.377939,53.342155],[-1.378167,53.342247],[-1.37839,53.342344],[-1.378497,53.342394],[-1.378601,53.342447],[-1.378801,53.342558],[-1.378891,53.342612],[-1.378978,53.342668],[-1.379146,53.342784],[-1.37932,53.342912],[-1.379484,53.343044],[-1.379564,53.343119],[-1.379637,53.343197],[-1.379714,53.343274],[-1.379756,53.34331],[-1.379802,53.343345],[-1.379861,53.343384],[-1.379924,53.34342],[-1.379958,53.343437],[-1.379992,53.343452],[-1.380028,53.343467],[-1.380066,53.34348],[-1.380123,53.343497],[-1.380182,53.343511],[-1.380242,53.343523],[-1.380304,53.343534],[-1.380429,53.34355],[-1.380555,53.343563],[-1.380708,53.343574],[-1.380897,53.343583],[-1.38111,53.343589],[-1.381334,53.343594],[-1.381556,53.343595],[-1.381765,53.343595],[-1.381946,53.343591],[-1.382089,53.343584],[-1.382239,53.343571],[-1.382387,53.343551],[-1.382532,53.343525],[-1.382673,53.343492],[-1.382723,53.343477],[-1.382782,53.343456],[-1.382923,53.343403],[-1.383269,53.343258],[-1.383657,53.343093],[-1.38385,53.343015],[-1.384032,53.342946],[-1.38437,53.342826],[-1.384768,53.34269],[-1.385207,53.342544],[-1.385668,53.342393],[-1.386134,53.342243],[-1.386585,53.342101],[-1.387003,53.341972],[-1.387371,53.341863],[-1.387509,53.341824],[-1.387579,53.341807],[-1.38765,53.341791],[-1.387728,53.341777],[-1.387807,53.341766],[-1.387968,53.341747],[-1.388128,53.341728],[-1.388207,53.341716],[-1.388284,53.3417],[-1.388404,53.341671],[-1.388522,53.341639],[-1.388753,53.341568],[-1.388978,53.34149],[-1.389198,53.341407],[-1.3893,53.341365],[-1.389348,53.341341],[-1.389394,53.341316],[-1.389454,53.341277],[-1.38951,53.341236],[-1.389615,53.34115],[-1.389717,53.341063],[-1.389771,53.341021],[-1.389828,53.34098],[-1.389954,53.340901],[-1.390089,53.340828],[-1.390221,53.340765],[-1.39029,53.340737],[-1.390361,53.34071],[-1.390445,53.340682],[-1.390532,53.340657],[-1.390621,53.340635],[-1.390712,53.340616],[-1.390896,53.340585],[-1.391084,53.340561],[-1.391273,53.340542],[-1.391463,53.340528],[-1.391621,53.340521],[-1.39178,53.340517],[-1.391939,53.340519],[-1.392097,53.340524],[-1.392261,53.340534],[-1.392423,53.340549],[-1.392747,53.340585],[-1.39307,53.340625],[-1.393232,53.340643],[-1.393394,53.340659],[-1.393706,53.340684],[-1.394019,53.340705],[-1.394645,53.340746],[-1.395071,53.340774],[-1.395284,53.340787],[-1.395497,53.340795],[-1.395646,53.340798],[-1.395795,53.340798],[-1.395944,53.340795],[-1.396092,53.340788],[-1.396301,53.340773],[-1.39652,53.340752],[-1.396981,53.340699],[-1.397455,53.34064],[-1.397923,53.340584],[-1.399277,53.34039],[-1.400677,53.340186],[-1.401984,53.340001],[-1.402559,53.339923],[-1.403058,53.339861],[-1.403245,53.33984],[-1.403339,53.339831],[-1.403433,53.339825],[-1.4036,53.339818],[-1.403767,53.339814],[-1.403934,53.339815],[-1.404101,53.339821],[-1.404272,53.339833],[-1.404442,53.339851],[-1.404611,53.339874],[-1.404777,53.339901],[-1.404877,53.339921],[-1.405006,53.339949],[-1.405334,53.340027],[-1.40616,53.340236],[-1.407013,53.34045],[-1.407373,53.340536],[-1.407647,53.340595],[-1.40793,53.340645],[-1.408216,53.340688],[-1.408504,53.340726],[-1.408793,53.340763],[-1.409168,53.340808],[-1.409543,53.340849],[-1.410298,53.340924],[-1.411051,53.341],[-1.411427,53.341042],[-1.411801,53.341088],[-1.412083,53.341126],[-1.412223,53.341149],[-1.412361,53.341175],[-1.412499,53.341208],[-1.412723,53.341267],[-1.413382,53.341446],[-1.415202,53.34195],[-1.417043,53.342461],[-1.417728,53.342647],[-1.417969,53.34271],[-1.418127,53.342749],[-1.418377,53.3428],[-1.41867,53.342853],[-1.419324,53.342961],[-1.419967,53.343067],[-1.420246,53.343117],[-1.420476,53.343165],[-1.42061,53.343199],[-1.420807,53.343252],[-1.421349,53.343405],[-1.422781,53.34382],[-1.4233286,53.3439788]],[[-1.5040763,53.4016303],[-1.504813,53.401409],[-1.505539,53.401193],[-1.505975,53.401076],[-1.506431,53.40095],[-1.506846,53.400841],[-1.50702,53.400799],[-1.507162,53.400771],[-1.507224,53.400762],[-1.507286,53.400754],[-1.507413,53.400744],[-1.507668,53.400726]]]}},{"type":"Feature","properties":{"r":"UK","g":"uk","col":"#6666ff","n":"Supertram Blue","ct":"谢菲尔德","jk":"urban","nz":"蓝线","off":-1.5},"geometry":{"type":"LineString","coordinates":[[-1.4605078,53.382767],[-1.460515,53.382769],[-1.460582,53.382783],[-1.460651,53.382795],[-1.460713,53.382803],[-1.460795,53.382811],[-1.461013,53.382827],[-1.461583,53.382859],[-1.462187,53.382893],[-1.462448,53.382911],[-1.462652,53.382932],[-1.462809,53.382955],[-1.462964,53.382984],[-1.463269,53.38305],[-1.463575,53.383115],[-1.46373,53.383144],[-1.463887,53.383167],[-1.464015,53.383181],[-1.464145,53.383192],[-1.464275,53.383198],[-1.464406,53.383201],[-1.464555,53.3832],[-1.464704,53.383196],[-1.465001,53.383182],[-1.465297,53.383159],[-1.465592,53.383133],[-1.465897,53.383101],[-1.4662,53.383063],[-1.466501,53.38302],[-1.4668,53.382973],[-1.466974,53.382943],[-1.467147,53.382911],[-1.467489,53.382839],[-1.467604,53.382811],[-1.467721,53.38278],[-1.467954,53.382714],[-1.468179,53.382653],[-1.468287,53.382628],[-1.46839,53.38261],[-1.468443,53.382603],[-1.468503,53.382598],[-1.468637,53.382591],[-1.468944,53.382584],[-1.4691191,53.3825802]]}},{"type":"Feature","properties":{"r":"UK","g":"uk","col":"#6666ff","n":"Supertram Blue","ct":"谢菲尔德","jk":"urban","nz":"蓝线","off":-1.375},"geometry":{"type":"MultiLineString","coordinates":[[[-1.4601329,53.3823655],[-1.460133,53.382366],[-1.460145,53.3824],[-1.460161,53.382433],[-1.460208,53.382514],[-1.460264,53.382596],[-1.460295,53.382634],[-1.460327,53.382669],[-1.460344,53.382685],[-1.460361,53.3827],[-1.460378,53.382713],[-1.460396,53.382724],[-1.460409,53.382731],[-1.460422,53.382738],[-1.460437,53.382744],[-1.460451,53.38275],[-1.460482,53.38276],[-1.4605078,53.382767]],[[-1.4691191,53.3825802],[-1.469268,53.382577],[-1.469422,53.382569],[-1.469562,53.382556],[-1.469601,53.38255],[-1.46964,53.382543],[-1.4696872,53.3825317]]]}},{"type":"Feature","properties":{"r":"UK","g":"uk","col":"#6666ff","n":"Supertram Blue","ct":"谢菲尔德","jk":"urban","nz":"蓝线","off":-1.25},"geometry":{"type":"MultiLineString","coordinates":[[[-1.4603194,53.3818605],[-1.46026,53.381929],[-1.460201,53.382005],[-1.460152,53.38208],[-1.460133,53.382118],[-1.460119,53.382157],[-1.460113,53.382192],[-1.460111,53.382227],[-1.460118,53.382297],[-1.4601329,53.3823655]],[[-1.4696872,53.3825317],[-1.469715,53.382525],[-1.469791,53.382507],[-1.46983,53.382499],[-1.469869,53.382494],[-1.469928,53.382489],[-1.469992,53.382485],[-1.47013,53.38248],[-1.4702542,53.38248]]]}},{"type":"Feature","properties":{"r":"UK","g":"uk","col":"#6666ff","n":"Supertram Blue","ct":"谢菲尔德","jk":"urban","nz":"蓝线","off":-1.125},"geometry":{"type":"MultiLineString","coordinates":[[[-1.4607151,53.3814484],[-1.460679,53.38149],[-1.46061,53.381563],[-1.460466,53.381708],[-1.460325,53.381854],[-1.4603194,53.3818605]],[[-1.4702542,53.38248],[-1.470434,53.38248],[-1.470756,53.38248],[-1.4708256,53.3824782]]]}},{"type":"Feature","properties":{"r":"UK","g":"uk","col":"#6666ff","n":"Supertram Blue","ct":"谢菲尔德","jk":"urban","nz":"蓝线","off":-1.0},"geometry":{"type":"MultiLineString","coordinates":[[[-1.4609493,53.3809501],[-1.460948,53.381012],[-1.460941,53.381097],[-1.460933,53.381139],[-1.460927,53.381159],[-1.460919,53.38118],[-1.460903,53.381211],[-1.460885,53.381241],[-1.460842,53.3813],[-1.460744,53.381415],[-1.4607151,53.3814484]],[[-1.4708256,53.3824782],[-1.470915,53.382476],[-1.471068,53.382467],[-1.471174,53.382457],[-1.471279,53.382444],[-1.471383,53.382428],[-1.471394,53.3824258]]]}},{"type":"Feature","properties":{"r":"UK","g":"uk","col":"#6666ff","n":"Supertram Blue","ct":"谢菲尔德","jk":"urban","nz":"蓝线","off":-0.875},"geometry":{"type":"MultiLineString","coordinates":[[[-1.4609672,53.3803807],[-1.460952,53.380491],[-1.46094,53.380614],[-1.460938,53.380713],[-1.460944,53.380813],[-1.46095,53.380913],[-1.4609493,53.3809501]],[[-1.471394,53.3824258],[-1.471485,53.382408],[-1.471569,53.382389],[-1.471651,53.382368],[-1.471731,53.382344],[-1.471807,53.382316],[-1.47185,53.382297],[-1.47189,53.382275],[-1.471933,53.382248]]]}},{"type":"Feature","properties":{"r":"UK","g":"uk","col":"#6666ff","n":"Supertram Blue","ct":"谢菲尔德","jk":"urban","nz":"蓝线","off":-0.75},"geometry":{"type":"MultiLineString","coordinates":[[[-1.461073,53.3798192],[-1.461062,53.379878],[-1.461012,53.380123],[-1.460969,53.380368],[-1.4609672,53.3803807]],[[-1.471933,53.382248],[-1.471965,53.382228],[-1.472037,53.382175],[-1.472105,53.382119],[-1.472233,53.382003],[-1.472361,53.38189],[-1.4723711,53.3818823]]]}},{"type":"Feature","properties":{"r":"UK","g":"uk","col":"#6666ff","n":"Supertram Blue","ct":"谢菲尔德","jk":"urban","nz":"蓝线","off":-0.625},"geometry":{"type":"MultiLineString","coordinates":[[[-1.4611541,53.3792538],[-1.461108,53.379633],[-1.461073,53.3798192]],[[-1.4723711,53.3818823],[-1.472428,53.381839],[-1.4725,53.381792],[-1.472587,53.381746],[-1.47268,53.381704],[-1.472778,53.381667],[-1.472879,53.381632],[-1.4728808,53.3816315]]]}},{"type":"Feature","properties":{"r":"UK","g":"uk","col":"#6666ff","n":"Supertram Blue","ct":"谢菲尔德","jk":"urban","nz":"蓝线","off":-0.5},"geometry":{"type":"MultiLineString","coordinates":[[[-1.4270841,53.3449667],[-1.427082,53.344972],[-1.427066,53.345002],[-1.427047,53.345031],[-1.427034,53.345047],[-1.427014,53.345068],[-1.426956,53.345125],[-1.426778,53.345287],[-1.426273,53.345731],[-1.425747,53.346192],[-1.425545,53.346377],[-1.42547,53.346449],[-1.425418,53.346503],[-1.42534,53.346594],[-1.425266,53.346688],[-1.425194,53.346785],[-1.425126,53.346883],[-1.425,53.347082],[-1.424886,53.347283],[-1.424854,53.347348],[-1.424827,53.347413],[-1.424782,53.347546],[-1.424745,53.347677],[-1.424715,53.347809],[-1.424659,53.348074],[-1.424542,53.348722],[-1.424414,53.349406],[-1.424307,53.350017],[-1.424271,53.350262],[-1.424252,53.350448],[-1.424246,53.350634],[-1.424249,53.350821],[-1.424264,53.351007],[-1.424289,53.351193],[-1.424324,53.351358],[-1.424369,53.351521],[-1.424477,53.351847],[-1.424559,53.352064],[-1.424646,53.352281],[-1.425377,53.353921],[-1.425739,53.3546],[-1.426304,53.355549],[-1.42691,53.356572],[-1.427435,53.357447],[-1.427629,53.35776],[-1.427703,53.357873],[-1.427759,53.357952],[-1.427832,53.358043],[-1.427912,53.358133],[-1.428082,53.358309],[-1.428252,53.358485],[-1.428331,53.358574],[-1.428403,53.358666],[-1.428488,53.358789],[-1.428564,53.358913],[-1.428632,53.359039],[-1.428693,53.359167],[-1.428757,53.359323],[-1.428811,53.35948],[-1.428857,53.359638],[-1.428895,53.359797],[-1.428917,53.35992],[-1.428931,53.360047],[-1.428948,53.360304],[-1.428966,53.36055],[-1.428982,53.360663],[-1.429005,53.360768],[-1.429022,53.360822],[-1.429043,53.360876],[-1.429069,53.360929],[-1.429102,53.36098],[-1.429133,53.361017],[-1.429168,53.361052],[-1.429249,53.361118],[-1.429326,53.361172],[-1.429449,53.361253],[-1.429816,53.361485],[-1.430898,53.362153],[-1.432186,53.36294],[-1.433371,53.363668],[-1.433781,53.363942],[-1.434189,53.364217],[-1.434601,53.36449],[-1.434811,53.364624],[-1.435023,53.364757],[-1.435221,53.364874],[-1.435424,53.364988],[-1.435627,53.365102],[-1.435825,53.365219],[-1.436085,53.365382],[-1.436367,53.365566],[-1.436941,53.365949],[-1.437429,53.366273],[-1.437606,53.366385],[-1.43767,53.366423],[-1.437696,53.366437],[-1.437717,53.366447],[-1.437767,53.366468],[-1.43782,53.366487],[-1.437847,53.366495],[-1.437876,53.366502],[-1.437904,53.366508],[-1.437934,53.366512],[-1.43796,53.366514],[-1.437986,53.366515],[-1.438013,53.366514],[-1.438039,53.366513],[-1.438066,53.36651],[-1.438092,53.366506],[-1.438142,53.366497],[-1.43816,53.366493],[-1.438179,53.366487],[-1.438221,53.366474],[-1.438318,53.366438],[-1.438553,53.366339],[-1.438814,53.366227],[-1.438944,53.366175],[-1.439069,53.366129],[-1.439225,53.366074],[-1.439265,53.366061],[-1.439306,53.36605],[-1.439348,53.366042],[-1.439369,53.366038],[-1.439391,53.366035],[-1.439439,53.366031],[-1.439487,53.366029],[-1.439535,53.36603],[-1.439584,53.366032],[-1.439681,53.366041],[-1.439777,53.366051],[-1.439888,53.366065],[-1.439997,53.366082],[-1.440104,53.366102],[-1.44021,53.366126],[-1.440331,53.366158],[-1.440448,53.366195],[-1.440677,53.366276],[-1.440907,53.366356],[-1.441024,53.366393],[-1.441145,53.366425],[-1.441237,53.366446],[-1.44133,53.366464],[-1.441425,53.366479],[-1.441474,53.366484],[-1.441522,53.366488],[-1.44164,53.366492],[-1.441759,53.366491],[-1.441877,53.366483],[-1.441993,53.36647],[-1.442096,53.366454],[-1.442203,53.366434],[-1.442313,53.36641],[-1.442425,53.366383],[-1.442647,53.366323],[-1.442861,53.366257],[-1.442921,53.366236],[-1.442978,53.366213],[-1.443034,53.366189],[-1.443087,53.366162],[-1.443154,53.366124],[-1.443216,53.366083],[-1.443333,53.365998],[-1.443397,53.365946],[-1.443457,53.365893],[-1.44357,53.365784],[-1.443697,53.365651],[-1.443819,53.365513],[-1.444054,53.365233],[-1.444284,53.364961],[-1.4444,53.364834],[-1.444518,53.364716],[-1.444651,53.364595],[-1.444792,53.364477],[-1.444941,53.364363],[-1.445095,53.364251],[-1.445243,53.364155],[-1.445401,53.364065],[-1.445553,53.363988],[-1.445712,53.363917],[-1.445911,53.363836],[-1.446115,53.363759],[-1.446323,53.363687],[-1.446536,53.363621],[-1.446706,53.363575],[-1.44688,53.363533],[-1.447056,53.363495],[-1.447235,53.363462],[-1.447408,53.363434],[-1.447583,53.36341],[-1.44776,53.36339],[-1.447937,53.363374],[-1.448128,53.363363],[-1.448319,53.363361],[-1.448478,53.363365],[-1.448636,53.363372],[-1.448794,53.363383],[-1.448951,53.363399],[-1.449111,53.363421],[-1.449269,53.363447],[-1.449426,53.363477],[-1.449581,53.36351],[-1.449785,53.363555],[-1.449988,53.363603],[-1.450187,53.363657],[-1.450379,53.363717],[-1.450505,53.363764],[-1.450627,53.363815],[-1.450861,53.363926],[-1.451095,53.364037],[-1.451216,53.364089],[-1.451341,53.364137],[-1.451509,53.364194],[-1.451682,53.364246],[-1.451859,53.364293],[-1.45204,53.364333],[-1.452195,53.364359],[-1.452384,53.364383],[-1.452831,53.364431],[-1.453315,53.364483],[-1.45355,53.364513],[-1.453771,53.364547],[-1.45397,53.364583],[-1.454166,53.364623],[-1.454359,53.364668],[-1.454547,53.36472],[-1.454715,53.364776],[-1.454877,53.364837],[-1.455034,53.364904],[-1.455186,53.364974],[-1.455266,53.365014],[-1.455343,53.365057],[-1.455488,53.365148],[-1.455559,53.365198],[-1.455628,53.36525],[-1.455692,53.365303],[-1.455752,53.365358],[-1.455802,53.365409],[-1.455847,53.365462],[-1.455927,53.365571],[-1.455961,53.36563],[-1.455987,53.365691],[-1.456017,53.365787],[-1.456034,53.365884],[-1.45604,53.366005],[-1.456031,53.366125],[-1.456013,53.366221],[-1.455999,53.366268],[-1.455981,53.366315],[-1.455943,53.366392],[-1.455899,53.366468],[-1.455849,53.366542],[-1.455793,53.366615],[-1.45572,53.366696],[-1.455635,53.366772],[-1.455524,53.366856],[-1.455407,53.366938],[-1.45516,53.367094],[-1.454911,53.367251],[-1.454791,53.367331],[-1.454677,53.367414],[-1.454533,53.36753],[-1.454467,53.36759],[-1.454408,53.367653],[-1.454375,53.367695],[-1.454346,53.367738],[-1.454298,53.367827],[-1.454274,53.367884],[-1.454254,53.367942],[-1.454227,53.368058],[-1.454218,53.368158],[-1.454223,53.368258],[-1.454244,53.368375],[-1.454261,53.368434],[-1.454283,53.368491],[-1.454321,53.368564],[-1.454344,53.3686],[-1.454372,53.368634],[-1.454439,53.368704],[-1.454514,53.368772],[-1.454595,53.368837],[-1.454682,53.368899],[-1.454745,53.368939],[-1.454812,53.368977],[-1.454883,53.369013],[-1.454956,53.369047],[-1.45504,53.369082],[-1.455128,53.369113],[-1.45531,53.36917],[-1.455651,53.369262],[-1.456007,53.369349],[-1.456182,53.369387],[-1.456351,53.369422],[-1.45651,53.369452],[-1.456656,53.369476],[-1.456755,53.369488],[-1.456855,53.369496],[-1.457058,53.369506],[-1.45726,53.369516],[-1.45736,53.369525],[-1.457459,53.369538],[-1.45755,53.369555],[-1.457639,53.369575],[-1.457726,53.369598],[-1.45781,53.369625],[-1.457862,53.369644],[-1.457911,53.369666],[-1.458006,53.369712],[-1.458132,53.369782],[-1.45825,53.369858],[-1.458393,53.369964],[-1.458527,53.370073],[-1.45866,53.370184],[-1.458797,53.370292],[-1.459158,53.370557],[-1.459343,53.370687],[-1.459535,53.370814],[-1.45971,53.370923],[-1.459801,53.370975],[-1.459897,53.371024],[-1.459992,53.371067],[-1.460091,53.371107],[-1.460294,53.371181],[-1.460497,53.371257],[-1.460594,53.371298],[-1.460687,53.371342],[-1.46075,53.371376],[-1.460809,53.371412],[-1.460865,53.37145],[-1.460915,53.37149],[-1.460964,53.371537],[-1.461008,53.371586],[-1.461044,53.371637],[-1.461073,53.371689],[-1.461088,53.371726],[-1.461099,53.371764],[-1.461113,53.371841],[-1.461119,53.371918],[-1.461121,53.371995],[-1.46112,53.372058],[-1.461115,53.372121],[-1.461098,53.372248],[-1.461079,53.372374],[-1.461068,53.3725],[-1.461069,53.372654],[-1.46108,53.372807],[-1.461099,53.372955],[-1.461124,53.373103],[-1.461182,53.373399],[-1.461239,53.373695],[-1.461262,53.373843],[-1.461278,53.373991],[-1.461278,53.374079],[-1.461272,53.374166],[-1.461268,53.374254],[-1.46127,53.374297],[-1.461276,53.374341],[-1.46129,53.374394],[-1.461309,53.374447],[-1.461356,53.374551],[-1.461405,53.374655],[-1.461426,53.374707],[-1.461443,53.37476],[-1.461472,53.374878],[-1.461496,53.374997],[-1.461533,53.375235],[-1.461554,53.375474],[-1.461562,53.375713],[-1.461559,53.375804],[-1.461549,53.375935],[-1.461513,53.376299],[-1.461392,53.377323],[-1.461243,53.378522],[-1.4611541,53.3792538]],[[-1.4728808,53.3816315],[-1.473016,53.38159],[-1.473161,53.381552],[-1.473463,53.381481],[-1.473771,53.381411],[-1.473924,53.381375],[-1.474072,53.381335],[-1.474185,53.3813],[-1.474296,53.381263],[-1.474407,53.381226],[-1.474521,53.381192],[-1.474848,53.381111],[-1.475352,53.380994],[-1.47598,53.380853],[-1.476677,53.3807],[-1.477388,53.380546],[-1.478059,53.380403],[-1.478636,53.380283],[-1.479065,53.380199],[-1.47928,53.38016],[-1.479497,53.380123],[-1.479716,53.380091],[-1.479936,53.380063],[-1.480085,53.380047],[-1.480235,53.380034],[-1.480385,53.380025],[-1.480536,53.38002],[-1.480729,53.380022],[-1.480965,53.380032],[-1.48153,53.380065],[-1.48215,53.380102],[-1.482455,53.380117],[-1.482743,53.380127],[-1.482864,53.380128],[-1.482988,53.380127],[-1.483236,53.38012],[-1.483478,53.380118],[-1.483594,53.380121],[-1.483705,53.380128],[-1.483754,53.380134],[-1.483802,53.380141],[-1.483849,53.380151],[-1.483894,53.380164],[-1.483921,53.380173],[-1.483947,53.380184],[-1.483971,53.380197],[-1.483993,53.38021],[-1.484018,53.380228],[-1.484039,53.380248],[-1.484049,53.380259],[-1.484058,53.380269],[-1.484065,53.38028],[-1.484072,53.380291],[-1.484082,53.380312],[-1.484088,53.380333],[-1.484093,53.380354],[-1.484096,53.380376],[-1.484101,53.380463],[-1.484108,53.380581],[-1.484111,53.380699],[-1.484107,53.380935],[-1.484099,53.381172],[-1.484093,53.381408],[-1.484111,53.381876],[-1.484134,53.382372],[-1.484147,53.382811],[-1.484146,53.382981],[-1.484136,53.383105],[-1.484119,53.383194],[-1.484094,53.383282],[-1.484062,53.38337],[-1.484022,53.383456],[-1.483965,53.383556],[-1.483899,53.383653],[-1.483826,53.383749],[-1.483747,53.383843],[-1.483648,53.383952],[-1.483543,53.384058],[-1.48343,53.384162],[-1.48331,53.384263],[-1.483234,53.38432],[-1.483122,53.384398],[-1.482813,53.384606],[-1.481968,53.385158],[-1.481051,53.385758],[-1.480652,53.386025],[-1.480339,53.386244],[-1.480206,53.386342],[-1.480077,53.386443],[-1.479828,53.386647],[-1.479705,53.386756],[-1.479588,53.386867],[-1.479469,53.386978],[-1.479342,53.387085],[-1.479211,53.387184],[-1.479075,53.38728],[-1.478792,53.387469],[-1.47851,53.387657],[-1.478374,53.387754],[-1.478244,53.387853],[-1.478158,53.387925],[-1.478118,53.387962],[-1.478084,53.388001],[-1.478045,53.388055],[-1.478013,53.388111],[-1.477986,53.388167],[-1.477966,53.388225],[-1.477953,53.388287],[-1.477948,53.38835],[-1.477948,53.388475],[-1.477946,53.388593],[-1.477946,53.388713],[-1.477949,53.388772],[-1.477956,53.38883],[-1.477967,53.388886],[-1.477985,53.388939],[-1.478015,53.388999],[-1.478054,53.389058],[-1.478102,53.389114],[-1.478158,53.389168],[-1.478176,53.389183],[-1.478195,53.389197],[-1.478236,53.389224],[-1.47828,53.389249],[-1.478327,53.389273],[-1.478379,53.389296],[-1.478434,53.389317],[-1.478546,53.389356],[-1.478819,53.389446],[-1.479113,53.389538],[-1.479717,53.389718],[-1.480265,53.389882],[-1.480489,53.389954],[-1.480664,53.390016],[-1.48084,53.390091],[-1.481064,53.390196],[-1.481607,53.390464],[-1.482191,53.390751],[-1.482467,53.390881],[-1.482716,53.390991],[-1.482815,53.391031],[-1.482916,53.391068],[-1.483121,53.391141],[-1.483327,53.391213],[-1.483428,53.39125],[-1.483527,53.39129],[-1.483742,53.391386],[-1.483947,53.391489],[-1.484104,53.391576],[-1.484255,53.391666],[-1.484556,53.391848],[-1.485155,53.392242],[-1.485753,53.39264],[-1.486353,53.393031],[-1.486655,53.393222],[-1.486959,53.393408],[-1.487163,53.393527],[-1.487376,53.393645],[-1.487812,53.393877],[-1.488233,53.394104],[-1.488427,53.394215],[-1.488605,53.394323],[-1.488682,53.394374],[-1.488717,53.394401],[-1.48875,53.394429],[-1.488782,53.394461],[-1.488811,53.394494],[-1.48886,53.394562],[-1.488927,53.394683],[-1.489007,53.394851],[-1.489197,53.395287],[-1.489404,53.39578],[-1.489603,53.396245],[-1.48972,53.396471],[-1.489835,53.396698],[-1.489954,53.396924],[-1.490084,53.397148],[-1.49023,53.397376],[-1.490384,53.397603],[-1.490547,53.397827],[-1.49072,53.398048],[-1.490848,53.398202],[-1.490917,53.398278],[-1.490995,53.39835],[-1.491066,53.398408],[-1.491142,53.398464],[-1.491224,53.398517],[-1.491311,53.398566],[-1.491404,53.398611],[-1.491501,53.398653],[-1.491603,53.398691],[-1.49171,53.398723],[-1.491769,53.398737],[-1.491845,53.398752],[-1.492041,53.398786],[-1.492546,53.398862],[-1.493083,53.398944],[-1.493318,53.398984],[-1.493508,53.399022],[-1.493733,53.399077],[-1.493954,53.399139],[-1.494169,53.399207],[-1.494377,53.399283],[-1.494488,53.399328],[-1.494595,53.399377],[-1.494802,53.399479],[-1.495003,53.399586],[-1.495202,53.399694],[-1.495382,53.399796],[-1.495558,53.399901],[-1.495734,53.400006],[-1.495916,53.400107],[-1.496181,53.400243],[-1.496469,53.400387],[-1.496772,53.400535],[-1.497083,53.400683],[-1.497393,53.400828],[-1.497694,53.400965],[-1.497978,53.401091],[-1.498237,53.401202],[-1.498344,53.401244],[-1.498454,53.401283],[-1.498564,53.401321],[-1.498671,53.401363],[-1.499144,53.401567],[-1.49962,53.401784],[-1.499848,53.401892],[-1.500062,53.401997],[-1.500259,53.402097],[-1.500433,53.40219],[-1.500476,53.402216],[-1.500517,53.402243],[-1.500595,53.402301],[-1.500635,53.402329],[-1.500676,53.402356],[-1.50072,53.402382],[-1.500743,53.402393],[-1.500768,53.402404],[-1.500808,53.402419],[-1.500829,53.402426],[-1.50085,53.402432],[-1.500872,53.402437],[-1.500895,53.402442],[-1.500918,53.402445],[-1.500941,53.402447],[-1.500969,53.402448],[-1.500997,53.402447],[-1.501025,53.402446],[-1.501053,53.402443],[-1.501081,53.402439],[-1.501109,53.402434],[-1.5011543,53.4024237]]]}},{"type":"Feature","properties":{"r":"UK","g":"uk","col":"#6666ff","n":"Supertram Blue","ct":"谢菲尔德","jk":"urban","nz":"蓝线","off":-0.375},"geometry":{"type":"MultiLineString","coordinates":[[[-1.425916,53.3446091],[-1.42607,53.344631],[-1.42643,53.344675],[-1.426475,53.344679],[-1.426521,53.344682],[-1.426613,53.344687],[-1.426705,53.344692],[-1.42675,53.344697],[-1.426794,53.344704],[-1.426843,53.344714],[-1.42689,53.344726],[-1.426913,53.344732],[-1.426936,53.34474],[-1.426957,53.344749],[-1.426977,53.344758],[-1.426989,53.344765],[-1.427,53.344772],[-1.427011,53.344779],[-1.42702,53.344787],[-1.427038,53.344804],[-1.427053,53.344821],[-1.427069,53.344843],[-1.427083,53.344865],[-1.427088,53.344876],[-1.427092,53.344888],[-1.427095,53.344899],[-1.427096,53.344911],[-1.427095,53.344926],[-1.427093,53.344942],[-1.427088,53.344957],[-1.4270841,53.3449667]],[[-1.5011543,53.4024237],[-1.501162,53.402422],[-1.501199,53.402412],[-1.501235,53.4024],[-1.501305,53.402374],[-1.50144,53.402312],[-1.501574,53.402248],[-1.501644,53.40222],[-1.501681,53.402207],[-1.501718,53.402195],[-1.50183,53.402166],[-1.501957,53.40214],[-1.5021125,53.4021136]]]}},{"type":"Feature","properties":{"r":"UK","g":"uk","col":"#6666ff","n":"Supertram Blue","ct":"谢菲尔德","jk":"urban","nz":"蓝线","off":-0.25},"geometry":{"type":"MultiLineString","coordinates":[[[-1.4246101,53.3443471],[-1.424716,53.344377],[-1.424899,53.344426],[-1.425017,53.344455],[-1.425186,53.34449],[-1.425358,53.344522],[-1.425534,53.344552],[-1.425711,53.34458],[-1.425916,53.3446091]],[[-1.5021125,53.4021136],[-1.50224,53.402092],[-1.502538,53.402043],[-1.502684,53.402015],[-1.502823,53.401985],[-1.503066,53.401923],[-1.503104,53.4019124]]]}},{"type":"Feature","properties":{"r":"UK","g":"uk","col":"#6666ff","n":"Supertram Blue","ct":"谢菲尔德","jk":"urban","nz":"蓝线","off":-0.125},"geometry":{"type":"MultiLineString","coordinates":[[[-1.4233286,53.3439788],[-1.424195,53.34423],[-1.4246101,53.3443471]],[[-1.503104,53.4019124],[-1.50336,53.401841],[-1.504054,53.401637],[-1.5040763,53.4016303]]]}},{"type":"Feature","properties":{"r":"UK","g":"uk","col":"#ff39ff","n":"Supertram Purple","ct":"谢菲尔德","jk":"urban","nz":"紫线"},"geometry":{"type":"MultiLineString","coordinates":[[[-1.4284598,53.3597962],[-1.428456,53.359755],[-1.428438,53.35961],[-1.4284198,53.3594987]],[[-1.4303225,53.3426064],[-1.430383,53.342584],[-1.430519,53.342541],[-1.430701,53.342489],[-1.430912,53.342432],[-1.431136,53.342376],[-1.431353,53.342323],[-1.431546,53.342279],[-1.431697,53.342248],[-1.431752,53.342239],[-1.431773,53.342237],[-1.431782,53.342236],[-1.43179,53.342235],[-1.431811,53.342234],[-1.431833,53.342235],[-1.431854,53.342237],[-1.431875,53.342239],[-1.431917,53.342246],[-1.431957,53.342255],[-1.432001,53.342267],[-1.432048,53.342282],[-1.432152,53.34232],[-1.432384,53.342418],[-1.432631,53.342521],[-1.432753,53.342566],[-1.43287,53.342603],[-1.433007,53.342638],[-1.433148,53.342668],[-1.433292,53.342692],[-1.433438,53.342708],[-1.433473,53.34271],[-1.433527,53.342711],[-1.433684,53.342713],[-1.434168,53.342712],[-1.434813,53.342705],[-1.435546,53.342695],[-1.43629,53.342682],[-1.43697,53.342668],[-1.437511,53.342653],[-1.437838,53.342639],[-1.437952,53.342629],[-1.438065,53.342617],[-1.438289,53.342587],[-1.438514,53.342555],[-1.438627,53.342542],[-1.43874,53.342531],[-1.438867,53.342523],[-1.438994,53.342518],[-1.439248,53.342509]]]}},{"type":"Feature","properties":{"r":"UK","g":"uk","col":"#ff39ff","n":"Supertram Purple","ct":"谢菲尔德","jk":"urban","nz":"紫线","off":-0.5},"geometry":{"type":"MultiLineString","coordinates":[[[-1.469049,53.382611],[-1.46886,53.38262],[-1.46867,53.382627],[-1.468482,53.382638],[-1.468389,53.382647],[-1.468297,53.38266],[-1.468194,53.38268],[-1.468093,53.382704],[-1.467896,53.38276],[-1.4677,53.38282],[-1.467601,53.382847],[-1.4675,53.382872],[-1.467198,53.382935],[-1.466892,53.382991],[-1.466584,53.383042],[-1.466274,53.383088],[-1.466046,53.383119],[-1.465816,53.383146],[-1.465586,53.38317],[-1.465354,53.38319],[-1.465116,53.383208],[-1.464878,53.383224],[-1.464639,53.383234],[-1.46452,53.383236],[-1.4644,53.383235],[-1.464199,53.383227],[-1.463999,53.383213],[-1.4638,53.383192],[-1.463603,53.383166],[-1.46348,53.383145],[-1.463358,53.38312],[-1.463119,53.383064],[-1.462879,53.383008],[-1.462758,53.382984],[-1.462634,53.382964],[-1.46255,53.382954],[-1.462447,53.382945],[-1.462193,53.382927],[-1.461577,53.382894],[-1.460981,53.382862],[-1.46075,53.382846],[-1.460661,53.382838],[-1.460595,53.382829],[-1.460536,53.382819],[-1.460477,53.382807],[-1.460449,53.3828],[-1.460422,53.382792],[-1.460396,53.382782],[-1.460384,53.382777],[-1.460372,53.382771],[-1.460361,53.382765],[-1.460351,53.382759],[-1.460332,53.382745],[-1.460315,53.382731],[-1.460299,53.382715],[-1.460271,53.382683],[-1.460245,53.382651],[-1.460193,53.382585],[-1.460147,53.382518],[-1.460108,53.382449],[-1.460079,53.382379],[-1.460065,53.382322],[-1.460058,53.382264],[-1.46006,53.382206],[-1.460069,53.382148],[-1.460082,53.382107],[-1.460101,53.382067],[-1.46015,53.381989],[-1.460219,53.381899],[-1.460296,53.38181],[-1.460466,53.381634],[-1.46064,53.381458],[-1.460722,53.381369],[-1.460798,53.381278],[-1.460836,53.381227],[-1.460853,53.381201],[-1.460866,53.381174],[-1.460879,53.381134],[-1.460888,53.381093],[-1.460896,53.38101],[-1.460898,53.38091],[-1.460891,53.38081],[-1.460886,53.38071],[-1.460888,53.38061],[-1.460907,53.380485],[-1.460935,53.380361],[-1.460965,53.380237],[-1.46099,53.380113],[-1.461058,53.379654],[-1.461137,53.379068],[-1.46122,53.378404],[-1.461302,53.377715],[-1.461377,53.37705],[-1.461439,53.37646],[-1.461483,53.375998],[-1.461501,53.375712],[-1.4615,53.375591],[-1.461492,53.37547],[-1.461467,53.375229],[-1.461439,53.374996],[-1.461419,53.37488],[-1.461391,53.374765],[-1.461372,53.37471],[-1.461347,53.374656],[-1.461291,53.374549],[-1.461238,53.374442],[-1.461218,53.374387],[-1.461204,53.374332],[-1.461201,53.3743],[-1.461201,53.374268],[-1.461209,53.374204],[-1.46122,53.37414],[-1.461223,53.374108],[-1.461223,53.374076],[-1.461209,53.373934],[-1.461183,53.373792],[-1.461154,53.37365],[-1.461126,53.373508],[-1.461092,53.373248],[-1.461054,53.372989],[-1.461023,53.372729],[-1.461012,53.372599],[-1.461007,53.372469],[-1.461009,53.372384],[-1.461017,53.372296],[-1.461042,53.372117],[-1.461062,53.37195],[-1.461063,53.371876],[-1.461061,53.371843],[-1.461056,53.371813],[-1.461039,53.371755],[-1.461013,53.371699],[-1.46098,53.371643],[-1.46094,53.37159],[-1.46089,53.371535],[-1.460834,53.371482],[-1.46077,53.371432],[-1.460736,53.371408],[-1.460699,53.371386],[-1.460664,53.371367],[-1.460625,53.371348],[-1.460536,53.371311],[-1.460328,53.371234],[-1.460104,53.371154],[-1.459997,53.371112],[-1.459897,53.371069],[-1.459826,53.371034],[-1.459757,53.370997],[-1.459626,53.37092],[-1.459437,53.3708],[-1.459253,53.370676],[-1.459074,53.37055],[-1.458899,53.370422],[-1.45875,53.370305],[-1.458607,53.370184],[-1.458462,53.370065],[-1.458386,53.370007],[-1.458306,53.369951],[-1.458223,53.369896],[-1.458137,53.369844],[-1.458047,53.369793],[-1.457951,53.369747],[-1.457849,53.369703],[-1.457742,53.369662],[-1.457631,53.369626],[-1.457574,53.369611],[-1.457515,53.369597],[-1.457468,53.369588],[-1.457416,53.36958],[-1.457298,53.369567],[-1.457025,53.369547],[-1.456731,53.369525],[-1.456588,53.36951],[-1.456453,53.369491],[-1.456303,53.369463],[-1.456139,53.369429],[-1.455965,53.36939],[-1.455786,53.369347],[-1.455608,53.369301],[-1.455434,53.369254],[-1.45527,53.369207],[-1.455121,53.36916],[-1.45502,53.369126],[-1.454921,53.369088],[-1.454826,53.369047],[-1.454738,53.369002],[-1.454623,53.368931],[-1.454517,53.368854],[-1.45442,53.368773],[-1.454333,53.368689],[-1.454298,53.368649],[-1.454269,53.368608],[-1.45422,53.368523],[-1.454189,53.368458],[-1.454163,53.368391],[-1.454143,53.368324],[-1.45413,53.368257],[-1.454123,53.368181],[-1.454124,53.368105],[-1.454131,53.368029],[-1.454146,53.367953],[-1.454166,53.367883],[-1.454191,53.367814],[-1.454224,53.367746],[-1.454266,53.36768],[-1.454331,53.367599],[-1.454406,53.367521],[-1.454489,53.367446],[-1.454579,53.367374],[-1.454666,53.367311],[-1.454759,53.36725],[-1.454955,53.367134],[-1.455154,53.36702],[-1.455251,53.366962],[-1.455344,53.366901],[-1.455499,53.366793],[-1.455572,53.366737],[-1.455639,53.366678],[-1.45569,53.366627],[-1.455738,53.366575],[-1.45578,53.366522],[-1.455817,53.366467],[-1.455857,53.366393],[-1.455889,53.366317],[-1.455915,53.366241],[-1.455937,53.366164],[-1.455954,53.36608],[-1.455962,53.365995],[-1.455963,53.365882],[-1.455958,53.365826],[-1.455947,53.36577],[-1.455928,53.365708],[-1.455903,53.365647],[-1.455872,53.365587],[-1.455836,53.365528],[-1.455787,53.365461],[-1.455731,53.365396],[-1.455669,53.365333],[-1.455601,53.365272],[-1.455524,53.365212],[-1.455442,53.365154],[-1.455354,53.365099],[-1.455261,53.365047],[-1.455122,53.364976],[-1.454976,53.36491],[-1.454825,53.364849],[-1.454668,53.364793],[-1.454483,53.364735],[-1.454293,53.364682],[-1.454098,53.364637],[-1.453899,53.364599],[-1.453771,53.364581],[-1.45364,53.364567],[-1.453373,53.364548],[-1.453103,53.364531],[-1.452969,53.364521],[-1.452836,53.364507],[-1.452594,53.364478],[-1.452352,53.364446],[-1.452114,53.364408],[-1.451997,53.364386],[-1.451881,53.364361],[-1.451771,53.364334],[-1.451662,53.364303],[-1.45145,53.364237],[-1.451242,53.364165],[-1.451037,53.364091],[-1.450937,53.364053],[-1.450838,53.364013],[-1.450645,53.36393],[-1.450451,53.363848],[-1.450351,53.363809],[-1.450249,53.363773],[-1.450072,53.363716],[-1.449892,53.363663],[-1.449708,53.363615],[-1.44952,53.363573],[-1.449353,53.363541],[-1.449183,53.363513],[-1.449011,53.363491],[-1.448837,53.363476],[-1.448695,53.363469],[-1.448535,53.363465],[-1.448362,53.363464],[-1.448183,53.363465],[-1.448004,53.363469],[-1.447831,53.363475],[-1.44767,53.363483],[-1.447528,53.363494],[-1.447402,53.363509],[-1.447278,53.363529],[-1.447034,53.363578],[-1.446873,53.363614],[-1.446713,53.363652],[-1.446556,53.363694],[-1.446401,53.363738],[-1.44626,53.363781],[-1.44612,53.363826],[-1.445984,53.363874],[-1.445852,53.363926],[-1.445706,53.363991],[-1.445567,53.364061],[-1.445431,53.364135],[-1.4453,53.36421],[-1.44515,53.364305],[-1.445009,53.364405],[-1.444909,53.364482],[-1.444813,53.36456],[-1.44472,53.36464],[-1.444632,53.364722],[-1.444506,53.364848],[-1.444386,53.364976],[-1.444157,53.365236],[-1.443931,53.365498],[-1.443814,53.365627],[-1.443691,53.365754],[-1.443574,53.365868],[-1.443513,53.365924],[-1.443447,53.365978],[-1.443362,53.366042],[-1.443274,53.366104],[-1.443181,53.366164],[-1.443082,53.36622],[-1.443006,53.366257],[-1.442927,53.366292],[-1.442844,53.366324],[-1.442759,53.366353],[-1.442591,53.366404],[-1.442419,53.366449],[-1.442242,53.366489],[-1.442063,53.366523],[-1.44197,53.366538],[-1.441875,53.366551],[-1.441779,53.36656],[-1.441683,53.366565],[-1.44161,53.366566],[-1.441536,53.366564],[-1.441463,53.36656],[-1.441391,53.366552],[-1.44129,53.366536],[-1.44119,53.366515],[-1.440996,53.366466],[-1.440887,53.366436],[-1.440781,53.366403],[-1.44057,53.366333],[-1.44036,53.366263],[-1.440253,53.36623],[-1.440144,53.3662],[-1.440019,53.36617],[-1.439955,53.366158],[-1.43989,53.366147],[-1.439775,53.36613],[-1.439658,53.366115],[-1.439599,53.366109],[-1.43954,53.366106],[-1.439482,53.366105],[-1.439423,53.366107],[-1.439382,53.366111],[-1.439343,53.366117],[-1.439303,53.366124],[-1.439265,53.366133],[-1.439189,53.366154],[-1.439115,53.366176],[-1.438984,53.366221],[-1.438845,53.366276],[-1.438566,53.366399],[-1.438319,53.366508],[-1.438221,53.366547],[-1.43818,53.36656],[-1.438163,53.366565],[-1.438147,53.366569],[-1.438113,53.366575],[-1.438079,53.36658],[-1.438044,53.366584],[-1.438009,53.366586],[-1.437973,53.366587],[-1.437938,53.366586],[-1.437903,53.366584],[-1.437869,53.366579],[-1.437856,53.366576],[-1.437843,53.366574],[-1.43783,53.36657],[-1.437818,53.366566],[-1.437794,53.366557],[-1.437771,53.366548],[-1.437728,53.366526],[-1.437686,53.366503],[-1.437582,53.366444],[-1.437477,53.366379],[-1.43727,53.366236],[-1.437062,53.366086],[-1.436854,53.36594],[-1.435183,53.364915],[-1.432839,53.363391],[-1.431455,53.362559],[-1.430837,53.362175],[-1.430216,53.361793],[-1.429601,53.361408],[-1.429299,53.361212],[-1.429002,53.361014],[-1.4289355,53.3609712]],[[-1.4278796,53.3582742],[-1.427747,53.358049],[-1.426349,53.355735],[-1.425326,53.353926],[-1.425143,53.353583],[-1.425054,53.353411],[-1.424971,53.353238],[-1.42476,53.352751],[-1.424554,53.352241],[-1.424461,53.351997],[-1.424379,53.35177],[-1.42431,53.351566],[-1.424259,53.351395],[-1.424217,53.351227],[-1.424185,53.351058],[-1.424161,53.350888],[-1.424148,53.350718],[-1.424146,53.350517],[-1.424158,53.350317],[-1.424178,53.350116],[-1.424202,53.349916],[-1.424264,53.349451],[-1.424337,53.348986],[-1.424423,53.348522],[-1.424524,53.348059],[-1.424592,53.347798],[-1.424632,53.347667],[-1.424678,53.347538],[-1.424723,53.347427],[-1.424773,53.347317],[-1.424883,53.347098],[-1.424933,53.347007],[-1.42499,53.346917],[-1.425052,53.346832],[-1.425119,53.346748],[-1.425189,53.346665],[-1.425265,53.346584],[-1.425366,53.346485],[-1.425474,53.346388],[-1.425699,53.346199],[-1.425926,53.346009],[-1.426035,53.345913],[-1.426139,53.345815],[-1.426234,53.345713],[-1.426323,53.345608],[-1.426411,53.345504],[-1.426508,53.345402],[-1.426613,53.345305],[-1.426724,53.34521],[-1.426955,53.345024],[-1.4270835,53.3449259]]]}},{"type":"Feature","properties":{"r":"UK","g":"uk","col":"#ff39ff","n":"Supertram Purple","ct":"谢菲尔德","jk":"urban","nz":"紫线","off":-0.375},"geometry":{"type":"MultiLineString","coordinates":[[[-1.4289355,53.3609712],[-1.428803,53.360886],[-1.428756,53.360853],[-1.428711,53.360818],[-1.428671,53.360783],[-1.428635,53.360745],[-1.42862,53.360725],[-1.428607,53.360705],[-1.428596,53.360684],[-1.4285959,53.3606837]],[[-1.4281107,53.3586606],[-1.428052,53.358558],[-1.427896,53.358302],[-1.4278796,53.3582742]],[[-1.4270835,53.3449259],[-1.427086,53.344924],[-1.42722,53.344826],[-1.427493,53.344632],[-1.427767,53.344438],[-1.427901,53.34434],[-1.428032,53.34424],[-1.4281588,53.3441381]]]}},{"type":"Feature","properties":{"r":"UK","g":"uk","col":"#ff39ff","n":"Supertram Purple","ct":"谢菲尔德","jk":"urban","nz":"紫线","off":-0.25},"geometry":{"type":"MultiLineString","coordinates":[[[-1.4285959,53.3606837],[-1.428588,53.360663],[-1.428561,53.360576],[-1.428533,53.360458],[-1.428513,53.360329],[-1.4285039,53.3602443]],[[-1.4283139,53.3590618],[-1.428307,53.359042],[-1.428256,53.358928],[-1.428195,53.358808],[-1.4281107,53.3586606]],[[-1.4281588,53.3441381],[-1.4282,53.344105],[-1.428366,53.343965],[-1.428691,53.343679],[-1.42901,53.343404],[-1.429166,53.343276],[-1.4291719,53.3432715]]]}},{"type":"Feature","properties":{"r":"UK","g":"uk","col":"#ff39ff","n":"Supertram Purple","ct":"谢菲尔德","jk":"urban","nz":"紫线","off":-0.125},"geometry":{"type":"MultiLineString","coordinates":[[[-1.4285039,53.3602443],[-1.428483,53.360049],[-1.4284598,53.3597962]],[[-1.4284198,53.3594987],[-1.428415,53.359469],[-1.428372,53.359254],[-1.428344,53.359148],[-1.4283139,53.3590618]],[[-1.4291719,53.3432715],[-1.42932,53.343159],[-1.42943,53.343082],[-1.429545,53.343007],[-1.429664,53.342934],[-1.429787,53.342864],[-1.429928,53.342788],[-1.430073,53.342714],[-1.430224,53.342646],[-1.430302,53.342614],[-1.4303225,53.3426064]]]}},{"type":"Feature","properties":{"r":"UK","g":"uk","col":"#ffff00","n":"Supertram Yellow","ct":"谢菲尔德","jk":"urban","nz":"黄线"},"geometry":{"type":"MultiLineString","coordinates":[[[-1.413139,53.417186],[-1.412851,53.417368],[-1.412708,53.417459],[-1.412568,53.417552],[-1.412312,53.417732],[-1.412063,53.417915],[-1.411813,53.418098],[-1.411686,53.418189],[-1.411555,53.418277],[-1.411287,53.418451],[-1.410991,53.41864],[-1.410374,53.419023],[-1.410085,53.419198],[-1.40983,53.419349],[-1.409625,53.419465],[-1.409485,53.419538],[-1.409423,53.419566],[-1.409359,53.419592],[-1.409325,53.419604],[-1.409291,53.419615],[-1.409256,53.419624],[-1.40922,53.419632],[-1.409187,53.419638],[-1.409154,53.419642],[-1.40912,53.419646],[-1.409086,53.419648],[-1.409017,53.41965],[-1.408948,53.419648],[-1.408885,53.419643],[-1.408824,53.419636],[-1.408793,53.41963],[-1.408763,53.419624],[-1.408734,53.419617],[-1.408706,53.419609],[-1.408671,53.419598],[-1.408638,53.419585],[-1.408606,53.419571],[-1.408575,53.419556],[-1.408516,53.419524],[-1.408463,53.419489],[-1.408447,53.419477],[-1.408428,53.41946],[-1.408382,53.419417],[-1.408259,53.419291],[-1.407926,53.418929],[-1.4078233,53.4188142]],[[-1.4575796,53.3841861],[-1.457659,53.384159],[-1.4579232,53.384067]],[[-1.5041093,53.4051157],[-1.504127,53.405161],[-1.504199,53.405378],[-1.504261,53.405596],[-1.504315,53.405815],[-1.504349,53.405996],[-1.504369,53.406177],[-1.504374,53.406281],[-1.504375,53.406384],[-1.504371,53.406488],[-1.504362,53.406591],[-1.504333,53.40678],[-1.504289,53.406995],[-1.504174,53.407477],[-1.504056,53.407977],[-1.504007,53.408216],[-1.503971,53.408437],[-1.503956,53.408568],[-1.503946,53.408698],[-1.503942,53.408829],[-1.503944,53.40896],[-1.503952,53.409087],[-1.503967,53.409214],[-1.503987,53.409341],[-1.504012,53.409467],[-1.504066,53.409684],[-1.504132,53.4099],[-1.504201,53.410116],[-1.504269,53.410332],[-1.504315,53.410536],[-1.504359,53.410741],[-1.504407,53.410945],[-1.504467,53.411148],[-1.50451,53.411265],[-1.504536,53.411324],[-1.504566,53.411381],[-1.504633,53.411488],[-1.504672,53.41154],[-1.504715,53.411591],[-1.504769,53.411646],[-1.504827,53.411698],[-1.504955,53.4118],[-1.505124,53.411921],[-1.505333,53.412062],[-1.505831,53.412384],[-1.506378,53.412729],[-1.5069,53.413063],[-1.507406,53.413423],[-1.507921,53.413784],[-1.508419,53.414142],[-1.508654,53.414317],[-1.508875,53.414488],[-1.509056,53.414625],[-1.509098,53.41466],[-1.509136,53.414696],[-1.50917,53.414733],[-1.509184,53.414752],[-1.509197,53.414771],[-1.509204,53.414783],[-1.509209,53.414795],[-1.509213,53.414808],[-1.509215,53.41482],[-1.509219,53.414846],[-1.50922,53.414872],[-1.509221,53.414923],[-1.509225,53.414949],[-1.509228,53.414961],[-1.509232,53.414974],[-1.509244,53.415],[-1.509258,53.415026],[-1.509275,53.415051],[-1.509294,53.415076],[-1.509352,53.415141],[-1.509415,53.415204],[-1.509551,53.415327],[-1.509694,53.415448],[-1.509833,53.41557]]]}},{"type":"Feature","properties":{"r":"UK","g":"uk","col":"#ffff00","n":"Supertram Yellow","ct":"谢菲尔德","jk":"urban","nz":"黄线","off":-0.5},"geometry":{"type":"LineString","coordinates":[[-1.4054415,53.4156298],[-1.405393,53.415505],[-1.405304,53.415254],[-1.405221,53.415002],[-1.405135,53.41475],[-1.404958,53.414151],[-1.404872,53.413852],[-1.404795,53.413551],[-1.404766,53.413419],[-1.404747,53.413287],[-1.404736,53.413107],[-1.404729,53.412908],[-1.404726,53.412697],[-1.404728,53.41248],[-1.404734,53.412265],[-1.404743,53.412059],[-1.404757,53.411867],[-1.404775,53.411696],[-1.404789,53.411605],[-1.404807,53.411514],[-1.404831,53.411423],[-1.404859,53.411333],[-1.404892,53.411248],[-1.40493,53.411164],[-1.40501,53.410996],[-1.405129,53.410738],[-1.40519,53.410609],[-1.405258,53.410482],[-1.405362,53.410311],[-1.405419,53.410226],[-1.40548,53.410143],[-1.405576,53.410023],[-1.405678,53.409905],[-1.405786,53.409789],[-1.405899,53.409674],[-1.40601,53.40957],[-1.406126,53.409468],[-1.406363,53.409266],[-1.407369,53.408474],[-1.408432,53.40764],[-1.409381,53.406889],[-1.409759,53.406583],[-1.410043,53.406345],[-1.410217,53.406191],[-1.410386,53.406035],[-1.41055,53.405876],[-1.410707,53.405716],[-1.410881,53.405524],[-1.411041,53.405327],[-1.411134,53.405203],[-1.411223,53.405078],[-1.411307,53.404952],[-1.411385,53.404825],[-1.411507,53.404608],[-1.411644,53.404347],[-1.411948,53.403735],[-1.412269,53.40307],[-1.412582,53.402432],[-1.412687,53.402188],[-1.41279,53.401941],[-1.412898,53.401701],[-1.412957,53.401586],[-1.413021,53.401477],[-1.413134,53.401309],[-1.413259,53.401144],[-1.413396,53.400982],[-1.413543,53.400823],[-1.413643,53.400723],[-1.41375,53.400626],[-1.413863,53.400532],[-1.413983,53.40044],[-1.414162,53.400313],[-1.414349,53.400191],[-1.414545,53.400073],[-1.41475,53.399961],[-1.414955,53.399859],[-1.415169,53.399763],[-1.415389,53.399673],[-1.415615,53.399588],[-1.41572,53.399552],[-1.415829,53.39952],[-1.416049,53.399459],[-1.416435,53.399359],[-1.416844,53.399259],[-1.417678,53.399066],[-1.418452,53.398886],[-1.418784,53.398805],[-1.419063,53.39873],[-1.41929,53.398663],[-1.419514,53.398591],[-1.419734,53.398515],[-1.41995,53.398436],[-1.420098,53.398378],[-1.420244,53.398317],[-1.420386,53.398253],[-1.420526,53.398188],[-1.42066,53.398123],[-1.420791,53.398056],[-1.42092,53.397987],[-1.421044,53.397915],[-1.421224,53.397803],[-1.421397,53.397688],[-1.421565,53.397571],[-1.42173,53.397451],[-1.421879,53.397339],[-1.422025,53.397225],[-1.422166,53.397109],[-1.422302,53.396991],[-1.422398,53.396901],[-1.422489,53.39681],[-1.422664,53.396624],[-1.422849,53.396421],[-1.423031,53.396216],[-1.423385,53.395804],[-1.423736,53.395391],[-1.424088,53.394978],[-1.424465,53.394567],[-1.424839,53.394155],[-1.425219,53.393744],[-1.425415,53.393541],[-1.425616,53.39334],[-1.425723,53.393236],[-1.42578,53.393186],[-1.425841,53.393137],[-1.425912,53.393087],[-1.425986,53.39304],[-1.426064,53.392994],[-1.426147,53.392952],[-1.426219,53.392919],[-1.426294,53.392889],[-1.426372,53.392862],[-1.426452,53.392836],[-1.426527,53.392815],[-1.426604,53.392795],[-1.426761,53.392763],[-1.426895,53.392741],[-1.42703,53.392722],[-1.427304,53.39269],[-1.427578,53.392659],[-1.427714,53.392641],[-1.427849,53.392621],[-1.428011,53.392592],[-1.428172,53.39256],[-1.428491,53.39249],[-1.42881,53.392422],[-1.428972,53.392392],[-1.429136,53.392366],[-1.429362,53.392341],[-1.42967,53.392315],[-1.430435,53.392259],[-1.431245,53.3922],[-1.431608,53.39217],[-1.431911,53.392138],[-1.432078,53.392118],[-1.432159,53.392104],[-1.432199,53.392096],[-1.432238,53.392086],[-1.432293,53.392069],[-1.432346,53.392049],[-1.432396,53.392026],[-1.432442,53.392001],[-1.432468,53.391985],[-1.432492,53.391968],[-1.432536,53.391932],[-1.432613,53.391855],[-1.432681,53.391773],[-1.432741,53.391689],[-1.432854,53.391518],[-1.433389,53.390665],[-1.433966,53.389737],[-1.434458,53.388958],[-1.434632,53.388693],[-1.434695,53.388604],[-1.434738,53.388548],[-1.43476,53.388523],[-1.434785,53.388499],[-1.434813,53.388476],[-1.434828,53.388465],[-1.434844,53.388455],[-1.434865,53.388443],[-1.434888,53.388432],[-1.434935,53.388412],[-1.435036,53.388377],[-1.435139,53.388343],[-1.435187,53.388323],[-1.435211,53.388313],[-1.435233,53.388302],[-1.435289,53.388271],[-1.435342,53.388237],[-1.43539,53.388201],[-1.435433,53.388163],[-1.435448,53.388146],[-1.435468,53.388121],[-1.43552,53.388047],[-1.435666,53.387825],[-1.436057,53.387202],[-1.436452,53.386573],[-1.436602,53.386345],[-1.436656,53.386268],[-1.436677,53.38624],[-1.436694,53.386221],[-1.43674,53.386177],[-1.436792,53.386134],[-1.436848,53.386094],[-1.436908,53.386056],[-1.437006,53.386],[-1.437112,53.385943],[-1.437225,53.385887],[-1.437344,53.385831],[-1.437591,53.385724],[-1.437842,53.385625],[-1.437946,53.385586],[-1.438052,53.385549],[-1.438107,53.385532],[-1.438163,53.385517],[-1.43822,53.385505],[-1.438278,53.385495],[-1.438283,53.385494],[-1.438289,53.385494],[-1.438306,53.385493],[-1.438353,53.385491],[-1.438502,53.385488],[-1.438976,53.385487],[-1.440353,53.385494],[-1.441757,53.3855],[-1.442265,53.385499],[-1.442435,53.385496],[-1.442495,53.385494],[-1.442536,53.385492],[-1.44271,53.385473],[-1.442964,53.385438],[-1.443272,53.385391],[-1.443606,53.385338],[-1.443941,53.385282],[-1.44425,53.385227],[-1.444506,53.385179],[-1.444683,53.385141],[-1.444758,53.385122],[-1.444831,53.385101],[-1.4449,53.385076],[-1.444934,53.385062],[-1.444965,53.385047],[-1.444994,53.385031],[-1.445021,53.385015],[-1.44507,53.384979],[-1.445115,53.384941],[-1.445156,53.384901],[-1.445184,53.384871],[-1.445208,53.384839],[-1.445247,53.384774],[-1.445273,53.384715],[-1.445293,53.384656],[-1.445324,53.384535],[-1.445355,53.384414],[-1.445377,53.384355],[-1.445406,53.384297],[-1.445421,53.384274],[-1.445438,53.384251],[-1.445458,53.384229],[-1.445481,53.384208],[-1.445532,53.384168],[-1.445587,53.38413],[-1.445617,53.384112],[-1.445648,53.384095],[-1.445681,53.38408],[-1.445716,53.384066],[-1.445755,53.384053],[-1.445795,53.384042],[-1.445837,53.384032],[-1.445879,53.384024],[-1.445967,53.384012],[-1.446055,53.384003],[-1.446167,53.383997],[-1.4463,53.383993],[-1.446448,53.383993],[-1.446608,53.383995],[-1.446941,53.384007],[-1.44726,53.384026],[-1.447453,53.384043],[-1.447665,53.384067],[-1.448129,53.384129],[-1.448616,53.384199],[-1.449092,53.384265],[-1.450404,53.384405],[-1.451802,53.384557],[-1.453028,53.384686],[-1.453497,53.384731],[-1.453826,53.384758],[-1.45403,53.384769],[-1.454236,53.384777],[-1.454441,53.384779],[-1.454646,53.384777],[-1.454899,53.384768],[-1.455152,53.384754],[-1.455403,53.384732],[-1.455528,53.384718],[-1.455651,53.384701],[-1.455789,53.384678],[-1.455935,53.384651],[-1.456086,53.384619],[-1.45624,53.384584],[-1.45655,53.384507],[-1.45685,53.384424],[-1.4568884,53.3844122]]}},{"type":"Feature","properties":{"r":"UK","g":"uk","col":"#ffff00","n":"Supertram Yellow","ct":"谢菲尔德","jk":"urban","nz":"黄线","off":-0.375},"geometry":{"type":"LineString","coordinates":[[-1.4060814,53.4167957],[-1.405986,53.416665],[-1.405913,53.416554],[-1.405844,53.416442],[-1.405717,53.416215],[-1.405602,53.415986],[-1.405495,53.415755],[-1.405442,53.415631],[-1.4054415,53.4156298]]}},{"type":"Feature","properties":{"r":"UK","g":"uk","col":"#ffff00","n":"Supertram Yellow","ct":"谢菲尔德","jk":"urban","nz":"黄线","off":-0.3125},"geometry":{"type":"LineString","coordinates":[[-1.4568884,53.3844122],[-1.457068,53.384357],[-1.457235,53.3843021]]}},{"type":"Feature","properties":{"r":"UK","g":"uk","col":"#ffff00","n":"Supertram Yellow","ct":"谢菲尔德","jk":"urban","nz":"黄线","off":-0.25},"geometry":{"type":"LineString","coordinates":[[-1.4069388,53.4178167],[-1.40686,53.417724],[-1.40652,53.417329],[-1.406212,53.416962],[-1.406086,53.416802],[-1.4060814,53.4167957]]}},{"type":"Feature","properties":{"r":"UK","g":"uk","col":"#ffff00","n":"Supertram Yellow","ct":"谢菲尔德","jk":"urban","nz":"黄线","off":-0.1875},"geometry":{"type":"LineString","coordinates":[[-1.457235,53.3843021],[-1.457345,53.384266],[-1.4575796,53.3841861]]}},{"type":"Feature","properties":{"r":"UK","g":"uk","col":"#ffff00","n":"Supertram Yellow","ct":"谢菲尔德","jk":"urban","nz":"黄线","off":-0.125},"geometry":{"type":"LineString","coordinates":[[-1.4078233,53.4188142],[-1.407542,53.4185],[-1.407184,53.418105],[-1.4069388,53.4178167]]}},{"type":"Feature","properties":{"r":"UK","g":"uk","col":"#ffff00","n":"Supertram Yellow","ct":"谢菲尔德","jk":"urban","nz":"黄线","off":0.125},"geometry":{"type":"LineString","coordinates":[[-1.5033618,53.4040231],[-1.503466,53.404137],[-1.503637,53.404341],[-1.503796,53.404548],[-1.503943,53.404758],[-1.503998,53.404851],[-1.504043,53.404946],[-1.5041093,53.4051157]]}},{"type":"Feature","properties":{"r":"UK","g":"uk","col":"#ffff00","n":"Supertram Yellow","ct":"谢菲尔德","jk":"urban","nz":"黄线","off":0.1875},"geometry":{"type":"LineString","coordinates":[[-1.4579232,53.384067],[-1.457992,53.384043],[-1.4582658,53.3839451]]}},{"type":"Feature","properties":{"r":"UK","g":"uk","col":"#ffff00","n":"Supertram Yellow","ct":"谢菲尔德","jk":"urban","nz":"黄线","off":0.25},"geometry":{"type":"LineString","coordinates":[[-1.5023335,53.4031813],[-1.502463,53.403264],[-1.502622,53.403373],[-1.502775,53.403485],[-1.502912,53.403594],[-1.503043,53.403706],[-1.503166,53.40382],[-1.503283,53.403937],[-1.5033618,53.4040231]]}},{"type":"Feature","properties":{"r":"UK","g":"uk","col":"#ffff00","n":"Supertram Yellow","ct":"谢菲尔德","jk":"urban","nz":"黄线","off":0.3125},"geometry":{"type":"LineString","coordinates":[[-1.4582658,53.3839451],[-1.458322,53.383925],[-1.4586072,53.38382]]}},{"type":"Feature","properties":{"r":"UK","g":"uk","col":"#ffff00","n":"Supertram Yellow","ct":"谢菲尔德","jk":"urban","nz":"黄线","off":0.375},"geometry":{"type":"LineString","coordinates":[[-1.5011389,53.4025916],[-1.501425,53.402721],[-1.501787,53.402886],[-1.501961,53.402971],[-1.502124,53.403057],[-1.502297,53.403158],[-1.5023335,53.4031813]]}},{"type":"Feature","properties":{"r":"UK","g":"uk","col":"#ffff00","n":"Supertram Yellow","ct":"谢菲尔德","jk":"urban","nz":"黄线","off":0.5},"geometry":{"type":"MultiLineString","coordinates":[[[-1.4586072,53.38382],[-1.458629,53.383812],[-1.458893,53.383711],[-1.4589466,53.3836894]],[[-1.4728879,53.3816301],[-1.472917,53.381621],[-1.473063,53.381581],[-1.473391,53.381502],[-1.473739,53.381421],[-1.473909,53.381379],[-1.474072,53.381335],[-1.474185,53.3813],[-1.474296,53.381263],[-1.474407,53.381226],[-1.474521,53.381192],[-1.474848,53.381111],[-1.475352,53.380994],[-1.47598,53.380853],[-1.476677,53.3807],[-1.477388,53.380546],[-1.478059,53.380403],[-1.478636,53.380283],[-1.479065,53.380199],[-1.47928,53.38016],[-1.479497,53.380123],[-1.479716,53.380091],[-1.479936,53.380063],[-1.480085,53.380047],[-1.480235,53.380034],[-1.480385,53.380025],[-1.480536,53.38002],[-1.480729,53.380022],[-1.480965,53.380032],[-1.48153,53.380065],[-1.48215,53.380102],[-1.482455,53.380117],[-1.482743,53.380127],[-1.482864,53.380128],[-1.482988,53.380127],[-1.483236,53.38012],[-1.483478,53.380118],[-1.483594,53.380121],[-1.483705,53.380128],[-1.483754,53.380133],[-1.483802,53.380141],[-1.483849,53.380151],[-1.483872,53.380157],[-1.483894,53.380164],[-1.483928,53.380177],[-1.483959,53.380191],[-1.483988,53.380208],[-1.484014,53.380226],[-1.484026,53.380236],[-1.484037,53.380246],[-1.484057,53.380268],[-1.484074,53.380291],[-1.484086,53.380315],[-1.484093,53.380333],[-1.484097,53.380351],[-1.4841,53.380388],[-1.484101,53.380463],[-1.484106,53.380699],[-1.484103,53.380935],[-1.484093,53.381408],[-1.484111,53.381809],[-1.484133,53.382213],[-1.484146,53.382611],[-1.484145,53.382806],[-1.484138,53.382996],[-1.484124,53.383139],[-1.484112,53.38321],[-1.484095,53.383281],[-1.484064,53.383369],[-1.484022,53.383456],[-1.483976,53.383534],[-1.483926,53.383611],[-1.483813,53.383763],[-1.483733,53.38386],[-1.483649,53.383955],[-1.483559,53.384049],[-1.483464,53.384141],[-1.48339,53.384203],[-1.48331,53.384263],[-1.483018,53.384468],[-1.482659,53.384708],[-1.481831,53.385249],[-1.481,53.385792],[-1.480637,53.386035],[-1.480339,53.386244],[-1.480206,53.386342],[-1.480077,53.386443],[-1.479828,53.386647],[-1.479705,53.386756],[-1.479588,53.386867],[-1.479469,53.386978],[-1.479342,53.387085],[-1.479211,53.387184],[-1.479075,53.38728],[-1.478792,53.387469],[-1.47851,53.387657],[-1.478374,53.387754],[-1.478244,53.387853],[-1.478158,53.387925],[-1.478118,53.387962],[-1.478084,53.388001],[-1.478045,53.388055],[-1.478013,53.388111],[-1.477987,53.388168],[-1.477966,53.388225],[-1.477956,53.388265],[-1.477951,53.388305],[-1.477948,53.388385],[-1.477944,53.388524],[-1.477944,53.388664],[-1.477947,53.388734],[-1.477955,53.388803],[-1.477967,53.388871],[-1.477985,53.388939],[-1.477998,53.388973],[-1.478015,53.389006],[-1.478036,53.389039],[-1.478061,53.38907],[-1.478098,53.389111],[-1.47814,53.38915],[-1.478186,53.389188],[-1.478237,53.389223],[-1.478281,53.389249],[-1.478328,53.389273],[-1.478428,53.389316],[-1.478614,53.389382],[-1.478878,53.389465],[-1.479537,53.389663],[-1.4802,53.389862],[-1.480469,53.389948],[-1.480664,53.390016],[-1.480841,53.390092],[-1.481065,53.390197],[-1.481608,53.390465],[-1.482192,53.390751],[-1.482468,53.390881],[-1.482716,53.390991],[-1.482815,53.391031],[-1.482916,53.391068],[-1.483121,53.391141],[-1.483327,53.391213],[-1.483428,53.39125],[-1.483527,53.39129],[-1.483742,53.391386],[-1.483947,53.391489],[-1.484104,53.391576],[-1.484255,53.391666],[-1.484556,53.391848],[-1.485155,53.392242],[-1.485753,53.39264],[-1.486353,53.393031],[-1.486655,53.393222],[-1.486959,53.393408],[-1.487163,53.393527],[-1.487376,53.393645],[-1.487812,53.393877],[-1.488233,53.394104],[-1.488427,53.394215],[-1.488605,53.394323],[-1.488682,53.394374],[-1.488717,53.394401],[-1.48875,53.394429],[-1.488782,53.394461],[-1.488811,53.394494],[-1.48886,53.394562],[-1.488927,53.394683],[-1.489007,53.394851],[-1.489197,53.395287],[-1.489404,53.39578],[-1.489603,53.396245],[-1.48972,53.396471],[-1.489835,53.396698],[-1.489954,53.396924],[-1.490084,53.397148],[-1.49023,53.397376],[-1.490384,53.397603],[-1.490547,53.397827],[-1.49072,53.398048],[-1.490848,53.398202],[-1.490917,53.398278],[-1.490995,53.39835],[-1.491066,53.398408],[-1.491142,53.398464],[-1.491224,53.398517],[-1.491311,53.398566],[-1.491404,53.398611],[-1.491501,53.398653],[-1.491603,53.398691],[-1.49171,53.398723],[-1.491769,53.398737],[-1.491845,53.398752],[-1.492041,53.398786],[-1.492546,53.398862],[-1.493083,53.398944],[-1.493318,53.398984],[-1.493508,53.399022],[-1.493733,53.399077],[-1.493954,53.399139],[-1.494169,53.399207],[-1.494377,53.399283],[-1.494488,53.399328],[-1.494595,53.399377],[-1.494802,53.399479],[-1.495003,53.399586],[-1.495202,53.399694],[-1.495382,53.399796],[-1.495558,53.399901],[-1.495734,53.400006],[-1.495916,53.400107],[-1.496181,53.400243],[-1.496469,53.400387],[-1.496772,53.400535],[-1.497083,53.400683],[-1.497393,53.400828],[-1.497694,53.400965],[-1.497978,53.401091],[-1.498237,53.401202],[-1.498344,53.401244],[-1.498454,53.401283],[-1.498564,53.401321],[-1.498671,53.401363],[-1.498928,53.401473],[-1.4992,53.401593],[-1.499478,53.401719],[-1.49975,53.401846],[-1.500005,53.401968],[-1.500234,53.40208],[-1.500426,53.402178],[-1.500569,53.402257],[-1.500599,53.402276],[-1.500628,53.402296],[-1.500682,53.402338],[-1.500736,53.40238],[-1.500765,53.4024],[-1.500795,53.402419],[-1.500927,53.402491],[-1.50108,53.402565],[-1.5011389,53.4025916]]]}},{"type":"Feature","properties":{"r":"UK","g":"uk","col":"#ffff00","n":"Supertram Yellow","ct":"谢菲尔德","jk":"urban","nz":"黄线","off":0.625},"geometry":{"type":"LineString","coordinates":[[-1.4723772,53.3818779],[-1.472424,53.381842],[-1.4725,53.381792],[-1.472566,53.381755],[-1.472637,53.381721],[-1.472712,53.38169],[-1.472789,53.381661],[-1.4728879,53.3816301]]}},{"type":"Feature","properties":{"r":"UK","g":"uk","col":"#ffff00","n":"Supertram Yellow","ct":"谢菲尔德","jk":"urban","nz":"黄线","off":0.6875},"geometry":{"type":"LineString","coordinates":[[-1.4589466,53.3836894],[-1.459094,53.38363],[-1.459218,53.383575],[-1.4592803,53.3835451]]}},{"type":"Feature","properties":{"r":"UK","g":"uk","col":"#ffff00","n":"Supertram Yellow","ct":"谢菲尔德","jk":"urban","nz":"黄线","off":0.75},"geometry":{"type":"LineString","coordinates":[[-1.4719395,53.3822442],[-1.471965,53.382228],[-1.472037,53.382176],[-1.472103,53.382121],[-1.472228,53.382008],[-1.472355,53.381895],[-1.4723772,53.3818779]]}},{"type":"Feature","properties":{"r":"UK","g":"uk","col":"#ffff00","n":"Supertram Yellow","ct":"谢菲尔德","jk":"urban","nz":"黄线","off":0.8125},"geometry":{"type":"LineString","coordinates":[[-1.4592803,53.3835451],[-1.459339,53.383517],[-1.459455,53.383455],[-1.459566,53.383391],[-1.4595986,53.3833699]]}},{"type":"Feature","properties":{"r":"UK","g":"uk","col":"#ffff00","n":"Supertram Yellow","ct":"谢菲尔德","jk":"urban","nz":"黄线","off":0.875},"geometry":{"type":"LineString","coordinates":[[-1.4714016,53.382425],[-1.471408,53.382424],[-1.471547,53.382395],[-1.47168,53.382359],[-1.471807,53.382316],[-1.471829,53.382307],[-1.471851,53.382297],[-1.471891,53.382275],[-1.4719395,53.3822442]]}},{"type":"Feature","properties":{"r":"UK","g":"uk","col":"#ffff00","n":"Supertram Yellow","ct":"谢菲尔德","jk":"urban","nz":"黄线","off":1.0},"geometry":{"type":"MultiLineString","coordinates":[[[-1.4595986,53.3833699],[-1.459668,53.383325],[-1.459768,53.383254],[-1.4598925,53.3831561]],[[-1.4708324,53.3824653],[-1.470981,53.382463],[-1.471143,53.382457],[-1.471211,53.382452],[-1.471267,53.382446],[-1.4714016,53.382425]]]}},{"type":"Feature","properties":{"r":"UK","g":"uk","col":"#ffff00","n":"Supertram Yellow","ct":"谢菲尔德","jk":"urban","nz":"黄线","off":1.125},"geometry":{"type":"LineString","coordinates":[[-1.4702611,53.3824747],[-1.47059,53.382469],[-1.4708324,53.3824653]]}},{"type":"Feature","properties":{"r":"UK","g":"uk","col":"#ffff00","n":"Supertram Yellow","ct":"谢菲尔德","jk":"urban","nz":"黄线","off":1.1875},"geometry":{"type":"LineString","coordinates":[[-1.4598925,53.3831561],[-1.45996,53.383103],[-1.460142,53.382963],[-1.4601817,53.3829358]]}},{"type":"Feature","properties":{"r":"UK","g":"uk","col":"#ffff00","n":"Supertram Yellow","ct":"谢菲尔德","jk":"urban","nz":"黄线","off":1.25},"geometry":{"type":"LineString","coordinates":[[-1.469694,53.38253],[-1.469715,53.382525],[-1.469791,53.382507],[-1.46983,53.3825],[-1.469869,53.382494],[-1.469936,53.382488],[-1.470012,53.382483],[-1.470188,53.382476],[-1.4702611,53.3824747]]}},{"type":"Feature","properties":{"r":"UK","g":"uk","col":"#ffff00","n":"Supertram Yellow","ct":"谢菲尔德","jk":"urban","nz":"黄线","off":1.3125},"geometry":{"type":"LineString","coordinates":[[-1.4601817,53.3829358],[-1.460228,53.382904],[-1.46027,53.382878],[-1.460311,53.382855],[-1.460343,53.382839],[-1.460377,53.382824],[-1.460394,53.382817],[-1.460413,53.382811],[-1.460432,53.382806],[-1.460451,53.382802],[-1.460468,53.382799],[-1.460486,53.382797],[-1.4605113,53.3827948]]}},{"type":"Feature","properties":{"r":"UK","g":"uk","col":"#ffff00","n":"Supertram Yellow","ct":"谢菲尔德","jk":"urban","nz":"黄线","off":1.375},"geometry":{"type":"LineString","coordinates":[[-1.4691259,53.3825782],[-1.469299,53.382575],[-1.469432,53.382568],[-1.469562,53.382556],[-1.469601,53.38255],[-1.46964,53.382543],[-1.469694,53.38253]]}},{"type":"Feature","properties":{"r":"UK","g":"uk","col":"#ffff00","n":"Supertram Yellow","ct":"谢菲尔德","jk":"urban","nz":"黄线","off":1.5},"geometry":{"type":"LineString","coordinates":[[-1.4605113,53.3827948],[-1.460521,53.382794],[-1.460558,53.382792],[-1.460594,53.382792],[-1.46074,53.382796],[-1.460973,53.382804],[-1.461228,53.382816],[-1.461494,53.382831],[-1.461763,53.382849],[-1.462023,53.382868],[-1.462265,53.382889],[-1.462478,53.382911],[-1.462652,53.382932],[-1.462773,53.382951],[-1.462891,53.382975],[-1.463125,53.383029],[-1.463358,53.383084],[-1.463477,53.383108],[-1.463597,53.383128],[-1.463797,53.383155],[-1.463999,53.383177],[-1.464202,53.383193],[-1.464406,53.383201],[-1.464545,53.383202],[-1.464684,53.383199],[-1.464962,53.383186],[-1.46524,53.383165],[-1.465516,53.383141],[-1.465771,53.383116],[-1.466026,53.383086],[-1.466279,53.383053],[-1.46653,53.383016],[-1.466773,53.382977],[-1.467014,53.382936],[-1.467253,53.38289],[-1.467489,53.382839],[-1.467578,53.382817],[-1.467665,53.382793],[-1.467838,53.382741],[-1.46801,53.382689],[-1.468098,53.382666],[-1.468188,53.382645],[-1.468332,53.382619],[-1.468479,53.3826],[-1.468614,53.38259],[-1.468751,53.382584],[-1.469027,53.38258],[-1.4691259,53.3825782]]}},{"type":"Feature","properties":{"r":"UK","g":"uk","col":"#009933","n":"Green Line","ct":"纽卡斯尔","jk":"urban","nz":"绿线"},"geometry":{"type":"MultiLineString","coordinates":[[[-1.7113,55.036221],[-1.711234,55.035885],[-1.711171,55.035549],[-1.711101,55.035213],[-1.71106,55.035046],[-1.711012,55.034879],[-1.710975,55.034766],[-1.710934,55.034653],[-1.710886,55.034542],[-1.710831,55.034431],[-1.710744,55.034282],[-1.710648,55.034135],[-1.710543,55.03399],[-1.710429,55.033847],[-1.710349,55.033755],[-1.710262,55.033664],[-1.710171,55.033575],[-1.710077,55.033487],[-1.70997,55.033395],[-1.709856,55.033306],[-1.709509,55.033049],[-1.709152,55.032797],[-1.708792,55.032546],[-1.708433,55.032295],[-1.707945,55.031928],[-1.707702,55.031744],[-1.707466,55.031557],[-1.707164,55.031307],[-1.706869,55.031055],[-1.706581,55.0308],[-1.706298,55.030543],[-1.706033,55.030295],[-1.705773,55.030046],[-1.705263,55.029543],[-1.704759,55.029039],[-1.704252,55.028535],[-1.702881,55.027138],[-1.701435,55.02566],[-1.700139,55.024343],[-1.699616,55.02382],[-1.699215,55.023429],[-1.69904,55.023264],[-1.698861,55.023101],[-1.698678,55.022939],[-1.69849,55.022779],[-1.698282,55.02261],[-1.698068,55.022442],[-1.697849,55.022277],[-1.697625,55.022115],[-1.697388,55.02195],[-1.697145,55.021788],[-1.696897,55.021628],[-1.696645,55.02147],[-1.696262,55.021238],[-1.695856,55.020997],[-1.694994,55.020501],[-1.694104,55.019994],[-1.693228,55.019493],[-1.692433,55.019067],[-1.692034,55.018856],[-1.691628,55.018648],[-1.691143,55.01841],[-1.690653,55.018175],[-1.690157,55.017944],[-1.689655,55.017718],[-1.689263,55.017548],[-1.688867,55.017383],[-1.68807,55.017054],[-1.687038,55.016659],[-1.681857,55.014769],[-1.68149,55.014641],[-1.681126,55.014511],[-1.680757,55.014385],[-1.680569,55.014326],[-1.680378,55.01427],[-1.680188,55.01422],[-1.679994,55.014175],[-1.679797,55.014134],[-1.679599,55.014096],[-1.679447,55.014069],[-1.679293,55.014045],[-1.678983,55.014003],[-1.678346,55.013925],[-1.677696,55.013851],[-1.677376,55.013818],[-1.677065,55.013789],[-1.676766,55.013763],[-1.676483,55.013742],[-1.676287,55.01373],[-1.676091,55.013721],[-1.675895,55.013717],[-1.675698,55.013718],[-1.675504,55.013728],[-1.675137,55.013751],[-1.673981,55.013831],[-1.670663,55.014073],[-1.667303,55.014317],[-1.666094,55.014401],[-1.665693,55.014427],[-1.665459,55.014439],[-1.665172,55.014447],[-1.664878,55.014453],[-1.66458,55.014456],[-1.664278,55.014457],[-1.66367,55.014452],[-1.663067,55.014438],[-1.662643,55.014422],[-1.66222,55.014399],[-1.661798,55.014371],[-1.661377,55.014339],[-1.661032,55.01431],[-1.660688,55.014277],[-1.660345,55.01424],[-1.660003,55.014201],[-1.659377,55.014121],[-1.658602,55.014014],[-1.656842,55.013762],[-1.655193,55.013525],[-1.654558,55.013438],[-1.654313,55.013407],[-1.654126,55.013385],[-1.653805,55.013353],[-1.653464,55.013322],[-1.653108,55.013293],[-1.652741,55.013265],[-1.651992,55.013216],[-1.651254,55.013175],[-1.650819,55.013155],[-1.650384,55.013139],[-1.649949,55.013129],[-1.649513,55.013126],[-1.649175,55.013131],[-1.648838,55.013141],[-1.648501,55.013156],[-1.648165,55.013174],[-1.647955,55.013188],[-1.647745,55.013204],[-1.647327,55.013242],[-1.646949,55.01328],[-1.646474,55.013331],[-1.645295,55.013463],[-1.642453,55.01379],[-1.639799,55.014096],[-1.638854,55.014202],[-1.638531,55.014235],[-1.638329,55.014254],[-1.637999,55.014276],[-1.637667,55.014291],[-1.637335,55.014301],[-1.637002,55.014305],[-1.636615,55.014302],[-1.636227,55.014292],[-1.635841,55.014275],[-1.635455,55.014253],[-1.635085,55.014227],[-1.634716,55.014196],[-1.634349,55.01416],[-1.633984,55.014118],[-1.633816,55.014096],[-1.633649,55.014071],[-1.633319,55.014014],[-1.632863,55.013923],[-1.63224,55.01379],[-1.63069,55.013448],[-1.629057,55.013088],[-1.628331,55.012933],[-1.627729,55.01281],[-1.627217,55.012712],[-1.626703,55.012619],[-1.626186,55.012531],[-1.625666,55.012449],[-1.625337,55.012404],[-1.624785,55.012332],[-1.62314,55.012126],[-1.618612,55.011569],[-1.614181,55.011024],[-1.61266,55.010833],[-1.612187,55.010772],[-1.611951,55.010738],[-1.611754,55.010701],[-1.611559,55.01066],[-1.611366,55.010615],[-1.611177,55.010566],[-1.610977,55.01051],[-1.61078,55.010451],[-1.610586,55.010387],[-1.610398,55.010319],[-1.6103695,55.0103076]],[[-1.5299223,54.9537671],[-1.529804,54.953784],[-1.529516,54.953821],[-1.528937,54.953889],[-1.528356,54.95395],[-1.527773,54.954008],[-1.526757,54.954096],[-1.524456,54.954289],[-1.516736,54.954927],[-1.506083,54.955804],[-1.493963,54.956797],[-1.481846,54.957789],[-1.4712,54.958657],[-1.463493,54.959282],[-1.461201,54.959465],[-1.460195,54.959543],[-1.459743,54.959571],[-1.459291,54.959597],[-1.458838,54.959617],[-1.458385,54.959631],[-1.458125,54.959635],[-1.457865,54.959636],[-1.457605,54.959633],[-1.457345,54.959627],[-1.456952,54.959613],[-1.45656,54.959594],[-1.456169,54.95957],[-1.455778,54.959542],[-1.455431,54.959513],[-1.455085,54.95948],[-1.454741,54.959444],[-1.454397,54.959404],[-1.454051,54.959361],[-1.453705,54.959315],[-1.453362,54.959265],[-1.453021,54.959209],[-1.452481,54.959111],[-1.451945,54.959005],[-1.451413,54.958892],[-1.450885,54.958773],[-1.450611,54.958708],[-1.450339,54.95864],[-1.450069,54.958568],[-1.449802,54.958494],[-1.44952,54.958413],[-1.449241,54.958329],[-1.448964,54.958241],[-1.448693,54.958149],[-1.44841,54.958046],[-1.448112,54.957932],[-1.447488,54.957683],[-1.446847,54.957421],[-1.446214,54.957166],[-1.430656,54.950699],[-1.413569,54.943599],[-1.39954,54.937765],[-1.395105,54.935916],[-1.393783,54.935362],[-1.393154,54.935095],[-1.392715,54.9349],[-1.392279,54.934702],[-1.391849,54.934501],[-1.391428,54.934293],[-1.391222,54.934187],[-1.391021,54.934078],[-1.390823,54.933967],[-1.390629,54.933853],[-1.390403,54.933715],[-1.390181,54.933574],[-1.389965,54.93343],[-1.389753,54.933284],[-1.389533,54.933126],[-1.389318,54.932967],[-1.389108,54.932804],[-1.388906,54.932639],[-1.388743,54.932498],[-1.388585,54.932356],[-1.388433,54.932211],[-1.388285,54.932065],[-1.388113,54.931888],[-1.387947,54.931709],[-1.387788,54.931529],[-1.387636,54.931346],[-1.387489,54.931158],[-1.38735,54.930968],[-1.387218,54.930776],[-1.387092,54.930583],[-1.386962,54.930371],[-1.386839,54.930157],[-1.386723,54.929943],[-1.386612,54.929727],[-1.386513,54.929519],[-1.386421,54.92931],[-1.386241,54.928891],[-1.385654,54.927448],[-1.383634,54.922747],[-1.383392,54.922246],[-1.383273,54.921995],[-1.383163,54.921743],[-1.383083,54.921543],[-1.383007,54.921343],[-1.382939,54.921142],[-1.382878,54.92094],[-1.382851,54.920832],[-1.382827,54.920725],[-1.382792,54.920508],[-1.382779,54.920378],[-1.382771,54.920248],[-1.382759,54.919987],[-1.382771,54.919335],[-1.382801,54.918955],[-1.382819,54.918765],[-1.382847,54.918575],[-1.382883,54.918395],[-1.382927,54.918215],[-1.38298,54.918037],[-1.383043,54.917859],[-1.383107,54.91771],[-1.383182,54.917556],[-1.383353,54.917241],[-1.383531,54.91692],[-1.383616,54.916759],[-1.383694,54.9166],[-1.383794,54.916375],[-1.383839,54.916262],[-1.38388,54.916149],[-1.383969,54.915881],[-1.384053,54.91561],[-1.384089,54.915476],[-1.384121,54.915343],[-1.384147,54.915213],[-1.384167,54.915087],[-1.384175,54.914963],[-1.384173,54.914839],[-1.384161,54.914591],[-1.384061,54.91311],[-1.383871,54.911516],[-1.383485,54.909452],[-1.383432,54.909219],[-1.383405,54.909102],[-1.383372,54.908986],[-1.383324,54.908844],[-1.383269,54.908703],[-1.38315,54.908422],[-1.383034,54.90814],[-1.382983,54.907998],[-1.38294,54.907856],[-1.382913,54.907729],[-1.382895,54.907601],[-1.38288,54.907473],[-1.382858,54.907345],[-1.382779,54.906995],[-1.38269,54.90663],[-1.382487,54.905869],[-1.382271,54.905089],[-1.382061,54.904319],[-1.382034,54.904204],[-1.382022,54.904146],[-1.382014,54.904088],[-1.382008,54.903963],[-1.38201,54.9039],[-1.382018,54.903838],[-1.382033,54.90377],[-1.382054,54.903703],[-1.382109,54.90357],[-1.382171,54.903456],[-1.382247,54.903344],[-1.382335,54.903242],[-1.382435,54.903143],[-1.382554,54.903037],[-1.382619,54.902986],[-1.382691,54.902938],[-1.382769,54.902893],[-1.38285,54.90285],[-1.38302,54.90277],[-1.383198,54.902695],[-1.38338,54.902623],[-1.383501,54.902579],[-1.383626,54.902537],[-1.383753,54.902498],[-1.383882,54.902462],[-1.384,54.902432],[-1.384119,54.902404],[-1.384363,54.902356],[-1.384629,54.90231],[-1.384898,54.902269],[-1.385169,54.902234],[-1.385442,54.902205],[-1.385673,54.902187],[-1.385905,54.902174],[-1.386137,54.902166],[-1.38637,54.902162],[-1.386562,54.902164],[-1.386753,54.902173],[-1.386914,54.902188],[-1.387167,54.902214],[-1.387902,54.902296],[-1.388863,54.902408],[-1.389954,54.902538],[-1.391079,54.902674],[-1.392142,54.902806],[-1.393048,54.902922],[-1.3937,54.903009],[-1.394104,54.903069],[-1.394304,54.903102],[-1.394502,54.903139],[-1.394712,54.903182],[-1.394919,54.903229],[-1.395125,54.903279],[-1.395328,54.903332],[-1.395542,54.90339],[-1.395754,54.903451],[-1.395963,54.903515],[-1.396169,54.903583],[-1.396392,54.903662],[-1.39661,54.903744],[-1.396825,54.903829],[-1.397038,54.903917],[-1.39726,54.904011],[-1.397479,54.904106],[-1.397694,54.904205],[-1.397902,54.904308],[-1.398088,54.904409],[-1.398268,54.904513],[-1.398443,54.90462],[-1.398615,54.904729],[-1.398814,54.904861],[-1.399008,54.904996],[-1.399391,54.905267],[-1.400624,54.906211],[-1.400997,54.906485],[-1.401368,54.906759],[-1.401743,54.907032],[-1.402126,54.907301],[-1.402386,54.907477],[-1.402649,54.907651],[-1.402918,54.907822],[-1.403194,54.90799],[-1.403446,54.908136],[-1.403704,54.908279],[-1.403967,54.908419],[-1.404233,54.908557],[-1.404483,54.908683],[-1.404737,54.908808],[-1.404994,54.908929],[-1.405255,54.909048],[-1.405544,54.909173],[-1.405837,54.909295],[-1.40643,54.909534],[-1.407025,54.909772],[-1.407319,54.909893],[-1.407609,54.910017],[-1.407883,54.910139],[-1.408154,54.910263],[-1.408421,54.910389],[-1.408685,54.910518],[-1.408879,54.910619],[-1.409069,54.910722],[-1.40926,54.910825],[-1.409456,54.910925],[-1.409724,54.911051],[-1.409862,54.91111],[-1.410005,54.911166],[-1.410198,54.911233],[-1.410425,54.911305],[-1.410947,54.911461],[-1.411512,54.911624],[-1.412055,54.911784],[-1.412572,54.911966],[-1.412832,54.912055],[-1.413097,54.912139],[-1.413396,54.912223],[-1.413699,54.9123],[-1.414005,54.912376],[-1.41431,54.912452],[-1.414698,54.912542],[-1.414892,54.912587],[-1.415089,54.912627],[-1.415257,54.912658],[-1.415426,54.912686],[-1.415597,54.912711],[-1.415769,54.912734],[-1.415939,54.912754],[-1.41611,54.912771],[-1.416282,54.912785],[-1.416455,54.912794],[-1.416651,54.912799],[-1.416847,54.912799],[-1.41724,54.91279],[-1.417577,54.912778],[-1.417914,54.912761],[-1.418588,54.912724],[-1.426324,54.912234],[-1.426906,54.912185],[-1.427196,54.912159],[-1.427485,54.912129],[-1.427732,54.912098],[-1.427978,54.912064],[-1.428467,54.911989],[-1.428853,54.911925],[-1.429237,54.911857],[-1.429618,54.911786],[-1.429997,54.911709],[-1.430384,54.911626],[-1.430793,54.911534],[-1.431221,54.911435],[-1.43166,54.91133],[-1.43255,54.911111],[-1.433419,54.910887],[-1.434095,54.910706],[-1.434765,54.910518],[-1.435429,54.910323],[-1.435758,54.910222],[-1.436085,54.910119],[-1.436396,54.910016],[-1.436704,54.909909],[-1.437007,54.909798],[-1.437308,54.909685],[-1.437845,54.909477],[-1.438377,54.909265],[-1.438903,54.909047],[-1.439422,54.908825],[-1.439733,54.908687],[-1.44004,54.908546],[-1.440342,54.908402],[-1.440641,54.908255],[-1.440873,54.908135],[-1.441101,54.908013],[-1.441554,54.907767],[-1.448119,54.904027]]]}},{"type":"Feature","properties":{"r":"UK","g":"uk","col":"#009933","n":"Green Line","ct":"纽卡斯尔","jk":"urban","nz":"绿线","off":-0.5},"geometry":{"type":"LineString","coordinates":[[-1.6077161,55.0075535],[-1.607719,55.007437],[-1.60773,55.007315],[-1.607749,55.007194],[-1.607771,55.007102],[-1.6078,55.007011],[-1.607867,55.006829],[-1.607929,55.006673],[-1.607995,55.006517],[-1.60813,55.006206],[-1.609033,55.004191],[-1.610011,55.002016],[-1.610838,55.000162],[-1.611123,54.999506],[-1.611221,54.999272],[-1.611285,54.999111],[-1.611347,54.998934],[-1.611404,54.998757],[-1.611454,54.998579],[-1.611497,54.998401],[-1.611518,54.998289],[-1.611534,54.998176],[-1.611563,54.997951],[-1.611587,54.997662],[-1.611598,54.997517],[-1.611602,54.997372],[-1.6116,54.997205],[-1.611592,54.997037],[-1.611579,54.99687],[-1.61156,54.996703],[-1.611541,54.996565],[-1.611517,54.996426],[-1.611489,54.996288],[-1.611454,54.996151],[-1.611398,54.995967],[-1.611333,54.995785],[-1.611261,54.995602],[-1.611186,54.995421],[-1.611053,54.995121],[-1.610981,54.994972],[-1.610901,54.994824],[-1.610796,54.994645],[-1.610684,54.994467],[-1.610565,54.994291],[-1.610436,54.994117],[-1.610316,54.993967],[-1.610189,54.993819],[-1.609924,54.993525],[-1.609651,54.993234],[-1.609382,54.992942],[-1.609102,54.992616],[-1.608819,54.99229],[-1.608541,54.991964],[-1.608407,54.991799],[-1.608278,54.991633],[-1.608102,54.991395],[-1.607933,54.991156],[-1.607773,54.990914],[-1.607622,54.990671],[-1.607467,54.990405],[-1.607322,54.990137],[-1.607187,54.989868],[-1.607062,54.989597],[-1.606985,54.989408],[-1.606916,54.989217],[-1.606785,54.988835],[-1.605444,54.984393],[-1.605398,54.984211],[-1.605377,54.98412],[-1.605363,54.984028],[-1.605357,54.983933],[-1.605357,54.983838],[-1.605363,54.983743],[-1.605376,54.983648],[-1.605393,54.983569],[-1.605417,54.983491],[-1.605475,54.983336],[-1.605551,54.983158],[-1.605635,54.98298],[-1.605725,54.982804],[-1.605819,54.982628],[-1.605906,54.982474],[-1.605953,54.982398],[-1.606006,54.982323],[-1.606093,54.982212],[-1.606186,54.982104],[-1.606287,54.981997],[-1.606395,54.981893],[-1.606511,54.981792],[-1.606635,54.981694],[-1.606766,54.981599],[-1.606904,54.981507],[-1.607082,54.9814],[-1.607268,54.981297],[-1.607462,54.981199],[-1.607663,54.981106],[-1.607856,54.981024],[-1.608055,54.980947],[-1.608259,54.980875],[-1.608469,54.980808],[-1.608588,54.980774],[-1.608709,54.980743],[-1.608833,54.980715],[-1.608958,54.98069],[-1.609178,54.980653],[-1.609425,54.980619],[-1.609954,54.980554],[-1.610452,54.980494],[-1.61066,54.980464],[-1.610824,54.980435],[-1.610954,54.980405],[-1.611081,54.98037],[-1.611205,54.980331],[-1.611325,54.980289],[-1.611407,54.980257],[-1.611486,54.980223],[-1.611562,54.980187],[-1.611634,54.980148],[-1.611736,54.980087],[-1.611832,54.980023],[-1.611923,54.979956],[-1.61201,54.979888],[-1.612144,54.979775],[-1.612284,54.97965],[-1.61243,54.979514],[-1.612578,54.979371],[-1.612875,54.979074],[-1.613158,54.978782],[-1.613369,54.978562],[-1.613576,54.97834],[-1.613676,54.978229],[-1.613771,54.978116],[-1.613862,54.978003],[-1.613947,54.977889],[-1.614013,54.977792],[-1.614073,54.977694],[-1.614124,54.977594],[-1.614166,54.977493],[-1.614194,54.977396],[-1.614212,54.977298],[-1.614222,54.977199],[-1.614229,54.977101],[-1.614229,54.976991],[-1.614219,54.976881],[-1.614203,54.976777],[-1.614183,54.976673],[-1.614158,54.97657],[-1.614128,54.976467],[-1.614079,54.976328],[-1.614023,54.97619],[-1.613897,54.975916],[-1.613773,54.975641],[-1.613719,54.975503],[-1.613674,54.975364],[-1.613645,54.97525],[-1.613624,54.975136],[-1.613609,54.975021],[-1.6136,54.974906],[-1.6136,54.974773],[-1.613608,54.974641],[-1.613631,54.974376],[-1.613668,54.974053],[-1.613701,54.973728],[-1.613742,54.973408],[-1.613769,54.973252],[-1.613803,54.973099],[-1.613844,54.972968],[-1.613899,54.972839],[-1.613961,54.972709],[-1.614027,54.97258],[-1.614103,54.972453],[-1.614146,54.972391],[-1.614194,54.97233],[-1.614251,54.972268],[-1.614315,54.972209],[-1.614454,54.972093],[-1.6146,54.971976],[-1.614751,54.971862],[-1.615061,54.971637],[-1.61537,54.971412],[-1.615519,54.971297],[-1.615662,54.971179],[-1.615789,54.971067],[-1.615911,54.970954],[-1.616027,54.970838],[-1.616134,54.97072],[-1.616219,54.970618],[-1.6163,54.970514],[-1.616452,54.970305],[-1.616592,54.970093],[-1.616726,54.969879],[-1.616902,54.969585],[-1.617075,54.969277],[-1.617153,54.96913],[-1.617222,54.968992],[-1.617277,54.96887],[-1.617316,54.968768],[-1.617338,54.968683],[-1.617352,54.968598],[-1.617363,54.968427],[-1.617367,54.968282],[-1.617364,54.968137],[-1.617353,54.967992],[-1.617334,54.967848],[-1.617308,54.967712],[-1.617274,54.967577],[-1.617232,54.967443],[-1.617181,54.96731],[-1.617128,54.967193],[-1.617068,54.967077],[-1.617,54.966962],[-1.616925,54.966849],[-1.61686,54.966762],[-1.616789,54.966677],[-1.616713,54.966593],[-1.616631,54.966511],[-1.616501,54.966393],[-1.616362,54.966279],[-1.616071,54.966055],[-1.615665,54.965749],[-1.615174,54.965385],[-1.614628,54.964987],[-1.614062,54.964578],[-1.613507,54.96418],[-1.612996,54.963819],[-1.612562,54.963517],[-1.612237,54.963297],[-1.612007,54.963149],[-1.611886,54.963077],[-1.61176,54.96301],[-1.611629,54.962948],[-1.611493,54.96289],[-1.611352,54.962834],[-1.611209,54.962782],[-1.611028,54.96272],[-1.610845,54.962659],[-1.610473,54.962545],[-1.610095,54.962437],[-1.609713,54.962333],[-1.609433,54.962263],[-1.609147,54.962201],[-1.608734,54.962118],[-1.608319,54.962039],[-1.607901,54.961965],[-1.60748,54.961896],[-1.607136,54.961844],[-1.60679,54.961796],[-1.606442,54.961754],[-1.606092,54.961718],[-1.605797,54.961696],[-1.605452,54.961676],[-1.604661,54.96164],[-1.60381,54.961602],[-1.60339,54.961581],[-1.60299,54.961556],[-1.602441,54.961516],[-1.602167,54.961492],[-1.601895,54.961463],[-1.601675,54.961436],[-1.601457,54.961405],[-1.60124,54.961372],[-1.601024,54.961336],[-1.600735,54.961285],[-1.600448,54.96123],[-1.600163,54.961171],[-1.599881,54.961108],[-1.599647,54.961052],[-1.599415,54.960992],[-1.599186,54.960929],[-1.59896,54.960862],[-1.598681,54.960771],[-1.598371,54.960662],[-1.597686,54.960411],[-1.596965,54.960147],[-1.596608,54.960021],[-1.596264,54.959907],[-1.595997,54.959825],[-1.595727,54.959746],[-1.595455,54.95967],[-1.59518,54.959597],[-1.594773,54.959491],[-1.594364,54.959389],[-1.59395,54.959292],[-1.593533,54.959201],[-1.593266,54.959149],[-1.592988,54.9591],[-1.592425,54.95901],[-1.591886,54.958922],[-1.591638,54.958878],[-1.591411,54.958831],[-1.591195,54.95878],[-1.590981,54.958724],[-1.590772,54.958664],[-1.590567,54.958599],[-1.590388,54.958538],[-1.590213,54.958474],[-1.589868,54.958339],[-1.589528,54.958201],[-1.589186,54.958064],[-1.588558,54.957791],[-1.58792,54.95751],[-1.587303,54.957244],[-1.587014,54.957125],[-1.586742,54.957018],[-1.586495,54.956927],[-1.586243,54.95684],[-1.585987,54.956756],[-1.585727,54.956677],[-1.585375,54.956577],[-1.584921,54.956456],[-1.583804,54.956168],[-1.582562,54.955853],[-1.581382,54.955551],[-1.580049,54.955235],[-1.57866,54.954909],[-1.577383,54.954603],[-1.576839,54.954469],[-1.576386,54.954352],[-1.576053,54.95426],[-1.575724,54.954164],[-1.575072,54.953964],[-1.574419,54.953764],[-1.57409,54.953668],[-1.573757,54.953576],[-1.573044,54.953391],[-1.572324,54.953214],[-1.571598,54.953046],[-1.570866,54.952887],[-1.570591,54.952833],[-1.570313,54.952784],[-1.570036,54.952736],[-1.56976,54.952683],[-1.569545,54.952637],[-1.569331,54.952589],[-1.568906,54.95249],[-1.568481,54.95239],[-1.568267,54.952342],[-1.568051,54.952297],[-1.567625,54.952214],[-1.567197,54.952135],[-1.566767,54.95206],[-1.566334,54.951989],[-1.565897,54.951921],[-1.565458,54.951857],[-1.565017,54.951797],[-1.564573,54.951745],[-1.564223,54.951708],[-1.563868,54.951674],[-1.563509,54.951642],[-1.563148,54.951613],[-1.562422,54.95156],[-1.561696,54.951515],[-1.560886,54.951474],[-1.560074,54.951442],[-1.559261,54.95142],[-1.558448,54.951406],[-1.558017,54.951405],[-1.557801,54.951408],[-1.557586,54.951414],[-1.557288,54.951428],[-1.556991,54.951448],[-1.556398,54.951489],[-1.556002,54.951519],[-1.555804,54.951535],[-1.555608,54.951555],[-1.55547,54.951572],[-1.555333,54.951592],[-1.555062,54.951636],[-1.55479,54.95168],[-1.554653,54.9517],[-1.554515,54.951717],[-1.554287,54.951741],[-1.553928,54.951774],[-1.55289,54.951867],[-1.551545,54.951982],[-1.55004,54.952108],[-1.54852,54.952232],[-1.54713,54.952344],[-1.546016,54.95243],[-1.545324,54.952478],[-1.544836,54.952503],[-1.544253,54.952528],[-1.542887,54.952576],[-1.541404,54.952624],[-1.539979,54.952672],[-1.539155,54.95271],[-1.538331,54.952746],[-1.537507,54.952786],[-1.537096,54.952809],[-1.536685,54.952836],[-1.53601,54.952885],[-1.535337,54.95294],[-1.534666,54.953003],[-1.534332,54.953037],[-1.533998,54.953075],[-1.5338642,54.9530919]]}},{"type":"Feature","properties":{"r":"UK","g":"uk","col":"#009933","n":"Green Line","ct":"纽卡斯尔","jk":"urban","nz":"绿线","off":-0.375},"geometry":{"type":"MultiLineString","coordinates":[[[-1.6082635,55.0087358],[-1.608247,55.008715],[-1.608053,55.008457],[-1.607962,55.008327],[-1.60788,55.008195],[-1.607826,55.008091],[-1.607785,55.007986],[-1.607762,55.00791],[-1.607743,55.007834],[-1.60773,55.007758],[-1.607721,55.007681],[-1.607716,55.007559],[-1.6077161,55.0075535]],[[-1.5338642,54.9530919],[-1.533705,54.953112],[-1.533414,54.953153],[-1.533124,54.953198],[-1.532835,54.953244],[-1.5325464,54.9532936]]]}},{"type":"Feature","properties":{"r":"UK","g":"uk","col":"#009933","n":"Green Line","ct":"纽卡斯尔","jk":"urban","nz":"绿线","off":-0.25},"geometry":{"type":"MultiLineString","coordinates":[[[-1.6091957,55.0096819],[-1.609186,55.009675],[-1.609059,55.009577],[-1.608938,55.009477],[-1.608822,55.009374],[-1.608759,55.009314],[-1.6087,55.009253],[-1.608587,55.009129],[-1.608412,55.008923],[-1.6082635,55.0087358]],[[-1.5325464,54.9532936],[-1.532486,54.953304],[-1.532132,54.953369],[-1.531423,54.953505],[-1.5312361,54.9535403]]]}},{"type":"Feature","properties":{"r":"UK","g":"uk","col":"#009933","n":"Green Line","ct":"纽卡斯尔","jk":"urban","nz":"绿线","off":-0.125},"geometry":{"type":"MultiLineString","coordinates":[[[-1.6103695,55.0103076],[-1.61027,55.010268],[-1.610145,55.010214],[-1.610024,55.010158],[-1.609905,55.0101],[-1.609752,55.010022],[-1.609602,55.009941],[-1.609458,55.009857],[-1.60932,55.00977],[-1.6091957,55.0096819]],[[-1.5312361,54.9535403],[-1.530735,54.953635],[-1.530406,54.953693],[-1.530091,54.953743],[-1.5299223,54.9537671]]]}},{"type":"Feature","properties":{"r":"UK","g":"uk","col":"#d39f06","n":"Yellow Line","ct":"纽卡斯尔","jk":"urban","nz":"黄线"},"geometry":{"type":"MultiLineString","coordinates":[[[-1.433166,54.997749],[-1.433061,54.997392],[-1.43301,54.997214],[-1.432964,54.997035],[-1.432893,54.996733],[-1.432866,54.996581],[-1.432851,54.996429],[-1.43285,54.996304],[-1.432856,54.996174],[-1.432885,54.995906],[-1.432923,54.995633],[-1.432956,54.995362],[-1.432975,54.995068],[-1.432983,54.994921],[-1.432982,54.994774],[-1.432967,54.994559],[-1.43294,54.994326],[-1.432866,54.993821],[-1.432787,54.993293],[-1.432754,54.993031],[-1.432729,54.992776],[-1.432709,54.992448],[-1.432699,54.992115],[-1.432693,54.991445],[-1.432686,54.990791],[-1.432675,54.990477],[-1.432655,54.990176],[-1.432637,54.990013],[-1.432607,54.98985],[-1.432582,54.989754],[-1.432552,54.989659],[-1.432484,54.98947],[-1.432432,54.989339],[-1.432375,54.989209],[-1.432253,54.988949],[-1.432138,54.988689],[-1.432087,54.988558],[-1.432045,54.988426],[-1.432017,54.988304],[-1.432,54.988181],[-1.43197,54.987935],[-1.431961,54.987823],[-1.431956,54.987711],[-1.431958,54.987265],[-1.431971,54.986797],[-1.431983,54.986576],[-1.431997,54.986374],[-1.432015,54.9862],[-1.432036,54.986063],[-1.432064,54.985947],[-1.4321,54.985832],[-1.432144,54.985718],[-1.432197,54.985605],[-1.432252,54.985504],[-1.432313,54.985405],[-1.432382,54.985307],[-1.432459,54.985211],[-1.432551,54.98511],[-1.432651,54.985011],[-1.432757,54.984915],[-1.432867,54.98482],[-1.432983,54.984726],[-1.433109,54.984637],[-1.43328,54.984531],[-1.433469,54.984423],[-1.433884,54.984198],[-1.434315,54.983965],[-1.434524,54.983847],[-1.434721,54.983727],[-1.434845,54.983646],[-1.434966,54.983564],[-1.435083,54.983479],[-1.435195,54.983393],[-1.435301,54.983308],[-1.435403,54.983221],[-1.435499,54.983132],[-1.43559,54.983041],[-1.435689,54.982929],[-1.435779,54.982815],[-1.435948,54.982583],[-1.436031,54.982465],[-1.436109,54.982345],[-1.43626,54.982105],[-1.436413,54.981865],[-1.436495,54.981747],[-1.436581,54.981629],[-1.436743,54.981426],[-1.43694,54.981191],[-1.437411,54.980654],[-1.437927,54.980076],[-1.43842,54.979518],[-1.438738,54.979128],[-1.439052,54.978737],[-1.439374,54.978349],[-1.43954,54.978156],[-1.439713,54.977965],[-1.439944,54.977727],[-1.440242,54.977434],[-1.440962,54.976747],[-1.441709,54.976033],[-1.442042,54.975707],[-1.44232,54.975423],[-1.442491,54.975236],[-1.442655,54.975047],[-1.442978,54.974668],[-1.443738,54.973695],[-1.444559,54.972639],[-1.445259,54.971749],[-1.445508,54.971443],[-1.445597,54.971338],[-1.445658,54.971271],[-1.445754,54.971179],[-1.445857,54.971089],[-1.445968,54.971002],[-1.446086,54.970919],[-1.446185,54.970856],[-1.44629,54.970796],[-1.4464,54.970739],[-1.446515,54.970686],[-1.446703,54.97061],[-1.446899,54.97054],[-1.447102,54.970477],[-1.447309,54.970419],[-1.447464,54.97038],[-1.447622,54.970346],[-1.447783,54.970317],[-1.447947,54.970293],[-1.448201,54.970267],[-1.448457,54.97025],[-1.448715,54.970241],[-1.448973,54.970239],[-1.449205,54.970243],[-1.449436,54.970253],[-1.449666,54.970272],[-1.44978,54.970285],[-1.449892,54.9703],[-1.449964,54.970313],[-1.450059,54.970332],[-1.450309,54.970388],[-1.450979,54.970551],[-1.451751,54.970743],[-1.452472,54.970921],[-1.456612,54.971976],[-1.461073,54.973116],[-1.464892,54.974087],[-1.46626,54.97443],[-1.466756,54.974553],[-1.467107,54.974637],[-1.467401,54.974704],[-1.467696,54.97477],[-1.467993,54.974832],[-1.468292,54.974891],[-1.468601,54.974948],[-1.468911,54.975003],[-1.469535,54.975106],[-1.47016,54.975206],[-1.470785,54.975308],[-1.476155,54.976108],[-1.482039,54.976983],[-1.486894,54.977708],[-1.488452,54.977945],[-1.48893,54.97802],[-1.489174,54.978061],[-1.489583,54.978145],[-1.489986,54.978237],[-1.490384,54.978337],[-1.490777,54.978443],[-1.49097,54.978499],[-1.491161,54.978558],[-1.491348,54.978621],[-1.491531,54.978687],[-1.49178,54.978787],[-1.492087,54.97892],[-1.49282,54.979249],[-1.493609,54.979602],[-1.493988,54.979766],[-1.494337,54.97991],[-1.494602,54.980013],[-1.494871,54.980113],[-1.495144,54.98021],[-1.495421,54.980302],[-1.495814,54.980426],[-1.496213,54.980544],[-1.496616,54.980657],[-1.497024,54.980764],[-1.497347,54.980844],[-1.497674,54.980921],[-1.498005,54.980991],[-1.498172,54.981022],[-1.49834,54.981052],[-1.498552,54.981086],[-1.498775,54.981118],[-1.499007,54.981149],[-1.499243,54.981178],[-1.499482,54.981205],[-1.499721,54.981229],[-1.499956,54.98125],[-1.500185,54.981268],[-1.500412,54.981283],[-1.500643,54.981295],[-1.500878,54.981304],[-1.501115,54.981311],[-1.501592,54.981319],[-1.502066,54.981319],[-1.502328,54.981315],[-1.502589,54.981306],[-1.50285,54.981294],[-1.503111,54.981278],[-1.503474,54.981252],[-1.503836,54.981222],[-1.504197,54.981186],[-1.504555,54.981144],[-1.504911,54.981095],[-1.505264,54.981039],[-1.505614,54.980978],[-1.505961,54.98091],[-1.506303,54.980836],[-1.50664,54.980755],[-1.506974,54.980669],[-1.507306,54.980582],[-1.507885,54.980425],[-1.50856,54.980236],[-1.510112,54.979791],[-1.511782,54.979306],[-1.513393,54.978841],[-1.513795,54.978715],[-1.514199,54.97859],[-1.5146,54.978462],[-1.514798,54.978396],[-1.514994,54.978328],[-1.515266,54.978229],[-1.515536,54.978128],[-1.516069,54.977919],[-1.516594,54.977704],[-1.517115,54.977486],[-1.517319,54.977397],[-1.51752,54.977306],[-1.517921,54.977122],[-1.518439,54.976867],[-1.518696,54.976738],[-1.518949,54.976607],[-1.519411,54.976355],[-1.519865,54.976099],[-1.520311,54.975839],[-1.520751,54.975575],[-1.521059,54.975382],[-1.521361,54.975185],[-1.52196,54.974789],[-1.522609,54.974337],[-1.522932,54.97411],[-1.523247,54.97388],[-1.523491,54.973694],[-1.523731,54.973505],[-1.523966,54.973315],[-1.524196,54.973123],[-1.52451,54.972848],[-1.52481,54.972568],[-1.525062,54.972318],[-1.525306,54.972066],[-1.525789,54.971559],[-1.526138,54.971161],[-1.52631,54.970962],[-1.526472,54.97076],[-1.526629,54.970548],[-1.526778,54.970334],[-1.526919,54.970119],[-1.527056,54.969902],[-1.527178,54.969699],[-1.527295,54.969495],[-1.527407,54.969291],[-1.527514,54.969085],[-1.527616,54.96888],[-1.527714,54.968673],[-1.527806,54.968466],[-1.52789,54.968258],[-1.527974,54.968027],[-1.528051,54.967795],[-1.528191,54.967329],[-1.528322,54.966862],[-1.528458,54.966396],[-1.531009,54.95738],[-1.531153,54.956667],[-1.531195,54.956299],[-1.531234,54.955919],[-1.5312556,54.9557442]],[[-1.6044209,55.0095719],[-1.604343,55.009595],[-1.604131,55.009651],[-1.603917,55.009703],[-1.603671,55.009756],[-1.603422,55.009804],[-1.60317,55.009847],[-1.602915,55.009884],[-1.602689,55.009912],[-1.602462,55.009936],[-1.602233,55.009955],[-1.602004,55.00997],[-1.601861,55.009976],[-1.601718,55.00998],[-1.601574,55.009981],[-1.601431,55.009979],[-1.601182,55.00997],[-1.600934,55.009957],[-1.600687,55.009939],[-1.60044,55.009919],[-1.599857,55.009862],[-1.598965,55.009767],[-1.596536,55.009497],[-1.593726,55.00918],[-1.591106,55.008886],[-1.590521,55.008836],[-1.590228,55.008812],[-1.589934,55.008792],[-1.589604,55.008774],[-1.589274,55.00876],[-1.588943,55.00875],[-1.588612,55.008742],[-1.588266,55.008738],[-1.587919,55.008737],[-1.587572,55.008739],[-1.587226,55.008744],[-1.58663,55.008757],[-1.586332,55.008769],[-1.586035,55.008785],[-1.58572,55.008807],[-1.585403,55.008832],[-1.585084,55.00886],[-1.584765,55.008891],[-1.584126,55.008959],[-1.583493,55.009036],[-1.583115,55.009088],[-1.582739,55.009146],[-1.582366,55.009209],[-1.581996,55.009277],[-1.581493,55.009377],[-1.580993,55.009485],[-1.580499,55.009598],[-1.580008,55.009718],[-1.579658,55.009811],[-1.579316,55.009912],[-1.578741,55.010096],[-1.578172,55.010287],[-1.57761,55.010484],[-1.577056,55.010688],[-1.576816,55.01078],[-1.576579,55.010874],[-1.576111,55.011067],[-1.575646,55.011263],[-1.575179,55.011457],[-1.574702,55.011638],[-1.574226,55.011821],[-1.573747,55.012001],[-1.573504,55.012089],[-1.57326,55.012174],[-1.573012,55.012256],[-1.572655,55.012371],[-1.571656,55.012687],[-1.568842,55.013564],[-1.565543,55.014586],[-1.562486,55.015535],[-1.560795,55.016049],[-1.559025,55.016584],[-1.557412,55.017076],[-1.556737,55.017287],[-1.556188,55.017464],[-1.555749,55.017613],[-1.555282,55.017778],[-1.554336,55.018123],[-1.553495,55.018429],[-1.553159,55.018547],[-1.552905,55.018629],[-1.552743,55.018675],[-1.552578,55.018717],[-1.552411,55.018755],[-1.552242,55.018792],[-1.552013,55.018837],[-1.551783,55.018879],[-1.551317,55.018955],[-1.550852,55.019032],[-1.550621,55.019073],[-1.550392,55.019118],[-1.550146,55.019173],[-1.549906,55.019235],[-1.549735,55.019285],[-1.549566,55.019337],[-1.5494,55.019392],[-1.549236,55.01945],[-1.549054,55.019518],[-1.548875,55.019589],[-1.548699,55.019663],[-1.548527,55.019739],[-1.548392,55.019801],[-1.54826,55.019865],[-1.548132,55.019932],[-1.54801,55.020002],[-1.547927,55.020054],[-1.547825,55.020123],[-1.547572,55.020303],[-1.546946,55.020761],[-1.546306,55.021229],[-1.546035,55.021421],[-1.545825,55.02156],[-1.545531,55.021735],[-1.545226,55.021904],[-1.544912,55.022068],[-1.544591,55.022227],[-1.544252,55.022384],[-1.543777,55.022593],[-1.54259,55.023104],[-1.54137,55.023629],[-1.540854,55.023857],[-1.540456,55.024039],[-1.54024,55.024145],[-1.540029,55.024254],[-1.539613,55.024477],[-1.539197,55.024699],[-1.538985,55.024808],[-1.538769,55.024914],[-1.538409,55.025076],[-1.53768,55.025397],[-1.535327,55.026424],[-1.528532,55.029379],[-1.521783,55.032312],[-1.51949,55.033314],[-1.518799,55.033618],[-1.518483,55.033761],[-1.518254,55.033877],[-1.518032,55.033998],[-1.517815,55.034122],[-1.517605,55.034249],[-1.517476,55.034332],[-1.517351,55.034418],[-1.517109,55.034592],[-1.516868,55.034768],[-1.516746,55.034854],[-1.51662,55.034939],[-1.516421,55.035068],[-1.516318,55.035131],[-1.51621,55.035191],[-1.516079,55.035257],[-1.515942,55.035319],[-1.515802,55.035378],[-1.515659,55.035435],[-1.515455,55.035511],[-1.515246,55.035583],[-1.515033,55.03565],[-1.514816,55.035713],[-1.514698,55.035743],[-1.514578,55.035771],[-1.514334,55.035821],[-1.5139,55.035906],[-1.513462,55.035989],[-1.51302,55.03607],[-1.512576,55.036148],[-1.511681,55.036299],[-1.510784,55.036442],[-1.510212,55.036527],[-1.509638,55.036607],[-1.509062,55.036682],[-1.508483,55.03675],[-1.508195,55.03678],[-1.507905,55.036806],[-1.507326,55.036857],[-1.506038,55.036947],[-1.489308,55.037751],[-1.488437,55.037806],[-1.488001,55.037835],[-1.487567,55.037869],[-1.487341,55.03789],[-1.487116,55.037914],[-1.486666,55.037962],[-1.486208,55.038012],[-1.48598,55.038037],[-1.485752,55.038066],[-1.485358,55.038121],[-1.484965,55.03818],[-1.484574,55.038243],[-1.484185,55.038309],[-1.483791,55.038379],[-1.483399,55.038453],[-1.483008,55.038531],[-1.48262,55.038611],[-1.482303,55.03868],[-1.481987,55.038751],[-1.481673,55.038825],[-1.481361,55.038901],[-1.481016,55.038988],[-1.480674,55.039078],[-1.480334,55.03917],[-1.479997,55.039267],[-1.47956,55.0394],[-1.479064,55.039557],[-1.47795,55.039919],[-1.476764,55.040311],[-1.475614,55.040688],[-1.473828,55.041288],[-1.471947,55.041923],[-1.470255,55.042488],[-1.469569,55.042713],[-1.469036,55.042882],[-1.468715,55.04298],[-1.468392,55.043075],[-1.468065,55.043166],[-1.467733,55.04325],[-1.467456,55.043313],[-1.467175,55.04337],[-1.466891,55.043423],[-1.466605,55.043472],[-1.466357,55.043509],[-1.466106,55.04354],[-1.465849,55.043567],[-1.465591,55.04359],[-1.465332,55.043609],[-1.465072,55.043623],[-1.464806,55.043632],[-1.464539,55.043636],[-1.464272,55.043634],[-1.464006,55.043626],[-1.463761,55.043613],[-1.463517,55.043595],[-1.463275,55.043571],[-1.463034,55.043542],[-1.46279,55.043507],[-1.462549,55.043466],[-1.46231,55.04342],[-1.462073,55.043371],[-1.461695,55.043286],[-1.461321,55.043195],[-1.460952,55.043098],[-1.460586,55.042996],[-1.460372,55.042933],[-1.460075,55.04284],[-1.459273,55.042586],[-1.457166,55.041905],[-1.455005,55.041208],[-1.454135,55.040931],[-1.453793,55.040825],[-1.453528,55.040745],[-1.453246,55.040663],[-1.452962,55.040584],[-1.452675,55.040509],[-1.452384,55.040438],[-1.452188,55.040395],[-1.451991,55.040354],[-1.451791,55.040317],[-1.45159,55.040283],[-1.451291,55.040236],[-1.45099,55.040193],[-1.450686,55.040155],[-1.450381,55.040124],[-1.450063,55.040099],[-1.449744,55.040081],[-1.449424,55.040069],[-1.449104,55.040063],[-1.44881,55.040065],[-1.448465,55.040074],[-1.447667,55.040104],[-1.446814,55.040136],[-1.446399,55.040146],[-1.446008,55.040151],[-1.445818,55.040151],[-1.445628,55.040148],[-1.445439,55.040142],[-1.44525,55.040132],[-1.44503,55.040115],[-1.44481,55.040095],[-1.444372,55.040048],[-1.443937,55.039994],[-1.443504,55.039935],[-1.442977,55.03986],[-1.442453,55.03978],[-1.441933,55.039692],[-1.441675,55.039645],[-1.441418,55.039595],[-1.44123,55.039556],[-1.441044,55.039513],[-1.440861,55.039467],[-1.440681,55.039417],[-1.440468,55.039352],[-1.44026,55.039283],[-1.440056,55.039209],[-1.43986,55.039129],[-1.439694,55.039053],[-1.439534,55.038972],[-1.439381,55.038887],[-1.439232,55.038799],[-1.439121,55.038729],[-1.439015,55.038657],[-1.438813,55.038508],[-1.438649,55.038376],[-1.438572,55.038308],[-1.4385,55.038239],[-1.43837,55.0381],[-1.438251,55.037958],[-1.438138,55.037813],[-1.438031,55.037668],[-1.437828,55.037369],[-1.437522,55.036894],[-1.436695,55.035579],[-1.435742,55.034049],[-1.434852,55.032626],[-1.434077,55.031263],[-1.431905,55.027275],[-1.431138,55.025939],[-1.430946,55.025576],[-1.430853,55.025395],[-1.430767,55.025212],[-1.430671,55.024981],[-1.430582,55.02475],[-1.430501,55.024517],[-1.430428,55.024284],[-1.430348,55.023997],[-1.430279,55.023708],[-1.430217,55.023419],[-1.430163,55.02313],[-1.430098,55.022705],[-1.430025,55.022147],[-1.429874,55.020846],[-1.429736,55.019653],[-1.42968,55.01923],[-1.429658,55.019085],[-1.429639,55.018994],[-1.42959,55.01884],[-1.429528,55.018687],[-1.429388,55.018383],[-1.429308,55.018229],[-1.429221,55.018076],[-1.429136,55.017922],[-1.429097,55.017845],[-1.429062,55.017767],[-1.428968,55.017517],[-1.428888,55.017265],[-1.42882,55.017013],[-1.428761,55.016759],[-1.428743,55.016664],[-1.428733,55.016568],[-1.428734,55.016438],[-1.42874,55.016373],[-1.428752,55.016309],[-1.428779,55.016208],[-1.428813,55.016108],[-1.428857,55.016008],[-1.42891,55.015911],[-1.428987,55.015797],[-1.429077,55.015685],[-1.429176,55.015576],[-1.429284,55.01547],[-1.429418,55.015353],[-1.429563,55.01524],[-1.429716,55.01513],[-1.429875,55.015023],[-1.430021,55.014929],[-1.430172,55.014838],[-1.430329,55.01475],[-1.430493,55.014667],[-1.430594,55.014621],[-1.430699,55.014578],[-1.430807,55.014538],[-1.430918,55.014501],[-1.431046,55.014465],[-1.431265,55.014408],[-1.431941,55.014238],[-1.433975,55.013741],[-1.436413,55.013151],[-1.438649,55.012607],[-1.438972,55.012519],[-1.439297,55.012433],[-1.439619,55.012343],[-1.439935,55.012248],[-1.440308,55.012124],[-1.440674,55.011992],[-1.441035,55.011857],[-1.441394,55.011719],[-1.441884,55.011524],[-1.442368,55.011325],[-1.443333,55.010922],[-1.443864,55.010695],[-1.444397,55.010469],[-1.444927,55.010241],[-1.44545,55.010008],[-1.445696,55.009894],[-1.445939,55.009779],[-1.446179,55.009661],[-1.446415,55.009541],[-1.44685,55.009313],[-1.447356,55.009042],[-1.447906,55.008743],[-1.448473,55.008431],[-1.449031,55.008121],[-1.449552,55.007827],[-1.45001,55.007565],[-1.450379,55.007349],[-1.450523,55.007261],[-1.450663,55.007171],[-1.450939,55.006989],[-1.451214,55.006806],[-1.451354,55.006716],[-1.451497,55.006628],[-1.451925,55.006377],[-1.452361,55.00613],[-1.452801,55.005886],[-1.453239,55.00564],[-1.453822,55.005327],[-1.454114,55.005172],[-1.454411,55.005019],[-1.454737,55.004857],[-1.455066,55.004696],[-1.4554,55.004539],[-1.455739,55.004386],[-1.456108,55.004227],[-1.456483,55.004073],[-1.456863,55.003923],[-1.457249,55.003777],[-1.457695,55.003617],[-1.458147,55.003463],[-1.458604,55.003313],[-1.459065,55.003167],[-1.459387,55.003072],[-1.459712,55.002979],[-1.461548,55.002495],[-1.465132,55.00167],[-1.473177,54.999837],[-1.474935,54.999489],[-1.500511,54.994715],[-1.563445,54.984697],[-1.564797,54.98447],[-1.566226,54.984233],[-1.5675,54.984017],[-1.568006,54.983927],[-1.568386,54.983854],[-1.568665,54.983795],[-1.568942,54.983734],[-1.569492,54.983606],[-1.570037,54.98347],[-1.570578,54.983328],[-1.571096,54.983188],[-1.571609,54.983042],[-1.572116,54.982889],[-1.572366,54.982809],[-1.572614,54.982727],[-1.572763,54.982675],[-1.572909,54.982621],[-1.573051,54.982563],[-1.57319,54.982503],[-1.57335,54.982424],[-1.573499,54.982339],[-1.573638,54.982248],[-1.573766,54.982151],[-1.573889,54.982045],[-1.574001,54.981935],[-1.574104,54.98182],[-1.57415,54.981761],[-1.574191,54.981701],[-1.574242,54.981613],[-1.574285,54.981524],[-1.574321,54.981434],[-1.574348,54.981343],[-1.574366,54.981238],[-1.574372,54.981133],[-1.574372,54.981027],[-1.574367,54.980922],[-1.57436,54.980848],[-1.574346,54.980774],[-1.574289,54.980547],[-1.574217,54.980306],[-1.574052,54.979804],[-1.573888,54.979309],[-1.57382,54.979079],[-1.573767,54.978866],[-1.573736,54.9787],[-1.573727,54.978616],[-1.573724,54.978533],[-1.573731,54.97839],[-1.573749,54.978248],[-1.573775,54.978106],[-1.573807,54.977964],[-1.573839,54.977848],[-1.57386,54.97779],[-1.573887,54.977734],[-1.573912,54.977693],[-1.573942,54.977653],[-1.574009,54.977576],[-1.574087,54.977498],[-1.57417,54.977421],[-1.574347,54.977272],[-1.574483,54.977164],[-1.574555,54.977113],[-1.574632,54.977063],[-1.57473,54.977009],[-1.574836,54.976961],[-1.574954,54.976915],[-1.575076,54.976872],[-1.575202,54.976833],[-1.575331,54.976798],[-1.575481,54.976763],[-1.575633,54.976732],[-1.575944,54.976677],[-1.576258,54.976627],[-1.576571,54.976574],[-1.578552,54.976276],[-1.580669,54.975955],[-1.582514,54.97568],[-1.583209,54.975581],[-1.583684,54.975518],[-1.583964,54.975486],[-1.584244,54.975456],[-1.584526,54.975433],[-1.58481,54.975417],[-1.585054,54.975411],[-1.585299,54.975412],[-1.585543,54.975419],[-1.585787,54.975431],[-1.586042,54.975448],[-1.586295,54.975471],[-1.586547,54.9755],[-1.586796,54.975534],[-1.586971,54.975563],[-1.587143,54.975597],[-1.587484,54.975671],[-1.587696,54.975721],[-1.587908,54.975774],[-1.588332,54.975887],[-1.588748,54.975994],[-1.588951,54.976042],[-1.589149,54.976083],[-1.589389,54.976126],[-1.589632,54.976163],[-1.589878,54.976194],[-1.590125,54.976219],[-1.590421,54.976243],[-1.590718,54.976261],[-1.591016,54.976271],[-1.591314,54.976272],[-1.59155,54.976265],[-1.591785,54.97625],[-1.59202,54.976229],[-1.592253,54.976206],[-1.592528,54.976173],[-1.592799,54.976131],[-1.593,54.976095],[-1.593199,54.976056],[-1.593396,54.976013],[-1.593588,54.975965],[-1.593814,54.975897],[-1.594121,54.975794],[-1.594874,54.975533],[-1.595633,54.975269],[-1.595949,54.975163],[-1.596187,54.975091],[-1.59639,54.975039],[-1.596615,54.974988],[-1.597108,54.974886],[-1.597624,54.974781],[-1.597877,54.974725],[-1.598121,54.974667],[-1.598448,54.97458],[-1.598795,54.974481],[-1.599526,54.974262],[-1.600271,54.974038],[-1.600636,54.973933],[-1.600989,54.973839],[-1.601163,54.973797],[-1.60134,54.97376],[-1.601501,54.973732],[-1.601663,54.973707],[-1.601827,54.973686],[-1.601993,54.973672],[-1.602211,54.973663],[-1.602429,54.973662],[-1.602648,54.973667],[-1.602866,54.973676],[-1.603074,54.97369],[-1.603281,54.973708],[-1.603487,54.973731],[-1.603692,54.973757],[-1.604081,54.973814],[-1.604598,54.973898],[-1.605841,54.97411],[-1.607073,54.97432],[-1.607576,54.974401],[-1.607945,54.974455],[-1.608209,54.974487],[-1.608475,54.974515],[-1.608742,54.974538],[-1.609011,54.974554],[-1.609131,54.974558],[-1.609252,54.974559],[-1.609493,54.974555],[-1.609712,54.974546],[-1.60993,54.974534],[-1.610147,54.974517],[-1.610362,54.974493],[-1.610551,54.974463],[-1.610783,54.974419],[-1.611338,54.974302],[-1.611949,54.974174],[-1.612252,54.974114],[-1.612539,54.974063],[-1.612877,54.974007],[-1.613048,54.973985],[-1.613134,54.973976],[-1.613221,54.97397],[-1.61331,54.973967],[-1.6134,54.973968],[-1.61349,54.973972],[-1.613579,54.973978],[-1.613755,54.973995],[-1.613932,54.974018],[-1.614291,54.974075],[-1.614653,54.974132],[-1.614835,54.974157],[-1.615018,54.974177],[-1.615256,54.974195],[-1.615523,54.97421],[-1.616113,54.974232],[-1.616737,54.974254],[-1.617045,54.974268],[-1.617342,54.974286],[-1.617564,54.974304],[-1.617792,54.974326],[-1.618253,54.974375],[-1.61869,54.974419],[-1.618887,54.974435],[-1.619065,54.974444],[-1.619206,54.974447],[-1.619348,54.974447],[-1.619631,54.974442],[-1.619913,54.974429],[-1.620195,54.974411],[-1.620369,54.974397],[-1.620541,54.974381],[-1.620886,54.974343],[-1.621228,54.9743],[-1.62157,54.974255],[-1.621798,54.974223],[-1.622025,54.974188],[-1.622478,54.974116]]]}},{"type":"Feature","properties":{"r":"UK","g":"uk","col":"#d39f06","n":"Yellow Line","ct":"纽卡斯尔","jk":"urban","nz":"黄线","off":-0.5},"geometry":{"type":"LineString","coordinates":[[-1.5339975,54.9532248],[-1.534083,54.953203],[-1.534234,54.953167],[-1.534387,54.953135],[-1.534541,54.953105],[-1.534848,54.953053],[-1.535159,54.953007],[-1.535472,54.952966],[-1.535786,54.952929],[-1.536182,54.952886],[-1.536579,54.952849],[-1.536977,54.952816],[-1.537377,54.952788],[-1.537631,54.952774],[-1.537979,54.952758],[-1.538903,54.952721],[-1.541297,54.952635],[-1.543717,54.952548],[-1.544675,54.95251],[-1.545045,54.952493],[-1.545324,54.952478],[-1.546037,54.952428],[-1.54716,54.952341],[-1.548551,54.95223],[-1.550067,54.952106],[-1.551564,54.95198],[-1.5529,54.951866],[-1.553931,54.951774],[-1.554288,54.951741],[-1.554515,54.951717],[-1.554653,54.951699],[-1.554789,54.951679],[-1.555061,54.951635],[-1.555333,54.951591],[-1.55547,54.951572],[-1.555608,54.951555],[-1.555853,54.95153],[-1.556099,54.951507],[-1.556593,54.951468],[-1.557089,54.951437],[-1.557586,54.951414],[-1.557801,54.951407],[-1.558017,54.951405],[-1.558448,54.951406],[-1.558958,54.951415],[-1.559468,54.951431],[-1.560488,54.951465],[-1.561536,54.951512],[-1.56206,54.951537],[-1.562583,54.951568],[-1.563001,54.951597],[-1.563419,54.951629],[-1.563836,54.951665],[-1.564251,54.951707],[-1.564775,54.951768],[-1.565297,54.951836],[-1.565817,54.95191],[-1.566334,54.951989],[-1.566767,54.952059],[-1.567197,54.952134],[-1.567625,54.952213],[-1.568051,54.952297],[-1.568267,54.952342],[-1.568481,54.95239],[-1.568906,54.95249],[-1.569331,54.952589],[-1.569545,54.952637],[-1.56976,54.952683],[-1.570035,54.952736],[-1.570313,54.952785],[-1.570591,54.952834],[-1.570866,54.952887],[-1.571129,54.952943],[-1.571391,54.953001],[-1.571911,54.953123],[-1.57243,54.953246],[-1.572949,54.953369],[-1.573354,54.953471],[-1.573556,54.953522],[-1.573757,54.953576],[-1.574088,54.95367],[-1.574417,54.953767],[-1.57507,54.953966],[-1.575723,54.954164],[-1.576053,54.95426],[-1.576386,54.954352],[-1.576839,54.954469],[-1.577383,54.954603],[-1.57866,54.954909],[-1.580049,54.955235],[-1.581382,54.955551],[-1.582562,54.955853],[-1.583804,54.956168],[-1.584921,54.956456],[-1.585375,54.956577],[-1.585727,54.956677],[-1.585987,54.956756],[-1.586243,54.95684],[-1.586495,54.956927],[-1.586742,54.957018],[-1.587014,54.957125],[-1.587304,54.957244],[-1.58792,54.95751],[-1.588559,54.957791],[-1.589186,54.958064],[-1.589528,54.958201],[-1.589868,54.958339],[-1.590213,54.958474],[-1.590388,54.958538],[-1.590567,54.958599],[-1.590772,54.958664],[-1.590981,54.958724],[-1.591195,54.95878],[-1.591411,54.958831],[-1.591638,54.958878],[-1.591886,54.958922],[-1.592426,54.95901],[-1.592988,54.9591],[-1.593266,54.959149],[-1.593533,54.959201],[-1.59395,54.959292],[-1.594364,54.959389],[-1.594773,54.959491],[-1.59518,54.959597],[-1.595455,54.95967],[-1.595727,54.959746],[-1.595997,54.959825],[-1.596264,54.959907],[-1.596608,54.960021],[-1.596965,54.960147],[-1.597686,54.960411],[-1.598371,54.960662],[-1.598681,54.960771],[-1.59896,54.960862],[-1.599185,54.960929],[-1.599414,54.960993],[-1.599646,54.961052],[-1.599881,54.961108],[-1.600258,54.96119],[-1.60064,54.961266],[-1.601025,54.961336],[-1.601414,54.961399],[-1.601672,54.961436],[-1.601931,54.961468],[-1.602192,54.961496],[-1.602454,54.96152],[-1.602789,54.961544],[-1.603157,54.961565],[-1.60396,54.961601],[-1.604801,54.961637],[-1.605218,54.96166],[-1.605621,54.961686],[-1.605922,54.961709],[-1.606222,54.961734],[-1.60652,54.961764],[-1.606817,54.9618],[-1.607092,54.961838],[-1.607379,54.961881],[-1.607674,54.961928],[-1.607974,54.961978],[-1.608275,54.962031],[-1.608573,54.962087],[-1.608865,54.962143],[-1.609147,54.962201],[-1.609414,54.96226],[-1.609678,54.962324],[-1.609939,54.962391],[-1.610197,54.962463],[-1.610507,54.962553],[-1.610813,54.962647],[-1.611114,54.962747],[-1.611261,54.9628],[-1.611406,54.962855],[-1.611543,54.962911],[-1.611676,54.962971],[-1.611805,54.963034],[-1.611929,54.963099],[-1.61201,54.963146],[-1.612088,54.963196],[-1.612237,54.963297],[-1.612689,54.963608],[-1.613221,54.963982],[-1.613801,54.964394],[-1.614395,54.96482],[-1.614968,54.965235],[-1.615487,54.965615],[-1.615918,54.965936],[-1.616228,54.966173],[-1.616355,54.966274],[-1.616478,54.966376],[-1.616596,54.96648],[-1.616707,54.966587],[-1.616767,54.966651],[-1.616823,54.966716],[-1.616925,54.966849],[-1.61701,54.966974],[-1.617084,54.967101],[-1.617158,54.967256],[-1.617219,54.967413],[-1.617254,54.967521],[-1.617285,54.96763],[-1.617334,54.967848],[-1.617356,54.967997],[-1.617366,54.968146],[-1.617369,54.96827],[-1.617368,54.968394],[-1.617362,54.968517],[-1.617348,54.968641],[-1.617336,54.968705],[-1.617316,54.968768],[-1.617262,54.968899],[-1.617199,54.969035],[-1.61713,54.969174],[-1.617055,54.969315],[-1.616894,54.9696],[-1.616726,54.969879],[-1.616592,54.970092],[-1.61645,54.970304],[-1.616299,54.970514],[-1.616134,54.97072],[-1.616083,54.970776],[-1.616027,54.970832],[-1.615914,54.970941],[-1.615791,54.971061],[-1.615728,54.971121],[-1.615662,54.971179],[-1.615518,54.971296],[-1.615368,54.971411],[-1.61506,54.971637],[-1.61475,54.971862],[-1.614599,54.971976],[-1.614454,54.972093],[-1.614315,54.972209],[-1.614251,54.972268],[-1.614194,54.97233],[-1.614146,54.972391],[-1.614103,54.972453],[-1.614027,54.97258],[-1.613961,54.972709],[-1.613899,54.972839],[-1.613844,54.972968],[-1.613803,54.973099],[-1.613769,54.973252],[-1.613742,54.973408],[-1.613701,54.973728],[-1.613668,54.974053],[-1.613631,54.974376],[-1.613608,54.974641],[-1.6136,54.974773],[-1.6136,54.974906],[-1.613609,54.975021],[-1.613624,54.975136],[-1.613645,54.97525],[-1.613674,54.975364],[-1.613719,54.975503],[-1.613773,54.975641],[-1.613897,54.975916],[-1.614023,54.97619],[-1.614079,54.976328],[-1.614128,54.976467],[-1.614159,54.97657],[-1.614185,54.976673],[-1.614206,54.976777],[-1.614219,54.976881],[-1.614227,54.977002],[-1.614227,54.977123],[-1.614218,54.977244],[-1.614198,54.977365],[-1.614173,54.977463],[-1.61414,54.97756],[-1.614097,54.977657],[-1.614045,54.977751],[-1.613982,54.977843],[-1.613895,54.977955],[-1.61379,54.978083],[-1.613671,54.978221],[-1.613412,54.978509],[-1.613158,54.978782],[-1.612877,54.979074],[-1.61258,54.979371],[-1.612431,54.979514],[-1.612285,54.97965],[-1.612144,54.979775],[-1.61201,54.979888],[-1.611923,54.979956],[-1.611832,54.980023],[-1.611736,54.980087],[-1.611634,54.980148],[-1.611562,54.980187],[-1.611486,54.980223],[-1.611407,54.980257],[-1.611325,54.980289],[-1.611205,54.980331],[-1.611081,54.98037],[-1.610954,54.980405],[-1.610824,54.980435],[-1.61066,54.980464],[-1.610452,54.980494],[-1.609954,54.980554],[-1.609425,54.980619],[-1.609178,54.980653],[-1.608958,54.98069],[-1.608833,54.980715],[-1.608709,54.980743],[-1.608588,54.980774],[-1.608469,54.980808],[-1.608259,54.980875],[-1.608055,54.980947],[-1.607856,54.981024],[-1.607663,54.981106],[-1.607462,54.981199],[-1.607268,54.981297],[-1.607082,54.9814],[-1.606904,54.981507],[-1.606766,54.981599],[-1.606635,54.981694],[-1.606511,54.981792],[-1.606395,54.981893],[-1.606287,54.981997],[-1.606186,54.982104],[-1.606093,54.982212],[-1.606006,54.982323],[-1.605953,54.982398],[-1.605906,54.982474],[-1.605819,54.982628],[-1.605725,54.982804],[-1.605636,54.98298],[-1.605553,54.983158],[-1.605475,54.983336],[-1.60543,54.983449],[-1.605395,54.983564],[-1.605376,54.98365],[-1.605362,54.983737],[-1.605354,54.983824],[-1.605353,54.983911],[-1.605364,54.984032],[-1.605386,54.984153],[-1.605444,54.984393],[-1.605542,54.984762],[-1.605677,54.985229],[-1.606023,54.98637],[-1.606416,54.987633],[-1.606785,54.988835],[-1.606916,54.989217],[-1.606985,54.989408],[-1.607062,54.989597],[-1.607187,54.989868],[-1.607322,54.990137],[-1.607467,54.990405],[-1.607622,54.990671],[-1.607773,54.990914],[-1.607933,54.991156],[-1.608102,54.991395],[-1.608278,54.991633],[-1.608407,54.991799],[-1.608541,54.991964],[-1.608819,54.99229],[-1.609102,54.992616],[-1.609382,54.992942],[-1.609651,54.993234],[-1.609924,54.993525],[-1.610189,54.993819],[-1.610316,54.993967],[-1.610436,54.994117],[-1.610565,54.994291],[-1.610684,54.994467],[-1.610796,54.994645],[-1.610901,54.994824],[-1.610981,54.994972],[-1.611053,54.995121],[-1.611186,54.995421],[-1.611261,54.995602],[-1.611333,54.995785],[-1.611398,54.995967],[-1.611454,54.996151],[-1.611489,54.996288],[-1.611517,54.996426],[-1.611541,54.996565],[-1.61156,54.996703],[-1.611579,54.99687],[-1.611593,54.997037],[-1.611601,54.997205],[-1.611602,54.997372],[-1.611592,54.99763],[-1.611573,54.997887],[-1.611541,54.998145],[-1.611497,54.998401],[-1.611456,54.99858],[-1.611406,54.998757],[-1.611348,54.998935],[-1.611285,54.999111],[-1.611207,54.999305],[-1.61107,54.999629],[-1.61065,55.000597],[-1.610093,55.001863],[-1.609466,55.003276],[-1.608837,55.004683],[-1.608273,55.005934],[-1.607842,55.006876],[-1.607697,55.007185],[-1.6076157,55.0073495]]}},{"type":"Feature","properties":{"r":"UK","g":"uk","col":"#d39f06","n":"Yellow Line","ct":"纽卡斯尔","jk":"urban","nz":"黄线","off":-0.375},"geometry":{"type":"MultiLineString","coordinates":[[[-1.532751,54.9536898],[-1.532777,54.953676],[-1.532911,54.953609],[-1.533049,54.953546],[-1.533146,54.953505],[-1.533247,54.953465],[-1.533452,54.953391],[-1.533689,54.953312],[-1.533811,54.953275],[-1.533934,54.953241],[-1.5339975,54.9532248]],[[-1.6076157,55.0073495],[-1.607611,55.007359],[-1.60754,55.007489],[-1.607464,55.007617],[-1.607381,55.007745],[-1.607291,55.00787],[-1.607218,55.007961],[-1.607139,55.00805],[-1.606968,55.008225],[-1.606851,55.008334],[-1.6067904,55.0083845]]]}},{"type":"Feature","properties":{"r":"UK","g":"uk","col":"#d39f06","n":"Yellow Line","ct":"纽卡斯尔","jk":"urban","nz":"黄线","off":-0.25},"geometry":{"type":"MultiLineString","coordinates":[[[-1.5317149,54.9545113],[-1.531794,54.954409],[-1.531845,54.954351],[-1.531899,54.954294],[-1.531972,54.954225],[-1.53205,54.954157],[-1.532215,54.954026],[-1.532363,54.953918],[-1.532441,54.953866],[-1.532522,54.953816],[-1.532647,54.953745],[-1.532751,54.9536898]],[[-1.6067904,55.0083845],[-1.606725,55.008439],[-1.606633,55.008508],[-1.606537,55.008576],[-1.606338,55.008708],[-1.606201,55.008794],[-1.606062,55.008879],[-1.605919,55.008961],[-1.605769,55.009039],[-1.6056624,55.0090899]]]}},{"type":"Feature","properties":{"r":"UK","g":"uk","col":"#d39f06","n":"Yellow Line","ct":"纽卡斯尔","jk":"urban","nz":"黄线","off":-0.125},"geometry":{"type":"MultiLineString","coordinates":[[[-1.5312556,54.9557442],[-1.531278,54.955563],[-1.531305,54.955405],[-1.531337,54.955267],[-1.53137,54.955161],[-1.531411,54.955056],[-1.531458,54.954952],[-1.531509,54.954848],[-1.531598,54.954686],[-1.531648,54.954607],[-1.531702,54.954528],[-1.5317149,54.9545113]],[[-1.6056624,55.0090899],[-1.605526,55.009155],[-1.605276,55.009266],[-1.605017,55.00937],[-1.604751,55.009468],[-1.604549,55.009534],[-1.6044209,55.0095719]]]}},{"type":"Feature","properties":{"r":"UK","g":"uk","col":"#ff3fb1","n":"West Midland Metro","ct":"伯明翰","jk":"urban","nz":"西米德兰地铁"},"geometry":{"type":"MultiLineString","coordinates":[[[-2.022456,52.547662],[-2.022585,52.547706],[-2.022715,52.547754],[-2.022779,52.547776],[-2.022843,52.547795],[-2.022905,52.547811],[-2.022936,52.547817],[-2.022966,52.547821],[-2.023007,52.547825],[-2.023049,52.547828],[-2.023091,52.547829],[-2.023134,52.547829],[-2.023176,52.547826],[-2.023218,52.547822],[-2.023258,52.547816],[-2.023297,52.547807],[-2.023309,52.547804],[-2.023323,52.547799],[-2.023352,52.547788],[-2.023422,52.547757],[-2.023503,52.547717],[-2.023591,52.54767],[-2.023772,52.547564],[-2.023936,52.547461],[-2.024027,52.547398],[-2.024112,52.547332],[-2.024192,52.547263],[-2.02427,52.547194],[-2.024361,52.547104],[-2.024444,52.547011],[-2.024531,52.546904],[-2.024614,52.546796],[-2.024777,52.546579],[-2.026358,52.544317],[-2.028785,52.540681],[-2.029571,52.539578],[-2.031168,52.537571],[-2.031698,52.536941],[-2.032234,52.5363],[-2.032759,52.535682],[-2.033014,52.535391],[-2.033261,52.535118],[-2.033504,52.534861],[-2.033754,52.534606],[-2.03401,52.534354],[-2.034272,52.534104],[-2.034729,52.533679],[-2.035196,52.533256],[-2.035433,52.533047],[-2.035673,52.53284],[-2.035915,52.532636],[-2.03616,52.532434],[-2.036308,52.532316],[-2.036459,52.532199],[-2.036614,52.532084],[-2.036776,52.531973],[-2.036908,52.53189],[-2.037049,52.531813],[-2.037193,52.531746],[-2.037448,52.531633],[-2.038226,52.531297],[-2.040431,52.530357],[-2.042686,52.529396],[-2.043525,52.529033],[-2.043819,52.528904],[-2.044009,52.528817],[-2.044295,52.528677],[-2.044616,52.528512],[-2.045333,52.528133],[-2.046093,52.527725],[-2.046832,52.527331],[-2.047148,52.527159],[-2.047304,52.527072],[-2.047457,52.526982],[-2.047588,52.5269],[-2.047715,52.526816],[-2.047963,52.526645],[-2.048152,52.526509],[-2.048338,52.526371],[-2.04852,52.526232],[-2.048698,52.52609],[-2.048842,52.52597],[-2.048982,52.525849],[-2.049255,52.525603],[-2.049528,52.525358],[-2.049668,52.525236],[-2.049813,52.525117],[-2.049982,52.524981],[-2.050155,52.524847],[-2.050334,52.524716],[-2.050427,52.524653],[-2.050523,52.524591],[-2.05064,52.52452],[-2.050759,52.524451],[-2.051006,52.524317],[-2.051261,52.524189],[-2.051521,52.524065],[-2.051771,52.523951],[-2.052025,52.523842],[-2.052286,52.523738],[-2.052552,52.523639],[-2.052822,52.523547],[-2.053098,52.52346],[-2.053378,52.523379],[-2.053662,52.523304],[-2.053965,52.523232],[-2.054273,52.523167],[-2.054584,52.523108],[-2.054898,52.523055],[-2.055056,52.523031],[-2.055214,52.52301],[-2.055533,52.522972],[-2.055853,52.522937],[-2.056172,52.5229],[-2.056737,52.522852],[-2.057303,52.522805],[-2.057868,52.522755],[-2.05815,52.522728],[-2.058431,52.522697],[-2.058864,52.522645],[-2.059347,52.522583],[-2.059869,52.522514],[-2.060416,52.522438],[-2.061545,52.522274],[-2.062638,52.522107],[-2.063165,52.522022],[-2.063426,52.521976],[-2.063685,52.521924],[-2.06395,52.521864],[-2.064213,52.521799],[-2.064472,52.521729],[-2.064729,52.521657],[-2.064956,52.52159],[-2.065181,52.52152],[-2.065403,52.521447],[-2.065621,52.52137],[-2.065825,52.521291],[-2.066022,52.521206],[-2.066247,52.5211],[-2.066467,52.52099],[-2.066683,52.520878],[-2.066897,52.520764],[-2.067307,52.520538],[-2.067711,52.520308],[-2.068513,52.519844],[-2.069808,52.519138],[-2.071202,52.518381],[-2.072399,52.517726],[-2.072832,52.517483],[-2.073105,52.517323],[-2.073244,52.517233],[-2.073378,52.517141],[-2.073508,52.517046],[-2.073633,52.516949],[-2.073716,52.516879],[-2.073797,52.516805],[-2.073954,52.516652],[-2.074107,52.516507],[-2.074183,52.516444],[-2.074258,52.516389],[-2.074294,52.516367],[-2.074332,52.516345],[-2.074413,52.516305],[-2.074585,52.51623],[-2.074753,52.516156],[-2.074829,52.516117],[-2.074864,52.516097],[-2.074896,52.516076],[-2.074908,52.516067],[-2.07492,52.516058],[-2.07494,52.516038],[-2.074959,52.516017],[-2.074975,52.515996],[-2.074999,52.515959],[-2.07502,52.515922],[-2.075037,52.515884],[-2.07505,52.515845],[-2.075062,52.515784],[-2.075076,52.515688],[-2.075103,52.515411],[-2.07516,52.514665],[-2.075216,52.513939],[-2.075241,52.513689],[-2.075252,52.513609],[-2.075258,52.513584],[-2.07526,52.513575],[-2.075262,52.513571],[-2.075263,52.513568],[-2.075272,52.513551],[-2.075283,52.513533],[-2.075296,52.513517],[-2.07531,52.5135],[-2.075325,52.513484],[-2.075343,52.513469],[-2.075361,52.513455],[-2.075382,52.513442],[-2.07541,52.513427],[-2.075441,52.513413],[-2.075474,52.513401],[-2.075508,52.51339],[-2.075578,52.513371],[-2.07565,52.513354],[-2.075769,52.51333],[-2.0759,52.51331],[-2.076184,52.513275],[-2.07648,52.513242],[-2.076627,52.513223],[-2.076768,52.513201],[-2.076927,52.513173],[-2.077085,52.513143],[-2.077241,52.51311],[-2.077395,52.513073],[-2.077753,52.512979],[-2.078107,52.512877],[-2.078281,52.512824],[-2.078451,52.512769],[-2.078616,52.512713],[-2.078775,52.512655],[-2.078905,52.512605],[-2.078936,52.512591],[-2.078965,52.512577],[-2.078993,52.512561],[-2.079019,52.512544],[-2.079035,52.512531],[-2.07905,52.512518],[-2.079063,52.512505],[-2.079075,52.51249],[-2.079096,52.512461],[-2.079115,52.512431],[-2.079172,52.51232],[-2.079215,52.512208],[-2.079248,52.512093],[-2.079272,52.511978],[-2.079281,52.511914],[-2.07928,52.511882],[-2.079278,52.511866],[-2.079274,52.51185],[-2.079271,52.511842],[-2.079267,52.511833],[-2.079258,52.511817],[-2.079246,52.511801],[-2.079233,52.511786],[-2.079211,52.511764],[-2.079187,52.511743],[-2.079135,52.511702],[-2.07902,52.511623],[-2.078909,52.511545],[-2.078862,52.511506],[-2.078841,52.511485],[-2.078823,52.511464],[-2.078812,52.511448],[-2.078802,52.511433],[-2.078794,52.511416],[-2.078787,52.5114],[-2.078777,52.511366],[-2.078772,52.511332],[-2.078772,52.511302],[-2.078775,52.511273],[-2.078783,52.511243],[-2.078794,52.511214],[-2.078804,52.511193],[-2.078817,52.511173],[-2.078848,52.511134],[-2.07893,52.511049],[-2.079022,52.510965],[-2.079223,52.510797],[-2.079427,52.510627],[-2.079523,52.51054],[-2.079609,52.510451],[-2.079639,52.510415],[-2.079665,52.510379],[-2.079714,52.510305],[-2.079761,52.51023],[-2.079814,52.510157],[-2.079894,52.510064],[-2.079938,52.510019],[-2.079987,52.509976],[-2.080053,52.509928],[-2.080125,52.509882],[-2.0802,52.509839],[-2.080278,52.509797],[-2.080394,52.50974],[-2.080455,52.509715],[-2.080519,52.509693],[-2.080557,52.509682],[-2.080597,52.509673],[-2.08068,52.509656],[-2.080851,52.509631],[-2.081016,52.509605],[-2.08109,52.509589],[-2.081125,52.50958],[-2.081157,52.509569],[-2.081213,52.509546],[-2.081239,52.509534],[-2.081264,52.50952],[-2.081288,52.509506],[-2.08131,52.50949],[-2.08133,52.509474],[-2.081347,52.509457],[-2.081353,52.50945],[-2.081358,52.509443],[-2.081367,52.509428],[-2.081373,52.509412],[-2.081378,52.509396],[-2.08139,52.509332],[-2.081408,52.50921],[-2.081417,52.509078],[-2.081421,52.5088],[-2.081425,52.508528],[-2.081434,52.508402],[-2.081451,52.508289],[-2.081482,52.508176],[-2.081527,52.508052],[-2.081633,52.507799],[-2.081726,52.507582],[-2.081754,52.507504],[-2.08176,52.507476],[-2.081761,52.507464],[-2.081761,52.507459],[-2.081761,52.507455],[-2.081758,52.507439],[-2.081752,52.507422],[-2.081745,52.507406],[-2.081736,52.50739],[-2.081715,52.507357],[-2.081689,52.507324],[-2.081633,52.507259],[-2.081582,52.507194]],[[-1.92356,52.472002],[-1.923141,52.472019],[-1.922722,52.472034],[-1.922304,52.472054],[-1.922096,52.472067],[-1.921888,52.472084],[-1.921739,52.4721],[-1.921666,52.47211],[-1.921594,52.472124],[-1.921437,52.472164],[-1.921212,52.47223],[-1.920933,52.472315],[-1.920619,52.472415],[-1.919946,52.472636],[-1.919621,52.472747],[-1.919325,52.472851],[-1.91899,52.472975],[-1.91866,52.473104],[-1.918335,52.473237],[-1.918014,52.473374],[-1.917804,52.473468],[-1.917597,52.473565],[-1.917191,52.473765],[-1.917021,52.473852],[-1.916853,52.473942],[-1.916521,52.474123],[-1.916189,52.474303],[-1.916021,52.474392],[-1.91585,52.474479],[-1.915643,52.474578],[-1.915417,52.474682],[-1.91495,52.474891],[-1.914537,52.475077],[-1.914377,52.475154],[-1.914313,52.475187],[-1.914263,52.475216],[-1.914162,52.475284],[-1.914037,52.475377],[-1.913739,52.475618],[-1.91341,52.47589],[-1.913097,52.476146],[-1.912425,52.476636],[-1.911687,52.477171],[-1.911082,52.477616],[-1.910892,52.477762],[-1.910836,52.477809],[-1.910819,52.477825],[-1.910813,52.477831],[-1.910811,52.477833],[-1.91081,52.477835],[-1.910809,52.477837],[-1.910808,52.477839],[-1.910807,52.477843],[-1.910806,52.477847],[-1.910805,52.477851],[-1.910806,52.477859],[-1.910807,52.477868],[-1.910808,52.477876],[-1.910808,52.477884],[-1.910808,52.477888],[-1.910807,52.477892],[-1.910806,52.477894],[-1.910805,52.477896],[-1.910804,52.477898],[-1.910803,52.4779],[-1.910794,52.477911],[-1.910784,52.477922],[-1.910773,52.477933],[-1.91076,52.477943],[-1.910733,52.477962],[-1.910703,52.47798],[-1.910574,52.478047],[-1.910487,52.478091],[-1.910396,52.478132],[-1.910302,52.478171],[-1.910206,52.478208],[-1.910097,52.478246],[-1.909985,52.478282],[-1.909757,52.478346],[-1.90956,52.478394],[-1.909359,52.478436],[-1.909159,52.478478],[-1.908961,52.478525],[-1.908651,52.478609],[-1.90832,52.478705],[-1.907651,52.478908],[-1.907058,52.479089],[-1.906823,52.479156],[-1.906647,52.4792],[-1.906597,52.479211],[-1.906546,52.47922],[-1.90652,52.479224],[-1.906494,52.479227],[-1.906468,52.479228],[-1.906442,52.479229],[-1.906402,52.479228],[-1.906362,52.479226],[-1.906322,52.479222],[-1.906282,52.479217],[-1.906243,52.479211],[-1.906205,52.479203],[-1.906168,52.479193],[-1.906132,52.479182],[-1.906105,52.479172],[-1.906077,52.479159],[-1.906049,52.479144],[-1.906021,52.479128],[-1.905906,52.479051],[-1.905785,52.478969],[-1.905721,52.478931],[-1.905688,52.478914],[-1.905655,52.478898],[-1.905612,52.47888],[-1.905567,52.478863],[-1.905521,52.478849],[-1.905497,52.478843],[-1.905472,52.478838],[-1.905429,52.478831],[-1.905384,52.478826],[-1.905339,52.478823],[-1.905316,52.478823],[-1.905294,52.478824],[-1.90525,52.478827],[-1.905197,52.478832],[-1.905071,52.478849],[-1.904922,52.478872],[-1.904759,52.4789],[-1.904591,52.478932],[-1.904424,52.478966],[-1.904267,52.479001],[-1.904128,52.479035],[-1.903987,52.479077],[-1.903826,52.479133],[-1.903477,52.479265],[-1.903153,52.479388],[-1.903023,52.479433],[-1.90297,52.479449],[-1.902947,52.479455],[-1.902926,52.47946],[-1.902851,52.479474],[-1.902812,52.479479],[-1.902773,52.479483],[-1.902734,52.479486],[-1.902695,52.479487],[-1.902656,52.479486],[-1.902618,52.479483],[-1.902598,52.479481],[-1.902579,52.479478],[-1.902541,52.47947],[-1.902505,52.479461],[-1.902469,52.47945],[-1.902399,52.479424],[-1.902332,52.479397],[-1.902235,52.479352],[-1.902136,52.479299],[-1.90193,52.479177],[-1.901716,52.479047],[-1.901607,52.478986],[-1.901496,52.478929],[-1.901393,52.47888],[-1.901338,52.478858],[-1.90131,52.478849],[-1.90128,52.478841],[-1.901269,52.478839],[-1.901255,52.478836],[-1.901218,52.47883],[-1.90111,52.478814],[-1.900784,52.478773],[-1.900354,52.478724],[-1.899874,52.478671],[-1.899396,52.478622],[-1.898975,52.478581],[-1.898663,52.478554],[-1.898564,52.478548],[-1.898532,52.478547],[-1.898521,52.478547],[-1.898517,52.478547],[-1.898513,52.478547],[-1.898483,52.47855],[-1.898454,52.478555],[-1.898424,52.478562],[-1.898396,52.47857],[-1.898369,52.478579],[-1.898344,52.478589],[-1.89832,52.478601],[-1.898309,52.478607],[-1.898299,52.478614],[-1.898292,52.47862],[-1.898284,52.478626],[-1.898277,52.478633],[-1.898271,52.478641],[-1.898257,52.478659],[-1.898245,52.478679],[-1.898195,52.478777],[-1.898141,52.478886],[-1.89811,52.478938],[-1.898092,52.478962],[-1.898073,52.478985],[-1.898045,52.479013],[-1.898013,52.479039],[-1.897943,52.47909],[-1.897872,52.47914],[-1.897839,52.479166],[-1.897809,52.479193],[-1.897785,52.479218],[-1.897764,52.479244],[-1.897725,52.479298],[-1.897687,52.479352],[-1.897666,52.479378],[-1.897643,52.479404],[-1.89749,52.479554],[-1.897258,52.47977],[-1.896977,52.480024],[-1.896674,52.480293],[-1.896378,52.480552],[-1.896118,52.480775],[-1.895921,52.480937],[-1.895856,52.480988],[-1.895833,52.481004],[-1.895824,52.48101],[-1.895817,52.481014],[-1.895808,52.481018],[-1.895798,52.481022],[-1.895788,52.481026],[-1.895777,52.481029],[-1.895755,52.481034],[-1.895732,52.481039],[-1.895679,52.481049],[-1.895626,52.481056],[-1.895599,52.481059],[-1.895571,52.481061],[-1.895544,52.481061],[-1.895517,52.481061],[-1.895499,52.48106],[-1.895481,52.481058],[-1.895463,52.481056],[-1.895445,52.481053],[-1.895427,52.481049],[-1.89541,52.481045],[-1.895393,52.48104],[-1.895377,52.481035],[-1.895337,52.48102],[-1.895298,52.481003],[-1.895261,52.480985],[-1.895226,52.480966],[-1.895158,52.480925],[-1.895095,52.480882],[-1.895037,52.480837],[-1.894986,52.480788],[-1.894892,52.480686],[-1.894797,52.480586],[-1.894745,52.48054],[-1.894717,52.480518],[-1.894687,52.480498],[-1.894605,52.48045],[-1.894517,52.480406],[-1.894421,52.480368],[-1.894372,52.480351],[-1.894321,52.480336],[-1.89426,52.480321],[-1.894197,52.48031],[-1.894132,52.480303],[-1.8941,52.480301],[-1.894067,52.4803],[-1.894056,52.4803],[-1.894041,52.480301],[-1.894004,52.480302],[-1.893899,52.480311],[-1.893584,52.480341],[-1.893167,52.480385],[-1.892693,52.480439],[-1.892208,52.480496],[-1.891756,52.480552],[-1.891383,52.480601],[-1.891135,52.480639],[-1.890969,52.480671],[-1.890804,52.480706],[-1.89048,52.480784],[-1.890158,52.480867],[-1.889835,52.480948]],[[-2.122807,52.584552],[-2.122848,52.584478],[-2.122891,52.584404],[-2.122929,52.58433],[-2.122944,52.584292],[-2.122955,52.584254],[-2.122961,52.58422],[-2.122963,52.584186],[-2.122962,52.584169],[-2.122959,52.584152],[-2.122955,52.584135],[-2.122949,52.584119],[-2.122946,52.584113],[-2.122943,52.584108],[-2.122939,52.584103],[-2.122934,52.584097],[-2.122914,52.584077],[-2.122911,52.584075],[-2.122908,52.584072],[-2.122904,52.584069],[-2.122903,52.584068],[-2.122901,52.584067],[-2.122898,52.584064],[-2.122897,52.584064],[-2.122897,52.584063],[-2.122896,52.584062],[-2.122896,52.584061],[-2.122896,52.58406],[-2.122896,52.584059],[-2.122896,52.584058],[-2.122896,52.584057],[-2.122896,52.584056],[-2.122897,52.584056],[-2.122898,52.584055],[-2.122899,52.584054],[-2.1229,52.584054],[-2.122901,52.584054],[-2.122902,52.584053],[-2.122903,52.584053],[-2.122904,52.584053],[-2.122905,52.584053],[-2.122907,52.584052],[-2.122908,52.584052],[-2.122913,52.584052],[-2.122916,52.584052],[-2.122918,52.584052],[-2.122924,52.584052],[-2.122929,52.584052],[-2.122934,52.584052],[-2.123029,52.584044],[-2.123124,52.584033],[-2.123311,52.584007],[-2.123499,52.583983],[-2.123594,52.583974],[-2.123689,52.583968],[-2.123793,52.583966],[-2.123898,52.583967],[-2.124106,52.583974],[-2.124315,52.583986],[-2.124524,52.583996]],[[-2.118744,52.586924],[-2.119123,52.587062],[-2.119524,52.58721],[-2.119881,52.587338],[-2.120022,52.587383],[-2.120079,52.587399],[-2.120126,52.587411],[-2.120181,52.587422],[-2.120238,52.58743],[-2.120266,52.587432],[-2.120295,52.587434],[-2.120324,52.587434],[-2.120352,52.587432],[-2.12039,52.587428],[-2.120426,52.587421],[-2.120462,52.587413],[-2.120498,52.587403],[-2.120566,52.587381],[-2.120631,52.587355],[-2.120667,52.587339],[-2.120702,52.587322],[-2.120769,52.587283],[-2.120895,52.587199],[-2.121016,52.587118],[-2.121077,52.587084],[-2.121108,52.58707],[-2.121139,52.587057],[-2.121158,52.587051],[-2.121184,52.587044],[-2.121252,52.587027],[-2.121447,52.586987],[-2.121977,52.586889],[-2.122513,52.58679],[-2.122716,52.586748],[-2.12279,52.586731],[-2.122819,52.586723],[-2.122841,52.586716],[-2.122891,52.586698],[-2.122938,52.586677],[-2.12296,52.586665],[-2.122981,52.586653],[-2.123,52.58664],[-2.123018,52.586626],[-2.123032,52.586613],[-2.123045,52.586598],[-2.123056,52.586584],[-2.123066,52.586569],[-2.123082,52.586538],[-2.123094,52.586506],[-2.123106,52.586459],[-2.123111,52.586412],[-2.123111,52.586364],[-2.123107,52.586317],[-2.123091,52.58622],[-2.123064,52.586118],[-2.122993,52.585903],[-2.122917,52.585679],[-2.122885,52.585568],[-2.122861,52.585458],[-2.122855,52.585405],[-2.122854,52.585352],[-2.122852,52.585299],[-2.122848,52.585246],[-2.122837,52.585185],[-2.122822,52.585124],[-2.122787,52.585003],[-2.122756,52.584882],[-2.122747,52.584821],[-2.122745,52.58476],[-2.122749,52.58471],[-2.122759,52.58466],[-2.122775,52.58461],[-2.122798,52.584562],[-2.12281,52.584542],[-2.122825,52.584522],[-2.122858,52.584483],[-2.122935,52.584407],[-2.122974,52.584369],[-2.123009,52.584332],[-2.123024,52.584313],[-2.123038,52.584294],[-2.123049,52.584274],[-2.123058,52.584255],[-2.12306,52.584249],[-2.123061,52.584243],[-2.123062,52.58423],[-2.123062,52.584218],[-2.12306,52.584205],[-2.123056,52.58418],[-2.123054,52.584167],[-2.123054,52.584154],[-2.123055,52.584141],[-2.123056,52.584135],[-2.123058,52.584128],[-2.123058,52.584122],[-2.123058,52.584119],[-2.123058,52.584117],[-2.123058,52.584116],[-2.123057,52.584113],[-2.123055,52.58411],[-2.123055,52.584108],[-2.123054,52.584107],[-2.123053,52.584105],[-2.123051,52.584104],[-2.12305,52.584103],[-2.123048,52.584102],[-2.123047,52.5841],[-2.123045,52.584099],[-2.123041,52.584097],[-2.123037,52.584095],[-2.123035,52.584094],[-2.123033,52.584094],[-2.123028,52.584092],[-2.123019,52.584089],[-2.123009,52.584087],[-2.122998,52.584085],[-2.122979,52.58408],[-2.122502,52.583931],[-2.122031,52.583776],[-2.121565,52.583614],[-2.121106,52.583446],[-2.120869,52.583354],[-2.120754,52.583306],[-2.120642,52.583254],[-2.120458,52.583162],[-2.120247,52.58305],[-2.120016,52.582925],[-2.119773,52.582789],[-2.119526,52.582647],[-2.11928,52.582502],[-2.119044,52.58236],[-2.118825,52.582224],[-2.118658,52.582114],[-2.118488,52.581994],[-2.118151,52.581745],[-2.117842,52.581517],[-2.117707,52.581424],[-2.11759,52.581352],[-2.117473,52.581289],[-2.11734,52.581222],[-2.117193,52.581153],[-2.117037,52.581082],[-2.116709,52.580942],[-2.116382,52.580811],[-2.116272,52.58077],[-2.116159,52.580732],[-2.115928,52.580661],[-2.115658,52.580589],[-2.115349,52.580514],[-2.114682,52.580361],[-2.114055,52.580219],[-2.113796,52.580155],[-2.113595,52.5801],[-2.113274,52.579997],[-2.112959,52.579884],[-2.112805,52.579825],[-2.112655,52.579765],[-2.112509,52.579702],[-2.112367,52.579639],[-2.112219,52.579567],[-2.112054,52.57948],[-2.111693,52.579277],[-2.111313,52.579057],[-2.110942,52.578845],[-2.110148,52.578443],[-2.109352,52.578044],[-2.10856,52.57764],[-2.108169,52.577436],[-2.107782,52.577228],[-2.107439,52.577039],[-2.1071,52.576847],[-2.10643,52.576457],[-2.105765,52.576065],[-2.105098,52.575674],[-2.104855,52.575541],[-2.104615,52.575406],[-2.10437,52.575274],[-2.104246,52.57521],[-2.104118,52.575148],[-2.103914,52.575054],[-2.103706,52.574964],[-2.103492,52.574878],[-2.103272,52.574799],[-2.10308,52.574739],[-2.102848,52.574674],[-2.102327,52.57454],[-2.10183,52.574411],[-2.101629,52.574355],[-2.101547,52.57433],[-2.10148,52.574307],[-2.101385,52.57427],[-2.101293,52.57423],[-2.101116,52.574145],[-2.100943,52.574056],[-2.100768,52.573969],[-2.100263,52.573714],[-2.100013,52.573586],[-2.099768,52.573453],[-2.099578,52.573346],[-2.09939,52.573238],[-2.099209,52.573126],[-2.099123,52.573067],[-2.099041,52.573007],[-2.098943,52.572926],[-2.098832,52.572827],[-2.098712,52.572714],[-2.098587,52.572591],[-2.098331,52.572331],[-2.09809,52.572079],[-2.097927,52.5719],[-2.09777,52.571719],[-2.097614,52.571538],[-2.09745,52.571359],[-2.097247,52.571153],[-2.097141,52.571052],[-2.09703,52.570953],[-2.096913,52.570854],[-2.096793,52.570757],[-2.096667,52.570663],[-2.096532,52.570574],[-2.096361,52.570474],[-2.096181,52.570379],[-2.095994,52.57029],[-2.095801,52.570206],[-2.095636,52.570141],[-2.095466,52.57008],[-2.095293,52.570024],[-2.095115,52.569972],[-2.094927,52.569924],[-2.094736,52.569881],[-2.094542,52.569842],[-2.094347,52.569807],[-2.094086,52.569767],[-2.093587,52.569697],[-2.092014,52.569483],[-2.087525,52.568883],[-2.083066,52.568286],[-2.08153,52.568077],[-2.081055,52.56801],[-2.080821,52.567974],[-2.080616,52.567934],[-2.080411,52.567891],[-2.080205,52.567845],[-2.079999,52.567796],[-2.079589,52.567692],[-2.079184,52.567584],[-2.078998,52.567531],[-2.078815,52.567475],[-2.078453,52.567357],[-2.078246,52.567285],[-2.07804,52.567211],[-2.077837,52.567135],[-2.077637,52.567056],[-2.077423,52.566967],[-2.077212,52.566876],[-2.077005,52.566781],[-2.0768,52.566685],[-2.076474,52.566527],[-2.076153,52.566367],[-2.075838,52.566201],[-2.075532,52.56603],[-2.075382,52.56594],[-2.075237,52.565846],[-2.075096,52.565751],[-2.074958,52.565653],[-2.074852,52.565574],[-2.074749,52.565493],[-2.074549,52.565328],[-2.07435,52.565163],[-2.074248,52.565082],[-2.074142,52.565002],[-2.074018,52.564914],[-2.073891,52.564827],[-2.073628,52.564658],[-2.073319,52.564473],[-2.073003,52.564292],[-2.072684,52.564113],[-2.072366,52.563933],[-2.068179,52.561303],[-2.067682,52.561009],[-2.067431,52.560863],[-2.067176,52.56072],[-2.066608,52.560421],[-2.065692,52.55995],[-2.064545,52.559365],[-2.063283,52.558725],[-2.062023,52.55809],[-2.060881,52.557517],[-2.059974,52.557067],[-2.059418,52.556797],[-2.059241,52.556718],[-2.05906,52.556642],[-2.05888,52.556566],[-2.058702,52.556488],[-2.058441,52.556365],[-2.058184,52.55624],[-2.05793,52.556112],[-2.057679,52.555982],[-2.057479,52.555873],[-2.057284,52.555762],[-2.056894,52.555538],[-2.05541,52.554769],[-2.053834,52.553949],[-2.052443,52.553231],[-2.051905,52.552959],[-2.051517,52.552769],[-2.0513,52.552669],[-2.05108,52.552572],[-2.050856,52.552478],[-2.05063,52.552387],[-2.050364,52.552283],[-2.050095,52.552182],[-2.049822,52.552085],[-2.049544,52.551994],[-2.049278,52.551913],[-2.048978,52.551825],[-2.048657,52.551734],[-2.048327,52.551644],[-2.047999,52.551557],[-2.047686,52.551476],[-2.0474,52.551406],[-2.047153,52.551349],[-2.046791,52.551274],[-2.046425,52.551207],[-2.046055,52.551147],[-2.045683,52.551093],[-2.045308,52.551048],[-2.044765,52.55099],[-2.043329,52.550847],[-2.041687,52.550689],[-2.040148,52.550538],[-2.038232,52.550301],[-2.034862,52.54998],[-2.03117,52.54963],[-2.028121,52.549337],[-2.027139,52.549238],[-2.026836,52.549206],[-2.026738,52.549194],[-2.026679,52.549186],[-2.026499,52.549154],[-2.026282,52.549111],[-2.026037,52.549059],[-2.025773,52.548999],[-2.025222,52.548868],[-2.0247,52.548735],[-2.024496,52.548677],[-2.024396,52.548646],[-2.024298,52.548612],[-2.02417,52.548562],[-2.024045,52.548508],[-2.023802,52.548396],[-2.023544,52.548273],[-2.023289,52.548148],[-2.02304,52.548019],[-2.022919,52.547952],[-2.022801,52.547883],[-2.022582,52.547748],[-2.022371,52.547608],[-2.022169,52.547463],[-2.021977,52.547313],[-2.021871,52.547222],[-2.021771,52.547129],[-2.021677,52.547034],[-2.021587,52.546937],[-2.021479,52.546811],[-2.021379,52.546682],[-2.021183,52.546424],[-2.018653,52.542853],[-2.017106,52.54062],[-2.015435,52.538212],[-2.014012,52.536153],[-2.013511,52.535417],[-2.013334,52.535152],[-2.013213,52.534965],[-2.013054,52.534701],[-2.012904,52.534436],[-2.01261,52.533903],[-2.012348,52.533344],[-2.012088,52.532785],[-2.011823,52.532226],[-2.011684,52.531948],[-2.011541,52.531671],[-2.011337,52.531302],[-2.011123,52.530934],[-2.010904,52.530568],[-2.010687,52.530201],[-2.010282,52.529381],[-2.009812,52.528236],[-2.00906,52.526625],[-2.008973,52.526474],[-2.008892,52.526322],[-2.008828,52.526185],[-2.008769,52.526047],[-2.008715,52.525909],[-2.008666,52.52577],[-2.008634,52.525666],[-2.008607,52.525561],[-2.008561,52.52535],[-2.008513,52.52514],[-2.008486,52.525035],[-2.008453,52.524931],[-2.008418,52.524835],[-2.008379,52.524739],[-2.008289,52.52455],[-2.008182,52.524352],[-2.008068,52.524155],[-2.007946,52.52396],[-2.007817,52.523766],[-2.007647,52.523528],[-2.007468,52.523292],[-2.007282,52.523058],[-2.007091,52.522826],[-2.006915,52.522619],[-2.006729,52.522416],[-2.006482,52.522158],[-2.00623,52.521902],[-2.005971,52.521649],[-2.005702,52.5214],[-2.005519,52.521238],[-2.00533,52.521078],[-2.005135,52.520922],[-2.004933,52.520768],[-2.004832,52.520696],[-2.004729,52.520625],[-2.004513,52.520488],[-2.004247,52.520329],[-2.003975,52.520174],[-2.003697,52.520023],[-2.003411,52.519877],[-2.003269,52.51981],[-2.003123,52.519745],[-2.002825,52.519622],[-2.002486,52.519489],[-2.002142,52.519361],[-2.001794,52.519238],[-2.00144,52.51912],[-2.001108,52.51902],[-2.000684,52.5189],[-1.999695,52.518631],[-1.998739,52.518371],[-1.998356,52.518263],[-1.998082,52.518179],[-1.997873,52.518108],[-1.997664,52.518034],[-1.997456,52.517957],[-1.99725,52.517878],[-1.997046,52.517797],[-1.996844,52.517715],[-1.996646,52.51763],[-1.996452,52.517544],[-1.996112,52.517385],[-1.995781,52.51722],[-1.99546,52.517047],[-1.995304,52.516958],[-1.99515,52.516867],[-1.994992,52.516769],[-1.994834,52.516665],[-1.994677,52.516558],[-1.994519,52.516447],[-1.994208,52.51622],[-1.993902,52.515993],[-1.993726,52.51586],[-1.993554,52.515725],[-1.993216,52.515452],[-1.992878,52.51518],[-1.992706,52.515045],[-1.99253,52.514912],[-1.992125,52.514617],[-1.991634,52.514268],[-1.990473,52.513459],[-1.989207,52.512583],[-1.987994,52.511741],[-1.987344,52.511297],[-1.98667,52.510834],[-1.986043,52.510409],[-1.985769,52.510229],[-1.985532,52.510081],[-1.985238,52.509907],[-1.984936,52.509738],[-1.984626,52.509575],[-1.984308,52.509417],[-1.983986,52.509266],[-1.983656,52.509121],[-1.983319,52.508983],[-1.983147,52.508917],[-1.982973,52.508853],[-1.982817,52.508799],[-1.98266,52.508747],[-1.98234,52.508648],[-1.982014,52.508555],[-1.981686,52.508467],[-1.981385,52.508389],[-1.98108,52.508316],[-1.980773,52.508248],[-1.980462,52.508186],[-1.980276,52.508155],[-1.979973,52.508107],[-1.979062,52.507972],[-1.976365,52.507584],[-1.973149,52.507126],[-1.970192,52.506703],[-1.969588,52.506636],[-1.968972,52.506571],[-1.96838,52.506503],[-1.968104,52.506467],[-1.967848,52.506429],[-1.967596,52.506387],[-1.96733,52.50634],[-1.967056,52.506289],[-1.966775,52.506234],[-1.966207,52.506114],[-1.965927,52.506051],[-1.965654,52.505987],[-1.965304,52.505899],[-1.964958,52.505804],[-1.964617,52.505704],[-1.964278,52.5056],[-1.963976,52.505501],[-1.963679,52.505396],[-1.963382,52.50529],[-1.963082,52.505189],[-1.96252,52.505011],[-1.961928,52.504828],[-1.960679,52.504452],[-1.959393,52.504071],[-1.958125,52.503692],[-1.952003,52.502035],[-1.940936,52.499354],[-1.940248,52.49921],[-1.939905,52.499136],[-1.939565,52.499058],[-1.939179,52.498961],[-1.938797,52.498858],[-1.938035,52.498649],[-1.933909,52.497668],[-1.933262,52.497526],[-1.932614,52.497385],[-1.931968,52.497242],[-1.931647,52.497167],[-1.931327,52.497091],[-1.930976,52.497005],[-1.930626,52.496917],[-1.93028,52.496824],[-1.929939,52.496724],[-1.929628,52.496624],[-1.929321,52.496519],[-1.92902,52.496408],[-1.928724,52.496292],[-1.928562,52.496224],[-1.928403,52.496154],[-1.928247,52.49608],[-1.928095,52.496004],[-1.927941,52.495921],[-1.927707,52.495789],[-1.927041,52.495406],[-1.925228,52.49435],[-1.92336,52.493261],[-1.922623,52.492837],[-1.922343,52.492679],[-1.922136,52.492565],[-1.921764,52.492369],[-1.921387,52.492176],[-1.921003,52.491989],[-1.920611,52.491807],[-1.920244,52.491646],[-1.919871,52.491489],[-1.919492,52.491339],[-1.919107,52.491194],[-1.918718,52.491057],[-1.918323,52.490925],[-1.917923,52.4908],[-1.917519,52.490679],[-1.917211,52.490592],[-1.9169,52.490509],[-1.916586,52.490429],[-1.91627,52.490353],[-1.915839,52.490254],[-1.915406,52.490158],[-1.914535,52.489975],[-1.913661,52.489796],[-1.912789,52.489615],[-1.912271,52.489525],[-1.911751,52.489436],[-1.911234,52.489344],[-1.910977,52.489294],[-1.910722,52.489241],[-1.910473,52.489185],[-1.910225,52.489124],[-1.909981,52.48906],[-1.909739,52.488993],[-1.909383,52.488888],[-1.908962,52.488759],[-1.908497,52.488613],[-1.90801,52.488458],[-1.907524,52.4883],[-1.907062,52.488147],[-1.906646,52.488005],[-1.906298,52.487883],[-1.905983,52.487768],[-1.905672,52.487649],[-1.905368,52.487525],[-1.905218,52.487461],[-1.905071,52.487394],[-1.904834,52.487279],[-1.904604,52.487157],[-1.904381,52.487032],[-1.90416,52.486905],[-1.903995,52.486806],[-1.903833,52.486704],[-1.903517,52.486497],[-1.9032,52.48629],[-1.903037,52.48619],[-1.90287,52.486092],[-1.902647,52.485972],[-1.902418,52.485857],[-1.901955,52.48563],[-1.901386,52.485323],[-1.900783,52.485],[-1.900248,52.484708],[-1.900037,52.484588],[-1.899882,52.484492],[-1.899811,52.484442],[-1.899723,52.484377],[-1.899507,52.484208],[-1.898995,52.483791],[-1.89852,52.483403],[-1.898352,52.483272],[-1.898295,52.48323],[-1.898274,52.483217],[-1.898266,52.483212],[-1.898262,52.483211],[-1.898259,52.483209],[-1.898246,52.483204],[-1.898231,52.483198],[-1.898195,52.483188],[-1.898105,52.483166],[-1.897879,52.483124],[-1.89765,52.48308],[-1.897557,52.483058],[-1.897519,52.483047],[-1.897502,52.483042],[-1.897488,52.483036],[-1.897459,52.483023],[-1.897426,52.483005],[-1.897351,52.482961],[-1.897266,52.482906],[-1.897176,52.482844],[-1.897087,52.482777],[-1.897002,52.482711],[-1.896926,52.482647],[-1.896864,52.482589],[-1.896841,52.482564],[-1.89682,52.482539],[-1.896784,52.482487],[-1.896723,52.482378],[-1.896663,52.48227],[-1.896627,52.482217],[-1.896607,52.482192],[-1.896584,52.482167],[-1.896521,52.482109],[-1.896446,52.482049],[-1.89627,52.481926],[-1.896084,52.481798],[-1.895994,52.481733],[-1.895912,52.481668],[-1.895775,52.481551],[-1.895712,52.481491],[-1.895684,52.481459],[-1.895658,52.481427],[-1.895637,52.481395],[-1.89562,52.481363],[-1.895607,52.48133],[-1.895597,52.481296],[-1.895589,52.481265],[-1.895584,52.481233],[-1.895583,52.481218],[-1.895584,52.481202],[-1.895586,52.481186],[-1.895591,52.481171],[-1.895606,52.48114],[-1.895624,52.481109],[-1.895646,52.48108],[-1.895672,52.481051],[-1.89573,52.480995],[-1.895795,52.480943],[-1.895815,52.480929],[-1.895836,52.480917],[-1.895883,52.480893],[-1.895978,52.480848]]]}}]}