kind	name_en	lon	lat	name_zh	tier	source	note
station	Swindon	-1.78528	51.5657	斯温登	C	https://zh.wikipedia.org/wiki/斯温顿	C1: station name equals the place Swindon (Wikidata Q200942, 869 m away), which has a zh.wikipedia article
station	Rhyl	-3.48879	53.3182	里尔	C	https://zh.wikipedia.org/wiki/里尔_(威尔士)	C1: station name equals the place Rhyl (Wikidata Q2020203, 664 m away), which has a zh.wikipedia article
station	Wellingborough	-0.67628	52.30378	韦灵伯勒	C	https://zh.wikipedia.org/wiki/韋靈伯勒	C1: station name equals the place Wellingborough (Wikidata Q913499, 1750 m away), which has a zh.wikipedia article
station	Walton-on-Thames	-0.41431	51.37288	泰晤士河畔沃尔顿	C	https://zh.wikipedia.org/wiki/泰晤士河畔沃爾頓	C1: station name equals the place Walton-on-Thames (Wikidata Q2003600, 1551 m away), which has a zh.wikipedia article
station	Sutton Coldfield	-1.82518	52.5648	萨顿科尔菲尔德	A	https://zh.wikipedia.org/wiki/萨顿科尔菲尔德火车站	Wikidata Q525739, 120 m from the map point
station	Romsey	-1.49325	50.9927	罗姆西	C	https://zh.wikipedia.org/wiki/罗姆西	C1: station name equals the place Romsey (Wikidata Q1234718, 474 m away), which has a zh.wikipedia article
station	Shepherd's Bush Market	-0.22631	51.50607	牧者丛市场	A	https://zh.wikipedia.org/wiki/牧者叢市場站	metro or tram stop (m=1); Wikidata Q1857909, 27 m from the map point
station	Maidenhead	-0.72285	51.51835	梅登黑德	A	https://zh.wikipedia.org/wiki/梅登黑德站	Wikidata Q1801859, 4 m from the map point
station	West Drayton	-0.47183	51.50974	西德雷顿	A	https://zh.wikipedia.org/wiki/西德雷頓站	Wikidata Q2033143, 38 m from the map point
station	Finchley Central	-0.19232	51.60084	芬奇利中央	A	https://zh.wikipedia.org/wiki/芬奇利中央站	metro or tram stop (m=1); Wikidata Q1416721, 76 m from the map point
station	Kettering	-0.73205	52.39349	凯特林	C	https://zh.wikipedia.org/wiki/凯特林	C1: station name equals the place Kettering (Wikidata Q984613, 730 m away), which has a zh.wikipedia article
station	Lydney	-2.53048	51.71428	利德尼	C	https://zh.wikipedia.org/wiki/利德尼	C1: station name equals the place Lydney (Wikidata Q540012, 1600 m away), which has a zh.wikipedia article
station	Flint	-3.13249	53.24968	弗林特	C	https://zh.wikipedia.org/wiki/弗林特_(威爾斯)	C1: station name equals the place Flint (Wikidata Q1428848, 633 m away), which has a zh.wikipedia article
station	Carlisle	-2.93305	54.89026	卡莱尔	A	https://zh.wikipedia.org/wiki/卡萊爾站	Wikidata Q2792535, 102 m from the map point
station	Pickering	-0.77845	54.24727	皮克林	C	https://zh.wikipedia.org/wiki/皮克林_(北約克郡)	C1: station name equals the place Pickering (Wikidata Q2092325, 408 m away), which has a zh.wikipedia article
station	Goathland	-0.71209	54.40059	高斯兰	B	Wikidata Q5575368 zh	Wikidata label only, no article; not checked one by one; label written in traditional characters (高斯蘭站), simplified by MediaWiki zh-cn conversion
station	Settle	-2.28083	54.06696	塞特尔	C	https://zh.wikipedia.org/wiki/塞特爾	C1: station name equals the place Settle (Wikidata Q1779508, 580 m away), which has a zh.wikipedia article
station	Catford	-0.02615	51.44447	卡特福德	C	https://zh.wikipedia.org/wiki/卡特福德	C1: station name equals the place Catford (Wikidata Q305029, 387 m away), which has a zh.wikipedia article
station	Ellesmere Port	-2.89605	53.28211	埃尔斯米尔港	C	https://zh.wikipedia.org/wiki/埃爾斯米爾港	C1: station name equals the place Ellesmere Port (Wikidata Q1011600, 352 m away), which has a zh.wikipedia article
station	Gatwick Airport	-0.16092	51.15673	盖特威克机场	A	https://zh.wikipedia.org/wiki/蓋特威克機場站	Wikidata Q1495884, 26 m from the map point
station	Hassocks	-0.14572	50.92472	哈索克斯	B	Wikidata Q2831648 zh	Wikidata label only, no article; not checked one by one
station	Islip	-1.23765	51.82616	伊斯利普	A	https://zh.wikipedia.org/wiki/伊斯利普站	Wikidata Q1847555, 30 m from the map point
station	Bicester Village	-1.14938	51.89241	比斯特村	A	https://zh.wikipedia.org/wiki/比斯特村站	Wikidata Q1873632, 98 m from the map point
station	Sloane Square	-0.15588	51.49223	斯隆广场	A	https://zh.wikipedia.org/wiki/斯隆廣場站	metro or tram stop (m=1); Wikidata Q1530578, 58 m from the map point
station	Wokingham	-0.84298	51.4119	沃金厄姆	C	https://zh.wikipedia.org/wiki/沃金厄姆	C1: station name equals the place Wokingham (Wikidata Q1000679, 296 m away), which has a zh.wikipedia article
station	Patchway	-2.56234	51.52583	帕茨韦	B	Wikidata Q2385086 zh	Wikidata label only, no article; not checked one by one
station	Yate	-2.43217	51.5414	耶特	C	https://zh.wikipedia.org/wiki/耶特	C1: station name equals the place Yate (Wikidata Q1025095, 941 m away), which has a zh.wikipedia article
station	Bicester North	-1.14978	51.90329	比斯特北	A	https://zh.wikipedia.org/wiki/比斯特北站	Wikidata Q2184930, 28 m from the map point
station	Gomshall	-0.44225	51.21924	果姆雪尔	C	https://zh.wikipedia.org/wiki/果姆雪尔	C1: station name equals the place Gomshall (Wikidata Q9274430, 446 m away), which has a zh.wikipedia article
station	Trowbridge	-2.21433	51.32001	特罗布里奇	C	https://zh.wikipedia.org/wiki/特羅布里奇	C1: station name equals the place Trowbridge (Wikidata Q265647, 510 m away), which has a zh.wikipedia article
station	Cyprus	0.06397	51.50848	塞浦路斯	A	https://zh.wikipedia.org/wiki/塞浦路斯站_(倫敦)	metro or tram stop (m=1); Wikidata Q599724, 5 m from the map point; FLAG disambiguator dropped from the title: (伦敦)
station	Wimbledon	-0.20521	51.42203	温布尔登	A	https://zh.wikipedia.org/wiki/溫布頓站	metro or tram stop (m=1); Wikidata Q801616, 120 m from the map point; zh-cn form comes from a conversion rule on the page (stored title 溫布頓站)
station	Stamford	-0.48009	52.64783	斯坦福德	C	https://zh.wikipedia.org/wiki/史丹佛_(林肯郡)	C1: station name equals the place Stamford (Wikidata Q1000662, 899 m away), which has a zh.wikipedia article
station	Mansion House	-0.09522	51.51189	市长官邸	A	https://zh.wikipedia.org/wiki/市長官邸站	metro or tram stop (m=1); Wikidata Q1477336, 85 m from the map point
station	Northolt Park	-0.35942	51.55748	诺索尔特公园	A	https://zh.wikipedia.org/wiki/诺索尔特公园站	Wikidata Q2799274, 10 m from the map point
station	North Harrow	-0.36318	51.58516	北哈罗	A	https://zh.wikipedia.org/wiki/北哈羅站	metro or tram stop (m=1); Wikidata Q645943, 50 m from the map point
station	Poole	-1.98364	50.71932	普尔	C	https://zh.wikipedia.org/wiki/普爾	C1: station name equals the place Poole (Wikidata Q203349, 296 m away), which has a zh.wikipedia article
station	Milford Haven	-5.04145	51.71577	米尔福德港	C	https://zh.wikipedia.org/wiki/米爾福德港	C1: station name equals the place Milford Haven (Wikidata Q991055, 198 m away), which has a zh.wikipedia article
station	Haverfordwest	-4.96023	51.80268	哈弗福韦斯特	C	https://zh.wikipedia.org/wiki/哈弗福韦斯特	C1: station name equals the place Haverfordwest (Wikidata Q990103, 658 m away), which has a zh.wikipedia article
station	Harrow & Wealdstone	-0.33487	51.59222	哈罗及威尔德斯通	A	https://zh.wikipedia.org/wiki/哈羅及威爾德斯通站	metro or tram stop (m=1); Wikidata Q800896, 38 m from the map point
station	Skegness	0.33452	53.14319	斯凯格内斯	C	https://zh.wikipedia.org/wiki/斯凱格內斯	C1: station name equals the place Skegness (Wikidata Q977991, 553 m away), which has a zh.wikipedia article
station	Boston	-0.03132	52.97811	波士顿	C	https://zh.wikipedia.org/wiki/波士頓_(林肯郡)	C1: station name equals the place Boston (Wikidata Q311975, 771 m away), which has a zh.wikipedia article
station	Reigate	-0.20384	51.24188	赖盖特	C	https://zh.wikipedia.org/wiki/賴蓋特	C1: station name equals the place Reigate (Wikidata Q1018418, 492 m away), which has a zh.wikipedia article
station	Pembroke	-4.90644	51.67306	彭布罗克	C	https://zh.wikipedia.org/wiki/彭布羅克_(威爾斯)	C1: station name equals the place Pembroke (Wikidata Q1762242, 726 m away), which has a zh.wikipedia article
station	Dunbar	-2.51368	55.99821	邓巴	C	https://zh.wikipedia.org/wiki/鄧巴	C1: station name equals the place Dunbar (Wikidata Q1002133, 567 m away), which has a zh.wikipedia article
station	North Ealing	-0.28875	51.51749	北伊灵	A	https://zh.wikipedia.org/wiki/北伊靈站	metro or tram stop (m=1); Wikidata Q1272075, 22 m from the map point
station	Watford North	-0.39029	51.67504	沃特福德北	C	https://zh.wikipedia.org/wiki/和福	C2: place Watford (Wikidata Q2598, 2233 m away) + fixed word 'north' = 北, as zh.wikipedia writes it in Bicester North=比斯特北, Clapham North=克拉珀姆北, Lambeth North=兰贝斯北
station	Carmarthen	-4.30576	51.85331	卡马森	C	https://zh.wikipedia.org/wiki/卡马森	C1: station name equals the place Carmarthen (Wikidata Q835835, 835 m away), which has a zh.wikipedia article
station	Alnmouth	-1.63677	55.39279	阿尔恩茅斯	B	Wikidata Q4734063 zh	Wikidata label only, no article; not checked one by one; label written in traditional characters (阿爾恩茅斯站), simplified by MediaWiki zh-cn conversion
station	Berwick-upon-Tweed	-2.01054	55.77456	特威德河畔贝里克	A	https://zh.wikipedia.org/wiki/特威德河畔貝里克站	Wikidata Q2232337, 57 m from the map point
station	Chathill	-1.70665	55.53673	查特希尔	B	Wikidata Q5087731 zh	Wikidata label only, no article; not checked one by one; label written in traditional characters (查特希爾站), simplified by MediaWiki zh-cn conversion
station	Loughborough Central	-1.19592	52.76907	拉夫伯勒中央	C	https://zh.wikipedia.org/wiki/拉夫堡	C2: place Loughborough (Wikidata Q537323, 606 m away) + fixed word 'central' = 中央, as zh.wikipedia writes it in Finchley Central=芬奇利中央, Hendon Central=亨顿中央, Acton Central=阿克顿中央
station	Kidwelly	-4.31765	51.7344	基德韦利	C	https://zh.wikipedia.org/wiki/基德韋利	C1: station name equals the place Kidwelly (Wikidata Q3395358, 756 m away), which has a zh.wikipedia article
station	Llanelli	-4.16107	51.67378	拉内利	C	https://zh.wikipedia.org/wiki/拉內利	C1: station name equals the place Llanelli (Wikidata Q990125, 1310 m away), which has a zh.wikipedia article
station	Bridgend	-3.57526	51.50711	布里真德	C	https://zh.wikipedia.org/wiki/布里真德	C1: station name equals the place Bridgend (Wikidata Q6497774, 218 m away), which has a zh.wikipedia article
station	Pontyclun	-3.39206	51.52384	旁提克伦	B	Wikidata Q2203127 zh	Wikidata label only, no article; not checked one by one
station	Aberystwyth	-4.08155	52.41389	阿伯里斯特威斯	C	https://zh.wikipedia.org/wiki/阿伯里斯特威斯	C1: station name equals the place Aberystwyth (Wikidata Q213154, 41 m away), which has a zh.wikipedia article
station	Brighton	-0.14074	50.82886	布赖顿	A	https://zh.wikipedia.org/wiki/布來頓站	Wikidata Q800573, 28 m from the map point; zh-cn form comes from a conversion rule on the page (stored title 布來頓站)
station	Newtown	-3.31148	52.51224	纽敦	C	https://zh.wikipedia.org/wiki/紐敦_(波伊斯)	C1: station name equals the place Newtown (Wikidata Q669171, 207 m away), which has a zh.wikipedia article
station	Preston Park	-0.15534	50.84601	普雷斯顿公园	B	Wikidata Q2337400 zh	Wikidata label only, no article; not checked one by one; label written in traditional characters (普雷斯頓公園站), simplified by MediaWiki zh-cn conversion
station	Hatton	-1.6729	52.2952	哈顿	A	https://zh.wikipedia.org/wiki/哈顿站	Wikidata Q13528205, 7 m from the map point
station	Solihull	-1.78887	52.41463	索利赫尔	C	https://zh.wikipedia.org/wiki/索利赫爾	C1: station name equals the place Solihull (Wikidata Q397343, 1160 m away), which has a zh.wikipedia article
station	Birmingham Snow Hill	-1.89966	52.4838	伯明翰雪山	B	Wikidata Q3280363 zh	Wikidata label only, no article; not checked one by one; principal station, checked 2026-10-10: its en.wikipedia page has no Chinese language link and a zh.wikipedia search for the English name finds no station article
station	Rugby	-1.25027	52.37904	拉格比	C	https://zh.wikipedia.org/wiki/拉格比	C1: station name equals the place Rugby (Wikidata Q623765, 1204 m away), which has a zh.wikipedia article
station	Watford High Street	-0.3925	51.65223	沃特福德高街	A	https://zh.wikipedia.org/wiki/沃特福德高街站	Wikidata Q19898, 63 m from the map point
station	Monks Risborough	-0.82932	51.73582	蒙克斯里斯伯勒	A	https://zh.wikipedia.org/wiki/蒙克斯里斯伯勒站	Wikidata Q925646, 30 m from the map point
station	Haddenham and Thame Parkway	-0.94207	51.77093	哈登纳姆及泰姆公园大道	A	https://zh.wikipedia.org/wiki/哈登纳姆及泰姆公园大道站	Wikidata Q2848978, 37 m from the map point
station	Saunderton	-0.82537	51.6759	桑德顿	A	https://zh.wikipedia.org/wiki/桑德顿站	Wikidata Q2740928, 28 m from the map point
station	Gerrards Cross	-0.55493	51.58879	杰拉德十字	A	https://zh.wikipedia.org/wiki/杰拉德十字站	Wikidata Q2412080, 24 m from the map point
station	Denham Golf Club	-0.51819	51.58062	丹纳姆高尔夫俱乐部	A	https://zh.wikipedia.org/wiki/丹纳姆高尔夫俱乐部站	Wikidata Q2521362, 44 m from the map point
station	Denham	-0.49752	51.57872	丹纳姆	A	https://zh.wikipedia.org/wiki/丹纳姆站	Wikidata Q2780894, 48 m from the map point
station	Ruislip Gardens	-0.41046	51.56066	赖斯利普花园	A	https://zh.wikipedia.org/wiki/雷士廉花園站	metro or tram stop (m=1); Wikidata Q1718915, 28 m from the map point; zh-cn form comes from a conversion rule on the page (stored title 雷士廉花園站)
station	Tipton	-2.06573	52.53053	提普顿	C	https://zh.wikipedia.org/wiki/提普頓	C1: station name equals the place Tipton (Wikidata Q1684337, 818 m away), which has a zh.wikipedia article
station	Wendover	-0.74769	51.76182	温多弗	A	https://zh.wikipedia.org/wiki/温多弗站	Wikidata Q2751439, 52 m from the map point
station	Great Missenden	-0.70925	51.70339	大米森登	A	https://zh.wikipedia.org/wiki/大米森登站	Wikidata Q1843842, 70 m from the map point
station	South Kenton	-0.30837	51.57008	南肯顿	A	https://zh.wikipedia.org/wiki/南肯頓站	metro or tram stop (m=1); Wikidata Q801454, 9 m from the map point
station	North Wembley	-0.30387	51.5624	北温布利	A	https://zh.wikipedia.org/wiki/北溫布利站	metro or tram stop (m=1); Wikidata Q730267, 29 m from the map point
station	Alsager	-2.29884	53.09303	奥萨格	C	https://zh.wikipedia.org/wiki/奧薩格	C1: station name equals the place Alsager (Wikidata Q2388660, 524 m away), which has a zh.wikipedia article
station	Barnt Green	-1.9925	52.36097	巴恩格林	B	Wikidata Q2658226 zh	Wikidata label only, no article; not checked one by one
station	Hastings	0.57683	50.8583	黑斯廷斯	C	https://zh.wikipedia.org/wiki/黑斯廷斯	C1: station name equals the place Hastings (Wikidata Q29245, 586 m away), which has a zh.wikipedia article
station	Weston-super-Mare	-2.97183	51.3445	滨海韦斯顿	C	https://zh.wikipedia.org/wiki/濱海韋斯頓	C1: station name equals the place Weston-super-Mare (Wikidata Q845623, 566 m away), which has a zh.wikipedia article
station	Exmouth	-3.41497	50.62159	埃克斯茅斯	C	https://zh.wikipedia.org/wiki/埃克斯茅斯	C1: station name equals the place Exmouth (Wikidata Q1007093, 225 m away), which has a zh.wikipedia article
station	Hagley	-2.14654	52.42243	哈格利	C	https://zh.wikipedia.org/wiki/哈格利	C1: station name equals the place Hagley (Wikidata Q1009859, 1989 m away), which has a zh.wikipedia article
station	Stourbridge Junction	-2.13403	52.44762	斯陶尔布里奇交汇	C	https://zh.wikipedia.org/wiki/史度橋	C2: place Stourbridge (Wikidata Q661707, 1494 m away) + fixed word 'junction' = 交汇, as zh.wikipedia writes it in Dalston Junction=达尔斯顿交汇, Watford Junction=沃特福德交汇, Clapham Junction=克拉珀姆交汇
station	Bewdley	-2.30666	52.37576	比尤德利	C	https://zh.wikipedia.org/wiki/比尤德利	C1: station name equals the place Bewdley (Wikidata Q766594, 654 m away), which has a zh.wikipedia article
station	Inverness	-4.22271	57.48023	因弗内斯	A	https://zh.wikipedia.org/wiki/印威內斯站	Wikidata Q800959, 31 m from the map point; zh-cn form comes from a conversion rule on the page (stored title 印威內斯站)
station	Sudbury Hill Harrow	-0.33618	51.55855	萨德伯里山哈罗	A	https://zh.wikipedia.org/wiki/萨德伯里山哈罗站	Wikidata Q941324, 47 m from the map point
station	Stroud	-2.21924	51.74453	斯特劳德	C	https://zh.wikipedia.org/wiki/斯特勞德	C1: station name equals the place Stroud (Wikidata Q281749, 295 m away), which has a zh.wikipedia article
station	Cathays	-3.17893	51.4889	凯西斯	B	Wikidata Q2300730 zh	Wikidata label only, no article; not checked one by one
station	Llandaf	-3.22925	51.5085	兰达夫	B	Wikidata Q2253187 zh	Wikidata label only, no article; not checked one by one
station	Tooting Bec	-0.15972	51.43562	图厅贝克	A	https://zh.wikipedia.org/wiki/圖廳貝克站	metro or tram stop (m=1); Wikidata Q1424421, 25 m from the map point
station	Burley Park	-1.57785	53.81206	布利公园	B	Wikidata Q3298380 zh	Wikidata label only, no article; not checked one by one; label written in traditional characters (布利公園站), simplified by MediaWiki zh-cn conversion
station	Clapham North	-0.12964	51.4653	克拉珀姆北	A	https://zh.wikipedia.org/wiki/克拉珀姆北站	metro or tram stop (m=1); Wikidata Q1095082, 42 m from the map point
station	Oval	-0.1124	51.48183	椭圆	A	https://zh.wikipedia.org/wiki/橢圓站	metro or tram stop (m=1); Wikidata Q426804, 14 m from the map point
station	Kennington	-0.10588	51.48829	肯宁顿	A	https://zh.wikipedia.org/wiki/肯寧頓站	metro or tram stop (m=1); Wikidata Q1738951, 42 m from the map point
station	Cupar	-3.00896	56.3172	库珀	C	https://zh.wikipedia.org/wiki/庫珀_(蘇格蘭)	C1: station name equals the place Cupar (Wikidata Q1012047, 292 m away), which has a zh.wikipedia article
station	Inverurie	-2.37348	57.28641	因弗鲁里	C	https://zh.wikipedia.org/wiki/因弗鲁里	C1: station name equals the place Inverurie (Wikidata Q1017537, 261 m away), which has a zh.wikipedia article
station	Huntly	-2.77573	57.44451	亨特利	C	https://zh.wikipedia.org/wiki/亨特利	C1: station name equals the place Huntly (Wikidata Q1016931, 762 m away), which has a zh.wikipedia article
station	Woodside	-0.06534	51.38708	伍德赛德	B	Wikidata Q8033361 zh	metro or tram stop (m=1); Wikidata label only, no article; not checked one by one; label written in traditional characters (伍德賽德電車站), simplified by MediaWiki zh-cn conversion
station	Blackhorse Lane	-0.07022	51.38499	黑马径	B	Wikidata Q4923016 zh	metro or tram stop (m=1); Wikidata label only, no article; not checked one by one; label written in traditional characters (黑馬徑電車站), simplified by MediaWiki zh-cn conversion
station	Dalston Junction	-0.07497	51.54528	达尔斯顿交汇	A	https://zh.wikipedia.org/wiki/達爾斯頓交匯站	Wikidata Q800651, 20 m from the map point
station	Hinckley	-1.37111	52.53517	欣克利	C	https://zh.wikipedia.org/wiki/欣克利	C1: station name equals the place Hinckley (Wikidata Q1020362, 689 m away), which has a zh.wikipedia article
station	Gravel Hill	-0.04292	51.35457	砾石山	B	Wikidata Q5597828 zh	metro or tram stop (m=1); Wikidata label only, no article; not checked one by one; label written in traditional characters (礫石山電車站), simplified by MediaWiki zh-cn conversion
station	Sale	-2.31914	53.42415	塞尔	C	https://zh.wikipedia.org/wiki/塞爾_(英國)	metro or tram stop (m=1); C1: station name equals the place Sale (Wikidata Q1022733, 190 m away), which has a zh.wikipedia article
station	Darwen	-2.46427	53.69794	达温	C	https://zh.wikipedia.org/wiki/達溫	C1: station name equals the place Darwen (Wikidata Q1166842, 216 m away), which has a zh.wikipedia article
station	Kearsley	-2.37549	53.54452	克斯利	C	https://zh.wikipedia.org/wiki/克斯利	C1: station name equals the place Kearsley (Wikidata Q3814209, 1657 m away), which has a zh.wikipedia article
station	North Dulwich	-0.08833	51.45418	北达利奇	C	https://zh.wikipedia.org/wiki/达利奇	C2: place Dulwich (Wikidata Q146766, 1189 m away) + fixed word 'north' = 北, as zh.wikipedia writes it in North Harrow=北哈罗, North Ealing=北伊灵, North Wembley=北温布利
station	Port Glasgow	-4.69048	55.93353	格拉斯哥港	C	https://zh.wikipedia.org/wiki/格拉斯哥港	C1: station name equals the place Port Glasgow (Wikidata Q1786145, 721 m away), which has a zh.wikipedia article
station	Paisley Gilmour Street	-4.42428	55.84739	佩斯利吉尔莫街	A	https://zh.wikipedia.org/wiki/佩斯利吉爾莫街站	Wikidata Q2549824, 8 m from the map point
station	Stretford	-2.30377	53.44604	斯特雷特福德	C	https://zh.wikipedia.org/wiki/斯特雷特福德	metro or tram stop (m=1); C1: station name equals the place Stretford (Wikidata Q374458, 328 m away), which has a zh.wikipedia article
station	Wick	-3.09853	58.44174	维克	A	https://zh.wikipedia.org/wiki/維克車站	Wikidata Q2784062, 103 m from the map point
station	Thurso	-3.52787	58.58974	瑟索	A	https://zh.wikipedia.org/wiki/瑟索站	Wikidata Q2551015, 41 m from the map point
station	Mitcham	-0.17115	51.39753	米彻姆	C	https://zh.wikipedia.org/wiki/米彻姆	metro or tram stop (m=1); C1: station name equals the place Mitcham (Wikidata Q687798, 1402 m away), which has a zh.wikipedia article
station	Beddington Lane	-0.14285	51.38946	贝丁顿径	B	Wikidata Q4879025 zh	metro or tram stop (m=1); Wikidata label only, no article; not checked one by one; label written in traditional characters (貝丁頓徑電車站), simplified by MediaWiki zh-cn conversion
station	Therapia Lane	-0.12909	51.3857	治疗径	B	Wikidata Q7782528 zh	metro or tram stop (m=1); Wikidata label only, no article; not checked one by one; label written in traditional characters (治療徑電車站), simplified by MediaWiki zh-cn conversion
station	Ampere Way	-0.12369	51.38236	安培路	B	Wikidata Q4748124 zh	metro or tram stop (m=1); Wikidata label only, no article; not checked one by one; label written in traditional characters (安培路電車站), simplified by MediaWiki zh-cn conversion
station	Waddon Marsh	-0.11783	51.377	屈顿沼泽	B	Wikidata Q7959003 zh	metro or tram stop (m=1); Wikidata label only, no article; not checked one by one; label written in traditional characters (屈頓沼澤電車站), simplified by MediaWiki zh-cn conversion
station	Wandle Park	-0.11336	51.37348	云铎公园	B	Wikidata Q7967268 zh	metro or tram stop (m=1); Wikidata label only, no article; not checked one by one; label written in traditional characters (雲鐸公園電車站), simplified by MediaWiki zh-cn conversion
station	Walthamstow Queen's Road	-0.02376	51.58152	沃尔瑟姆斯托女王路	A	https://zh.wikipedia.org/wiki/沃爾瑟姆斯托女王路站	Wikidata Q2546520, 26 m from the map point
station	Warrington Bank Quay	-2.60318	53.38594	沃灵顿银行码头	B	Wikidata Q2641986 zh	Wikidata label only, no article; not checked one by one; principal station, checked 2026-10-10: its en.wikipedia page has no Chinese language link and a zh.wikipedia search for the English name finds no station article
station	St. James's Park	-0.13459	51.49928	圣詹姆斯公园	A	https://zh.wikipedia.org/wiki/聖詹姆斯公園站	metro or tram stop (m=1); Wikidata Q1567095, 19 m from the map point
station	Iver	-0.50681	51.50861	艾弗	A	https://zh.wikipedia.org/wiki/艾弗站	Wikidata Q6098724, 45 m from the map point
station	Westminster	-0.12493	51.50136	威斯敏斯特	A	https://zh.wikipedia.org/wiki/西敏站	metro or tram stop (m=1); Wikidata Q1135834, 36 m from the map point; zh-cn form comes from a conversion rule on the page (stored title 西敏站)
station	Felixstowe	1.34981	51.96702	费利克斯托	C	https://zh.wikipedia.org/wiki/费利克斯托	C1: station name equals the place Felixstowe (Wikidata Q1000656, 365 m away), which has a zh.wikipedia article
station	Teignmouth	-3.49468	50.54816	廷茅斯	C	https://zh.wikipedia.org/wiki/廷茅斯	C1: station name equals the place Teignmouth (Wikidata Q531311, 105 m away), which has a zh.wikipedia article
station	Keynsham	-2.49588	51.41807	凯恩舍姆	C	https://zh.wikipedia.org/wiki/凱恩舍姆	C1: station name equals the place Keynsham (Wikidata Q691761, 513 m away), which has a zh.wikipedia article
station	Aberdour	-3.30098	56.05476	阿伯道尔	C	https://zh.wikipedia.org/wiki/阿伯道爾	C1: station name equals the place Aberdour (Wikidata Q2014221, 229 m away), which has a zh.wikipedia article
station	Glenrothes with Thornton	-3.14293	56.16229	格伦罗西斯和桑顿	B	Wikidata Q1971591 zh	Wikidata label only, no article; not checked one by one; label written in traditional characters (格倫羅西斯和桑頓站), simplified by MediaWiki zh-cn conversion
station	Lochgelly	-3.31348	56.1349	洛赫盖利	C	https://zh.wikipedia.org/wiki/洛赫盖利	C1: station name equals the place Lochgelly (Wikidata Q3835992, 760 m away), which has a zh.wikipedia article
station	Cowdenbeath	-3.34329	56.11165	考登比斯	B	Wikidata Q2677829 zh-hans	Wikidata label only, no article; not checked one by one
station	Rosyth	-3.42633	56.04538	罗塞斯	C	https://zh.wikipedia.org/wiki/羅塞斯	C1: station name equals the place Rosyth (Wikidata Q376329, 1332 m away), which has a zh.wikipedia article
station	Mitcham Junction	-0.15713	51.39263	米彻姆交汇	C	https://zh.wikipedia.org/wiki/米彻姆	metro or tram stop (m=1); C2: place Mitcham (Wikidata Q687798, 995 m away) + fixed word 'junction' = 交汇, as zh.wikipedia writes it in Dalston Junction=达尔斯顿交汇, Watford Junction=沃特福德交汇, Clapham Junction=克拉珀姆交汇
station	Dingwall	-4.4222	57.5942	丁沃尔	C	https://zh.wikipedia.org/wiki/丁沃尔	C1: station name equals the place Dingwall (Wikidata Q1011416, 473 m away), which has a zh.wikipedia article
station	Alness	-4.24995	57.69443	阿尔内斯	C	https://zh.wikipedia.org/wiki/阿尔内斯_(苏格兰)	C1: station name equals the place Alness (Wikidata Q582452, 483 m away), which has a zh.wikipedia article
station	Invergordon	-4.17426	57.68908	因弗戈登	C	https://zh.wikipedia.org/wiki/因弗戈登	C1: station name equals the place Invergordon (Wikidata Q1011677, 330 m away), which has a zh.wikipedia article
station	Tain	-4.05213	57.81449	泰恩	C	https://zh.wikipedia.org/wiki/泰恩	C1: station name equals the place Tain (Wikidata Q1020220, 404 m away), which has a zh.wikipedia article
station	Lairg	-4.39987	58.00189	莱尔格	C	https://zh.wikipedia.org/wiki/萊爾格	C1: station name equals the place Lairg (Wikidata Q1800753, 2016 m away), which has a zh.wikipedia article
station	Brora	-3.85234	58.01314	布罗拉	C	https://zh.wikipedia.org/wiki/布罗拉	C1: station name equals the place Brora (Wikidata Q990677, 376 m away), which has a zh.wikipedia article
station	Helmsdale	-3.65915	58.11773	赫尔姆斯代尔	B	Wikidata Q2412149 zh	Wikidata label only, no article; not checked one by one; label written in traditional characters (赫爾姆斯代爾火車站), simplified by MediaWiki zh-cn conversion
station	Kyle of Lochalsh	-5.71387	57.28021	洛哈尔什凯尔	C	https://zh.wikipedia.org/wiki/洛哈爾什凱爾	C1: station name equals the place Kyle of Lochalsh (Wikidata Q939913, 165 m away), which has a zh.wikipedia article
station	Elgin	-3.31114	57.64279	埃尔金	C	https://zh.wikipedia.org/wiki/埃爾金_(蘇格蘭)	C1: station name equals the place Elgin (Wikidata Q841074, 470 m away), which has a zh.wikipedia article
station	Linlithgow	-3.59579	55.97639	林利斯戈	C	https://zh.wikipedia.org/wiki/林利斯戈	C1: station name equals the place Linlithgow (Wikidata Q1016911, 928 m away), which has a zh.wikipedia article
station	Fort William	-5.10531	56.82056	威廉堡	C	https://zh.wikipedia.org/wiki/威廉堡_(苏格兰)	C1: station name equals the place Fort William (Wikidata Q848909, 484 m away), which has a zh.wikipedia article
station	Bearsden	-4.3326	55.91694	拜尔斯顿	C	https://zh.wikipedia.org/wiki/拜尔斯顿	C1: station name equals the place Bearsden (Wikidata Q1908426, 259 m away), which has a zh.wikipedia article
station	Cardross	-4.65297	55.96024	卡德罗斯	A	https://zh.wikipedia.org/wiki/卡德罗斯站	Wikidata Q5038794, 18 m from the map point
station	Brixton	-0.11471	51.46261	布里克斯顿	A	https://zh.wikipedia.org/wiki/布里克斯頓站	metro or tram stop (m=1); Wikidata Q117586, 26 m from the map point
station	Morley	-1.58916	53.75059	莫利	C	https://zh.wikipedia.org/wiki/莫利_(西約克郡)	C1: station name equals the place Morley (Wikidata Q1021179, 877 m away), which has a zh.wikipedia article
station	Dumfries	-3.60445	55.0727	邓弗里斯	C	https://zh.wikipedia.org/wiki/鄧弗里斯	C1: station name equals the place Dumfries (Wikidata Q652035, 1028 m away), which has a zh.wikipedia article
station	Troon	-4.65552	55.54274	特伦	C	https://zh.wikipedia.org/wiki/特伦_(苏格兰)	C1: station name equals the place Troon (Wikidata Q1021167, 416 m away), which has a zh.wikipedia article
station	Kilmarnock	-4.49941	55.61256	基尔马诺克	C	https://zh.wikipedia.org/wiki/基爾馬諾克	C1: station name equals the place Kilmarnock (Wikidata Q576562, 328 m away), which has a zh.wikipedia article
station	Helensburgh Central	-4.73157	56.00385	海伦斯堡中央	C	https://zh.wikipedia.org/wiki/海倫斯堡	C2: place Helensburgh (Wikidata Q1007088, 352 m away) + fixed word 'central' = 中央, as zh.wikipedia writes it in Finchley Central=芬奇利中央, Hendon Central=亨顿中央, Acton Central=阿克顿中央
station	Kelvinbridge	-4.27973	55.87428	开尔文桥	A	https://zh.wikipedia.org/wiki/開爾文橋站	metro or tram stop (m=1); Wikidata Q1804645, 8 m from the map point
station	Forsinard	-3.89696	58.35686	福西纳德	A	https://zh.wikipedia.org/wiki/福西納德站	Wikidata Q2136732, 11 m from the map point
station	St. Helier	-0.19886	51.38945	圣赫利尔	C	https://zh.wikipedia.org/wiki/聖赫利爾_(倫敦)	C1: station name equals the place St Helier (Wikidata Q7593365, 1308 m away), which has a zh.wikipedia article
station	Ramsbottom	-2.31466	53.64735	拉姆斯博顿	C	https://zh.wikipedia.org/wiki/藍斯波頓	C1: station name equals the place Ramsbottom (Wikidata Q2736093, 188 m away), which has a zh.wikipedia article
station	Neston	-3.063	53.29175	内斯顿	C	https://zh.wikipedia.org/wiki/內斯頓	C1: station name equals the place Neston (Wikidata Q925760, 239 m away), which has a zh.wikipedia article
station	Llanfairpwll	-4.20936	53.22087	兰韦尔普尔	A	https://zh.wikipedia.org/wiki/蘭韋爾普爾站	Wikidata Q2528020, 28 m from the map point
station	Sleaford	-0.41016	52.99552	斯利福德	C	https://zh.wikipedia.org/wiki/斯利福德	C1: station name equals the place Sleaford (Wikidata Q1891939, 198 m away), which has a zh.wikipedia article
station	South Gyle	-3.29937	55.93651	南盖尔	A	https://zh.wikipedia.org/wiki/南蓋爾站	Wikidata Q1825568, 29 m from the map point
station	Faversham	0.89066	51.31165	法弗舍姆	C	https://zh.wikipedia.org/wiki/法弗舍姆	C1: station name equals the place Faversham (Wikidata Q1000115, 690 m away), which has a zh.wikipedia article
station	Burnham	-0.64708	51.52339	伯纳姆	A	https://zh.wikipedia.org/wiki/柏南站	Wikidata Q1999740, 101 m from the map point; zh-cn form comes from a conversion rule on the page (stored title 柏南站)
station	Greenock Central	-4.75188	55.94521	格里诺克中央	C	https://zh.wikipedia.org/wiki/格里诺克	C2: place Greenock (Wikidata Q217831, 1065 m away) + fixed word 'central' = 中央, as zh.wikipedia writes it in Finchley Central=芬奇利中央, Hendon Central=亨顿中央, Acton Central=阿克顿中央
station	Argyle Street	-4.25058	55.85762	亚皆老街	B	Wikidata Q1892512 zh	Wikidata label only, no article; not checked one by one; label written in traditional characters (亞皆老街站), simplified by MediaWiki zh-cn conversion
station	Harlech	-4.10927	52.86176	哈莱克	B	Wikidata Q1855684 zh	Wikidata label only, no article; not checked one by one; label written in traditional characters (哈萊克車站), simplified by MediaWiki zh-cn conversion
station	Ivybridge	-3.90518	50.39351	伊夫布里奇	C	https://zh.wikipedia.org/wiki/伊夫布里奇	C1: station name equals the place Ivybridge (Wikidata Q1018121, 1230 m away), which has a zh.wikipedia article
station	Torquay	-3.54303	50.46105	托基	C	https://zh.wikipedia.org/wiki/托基	C1: station name equals the place Torquay (Wikidata Q209055, 1073 m away), which has a zh.wikipedia article
station	Walsall	-1.98527	52.58414	沃尔索尔	C	https://zh.wikipedia.org/wiki/沃爾索爾	C1: station name equals the place Walsall (Wikidata Q504530, 583 m away), which has a zh.wikipedia article
station	Carnforth	-2.77149	54.12962	康福斯	C	https://zh.wikipedia.org/wiki/康福斯	C1: station name equals the place Carnforth (Wikidata Q578024, 819 m away), which has a zh.wikipedia article
station	Govan	-4.3106	55.86225	加文	C	https://zh.wikipedia.org/wiki/加文	metro or tram stop (m=1); C1: station name equals the place Govan (Wikidata Q1414040, 166 m away), which has a zh.wikipedia article
station	Bodiam	0.53899	50.99665	博迪恩	B	Wikidata Q4936557 zh-cn	Wikidata label only, no article; not checked one by one
station	Hythe	1.07196	51.07127	海斯	C	https://zh.wikipedia.org/wiki/海斯	C1: station name equals the place Hythe (Wikidata Q967166, 843 m away), which has a zh.wikipedia article
station	Queenborough	0.74977	51.41595	昆伯勒	C	https://zh.wikipedia.org/wiki/昆伯勒	C1: station name equals the place Queenborough (Wikidata Q587299, 422 m away), which has a zh.wikipedia article
station	Sheerness-on-Sea	0.75832	51.44071	施尔尼斯海滨	B	Wikidata Q7492505 zh	Wikidata label only, no article; not checked one by one
station	St Enoch	-4.25519	55.85754	圣以诺	A	https://zh.wikipedia.org/wiki/聖以諾站	metro or tram stop (m=1); Wikidata Q7593034, 97 m from the map point
station	Burnley Central	-2.24479	53.79355	伯恩利中央	C	https://zh.wikipedia.org/wiki/伯恩利	C2: place Burnley (Wikidata Q209096, 562 m away) + fixed word 'central' = 中央, as zh.wikipedia writes it in Finchley Central=芬奇利中央, Hendon Central=亨顿中央, Acton Central=阿克顿中央
station	Nelson	-2.21426	53.83472	尼尔森	C	https://zh.wikipedia.org/wiki/尼爾森_(蘭開夏郡)	C1: station name equals the place Nelson (Wikidata Q1857774, 246 m away), which has a zh.wikipedia article
station	Redcar East	-1.05192	54.60905	雷德卡东	C	https://zh.wikipedia.org/wiki/雷德卡	C2: place Redcar (Wikidata Q1193749, 1507 m away) + fixed word 'east' = 东, as zh.wikipedia writes it in Aldgate East=阿尔德门东, Hounslow East=豪恩斯洛东, Dagenham East=达格纳姆东
station	Worthing	-0.37618	50.81864	沃辛	C	https://zh.wikipedia.org/wiki/沃辛	C1: station name equals the place Worthing (Wikidata Q671348, 552 m away), which has a zh.wikipedia article
station	Blackhorse Road	-0.04165	51.58672	黑马路	A	https://zh.wikipedia.org/wiki/黑馬路站	metro or tram stop (m=1); Wikidata Q800541, 31 m from the map point
station	Southport	-3.00283	53.64687	绍斯波特	C	https://zh.wikipedia.org/wiki/修夫港	C1: station name equals the place Southport (Wikidata Q868647, 345 m away), which has a zh.wikipedia article
station	Taplow	-0.68173	51.52344	塔普洛	A	https://zh.wikipedia.org/wiki/塔普洛站	Wikidata Q4330307, 80 m from the map point
station	Higham	0.46602	51.42695	海厄姆	C	https://zh.wikipedia.org/wiki/海厄姆	C1: station name equals the place Higham (Wikidata Q2336499, 1347 m away), which has a zh.wikipedia article
station	West Worthing	-0.39335	50.81837	西沃辛	C	https://zh.wikipedia.org/wiki/沃辛	C2: place Worthing (Wikidata Q671348, 1598 m away) + fixed word 'west' = 西, as zh.wikipedia writes it in West Croydon=西克罗伊登, West Croydon=西克罗伊登, West Finchley=西芬奇利
station	Wigan Wallgate	-2.63424	53.54506	维根沃尔盖特	A	https://zh.wikipedia.org/wiki/維根沃爾蓋特站	Wikidata Q7999554, 29 m from the map point; FLAG wording: the title is in Hong Kong or Taiwan wording and the page gives no mainland form
station	Wishaw	-3.92631	55.7722	威肖	C	https://zh.wikipedia.org/wiki/威肖	C1: station name equals the place Wishaw (Wikidata Q2305226, 545 m away), which has a zh.wikipedia article
station	Cambuslang	-4.17302	55.81945	坎伯斯朗	C	https://zh.wikipedia.org/wiki/坎伯斯朗	C1: station name equals the place Cambuslang (Wikidata Q1018505, 1330 m away), which has a zh.wikipedia article
station	Hamilton West	-4.05549	55.77936	哈密尔顿西	C	https://zh.wikipedia.org/wiki/漢密爾頓_(南拉納克郡)	C2: place Hamilton (Wikidata Q4131, 1065 m away) + fixed word 'west' = 西, as zh.wikipedia writes it in Penge West=彭奇西, Hounslow West=豪恩斯洛西, Kentish Town West=肯蒂什镇西
station	Blantyre	-4.08688	55.7973	布兰太尔	C	https://zh.wikipedia.org/wiki/布兰太尔_(南拉纳克郡)	C1: station name equals the place Blantyre (Wikidata Q881708, 519 m away), which has a zh.wikipedia article
station	Johnstone	-4.50309	55.83428	约翰斯通	C	https://zh.wikipedia.org/wiki/约翰斯通	C1: station name equals the place Johnstone (Wikidata Q2240072, 220 m away), which has a zh.wikipedia article
station	Rainhill	-2.76629	53.41721	雨山	C	https://zh.wikipedia.org/wiki/雨山_(英國)	C1: station name equals the place Rainhill (Wikidata Q2429969, 303 m away), which has a zh.wikipedia article
station	Kirkby	-2.90281	53.48639	柯比	B	Wikidata Q2638933 zh	Wikidata label only, no article; not checked one by one; label written in traditional characters (柯比火車站), simplified by MediaWiki zh-cn conversion
station	Aintree	-2.95633	53.47381	安特里	C	https://zh.wikipedia.org/wiki/安特里	C1: station name equals the place Aintree (Wikidata Q406146, 1401 m away), which has a zh.wikipedia article
station	Formby	-3.07092	53.55432	福姆比	C	https://zh.wikipedia.org/wiki/福姆比	C1: station name equals the place Formby (Wikidata Q2569221, 556 m away), which has a zh.wikipedia article
station	Maybole	-4.68538	55.35465	梅博尔	C	https://zh.wikipedia.org/wiki/梅博尔	C1: station name equals the place Maybole (Wikidata Q603616, 247 m away), which has a zh.wikipedia article
station	Girvan	-4.84808	55.24628	格文	C	https://zh.wikipedia.org/wiki/格文	C1: station name equals the place Girvan (Wikidata Q1011787, 1035 m away), which has a zh.wikipedia article
station	Stranraer	-5.02469	54.90928	斯特兰拉尔	C	https://zh.wikipedia.org/wiki/斯特蘭拉爾	C1: station name equals the place Stranraer (Wikidata Q1001935, 1099 m away), which has a zh.wikipedia article
station	Morecambe	-2.86855	54.07033	莫克姆	C	https://zh.wikipedia.org/wiki/莫克姆	C1: station name equals the place Morecambe (Wikidata Q985279, 1279 m away), which has a zh.wikipedia article
station	Greenock West	-4.76776	55.9472	格里诺克西	C	https://zh.wikipedia.org/wiki/格里诺克	C2: place Greenock (Wikidata Q217831, 319 m away) + fixed word 'west' = 西, as zh.wikipedia writes it in Penge West=彭奇西, Hounslow West=豪恩斯洛西, Kentish Town West=肯蒂什镇西
station	Wemyss Bay	-4.88931	55.87626	威姆斯湾	C	https://zh.wikipedia.org/wiki/威姆斯湾	C1: station name equals the place Wemyss Bay (Wikidata Q1011545, 874 m away), which has a zh.wikipedia article
station	Penryn	-5.11151	50.17058	彭林	C	https://zh.wikipedia.org/wiki/彭林_(康沃爾郡)	C1: station name equals the place Penryn (Wikidata Q1025788, 367 m away), which has a zh.wikipedia article
station	Saltash	-4.20915	50.4072	索尔塔什	C	https://zh.wikipedia.org/wiki/索爾塔什	C1: station name equals the place Saltash (Wikidata Q1994597, 221 m away), which has a zh.wikipedia article
station	Dingle Road	-3.17982	51.43992	丁格路	B	Wikidata Q2724332 zh	Wikidata label only, no article; not checked one by one
station	Cogan	-3.18905	51.44616	科根	B	Wikidata Q2470011 zh	Wikidata label only, no article; not checked one by one
station	Eastbrook	-3.20626	51.43784	东布鲁克	B	Wikidata Q3401825 zh	Wikidata label only, no article; not checked one by one
station	Dinas Powys	-3.21907	51.43127	迪纳斯波伊斯	B	Wikidata Q2433033 zh	Wikidata label only, no article; not checked one by one
station	Cardiff Bay	-3.16678	51.46764	卡迪夫湾	B	Wikidata Q2665080 zh	Wikidata label only, no article; not checked one by one
station	Romford	0.18261	51.57473	罗姆福德	A	https://zh.wikipedia.org/wiki/羅姆福德站	Wikidata Q2299776, 20 m from the map point
station	Taffs Well	-3.26388	51.54125	塔夫斯井	B	Wikidata Q2090331 zh	Wikidata label only, no article; not checked one by one
station	Treforest Estate	-3.29024	51.56816	崔佛瑞遗产	B	Wikidata Q2531139 zh	Wikidata label only, no article; not checked one by one
station	Fort Matilda	-4.79521	55.95892	马蒂达堡	B	Wikidata Q5471606 zh	Wikidata label only, no article; not checked one by one; label written in traditional characters (馬蒂達堡火車站), simplified by MediaWiki zh-cn conversion
station	Stratford-upon-Avon	-1.7163	52.19494	埃文河畔斯特拉特福	A	https://zh.wikipedia.org/wiki/埃文河畔斯特拉特福站	Wikidata Q1941516, 107 m from the map point
station	Radyr	-3.24903	51.51659	莱达尔	B	Wikidata Q2433998 zh	Wikidata label only, no article; not checked one by one
station	Crediton	-3.64674	50.78332	克雷迪顿	C	https://zh.wikipedia.org/wiki/克雷迪頓	C1: station name equals the place Crediton (Wikidata Q1139440, 1063 m away), which has a zh.wikipedia article
station	Okehampton	-3.99642	50.73233	奥克汉普顿	C	https://zh.wikipedia.org/wiki/奧克漢普頓	C1: station name equals the place Okehampton (Wikidata Q1234883, 901 m away), which has a zh.wikipedia article
station	Looe	-4.45639	50.35956	卢港	C	https://zh.wikipedia.org/wiki/盧港	C1: station name equals the place Looe (Wikidata Q1024896, 696 m away), which has a zh.wikipedia article
station	Maesteg	-3.65497	51.60968	迈斯泰格	C	https://zh.wikipedia.org/wiki/邁斯泰格	C1: station name equals the place Maesteg (Wikidata Q2243637, 345 m away), which has a zh.wikipedia article
station	Swanage	-1.96025	50.60997	斯沃尼奇	C	https://zh.wikipedia.org/wiki/斯沃尼奇	C1: station name equals the place Swanage (Wikidata Q1009298, 18 m away), which has a zh.wikipedia article
station	Clapham South	-0.14755	51.45284	克拉珀姆南	A	https://zh.wikipedia.org/wiki/克拉珀姆南站	metro or tram stop (m=1); Wikidata Q1095083, 26 m from the map point
station	Balham	-0.1529	51.44339	巴勒姆	A	https://zh.wikipedia.org/wiki/巴勒姆站	metro or tram stop (m=1); Wikidata Q579345, 20 m from the map point
station	Tooting Broadway	-0.16829	51.42774	图厅大道	A	https://zh.wikipedia.org/wiki/圖廳大道站	metro or tram stop (m=1); Wikidata Q685100, 25 m from the map point
station	Colliers Wood	-0.17786	51.41827	科利尔斯伍德	A	https://zh.wikipedia.org/wiki/科利爾斯伍德站	metro or tram stop (m=1); Wikidata Q1109527, 12 m from the map point
station	South Wimbledon	-0.19225	51.41538	南温布尔登	A	https://zh.wikipedia.org/wiki/南溫布頓站	metro or tram stop (m=1); Wikidata Q1974760, 17 m from the map point; zh-cn form comes from a conversion rule on the page (stored title 南溫布頓站)
station	Redbridge	0.04541	51.57632	雷德布里奇	A	https://zh.wikipedia.org/wiki/紅橋站_(倫敦)	metro or tram stop (m=1); Wikidata Q1974732, 25 m from the map point; FLAG disambiguator dropped from the title: (伦敦); zh-cn form comes from a conversion rule on the page (stored title 紅橋站 (倫敦))
station	Glossop	-1.95002	53.44481	格洛瑟普	C	https://zh.wikipedia.org/wiki/格洛瑟普	C1: station name equals the place Glossop (Wikidata Q383912, 164 m away), which has a zh.wikipedia article
station	Hyde Central	-2.08508	53.45134	海德中央	C	https://zh.wikipedia.org/wiki/海德_(大曼彻斯特郡)	C2: place Hyde (Wikidata Q2080165, 484 m away) + fixed word 'central' = 中央, as zh.wikipedia writes it in Finchley Central=芬奇利中央, Hendon Central=亨顿中央, Acton Central=阿克顿中央
station	Surbiton	-0.304	51.39241	瑟比顿	C	https://zh.wikipedia.org/wiki/瑟比頓	C1: station name equals the place Surbiton (Wikidata Q2453259, 278 m away), which has a zh.wikipedia article
station	Melksham	-2.14461	51.38017	梅克舍姆	C	https://zh.wikipedia.org/wiki/梅克舍姆	C1: station name equals the place Melksham (Wikidata Q1235894, 872 m away), which has a zh.wikipedia article
station	Llanrwst	-3.79466	53.13905	兰鲁斯特	C	https://zh.wikipedia.org/wiki/蘭魯斯特	C1: station name equals the place Llanrwst (Wikidata Q2233618, 225 m away), which has a zh.wikipedia article
station	Dolgarrog	-3.82314	53.18594	多尔加罗格	C	https://zh.wikipedia.org/wiki/多爾加羅格	C1: station name equals the place Dolgarrog (Wikidata Q3399645, 1501 m away), which has a zh.wikipedia article
station	Hendon	-0.23888	51.58022	亨顿	C	https://zh.wikipedia.org/wiki/亨頓	C1: station name equals the place Hendon (Wikidata Q149787, 1023 m away), which has a zh.wikipedia article
station	Furze Platt	-0.72841	51.53315	弗兹·普拉特	B	Wikidata Q2099123 zh	Wikidata label only, no article; not checked one by one
station	Radlett	-0.31709	51.68533	拉德雷特	B	Wikidata Q1834590 zh	Wikidata label only, no article; not checked one by one
station	Bitton	-2.47647	51.43084	比顿	B	Wikidata Q4919146 zh	Wikidata label only, no article; not checked one by one; label written in traditional characters (比頓火車站), simplified by MediaWiki zh-cn conversion
station	East Worthing	-0.35511	50.82159	东沃辛	C	https://zh.wikipedia.org/wiki/沃辛	C2: place Worthing (Wikidata Q671348, 1377 m away) + fixed word 'east' = 东, as zh.wikipedia writes it in East Acton=东阿克顿, East Finchley=东芬奇利, East Putney=东帕特尼
station	Shoreham-by-Sea	-0.27144	50.83438	滨海肖勒姆	C	https://zh.wikipedia.org/wiki/濱海肖勒姆	C1: station name equals the place Shoreham-by-Sea (Wikidata Q770599, 281 m away), which has a zh.wikipedia article
station	Rayleigh	0.60025	51.58949	雷利	C	https://zh.wikipedia.org/wiki/雷利_(埃塞克斯郡)	C1: station name equals the place Rayleigh (Wikidata Q2117331, 471 m away), which has a zh.wikipedia article
station	Rochford	0.70214	51.58167	罗奇福德	C	https://zh.wikipedia.org/wiki/羅奇福德	C1: station name equals the place Rochford (Wikidata Q1926981, 305 m away), which has a zh.wikipedia article
station	Dunblane	-3.96571	56.18584	邓布兰	C	https://zh.wikipedia.org/wiki/鄧布蘭	C1: station name equals the place Dunblane (Wikidata Q614314, 294 m away), which has a zh.wikipedia article
station	Sandilands	-0.07775	51.37496	新德伦	B	Wikidata Q7416357 zh	metro or tram stop (m=1); Wikidata label only, no article; not checked one by one; label written in traditional characters (新德倫電車站), simplified by MediaWiki zh-cn conversion
station	Cwmbran	-3.01601	51.65709	昆布兰	C	https://zh.wikipedia.org/wiki/昆布蘭	C1: station name equals the place Cwmbran (Wikidata Q990153, 571 m away), which has a zh.wikipedia article
station	Old Street	-0.08761	51.52563	老街	A	https://zh.wikipedia.org/wiki/老街站_(倫敦)	metro or tram stop (m=1); Wikidata Q801299, 55 m from the map point; FLAG disambiguator dropped from the title: (伦敦)
station	Downham Market	0.36561	52.60416	道纳姆市场	C	https://zh.wikipedia.org/wiki/道納姆市場	C1: station name equals the place Downham Market (Wikidata Q1253266, 1713 m away), which has a zh.wikipedia article
station	Scarborough	-0.40624	54.27915	斯卡伯勒	C	https://zh.wikipedia.org/wiki/斯卡布羅	C1: station name equals the place Scarborough (Wikidata Q743521, 551 m away), which has a zh.wikipedia article
station	Wareham	-2.11533	50.69288	韦勒姆	C	https://zh.wikipedia.org/wiki/韋勒姆	C1: station name equals the place Wareham (Wikidata Q387419, 468 m away), which has a zh.wikipedia article
station	Sheringham	1.21079	52.94137	谢灵厄姆	C	https://zh.wikipedia.org/wiki/谢灵厄姆	C1: station name equals the place Sheringham (Wikidata Q239496, 978 m away), which has a zh.wikipedia article
station	Cromer	1.29165	52.93005	克罗默	C	https://zh.wikipedia.org/wiki/克羅默	C1: station name equals the place Cromer (Wikidata Q208296, 703 m away), which has a zh.wikipedia article
station	Bromley North	0.0178	51.4092	布罗姆利北	C	https://zh.wikipedia.org/wiki/布羅姆利	C2: place Bromley (Wikidata Q122892, 309 m away) + fixed word 'north' = 北, as zh.wikipedia writes it in Bicester North=比斯特北, Clapham North=克拉珀姆北, Lambeth North=兰贝斯北
station	Addington Village	-0.03288	51.35627	阿丁顿村	B	Wikidata Q4681193 zh	metro or tram stop (m=1); Wikidata label only, no article; not checked one by one; label written in traditional characters (阿丁頓村電車站), simplified by MediaWiki zh-cn conversion
station	Fieldway	-0.02417	51.35097	菲德威尔	B	Wikidata Q5447235 zh	metro or tram stop (m=1); Wikidata label only, no article; not checked one by one; label written in traditional characters (菲德威爾電車站), simplified by MediaWiki zh-cn conversion
station	King Henry's Drive	-0.02023	51.34538	国王亨利路	B	Wikidata Q6411696 zh	metro or tram stop (m=1); Wikidata label only, no article; not checked one by one; label written in traditional characters (國王亨利路電車站), simplified by MediaWiki zh-cn conversion
station	New Addington	-0.01751	51.34263	新阿丁顿	B	Wikidata Q7005193 zh	metro or tram stop (m=1); Wikidata label only, no article; not checked one by one; label written in traditional characters (新阿丁頓電車站), simplified by MediaWiki zh-cn conversion
station	Reeves Corner	-0.10625	51.3748	李夫斯角	B	Wikidata Q7307059 zh	metro or tram stop (m=1); Wikidata label only, no article; not checked one by one; label written in traditional characters (李夫斯角電車站), simplified by MediaWiki zh-cn conversion
station	George Street	-0.09891	51.3739	佐治街	B	Wikidata Q5544906 zh	metro or tram stop (m=1); Wikidata label only, no article; not checked one by one; label written in traditional characters (佐治街電車站), simplified by MediaWiki zh-cn conversion
station	Kenton	-0.31664	51.58153	肯顿	A	https://zh.wikipedia.org/wiki/肯頓站	metro or tram stop (m=1); Wikidata Q801001, 23 m from the map point
station	Heath High Level	-3.18157	51.51682	希斯高地	B	Wikidata Q2735955 zh	Wikidata label only, no article; not checked one by one
station	Aber	-3.22981	51.57487	阿伯	B	Wikidata Q2713263 zh	Wikidata label only, no article; not checked one by one
station	Llanbradach	-3.23305	51.60411	兰布拉达赫	B	Wikidata Q2610280 zh	Wikidata label only, no article; not checked one by one
station	Prestwich	-2.28177	53.5332	普雷斯特维奇	C	https://zh.wikipedia.org/wiki/普雷斯特维奇	metro or tram stop (m=1); C1: station name equals the place Prestwich (Wikidata Q1003559, 102 m away), which has a zh.wikipedia article
station	Bury	-2.29743	53.59059	贝里	C	https://zh.wikipedia.org/wiki/貝里_(大曼徹斯特)	metro or tram stop (m=1); C1: station name equals the place Bury (Wikidata Q47822, 294 m away), which has a zh.wikipedia article
station	Wargrave	-0.87666	51.49855	沃格雷夫	B	Wikidata Q2081278 zh	Wikidata label only, no article; not checked one by one
station	Monument	-1.61317	54.97401	纪念碑	B	Wikidata Q6906821 zh	metro or tram stop (m=1); Wikidata label only, no article; not checked one by one; label written in traditional characters (紀念碑站), simplified by MediaWiki zh-cn conversion
station	Shildon	-1.63671	54.62619	希尔登	A	https://zh.wikipedia.org/wiki/希尔登站	Wikidata Q2203193, 6 m from the map point
station	Dereham	0.94764	52.67898	迪勒姆	C	https://zh.wikipedia.org/wiki/迪勒姆	C1: station name equals the place Dereham (Wikidata Q302893, 603 m away), which has a zh.wikipedia article
station	Birkbeck	-0.05614	51.40356	伯克贝克	B	Wikidata Q2207882 zh	metro or tram stop (m=1); Wikidata label only, no article; not checked one by one; label written in traditional characters (伯克貝克站), simplified by MediaWiki zh-cn conversion
station	Harrington Road	-0.06048	51.39966	夏灵顿路	B	Wikidata Q5664640 zh	metro or tram stop (m=1); Wikidata label only, no article; not checked one by one; label written in traditional characters (夏靈頓路電車站), simplified by MediaWiki zh-cn conversion
station	Beckenham Road	-0.04316	51.40964	贝肯纳姆路	C	https://zh.wikipedia.org/wiki/贝肯纳姆	metro or tram stop (m=1); C2: place Beckenham (Wikidata Q123372, 1485 m away) + fixed word 'road' = 路, as zh.wikipedia writes it in Wandsworth Road=旺兹沃思路, Finchley Road=芬奇利路, Holloway Road=霍洛韦路
station	Birkenhead Central	-3.02088	53.3882	伯肯黑德中央	C	https://zh.wikipedia.org/wiki/伯肯黑德	C2: place Birkenhead (Wikidata Q746718, 610 m away) + fixed word 'central' = 中央, as zh.wikipedia writes it in Finchley Central=芬奇利中央, Hendon Central=亨顿中央, Acton Central=阿克顿中央
station	Stonegate	0.36339	51.02014	石门	B	Wikidata Q2192587 zh	Wikidata label only, no article; not checked one by one
station	Micheldever	-1.26039	51.18251	米奇尔德弗	B	Wikidata Q633826 zh	Wikidata label only, no article; not checked one by one
station	Trehafod	-3.3807	51.6101	特雷哈福德	B	Wikidata Q2288046 zh	Wikidata label only, no article; not checked one by one
station	Porth	-3.40763	51.61247	波思	B	Wikidata Q2238105 zh	Wikidata label only, no article; not checked one by one
station	Dinas Rhondda	-3.4371	51.61737	迪纳斯·朗达	B	Wikidata Q1981112 zh	Wikidata label only, no article; not checked one by one
station	Tonypandy	-3.44904	51.61983	唐尼潘迪	B	Wikidata Q2889489 zh	Wikidata label only, no article; not checked one by one
station	Llwynypia	-3.45331	51.63342	立文尼比亚	B	Wikidata Q3400217 zh	Wikidata label only, no article; not checked one by one
station	Ystrad Rhondda	-3.46694	51.64362	伊斯特拉德·朗达	B	Wikidata Q2797749 zh	Wikidata label only, no article; not checked one by one
station	Ton Pentre	-3.48615	51.64771	潘德屯	B	Wikidata Q2670470 zh	Wikidata label only, no article; not checked one by one
station	Treorchy	-3.50604	51.65744	特雷奥奇	B	Wikidata Q3400283 zh	Wikidata label only, no article; not checked one by one
station	Treherbert	-3.53509	51.67162	特雷赫伯特	B	Wikidata Q2161926 zh	Wikidata label only, no article; not checked one by one
station	North Walsham	1.38457	52.81686	北沃尔舍姆	C	https://zh.wikipedia.org/wiki/北沃爾舍姆	C1: station name equals the place North Walsham (Wikidata Q327168, 515 m away), which has a zh.wikipedia article
station	King's Cross St Pancras	-0.12395	51.53061	国王十字圣潘克拉斯	A	https://zh.wikipedia.org/wiki/国王十字圣潘克拉斯站	metro or tram stop (m=1); Wikidata Q826120, 47 m from the map point
station	Pentre-bach	-3.36234	51.72486	潘楚-巴赫	B	Wikidata Q2499847 zh	Wikidata label only, no article; not checked one by one
station	Troed-y-rhiw	-3.3464	51.71204	特罗厄德伊利伍	B	Wikidata Q2964594 zh	Wikidata label only, no article; not checked one by one
station	Merthyr Vale	-3.3371	51.68691	梅瑟尔谷	B	Wikidata Q3400233 zh	Wikidata label only, no article; not checked one by one
station	Quakers Yard	-3.32293	51.66036	贵格院子	B	Wikidata Q2412055 zh	Wikidata label only, no article; not checked one by one
station	Abercynon	-3.32954	51.64304	阿伯塞农	B	Wikidata Q2628183 zh	Wikidata label only, no article; not checked one by one
station	Aberdare	-3.4395	51.71375	阿伯德尔	C	https://zh.wikipedia.org/wiki/阿伯德尔	C1: station name equals the place Aberdare (Wikidata Q319369, 387 m away), which has a zh.wikipedia article
station	Wellesley Road	-0.09762	51.37562	卫斯理路	B	Wikidata Q7981260 zh	metro or tram stop (m=1); Wikidata label only, no article; not checked one by one; label written in traditional characters (衛斯理路電車站), simplified by MediaWiki zh-cn conversion
station	Caerphilly	-3.21882	51.57154	卡菲利	C	https://zh.wikipedia.org/wiki/卡菲利	C1: station name equals the place Caerphilly (Wikidata Q909119, 721 m away), which has a zh.wikipedia article
station	Waddon	-0.11744	51.36733	华顿	A	https://zh.wikipedia.org/wiki/華頓站	Wikidata Q2120787, 32 m from the map point; FLAG wording: the title is in Hong Kong or Taiwan wording and the page gives no mainland form
station	Ebbw Vale Parkway	-3.19605	51.75651	埃布韦尔谷大路	B	Wikidata Q5331566 zh-cn	Wikidata label only, no article; not checked one by one
station	Newbridge	-3.14319	51.66539	新桥	B	Wikidata Q11192966 zh	Wikidata label only, no article; not checked one by one; label written in traditional characters (新橋站 (威爾斯)), simplified by MediaWiki zh-cn conversion; FLAG disambiguator dropped: (威尔士)
station	Coombe Lane	-0.06008	51.35982	库姆径	B	Wikidata Q5167607 zh	metro or tram stop (m=1); Wikidata label only, no article; not checked one by one; label written in traditional characters (庫姆徑電車站), simplified by MediaWiki zh-cn conversion
station	Ynyswen	-3.52149	51.66495	因斯文	B	Wikidata Q1915303 zh	Wikidata label only, no article; not checked one by one
station	Ystrad Mynach	-3.24184	51.64049	伊斯特拉德·米纳赫	B	Wikidata Q302331 zh	Wikidata label only, no article; not checked one by one
station	Hengoed	-3.22556	51.647	亨戈以德	B	Wikidata Q2441704 zh	Wikidata label only, no article; not checked one by one
station	Pengam	-3.22997	51.67021	彭加姆	B	Wikidata Q3401833 zh	Wikidata label only, no article; not checked one by one
station	Gilfach Fargoed	-3.22739	51.68415	法戈德溪	B	Wikidata Q2191702 zh	Wikidata label only, no article; not checked one by one
station	Bargoed	-3.22982	51.69275	巴格伊德	B	Wikidata Q1808106 zh	Wikidata label only, no article; not checked one by one
station	Brithdir	-3.22813	51.7098	布瑞斯蒂尔	B	Wikidata Q2185916 zh	Wikidata label only, no article; not checked one by one
station	Tir-Phil	-3.24595	51.72102	提尔-菲尔	B	Wikidata Q2070775 zh	Wikidata label only, no article; not checked one by one
station	Pontlottyn	-3.27936	51.74653	蓬洛廷	B	Wikidata Q1865655 zh	Wikidata label only, no article; not checked one by one
station	Rhymney	-3.28952	51.75883	莱姆尼	B	Wikidata Q2232300 zh	Wikidata label only, no article; not checked one by one
station	Sudbury	0.73557	52.03626	萨德伯里	C	https://zh.wikipedia.org/wiki/薩德伯里_(薩福克郡)	C1: station name equals the place Sudbury (Wikidata Q1021319, 790 m away), which has a zh.wikipedia article
station	Stockwell	-0.1225	51.47221	斯托克韦尔	A	https://zh.wikipedia.org/wiki/斯托克韋爾站	metro or tram stop (m=1); Wikidata Q1549562, 38 m from the map point
station	Arsenal	-0.10749	51.55838	阿森纳	A	https://zh.wikipedia.org/wiki/阿仙奴站	metro or tram stop (m=1); Wikidata Q262548, 118 m from the map point; zh-cn form comes from a conversion rule on the page (stored title 阿仙奴站)
station	Newcastle	-1.61605	54.96834	纽卡斯尔	A	https://zh.wikipedia.org/wiki/紐卡素站	Wikidata Q2047417, 73 m from the map point; zh-cn form comes from a conversion rule on the page (stored title 紐卡素站)
station	Newmarket	0.40735	52.23834	纽马基特	C	https://zh.wikipedia.org/wiki/紐馬基特_(薩福克郡)	C1: station name equals the place Newmarket (Wikidata Q1382713, 869 m away), which has a zh.wikipedia article
station	Llanishen	-3.18184	51.533	拉尼申	B	Wikidata Q2660714 zh	Wikidata label only, no article; not checked one by one
station	Barry	-3.28487	51.3969	巴里	C	https://zh.wikipedia.org/wiki/巴里_(威尔士)	C1: station name equals the place Barry (Wikidata Q809009, 1646 m away), which has a zh.wikipedia article
station	Cadoxton	-3.24877	51.41218	卡多斯顿	B	Wikidata Q1917677 zh	Wikidata label only, no article; not checked one by one
station	Llantwit Major	-3.48143	51.40965	兰特威少校	B	Wikidata Q2425684 zh	Wikidata label only, no article; not checked one by one
station	Church Street	-0.10418	51.37365	教堂街	B	Wikidata Q5116720 zh	metro or tram stop (m=1); Wikidata label only, no article; not checked one by one; label written in traditional characters (教堂街電車站), simplified by MediaWiki zh-cn conversion
station	Buckfastleigh	-3.76864	50.48281	巴克法斯特	C	https://zh.wikipedia.org/wiki/巴克法斯特	C1: station name equals the place Buckfastleigh (Wikidata Q999649, 863 m away), which has a zh.wikipedia article
station	Fairwater	-3.2338	51.49389	菲尔沃特	B	Wikidata Q2482278 zh	Wikidata label only, no article; not checked one by one
station	Ninian Park	-3.20139	51.47652	尼尼安公园	B	Wikidata Q2615178 zh	Wikidata label only, no article; not checked one by one
station	Paignton	-3.56491	50.4346	佩恩顿	C	https://zh.wikipedia.org/wiki/佩恩頓	C1: station name equals the place Paignton (Wikidata Q776662, 187 m away), which has a zh.wikipedia article
station	Barry Island	-3.27421	51.39231	巴里岛	C	https://zh.wikipedia.org/wiki/巴里岛_(威尔士)	C1: station name equals the place Barry Island (Wikidata Q1770146, 55 m away), which has a zh.wikipedia article
station	Market Street	-2.23892	53.48191	市场街	B	Wikidata Q6770762 zh	metro or tram stop (m=1); Wikidata label only, no article; not checked one by one; label written in traditional characters (市場街站), simplified by MediaWiki zh-cn conversion
station	Churston	-3.55694	50.39621	彻斯顿	B	Wikidata Q5118324 zh-hans	Wikidata label only, no article; not checked one by one
station	Heathrow Terminal 4	-0.446	51.45909	希思罗机场4号航站楼	A	https://zh.wikipedia.org/wiki/希斯洛機場第4航廈站_(倫敦地鐵)	Wikidata Q1592614, 76 m from the map point; FLAG disambiguator dropped from the title: (伦敦地铁); zh-cn form comes from a conversion rule on the page (stored title 希斯洛機場第4航廈站 (倫敦地鐵)); zh.wikipedia writes both 希斯罗 and 希思罗 for Heathrow across its station titles; 希思罗 (the mainland form, used by its Terminal 2&3 and Terminal 5 titles) is used
station	Eastleigh	-1.34996	50.96879	伊斯特利	A	https://zh.wikipedia.org/wiki/伊斯特利站	Wikidata Q2285305, 81 m from the map point
station	Beccles	1.56963	52.45883	贝克尔斯	C	https://zh.wikipedia.org/wiki/貝克爾斯	C1: station name equals the place Beccles (Wikidata Q813574, 909 m away), which has a zh.wikipedia article
station	Lowestoft	1.74999	52.47424	洛斯托夫特	C	https://zh.wikipedia.org/wiki/洛斯托夫特	C1: station name equals the place Lowestoft (Wikidata Q986007, 641 m away), which has a zh.wikipedia article
station	Coryton	-3.23148	51.52044	科瑞敦	B	Wikidata Q2759251 zh	Wikidata label only, no article; not checked one by one
station	Whitchurch	-3.22217	51.52083	希特彻奇	B	Wikidata Q2534431 zh	Wikidata label only, no article; not checked one by one
station	Rhiwbina	-3.21448	51.52108	瑞比那	B	Wikidata Q2715473 zh	Wikidata label only, no article; not checked one by one
station	Birchgrove	-3.20246	51.52153	波奇戈洛夫	B	Wikidata Q2131603 zh	Wikidata label only, no article; not checked one by one
station	Heath Low Level	-3.18221	51.51577	希斯低地	B	Wikidata Q2965292 zh	Wikidata label only, no article; not checked one by one
station	Ludlow	-2.71598	52.3711	拉德洛	C	https://zh.wikipedia.org/wiki/拉德洛	C1: station name equals the place Ludlow (Wikidata Q839811, 496 m away), which has a zh.wikipedia article
station	Acle	1.54398	52.63468	阿克勒	B	Wikidata Q281169 zh-hans	Wikidata label only, no article; not checked one by one
station	Berney Arms	1.63107	52.59026	伯尼岩斯	B	Wikidata Q281175 zh	Wikidata label only, no article; not checked one by one; label written in traditional characters (伯尼岩斯火車站), simplified by MediaWiki zh-cn conversion
station	Danescourt	-3.23395	51.5004	戴尼斯考特	A	https://zh.wikipedia.org/wiki/戴尼斯考特站	Wikidata Q2691871, 12 m from the map point
station	Lisvane and Thornhill	-3.18557	51.54442	利斯凡内和松希尔	B	Wikidata Q2024089 zh	Wikidata label only, no article; not checked one by one
station	Hyde North	-2.08503	53.46446	海德北	C	https://zh.wikipedia.org/wiki/海德_(大曼彻斯特郡)	C2: place Hyde (Wikidata Q2080165, 1910 m away) + fixed word 'north' = 北, as zh.wikipedia writes it in Bicester North=比斯特北, Clapham North=克拉珀姆北, Lambeth North=兰贝斯北
station	Gleneagles	-3.73096	56.27491	格伦伊格尔斯	B	Wikidata Q2201588 zh	Wikidata label only, no article; not checked one by one; label written in traditional characters (格倫伊格爾斯車站), simplified by MediaWiki zh-cn conversion
station	Penarth	-3.17468	51.43585	佩纳斯	A	https://zh.wikipedia.org/wiki/佩纳斯站	Wikidata Q3298476, 41 m from the map point
station	Brechin	-2.65207	56.73162	布里金	C	https://zh.wikipedia.org/wiki/布里金	C1: station name equals the place Brechin (Wikidata Q45848, 266 m away), which has a zh.wikipedia article
station	Carbis Bay	-5.4637	50.19708	卡比斯湾	C	https://zh.wikipedia.org/wiki/卡比斯湾	C1: station name equals the place Carbis Bay (Wikidata Q5037874, 111 m away), which has a zh.wikipedia article
station	Lydney Junction	-2.53112	51.7157	利德尼交汇	C	https://zh.wikipedia.org/wiki/利德尼	C2: place Lydney (Wikidata Q540012, 1447 m away) + fixed word 'junction' = 交汇, as zh.wikipedia writes it in Dalston Junction=达尔斯顿交汇, Watford Junction=沃特福德交汇, Clapham Junction=克拉珀姆交汇
station	Llangollen	-3.17142	52.97131	兰戈伦	C	https://zh.wikipedia.org/wiki/蘭戈倫	C1: station name equals the place Llangollen (Wikidata Q1002793, 174 m away), which has a zh.wikipedia article
station	Bala (Penybont)	-3.59324	52.90142	巴拉湖停	B	Wikidata Q4849686 zh-hans	Wikidata label only, no article; not checked one by one
station	Walton-on-the-Naze	1.26786	51.84622	内兹岬附近沃尔顿	C	https://zh.wikipedia.org/wiki/內茲岬附近沃爾頓	C1: station name equals the place Walton-on-the-Naze (Wikidata Q1818988, 198 m away), which has a zh.wikipedia article
station	Watchet	-3.32971	51.18063	沃切特	C	https://zh.wikipedia.org/wiki/沃切特	C1: station name equals the place Watchet (Wikidata Q641921, 405 m away), which has a zh.wikipedia article
station	Minehead	-3.46783	51.20629	迈恩黑德	C	https://zh.wikipedia.org/wiki/邁恩黑德	C1: station name equals the place Minehead (Wikidata Q1020217, 500 m away), which has a zh.wikipedia article
station	West Croydon	-0.10204	51.37881	西克罗伊登	A	https://zh.wikipedia.org/wiki/西克羅伊登站	Wikidata Q801592, 65 m from the map point
station	Ballymena	-6.28464	54.86407	巴利米纳	C	https://zh.wikipedia.org/wiki/巴利米納	C1: station name equals the place Ballymena (Wikidata Q805451, 1091 m away), which has a zh.wikipedia article
station	Antrim	-6.21148	54.7181	安特里姆	C	https://zh.wikipedia.org/wiki/安特里姆	C1: station name equals the place Antrim (Wikidata Q609235, 395 m away), which has a zh.wikipedia article
station	Pimlico	-0.13533	51.48916	皮姆利科	A	https://zh.wikipedia.org/wiki/皮姆利科站	metro or tram stop (m=1); Wikidata Q1473963, 119 m from the map point
station	West Bromwich Central	-1.99468	52.51655	西布罗米奇中央	C	https://zh.wikipedia.org/wiki/西布羅米奇	metro or tram stop (m=1); C2: place West Bromwich (Wikidata Q212826, 769 m away) + fixed word 'central' = 中央, as zh.wikipedia writes it in Finchley Central=芬奇利中央, Hendon Central=亨顿中央, Acton Central=阿克顿中央
station	Launceston	-4.36494	50.64038	朗塞斯顿	C	https://zh.wikipedia.org/wiki/朗塞斯頓_(康沃爾郡)	C1: station name equals the place Launceston (Wikidata Q287590, 977 m away), which has a zh.wikipedia article
station	Holt	1.11351	52.91419	霍尔特	C	https://zh.wikipedia.org/wiki/霍爾特_(諾福克郡)	C1: station name equals the place Holt (Wikidata Q691558, 2233 m away), which has a zh.wikipedia article
station	Beckton Park	0.05494	51.50876	贝克顿公园	A	https://zh.wikipedia.org/wiki/貝克頓公園站	metro or tram stop (m=1); Wikidata Q813749, 5 m from the map point
station	Altrincham	-2.3475	53.3873	奥尔特灵厄姆	C	https://zh.wikipedia.org/wiki/奥尔特灵厄姆	metro or tram stop (m=1); C1: station name equals the place Altrincham (Wikidata Q445058, 697 m away), which has a zh.wikipedia article
station	Avenue Road	-0.04952	51.4068	大道路	B	Wikidata Q4828205 zh	metro or tram stop (m=1); Wikidata label only, no article; not checked one by one; label written in traditional characters (大道路電車站), simplified by MediaWiki zh-cn conversion
station	Arena	-0.05825	51.39161	运动场	B	Wikidata Q2446177 zh	metro or tram stop (m=1); Wikidata label only, no article; not checked one by one; label written in traditional characters (運動場電車站), simplified by MediaWiki zh-cn conversion
station	Addiscombe	-0.07326	51.37993	阿迪斯金	B	Wikidata Q4681215 zh	metro or tram stop (m=1); Wikidata label only, no article; not checked one by one; label written in traditional characters (阿迪斯金電車站), simplified by MediaWiki zh-cn conversion
station	East Croydon	-0.09273	51.37584	东克罗伊登	C	https://zh.wikipedia.org/wiki/克洛敦	C2: place Croydon (Wikidata Q2213391, 1243 m away) + fixed word 'east' = 东, as zh.wikipedia writes it in East Acton=东阿克顿, East Finchley=东芬奇利, East Putney=东帕特尼
station	Aylsham	1.25542	52.79106	埃尔舍姆	C	https://zh.wikipedia.org/wiki/埃爾舍姆	C1: station name equals the place Aylsham (Wikidata Q237625, 124 m away), which has a zh.wikipedia article
station	Colwyn Bay	-3.72589	53.29682	科尔温湾	C	https://zh.wikipedia.org/wiki/科尔温湾	C1: station name equals the place Colwyn Bay (Wikidata Q527467, 1883 m away), which has a zh.wikipedia article
station	Wimbledon	-0.20548	51.4213	温布尔登	A	https://zh.wikipedia.org/wiki/溫布頓站	metro or tram stop (m=1); Wikidata Q801616, 49 m from the map point; zh-cn form comes from a conversion rule on the page (stored title 溫布頓站)
station	Middleton Road	-2.24576	53.53193	米德尔顿路	C	https://zh.wikipedia.org/wiki/米德爾頓_(大曼徹斯特)	metro or tram stop (m=1); C2: place Middleton (Wikidata Q2560244, 4619 m away) + fixed word 'road' = 路, as zh.wikipedia writes it in Wandsworth Road=旺兹沃思路, Finchley Road=芬奇利路, Holloway Road=霍洛韦路
station	Saxmundham	1.49027	52.21522	萨克斯曼德姆	C	https://zh.wikipedia.org/wiki/薩克斯曼德姆	C1: station name equals the place Saxmundham (Wikidata Q2450421, 224 m away), which has a zh.wikipedia article
station	Elmers End	-0.04953	51.39835	埃尔默斯恩德	B	Wikidata Q2420368 zh	metro or tram stop (m=1); Wikidata label only, no article; not checked one by one; label written in traditional characters (埃爾默斯恩德站), simplified by MediaWiki zh-cn conversion
station	Centrale	-0.10378	51.37587	中央购物中心	B	Wikidata Q5062168 zh	metro or tram stop (m=1); Wikidata label only, no article; not checked one by one; label written in traditional characters (中央購物中心電車站), simplified by MediaWiki zh-cn conversion
station	Seaton	-3.06773	50.70509	锡顿	C	https://zh.wikipedia.org/wiki/锡顿_(德文郡)	metro or tram stop (m=1); C1: station name equals the place Seaton (Wikidata Q1235885, 724 m away), which has a zh.wikipedia article
station	Nottingham	-1.14496	52.9473	诺丁汉	A	https://zh.wikipedia.org/wiki/諾定咸站	Wikidata Q1988621, 77 m from the map point; zh-cn form comes from a conversion rule on the page (stored title 諾定咸站)
station	Redditch	-1.94557	52.30632	雷迪奇	C	https://zh.wikipedia.org/wiki/雷迪奇	C1: station name equals the place Redditch (Wikidata Q865716, 254 m away), which has a zh.wikipedia article
station	Basingstoke	-1.08856	51.26842	贝辛斯托克	C	https://zh.wikipedia.org/wiki/貝辛斯托克	C1: station name equals the place Basingstoke (Wikidata Q810196, 644 m away), which has a zh.wikipedia article
station	St Neots	-0.24706	52.23163	圣尼茨	C	https://zh.wikipedia.org/wiki/圣尼茨	C1: station name equals the place St Neots (Wikidata Q1018225, 1404 m away), which has a zh.wikipedia article
station	Birmingham International	-1.72635	52.45042	伯明翰国际	B	Wikidata Q579308 zh	metro or tram stop (m=1); Wikidata label only, no article; not checked one by one; principal station, checked 2026-10-10: its en.wikipedia page has no Chinese language link and a zh.wikipedia search for the English name finds no station article; label written in traditional characters (伯明罕國際火車站), simplified by MediaWiki zh-cn conversion
station	Beckenham Junction	-0.02644	51.41073	贝肯纳姆交汇	C	https://zh.wikipedia.org/wiki/贝肯纳姆	metro or tram stop (m=1); C2: place Beckenham (Wikidata Q123372, 457 m away) + fixed word 'junction' = 交汇, as zh.wikipedia writes it in Dalston Junction=达尔斯顿交汇, Watford Junction=沃特福德交汇, Clapham Junction=克拉珀姆交汇
station	Victoria	-0.14315	51.49637	维多利亚	A	https://zh.wikipedia.org/wiki/倫敦維多利亞站	metro or tram stop (m=1); Wikidata Q985210, 155 m from the map point; the article is titled with 伦敦 in front (London Victoria station); the map name has no London, so it is dropped
station	Upminster	0.25168	51.55897	上敏斯特	A	https://zh.wikipedia.org/wiki/上敏斯特站	metro or tram stop (m=1); Wikidata Q801547, 45 m from the map point
station	Wilmslow	-2.22601	53.3271	威姆斯洛	C	https://zh.wikipedia.org/wiki/威姆斯洛	C1: station name equals the place Wilmslow (Wikidata Q2011497, 895 m away), which has a zh.wikipedia article
station	Wembley Park	-0.28005	51.56363	温布利公园	A	https://zh.wikipedia.org/wiki/溫布利公園站	metro or tram stop (m=1); Wikidata Q956849, 42 m from the map point
station	Beddgelert	-4.10781	53.01177	贝德格勒特	C	https://zh.wikipedia.org/wiki/貝德格勒特	C1: station name equals the place Beddgelert (Wikidata Q791811, 358 m away), which has a zh.wikipedia article
station	Frodsham	-2.72373	53.29578	弗罗德舍姆	C	https://zh.wikipedia.org/wiki/弗羅德舍姆	C1: station name equals the place Frodsham (Wikidata Q2464851, 121 m away), which has a zh.wikipedia article
station	Finsbury Park	-0.10641	51.56483	芬斯伯里公园	A	https://zh.wikipedia.org/wiki/芬斯伯里公園站	metro or tram stop (m=1); Wikidata Q536796, 48 m from the map point
station	Cambridge	0.13772	52.19411	剑桥	A	https://zh.wikipedia.org/wiki/劍橋站	Wikidata Q3088356, 16 m from the map point
station	Lewes	0.0123	50.87064	刘易斯	C	https://zh.wikipedia.org/wiki/刘易斯_(东萨塞克斯郡)	C1: station name equals the place Lewes (Wikidata Q246884, 457 m away), which has a zh.wikipedia article
station	Southampton Central	-1.41423	50.9075	南安普敦中央	A	https://zh.wikipedia.org/wiki/南安普顿中央站	Wikidata Q2396008, 9 m from the map point; the station is named for the city; the city's own zh.wikipedia article gives 南安普敦 in zh-cn (the usual mainland form), and station and city label should read the same
station	Clacton-on-Sea	1.15433	51.79453	滨海克拉克顿	C	https://zh.wikipedia.org/wiki/濱海克拉克頓	C1: station name equals the place Clacton-on-Sea (Wikidata Q985833, 667 m away), which has a zh.wikipedia article
station	St Ives	-5.47777	50.20885	圣艾夫斯	C	https://zh.wikipedia.org/wiki/圣艾夫斯_(康沃尔郡)	C1: station name equals the place St Ives (Wikidata Q724182, 204 m away), which has a zh.wikipedia article
station	Llanfair Caereinion	-3.32228	52.65192	兰韦尔卡兰永	B	Wikidata Q6661347 zh	Wikidata label only, no article; not checked one by one; label written in traditional characters (蘭韋爾卡蘭永車站), simplified by MediaWiki zh-cn conversion
station	Ashton-under-Lyne	-2.0937	53.49122	阿什顿安德莱恩	C	https://zh.wikipedia.org/wiki/阿什頓安德萊恩	C1: station name equals the place Ashton-under-Lyne (Wikidata Q659803, 511 m away), which has a zh.wikipedia article
station	Biggleswade	-0.26082	52.08503	比格尔斯威德	C	https://zh.wikipedia.org/wiki/比格爾斯威德	C1: station name equals the place Biggleswade (Wikidata Q2224167, 354 m away), which has a zh.wikipedia article
station	Severn Tunnel Junction	-2.7773	51.58425	塞韦恩隧道交汇	B	Wikidata Q2496470 zh	Wikidata label only, no article; not checked one by one; principal station, checked 2026-10-10: its en.wikipedia page has no Chinese language link and a zh.wikipedia search for the English name finds no station article; label written in traditional characters (塞韋恩隧道交匯), simplified by MediaWiki zh-cn conversion
station	Wem	-2.71827	52.85611	韦姆	C	https://zh.wikipedia.org/wiki/韋姆_(英國)	C1: station name equals the place Wem (Wikidata Q301082, 457 m away), which has a zh.wikipedia article
station	Whitchurch	-2.67166	52.96822	惠特彻奇	C	https://zh.wikipedia.org/wiki/惠特徹奇_(什羅普郡)	C1: station name equals the place Whitchurch (Wikidata Q636627, 745 m away), which has a zh.wikipedia article
station	Nantwich	-2.51873	53.06355	楠特维奇	C	https://zh.wikipedia.org/wiki/楠特威奇	C1: station name equals the place Nantwich (Wikidata Q1077003, 442 m away), which has a zh.wikipedia article
station	Bushey	-0.38501	51.64553	布希	A	https://zh.wikipedia.org/wiki/布希站	Wikidata Q19817, 170 m from the map point
station	Whitchurch	-1.33874	51.23765	惠特彻奇	C	https://zh.wikipedia.org/wiki/惠特徹奇_(漢普郡)	C1: station name equals the place Whitchurch (Wikidata Q632258, 864 m away), which has a zh.wikipedia article
station	Leicester North	-1.1332	52.66783	莱斯特北	C	https://zh.wikipedia.org/wiki/莱斯特	C2: place Leicester (Wikidata Q83065, 3531 m away) + fixed word 'north' = 北, as zh.wikipedia writes it in Bicester North=比斯特北, Clapham North=克拉珀姆北, Lambeth North=兰贝斯北
station	Newquay	-5.07513	50.41444	纽基	A	https://zh.wikipedia.org/wiki/紐基	Wikidata Q943517, 275 m from the map point; the linked article is on the place or building of this name, not on the station
station	Harringay	-0.10527	51.57756	哈林盖	C	https://zh.wikipedia.org/wiki/哈林蓋	C1: station name equals the place Harringay (Wikidata Q952515, 631 m away), which has a zh.wikipedia article
station	Baker Street	-0.15674	51.52259	贝克街	A	https://zh.wikipedia.org/wiki/貝克街站	metro or tram stop (m=1); Wikidata Q616218, 17 m from the map point
station	Paddington	-0.17536	51.51548	帕丁顿	A	https://zh.wikipedia.org/wiki/帕丁頓站_(貝克盧線、環線和區域線)	metro or tram stop (m=1); Wikidata Q3360320, 247 m from the map point; FLAG disambiguator dropped from the title: (贝克卢线、环线和区域线)
station	Wigan North Western	-2.633	53.5434	维根西北	B	Wikidata Q2186551 zh	Wikidata label only, no article; not checked one by one; principal station, checked 2026-10-10: its en.wikipedia page has no Chinese language link and a zh.wikipedia search for the English name finds no station article; label written in traditional characters (維根西北站), simplified by MediaWiki zh-cn conversion
station	Lake	-1.16647	50.64618	湖街	B	Wikidata Q2126164 zh	Wikidata label only, no article; not checked one by one
station	Billingham	-1.27954	54.60571	比林汉姆	C	https://zh.wikipedia.org/wiki/比林漢姆	C1: station name equals the place Billingham (Wikidata Q862891, 779 m away), which has a zh.wikipedia article
station	Hove	-0.17018	50.83521	霍夫	C	https://zh.wikipedia.org/wiki/霍夫_(英格蘭)	C1: station name equals the place Hove (Wikidata Q989616, 485 m away), which has a zh.wikipedia article
station	Waun-gron Park	-3.22969	51.4883	温格隆公园	B	Wikidata Q2312031 zh	Wikidata label only, no article; not checked one by one
station	Archway	-0.13482	51.56531	拱门	A	https://zh.wikipedia.org/wiki/拱門站	metro or tram stop (m=1); Wikidata Q636351, 30 m from the map point
station	Central Park	-2.19908	53.50158	中央公园	B	Wikidata Q18607 zh	metro or tram stop (m=1); Wikidata label only, no article; not checked one by one; label written in traditional characters (中央公園站), simplified by MediaWiki zh-cn conversion
station	Ashton-under-Lyne	-2.09807	53.4903	阿什顿安德莱恩	C	https://zh.wikipedia.org/wiki/阿什頓安德萊恩	metro or tram stop (m=1); C1: station name equals the place Ashton-under-Lyne (Wikidata Q659803, 345 m away), which has a zh.wikipedia article
station	Heyford	-1.29945	51.91858	海福德	A	https://zh.wikipedia.org/wiki/海福德站	Wikidata Q2075758, 56 m from the map point
station	Bridgwater	-2.99025	51.12784	布里奇沃特	C	https://zh.wikipedia.org/wiki/布里奇沃特	C1: station name equals the place Bridgwater (Wikidata Q914015, 193 m away), which has a zh.wikipedia article
station	Bromsgrove	-2.04998	52.32016	布罗姆斯格罗夫	C	https://zh.wikipedia.org/wiki/布羅姆斯格羅夫	C1: station name equals the place Bromsgrove (Wikidata Q1190876, 1769 m away), which has a zh.wikipedia article
station	East Acton	-0.24814	51.51735	东阿克顿	A	https://zh.wikipedia.org/wiki/東阿克頓站	metro or tram stop (m=1); Wikidata Q1277721, 116 m from the map point
station	Winchcombe	-1.96309	51.96635	温什科姆	C	https://zh.wikipedia.org/wiki/溫什科姆	C1: station name equals the place Winchcombe (Wikidata Q1234937, 1270 m away), which has a zh.wikipedia article
station	Snaresbrook	0.02159	51.5808	斯尼亚斯布罗克	A	https://zh.wikipedia.org/wiki/斯尼亞斯布羅克站	metro or tram stop (m=1); Wikidata Q2120057, 6 m from the map point
station	Grangetown	-3.18956	51.46725	格兰奇敦	B	Wikidata Q3460666 zh	Wikidata label only, no article; not checked one by one
station	Sandhurst	-0.80381	51.34654	桑赫斯特	C	https://zh.wikipedia.org/wiki/桑赫斯特	C1: station name equals the place Sandhurst (Wikidata Q995488, 381 m away), which has a zh.wikipedia article
station	Bank	-0.08937	51.5131	银行	A	https://zh.wikipedia.org/wiki/銀行及紀念碑站	metro or tram stop (m=1); linked by hand: one article covers the joint station Bank and Monument (title 银行及纪念碑站 in zh-cn); the half of the title that is this station is used
station	Hatfield	-0.2158	51.76516	哈特菲尔德	C	https://zh.wikipedia.org/wiki/哈特菲尔德	C1: station name equals the place Hatfield (Wikidata Q19788, 712 m away), which has a zh.wikipedia article
station	Huntingdon	-0.19247	52.32881	亨廷登	C	https://zh.wikipedia.org/wiki/亨廷登	C1: station name equals the place Huntingdon (Wikidata Q685640, 1646 m away), which has a zh.wikipedia article
station	Heathrow Terminal 4	-0.44547	51.45881	希思罗机场4号航站楼	A	https://zh.wikipedia.org/wiki/希斯洛機場第4航廈站_(倫敦地鐵)	metro or tram stop (m=1); Wikidata Q1592614, 124 m from the map point; FLAG disambiguator dropped from the title: (伦敦地铁); zh-cn form comes from a conversion rule on the page (stored title 希斯洛機場第4航廈站 (倫敦地鐵)); zh.wikipedia writes both 希斯罗 and 希思罗 for Heathrow across its station titles; 希思罗 (the mainland form, used by its Terminal 2&3 and Terminal 5 titles) is used
station	Barons Court	-0.21441	51.49035	男爵宫	A	https://zh.wikipedia.org/wiki/男爵宮站	metro or tram stop (m=1); Wikidata Q808729, 60 m from the map point
station	Arnos Grove	-0.1331	51.61643	亚诺斯高夫	A	https://zh.wikipedia.org/wiki/亞諾斯高夫站	metro or tram stop (m=1); Wikidata Q697151, 39 m from the map point; FLAG wording: the title is in Hong Kong or Taiwan wording and the page gives no mainland form
station	Coleraine	-6.66267	55.13396	科尔雷恩	C	https://zh.wikipedia.org/wiki/科爾雷恩	C1: station name equals the place Coleraine (Wikidata Q1108185, 151 m away), which has a zh.wikipedia article
station	New Brighton	-3.04805	53.43739	新布赖顿	C	https://zh.wikipedia.org/wiki/新白禮頓_(馬西塞特郡)	C1: station name equals the place New Brighton (Wikidata Q11790843, 603 m away), which has a zh.wikipedia article
station	Angel	-0.10604	51.53249	天使	A	https://zh.wikipedia.org/wiki/天使站_(伦敦地铁)	metro or tram stop (m=1); Wikidata Q531444, 133 m from the map point; FLAG disambiguator dropped from the title: (伦敦地铁)
station	Camden Town	-0.1427	51.53944	卡姆登镇	A	https://zh.wikipedia.org/wiki/康登鎮站	metro or tram stop (m=1); Wikidata Q1028430, 33 m from the map point; zh-cn form comes from a conversion rule on the page (stored title 康登鎮站)
station	East Finchley	-0.16481	51.58719	东芬奇利	A	https://zh.wikipedia.org/wiki/東芬奇利站	metro or tram stop (m=1); Wikidata Q1277850, 16 m from the map point
station	Highgate	-0.14583	51.57768	高门	A	https://zh.wikipedia.org/wiki/高門站	metro or tram stop (m=1); Wikidata Q617824, 11 m from the map point
station	Tufnell Park	-0.13846	51.5568	图夫尼尔公园	A	https://zh.wikipedia.org/wiki/圖夫尼爾公園站	metro or tram stop (m=1); Wikidata Q1780856, 18 m from the map point
station	Hendon Central	-0.22655	51.5834	亨顿中央	A	https://zh.wikipedia.org/wiki/亨頓中央站	metro or tram stop (m=1); Wikidata Q1308799, 49 m from the map point
station	Farnborough North	-0.74305	51.3024	法恩伯勒北	C	https://zh.wikipedia.org/wiki/法恩伯勒	C2: place Farnborough (Wikidata Q547071, 1463 m away) + fixed word 'north' = 北, as zh.wikipedia writes it in Bicester North=比斯特北, Clapham North=克拉珀姆北, Lambeth North=兰贝斯北
station	High Barnet	-0.19388	51.6504	高巴尼特	A	https://zh.wikipedia.org/wiki/高巴尼特站	metro or tram stop (m=1); Wikidata Q671034, 26 m from the map point
station	Brent Cross	-0.21397	51.57682	布伦特十字	A	https://zh.wikipedia.org/wiki/布倫特十字站	metro or tram stop (m=1); Wikidata Q1828818, 39 m from the map point
station	Great Yarmouth	1.72069	52.61192	大雅茅斯	C	https://zh.wikipedia.org/wiki/大雅茅斯	C1: station name equals the place Great Yarmouth (Wikidata Q237253, 955 m away), which has a zh.wikipedia article
station	Downpatrick	-5.72225	54.32568	唐帕特里克	C	https://zh.wikipedia.org/wiki/唐帕特里克	C1: station name equals the place Downpatrick (Wikidata Q1024917, 1315 m away), which has a zh.wikipedia article
station	Greenford	-0.3448	51.54212	格林福德	A	https://zh.wikipedia.org/wiki/格林福德站	metro or tram stop (m=1); Wikidata Q800841, 83 m from the map point
station	Wanstead Park	0.02607	51.55176	旺斯特德公园	A	https://zh.wikipedia.org/wiki/旺斯特德公園站	Wikidata Q641970, 23 m from the map point
station	Leytonstone High Road	0.0082	51.56368	莱顿斯通高路	A	https://zh.wikipedia.org/wiki/萊頓斯通高路站	Wikidata Q3500636, 47 m from the map point
station	West Croydon	-0.10162	51.37905	西克罗伊登	A	https://zh.wikipedia.org/wiki/西克羅伊登站	metro or tram stop (m=1); Wikidata Q801592, 103 m from the map point
station	East Croydon	-0.09265	51.37492	东克罗伊登	C	https://zh.wikipedia.org/wiki/克洛敦	metro or tram stop (m=1); C2: place Croydon (Wikidata Q2213391, 1224 m away) + fixed word 'east' = 东, as zh.wikipedia writes it in East Acton=东阿克顿, East Finchley=东芬奇利, East Putney=东帕特尼
station	Lebanon Road	-0.08452	51.37519	黎巴嫩路	B	Wikidata Q6511121 zh	metro or tram stop (m=1); Wikidata label only, no article; not checked one by one; label written in traditional characters (黎巴嫩路電車站), simplified by MediaWiki zh-cn conversion
station	Lloyd Park	-0.0807	51.36417	劳埃德公园	B	Wikidata Q6662683 zh	metro or tram stop (m=1); Wikidata label only, no article; not checked one by one; label written in traditional characters (勞埃德公園電車站), simplified by MediaWiki zh-cn conversion
station	Lebanon Road	-0.08556	51.3752	黎巴嫩路	B	Wikidata Q6511121 zh	metro or tram stop (m=1); Wikidata label only, no article; not checked one by one; label written in traditional characters (黎巴嫩路電車站), simplified by MediaWiki zh-cn conversion
station	Belgrave Walk	-0.17818	51.40087	贝尔格雷夫径	B	Wikidata Q4882688 zh	metro or tram stop (m=1); Wikidata label only, no article; not checked one by one; label written in traditional characters (貝爾格雷夫徑電車站), simplified by MediaWiki zh-cn conversion
station	Belgrave Walk	-0.17865	51.40109	贝尔格雷夫径	B	Wikidata Q4882688 zh	metro or tram stop (m=1); Wikidata label only, no article; not checked one by one; label written in traditional characters (貝爾格雷夫徑電車站), simplified by MediaWiki zh-cn conversion
station	Phipps Bridge	-0.18211	51.40335	菲普斯桥	B	Wikidata Q7186406 zh	metro or tram stop (m=1); Wikidata label only, no article; not checked one by one; label written in traditional characters (菲普斯橋電車站), simplified by MediaWiki zh-cn conversion
station	Heywood	-2.20701	53.58901	海伍德	C	https://zh.wikipedia.org/wiki/海伍德_(大曼彻斯特)	C1: station name equals the place Heywood (Wikidata Q1013970, 800 m away), which has a zh.wikipedia article
station	King's Sutton	-1.28097	52.02109	金斯萨顿	A	https://zh.wikipedia.org/wiki/金斯萨顿站	Wikidata Q1956571, 10 m from the map point
station	Virginia Water	-0.56208	51.40152	童贞湖	B	Wikidata Q976686 zh	Wikidata label only, no article; not checked one by one
station	Mill Hill East	-0.21015	51.60827	磨坊山东	A	https://zh.wikipedia.org/wiki/磨坊山東站	metro or tram stop (m=1); Wikidata Q1670635, 11 m from the map point
station	West Finchley	-0.18833	51.60943	西芬奇利	A	https://zh.wikipedia.org/wiki/西芬奇利站	metro or tram stop (m=1); Wikidata Q175436, 2 m from the map point
station	Woodside Park	-0.18552	51.61794	伍德塞德公园	A	https://zh.wikipedia.org/wiki/伍德塞德公園站	metro or tram stop (m=1); Wikidata Q1974772, 13 m from the map point
station	Bilston Central	-2.07506	52.56572	比尔斯通中央	C	https://zh.wikipedia.org/wiki/比爾斯通	metro or tram stop (m=1); C2: place Bilston (Wikidata Q1015967, 157 m away) + fixed word 'central' = 中央, as zh.wikipedia writes it in Finchley Central=芬奇利中央, Hendon Central=亨顿中央, Acton Central=阿克顿中央
station	Oswestry	-3.04986	52.86137	奥斯沃斯特里	C	https://zh.wikipedia.org/wiki/奧斯沃斯特里	C1: station name equals the place Oswestry (Wikidata Q1009221, 317 m away), which has a zh.wikipedia article
station	Epping	0.11399	51.69363	埃平	A	https://zh.wikipedia.org/wiki/埃平站	metro or tram stop (m=1); Wikidata Q1347650, 11 m from the map point
station	Shenfield	0.33002	51.63064	仙菲尔德	A	https://zh.wikipedia.org/wiki/仙菲爾德站	Wikidata Q3461338, 23 m from the map point; FLAG wording: the title is in Hong Kong or Taiwan wording and the page gives no mainland form
station	Ilford	0.06891	51.55894	伊尔福德	A	https://zh.wikipedia.org/wiki/伊爾福德站	Wikidata Q587700, 81 m from the map point
station	Seven Kings	0.09687	51.56394	七国王	A	https://zh.wikipedia.org/wiki/七國王站	Wikidata Q2527615, 49 m from the map point
station	Cambridge North	0.15877	52.22465	剑桥北	C	https://zh.wikipedia.org/wiki/劍橋	C2: place Cambridge (Wikidata Q350, 3087 m away) + fixed word 'north' = 北, as zh.wikipedia writes it in Bicester North=比斯特北, Clapham North=克拉珀姆北, Lambeth North=兰贝斯北
station	Braintree	0.55673	51.87531	布伦特里	C	https://zh.wikipedia.org/wiki/布倫特里	C1: station name equals the place Braintree (Wikidata Q676067, 586 m away), which has a zh.wikipedia article
station	Soham	0.3281	52.33495	索厄姆	C	https://zh.wikipedia.org/wiki/索厄姆	C1: station name equals the place Soham (Wikidata Q2148571, 556 m away), which has a zh.wikipedia article
station	Manningtree	1.04493	51.94914	曼宁特里	C	https://zh.wikipedia.org/wiki/曼寧特里	C1: station name equals the place Manningtree (Wikidata Q2195304, 1252 m away), which has a zh.wikipedia article
station	Basildon	0.4568	51.56814	巴西尔登	C	https://zh.wikipedia.org/wiki/巴兆敦	C1: station name equals the place Basildon (Wikidata Q216649, 2372 m away), which has a zh.wikipedia article
station	Horley	-0.16095	51.16879	霍利	C	https://zh.wikipedia.org/wiki/霍利	C1: station name equals the place Horley (Wikidata Q2280939, 945 m away), which has a zh.wikipedia article
station	Letchworth Garden City	-0.22891	51.98035	莱奇沃思	C	https://zh.wikipedia.org/wiki/萊奇沃思	C1: station name equals the place Letchworth Garden City (Wikidata Q19801, 272 m away), which has a zh.wikipedia article
station	Maryport	-3.49409	54.7113	玛丽波特	C	https://zh.wikipedia.org/wiki/瑪麗波特	C1: station name equals the place Maryport (Wikidata Q640981, 193 m away), which has a zh.wikipedia article
station	East Midlands Parkway	-1.26288	52.86227	东米德兰兹公园路	B	Wikidata Q5328988 zh	Wikidata label only, no article; not checked one by one; label written in traditional characters (東米德蘭茲公園路車站), simplified by MediaWiki zh-cn conversion
station	Welwyn Garden City	-0.20384	51.80085	韦林花园城	C	https://zh.wikipedia.org/wiki/韋林花園城	C1: station name equals the place Welwyn Garden City (Wikidata Q19789, 944 m away), which has a zh.wikipedia article
station	Rotherham Central	-1.36154	53.43103	罗瑟勒姆中央	C	https://zh.wikipedia.org/wiki/羅賽罕	metro or tram stop (m=1); C2: place Rotherham (Wikidata Q217039, 308 m away) + fixed word 'central' = 中央, as zh.wikipedia writes it in Finchley Central=芬奇利中央, Hendon Central=亨顿中央, Acton Central=阿克顿中央
station	South Harrow	-0.35222	51.56465	南哈罗	A	https://zh.wikipedia.org/wiki/南哈羅站	metro or tram stop (m=1); Wikidata Q946831, 8 m from the map point
station	Sudbury Town	-0.31562	51.55075	萨德贝里镇	A	https://zh.wikipedia.org/wiki/薩德伯里鎮站	metro or tram stop (m=1); Wikidata Q1768993, 10 m from the map point; zh-cn form comes from a conversion rule on the page (stored title 薩德伯里鎮站)
station	MediaCityUK	-2.29714	53.47214	英国媒体城	B	Wikidata Q6805377 zh	metro or tram stop (m=1); Wikidata label only, no article; not checked one by one; label written in traditional characters (英國媒體城站), simplified by MediaWiki zh-cn conversion
station	Nottingham Station	-1.14564	52.94677	诺丁汉站	A	https://zh.wikipedia.org/wiki/諾定咸站	metro or tram stop (m=1); Wikidata Q1988621, 35 m from the map point; the stop is named for the railway station, so the article title is kept whole, with 站; zh-cn form comes from a conversion rule on the page (stored title 諾定咸站)
station	Rochdale Railway Station	-2.15439	53.61102	罗奇代尔	C	https://zh.wikipedia.org/wiki/罗奇代尔	metro or tram stop (m=1); C1: station name equals the place Rochdale (Wikidata Q474605, 523 m away), which has a zh.wikipedia article
station	Energlyn & Churchill Park	-3.22908	51.58455	恩格林和丘吉尔公园	B	Wikidata Q15216643 zh	Wikidata label only, no article; not checked one by one
station	Acton Central	-0.26281	51.50872	阿克顿中央	A	https://zh.wikipedia.org/wiki/阿克頓中央站	Wikidata Q2640985, 13 m from the map point
station	Sudbury Hill	-0.33625	51.55688	萨德贝里山	A	https://zh.wikipedia.org/wiki/薩德伯里山站	metro or tram stop (m=1); Wikidata Q2121603, 12 m from the map point; zh-cn form comes from a conversion rule on the page (stored title 薩德伯里山站)
station	Edgware Road	-0.16676	51.52019	埃奇韦尔路	A	https://zh.wikipedia.org/wiki/埃奇韋爾路站_(環線、區域線和漢默史密斯及城市線)	metro or tram stop (m=1); Wikidata Q1284426, 74 m from the map point; FLAG disambiguator dropped from the title: (环线、区域线和哈默史密斯及城市线); zh-cn form comes from a conversion rule on the page (stored title 埃奇韋爾路站 (環線、區域線和漢默史密斯及城市線))
station	Battersea Park	-0.14758	51.47761	巴特西公园	C	https://zh.wikipedia.org/wiki/巴特西	C2: place Battersea (Wikidata Q1138912, 2079 m away) + fixed word 'park' = 公园, as zh.wikipedia writes it in Northolt Park=诺索尔特公园, St. James's Park=圣詹姆斯公园, Beckton Park=贝克顿公园
station	Ipswich	1.14479	52.05042	伊普斯威奇	A	https://zh.wikipedia.org/wiki/伊普斯維奇站	Wikidata Q2003305, 84 m from the map point; the station is named for the city; the city's own zh.wikipedia article gives 伊普斯威奇 in zh-cn (the usual mainland form), and station and city label should read the same
station	Ongar	0.24361	51.70873	翁加尔	A	https://zh.wikipedia.org/wiki/翁加爾車站	Wikidata Q450533, 60 m from the map point
station	North Weald	0.16416	51.71143	北威尔德	A	https://zh.wikipedia.org/wiki/北威爾德車站	Wikidata Q450510, 172 m from the map point
station	Kidbrooke	0.0279	51.46203	基德布鲁克	C	https://zh.wikipedia.org/wiki/基德布鲁克	C1: station name equals the place Kidbrooke (Wikidata Q2482914, 1099 m away), which has a zh.wikipedia article
station	Bolton	-2.42513	53.57352	博尔顿	C	https://zh.wikipedia.org/wiki/博尔顿	C1: station name equals the place Bolton (Wikidata Q184579, 625 m away), which has a zh.wikipedia article
station	Whitechapel	-0.06009	51.51976	白教堂	A	https://zh.wikipedia.org/wiki/白教堂站	metro or tram stop (m=1); Wikidata Q605723, 79 m from the map point
station	Haggerston	-0.07558	51.53866	海格尔斯顿	A	https://zh.wikipedia.org/wiki/海格爾斯頓站	Wikidata Q1842102, 14 m from the map point
station	Rotherhithe	-0.05197	51.50082	罗瑟希德	A	https://zh.wikipedia.org/wiki/羅瑟希德站	Wikidata Q175256, 18 m from the map point
station	Surrey Quays	-0.04783	51.49342	瑟里码头	A	https://zh.wikipedia.org/wiki/瑟里碼頭站	Wikidata Q801499, 11 m from the map point
station	Wapping	-0.05602	51.50443	沃平	A	https://zh.wikipedia.org/wiki/沃平站	Wikidata Q801580, 32 m from the map point
station	Denmark Hill	-0.0896	51.46804	丹麦山	A	https://zh.wikipedia.org/wiki/丹麦山站	Wikidata Q1981385, 32 m from the map point
station	Wandsworth Road	-0.13844	51.46996	旺兹沃思路	A	https://zh.wikipedia.org/wiki/旺茲沃思路站	Wikidata Q2472566, 5 m from the map point
station	Clapham High Street	-0.13231	51.46549	克拉珀姆高街	A	https://zh.wikipedia.org/wiki/克拉珀姆高街站	Wikidata Q2381798, 8 m from the map point
station	Hoxton	-0.07565	51.53159	霍克斯顿	A	https://zh.wikipedia.org/wiki/霍克斯頓站	Wikidata Q1851584, 29 m from the map point
station	Queens Road Peckham	-0.05705	51.47411	女王路佩卡姆	A	https://zh.wikipedia.org/wiki/女王路佩卡姆站	Wikidata Q1897912, 59 m from the map point
station	Bentley	-0.8682	51.18123	本特利	C	https://zh.wikipedia.org/wiki/本特利_(漢普郡)	C1: station name equals the place Bentley (Wikidata Q499351, 1566 m away), which has a zh.wikipedia article
station	Edmonton Green	-0.0614	51.6245	埃德蒙顿绿地	A	https://zh.wikipedia.org/wiki/埃德蒙頓綠地站	Wikidata Q2410534, 33 m from the map point
station	Beaconsfield	-0.6436	51.61136	比肯斯菲尔德	A	https://zh.wikipedia.org/wiki/比肯斯菲尔德站_(英格兰)	Wikidata Q4876042, 49 m from the map point; FLAG disambiguator dropped from the title: (英格兰)
station	Wallingford	-1.13546	51.59741	瓦灵福德	C	https://zh.wikipedia.org/wiki/瓦靈福德	C1: station name equals the place Wallingford (Wikidata Q988100, 745 m away), which has a zh.wikipedia article
station	Peterborough	-0.25032	52.5746	彼得伯勒	A	https://zh.wikipedia.org/wiki/彼得伯勒站	Wikidata Q2206677, 24 m from the map point
station	Bridgnorth	-2.42076	52.53053	布里奇诺斯	C	https://zh.wikipedia.org/wiki/布里奇諾斯	C1: station name equals the place Bridgnorth (Wikidata Q914000, 505 m away), which has a zh.wikipedia article
station	Haymarket	-3.2196	55.94576	干草市场	A	https://zh.wikipedia.org/wiki/乾草市場站_(愛丁堡)	metro or tram stop (m=1); Wikidata Q800709, 81 m from the map point; FLAG disambiguator dropped from the title: (爱丁堡)
station	Alton	-0.96713	51.1519	奥尔顿	C	https://zh.wikipedia.org/wiki/奧爾頓_(漢普郡)	C1: station name equals the place Alton (Wikidata Q443840, 721 m away), which has a zh.wikipedia article
station	Ebbw Vale Town	-3.20242	51.77663	埃布谷镇	B	Wikidata Q5331569 zh	Wikidata label only, no article; not checked one by one
station	Dundonald Road	-0.20754	51.41745	邓唐纳德路	B	Wikidata Q5314898 zh	metro or tram stop (m=1); Wikidata label only, no article; not checked one by one; label written in traditional characters (鄧唐納德路電車站), simplified by MediaWiki zh-cn conversion
station	Morden Road	-0.19267	51.40877	莫登路	C	https://zh.wikipedia.org/wiki/莫登	metro or tram stop (m=1); C2: place Morden (Wikidata Q3323858, 824 m away) + fixed word 'road' = 路, as zh.wikipedia writes it in Wandsworth Road=旺兹沃思路, Finchley Road=芬奇利路, Holloway Road=霍洛韦路
station	Merton Park	-0.20117	51.41359	默顿公园	B	Wikidata Q12061717 zh	metro or tram stop (m=1); Wikidata label only, no article; not checked one by one; label written in traditional characters (默頓公園電車站), simplified by MediaWiki zh-cn conversion
station	Barry Docks	-3.26116	51.4026	巴里船坞	B	Wikidata Q2608749 zh	Wikidata label only, no article; not checked one by one
station	Billericay	0.41813	51.62884	比勒里基	C	https://zh.wikipedia.org/wiki/比勒里基	C1: station name equals the place Billericay (Wikidata Q862832, 95 m away), which has a zh.wikipedia article
station	Atherstone	-1.55237	52.57852	亚瑟斯通	C	https://zh.wikipedia.org/wiki/亞瑟斯通	C1: station name equals the place Atherstone (Wikidata Q747778, 418 m away), which has a zh.wikipedia article
station	Bellshill	-4.02433	55.81706	贝尔斯希尔	C	https://zh.wikipedia.org/wiki/贝尔斯希尔	C1: station name equals the place Bellshill (Wikidata Q680984, 463 m away), which has a zh.wikipedia article
station	Brixton	-0.11335	51.4629	布里克斯顿	A	https://zh.wikipedia.org/wiki/布里克斯頓站	Wikidata Q117586, 77 m from the map point
station	Kilwinning	-4.70954	55.65618	基尔温宁	C	https://zh.wikipedia.org/wiki/基爾溫寧	C1: station name equals the place Kilwinning (Wikidata Q1013827, 912 m away), which has a zh.wikipedia article
station	Weymouth	-2.45491	50.61593	韦茅斯	C	https://zh.wikipedia.org/wiki/韋茅斯_(英國)	C1: station name equals the place Weymouth (Wikidata Q661619, 691 m away), which has a zh.wikipedia article
station	Neath	-3.8074	51.66203	尼思	C	https://zh.wikipedia.org/wiki/尼思	C1: station name equals the place Neath (Wikidata Q2003342, 289 m away), which has a zh.wikipedia article
station	Bishopbriggs	-4.22452	55.90397	毕晓普布里格斯	C	https://zh.wikipedia.org/wiki/毕晓普布里格斯	C1: station name equals the place Bishopbriggs (Wikidata Q866347, 76 m away), which has a zh.wikipedia article
station	Barbican	-0.09863	51.52018	巴比肯	A	https://zh.wikipedia.org/wiki/巴比肯站	metro or tram stop (m=1); Wikidata Q38876, 64 m from the map point
station	Barkingside	0.08862	51.58582	巴金赛德	A	https://zh.wikipedia.org/wiki/巴金賽德站	metro or tram stop (m=1); Wikidata Q808290, 2 m from the map point
station	Bond Street	-0.14942	51.51398	庞德街	A	https://zh.wikipedia.org/wiki/龐德街站	metro or tram stop (m=1); Wikidata Q892189, 52 m from the map point; FLAG wording: the title is in Hong Kong or Taiwan wording and the page gives no mainland form
station	Buckhurst Hill	0.04682	51.62594	巴克赫斯特山	A	https://zh.wikipedia.org/wiki/巴克赫斯特山站	metro or tram stop (m=1); Wikidata Q999705, 81 m from the map point
station	Chancery Lane	-0.11176	51.51817	法院巷	A	https://zh.wikipedia.org/wiki/法院巷站	metro or tram stop (m=1); Wikidata Q1061682, 48 m from the map point
station	Chigwell	0.07572	51.61764	齐格威尔	A	https://zh.wikipedia.org/wiki/齊格威爾站	metro or tram stop (m=1); Wikidata Q597571, 19 m from the map point
station	Debden	0.08358	51.64528	迪布顿	A	https://zh.wikipedia.org/wiki/迪布頓站	metro or tram stop (m=1); Wikidata Q1181455, 21 m from the map point
station	Fairlop	0.09113	51.59595	菲尔洛普	A	https://zh.wikipedia.org/wiki/菲爾洛普站	metro or tram stop (m=1); Wikidata Q1393332, 13 m from the map point
station	Gants Hill	0.06488	51.57652	间士丘	A	https://zh.wikipedia.org/wiki/間士丘站	metro or tram stop (m=1); Wikidata Q1493698, 87 m from the map point; FLAG wording: the title is in Hong Kong or Taiwan wording and the page gives no mainland form
station	Grange Hill	0.0925	51.61313	格兰治山	A	https://zh.wikipedia.org/wiki/格蘭治山站	metro or tram stop (m=1); Wikidata Q646052, 30 m from the map point
station	Hainault	0.09338	51.60331	海诺特	A	https://zh.wikipedia.org/wiki/海諾特站	metro or tram stop (m=1); Wikidata Q1569388, 4 m from the map point
station	Mile End	-0.03343	51.52534	麦尔安德	A	https://zh.wikipedia.org/wiki/麥爾安德站	metro or tram stop (m=1); Wikidata Q784876, 48 m from the map point
station	Monument	-0.08613	51.51063	纪念碑	A	https://zh.wikipedia.org/wiki/銀行及紀念碑站	metro or tram stop (m=1); linked by hand: one article covers the joint station Bank and Monument (title 银行及纪念碑站 in zh-cn); the half of the title that is this station is used. The Monument stop of the Tyne and Wear Metro in Newcastle is a different station with a row of its own (tier B)
station	Roding Valley	0.04376	51.61708	罗丁谷	A	https://zh.wikipedia.org/wiki/羅丁谷站	metro or tram stop (m=1); Wikidata Q2161169, 18 m from the map point
station	Watford Junction	-0.39611	51.66394	沃特福德交汇	A	https://zh.wikipedia.org/wiki/沃特福德交匯站	Wikidata Q10698, 53 m from the map point
station	Gainsborough Central	-0.76951	53.39899	根斯堡中央	C	https://zh.wikipedia.org/wiki/根斯堡_(林肯郡)	C2: place Gainsborough (Wikidata Q288082, 380 m away) + fixed word 'central' = 中央, as zh.wikipedia writes it in Finchley Central=芬奇利中央, Hendon Central=亨顿中央, Acton Central=阿克顿中央
station	Worksop	-1.12286	53.3116	沃克索普	C	https://zh.wikipedia.org/wiki/沃克索普	C1: station name equals the place Worksop (Wikidata Q2281091, 209 m away), which has a zh.wikipedia article
station	Battle	0.49492	50.91289	巴特尔	C	https://zh.wikipedia.org/wiki/巴特尔_(英国城镇)	C1: station name equals the place Battle (Wikidata Q737593, 915 m away), which has a zh.wikipedia article
station	Etchingham	0.44238	51.01066	艾金汉	B	Wikidata Q2498415 zh	Wikidata label only, no article; not checked one by one
station	Shirebrook	-1.20259	53.20412	夏尔布鲁克	C	https://zh.wikipedia.org/wiki/夏尔布鲁克	C1: station name equals the place Shirebrook (Wikidata Q2345424, 1143 m away), which has a zh.wikipedia article
station	Bradford-on-Avon	-2.25275	51.34479	埃文河畔布拉德福德	C	https://zh.wikipedia.org/wiki/埃文河畔布拉德福德	C1: station name equals the place Bradford-on-Avon (Wikidata Q896940, 265 m away), which has a zh.wikipedia article
station	Broughty Ferry	-2.87399	56.46764	布劳蒂费里	A	https://zh.wikipedia.org/wiki/布勞蒂費里站	Wikidata Q2765820, 50 m from the map point
station	Rotherham Central	-1.36105	53.4317	罗瑟勒姆中央	C	https://zh.wikipedia.org/wiki/羅賽罕	C2: place Rotherham (Wikidata Q217039, 317 m away) + fixed word 'central' = 中央, as zh.wikipedia writes it in Finchley Central=芬奇利中央, Hendon Central=亨顿中央, Acton Central=阿克顿中央
station	Northallerton West	-1.45025	54.33872	诺萨勒顿西	C	https://zh.wikipedia.org/wiki/北阿勒顿	C2: place Northallerton (Wikidata Q920381, 1415 m away) + fixed word 'west' = 西, as zh.wikipedia writes it in Penge West=彭奇西, Hounslow West=豪恩斯洛西, Kentish Town West=肯蒂什镇西
station	Chessington South	-0.3081	51.35675	切辛顿南	B	Wikidata Q1812549 zh	Wikidata label only, no article; not checked one by one; label written in traditional characters (切辛頓南站), simplified by MediaWiki zh-cn conversion
station	Loughborough	-1.19651	52.77958	拉夫伯勒	A	https://zh.wikipedia.org/wiki/拉夫堡站	Wikidata Q1912686, 64 m from the map point; zh-cn form comes from a conversion rule on the page (stored title 拉夫堡站)
station	Farringdon	-0.10455	51.51996	法灵顿	A	https://zh.wikipedia.org/wiki/法靈頓站	metro or tram stop (m=1); Wikidata Q800754, 73 m from the map point
station	Wivenhoe	0.95624	51.8566	威文霍	C	https://zh.wikipedia.org/wiki/威文霍	C1: station name equals the place Wivenhoe (Wikidata Q1757774, 1200 m away), which has a zh.wikipedia article
station	Leicester Square	-0.12826	51.51146	莱斯特广场	A	https://zh.wikipedia.org/wiki/萊斯特廣場站	metro or tram stop (m=1); Wikidata Q2538959, 16 m from the map point
station	Hampton	-0.37215	51.41591	汉普顿	C	https://zh.wikipedia.org/wiki/漢普頓_(倫敦)	C1: station name equals the place Hampton (Wikidata Q766353, 776 m away), which has a zh.wikipedia article
station	Shepperton	-0.44691	51.3969	谢珀顿	C	https://zh.wikipedia.org/wiki/謝珀頓	C1: station name equals the place Shepperton (Wikidata Q1545679, 182 m away), which has a zh.wikipedia article
station	Sevenoaks	0.18194	51.27641	塞文奥克斯	C	https://zh.wikipedia.org/wiki/塞文奧克斯	C1: station name equals the place Sevenoaks (Wikidata Q939838, 424 m away), which has a zh.wikipedia article
station	Vauxhall	-0.12275	51.48585	沃克斯豪尔	A	https://zh.wikipedia.org/wiki/沃克斯霍爾站	Wikidata Q664375, 21 m from the map point; zh-cn form comes from a conversion rule on the page (stored title 沃克斯霍爾站)
station	Canterbury West	1.07531	51.28422	坎特伯雷西	C	https://zh.wikipedia.org/wiki/坎特伯雷	C2: place Canterbury (Wikidata Q29303, 673 m away) + fixed word 'west' = 西, as zh.wikipedia writes it in Penge West=彭奇西, Hounslow West=豪恩斯洛西, Kentish Town West=肯蒂什镇西
station	Aylesbury Vale Parkway	-0.85983	51.83128	艾尔斯伯里谷地公园大道	A	https://zh.wikipedia.org/wiki/艾尔斯伯里谷地公园大道站	Wikidata Q4831380, 117 m from the map point
station	Amersham	-0.60736	51.67409	阿默舍姆	A	https://zh.wikipedia.org/wiki/阿默舍姆站	metro or tram stop (m=1); Wikidata Q800384, 3 m from the map point
station	Farnborough (Main)	-0.75552	51.29682	法恩伯勒（主）	B	Wikidata Q1941502 zh	Wikidata label only, no article; not checked one by one
station	Chalfont & Latimer	-0.56117	51.6681	查尔方特及拉蒂默	A	https://zh.wikipedia.org/wiki/查爾方特及拉蒂默站	metro or tram stop (m=1); Wikidata Q800618, 25 m from the map point
station	Wye	0.92967	51.18559	瓦伊	B	Wikidata Q2011884 zh-cn	Wikidata label only, no article; not checked one by one
station	Penge West	-0.06066	51.4175	彭奇西	A	https://zh.wikipedia.org/wiki/彭奇西站	Wikidata Q2389053, 22 m from the map point
station	Dorking West	-0.33985	51.23635	多尔金西	A	https://zh.wikipedia.org/wiki/多尔金西站	Wikidata Q2456082, 40 m from the map point
station	Galashiels	-2.80572	55.61785	加拉希尔斯	C	https://zh.wikipedia.org/wiki/加拉希尔斯	C1: station name equals the place Galashiels (Wikidata Q1016925, 881 m away), which has a zh.wikipedia article
station	Welling	0.10163	51.46482	韦灵	C	https://zh.wikipedia.org/wiki/威靈	C1: station name equals the place Welling (Wikidata Q146779, 823 m away), which has a zh.wikipedia article
station	Erith	0.17519	51.48158	埃里思	C	https://zh.wikipedia.org/wiki/埃里思	C1: station name equals the place Erith (Wikidata Q146671, 766 m away), which has a zh.wikipedia article
station	Wandsworth Town	-0.18825	51.46096	旺兹沃思镇	B	Wikidata Q2834607 zh	Wikidata label only, no article; not checked one by one; label written in traditional characters (旺茲沃思鎮車站), simplified by MediaWiki zh-cn conversion
station	New Malden	-0.25576	51.40396	新莫尔登	C	https://zh.wikipedia.org/wiki/新莫爾登	C1: station name equals the place New Malden (Wikidata Q3054629, 512 m away), which has a zh.wikipedia article
station	City Thameslink	-0.10356	51.51513	城市泰晤士连线	A	https://zh.wikipedia.org/wiki/城市泰晤士連線站	Wikidata Q800630, 131 m from the map point
station	Liverpool Street	-0.08252	51.51768	利物浦街	A	https://zh.wikipedia.org/wiki/利物浦街站	metro or tram stop (m=1); Wikidata Q801124, 133 m from the map point
station	London Liverpool Street	-0.08143	51.51821	利物浦街	A	https://zh.wikipedia.org/wiki/利物浦街站	Wikidata Q801124, 44 m from the map point
station	Cannon Street	-0.09036	51.51138	坎农街	A	https://zh.wikipedia.org/wiki/坎農街站	metro or tram stop (m=1); Wikidata Q800615, 14 m from the map point
station	London Cannon Street	-0.0906	51.51067	坎农街	A	https://zh.wikipedia.org/wiki/坎農街站	Wikidata Q800615, 80 m from the map point
station	Piccadilly Circus	-0.13455	51.50982	皮卡迪利圆环	A	https://zh.wikipedia.org/wiki/皮卡迪利圓環站	metro or tram stop (m=1); Wikidata Q26448, 19 m from the map point
station	London Waterloo	-0.1128	51.50284	伦敦滑铁卢	A	https://zh.wikipedia.org/wiki/倫敦滑鐵盧站	Wikidata Q795691, 40 m from the map point
station	Waterloo	-0.11398	51.503	滑铁卢	A	https://zh.wikipedia.org/wiki/滑鐵盧站_(倫敦地鐵)	metro or tram stop (m=1); Wikidata Q10319641, 88 m from the map point; FLAG disambiguator dropped from the title: (伦敦地铁)
station	Dundee	-2.9709	56.45661	邓迪	A	https://zh.wikipedia.org/wiki/丹地站	Wikidata Q3096420, 6 m from the map point; zh-cn form comes from a conversion rule on the page (stored title 丹地站)
station	Tolworth	-0.27944	51.37687	托沃思	C	https://zh.wikipedia.org/wiki/托沃思	C1: station name equals the place Tolworth (Wikidata Q2144907, 787 m away), which has a zh.wikipedia article
station	Chessington North	-0.30073	51.36398	切辛顿北	C	https://zh.wikipedia.org/wiki/切辛頓	C2: place Chessington (Wikidata Q2220767, 84 m away) + fixed word 'north' = 北, as zh.wikipedia writes it in Bicester North=比斯特北, Clapham North=克拉珀姆北, Lambeth North=兰贝斯北
station	Streatham	-0.13131	51.42596	斯特雷特姆	C	https://zh.wikipedia.org/wiki/斯特雷特姆	C1: station name equals the place Streatham (Wikidata Q146667, 584 m away), which has a zh.wikipedia article
station	Charing Cross	-0.12639	51.50797	查令十字	A	https://zh.wikipedia.org/wiki/查令十字站_(倫敦地鐵)	metro or tram stop (m=1); Wikidata Q795322, 116 m from the map point; FLAG disambiguator dropped from the title: (伦敦地铁)
station	Elephant & Castle	-0.09872	51.49404	象堡	A	https://zh.wikipedia.org/wiki/象堡站_(倫敦地鐵)	Wikidata Q1481451, 211 m from the map point; FLAG disambiguator dropped from the title: (伦敦地铁)
station	Elephant & Castle	-0.10057	51.49489	象堡	A	https://zh.wikipedia.org/wiki/象堡站_(倫敦地鐵)	metro or tram stop (m=1); Wikidata Q1481451, 74 m from the map point; FLAG disambiguator dropped from the title: (伦敦地铁)
station	Sutton	-0.19089	51.35968	萨顿	C	https://zh.wikipedia.org/wiki/薩頓_(倫敦)	C1: station name equals the place Sutton (Wikidata Q3139238, 759 m away), which has a zh.wikipedia article
station	London Euston	-0.13419	51.52885	尤斯顿	A	https://zh.wikipedia.org/wiki/尤斯頓站	Wikidata Q800751, 91 m from the map point
station	Euston	-0.13387	51.52829	尤斯顿	A	https://zh.wikipedia.org/wiki/尤斯頓站_(倫敦地鐵)	metro or tram stop (m=1); Wikidata Q1378779, 55 m from the map point; FLAG disambiguator dropped from the title: (伦敦地铁)
station	Barnes	-0.24118	51.46678	巴恩斯	C	https://zh.wikipedia.org/wiki/巴恩斯_(倫敦)	C1: station name equals the place Barnes (Wikidata Q668140, 914 m away), which has a zh.wikipedia article
station	St Helens Junction	-2.70009	53.43378	圣海伦斯交汇	C	https://zh.wikipedia.org/wiki/聖海倫斯	C2: place St Helens (Wikidata Q153647, 3798 m away) + fixed word 'junction' = 交汇, as zh.wikipedia writes it in Dalston Junction=达尔斯顿交汇, Watford Junction=沃特福德交汇, Clapham Junction=克拉珀姆交汇
station	Farnham	-0.79242	51.21181	法纳姆	C	https://zh.wikipedia.org/wiki/法納姆	C1: station name equals the place Farnham (Wikidata Q643160, 520 m away), which has a zh.wikipedia article
station	Holborn	-0.12007	51.51711	霍尔本	A	https://zh.wikipedia.org/wiki/霍本站	metro or tram stop (m=1); Wikidata Q1433544, 13 m from the map point; zh-cn form comes from a conversion rule on the page (stored title 霍本站)
station	Seer Green and Jordans	-0.6077	51.60984	锡尔格林及乔丹斯	A	https://zh.wikipedia.org/wiki/锡尔格林及乔丹斯站	Wikidata Q7445936, 15 m from the map point
station	Seaham	-1.34638	54.83909	锡厄姆	C	https://zh.wikipedia.org/wiki/錫厄姆	C1: station name equals the place Seaham (Wikidata Q2345990, 421 m away), which has a zh.wikipedia article
station	Guiseley	-1.71512	53.87607	盖斯利	B	Wikidata Q2407772 zh	Wikidata label only, no article; not checked one by one; label written in traditional characters (蓋斯利車站), simplified by MediaWiki zh-cn conversion
station	Brighouse	-1.77934	53.69816	布里格豪斯	C	https://zh.wikipedia.org/wiki/布里格豪斯	C1: station name equals the place Brighouse (Wikidata Q183296, 1379 m away), which has a zh.wikipedia article
station	Bracknell	-0.75226	51.41301	布拉克内尔	C	https://zh.wikipedia.org/wiki/布拉克內爾	C1: station name equals the place Bracknell (Wikidata Q783210, 403 m away), which has a zh.wikipedia article
station	Runcorn East	-2.6655	53.32794	朗科恩东	C	https://zh.wikipedia.org/wiki/朗科恩	C2: place Runcorn (Wikidata Q1009316, 4788 m away) + fixed word 'east' = 东, as zh.wikipedia writes it in Aldgate East=阿尔德门东, Hounslow East=豪恩斯洛东, Dagenham East=达格纳姆东
station	Redcar Central	-1.07032	54.61599	雷德卡中央	C	https://zh.wikipedia.org/wiki/雷德卡	C2: place Redcar (Wikidata Q1193749, 308 m away) + fixed word 'central' = 中央, as zh.wikipedia writes it in Finchley Central=芬奇利中央, Hendon Central=亨顿中央, Acton Central=阿克顿中央
station	Yarm	-1.35147	54.49376	亚姆	C	https://zh.wikipedia.org/wiki/亞姆	C1: station name equals the place Yarm (Wikidata Q2462654, 1271 m away), which has a zh.wikipedia article
station	Beverley	-0.4229	53.84216	贝弗利	C	https://zh.wikipedia.org/wiki/貝弗利_(英格蘭)	C1: station name equals the place Beverley (Wikidata Q851718, 571 m away), which has a zh.wikipedia article
station	Bridlington	-0.20037	54.08407	布里德灵顿	C	https://zh.wikipedia.org/wiki/布里德靈頓	C1: station name equals the place Bridlington (Wikidata Q527391, 437 m away), which has a zh.wikipedia article
station	Driffield	-0.43456	54.00145	德里菲尔德	C	https://zh.wikipedia.org/wiki/德里菲爾德	C1: station name equals the place Driffield (Wikidata Q611046, 455 m away), which has a zh.wikipedia article
station	Filey	-0.29386	54.20981	法利	C	https://zh.wikipedia.org/wiki/法利	C1: station name equals the place Filey (Wikidata Q82334, 299 m away), which has a zh.wikipedia article
station	Telford Central	-2.44118	52.68111	特尔福德中央	C	https://zh.wikipedia.org/wiki/特爾福德	C2: place Telford (Wikidata Q576938, 478 m away) + fixed word 'central' = 中央, as zh.wikipedia writes it in Finchley Central=芬奇利中央, Hendon Central=亨顿中央, Acton Central=阿克顿中央
station	Church Stretton	-2.80368	52.5373	彻奇斯特雷顿	C	https://zh.wikipedia.org/wiki/徹奇斯特雷頓	C1: station name equals the place Church Stretton (Wikidata Q867120, 348 m away), which has a zh.wikipedia article
station	Bingley	-1.83716	53.84872	宾利	C	https://zh.wikipedia.org/wiki/賓利_(西約克郡)	C1: station name equals the place Bingley (Wikidata Q863832, 312 m away), which has a zh.wikipedia article
station	Keighley	-1.90136	53.86793	基斯利	C	https://zh.wikipedia.org/wiki/基斯利	C1: station name equals the place Keighley (Wikidata Q990168, 1015 m away), which has a zh.wikipedia article
station	Accrington	-2.37012	53.7528	阿克宁顿	C	https://zh.wikipedia.org/wiki/阿克寧頓	C1: station name equals the place Accrington (Wikidata Q1622949, 418 m away), which has a zh.wikipedia article
station	Corbridge	-2.01903	54.96626	科布里奇	B	Wikidata Q1883670 zh	Wikidata label only, no article; not checked one by one
station	Haltwhistle	-2.46276	54.96799	霍特惠斯尔	C	https://zh.wikipedia.org/wiki/霍特惠斯爾	C1: station name equals the place Haltwhistle (Wikidata Q748591, 378 m away), which has a zh.wikipedia article
station	Hebden Bridge	-2.00888	53.73764	赫布登布里奇	C	https://zh.wikipedia.org/wiki/赫布登布里奇	C1: station name equals the place Hebden Bridge (Wikidata Q1023948, 485 m away), which has a zh.wikipedia article
station	Horsforth	-1.63022	53.84775	霍斯福斯	C	https://zh.wikipedia.org/wiki/霍斯福斯	C1: station name equals the place Horsforth (Wikidata Q747807, 1729 m away), which has a zh.wikipedia article
station	Knaresborough	-1.47032	54.00903	纳尔斯伯勒	C	https://zh.wikipedia.org/wiki/納爾斯伯勒	C1: station name equals the place Knaresborough (Wikidata Q535902, 228 m away), which has a zh.wikipedia article
station	Motherwell	-3.99467	55.79189	马瑟韦尔	C	https://zh.wikipedia.org/wiki/馬瑟韋爾	C1: station name equals the place Motherwell (Wikidata Q737547, 308 m away), which has a zh.wikipedia article
station	Whitby	-0.61453	54.48432	惠特比	C	https://zh.wikipedia.org/wiki/惠特比	C1: station name equals the place Whitby (Wikidata Q852778, 426 m away), which has a zh.wikipedia article
station	Stoke Mandeville	-0.78434	51.78788	斯托克曼德维尔	A	https://zh.wikipedia.org/wiki/斯托克曼德维尔站	Wikidata Q2244698, 27 m from the map point
station	Sittingbourne	0.73515	51.34208	锡廷伯恩	C	https://zh.wikipedia.org/wiki/錫廷伯恩	C1: station name equals the place Sittingbourne (Wikidata Q1626044, 409 m away), which has a zh.wikipedia article
station	Kingussie	-4.05318	57.07779	金尤西	C	https://zh.wikipedia.org/wiki/金尤西	C1: station name equals the place Kingussie (Wikidata Q1016904, 312 m away), which has a zh.wikipedia article
station	Whitstable	1.03436	51.35769	惠特斯特布尔	C	https://zh.wikipedia.org/wiki/惠斯塔布	C1: station name equals the place Whitstable (Wikidata Q964785, 689 m away), which has a zh.wikipedia article
station	Cumbernauld	-3.9803	55.9419	坎伯诺尔德	C	https://zh.wikipedia.org/wiki/坎伯諾爾德	C1: station name equals the place Cumbernauld (Wikidata Q996616, 212 m away), which has a zh.wikipedia article
station	Hamilton Central	-4.03882	55.77315	哈密尔顿中央	C	https://zh.wikipedia.org/wiki/漢密爾頓_(南拉納克郡)	C2: place Hamilton (Wikidata Q4131, 429 m away) + fixed word 'central' = 中央, as zh.wikipedia writes it in Finchley Central=芬奇利中央, Hendon Central=亨顿中央, Acton Central=阿克顿中央
station	Shadwell	-0.05692	51.51129	沙德韦尔	A	https://zh.wikipedia.org/wiki/沙德韋爾站	Wikidata Q4115037, 10 m from the map point
station	Rhoose Cardiff International Airport	-3.34945	51.38715	加的夫国际机场	A	https://zh.wikipedia.org/wiki/加的夫国际机场站	Wikidata Q2146222, 39 m from the map point
station	Coatbridge Central	-4.03208	55.86267	科特布里奇中央	C	https://zh.wikipedia.org/wiki/科特布里奇	C2: place Coatbridge (Wikidata Q1018723, 339 m away) + fixed word 'central' = 中央, as zh.wikipedia writes it in Finchley Central=芬奇利中央, Hendon Central=亨顿中央, Acton Central=阿克顿中央
station	Alloa	-3.78832	56.11794	阿洛阿	C	https://zh.wikipedia.org/wiki/阿洛阿	C1: station name equals the place Alloa (Wikidata Q1009331, 325 m away), which has a zh.wikipedia article
station	Wimbledon Park	-0.19904	51.43406	温布尔登公园	A	https://zh.wikipedia.org/wiki/溫布頓公園站	metro or tram stop (m=1); Wikidata Q1974778, 1 m from the map point; zh-cn form comes from a conversion rule on the page (stored title 溫布頓公園站)
station	Ravenscourt Park	-0.23579	51.49413	雷文史各公园	A	https://zh.wikipedia.org/wiki/雷文史各公園站	metro or tram stop (m=1); Wikidata Q768560, 5 m from the map point; FLAG wording: the title is in Hong Kong or Taiwan wording and the page gives no mainland form
station	Imperial Wharf	-0.18293	51.4751	帝国码头	A	https://zh.wikipedia.org/wiki/帝國碼頭站	Wikidata Q800954, 11 m from the map point
station	Cheshunt	-0.02378	51.70286	切森特	A	https://zh.wikipedia.org/wiki/切森特站	Wikidata Q3303565, 22 m from the map point
station	Woking	-0.55731	51.31845	沃金	C	https://zh.wikipedia.org/wiki/沃金	C1: station name equals the place Woking (Wikidata Q646225, 371 m away), which has a zh.wikipedia article
station	Tooting	-0.16132	51.41985	图廷	C	https://zh.wikipedia.org/wiki/圖廳	C1: station name equals the place Tooting (Wikidata Q2361392, 943 m away), which has a zh.wikipedia article
station	Blackfriars	-0.10377	51.51159	黑衣修士	A	https://zh.wikipedia.org/wiki/黑衣修士站	metro or tram stop (m=1); Wikidata Q284195, 50 m from the map point
station	London Victoria	-0.14458	51.49473	伦敦维多利亚	A	https://zh.wikipedia.org/wiki/倫敦維多利亞站	Wikidata Q985210, 76 m from the map point
station	Harrogate	-1.53743	53.9934	哈罗盖特	A	https://zh.wikipedia.org/wiki/哈罗盖特站	Wikidata Q2698559, 11 m from the map point
station	Lambeth North	-0.11201	51.49893	兰贝斯北	A	https://zh.wikipedia.org/wiki/蘭貝斯北站	metro or tram stop (m=1); Wikidata Q1549587, 24 m from the map point
station	Taunton	-3.10267	51.02329	汤顿	C	https://zh.wikipedia.org/wiki/湯頓	C1: station name equals the place Taunton (Wikidata Q845619, 496 m away), which has a zh.wikipedia article
station	Dorking	-0.32414	51.24117	多尔金	A	https://zh.wikipedia.org/wiki/多尔金站	Wikidata Q1914125, 21 m from the map point
station	Aldgate	-0.07572	51.51425	阿尔德门	A	https://zh.wikipedia.org/wiki/阿爾德門站	metro or tram stop (m=1); Wikidata Q782929, 34 m from the map point
station	Bury St Edmunds	0.71259	52.25364	圣埃德蒙兹贝里	C	https://zh.wikipedia.org/wiki/圣埃德蒙兹伯里	C1: station name equals the place Bury St Edmunds (Wikidata Q764754, 776 m away), which has a zh.wikipedia article
station	Stowmarket	1.00026	52.1898	斯托马基特	C	https://zh.wikipedia.org/wiki/斯托馬基特	C1: station name equals the place Stowmarket (Wikidata Q2454255, 28 m away), which has a zh.wikipedia article
station	Seven Sisters	-0.07493	51.58247	七姊妹	A	https://zh.wikipedia.org/wiki/七姊妹站	metro or tram stop (m=1); Wikidata Q801433, 124 m from the map point
station	Bishop's Stortford	0.1654	51.86643	毕晓普斯托福德	C	https://zh.wikipedia.org/wiki/比沙普斯托福	C1: station name equals the place Bishop's Stortford (Wikidata Q19797, 789 m away), which has a zh.wikipedia article
station	Southfields	-0.20661	51.44578	南菲尔德斯	A	https://zh.wikipedia.org/wiki/南菲爾德斯站	metro or tram stop (m=1); Wikidata Q1974786, 88 m from the map point
station	Vauxhall	-0.12486	51.48601	沃克斯豪尔	A	https://zh.wikipedia.org/wiki/沃克斯霍爾站	metro or tram stop (m=1); Wikidata Q664375, 127 m from the map point; zh-cn form comes from a conversion rule on the page (stored title 沃克斯霍爾站)
station	Oxford Parkway	-1.27509	51.80375	牛津公园大道	A	https://zh.wikipedia.org/wiki/牛津公园大道站	Wikidata Q7973289, 64 m from the map point
station	Orpington	0.08872	51.3736	奥尔平顿	C	https://zh.wikipedia.org/wiki/奧爾平頓	C1: station name equals the place Orpington (Wikidata Q123977, 689 m away), which has a zh.wikipedia article
station	Dorking Deepdene	-0.32398	51.23882	多尔金迪普登	A	https://zh.wikipedia.org/wiki/多尔金迪普登站	Wikidata Q2343042, 74 m from the map point
station	Redhill	-0.16558	51.24005	雷德希尔	C	https://zh.wikipedia.org/wiki/雷德希爾	C1: station name equals the place Redhill (Wikidata Q1851095, 496 m away), which has a zh.wikipedia article
station	Weybridge	-0.45808	51.36144	韦布里奇	C	https://zh.wikipedia.org/wiki/韦布里奇	C1: station name equals the place Weybridge (Wikidata Q1754096, 833 m away), which has a zh.wikipedia article
station	Chelmsford	0.46865	51.73651	切姆斯福德	A	https://zh.wikipedia.org/wiki/切尔姆斯福德站	Wikidata Q2668271, 18 m from the map point; the station is named for the city; the city's own zh.wikipedia article gives 切姆斯福德 in zh-cn (the usual mainland form), and station and city label should read the same
station	Balham	-0.15144	51.44283	巴勒姆	A	https://zh.wikipedia.org/wiki/巴勒姆站	Wikidata Q579345, 137 m from the map point
station	Mortlake	-0.26737	51.46806	莫特莱克	C	https://zh.wikipedia.org/wiki/莫特莱克	C1: station name equals the place Mortlake (Wikidata Q2456238, 356 m away), which has a zh.wikipedia article
station	Berkhamsted	-0.56308	51.76365	伯克姆斯特德	C	https://zh.wikipedia.org/wiki/伯克姆斯特德	C1: station name equals the place Berkhamsted (Wikidata Q19784, 458 m away), which has a zh.wikipedia article
station	Flitwick	-0.49498	52.00379	弗特威克	C	https://zh.wikipedia.org/wiki/弗特威克	C1: station name equals the place Flitwick (Wikidata Q2568532, 108 m away), which has a zh.wikipedia article
station	Hitchin	-0.26301	51.95318	希钦	C	https://zh.wikipedia.org/wiki/希欽	C1: station name equals the place Hitchin (Wikidata Q19798, 1534 m away), which has a zh.wikipedia article
station	South Ealing	-0.30768	51.50086	南伊灵	A	https://zh.wikipedia.org/wiki/南伊靈站	metro or tram stop (m=1); Wikidata Q2304475, 42 m from the map point
station	East Kilbride	-4.17972	55.7661	东基尔布赖德	C	https://zh.wikipedia.org/wiki/東基爾布賴德	C1: station name equals the place East Kilbride (Wikidata Q654226, 235 m away), which has a zh.wikipedia article
station	Belfast Lanyon Place	-5.91729	54.59515	兰尼恩广场	A	https://zh.wikipedia.org/wiki/蘭尼恩廣場站	linked by hand: Wikidata and the article call it Lanyon Place, without Belfast
station	Seahill	-5.76823	54.66081	海山	B	Wikidata Q373039 zh	Wikidata label only, no article; not checked one by one
station	Holywood	-5.83981	54.64099	霍利伍德	C	https://zh.wikipedia.org/wiki/霍利伍德	C1: station name equals the place Holywood (Wikidata Q1625366, 463 m away), which has a zh.wikipedia article
station	Carrickfergus	-5.80959	54.71754	卡里克弗格斯	C	https://zh.wikipedia.org/wiki/卡里克弗格斯	C1: station name equals the place Carrickfergus (Wikidata Q1020354, 458 m away), which has a zh.wikipedia article
station	Larne Harbour	-5.79866	54.84784	拉恩	B	Wikidata Q3969921 zh	Wikidata label only, no article; not checked one by one; principal station, checked 2026-10-10: its en.wikipedia page has no Chinese language link and a zh.wikipedia search for the English name finds no station article
station	Lisburn	-6.04532	54.51391	利斯本	C	https://zh.wikipedia.org/wiki/利斯本	C1: station name equals the place Lisburn (Wikidata Q1828035, 833 m away), which has a zh.wikipedia article
station	Newry	-6.36284	54.18874	纽里	C	https://zh.wikipedia.org/wiki/纽里	C1: station name equals the place Newry (Wikidata Q269980, 1717 m away), which has a zh.wikipedia article
station	Truro	-5.0642	50.26399	特鲁罗	C	https://zh.wikipedia.org/wiki/特魯羅	C1: station name equals the place Truro (Wikidata Q180803, 1039 m away), which has a zh.wikipedia article
station	Plymouth	-4.14339	50.3781	普利茅斯	A	https://zh.wikipedia.org/wiki/普利茅斯站	Wikidata Q956813, 43 m from the map point
station	King Magnus' Halt	-5.73096	54.31948	一个俯瞰坟冢和符文石的	B	Wikidata Q18619242 zh	Wikidata label only, no article; not checked one by one; label written in traditional characters (一個俯瞰墳塚和符文石的車站), simplified by MediaWiki zh-cn conversion
station	Halifax	-1.85363	53.72084	哈利法克斯	C	https://zh.wikipedia.org/wiki/哈利法克斯_(西約克郡)	C1: station name equals the place Halifax (Wikidata Q826561, 772 m away), which has a zh.wikipedia article
station	Stirling	-3.9343	56.11965	斯特灵	A	https://zh.wikipedia.org/wiki/斯特靈站	Wikidata Q975320, 82 m from the map point
station	London Bridge	-0.08515	51.50488	伦敦桥	A	https://zh.wikipedia.org/wiki/倫敦橋站	Wikidata Q801125, 68 m from the map point
station	Leicester	-1.12361	52.63211	莱斯特	A	https://zh.wikipedia.org/wiki/萊斯特站	Wikidata Q3399620, 29 m from the map point
station	Bedford	-0.47973	52.13618	贝德福德	C	https://zh.wikipedia.org/wiki/百福	C1: station name equals the place Bedford (Wikidata Q208257, 1156 m away), which has a zh.wikipedia article
station	Dumbarton Central	-4.56761	55.94652	邓巴顿中央	C	https://zh.wikipedia.org/wiki/邓巴顿	C2: place Dumbarton (Wikidata Q34779, 1292 m away) + fixed word 'central' = 中央, as zh.wikipedia writes it in Finchley Central=芬奇利中央, Hendon Central=亨顿中央, Acton Central=阿克顿中央
station	Dalreoch	-4.57725	55.94728	达尔雷奥赫	A	https://zh.wikipedia.org/wiki/達爾雷奧赫站	Wikidata Q3054683, 18 m from the map point
station	Airdrie	-3.98225	55.86408	埃尔德里	C	https://zh.wikipedia.org/wiki/埃爾德里	C1: station name equals the place Airdrie (Wikidata Q408536, 256 m away), which has a zh.wikipedia article
station	Jordanhill	-4.32464	55.88265	乔丹山	A	https://zh.wikipedia.org/wiki/乔丹山站	Wikidata Q28620, 6 m from the map point
station	Clydebank	-4.40416	55.90057	克莱德班克	C	https://zh.wikipedia.org/wiki/克萊德班克	C1: station name equals the place Clydebank (Wikidata Q996502, 242 m away), which has a zh.wikipedia article
station	West Sutton	-0.20448	51.36626	西萨顿	C	https://zh.wikipedia.org/wiki/薩頓_(倫敦)	C2: place Sutton (Wikidata Q3139238, 573 m away) + fixed word 'west' = 西, as zh.wikipedia writes it in West Croydon=西克罗伊登, West Croydon=西克罗伊登, West Finchley=西芬奇利
station	Tring	-0.62246	51.80067	特灵	B	Wikidata Q2620068 zh-hans	Wikidata label only, no article; not checked one by one
station	Woolwich	0.07061	51.49195	伍利奇	A	https://zh.wikipedia.org/wiki/伍利奇站	Wikidata Q8033991, 94 m from the map point
station	Upton Park	0.03398	51.53511	厄普顿公园	A	https://zh.wikipedia.org/wiki/烏普頓公園站	metro or tram stop (m=1); Wikidata Q1649850, 32 m from the map point; zh-cn form comes from a conversion rule on the page (stored title 烏普頓公園站)
station	Bangor	-4.13552	53.22264	班戈	C	https://zh.wikipedia.org/wiki/班戈_(圭内斯)	C1: station name equals the place Bangor (Wikidata Q234178, 779 m away), which has a zh.wikipedia article
station	Tackley	-1.29751	51.88146	塔克利	A	https://zh.wikipedia.org/wiki/塔克利站	Wikidata Q2457327, 62 m from the map point
station	Central Station	-1.61672	54.96937	中央	B	Wikidata Q5061864 zh	metro or tram stop (m=1); Wikidata label only, no article; not checked one by one; label written in traditional characters (中央車站), simplified by MediaWiki zh-cn conversion
station	South Gosforth	-1.6083	55.00578	南戈斯弗斯	B	Wikidata Q7567374 zh	metro or tram stop (m=1); Wikidata label only, no article; not checked one by one
station	South Hylton	-1.44769	54.90428	南希尔顿	B	Wikidata Q7567520 zh	metro or tram stop (m=1); Wikidata label only, no article; not checked one by one; label written in traditional characters (南希爾頓站), simplified by MediaWiki zh-cn conversion
station	Sunderland	-1.38244	54.90611	桑德兰	A	https://zh.wikipedia.org/wiki/巽德蘭站	metro or tram stop (m=1); Wikidata Q2669414, 31 m from the map point; zh-cn form comes from a conversion rule on the page (stored title 巽德蘭站)
station	Clapham Common	-0.13736	51.46207	克拉珀姆公园	A	https://zh.wikipedia.org/wiki/克拉珀姆公園站	metro or tram stop (m=1); Wikidata Q1095075, 73 m from the map point
station	White City	-0.22424	51.51193	白城	A	https://zh.wikipedia.org/wiki/白城站_(倫敦地鐵)	metro or tram stop (m=1); Wikidata Q2120048, 5 m from the map point; FLAG disambiguator dropped from the title: (伦敦地铁)
station	Pelaw	-1.54205	54.95266	佩尔兰	B	Wikidata Q7161216 zh-hans	metro or tram stop (m=1); Wikidata label only, no article; not checked one by one
station	Gateshead	-1.60441	54.96172	盖茨黑德	C	https://zh.wikipedia.org/wiki/蓋茨黑德	metro or tram stop (m=1); C1: station name equals the place Gateshead (Wikidata Q216372, 1335 m away), which has a zh.wikipedia article
station	Bank Foot	-1.67807	55.01392	堤岸脚	B	Wikidata Q4855918 zh	metro or tram stop (m=1); Wikidata label only, no article; not checked one by one; label written in traditional characters (堤岸腳站), simplified by MediaWiki zh-cn conversion
station	Airport	-1.7111	55.03564	机场	A	https://zh.wikipedia.org/wiki/机场站_(纽卡斯尔)	metro or tram stop (m=1); Wikidata Q4698923, 75 m from the map point; FLAG disambiguator dropped from the title: (纽卡斯尔)
station	Jarrow	-1.49359	54.97959	贾罗	C	https://zh.wikipedia.org/wiki/贾罗	metro or tram stop (m=1); C1: station name equals the place Jarrow (Wikidata Q782155, 304 m away), which has a zh.wikipedia article
station	St James	-1.62109	54.97435	圣詹姆斯	B	Wikidata Q7593500 zh	metro or tram stop (m=1); Wikidata label only, no article; not checked one by one; label written in traditional characters (聖詹姆斯站), simplified by MediaWiki zh-cn conversion
station	Wallsend	-1.53274	54.9896	沃尔森德	C	https://zh.wikipedia.org/wiki/沃爾森德	metro or tram stop (m=1); C1: station name equals the place Wallsend (Wikidata Q1248150, 214 m away), which has a zh.wikipedia article
station	Northumberland Park (Metro)	-1.51956	55.03321	诺森伯兰公园	B	Wikidata Q7059817 zh	metro or tram stop (m=1); Wikidata label only, no article; not checked one by one; label written in traditional characters (諾森伯蘭公園站), simplified by MediaWiki zh-cn conversion
station	Oldham Central	-2.11213	53.54029	奥尔德姆中央	C	https://zh.wikipedia.org/wiki/奧爾德姆	metro or tram stop (m=1); C2: place Oldham (Wikidata Q202628, 642 m away) + fixed word 'central' = 中央, as zh.wikipedia writes it in Finchley Central=芬奇利中央, Hendon Central=亨顿中央, Acton Central=阿克顿中央
station	Lewisham DLR	-0.01301	51.46499	刘易舍姆	A	https://zh.wikipedia.org/wiki/路易斯罕站	metro or tram stop (m=1); linked by hand: map name carries a DLR suffix; the article covers the rail and DLR station; zh-cn form comes from a conversion rule on the page (stored title 路易斯罕站)
station	Paddington (Circle and Hammersmith & City lines)	-0.17875	51.51851	帕丁顿	A	https://zh.wikipedia.org/wiki/帕丁頓站_(環線和漢默史密斯及城市線)	metro or tram stop (m=1); Wikidata Q29378866, 21 m from the map point; FLAG disambiguator dropped from the title: (环线和哈默史密斯及城市线); zh-cn form comes from a conversion rule on the page (stored title 帕丁頓站 (環線和漢默史密斯及城市線))
station	Seaford	0.09995	50.77292	锡福德	C	https://zh.wikipedia.org/wiki/锡福德_(东萨塞克斯郡)	C1: station name equals the place Seaford (Wikidata Q1640242, 325 m away), which has a zh.wikipedia article
station	Godalming	-0.61896	51.18652	戈达尔明	C	https://zh.wikipedia.org/wiki/戈達爾明	C1: station name equals the place Godalming (Wikidata Q909146, 648 m away), which has a zh.wikipedia article
station	Feltham	-0.41028	51.44784	费尔特姆	C	https://zh.wikipedia.org/wiki/費爾特姆	C1: station name equals the place Feltham (Wikidata Q2545812, 218 m away), which has a zh.wikipedia article
station	Newbury	-1.32275	51.39753	纽贝里	C	https://zh.wikipedia.org/wiki/纽伯里_(伯克郡)	C1: station name equals the place Newbury (Wikidata Q655874, 379 m away), which has a zh.wikipedia article
station	Chesham	-0.61108	51.70501	切舍姆	A	https://zh.wikipedia.org/wiki/切舍姆站	metro or tram stop (m=1); Wikidata Q138914, 9 m from the map point
station	South Woodford	0.02743	51.59178	南伍德福德	A	https://zh.wikipedia.org/wiki/南伍德福德站	metro or tram stop (m=1); Wikidata Q2120068, 13 m from the map point; zh-cn form comes from a conversion rule on the page (stored title 南伍德福德站); the zh-cn conversion rule on the page misfires (南伍特尔福德德); the plain simplified title is used
station	West Ruislip	-0.43704	51.5695	西赖斯利普	A	https://zh.wikipedia.org/wiki/西雷士廉站	metro or tram stop (m=1); Wikidata Q801602, 51 m from the map point; zh-cn form comes from a conversion rule on the page (stored title 西雷士廉站)
station	Hampton Court	-0.34252	51.40202	汉普顿宫	A	https://zh.wikipedia.org/wiki/汉普顿宫站	Wikidata Q2313444, 87 m from the map point
station	Exchange Quay	-2.2824	53.46743	交易码头	B	Wikidata Q5419585 zh	metro or tram stop (m=1); Wikidata label only, no article; not checked one by one; label written in traditional characters (交易碼頭站), simplified by MediaWiki zh-cn conversion
station	Bognor Regis	-0.67575	50.78769	博格诺里吉斯	C	https://zh.wikipedia.org/wiki/博格諾里吉斯	C1: station name equals the place Bognor Regis (Wikidata Q890621, 594 m away), which has a zh.wikipedia article
station	Lincoln	-0.53984	53.22611	林肯	A	https://zh.wikipedia.org/wiki/林肯站_(英格蘭)	Wikidata Q3427836, 13 m from the map point; FLAG disambiguator dropped from the title: (英格兰)
station	Todmorden	-2.09976	53.71386	托德莫登	C	https://zh.wikipedia.org/wiki/托德莫登	C1: station name equals the place Todmorden (Wikidata Q1327770, 266 m away), which has a zh.wikipedia article
station	Blackburn	-2.47886	53.74653	布莱克本	C	https://zh.wikipedia.org/wiki/布莱克本	C1: station name equals the place Blackburn (Wikidata Q188313, 223 m away), which has a zh.wikipedia article
station	Aldgate East	-0.07084	51.51562	阿尔德门东	A	https://zh.wikipedia.org/wiki/阿爾德門東站	metro or tram stop (m=1); Wikidata Q1431064, 105 m from the map point
station	Littlehampton	-0.54626	50.81017	利特尔汉普顿	C	https://zh.wikipedia.org/wiki/利特爾漢普頓	C1: station name equals the place Littlehampton (Wikidata Q990112, 388 m away), which has a zh.wikipedia article
station	Chester	-2.87953	53.19675	切斯特	A	https://zh.wikipedia.org/wiki/切斯特站	Wikidata Q2478175, 19 m from the map point
station	Buxton	-1.9131	53.26079	巴克斯顿	C	https://zh.wikipedia.org/wiki/巴克斯頓	C1: station name equals the place Buxton (Wikidata Q971223, 243 m away), which has a zh.wikipedia article
station	Skipton	-2.02603	53.95843	斯基普顿	C	https://zh.wikipedia.org/wiki/斯基普頓	C1: station name equals the place Skipton (Wikidata Q516131, 713 m away), which has a zh.wikipedia article
station	Kirkstall Forge	-1.62708	53.8253	柯克斯托熔炉	B	Wikidata Q6415822 zh	Wikidata label only, no article; not checked one by one; label written in traditional characters (柯克斯托熔爐站), simplified by MediaWiki zh-cn conversion
station	Ilkley	-1.82129	53.92479	伊尔克利	C	https://zh.wikipedia.org/wiki/伊爾克利	C1: station name equals the place Ilkley (Wikidata Q1020951, 52 m away), which has a zh.wikipedia article
station	Colne	-2.18189	53.85491	科恩	C	https://zh.wikipedia.org/wiki/科恩_(英国)	C1: station name equals the place Colne (Wikidata Q2374484, 417 m away), which has a zh.wikipedia article
station	Clitheroe	-2.39443	53.87356	克利瑟罗	C	https://zh.wikipedia.org/wiki/克利斯羅	C1: station name equals the place Clitheroe (Wikidata Q1008765, 331 m away), which has a zh.wikipedia article
station	Manchester Piccadilly	-2.23014	53.47722	曼彻斯特皮卡迪利	A	https://zh.wikipedia.org/wiki/曼徹斯特皮卡迪利站	Wikidata Q600367, 26 m from the map point
station	Manchester Oxford Road	-2.24228	53.47378	曼彻斯特牛津路	A	https://zh.wikipedia.org/wiki/曼徹斯特牛津路站	Wikidata Q1859538, 24 m from the map point
station	Deansgate	-2.25106	53.4741	丁斯盖特	A	https://zh.wikipedia.org/wiki/丁斯盖特火车站	Wikidata Q1620954, 21 m from the map point
station	Salford Central	-2.25552	53.48288	索尔福德中央	C	https://zh.wikipedia.org/wiki/沙福特	C2: place Salford (Wikidata Q47952, 2486 m away) + fixed word 'central' = 中央, as zh.wikipedia writes it in Finchley Central=芬奇利中央, Hendon Central=亨顿中央, Acton Central=阿克顿中央
station	Manchester Victoria	-2.24248	53.48797	曼彻斯特维多利亚	A	https://zh.wikipedia.org/wiki/曼徹斯特維多利亞站	Wikidata Q1859573, 149 m from the map point
station	Barrow-in-Furness	-3.22603	54.11912	巴罗因弗内斯	C	https://zh.wikipedia.org/wiki/巴羅因弗內斯	C1: station name equals the place Barrow-in-Furness (Wikidata Q671892, 923 m away), which has a zh.wikipedia article
station	Chorley	-2.62693	53.65298	乔利	C	https://zh.wikipedia.org/wiki/喬利	C1: station name equals the place Chorley (Wikidata Q2078535, 335 m away), which has a zh.wikipedia article
station	Whitehaven	-3.58718	54.55322	怀特黑文	C	https://zh.wikipedia.org/wiki/怀特黑文	C1: station name equals the place Whitehaven (Wikidata Q1012481, 591 m away), which has a zh.wikipedia article
station	Shrewsbury	-2.7494	52.71185	什鲁斯伯里	A	https://zh.wikipedia.org/wiki/什魯斯伯里站	Wikidata Q1911181, 67 m from the map point
station	Pwllheli	-4.41616	52.88819	普尔赫利	C	https://zh.wikipedia.org/wiki/普爾赫利	C1: station name equals the place Pwllheli (Wikidata Q1025821, 542 m away), which has a zh.wikipedia article
station	Parsons Green	-0.20155	51.47508	帕森绿地	A	https://zh.wikipedia.org/wiki/帕森綠地站	metro or tram stop (m=1); Wikidata Q1457814, 38 m from the map point
station	London Fenchurch Street	-0.07742	51.51133	芬乔奇街	A	https://zh.wikipedia.org/wiki/芬喬奇街站	Wikidata Q800753, 91 m from the map point
station	Fulham Broadway	-0.1945	51.48083	富勒姆大道	A	https://zh.wikipedia.org/wiki/富勒姆大道站	metro or tram stop (m=1); Wikidata Q1473616, 31 m from the map point
station	Hayle	-5.41993	50.18554	海尔	C	https://zh.wikipedia.org/wiki/海爾_(康沃爾郡)	C1: station name equals the place Hayle (Wikidata Q1010221, 398 m away), which has a zh.wikipedia article
station	Plaistow	0.01668	51.53115	普拉斯托	A	https://zh.wikipedia.org/wiki/普拉斯托站	metro or tram stop (m=1); Wikidata Q1326180, 45 m from the map point
station	Bow Road	-0.02479	51.52685	堡路	A	https://zh.wikipedia.org/wiki/堡路站	metro or tram stop (m=1); Wikidata Q895388, 41 m from the map point; FLAG wording: the title is in Hong Kong or Taiwan wording and the page gives no mainland form
station	Stepney Green	-0.04671	51.5217	斯特普尼绿地	A	https://zh.wikipedia.org/wiki/斯特普尼綠地站	metro or tram stop (m=1); Wikidata Q1891699, 35 m from the map point
station	Oakwood	-0.13125	51.64733	橡木林	A	https://zh.wikipedia.org/wiki/橡木林站	metro or tram stop (m=1); Wikidata Q1857872, 34 m from the map point
station	West Kensington	-0.20594	51.4907	西肯辛顿	A	https://zh.wikipedia.org/wiki/西肯辛頓站	metro or tram stop (m=1); Wikidata Q944664, 34 m from the map point
station	West Brompton	-0.19519	51.48698	西布朗普顿	A	https://zh.wikipedia.org/wiki/西布朗普頓站	metro or tram stop (m=1); Wikidata Q801595, 37 m from the map point
station	Boston Manor	-0.32544	51.49534	波士顿庄园	A	https://zh.wikipedia.org/wiki/波士頓莊園站	metro or tram stop (m=1); Wikidata Q894569, 24 m from the map point
station	Heathrow Terminals 2 & 3	-0.45248	51.47134	希思罗机场2及3号航站楼	A	https://zh.wikipedia.org/wiki/希斯洛機場第2、3航廈站_(倫敦地鐵)	metro or tram stop (m=1); Wikidata Q763293, 26 m from the map point; zh-cn form comes from a conversion rule on the page (stored title 希斯洛機場第2、3航廈站 (倫敦地鐵))
station	Heathrow Terminal 5	-0.48773	51.47252	希思罗机场5号航站楼	A	https://zh.wikipedia.org/wiki/希斯洛機場第5航廈站	metro or tram stop (m=1); Wikidata Q800907, 31 m from the map point; zh-cn form comes from a conversion rule on the page (stored title 希斯洛機場第5航廈站)
station	Knightsbridge	-0.16094	51.5016	骑士桥	A	https://zh.wikipedia.org/wiki/騎士橋站	metro or tram stop (m=1); Wikidata Q1757120, 11 m from the map point
station	Hounslow West	-0.38582	51.47358	豪恩斯洛西	A	https://zh.wikipedia.org/wiki/豪恩斯洛西站	metro or tram stop (m=1); Wikidata Q978377, 19 m from the map point
station	Mornington Crescent	-0.13809	51.53406	莫宁顿街	A	https://zh.wikipedia.org/wiki/莫寧頓街站	metro or tram stop (m=1); Wikidata Q1890387, 60 m from the map point
station	Hounslow East	-0.35589	51.47347	豪恩斯洛东	A	https://zh.wikipedia.org/wiki/豪恩斯洛東站	metro or tram stop (m=1); Wikidata Q1631346, 58 m from the map point
station	Hounslow Central	-0.36623	51.47131	豪恩斯洛中央	A	https://zh.wikipedia.org/wiki/豪恩斯洛中央站	metro or tram stop (m=1); Wikidata Q1439481, 14 m from the map point
station	Southgate	-0.12779	51.63232	绍斯盖特	A	https://zh.wikipedia.org/wiki/南門站_(倫敦)	metro or tram stop (m=1); Wikidata Q286666, 4 m from the map point; FLAG disambiguator dropped from the title: (伦敦); zh-cn form comes from a conversion rule on the page (stored title 南門站 (倫敦))
station	Cockfosters	-0.14851	51.65137	卡克福斯特斯	A	https://zh.wikipedia.org/wiki/卡克福斯特斯站	metro or tram stop (m=1); Wikidata Q1105305, 42 m from the map point
station	Burnt Oak	-0.26401	51.60281	焦橡	A	https://zh.wikipedia.org/wiki/焦橡站	metro or tram stop (m=1); Wikidata Q913515, 9 m from the map point
station	Putney Bridge	-0.20879	51.4683	帕特尼桥	A	https://zh.wikipedia.org/wiki/帕特尼橋站	metro or tram stop (m=1); Wikidata Q1974794, 4 m from the map point
station	Northfields	-0.31298	51.49966	北菲尔德斯	A	https://zh.wikipedia.org/wiki/北菲爾德斯站	metro or tram stop (m=1); Wikidata Q764016, 94 m from the map point
station	London Bridge	-0.0887	51.50541	伦敦桥	A	https://zh.wikipedia.org/wiki/倫敦橋站	metro or tram stop (m=1); Wikidata Q801125, 185 m from the map point
station	Chorleywood	-0.51839	51.65422	乔利伍德	A	https://zh.wikipedia.org/wiki/喬利伍德站	metro or tram stop (m=1); Wikidata Q800623, 7 m from the map point
station	Hyde Park Corner	-0.15432	51.50273	海德公园角	A	https://zh.wikipedia.org/wiki/海德公園角站	metro or tram stop (m=1); Wikidata Q1279102, 107 m from the map point
station	Lancaster Gate	-0.17538	51.51184	兰开斯特门	A	https://zh.wikipedia.org/wiki/蘭開斯特門站	metro or tram stop (m=1); Wikidata Q1431057, 12 m from the map point
station	Newbury Park	0.08997	51.5755	纽贝里公园	A	https://zh.wikipedia.org/wiki/紐貝利公園站	metro or tram stop (m=1); Wikidata Q744426, 7 m from the map point; zh-cn form comes from a conversion rule on the page (stored title 紐貝利公園站)
station	Moor Park	-0.43216	51.62978	沼泽公园	A	https://zh.wikipedia.org/wiki/沼澤公園站	metro or tram stop (m=1); Wikidata Q1447922, 84 m from the map point
station	Rickmansworth	-0.47363	51.64023	里克曼斯沃斯	A	https://zh.wikipedia.org/wiki/里克曼斯沃斯站	metro or tram stop (m=1); Wikidata Q801365, 21 m from the map point
station	Ealing Common	-0.28817	51.50971	伊灵公园	A	https://zh.wikipedia.org/wiki/伊靈公園站	metro or tram stop (m=1); Wikidata Q1276908, 50 m from the map point
station	Kingsbury	-0.27871	51.58432	金斯贝里	A	https://zh.wikipedia.org/wiki/金斯伯里站	metro or tram stop (m=1); Wikidata Q1742147, 45 m from the map point; zh-cn form comes from a conversion rule on the page (stored title 金斯伯里站)
station	Queensbury	-0.28618	51.59419	昆斯贝里	A	https://zh.wikipedia.org/wiki/昆斯伯里站	metro or tram stop (m=1); Wikidata Q1566247, 5 m from the map point; zh-cn form comes from a conversion rule on the page (stored title 昆斯伯里站)
station	Northwick Park	-0.3177	51.57849	诺斯维克公园	A	https://zh.wikipedia.org/wiki/諾斯維克公園站	metro or tram stop (m=1); Wikidata Q1974743, 64 m from the map point
station	Preston Road	-0.29581	51.57227	普雷斯顿路	A	https://zh.wikipedia.org/wiki/普雷斯頓路站	metro or tram stop (m=1); Wikidata Q1974765, 37 m from the map point
station	Finchley Road	-0.1807	51.54723	芬奇利路	A	https://zh.wikipedia.org/wiki/芬奇利路站	metro or tram stop (m=1); Wikidata Q1300073, 30 m from the map point
station	West Harrow	-0.35314	51.5796	西哈罗	A	https://zh.wikipedia.org/wiki/西哈羅站	metro or tram stop (m=1); Wikidata Q1974740, 19 m from the map point
station	Eastcote	-0.39651	51.57666	伊斯科特	A	https://zh.wikipedia.org/wiki/伊斯科特站	metro or tram stop (m=1); Wikidata Q1278097, 37 m from the map point
station	Ickenham	-0.44235	51.56157	伊肯纳姆	A	https://zh.wikipedia.org/wiki/伊肯納姆站	metro or tram stop (m=1); Wikidata Q729399, 50 m from the map point
station	Pinner	-0.38064	51.59266	平纳	A	https://zh.wikipedia.org/wiki/平納站	metro or tram stop (m=1); Wikidata Q1924802, 16 m from the map point
station	Northwood Hills	-0.40846	51.60015	诺斯伍德山	A	https://zh.wikipedia.org/wiki/諾斯伍德山站	metro or tram stop (m=1); Wikidata Q2000556, 67 m from the map point
station	Northwood	-0.42371	51.6108	诺斯伍德	A	https://zh.wikipedia.org/wiki/諾斯伍德站	metro or tram stop (m=1); Wikidata Q631448, 49 m from the map point
station	Croxley	-0.44108	51.64758	克诺斯莱	A	https://zh.wikipedia.org/wiki/克諾斯萊站	metro or tram stop (m=1); Wikidata Q607324, 18 m from the map point; FLAG wording: the title is in Hong Kong or Taiwan wording and the page gives no mainland form
station	Watford	-0.41837	51.657	沃特福德	A	https://zh.wikipedia.org/wiki/沃特福德站	metro or tram stop (m=1); Wikidata Q19819, 82 m from the map point
station	Leytonstone	0.00862	51.5688	莱顿斯通	A	https://zh.wikipedia.org/wiki/萊頓斯通站	metro or tram stop (m=1); Wikidata Q1822454, 56 m from the map point
station	Harrow-on-the-Hill	-0.33609	51.57914	山上哈罗	A	https://zh.wikipedia.org/wiki/山上哈羅站	metro or tram stop (m=1); Wikidata Q654577, 69 m from the map point
station	Acton Town	-0.27996	51.50271	阿克顿镇	A	https://zh.wikipedia.org/wiki/阿克頓鎮站	metro or tram stop (m=1); Wikidata Q344481, 8 m from the map point
station	South Kensington	-0.17291	51.49408	南肯辛顿	A	https://zh.wikipedia.org/wiki/南肯辛顿站_(伦敦)	metro or tram stop (m=1); Wikidata Q976035, 62 m from the map point; FLAG disambiguator dropped from the title: (伦敦)
station	Edgware Road	-0.1703	51.52046	埃奇韦尔路	A	https://zh.wikipedia.org/wiki/埃奇韋爾路站_(貝克盧線)	metro or tram stop (m=1); Wikidata Q1347608, 24 m from the map point; FLAG disambiguator dropped from the title: (贝克卢线)
station	Marylebone	-0.1635	51.52224	马里波恩	A	https://zh.wikipedia.org/wiki/馬里波恩站	metro or tram stop (m=1); Wikidata Q649419, 31 m from the map point
station	Embankment	-0.12224	51.50721	堤岸	A	https://zh.wikipedia.org/wiki/堤岸站	metro or tram stop (m=1); Wikidata Q1334978, 8 m from the map point
station	Notting Hill Gate	-0.1962	51.50893	诺丁山门	A	https://zh.wikipedia.org/wiki/諾丁山門站	metro or tram stop (m=1); Wikidata Q1803672, 56 m from the map point
station	West Ham	0.00457	51.5281	西汉姆	A	https://zh.wikipedia.org/wiki/韋斯咸站	metro or tram stop (m=1); Wikidata Q801601, 58 m from the map point; zh-cn form comes from a conversion rule on the page (stored title 韋斯咸站)
station	Stratford	-0.00355	51.54129	斯特拉特福	A	https://zh.wikipedia.org/wiki/斯特拉福德站	metro or tram stop (m=1); Wikidata Q801480, 57 m from the map point; zh-cn form comes from a conversion rule on the page (stored title 斯特拉福德站)
station	Purley	-0.11391	51.33748	珀利	C	https://zh.wikipedia.org/wiki/珀利_(倫敦)	C1: station name equals the place Purley (Wikidata Q2118905, 24 m away), which has a zh.wikipedia article
station	Langley	-0.5409	51.50782	兰利	A	https://zh.wikipedia.org/wiki/蘭利站	Wikidata Q2790476, 79 m from the map point
station	Mudchute	-0.01491	51.49152	麦塞特	A	https://zh.wikipedia.org/wiki/麥塞特站	metro or tram stop (m=1); Wikidata Q526836, 36 m from the map point; FLAG wording: the title is in Hong Kong or Taiwan wording and the page gives no mainland form
station	Widnes	-2.7342	53.37861	威德尼斯	C	https://zh.wikipedia.org/wiki/威德尼斯	C1: station name equals the place Widnes (Wikidata Q1022741, 1786 m away), which has a zh.wikipedia article
station	Rochdale	-2.15284	53.61057	罗奇代尔	C	https://zh.wikipedia.org/wiki/罗奇代尔	C1: station name equals the place Rochdale (Wikidata Q474605, 636 m away), which has a zh.wikipedia article
station	Southwark	-0.10497	51.50393	萨瑟克	A	https://zh.wikipedia.org/wiki/南華克站	metro or tram stop (m=1); Wikidata Q38909, 5 m from the map point; zh-cn form comes from a conversion rule on the page (stored title 南華克站)
station	Edgware	-0.27496	51.61366	埃奇韦尔	A	https://zh.wikipedia.org/wiki/埃奇韋爾站	metro or tram stop (m=1); Wikidata Q727723, 60 m from the map point
station	Stockport	-2.16304	53.40545	斯托克波特	C	https://zh.wikipedia.org/wiki/史托港	C1: station name equals the place Stockport (Wikidata Q18655, 958 m away), which has a zh.wikipedia article
station	Kentish Town	-0.13887	51.55017	肯蒂什镇	A	https://zh.wikipedia.org/wiki/肯蒂什鎮站	metro or tram stop (m=1); Wikidata Q636614, 155 m from the map point
station	Broadway	-1.87205	52.04301	百老汇	C	https://zh.wikipedia.org/wiki/百老汇_(伍斯特郡)	C1: station name equals the place Broadway (Wikidata Q180356, 891 m away), which has a zh.wikipedia article
station	Ulverston	-3.09793	54.19172	阿尔弗斯顿	C	https://zh.wikipedia.org/wiki/阿爾弗斯頓	C1: station name equals the place Ulverston (Wikidata Q979357, 536 m away), which has a zh.wikipedia article
station	Warwick Avenue	-0.18331	51.52298	沃里克大道	A	https://zh.wikipedia.org/wiki/沃維克大道站	metro or tram stop (m=1); Wikidata Q1486729, 63 m from the map point; zh-cn form comes from a conversion rule on the page (stored title 沃維克大道站)
station	Tottenham Court Road	-0.13051	51.51597	托特纳姆宫路	A	https://zh.wikipedia.org/wiki/托登罕宮路站	metro or tram stop (m=1); Wikidata Q1431094, 27 m from the map point; zh-cn form comes from a conversion rule on the page (stored title 托登罕宮路站)
station	Canary Wharf	-0.02098	51.50511	金丝雀码头	A	https://zh.wikipedia.org/wiki/金絲雀碼頭站_(DLR)	metro or tram stop (m=1); Wikidata Q1032811, 6 m from the map point; FLAG disambiguator dropped from the title: (DLR)
station	Greenwich	-0.01542	51.47811	格林尼治	A	https://zh.wikipedia.org/wiki/格林尼治站	metro or tram stop (m=1); Wikidata Q800840, 98 m from the map point
station	West India Quay	-0.02048	51.50674	西印度码头	A	https://zh.wikipedia.org/wiki/西印度碼頭站	metro or tram stop (m=1); Wikidata Q1971670, 13 m from the map point
station	All Saints	-0.01306	51.51084	诸圣	A	https://zh.wikipedia.org/wiki/諸聖站	metro or tram stop (m=1); Wikidata Q1974942, 6 m from the map point
station	Abbey Road	0.00361	51.53254	修院路	A	https://zh.wikipedia.org/wiki/修院路站	metro or tram stop (m=1); Wikidata Q2372113, 66 m from the map point
station	Stratford High Street	-0.00013	51.53765	斯特拉特福高街	A	https://zh.wikipedia.org/wiki/斯特拉福德高街站	metro or tram stop (m=1); Wikidata Q1983755, 43 m from the map point; zh-cn form comes from a conversion rule on the page (stored title 斯特拉福德高街站)
station	Bow Church	-0.02064	51.52744	堡教堂	A	https://zh.wikipedia.org/wiki/堡教堂站	metro or tram stop (m=1); Wikidata Q895380, 6 m from the map point; FLAG wording: the title is in Hong Kong or Taiwan wording and the page gives no mainland form
station	Limehouse	-0.03947	51.51235	石灰屋	A	https://zh.wikipedia.org/wiki/萊姆豪斯站	metro or tram stop (m=1); Wikidata Q801102, 17 m from the map point; zh-cn form comes from a conversion rule on the page (stored title 萊姆豪斯站)
station	Limehouse	-0.03905	51.51287	石灰屋	A	https://zh.wikipedia.org/wiki/萊姆豪斯站	Wikidata Q801102, 69 m from the map point; zh-cn form comes from a conversion rule on the page (stored title 萊姆豪斯站)
station	Bounds Green	-0.1249	51.60738	磅林	A	https://zh.wikipedia.org/wiki/磅林站	metro or tram stop (m=1); Wikidata Q895162, 70 m from the map point; FLAG wording: the title is in Hong Kong or Taiwan wording and the page gives no mainland form
station	Hammersmith (Circle and Hammersmith & City lines)	-0.22506	51.49411	哈默史密斯	A	https://zh.wikipedia.org/wiki/漢墨斯密站_(漢墨斯密及都市線和環狀線)	metro or tram stop (m=1); Wikidata Q1762419, 19 m from the map point; FLAG disambiguator dropped from the title: (哈默史密斯及城市线和环线); zh-cn form comes from a conversion rule on the page (stored title 漢墨斯密站 (漢墨斯密及都市線和環狀線))
station	St. Paul's	-0.09759	51.51491	圣保罗	A	https://zh.wikipedia.org/wiki/聖保羅站_(倫敦地鐵)	metro or tram stop (m=1); Wikidata Q1431081, 7 m from the map point; FLAG disambiguator dropped from the title: (伦敦地铁)
station	Hampstead	-0.17843	51.5566	汉普斯特德	A	https://zh.wikipedia.org/wiki/漢普斯特德站	metro or tram stop (m=1); Wikidata Q1573996, 39 m from the map point
station	Belsize Park	-0.16461	51.55031	贝尔塞斯公园	A	https://zh.wikipedia.org/wiki/貝爾塞斯公園站	metro or tram stop (m=1); Wikidata Q604060, 24 m from the map point
station	Holloway Road	-0.11301	51.55287	霍洛韦路	A	https://zh.wikipedia.org/wiki/賀洛唯路站	metro or tram stop (m=1); Wikidata Q1624885, 77 m from the map point; zh-cn form comes from a conversion rule on the page (stored title 賀洛唯路站)
station	Stratford International DLR	-0.00936	51.54571	斯特拉特福国际	A	https://zh.wikipedia.org/wiki/斯特拉福德国际站	metro or tram stop (m=1); linked by hand: map name carries a DLR suffix; article of Stratford International station; zh-cn form comes from a conversion rule on the page (stored title 斯特拉福德国际站)
station	Swiss Cottage	-0.17498	51.54372	瑞士屋	A	https://zh.wikipedia.org/wiki/瑞士屋站	metro or tram stop (m=1); Wikidata Q962261, 76 m from the map point
station	Park Royal	-0.28393	51.52643	皇家公园	A	https://zh.wikipedia.org/wiki/皇家公園站	metro or tram stop (m=1); Wikidata Q1663773, 60 m from the map point
station	Chichester	-0.78185	50.83188	奇切斯特	C	https://zh.wikipedia.org/wiki/奇切斯特	C1: station name equals the place Chichester (Wikidata Q207639, 547 m away), which has a zh.wikipedia article
station	Wood Lane	-0.22376	51.51011	伍德巷	A	https://zh.wikipedia.org/wiki/伍德巷站	metro or tram stop (m=1); Wikidata Q2211127, 45 m from the map point
station	Turnpike Lane	-0.10274	51.59015	登碧巷	A	https://zh.wikipedia.org/wiki/登碧巷站	metro or tram stop (m=1); Wikidata Q1757107, 25 m from the map point; FLAG wording: the title is in Hong Kong or Taiwan wording and the page gives no mainland form
station	Ancaster	-0.53535	52.98771	安卡斯特	B	Wikidata Q2861300 zh	Wikidata label only, no article; not checked one by one; label written in traditional characters (安卡斯特火車站), simplified by MediaWiki zh-cn conversion
station	Micklefield	-1.32612	53.78879	米克尔菲尔德	C	https://zh.wikipedia.org/wiki/米克爾菲爾德	C1: station name equals the place Micklefield (Wikidata Q13648885, 629 m away), which has a zh.wikipedia article
station	Derry~Londonderry	-7.31282	54.99309	伦敦德里	B	Wikidata Q3969982 zh	Wikidata label only, no article; not checked one by one; principal station, checked 2026-10-10: its en.wikipedia page has no Chinese language link and a zh.wikipedia search for the English name finds no station article; label written in traditional characters (倫敦德里), simplified by MediaWiki zh-cn conversion
station	Thirsk	-1.37326	54.22865	瑟斯克	C	https://zh.wikipedia.org/wiki/瑟斯克	C1: station name equals the place Thirsk (Wikidata Q641274, 2081 m away), which has a zh.wikipedia article
station	Twyford	-0.86314	51.47539	特怀福德	A	https://zh.wikipedia.org/wiki/特懷福德站	Wikidata Q512845, 69 m from the map point
station	Morden	-0.19476	51.40276	莫登	A	https://zh.wikipedia.org/wiki/莫登站	metro or tram stop (m=1); Wikidata Q1947443, 62 m from the map point
station	Blackheath	0.00892	51.4658	布莱克希思	C	https://zh.wikipedia.org/wiki/布萊克希思_(倫敦)	C1: station name equals the place Blackheath (Wikidata Q880861, 468 m away), which has a zh.wikipedia article
station	Deptford	-0.02664	51.47898	德普特福德	C	https://zh.wikipedia.org/wiki/德普特福德	C1: station name equals the place Deptford (Wikidata Q2308650, 110 m away), which has a zh.wikipedia article
station	Canning Town	0.0083	51.51399	景宁镇	A	https://zh.wikipedia.org/wiki/景寧鎮站	metro or tram stop (m=1); Wikidata Q1033431, 10 m from the map point; FLAG wording: the title is in Hong Kong or Taiwan wording and the page gives no mainland form
station	Ealing Broadway	-0.30041	51.51498	伊灵大道	A	https://zh.wikipedia.org/wiki/伊靈大道站	metro or tram stop (m=1); Wikidata Q800705, 74 m from the map point
station	Russell Square	-0.12425	51.52305	罗素广场	A	https://zh.wikipedia.org/wiki/羅素廣場站	metro or tram stop (m=1); Wikidata Q1377634, 13 m from the map point
station	Caledonian Road	-0.11836	51.54848	卡利多尼安路	A	https://zh.wikipedia.org/wiki/卡利多尼安路站	metro or tram stop (m=1); Wikidata Q1026585, 24 m from the map point
station	Totteridge & Whetstone	-0.17918	51.63072	托特里奇及惠特斯通	A	https://zh.wikipedia.org/wiki/托特里奇及惠特斯通站	metro or tram stop (m=1); Wikidata Q2028165, 97 m from the map point
station	Chalk Farm	-0.15348	51.54411	查尔克农场	A	https://zh.wikipedia.org/wiki/查爾克農場站	metro or tram stop (m=1); Wikidata Q599135, 12 m from the map point
station	Melton Mowbray	-0.88579	52.76102	梅尔顿莫布雷	C	https://zh.wikipedia.org/wiki/梅爾頓莫布雷	C1: station name equals the place Melton Mowbray (Wikidata Q1018423, 566 m away), which has a zh.wikipedia article
station	Oxford Circus	-0.14196	51.51544	牛津环岛	A	https://zh.wikipedia.org/wiki/牛津圓環站	metro or tram stop (m=1); Wikidata Q678791, 27 m from the map point; zh-cn form comes from a conversion rule on the page (stored title 牛津圓環站)
station	Hexham	-2.09479	54.97353	赫克瑟姆	C	https://zh.wikipedia.org/wiki/赫克瑟姆	C1: station name equals the place Hexham (Wikidata Q947400, 833 m away), which has a zh.wikipedia article
station	North Greenwich	0.00432	51.50057	北格林尼治	A	https://zh.wikipedia.org/wiki/北格林尼治站	metro or tram stop (m=1); Wikidata Q1757132, 49 m from the map point
station	Canada Water	-0.04984	51.49793	加拿大塘	A	https://zh.wikipedia.org/wiki/加拿大塘站	metro or tram stop (m=1); Wikidata Q800610, 46 m from the map point; FLAG wording: the title is in Hong Kong or Taiwan wording and the page gives no mainland form
station	Moorgate	-0.08906	51.51825	沼泽门	A	https://zh.wikipedia.org/wiki/沼澤門站	metro or tram stop (m=1); Wikidata Q801210, 50 m from the map point
station	Clapham Junction	-0.17052	51.46446	克拉珀姆交汇	A	https://zh.wikipedia.org/wiki/克拉珀姆交匯站	Wikidata Q719530, 69 m from the map point
station	York	-1.09373	53.9577	约克	A	https://zh.wikipedia.org/wiki/約克站	Wikidata Q2269429, 82 m from the map point
station	London Marylebone	-0.16359	51.52437	马里波恩	A	https://zh.wikipedia.org/wiki/馬里波恩站	Wikidata Q649419, 242 m from the map point
station	Little Kimble	-0.80851	51.75224	小金布尔	A	https://zh.wikipedia.org/wiki/小金布尔站	Wikidata Q2116125, 44 m from the map point
station	Kidderminster	-2.23848	52.38436	基德明斯特	C	https://zh.wikipedia.org/wiki/基德明斯特	C1: station name equals the place Kidderminster (Wikidata Q844062, 850 m away), which has a zh.wikipedia article
station	Sheffield	-1.46214	53.37837	谢菲尔德	A	https://zh.wikipedia.org/wiki/錫菲站	Wikidata Q1862179, 66 m from the map point; zh-cn form comes from a conversion rule on the page (stored title 錫菲站)
station	Crystal Palace	-0.07127	51.41766	水晶宫	A	https://zh.wikipedia.org/wiki/水晶宮站	Wikidata Q676281, 104 m from the map point
station	Broadway	-2.29501	53.4748	百老汇	B	Wikidata Q4972486 zh-cn	metro or tram stop (m=1); Wikidata label only, no article; not checked one by one; label written in traditional characters (百老匯站 (都市連接)), simplified by MediaWiki zh-cn conversion; FLAG disambiguator dropped: (都市连接)
station	Broadway	-2.29493	53.47483	百老汇	B	Wikidata Q4972486 zh-cn	metro or tram stop (m=1); Wikidata label only, no article; not checked one by one; label written in traditional characters (百老匯站 (都市連接)), simplified by MediaWiki zh-cn conversion; FLAG disambiguator dropped: (都市连接)
station	Fleet	-0.83138	51.29062	弗利特	C	https://zh.wikipedia.org/wiki/弗利特	C1: station name equals the place Fleet (Wikidata Q734696, 1275 m away), which has a zh.wikipedia article
station	Leatherhead	-0.33304	51.29911	莱瑟黑德	C	https://zh.wikipedia.org/wiki/莱瑟黑德	C1: station name equals the place Leatherhead (Wikidata Q1810766, 531 m away), which has a zh.wikipedia article
station	Guildford	-0.58114	51.2372	吉尔福德	C	https://zh.wikipedia.org/wiki/吉爾福德	C1: station name equals the place Guildford (Wikidata Q213465, 498 m away), which has a zh.wikipedia article
station	Ewell East	-0.24129	51.34529	尤厄尔东	C	https://zh.wikipedia.org/wiki/尤厄爾	C2: place Ewell (Wikidata Q963723, 746 m away) + fixed word 'east' = 东, as zh.wikipedia writes it in Aldgate East=阿尔德门东, Hounslow East=豪恩斯洛东, Dagenham East=达格纳姆东
station	Horsham	-0.31892	51.06598	霍舍姆	C	https://zh.wikipedia.org/wiki/霍舍姆	C1: station name equals the place Horsham (Wikidata Q177544, 614 m away), which has a zh.wikipedia article
station	Arundel	-0.54627	50.84801	阿伦德尔	C	https://zh.wikipedia.org/wiki/阿倫德爾	C1: station name equals the place Arundel (Wikidata Q716658, 955 m away), which has a zh.wikipedia article
station	Three Bridges	-0.16107	51.11747	三桥	B	Wikidata Q2699563 zh-hans	Wikidata label only, no article; not checked one by one; principal station, checked 2026-10-10: its en.wikipedia page has no Chinese language link and a zh.wikipedia search for the English name finds no station article; label written in traditional characters (三橋火车站), simplified by MediaWiki zh-cn conversion
station	Crawley	-0.18652	51.11203	克劳利	C	https://zh.wikipedia.org/wiki/克劳利	C1: station name equals the place Crawley (Wikidata Q844908, 647 m away), which has a zh.wikipedia article
station	Sydenham	-0.05422	51.42774	锡德纳姆	A	https://zh.wikipedia.org/wiki/錫德納姆站_(倫敦)	Wikidata Q2064910, 72 m from the map point; FLAG disambiguator dropped from the title: (伦敦)
station	Forest Hill	-0.05309	51.43924	森林山	A	https://zh.wikipedia.org/wiki/森林山站	Wikidata Q2342584, 27 m from the map point
station	Honor Oak Park	-0.04502	51.45046	荣橡公园	A	https://zh.wikipedia.org/wiki/榮橡公園站	Wikidata Q5896843, 57 m from the map point
station	New Cross Gate	-0.04043	51.4753	新十字门	A	https://zh.wikipedia.org/wiki/新十字門站	Wikidata Q648558, 27 m from the map point
station	New Cross	-0.03262	51.47637	新十字	A	https://zh.wikipedia.org/wiki/新十字站	Wikidata Q801253, 35 m from the map point
station	Woolwich Arsenal	0.07038	51.48962	伍利奇兵工厂	A	https://zh.wikipedia.org/wiki/伍利奇兵工廠站	Wikidata Q801639, 105 m from the map point
station	Plumstead	0.08402	51.48977	普拉姆斯特德	B	Wikidata Q4403657 zh	Wikidata label only, no article; not checked one by one
station	Abbey Wood	0.12041	51.49108	修道院森林	A	https://zh.wikipedia.org/wiki/修道院森林站	Wikidata Q2087079, 69 m from the map point
station	Slade Green	0.19031	51.46767	史莱德葛林	B	Wikidata Q2155070 zh	Wikidata label only, no article; not checked one by one; label written in traditional characters (史萊德葛林車站), simplified by MediaWiki zh-cn conversion
station	Dartford	0.21912	51.44742	达特福德	C	https://zh.wikipedia.org/wiki/達特福德	C1: station name equals the place Dartford (Wikidata Q858775, 356 m away), which has a zh.wikipedia article
station	Derby	-1.46261	52.91652	德比	A	https://zh.wikipedia.org/wiki/德比站	Wikidata Q3398679, 66 m from the map point
station	Chislehurst	0.05787	51.40516	奇斯尔赫斯特	C	https://zh.wikipedia.org/wiki/奇斯爾赫斯特	C1: station name equals the place Chislehurst (Wikidata Q122917, 1825 m away), which has a zh.wikipedia article
station	Uckfield	0.09663	50.96874	阿克菲尔德	C	https://zh.wikipedia.org/wiki/阿克菲爾德	C1: station name equals the place Uckfield (Wikidata Q1018490, 275 m away), which has a zh.wikipedia article
station	Crowborough	0.18804	51.04624	克罗伯勒	C	https://zh.wikipedia.org/wiki/克羅伯勒	C1: station name equals the place Crowborough (Wikidata Q179259, 2489 m away), which has a zh.wikipedia article
station	Oxted	-0.00456	51.25784	奥克斯特德	C	https://zh.wikipedia.org/wiki/奥克斯特德	C1: station name equals the place Oxted (Wikidata Q2189348, 146 m away), which has a zh.wikipedia article
station	Norwood Junction	-0.0747	51.39717	诺伍德交汇	A	https://zh.wikipedia.org/wiki/諾伍德交匯站	Wikidata Q2835440, 21 m from the map point
station	East Grinstead	-0.01786	51.1264	东格林斯特德	C	https://zh.wikipedia.org/wiki/東格林斯特德	C1: station name equals the place East Grinstead (Wikidata Q1277887, 343 m away), which has a zh.wikipedia article
station	South Croydon	-0.09336	51.36292	南克罗伊登	C	https://zh.wikipedia.org/wiki/克洛敦	C2: place Croydon (Wikidata Q2213391, 1583 m away) + fixed word 'south' = 南, as zh.wikipedia writes it in South Kenton=南肯顿, South Wimbledon=南温布尔登, South Harrow=南哈罗
station	Sanderstead	-0.09346	51.34839	桑德斯特德	B	Wikidata Q1816144 zh	Wikidata label only, no article; not checked one by one
station	Catford Bridge	-0.02492	51.44459	卡特福德桥	C	https://zh.wikipedia.org/wiki/卡特福德	C2: place Catford (Wikidata Q305029, 301 m away) + fixed word 'bridge' = 桥, as zh.wikipedia writes it in London Bridge=伦敦桥, Putney Bridge=帕特尼桥, London Bridge=伦敦桥
station	Elmers End	-0.0497	51.39801	埃尔默斯恩德	B	Wikidata Q2420368 zh	Wikidata label only, no article; not checked one by one; label written in traditional characters (埃爾默斯恩德站), simplified by MediaWiki zh-cn conversion
station	Chepstow	-2.67108	51.63997	切普斯托	C	https://zh.wikipedia.org/wiki/切普斯托	C1: station name equals the place Chepstow (Wikidata Q771986, 349 m away), which has a zh.wikipedia article
station	Aston	-1.87204	52.50442	阿斯顿	B	Wikidata Q1978485 zh	Wikidata label only, no article; not checked one by one
station	Aldershot	-0.75991	51.24628	奥尔德肖特	C	https://zh.wikipedia.org/wiki/奧爾德肖特	C1: station name equals the place Aldershot (Wikidata Q646980, 251 m away), which has a zh.wikipedia article
station	Camberley	-0.74389	51.33634	坎伯利	C	https://zh.wikipedia.org/wiki/坎伯利	C1: station name equals the place Camberley (Wikidata Q741400, 199 m away), which has a zh.wikipedia article
station	Runcorn	-2.73939	53.33856	朗科恩	C	https://zh.wikipedia.org/wiki/朗科恩	C1: station name equals the place Runcorn (Wikidata Q1009316, 538 m away), which has a zh.wikipedia article
station	Crewe	-2.43264	53.08896	克鲁	A	https://zh.wikipedia.org/wiki/克魯站	Wikidata Q3397336, 24 m from the map point
station	Portsmouth Harbour	-1.10878	50.7967	朴次茅斯港	A	https://zh.wikipedia.org/wiki/朴次茅斯港站	Wikidata Q2228512, 132 m from the map point
station	Haslemere	-0.71949	51.08878	黑斯尔米尔	C	https://zh.wikipedia.org/wiki/黑斯爾米爾	C1: station name equals the place Haslemere (Wikidata Q2449644, 559 m away), which has a zh.wikipedia article
station	Petersfield	-0.94172	51.00652	彼得斯菲尔德	C	https://zh.wikipedia.org/wiki/彼得斯菲爾德	C1: station name equals the place Petersfield (Wikidata Q1247815, 589 m away), which has a zh.wikipedia article
station	Havant	-0.98156	50.85444	哈文特	C	https://zh.wikipedia.org/wiki/哈文特	C1: station name equals the place Havant (Wikidata Q1234712, 506 m away), which has a zh.wikipedia article
station	Andover	-1.49278	51.21156	安多弗	C	https://zh.wikipedia.org/wiki/安多弗_(漢普郡)	C1: station name equals the place Andover (Wikidata Q492805, 1907 m away), which has a zh.wikipedia article
station	Salisbury	-1.80641	51.07057	索尔兹伯里	C	https://zh.wikipedia.org/wiki/索爾茲伯里	C1: station name equals the place Salisbury (Wikidata Q160642, 974 m away), which has a zh.wikipedia article
station	Gillingham	-2.27208	51.03409	吉灵厄姆	C	https://zh.wikipedia.org/wiki/吉林漢姆_(多塞特郡)	C1: station name equals the place Gillingham (Wikidata Q1234847, 425 m away), which has a zh.wikipedia article
station	Selby	-1.06342	53.78291	塞尔比	C	https://zh.wikipedia.org/wiki/塞爾比	C1: station name equals the place Selby (Wikidata Q527846, 470 m away), which has a zh.wikipedia article
station	Howden	-0.86064	53.76476	豪登	C	https://zh.wikipedia.org/wiki/豪登	C1: station name equals the place Howden (Wikidata Q1365059, 2306 m away), which has a zh.wikipedia article
station	Hessle	-0.4421	53.71737	赫斯尔	C	https://zh.wikipedia.org/wiki/赫斯爾	C1: station name equals the place Hessle (Wikidata Q1616042, 990 m away), which has a zh.wikipedia article
station	Hull Paragon Interchange	-0.3476	53.74384	赫尔百丽宫转运站	A	https://zh.wikipedia.org/wiki/赫爾百麗宮轉運站	Wikidata Q9294886, 112 m from the map point; the title is kept whole: 转运站 renders Interchange and is not the generic station suffix. FLAG wording: 百丽宫 and 转运站 are Taiwan wording and the page gives no mainland form
station	Stalybridge	-2.06422	53.48414	斯泰利布里奇	C	https://zh.wikipedia.org/wiki/斯泰利布里奇	C1: station name equals the place Stalybridge (Wikidata Q1398653, 1606 m away), which has a zh.wikipedia article
station	Huddersfield	-1.78475	53.64849	哈德斯菲尔德	A	https://zh.wikipedia.org/wiki/哈特斯菲站	Wikidata Q2565331, 57 m from the map point; zh-cn form comes from a conversion rule on the page (stored title 哈特斯菲站)
station	Dewsbury	-1.63327	53.69202	迪斯伯里	C	https://zh.wikipedia.org/wiki/迪斯伯里	C1: station name equals the place Dewsbury (Wikidata Q525508, 967 m away), which has a zh.wikipedia article
station	Batley	-1.62301	53.71021	巴特利	C	https://zh.wikipedia.org/wiki/巴特利_(西约克郡)	C1: station name equals the place Batley (Wikidata Q810847, 1095 m away), which has a zh.wikipedia article
station	Exeter St Davids	-3.54357	50.72922	埃克塞特圣戴维斯	A	https://zh.wikipedia.org/wiki/埃克塞特聖戴維斯站	Wikidata Q3244559, 42 m from the map point
station	Exeter Central	-3.53228	50.72691	埃克塞特中央	A	https://zh.wikipedia.org/wiki/埃克塞特中央站	Wikidata Q3189858, 116 m from the map point
station	Honiton	-3.18692	50.79673	霍尼顿	C	https://zh.wikipedia.org/wiki/霍尼頓	C1: station name equals the place Honiton (Wikidata Q647123, 424 m away), which has a zh.wikipedia article
station	Axminster	-3.00495	50.77901	阿克斯明斯特	C	https://zh.wikipedia.org/wiki/阿克斯明斯特	C1: station name equals the place Axminster (Wikidata Q792596, 594 m away), which has a zh.wikipedia article
station	Sherborne	-2.51297	50.94398	舍伯恩	C	https://zh.wikipedia.org/wiki/舍伯恩	C1: station name equals the place Sherborne (Wikidata Q586895, 682 m away), which has a zh.wikipedia article
station	Yeovil Junction	-2.61224	50.92481	约维尔交汇	C	https://zh.wikipedia.org/wiki/約維爾	C2: place Yeovil (Wikidata Q550110, 2858 m away) + fixed word 'junction' = 交汇, as zh.wikipedia writes it in Dalston Junction=达尔斯顿交汇, Watford Junction=沃特福德交汇, Clapham Junction=克拉珀姆交汇
station	Crewkerne	-2.77849	50.87361	克鲁肯	C	https://zh.wikipedia.org/wiki/克魯肯	C1: station name equals the place Crewkerne (Wikidata Q1234905, 1314 m away), which has a zh.wikipedia article
station	Staines	-0.50291	51.43233	史坦斯	B	Wikidata Q2106145 zh	Wikidata label only, no article; not checked one by one
station	Twickenham	-0.32884	51.45058	特威克纳姆	C	https://zh.wikipedia.org/wiki/特威克納姆	C1: station name equals the place Twickenham (Wikidata Q1143278, 601 m away), which has a zh.wikipedia article
station	Barnes Bridge	-0.25263	51.47201	巴恩斯桥	C	https://zh.wikipedia.org/wiki/巴恩斯_(倫敦)	C2: place Barnes (Wikidata Q668140, 1231 m away) + fixed word 'bridge' = 桥, as zh.wikipedia writes it in London Bridge=伦敦桥, Putney Bridge=帕特尼桥, London Bridge=伦敦桥
station	Chiswick	-0.26818	51.48115	奇斯威克	A	https://zh.wikipedia.org/wiki/奇斯威克站	Wikidata Q2135035, 19 m from the map point
station	Kew Bridge	-0.28834	51.48972	邱桥	C	https://zh.wikipedia.org/wiki/邱_(英國)	C2: place Kew (Wikidata Q1740301, 981 m away) + fixed word 'bridge' = 桥, as zh.wikipedia writes it in London Bridge=伦敦桥, Putney Bridge=帕特尼桥, London Bridge=伦敦桥
station	Brentford	-0.30968	51.48765	布伦特福德	C	https://zh.wikipedia.org/wiki/賓福特	C1: station name equals the place Brentford (Wikidata Q1013528, 175 m away), which has a zh.wikipedia article
station	Isleworth	-0.3372	51.47471	艾索沃斯	C	https://zh.wikipedia.org/wiki/艾索沃斯	C1: station name equals the place Isleworth (Wikidata Q2432955, 905 m away), which has a zh.wikipedia article
station	Hounslow	-0.36149	51.46228	豪恩斯洛	C	https://zh.wikipedia.org/wiki/豪恩斯洛	C1: station name equals the place Hounslow (Wikidata Q2022317, 902 m away), which has a zh.wikipedia article
station	Chertsey	-0.50946	51.38713	彻特西	C	https://zh.wikipedia.org/wiki/彻特西	C1: station name equals the place Chertsey (Wikidata Q1070428, 371 m away), which has a zh.wikipedia article
station	Addlestone	-0.48451	51.37311	阿德尔斯通	C	https://zh.wikipedia.org/wiki/阿德爾斯通	C1: station name equals the place Addlestone (Wikidata Q353307, 559 m away), which has a zh.wikipedia article
station	Teddington	-0.33257	51.42447	特丁顿	C	https://zh.wikipedia.org/wiki/特丁顿	C1: station name equals the place Teddington (Wikidata Q2281721, 44 m away), which has a zh.wikipedia article
station	Dawlish	-3.46445	50.58061	道利什	C	https://zh.wikipedia.org/wiki/道利什	C1: station name equals the place Dawlish (Wikidata Q1248368, 118 m away), which has a zh.wikipedia article
station	Fareham	-1.19234	50.85341	费勒姆	C	https://zh.wikipedia.org/wiki/費勒姆	C1: station name equals the place Fareham (Wikidata Q1017943, 947 m away), which has a zh.wikipedia article
station	Burgess Hill	-0.12743	50.95361	伯吉斯希尔	C	https://zh.wikipedia.org/wiki/伯吉斯希爾	C1: station name equals the place Burgess Hill (Wikidata Q1014934, 87 m away), which has a zh.wikipedia article
station	Nairn	-3.87183	57.58025	奈恩	C	https://zh.wikipedia.org/wiki/奈恩	C1: station name equals the place Nairn (Wikidata Q980084, 461 m away), which has a zh.wikipedia article
station	Lichfield Trent Valley	-1.79983	52.68683	利奇菲尔德特伦特谷	B	Wikidata Q2633539 zh-cn	Wikidata label only, no article; not checked one by one; principal station, checked 2026-10-10: its en.wikipedia page has no Chinese language link and a zh.wikipedia search for the English name finds no station article
station	Kenilworth	-1.57246	52.34284	凯尼尔沃思	C	https://zh.wikipedia.org/wiki/凱尼爾沃思	C1: station name equals the place Kenilworth (Wikidata Q2281103, 485 m away), which has a zh.wikipedia article
station	Southend Airport	0.70535	51.56995	绍森德机场	B	Wikidata Q7569535 zh	Wikidata label only, no article; not checked one by one
station	Westgate-on-Sea	1.33823	51.38128	滨海韦斯特盖特	C	https://zh.wikipedia.org/wiki/濱海韋斯特蓋特	C1: station name equals the place Westgate-on-Sea (Wikidata Q1812807, 17 m away), which has a zh.wikipedia article
station	Blackpool North	-3.04837	53.82294	布莱克浦北	A	https://zh.wikipedia.org/wiki/黑潭北站	Wikidata Q2351722, 141 m from the map point; zh-cn form comes from a conversion rule on the page (stored title 黑潭北站)
station	Kensington (Olympia)	-0.2095	51.49744	肯辛顿（奥林匹亚）	A	https://zh.wikipedia.org/wiki/肯辛顿（奥林匹亚）站	metro or tram stop (m=1); Wikidata Q801002, 160 m from the map point; FLAG the Chinese name has full-width brackets of its own; form without inner brackets: 肯辛顿奥林匹亚
station	South Ruislip	-0.39906	51.55699	南赖斯利普	A	https://zh.wikipedia.org/wiki/南雷士廉站	metro or tram stop (m=1); Wikidata Q801459, 74 m from the map point; zh-cn form comes from a conversion rule on the page (stored title 南雷士廉站)
station	Glasgow Central	-4.25844	55.85831	格拉斯哥中央	A	https://zh.wikipedia.org/wiki/格拉斯哥中央車站	Wikidata Q800825, 220 m from the map point
station	Glasgow Queen Street	-4.25112	55.86256	格拉斯哥皇后街	A	https://zh.wikipedia.org/wiki/格拉斯哥皇后街站	Wikidata Q800823, 40 m from the map point
station	Warwick Parkway	-1.61227	52.28601	沃里克公园大道	A	https://zh.wikipedia.org/wiki/沃里克公园大道站	Wikidata Q372014, 18 m from the map point
station	Brownhills West	-1.953	52.66269	布朗希尔斯西	C	https://zh.wikipedia.org/wiki/布朗希爾斯	C2: place Brownhills (Wikidata Q730103, 2208 m away) + fixed word 'west' = 西, as zh.wikipedia writes it in Penge West=彭奇西, Hounslow West=豪恩斯洛西, Kentish Town West=肯蒂什镇西
station	White Hart Lane	-0.07092	51.60453	白鹿巷	A	https://zh.wikipedia.org/wiki/白鹿巷站	Wikidata Q2775608, 53 m from the map point
station	Turkey Street	-0.04697	51.67323	土耳其街	A	https://zh.wikipedia.org/wiki/土耳其街站	Wikidata Q2632197, 72 m from the map point
station	Theobalds Grove	-0.03501	51.69223	斯奥巴尔德斯高夫	A	https://zh.wikipedia.org/wiki/斯奧巴爾德斯高夫站	Wikidata Q2104388, 26 m from the map point; FLAG wording: the title is in Hong Kong or Taiwan wording and the page gives no mainland form
station	Stamford Hill	-0.07628	51.57488	史丹佛山	A	https://zh.wikipedia.org/wiki/史丹佛山站	Wikidata Q2179250, 55 m from the map point; FLAG wording: the title is in Hong Kong or Taiwan wording and the page gives no mainland form
station	Stoke Newington	-0.07255	51.56504	斯托克纽因顿	A	https://zh.wikipedia.org/wiki/斯托克紐因頓站	Wikidata Q2041054, 31 m from the map point
station	Bruce Grove	-0.07001	51.59371	布鲁斯高夫	A	https://zh.wikipedia.org/wiki/布魯斯高夫站	Wikidata Q1867544, 42 m from the map point; FLAG wording: the title is in Hong Kong or Taiwan wording and the page gives no mainland form
station	Rectory Road	-0.06862	51.55911	雷克托利路	A	https://zh.wikipedia.org/wiki/雷克托利路站	Wikidata Q3246655, 45 m from the map point
station	Northumberland Park	-0.05387	51.60191	诺森柏兰公园	B	Wikidata Q2424431 zh	Wikidata label only, no article; not checked one by one; label written in traditional characters (諾森柏蘭公園站), simplified by MediaWiki zh-cn conversion
station	Clapton	-0.05686	51.56165	克拉普顿	A	https://zh.wikipedia.org/wiki/克拉普頓站	Wikidata Q2639486, 18 m from the map point
station	Waltham Cross	-0.02648	51.68476	沃尔瑟姆十字	B	Wikidata Q2948632 zh	Wikidata label only, no article; not checked one by one; label written in traditional characters (沃爾瑟姆十字站), simplified by MediaWiki zh-cn conversion
station	Broxbourne	-0.01063	51.74683	布罗克斯本	A	https://zh.wikipedia.org/wiki/布羅克斯本站	Wikidata Q2968226, 32 m from the map point
station	Roydon	0.03651	51.77544	罗伊登	B	Wikidata Q2039157 zh	Wikidata label only, no article; not checked one by one; label written in traditional characters (羅伊登站), simplified by MediaWiki zh-cn conversion
station	Stansted Airport	0.26215	51.88926	斯坦斯特德机场	A	https://zh.wikipedia.org/wiki/斯坦斯特德機場站	Wikidata Q2652717, 84 m from the map point
station	Hertford East	-0.07175	51.7994	赫特福德东	C	https://zh.wikipedia.org/wiki/赫特福德	C2: place Hertford (Wikidata Q9681, 652 m away) + fixed word 'east' = 东, as zh.wikipedia writes it in Aldgate East=阿尔德门东, Hounslow East=豪恩斯洛东, Dagenham East=达格纳姆东
station	Elverson Road	-0.01621	51.46852	埃维逊路	A	https://zh.wikipedia.org/wiki/埃維遜路站	metro or tram stop (m=1); Wikidata Q1334221, 13 m from the map point; FLAG wording: the title is in Hong Kong or Taiwan wording and the page gives no mainland form
station	Deptford Bridge	-0.02239	51.47416	德特福德桥	A	https://zh.wikipedia.org/wiki/德特福德橋站	metro or tram stop (m=1); Wikidata Q1191937, 34 m from the map point
station	Crossharbour	-0.01444	51.4959	过港	A	https://zh.wikipedia.org/wiki/過港站	metro or tram stop (m=1); Wikidata Q1141277, 34 m from the map point
station	South Quay	-0.01625	51.50004	南船坞	A	https://zh.wikipedia.org/wiki/南船塢站	metro or tram stop (m=1); Wikidata Q1459835, 1 m from the map point
station	King George V	0.06235	51.50201	国王乔治五世	A	https://zh.wikipedia.org/wiki/國王喬治五世站	metro or tram stop (m=1); Wikidata Q1742030, 30 m from the map point
station	Royal Victoria	0.01759	51.50912	皇家维多利亚	A	https://zh.wikipedia.org/wiki/皇家維多利亞站	metro or tram stop (m=1); Wikidata Q1973338, 77 m from the map point
station	Custom House	0.02596	51.50963	海关楼	A	https://zh.wikipedia.org/wiki/海關樓站	metro or tram stop (m=1); Wikidata Q1146210, 5 m from the map point
station	Prince Regent	0.03315	51.50948	摄政王子	A	https://zh.wikipedia.org/wiki/攝政王子站	metro or tram stop (m=1); Wikidata Q1806401, 43 m from the map point
station	Royal Albert	0.04588	51.5084	皇家阿尔伯特	A	https://zh.wikipedia.org/wiki/皇家阿爾伯特站	metro or tram stop (m=1); Wikidata Q1777884, 11 m from the map point
station	Gallions Reach	0.07179	51.50896	加量斯河岸	A	https://zh.wikipedia.org/wiki/加量斯河岸站	metro or tram stop (m=1); Wikidata Q1492485, 0 m from the map point; FLAG wording: the title is in Hong Kong or Taiwan wording and the page gives no mainland form
station	Beckton	0.06179	51.51441	贝克顿	A	https://zh.wikipedia.org/wiki/貝克頓站	metro or tram stop (m=1); Wikidata Q813750, 29 m from the map point
station	Blackwall	-0.00718	51.50794	布莱克沃尔	A	https://zh.wikipedia.org/wiki/布萊克沃爾站	metro or tram stop (m=1); Wikidata Q880956, 20 m from the map point
station	East India	-0.00219	51.50938	东印度	A	https://zh.wikipedia.org/wiki/東印度站	metro or tram stop (m=1); Wikidata Q168557, 11 m from the map point
station	London City Airport	0.04854	51.50353	伦敦城市机场	A	https://zh.wikipedia.org/wiki/倫敦城市機場站	metro or tram stop (m=1); Wikidata Q1868954, 25 m from the map point
station	West Silvertown	0.02233	51.50288	西银城	A	https://zh.wikipedia.org/wiki/西銀城站	metro or tram stop (m=1); Wikidata Q1972193, 15 m from the map point
station	Pontoon Dock	0.03322	51.50225	驳船坞	A	https://zh.wikipedia.org/wiki/駁船塢站	metro or tram stop (m=1); Wikidata Q543140, 0 m from the map point
station	North Acton	-0.25978	51.52358	北阿克顿	A	https://zh.wikipedia.org/wiki/北阿克頓站	metro or tram stop (m=1); Wikidata Q83842, 28 m from the map point
station	Westhoughton	-2.52322	53.55588	威斯特霍顿	C	https://zh.wikipedia.org/wiki/威斯特霍頓	C1: station name equals the place Westhoughton (Wikidata Q686319, 957 m away), which has a zh.wikipedia article
station	Hammersmith (District and Piccadilly lines)	-0.22325	51.49216	哈默史密斯	A	https://zh.wikipedia.org/wiki/漢墨斯密站_(皮卡迪利線和區域線)	metro or tram stop (m=1); Wikidata Q7486929, 108 m from the map point; FLAG disambiguator dropped from the title: (皮卡迪利线和区域线); zh-cn form comes from a conversion rule on the page (stored title 漢墨斯密站 (皮卡迪利線和區域線))
station	Mitcham Junction	-0.15778	51.39294	米彻姆交汇	C	https://zh.wikipedia.org/wiki/米彻姆	C2: place Mitcham (Wikidata Q687798, 982 m away) + fixed word 'junction' = 交汇, as zh.wikipedia writes it in Dalston Junction=达尔斯顿交汇, Watford Junction=沃特福德交汇, Clapham Junction=克拉珀姆交汇
station	Tower Hill	-0.0767	51.50985	塔丘	A	https://zh.wikipedia.org/wiki/塔丘站	metro or tram stop (m=1); Wikidata Q1475207, 51 m from the map point
station	Farnworth	-2.38853	53.55046	法恩沃思	C	https://zh.wikipedia.org/wiki/法恩沃思	C1: station name equals the place Farnworth (Wikidata Q1397011, 953 m away), which has a zh.wikipedia article
station	Crews Hill	-0.10722	51.68475	克鲁斯山	B	Wikidata Q2514883 zh	Wikidata label only, no article; not checked one by one
station	Hornsey	-0.11168	51.58632	霍恩西	B	Wikidata Q600848 zh	Wikidata label only, no article; not checked one by one
station	Hertford North	-0.09224	51.79868	赫特福德北	C	https://zh.wikipedia.org/wiki/赫特福德	C2: place Hertford (Wikidata Q9681, 1063 m away) + fixed word 'north' = 北, as zh.wikipedia writes it in Bicester North=比斯特北, Clapham North=克拉珀姆北, Lambeth North=兰贝斯北
station	Bowes Park	-0.12048	51.60719	宝园	B	Wikidata Q2600064 zh	Wikidata label only, no article; not checked one by one; label written in traditional characters (寶園站), simplified by MediaWiki zh-cn conversion
station	Colindale	-0.24993	51.59541	科林达	A	https://zh.wikipedia.org/wiki/科林達站	metro or tram stop (m=1); Wikidata Q1108796, 17 m from the map point
station	Golders Green	-0.19403	51.5723	戈尔德斯格林	A	https://zh.wikipedia.org/wiki/戈爾德斯格林站	metro or tram stop (m=1); Wikidata Q2167448, 24 m from the map point
station	Ruislip	-0.42134	51.5714	赖斯利普	A	https://zh.wikipedia.org/wiki/雷士廉站	metro or tram stop (m=1); Wikidata Q1287877, 12 m from the map point; zh-cn form comes from a conversion rule on the page (stored title 雷士廉站)
station	Rayners Lane	-0.37147	51.57521	雷纳斯巷	A	https://zh.wikipedia.org/wiki/雷納斯巷站	metro or tram stop (m=1); Wikidata Q2120040, 33 m from the map point
station	Neasden	-0.25075	51.55434	尼斯登	A	https://zh.wikipedia.org/wiki/尼斯登站	metro or tram stop (m=1); Wikidata Q1857076, 38 m from the map point
station	Hatton Cross	-0.42399	51.46654	赫顿十字	A	https://zh.wikipedia.org/wiki/赫頓十字站	metro or tram stop (m=1); Wikidata Q1197072, 64 m from the map point
station	Osterley	-0.35183	51.48155	奥斯特利	A	https://zh.wikipedia.org/wiki/奧斯特利站	metro or tram stop (m=1); Wikidata Q651554, 39 m from the map point
station	Stamford Brook	-0.24589	51.49497	史丹佛溪	A	https://zh.wikipedia.org/wiki/史丹佛溪站	metro or tram stop (m=1); Wikidata Q1342356, 5 m from the map point; FLAG wording: the title is in Hong Kong or Taiwan wording and the page gives no mainland form
station	Turnham Green	-0.25469	51.49513	特南绿地	A	https://zh.wikipedia.org/wiki/特南綠地站	metro or tram stop (m=1); Wikidata Q519434, 27 m from the map point
station	Chiswick Park	-0.26787	51.49456	奇斯威克公园	A	https://zh.wikipedia.org/wiki/奇斯威克公園站	metro or tram stop (m=1); Wikidata Q1074875, 21 m from the map point
station	Northwich	-2.49685	53.26136	诺斯威奇	C	https://zh.wikipedia.org/wiki/諾斯威奇	C1: station name equals the place Northwich (Wikidata Q2009813, 1433 m away), which has a zh.wikipedia article
station	Knutsford	-2.37218	53.3016	纳茨福德	C	https://zh.wikipedia.org/wiki/納茨福德	C1: station name equals the place Knutsford (Wikidata Q1470791, 134 m away), which has a zh.wikipedia article
station	Altrincham	-2.34708	53.38766	奥尔特灵厄姆	C	https://zh.wikipedia.org/wiki/奥尔特灵厄姆	C1: station name equals the place Altrincham (Wikidata Q445058, 744 m away), which has a zh.wikipedia article
station	Earl's Court	-0.1939	51.49161	伯爵宫	A	https://zh.wikipedia.org/wiki/伯爵宮站	metro or tram stop (m=1); Wikidata Q1277562, 37 m from the map point
station	Becontree	0.12652	51.54031	贝肯翠	A	https://zh.wikipedia.org/wiki/貝肯翠站	metro or tram stop (m=1); Wikidata Q813772, 11 m from the map point; FLAG wording: the title is in Hong Kong or Taiwan wording and the page gives no mainland form
station	Ruislip Manor	-0.4118	51.5734	赖斯利普庄园	A	https://zh.wikipedia.org/wiki/雷士廉莊園站	metro or tram stop (m=1); Wikidata Q477733, 49 m from the map point; zh-cn form comes from a conversion rule on the page (stored title 雷士廉莊園站)
station	Northolt	-0.36952	51.54846	诺索尔特	A	https://zh.wikipedia.org/wiki/諾索爾特站	metro or tram stop (m=1); Wikidata Q1317971, 94 m from the map point
station	Perivale	-0.32259	51.5365	佩里韦尔	A	https://zh.wikipedia.org/wiki/佩里韋爾站	metro or tram stop (m=1); Wikidata Q1650871, 72 m from the map point
station	Theydon Bois	0.10332	51.67178	塞登博伊斯	A	https://zh.wikipedia.org/wiki/塞登博伊斯站	metro or tram stop (m=1); Wikidata Q1434642, 13 m from the map point
station	Loughton	0.05532	51.64123	劳顿	A	https://zh.wikipedia.org/wiki/勞頓站	metro or tram stop (m=1); Wikidata Q1291126, 18 m from the map point
station	Woodford	0.03402	51.60681	伍德福德	A	https://zh.wikipedia.org/wiki/伍德福德站	metro or tram stop (m=1); Wikidata Q630409, 18 m from the map point; zh-cn form comes from a conversion rule on the page (stored title 伍德福德站); the zh-cn conversion rule on the page misfires (伍特尔福德德); the plain simplified title is used
station	Hanger Lane	-0.29365	51.53031	汉格巷	A	https://zh.wikipedia.org/wiki/漢格巷站	metro or tram stop (m=1); Wikidata Q1305890, 70 m from the map point
station	Upminster Bridge	0.23477	51.55827	上敏斯特桥	A	https://zh.wikipedia.org/wiki/上敏斯特橋站	metro or tram stop (m=1); Wikidata Q1489665, 48 m from the map point
station	Hornchurch	0.21811	51.55387	霍恩彻奇	A	https://zh.wikipedia.org/wiki/霍恩徹奇站	metro or tram stop (m=1); Wikidata Q1628404, 54 m from the map point
station	Dagenham East	0.16495	51.54402	达格纳姆东	A	https://zh.wikipedia.org/wiki/達格納姆東站	metro or tram stop (m=1); Wikidata Q1157204, 63 m from the map point
station	Dagenham Heathway	0.14564	51.54155	达格纳姆希斯威	A	https://zh.wikipedia.org/wiki/達格納姆希斯威站	metro or tram stop (m=1); Wikidata Q1157207, 91 m from the map point
station	Stanmore	-0.30263	51.61885	斯坦莫尔	A	https://zh.wikipedia.org/wiki/史丹摩站	metro or tram stop (m=1); Wikidata Q1757110, 67 m from the map point; zh-cn form comes from a conversion rule on the page (stored title 史丹摩站)
station	Canons Park	-0.29475	51.60801	教士公园	A	https://zh.wikipedia.org/wiki/教士公園站	metro or tram stop (m=1); Wikidata Q1033599, 26 m from the map point
station	Elm Park	0.19743	51.54958	榆园	A	https://zh.wikipedia.org/wiki/榆園站	metro or tram stop (m=1); Wikidata Q1332680, 29 m from the map point
station	Leyton	-0.00513	51.55682	莱顿	A	https://zh.wikipedia.org/wiki/萊頓站	metro or tram stop (m=1); Wikidata Q1734740, 20 m from the map point
station	East Putney	-0.21124	51.45861	东帕特尼	A	https://zh.wikipedia.org/wiki/東帕特尼站	metro or tram stop (m=1); Wikidata Q1277984, 11 m from the map point
station	Temple	-0.11433	51.51097	圣殿	A	https://zh.wikipedia.org/wiki/聖殿站	metro or tram stop (m=1); Wikidata Q1431071, 2 m from the map point
station	Walthamstow Central	-0.01999	51.58289	沃尔瑟姆斯托中央	A	https://zh.wikipedia.org/wiki/沃爾瑟姆斯托中央站	metro or tram stop (m=1); Wikidata Q801582, 18 m from the map point
station	Anerley	-0.06549	51.41258	阿纳利	A	https://zh.wikipedia.org/wiki/阿納利站	Wikidata Q2012789, 18 m from the map point
station	Alperton	-0.3001	51.5408	阿伯顿	A	https://zh.wikipedia.org/wiki/阿伯頓站	metro or tram stop (m=1); Wikidata Q1488320, 26 m from the map point; FLAG wording: the title is in Hong Kong or Taiwan wording and the page gives no mainland form
station	Covent Garden	-0.12427	51.51309	科文特花园	A	https://zh.wikipedia.org/wiki/柯芬園站	metro or tram stop (m=1); Wikidata Q38879, 13 m from the map point; zh-cn form comes from a conversion rule on the page (stored title 柯芬園站)
station	St. John's Wood	-0.17421	51.53535	圣约翰伍德	A	https://zh.wikipedia.org/wiki/聖約翰伍德站	metro or tram stop (m=1); Wikidata Q1549556, 70 m from the map point
station	East Ham	0.0526	51.5394	东汉姆	A	https://zh.wikipedia.org/wiki/東漢姆站	metro or tram stop (m=1); Wikidata Q1269975, 82 m from the map point
station	Bromley-by-Bow	-0.01232	51.52463	堡贝门利	A	https://zh.wikipedia.org/wiki/堡貝門利站	metro or tram stop (m=1); Wikidata Q926679, 100 m from the map point; FLAG wording: the title is in Hong Kong or Taiwan wording and the page gives no mainland form
station	Canary Wharf	-0.01863	51.5035	金丝雀码头	A	https://zh.wikipedia.org/wiki/金絲雀碼頭站	metro or tram stop (m=1); Wikidata Q1032842, 12 m from the map point
station	Kensal Green	-0.22444	51.53061	肯瑟尔格林	A	https://zh.wikipedia.org/wiki/肯薩綠地站	metro or tram stop (m=1); Wikidata Q800999, 39 m from the map point; zh-cn form comes from a conversion rule on the page (stored title 肯薩綠地站)
station	Harlesden	-0.25783	51.53636	哈尔斯登	A	https://zh.wikipedia.org/wiki/哈爾斯登站	metro or tram stop (m=1); Wikidata Q800892, 36 m from the map point
station	West Hampstead	-0.18996	51.54682	西汉普斯特德	A	https://zh.wikipedia.org/wiki/西漢普斯特德站_(倫敦地鐵)	metro or tram stop (m=1); Wikidata Q1857089, 44 m from the map point; FLAG disambiguator dropped from the title: (伦敦地铁)
station	Bermondsey	-0.06435	51.4977	伯蒙德赛	A	https://zh.wikipedia.org/wiki/伯蒙德賽站	metro or tram stop (m=1); Wikidata Q822041, 51 m from the map point
station	Green Park	-0.14294	51.50662	绿园	A	https://zh.wikipedia.org/wiki/綠園站	metro or tram stop (m=1); Wikidata Q1366462, 36 m from the map point
station	Congleton	-2.19246	53.1578	康格尔顿	C	https://zh.wikipedia.org/wiki/康格爾頓	C1: station name equals the place Congleton (Wikidata Q1125738, 1703 m away), which has a zh.wikipedia article
station	Uxbridge	-0.47751	51.54666	阿克斯布里奇	A	https://zh.wikipedia.org/wiki/阿克斯布里奇站	metro or tram stop (m=1); Wikidata Q1757126, 101 m from the map point
station	Hillingdon	-0.45046	51.5536	希灵登	A	https://zh.wikipedia.org/wiki/希靈登站	metro or tram stop (m=1); Wikidata Q570560, 39 m from the map point
station	Goldhawk Road	-0.22657	51.50176	金贩路	A	https://zh.wikipedia.org/wiki/金販路站	metro or tram stop (m=1); Wikidata Q301995, 40 m from the map point; FLAG wording: the title is in Hong Kong or Taiwan wording and the page gives no mainland form
station	Shepherd's Bush	-0.21833	51.50436	牧者丛	A	https://zh.wikipedia.org/wiki/牧者叢站_(倫敦地鐵)	metro or tram stop (m=1); Wikidata Q1211566, 40 m from the map point; FLAG disambiguator dropped from the title: (伦敦地铁)
station	Latimer Road	-0.21779	51.51347	拉蒂默路	A	https://zh.wikipedia.org/wiki/拉蒂默路站	metro or tram stop (m=1); Wikidata Q736375, 61 m from the map point
station	Kilburn Park	-0.19383	51.53502	基尔伯恩公园	A	https://zh.wikipedia.org/wiki/基爾伯恩公園站	metro or tram stop (m=1); Wikidata Q949382, 5 m from the map point
station	Royal Oak	-0.18744	51.51902	皇家橡	A	https://zh.wikipedia.org/wiki/皇家橡站	metro or tram stop (m=1); Wikidata Q1757115, 46 m from the map point
station	Bayswater	-0.18839	51.51228	贝斯沃特	A	https://zh.wikipedia.org/wiki/貝斯沃特站	metro or tram stop (m=1); Wikidata Q812631, 41 m from the map point
station	High Street Kensington	-0.19211	51.5003	高街肯辛顿	A	https://zh.wikipedia.org/wiki/高街肯辛頓站	metro or tram stop (m=1); Wikidata Q634345, 62 m from the map point
station	Gloucester Road	-0.18377	51.49453	格洛斯特路	A	https://zh.wikipedia.org/wiki/格洛斯特路站	metro or tram stop (m=1); Wikidata Q1431088, 57 m from the map point
station	Marble Arch	-0.15825	51.51344	石拱门	A	https://zh.wikipedia.org/wiki/石拱門站	metro or tram stop (m=1); Wikidata Q786259, 13 m from the map point
station	Great Portland Street	-0.1437	51.52381	大波特兰街	A	https://zh.wikipedia.org/wiki/大波特蘭街站	metro or tram stop (m=1); Wikidata Q946924, 7 m from the map point
station	Warren Street	-0.13853	51.52472	华伦街	A	https://zh.wikipedia.org/wiki/華倫街站	metro or tram stop (m=1); Wikidata Q1366438, 14 m from the map point
station	Goodge Street	-0.13436	51.5206	古吉街	A	https://zh.wikipedia.org/wiki/古吉街站	metro or tram stop (m=1); Wikidata Q746880, 27 m from the map point
station	Highbury & Islington	-0.10365	51.54637	高贝里及伊斯灵顿	A	https://zh.wikipedia.org/wiki/高貝里及伊斯靈頓站	metro or tram stop (m=1); Wikidata Q800922, 113 m from the map point
station	Edge Hill	-2.94665	53.40249	边山	B	Wikidata Q1814188 zh-cn	Wikidata label only, no article; not checked one by one
station	Warrington West	-2.63693	53.39374	沃灵顿西	C	https://zh.wikipedia.org/wiki/沃灵顿	C2: place Warrington (Wikidata Q215733, 2371 m away) + fixed word 'west' = 西, as zh.wikipedia writes it in Penge West=彭奇西, Hounslow West=豪恩斯洛西, Kentish Town West=肯蒂什镇西
station	Trafford Park	-2.3117	53.45478	特拉福德公园	B	Wikidata Q3932222 zh	Wikidata label only, no article; not checked one by one; label written in traditional characters (特拉福德公園站), simplified by MediaWiki zh-cn conversion
station	Warrington Central	-2.59242	53.39194	沃灵顿中央	C	https://zh.wikipedia.org/wiki/沃灵顿	C2: place Warrington (Wikidata Q215733, 864 m away) + fixed word 'central' = 中央, as zh.wikipedia writes it in Finchley Central=芬奇利中央, Hendon Central=亨顿中央, Acton Central=阿克顿中央
station	Grantham	-0.64301	52.90652	格兰瑟姆	C	https://zh.wikipedia.org/wiki/格兰瑟姆	C1: station name equals the place Grantham (Wikidata Q846683, 1327 m away), which has a zh.wikipedia article
station	Ely	0.2665	52.39069	伊利	C	https://zh.wikipedia.org/wiki/伊利_(劍橋郡)	C1: station name equals the place Ely (Wikidata Q209176, 870 m away), which has a zh.wikipedia article
station	Newark Castle	-0.81318	53.08025	纽瓦克城堡	A	https://zh.wikipedia.org/wiki/紐瓦克城堡站	Wikidata Q4800289, 36 m from the map point
station	Belper	-1.48256	53.02427	贝尔珀	C	https://zh.wikipedia.org/wiki/贝尔珀	C1: station name equals the place Belper (Wikidata Q2080375, 730 m away), which has a zh.wikipedia article
station	Matlock	-1.55855	53.13811	马特洛克	C	https://zh.wikipedia.org/wiki/馬特洛克	C1: station name equals the place Matlock (Wikidata Q1337703, 608 m away), which has a zh.wikipedia article
station	Holmes Chapel	-2.3511	53.19928	霍姆斯查珀尔	C	https://zh.wikipedia.org/wiki/霍姆斯查珀爾	C1: station name equals the place Holmes Chapel (Wikidata Q1010169, 540 m away), which has a zh.wikipedia article
station	Sandbach	-2.39371	53.15024	桑德巴奇	C	https://zh.wikipedia.org/wiki/桑德巴奇	C1: station name equals the place Sandbach (Wikidata Q2321266, 1845 m away), which has a zh.wikipedia article
station	Drayton Park	-0.10577	51.55311	德雷顿公园	A	https://zh.wikipedia.org/wiki/德雷頓公園車站	Wikidata Q682110, 39 m from the map point
station	Willesden Green	-0.22222	51.54935	威尔斯登格林	A	https://zh.wikipedia.org/wiki/威爾斯登綠地站	metro or tram stop (m=1); Wikidata Q1857104, 43 m from the map point; zh-cn form comes from a conversion rule on the page (stored title 威爾斯登綠地站)
station	Kilburn	-0.20534	51.54699	基尔伯恩	A	https://zh.wikipedia.org/wiki/基爾伯恩站	metro or tram stop (m=1); Wikidata Q1741248, 50 m from the map point
station	West Acton	-0.28041	51.51835	西阿克顿	A	https://zh.wikipedia.org/wiki/西阿克頓站	metro or tram stop (m=1); Wikidata Q1363805, 70 m from the map point
station	Richmond	-0.30041	51.46321	里士满	A	https://zh.wikipedia.org/wiki/里奇蒙站_(倫敦)	metro or tram stop (m=1); Wikidata Q801366, 15 m from the map point; FLAG disambiguator dropped from the title: (伦敦); zh-cn form comes from a conversion rule on the page (stored title 里奇蒙站 (倫敦))
station	Gunnersbury	-0.27552	51.49138	古纳斯贝里	A	https://zh.wikipedia.org/wiki/古納斯伯里站	metro or tram stop (m=1); Wikidata Q800858, 20 m from the map point; zh-cn form comes from a conversion rule on the page (stored title 古納斯伯里站)
station	Stonebridge Park	-0.27623	51.54411	石桥公园	A	https://zh.wikipedia.org/wiki/石橋公園站	metro or tram stop (m=1); Wikidata Q801474, 70 m from the map point
station	Willesden Junction	-0.2435	51.5322	威尔斯登交汇	A	https://zh.wikipedia.org/wiki/威爾斯登交匯站	metro or tram stop (m=1); Wikidata Q801623, 54 m from the map point; zh-cn form comes from a conversion rule on the page (stored title 威爾斯登交匯站)
station	Dollis Hill	-0.239	51.55193	多利斯山	A	https://zh.wikipedia.org/wiki/多利斯山站	metro or tram stop (m=1); Wikidata Q1235761, 27 m from the map point
station	Westbourne Park	-0.20141	51.52093	西邦尔公园	A	https://zh.wikipedia.org/wiki/西邦爾公園站	metro or tram stop (m=1); Wikidata Q1857925, 29 m from the map point; FLAG wording: the title is in Hong Kong or Taiwan wording and the page gives no mainland form
station	South Acton	-0.2699	51.49972	南阿克顿	A	https://zh.wikipedia.org/wiki/南阿克頓站	Wikidata Q451653, 66 m from the map point
station	Kew Gardens	-0.28496	51.47713	邱园	A	https://zh.wikipedia.org/wiki/邱园站	metro or tram stop (m=1); Wikidata Q801000, 2 m from the map point
station	Leyland	-2.68655	53.69856	莱兰	C	https://zh.wikipedia.org/wiki/萊蘭	C1: station name equals the place Leyland (Wikidata Q2569138, 1242 m away), which has a zh.wikipedia article
station	Haymarket	-3.21937	55.94518	干草市场	A	https://zh.wikipedia.org/wiki/乾草市場站_(愛丁堡)	Wikidata Q800709, 82 m from the map point; FLAG disambiguator dropped from the title: (爱丁堡)
station	Lockerbie	-3.35379	55.12241	洛克比	C	https://zh.wikipedia.org/wiki/洛克比	C1: station name equals the place Lockerbie (Wikidata Q216045, 108 m away), which has a zh.wikipedia article
station	Barking	0.07932	51.54027	巴金	A	https://zh.wikipedia.org/wiki/巴金站	metro or tram stop (m=1); Wikidata Q800451, 197 m from the map point
station	Ladbroke Grove	-0.2111	51.51726	拉德布鲁克树丛	A	https://zh.wikipedia.org/wiki/拉德布魯克樹叢站	metro or tram stop (m=1); Wikidata Q1411854, 35 m from the map point
station	Upney	0.09963	51.53827	阿布尼	A	https://zh.wikipedia.org/wiki/阿布尼站	metro or tram stop (m=1); Wikidata Q1761206, 136 m from the map point; FLAG wording: the title is in Hong Kong or Taiwan wording and the page gives no mainland form
station	Queen's Park	-0.2055	51.53387	女王公园	A	https://zh.wikipedia.org/wiki/女王公園站	metro or tram stop (m=1); Wikidata Q801347, 54 m from the map point
station	Tottenham Hale	-0.05994	51.58812	托特纳姆谷	A	https://zh.wikipedia.org/wiki/托定咸谷站	metro or tram stop (m=1); Wikidata Q801529, 98 m from the map point; zh-cn form comes from a conversion rule on the page (stored title 托定咸谷站)
station	Holland Park	-0.20546	51.50719	荷兰公园	A	https://zh.wikipedia.org/wiki/荷蘭公園站	metro or tram stop (m=1); Wikidata Q615430, 8 m from the map point
station	Euston Square	-0.13557	51.52569	尤斯顿广场	A	https://zh.wikipedia.org/wiki/尤斯頓廣場站	metro or tram stop (m=1); Wikidata Q1366453, 20 m from the map point
station	Camden Road	-0.13953	51.54195	卡姆登路	A	https://zh.wikipedia.org/wiki/卡姆登路站	Wikidata Q3146235, 53 m from the map point
station	South Bermondsey	-0.05446	51.48795	南伯蒙德西	C	https://zh.wikipedia.org/wiki/伯蒙德西	C2: place Bermondsey (Wikidata Q822040, 1890 m away) + fixed word 'south' = 南, as zh.wikipedia writes it in South Kenton=南肯顿, South Wimbledon=南温布尔登, South Harrow=南哈罗
station	Oxford	-1.26995	51.75345	牛津	A	https://zh.wikipedia.org/wiki/牛津站	Wikidata Q1880536, 25 m from the map point
station	Wanstead	0.02864	51.57565	旺斯特德	A	https://zh.wikipedia.org/wiki/旺斯特德站	metro or tram stop (m=1); Wikidata Q663938, 20 m from the map point
station	Queensway	-0.18723	51.51047	女王道	A	https://zh.wikipedia.org/wiki/女王道站	metro or tram stop (m=1); Wikidata Q649184, 28 m from the map point
station	Cutty Sark for Maritime Greenwich	-0.01075	51.48173	卡蒂萨克	A	https://zh.wikipedia.org/wiki/卡蒂薩克站	metro or tram stop (m=1); Wikidata Q1146606, 40 m from the map point
station	Witham	0.63943	51.80592	威特姆	C	https://zh.wikipedia.org/wiki/威特姆	C1: station name equals the place Witham (Wikidata Q1861278, 916 m away), which has a zh.wikipedia article
station	Shoeburyness	0.79457	51.53145	舒伯里内斯	B	Wikidata Q2267686 zh	Wikidata label only, no article; not checked one by one; label written in traditional characters (舒伯里內斯站), simplified by MediaWiki zh-cn conversion
station	Maryland	0.00638	51.54612	马利兰	A	https://zh.wikipedia.org/wiki/馬利蘭站	Wikidata Q2208884, 36 m from the map point
station	West Hampstead	-0.19201	51.5473	西汉普斯特德	A	https://zh.wikipedia.org/wiki/西漢普斯泰德車站	Wikidata Q2045067, 15 m from the map point; one place name, one form: the tube station and Hampstead itself are 汉普斯特德 on zh.wikipedia
station	Tower Gateway	-0.07395	51.51063	塔门廊	A	https://zh.wikipedia.org/wiki/塔門廊站	metro or tram stop (m=1); Wikidata Q1702680, 57 m from the map point
station	Lewisham	-0.01396	51.46564	刘易舍姆	A	https://zh.wikipedia.org/wiki/路易斯罕站	Wikidata Q801096, 52 m from the map point; zh-cn form comes from a conversion rule on the page (stored title 路易斯罕站)
station	West Hampstead Thameslink	-0.19232	51.54842	西汉普斯特德	B	Wikidata Q658445 zh	Wikidata label only, no article; not checked one by one; label written in traditional characters (西漢普斯特德站), simplified by MediaWiki zh-cn conversion
station	Selhurst	-0.08865	51.39221	塞尔赫斯特	B	Wikidata Q2365023 zh	Wikidata label only, no article; not checked one by one
station	Heathrow Terminal 5	-0.48773	51.47222	希思罗机场5号航站楼	A	https://zh.wikipedia.org/wiki/希斯洛機場第5航廈站	Wikidata Q800907, 21 m from the map point; zh-cn form comes from a conversion rule on the page (stored title 希斯洛機場第5航廈站)
station	Wood Street	-0.00168	51.58704	伍德街	A	https://zh.wikipedia.org/wiki/伍德街站	Wikidata Q2457986, 77 m from the map point
station	Headstone Lane	-0.35695	51.60255	头石巷	A	https://zh.wikipedia.org/wiki/頭石巷站	Wikidata Q1824003, 42 m from the map point
station	Hatch End	-0.36878	51.60958	哈奇端	A	https://zh.wikipedia.org/wiki/哈奇端站	Wikidata Q2676712, 21 m from the map point
station	Walkden	-2.39575	53.51979	沃克登	C	https://zh.wikipedia.org/wiki/沃克登	C1: station name equals the place Walkden (Wikidata Q4017800, 508 m away), which has a zh.wikipedia article
station	Atherton	-2.47783	53.52908	阿瑟顿	C	https://zh.wikipedia.org/wiki/阿瑟顿_(英国)	C1: station name equals the place Atherton (Wikidata Q755504, 1323 m away), which has a zh.wikipedia article
station	Brockley	-0.03761	51.46423	布罗克利	A	https://zh.wikipedia.org/wiki/布羅克利站	Wikidata Q2736276, 58 m from the map point
station	Manor Park	0.04504	51.5522	曼诺公园	A	https://zh.wikipedia.org/wiki/曼諾公園站	Wikidata Q1848488, 98 m from the map point; FLAG wording: the title is in Hong Kong or Taiwan wording and the page gives no mainland form
station	Forest Gate	0.02328	51.54925	森林门	A	https://zh.wikipedia.org/wiki/森林門站	Wikidata Q2439437, 66 m from the map point
station	Didcot Parkway	-1.24252	51.61122	迪德科特	B	Wikidata Q1929166 zh	Wikidata label only, no article; not checked one by one; principal station, checked 2026-10-10: its en.wikipedia page has no Chinese language link and a zh.wikipedia search for the English name finds no station article
station	Reading	-0.97232	51.45922	雷丁	A	https://zh.wikipedia.org/wiki/雷丁站	Wikidata Q801355, 26 m from the map point
station	Newport	-3.00042	51.58877	纽波特	A	https://zh.wikipedia.org/wiki/紐波特車站	Wikidata Q3397374, 135 m from the map point; zh-cn form comes from a conversion rule on the page (stored title 紐波特車站)
station	Cardiff Central	-3.17971	51.47555	加的夫中央	A	https://zh.wikipedia.org/wiki/卡迪夫中央車站	Wikidata Q2292817, 38 m from the map point; zh-cn form comes from a conversion rule on the page (stored title 卡迪夫中央車站)
station	Bristol Parkway	-2.54298	51.51388	布里斯托尔帕克韦	B	Wikidata Q800574 zh	Wikidata label only, no article; not checked one by one; principal station, checked 2026-10-10: its en.wikipedia page has no Chinese language link and a zh.wikipedia search for the English name finds no station article; label written in traditional characters (布里斯托爾帕克韋站), simplified by MediaWiki zh-cn conversion
station	Bath Spa	-2.35672	51.3776	巴斯温泉	A	https://zh.wikipedia.org/wiki/巴斯溫泉站	Wikidata Q637185, 25 m from the map point
station	Hungerford	-1.51143	51.41471	亨格福德	C	https://zh.wikipedia.org/wiki/亨格福德	C1: station name equals the place Hungerford (Wikidata Q1637841, 223 m away), which has a zh.wikipedia article
station	Camborne	-5.29772	50.21024	坎伯恩	C	https://zh.wikipedia.org/wiki/坎伯恩	C1: station name equals the place Camborne (Wikidata Q1774403, 348 m away), which has a zh.wikipedia article
station	Redruth	-5.2259	50.23313	雷德鲁斯	C	https://zh.wikipedia.org/wiki/雷德魯斯	C1: station name equals the place Redruth (Wikidata Q1010210, 136 m away), which has a zh.wikipedia article
station	St Austell	-4.78933	50.3396	圣奥斯特尔	C	https://zh.wikipedia.org/wiki/聖奧斯特爾	C1: station name equals the place St Austell (Wikidata Q772614, 440 m away), which has a zh.wikipedia article
station	Lostwithiel	-4.66606	50.40713	洛斯特威希尔	C	https://zh.wikipedia.org/wiki/洛斯特威希爾	C1: station name equals the place Lostwithiel (Wikidata Q723517, 256 m away), which has a zh.wikipedia article
station	Liskeard	-4.46953	50.44682	利斯卡德	C	https://zh.wikipedia.org/wiki/利斯卡德	C1: station name equals the place Liskeard (Wikidata Q2019908, 817 m away), which has a zh.wikipedia article
station	Totnes	-3.68875	50.43591	托特尼斯	C	https://zh.wikipedia.org/wiki/托特尼斯	C1: station name equals the place Totnes (Wikidata Q1007106, 540 m away), which has a zh.wikipedia article
station	Newton Abbot	-3.59923	50.53015	牛顿阿伯特	C	https://zh.wikipedia.org/wiki/牛頓阿伯特	C1: station name equals the place Newton Abbot (Wikidata Q660484, 1314 m away), which has a zh.wikipedia article
station	Frome	-2.31003	51.22723	弗罗姆	C	https://zh.wikipedia.org/wiki/弗罗姆_(城镇)	C1: station name equals the place Frome (Wikidata Q1242441, 803 m away), which has a zh.wikipedia article
station	Westbury	-2.19973	51.26633	韦斯特伯里	C	https://zh.wikipedia.org/wiki/韦斯特伯里	C1: station name equals the place Westbury (Wikidata Q1234797, 931 m away), which has a zh.wikipedia article
station	Reading West	-0.99072	51.45465	雷丁西	C	https://zh.wikipedia.org/wiki/雷丁	C2: place Reading (Wikidata Q161491, 1227 m away) + fixed word 'west' = 西, as zh.wikipedia writes it in Penge West=彭奇西, Hounslow West=豪恩斯洛西, Kentish Town West=肯蒂什镇西
station	Thatcham	-1.24274	51.39386	萨彻姆	C	https://zh.wikipedia.org/wiki/薩徹姆	C1: station name equals the place Thatcham (Wikidata Q1026304, 1955 m away), which has a zh.wikipedia article
station	Pershore	-2.0724	52.13074	珀肖尔	C	https://zh.wikipedia.org/wiki/珀肖爾	C1: station name equals the place Pershore (Wikidata Q767858, 1935 m away), which has a zh.wikipedia article
station	Moreton-in-Marsh	-1.70027	51.99218	莫顿因马什	C	https://zh.wikipedia.org/wiki/莫頓因馬什	C1: station name equals the place Moreton-in-Marsh (Wikidata Q734743, 468 m away), which has a zh.wikipedia article
station	Evesham	-1.94729	52.0985	伊夫舍姆	C	https://zh.wikipedia.org/wiki/伊夫舍姆	C1: station name equals the place Evesham (Wikidata Q585963, 964 m away), which has a zh.wikipedia article
station	Hanborough	-1.37263	51.82471	汉博鲁格	B	Wikidata Q2582643 zh	Wikidata label only, no article; not checked one by one
station	Epsom	-0.26955	51.33435	埃普瑟姆	C	https://zh.wikipedia.org/wiki/埃普索姆	C1: station name equals the place Epsom (Wikidata Q993164, 242 m away), which has a zh.wikipedia article
station	Banbury	-1.32776	52.06057	班伯里	A	https://zh.wikipedia.org/wiki/班伯里站	Wikidata Q2092204, 66 m from the map point
station	Leamington Spa	-1.5358	52.28461	利明顿温泉	A	https://zh.wikipedia.org/wiki/利明顿温泉站	Wikidata Q1971430, 34 m from the map point
station	Winchester	-1.32001	51.06725	温切斯特	C	https://zh.wikipedia.org/wiki/温彻斯特	C1: station name equals the place Winchester (Wikidata Q172157, 909 m away), which has a zh.wikipedia article
station	Bournemouth	-1.86419	50.72721	伯恩茅斯	A	https://zh.wikipedia.org/wiki/伯恩茅斯站	Wikidata Q4950306, 26 m from the map point
station	Wolverhampton	-2.12024	52.58799	伍尔弗汉普顿	A	https://zh.wikipedia.org/wiki/伍爾弗漢普頓站	Wikidata Q2361188, 57 m from the map point
station	Oakham	-0.73434	52.67229	奥克姆	C	https://zh.wikipedia.org/wiki/奧克姆	C1: station name equals the place Oakham (Wikidata Q1001942, 211 m away), which has a zh.wikipedia article
station	University	-1.93623	52.45159	大学	A	https://zh.wikipedia.org/wiki/大学站_(英格兰)	Wikidata Q2158861, 68 m from the map point; FLAG disambiguator dropped from the title: (英格兰)
station	Gloucester	-2.23829	51.8655	格洛斯特	C	https://zh.wikipedia.org/wiki/格洛斯特	C1: station name equals the place Gloucester (Wikidata Q170497, 519 m away), which has a zh.wikipedia article
station	Burton-on-Trent	-1.6425	52.80587	特伦特河畔伯顿	C	https://zh.wikipedia.org/wiki/特倫特河畔伯頓	C1: station name equals the town, which Wikidata and zh.wikipedia list under its other spelling Burton upon Trent (Q1000597); linked by hand
station	Heathrow Terminals 2 & 3	-0.45431	51.47193	希思罗机场2及3号航站楼	A	https://zh.wikipedia.org/wiki/希斯洛機場第2、3航廈站_(倫敦地鐵)	Wikidata Q763293, 155 m from the map point; zh-cn form comes from a conversion rule on the page (stored title 希斯洛機場第2、3航廈站 (倫敦地鐵))
station	Ewell West	-0.25713	51.35011	尤厄尔西	C	https://zh.wikipedia.org/wiki/尤厄爾	C2: place Ewell (Wikidata Q963723, 593 m away) + fixed word 'west' = 西, as zh.wikipedia writes it in Penge West=彭奇西, Hounslow West=豪恩斯洛西, Kentish Town West=肯蒂什镇西
station	Middlesbrough	-1.23451	54.57915	米德尔斯堡	A	https://zh.wikipedia.org/wiki/米德斯堡站	Wikidata Q2102917, 15 m from the map point; the station is named for the city; the city's own zh.wikipedia article gives 米德尔斯堡 in zh-cn (the usual mainland form), and station and city label should read the same
station	Hartlepool	-1.20783	54.68683	哈特尔浦	C	https://zh.wikipedia.org/wiki/哈特爾浦	C1: station name equals the place Hartlepool (Wikidata Q215752, 689 m away), which has a zh.wikipedia article
station	Manchester Airport	-2.27204	53.36518	曼彻斯特机场	C	https://zh.wikipedia.org/wiki/曼徹斯特機場	C1: station name equals the airport Manchester Airport, which has a zh.wikipedia article; linked by hand
station	Carpenders Park	-0.38551	51.62791	贾炳达公园	A	https://zh.wikipedia.org/wiki/賈炳達公園站	Wikidata Q5045650, 126 m from the map point; FLAG wording: the title is in Hong Kong or Taiwan wording and the page gives no mainland form
station	Coventry	-1.51355	52.40074	考文垂	A	https://zh.wikipedia.org/wiki/考文垂站	Wikidata Q2058701, 37 m from the map point
station	Chandler's Ford	-1.38489	50.98345	钱德勒福特	C	https://zh.wikipedia.org/wiki/錢德勒福特	C1: station name equals the place Chandler's Ford (Wikidata Q3190049, 403 m away), which has a zh.wikipedia article
station	Ebbsfleet International	0.32137	51.44353	埃布斯弗利特国际	A	https://zh.wikipedia.org/wiki/埃布斯弗利特国际站	Wikidata Q800703, 64 m from the map point
station	Preston	-2.70716	53.75529	普雷斯顿	A	https://zh.wikipedia.org/wiki/普雷斯頓站	Wikidata Q2441793, 79 m from the map point
station	Gillingham	0.55145	51.38685	吉灵厄姆	C	https://zh.wikipedia.org/wiki/吉林漢姆_(肯特郡)	C1: station name equals the place Gillingham (Wikidata Q610238, 859 m away), which has a zh.wikipedia article
station	Maidstone West	0.51576	51.27031	梅德斯通西	C	https://zh.wikipedia.org/wiki/梅德斯通	C2: place Maidstone (Wikidata Q213180, 965 m away) + fixed word 'west' = 西, as zh.wikipedia writes it in Penge West=彭奇西, Hounslow West=豪恩斯洛西, Kentish Town West=肯蒂什镇西
station	Strood	0.50027	51.3966	斯特鲁德	C	https://zh.wikipedia.org/wiki/斯特魯德	C1: station name equals the place Strood (Wikidata Q1808441, 1598 m away), which has a zh.wikipedia article
station	Dover Priory	1.30487	51.12594	多佛尔隐修院	B	Wikidata Q2666521 zh-hans	Wikidata label only, no article; not checked one by one; principal station, checked 2026-10-10: its en.wikipedia page has no Chinese language link and a zh.wikipedia search for the English name finds no station article
station	Chilham	0.97606	51.24442	契罕	C	https://zh.wikipedia.org/wiki/契罕	C1: station name equals the place Chilham (Wikidata Q1004824, 1156 m away), which has a zh.wikipedia article
station	Westenhanger	1.0382	51.09492	维斯顿翰格	B	Wikidata Q2548598 zh-cn	Wikidata label only, no article; not checked one by one
station	Sandling	1.066	51.0905	桑德灵	B	Wikidata Q1863660 zh-cn	Wikidata label only, no article; not checked one by one
station	Folkestone Central	1.16839	51.08281	福克斯通中央	C	https://zh.wikipedia.org/wiki/福克斯通	C2: place Folkestone (Wikidata Q375314, 873 m away) + fixed word 'central' = 中央, as zh.wikipedia writes it in Finchley Central=芬奇利中央, Hendon Central=亨顿中央, Acton Central=阿克顿中央
station	Folkestone West	1.15378	51.08472	福克斯通西	C	https://zh.wikipedia.org/wiki/福克斯通	C2: place Folkestone (Wikidata Q375314, 1898 m away) + fixed word 'west' = 西, as zh.wikipedia writes it in Penge West=彭奇西, Hounslow West=豪恩斯洛西, Kentish Town West=肯蒂什镇西
station	Pluckley	0.74658	51.15648	普拉克利	B	Wikidata Q2346536 zh-cn	Wikidata label only, no article; not checked one by one
station	Tonbridge	0.27	51.19151	汤布里奇	C	https://zh.wikipedia.org/wiki/湯布里奇	C1: station name equals the place Tonbridge (Wikidata Q936183, 594 m away), which has a zh.wikipedia article
station	Swanley	0.16787	51.3931	斯旺利	C	https://zh.wikipedia.org/wiki/斯旺利	C1: station name equals the place Swanley (Wikidata Q1020364, 1140 m away), which has a zh.wikipedia article
station	Canterbury East	1.07582	51.27419	坎特伯雷东	C	https://zh.wikipedia.org/wiki/坎特伯雷	C2: place Canterbury (Wikidata Q29303, 476 m away) + fixed word 'east' = 东, as zh.wikipedia writes it in Aldgate East=阿尔德门东, Hounslow East=豪恩斯洛东, Dagenham East=达格纳姆东
station	West Dulwich	-0.09089	51.44028	西达利奇	C	https://zh.wikipedia.org/wiki/达利奇	C2: place Dulwich (Wikidata Q146766, 1085 m away) + fixed word 'west' = 西, as zh.wikipedia writes it in West Croydon=西克罗伊登, West Croydon=西克罗伊登, West Finchley=西芬奇利
station	Penge East	-0.05414	51.41932	彭奇东	C	https://zh.wikipedia.org/wiki/彭奇	C2: place Penge (Wikidata Q124007, 770 m away) + fixed word 'east' = 东, as zh.wikipedia writes it in Aldgate East=阿尔德门东, Hounslow East=豪恩斯洛东, Dagenham East=达格纳姆东
station	Beckenham Junction	-0.02599	51.41106	贝肯纳姆交汇	C	https://zh.wikipedia.org/wiki/贝肯纳姆	C2: place Beckenham (Wikidata Q123372, 465 m away) + fixed word 'junction' = 交汇, as zh.wikipedia writes it in Dalston Junction=达尔斯顿交汇, Watford Junction=沃特福德交汇, Clapham Junction=克拉珀姆交汇
station	Chatham	0.52121	51.38031	查塔姆	C	https://zh.wikipedia.org/wiki/查塔姆	C1: station name equals the place Chatham (Wikidata Q729006, 234 m away), which has a zh.wikipedia article
station	Rochester	0.50729	51.38921	罗切斯特	C	https://zh.wikipedia.org/wiki/羅徹斯特_(肯特郡)	C1: station name equals the place Rochester (Wikidata Q507517, 216 m away), which has a zh.wikipedia article
station	Deal	1.39865	51.22311	迪尔	C	https://zh.wikipedia.org/wiki/迪爾_(肯特郡)	C1: station name equals the place Deal (Wikidata Q1011096, 147 m away), which has a zh.wikipedia article
station	Sandwich	1.34223	51.26997	桑维奇	C	https://zh.wikipedia.org/wiki/桑威奇_(肯特郡)	C1: station name equals the place Sandwich (Wikidata Q26163, 578 m away), which has a zh.wikipedia article
station	Gravesend	0.36683	51.44136	格雷夫森德	C	https://zh.wikipedia.org/wiki/格雷夫森德	C1: station name equals the place Gravesend (Wikidata Q676689, 128 m away), which has a zh.wikipedia article
station	Charing	0.78987	51.2082	查令	B	Wikidata Q2199062 zh-cn	Wikidata label only, no article; not checked one by one
station	Maidstone East	0.5199	51.27763	梅德斯通东	C	https://zh.wikipedia.org/wiki/梅德斯通	C2: place Maidstone (Wikidata Q213180, 939 m away) + fixed word 'east' = 东, as zh.wikipedia writes it in Aldgate East=阿尔德门东, Hounslow East=豪恩斯洛东, Dagenham East=达格纳姆东
station	Nunhead	-0.05238	51.46683	南海德	C	https://zh.wikipedia.org/wiki/南海德	C1: station name equals the place Nunhead (Wikidata Q2236241, 527 m away), which has a zh.wikipedia article
station	Hereford	-2.70812	52.0612	赫里福德	C	https://zh.wikipedia.org/wiki/赫里福德	C1: station name equals the place Hereford (Wikidata Q204720, 766 m away), which has a zh.wikipedia article
station	Loughborough Junction	-0.10216	51.46626	拉夫伯勒交汇	A	https://zh.wikipedia.org/wiki/拉夫堡交匯站	Wikidata Q2099753, 21 m from the map point; zh-cn form comes from a conversion rule on the page (stored title 拉夫堡交匯站)
station	Birmingham International	-1.72532	52.45078	伯明翰国际	B	Wikidata Q579308 zh	Wikidata label only, no article; not checked one by one; principal station, checked 2026-10-10: its en.wikipedia page has no Chinese language link and a zh.wikipedia search for the English name finds no station article; label written in traditional characters (伯明罕國際火車站), simplified by MediaWiki zh-cn conversion
station	Thetford	0.74528	52.41916	塞特福德	C	https://zh.wikipedia.org/wiki/塞特福德	C1: station name equals the place Thetford (Wikidata Q237250, 1081 m away), which has a zh.wikipedia article
station	Attleborough	1.02221	52.51443	阿特尔伯勒	C	https://zh.wikipedia.org/wiki/阿特爾伯勒	C1: station name equals the place Attleborough (Wikidata Q1975526, 474 m away), which has a zh.wikipedia article
station	Wymondham	1.11814	52.56535	温登姆	C	https://zh.wikipedia.org/wiki/溫登姆	C1: station name equals the place Wymondham (Wikidata Q1787230, 538 m away), which has a zh.wikipedia article
station	Upper Holloway	-0.12965	51.56347	上霍洛韦	A	https://zh.wikipedia.org/wiki/上霍洛威站	Wikidata Q2362457, 38 m from the map point; zh-cn form comes from a conversion rule on the page (stored title 上霍洛威站)
station	Crouch Hill	-0.11687	51.57143	克劳奇山	A	https://zh.wikipedia.org/wiki/克勞奇山站	Wikidata Q2683950, 22 m from the map point
station	Southend Central	0.71165	51.53736	绍森中央	A	https://zh.wikipedia.org/wiki/紹森中央車站	Wikidata Q593051, 15 m from the map point
station	Leigh-on-Sea	0.63946	51.54121	滨海利	C	https://zh.wikipedia.org/wiki/滨海利	C1: station name equals the place Leigh-on-Sea (Wikidata Q541590, 1221 m away), which has a zh.wikipedia article
station	Grays	0.32189	51.47637	格雷斯	C	https://zh.wikipedia.org/wiki/格雷斯	C1: station name equals the place Grays (Wikidata Q991532, 483 m away), which has a zh.wikipedia article
station	East Tilbury	0.41273	51.48449	东提伯利	C	https://zh.wikipedia.org/wiki/提伯利	C2: place Tilbury (Wikidata Q648432, 4623 m away) + fixed word 'east' = 东, as zh.wikipedia writes it in East Acton=东阿克顿, East Finchley=东芬奇利, East Putney=东帕特尼
station	Broadstairs	1.43341	51.36074	布罗德斯泰斯	C	https://zh.wikipedia.org/wiki/布羅德斯泰斯	C1: station name equals the place Broadstairs (Wikidata Q922739, 467 m away), which has a zh.wikipedia article
station	Herne Bay	1.11831	51.36444	赫恩贝	C	https://zh.wikipedia.org/wiki/赫恩贝	C1: station name equals the place Herne Bay (Wikidata Q929286, 914 m away), which has a zh.wikipedia article
station	Winchelsea	0.70252	50.93391	温奇尔西	C	https://zh.wikipedia.org/wiki/溫奇爾西	C1: station name equals the place Winchelsea (Wikidata Q1026871, 1072 m away), which has a zh.wikipedia article
station	London Road (Brighton)	-0.13626	50.83681	伦敦路（布赖顿）	A	https://zh.wikipedia.org/wiki/倫敦道（白禮頓）站	Wikidata Q1820227, 15 m from the map point; FLAG the Chinese name has full-width brackets of its own; form without inner brackets: 伦敦路; zh-cn form comes from a conversion rule on the page (stored title 倫敦道（白禮頓）站)
station	Falmer	-0.08729	50.86194	法尔默	A	https://zh.wikipedia.org/wiki/法爾默站	Wikidata Q2435208, 5 m from the map point
station	Eastbourne	0.2812	50.76944	伊斯特本	C	https://zh.wikipedia.org/wiki/伊斯特本	C1: station name equals the place Eastbourne (Wikidata Q208262, 485 m away), which has a zh.wikipedia article
station	Haywards Heath	-0.1054	51.0049	海沃兹希思	C	https://zh.wikipedia.org/wiki/海沃茲希思	C1: station name equals the place Haywards Heath (Wikidata Q920646, 525 m away), which has a zh.wikipedia article
station	Oban	-5.47458	56.41221	奥本	C	https://zh.wikipedia.org/wiki/奧本	C1: station name equals the place Oban (Wikidata Q935702, 305 m away), which has a zh.wikipedia article
station	Gospel Oak	-0.15158	51.55549	福音橡	A	https://zh.wikipedia.org/wiki/福音橡站	Wikidata Q800829, 35 m from the map point
station	Woodgrange Park	0.04473	51.54917	伍德格兰奇公园	A	https://zh.wikipedia.org/wiki/伍德格蘭奇公園站	Wikidata Q2733963, 70 m from the map point
station	Regent's Park	-0.14664	51.52363	摄政公园	A	https://zh.wikipedia.org/wiki/攝政公園站	metro or tram stop (m=1); Wikidata Q1259474, 33 m from the map point
station	Maida Vale	-0.18574	51.52987	麦达维尔	A	https://zh.wikipedia.org/wiki/麥達維爾站	metro or tram stop (m=1); Wikidata Q1885195, 21 m from the map point
station	Nuneaton	-1.46418	52.52676	纳尼顿	C	https://zh.wikipedia.org/wiki/納尼頓	C1: station name equals the place Nuneaton (Wikidata Q175632, 503 m away), which has a zh.wikipedia article
station	Stratford International	-0.00875	51.5448	斯特拉特福国际	A	https://zh.wikipedia.org/wiki/斯特拉福德国际站	Wikidata Q801472, 10 m from the map point; zh-cn form comes from a conversion rule on the page (stored title 斯特拉福德国际站)
station	Northallerton	-1.44138	54.33247	诺萨勒顿	C	https://zh.wikipedia.org/wiki/北阿勒顿	C1: station name equals the place Northallerton (Wikidata Q920381, 1025 m away), which has a zh.wikipedia article
station	Wood Green	-0.10978	51.59742	伍德格林	A	https://zh.wikipedia.org/wiki/伍德格林站	metro or tram stop (m=1); Wikidata Q945882, 27 m from the map point
station	Manor House	-0.0964	51.57032	曼诺楼	A	https://zh.wikipedia.org/wiki/曼諾樓站	metro or tram stop (m=1); Wikidata Q1549573, 61 m from the map point; FLAG wording: the title is in Hong Kong or Taiwan wording and the page gives no mainland form
station	Birmingham New Street	-1.89869	52.47765	伯明翰新街	A	https://zh.wikipedia.org/wiki/伯明翰新街站	Wikidata Q683063, 17 m from the map point
station	Dalwhinnie	-4.24623	56.93515	达尔维尼	C	https://zh.wikipedia.org/wiki/達爾維尼	C1: station name equals the place Dalwhinnie (Wikidata Q1026785, 278 m away), which has a zh.wikipedia article
station	Aviemore	-3.82888	57.18828	阿维莫尔	C	https://zh.wikipedia.org/wiki/阿维莫尔	C1: station name equals the place Aviemore (Wikidata Q790938, 729 m away), which has a zh.wikipedia article
station	Wallington	-0.15059	51.36023	瓦灵顿	A	https://zh.wikipedia.org/wiki/沃靈頓站	Wikidata Q2447377, 221 m from the map point; the place article gives 瓦灵顿; the station article's 沃灵顿 is also the Chinese name of Warrington, which has stations on this map
station	Edenbridge	0.05986	51.20837	埃登布里奇	C	https://zh.wikipedia.org/wiki/埃登布里奇	C1: station name equals the place Edenbridge (Wikidata Q947442, 1198 m away), which has a zh.wikipedia article
station	Streatham Common	-0.13593	51.41857	斯特里特姆公地	B	Wikidata Q7622732 zh	Wikidata label only, no article; not checked one by one
station	Norbury	-0.1218	51.41137	诺尔伯里	B	Wikidata Q1932430 zh	Wikidata label only, no article; not checked one by one; label written in traditional characters (諾爾伯里站), simplified by MediaWiki zh-cn conversion
station	Sidcup	0.10343	51.43402	锡德卡普	C	https://zh.wikipedia.org/wiki/锡德卡普	C1: station name equals the place Sidcup (Wikidata Q146705, 862 m away), which has a zh.wikipedia article
station	Crayford	0.17839	51.44818	克雷福德	C	https://zh.wikipedia.org/wiki/克雷福德	C1: station name equals the place Crayford (Wikidata Q146676, 220 m away), which has a zh.wikipedia article
station	Albany Park	0.12597	51.43538	奥尔巴尼公园	B	Wikidata Q2656573 zh	Wikidata label only, no article; not checked one by one; label written in traditional characters (奧爾巴尼公園車站), simplified by MediaWiki zh-cn conversion
station	Northfleet	0.32397	51.44595	北舰	B	Wikidata Q2545395 zh	Wikidata label only, no article; not checked one by one; label written in traditional characters (北艦車站), simplified by MediaWiki zh-cn conversion
station	Swanscombe	0.31158	51.44898	斯旺斯孔布	B	Wikidata Q2298428 zh	Wikidata label only, no article; not checked one by one; label written in traditional characters (斯旺斯孔布車站), simplified by MediaWiki zh-cn conversion
station	Greenhithe	0.27987	51.45048	格林海瑟	B	Wikidata Q3087636 zh	Wikidata label only, no article; not checked one by one; label written in traditional characters (格林海瑟車站), simplified by MediaWiki zh-cn conversion
station	Stone Crossing	0.26344	51.45142	斯冬路口	B	Wikidata Q3341228 zh	Wikidata label only, no article; not checked one by one; label written in traditional characters (斯冬路口車站), simplified by MediaWiki zh-cn conversion
station	Borough	-0.09329	51.50114	自治市	A	https://zh.wikipedia.org/wiki/自治市站	metro or tram stop (m=1); Wikidata Q894073, 42 m from the map point
station	Harpenden	-0.35156	51.81482	哈彭登	C	https://zh.wikipedia.org/wiki/哈彭登	C1: station name equals the place Harpenden (Wikidata Q19785, 304 m away), which has a zh.wikipedia article
station	Bethnal Green	-0.05959	51.52389	贝斯纳尔格林	A	https://zh.wikipedia.org/wiki/貝思納爾綠地車站	Wikidata Q2700931, 1 m from the map point; zh-cn form comes from a conversion rule on the page (stored title 貝思納爾綠地車站)
station	Enfield Town	-0.07867	51.65172	恩菲尔德镇	A	https://zh.wikipedia.org/wiki/恩菲爾德鎮站	Wikidata Q2385571, 39 m from the map point
station	West Malling	0.41869	51.2921	西莫林	C	https://zh.wikipedia.org/wiki/西莫林	C1: station name equals the place West Malling (Wikidata Q1356429, 246 m away), which has a zh.wikipedia article
station	Finchley Road & Frognal	-0.18358	51.55011	芬奇利路及弗罗格诺尔	A	https://zh.wikipedia.org/wiki/芬奇利路及弗羅格諾爾站	Wikidata Q5449845, 25 m from the map point
station	March	0.09132	52.56008	马奇	C	https://zh.wikipedia.org/wiki/馬赤_(劍橋郡)	C1: station name equals the place March (Wikidata Q2569076, 2661 m away), which has a zh.wikipedia article
station	Penzance	-5.53203	50.12244	彭赞斯	A	https://zh.wikipedia.org/wiki/彭赞斯站	Wikidata Q2100103, 25 m from the map point
station	Swansea	-3.94037	51.62568	斯旺西	A	https://zh.wikipedia.org/wiki/斯旺西站	Wikidata Q1949311, 56 m from the map point
station	Merthyr Tydfil	-3.37736	51.74448	梅瑟蒂德菲尔	C	https://zh.wikipedia.org/wiki/梅瑟蒂德菲尔	C1: station name equals the place Merthyr Tydfil (Wikidata Q752762, 309 m away), which has a zh.wikipedia article
station	Barnstaple	-4.06302	51.07361	巴恩斯特珀尔	C	https://zh.wikipedia.org/wiki/巴恩斯特珀爾	C1: station name equals the place Barnstaple (Wikidata Q808532, 1382 m away), which has a zh.wikipedia article
station	Pontypridd	-3.34184	51.5993	庞特普里斯	C	https://zh.wikipedia.org/wiki/龐特普里斯	C1: station name equals the place Pontypridd (Wikidata Q1024900, 451 m away), which has a zh.wikipedia article
station	Gidea Park	0.20573	51.58179	纪德公园	A	https://zh.wikipedia.org/wiki/紀德公園站	Wikidata Q4997460, 46 m from the map point
station	Emerson Park	0.22024	51.5686	埃默逊公园	A	https://zh.wikipedia.org/wiki/埃默遜公園站	Wikidata Q2177253, 16 m from the map point
station	Purfleet	0.23699	51.48109	珀弗利特	B	Wikidata Q2506816 zh	Wikidata label only, no article; not checked one by one
station	Pudding Mill Lane	-0.01354	51.53383	布丁磨坊巷	A	https://zh.wikipedia.org/wiki/布甸磨坊里站	metro or tram stop (m=1); Wikidata Q733229, 35 m from the map point; zh-cn form comes from a conversion rule on the page (stored title 布甸磨坊里站)
station	Bethnal Green	-0.05475	51.52724	贝斯纳尔格林	A	https://zh.wikipedia.org/wiki/貝思納爾綠地站_(倫敦地鐵)	metro or tram stop (m=1); Wikidata Q831397, 56 m from the map point; one place name, one form: the rail station's page gives 贝斯纳尔格林 by a zh-cn rule, the tube station's page has no rule; FLAG disambiguator dropped from the title: (伦敦地铁)
station	Liverpool Lime Street	-2.97759	53.40761	利物浦莱姆街	A	https://zh.wikipedia.org/wiki/利物浦萊姆街站	Wikidata Q801113, 53 m from the map point
station	Perth	-3.4384	56.39148	珀斯	A	https://zh.wikipedia.org/wiki/珀斯站_(蘇格蘭)	Wikidata Q302555, 106 m from the map point; FLAG disambiguator dropped from the title: (苏格兰)
station	King's Lynn	0.40402	52.75381	金斯林	A	https://zh.wikipedia.org/wiki/金斯林站	Wikidata Q285604, 58 m from the map point
station	Rochdale Town Centre	-2.15543	53.61728	罗奇代尔市中心	B	Wikidata Q7353812 zh	metro or tram stop (m=1); Wikidata label only, no article; not checked one by one; label written in traditional characters (羅奇代爾市中心站), simplified by MediaWiki zh-cn conversion
station	Manchester Airport	-2.27233	53.36534	曼彻斯特机场	C	https://zh.wikipedia.org/wiki/曼徹斯特機場	metro or tram stop (m=1); C1: station name equals the airport Manchester Airport, which has a zh.wikipedia article; linked by hand
station	Hampstead Heath	-0.16539	51.55524	汉普斯泰德荒原	A	https://zh.wikipedia.org/wiki/漢普斯泰德荒原站	Wikidata Q2829947, 7 m from the map point
station	Dalston Kingsland	-0.07605	51.54819	达尔斯顿京士兰	A	https://zh.wikipedia.org/wiki/達爾斯頓京士蘭站	Wikidata Q1924477, 17 m from the map point; FLAG wording: the title is in Hong Kong or Taiwan wording and the page gives no mainland form
station	Peckham Rye	-0.06941	51.47001	帕咸拉伊	A	https://zh.wikipedia.org/wiki/帕咸拉伊站	Wikidata Q2154508, 40 m from the map point; FLAG wording: the title is in Hong Kong or Taiwan wording and the page gives no mainland form
station	Shepherd's Bush	-0.21792	51.50578	牧者丛	A	https://zh.wikipedia.org/wiki/牧者叢車站	Wikidata Q801430, 80 m from the map point
station	Shoreditch High Street	-0.07447	51.52325	肖迪奇高街	A	https://zh.wikipedia.org/wiki/肖迪奇高街站	Wikidata Q801441, 53 m from the map point
station	Kilburn High Road	-0.19135	51.53775	基尔伯恩高路	A	https://zh.wikipedia.org/wiki/基爾伯恩高路站	Wikidata Q1800430, 54 m from the map point
station	Harringay Green Lanes	-0.09789	51.57724	哈林盖绿巷	A	https://zh.wikipedia.org/wiki/哈林蓋綠巷站	Wikidata Q9286575, 22 m from the map point
station	Kentish Town West	-0.14676	51.54699	肯蒂什镇西	A	https://zh.wikipedia.org/wiki/肯蒂什鎮西站	Wikidata Q928181, 21 m from the map point
station	Silver Street	-0.0669	51.61528	银街	A	https://zh.wikipedia.org/wiki/銀街站	Wikidata Q1953734, 32 m from the map point
station	Caledonian Road & Barnsbury	-0.11489	51.54355	卡利多尼安路及巴恩斯伯里	A	https://zh.wikipedia.org/wiki/卡利多尼安路及巴恩斯伯里站	Wikidata Q5019457, 47 m from the map point
station	Leyton Midland Road	-0.00709	51.56945	莱顿米德兰路	A	https://zh.wikipedia.org/wiki/萊頓米德蘭路站	Wikidata Q2217020, 18 m from the map point
station	Chingford	0.00947	51.63253	青福德	A	https://zh.wikipedia.org/wiki/清福德站	Wikidata Q2250130, 64 m from the map point; zh-cn form comes from a conversion rule on the page (stored title 清福德站)
station	Highams Park	-0.00013	51.60889	海伊汉姆斯公园	A	https://zh.wikipedia.org/wiki/海伊漢姆斯公園站	Wikidata Q2040725, 55 m from the map point
station	Cambridge Heath	-0.05742	51.53195	剑桥荒原	A	https://zh.wikipedia.org/wiki/劍橋荒原站	Wikidata Q2428591, 23 m from the map point
station	Hackney Central	-0.05687	51.54706	哈克尼中央	A	https://zh.wikipedia.org/wiki/哈克尼中央站	Wikidata Q2220302, 67 m from the map point
station	Slough	-0.59128	51.5121	斯劳	A	https://zh.wikipedia.org/wiki/斯勞站	Wikidata Q71950, 51 m from the map point
station	Brentwood	0.30061	51.61352	布伦特伍德	A	https://zh.wikipedia.org/wiki/布倫特伍德站	Wikidata Q2322282, 43 m from the map point
station	Heron Quays	-0.0215	51.50293	喜朗船坞	A	https://zh.wikipedia.org/wiki/喜朗船塢站	metro or tram stop (m=1); Wikidata Q1459844, 50 m from the map point; FLAG wording: the title is in Hong Kong or Taiwan wording and the page gives no mainland form
station	Harold Wood	0.2342	51.59322	哈罗德伍德	A	https://zh.wikipedia.org/wiki/哈羅德伍德站	Wikidata Q4787233, 47 m from the map point
station	Woolwich Arsenal DLR	0.06958	51.49011	伍利奇兵工厂	A	https://zh.wikipedia.org/wiki/伍利奇兵工廠站	metro or tram stop (m=1); linked by hand: map name carries a DLR suffix; the article covers the rail and DLR station
station	Westferry	-0.02664	51.5094	西码头	A	https://zh.wikipedia.org/wiki/西碼頭站	metro or tram stop (m=1); Wikidata Q513260, 5 m from the map point
station	Island Gardens	-0.01051	51.48807	岛园	A	https://zh.wikipedia.org/wiki/島園站	metro or tram stop (m=1); Wikidata Q1363912, 4 m from the map point
station	London Paddington	-0.17732	51.5171	伦敦帕丁顿	A	https://zh.wikipedia.org/wiki/倫敦帕丁頓站	Wikidata Q214788, 49 m from the map point
station	Bletchley	-0.7363	51.99545	布莱奇利	C	https://zh.wikipedia.org/wiki/布莱奇利	C1: station name equals the place Bletchley (Wikidata Q127159, 336 m away), which has a zh.wikipedia article
station	Charing Cross	-0.12369	51.5075	查令十字	A	https://zh.wikipedia.org/wiki/查令十字站	Wikidata Q801128, 5 m from the map point
station	Stevenage	-0.20714	51.90184	斯蒂夫尼奇	C	https://zh.wikipedia.org/wiki/斯蒂夫尼奇	C1: station name equals the place Stevenage (Wikidata Q19795, 357 m away), which has a zh.wikipedia article
station	Shanklin	-1.17992	50.63388	尚克林	C	https://zh.wikipedia.org/wiki/尚克林	C1: station name equals the place Shanklin (Wikidata Q588146, 561 m away), which has a zh.wikipedia article
station	Liverpool South Parkway	-2.8892	53.35762	利物浦南公园道	B	Wikidata Q2653302 zh	Wikidata label only, no article; not checked one by one; label written in traditional characters (利物浦南公園道站), simplified by MediaWiki zh-cn conversion
station	Sandown	-1.16225	50.65703	桑当	C	https://zh.wikipedia.org/wiki/桑當	C1: station name equals the place Sandown (Wikidata Q516605, 614 m away), which has a zh.wikipedia article
station	Chippenham	-2.11588	51.46237	奇彭纳姆	C	https://zh.wikipedia.org/wiki/奇彭纳姆	C1: station name equals the place Chippenham (Wikidata Q775299, 431 m away), which has a zh.wikipedia article
station	Stafford	-2.12263	52.80358	斯塔福德	C	https://zh.wikipedia.org/wiki/斯塔福德	C1: station name equals the place Stafford (Wikidata Q826782, 502 m away), which has a zh.wikipedia article
station	Southend Victoria	0.71148	51.54294	绍森维多利亚	A	https://zh.wikipedia.org/wiki/紹森維多利亞車站	Wikidata Q3254036, 144 m from the map point
station	Mansfield	-1.1985	53.14208	曼斯菲尔德	C	https://zh.wikipedia.org/wiki/曼斯菲爾德	C1: station name equals the place Mansfield (Wikidata Q841979, 216 m away), which has a zh.wikipedia article
station	Alfreton	-1.36984	53.10106	奥尔弗里顿	C	https://zh.wikipedia.org/wiki/奥尔弗里顿	C1: station name equals the place Alfreton (Wikidata Q2462661, 910 m away), which has a zh.wikipedia article
station	Chadwell Heath	0.12799	51.56799	查德韦尔希思	A	https://zh.wikipedia.org/wiki/查德韋爾希思站	Wikidata Q2468519, 86 m from the map point
station	West Ealing	-0.32069	51.51354	西伊灵	A	https://zh.wikipedia.org/wiki/西伊靈站	Wikidata Q7985007, 32 m from the map point
station	Hayes and Harlington	-0.41916	51.50292	海斯及哈灵顿	A	https://zh.wikipedia.org/wiki/海斯及哈靈頓站	Wikidata Q1622594, 4 m from the map point
station	Southall	-0.3775	51.50602	绍索尔	A	https://zh.wikipedia.org/wiki/紹索爾站	Wikidata Q5283892, 55 m from the map point
station	Hanwell	-0.33815	51.51183	汉威尔	A	https://zh.wikipedia.org/wiki/漢威爾站	Wikidata Q2784392, 58 m from the map point
station	Goodmayes	0.11193	51.5658	古德美	A	https://zh.wikipedia.org/wiki/古德美站	Wikidata Q2975461, 79 m from the map point; FLAG wording: the title is in Hong Kong or Taiwan wording and the page gives no mainland form
station	Acton Main Line	-0.26798	51.51698	阿克顿主线	A	https://zh.wikipedia.org/wiki/阿克頓主線車站	Wikidata Q1858427, 83 m from the map point
station	Brondesbury	-0.2026	51.54505	布朗德斯伯里	A	https://zh.wikipedia.org/wiki/布朗德斯伯里站	Wikidata Q4973856, 42 m from the map point
station	Star Lane	0.00434	51.52051	星里	A	https://zh.wikipedia.org/wiki/星里站	metro or tram stop (m=1); Wikidata Q2288582, 23 m from the map point; FLAG wording: the title is in Hong Kong or Taiwan wording and the page gives no mainland form
station	Shadwell	-0.05549	51.51176	沙德韦尔	A	https://zh.wikipedia.org/wiki/沙德韋爾站_(DLR)	metro or tram stop (m=1); Wikidata Q801431, 50 m from the map point; FLAG disambiguator dropped from the title: (DLR)
station	Kensal Rise	-0.22022	51.53445	肯萨台	A	https://zh.wikipedia.org/wiki/肯薩台站	Wikidata Q2473076, 49 m from the map point; FLAG wording: the title is in Hong Kong or Taiwan wording and the page gives no mainland form
station	Hackney Downs	-0.06069	51.54865	哈克尼唐斯	A	https://zh.wikipedia.org/wiki/哈克尼唐斯站	Wikidata Q2572236, 56 m from the map point
station	Homerton	-0.04312	51.54708	霍默顿	A	https://zh.wikipedia.org/wiki/霍默頓站	Wikidata Q2451415, 9 m from the map point
station	Canonbury	-0.09302	51.54856	卡农伯里	A	https://zh.wikipedia.org/wiki/卡農伯里站	Wikidata Q800611, 2 m from the map point
station	Southbury	-0.05263	51.64803	南贝里	A	https://zh.wikipedia.org/wiki/南伯里站	Wikidata Q301987, 48 m from the map point; zh-cn form comes from a conversion rule on the page (stored title 南伯里站)
station	Brondesbury Park	-0.21034	51.54051	布朗德斯伯里公园	A	https://zh.wikipedia.org/wiki/布朗德斯伯里公園站	Wikidata Q2691877, 21 m from the map point
station	South Tottenham	-0.07172	51.58044	南托特纳姆	A	https://zh.wikipedia.org/wiki/南托特納姆站	Wikidata Q686458, 33 m from the map point
station	St James Street	-0.0322	51.58117	圣詹姆斯街	A	https://zh.wikipedia.org/wiki/聖詹姆斯街站	Wikidata Q2084371, 20 m from the map point
station	Hackney Wick	-0.02415	51.54344	哈克尼维克	A	https://zh.wikipedia.org/wiki/哈克尼維克站	Wikidata Q2003534, 17 m from the map point
station	Bush Hill Park	-0.06939	51.64171	布什山公园	A	https://zh.wikipedia.org/wiki/布什山公園站	Wikidata Q962907, 22 m from the map point
station	London Fields	-0.05777	51.54105	伦敦场	A	https://zh.wikipedia.org/wiki/倫敦場站	Wikidata Q2434508, 39 m from the map point
station	South Hampstead	-0.1788	51.54143	南汉普斯特德	A	https://zh.wikipedia.org/wiki/南漢普斯特德站	Wikidata Q2587081, 120 m from the map point
station	Devons Road	-0.01727	51.52221	德云路	A	https://zh.wikipedia.org/wiki/德雲路站	metro or tram stop (m=1); Wikidata Q1207006, 4 m from the map point; FLAG wording: the title is in Hong Kong or Taiwan wording and the page gives no mainland form
station	Poplar	-0.01729	51.50771	波普勒	A	https://zh.wikipedia.org/wiki/波普勒站	metro or tram stop (m=1); Wikidata Q1526395, 5 m from the map point
station	Langdon Park	-0.01412	51.51521	朗顿公园	A	https://zh.wikipedia.org/wiki/朗頓公園站	metro or tram stop (m=1); Wikidata Q677453, 25 m from the map point
station	Singer	-4.4055	55.90748	胜家	A	https://zh.wikipedia.org/wiki/勝家站	Wikidata Q3405356, 2 m from the map point
station	Mallaig	-5.83023	57.00554	马莱格	C	https://zh.wikipedia.org/wiki/马莱格	C1: station name equals the place Mallaig (Wikidata Q1010557, 129 m away), which has a zh.wikipedia article
station	Charing Cross (Glasgow)	-4.26958	55.86464	查令十字	A	https://zh.wikipedia.org/wiki/查令十字車站_(格拉斯哥)	Wikidata Q2592095, 27 m from the map point; FLAG disambiguator dropped from the title: (格拉斯哥)
station	Aberdeen	-2.09763	57.14265	阿伯丁	A	https://zh.wikipedia.org/wiki/阿伯丁站	Wikidata Q2665551, 144 m from the map point
station	Drumry	-4.38548	55.9046	德鲁姆里	A	https://zh.wikipedia.org/wiki/德魯姆里站	Wikidata Q4522105, 5 m from the map point
station	Darlington	-1.54669	54.52066	达灵顿	A	https://zh.wikipedia.org/wiki/達靈頓站	Wikidata Q2286393, 61 m from the map point
station	Ormskirk	-2.88091	53.56958	奥姆斯柯克	A	https://zh.wikipedia.org/wiki/奧姆斯柯克站	Wikidata Q516260, 44 m from the map point
station	Edinburgh Waverley	-3.19042	55.9519	爱丁堡威瓦利	A	https://zh.wikipedia.org/wiki/愛丁堡威瓦利站	Wikidata Q800716, 89 m from the map point
station	Market Harborough	-0.90913	52.48024	马基特哈伯勒	C	https://zh.wikipedia.org/wiki/馬基特哈伯勒	C1: station name equals the place Market Harborough (Wikidata Q783570, 835 m away), which has a zh.wikipedia article
station	Tamworth	-1.68659	52.63747	塔姆沃思	C	https://zh.wikipedia.org/wiki/塔姆沃思	C1: station name equals the place Tamworth (Wikidata Q704864, 694 m away), which has a zh.wikipedia article
station	Princes Risborough	-0.84409	51.71805	普林斯里斯伯勒	A	https://zh.wikipedia.org/wiki/普林斯里斯伯勒站	Wikidata Q2000163, 8 m from the map point
station	Aylesbury	-0.81431	51.81343	艾尔斯伯里	A	https://zh.wikipedia.org/wiki/艾尔斯伯里站	Wikidata Q2338815, 76 m from the map point
station	Holyhead	-4.63121	53.30737	霍利黑德	C	https://zh.wikipedia.org/wiki/霍利黑德	C1: station name equals the place Holyhead (Wikidata Q257446, 1044 m away), which has a zh.wikipedia article
station	Stoke-on-Trent	-2.18108	53.00799	特伦特河畔斯托克	A	https://zh.wikipedia.org/wiki/史篤城站	Wikidata Q2686932, 21 m from the map point; the station is named for the city; the city's own zh.wikipedia article gives 特伦特河畔斯托克 in zh-cn (the usual mainland form), and station and city label should read the same; zh-cn form comes from a conversion rule on the page (stored title 史篤城站)
station	Abergavenny	-3.00901	51.81744	阿伯加文尼	C	https://zh.wikipedia.org/wiki/阿伯加文尼	C1: station name equals the place Abergavenny (Wikidata Q609161, 1828 m away), which has a zh.wikipedia article
station	Macclesfield	-2.12194	53.25937	麦克尔斯菲尔德	C	https://zh.wikipedia.org/wiki/馬格斯菲特	C1: station name equals the place Macclesfield (Wikidata Q868637, 390 m away), which has a zh.wikipedia article
station	Warminster	-2.1769	51.20697	沃敏斯特	C	https://zh.wikipedia.org/wiki/沃明斯特	C1: station name equals the place Warminster (Wikidata Q732745, 313 m away), which has a zh.wikipedia article
station	Leominster	-2.73044	52.22581	莱姆斯特	C	https://zh.wikipedia.org/wiki/萊姆斯特	C1: station name equals the place Leominster (Wikidata Q550424, 860 m away), which has a zh.wikipedia article
station	Wolverton	-0.80476	52.06598	沃尔弗顿	B	Wikidata Q1824147 zh-cn	Wikidata label only, no article; not checked one by one
station	Chesterfield	-1.41973	53.23822	切斯特菲尔德	C	https://zh.wikipedia.org/wiki/切斯特菲爾德	C1: station name equals the place Chesterfield (Wikidata Q823600, 582 m away), which has a zh.wikipedia article
station	Henley-on-Thames	-0.89942	51.53385	泰晤士河畔亨利	C	https://zh.wikipedia.org/wiki/泰晤士河畔亨利	C1: station name equals the place Henley-on-Thames (Wikidata Q990253, 343 m away), which has a zh.wikipedia article
station	Wrexham Central	-2.99963	53.04634	雷克瑟姆中央	A	https://zh.wikipedia.org/wiki/雷克瑟姆中央车站	Wikidata Q2433081, 57 m from the map point
station	Liverpool Central	-2.97951	53.40422	利物浦中央	A	https://zh.wikipedia.org/wiki/利物浦中央站	Wikidata Q2519286, 34 m from the map point
station	Corby	-0.68838	52.48885	科比	C	https://zh.wikipedia.org/wiki/科比_(英國)	C1: station name equals the place Corby (Wikidata Q994925, 612 m away), which has a zh.wikipedia article
station	Windermere	-2.90331	54.37949	温德米尔	C	https://zh.wikipedia.org/wiki/溫德米爾	C1: station name equals the place Windermere (Wikidata Q119936, 182 m away), which has a zh.wikipedia article
station	Cleethorpes	-0.0301	53.56282	克利索普斯	C	https://zh.wikipedia.org/wiki/克利索普斯	C1: station name equals the place Cleethorpes (Wikidata Q587765, 1201 m away), which has a zh.wikipedia article
station	Doncaster	-1.13991	53.52195	唐卡斯特	A	https://zh.wikipedia.org/wiki/唐卡斯特站	Wikidata Q2565782, 67 m from the map point
station	Workington	-3.5589	54.64496	沃金顿	C	https://zh.wikipedia.org/wiki/沃金頓	C1: station name equals the place Workington (Wikidata Q1538358, 976 m away), which has a zh.wikipedia article
station	Spalding	-0.15717	52.78876	斯波尔丁	C	https://zh.wikipedia.org/wiki/斯波尔丁_(林肯郡)	C1: station name equals the place Spalding (Wikidata Q1185203, 437 m away), which has a zh.wikipedia article
station	Leeds	-1.54862	53.79441	利兹	A	https://zh.wikipedia.org/wiki/列斯站	Wikidata Q1466941, 116 m from the map point; zh-cn form comes from a conversion rule on the page (stored title 列斯站)
station	Scunthorpe	-0.65157	53.5861	斯肯索普	C	https://zh.wikipedia.org/wiki/斯肯索普	C1: station name equals the place Scunthorpe (Wikidata Q913386, 586 m away), which has a zh.wikipedia article
station	Wakefield Westgate	-1.50558	53.68221	韦克菲尔德西路	A	https://zh.wikipedia.org/wiki/韦克菲尔德西路站	Wikidata Q3907323, 24 m from the map point
station	Norwich	1.30769	52.62631	诺里奇	A	https://zh.wikipedia.org/wiki/諾里奇站	Wikidata Q389902, 90 m from the map point; the station is named for the city; the city's own zh.wikipedia article gives 诺里奇 in zh-cn (the usual mainland form), and station and city label should read the same; zh-cn form comes from a conversion rule on the page (stored title 諾里奇站)
station	High Wycombe	-0.74458	51.62937	海威科姆	A	https://zh.wikipedia.org/wiki/海威科姆站	Wikidata Q1851135, 76 m from the map point
station	Putney	-0.21535	51.46093	帕特尼	C	https://zh.wikipedia.org/wiki/帕特尼	C1: station name equals the place Putney (Wikidata Q2465220, 595 m away), which has a zh.wikipedia article
station	Essex Road	-0.09619	51.54073	埃塞克斯路	A	https://zh.wikipedia.org/wiki/埃塞克斯路車站	Wikidata Q682124, 16 m from the map point
station	Rye	0.73102	50.95263	拉伊	C	https://zh.wikipedia.org/wiki/拉伊_(東薩塞克斯)	C1: station name equals the place Rye (Wikidata Q1020800, 335 m away), which has a zh.wikipedia article
station	Ascot	-0.67678	51.40625	阿斯科特	C	https://zh.wikipedia.org/wiki/雅士谷	C1: station name equals the place Ascot (Wikidata Q723329, 485 m away), which has a zh.wikipedia article
station	Windsor and Eton Riverside	-0.60539	51.48663	温莎及伊顿河畔	A	https://zh.wikipedia.org/wiki/溫莎及伊頓河畔站	Wikidata Q6547636, 104 m from the map point
station	Ham Street	0.85459	51.0682	汉姆街	B	Wikidata Q2453414 zh-cn	Wikidata label only, no article; not checked one by one
station	Cricklewood	-0.21297	51.55876	克里克尔伍德	C	https://zh.wikipedia.org/wiki/克里克尔伍德	C1: station name equals the place Cricklewood (Wikidata Q149830, 545 m away), which has a zh.wikipedia article
station	Hemel Hempstead	-0.49112	51.74227	赫默尔亨普斯特德	C	https://zh.wikipedia.org/wiki/赫默爾亨普斯特德	C1: station name equals the place Hemel Hempstead (Wikidata Q3532, 3178 m away), which has a zh.wikipedia article
station	Margate	1.37195	51.38516	马盖特	C	https://zh.wikipedia.org/wiki/马盖特	C1: station name equals the place Margate (Wikidata Q618045, 823 m away), which has a zh.wikipedia article
station	Waterloo East	-0.1082	51.50422	滑铁卢东	A	https://zh.wikipedia.org/wiki/滑鐵盧東站	Wikidata Q685952, 4 m from the map point
station	London King's Cross	-0.12302	51.5324	国王十字	A	https://zh.wikipedia.org/wiki/國王十字車站	Wikidata Q219867, 160 m from the map point
station	Hayes	0.00951	51.3766	海斯	B	Wikidata Q2479740 zh	Wikidata label only, no article; not checked one by one
station	Bexleyheath	0.13294	51.46356	贝克斯利希斯	A	https://zh.wikipedia.org/wiki/貝克斯利希斯站	Wikidata Q3262067, 60 m from the map point
station	Belvedere	0.15337	51.49223	别费迪亚	B	Wikidata Q2095782 zh	Wikidata label only, no article; not checked one by one; label written in traditional characters (別費迪亞車站), simplified by MediaWiki zh-cn conversion
station	Marlow	-0.7664	51.57109	马洛	C	https://zh.wikipedia.org/wiki/馬洛_(白金漢郡)	C1: station name equals the place Marlow (Wikidata Q508998, 493 m away), which has a zh.wikipedia article
station	Charlton	0.03081	51.48676	查尔顿	C	https://zh.wikipedia.org/wiki/查爾頓_(倫敦)	C1: station name equals the place Charlton (Wikidata Q1067477, 576 m away), which has a zh.wikipedia article
station	Milton Keynes Central	-0.77483	52.0342	米尔顿凯恩斯中央	C	https://zh.wikipedia.org/wiki/米尔顿凯恩斯	C2: place Milton Keynes (Wikidata Q204234, 567 m away) + fixed word 'central' = 中央, as zh.wikipedia writes it in Finchley Central=芬奇利中央, Hendon Central=亨顿中央, Acton Central=阿克顿中央
station	London Blackfriars	-0.10324	51.51049	黑衣修士	A	https://zh.wikipedia.org/wiki/黑衣修士站	Wikidata Q284195, 132 m from the map point
station	Avonmouth	-2.69886	51.49972	埃文茅斯	C	https://zh.wikipedia.org/wiki/雅芳茅斯	C1: station name equals the place Avonmouth (Wikidata Q1792885, 143 m away), which has a zh.wikipedia article
station	Bristol Temple Meads	-2.5804	51.4491	布里斯托尔圣殿草地	A	https://zh.wikipedia.org/wiki/布里斯托尔圣殿草地站	Wikidata Q800579, 30 m from the map point
station	Chester-le-Street	-1.57825	54.85454	切斯特勒斯特里特	C	https://zh.wikipedia.org/wiki/切斯特勒斯特里特	C1: station name equals the place Chester-le-Street (Wikidata Q2570025, 761 m away), which has a zh.wikipedia article
station	Durham	-1.58151	54.77975	达勒姆	A	https://zh.wikipedia.org/wiki/達拉謨站	Wikidata Q2407800, 6 m from the map point; zh-cn form comes from a conversion rule on the page (stored title 達拉謨站)
station	Kendal	-2.74014	54.33225	肯德尔	C	https://zh.wikipedia.org/wiki/肯德爾	C1: station name equals the place Kendal (Wikidata Q994575, 764 m away), which has a zh.wikipedia article
station	Lancaster	-2.8078	54.04884	兰开斯特	A	https://zh.wikipedia.org/wiki/蘭卡斯特站	Wikidata Q763073, 107 m from the map point; the station is named for the city; the city's own zh.wikipedia article gives 兰开斯特 in zh-cn (the usual mainland form), and station and city label should read the same
station	Dorchester West	-2.44265	50.71093	多切斯特西	C	https://zh.wikipedia.org/wiki/多切斯特_(多塞特郡)	C2: place Dorchester (Wikidata Q503331, 207 m away) + fixed word 'west' = 西, as zh.wikipedia writes it in Penge West=彭奇西, Hounslow West=豪恩斯洛西, Kentish Town West=肯蒂什镇西
station	Winsford	-2.49431	53.19042	温斯福德	C	https://zh.wikipedia.org/wiki/温斯福德	C1: station name equals the place Winsford (Wikidata Q2011679, 1759 m away), which has a zh.wikipedia article
station	Wembley Stadium	-0.28477	51.55425	温布利球场	A	https://zh.wikipedia.org/wiki/温布利球场站	Wikidata Q2587124, 106 m from the map point
station	Sudbury & Harrow Road	-0.31606	51.55434	萨德伯里及哈罗路	A	https://zh.wikipedia.org/wiki/萨德伯里及哈罗路站	Wikidata Q7633492, 58 m from the map point
station	Ilkeston	-1.29504	52.9791	伊尔克斯顿	C	https://zh.wikipedia.org/wiki/伊尔克斯顿	C1: station name equals the place Ilkeston (Wikidata Q2061067, 1299 m away), which has a zh.wikipedia article
station	Ramsgate	1.40523	51.34108	拉姆斯盖特	C	https://zh.wikipedia.org/wiki/拉姆斯蓋特	C1: station name equals the place Ramsgate (Wikidata Q736439, 326 m away), which has a zh.wikipedia article
station	Lanark	-3.77242	55.6735	拉纳克	C	https://zh.wikipedia.org/wiki/拉纳克	C1: station name equals the place Lanark (Wikidata Q1002124, 328 m away), which has a zh.wikipedia article
station	Wembley Central	-0.29668	51.55233	温布利中央	A	https://zh.wikipedia.org/wiki/溫布利中央站	metro or tram stop (m=1); Wikidata Q801594, 12 m from the map point
station	Carnoustie	-2.70535	56.50068	卡诺斯蒂	C	https://zh.wikipedia.org/wiki/卡諾斯蒂	C1: station name equals the place Carnoustie (Wikidata Q1012395, 576 m away), which has a zh.wikipedia article
station	Kirkcaldy	-3.16702	56.11204	柯科迪	C	https://zh.wikipedia.org/wiki/柯科迪	C1: station name equals the place Kirkcaldy (Wikidata Q691685, 147 m away), which has a zh.wikipedia article
station	Alexandria	-4.57732	55.98527	亚历山德里亚	A	https://zh.wikipedia.org/wiki/亚历山德里亚站	Wikidata Q2344225, 4 m from the map point
station	Montrose	-2.47222	56.71283	蒙特罗斯	C	https://zh.wikipedia.org/wiki/蒙特羅斯_(蘇格蘭)	C1: station name equals the place Montrose (Wikidata Q420303, 625 m away), which has a zh.wikipedia article
station	Falls of Cruachan	-5.11273	56.39402	克鲁埃泉瀑布	A	https://zh.wikipedia.org/wiki/克魯埃泉瀑布車站	Wikidata Q5432514, 8 m from the map point
station	Renton	-4.58635	55.97031	伦顿	A	https://zh.wikipedia.org/wiki/伦顿站	Wikidata Q2231907, 10 m from the map point
station	Balloch	-4.58328	56.00236	巴勒赫	A	https://zh.wikipedia.org/wiki/巴勒赫站	Wikidata Q2538309, 31 m from the map point
station	Malton	-0.79773	54.13186	莫尔顿	C	https://zh.wikipedia.org/wiki/莫爾頓	C1: station name equals the place Malton (Wikidata Q280506, 878 m away), which has a zh.wikipedia article
station	Livingston North	-3.54361	55.90151	利文斯顿北	C	https://zh.wikipedia.org/wiki/利文斯頓_(西洛錫安)	C2: place Livingston (Wikidata Q848287, 2665 m away) + fixed word 'north' = 北, as zh.wikipedia writes it in Bicester North=比斯特北, Clapham North=克拉珀姆北, Lambeth North=兰贝斯北
station	Warwick	-1.58171	52.28662	沃里克	A	https://zh.wikipedia.org/wiki/沃里克站	Wikidata Q2693935, 19 m from the map point
station	Musselburgh	-3.07249	55.93346	马瑟尔堡	C	https://zh.wikipedia.org/wiki/馬瑟爾堡	C1: station name equals the place Musselburgh (Wikidata Q37718, 1482 m away), which has a zh.wikipedia article
station	Bridge of Allan	-3.95729	56.15675	布里哲夫阿伦	C	https://zh.wikipedia.org/wiki/布里哲夫阿伦	C1: station name equals the place Bridge of Allan (Wikidata Q187892, 999 m away), which has a zh.wikipedia article
station	Newtonmore	-4.11895	57.05913	纽敦莫	C	https://zh.wikipedia.org/wiki/紐敦莫	C1: station name equals the place Newtonmore (Wikidata Q1010363, 1121 m away), which has a zh.wikipedia article
station	Bathgate	-3.63627	55.89711	巴斯盖特	C	https://zh.wikipedia.org/wiki/巴斯蓋特	C1: station name equals the place Bathgate (Wikidata Q810794, 727 m away), which has a zh.wikipedia article
station	North Berwick	-2.73097	56.05664	北伯立克	C	https://zh.wikipedia.org/wiki/北伯立克	C1: station name equals the place North Berwick (Wikidata Q1012054, 881 m away), which has a zh.wikipedia article
station	Sandy	-0.28095	52.12491	桑迪	C	https://zh.wikipedia.org/wiki/桑迪_(貝德福郡)	C1: station name equals the place Sandy (Wikidata Q1750378, 1289 m away), which has a zh.wikipedia article
station	Arbroath	-2.58927	56.55934	阿布罗斯	C	https://zh.wikipedia.org/wiki/阿布羅斯	C1: station name equals the place Arbroath (Wikidata Q630668, 316 m away), which has a zh.wikipedia article
station	Morpeth	-1.68315	55.16236	莫珀斯	A	https://zh.wikipedia.org/wiki/莫珀斯站	Wikidata Q2534198, 24 m from the map point
station	Stonehaven	-2.22528	56.96686	斯通黑文	C	https://zh.wikipedia.org/wiki/斯通黑文	C1: station name equals the place Stonehaven (Wikidata Q1002177, 1201 m away), which has a zh.wikipedia article
station	Inverkeithing	-3.39542	56.03524	因弗基辛	B	Wikidata Q3135635 zh	Wikidata label only, no article; not checked one by one; principal station, checked 2026-10-10: its en.wikipedia page has no Chinese language link and a zh.wikipedia search for the English name finds no station article
station	Bradford Interchange	-1.74913	53.79049	布拉德福德换乘中心	A	https://zh.wikipedia.org/wiki/布拉福轉運站	Wikidata Q2191497, 81 m from the map point; the article title 布拉福转运站 is Taiwan wording (the city is 布拉德福德 in mainland usage, as its own article shows in zh-cn); the Wikidata zh-hans label of the same item is used
station	Five Ways	-1.91307	52.47109	五路	A	https://zh.wikipedia.org/wiki/五路站_(伯明翰)	Wikidata Q2209211, 121 m from the map point; FLAG disambiguator dropped from the title: (伯明翰)
station	Whitley Bay	-1.44227	55.03973	惠特利湾	C	https://zh.wikipedia.org/wiki/惠特利灣	metro or tram stop (m=1); C1: station name equals the place Whitley Bay (Wikidata Q2575441, 666 m away), which has a zh.wikipedia article
station	Tynemouth	-1.42887	55.01705	泰恩茅斯	C	https://zh.wikipedia.org/wiki/泰恩茅斯	metro or tram stop (m=1); C1: station name equals the place Tynemouth (Wikidata Q1755020, 375 m away), which has a zh.wikipedia article
station	Monkseaton	-1.45847	55.0423	蒙克西顿	B	Wikidata Q6900966 zh	metro or tram stop (m=1); Wikidata label only, no article; not checked one by one; label written in traditional characters (蒙克西頓站), simplified by MediaWiki zh-cn conversion
station	South Shields	-1.43299	54.99737	南希尔兹	C	https://zh.wikipedia.org/wiki/南希尔兹	metro or tram stop (m=1); C1: station name equals the place South Shields (Wikidata Q279000, 326 m away), which has a zh.wikipedia article
station	Diss	1.12354	52.37362	迪斯	C	https://zh.wikipedia.org/wiki/迪斯_(英國)	C1: station name equals the place Diss (Wikidata Q1229288, 1357 m away), which has a zh.wikipedia article
station	Normanton	-1.42351	53.7004	诺曼顿	C	https://zh.wikipedia.org/wiki/諾曼頓_(西約克郡)	C1: station name equals the place Normanton (Wikidata Q1027131, 623 m away), which has a zh.wikipedia article
station	Castleford	-1.3551	53.72408	卡斯尔福德	C	https://zh.wikipedia.org/wiki/卡斯爾福德	C1: station name equals the place Castleford (Wikidata Q546485, 901 m away), which has a zh.wikipedia article
station	Goole	-0.87426	53.70497	古尔	C	https://zh.wikipedia.org/wiki/古爾_(英國)	C1: station name equals the place Goole (Wikidata Q1000740, 723 m away), which has a zh.wikipedia article
station	Dumbarton East	-4.55404	55.94235	邓巴顿东	C	https://zh.wikipedia.org/wiki/邓巴顿	C2: place Dumbarton (Wikidata Q34779, 816 m away) + fixed word 'east' = 东, as zh.wikipedia writes it in Aldgate East=阿尔德门东, Hounslow East=豪恩斯洛东, Dagenham East=达格纳姆东
station	Northampton	-0.90697	52.23737	北安普敦	A	https://zh.wikipedia.org/wiki/北安普頓站	Wikidata Q2055618, 104 m from the map point; the station is named for the city; the city's own zh.wikipedia article gives 北安普敦 in zh-cn (the usual mainland form), and station and city label should read the same
station	Cannock	-2.02235	52.6861	坎诺克	C	https://zh.wikipedia.org/wiki/坎諾克	C1: station name equals the place Cannock (Wikidata Q992665, 496 m away), which has a zh.wikipedia article
station	Alexandra Palace	-0.12066	51.5982	亚历山大宫	B	Wikidata Q2300483 zh	Wikidata label only, no article; not checked one by one; label written in traditional characters (亞歷山大宮站), simplified by MediaWiki zh-cn conversion
station	New Southgate	-0.14281	51.6138	新南门	B	Wikidata Q2526904 zh	Wikidata label only, no article; not checked one by one; label written in traditional characters (新南門站), simplified by MediaWiki zh-cn conversion
station	New Barnet	-0.17262	51.64828	新巴尼特	A	https://zh.wikipedia.org/wiki/新班列特站	Wikidata Q1217434, 66 m from the map point; zh-cn form comes from a conversion rule on the page (stored title 新班列特站)
station	West Norwood	-0.10349	51.43163	西诺伍德	C	https://zh.wikipedia.org/wiki/西諾伍德	C1: station name equals the place West Norwood (Wikidata Q146833, 753 m away), which has a zh.wikipedia article
station	Birkbeck	-0.05654	51.40346	伯克贝克	B	Wikidata Q2207882 zh	Wikidata label only, no article; not checked one by one; label written in traditional characters (伯克貝克站), simplified by MediaWiki zh-cn conversion
station	East Dulwich	-0.0808	51.46104	东达利奇	C	https://zh.wikipedia.org/wiki/达利奇	C2: place Dulwich (Wikidata Q146766, 1719 m away) + fixed word 'east' = 东, as zh.wikipedia writes it in East Acton=东阿克顿, East Finchley=东芬奇利, East Putney=东帕特尼
station	South Greenford	-0.33644	51.5332	南格林福德	C	https://zh.wikipedia.org/wiki/格林福德	C2: place Greenford (Wikidata Q83475, 1862 m away) + fixed word 'south' = 南, as zh.wikipedia writes it in South Kenton=南肯顿, South Wimbledon=南温布尔登, South Harrow=南哈罗
station	Windsor and Eton Central	-0.61056	51.48327	温莎及伊顿中央	A	https://zh.wikipedia.org/wiki/溫莎及伊頓中央站	Wikidata Q3098091, 49 m from the map point
station	Wrexham General	-3.00152	53.05057	雷克瑟姆火车总站	A	https://zh.wikipedia.org/wiki/雷克瑟姆火车总站	Wikidata Q2531369, 31 m from the map point; the title is kept whole: 总站 renders General and is not the generic station suffix
station	Ashford International	0.87523	51.14338	阿什福德国际	A	https://zh.wikipedia.org/wiki/阿什福德国际车站	Wikidata Q800406, 17 m from the map point
station	Colchester	0.89246	51.90058	科尔切斯特	C	https://zh.wikipedia.org/wiki/科尔切斯特	C1: station name equals the place Colchester (Wikidata Q184163, 1537 m away), which has a zh.wikipedia article
station	Bilston Central	-2.07468	52.56538	比尔斯通中央	C	https://zh.wikipedia.org/wiki/比爾斯通	metro or tram stop (m=1); C2: place Bilston (Wikidata Q1015967, 147 m away) + fixed word 'central' = 中央, as zh.wikipedia writes it in Finchley Central=芬奇利中央, Hendon Central=亨顿中央, Acton Central=阿克顿中央
station	Cramlington	-1.59868	55.08776	克拉姆灵顿	C	https://zh.wikipedia.org/wiki/克拉姆靈頓	C1: station name equals the place Cramlington (Wikidata Q918787, 1082 m away), which has a zh.wikipedia article
station	Woodbridge	1.31789	52.0903	伍德布里奇	C	https://zh.wikipedia.org/wiki/伍德布里奇	C1: station name equals the place Woodbridge (Wikidata Q1021350, 425 m away), which has a zh.wikipedia article
station	Birmingham Moor Street	-1.89195	52.47894	伯明翰沼泽街	A	https://zh.wikipedia.org/wiki/伯明翰沼澤街站	Wikidata Q800533, 97 m from the map point
station	Luton	-0.41408	51.88253	卢顿	C	https://zh.wikipedia.org/wiki/盧頓	C1: station name equals the place Luton (Wikidata Q203889, 469 m away), which has a zh.wikipedia article
station	Tulse Hill	-0.10485	51.43993	图尔斯山	C	https://zh.wikipedia.org/wiki/圖爾斯山	C1: station name equals the place Tulse Hill (Wikidata Q146843, 657 m away), which has a zh.wikipedia article
station	Brent Cross West	-0.22654	51.56882	布伦特十字西	C	https://zh.wikipedia.org/wiki/布倫特十字	C2: place Brent Cross (Wikidata Q833454, 1049 m away) + fixed word 'west' = 西, as zh.wikipedia writes it in Penge West=彭奇西, Hounslow West=豪恩斯洛西, Kentish Town West=肯蒂什镇西
station	Canary Wharf	-0.01762	51.50611	金丝雀码头	A	https://zh.wikipedia.org/wiki/金絲雀碼頭站_(DLR)	Wikidata Q1032811, 254 m from the map point; FLAG disambiguator dropped from the title: (DLR)
station	Five Ways	-1.91531	52.47473	五路	A	https://zh.wikipedia.org/wiki/五路站_(伯明翰)	metro or tram stop (m=1); Wikidata Q2209211, 549 m from the map point; FLAG disambiguator dropped from the title: (伯明翰)
station	Nine Elms	-0.12969	51.48018	九榆树	A	https://zh.wikipedia.org/wiki/九榆樹站	metro or tram stop (m=1); Wikidata Q18619284, 85 m from the map point
station	Battersea Power Station	-0.14297	51.47962	巴特西发电站	A	https://zh.wikipedia.org/wiki/巴特錫發電站站	metro or tram stop (m=1); Wikidata Q18619174, 69 m from the map point; zh-cn form comes from a conversion rule on the page (stored title 巴特錫發電站站)
station	Barking Riverside	0.11601	51.51956	巴金河畔	A	https://zh.wikipedia.org/wiki/巴金河畔站	Wikidata Q22329619, 100 m from the map point
station	Custom House	0.02723	51.5098	海关楼	A	https://zh.wikipedia.org/wiki/海關樓站	Wikidata Q1146210, 94 m from the map point
station	Bond Street	-0.14709	51.51353	庞德街	A	https://zh.wikipedia.org/wiki/龐德街站	Wikidata Q892189, 192 m from the map point; FLAG wording: the title is in Hong Kong or Taiwan wording and the page gives no mainland form
station	Tottenham Court Road	-0.13252	51.51534	托特纳姆宫路	A	https://zh.wikipedia.org/wiki/托登罕宮路站	Wikidata Q1431094, 145 m from the map point; zh-cn form comes from a conversion rule on the page (stored title 托登罕宮路站)
station	Birkenhead Park	-3.03982	53.3976	伯肯黑德公园	C	https://zh.wikipedia.org/wiki/伯肯黑德	C2: place Birkenhead (Wikidata Q746718, 2210 m away) + fixed word 'park' = 公园, as zh.wikipedia writes it in Northolt Park=诺索尔特公园, St. James's Park=圣詹姆斯公园, Beckton Park=贝克顿公园
station	Birkenhead North	-3.05793	53.40471	伯肯黑德北	C	https://zh.wikipedia.org/wiki/伯肯黑德	C2: place Birkenhead (Wikidata Q746718, 3628 m away) + fixed word 'north' = 北, as zh.wikipedia writes it in Bicester North=比斯特北, Clapham North=克拉珀姆北, Lambeth North=兰贝斯北
station	Hoylake	-3.17882	53.3899	霍伊莱克	C	https://zh.wikipedia.org/wiki/霍伊萊克	C1: station name equals the place Hoylake (Wikidata Q2024069, 79 m away), which has a zh.wikipedia article
station	Wallasey Grove Road	-3.06973	53.42844	沃拉西果园路	A	https://zh.wikipedia.org/wiki/沃拉西果园路站	Wikidata Q2633126, 21 m from the map point
station	Bebington	-3.00307	53.35766	贝宾顿	C	https://zh.wikipedia.org/wiki/貝賓頓	C1: station name equals the place Bebington (Wikidata Q813552, 853 m away), which has a zh.wikipedia article
station	Cardiff Queen Street	-3.17029	51.482	加的夫皇后街	A	https://zh.wikipedia.org/wiki/卡迪夫皇后街站	Wikidata Q2937934, 11 m from the map point; one city, one form: Cardiff Central's page gives 加的夫 by a zh-cn rule, and the city label on the map is 加的夫
station	St Helens Central	-2.72998	53.45266	圣海伦斯中央	C	https://zh.wikipedia.org/wiki/聖海倫斯	C2: place St Helens (Wikidata Q153647, 1081 m away) + fixed word 'central' = 中央, as zh.wikipedia writes it in Finchley Central=芬奇利中央, Hendon Central=亨顿中央, Acton Central=阿克顿中央
station	Ayr	-4.62583	55.45827	艾尔	C	https://zh.wikipedia.org/wiki/艾尔_(苏格兰)	C1: station name equals the place Ayr (Wikidata Q654216, 637 m away), which has a zh.wikipedia article
station	Wolverhampton Station	-2.11936	52.58714	伍尔弗汉普顿站	A	https://zh.wikipedia.org/wiki/伍爾弗漢普頓站	metro or tram stop (m=1); Wikidata Q2361188, 59 m from the map point; the stop is named for the railway station, so the article title is kept whole, with 站
station	Willenhall	-2.05518	52.58194	威伦霍尔	C	https://zh.wikipedia.org/wiki/威伦霍尔	C1: station name equals the place Willenhall (Wikidata Q617799, 429 m away), which has a zh.wikipedia article
station	Cambridge South	0.13127	52.17403	剑桥南	A	https://zh.wikipedia.org/wiki/劍橋南站	Wikidata Q39048637, 45 m from the map point
station	Paddington	-0.17801	51.51637	帕丁顿	A	https://zh.wikipedia.org/wiki/帕丁頓站_(貝克盧線、環線和區域線)	Wikidata Q3360320, 112 m from the map point; FLAG disambiguator dropped from the title: (贝克卢线、环线和区域线)
station	St Pancras International	-0.12762	51.53221	圣潘克拉斯	A	https://zh.wikipedia.org/wiki/聖潘克拉斯站	linked by hand: the article and Wikidata Q720102 are titled St Pancras railway station, without International; found through en.wikipedia
station	Liverpool Street	-0.08644	51.51765	利物浦街	A	https://zh.wikipedia.org/wiki/利物浦街站	Wikidata Q801124, 371 m from the map point
station	Northumberland Park	-1.5206	55.03291	诺森伯兰公园	B	Wikidata Q7059817 zh	Wikidata label only, no article; not checked one by one; label written in traditional characters (諾森伯蘭公園站), simplified by MediaWiki zh-cn conversion
station	Quainton Road	-0.92899	51.86443	库艾顿路	B	Wikidata Q7268516 zh	Wikidata label only, no article; not checked one by one; label written in traditional characters (庫艾頓路站), simplified by MediaWiki zh-cn conversion
station	Barking Park	0.08483	51.54251	巴金公园	C	https://zh.wikipedia.org/wiki/巴金_(倫敦)	C2: place Barking (Wikidata Q377720, 436 m away) + fixed word 'park' = 公园, as zh.wikipedia writes it in Northolt Park=诺索尔特公园, St. James's Park=圣詹姆斯公园, Beckton Park=贝克顿公园
rail line	East Coast Main Line			东海岸主线	A	https://zh.wikipedia.org/wiki/東海岸主線	
rail line	West Coast Main Line			西海岸主线	A	https://zh.wikipedia.org/wiki/西海岸主線	
rail line	Midland Main Line			米德兰主线	A	https://zh.wikipedia.org/wiki/米德蘭主線	
rail line	South West Main Line			西南主线	A	https://zh.wikipedia.org/wiki/西南主線	
rail line	South Wales Main Line			南威尔士主线	A	https://zh.wikipedia.org/wiki/南威爾斯主線	
rail line	Great Western Main Line			大西部主线	A	https://zh.wikipedia.org/wiki/大西部主線	
rail line	Great Eastern Main Line			大东部主线	A	https://zh.wikipedia.org/wiki/大東部主線	
rail line	Chatham Main Line			查塔姆主线	B	Wikidata Q5087674 zh	Wikidata label only, no article; read once by eye in round 2 (Wikidata: Chatham Main Line); label written in traditional characters (查塔姆主線), simplified by MediaWiki zh-cn conversion
rail line	Chiltern Main Line			奇尔特恩主线	B	Wikidata Q287874 zh-cn	Wikidata label only, no article; read once by eye in round 2 (Wikidata: Chiltern Main Line)
rail line	South Eastern Main Line			东南主线	B	Wikidata Q2304428 zh-hans	Wikidata label only, no article; read once by eye in round 2 (Wikidata: South Eastern main line)
rail line	Brighton Main Line			布赖顿主线	A	https://zh.wikipedia.org/wiki/布來頓主線	zh-cn form comes from a conversion rule on the page (stored title 布來頓主線)
rail line	West Highland Line			西部高地线	A	https://zh.wikipedia.org/wiki/西部高地線	
rail line	West of England Line			英格兰西线	B	Wikidata Q729192 zh	Wikidata label only, no article; read once by eye in round 2 (Wikidata: West of England line); label written in traditional characters (英格蘭西線), simplified by MediaWiki zh-cn conversion
rail line	Far North Line			远北线	A	https://zh.wikipedia.org/wiki/遠北線	
rail line	Highland Main Line			高地主线	A	https://zh.wikipedia.org/wiki/高地主線	
rail line	High Speed 1			1号高速铁路	A	https://zh.wikipedia.org/wiki/1號高速鐵路_(英國)	FLAG disambiguator dropped from the title: (英国)
rail line	North Wales Coast Line			北威尔士海岸线	A	https://zh.wikipedia.org/wiki/北威爾斯海岸線	
rail line	West Coastway Line			西部海岸线	A	https://zh.wikipedia.org/wiki/西部海岸线	
rail line	Cambrian Line			坎布里安线	B	Wikidata Q4219227 zh	Wikidata label only, no article; read once by eye in round 2 (Wikidata: Cambrian Line); label written in traditional characters (坎布里安線), simplified by MediaWiki zh-cn conversion
rail line	Cross Country Route			横贯国家路线	A	https://zh.wikipedia.org/wiki/橫貫國家路線	
rail line	Newcastle and Carlisle Railway			纽卡素及卡莱尔铁路	B	Wikidata Q16998819 zh	Wikidata label only, no article; read once by eye in round 2 (Wikidata: Newcastle & Carlisle Railway); label written in traditional characters (紐卡素及卡萊爾鐵路), simplified by MediaWiki zh-cn conversion; FLAG wording: 纽卡素 is Hong Kong wording for Newcastle (mainland 纽卡斯尔)
rail line	Birmingham to Peterborough Line			伯明翰—彼得伯勒线	A	https://zh.wikipedia.org/wiki/伯明翰—彼得伯勒线	
rail line	Cumbrian Coast Line			坎布里亚海岸线	B	Wikidata Q1143766 zh	Wikidata label only, no article; read once by eye in round 2 (Wikidata: Cumbrian Coast Line)
rail line	Durham Coast Line			达勒姆海岸线	B	Wikidata Q5316481 zh	Wikidata label only, no article; read once by eye in round 2 (Wikidata: Durham Coast Line); label written in traditional characters (達勒姆海岸線), simplified by MediaWiki zh-cn conversion
rail line	London, Tilbury & Southend Railway			伦敦、蒂尔伯里与绍森德铁路	B	Wikidata Q1868882 zh	Wikidata label only, no article; read once by eye in round 2 (Wikidata: London, Tilbury and Southend Railway); label written in traditional characters (倫敦、蒂爾伯里與紹森德鐵路), simplified by MediaWiki zh-cn conversion
rail line	Fife Circle Line			法夫环线	B	Wikidata Q5447355 zh	Wikidata label only, no article; read once by eye in round 2 (Wikidata: Fife Circle Line); label written in traditional characters (法夫環線), simplified by MediaWiki zh-cn conversion
rail line	Yorkshire Coast Line			赫尔-斯卡布罗线	B	Wikidata Q2600849 zh	Wikidata label only, no article; read once by eye in round 2 (Wikidata: Hull–Scarborough line); label written in traditional characters (赫爾-斯卡布羅線), simplified by MediaWiki zh-cn conversion
rail line	Waterloo to Reading Line			滑铁卢－雷丁线	B	Wikidata Q6265162 zh	Wikidata label only, no article; read once by eye in round 2 (Wikidata: Waterloo–Reading Line); label written in traditional characters (滑鐵盧－雷丁線), simplified by MediaWiki zh-cn conversion
rail line	East Coastway Line			东海岸线	B	Wikidata Q1277792 zh-cn	Wikidata label only, no article; read once by eye in round 2 (Wikidata: East Coastway Line)
rail line	Tees Valley Line			蒂斯谷铁路	B	Wikidata Q7694539 zh	Wikidata label only, no article; read once by eye in round 2 (Wikidata: Tees Valley Line); label written in traditional characters (蒂斯谷鐵路), simplified by MediaWiki zh-cn conversion
rail line	North Clyde Line			北克莱德线	B	Wikidata Q7054842 zh-cn	Wikidata label only, no article; read once by eye in round 2 (Wikidata: North Clyde Line)
rail line	Shrewsbury to Chester Line			什鲁斯伯里—切斯特铁路	B	Wikidata Q568811 zh	Wikidata label only, no article; read once by eye in round 2 (Wikidata: Shrewsbury–Chester line)
rail line	Elizabeth line			伊丽莎白线	A	https://zh.wikipedia.org/wiki/伊利沙伯綫	zh-cn form comes from a conversion rule on the page (stored title 伊利沙伯綫)
rail line	Lea Valley Lines			李河谷线	A	https://zh.wikipedia.org/wiki/李河谷線	
rail line	Kent Downs Line			梅德斯通线	B	Wikidata Q6735524 zh-hans	Wikidata label only, no article; read once by eye in round 2 (Wikidata: Maidstone East Line)
rail line	Merseyrail Wirral Line			威勒尔线	A	https://zh.wikipedia.org/wiki/威勒尔线	
rail line	Kyle of Lochalsh Line			洛哈尔什凯尔线	A	https://zh.wikipedia.org/wiki/洛哈爾什凱爾線	
rail line	Ribble Valley Line			里布尔谷线	B	Wikidata Q7322244 zh	Wikidata label only, no article; read once by eye in round 2 (Wikidata: Ribble Valley Line); label written in traditional characters (里布爾谷線), simplified by MediaWiki zh-cn conversion
rail line	Channel Tunnel			英法海底隧道	A	https://zh.wikipedia.org/wiki/英法海底隧道	
rail line	Fen Line			芬线	B	Wikidata Q5442954 zh	Wikidata label only, no article; read once by eye in round 2 (Wikidata: Fen line); label written in traditional characters (芬線), simplified by MediaWiki zh-cn conversion
rail line	Rheilffordd Arfordir Gogledd Cymru / North Wales Coast Line			北威尔士海岸线	A	https://zh.wikipedia.org/wiki/北威爾斯海岸線	bilingual Welsh / English name of the North Wales Coast Line
rail line	Ayrshire Coast Line			艾尔海岸线	B	Wikidata Q4831682 zh-cn	Wikidata label only, no article; read once by eye in round 2 (Wikidata: Ayrshire Coast Line)
rail line	Harrogate Line			哈罗盖特线	B	Wikidata Q5666416 zh	Wikidata label only, no article; read once by eye in round 2 (Wikidata: Harrogate Line); label written in traditional characters (哈羅蓋特線), simplified by MediaWiki zh-cn conversion
rail line	Hastings Line			黑斯廷斯线	A	https://zh.wikipedia.org/wiki/喜士定線	zh-cn form comes from a conversion rule on the page (stored title 喜士定線)
rail line	Nottingham to Lincoln Line			诺丁汉至林肯线	B	Wikidata Q15262624 zh-cn	Wikidata label only, no article; read once by eye in round 2 (Wikidata: Nottingham to Lincoln Line)
rail line	Ashford to Ramsgate Line			阿什福德至拉姆斯盖特线	B	Wikidata Q4805019 zh-cn	Wikidata label only, no article; read once by eye in round 2 (Wikidata: Ashford to Ramsgate Line)
rail line	North Kent Line			北肯特线	B	Wikidata Q529213 zh	Wikidata label only, no article; read once by eye in round 2 (Wikidata: North Kent Line); label written in traditional characters (北肯特線), simplified by MediaWiki zh-cn conversion
rail line	Manchester to Preston Line			曼彻斯特-普雷斯顿线	B	Wikidata Q12061463 zh	Wikidata label only, no article; read once by eye in round 2 (Wikidata: Manchester to Preston Line); label written in traditional characters (曼徹斯特-普雷斯頓線), simplified by MediaWiki zh-cn conversion
rail line	Vale of Glamorgan Line			格拉摩根谷线	B	Wikidata Q3207683 zh-cn	Wikidata label only, no article; read once by eye in round 2 (Wikidata: Vale of Glamorgan Line)
rail line	Hertford Loop Line			赫特福德环状线	B	Wikidata Q5744702 zh	Wikidata label only, no article; read once by eye in round 2 (Wikidata: Hertford loop line); label written in traditional characters (赫特福德環狀線), simplified by MediaWiki zh-cn conversion
rail line	Merseyrail Northern Line			北线	A	https://zh.wikipedia.org/wiki/北線_(默西鐵路)	FLAG disambiguator dropped from the title: (默西铁路)
rail line	East West Rail			东西铁路	A	https://zh.wikipedia.org/wiki/东西铁路	
rail line	Medway Valley Line			梅德威河谷线	B	Wikidata Q6807431 zh	Wikidata label only, no article; read once by eye in round 2 (Wikidata: Medway Valley Line); label written in traditional characters (梅德威河谷線), simplified by MediaWiki zh-cn conversion
rail line	Rhymney Line			莱姆尼线	B	Wikidata Q7321657 zh	Wikidata label only, no article; read once by eye in round 2 (Wikidata: Rhymney Line)
rail line	Cardiff and Merthyr Line			卡迪夫和梅瑟尔主线	B	Wikidata Q113991637 zh	Wikidata label only, no article; read once by eye in round 2 (Wikidata: Cardiff and Merthyr Line)
rail line	London–Aylesbury Line			伦敦－艾尔斯伯里线	B	Wikidata Q6671156 zh	Wikidata label only, no article; read once by eye in round 2 (Wikidata: London–Aylesbury line); label written in traditional characters (倫敦－艾爾斯伯里線), simplified by MediaWiki zh-cn conversion
rail line	Marshlink Line			马什连接线	B	Wikidata Q1902800 zh-cn	Wikidata label only, no article; read once by eye in round 2 (Wikidata: Marshlink Line)
rail line	New Guildford Line			新格尔福德线	B	Wikidata Q7007887 zh	Wikidata label only, no article; read once by eye in round 2 (Wikidata: New Guildford Line); label written in traditional characters (新格爾福德線), simplified by MediaWiki zh-cn conversion
rail line	Marston Vale Line			马斯顿谷地线	B	Wikidata Q6774009 zh	Wikidata label only, no article; read once by eye in round 2 (Wikidata: Marston Vale Line); label written in traditional characters (馬斯頓谷地線), simplified by MediaWiki zh-cn conversion
rail line	Metropolitan Line			大都会线	A	https://zh.wikipedia.org/wiki/大都會線	London Underground Metropolitan line on track tagged as railway
rail line	North London line			北伦敦线	A	https://zh.wikipedia.org/wiki/北倫敦線	
rail line	Thameslink			泰晤士连线	A	https://zh.wikipedia.org/wiki/泰晤士連線	
rail line	Welsh Highland Railway			威尔士高地铁路	A	https://zh.wikipedia.org/wiki/威爾斯高地鐵路	
rail line	Gospel Oak to Barking Line			福音橡至巴金线	A	https://zh.wikipedia.org/wiki/福音橡至巴金線	
rail line	West Somerset Railway			西萨默塞特铁路	B	Wikidata Q12072724 zh	Wikidata label only, no article; read once by eye in round 2 (Wikidata: West Somerset Railway)
rail line	Cross-City Line			跨城线	B	Wikidata Q2904526 zh	Wikidata label only, no article; read once by eye in round 2 (Wikidata: Birmingham Cross-City Line); label written in traditional characters (跨城線), simplified by MediaWiki zh-cn conversion
rail line	West Anglia Main Line			西盎格利亚主线	B	Wikidata Q7984317 zh	Wikidata label only, no article; read once by eye in round 2 (Wikidata: West Anglia Main Line); label written in traditional characters (西盎格利亞主線), simplified by MediaWiki zh-cn conversion
rail line	Northern Line			北线	A	https://zh.wikipedia.org/wiki/北線_(默西鐵路)	this track name lies between Liverpool and Southport (bbox checked): the Merseyrail Northern line, not the London Underground one; FLAG disambiguator dropped from the title: (默西铁路)
rail line	Wensleydale Railway			文斯利代尔铁路	B	Wikidata Q7982966 zh	Wikidata label only, no article; read once by eye in round 2 (Wikidata: Wensleydale Railway)
rail line	Coventry to Nuneaton Line			高云地利至纳尼顿线	B	Wikidata Q5179137 zh	Wikidata label only, no article; read once by eye in round 2 (Wikidata: Coventry to Nuneaton Line); label written in traditional characters (高雲地利至納尼頓綫), simplified by MediaWiki zh-cn conversion; FLAG wording: 高云地利 is Hong Kong wording for Coventry (mainland 考文垂)
rail line	North Yorkshire Moors Railway			北约克郡湿地铁路	B	Wikidata Q1734523 zh	Wikidata label only, no article; read once by eye in round 2 (Wikidata: North Yorkshire Moors Railway); label written in traditional characters (北約克郡濕地鐵路), simplified by MediaWiki zh-cn conversion
rail line	Great Western Railway			大西部铁路	C	https://zh.wikipedia.org/wiki/大西部鐵路	C-name: track in South Devon named for the company; the article is on the historic company of the same name
rail line	Great Western main line			大西部主线	A	https://zh.wikipedia.org/wiki/大西部主線	same line as Great Western Main Line, other spelling in OSM
rail line	Severn Valley Railway			赛文河谷铁路	A	https://zh.wikipedia.org/wiki/賽文河谷鐵路	
rail line	Bexleyheath Line			贝克斯利希斯铁路	B	Wikidata Q4899810 zh	Wikidata label only, no article; read once by eye in round 2 (Wikidata: Bexleyheath line); label written in traditional characters (貝克斯利希斯鐵路), simplified by MediaWiki zh-cn conversion
rail line	Mid-Norfolk Railway			中诺福克铁路	B	Wikidata Q6840763 zh	Wikidata label only, no article; read once by eye in round 2 (Wikidata: Mid-Norfolk Railway)
rail line	Rhondda Line			朗达线	B	Wikidata Q7321395 zh	Wikidata label only, no article; read once by eye in round 2 (Wikidata: Rhondda Line); label written in traditional characters (朗達線), simplified by MediaWiki zh-cn conversion
rail line	Cumbernauld Line			坎伯纳德线	B	Wikidata Q5193998 zh-cn	Wikidata label only, no article; read once by eye in round 2 (Wikidata: Cumbernauld Line)
rail line	Dartford Loop Line			达特福德环线	B	Wikidata Q5225621 zh	Wikidata label only, no article; read once by eye in round 2 (Wikidata: Dartford Loop Line); label written in traditional characters (達特福德環線), simplified by MediaWiki zh-cn conversion
rail line	West London Line			西伦敦线	A	https://zh.wikipedia.org/wiki/西倫敦線	
rail line	Alton Line			阿尔顿线	B	Wikidata Q4736891 zh	Wikidata label only, no article; read once by eye in round 2 (Wikidata: Alton line); label written in traditional characters (阿爾頓線), simplified by MediaWiki zh-cn conversion
rail line	Ffestiniog Railway			费斯廷约格铁路	B	Wikidata Q1410337 zh-hans	Wikidata label only, no article; read once by eye in round 2 (Wikidata: Ffestiniog Railway)
rail line	Hounslow Loop Line			豪恩斯洛环线	B	Wikidata Q5913304 zh	Wikidata label only, no article; read once by eye in round 2 (Wikidata: Hounslow Loop Line); label written in traditional characters (豪恩斯洛環線), simplified by MediaWiki zh-cn conversion
rail line	Felixstowe Branch Line			费利克斯托铁路支线	B	Wikidata Q5442402 zh-cn	Wikidata label only, no article; read once by eye in round 2 (Wikidata: Felixstowe Branch Line)
rail line	East London line			东伦敦线	A	https://zh.wikipedia.org/wiki/東倫敦線	
rail line	Catford Loop Line			卡特福德环线	B	Wikidata Q5051993 zh	Wikidata label only, no article; read once by eye in round 2 (Wikidata: Catford Loop Line); label written in traditional characters (卡特福德環線), simplified by MediaWiki zh-cn conversion
rail line	Kingston Loop Line			京斯顿环线	B	Wikidata Q6413556 zh	Wikidata label only, no article; read once by eye in round 2 (Wikidata: Kingston loop line); label written in traditional characters (京斯頓環線), simplified by MediaWiki zh-cn conversion
rail line	Vale of Rheidol Railway			莱多尔谷铁路	A	https://zh.wikipedia.org/wiki/萊多爾谷鐵路	
rail line	Strathspey Railway			斯泽士庇铁路	A	https://zh.wikipedia.org/wiki/斯澤士庇鐵路	
rail line	The Watercress Line			西洋菜线	B	Wikidata Q3187535 zh-cn	Wikidata label only, no article; read once by eye in round 2 (Wikidata: Watercress Line)
rail line	Dudding Hill Line			多丁丘线	B	Wikidata Q15215264 zh	Wikidata label only, no article; read once by eye in round 2 (Wikidata: Dudding Hill Line); label written in traditional characters (多丁丘線), simplified by MediaWiki zh-cn conversion
rail line	Island Line			岛屿线	A	https://zh.wikipedia.org/wiki/島嶼線	Isle of Wight (bbox checked)
rail line	Lakes Line			温德米尔支线	A	https://zh.wikipedia.org/wiki/温德米尔支线	Lakes Line is the marketing name of the Windermere branch line; the Chinese is the article title
rail line	Swanage Railway			斯旺纳奇铁路	B	Wikidata Q7653559 zh	Wikidata label only, no article; read once by eye in round 2 (Wikidata: Swanage Railway)
rail line	Merseyrail			默西铁路	A	https://zh.wikipedia.org/wiki/默西鐵路	network name used as a track name near Southport
rail line	West London line			西伦敦线	A	https://zh.wikipedia.org/wiki/西倫敦線	
rail line	Argyle Line			阿盖尔线	B	Wikidata Q4789827 zh-cn	Wikidata label only, no article; read once by eye in round 2 (Wikidata: Argyle Line)
rail line	Cardiff City Line			卡迪夫城市线	B	Wikidata Q5038392 zh	Wikidata label only, no article; read once by eye in round 2 (Wikidata: Cardiff City Line)
rail line	Maryhill Line			玛丽丘线	B	Wikidata Q6781196 zh-cn	Wikidata label only, no article; read once by eye in round 2 (Wikidata: Maryhill Line)
rail line	Nene Valley Railway			宁河谷铁路	B	Wikidata Q2962386 zh	Wikidata label only, no article; read once by eye in round 2 (Wikidata: Nene Valley Railway); label written in traditional characters (寧河谷鐵路), simplified by MediaWiki zh-cn conversion
rail line	South London Line			南伦敦线	A	https://zh.wikipedia.org/wiki/南倫敦線	
rail line	Maesteg Line			马斯特格线	B	Wikidata Q12061435 zh	Wikidata label only, no article; read once by eye in round 2 (Wikidata: Maesteg Line)
rail line	Welshpool & Llanfair Light Railway			韦尔什普尔与兰菲尔窄轨铁路	A	https://zh.wikipedia.org/wiki/韋爾什普爾與蘭菲爾窄軌鐵路	
rail line	Dartmouth Steam Railway			达特茅斯蒸汽铁路	B	Wikidata Q5225731 zh	Wikidata label only, no article; read once by eye in round 2 (Wikidata: Dartmouth Steam Railway)
rail line	Oxted Line			奥斯德支线	B	Wikidata Q14953694 zh	Wikidata label only, no article; read once by eye in round 2 (Wikidata: Oxted Line); label written in traditional characters (奧斯德支線), simplified by MediaWiki zh-cn conversion
rail line	Paisley Canal Line			佩斯利运河线	B	Wikidata Q7125176 zh-cn	Wikidata label only, no article; read once by eye in round 2 (Wikidata: Paisley Canal Line)
rail line	Ravenglass and Eskdale Railway			拉文格拉斯和埃斯克达尔铁道	B	Wikidata Q2133644 zh	Wikidata label only, no article; read once by eye in round 2 (Wikidata: Ravenglass and Eskdale Railway)
rail line	Talyllyn Railway			泰尔依铁路	A	https://zh.wikipedia.org/wiki/泰爾依鐵路	
rail line	Chiltern Line			奇尔特恩主线	B	Wikidata Q287874 zh-cn	Wikidata label only, no article; read once by eye in round 2 (Wikidata: Chiltern Main Line)
rail line	Marlow Branch Line			马洛支线	B	Wikidata Q6771981 zh	Wikidata label only, no article; read once by eye in round 2 (Wikidata: Marlow branch line)
rail line	Merthyr Line			梅瑟尔线	B	Wikidata Q6820676 zh	Wikidata label only, no article; read once by eye in round 2 (Wikidata: Merthyr Line)
rail line	Northern City Line			北城市线	A	https://zh.wikipedia.org/wiki/北城市線	
rail line	Churnet Valley Railway			楚涅河谷铁路	B	Wikidata Q5118309 zh-hans	Wikidata label only, no article; read once by eye in round 2 (Wikidata: Churnet Valley Railway)
rail line	Epping Ongar Railway			埃平—翁加尔铁路	A	https://zh.wikipedia.org/wiki/埃平—翁加尔铁路	
rail line	Greenwich Line			格林尼治线	B	Wikidata Q1544828 zh	Wikidata label only, no article; read once by eye in round 2 (Wikidata: Greenwich line); label written in traditional characters (格林尼治線), simplified by MediaWiki zh-cn conversion
rail line	Leamington to Stratford Line			莱明顿－斯特拉特福德线	B	Wikidata Q6509418 zh	Wikidata label only, no article; read once by eye in round 2 (Wikidata: Leamington to Stratford Line); label written in traditional characters (萊明頓－斯特拉特福德線), simplified by MediaWiki zh-cn conversion
rail line	North Norfolk Railway			北诺福克铁路	B	Wikidata Q7056196 zh	Wikidata label only, no article; read once by eye in round 2 (Wikidata: North Norfolk Railway)
rail line	Watford DC line			沃特福德直流电铁线	A	https://zh.wikipedia.org/wiki/沃特福德直流電鐵線	
rail line	Bo'ness and Kinneil Railway			博涅斯及肯尼尔铁路	B	Wikidata Q4931028 zh	Wikidata label only, no article; read once by eye in round 2 (Wikidata: Bo'ness and Kinneil Railway); label written in traditional characters (博涅斯及肯尼爾鐵路), simplified by MediaWiki zh-cn conversion
rail line	District Line			区域线	A	https://zh.wikipedia.org/wiki/區域線	London Underground District line on track tagged as railway (Richmond branch)
rail line	Keighley and Worth Valley Railway			基斯利和沃斯山谷铁路	B	Wikidata Q6383594 zh	Wikidata label only, no article; read once by eye in round 2 (Wikidata: Keighley and Worth Valley Railway)
rail line	Spa Valley Railway			温泉谷铁路	B	Wikidata Q7572155 zh	Wikidata label only, no article; read once by eye in round 2 (Wikidata: Spa Valley Railway); label written in traditional characters (溫泉谷鐵路), simplified by MediaWiki zh-cn conversion
rail line	East London Line			东伦敦线	A	https://zh.wikipedia.org/wiki/東倫敦線	
rail line	Greenford Branch			格林福德支线	A	https://zh.wikipedia.org/wiki/格林福德支线	
rail line	Isle of Wight Steam Railway			怀特岛蒸汽铁路	A	https://zh.wikipedia.org/wiki/懷特島蒸汽鐵路	
rail line	Snowdon Mountain Railway			斯诺登登山铁路	A	https://zh.wikipedia.org/wiki/斯諾登登山鐵路	
rail line	Caledonian Railway			加里东铁路	C	https://zh.wikipedia.org/wiki/加里東鐵路	C-name: the map line is the heritage Caledonian Railway at Brechin; the article is on the historic company of the same name
rail line	Dean Forest Railway			迪恩森林铁路	B	Wikidata Q5246154 zh	Wikidata label only, no article; read once by eye in round 2 (Wikidata: Dean Forest Railway)
rail line	Peak Rail			峰区铁路	B	Wikidata Q7157836 zh	Wikidata label only, no article; read once by eye in round 2 (Wikidata: Peak Rail)
rail line	Catford Loop			卡特福德环线	B	Wikidata Q5051993 zh	Wikidata label only, no article; read once by eye in round 2 (Wikidata: Catford Loop Line); label written in traditional characters (卡特福德環線), simplified by MediaWiki zh-cn conversion
rail line	Hampton Court Branch Line			汉普顿宫支线	B	Wikidata Q5646182 zh	Wikidata label only, no article; read once by eye in round 2 (Wikidata: Hampton Court Branch Line); label written in traditional characters (漢普頓宮支線), simplified by MediaWiki zh-cn conversion
rail line	Lakeside and Haverthwaite Railway			湖畔和哈弗斯韦特铁路	B	Wikidata Q6479172 zh	Wikidata label only, no article; read once by eye in round 2 (Wikidata: Lakeside and Haverthwaite Railway)
rail line	Liberty Line			自由线	A	https://zh.wikipedia.org/wiki/羅姆福德—上敏斯特線	article title is the older name Romford-Upminster line; its lead gives 自由線 for Liberty line
rail line	North London Line			北伦敦线	A	https://zh.wikipedia.org/wiki/北倫敦線	
rail line	Avon Valley Railway			雅芳谷铁路	B	Wikidata Q4829247 zh	Wikidata label only, no article; read once by eye in round 2 (Wikidata: Avon Valley Railway); label written in traditional characters (雅芳谷鐵路), simplified by MediaWiki zh-cn conversion
rail line	Greenwich Park Branch Line			格林尼治公园支线	B	Wikidata Q5604864 zh	Wikidata label only, no article; read once by eye in round 2 (Wikidata: Greenwich Park branch line); label written in traditional characters (格林尼治公園支線), simplified by MediaWiki zh-cn conversion
rail line	Leighton Buzzard Light Railway			莱顿巴扎德轻便铁路	B	Wikidata Q3229164 zh	Wikidata label only, no article; read once by eye in round 2 (Wikidata: Leighton Buzzard Light Railway); label written in traditional characters (萊頓巴扎德輕便鐵路), simplified by MediaWiki zh-cn conversion
rail line	Coryton Line			科瑞敦线	B	Wikidata Q5173810 zh	Wikidata label only, no article; read once by eye in round 2 (Wikidata: Coryton Line)
rail line	Llanberis Lake Railway			兰贝里斯湖铁路	A	https://zh.wikipedia.org/wiki/蘭貝里斯湖鐵路	the zh-cn view of the title shows 兰伯利兹湖铁路: the site-wide rule for Belize (貝里斯 to 伯利兹) misfires inside 蘭貝里斯; the title simplified character for character is used
rail line	Metropolitan line			大都会线	A	https://zh.wikipedia.org/wiki/大都會線	London Underground Metropolitan line on track tagged as railway
rail line	Northampton & Lamport Railway			北安普敦和兰波特铁路	B	Wikidata Q7057653 zh	Wikidata label only, no article; read once by eye in round 2 (Wikidata: Northampton and Lamport Railway)
rail line	Telford Steam Railway			特尔福德蒸汽铁路	B	Wikidata Q7697216 zh	Wikidata label only, no article; read once by eye in round 2 (Wikidata: Telford Steam Railway)
rail line	Bristol Harbour Railway			布里斯托尔港铁路	B	Wikidata Q917938 zh	Wikidata label only, no article; read once by eye in round 2 (Wikidata: Bristol Harbour Railway); label written in traditional characters (布里斯托爾港鐵路), simplified by MediaWiki zh-cn conversion
rail line	Royal Deeside Railway			皇家迪赛德铁路	B	Wikidata Q7374101 zh	Wikidata label only, no article; read once by eye in round 2 (Wikidata: Royal Deeside Railway)
rail line	The Middleton Railway			米德尔顿铁路	B	Wikidata Q1931930 zh	Wikidata label only, no article; read once by eye in round 2 (Wikidata: Middleton Railway); label written in traditional characters (米德爾頓鐵路), simplified by MediaWiki zh-cn conversion
rail line	Volks Electric Railway			沃克的电气铁路	B	Wikidata Q378512 zh	Wikidata label only, no article; read once by eye in round 2 (Wikidata: Volk's Electric Railway); label written in traditional characters (沃克的電氣鐵路), simplified by MediaWiki zh-cn conversion
rail line	Colne Valley Railway			科恩谷铁路	B	Wikidata Q868803 zh	Wikidata label only, no article; read once by eye in round 2 (Wikidata: Colne Valley Railway)
rail line	Post Office Railway			伦敦邮政铁路	A	https://zh.wikipedia.org/wiki/伦敦邮政铁路	
rail line	Liverpool & Manchester Railway			利物浦和曼彻斯特铁路	A	https://zh.wikipedia.org/wiki/利物浦和曼徹斯特鐵路	the 1830 railway; a museum remnant in Manchester carries the name, 0 km
rail line	Overground			伦敦地上铁	A	https://zh.wikipedia.org/wiki/倫敦地上鐵	network name London Overground used as a track name at Richmond; 0 km
rail line	Stockton & Darlington Railway			斯托克顿和达灵顿铁路	A	https://zh.wikipedia.org/wiki/斯托克頓和達靈頓鐵路	the 1825 railway; a remnant carries the name, 0 km
metro system or city	London			伦敦	A	https://zh.wikipedia.org/wiki/伦敦	the data already holds this Chinese name (uk_metro_cities.json n, uk_metro.geojson ct); the English is added here
metro or tram line	Bakerloo line			贝克卢线	A	https://zh.wikipedia.org/wiki/貝克盧線	
metro or tram line	Central line			中央线	A	https://zh.wikipedia.org/wiki/中央線_(倫敦地鐵)	FLAG disambiguator dropped from the title: (伦敦地铁)
metro or tram line	Circle line			环线	A	https://zh.wikipedia.org/wiki/環線_(倫敦地鐵)	FLAG disambiguator dropped from the title: (伦敦地铁)
metro or tram line	District line			区域线	A	https://zh.wikipedia.org/wiki/區域線	
metro or tram line	Docklands Light Railway			码头区轻便铁路	A	https://zh.wikipedia.org/wiki/碼頭區輕便鐵路	
metro or tram line	Hammersmith & City line			哈默史密斯及城市线	A	https://zh.wikipedia.org/wiki/漢墨斯密及都市線	zh-cn form comes from a conversion rule on the page (stored title 漢墨斯密及都市線)
metro or tram line	Jubilee line			银禧线	A	https://zh.wikipedia.org/wiki/銀禧線	
metro or tram line	Metropolitan line			大都会线	A	https://zh.wikipedia.org/wiki/大都會線	
metro or tram line	Northern line			北线	A	https://zh.wikipedia.org/wiki/北線	
metro or tram line	Piccadilly line			皮卡迪利线	A	https://zh.wikipedia.org/wiki/皮卡迪利線	
metro or tram line	Victoria line			维多利亚线	A	https://zh.wikipedia.org/wiki/維多利亞線	
metro or tram line	Waterloo & City line			滑铁卢及城市线	A	https://zh.wikipedia.org/wiki/滑鐵盧及城市線	
metro system or city	Manchester			曼彻斯特	A	https://zh.wikipedia.org/wiki/曼彻斯特	the data already holds this Chinese name (uk_metro_cities.json n, uk_metro.geojson ct); the English is added here
metro or tram line	Manchester Metrolink			曼彻斯特轻铁	A	https://zh.wikipedia.org/wiki/曼徹斯特輕鐵	
metro system or city	Newcastle			纽卡斯尔	A	https://zh.wikipedia.org/wiki/泰恩河畔纽卡斯尔	the data already holds this Chinese name (uk_metro_cities.json n, uk_metro.geojson ct); the English is added here; article title is the full name, the map uses the short form 纽卡斯尔
metro or tram line	Green Line			绿线	A	https://zh.wikipedia.org/wiki/泰恩-威爾地鐵	named in the text of the system's article, no article of its own; Tyne and Wear Metro; the article's 路線 section names the two lines 綠線 and 黃線
metro or tram line	Yellow Line			黄线	A	https://zh.wikipedia.org/wiki/泰恩-威爾地鐵	named in the text of the system's article, no article of its own; Tyne and Wear Metro; the article's 路線 section names the two lines 綠線 and 黃線
metro system or city	Sheffield			谢菲尔德	A	https://zh.wikipedia.org/wiki/谢菲尔德	the data already holds this Chinese name (uk_metro_cities.json n, uk_metro.geojson ct); the English is added here
metro or tram line	Supertram Blue			蓝线	A	https://zh.wikipedia.org/wiki/謝菲爾德超級電車	named in the text of the system's article, no article of its own; Sheffield Supertram; the article's 路線 section names 黃線、藍線、紫線及輕軌-火車線
metro or tram line	Supertram Purple			紫线	A	https://zh.wikipedia.org/wiki/謝菲爾德超級電車	named in the text of the system's article, no article of its own; Sheffield Supertram; the article's 路線 section names 黃線、藍線、紫線及輕軌-火車線
metro or tram line	Supertram Tram-Train			轻轨-火车线	A	https://zh.wikipedia.org/wiki/謝菲爾德超級電車	named in the text of the system's article, no article of its own; Sheffield Supertram; the article's 路線 section names 黃線、藍線、紫線及輕軌-火車線
metro or tram line	Supertram Yellow			黄线	A	https://zh.wikipedia.org/wiki/謝菲爾德超級電車	named in the text of the system's article, no article of its own; Sheffield Supertram; the article's 路線 section names 黃線、藍線、紫線及輕軌-火車線
metro system or city	Nottingham			诺丁汉	A	https://zh.wikipedia.org/wiki/诺丁汉	the data already holds this Chinese name (uk_metro_cities.json n, uk_metro.geojson ct); the English is added here
metro or tram line	NET			诺丁汉特快	A	https://zh.wikipedia.org/wiki/諾丁漢特快	NET = Nottingham Express Transit
metro system or city	Birmingham			伯明翰	A	https://zh.wikipedia.org/wiki/伯明翰	the data already holds this Chinese name (uk_metro_cities.json n, uk_metro.geojson ct); the English is added here
metro or tram line	West Midland Metro			西米德兰地铁	A	https://zh.wikipedia.org/wiki/西密德蘭地鐵	OSM spells it West Midland Metro; the system is West Midlands Metro; zh-cn form comes from a conversion rule on the page (stored title 西密德蘭地鐵)
metro system or city	Edinburgh			爱丁堡	A	https://zh.wikipedia.org/wiki/爱丁堡	the data already holds this Chinese name (uk_metro_cities.json n, uk_metro.geojson ct); the English is added here
metro or tram line	Edinburgh Trams			爱丁堡电车	A	https://zh.wikipedia.org/wiki/愛丁堡路面電車	zh-cn form comes from a conversion rule on the page (stored title 愛丁堡路面電車)
metro system or city	Glasgow			格拉斯哥	A	https://zh.wikipedia.org/wiki/格拉斯哥	the data already holds this Chinese name (uk_metro_cities.json n, uk_metro.geojson ct); the English is added here
metro or tram line	Glasgow Subway			格拉斯哥地铁	A	https://zh.wikipedia.org/wiki/格拉斯哥地铁	
metro system or city	Blackpool			布莱克浦	A	https://zh.wikipedia.org/wiki/泰恩河畔纽卡斯尔	the data already holds this Chinese name (uk_metro_cities.json n, uk_metro.geojson ct); the English is added here
metro or tram line	Blackpool Tram			布莱克浦电车	A	https://zh.wikipedia.org/wiki/黑池電車	Blackpool Tramway; zh-cn form comes from a conversion rule on the page (stored title 黑池電車)
line being built	High Speed 2			2号高速铁路	A	https://zh.wikipedia.org/wiki/2号高速铁路_(英国)	FLAG disambiguator dropped from the title: (英国)
line being built	Mid-Norfolk Railway			中诺福克铁路	B	Wikidata Q6840763 zh	Wikidata label only, no article; read once by eye in round 2 (Wikidata: Mid-Norfolk Railway)
line being built	Midland Metro			西米德兰地铁	A	https://zh.wikipedia.org/wiki/西密德蘭地鐵	Midland Metro is the former name of West Midlands Metro; the extension being built; zh-cn form comes from a conversion rule on the page (stored title 西密德蘭地鐵)
depot	Birkenhead North TMD	-3.05995	53.40623	伯肯黑德北机厂	B	Wikidata Q4916435 zh	Wikidata label only, no article (Wikidata: Birkenhead North TMD, 129 m away); label written in traditional characters (伯肯黑德北機廠), simplified by MediaWiki zh-cn conversion; the depot word is Hong Kong or Taiwan usage (车厂, 机厂), mainland usage is 车辆段
depot	Upminster Depot	0.26405	51.56097	上敏斯特车厂	B	Wikidata Q28406065 zh	Wikidata label only, no article (Wikidata: Upminster Depot, 25 m away); label written in traditional characters (上敏斯特車廠), simplified by MediaWiki zh-cn conversion; the depot word is Hong Kong or Taiwan usage (车厂, 机厂), mainland usage is 车辆段
depot	Tyne Yard	-1.60063	54.91407	泰恩编组场	B	Wikidata Q7860500 zh	Wikidata label only, no article (Wikidata: Tyne Yard, 126 m away)
depot	Drax Power Station	-1.00167	53.735	德拉克斯发电站	A	https://zh.wikipedia.org/wiki/德拉克斯發電站	the yard carries the power station's name; the article is on the power station
depot	Ilford EMU Depot	0.08555	51.56302	伊尔福德电力动车组维保基地	B	Wikidata Q28404800 zh	Wikidata label only, no article (Wikidata: Ilford EMU Depot, 235 m away); label written in traditional characters (伊爾福德电力动车组维保基地), simplified by MediaWiki zh-cn conversion
depot	Willesden Traction Maintenance Depot	-0.24052	51.53132	威尔斯登牵引维修车厂	B	Wikidata Q8003688 zh	Wikidata label only, no article (Wikidata: Willesden TMD, 89 m away); label written in traditional characters (威爾斯登牽引維修車廠), simplified by MediaWiki zh-cn conversion; the depot word is Hong Kong or Taiwan usage (车厂, 机厂), mainland usage is 车辆段
depot	Wimbledon Traincare Depot	-0.19543	51.43342	温布顿车厂	B	Wikidata Q8023530 zh	Wikidata label only, no article (Wikidata: Wimbledon Traincare depot, 98 m away); label written in traditional characters (溫布頓车厂), simplified by MediaWiki zh-cn conversion; the depot word is Hong Kong or Taiwan usage (车厂, 机厂), mainland usage is 车辆段
depot	Neasden Depot	-0.25965	51.55777	尼斯登车厂	B	Wikidata Q6984454 zh	Wikidata label only, no article (Wikidata: Neasden Depot, 73 m away); label written in traditional characters (尼斯登車廠), simplified by MediaWiki zh-cn conversion; the depot word is Hong Kong or Taiwan usage (车厂, 机厂), mainland usage is 车辆段
depot	Kirkdale Depot	-2.98385	53.43902	柯克代尔机厂	B	Wikidata Q6415640 zh	Wikidata label only, no article (Wikidata: Kirkdale TMD, 163 m away); label written in traditional characters (柯克代爾機廠), simplified by MediaWiki zh-cn conversion; the depot word is Hong Kong or Taiwan usage (车厂, 机厂), mainland usage is 车辆段
