{"type":"FeatureCollection","features":[{"type":"Feature","properties":{"n":"Swindon","g":"uk"},"geometry":{"type":"Point","coordinates":[-1.78528,51.5657]}},{"type":"Feature","properties":{"n":"Royston","g":"uk"},"geometry":{"type":"Point","coordinates":[-0.02697,52.05321]}},{"type":"Feature","properties":{"n":"Beaulieu Road","g":"uk"},"geometry":{"type":"Point","coordinates":[-1.50497,50.85505]}},{"type":"Feature","properties":{"n":"Sway","g":"uk"},"geometry":{"type":"Point","coordinates":[-1.60995,50.78471]}},{"type":"Feature","properties":{"n":"New Milton","g":"uk"},"geometry":{"type":"Point","coordinates":[-1.65767,50.75576]}},{"type":"Feature","properties":{"n":"Canley","g":"uk"},"geometry":{"type":"Point","coordinates":[-1.54753,52.39938]}},{"type":"Feature","properties":{"n":"Rhyl","g":"uk"},"geometry":{"type":"Point","coordinates":[-3.48879,53.3182]}},{"type":"Feature","properties":{"n":"Sandal and Agbrigg","g":"uk"},"geometry":{"type":"Point","coordinates":[-1.48062,53.66281]}},{"type":"Feature","properties":{"n":"Wellingborough","g":"uk"},"geometry":{"type":"Point","coordinates":[-0.67628,52.30378]}},{"type":"Feature","properties":{"n":"Ulleskelf","g":"uk"},"geometry":{"type":"Point","coordinates":[-1.21438,53.85333]}},{"type":"Feature","properties":{"n":"Adwick","g":"uk"},"geometry":{"type":"Point","coordinates":[-1.17989,53.57193]}},{"type":"Feature","properties":{"n":"Elsecar","g":"uk"},"geometry":{"type":"Point","coordinates":[-1.4275,53.49868]}},{"type":"Feature","properties":{"n":"Dodworth","g":"uk"},"geometry":{"type":"Point","coordinates":[-1.53203,53.54421]}},{"type":"Feature","properties":{"n":"Bursledon","g":"uk"},"geometry":{"type":"Point","coordinates":[-1.30511,50.88357]}},{"type":"Feature","properties":{"n":"Walton-on-Thames","g":"uk"},"geometry":{"type":"Point","coordinates":[-0.41431,51.37288]}},{"type":"Feature","properties":{"n":"Erdington","g":"uk"},"geometry":{"type":"Point","coordinates":[-1.83944,52.52838]}},{"type":"Feature","properties":{"n":"Chester Road","g":"uk"},"geometry":{"type":"Point","coordinates":[-1.83241,52.53595]}},{"type":"Feature","properties":{"n":"Sutton Coldfield","g":"uk"},"geometry":{"type":"Point","coordinates":[-1.82518,52.5648]}},{"type":"Feature","properties":{"n":"Gravelly Hill","g":"uk"},"geometry":{"type":"Point","coordinates":[-1.85274,52.51539]}},{"type":"Feature","properties":{"n":"Ardwick","g":"uk"},"geometry":{"type":"Point","coordinates":[-2.21321,53.47116]}},{"type":"Feature","properties":{"n":"Romsey","g":"uk"},"geometry":{"type":"Point","coordinates":[-1.49325,50.9927]}},{"type":"Feature","properties":{"n":"Mottisfont & Dunbridge","g":"uk"},"geometry":{"type":"Point","coordinates":[-1.54668,51.03382]}},{"type":"Feature","properties":{"n":"Shepherd's Bush Market","g":"uk","m":1},"geometry":{"type":"Point","coordinates":[-0.22631,51.50607]}},{"type":"Feature","properties":{"n":"Maidenhead","g":"uk"},"geometry":{"type":"Point","coordinates":[-0.72285,51.51835]}},{"type":"Feature","properties":{"n":"West Drayton","g":"uk"},"geometry":{"type":"Point","coordinates":[-0.47183,51.50974]}},{"type":"Feature","properties":{"n":"Finchley Central","g":"uk","m":1},"geometry":{"type":"Point","coordinates":[-0.19232,51.60084]}},{"type":"Feature","properties":{"n":"Hedge End","g":"uk"},"geometry":{"type":"Point","coordinates":[-1.29449,50.9324]}},{"type":"Feature","properties":{"n":"Butlers Lane","g":"uk"},"geometry":{"type":"Point","coordinates":[-1.83839,52.59262]}},{"type":"Feature","properties":{"n":"Kettering","g":"uk"},"geometry":{"type":"Point","coordinates":[-0.73205,52.39349]}},{"type":"Feature","properties":{"n":"Old Trafford","g":"uk","m":1},"geometry":{"type":"Point","coordinates":[-2.28463,53.45635]}},{"type":"Feature","properties":{"n":"Ryde St John's Road","g":"uk"},"geometry":{"type":"Point","coordinates":[-1.15662,50.72418]}},{"type":"Feature","properties":{"n":"Brading","g":"uk"},"geometry":{"type":"Point","coordinates":[-1.1386,50.6783]}},{"type":"Feature","properties":{"n":"Smallbrook Junction","g":"uk"},"geometry":{"type":"Point","coordinates":[-1.155,50.71147]}},{"type":"Feature","properties":{"n":"Havenstreet","g":"uk"},"geometry":{"type":"Point","coordinates":[-1.21463,50.70546]}},{"type":"Feature","properties":{"n":"Dean","g":"uk"},"geometry":{"type":"Point","coordinates":[-1.63392,51.04237]}},{"type":"Feature","properties":{"n":"Lydney","g":"uk"},"geometry":{"type":"Point","coordinates":[-2.53048,51.71428]}},{"type":"Feature","properties":{"n":"Botley","g":"uk"},"geometry":{"type":"Point","coordinates":[-1.25905,50.91636]}},{"type":"Feature","properties":{"n":"Culham","g":"uk"},"geometry":{"type":"Point","coordinates":[-1.23658,51.65389]}},{"type":"Feature","properties":{"n":"Appleford","g":"uk"},"geometry":{"type":"Point","coordinates":[-1.24247,51.63949]}},{"type":"Feature","properties":{"n":"St Mary Cray","g":"uk"},"geometry":{"type":"Point","coordinates":[0.10572,51.39474]}},{"type":"Feature","properties":{"n":"Hamble","g":"uk"},"geometry":{"type":"Point","coordinates":[-1.32899,50.87124]}},{"type":"Feature","properties":{"n":"Llandudno Junction","g":"uk"},"geometry":{"type":"Point","coordinates":[-3.80863,53.28386]}},{"type":"Feature","properties":{"n":"Flint","g":"uk"},"geometry":{"type":"Point","coordinates":[-3.13249,53.24968]}},{"type":"Feature","properties":{"n":"Shotton","g":"uk"},"geometry":{"type":"Point","coordinates":[-3.03718,53.21369]}},{"type":"Feature","properties":{"n":"Acton Bridge","g":"uk"},"geometry":{"type":"Point","coordinates":[-2.60275,53.26631]}},{"type":"Feature","properties":{"n":"Carlisle","g":"uk"},"geometry":{"type":"Point","coordinates":[-2.93305,54.89026]}},{"type":"Feature","properties":{"n":"Carluke","g":"uk"},"geometry":{"type":"Point","coordinates":[-3.84893,55.73112]}},{"type":"Feature","properties":{"n":"Newton","g":"uk"},"geometry":{"type":"Point","coordinates":[-4.13358,55.81884]}},{"type":"Feature","properties":{"n":"Combe","g":"uk"},"geometry":{"type":"Point","coordinates":[-1.394,51.83263]}},{"type":"Feature","properties":{"n":"Shipton","g":"uk"},"geometry":{"type":"Point","coordinates":[-1.59265,51.86598]}},{"type":"Feature","properties":{"n":"Finstock","g":"uk"},"geometry":{"type":"Point","coordinates":[-1.4696,51.85282]}},{"type":"Feature","properties":{"n":"Portchester","g":"uk"},"geometry":{"type":"Point","coordinates":[-1.12502,50.84885]}},{"type":"Feature","properties":{"n":"Alresford","g":"uk"},"geometry":{"type":"Point","coordinates":[-1.16103,51.0883]}},{"type":"Feature","properties":{"n":"Pickering","g":"uk"},"geometry":{"type":"Point","coordinates":[-0.77845,54.24727]}},{"type":"Feature","properties":{"n":"Levisham","g":"uk"},"geometry":{"type":"Point","coordinates":[-0.74439,54.30828]}},{"type":"Feature","properties":{"n":"Newton Dale Halt","g":"uk"},"geometry":{"type":"Point","coordinates":[-0.71757,54.34247]}},{"type":"Feature","properties":{"n":"Goathland","g":"uk"},"geometry":{"type":"Point","coordinates":[-0.71209,54.40059]}},{"type":"Feature","properties":{"n":"Grosmont","g":"uk"},"geometry":{"type":"Point","coordinates":[-0.72484,54.43617]}},{"type":"Feature","properties":{"n":"Settle","g":"uk"},"geometry":{"type":"Point","coordinates":[-2.28083,54.06696]}},{"type":"Feature","properties":{"n":"Water Orton","g":"uk"},"geometry":{"type":"Point","coordinates":[-1.74365,52.51853]}},{"type":"Feature","properties":{"n":"Mill Hill Broadway","g":"uk"},"geometry":{"type":"Point","coordinates":[-0.2488,51.61267]}},{"type":"Feature","properties":{"n":"Catford","g":"uk"},"geometry":{"type":"Point","coordinates":[-0.02615,51.44447]}},{"type":"Feature","properties":{"n":"Cosham","g":"uk"},"geometry":{"type":"Point","coordinates":[-1.06739,50.84188]}},{"type":"Feature","properties":{"n":"Ellesmere Port","g":"uk"},"geometry":{"type":"Point","coordinates":[-2.89605,53.28211]}},{"type":"Feature","properties":{"n":"Corfe Castle","g":"uk"},"geometry":{"type":"Point","coordinates":[-2.05495,50.63827]}},{"type":"Feature","properties":{"n":"Harman's Cross","g":"uk"},"geometry":{"type":"Point","coordinates":[-2.02656,50.61979]}},{"type":"Feature","properties":{"n":"Herston Halt","g":"uk"},"geometry":{"type":"Point","coordinates":[-1.9804,50.61306]}},{"type":"Feature","properties":{"n":"Littlehaven","g":"uk"},"geometry":{"type":"Point","coordinates":[-0.3086,51.07934]}},{"type":"Feature","properties":{"n":"Faygate","g":"uk"},"geometry":{"type":"Point","coordinates":[-0.26301,51.09595]}},{"type":"Feature","properties":{"n":"Ifield","g":"uk"},"geometry":{"type":"Point","coordinates":[-0.21446,51.11554]}},{"type":"Feature","properties":{"n":"Gatwick Airport","g":"uk"},"geometry":{"type":"Point","coordinates":[-0.16092,51.15673]}},{"type":"Feature","properties":{"n":"Hassocks","g":"uk"},"geometry":{"type":"Point","coordinates":[-0.14572,50.92472]}},{"type":"Feature","properties":{"n":"Islip","g":"uk"},"geometry":{"type":"Point","coordinates":[-1.23765,51.82616]}},{"type":"Feature","properties":{"n":"Bicester Village","g":"uk"},"geometry":{"type":"Point","coordinates":[-1.14938,51.89241]}},{"type":"Feature","properties":{"n":"Sloane Square","g":"uk","m":1},"geometry":{"type":"Point","coordinates":[-0.15588,51.49223]}},{"type":"Feature","properties":{"n":"Wokingham","g":"uk"},"geometry":{"type":"Point","coordinates":[-0.84298,51.4119]}},{"type":"Feature","properties":{"n":"Blackwater","g":"uk"},"geometry":{"type":"Point","coordinates":[-0.77678,51.33157]}},{"type":"Feature","properties":{"n":"Ascott-under-Wychwood","g":"uk"},"geometry":{"type":"Point","coordinates":[-1.56397,51.86746]}},{"type":"Feature","properties":{"n":"Cheltenham Racecourse","g":"uk"},"geometry":{"type":"Point","coordinates":[-2.06753,51.92448]}},{"type":"Feature","properties":{"n":"Netley","g":"uk"},"geometry":{"type":"Point","coordinates":[-1.34179,50.875]}},{"type":"Feature","properties":{"n":"Helsby","g":"uk"},"geometry":{"type":"Point","coordinates":[-2.77115,53.27529]}},{"type":"Feature","properties":{"n":"Patchway","g":"uk"},"geometry":{"type":"Point","coordinates":[-2.56234,51.52583]}},{"type":"Feature","properties":{"n":"Hinton Admiral","g":"uk"},"geometry":{"type":"Point","coordinates":[-1.71363,50.7526]}},{"type":"Feature","properties":{"n":"Yate","g":"uk"},"geometry":{"type":"Point","coordinates":[-2.43217,51.5414]}},{"type":"Feature","properties":{"n":"Fratton","g":"uk"},"geometry":{"type":"Point","coordinates":[-1.07326,50.79645]}},{"type":"Feature","properties":{"n":"Bicester North","g":"uk"},"geometry":{"type":"Point","coordinates":[-1.14978,51.90329]}},{"type":"Feature","properties":{"n":"Gomshall","g":"uk"},"geometry":{"type":"Point","coordinates":[-0.44225,51.21924]}},{"type":"Feature","properties":{"n":"Trowbridge","g":"uk"},"geometry":{"type":"Point","coordinates":[-2.21433,51.32001]}},{"type":"Feature","properties":{"n":"Ashurst","g":"uk"},"geometry":{"type":"Point","coordinates":[0.1526,51.12842]}},{"type":"Feature","properties":{"n":"Cyprus","g":"uk","m":1},"geometry":{"type":"Point","coordinates":[0.06397,51.50848]}},{"type":"Feature","properties":{"n":"Wimbledon","g":"uk","m":1},"geometry":{"type":"Point","coordinates":[-0.20521,51.42203]}},{"type":"Feature","properties":{"n":"Caldicot","g":"uk"},"geometry":{"type":"Point","coordinates":[-2.75977,51.58451]}},{"type":"Feature","properties":{"n":"Stamford","g":"uk"},"geometry":{"type":"Point","coordinates":[-0.48009,52.64783]}},{"type":"Feature","properties":{"n":"Mansion House","g":"uk","m":1},"geometry":{"type":"Point","coordinates":[-0.09522,51.51189]}},{"type":"Feature","properties":{"n":"Narborough","g":"uk"},"geometry":{"type":"Point","coordinates":[-1.20281,52.57138]}},{"type":"Feature","properties":{"n":"Oxenhope","g":"uk"},"geometry":{"type":"Point","coordinates":[-1.95248,53.81492]}},{"type":"Feature","properties":{"n":"Northolt Park","g":"uk"},"geometry":{"type":"Point","coordinates":[-0.35942,51.55748]}},{"type":"Feature","properties":{"n":"North Harrow","g":"uk","m":1},"geometry":{"type":"Point","coordinates":[-0.36318,51.58516]}},{"type":"Feature","properties":{"n":"Penshurst","g":"uk"},"geometry":{"type":"Point","coordinates":[0.17318,51.19727]}},{"type":"Feature","properties":{"n":"Pokesdown","g":"uk"},"geometry":{"type":"Point","coordinates":[-1.82673,50.73119]}},{"type":"Feature","properties":{"n":"Parkstone","g":"uk"},"geometry":{"type":"Point","coordinates":[-1.94785,50.72296]}},{"type":"Feature","properties":{"n":"Branksome","g":"uk"},"geometry":{"type":"Point","coordinates":[-1.91937,50.72703]}},{"type":"Feature","properties":{"n":"Poole","g":"uk"},"geometry":{"type":"Point","coordinates":[-1.98364,50.71932]}},{"type":"Feature","properties":{"n":"Holton Heath","g":"uk"},"geometry":{"type":"Point","coordinates":[-2.07762,50.71157]}},{"type":"Feature","properties":{"n":"Milford Haven","g":"uk"},"geometry":{"type":"Point","coordinates":[-5.04145,51.71577]}},{"type":"Feature","properties":{"n":"Johnston","g":"uk"},"geometry":{"type":"Point","coordinates":[-4.99672,51.75628]}},{"type":"Feature","properties":{"n":"Haverfordwest","g":"uk"},"geometry":{"type":"Point","coordinates":[-4.96023,51.80268]}},{"type":"Feature","properties":{"n":"Fishguard Harbour","g":"uk"},"geometry":{"type":"Point","coordinates":[-4.98617,52.01069]}},{"type":"Feature","properties":{"n":"Styal","g":"uk"},"geometry":{"type":"Point","coordinates":[-2.24021,53.34825]}},{"type":"Feature","properties":{"n":"Chirk","g":"uk"},"geometry":{"type":"Point","coordinates":[-3.06615,52.93325]}},{"type":"Feature","properties":{"n":"Ruabon","g":"uk"},"geometry":{"type":"Point","coordinates":[-3.04334,52.98724]}},{"type":"Feature","properties":{"n":"Bourne End","g":"uk"},"geometry":{"type":"Point","coordinates":[-0.7108,51.57691]}},{"type":"Feature","properties":{"n":"Clarbeston Road","g":"uk"},"geometry":{"type":"Point","coordinates":[-4.88216,51.85174]}},{"type":"Feature","properties":{"n":"Harrow & Wealdstone","g":"uk","m":1},"geometry":{"type":"Point","coordinates":[-0.33487,51.59222]}},{"type":"Feature","properties":{"n":"Kings Langley","g":"uk"},"geometry":{"type":"Point","coordinates":[-0.43792,51.7063]}},{"type":"Feature","properties":{"n":"Clunderwen","g":"uk"},"geometry":{"type":"Point","coordinates":[-4.73102,51.84011]}},{"type":"Feature","properties":{"n":"Whitland","g":"uk"},"geometry":{"type":"Point","coordinates":[-4.61499,51.81802]}},{"type":"Feature","properties":{"n":"Skegness","g":"uk"},"geometry":{"type":"Point","coordinates":[0.33452,53.14319]}},{"type":"Feature","properties":{"n":"Havenhouse","g":"uk"},"geometry":{"type":"Point","coordinates":[0.27299,53.11462]}},{"type":"Feature","properties":{"n":"Wainfleet","g":"uk"},"geometry":{"type":"Point","coordinates":[0.23458,53.10516]}},{"type":"Feature","properties":{"n":"Boston","g":"uk"},"geometry":{"type":"Point","coordinates":[-0.03132,52.97811]}},{"type":"Feature","properties":{"n":"Reigate","g":"uk"},"geometry":{"type":"Point","coordinates":[-0.20384,51.24188]}},{"type":"Feature","properties":{"n":"Kilgetty","g":"uk"},"geometry":{"type":"Point","coordinates":[-4.71439,51.7322]}},{"type":"Feature","properties":{"n":"Tenby","g":"uk"},"geometry":{"type":"Point","coordinates":[-4.70674,51.67297]}},{"type":"Feature","properties":{"n":"Penally","g":"uk"},"geometry":{"type":"Point","coordinates":[-4.722,51.65894]}},{"type":"Feature","properties":{"n":"Manorbier","g":"uk"},"geometry":{"type":"Point","coordinates":[-4.79276,51.66025]}},{"type":"Feature","properties":{"n":"Lamphey","g":"uk"},"geometry":{"type":"Point","coordinates":[-4.87288,51.66712]}},{"type":"Feature","properties":{"n":"Pembroke","g":"uk"},"geometry":{"type":"Point","coordinates":[-4.90644,51.67306]}},{"type":"Feature","properties":{"n":"Wallyford","g":"uk"},"geometry":{"type":"Point","coordinates":[-3.01479,55.94046]}},{"type":"Feature","properties":{"n":"Longniddry","g":"uk"},"geometry":{"type":"Point","coordinates":[-2.88865,55.97624]}},{"type":"Feature","properties":{"n":"Drem","g":"uk"},"geometry":{"type":"Point","coordinates":[-2.7853,56.00513]}},{"type":"Feature","properties":{"n":"Dunbar","g":"uk"},"geometry":{"type":"Point","coordinates":[-2.51368,55.99821]}},{"type":"Feature","properties":{"n":"North Ealing","g":"uk","m":1},"geometry":{"type":"Point","coordinates":[-0.28875,51.51749]}},{"type":"Feature","properties":{"n":"St Albans Abbey","g":"uk"},"geometry":{"type":"Point","coordinates":[-0.34253,51.74466]}},{"type":"Feature","properties":{"n":"Park Street","g":"uk"},"geometry":{"type":"Point","coordinates":[-0.34007,51.72566]}},{"type":"Feature","properties":{"n":"Bricket Wood","g":"uk"},"geometry":{"type":"Point","coordinates":[-0.35912,51.70557]}},{"type":"Feature","properties":{"n":"Garston","g":"uk"},"geometry":{"type":"Point","coordinates":[-0.38181,51.68652]}},{"type":"Feature","properties":{"n":"Watford North","g":"uk"},"geometry":{"type":"Point","coordinates":[-0.39029,51.67504]}},{"type":"Feature","properties":{"n":"How Wood","g":"uk"},"geometry":{"type":"Point","coordinates":[-0.34494,51.71737]}},{"type":"Feature","properties":{"n":"Carmarthen","g":"uk"},"geometry":{"type":"Point","coordinates":[-4.30576,51.85331]}},{"type":"Feature","properties":{"n":"Alnmouth","g":"uk"},"geometry":{"type":"Point","coordinates":[-1.63677,55.39279]}},{"type":"Feature","properties":{"n":"Berwick-upon-Tweed","g":"uk"},"geometry":{"type":"Point","coordinates":[-2.01054,55.77456]}},{"type":"Feature","properties":{"n":"Chathill","g":"uk"},"geometry":{"type":"Point","coordinates":[-1.70665,55.53673]}},{"type":"Feature","properties":{"n":"Loughborough Central","g":"uk"},"geometry":{"type":"Point","coordinates":[-1.19592,52.76907]}},{"type":"Feature","properties":{"n":"Pembrey and Burry Port","g":"uk"},"geometry":{"type":"Point","coordinates":[-4.24896,51.68406]}},{"type":"Feature","properties":{"n":"Kidwelly","g":"uk"},"geometry":{"type":"Point","coordinates":[-4.31765,51.7344]}},{"type":"Feature","properties":{"n":"Llanelli","g":"uk"},"geometry":{"type":"Point","coordinates":[-4.16107,51.67378]}},{"type":"Feature","properties":{"n":"Ferryside","g":"uk"},"geometry":{"type":"Point","coordinates":[-4.3696,51.76825]}},{"type":"Feature","properties":{"n":"Port Talbot Parkway","g":"uk"},"geometry":{"type":"Point","coordinates":[-3.78172,51.59244]}},{"type":"Feature","properties":{"n":"Briton Ferry","g":"uk"},"geometry":{"type":"Point","coordinates":[-3.81998,51.63812]}},{"type":"Feature","properties":{"n":"Bridgend","g":"uk"},"geometry":{"type":"Point","coordinates":[-3.57526,51.50711]}},{"type":"Feature","properties":{"n":"Pyle","g":"uk"},"geometry":{"type":"Point","coordinates":[-3.69766,51.52536]}},{"type":"Feature","properties":{"n":"Llanharan","g":"uk"},"geometry":{"type":"Point","coordinates":[-3.44165,51.53763]}},{"type":"Feature","properties":{"n":"Pontyclun","g":"uk"},"geometry":{"type":"Point","coordinates":[-3.39206,51.52384]}},{"type":"Feature","properties":{"n":"Aberystwyth","g":"uk"},"geometry":{"type":"Point","coordinates":[-4.08155,52.41389]}},{"type":"Feature","properties":{"n":"Borth","g":"uk"},"geometry":{"type":"Point","coordinates":[-4.04967,52.49098]}},{"type":"Feature","properties":{"n":"Dovey Junction","g":"uk"},"geometry":{"type":"Point","coordinates":[-3.92379,52.56476]}},{"type":"Feature","properties":{"n":"Machynlleth","g":"uk"},"geometry":{"type":"Point","coordinates":[-3.85481,52.59518]}},{"type":"Feature","properties":{"n":"Brighton","g":"uk"},"geometry":{"type":"Point","coordinates":[-0.14074,50.82886]}},{"type":"Feature","properties":{"n":"Caersws","g":"uk"},"geometry":{"type":"Point","coordinates":[-3.4326,52.51614]}},{"type":"Feature","properties":{"n":"Newtown","g":"uk"},"geometry":{"type":"Point","coordinates":[-3.31148,52.51224]}},{"type":"Feature","properties":{"n":"Welshpool","g":"uk"},"geometry":{"type":"Point","coordinates":[-3.13944,52.65803]}},{"type":"Feature","properties":{"n":"Dullingham","g":"uk"},"geometry":{"type":"Point","coordinates":[0.36588,52.20151]}},{"type":"Feature","properties":{"n":"MetroCentre","g":"uk"},"geometry":{"type":"Point","coordinates":[-1.66493,54.95889]}},{"type":"Feature","properties":{"n":"Armathwaite","g":"uk"},"geometry":{"type":"Point","coordinates":[-2.77208,54.80944]}},{"type":"Feature","properties":{"n":"Lazonby and Kirkoswald","g":"uk"},"geometry":{"type":"Point","coordinates":[-2.70369,54.75082]}},{"type":"Feature","properties":{"n":"Langwathby","g":"uk"},"geometry":{"type":"Point","coordinates":[-2.66356,54.69436]}},{"type":"Feature","properties":{"n":"Garsdale","g":"uk"},"geometry":{"type":"Point","coordinates":[-2.32637,54.32146]}},{"type":"Feature","properties":{"n":"Dent","g":"uk"},"geometry":{"type":"Point","coordinates":[-2.36363,54.28257]}},{"type":"Feature","properties":{"n":"Ribblehead","g":"uk"},"geometry":{"type":"Point","coordinates":[-2.36073,54.20564]}},{"type":"Feature","properties":{"n":"Horton-in-Ribblesdale","g":"uk"},"geometry":{"type":"Point","coordinates":[-2.3021,54.14922]}},{"type":"Feature","properties":{"n":"Preston Park","g":"uk"},"geometry":{"type":"Point","coordinates":[-0.15534,50.84601]}},{"type":"Feature","properties":{"n":"Baldock","g":"uk"},"geometry":{"type":"Point","coordinates":[-0.18756,51.99297]}},{"type":"Feature","properties":{"n":"Hatton","g":"uk"},"geometry":{"type":"Point","coordinates":[-1.6729,52.2952]}},{"type":"Feature","properties":{"n":"Lapworth","g":"uk"},"geometry":{"type":"Point","coordinates":[-1.72581,52.3418]}},{"type":"Feature","properties":{"n":"Dorridge","g":"uk"},"geometry":{"type":"Point","coordinates":[-1.75286,52.37185]}},{"type":"Feature","properties":{"n":"Widney Manor","g":"uk"},"geometry":{"type":"Point","coordinates":[-1.77424,52.39603]}},{"type":"Feature","properties":{"n":"Solihull","g":"uk"},"geometry":{"type":"Point","coordinates":[-1.78887,52.41463]}},{"type":"Feature","properties":{"n":"Bordesley","g":"uk"},"geometry":{"type":"Point","coordinates":[-1.87766,52.47221]}},{"type":"Feature","properties":{"n":"Birmingham Snow Hill","g":"uk"},"geometry":{"type":"Point","coordinates":[-1.89966,52.4838]}},{"type":"Feature","properties":{"n":"Handsworth Booth Street","g":"uk","m":1},"geometry":{"type":"Point","coordinates":[-1.95232,52.50212]}},{"type":"Feature","properties":{"n":"Rugby","g":"uk"},"geometry":{"type":"Point","coordinates":[-1.25027,52.37904]}},{"type":"Feature","properties":{"n":"Watford High Street","g":"uk"},"geometry":{"type":"Point","coordinates":[-0.3925,51.65223]}},{"type":"Feature","properties":{"n":"Fenny Stratford","g":"uk"},"geometry":{"type":"Point","coordinates":[-0.71798,51.99998]}},{"type":"Feature","properties":{"n":"Staveley","g":"uk"},"geometry":{"type":"Point","coordinates":[-2.81907,54.37562]}},{"type":"Feature","properties":{"n":"Monks Risborough","g":"uk"},"geometry":{"type":"Point","coordinates":[-0.82932,51.73582]}},{"type":"Feature","properties":{"n":"Haddenham and Thame Parkway","g":"uk"},"geometry":{"type":"Point","coordinates":[-0.94207,51.77093]}},{"type":"Feature","properties":{"n":"Saunderton","g":"uk"},"geometry":{"type":"Point","coordinates":[-0.82537,51.6759]}},{"type":"Feature","properties":{"n":"Gerrards Cross","g":"uk"},"geometry":{"type":"Point","coordinates":[-0.55493,51.58879]}},{"type":"Feature","properties":{"n":"Denham Golf Club","g":"uk"},"geometry":{"type":"Point","coordinates":[-0.51819,51.58062]}},{"type":"Feature","properties":{"n":"Denham","g":"uk"},"geometry":{"type":"Point","coordinates":[-0.49752,51.57872]}},{"type":"Feature","properties":{"n":"Ruislip Gardens","g":"uk","m":1},"geometry":{"type":"Point","coordinates":[-0.41046,51.56066]}},{"type":"Feature","properties":{"n":"Tipton","g":"uk"},"geometry":{"type":"Point","coordinates":[-2.06573,52.53053]}},{"type":"Feature","properties":{"n":"Wendover","g":"uk"},"geometry":{"type":"Point","coordinates":[-0.74769,51.76182]}},{"type":"Feature","properties":{"n":"Great Missenden","g":"uk"},"geometry":{"type":"Point","coordinates":[-0.70925,51.70339]}},{"type":"Feature","properties":{"n":"Smethwick Rolfe Street","g":"uk"},"geometry":{"type":"Point","coordinates":[-1.96937,52.49627]}},{"type":"Feature","properties":{"n":"South Kenton","g":"uk","m":1},"geometry":{"type":"Point","coordinates":[-0.30837,51.57008]}},{"type":"Feature","properties":{"n":"North Wembley","g":"uk","m":1},"geometry":{"type":"Point","coordinates":[-0.30387,51.5624]}},{"type":"Feature","properties":{"n":"Lichfield City","g":"uk"},"geometry":{"type":"Point","coordinates":[-1.82512,52.68022]}},{"type":"Feature","properties":{"n":"Rugeley Town","g":"uk"},"geometry":{"type":"Point","coordinates":[-1.93691,52.75466]}},{"type":"Feature","properties":{"n":"Minffordd","g":"uk"},"geometry":{"type":"Point","coordinates":[-4.0849,52.92603]}},{"type":"Feature","properties":{"n":"Talsarnau","g":"uk"},"geometry":{"type":"Point","coordinates":[-4.06827,52.9044]}},{"type":"Feature","properties":{"n":"Pensarn","g":"uk"},"geometry":{"type":"Point","coordinates":[-4.11127,52.83046]}},{"type":"Feature","properties":{"n":"Dyffryn Ardudwy","g":"uk"},"geometry":{"type":"Point","coordinates":[-4.10473,52.78843]}},{"type":"Feature","properties":{"n":"Morfa Mawddach","g":"uk"},"geometry":{"type":"Point","coordinates":[-4.03159,52.70772]}},{"type":"Feature","properties":{"n":"Fairbourne","g":"uk"},"geometry":{"type":"Point","coordinates":[-4.04903,52.69598]}},{"type":"Feature","properties":{"n":"Llwyngwril","g":"uk"},"geometry":{"type":"Point","coordinates":[-4.0878,52.66677]}},{"type":"Feature","properties":{"n":"Aberdyfi","g":"uk"},"geometry":{"type":"Point","coordinates":[-4.05632,52.54435]}},{"type":"Feature","properties":{"n":"Penhelyg","g":"uk"},"geometry":{"type":"Point","coordinates":[-4.0352,52.54569]}},{"type":"Feature","properties":{"n":"Alsager","g":"uk"},"geometry":{"type":"Point","coordinates":[-2.29884,53.09303]}},{"type":"Feature","properties":{"n":"Barnt Green","g":"uk"},"geometry":{"type":"Point","coordinates":[-1.9925,52.36097]}},{"type":"Feature","properties":{"n":"Droitwich Spa","g":"uk"},"geometry":{"type":"Point","coordinates":[-2.15834,52.26838]}},{"type":"Feature","properties":{"n":"Penkridge","g":"uk"},"geometry":{"type":"Point","coordinates":[-2.11942,52.7237]}},{"type":"Feature","properties":{"n":"Bescot Stadium","g":"uk"},"geometry":{"type":"Point","coordinates":[-1.99108,52.56303]}},{"type":"Feature","properties":{"n":"Tame Bridge Parkway","g":"uk"},"geometry":{"type":"Point","coordinates":[-1.97602,52.55229]}},{"type":"Feature","properties":{"n":"Perry Barr","g":"uk"},"geometry":{"type":"Point","coordinates":[-1.90235,52.51641]}},{"type":"Feature","properties":{"n":"Arlesey","g":"uk"},"geometry":{"type":"Point","coordinates":[-0.26643,52.02582]}},{"type":"Feature","properties":{"n":"Doleham","g":"uk"},"geometry":{"type":"Point","coordinates":[0.61001,50.91863]}},{"type":"Feature","properties":{"n":"Hastings","g":"uk"},"geometry":{"type":"Point","coordinates":[0.57683,50.8583]}},{"type":"Feature","properties":{"n":"Weston Milton","g":"uk"},"geometry":{"type":"Point","coordinates":[-2.94289,51.3484]}},{"type":"Feature","properties":{"n":"Yatton","g":"uk"},"geometry":{"type":"Point","coordinates":[-2.8277,51.39088]}},{"type":"Feature","properties":{"n":"Weston-super-Mare","g":"uk"},"geometry":{"type":"Point","coordinates":[-2.97183,51.3445]}},{"type":"Feature","properties":{"n":"Polsloe Bridge","g":"uk"},"geometry":{"type":"Point","coordinates":[-3.50216,50.7313]}},{"type":"Feature","properties":{"n":"Topsham","g":"uk"},"geometry":{"type":"Point","coordinates":[-3.46379,50.68565]}},{"type":"Feature","properties":{"n":"Exton","g":"uk"},"geometry":{"type":"Point","coordinates":[-3.44407,50.66803]}},{"type":"Feature","properties":{"n":"Lympstone Commando","g":"uk"},"geometry":{"type":"Point","coordinates":[-3.44098,50.66259]}},{"type":"Feature","properties":{"n":"Exmouth","g":"uk"},"geometry":{"type":"Point","coordinates":[-3.41497,50.62159]}},{"type":"Feature","properties":{"n":"Malvern Link","g":"uk"},"geometry":{"type":"Point","coordinates":[-2.31957,52.12581]}},{"type":"Feature","properties":{"n":"Shawford","g":"uk"},"geometry":{"type":"Point","coordinates":[-1.32772,51.02216]}},{"type":"Feature","properties":{"n":"Blakedown","g":"uk"},"geometry":{"type":"Point","coordinates":[-2.17639,52.40679]}},{"type":"Feature","properties":{"n":"Hagley","g":"uk"},"geometry":{"type":"Point","coordinates":[-2.14654,52.42243]}},{"type":"Feature","properties":{"n":"Stourbridge Junction","g":"uk"},"geometry":{"type":"Point","coordinates":[-2.13403,52.44762]}},{"type":"Feature","properties":{"n":"Stourbridge Town","g":"uk"},"geometry":{"type":"Point","coordinates":[-2.14189,52.45559]}},{"type":"Feature","properties":{"n":"Lye","g":"uk"},"geometry":{"type":"Point","coordinates":[-2.11605,52.45994]}},{"type":"Feature","properties":{"n":"Cradley Heath","g":"uk"},"geometry":{"type":"Point","coordinates":[-2.0907,52.46944]}},{"type":"Feature","properties":{"n":"Rowley Regis","g":"uk"},"geometry":{"type":"Point","coordinates":[-2.03082,52.47742]}},{"type":"Feature","properties":{"n":"Langley Green","g":"uk"},"geometry":{"type":"Point","coordinates":[-2.00543,52.49349]}},{"type":"Feature","properties":{"n":"Meldreth","g":"uk"},"geometry":{"type":"Point","coordinates":[0.00914,52.09083]}},{"type":"Feature","properties":{"n":"Bewdley","g":"uk"},"geometry":{"type":"Point","coordinates":[-2.30666,52.37576]}},{"type":"Feature","properties":{"n":"Northwood Halt","g":"uk"},"geometry":{"type":"Point","coordinates":[-2.32757,52.39471]}},{"type":"Feature","properties":{"n":"Arley","g":"uk"},"geometry":{"type":"Point","coordinates":[-2.34896,52.41723]}},{"type":"Feature","properties":{"n":"Hampton Loade","g":"uk"},"geometry":{"type":"Point","coordinates":[-2.37716,52.47389]}},{"type":"Feature","properties":{"n":"Highley","g":"uk"},"geometry":{"type":"Point","coordinates":[-2.37058,52.44491]}},{"type":"Feature","properties":{"n":"Leagrave","g":"uk"},"geometry":{"type":"Point","coordinates":[-0.4586,51.90547]}},{"type":"Feature","properties":{"n":"Inverness","g":"uk"},"geometry":{"type":"Point","coordinates":[-4.22271,57.48023]}},{"type":"Feature","properties":{"n":"Beauly","g":"uk"},"geometry":{"type":"Point","coordinates":[-4.46994,57.4783]}},{"type":"Feature","properties":{"n":"Swanwick","g":"uk"},"geometry":{"type":"Point","coordinates":[-1.26578,50.87572]}},{"type":"Feature","properties":{"n":"Kemble","g":"uk"},"geometry":{"type":"Point","coordinates":[-2.02307,51.6768]}},{"type":"Feature","properties":{"n":"Sudbury Hill Harrow","g":"uk"},"geometry":{"type":"Point","coordinates":[-0.33618,51.55855]}},{"type":"Feature","properties":{"n":"Stroud","g":"uk"},"geometry":{"type":"Point","coordinates":[-2.21924,51.74453]}},{"type":"Feature","properties":{"n":"Stonehouse","g":"uk"},"geometry":{"type":"Point","coordinates":[-2.27942,51.74593]}},{"type":"Feature","properties":{"n":"Totton","g":"uk"},"geometry":{"type":"Point","coordinates":[-1.48307,50.91767]}},{"type":"Feature","properties":{"n":"Church Fenton","g":"uk"},"geometry":{"type":"Point","coordinates":[-1.22721,53.82701]}},{"type":"Feature","properties":{"n":"Cathays","g":"uk"},"geometry":{"type":"Point","coordinates":[-3.17893,51.4889]}},{"type":"Feature","properties":{"n":"Llandaf","g":"uk"},"geometry":{"type":"Point","coordinates":[-3.22925,51.5085]}},{"type":"Feature","properties":{"n":"Tooting Bec","g":"uk","m":1},"geometry":{"type":"Point","coordinates":[-0.15972,51.43562]}},{"type":"Feature","properties":{"n":"Burley Park","g":"uk"},"geometry":{"type":"Point","coordinates":[-1.57785,53.81206]}},{"type":"Feature","properties":{"n":"Marske","g":"uk"},"geometry":{"type":"Point","coordinates":[-1.01952,54.58738]}},{"type":"Feature","properties":{"n":"Dyce","g":"uk"},"geometry":{"type":"Point","coordinates":[-2.19269,57.20571]}},{"type":"Feature","properties":{"n":"Clapham North","g":"uk","m":1},"geometry":{"type":"Point","coordinates":[-0.12964,51.4653]}},{"type":"Feature","properties":{"n":"Oval","g":"uk","m":1},"geometry":{"type":"Point","coordinates":[-0.1124,51.48183]}},{"type":"Feature","properties":{"n":"Kennington","g":"uk","m":1},"geometry":{"type":"Point","coordinates":[-0.10588,51.48829]}},{"type":"Feature","properties":{"n":"Leuchars","g":"uk"},"geometry":{"type":"Point","coordinates":[-2.89385,56.3748]}},{"type":"Feature","properties":{"n":"Cupar","g":"uk"},"geometry":{"type":"Point","coordinates":[-3.00896,56.3172]}},{"type":"Feature","properties":{"n":"Springfield","g":"uk"},"geometry":{"type":"Point","coordinates":[-3.05289,56.29494]}},{"type":"Feature","properties":{"n":"Ladybank","g":"uk"},"geometry":{"type":"Point","coordinates":[-3.12159,56.27425]}},{"type":"Feature","properties":{"n":"Inverurie","g":"uk"},"geometry":{"type":"Point","coordinates":[-2.37348,57.28641]}},{"type":"Feature","properties":{"n":"Insch","g":"uk"},"geometry":{"type":"Point","coordinates":[-2.61692,57.33737]}},{"type":"Feature","properties":{"n":"Huntly","g":"uk"},"geometry":{"type":"Point","coordinates":[-2.77573,57.44451]}},{"type":"Feature","properties":{"n":"Keith","g":"uk"},"geometry":{"type":"Point","coordinates":[-2.95401,57.55138]}},{"type":"Feature","properties":{"n":"East Didsbury","g":"uk"},"geometry":{"type":"Point","coordinates":[-2.222,53.40932]}},{"type":"Feature","properties":{"n":"Edinburgh Park","g":"uk"},"geometry":{"type":"Point","coordinates":[-3.30757,55.92758]}},{"type":"Feature","properties":{"n":"Newcraighall","g":"uk"},"geometry":{"type":"Point","coordinates":[-3.09067,55.93297]}},{"type":"Feature","properties":{"n":"Woodside","g":"uk","m":1},"geometry":{"type":"Point","coordinates":[-0.06534,51.38708]}},{"type":"Feature","properties":{"n":"Blackhorse Lane","g":"uk","m":1},"geometry":{"type":"Point","coordinates":[-0.07022,51.38499]}},{"type":"Feature","properties":{"n":"Deganwy","g":"uk"},"geometry":{"type":"Point","coordinates":[-3.83325,53.29457]}},{"type":"Feature","properties":{"n":"Llandudno","g":"uk"},"geometry":{"type":"Point","coordinates":[-3.82782,53.32028]}},{"type":"Feature","properties":{"n":"Dalston Junction","g":"uk"},"geometry":{"type":"Point","coordinates":[-0.07497,51.54528]}},{"type":"Feature","properties":{"n":"Hinckley","g":"uk"},"geometry":{"type":"Point","coordinates":[-1.37111,52.53517]}},{"type":"Feature","properties":{"n":"Gravel Hill","g":"uk","m":1},"geometry":{"type":"Point","coordinates":[-0.04292,51.35457]}},{"type":"Feature","properties":{"n":"Radley","g":"uk"},"geometry":{"type":"Point","coordinates":[-1.24026,51.68562]}},{"type":"Feature","properties":{"n":"Lockwood","g":"uk"},"geometry":{"type":"Point","coordinates":[-1.80079,53.6348]}},{"type":"Feature","properties":{"n":"Berry Brow","g":"uk"},"geometry":{"type":"Point","coordinates":[-1.79357,53.62106]}},{"type":"Feature","properties":{"n":"Honley","g":"uk"},"geometry":{"type":"Point","coordinates":[-1.78085,53.60824]}},{"type":"Feature","properties":{"n":"Brockholes","g":"uk"},"geometry":{"type":"Point","coordinates":[-1.76983,53.59703]}},{"type":"Feature","properties":{"n":"Denby Dale","g":"uk"},"geometry":{"type":"Point","coordinates":[-1.6632,53.57287]}},{"type":"Feature","properties":{"n":"Penistone","g":"uk"},"geometry":{"type":"Point","coordinates":[-1.62268,53.52563]}},{"type":"Feature","properties":{"n":"Silkstone Common","g":"uk"},"geometry":{"type":"Point","coordinates":[-1.56303,53.53535]}},{"type":"Feature","properties":{"n":"Crowle","g":"uk"},"geometry":{"type":"Point","coordinates":[-0.81735,53.58982]}},{"type":"Feature","properties":{"n":"Althorpe","g":"uk"},"geometry":{"type":"Point","coordinates":[-0.73296,53.58555]}},{"type":"Feature","properties":{"n":"Barnetby","g":"uk"},"geometry":{"type":"Point","coordinates":[-0.40976,53.57501]}},{"type":"Feature","properties":{"n":"Brigg","g":"uk"},"geometry":{"type":"Point","coordinates":[-0.48576,53.54905]}},{"type":"Feature","properties":{"n":"Kirton Lindsey","g":"uk"},"geometry":{"type":"Point","coordinates":[-0.59355,53.48526]}},{"type":"Feature","properties":{"n":"Dane Road","g":"uk","m":1},"geometry":{"type":"Point","coordinates":[-2.31162,53.43002]}},{"type":"Feature","properties":{"n":"Sale","g":"uk","m":1},"geometry":{"type":"Point","coordinates":[-2.31914,53.42415]}},{"type":"Feature","properties":{"n":"Brooklands","g":"uk","m":1},"geometry":{"type":"Point","coordinates":[-2.32605,53.41706]}},{"type":"Feature","properties":{"n":"Haworth","g":"uk"},"geometry":{"type":"Point","coordinates":[-1.94884,53.83132]}},{"type":"Feature","properties":{"n":"Oakworth","g":"uk"},"geometry":{"type":"Point","coordinates":[-1.94196,53.84133]}},{"type":"Feature","properties":{"n":"Damems","g":"uk"},"geometry":{"type":"Point","coordinates":[-1.92444,53.84592]}},{"type":"Feature","properties":{"n":"Ingrow (West)","g":"uk"},"geometry":{"type":"Point","coordinates":[-1.91514,53.85366]}},{"type":"Feature","properties":{"n":"Baildon","g":"uk"},"geometry":{"type":"Point","coordinates":[-1.7537,53.8502]}},{"type":"Feature","properties":{"n":"Montpelier","g":"uk"},"geometry":{"type":"Point","coordinates":[-2.58812,51.46834]}},{"type":"Feature","properties":{"n":"Long Preston","g":"uk"},"geometry":{"type":"Point","coordinates":[-2.2553,54.01673]}},{"type":"Feature","properties":{"n":"Langho","g":"uk"},"geometry":{"type":"Point","coordinates":[-2.44882,53.80481]}},{"type":"Feature","properties":{"n":"Darwen","g":"uk"},"geometry":{"type":"Point","coordinates":[-2.46427,53.69794]}},{"type":"Feature","properties":{"n":"Entwistle","g":"uk"},"geometry":{"type":"Point","coordinates":[-2.41405,53.65598]}},{"type":"Feature","properties":{"n":"Kearsley","g":"uk"},"geometry":{"type":"Point","coordinates":[-2.37549,53.54452]}},{"type":"Feature","properties":{"n":"Clifton","g":"uk"},"geometry":{"type":"Point","coordinates":[-2.31412,53.52232]}},{"type":"Feature","properties":{"n":"North Dulwich","g":"uk"},"geometry":{"type":"Point","coordinates":[-0.08833,51.45418]}},{"type":"Feature","properties":{"n":"Stapleton Road","g":"uk"},"geometry":{"type":"Point","coordinates":[-2.56632,51.46745]}},{"type":"Feature","properties":{"n":"Lawrence Hill","g":"uk"},"geometry":{"type":"Point","coordinates":[-2.56417,51.45858]}},{"type":"Feature","properties":{"n":"Port Glasgow","g":"uk"},"geometry":{"type":"Point","coordinates":[-4.69048,55.93353]}},{"type":"Feature","properties":{"n":"Branchton","g":"uk"},"geometry":{"type":"Point","coordinates":[-4.80364,55.94055]}},{"type":"Feature","properties":{"n":"Paisley Gilmour Street","g":"uk"},"geometry":{"type":"Point","coordinates":[-4.42428,55.84739]}},{"type":"Feature","properties":{"n":"Cardonald","g":"uk"},"geometry":{"type":"Point","coordinates":[-4.34037,55.85276]}},{"type":"Feature","properties":{"n":"Bishopton","g":"uk"},"geometry":{"type":"Point","coordinates":[-4.5008,55.90236]}},{"type":"Feature","properties":{"n":"Blackrod","g":"uk"},"geometry":{"type":"Point","coordinates":[-2.56987,53.59121]}},{"type":"Feature","properties":{"n":"Moreton","g":"uk"},"geometry":{"type":"Point","coordinates":[-2.31414,50.70118]}},{"type":"Feature","properties":{"n":"Wool","g":"uk"},"geometry":{"type":"Point","coordinates":[-2.22131,50.68166]}},{"type":"Feature","properties":{"n":"Wavertree Technology Park","g":"uk"},"geometry":{"type":"Point","coordinates":[-2.92282,53.40522]}},{"type":"Feature","properties":{"n":"Lea Green","g":"uk"},"geometry":{"type":"Point","coordinates":[-2.72512,53.42671]}},{"type":"Feature","properties":{"n":"Thatto Heath","g":"uk"},"geometry":{"type":"Point","coordinates":[-2.75947,53.43669]}},{"type":"Feature","properties":{"n":"Garswood","g":"uk"},"geometry":{"type":"Point","coordinates":[-2.67199,53.48805]}},{"type":"Feature","properties":{"n":"Bryn","g":"uk"},"geometry":{"type":"Point","coordinates":[-2.64762,53.49972]}},{"type":"Feature","properties":{"n":"Stretford","g":"uk","m":1},"geometry":{"type":"Point","coordinates":[-2.30377,53.44604]}},{"type":"Feature","properties":{"n":"Wick","g":"uk"},"geometry":{"type":"Point","coordinates":[-3.09853,58.44174]}},{"type":"Feature","properties":{"n":"Georgemas Junction","g":"uk"},"geometry":{"type":"Point","coordinates":[-3.4514,58.51355]}},{"type":"Feature","properties":{"n":"Thurso","g":"uk"},"geometry":{"type":"Point","coordinates":[-3.52787,58.58974]}},{"type":"Feature","properties":{"n":"Altnabreac","g":"uk"},"geometry":{"type":"Point","coordinates":[-3.70615,58.38813]}},{"type":"Feature","properties":{"n":"Mitcham","g":"uk","m":1},"geometry":{"type":"Point","coordinates":[-0.17115,51.39753]}},{"type":"Feature","properties":{"n":"Beddington Lane","g":"uk","m":1},"geometry":{"type":"Point","coordinates":[-0.14285,51.38946]}},{"type":"Feature","properties":{"n":"Therapia Lane","g":"uk","m":1},"geometry":{"type":"Point","coordinates":[-0.12909,51.3857]}},{"type":"Feature","properties":{"n":"Ampere Way","g":"uk","m":1},"geometry":{"type":"Point","coordinates":[-0.12369,51.38236]}},{"type":"Feature","properties":{"n":"Waddon Marsh","g":"uk","m":1},"geometry":{"type":"Point","coordinates":[-0.11783,51.377]}},{"type":"Feature","properties":{"n":"Wandle Park","g":"uk","m":1},"geometry":{"type":"Point","coordinates":[-0.11336,51.37348]}},{"type":"Feature","properties":{"n":"Gatley","g":"uk"},"geometry":{"type":"Point","coordinates":[-2.23066,53.39324]}},{"type":"Feature","properties":{"n":"Walthamstow Queen's Road","g":"uk"},"geometry":{"type":"Point","coordinates":[-0.02376,51.58152]}},{"type":"Feature","properties":{"n":"Aldrington","g":"uk"},"geometry":{"type":"Point","coordinates":[-0.18174,50.83636]}},{"type":"Feature","properties":{"n":"Timperley","g":"uk","m":1},"geometry":{"type":"Point","coordinates":[-2.33835,53.40426]}},{"type":"Feature","properties":{"n":"Warrington Bank Quay","g":"uk"},"geometry":{"type":"Point","coordinates":[-2.60318,53.38594]}},{"type":"Feature","properties":{"n":"Eccles","g":"uk"},"geometry":{"type":"Point","coordinates":[-2.33405,53.48553]}},{"type":"Feature","properties":{"n":"Criccieth","g":"uk"},"geometry":{"type":"Point","coordinates":[-4.2373,52.91838]}},{"type":"Feature","properties":{"n":"Stechford","g":"uk"},"geometry":{"type":"Point","coordinates":[-1.81103,52.48516]}},{"type":"Feature","properties":{"n":"Lea Hall","g":"uk"},"geometry":{"type":"Point","coordinates":[-1.78603,52.48052]}},{"type":"Feature","properties":{"n":"St. James's Park","g":"uk","m":1},"geometry":{"type":"Point","coordinates":[-0.13459,51.49928]}},{"type":"Feature","properties":{"n":"Hampton-in-Arden","g":"uk"},"geometry":{"type":"Point","coordinates":[-1.69972,52.42864]}},{"type":"Feature","properties":{"n":"Iver","g":"uk"},"geometry":{"type":"Point","coordinates":[-0.50681,51.50861]}},{"type":"Feature","properties":{"n":"Westminster","g":"uk","m":1},"geometry":{"type":"Point","coordinates":[-0.12493,51.50136]}},{"type":"Feature","properties":{"n":"Derby Road","g":"uk"},"geometry":{"type":"Point","coordinates":[1.1827,52.05052]}},{"type":"Feature","properties":{"n":"Felixstowe","g":"uk"},"geometry":{"type":"Point","coordinates":[1.34981,51.96702]}},{"type":"Feature","properties":{"n":"Westerfield","g":"uk"},"geometry":{"type":"Point","coordinates":[1.16624,52.0811]}},{"type":"Feature","properties":{"n":"Thames Ditton","g":"uk"},"geometry":{"type":"Point","coordinates":[-0.33915,51.38906]}},{"type":"Feature","properties":{"n":"Oldland Common","g":"uk"},"geometry":{"type":"Point","coordinates":[-2.46688,51.44394]}},{"type":"Feature","properties":{"n":"Teignmouth","g":"uk"},"geometry":{"type":"Point","coordinates":[-3.49468,50.54816]}},{"type":"Feature","properties":{"n":"Coulsdon Town","g":"uk"},"geometry":{"type":"Point","coordinates":[-0.13425,51.32206]}},{"type":"Feature","properties":{"n":"Woodmansterne","g":"uk"},"geometry":{"type":"Point","coordinates":[-0.15388,51.31905]}},{"type":"Feature","properties":{"n":"Kingswood","g":"uk"},"geometry":{"type":"Point","coordinates":[-0.21105,51.29473]}},{"type":"Feature","properties":{"n":"Reedham","g":"uk"},"geometry":{"type":"Point","coordinates":[-0.12342,51.33113]}},{"type":"Feature","properties":{"n":"Brundall Gardens","g":"uk"},"geometry":{"type":"Point","coordinates":[1.41852,52.6234]}},{"type":"Feature","properties":{"n":"Keynsham","g":"uk"},"geometry":{"type":"Point","coordinates":[-2.49588,51.41807]}},{"type":"Feature","properties":{"n":"Clifton Down","g":"uk"},"geometry":{"type":"Point","coordinates":[-2.61144,51.46443]}},{"type":"Feature","properties":{"n":"Bedford St Johns","g":"uk"},"geometry":{"type":"Point","coordinates":[-0.46763,52.12937]}},{"type":"Feature","properties":{"n":"Dalgety Bay","g":"uk"},"geometry":{"type":"Point","coordinates":[-3.36725,56.04227]}},{"type":"Feature","properties":{"n":"Aberdour","g":"uk"},"geometry":{"type":"Point","coordinates":[-3.30098,56.05476]}},{"type":"Feature","properties":{"n":"Burntisland","g":"uk"},"geometry":{"type":"Point","coordinates":[-3.23383,56.05735]}},{"type":"Feature","properties":{"n":"Kinghorn","g":"uk"},"geometry":{"type":"Point","coordinates":[-3.17449,56.06909]}},{"type":"Feature","properties":{"n":"Glenrothes with Thornton","g":"uk"},"geometry":{"type":"Point","coordinates":[-3.14293,56.16229]}},{"type":"Feature","properties":{"n":"Cardenden","g":"uk"},"geometry":{"type":"Point","coordinates":[-3.26098,56.14106]}},{"type":"Feature","properties":{"n":"Lochgelly","g":"uk"},"geometry":{"type":"Point","coordinates":[-3.31348,56.1349]}},{"type":"Feature","properties":{"n":"Cowdenbeath","g":"uk"},"geometry":{"type":"Point","coordinates":[-3.34329,56.11165]}},{"type":"Feature","properties":{"n":"Dunfermline Queen Margaret","g":"uk"},"geometry":{"type":"Point","coordinates":[-3.42177,56.08017]}},{"type":"Feature","properties":{"n":"Dunfermline City","g":"uk"},"geometry":{"type":"Point","coordinates":[-3.45236,56.06811]}},{"type":"Feature","properties":{"n":"Rosyth","g":"uk"},"geometry":{"type":"Point","coordinates":[-3.42633,56.04538]}},{"type":"Feature","properties":{"n":"Exeter St Thomas","g":"uk"},"geometry":{"type":"Point","coordinates":[-3.53882,50.7172]}},{"type":"Feature","properties":{"n":"Ropley","g":"uk"},"geometry":{"type":"Point","coordinates":[-1.10254,51.08749]}},{"type":"Feature","properties":{"n":"Mitcham Junction","g":"uk","m":1},"geometry":{"type":"Point","coordinates":[-0.15713,51.39263]}},{"type":"Feature","properties":{"n":"Muir of Ord","g":"uk"},"geometry":{"type":"Point","coordinates":[-4.46022,57.51767]}},{"type":"Feature","properties":{"n":"Dingwall","g":"uk"},"geometry":{"type":"Point","coordinates":[-4.4222,57.5942]}},{"type":"Feature","properties":{"n":"Alness","g":"uk"},"geometry":{"type":"Point","coordinates":[-4.24995,57.69443]}},{"type":"Feature","properties":{"n":"Invergordon","g":"uk"},"geometry":{"type":"Point","coordinates":[-4.17426,57.68908]}},{"type":"Feature","properties":{"n":"Fearn","g":"uk"},"geometry":{"type":"Point","coordinates":[-3.99393,57.77809]}},{"type":"Feature","properties":{"n":"Tain","g":"uk"},"geometry":{"type":"Point","coordinates":[-4.05213,57.81449]}},{"type":"Feature","properties":{"n":"Ardgay","g":"uk"},"geometry":{"type":"Point","coordinates":[-4.36222,57.88157]}},{"type":"Feature","properties":{"n":"Lairg","g":"uk"},"geometry":{"type":"Point","coordinates":[-4.39987,58.00189]}},{"type":"Feature","properties":{"n":"Golspie","g":"uk"},"geometry":{"type":"Point","coordinates":[-3.98726,57.97128]}},{"type":"Feature","properties":{"n":"Dunrobin Castle","g":"uk"},"geometry":{"type":"Point","coordinates":[-3.94737,57.98578]}},{"type":"Feature","properties":{"n":"Brora","g":"uk"},"geometry":{"type":"Point","coordinates":[-3.85234,58.01314]}},{"type":"Feature","properties":{"n":"Helmsdale","g":"uk"},"geometry":{"type":"Point","coordinates":[-3.65915,58.11773]}},{"type":"Feature","properties":{"n":"Garve","g":"uk"},"geometry":{"type":"Point","coordinates":[-4.68838,57.61311]}},{"type":"Feature","properties":{"n":"Achnasheen","g":"uk"},"geometry":{"type":"Point","coordinates":[-5.0722,57.57932]}},{"type":"Feature","properties":{"n":"Stromeferry","g":"uk"},"geometry":{"type":"Point","coordinates":[-5.55077,57.3522]}},{"type":"Feature","properties":{"n":"Plockton","g":"uk"},"geometry":{"type":"Point","coordinates":[-5.66589,57.33359]}},{"type":"Feature","properties":{"n":"Kyle of Lochalsh","g":"uk"},"geometry":{"type":"Point","coordinates":[-5.71387,57.28021]}},{"type":"Feature","properties":{"n":"Boat of Garten","g":"uk"},"geometry":{"type":"Point","coordinates":[-3.75246,57.24813]}},{"type":"Feature","properties":{"n":"Broomhill","g":"uk"},"geometry":{"type":"Point","coordinates":[-3.66707,57.28338]}},{"type":"Feature","properties":{"n":"Carrbridge","g":"uk"},"geometry":{"type":"Point","coordinates":[-3.82822,57.27949]}},{"type":"Feature","properties":{"n":"Dufftown","g":"uk"},"geometry":{"type":"Point","coordinates":[-3.13103,57.4581]}},{"type":"Feature","properties":{"n":"Towiemore","g":"uk"},"geometry":{"type":"Point","coordinates":[-3.01147,57.49636]}},{"type":"Feature","properties":{"n":"Keith Town","g":"uk"},"geometry":{"type":"Point","coordinates":[-2.95575,57.54355]}},{"type":"Feature","properties":{"n":"Oldfield Park","g":"uk"},"geometry":{"type":"Point","coordinates":[-2.38015,51.37921]}},{"type":"Feature","properties":{"n":"Elgin","g":"uk"},"geometry":{"type":"Point","coordinates":[-3.31114,57.64279]}},{"type":"Feature","properties":{"n":"Polmont","g":"uk"},"geometry":{"type":"Point","coordinates":[-3.71447,55.98448]}},{"type":"Feature","properties":{"n":"Linlithgow","g":"uk"},"geometry":{"type":"Point","coordinates":[-3.59579,55.97639]}},{"type":"Feature","properties":{"n":"Brundall","g":"uk"},"geometry":{"type":"Point","coordinates":[1.43896,52.61954]}},{"type":"Feature","properties":{"n":"Fort William","g":"uk"},"geometry":{"type":"Point","coordinates":[-5.10531,56.82056]}},{"type":"Feature","properties":{"n":"Banavie","g":"uk"},"geometry":{"type":"Point","coordinates":[-5.0959,56.84384]}},{"type":"Feature","properties":{"n":"Lochailort","g":"uk"},"geometry":{"type":"Point","coordinates":[-5.6633,56.88144]}},{"type":"Feature","properties":{"n":"Locheilside","g":"uk"},"geometry":{"type":"Point","coordinates":[-5.29035,56.85598]}},{"type":"Feature","properties":{"n":"Loch Eil Outward Bound","g":"uk"},"geometry":{"type":"Point","coordinates":[-5.19292,56.8554]}},{"type":"Feature","properties":{"n":"Colchester Town","g":"uk"},"geometry":{"type":"Point","coordinates":[0.90543,51.88651]}},{"type":"Feature","properties":{"n":"Milngavie","g":"uk"},"geometry":{"type":"Point","coordinates":[-4.31428,55.94087]}},{"type":"Feature","properties":{"n":"Hillfoot","g":"uk"},"geometry":{"type":"Point","coordinates":[-4.31972,55.92033]}},{"type":"Feature","properties":{"n":"Bearsden","g":"uk"},"geometry":{"type":"Point","coordinates":[-4.3326,55.91694]}},{"type":"Feature","properties":{"n":"Cardross","g":"uk"},"geometry":{"type":"Point","coordinates":[-4.65297,55.96024]}},{"type":"Feature","properties":{"n":"Craigendoran","g":"uk"},"geometry":{"type":"Point","coordinates":[-4.71192,55.99484]}},{"type":"Feature","properties":{"n":"Brixton","g":"uk","m":1},"geometry":{"type":"Point","coordinates":[-0.11471,51.46261]}},{"type":"Feature","properties":{"n":"Morley","g":"uk"},"geometry":{"type":"Point","coordinates":[-1.58916,53.75059]}},{"type":"Feature","properties":{"n":"Hope (Flintshire)","g":"uk"},"geometry":{"type":"Point","coordinates":[-3.03725,53.11686]}},{"type":"Feature","properties":{"n":"Caergwrle","g":"uk"},"geometry":{"type":"Point","coordinates":[-3.03321,53.10808]}},{"type":"Feature","properties":{"n":"Cefn-y-Bedd","g":"uk"},"geometry":{"type":"Point","coordinates":[-3.03085,53.09884]}},{"type":"Feature","properties":{"n":"Gwersyllt","g":"uk"},"geometry":{"type":"Point","coordinates":[-3.01762,53.07279]}},{"type":"Feature","properties":{"n":"Gretna Green","g":"uk"},"geometry":{"type":"Point","coordinates":[-3.0667,55.00074]}},{"type":"Feature","properties":{"n":"Annan","g":"uk"},"geometry":{"type":"Point","coordinates":[-3.26281,54.98351]}},{"type":"Feature","properties":{"n":"Dumfries","g":"uk"},"geometry":{"type":"Point","coordinates":[-3.60445,55.0727]}},{"type":"Feature","properties":{"n":"Kelvinhall","g":"uk","m":1},"geometry":{"type":"Point","coordinates":[-4.29978,55.87107]}},{"type":"Feature","properties":{"n":"Sanquhar","g":"uk"},"geometry":{"type":"Point","coordinates":[-3.9247,55.37096]}},{"type":"Feature","properties":{"n":"Kirkconnel","g":"uk"},"geometry":{"type":"Point","coordinates":[-3.99881,55.38751]}},{"type":"Feature","properties":{"n":"New Cumnock","g":"uk"},"geometry":{"type":"Point","coordinates":[-4.18335,55.40224]}},{"type":"Feature","properties":{"n":"Auchinleck","g":"uk"},"geometry":{"type":"Point","coordinates":[-4.29596,55.46987]}},{"type":"Feature","properties":{"n":"Troon","g":"uk"},"geometry":{"type":"Point","coordinates":[-4.65552,55.54274]}},{"type":"Feature","properties":{"n":"Kilmarnock","g":"uk"},"geometry":{"type":"Point","coordinates":[-4.49941,55.61256]}},{"type":"Feature","properties":{"n":"Yarwell Junction (NVR)","g":"uk"},"geometry":{"type":"Point","coordinates":[-0.40945,52.56108]}},{"type":"Feature","properties":{"n":"Cressington","g":"uk"},"geometry":{"type":"Point","coordinates":[-2.91209,53.35869]}},{"type":"Feature","properties":{"n":"Freshford","g":"uk"},"geometry":{"type":"Point","coordinates":[-2.30059,51.34177]}},{"type":"Feature","properties":{"n":"Rothley","g":"uk"},"geometry":{"type":"Point","coordinates":[-1.15981,52.70428]}},{"type":"Feature","properties":{"n":"Bowling","g":"uk"},"geometry":{"type":"Point","coordinates":[-4.49292,55.93105]}},{"type":"Feature","properties":{"n":"Helensburgh Central","g":"uk"},"geometry":{"type":"Point","coordinates":[-4.73157,56.00385]}},{"type":"Feature","properties":{"n":"Kelvinbridge","g":"uk","m":1},"geometry":{"type":"Point","coordinates":[-4.27973,55.87428]}},{"type":"Feature","properties":{"n":"Hillhead","g":"uk","m":1},"geometry":{"type":"Point","coordinates":[-4.29339,55.87525]}},{"type":"Feature","properties":{"n":"Forsinard","g":"uk"},"geometry":{"type":"Point","coordinates":[-3.89696,58.35686]}},{"type":"Feature","properties":{"n":"Lochwinnoch","g":"uk"},"geometry":{"type":"Point","coordinates":[-4.61572,55.78717]}},{"type":"Feature","properties":{"n":"Irwell Vale","g":"uk"},"geometry":{"type":"Point","coordinates":[-2.31577,53.67687]}},{"type":"Feature","properties":{"n":"Rawtenstall","g":"uk"},"geometry":{"type":"Point","coordinates":[-2.2918,53.69859]}},{"type":"Feature","properties":{"n":"Summerseat","g":"uk"},"geometry":{"type":"Point","coordinates":[-2.31341,53.62795]}},{"type":"Feature","properties":{"n":"Burrs Country Park Halt","g":"uk"},"geometry":{"type":"Point","coordinates":[-2.30326,53.61131]}},{"type":"Feature","properties":{"n":"Bury, Bolton Street","g":"uk"},"geometry":{"type":"Point","coordinates":[-2.3003,53.59291]}},{"type":"Feature","properties":{"n":"St. Helier","g":"uk"},"geometry":{"type":"Point","coordinates":[-0.19886,51.38945]}},{"type":"Feature","properties":{"n":"Sutton Common","g":"uk"},"geometry":{"type":"Point","coordinates":[-0.1961,51.37543]}},{"type":"Feature","properties":{"n":"Spean Bridge","g":"uk"},"geometry":{"type":"Point","coordinates":[-4.92162,56.88987]}},{"type":"Feature","properties":{"n":"Ramsbottom","g":"uk"},"geometry":{"type":"Point","coordinates":[-2.31466,53.64735]}},{"type":"Feature","properties":{"n":"Neston","g":"uk"},"geometry":{"type":"Point","coordinates":[-3.063,53.29175]}},{"type":"Feature","properties":{"n":"Chorlton","g":"uk","m":1},"geometry":{"type":"Point","coordinates":[-2.27348,53.44282]}},{"type":"Feature","properties":{"n":"Trafford Bar","g":"uk","m":1},"geometry":{"type":"Point","coordinates":[-2.27733,53.4617]}},{"type":"Feature","properties":{"n":"Wylde Green","g":"uk"},"geometry":{"type":"Point","coordinates":[-1.83145,52.54564]}},{"type":"Feature","properties":{"n":"Aigburth","g":"uk"},"geometry":{"type":"Point","coordinates":[-2.92661,53.36451]}},{"type":"Feature","properties":{"n":"Bedminster","g":"uk"},"geometry":{"type":"Point","coordinates":[-2.59363,51.44061]}},{"type":"Feature","properties":{"n":"Parson Street","g":"uk"},"geometry":{"type":"Point","coordinates":[-2.60854,51.43299]}},{"type":"Feature","properties":{"n":"Penmaenmawr","g":"uk"},"geometry":{"type":"Point","coordinates":[-3.92351,53.27055]}},{"type":"Feature","properties":{"n":"Llanfairfechan","g":"uk"},"geometry":{"type":"Point","coordinates":[-3.98312,53.25698]}},{"type":"Feature","properties":{"n":"Llanfairpwll","g":"uk"},"geometry":{"type":"Point","coordinates":[-4.20936,53.22087]}},{"type":"Feature","properties":{"n":"Bodorgan","g":"uk"},"geometry":{"type":"Point","coordinates":[-4.41629,53.20419]}},{"type":"Feature","properties":{"n":"Ty Croes","g":"uk"},"geometry":{"type":"Point","coordinates":[-4.47396,53.22254]}},{"type":"Feature","properties":{"n":"Rhosneigr","g":"uk"},"geometry":{"type":"Point","coordinates":[-4.50584,53.23468]}},{"type":"Feature","properties":{"n":"Valley","g":"uk"},"geometry":{"type":"Point","coordinates":[-4.56343,53.28154]}},{"type":"Feature","properties":{"n":"Heckington","g":"uk"},"geometry":{"type":"Point","coordinates":[-0.29381,52.97721]}},{"type":"Feature","properties":{"n":"Sleaford","g":"uk"},"geometry":{"type":"Point","coordinates":[-0.41016,52.99552]}},{"type":"Feature","properties":{"n":"Rauceby","g":"uk"},"geometry":{"type":"Point","coordinates":[-0.45597,52.98528]}},{"type":"Feature","properties":{"n":"Elton and Orston","g":"uk"},"geometry":{"type":"Point","coordinates":[-0.85541,52.95215]}},{"type":"Feature","properties":{"n":"Cartsdyke","g":"uk"},"geometry":{"type":"Point","coordinates":[-4.73236,55.94221]}},{"type":"Feature","properties":{"n":"Bogston","g":"uk"},"geometry":{"type":"Point","coordinates":[-4.71228,55.93718]}},{"type":"Feature","properties":{"n":"Woodhall","g":"uk"},"geometry":{"type":"Point","coordinates":[-4.65664,55.93144]}},{"type":"Feature","properties":{"n":"Langbank","g":"uk"},"geometry":{"type":"Point","coordinates":[-4.58613,55.92457]}},{"type":"Feature","properties":{"n":"Paisley St James","g":"uk"},"geometry":{"type":"Point","coordinates":[-4.44246,55.85212]}},{"type":"Feature","properties":{"n":"Hillington West","g":"uk"},"geometry":{"type":"Point","coordinates":[-4.37109,55.85586]}},{"type":"Feature","properties":{"n":"Hillington East","g":"uk"},"geometry":{"type":"Point","coordinates":[-4.3549,55.85423]}},{"type":"Feature","properties":{"n":"Bellgrove","g":"uk"},"geometry":{"type":"Point","coordinates":[-4.22434,55.8567]}},{"type":"Feature","properties":{"n":"Duke Street","g":"uk"},"geometry":{"type":"Point","coordinates":[-4.2126,55.85866]}},{"type":"Feature","properties":{"n":"Shenton","g":"uk"},"geometry":{"type":"Point","coordinates":[-1.41529,52.59966]}},{"type":"Feature","properties":{"n":"Shackerstone","g":"uk"},"geometry":{"type":"Point","coordinates":[-1.44123,52.65567]}},{"type":"Feature","properties":{"n":"South Gyle","g":"uk"},"geometry":{"type":"Point","coordinates":[-3.29937,55.93651]}},{"type":"Feature","properties":{"n":"Faversham","g":"uk"},"geometry":{"type":"Point","coordinates":[0.89066,51.31165]}},{"type":"Feature","properties":{"n":"Aspley Guise","g":"uk"},"geometry":{"type":"Point","coordinates":[-0.63269,52.0212]}},{"type":"Feature","properties":{"n":"Ridgmont","g":"uk"},"geometry":{"type":"Point","coordinates":[-0.59485,52.02639]}},{"type":"Feature","properties":{"n":"Stewartby","g":"uk"},"geometry":{"type":"Point","coordinates":[-0.52076,52.06904]}},{"type":"Feature","properties":{"n":"Paisley Canal","g":"uk"},"geometry":{"type":"Point","coordinates":[-4.42276,55.84018]}},{"type":"Feature","properties":{"n":"Severn Beach","g":"uk"},"geometry":{"type":"Point","coordinates":[-2.66454,51.55968]}},{"type":"Feature","properties":{"n":"Battersby","g":"uk"},"geometry":{"type":"Point","coordinates":[-1.09336,54.45756]}},{"type":"Feature","properties":{"n":"Burnham","g":"uk"},"geometry":{"type":"Point","coordinates":[-0.64708,51.52339]}},{"type":"Feature","properties":{"n":"Saughton","g":"uk","m":1},"geometry":{"type":"Point","coordinates":[-3.27564,55.93232]}},{"type":"Feature","properties":{"n":"Brunswick","g":"uk"},"geometry":{"type":"Point","coordinates":[-2.97602,53.38322]}},{"type":"Feature","properties":{"n":"Greenock Central","g":"uk"},"geometry":{"type":"Point","coordinates":[-4.75188,55.94521]}},{"type":"Feature","properties":{"n":"Whinhill","g":"uk"},"geometry":{"type":"Point","coordinates":[-4.74669,55.93838]}},{"type":"Feature","properties":{"n":"Embsay","g":"uk"},"geometry":{"type":"Point","coordinates":[-1.99118,53.97537]}},{"type":"Feature","properties":{"n":"Holywell Halt","g":"uk"},"geometry":{"type":"Point","coordinates":[-1.96043,53.97596]}},{"type":"Feature","properties":{"n":"Southbourne","g":"uk"},"geometry":{"type":"Point","coordinates":[-0.90718,50.8482]}},{"type":"Feature","properties":{"n":"Emsworth","g":"uk"},"geometry":{"type":"Point","coordinates":[-0.93851,50.85165]}},{"type":"Feature","properties":{"n":"Argyle Street","g":"uk"},"geometry":{"type":"Point","coordinates":[-4.25058,55.85762]}},{"type":"Feature","properties":{"n":"Anderston","g":"uk"},"geometry":{"type":"Point","coordinates":[-4.27026,55.85977]}},{"type":"Feature","properties":{"n":"Crossmyloof","g":"uk"},"geometry":{"type":"Point","coordinates":[-4.28479,55.83372]}},{"type":"Feature","properties":{"n":"Shawlands","g":"uk"},"geometry":{"type":"Point","coordinates":[-4.29232,55.8293]}},{"type":"Feature","properties":{"n":"Thorntonhall","g":"uk"},"geometry":{"type":"Point","coordinates":[-4.25059,55.76831]}},{"type":"Feature","properties":{"n":"Giffnock","g":"uk"},"geometry":{"type":"Point","coordinates":[-4.29296,55.80394]}},{"type":"Feature","properties":{"n":"Thornliebank","g":"uk"},"geometry":{"type":"Point","coordinates":[-4.31171,55.81109]}},{"type":"Feature","properties":{"n":"Bolton Abbey","g":"uk"},"geometry":{"type":"Point","coordinates":[-1.90874,53.97616]}},{"type":"Feature","properties":{"n":"Hilsea","g":"uk"},"geometry":{"type":"Point","coordinates":[-1.05864,50.82839]}},{"type":"Feature","properties":{"n":"Hawarden Bridge","g":"uk"},"geometry":{"type":"Point","coordinates":[-3.03229,53.21819]}},{"type":"Feature","properties":{"n":"Williamwood","g":"uk"},"geometry":{"type":"Point","coordinates":[-4.28992,55.79401]}},{"type":"Feature","properties":{"n":"Cathcart","g":"uk"},"geometry":{"type":"Point","coordinates":[-4.26039,55.8178]}},{"type":"Feature","properties":{"n":"Patterton","g":"uk"},"geometry":{"type":"Point","coordinates":[-4.33528,55.79058]}},{"type":"Feature","properties":{"n":"Neilston","g":"uk"},"geometry":{"type":"Point","coordinates":[-4.4272,55.78282]}},{"type":"Feature","properties":{"n":"Maxwell Park","g":"uk"},"geometry":{"type":"Point","coordinates":[-4.28852,55.83766]}},{"type":"Feature","properties":{"n":"Pollokshields West","g":"uk"},"geometry":{"type":"Point","coordinates":[-4.27615,55.83764]}},{"type":"Feature","properties":{"n":"Llanwrtyd","g":"uk"},"geometry":{"type":"Point","coordinates":[-3.63222,52.10461]}},{"type":"Feature","properties":{"n":"Crookston","g":"uk"},"geometry":{"type":"Point","coordinates":[-4.3651,55.84223]}},{"type":"Feature","properties":{"n":"Ravensthorpe","g":"uk"},"geometry":{"type":"Point","coordinates":[-1.65575,53.67556]}},{"type":"Feature","properties":{"n":"Penrhyndeudraeth","g":"uk"},"geometry":{"type":"Point","coordinates":[-4.06451,52.92878]}},{"type":"Feature","properties":{"n":"Harlech","g":"uk"},"geometry":{"type":"Point","coordinates":[-4.10927,52.86176]}},{"type":"Feature","properties":{"n":"Hawkhead","g":"uk"},"geometry":{"type":"Point","coordinates":[-4.39954,55.8421]}},{"type":"Feature","properties":{"n":"Mount Florida","g":"uk"},"geometry":{"type":"Point","coordinates":[-4.2611,55.8268]}},{"type":"Feature","properties":{"n":"Ivybridge","g":"uk"},"geometry":{"type":"Point","coordinates":[-3.90518,50.39351]}},{"type":"Feature","properties":{"n":"Torquay","g":"uk"},"geometry":{"type":"Point","coordinates":[-3.54303,50.46105]}},{"type":"Feature","properties":{"n":"Torre","g":"uk"},"geometry":{"type":"Point","coordinates":[-3.54622,50.47275]}},{"type":"Feature","properties":{"n":"Walsall","g":"uk"},"geometry":{"type":"Point","coordinates":[-1.98527,52.58414]}},{"type":"Feature","properties":{"n":"Croston","g":"uk"},"geometry":{"type":"Point","coordinates":[-2.77799,53.66746]}},{"type":"Feature","properties":{"n":"Burscough Junction","g":"uk"},"geometry":{"type":"Point","coordinates":[-2.84053,53.59755]}},{"type":"Feature","properties":{"n":"Salwick","g":"uk"},"geometry":{"type":"Point","coordinates":[-2.81824,53.78175]}},{"type":"Feature","properties":{"n":"Kirkham and Wesham","g":"uk"},"geometry":{"type":"Point","coordinates":[-2.88338,53.7869]}},{"type":"Feature","properties":{"n":"Moss Side","g":"uk"},"geometry":{"type":"Point","coordinates":[-2.94296,53.76475]}},{"type":"Feature","properties":{"n":"Silverdale","g":"uk"},"geometry":{"type":"Point","coordinates":[-2.8038,54.16934]}},{"type":"Feature","properties":{"n":"Carnforth","g":"uk"},"geometry":{"type":"Point","coordinates":[-2.77149,54.12962]}},{"type":"Feature","properties":{"n":"Layton","g":"uk"},"geometry":{"type":"Point","coordinates":[-3.02992,53.83535]}},{"type":"Feature","properties":{"n":"Pembroke Dock","g":"uk"},"geometry":{"type":"Point","coordinates":[-4.9376,51.69388]}},{"type":"Feature","properties":{"n":"Euxton Balshaw Lane","g":"uk"},"geometry":{"type":"Point","coordinates":[-2.67168,53.65982]}},{"type":"Feature","properties":{"n":"Ibrox","g":"uk","m":1},"geometry":{"type":"Point","coordinates":[-4.30488,55.85471]}},{"type":"Feature","properties":{"n":"Govan","g":"uk","m":1},"geometry":{"type":"Point","coordinates":[-4.3106,55.86225]}},{"type":"Feature","properties":{"n":"Kingscote","g":"uk"},"geometry":{"type":"Point","coordinates":[-0.04838,51.10308]}},{"type":"Feature","properties":{"n":"Horsted Keynes","g":"uk"},"geometry":{"type":"Point","coordinates":[-0.04486,51.04626]}},{"type":"Feature","properties":{"n":"Sheffield Park","g":"uk"},"geometry":{"type":"Point","coordinates":[-0.00123,50.99558]}},{"type":"Feature","properties":{"n":"Groombridge","g":"uk"},"geometry":{"type":"Point","coordinates":[0.18808,51.11228]}},{"type":"Feature","properties":{"n":"Tunbridge Wells West","g":"uk"},"geometry":{"type":"Point","coordinates":[0.25268,51.12359]}},{"type":"Feature","properties":{"n":"Tenterden Town","g":"uk"},"geometry":{"type":"Point","coordinates":[0.68522,51.07033]}},{"type":"Feature","properties":{"n":"Rolvenden","g":"uk"},"geometry":{"type":"Point","coordinates":[0.66001,51.06399]}},{"type":"Feature","properties":{"n":"Wittersham Road","g":"uk"},"geometry":{"type":"Point","coordinates":[0.66111,51.0279]}},{"type":"Feature","properties":{"n":"Northiam","g":"uk"},"geometry":{"type":"Point","coordinates":[0.61383,51.00939]}},{"type":"Feature","properties":{"n":"Bodiam","g":"uk"},"geometry":{"type":"Point","coordinates":[0.53899,50.99665]}},{"type":"Feature","properties":{"n":"Hythe","g":"uk"},"geometry":{"type":"Point","coordinates":[1.07196,51.07127]}},{"type":"Feature","properties":{"n":"New Romney","g":"uk","m":1},"geometry":{"type":"Point","coordinates":[0.9542,50.98595]}},{"type":"Feature","properties":{"n":"Romney Sands","g":"uk"},"geometry":{"type":"Point","coordinates":[0.96314,50.95873]}},{"type":"Feature","properties":{"n":"Dungeness","g":"uk"},"geometry":{"type":"Point","coordinates":[0.97059,50.91449]}},{"type":"Feature","properties":{"n":"Bramhall","g":"uk"},"geometry":{"type":"Point","coordinates":[-2.16231,53.36017]}},{"type":"Feature","properties":{"n":"Queenborough","g":"uk"},"geometry":{"type":"Point","coordinates":[0.74977,51.41595]}},{"type":"Feature","properties":{"n":"Sheerness-on-Sea","g":"uk"},"geometry":{"type":"Point","coordinates":[0.75832,51.44071]}},{"type":"Feature","properties":{"n":"Kemsley","g":"uk"},"geometry":{"type":"Point","coordinates":[0.73496,51.36174]}},{"type":"Feature","properties":{"n":"Hockley","g":"uk"},"geometry":{"type":"Point","coordinates":[0.6591,51.60365]}},{"type":"Feature","properties":{"n":"St Enoch","g":"uk","m":1},"geometry":{"type":"Point","coordinates":[-4.25519,55.85754]}},{"type":"Feature","properties":{"n":"Buchanan Street","g":"uk","m":1},"geometry":{"type":"Point","coordinates":[-4.2534,55.86241]}},{"type":"Feature","properties":{"n":"Bridge Street","g":"uk","m":1},"geometry":{"type":"Point","coordinates":[-4.25822,55.85198]}},{"type":"Feature","properties":{"n":"St George's Cross","g":"uk","m":1},"geometry":{"type":"Point","coordinates":[-4.26918,55.87122]}},{"type":"Feature","properties":{"n":"Burnley Central","g":"uk"},"geometry":{"type":"Point","coordinates":[-2.24479,53.79355]}},{"type":"Feature","properties":{"n":"Burnley Barracks","g":"uk"},"geometry":{"type":"Point","coordinates":[-2.25795,53.79093]}},{"type":"Feature","properties":{"n":"Nelson","g":"uk"},"geometry":{"type":"Point","coordinates":[-2.21426,53.83472]}},{"type":"Feature","properties":{"n":"Brierfield","g":"uk"},"geometry":{"type":"Point","coordinates":[-2.23624,53.82437]}},{"type":"Feature","properties":{"n":"Kinning Park","g":"uk","m":1},"geometry":{"type":"Point","coordinates":[-4.28788,55.85038]}},{"type":"Feature","properties":{"n":"Redcar East","g":"uk"},"geometry":{"type":"Point","coordinates":[-1.05192,54.60905]}},{"type":"Feature","properties":{"n":"Worthing","g":"uk"},"geometry":{"type":"Point","coordinates":[-0.37618,50.81864]}},{"type":"Feature","properties":{"n":"Blackhorse Road","g":"uk","m":1},"geometry":{"type":"Point","coordinates":[-0.04165,51.58672]}},{"type":"Feature","properties":{"n":"Denton","g":"uk"},"geometry":{"type":"Point","coordinates":[-2.13094,53.4574]}},{"type":"Feature","properties":{"n":"Reddish South","g":"uk"},"geometry":{"type":"Point","coordinates":[-2.15868,53.43596]}},{"type":"Feature","properties":{"n":"Middlewood","g":"uk"},"geometry":{"type":"Point","coordinates":[-2.08353,53.36006]}},{"type":"Feature","properties":{"n":"Southport","g":"uk"},"geometry":{"type":"Point","coordinates":[-3.00283,53.64687]}},{"type":"Feature","properties":{"n":"Firswood","g":"uk","m":1},"geometry":{"type":"Point","coordinates":[-2.27767,53.45123]}},{"type":"Feature","properties":{"n":"West Street","g":"uk","m":1},"geometry":{"type":"Point","coordinates":[-4.26584,55.84954]}},{"type":"Feature","properties":{"n":"Shields Road","g":"uk","m":1},"geometry":{"type":"Point","coordinates":[-4.27537,55.84998]}},{"type":"Feature","properties":{"n":"Mosspark","g":"uk"},"geometry":{"type":"Point","coordinates":[-4.34719,55.84067]}},{"type":"Feature","properties":{"n":"Corkerhill","g":"uk"},"geometry":{"type":"Point","coordinates":[-4.33433,55.83747]}},{"type":"Feature","properties":{"n":"Tygwyn","g":"uk"},"geometry":{"type":"Point","coordinates":[-4.0786,52.89375]}},{"type":"Feature","properties":{"n":"Taplow","g":"uk"},"geometry":{"type":"Point","coordinates":[-0.68173,51.52344]}},{"type":"Feature","properties":{"n":"Higham","g":"uk"},"geometry":{"type":"Point","coordinates":[0.46602,51.42695]}},{"type":"Feature","properties":{"n":"West Worthing","g":"uk"},"geometry":{"type":"Point","coordinates":[-0.39335,50.81837]}},{"type":"Feature","properties":{"n":"Trimley","g":"uk"},"geometry":{"type":"Point","coordinates":[1.31942,51.97665]}},{"type":"Feature","properties":{"n":"St Andrews Road","g":"uk"},"geometry":{"type":"Point","coordinates":[-2.69644,51.51245]}},{"type":"Feature","properties":{"n":"Shirehampton","g":"uk"},"geometry":{"type":"Point","coordinates":[-2.67893,51.48428]}},{"type":"Feature","properties":{"n":"Pemberton","g":"uk"},"geometry":{"type":"Point","coordinates":[-2.66952,53.53053]}},{"type":"Feature","properties":{"n":"Wigan Wallgate","g":"uk"},"geometry":{"type":"Point","coordinates":[-2.63424,53.54506]}},{"type":"Feature","properties":{"n":"Wishaw","g":"uk"},"geometry":{"type":"Point","coordinates":[-3.92631,55.7722]}},{"type":"Feature","properties":{"n":"Uddingston","g":"uk"},"geometry":{"type":"Point","coordinates":[-4.08702,55.82356]}},{"type":"Feature","properties":{"n":"Cambuslang","g":"uk"},"geometry":{"type":"Point","coordinates":[-4.17302,55.81945]}},{"type":"Feature","properties":{"n":"Airbles","g":"uk"},"geometry":{"type":"Point","coordinates":[-3.9947,55.78207]}},{"type":"Feature","properties":{"n":"Hamilton West","g":"uk"},"geometry":{"type":"Point","coordinates":[-4.05549,55.77936]}},{"type":"Feature","properties":{"n":"Blantyre","g":"uk"},"geometry":{"type":"Point","coordinates":[-4.08688,55.7973]}},{"type":"Feature","properties":{"n":"Burnside","g":"uk"},"geometry":{"type":"Point","coordinates":[-4.20312,55.81694]}},{"type":"Feature","properties":{"n":"Croftfoot","g":"uk"},"geometry":{"type":"Point","coordinates":[-4.22824,55.81825]}},{"type":"Feature","properties":{"n":"Kings Park","g":"uk"},"geometry":{"type":"Point","coordinates":[-4.24628,55.81951]}},{"type":"Feature","properties":{"n":"Johnstone","g":"uk"},"geometry":{"type":"Point","coordinates":[-4.50309,55.83428]}},{"type":"Feature","properties":{"n":"Howwood","g":"uk"},"geometry":{"type":"Point","coordinates":[-4.56251,55.81057]}},{"type":"Feature","properties":{"n":"Glengarnock","g":"uk"},"geometry":{"type":"Point","coordinates":[-4.6749,55.73898]}},{"type":"Feature","properties":{"n":"Dalry","g":"uk"},"geometry":{"type":"Point","coordinates":[-4.71114,55.70599]}},{"type":"Feature","properties":{"n":"Rainhill","g":"uk"},"geometry":{"type":"Point","coordinates":[-2.76629,53.41721]}},{"type":"Feature","properties":{"n":"Orrell","g":"uk"},"geometry":{"type":"Point","coordinates":[-2.70911,53.53016]}},{"type":"Feature","properties":{"n":"Upholland","g":"uk"},"geometry":{"type":"Point","coordinates":[-2.74105,53.52841]}},{"type":"Feature","properties":{"n":"Rainford","g":"uk"},"geometry":{"type":"Point","coordinates":[-2.78858,53.51711]}},{"type":"Feature","properties":{"n":"Irvine","g":"uk"},"geometry":{"type":"Point","coordinates":[-4.67478,55.61119]}},{"type":"Feature","properties":{"n":"Stevenston","g":"uk"},"geometry":{"type":"Point","coordinates":[-4.75011,55.63425]}},{"type":"Feature","properties":{"n":"Ardrossan South Beach","g":"uk"},"geometry":{"type":"Point","coordinates":[-4.80053,55.64111]}},{"type":"Feature","properties":{"n":"Ardrossan Town","g":"uk"},"geometry":{"type":"Point","coordinates":[-4.81208,55.64021]}},{"type":"Feature","properties":{"n":"Ardrossan Harbour","g":"uk"},"geometry":{"type":"Point","coordinates":[-4.82025,55.63951]}},{"type":"Feature","properties":{"n":"West Kilbride","g":"uk"},"geometry":{"type":"Point","coordinates":[-4.85138,55.69643]}},{"type":"Feature","properties":{"n":"Fairlie","g":"uk"},"geometry":{"type":"Point","coordinates":[-4.85319,55.75189]}},{"type":"Feature","properties":{"n":"Largs","g":"uk"},"geometry":{"type":"Point","coordinates":[-4.86703,55.7925]}},{"type":"Feature","properties":{"n":"Maryhill","g":"uk"},"geometry":{"type":"Point","coordinates":[-4.30115,55.8975]}},{"type":"Feature","properties":{"n":"Kennishead","g":"uk"},"geometry":{"type":"Point","coordinates":[-4.32461,55.81346]}},{"type":"Feature","properties":{"n":"Nitshill","g":"uk"},"geometry":{"type":"Point","coordinates":[-4.36044,55.81189]}},{"type":"Feature","properties":{"n":"Kirkby","g":"uk"},"geometry":{"type":"Point","coordinates":[-2.90281,53.48639]}},{"type":"Feature","properties":{"n":"Aintree","g":"uk"},"geometry":{"type":"Point","coordinates":[-2.95633,53.47381]}},{"type":"Feature","properties":{"n":"Waterloo","g":"uk"},"geometry":{"type":"Point","coordinates":[-3.02519,53.47466]}},{"type":"Feature","properties":{"n":"Formby","g":"uk"},"geometry":{"type":"Point","coordinates":[-3.07092,53.55432]}},{"type":"Feature","properties":{"n":"Ainsdale","g":"uk"},"geometry":{"type":"Point","coordinates":[-3.04264,53.60186]}},{"type":"Feature","properties":{"n":"Seaforth & Litherland","g":"uk"},"geometry":{"type":"Point","coordinates":[-3.0048,53.46558]}},{"type":"Feature","properties":{"n":"Bootle New Strand","g":"uk"},"geometry":{"type":"Point","coordinates":[-2.99462,53.45279]}},{"type":"Feature","properties":{"n":"Bootle Oriel Road","g":"uk"},"geometry":{"type":"Point","coordinates":[-2.99567,53.4467]}},{"type":"Feature","properties":{"n":"Pollokshaws East","g":"uk"},"geometry":{"type":"Point","coordinates":[-4.28715,55.8248]}},{"type":"Feature","properties":{"n":"Langside","g":"uk"},"geometry":{"type":"Point","coordinates":[-4.2763,55.82096]}},{"type":"Feature","properties":{"n":"Crosshill","g":"uk"},"geometry":{"type":"Point","coordinates":[-4.25666,55.83326]}},{"type":"Feature","properties":{"n":"Queens Park","g":"uk"},"geometry":{"type":"Point","coordinates":[-4.26696,55.83535]}},{"type":"Feature","properties":{"n":"Dunlop","g":"uk"},"geometry":{"type":"Point","coordinates":[-4.5324,55.71191]}},{"type":"Feature","properties":{"n":"Stewarton","g":"uk"},"geometry":{"type":"Point","coordinates":[-4.51817,55.68208]}},{"type":"Feature","properties":{"n":"Kilmaurs","g":"uk"},"geometry":{"type":"Point","coordinates":[-4.53055,55.6371]}},{"type":"Feature","properties":{"n":"Maybole","g":"uk"},"geometry":{"type":"Point","coordinates":[-4.68538,55.35465]}},{"type":"Feature","properties":{"n":"Girvan","g":"uk"},"geometry":{"type":"Point","coordinates":[-4.84808,55.24628]}},{"type":"Feature","properties":{"n":"Barrhill","g":"uk"},"geometry":{"type":"Point","coordinates":[-4.78214,55.09753]}},{"type":"Feature","properties":{"n":"Stranraer","g":"uk"},"geometry":{"type":"Point","coordinates":[-5.02469,54.90928]}},{"type":"Feature","properties":{"n":"Dumbreck","g":"uk"},"geometry":{"type":"Point","coordinates":[-4.3008,55.84495]}},{"type":"Feature","properties":{"n":"Radcliffe","g":"uk","m":1},"geometry":{"type":"Point","coordinates":[-2.32098,53.56225]}},{"type":"Feature","properties":{"n":"Bare Lane","g":"uk"},"geometry":{"type":"Point","coordinates":[-2.83497,54.07466]}},{"type":"Feature","properties":{"n":"Morecambe","g":"uk"},"geometry":{"type":"Point","coordinates":[-2.86855,54.07033]}},{"type":"Feature","properties":{"n":"Heysham Port","g":"uk"},"geometry":{"type":"Point","coordinates":[-2.913,54.03333]}},{"type":"Feature","properties":{"n":"Greenock West","g":"uk"},"geometry":{"type":"Point","coordinates":[-4.76776,55.9472]}},{"type":"Feature","properties":{"n":"Inverkip","g":"uk"},"geometry":{"type":"Point","coordinates":[-4.87237,55.90607]}},{"type":"Feature","properties":{"n":"Wemyss Bay","g":"uk"},"geometry":{"type":"Point","coordinates":[-4.88931,55.87626]}},{"type":"Feature","properties":{"n":"Mount Vernon","g":"uk"},"geometry":{"type":"Point","coordinates":[-4.13268,55.84047]}},{"type":"Feature","properties":{"n":"Bargeddie","g":"uk"},"geometry":{"type":"Point","coordinates":[-4.07375,55.8513]}},{"type":"Feature","properties":{"n":"Baillieston","g":"uk"},"geometry":{"type":"Point","coordinates":[-4.11372,55.84451]}},{"type":"Feature","properties":{"n":"Falmouth Docks","g":"uk"},"geometry":{"type":"Point","coordinates":[-5.05561,50.15083]}},{"type":"Feature","properties":{"n":"Falmouth Town","g":"uk"},"geometry":{"type":"Point","coordinates":[-5.06485,50.14835]}},{"type":"Feature","properties":{"n":"Penmere","g":"uk"},"geometry":{"type":"Point","coordinates":[-5.08326,50.15038]}},{"type":"Feature","properties":{"n":"Penryn","g":"uk"},"geometry":{"type":"Point","coordinates":[-5.11151,50.17058]}},{"type":"Feature","properties":{"n":"Perranwell","g":"uk"},"geometry":{"type":"Point","coordinates":[-5.112,50.21661]}},{"type":"Feature","properties":{"n":"Menheniot","g":"uk"},"geometry":{"type":"Point","coordinates":[-4.40953,50.4266]}},{"type":"Feature","properties":{"n":"St Germans","g":"uk"},"geometry":{"type":"Point","coordinates":[-4.30847,50.3942]}},{"type":"Feature","properties":{"n":"Saltash","g":"uk"},"geometry":{"type":"Point","coordinates":[-4.20915,50.4072]}},{"type":"Feature","properties":{"n":"Keyham","g":"uk"},"geometry":{"type":"Point","coordinates":[-4.17989,50.38997]}},{"type":"Feature","properties":{"n":"Holytown","g":"uk"},"geometry":{"type":"Point","coordinates":[-3.97349,55.81256]}},{"type":"Feature","properties":{"n":"Shotts","g":"uk"},"geometry":{"type":"Point","coordinates":[-3.79908,55.81857]}},{"type":"Feature","properties":{"n":"Addiewell","g":"uk"},"geometry":{"type":"Point","coordinates":[-3.6063,55.84345]}},{"type":"Feature","properties":{"n":"Fauldhouse","g":"uk"},"geometry":{"type":"Point","coordinates":[-3.71925,55.82244]}},{"type":"Feature","properties":{"n":"Breich","g":"uk"},"geometry":{"type":"Point","coordinates":[-3.66726,55.82755]}},{"type":"Feature","properties":{"n":"Warcop","g":"uk"},"geometry":{"type":"Point","coordinates":[-2.38259,54.53549]}},{"type":"Feature","properties":{"n":"Kirkby Stephen East","g":"uk"},"geometry":{"type":"Point","coordinates":[-2.35798,54.46259]}},{"type":"Feature","properties":{"n":"Newton Heath and Moston","g":"uk","m":1},"geometry":{"type":"Point","coordinates":[-2.18375,53.50423]}},{"type":"Feature","properties":{"n":"Failsworth","g":"uk","m":1},"geometry":{"type":"Point","coordinates":[-2.1629,53.51065]}},{"type":"Feature","properties":{"n":"South Chadderton","g":"uk","m":1},"geometry":{"type":"Point","coordinates":[-2.1452,53.52672]}},{"type":"Feature","properties":{"n":"Freehold","g":"uk","m":1},"geometry":{"type":"Point","coordinates":[-2.13863,53.53738]}},{"type":"Feature","properties":{"n":"Derker","g":"uk","m":1},"geometry":{"type":"Point","coordinates":[-2.10163,53.5498]}},{"type":"Feature","properties":{"n":"Shaw and Crompton","g":"uk","m":1},"geometry":{"type":"Point","coordinates":[-2.08958,53.57627]}},{"type":"Feature","properties":{"n":"Dingle Road","g":"uk"},"geometry":{"type":"Point","coordinates":[-3.17982,51.43992]}},{"type":"Feature","properties":{"n":"Cogan","g":"uk"},"geometry":{"type":"Point","coordinates":[-3.18905,51.44616]}},{"type":"Feature","properties":{"n":"Eastbrook","g":"uk"},"geometry":{"type":"Point","coordinates":[-3.20626,51.43784]}},{"type":"Feature","properties":{"n":"Dinas Powys","g":"uk"},"geometry":{"type":"Point","coordinates":[-3.21907,51.43127]}},{"type":"Feature","properties":{"n":"Cardiff Bay","g":"uk"},"geometry":{"type":"Point","coordinates":[-3.16678,51.46764]}},{"type":"Feature","properties":{"n":"Leasowe","g":"uk"},"geometry":{"type":"Point","coordinates":[-3.09998,53.40807]}},{"type":"Feature","properties":{"n":"Moreton","g":"uk"},"geometry":{"type":"Point","coordinates":[-3.11321,53.40728]}},{"type":"Feature","properties":{"n":"Upton","g":"uk"},"geometry":{"type":"Point","coordinates":[-3.08413,53.38644]}},{"type":"Feature","properties":{"n":"Romford","g":"uk"},"geometry":{"type":"Point","coordinates":[0.18261,51.57473]}},{"type":"Feature","properties":{"n":"Angmering","g":"uk"},"geometry":{"type":"Point","coordinates":[-0.48813,50.81652]}},{"type":"Feature","properties":{"n":"Taffs Well","g":"uk"},"geometry":{"type":"Point","coordinates":[-3.26388,51.54125]}},{"type":"Feature","properties":{"n":"Treforest Estate","g":"uk"},"geometry":{"type":"Point","coordinates":[-3.29024,51.56816]}},{"type":"Feature","properties":{"n":"Trefforest","g":"uk"},"geometry":{"type":"Point","coordinates":[-3.32496,51.5919]}},{"type":"Feature","properties":{"n":"Southwick","g":"uk"},"geometry":{"type":"Point","coordinates":[-0.23714,50.83247]}},{"type":"Feature","properties":{"n":"Fort Matilda","g":"uk"},"geometry":{"type":"Point","coordinates":[-4.79521,55.95892]}},{"type":"Feature","properties":{"n":"Wood End","g":"uk"},"geometry":{"type":"Point","coordinates":[-1.84442,52.34428]}},{"type":"Feature","properties":{"n":"Stratford-upon-Avon","g":"uk"},"geometry":{"type":"Point","coordinates":[-1.7163,52.19494]}},{"type":"Feature","properties":{"n":"Whitlocks End","g":"uk"},"geometry":{"type":"Point","coordinates":[-1.85144,52.39191]}},{"type":"Feature","properties":{"n":"Wythall","g":"uk"},"geometry":{"type":"Point","coordinates":[-1.86546,52.38012]}},{"type":"Feature","properties":{"n":"Henley-in-Arden","g":"uk"},"geometry":{"type":"Point","coordinates":[-1.784,52.29145]}},{"type":"Feature","properties":{"n":"Stratford-upon-Avon Parkway","g":"uk"},"geometry":{"type":"Point","coordinates":[-1.73045,52.20655]}},{"type":"Feature","properties":{"n":"Radyr","g":"uk"},"geometry":{"type":"Point","coordinates":[-3.24903,51.51659]}},{"type":"Feature","properties":{"n":"Newton St Cyres","g":"uk"},"geometry":{"type":"Point","coordinates":[-3.58882,50.77877]}},{"type":"Feature","properties":{"n":"Crediton","g":"uk"},"geometry":{"type":"Point","coordinates":[-3.64674,50.78332]}},{"type":"Feature","properties":{"n":"Yeoford","g":"uk"},"geometry":{"type":"Point","coordinates":[-3.72669,50.77678]}},{"type":"Feature","properties":{"n":"Copplestone","g":"uk"},"geometry":{"type":"Point","coordinates":[-3.7513,50.81427]}},{"type":"Feature","properties":{"n":"Morchard Road","g":"uk"},"geometry":{"type":"Point","coordinates":[-3.77614,50.83169]}},{"type":"Feature","properties":{"n":"Lapford","g":"uk"},"geometry":{"type":"Point","coordinates":[-3.81075,50.85707]}},{"type":"Feature","properties":{"n":"Eggesford","g":"uk"},"geometry":{"type":"Point","coordinates":[-3.87511,50.88769]}},{"type":"Feature","properties":{"n":"Kings Nympton","g":"uk"},"geometry":{"type":"Point","coordinates":[-3.90547,50.9363]}},{"type":"Feature","properties":{"n":"Umberleigh","g":"uk"},"geometry":{"type":"Point","coordinates":[-3.98279,50.99655]}},{"type":"Feature","properties":{"n":"Chapelton","g":"uk"},"geometry":{"type":"Point","coordinates":[-4.02455,51.01623]}},{"type":"Feature","properties":{"n":"Okehampton","g":"uk"},"geometry":{"type":"Point","coordinates":[-3.99642,50.73233]}},{"type":"Feature","properties":{"n":"Bere Ferrers","g":"uk"},"geometry":{"type":"Point","coordinates":[-4.18145,50.45109]}},{"type":"Feature","properties":{"n":"Bere Alston","g":"uk"},"geometry":{"type":"Point","coordinates":[-4.20032,50.48561]}},{"type":"Feature","properties":{"n":"Calstock","g":"uk"},"geometry":{"type":"Point","coordinates":[-4.20858,50.49799]}},{"type":"Feature","properties":{"n":"Coombe Junction Halt","g":"uk"},"geometry":{"type":"Point","coordinates":[-4.48135,50.44516]}},{"type":"Feature","properties":{"n":"St Keyne Wishing Well Halt","g":"uk"},"geometry":{"type":"Point","coordinates":[-4.46335,50.42282]}},{"type":"Feature","properties":{"n":"Causeland","g":"uk"},"geometry":{"type":"Point","coordinates":[-4.46642,50.40569]}},{"type":"Feature","properties":{"n":"Looe","g":"uk"},"geometry":{"type":"Point","coordinates":[-4.45639,50.35956]}},{"type":"Feature","properties":{"n":"Warblington","g":"uk"},"geometry":{"type":"Point","coordinates":[-0.96712,50.8535]}},{"type":"Feature","properties":{"n":"Maesteg","g":"uk"},"geometry":{"type":"Point","coordinates":[-3.65497,51.60968]}},{"type":"Feature","properties":{"n":"Garth (Bridgend)","g":"uk"},"geometry":{"type":"Point","coordinates":[-3.64281,51.59671]}},{"type":"Feature","properties":{"n":"Crumpsall","g":"uk","m":1},"geometry":{"type":"Point","coordinates":[-2.24102,53.5172]}},{"type":"Feature","properties":{"n":"Victoria","g":"uk","m":1},"geometry":{"type":"Point","coordinates":[-2.24155,53.48787]}},{"type":"Feature","properties":{"n":"Rushcliffe Halt","g":"uk"},"geometry":{"type":"Point","coordinates":[-1.18224,52.84382]}},{"type":"Feature","properties":{"n":"Wansford (NVR)","g":"uk"},"geometry":{"type":"Point","coordinates":[-0.38986,52.56815]}},{"type":"Feature","properties":{"n":"Orton Mere (NVR)","g":"uk"},"geometry":{"type":"Point","coordinates":[-0.28009,52.56002]}},{"type":"Feature","properties":{"n":"Swanage","g":"uk"},"geometry":{"type":"Point","coordinates":[-1.96025,50.60997]}},{"type":"Feature","properties":{"n":"Devonport","g":"uk"},"geometry":{"type":"Point","coordinates":[-4.1701,50.37852]}},{"type":"Feature","properties":{"n":"Dockyard","g":"uk"},"geometry":{"type":"Point","coordinates":[-4.17603,50.38237]}},{"type":"Feature","properties":{"n":"Stanhope","g":"uk"},"geometry":{"type":"Point","coordinates":[-2.00325,54.74331]}},{"type":"Feature","properties":{"n":"Devil's Bridge / Pontarfynach","g":"uk"},"geometry":{"type":"Point","coordinates":[-3.85459,52.37606]}},{"type":"Feature","properties":{"n":"Rhiwfron","g":"uk"},"geometry":{"type":"Point","coordinates":[-3.86954,52.38375]}},{"type":"Feature","properties":{"n":"Aberffrwd","g":"uk"},"geometry":{"type":"Point","coordinates":[-3.93112,52.39078]}},{"type":"Feature","properties":{"n":"Capel Bangor","g":"uk"},"geometry":{"type":"Point","coordinates":[-3.98891,52.39937]}},{"type":"Feature","properties":{"n":"Llanbadarn","g":"uk"},"geometry":{"type":"Point","coordinates":[-4.06182,52.40599]}},{"type":"Feature","properties":{"n":"Clapham South","g":"uk","m":1},"geometry":{"type":"Point","coordinates":[-0.14755,51.45284]}},{"type":"Feature","properties":{"n":"Balham","g":"uk","m":1},"geometry":{"type":"Point","coordinates":[-0.1529,51.44339]}},{"type":"Feature","properties":{"n":"Tooting Broadway","g":"uk","m":1},"geometry":{"type":"Point","coordinates":[-0.16829,51.42774]}},{"type":"Feature","properties":{"n":"Colliers Wood","g":"uk","m":1},"geometry":{"type":"Point","coordinates":[-0.17786,51.41827]}},{"type":"Feature","properties":{"n":"South Wimbledon","g":"uk","m":1},"geometry":{"type":"Point","coordinates":[-0.19225,51.41538]}},{"type":"Feature","properties":{"n":"Fishbourne","g":"uk"},"geometry":{"type":"Point","coordinates":[-0.81551,50.8391]}},{"type":"Feature","properties":{"n":"Hunmanby","g":"uk"},"geometry":{"type":"Point","coordinates":[-0.31457,54.17399]}},{"type":"Feature","properties":{"n":"Redbridge","g":"uk","m":1},"geometry":{"type":"Point","coordinates":[0.04541,51.57632]}},{"type":"Feature","properties":{"n":"St James' Park","g":"uk"},"geometry":{"type":"Point","coordinates":[-3.52257,50.73097]}},{"type":"Feature","properties":{"n":"Glossop","g":"uk"},"geometry":{"type":"Point","coordinates":[-1.95002,53.44481]}},{"type":"Feature","properties":{"n":"Dinting","g":"uk"},"geometry":{"type":"Point","coordinates":[-1.9706,53.44932]}},{"type":"Feature","properties":{"n":"Broadbottom","g":"uk"},"geometry":{"type":"Point","coordinates":[-2.016,53.44079]}},{"type":"Feature","properties":{"n":"Hattersley","g":"uk"},"geometry":{"type":"Point","coordinates":[-2.03944,53.44494]}},{"type":"Feature","properties":{"n":"Godley","g":"uk"},"geometry":{"type":"Point","coordinates":[-2.05564,53.45225]}},{"type":"Feature","properties":{"n":"Woodley","g":"uk"},"geometry":{"type":"Point","coordinates":[-2.09287,53.4292]}},{"type":"Feature","properties":{"n":"Rose Hill Marple","g":"uk"},"geometry":{"type":"Point","coordinates":[-2.07651,53.39604]}},{"type":"Feature","properties":{"n":"Hyde Central","g":"uk"},"geometry":{"type":"Point","coordinates":[-2.08508,53.45134]}},{"type":"Feature","properties":{"n":"Surbiton","g":"uk"},"geometry":{"type":"Point","coordinates":[-0.304,51.39241]}},{"type":"Feature","properties":{"n":"Aldermaston","g":"uk"},"geometry":{"type":"Point","coordinates":[-1.1367,51.40221]}},{"type":"Feature","properties":{"n":"Midgham","g":"uk"},"geometry":{"type":"Point","coordinates":[-1.17829,51.39607]}},{"type":"Feature","properties":{"n":"Newbury Racecourse","g":"uk"},"geometry":{"type":"Point","coordinates":[-1.30697,51.39865]}},{"type":"Feature","properties":{"n":"Bruton","g":"uk"},"geometry":{"type":"Point","coordinates":[-2.44715,51.11169]}},{"type":"Feature","properties":{"n":"Castle Cary","g":"uk"},"geometry":{"type":"Point","coordinates":[-2.52242,51.09986]}},{"type":"Feature","properties":{"n":"Melksham","g":"uk"},"geometry":{"type":"Point","coordinates":[-2.14461,51.38017]}},{"type":"Feature","properties":{"n":"Ptarmigan Station","g":"uk"},"geometry":{"type":"Point","coordinates":[-3.64539,57.12402]}},{"type":"Feature","properties":{"n":"Worstead","g":"uk"},"geometry":{"type":"Point","coordinates":[1.40407,52.77735]}},{"type":"Feature","properties":{"n":"Llanrwst","g":"uk"},"geometry":{"type":"Point","coordinates":[-3.79466,53.13905]}},{"type":"Feature","properties":{"n":"Gogledd Llanrwst / North Llanrwst","g":"uk"},"geometry":{"type":"Point","coordinates":[-3.80282,53.14412]}},{"type":"Feature","properties":{"n":"Dolgarrog","g":"uk"},"geometry":{"type":"Point","coordinates":[-3.82314,53.18594]}},{"type":"Feature","properties":{"n":"Tal-y-Cafn","g":"uk"},"geometry":{"type":"Point","coordinates":[-3.81821,53.22851]}},{"type":"Feature","properties":{"n":"Lympstone Village","g":"uk"},"geometry":{"type":"Point","coordinates":[-3.4311,50.64842]}},{"type":"Feature","properties":{"n":"Motspur Park","g":"uk"},"geometry":{"type":"Point","coordinates":[-0.23961,51.39487]}},{"type":"Feature","properties":{"n":"Dudley Port","g":"uk"},"geometry":{"type":"Point","coordinates":[-2.04925,52.52446]}},{"type":"Feature","properties":{"n":"South Merton","g":"uk"},"geometry":{"type":"Point","coordinates":[-0.20552,51.40333]}},{"type":"Feature","properties":{"n":"Redland","g":"uk"},"geometry":{"type":"Point","coordinates":[-2.59891,51.46838]}},{"type":"Feature","properties":{"n":"Pilning","g":"uk"},"geometry":{"type":"Point","coordinates":[-2.62673,51.55638]}},{"type":"Feature","properties":{"n":"Woburn Sands","g":"uk"},"geometry":{"type":"Point","coordinates":[-0.65456,52.01811]}},{"type":"Feature","properties":{"n":"Bow Brickhill","g":"uk"},"geometry":{"type":"Point","coordinates":[-0.69622,52.00422]}},{"type":"Feature","properties":{"n":"Lynmouth Bay","g":"uk"},"geometry":{"type":"Point","coordinates":[-3.83237,51.23163]}},{"type":"Feature","properties":{"n":"Upwey","g":"uk"},"geometry":{"type":"Point","coordinates":[-2.46608,50.64845]}},{"type":"Feature","properties":{"n":"Maiden Newton","g":"uk"},"geometry":{"type":"Point","coordinates":[-2.56966,50.78023]}},{"type":"Feature","properties":{"n":"Chetnole","g":"uk"},"geometry":{"type":"Point","coordinates":[-2.57296,50.86634]}},{"type":"Feature","properties":{"n":"Yetminster","g":"uk"},"geometry":{"type":"Point","coordinates":[-2.5738,50.8957]}},{"type":"Feature","properties":{"n":"Thornford","g":"uk"},"geometry":{"type":"Point","coordinates":[-2.57914,50.91068]}},{"type":"Feature","properties":{"n":"Yeovil Pen Mill","g":"uk"},"geometry":{"type":"Point","coordinates":[-2.61304,50.94469]}},{"type":"Feature","properties":{"n":"Manea","g":"uk"},"geometry":{"type":"Point","coordinates":[0.17781,52.49781]}},{"type":"Feature","properties":{"n":"Hendon","g":"uk"},"geometry":{"type":"Point","coordinates":[-0.23888,51.58022]}},{"type":"Feature","properties":{"n":"Furze Platt","g":"uk"},"geometry":{"type":"Point","coordinates":[-0.72841,51.53315]}},{"type":"Feature","properties":{"n":"Radlett","g":"uk"},"geometry":{"type":"Point","coordinates":[-0.31709,51.68533]}},{"type":"Feature","properties":{"n":"Grateley","g":"uk"},"geometry":{"type":"Point","coordinates":[-1.62044,51.1702]}},{"type":"Feature","properties":{"n":"Christchurch","g":"uk"},"geometry":{"type":"Point","coordinates":[-1.78473,50.73837]}},{"type":"Feature","properties":{"n":"Durrington-on-Sea","g":"uk"},"geometry":{"type":"Point","coordinates":[-0.41148,50.81744]}},{"type":"Feature","properties":{"n":"Plas-y-nant","g":"uk"},"geometry":{"type":"Point","coordinates":[-4.16979,53.08295]}},{"type":"Feature","properties":{"n":"Waunfawr","g":"uk"},"geometry":{"type":"Point","coordinates":[-4.20165,53.10635]}},{"type":"Feature","properties":{"n":"Widdrington","g":"uk"},"geometry":{"type":"Point","coordinates":[-1.61622,55.24114]}},{"type":"Feature","properties":{"n":"Medstead and Four Marks","g":"uk"},"geometry":{"type":"Point","coordinates":[-1.04576,51.11341]}},{"type":"Feature","properties":{"n":"Bitton","g":"uk"},"geometry":{"type":"Point","coordinates":[-2.47647,51.43084]}},{"type":"Feature","properties":{"n":"Gunnislake","g":"uk"},"geometry":{"type":"Point","coordinates":[-4.21952,50.51663]}},{"type":"Feature","properties":{"n":"Cark and Cartmel","g":"uk"},"geometry":{"type":"Point","coordinates":[-2.974,54.17797]}},{"type":"Feature","properties":{"n":"Dalton","g":"uk"},"geometry":{"type":"Point","coordinates":[-3.17884,54.15424]}},{"type":"Feature","properties":{"n":"Foxfield","g":"uk"},"geometry":{"type":"Point","coordinates":[-3.21594,54.2586]}},{"type":"Feature","properties":{"n":"Silecroft","g":"uk"},"geometry":{"type":"Point","coordinates":[-3.33468,54.22609]}},{"type":"Feature","properties":{"n":"Seascale","g":"uk"},"geometry":{"type":"Point","coordinates":[-3.48517,54.39629]}},{"type":"Feature","properties":{"n":"Nethertown","g":"uk"},"geometry":{"type":"Point","coordinates":[-3.56562,54.45623]}},{"type":"Feature","properties":{"n":"Harrington","g":"uk"},"geometry":{"type":"Point","coordinates":[-3.56555,54.61352]}},{"type":"Feature","properties":{"n":"Flimby","g":"uk"},"geometry":{"type":"Point","coordinates":[-3.52053,54.68999]}},{"type":"Feature","properties":{"n":"Dalston","g":"uk"},"geometry":{"type":"Point","coordinates":[-2.98858,54.84616]}},{"type":"Feature","properties":{"n":"Newstead","g":"uk"},"geometry":{"type":"Point","coordinates":[-1.22182,53.06998]}},{"type":"Feature","properties":{"n":"Lakenheath","g":"uk"},"geometry":{"type":"Point","coordinates":[0.53444,52.44743]}},{"type":"Feature","properties":{"n":"Abererch","g":"uk"},"geometry":{"type":"Point","coordinates":[-4.37491,52.89839]}},{"type":"Feature","properties":{"n":"Penychain","g":"uk"},"geometry":{"type":"Point","coordinates":[-4.33844,52.90292]}},{"type":"Feature","properties":{"n":"Maghull","g":"uk"},"geometry":{"type":"Point","coordinates":[-2.93103,53.50647]}},{"type":"Feature","properties":{"n":"Llanaber","g":"uk"},"geometry":{"type":"Point","coordinates":[-4.07717,52.7414]}},{"type":"Feature","properties":{"n":"Talybont","g":"uk"},"geometry":{"type":"Point","coordinates":[-4.09709,52.7729]}},{"type":"Feature","properties":{"n":"Llanbedr","g":"uk"},"geometry":{"type":"Point","coordinates":[-4.1096,52.82036]}},{"type":"Feature","properties":{"n":"North Fambridge","g":"uk"},"geometry":{"type":"Point","coordinates":[0.68187,51.64864]}},{"type":"Feature","properties":{"n":"Goring-by-Sea","g":"uk"},"geometry":{"type":"Point","coordinates":[-0.43318,50.81769]}},{"type":"Feature","properties":{"n":"Lytham","g":"uk"},"geometry":{"type":"Point","coordinates":[-2.96419,53.73932]}},{"type":"Feature","properties":{"n":"Ansdell and Fairhaven","g":"uk"},"geometry":{"type":"Point","coordinates":[-2.99351,53.74164]}},{"type":"Feature","properties":{"n":"Squires Gate","g":"uk"},"geometry":{"type":"Point","coordinates":[-3.05017,53.77699]}},{"type":"Feature","properties":{"n":"East Worthing","g":"uk"},"geometry":{"type":"Point","coordinates":[-0.35511,50.82159]}},{"type":"Feature","properties":{"n":"Lancing","g":"uk"},"geometry":{"type":"Point","coordinates":[-0.3232,50.82702]}},{"type":"Feature","properties":{"n":"Shoreham-by-Sea","g":"uk"},"geometry":{"type":"Point","coordinates":[-0.27144,50.83438]}},{"type":"Feature","properties":{"n":"Fishersgate","g":"uk"},"geometry":{"type":"Point","coordinates":[-0.21957,50.83428]}},{"type":"Feature","properties":{"n":"Newby Bridge Halt","g":"uk"},"geometry":{"type":"Point","coordinates":[-2.97392,54.26963]}},{"type":"Feature","properties":{"n":"Haverthwaite","g":"uk"},"geometry":{"type":"Point","coordinates":[-3.00002,54.24977]}},{"type":"Feature","properties":{"n":"Hadfield","g":"uk"},"geometry":{"type":"Point","coordinates":[-1.96538,53.46085]}},{"type":"Feature","properties":{"n":"White Notley","g":"uk"},"geometry":{"type":"Point","coordinates":[0.59527,51.83927]}},{"type":"Feature","properties":{"n":"Cressing","g":"uk"},"geometry":{"type":"Point","coordinates":[0.57832,51.85195]}},{"type":"Feature","properties":{"n":"Braintree Freeport","g":"uk"},"geometry":{"type":"Point","coordinates":[0.5682,51.86929]}},{"type":"Feature","properties":{"n":"Rayleigh","g":"uk"},"geometry":{"type":"Point","coordinates":[0.60025,51.58949]}},{"type":"Feature","properties":{"n":"Rochford","g":"uk"},"geometry":{"type":"Point","coordinates":[0.70214,51.58167]}},{"type":"Feature","properties":{"n":"Uttoxeter","g":"uk"},"geometry":{"type":"Point","coordinates":[-1.85651,52.89681]}},{"type":"Feature","properties":{"n":"Blythe Bridge","g":"uk"},"geometry":{"type":"Point","coordinates":[-2.06692,52.96783]}},{"type":"Feature","properties":{"n":"Longton","g":"uk"},"geometry":{"type":"Point","coordinates":[-2.1373,52.99004]}},{"type":"Feature","properties":{"n":"Bearley","g":"uk"},"geometry":{"type":"Point","coordinates":[-1.74976,52.24497]}},{"type":"Feature","properties":{"n":"Claverdon","g":"uk"},"geometry":{"type":"Point","coordinates":[-1.6964,52.27719]}},{"type":"Feature","properties":{"n":"Dunblane","g":"uk"},"geometry":{"type":"Point","coordinates":[-3.96571,56.18584]}},{"type":"Feature","properties":{"n":"Penyffordd","g":"uk"},"geometry":{"type":"Point","coordinates":[-3.05484,53.1426]}},{"type":"Feature","properties":{"n":"Sandilands","g":"uk","m":1},"geometry":{"type":"Point","coordinates":[-0.07775,51.37496]}},{"type":"Feature","properties":{"n":"Cwmbran","g":"uk"},"geometry":{"type":"Point","coordinates":[-3.01601,51.65709]}},{"type":"Feature","properties":{"n":"Pontypool and New Inn","g":"uk"},"geometry":{"type":"Point","coordinates":[-3.01355,51.69733]}},{"type":"Feature","properties":{"n":"Sheffield Station / Sheffield Hallam University","g":"uk","m":1},"geometry":{"type":"Point","coordinates":[-1.4613,53.37787]}},{"type":"Feature","properties":{"n":"City Hall","g":"uk","m":1},"geometry":{"type":"Point","coordinates":[-1.47325,53.38154]}},{"type":"Feature","properties":{"n":"Hillsborough","g":"uk","m":1},"geometry":{"type":"Point","coordinates":[-1.49987,53.40201]}},{"type":"Feature","properties":{"n":"Netherthorpe Road","g":"uk","m":1},"geometry":{"type":"Point","coordinates":[-1.48257,53.38477]}},{"type":"Feature","properties":{"n":"Shalesmoor","g":"uk","m":1},"geometry":{"type":"Point","coordinates":[-1.47797,53.38866]}},{"type":"Feature","properties":{"n":"Old Street","g":"uk","m":1},"geometry":{"type":"Point","coordinates":[-0.08761,51.52563]}},{"type":"Feature","properties":{"n":"University of Sheffield","g":"uk","m":1},"geometry":{"type":"Point","coordinates":[-1.48409,53.38068]}},{"type":"Feature","properties":{"n":"Granville Road / The Sheffield College","g":"uk","m":1},"geometry":{"type":"Point","coordinates":[-1.46117,53.37378]}},{"type":"Feature","properties":{"n":"Park Grange Croft","g":"uk","m":1},"geometry":{"type":"Point","coordinates":[-1.45857,53.37011]}},{"type":"Feature","properties":{"n":"Park Grange","g":"uk","m":1},"geometry":{"type":"Point","coordinates":[-1.45484,53.3673]}},{"type":"Feature","properties":{"n":"Arbourthorne Road","g":"uk","m":1},"geometry":{"type":"Point","coordinates":[-1.44841,53.36347]}},{"type":"Feature","properties":{"n":"Arbourthorne Road","g":"uk","m":1},"geometry":{"type":"Point","coordinates":[-1.44762,53.36341]}},{"type":"Feature","properties":{"n":"Manor Top / Elm Tree","g":"uk","m":1},"geometry":{"type":"Point","coordinates":[-1.42846,53.35979]}},{"type":"Feature","properties":{"n":"Birley Lane","g":"uk","m":1},"geometry":{"type":"Point","coordinates":[-1.39937,53.34042]}},{"type":"Feature","properties":{"n":"Birley Moor Road","g":"uk","m":1},"geometry":{"type":"Point","coordinates":[-1.38868,53.34162]}},{"type":"Feature","properties":{"n":"Hackenthorpe","g":"uk","m":1},"geometry":{"type":"Point","coordinates":[-1.38105,53.34361]}},{"type":"Feature","properties":{"n":"Donetsk Way","g":"uk","m":1},"geometry":{"type":"Point","coordinates":[-1.37035,53.34175]}},{"type":"Feature","properties":{"n":"Moss Way","g":"uk","m":1},"geometry":{"type":"Point","coordinates":[-1.36266,53.34219]}},{"type":"Feature","properties":{"n":"Crystal Peaks","g":"uk","m":1},"geometry":{"type":"Point","coordinates":[-1.35612,53.34171]}},{"type":"Feature","properties":{"n":"Beighton / Drake House Lane","g":"uk","m":1},"geometry":{"type":"Point","coordinates":[-1.34752,53.34171]}},{"type":"Feature","properties":{"n":"Waterthorpe","g":"uk","m":1},"geometry":{"type":"Point","coordinates":[-1.34503,53.33647]}},{"type":"Feature","properties":{"n":"Halfway","g":"uk","m":1},"geometry":{"type":"Point","coordinates":[-1.3443,53.32854]}},{"type":"Feature","properties":{"n":"Westfield","g":"uk","m":1},"geometry":{"type":"Point","coordinates":[-1.34381,53.33183]}},{"type":"Feature","properties":{"n":"Spring Lane","g":"uk","m":1},"geometry":{"type":"Point","coordinates":[-1.43877,53.36631]}},{"type":"Feature","properties":{"n":"West Street","g":"uk","m":1},"geometry":{"type":"Point","coordinates":[-1.47767,53.38049]}},{"type":"Feature","properties":{"n":"Snowdon Ranger","g":"uk"},"geometry":{"type":"Point","coordinates":[-4.14343,53.07379]}},{"type":"Feature","properties":{"n":"Downham Market","g":"uk"},"geometry":{"type":"Point","coordinates":[0.36561,52.60416]}},{"type":"Feature","properties":{"n":"Scarborough","g":"uk"},"geometry":{"type":"Point","coordinates":[-0.40624,54.27915]}},{"type":"Feature","properties":{"n":"Wareham","g":"uk"},"geometry":{"type":"Point","coordinates":[-2.11533,50.69288]}},{"type":"Feature","properties":{"n":"Kempston Hardwick","g":"uk"},"geometry":{"type":"Point","coordinates":[-0.50399,52.09196]}},{"type":"Feature","properties":{"n":"Millbrook","g":"uk"},"geometry":{"type":"Point","coordinates":[-0.53236,52.05424]}},{"type":"Feature","properties":{"n":"Heswall","g":"uk"},"geometry":{"type":"Point","coordinates":[-3.07335,53.32967]}},{"type":"Feature","properties":{"n":"Sheringham","g":"uk"},"geometry":{"type":"Point","coordinates":[1.21079,52.94137]}},{"type":"Feature","properties":{"n":"West Runton","g":"uk"},"geometry":{"type":"Point","coordinates":[1.24579,52.93555]}},{"type":"Feature","properties":{"n":"Cromer","g":"uk"},"geometry":{"type":"Point","coordinates":[1.29165,52.93005]}},{"type":"Feature","properties":{"n":"Bromley North","g":"uk"},"geometry":{"type":"Point","coordinates":[0.0178,51.4092]}},{"type":"Feature","properties":{"n":"Addington Village","g":"uk","m":1},"geometry":{"type":"Point","coordinates":[-0.03288,51.35627]}},{"type":"Feature","properties":{"n":"Fieldway","g":"uk","m":1},"geometry":{"type":"Point","coordinates":[-0.02417,51.35097]}},{"type":"Feature","properties":{"n":"King Henry's Drive","g":"uk","m":1},"geometry":{"type":"Point","coordinates":[-0.02023,51.34538]}},{"type":"Feature","properties":{"n":"New Addington","g":"uk","m":1},"geometry":{"type":"Point","coordinates":[-0.01751,51.34263]}},{"type":"Feature","properties":{"n":"Sherburn-in-Elmet","g":"uk"},"geometry":{"type":"Point","coordinates":[-1.2329,53.79751]}},{"type":"Feature","properties":{"n":"Reeves Corner","g":"uk","m":1},"geometry":{"type":"Point","coordinates":[-0.10625,51.3748]}},{"type":"Feature","properties":{"n":"George Street","g":"uk","m":1},"geometry":{"type":"Point","coordinates":[-0.09891,51.3739]}},{"type":"Feature","properties":{"n":"Roche","g":"uk"},"geometry":{"type":"Point","coordinates":[-4.83077,50.41865]}},{"type":"Feature","properties":{"n":"Bugle","g":"uk"},"geometry":{"type":"Point","coordinates":[-4.79191,50.40024]}},{"type":"Feature","properties":{"n":"Luxulyan","g":"uk"},"geometry":{"type":"Point","coordinates":[-4.74833,50.39037]}},{"type":"Feature","properties":{"n":"St. Columb Road","g":"uk"},"geometry":{"type":"Point","coordinates":[-4.94133,50.39875]}},{"type":"Feature","properties":{"n":"Aquarium","g":"uk"},"geometry":{"type":"Point","coordinates":[-0.13288,50.81894]}},{"type":"Feature","properties":{"n":"Black Rock","g":"uk"},"geometry":{"type":"Point","coordinates":[-0.11115,50.81454]}},{"type":"Feature","properties":{"n":"Kenton","g":"uk","m":1},"geometry":{"type":"Point","coordinates":[-0.31664,51.58153]}},{"type":"Feature","properties":{"n":"Kemsley Down","g":"uk"},"geometry":{"type":"Point","coordinates":[0.7568,51.36179]}},{"type":"Feature","properties":{"n":"Heath High Level","g":"uk"},"geometry":{"type":"Point","coordinates":[-3.18157,51.51682]}},{"type":"Feature","properties":{"n":"Aber","g":"uk"},"geometry":{"type":"Point","coordinates":[-3.22981,51.57487]}},{"type":"Feature","properties":{"n":"Llanbradach","g":"uk"},"geometry":{"type":"Point","coordinates":[-3.23305,51.60411]}},{"type":"Feature","properties":{"n":"Langworthy","g":"uk","m":1},"geometry":{"type":"Point","coordinates":[-2.29617,53.48065]}},{"type":"Feature","properties":{"n":"Weaste","g":"uk","m":1},"geometry":{"type":"Point","coordinates":[-2.30758,53.48244]}},{"type":"Feature","properties":{"n":"Bowker Vale","g":"uk","m":1},"geometry":{"type":"Point","coordinates":[-2.24965,53.52479]}},{"type":"Feature","properties":{"n":"Prestwich","g":"uk","m":1},"geometry":{"type":"Point","coordinates":[-2.28177,53.5332]}},{"type":"Feature","properties":{"n":"Whitefield","g":"uk","m":1},"geometry":{"type":"Point","coordinates":[-2.29507,53.55113]}},{"type":"Feature","properties":{"n":"Bury","g":"uk","m":1},"geometry":{"type":"Point","coordinates":[-2.29743,53.59059]}},{"type":"Feature","properties":{"n":"Besses o' th' Barn","g":"uk","m":1},"geometry":{"type":"Point","coordinates":[-2.28617,53.54195]}},{"type":"Feature","properties":{"n":"Burnage","g":"uk"},"geometry":{"type":"Point","coordinates":[-2.21516,53.42213]}},{"type":"Feature","properties":{"n":"Redmire","g":"uk"},"geometry":{"type":"Point","coordinates":[-1.92847,54.31915]}},{"type":"Feature","properties":{"n":"Wargrave","g":"uk"},"geometry":{"type":"Point","coordinates":[-0.87666,51.49855]}},{"type":"Feature","properties":{"n":"Whittlesea","g":"uk"},"geometry":{"type":"Point","coordinates":[-0.11809,52.54958]}},{"type":"Feature","properties":{"n":"Monument","g":"uk","m":1},"geometry":{"type":"Point","coordinates":[-1.61317,54.97401]}},{"type":"Feature","properties":{"n":"Shenstone","g":"uk"},"geometry":{"type":"Point","coordinates":[-1.84434,52.63923]}},{"type":"Feature","properties":{"n":"Tutbury and Hatton","g":"uk"},"geometry":{"type":"Point","coordinates":[-1.68212,52.86412]}},{"type":"Feature","properties":{"n":"Bishop Auckland","g":"uk"},"geometry":{"type":"Point","coordinates":[-1.67795,54.65722]}},{"type":"Feature","properties":{"n":"Shildon","g":"uk"},"geometry":{"type":"Point","coordinates":[-1.63671,54.62619]}},{"type":"Feature","properties":{"n":"Dinsdale","g":"uk"},"geometry":{"type":"Point","coordinates":[-1.46712,54.515]}},{"type":"Feature","properties":{"n":"Wymondham Abbey","g":"uk"},"geometry":{"type":"Point","coordinates":[1.10391,52.57038]}},{"type":"Feature","properties":{"n":"Kimberley Park","g":"uk"},"geometry":{"type":"Point","coordinates":[1.05183,52.59105]}},{"type":"Feature","properties":{"n":"Hardingham","g":"uk"},"geometry":{"type":"Point","coordinates":[1.02461,52.6107]}},{"type":"Feature","properties":{"n":"Thuxton","g":"uk"},"geometry":{"type":"Point","coordinates":[1.0007,52.62494]}},{"type":"Feature","properties":{"n":"Yaxham","g":"uk"},"geometry":{"type":"Point","coordinates":[0.95973,52.65237]}},{"type":"Feature","properties":{"n":"Dereham","g":"uk"},"geometry":{"type":"Point","coordinates":[0.94764,52.67898]}},{"type":"Feature","properties":{"n":"Prestatyn","g":"uk"},"geometry":{"type":"Point","coordinates":[-3.40735,53.33617]}},{"type":"Feature","properties":{"n":"Glanyrafon","g":"uk"},"geometry":{"type":"Point","coordinates":[-4.03778,52.40453]}},{"type":"Feature","properties":{"n":"Birkbeck","g":"uk","m":1},"geometry":{"type":"Point","coordinates":[-0.05614,51.40356]}},{"type":"Feature","properties":{"n":"Harrington Road","g":"uk","m":1},"geometry":{"type":"Point","coordinates":[-0.06048,51.39966]}},{"type":"Feature","properties":{"n":"Beckenham Road","g":"uk","m":1},"geometry":{"type":"Point","coordinates":[-0.04316,51.40964]}},{"type":"Feature","properties":{"n":"Birkenhead Central","g":"uk"},"geometry":{"type":"Point","coordinates":[-3.02088,53.3882]}},{"type":"Feature","properties":{"n":"Green Lane","g":"uk"},"geometry":{"type":"Point","coordinates":[-3.01628,53.3833]}},{"type":"Feature","properties":{"n":"Ruskington","g":"uk"},"geometry":{"type":"Point","coordinates":[-0.38047,53.04139]}},{"type":"Feature","properties":{"n":"Stonegate","g":"uk"},"geometry":{"type":"Point","coordinates":[0.36339,51.02014]}},{"type":"Feature","properties":{"n":"Bosham","g":"uk"},"geometry":{"type":"Point","coordinates":[-0.84717,50.84286]}},{"type":"Feature","properties":{"n":"Nutbourne","g":"uk"},"geometry":{"type":"Point","coordinates":[-0.88392,50.84615]}},{"type":"Feature","properties":{"n":"Micheldever","g":"uk"},"geometry":{"type":"Point","coordinates":[-1.26039,51.18251]}},{"type":"Feature","properties":{"n":"Overton","g":"uk"},"geometry":{"type":"Point","coordinates":[-1.25998,51.25414]}},{"type":"Feature","properties":{"n":"Baglan","g":"uk"},"geometry":{"type":"Point","coordinates":[-3.80936,51.61432]}},{"type":"Feature","properties":{"n":"Monks Brook Halt","g":"uk"},"geometry":{"type":"Point","coordinates":[-1.36902,50.95873]}},{"type":"Feature","properties":{"n":"Trehafod","g":"uk"},"geometry":{"type":"Point","coordinates":[-3.3807,51.6101]}},{"type":"Feature","properties":{"n":"Porth","g":"uk"},"geometry":{"type":"Point","coordinates":[-3.40763,51.61247]}},{"type":"Feature","properties":{"n":"Dinas Rhondda","g":"uk"},"geometry":{"type":"Point","coordinates":[-3.4371,51.61737]}},{"type":"Feature","properties":{"n":"Tonypandy","g":"uk"},"geometry":{"type":"Point","coordinates":[-3.44904,51.61983]}},{"type":"Feature","properties":{"n":"Llwynypia","g":"uk"},"geometry":{"type":"Point","coordinates":[-3.45331,51.63342]}},{"type":"Feature","properties":{"n":"Ystrad Rhondda","g":"uk"},"geometry":{"type":"Point","coordinates":[-3.46694,51.64362]}},{"type":"Feature","properties":{"n":"Ton Pentre","g":"uk"},"geometry":{"type":"Point","coordinates":[-3.48615,51.64771]}},{"type":"Feature","properties":{"n":"Treorchy","g":"uk"},"geometry":{"type":"Point","coordinates":[-3.50604,51.65744]}},{"type":"Feature","properties":{"n":"Treherbert","g":"uk"},"geometry":{"type":"Point","coordinates":[-3.53509,51.67162]}},{"type":"Feature","properties":{"n":"North Walsham","g":"uk"},"geometry":{"type":"Point","coordinates":[1.38457,52.81686]}},{"type":"Feature","properties":{"n":"King's Cross St Pancras","g":"uk","m":1},"geometry":{"type":"Point","coordinates":[-0.12395,51.53061]}},{"type":"Feature","properties":{"n":"Pentre-bach","g":"uk"},"geometry":{"type":"Point","coordinates":[-3.36234,51.72486]}},{"type":"Feature","properties":{"n":"Troed-y-rhiw","g":"uk"},"geometry":{"type":"Point","coordinates":[-3.3464,51.71204]}},{"type":"Feature","properties":{"n":"Merthyr Vale","g":"uk"},"geometry":{"type":"Point","coordinates":[-3.3371,51.68691]}},{"type":"Feature","properties":{"n":"Quakers Yard","g":"uk"},"geometry":{"type":"Point","coordinates":[-3.32293,51.66036]}},{"type":"Feature","properties":{"n":"Abercynon","g":"uk"},"geometry":{"type":"Point","coordinates":[-3.32954,51.64304]}},{"type":"Feature","properties":{"n":"Penrhiwceiber","g":"uk"},"geometry":{"type":"Point","coordinates":[-3.36014,51.67019]}},{"type":"Feature","properties":{"n":"Fernhill","g":"uk"},"geometry":{"type":"Point","coordinates":[-3.39589,51.68661]}},{"type":"Feature","properties":{"n":"Cwmbach","g":"uk"},"geometry":{"type":"Point","coordinates":[-3.41477,51.70148]}},{"type":"Feature","properties":{"n":"Aberdare","g":"uk"},"geometry":{"type":"Point","coordinates":[-3.4395,51.71375]}},{"type":"Feature","properties":{"n":"Rogerstone","g":"uk"},"geometry":{"type":"Point","coordinates":[-3.06624,51.59544]}},{"type":"Feature","properties":{"n":"Birkhill","g":"uk"},"geometry":{"type":"Point","coordinates":[-3.66061,55.9933]}},{"type":"Feature","properties":{"n":"Wellesley Road","g":"uk","m":1},"geometry":{"type":"Point","coordinates":[-0.09762,51.37562]}},{"type":"Feature","properties":{"n":"Hucknall","g":"uk"},"geometry":{"type":"Point","coordinates":[-1.19595,53.0385]}},{"type":"Feature","properties":{"n":"Caerphilly","g":"uk"},"geometry":{"type":"Point","coordinates":[-3.21882,51.57154]}},{"type":"Feature","properties":{"n":"Castle Square","g":"uk","m":1},"geometry":{"type":"Point","coordinates":[-1.46607,53.38311]}},{"type":"Feature","properties":{"n":"Fitzalan Square / Ponds Forge","g":"uk","m":1},"geometry":{"type":"Point","coordinates":[-1.46388,53.3832]}},{"type":"Feature","properties":{"n":"Mansfield Woodhouse","g":"uk"},"geometry":{"type":"Point","coordinates":[-1.20175,53.16346]}},{"type":"Feature","properties":{"n":"Hyde Park","g":"uk","m":1},"geometry":{"type":"Point","coordinates":[-1.45242,53.38464]}},{"type":"Feature","properties":{"n":"Cricket Inn Road","g":"uk","m":1},"geometry":{"type":"Point","coordinates":[-1.44661,53.38403]}},{"type":"Feature","properties":{"n":"Woodbourn Road","g":"uk","m":1},"geometry":{"type":"Point","coordinates":[-1.43461,53.38885]}},{"type":"Feature","properties":{"n":"Attercliffe","g":"uk","m":1},"geometry":{"type":"Point","coordinates":[-1.43,53.39233]}},{"type":"Feature","properties":{"n":"Arena / Olympic Legacy Park","g":"uk","m":1},"geometry":{"type":"Point","coordinates":[-1.42055,53.39821]}},{"type":"Feature","properties":{"n":"Valley Centertainment","g":"uk","m":1},"geometry":{"type":"Point","coordinates":[-1.41272,53.40221]}},{"type":"Feature","properties":{"n":"Meadowhall Interchange","g":"uk","m":1},"geometry":{"type":"Point","coordinates":[-1.41304,53.41715]}},{"type":"Feature","properties":{"n":"Meadowhall South / Tinsley","g":"uk","m":1},"geometry":{"type":"Point","coordinates":[-1.40503,53.41424]}},{"type":"Feature","properties":{"n":"Carbrook/Ikea","g":"uk","m":1},"geometry":{"type":"Point","coordinates":[-1.41091,53.40552]}},{"type":"Feature","properties":{"n":"Kirkwood","g":"uk"},"geometry":{"type":"Point","coordinates":[-4.0483,55.85417]}},{"type":"Feature","properties":{"n":"SS Great Britain","g":"uk"},"geometry":{"type":"Point","coordinates":[-2.60554,51.44806]}},{"type":"Feature","properties":{"n":"Dalegarth","g":"uk"},"geometry":{"type":"Point","coordinates":[-3.2747,54.39547]}},{"type":"Feature","properties":{"n":"Fisherground Halt","g":"uk"},"geometry":{"type":"Point","coordinates":[-3.30342,54.39233]}},{"type":"Feature","properties":{"n":"Eskdale Green","g":"uk"},"geometry":{"type":"Point","coordinates":[-3.31771,54.38682]}},{"type":"Feature","properties":{"n":"Irton Road","g":"uk"},"geometry":{"type":"Point","coordinates":[-3.33007,54.38791]}},{"type":"Feature","properties":{"n":"Ravenglass (R&ER)","g":"uk"},"geometry":{"type":"Point","coordinates":[-3.40818,54.35586]}},{"type":"Feature","properties":{"n":"Broad Green","g":"uk"},"geometry":{"type":"Point","coordinates":[-2.89339,53.40651]}},{"type":"Feature","properties":{"n":"Metheringham","g":"uk"},"geometry":{"type":"Point","coordinates":[-0.39106,53.13893]}},{"type":"Feature","properties":{"n":"Bottesford","g":"uk"},"geometry":{"type":"Point","coordinates":[-0.79497,52.94469]}},{"type":"Feature","properties":{"n":"Hubberts Bridge","g":"uk"},"geometry":{"type":"Point","coordinates":[-0.10986,52.97532]}},{"type":"Feature","properties":{"n":"Waddon","g":"uk"},"geometry":{"type":"Point","coordinates":[-0.11744,51.36733]}},{"type":"Feature","properties":{"n":"Hensall","g":"uk"},"geometry":{"type":"Point","coordinates":[-1.11466,53.69849]}},{"type":"Feature","properties":{"n":"Rawcliffe","g":"uk"},"geometry":{"type":"Point","coordinates":[-0.96127,53.68894]}},{"type":"Feature","properties":{"n":"Pontefract Tanshelf","g":"uk"},"geometry":{"type":"Point","coordinates":[-1.3189,53.694]}},{"type":"Feature","properties":{"n":"South Elmsall","g":"uk"},"geometry":{"type":"Point","coordinates":[-1.28535,53.59485]}},{"type":"Feature","properties":{"n":"Dovercourt","g":"uk"},"geometry":{"type":"Point","coordinates":[1.28051,51.93881]}},{"type":"Feature","properties":{"n":"Priesthill & Darnley","g":"uk"},"geometry":{"type":"Point","coordinates":[-4.34296,55.81203]}},{"type":"Feature","properties":{"n":"Summerston","g":"uk"},"geometry":{"type":"Point","coordinates":[-4.29219,55.89884]}},{"type":"Feature","properties":{"n":"Ebbw Vale Parkway","g":"uk"},"geometry":{"type":"Point","coordinates":[-3.19605,51.75651]}},{"type":"Feature","properties":{"n":"Newbridge","g":"uk"},"geometry":{"type":"Point","coordinates":[-3.14319,51.66539]}},{"type":"Feature","properties":{"n":"Coombe Lane","g":"uk","m":1},"geometry":{"type":"Point","coordinates":[-0.06008,51.35982]}},{"type":"Feature","properties":{"n":"Whitecraigs","g":"uk"},"geometry":{"type":"Point","coordinates":[-4.31031,55.79028]}},{"type":"Feature","properties":{"n":"The Forest","g":"uk","m":1},"geometry":{"type":"Point","coordinates":[-1.16701,52.96516]}},{"type":"Feature","properties":{"n":"Butler's Hill","g":"uk","m":1},"geometry":{"type":"Point","coordinates":[-1.18852,53.02884]}},{"type":"Feature","properties":{"n":"Hucknall","g":"uk","m":1},"geometry":{"type":"Point","coordinates":[-1.19592,53.0383]}},{"type":"Feature","properties":{"n":"St Budeaux Victoria Road","g":"uk"},"geometry":{"type":"Point","coordinates":[-4.18775,50.4022]}},{"type":"Feature","properties":{"n":"Shipstone Street","g":"uk","m":1},"geometry":{"type":"Point","coordinates":[-1.17375,52.97155]}},{"type":"Feature","properties":{"n":"Royal Centre","g":"uk","m":1},"geometry":{"type":"Point","coordinates":[-1.15167,52.95502]}},{"type":"Feature","properties":{"n":"Ynyswen","g":"uk"},"geometry":{"type":"Point","coordinates":[-3.52149,51.66495]}},{"type":"Feature","properties":{"n":"Phoenix Park","g":"uk","m":1},"geometry":{"type":"Point","coordinates":[-1.20665,52.98882]}},{"type":"Feature","properties":{"n":"Highbury Vale B","g":"uk","m":1},"geometry":{"type":"Point","coordinates":[-1.1904,52.98955]}},{"type":"Feature","properties":{"n":"Highbury Vale A","g":"uk","m":1},"geometry":{"type":"Point","coordinates":[-1.18949,52.98969]}},{"type":"Feature","properties":{"n":"Ystrad Mynach","g":"uk"},"geometry":{"type":"Point","coordinates":[-3.24184,51.64049]}},{"type":"Feature","properties":{"n":"Hengoed","g":"uk"},"geometry":{"type":"Point","coordinates":[-3.22556,51.647]}},{"type":"Feature","properties":{"n":"Pengam","g":"uk"},"geometry":{"type":"Point","coordinates":[-3.22997,51.67021]}},{"type":"Feature","properties":{"n":"Gilfach Fargoed","g":"uk"},"geometry":{"type":"Point","coordinates":[-3.22739,51.68415]}},{"type":"Feature","properties":{"n":"Bargoed","g":"uk"},"geometry":{"type":"Point","coordinates":[-3.22982,51.69275]}},{"type":"Feature","properties":{"n":"Brithdir","g":"uk"},"geometry":{"type":"Point","coordinates":[-3.22813,51.7098]}},{"type":"Feature","properties":{"n":"Tir-Phil","g":"uk"},"geometry":{"type":"Point","coordinates":[-3.24595,51.72102]}},{"type":"Feature","properties":{"n":"Pontlottyn","g":"uk"},"geometry":{"type":"Point","coordinates":[-3.27936,51.74653]}},{"type":"Feature","properties":{"n":"Rhymney","g":"uk"},"geometry":{"type":"Point","coordinates":[-3.28952,51.75883]}},{"type":"Feature","properties":{"n":"High School","g":"uk","m":1},"geometry":{"type":"Point","coordinates":[-1.16149,52.96239]}},{"type":"Feature","properties":{"n":"Chappel and Wakes Colne","g":"uk"},"geometry":{"type":"Point","coordinates":[0.7585,51.92568]}},{"type":"Feature","properties":{"n":"Bures","g":"uk"},"geometry":{"type":"Point","coordinates":[0.76916,51.9712]}},{"type":"Feature","properties":{"n":"Sudbury","g":"uk"},"geometry":{"type":"Point","coordinates":[0.73557,52.03626]}},{"type":"Feature","properties":{"n":"Stockwell","g":"uk","m":1},"geometry":{"type":"Point","coordinates":[-0.1225,51.47221]}},{"type":"Feature","properties":{"n":"St Budeaux Ferry Road","g":"uk"},"geometry":{"type":"Point","coordinates":[-4.1871,50.40158]}},{"type":"Feature","properties":{"n":"Arsenal","g":"uk","m":1},"geometry":{"type":"Point","coordinates":[-0.10749,51.55838]}},{"type":"Feature","properties":{"n":"Jewellery Quarter","g":"uk","m":1},"geometry":{"type":"Point","coordinates":[-1.91426,52.48993]}},{"type":"Feature","properties":{"n":"Radford Road","g":"uk","m":1},"geometry":{"type":"Point","coordinates":[-1.17393,52.96975]}},{"type":"Feature","properties":{"n":"Middlewood","g":"uk","m":1},"geometry":{"type":"Point","coordinates":[-1.51015,53.41588]}},{"type":"Feature","properties":{"n":"Newcastle","g":"uk"},"geometry":{"type":"Point","coordinates":[-1.61605,54.96834]}},{"type":"Feature","properties":{"n":"Thorpe Culvert","g":"uk"},"geometry":{"type":"Point","coordinates":[0.19952,53.12303]}},{"type":"Feature","properties":{"n":"Salhouse","g":"uk"},"geometry":{"type":"Point","coordinates":[1.39137,52.67558]}},{"type":"Feature","properties":{"n":"Hoveton and Wroxham","g":"uk"},"geometry":{"type":"Point","coordinates":[1.40808,52.71554]}},{"type":"Feature","properties":{"n":"Abergele and Pensarn","g":"uk"},"geometry":{"type":"Point","coordinates":[-3.58265,53.29459]}},{"type":"Feature","properties":{"n":"Conwy","g":"uk"},"geometry":{"type":"Point","coordinates":[-3.8307,53.28009]}},{"type":"Feature","properties":{"n":"Buckley","g":"uk"},"geometry":{"type":"Point","coordinates":[-3.05519,53.16254]}},{"type":"Feature","properties":{"n":"Cottingley","g":"uk"},"geometry":{"type":"Point","coordinates":[-1.58777,53.76803]}},{"type":"Feature","properties":{"n":"Park Lane","g":"uk","m":1},"geometry":{"type":"Point","coordinates":[-1.38462,54.9023]}},{"type":"Feature","properties":{"n":"Seaton Delaval","g":"uk"},"geometry":{"type":"Point","coordinates":[-1.53838,55.07473]}},{"type":"Feature","properties":{"n":"Glan Conwy","g":"uk"},"geometry":{"type":"Point","coordinates":[-3.79759,53.26862]}},{"type":"Feature","properties":{"n":"Chatelherault","g":"uk"},"geometry":{"type":"Point","coordinates":[-4.00444,55.76512]}},{"type":"Feature","properties":{"n":"Larkhall","g":"uk"},"geometry":{"type":"Point","coordinates":[-3.97501,55.73861]}},{"type":"Feature","properties":{"n":"Newmarket","g":"uk"},"geometry":{"type":"Point","coordinates":[0.40735,52.23834]}},{"type":"Feature","properties":{"n":"Llanishen","g":"uk"},"geometry":{"type":"Point","coordinates":[-3.18184,51.533]}},{"type":"Feature","properties":{"n":"Livingston South","g":"uk"},"geometry":{"type":"Point","coordinates":[-3.50149,55.8716]}},{"type":"Feature","properties":{"n":"Barry","g":"uk"},"geometry":{"type":"Point","coordinates":[-3.28487,51.3969]}},{"type":"Feature","properties":{"n":"Cadoxton","g":"uk"},"geometry":{"type":"Point","coordinates":[-3.24877,51.41218]}},{"type":"Feature","properties":{"n":"Llantwit Major","g":"uk"},"geometry":{"type":"Point","coordinates":[-3.48143,51.40965]}},{"type":"Feature","properties":{"n":"Church Street","g":"uk","m":1},"geometry":{"type":"Point","coordinates":[-0.10418,51.37365]}},{"type":"Feature","properties":{"n":"Buckfastleigh","g":"uk"},"geometry":{"type":"Point","coordinates":[-3.76864,50.48281]}},{"type":"Feature","properties":{"n":"Totnes Riverside","g":"uk"},"geometry":{"type":"Point","coordinates":[-3.68568,50.43947]}},{"type":"Feature","properties":{"n":"Staverton","g":"uk"},"geometry":{"type":"Point","coordinates":[-3.71491,50.46092]}},{"type":"Feature","properties":{"n":"Fairwater","g":"uk"},"geometry":{"type":"Point","coordinates":[-3.2338,51.49389]}},{"type":"Feature","properties":{"n":"Ninian Park","g":"uk"},"geometry":{"type":"Point","coordinates":[-3.20139,51.47652]}},{"type":"Feature","properties":{"n":"St Paul's","g":"uk","m":1},"geometry":{"type":"Point","coordinates":[-1.90478,52.48723]}},{"type":"Feature","properties":{"n":"Paignton","g":"uk"},"geometry":{"type":"Point","coordinates":[-3.56491,50.4346]}},{"type":"Feature","properties":{"n":"Barry Island","g":"uk"},"geometry":{"type":"Point","coordinates":[-3.27421,51.39231]}},{"type":"Feature","properties":{"n":"Chapeltown","g":"uk"},"geometry":{"type":"Point","coordinates":[-1.46644,53.4625]}},{"type":"Feature","properties":{"n":"Goodrington Sands","g":"uk"},"geometry":{"type":"Point","coordinates":[-3.56158,50.42461]}},{"type":"Feature","properties":{"n":"Market Street","g":"uk","m":1},"geometry":{"type":"Point","coordinates":[-2.23892,53.48191]}},{"type":"Feature","properties":{"n":"Merryfield Lane","g":"uk"},"geometry":{"type":"Point","coordinates":[-2.49838,51.18077]}},{"type":"Feature","properties":{"n":"Crich Town End","g":"uk","m":1},"geometry":{"type":"Point","coordinates":[-1.48584,53.08953]}},{"type":"Feature","properties":{"n":"Victoria Park","g":"uk","m":1},"geometry":{"type":"Point","coordinates":[-1.48737,53.09244]}},{"type":"Feature","properties":{"n":"Wakebridge","g":"uk","m":1},"geometry":{"type":"Point","coordinates":[-1.49233,53.09573]}},{"type":"Feature","properties":{"n":"Glory Mine","g":"uk","m":1},"geometry":{"type":"Point","coordinates":[-1.49118,53.10001]}},{"type":"Feature","properties":{"n":"Churston","g":"uk"},"geometry":{"type":"Point","coordinates":[-3.55694,50.39621]}},{"type":"Feature","properties":{"n":"Heathrow Terminal 4","g":"uk"},"geometry":{"type":"Point","coordinates":[-0.446,51.45909]}},{"type":"Feature","properties":{"n":"Clayton West","g":"uk"},"geometry":{"type":"Point","coordinates":[-1.61129,53.59712]}},{"type":"Feature","properties":{"n":"Skelmanthorpe","g":"uk"},"geometry":{"type":"Point","coordinates":[-1.65277,53.59544]}},{"type":"Feature","properties":{"n":"Shelley","g":"uk"},"geometry":{"type":"Point","coordinates":[-1.68546,53.58727]}},{"type":"Feature","properties":{"n":"Idridgehay","g":"uk"},"geometry":{"type":"Point","coordinates":[-1.56911,53.03553]}},{"type":"Feature","properties":{"n":"Gunton","g":"uk"},"geometry":{"type":"Point","coordinates":[1.34937,52.86608]}},{"type":"Feature","properties":{"n":"Roughton Road","g":"uk"},"geometry":{"type":"Point","coordinates":[1.29979,52.91792]}},{"type":"Feature","properties":{"n":"Herdings / Leighton Road","g":"uk","m":1},"geometry":{"type":"Point","coordinates":[-1.43243,53.34247]}},{"type":"Feature","properties":{"n":"Herdings Park","g":"uk","m":1},"geometry":{"type":"Point","coordinates":[-1.43925,53.34251]}},{"type":"Feature","properties":{"n":"Tram Terminus","g":"uk","m":1},"geometry":{"type":"Point","coordinates":[-4.03223,55.86485]}},{"type":"Feature","properties":{"n":"Jewellery Quarter","g":"uk"},"geometry":{"type":"Point","coordinates":[-1.91368,52.48967]}},{"type":"Feature","properties":{"n":"Bradley Lane","g":"uk","m":1},"geometry":{"type":"Point","coordinates":[-2.05768,52.55598]}},{"type":"Feature","properties":{"n":"Sheringham (NNR)","g":"uk"},"geometry":{"type":"Point","coordinates":[1.20807,52.9417]}},{"type":"Feature","properties":{"n":"Shottle","g":"uk"},"geometry":{"type":"Point","coordinates":[-1.5474,53.01829]}},{"type":"Feature","properties":{"n":"Wirksworth","g":"uk"},"geometry":{"type":"Point","coordinates":[-1.5688,53.08276]}},{"type":"Feature","properties":{"n":"St Michaels","g":"uk"},"geometry":{"type":"Point","coordinates":[-2.95353,53.37594]}},{"type":"Feature","properties":{"n":"Eastleigh","g":"uk"},"geometry":{"type":"Point","coordinates":[-1.34996,50.96879]}},{"type":"Feature","properties":{"n":"Blackpool Pleasure Beach","g":"uk"},"geometry":{"type":"Point","coordinates":[-3.05388,53.78788]}},{"type":"Feature","properties":{"n":"Ashey","g":"uk"},"geometry":{"type":"Point","coordinates":[-1.18306,50.69647]}},{"type":"Feature","properties":{"n":"Oulton Broad North","g":"uk"},"geometry":{"type":"Point","coordinates":[1.71618,52.47773]}},{"type":"Feature","properties":{"n":"Beccles","g":"uk"},"geometry":{"type":"Point","coordinates":[1.56963,52.45883]}},{"type":"Feature","properties":{"n":"Lowestoft","g":"uk"},"geometry":{"type":"Point","coordinates":[1.74999,52.47424]}},{"type":"Feature","properties":{"n":"Darsham","g":"uk"},"geometry":{"type":"Point","coordinates":[1.5236,52.27321]}},{"type":"Feature","properties":{"n":"Bulwell","g":"uk","m":1},"geometry":{"type":"Point","coordinates":[-1.19562,52.99903]}},{"type":"Feature","properties":{"n":"Mirfield","g":"uk"},"geometry":{"type":"Point","coordinates":[-1.69225,53.67139]}},{"type":"Feature","properties":{"n":"Peartree","g":"uk"},"geometry":{"type":"Point","coordinates":[-1.47229,52.8976]}},{"type":"Feature","properties":{"n":"Tonfanau","g":"uk"},"geometry":{"type":"Point","coordinates":[-4.12354,52.61363]}},{"type":"Feature","properties":{"n":"Coryton","g":"uk"},"geometry":{"type":"Point","coordinates":[-3.23148,51.52044]}},{"type":"Feature","properties":{"n":"Whitchurch","g":"uk"},"geometry":{"type":"Point","coordinates":[-3.22217,51.52083]}},{"type":"Feature","properties":{"n":"Rhiwbina","g":"uk"},"geometry":{"type":"Point","coordinates":[-3.21448,51.52108]}},{"type":"Feature","properties":{"n":"Birchgrove","g":"uk"},"geometry":{"type":"Point","coordinates":[-3.20246,51.52153]}},{"type":"Feature","properties":{"n":"Heath Low Level","g":"uk"},"geometry":{"type":"Point","coordinates":[-3.18221,51.51577]}},{"type":"Feature","properties":{"n":"Ludlow","g":"uk"},"geometry":{"type":"Point","coordinates":[-2.71598,52.3711]}},{"type":"Feature","properties":{"n":"Wilnecote","g":"uk"},"geometry":{"type":"Point","coordinates":[-1.6797,52.61062]}},{"type":"Feature","properties":{"n":"Acle","g":"uk"},"geometry":{"type":"Point","coordinates":[1.54398,52.63468]}},{"type":"Feature","properties":{"n":"Berney Arms","g":"uk"},"geometry":{"type":"Point","coordinates":[1.63107,52.59026]}},{"type":"Feature","properties":{"n":"Buckenham","g":"uk"},"geometry":{"type":"Point","coordinates":[1.47021,52.5977]}},{"type":"Feature","properties":{"n":"Haddiscoe","g":"uk"},"geometry":{"type":"Point","coordinates":[1.62299,52.52902]}},{"type":"Feature","properties":{"n":"Lingwood","g":"uk"},"geometry":{"type":"Point","coordinates":[1.48969,52.62205]}},{"type":"Feature","properties":{"n":"Hatfield Peverel","g":"uk"},"geometry":{"type":"Point","coordinates":[0.59277,51.78031]}},{"type":"Feature","properties":{"n":"Mistley","g":"uk"},"geometry":{"type":"Point","coordinates":[1.08165,51.94359]}},{"type":"Feature","properties":{"n":"Stockton","g":"uk"},"geometry":{"type":"Point","coordinates":[-1.31822,54.56988]}},{"type":"Feature","properties":{"n":"Danescourt","g":"uk"},"geometry":{"type":"Point","coordinates":[-3.23395,51.5004]}},{"type":"Feature","properties":{"n":"Lisvane and Thornhill","g":"uk"},"geometry":{"type":"Point","coordinates":[-3.18557,51.54442]}},{"type":"Feature","properties":{"n":"Cam and Dursley","g":"uk"},"geometry":{"type":"Point","coordinates":[-2.35917,51.71764]}},{"type":"Feature","properties":{"n":"Hyde North","g":"uk"},"geometry":{"type":"Point","coordinates":[-2.08503,53.46446]}},{"type":"Feature","properties":{"n":"Worle","g":"uk"},"geometry":{"type":"Point","coordinates":[-2.90932,51.35785]}},{"type":"Feature","properties":{"n":"Exhibition Centre","g":"uk"},"geometry":{"type":"Point","coordinates":[-4.2832,55.86139]}},{"type":"Feature","properties":{"n":"Gleneagles","g":"uk"},"geometry":{"type":"Point","coordinates":[-3.73096,56.27491]}},{"type":"Feature","properties":{"n":"Invergowrie","g":"uk"},"geometry":{"type":"Point","coordinates":[-3.05783,56.45625]}},{"type":"Feature","properties":{"n":"Rutherglen","g":"uk"},"geometry":{"type":"Point","coordinates":[-4.21304,55.83075]}},{"type":"Feature","properties":{"n":"Deighton","g":"uk"},"geometry":{"type":"Point","coordinates":[-1.75239,53.66846]}},{"type":"Feature","properties":{"n":"Base Station","g":"uk"},"geometry":{"type":"Point","coordinates":[-3.6701,57.13371]}},{"type":"Feature","properties":{"n":"Sheiling / Middle","g":"uk"},"geometry":{"type":"Point","coordinates":[-3.66092,57.12768]}},{"type":"Feature","properties":{"n":"Hatfield & Stainforth","g":"uk"},"geometry":{"type":"Point","coordinates":[-1.02326,53.58887]}},{"type":"Feature","properties":{"n":"Kirk Sandall","g":"uk"},"geometry":{"type":"Point","coordinates":[-1.07454,53.56361]}},{"type":"Feature","properties":{"n":"Thorne South","g":"uk"},"geometry":{"type":"Point","coordinates":[-0.95526,53.60334]}},{"type":"Feature","properties":{"n":"Barnsley Interchange","g":"uk"},"geometry":{"type":"Point","coordinates":[-1.47726,53.55443]}},{"type":"Feature","properties":{"n":"Fitzwilliam","g":"uk"},"geometry":{"type":"Point","coordinates":[-1.37464,53.63261]}},{"type":"Feature","properties":{"n":"Roman Bridge","g":"uk"},"geometry":{"type":"Point","coordinates":[-3.92152,53.0444]}},{"type":"Feature","properties":{"n":"Dolwyddelan","g":"uk"},"geometry":{"type":"Point","coordinates":[-3.88455,53.05157]}},{"type":"Feature","properties":{"n":"Pont-y-Pant","g":"uk"},"geometry":{"type":"Point","coordinates":[-3.86271,53.06511]}},{"type":"Feature","properties":{"n":"Huyton","g":"uk"},"geometry":{"type":"Point","coordinates":[-2.84322,53.40963]}},{"type":"Feature","properties":{"n":"Whiston","g":"uk"},"geometry":{"type":"Point","coordinates":[-2.79652,53.41391]}},{"type":"Feature","properties":{"n":"Kirkdale","g":"uk"},"geometry":{"type":"Point","coordinates":[-2.98117,53.44079]}},{"type":"Feature","properties":{"n":"Bank Hall","g":"uk"},"geometry":{"type":"Point","coordinates":[-2.9878,53.4379]}},{"type":"Feature","properties":{"n":"Penarth","g":"uk"},"geometry":{"type":"Point","coordinates":[-3.17468,51.43585]}},{"type":"Feature","properties":{"n":"Brechin","g":"uk"},"geometry":{"type":"Point","coordinates":[-2.65207,56.73162]}},{"type":"Feature","properties":{"n":"Bridge of Dun","g":"uk"},"geometry":{"type":"Point","coordinates":[-2.55075,56.71852]}},{"type":"Feature","properties":{"n":"Bromley Cross","g":"uk"},"geometry":{"type":"Point","coordinates":[-2.41084,53.61395]}},{"type":"Feature","properties":{"n":"Hall i' th' Wood","g":"uk"},"geometry":{"type":"Point","coordinates":[-2.41308,53.59745]}},{"type":"Feature","properties":{"n":"Plas Halt","g":"uk"},"geometry":{"type":"Point","coordinates":[-4.00308,52.94815]}},{"type":"Feature","properties":{"n":"Campbell's Platform","g":"uk"},"geometry":{"type":"Point","coordinates":[-3.97652,52.95787]}},{"type":"Feature","properties":{"n":"Sarn","g":"uk"},"geometry":{"type":"Point","coordinates":[-3.58953,51.53851]}},{"type":"Feature","properties":{"n":"Maesteg Ewenny Road","g":"uk"},"geometry":{"type":"Point","coordinates":[-3.64825,51.60527]}},{"type":"Feature","properties":{"n":"Blaenau Ffestiniog","g":"uk"},"geometry":{"type":"Point","coordinates":[-3.93846,52.99469]}},{"type":"Feature","properties":{"n":"Risca and Pontymister","g":"uk"},"geometry":{"type":"Point","coordinates":[-3.09204,51.6058]}},{"type":"Feature","properties":{"n":"Tŷ Glas","g":"uk"},"geometry":{"type":"Point","coordinates":[-3.1971,51.52174]}},{"type":"Feature","properties":{"n":"Brampton","g":"uk"},"geometry":{"type":"Point","coordinates":[1.54382,52.39551]}},{"type":"Feature","properties":{"n":"Melton","g":"uk"},"geometry":{"type":"Point","coordinates":[1.33815,52.10435]}},{"type":"Feature","properties":{"n":"Porthmadog (WHHR)","g":"uk"},"geometry":{"type":"Point","coordinates":[-4.13198,52.93091]}},{"type":"Feature","properties":{"n":"Pen-y-Mount","g":"uk"},"geometry":{"type":"Point","coordinates":[-4.12394,52.93416]}},{"type":"Feature","properties":{"n":"Chinnor","g":"uk"},"geometry":{"type":"Point","coordinates":[-0.90603,51.69812]}},{"type":"Feature","properties":{"n":"Greenway Halt","g":"uk"},"geometry":{"type":"Point","coordinates":[-3.57312,50.38637]}},{"type":"Feature","properties":{"n":"Audley End Miniature Railway","g":"uk"},"geometry":{"type":"Point","coordinates":[0.21754,52.01919]}},{"type":"Feature","properties":{"n":"Tywyn Wharf","g":"uk"},"geometry":{"type":"Point","coordinates":[-4.08882,52.58362]}},{"type":"Feature","properties":{"n":"Pendre","g":"uk"},"geometry":{"type":"Point","coordinates":[-4.08122,52.58723]}},{"type":"Feature","properties":{"n":"Rhydyronen","g":"uk"},"geometry":{"type":"Point","coordinates":[-4.04638,52.59983]}},{"type":"Feature","properties":{"n":"Brynglas","g":"uk"},"geometry":{"type":"Point","coordinates":[-4.02711,52.60839]}},{"type":"Feature","properties":{"n":"Abergynolwyn","g":"uk"},"geometry":{"type":"Point","coordinates":[-3.96595,52.63863]}},{"type":"Feature","properties":{"n":"Fairbourne (FR)","g":"uk"},"geometry":{"type":"Point","coordinates":[-4.05029,52.69568]}},{"type":"Feature","properties":{"n":"Pont Croesor Halt","g":"uk"},"geometry":{"type":"Point","coordinates":[-4.098,52.95011]}},{"type":"Feature","properties":{"n":"Welshpool Raven Square","g":"uk"},"geometry":{"type":"Point","coordinates":[-3.16018,52.65975]}},{"type":"Feature","properties":{"n":"Sylfaen","g":"uk"},"geometry":{"type":"Point","coordinates":[-3.21942,52.64973]}},{"type":"Feature","properties":{"n":"Castle Caereinion","g":"uk"},"geometry":{"type":"Point","coordinates":[-3.24113,52.64459]}},{"type":"Feature","properties":{"n":"Cyfronydd","g":"uk"},"geometry":{"type":"Point","coordinates":[-3.27543,52.66048]}},{"type":"Feature","properties":{"n":"Heniarth","g":"uk"},"geometry":{"type":"Point","coordinates":[-3.29783,52.66367]}},{"type":"Feature","properties":{"n":"Pant","g":"uk"},"geometry":{"type":"Point","coordinates":[-3.36445,51.77786]}},{"type":"Feature","properties":{"n":"Pontsticill","g":"uk"},"geometry":{"type":"Point","coordinates":[-3.36068,51.79995]}},{"type":"Feature","properties":{"n":"Dol-y-gaer","g":"uk"},"geometry":{"type":"Point","coordinates":[-3.36827,51.82092]}},{"type":"Feature","properties":{"n":"Chasewater Heaths","g":"uk"},"geometry":{"type":"Point","coordinates":[-1.94698,52.67612]}},{"type":"Feature","properties":{"n":"Thorpe-le-Soken","g":"uk"},"geometry":{"type":"Point","coordinates":[1.1604,51.84786]}},{"type":"Feature","properties":{"n":"Kirby Cross","g":"uk"},"geometry":{"type":"Point","coordinates":[1.2138,51.84151]}},{"type":"Feature","properties":{"n":"Frinton-on-Sea","g":"uk"},"geometry":{"type":"Point","coordinates":[1.24332,51.83776]}},{"type":"Feature","properties":{"n":"Carbis Bay","g":"uk"},"geometry":{"type":"Point","coordinates":[-5.4637,50.19708]}},{"type":"Feature","properties":{"n":"Lelant","g":"uk"},"geometry":{"type":"Point","coordinates":[-5.43656,50.18399]}},{"type":"Feature","properties":{"n":"Lelant Saltings","g":"uk"},"geometry":{"type":"Point","coordinates":[-5.44116,50.17859]}},{"type":"Feature","properties":{"n":"Norchard","g":"uk"},"geometry":{"type":"Point","coordinates":[-2.53957,51.73577]}},{"type":"Feature","properties":{"n":"Lydney Town","g":"uk"},"geometry":{"type":"Point","coordinates":[-2.53198,51.72544]}},{"type":"Feature","properties":{"n":"Lydney Junction","g":"uk"},"geometry":{"type":"Point","coordinates":[-2.53112,51.7157]}},{"type":"Feature","properties":{"n":"Quintrell Downs","g":"uk"},"geometry":{"type":"Point","coordinates":[-5.02885,50.40412]}},{"type":"Feature","properties":{"n":"Llangollen","g":"uk"},"geometry":{"type":"Point","coordinates":[-3.17142,52.97131]}},{"type":"Feature","properties":{"n":"Birmingham Airport","g":"uk","m":1},"geometry":{"type":"Point","coordinates":[-1.73266,52.45298]}},{"type":"Feature","properties":{"n":"Somerleyton","g":"uk"},"geometry":{"type":"Point","coordinates":[1.65225,52.51015]}},{"type":"Feature","properties":{"n":"Oulton Broad South","g":"uk"},"geometry":{"type":"Point","coordinates":[1.70749,52.46959]}},{"type":"Feature","properties":{"n":"Tondu","g":"uk"},"geometry":{"type":"Point","coordinates":[-3.59518,51.54747]}},{"type":"Feature","properties":{"n":"Bala (Penybont)","g":"uk"},"geometry":{"type":"Point","coordinates":[-3.59324,52.90142]}},{"type":"Feature","properties":{"n":"Llanuwchllyn","g":"uk"},"geometry":{"type":"Point","coordinates":[-3.66401,52.85601]}},{"type":"Feature","properties":{"n":"Pentrepiod Halt","g":"uk"},"geometry":{"type":"Point","coordinates":[-3.64345,52.8671]}},{"type":"Feature","properties":{"n":"Llangower","g":"uk"},"geometry":{"type":"Point","coordinates":[-3.6323,52.87501]}},{"type":"Feature","properties":{"n":"Walton-on-the-Naze","g":"uk"},"geometry":{"type":"Point","coordinates":[1.26786,51.84622]}},{"type":"Feature","properties":{"n":"Bentley (South Yorkshire)","g":"uk"},"geometry":{"type":"Point","coordinates":[-1.15072,53.54371]}},{"type":"Feature","properties":{"n":"Fleetwood Ferry","g":"uk","m":1},"geometry":{"type":"Point","coordinates":[-3.00793,53.9276]}},{"type":"Feature","properties":{"n":"Wolsingham","g":"uk"},"geometry":{"type":"Point","coordinates":[-1.88434,54.72626]}},{"type":"Feature","properties":{"n":"Frosterley","g":"uk"},"geometry":{"type":"Point","coordinates":[-1.96406,54.72692]}},{"type":"Feature","properties":{"n":"Crowcombe Heathfield","g":"uk"},"geometry":{"type":"Point","coordinates":[-3.23335,51.10078]}},{"type":"Feature","properties":{"n":"Stogumber","g":"uk"},"geometry":{"type":"Point","coordinates":[-3.27338,51.12774]}},{"type":"Feature","properties":{"n":"Doniford Halt","g":"uk"},"geometry":{"type":"Point","coordinates":[-3.31156,51.17835]}},{"type":"Feature","properties":{"n":"Williton","g":"uk"},"geometry":{"type":"Point","coordinates":[-3.30949,51.16647]}},{"type":"Feature","properties":{"n":"Washford","g":"uk"},"geometry":{"type":"Point","coordinates":[-3.36889,51.16151]}},{"type":"Feature","properties":{"n":"Watchet","g":"uk"},"geometry":{"type":"Point","coordinates":[-3.32971,51.18063]}},{"type":"Feature","properties":{"n":"Blue Anchor","g":"uk"},"geometry":{"type":"Point","coordinates":[-3.40093,51.18166]}},{"type":"Feature","properties":{"n":"Dunster","g":"uk"},"geometry":{"type":"Point","coordinates":[-3.43842,51.19312]}},{"type":"Feature","properties":{"n":"Minehead","g":"uk"},"geometry":{"type":"Point","coordinates":[-3.46783,51.20629]}},{"type":"Feature","properties":{"n":"West Croydon","g":"uk"},"geometry":{"type":"Point","coordinates":[-0.10204,51.37881]}},{"type":"Feature","properties":{"n":"Castlerock","g":"uk"},"geometry":{"type":"Point","coordinates":[-6.78735,55.1653]}},{"type":"Feature","properties":{"n":"Ballymoney","g":"uk"},"geometry":{"type":"Point","coordinates":[-6.51388,55.0665]}},{"type":"Feature","properties":{"n":"Ballymena","g":"uk"},"geometry":{"type":"Point","coordinates":[-6.28464,54.86407]}},{"type":"Feature","properties":{"n":"Antrim","g":"uk"},"geometry":{"type":"Point","coordinates":[-6.21148,54.7181]}},{"type":"Feature","properties":{"n":"Pimlico","g":"uk","m":1},"geometry":{"type":"Point","coordinates":[-0.13533,51.48916]}},{"type":"Feature","properties":{"n":"Marsh Mills","g":"uk"},"geometry":{"type":"Point","coordinates":[-4.08243,50.39496]}},{"type":"Feature","properties":{"n":"Prestwick International Airport","g":"uk"},"geometry":{"type":"Point","coordinates":[-4.61414,55.50902]}},{"type":"Feature","properties":{"n":"Filton Abbey Wood","g":"uk"},"geometry":{"type":"Point","coordinates":[-2.56383,51.50339]}},{"type":"Feature","properties":{"n":"Page's Park","g":"uk"},"geometry":{"type":"Point","coordinates":[-0.6509,51.90882]}},{"type":"Feature","properties":{"n":"Wednesbury Parkway","g":"uk","m":1},"geometry":{"type":"Point","coordinates":[-2.03202,52.5497]}},{"type":"Feature","properties":{"n":"Wednesbury, Great Western Street","g":"uk","m":1},"geometry":{"type":"Point","coordinates":[-2.02561,52.54895]}},{"type":"Feature","properties":{"n":"Black Lake","g":"uk","m":1},"geometry":{"type":"Point","coordinates":[-2.01116,52.53102]}},{"type":"Feature","properties":{"n":"Dudley Street Guns Village","g":"uk","m":1},"geometry":{"type":"Point","coordinates":[-2.00852,52.52517]}},{"type":"Feature","properties":{"n":"Dartmouth Street","g":"uk","m":1},"geometry":{"type":"Point","coordinates":[-2.00451,52.52049]}},{"type":"Feature","properties":{"n":"Lodge Road","g":"uk","m":1},"geometry":{"type":"Point","coordinates":[-1.99987,52.51868]}},{"type":"Feature","properties":{"n":"West Bromwich Central","g":"uk","m":1},"geometry":{"type":"Point","coordinates":[-1.99468,52.51655]}},{"type":"Feature","properties":{"n":"Trinity Way","g":"uk","m":1},"geometry":{"type":"Point","coordinates":[-1.98824,52.51192]}},{"type":"Feature","properties":{"n":"The Hawthorns","g":"uk","m":1},"geometry":{"type":"Point","coordinates":[-1.96508,52.50583]}},{"type":"Feature","properties":{"n":"Kenrick Park","g":"uk","m":1},"geometry":{"type":"Point","coordinates":[-1.98253,52.50872]}},{"type":"Feature","properties":{"n":"Winson Green Outer Circle","g":"uk","m":1},"geometry":{"type":"Point","coordinates":[-1.93911,52.49894]}},{"type":"Feature","properties":{"n":"Soho Benson Road","g":"uk","m":1},"geometry":{"type":"Point","coordinates":[-1.931,52.49701]}},{"type":"Feature","properties":{"n":"Hyson Green Market","g":"uk","m":1},"geometry":{"type":"Point","coordinates":[-1.17102,52.96641]}},{"type":"Feature","properties":{"n":"Noel Street","g":"uk","m":1},"geometry":{"type":"Point","coordinates":[-1.16866,52.9673]}},{"type":"Feature","properties":{"n":"Colesloggett Halt","g":"uk"},"geometry":{"type":"Point","coordinates":[-4.67464,50.45988]}},{"type":"Feature","properties":{"n":"Bodmin General","g":"uk"},"geometry":{"type":"Point","coordinates":[-4.7166,50.46588]}},{"type":"Feature","properties":{"n":"Launceston","g":"uk"},"geometry":{"type":"Point","coordinates":[-4.36494,50.64038]}},{"type":"Feature","properties":{"n":"Cantley","g":"uk"},"geometry":{"type":"Point","coordinates":[1.51363,52.57872]}},{"type":"Feature","properties":{"n":"Sandwell and Dudley","g":"uk"},"geometry":{"type":"Point","coordinates":[-2.01177,52.50863]}},{"type":"Feature","properties":{"n":"Holt","g":"uk"},"geometry":{"type":"Point","coordinates":[1.11351,52.91419]}},{"type":"Feature","properties":{"n":"Beckton Park","g":"uk","m":1},"geometry":{"type":"Point","coordinates":[0.05494,51.50876]}},{"type":"Feature","properties":{"n":"Holycombe Junction","g":"uk"},"geometry":{"type":"Point","coordinates":[-0.78208,51.05724]}},{"type":"Feature","properties":{"n":"Altrincham","g":"uk","m":1},"geometry":{"type":"Point","coordinates":[-2.3475,53.3873]}},{"type":"Feature","properties":{"n":"Navigation Road","g":"uk"},"geometry":{"type":"Point","coordinates":[-2.34327,53.39574]}},{"type":"Feature","properties":{"n":"The Hawthorns","g":"uk"},"geometry":{"type":"Point","coordinates":[-1.96504,52.50567]}},{"type":"Feature","properties":{"n":"Knucklas","g":"uk"},"geometry":{"type":"Point","coordinates":[-3.09652,52.35976]}},{"type":"Feature","properties":{"n":"Avenue Road","g":"uk","m":1},"geometry":{"type":"Point","coordinates":[-0.04952,51.4068]}},{"type":"Feature","properties":{"n":"Victoria Station","g":"uk","m":1},"geometry":{"type":"Point","coordinates":[-3.8356,53.32727]}},{"type":"Feature","properties":{"n":"Arena","g":"uk","m":1},"geometry":{"type":"Point","coordinates":[-0.05825,51.39161]}},{"type":"Feature","properties":{"n":"Addiscombe","g":"uk","m":1},"geometry":{"type":"Point","coordinates":[-0.07326,51.37993]}},{"type":"Feature","properties":{"n":"East Croydon","g":"uk"},"geometry":{"type":"Point","coordinates":[-0.09273,51.37584]}},{"type":"Feature","properties":{"n":"The Midden","g":"uk"},"geometry":{"type":"Point","coordinates":[0.86836,52.94715]}},{"type":"Feature","properties":{"n":"Warham","g":"uk"},"geometry":{"type":"Point","coordinates":[0.87774,52.93639]}},{"type":"Feature","properties":{"n":"Wighton Halt","g":"uk"},"geometry":{"type":"Point","coordinates":[0.87905,52.91858]}},{"type":"Feature","properties":{"n":"Wroxham BVR","g":"uk"},"geometry":{"type":"Point","coordinates":[1.40853,52.71685]}},{"type":"Feature","properties":{"n":"Coltishall","g":"uk"},"geometry":{"type":"Point","coordinates":[1.3587,52.73454]}},{"type":"Feature","properties":{"n":"Buxton","g":"uk"},"geometry":{"type":"Point","coordinates":[1.30704,52.75757]}},{"type":"Feature","properties":{"n":"Brampton","g":"uk"},"geometry":{"type":"Point","coordinates":[1.29136,52.76695]}},{"type":"Feature","properties":{"n":"Aylsham","g":"uk"},"geometry":{"type":"Point","coordinates":[1.25542,52.79106]}},{"type":"Feature","properties":{"n":"Wells-on-Sea","g":"uk"},"geometry":{"type":"Point","coordinates":[0.86509,52.94949]}},{"type":"Feature","properties":{"n":"Walsingham","g":"uk"},"geometry":{"type":"Point","coordinates":[0.87199,52.89612]}},{"type":"Feature","properties":{"n":"Overton for Ferry Meadows","g":"uk"},"geometry":{"type":"Point","coordinates":[-0.30259,52.55891]}},{"type":"Feature","properties":{"n":"Peterborough (NVR)","g":"uk"},"geometry":{"type":"Point","coordinates":[-0.24795,52.56776]}},{"type":"Feature","properties":{"n":"Castle Hedingham","g":"uk"},"geometry":{"type":"Point","coordinates":[0.58177,51.99576]}},{"type":"Feature","properties":{"n":"Colwyn Bay","g":"uk"},"geometry":{"type":"Point","coordinates":[-3.72589,53.29682]}},{"type":"Feature","properties":{"n":"Wimbledon","g":"uk","m":1},"geometry":{"type":"Point","coordinates":[-0.20548,51.4213]}},{"type":"Feature","properties":{"n":"Middleton Road","g":"uk","m":1},"geometry":{"type":"Point","coordinates":[-2.24576,53.53193]}},{"type":"Feature","properties":{"n":"Lakeside","g":"uk","m":1},"geometry":{"type":"Point","coordinates":[-2.2564,53.53186]}},{"type":"Feature","properties":{"n":"Saxmundham","g":"uk"},"geometry":{"type":"Point","coordinates":[1.49027,52.21522]}},{"type":"Feature","properties":{"n":"Elmers End","g":"uk","m":1},"geometry":{"type":"Point","coordinates":[-0.04953,51.39835]}},{"type":"Feature","properties":{"n":"Centrale","g":"uk","m":1},"geometry":{"type":"Point","coordinates":[-0.10378,51.37587]}},{"type":"Feature","properties":{"n":"Colyton Station","g":"uk","m":1},"geometry":{"type":"Point","coordinates":[-3.06236,50.74186]}},{"type":"Feature","properties":{"n":"Colyford","g":"uk","m":1},"geometry":{"type":"Point","coordinates":[-3.05795,50.72875]}},{"type":"Feature","properties":{"n":"Seaton","g":"uk","m":1},"geometry":{"type":"Point","coordinates":[-3.06773,50.70509]}},{"type":"Feature","properties":{"n":"Prittlewell","g":"uk"},"geometry":{"type":"Point","coordinates":[0.71065,51.55059]}},{"type":"Feature","properties":{"n":"Shore","g":"uk"},"geometry":{"type":"Point","coordinates":[0.71585,51.5327]}},{"type":"Feature","properties":{"n":"Digby and Sowton","g":"uk"},"geometry":{"type":"Point","coordinates":[-3.4736,50.71418]}},{"type":"Feature","properties":{"n":"Beckfoot","g":"uk"},"geometry":{"type":"Point","coordinates":[-3.28245,54.3926]}},{"type":"Feature","properties":{"n":"Shepherdswell (EKR)","g":"uk"},"geometry":{"type":"Point","coordinates":[1.23063,51.18963]}},{"type":"Feature","properties":{"n":"Ruddington Fields","g":"uk"},"geometry":{"type":"Point","coordinates":[-1.14794,52.88457]}},{"type":"Feature","properties":{"n":"Nottingham","g":"uk"},"geometry":{"type":"Point","coordinates":[-1.14496,52.9473]}},{"type":"Feature","properties":{"n":"Piccadilly","g":"uk","m":1},"geometry":{"type":"Point","coordinates":[-2.23044,53.47699]}},{"type":"Feature","properties":{"n":"Redditch","g":"uk"},"geometry":{"type":"Point","coordinates":[-1.94557,52.30632]}},{"type":"Feature","properties":{"n":"Bloxwich North","g":"uk"},"geometry":{"type":"Point","coordinates":[-2.01754,52.62532]}},{"type":"Feature","properties":{"n":"Avon Riverside","g":"uk"},"geometry":{"type":"Point","coordinates":[-2.45775,51.41555]}},{"type":"Feature","properties":{"n":"Basingstoke","g":"uk"},"geometry":{"type":"Point","coordinates":[-1.08856,51.26842]}},{"type":"Feature","properties":{"n":"St Neots","g":"uk"},"geometry":{"type":"Point","coordinates":[-0.24706,52.23163]}},{"type":"Feature","properties":{"n":"Birmingham International","g":"uk","m":1},"geometry":{"type":"Point","coordinates":[-1.72635,52.45042]}},{"type":"Feature","properties":{"n":"Market Bosworth","g":"uk"},"geometry":{"type":"Point","coordinates":[-1.42098,52.62473]}},{"type":"Feature","properties":{"n":"Lintley Halt","g":"uk"},"geometry":{"type":"Point","coordinates":[-2.48593,54.85223]}},{"type":"Feature","properties":{"n":"Pontgoch","g":"uk"},"geometry":{"type":"Point","coordinates":[-4.42997,52.04155]}},{"type":"Feature","properties":{"n":"Causey Arch","g":"uk"},"geometry":{"type":"Point","coordinates":[-1.68669,54.89733]}},{"type":"Feature","properties":{"n":"Andrews House","g":"uk"},"geometry":{"type":"Point","coordinates":[-1.6757,54.90848]}},{"type":"Feature","properties":{"n":"Horsehay & Dawley","g":"uk"},"geometry":{"type":"Point","coordinates":[-2.48165,52.66283]}},{"type":"Feature","properties":{"n":"Dronfield","g":"uk"},"geometry":{"type":"Point","coordinates":[-1.46925,53.3014]}},{"type":"Feature","properties":{"n":"Nottingham Trent University","g":"uk","m":1},"geometry":{"type":"Point","coordinates":[-1.15508,52.95792]}},{"type":"Feature","properties":{"n":"Dawlish Warren","g":"uk"},"geometry":{"type":"Point","coordinates":[-3.44372,50.59865]}},{"type":"Feature","properties":{"n":"Park Halt","g":"uk"},"geometry":{"type":"Point","coordinates":[-1.5364,53.76146]}},{"type":"Feature","properties":{"n":"Beckenham Junction","g":"uk","m":1},"geometry":{"type":"Point","coordinates":[-0.02644,51.41073]}},{"type":"Feature","properties":{"n":"Midsomer Norton","g":"uk"},"geometry":{"type":"Point","coordinates":[-2.48314,51.28095]}},{"type":"Feature","properties":{"n":"Grosvenor Park Miniature Railway","g":"uk","m":1},"geometry":{"type":"Point","coordinates":[-2.881,53.19088]}},{"type":"Feature","properties":{"n":"Tram Terminus","g":"uk","m":1},"geometry":{"type":"Point","coordinates":[-4.02964,55.86665]}},{"type":"Feature","properties":{"n":"Isfield","g":"uk"},"geometry":{"type":"Point","coordinates":[0.06549,50.93548]}},{"type":"Feature","properties":{"n":"Whitecroft","g":"uk"},"geometry":{"type":"Point","coordinates":[-2.55207,51.75326]}},{"type":"Feature","properties":{"n":"Dolgoch","g":"uk"},"geometry":{"type":"Point","coordinates":[-3.994,52.62203]}},{"type":"Feature","properties":{"n":"Nant Gwernol","g":"uk"},"geometry":{"type":"Point","coordinates":[-3.95085,52.64188]}},{"type":"Feature","properties":{"n":"Avoncliff","g":"uk"},"geometry":{"type":"Point","coordinates":[-2.28184,51.33956]}},{"type":"Feature","properties":{"n":"Sunniside","g":"uk"},"geometry":{"type":"Point","coordinates":[-1.67537,54.92021]}},{"type":"Feature","properties":{"n":"Victoria","g":"uk","m":1},"geometry":{"type":"Point","coordinates":[-0.14315,51.49637]}},{"type":"Feature","properties":{"n":"Country Park Halt","g":"uk"},"geometry":{"type":"Point","coordinates":[-2.37592,52.45497]}},{"type":"Feature","properties":{"n":"Upminster","g":"uk","m":1},"geometry":{"type":"Point","coordinates":[0.25168,51.55897]}},{"type":"Feature","properties":{"n":"Streethouse","g":"uk"},"geometry":{"type":"Point","coordinates":[-1.39947,53.67619]}},{"type":"Feature","properties":{"n":"Wilmslow","g":"uk"},"geometry":{"type":"Point","coordinates":[-2.22601,53.3271]}},{"type":"Feature","properties":{"n":"Cheadle Hulme","g":"uk"},"geometry":{"type":"Point","coordinates":[-2.18835,53.37603]}},{"type":"Feature","properties":{"n":"Bulwell Forest","g":"uk","m":1},"geometry":{"type":"Point","coordinates":[-1.19032,53.00579]}},{"type":"Feature","properties":{"n":"Moor Bridge","g":"uk","m":1},"geometry":{"type":"Point","coordinates":[-1.18699,53.01454]}},{"type":"Feature","properties":{"n":"Pitsford and Brampton","g":"uk"},"geometry":{"type":"Point","coordinates":[-0.92384,52.29372]}},{"type":"Feature","properties":{"n":"Rudyard","g":"uk"},"geometry":{"type":"Point","coordinates":[-2.06764,53.118]}},{"type":"Feature","properties":{"n":"The Dam","g":"uk"},"geometry":{"type":"Point","coordinates":[-2.07238,53.12229]}},{"type":"Feature","properties":{"n":"Hunthouse Wood","g":"uk"},"geometry":{"type":"Point","coordinates":[-2.08201,53.13481]}},{"type":"Feature","properties":{"n":"West Didsbury","g":"uk","m":1},"geometry":{"type":"Point","coordinates":[-2.23609,53.42447]}},{"type":"Feature","properties":{"n":"Burton Road","g":"uk","m":1},"geometry":{"type":"Point","coordinates":[-2.24064,53.42917]}},{"type":"Feature","properties":{"n":"Withington","g":"uk","m":1},"geometry":{"type":"Point","coordinates":[-2.24933,53.43276]}},{"type":"Feature","properties":{"n":"Swinton (Manchester)","g":"uk"},"geometry":{"type":"Point","coordinates":[-2.337,53.51481]}},{"type":"Feature","properties":{"n":"Wembley Park","g":"uk","m":1},"geometry":{"type":"Point","coordinates":[-0.28005,51.56363]}},{"type":"Feature","properties":{"n":"Beddgelert","g":"uk"},"geometry":{"type":"Point","coordinates":[-4.10781,53.01177]}},{"type":"Feature","properties":{"n":"Highbridge and Burnham","g":"uk"},"geometry":{"type":"Point","coordinates":[-2.972,51.21831]}},{"type":"Feature","properties":{"n":"Summit Station","g":"uk","m":1},"geometry":{"type":"Point","coordinates":[-3.85451,53.33216]}},{"type":"Feature","properties":{"n":"Halfway Station (Upper Section)","g":"uk","m":1},"geometry":{"type":"Point","coordinates":[-3.84435,53.33072]}},{"type":"Feature","properties":{"n":"Halfway Station (Lower Section)","g":"uk","m":1},"geometry":{"type":"Point","coordinates":[-3.84349,53.33057]}},{"type":"Feature","properties":{"n":"Cheddleton","g":"uk"},"geometry":{"type":"Point","coordinates":[-2.02728,53.06544]}},{"type":"Feature","properties":{"n":"Willow Lawn","g":"uk"},"geometry":{"type":"Point","coordinates":[-0.43182,51.59301]}},{"type":"Feature","properties":{"n":"Woody Bay","g":"uk"},"geometry":{"type":"Point","coordinates":[-0.42909,51.58873]}},{"type":"Feature","properties":{"n":"Wigton","g":"uk"},"geometry":{"type":"Point","coordinates":[-3.16429,54.82912]}},{"type":"Feature","properties":{"n":"Exbury Central","g":"uk"},"geometry":{"type":"Point","coordinates":[-1.39938,50.80355]}},{"type":"Feature","properties":{"n":"Exbury North","g":"uk"},"geometry":{"type":"Point","coordinates":[-1.40409,50.80568]}},{"type":"Feature","properties":{"n":"Nailsea and Backwell","g":"uk"},"geometry":{"type":"Point","coordinates":[-2.74969,51.41967]}},{"type":"Feature","properties":{"n":"Nottingham Trent University","g":"uk","m":1},"geometry":{"type":"Point","coordinates":[-1.15471,52.95779]}},{"type":"Feature","properties":{"n":"Beaconsfield Street","g":"uk","m":1},"geometry":{"type":"Point","coordinates":[-1.1704,52.97016]}},{"type":"Feature","properties":{"n":"Wilkinson Street","g":"uk","m":1},"geometry":{"type":"Point","coordinates":[-1.17822,52.97203]}},{"type":"Feature","properties":{"n":"Basford","g":"uk","m":1},"geometry":{"type":"Point","coordinates":[-1.17841,52.98166]}},{"type":"Feature","properties":{"n":"Basford","g":"uk","m":1},"geometry":{"type":"Point","coordinates":[-1.17836,52.98167]}},{"type":"Feature","properties":{"n":"David Lane","g":"uk","m":1},"geometry":{"type":"Point","coordinates":[-1.18223,52.98503]}},{"type":"Feature","properties":{"n":"Cinderhill","g":"uk","m":1},"geometry":{"type":"Point","coordinates":[-1.20023,52.98899]}},{"type":"Feature","properties":{"n":"Dunston","g":"uk"},"geometry":{"type":"Point","coordinates":[-1.64144,54.95]}},{"type":"Feature","properties":{"n":"Norton Lakeside Halt","g":"uk"},"geometry":{"type":"Point","coordinates":[-1.95681,52.67484]}},{"type":"Feature","properties":{"n":"Gelert's Farm","g":"uk"},"geometry":{"type":"Point","coordinates":[-4.1283,52.93127]}},{"type":"Feature","properties":{"n":"David Lane","g":"uk","m":1},"geometry":{"type":"Point","coordinates":[-1.18187,52.98478]}},{"type":"Feature","properties":{"n":"Pollokshields East","g":"uk"},"geometry":{"type":"Point","coordinates":[-4.26898,55.84073]}},{"type":"Feature","properties":{"n":"Frodsham","g":"uk"},"geometry":{"type":"Point","coordinates":[-2.72373,53.29578]}},{"type":"Feature","properties":{"n":"Palace Station","g":"uk"},"geometry":{"type":"Point","coordinates":[-1.35819,51.84299]}},{"type":"Feature","properties":{"n":"Walled Garden Station","g":"uk"},"geometry":{"type":"Point","coordinates":[-1.35055,51.83887]}},{"type":"Feature","properties":{"n":"Chapel Road Station","g":"uk"},"geometry":{"type":"Point","coordinates":[-1.34097,50.86724]}},{"type":"Feature","properties":{"n":"Piccadilly","g":"uk"},"geometry":{"type":"Point","coordinates":[-1.34071,50.8673]}},{"type":"Feature","properties":{"n":"Drumfrochar","g":"uk"},"geometry":{"type":"Point","coordinates":[-4.77151,55.94129]}},{"type":"Feature","properties":{"n":"Mountain Ash","g":"uk"},"geometry":{"type":"Point","coordinates":[-3.37667,51.68176]}},{"type":"Feature","properties":{"n":"Shipley","g":"uk"},"geometry":{"type":"Point","coordinates":[-1.77361,53.83351]}},{"type":"Feature","properties":{"n":"Whifflet","g":"uk"},"geometry":{"type":"Point","coordinates":[-4.0186,55.85383]}},{"type":"Feature","properties":{"n":"Garforth","g":"uk"},"geometry":{"type":"Point","coordinates":[-1.38228,53.79657]}},{"type":"Feature","properties":{"n":"Finsbury Park","g":"uk","m":1},"geometry":{"type":"Point","coordinates":[-0.10641,51.56483]}},{"type":"Feature","properties":{"n":"Bedale","g":"uk"},"geometry":{"type":"Point","coordinates":[-1.58769,54.28899]}},{"type":"Feature","properties":{"n":"Cambridge","g":"uk"},"geometry":{"type":"Point","coordinates":[0.13772,52.19411]}},{"type":"Feature","properties":{"n":"Longleat","g":"uk"},"geometry":{"type":"Point","coordinates":[-2.27626,51.18739]}},{"type":"Feature","properties":{"n":"Kinneil Halt","g":"uk"},"geometry":{"type":"Point","coordinates":[-3.62562,56.01482]}},{"type":"Feature","properties":{"n":"Bo'ness","g":"uk"},"geometry":{"type":"Point","coordinates":[-3.6005,56.01796]}},{"type":"Feature","properties":{"n":"East Tanfield","g":"uk"},"geometry":{"type":"Point","coordinates":[-1.69929,54.88855]}},{"type":"Feature","properties":{"n":"Scruton","g":"uk"},"geometry":{"type":"Point","coordinates":[-1.53386,54.31958]}},{"type":"Feature","properties":{"n":"Whistle Inn halt","g":"uk"},"geometry":{"type":"Point","coordinates":[-3.11856,51.784]}},{"type":"Feature","properties":{"n":"Furnace Sidings","g":"uk"},"geometry":{"type":"Point","coordinates":[-3.11136,51.77855]}},{"type":"Feature","properties":{"n":"Blaenavon High Level","g":"uk"},"geometry":{"type":"Point","coordinates":[-3.08525,51.76848]}},{"type":"Feature","properties":{"n":"Big Pit halt","g":"uk"},"geometry":{"type":"Point","coordinates":[-3.1049,51.77398]}},{"type":"Feature","properties":{"n":"Prestwick Town","g":"uk"},"geometry":{"type":"Point","coordinates":[-4.61432,55.50177]}},{"type":"Feature","properties":{"n":"Lewes","g":"uk"},"geometry":{"type":"Point","coordinates":[0.0123,50.87064]}},{"type":"Feature","properties":{"n":"Martins Heron","g":"uk"},"geometry":{"type":"Point","coordinates":[-0.72542,51.40765]}},{"type":"Feature","properties":{"n":"Southampton Central","g":"uk"},"geometry":{"type":"Point","coordinates":[-1.41423,50.9075]}},{"type":"Feature","properties":{"n":"Edinburgh Airport","g":"uk","m":1},"geometry":{"type":"Point","coordinates":[-3.36039,55.94749]}},{"type":"Feature","properties":{"n":"Kingsley & Froghall","g":"uk"},"geometry":{"type":"Point","coordinates":[-1.96447,53.02157]}},{"type":"Feature","properties":{"n":"Nantmor Halt","g":"uk"},"geometry":{"type":"Point","coordinates":[-4.08917,52.99355]}},{"type":"Feature","properties":{"n":"Bontnewydd","g":"uk"},"geometry":{"type":"Point","coordinates":[-4.27591,53.11677]}},{"type":"Feature","properties":{"n":"Lidlington","g":"uk"},"geometry":{"type":"Point","coordinates":[-0.559,52.04158]}},{"type":"Feature","properties":{"n":"Clacton-on-Sea","g":"uk"},"geometry":{"type":"Point","coordinates":[1.15433,51.79453]}},{"type":"Feature","properties":{"n":"St Ives","g":"uk"},"geometry":{"type":"Point","coordinates":[-5.47777,50.20885]}},{"type":"Feature","properties":{"n":"Portrush","g":"uk"},"geometry":{"type":"Point","coordinates":[-6.65339,55.20312]}},{"type":"Feature","properties":{"n":"Dhu Varren","g":"uk"},"geometry":{"type":"Point","coordinates":[-6.66119,55.19622]}},{"type":"Feature","properties":{"n":"University","g":"uk"},"geometry":{"type":"Point","coordinates":[-6.66841,55.15039]}},{"type":"Feature","properties":{"n":"Estuary Halt","g":"uk"},"geometry":{"type":"Point","coordinates":[-4.05187,52.71229]}},{"type":"Feature","properties":{"n":"Barmouth Ferry","g":"uk"},"geometry":{"type":"Point","coordinates":[-4.0485,52.71515]}},{"type":"Feature","properties":{"n":"Golf Halt","g":"uk"},"geometry":{"type":"Point","coordinates":[-4.05751,52.70167]}},{"type":"Feature","properties":{"n":"Danycoed","g":"uk"},"geometry":{"type":"Point","coordinates":[-4.33041,51.90724]}},{"type":"Feature","properties":{"n":"Llwyfan Cerrig","g":"uk"},"geometry":{"type":"Point","coordinates":[-4.31822,51.90811]}},{"type":"Feature","properties":{"n":"Bronwydd Arms","g":"uk"},"geometry":{"type":"Point","coordinates":[-4.30074,51.89216]}},{"type":"Feature","properties":{"n":"Newton-on-Ayr","g":"uk"},"geometry":{"type":"Point","coordinates":[-4.62598,55.47397]}},{"type":"Feature","properties":{"n":"Lynton Village","g":"uk"},"geometry":{"type":"Point","coordinates":[-3.83547,51.2313]}},{"type":"Feature","properties":{"n":"Sandplace","g":"uk"},"geometry":{"type":"Point","coordinates":[-4.4648,50.3876]}},{"type":"Feature","properties":{"n":"Museum Halt","g":"uk"},"geometry":{"type":"Point","coordinates":[-1.54959,55.18975]}},{"type":"Feature","properties":{"n":"Lakeside Halt","g":"uk"},"geometry":{"type":"Point","coordinates":[-1.55139,55.19609]}},{"type":"Feature","properties":{"n":"Forest Halt","g":"uk"},"geometry":{"type":"Point","coordinates":[-0.97054,54.57939]}},{"type":"Feature","properties":{"n":"Drummuir","g":"uk"},"geometry":{"type":"Point","coordinates":[-3.03903,57.48423]}},{"type":"Feature","properties":{"n":"Meillionen","g":"uk"},"geometry":{"type":"Point","coordinates":[-4.12354,53.01941]}},{"type":"Feature","properties":{"n":"Dinas","g":"uk"},"geometry":{"type":"Point","coordinates":[-4.27699,53.10351]}},{"type":"Feature","properties":{"n":"Tryfan Junction","g":"uk"},"geometry":{"type":"Point","coordinates":[-4.23983,53.10797]}},{"type":"Feature","properties":{"n":"Coed-y-Bleiddiau","g":"uk"},"geometry":{"type":"Point","coordinates":[-3.98934,52.95642]}},{"type":"Feature","properties":{"n":"Penrhyn","g":"uk"},"geometry":{"type":"Point","coordinates":[-4.06484,52.93517]}},{"type":"Feature","properties":{"n":"Rheidol Falls","g":"uk"},"geometry":{"type":"Point","coordinates":[-3.89969,52.3911]}},{"type":"Feature","properties":{"n":"Nantyronen","g":"uk"},"geometry":{"type":"Point","coordinates":[-3.94875,52.38533]}},{"type":"Feature","properties":{"n":"Llanfair Caereinion","g":"uk"},"geometry":{"type":"Point","coordinates":[-3.32228,52.65192]}},{"type":"Feature","properties":{"n":"Eaglescliffe","g":"uk"},"geometry":{"type":"Point","coordinates":[-1.34972,54.53009]}},{"type":"Feature","properties":{"n":"Featherstone","g":"uk"},"geometry":{"type":"Point","coordinates":[-1.35828,53.6791]}},{"type":"Feature","properties":{"n":"Blunsdon","g":"uk"},"geometry":{"type":"Point","coordinates":[-1.84386,51.60738]}},{"type":"Feature","properties":{"n":"Hayes Knoll","g":"uk"},"geometry":{"type":"Point","coordinates":[-1.84717,51.61365]}},{"type":"Feature","properties":{"n":"Rocky Valley Halt","g":"uk"},"geometry":{"type":"Point","coordinates":[-4.08414,53.0893]}},{"type":"Feature","properties":{"n":"Spring Village","g":"uk"},"geometry":{"type":"Point","coordinates":[-2.48253,52.66286]}},{"type":"Feature","properties":{"n":"Tees Small Gauge Railway","g":"uk"},"geometry":{"type":"Point","coordinates":[-1.33835,54.53792]}},{"type":"Feature","properties":{"n":"Swale","g":"uk"},"geometry":{"type":"Point","coordinates":[0.74685,51.38897]}},{"type":"Feature","properties":{"n":"Oakwood Park Station","g":"uk"},"geometry":{"type":"Point","coordinates":[-4.80286,51.77895]}},{"type":"Feature","properties":{"n":"Central Station","g":"uk"},"geometry":{"type":"Point","coordinates":[-0.79802,52.75656]}},{"type":"Feature","properties":{"n":"Delph","g":"uk"},"geometry":{"type":"Point","coordinates":[-2.8382,53.7013]}},{"type":"Feature","properties":{"n":"Willow Tree Halt","g":"uk"},"geometry":{"type":"Point","coordinates":[-2.83867,53.70066]}},{"type":"Feature","properties":{"n":"Becconsall Station","g":"uk"},"geometry":{"type":"Point","coordinates":[-2.83812,53.6996]}},{"type":"Feature","properties":{"n":"Ashton-under-Lyne","g":"uk"},"geometry":{"type":"Point","coordinates":[-2.0937,53.49122]}},{"type":"Feature","properties":{"n":"Marine Parade Station","g":"uk"},"geometry":{"type":"Point","coordinates":[0.58873,50.85509]}},{"type":"Feature","properties":{"n":"Rock-a-Nore Station","g":"uk"},"geometry":{"type":"Point","coordinates":[0.59508,50.85586]}},{"type":"Feature","properties":{"n":"Princes Wharf","g":"uk"},"geometry":{"type":"Point","coordinates":[-2.59749,51.4481]}},{"type":"Feature","properties":{"n":"Kelling Heath Park","g":"uk"},"geometry":{"type":"Point","coordinates":[1.13776,52.93201]}},{"type":"Feature","properties":{"n":"Bishop Auckland West","g":"uk"},"geometry":{"type":"Point","coordinates":[-1.68164,54.65712]}},{"type":"Feature","properties":{"n":"Biggleswade","g":"uk"},"geometry":{"type":"Point","coordinates":[-0.26082,52.08503]}},{"type":"Feature","properties":{"n":"Cassiobury Park Station","g":"uk"},"geometry":{"type":"Point","coordinates":[-0.4238,51.66228]}},{"type":"Feature","properties":{"n":"Haste Hill","g":"uk"},"geometry":{"type":"Point","coordinates":[-0.42744,51.59704]}},{"type":"Feature","properties":{"n":"Blackridge","g":"uk"},"geometry":{"type":"Point","coordinates":[-3.75028,55.88438]}},{"type":"Feature","properties":{"n":"Droylsden","g":"uk","m":1},"geometry":{"type":"Point","coordinates":[-2.14499,53.47954]}},{"type":"Feature","properties":{"n":"Cemetery Road","g":"uk","m":1},"geometry":{"type":"Point","coordinates":[-2.15501,53.47986]}},{"type":"Feature","properties":{"n":"Velopark","g":"uk","m":1},"geometry":{"type":"Point","coordinates":[-2.19302,53.4823]}},{"type":"Feature","properties":{"n":"Clayton Hall","g":"uk","m":1},"geometry":{"type":"Point","coordinates":[-2.18243,53.48281]}},{"type":"Feature","properties":{"n":"New Islington","g":"uk","m":1},"geometry":{"type":"Point","coordinates":[-2.2198,53.48104]}},{"type":"Feature","properties":{"n":"Depot","g":"uk","m":1},"geometry":{"type":"Point","coordinates":[-2.24894,53.53202]}},{"type":"Feature","properties":{"n":"White Gate","g":"uk","m":1},"geometry":{"type":"Point","coordinates":[-2.25312,53.53264]}},{"type":"Feature","properties":{"n":"Severn Tunnel Junction","g":"uk"},"geometry":{"type":"Point","coordinates":[-2.7773,51.58425]}},{"type":"Feature","properties":{"n":"Ham Lane (FMR)","g":"uk"},"geometry":{"type":"Point","coordinates":[-0.30733,52.56279]}},{"type":"Feature","properties":{"n":"Gunwade (FMR)","g":"uk"},"geometry":{"type":"Point","coordinates":[-0.3126,52.56675]}},{"type":"Feature","properties":{"n":"Consall","g":"uk"},"geometry":{"type":"Point","coordinates":[-2.00119,53.03795]}},{"type":"Feature","properties":{"n":"Wem","g":"uk"},"geometry":{"type":"Point","coordinates":[-2.71827,52.85611]}},{"type":"Feature","properties":{"n":"Whitchurch","g":"uk"},"geometry":{"type":"Point","coordinates":[-2.67166,52.96822]}},{"type":"Feature","properties":{"n":"Nantwich","g":"uk"},"geometry":{"type":"Point","coordinates":[-2.51873,53.06355]}},{"type":"Feature","properties":{"n":"Prees","g":"uk"},"geometry":{"type":"Point","coordinates":[-2.68956,52.89946]}},{"type":"Feature","properties":{"n":"Wrenbury","g":"uk"},"geometry":{"type":"Point","coordinates":[-2.59561,53.01959]}},{"type":"Feature","properties":{"n":"Halesworth","g":"uk"},"geometry":{"type":"Point","coordinates":[1.50575,52.34696]}},{"type":"Feature","properties":{"n":"Longport","g":"uk"},"geometry":{"type":"Point","coordinates":[-2.21671,53.04209]}},{"type":"Feature","properties":{"n":"Butterfly Junction","g":"uk"},"geometry":{"type":"Point","coordinates":[-2.61998,51.44653]}},{"type":"Feature","properties":{"n":"Northern Moor","g":"uk","m":1},"geometry":{"type":"Point","coordinates":[-2.28816,53.41457]}},{"type":"Feature","properties":{"n":"Wythenshawe Park","g":"uk","m":1},"geometry":{"type":"Point","coordinates":[-2.29572,53.40771]}},{"type":"Feature","properties":{"n":"Sale Water Park","g":"uk","m":1},"geometry":{"type":"Point","coordinates":[-2.29074,53.42824]}},{"type":"Feature","properties":{"n":"Bushey","g":"uk"},"geometry":{"type":"Point","coordinates":[-0.38501,51.64553]}},{"type":"Feature","properties":{"n":"Moor Road","g":"uk","m":1},"geometry":{"type":"Point","coordinates":[-2.29518,53.40331]}},{"type":"Feature","properties":{"n":"Didsbury Village","g":"uk","m":1},"geometry":{"type":"Point","coordinates":[-2.22861,53.41674]}},{"type":"Feature","properties":{"n":"Benchill","g":"uk","m":1},"geometry":{"type":"Point","coordinates":[-2.25624,53.38724]}},{"type":"Feature","properties":{"n":"Roundthorn","g":"uk","m":1},"geometry":{"type":"Point","coordinates":[-2.2892,53.39264]}},{"type":"Feature","properties":{"n":"Penllyn","g":"uk"},"geometry":{"type":"Point","coordinates":[-4.14956,53.1371]}},{"type":"Feature","properties":{"n":"Fort Apache","g":"uk"},"geometry":{"type":"Point","coordinates":[0.56615,51.39476]}},{"type":"Feature","properties":{"n":"Stone","g":"uk"},"geometry":{"type":"Point","coordinates":[-2.15547,52.90847]}},{"type":"Feature","properties":{"n":"Buxton Miniature Railway","g":"uk"},"geometry":{"type":"Point","coordinates":[-1.91859,53.25664]}},{"type":"Feature","properties":{"n":"Gynn Square","g":"uk","m":1},"geometry":{"type":"Point","coordinates":[-3.05508,53.83386]}},{"type":"Feature","properties":{"n":"Chasetown (Church Street)","g":"uk"},"geometry":{"type":"Point","coordinates":[-1.94312,52.67337]}},{"type":"Feature","properties":{"n":"Corris","g":"uk"},"geometry":{"type":"Point","coordinates":[-3.84158,52.65337]}},{"type":"Feature","properties":{"n":"Whitchurch","g":"uk"},"geometry":{"type":"Point","coordinates":[-1.33874,51.23765]}},{"type":"Feature","properties":{"n":"Malin Bridge","g":"uk","m":1},"geometry":{"type":"Point","coordinates":[-1.50822,53.4007]}},{"type":"Feature","properties":{"n":"Leicester North","g":"uk"},"geometry":{"type":"Point","coordinates":[-1.1332,52.66783]}},{"type":"Feature","properties":{"n":"Maespoeth","g":"uk"},"geometry":{"type":"Point","coordinates":[-3.8445,52.64464]}},{"type":"Feature","properties":{"n":"High Rocks","g":"uk"},"geometry":{"type":"Point","coordinates":[0.22452,51.12248]}},{"type":"Feature","properties":{"n":"Eythorne","g":"uk"},"geometry":{"type":"Point","coordinates":[1.26384,51.19915]}},{"type":"Feature","properties":{"n":"Glaisdale","g":"uk"},"geometry":{"type":"Point","coordinates":[-0.79393,54.43951]}},{"type":"Feature","properties":{"n":"Cathedral","g":"uk","m":1},"geometry":{"type":"Point","coordinates":[-1.46905,53.38261]}},{"type":"Feature","properties":{"n":"Commondale","g":"uk"},"geometry":{"type":"Point","coordinates":[-0.97492,54.48123]}},{"type":"Feature","properties":{"n":"Newquay","g":"uk"},"geometry":{"type":"Point","coordinates":[-5.07513,50.41444]}},{"type":"Feature","properties":{"n":"Gorebridge","g":"uk"},"geometry":{"type":"Point","coordinates":[-3.04611,55.83996]}},{"type":"Feature","properties":{"n":"Egton","g":"uk"},"geometry":{"type":"Point","coordinates":[-0.76175,54.43753]}},{"type":"Feature","properties":{"n":"Sleights","g":"uk"},"geometry":{"type":"Point","coordinates":[-0.66276,54.46111]}},{"type":"Feature","properties":{"n":"Hythe Town","g":"uk"},"geometry":{"type":"Point","coordinates":[-1.39909,50.87078]}},{"type":"Feature","properties":{"n":"Hythe Pier","g":"uk"},"geometry":{"type":"Point","coordinates":[-1.3936,50.87459]}},{"type":"Feature","properties":{"n":"Ashurst New Forest","g":"uk"},"geometry":{"type":"Point","coordinates":[-1.52646,50.88985]}},{"type":"Feature","properties":{"n":"Castleton Moor","g":"uk"},"geometry":{"type":"Point","coordinates":[-0.94673,54.46715]}},{"type":"Feature","properties":{"n":"Coalyard Miniature Railway","g":"uk"},"geometry":{"type":"Point","coordinates":[-2.24013,52.38398]}},{"type":"Feature","properties":{"n":"Windy Ridge","g":"uk"},"geometry":{"type":"Point","coordinates":[0.28741,50.78829]}},{"type":"Feature","properties":{"n":"Hillers Halt","g":"uk"},"geometry":{"type":"Point","coordinates":[-1.90356,52.18348]}},{"type":"Feature","properties":{"n":"Beamish Town","g":"uk","m":1},"geometry":{"type":"Point","coordinates":[-1.66035,54.88931]}},{"type":"Feature","properties":{"n":"Home Farm","g":"uk","m":1},"geometry":{"type":"Point","coordinates":[-1.66434,54.88434]}},{"type":"Feature","properties":{"n":"1820s Georgian Landscape","g":"uk","m":1},"geometry":{"type":"Point","coordinates":[-1.65756,54.88461]}},{"type":"Feature","properties":{"n":"Brockford","g":"uk"},"geometry":{"type":"Point","coordinates":[1.11729,52.25037]}},{"type":"Feature","properties":{"n":"Harringay","g":"uk"},"geometry":{"type":"Point","coordinates":[-0.10527,51.57756]}},{"type":"Feature","properties":{"n":"Baker Street","g":"uk","m":1},"geometry":{"type":"Point","coordinates":[-0.15674,51.52259]}},{"type":"Feature","properties":{"n":"Paddington","g":"uk","m":1},"geometry":{"type":"Point","coordinates":[-0.17536,51.51548]}},{"type":"Feature","properties":{"n":"Boscarne Junction","g":"uk"},"geometry":{"type":"Point","coordinates":[-4.76132,50.47393]}},{"type":"Feature","properties":{"n":"Llanberis (LLR)","g":"uk"},"geometry":{"type":"Point","coordinates":[-4.11905,53.11773]}},{"type":"Feature","properties":{"n":"Gilfach Ddu","g":"uk"},"geometry":{"type":"Point","coordinates":[-4.11547,53.12266]}},{"type":"Feature","properties":{"n":"Cei Llydan","g":"uk"},"geometry":{"type":"Point","coordinates":[-4.1321,53.13073]}},{"type":"Feature","properties":{"n":"Abergwili Junction","g":"uk"},"geometry":{"type":"Point","coordinates":[-4.28072,51.86867]}},{"type":"Feature","properties":{"n":"Gourock","g":"uk"},"geometry":{"type":"Point","coordinates":[-4.81567,55.96162]}},{"type":"Feature","properties":{"n":"Wigan North Western","g":"uk"},"geometry":{"type":"Point","coordinates":[-2.633,53.5434]}},{"type":"Feature","properties":{"n":"Lake","g":"uk"},"geometry":{"type":"Point","coordinates":[-1.16647,50.64618]}},{"type":"Feature","properties":{"n":"Billingham","g":"uk"},"geometry":{"type":"Point","coordinates":[-1.27954,54.60571]}},{"type":"Feature","properties":{"n":"Hove","g":"uk"},"geometry":{"type":"Point","coordinates":[-0.17018,50.83521]}},{"type":"Feature","properties":{"n":"Waun-gron Park","g":"uk"},"geometry":{"type":"Point","coordinates":[-3.22969,51.4883]}},{"type":"Feature","properties":{"n":"Heaton Park","g":"uk","m":1},"geometry":{"type":"Point","coordinates":[-2.26729,53.53048]}},{"type":"Feature","properties":{"n":"Wolverhampton St Georges","g":"uk","m":1},"geometry":{"type":"Point","coordinates":[-2.12452,52.584]}},{"type":"Feature","properties":{"n":"Leadhills","g":"uk"},"geometry":{"type":"Point","coordinates":[-3.76081,55.41132]}},{"type":"Feature","properties":{"n":"Wicksteed Park","g":"uk"},"geometry":{"type":"Point","coordinates":[-0.70763,52.38468]}},{"type":"Feature","properties":{"n":"Appleby","g":"uk"},"geometry":{"type":"Point","coordinates":[-2.48654,54.58041]}},{"type":"Feature","properties":{"n":"Archway","g":"uk","m":1},"geometry":{"type":"Point","coordinates":[-0.13482,51.56531]}},{"type":"Feature","properties":{"n":"Cranmore","g":"uk"},"geometry":{"type":"Point","coordinates":[-2.47741,51.18517]}},{"type":"Feature","properties":{"n":"Mendip Vale","g":"uk"},"geometry":{"type":"Point","coordinates":[-2.51747,51.1801]}},{"type":"Feature","properties":{"n":"East Wheal Rose","g":"uk"},"geometry":{"type":"Point","coordinates":[-5.0421,50.36359]}},{"type":"Feature","properties":{"n":"Newlyn Halt","g":"uk"},"geometry":{"type":"Point","coordinates":[-5.04597,50.35767]}},{"type":"Feature","properties":{"n":"Groggly Halt","g":"uk"},"geometry":{"type":"Point","coordinates":[-5.04105,50.36209]}},{"type":"Feature","properties":{"n":"Benny Halt","g":"uk"},"geometry":{"type":"Point","coordinates":[-5.04111,50.37577]}},{"type":"Feature","properties":{"n":"Hendy","g":"uk"},"geometry":{"type":"Point","coordinates":[-4.07109,52.59082]}},{"type":"Feature","properties":{"n":"Cynfal","g":"uk"},"geometry":{"type":"Point","coordinates":[-4.05289,52.59823]}},{"type":"Feature","properties":{"n":"Fach Goch","g":"uk"},"geometry":{"type":"Point","coordinates":[-4.06092,52.59475]}},{"type":"Feature","properties":{"n":"Danby","g":"uk"},"geometry":{"type":"Point","coordinates":[-0.911,54.46617]}},{"type":"Feature","properties":{"n":"Lealholm","g":"uk"},"geometry":{"type":"Point","coordinates":[-0.82551,54.46046]}},{"type":"Feature","properties":{"n":"Central Park","g":"uk","m":1},"geometry":{"type":"Point","coordinates":[-2.19908,53.50158]}},{"type":"Feature","properties":{"n":"Hollinwood","g":"uk","m":1},"geometry":{"type":"Point","coordinates":[-2.1474,53.51995]}},{"type":"Feature","properties":{"n":"Monsall","g":"uk","m":1},"geometry":{"type":"Point","coordinates":[-2.21067,53.50108]}},{"type":"Feature","properties":{"n":"Oldham King Street","g":"uk","m":1},"geometry":{"type":"Point","coordinates":[-2.11746,53.53959]}},{"type":"Feature","properties":{"n":"Kildale","g":"uk"},"geometry":{"type":"Point","coordinates":[-1.06833,54.47775]}},{"type":"Feature","properties":{"n":"Cameron Bridge","g":"uk"},"geometry":{"type":"Point","coordinates":[-3.04572,56.19003]}},{"type":"Feature","properties":{"n":"Caverswall Road","g":"uk"},"geometry":{"type":"Point","coordinates":[-2.06451,52.97566]}},{"type":"Feature","properties":{"n":"Dilhorne Park","g":"uk"},"geometry":{"type":"Point","coordinates":[-2.04666,53.0004]}},{"type":"Feature","properties":{"n":"Rockingham","g":"uk"},"geometry":{"type":"Point","coordinates":[-1.41921,53.4938]}},{"type":"Feature","properties":{"n":"Audenshaw","g":"uk","m":1},"geometry":{"type":"Point","coordinates":[-2.13097,53.47819]}},{"type":"Feature","properties":{"n":"Ashton Moss","g":"uk","m":1},"geometry":{"type":"Point","coordinates":[-2.12186,53.48365]}},{"type":"Feature","properties":{"n":"Ashton West","g":"uk","m":1},"geometry":{"type":"Point","coordinates":[-2.10971,53.49023]}},{"type":"Feature","properties":{"n":"Ashton-under-Lyne","g":"uk","m":1},"geometry":{"type":"Point","coordinates":[-2.09807,53.4903]}},{"type":"Feature","properties":{"n":"Old Market Square","g":"uk","m":1},"geometry":{"type":"Point","coordinates":[-1.15021,52.95303]}},{"type":"Feature","properties":{"n":"Heyford","g":"uk"},"geometry":{"type":"Point","coordinates":[-1.29945,51.91858]}},{"type":"Feature","properties":{"n":"Moseley Village","g":"uk"},"geometry":{"type":"Point","coordinates":[-1.88484,52.44765]}},{"type":"Feature","properties":{"n":"Pineapple Road","g":"uk"},"geometry":{"type":"Point","coordinates":[-1.90779,52.43031]}},{"type":"Feature","properties":{"n":"Rhyd Ddu","g":"uk"},"geometry":{"type":"Point","coordinates":[-4.13304,53.05109]}},{"type":"Feature","properties":{"n":"Tynllwyn Hen","g":"uk"},"geometry":{"type":"Point","coordinates":[-4.04114,52.60291]}},{"type":"Feature","properties":{"n":"Shore Road","g":"uk","m":1},"geometry":{"type":"Point","coordinates":[-3.01413,53.39665]}},{"type":"Feature","properties":{"n":"Woodside Ferry","g":"uk","m":1},"geometry":{"type":"Point","coordinates":[-3.01001,53.39524]}},{"type":"Feature","properties":{"n":"Rio Grande Train Station","g":"uk"},"geometry":{"type":"Point","coordinates":[-1.55046,50.94936]}},{"type":"Feature","properties":{"n":"Bridgwater","g":"uk"},"geometry":{"type":"Point","coordinates":[-2.99025,51.12784]}},{"type":"Feature","properties":{"n":"Nunnery Square","g":"uk","m":1},"geometry":{"type":"Point","coordinates":[-1.44176,53.38552]}},{"type":"Feature","properties":{"n":"Bromsgrove","g":"uk"},"geometry":{"type":"Point","coordinates":[-2.04998,52.32016]}},{"type":"Feature","properties":{"n":"East Acton","g":"uk","m":1},"geometry":{"type":"Point","coordinates":[-0.24814,51.51735]}},{"type":"Feature","properties":{"n":"Cullybackey","g":"uk"},"geometry":{"type":"Point","coordinates":[-6.34453,54.88813]}},{"type":"Feature","properties":{"n":"Fishermans Walk","g":"uk","m":1},"geometry":{"type":"Point","coordinates":[-3.01742,53.9196]}},{"type":"Feature","properties":{"n":"London Street","g":"uk","m":1},"geometry":{"type":"Point","coordinates":[-3.01154,53.9226]}},{"type":"Feature","properties":{"n":"Victoria Street","g":"uk","m":1},"geometry":{"type":"Point","coordinates":[-3.00867,53.92493]}},{"type":"Feature","properties":{"n":"Stanley Road","g":"uk","m":1},"geometry":{"type":"Point","coordinates":[-3.0205,53.91668]}},{"type":"Feature","properties":{"n":"Bispham","g":"uk","m":1},"geometry":{"type":"Point","coordinates":[-3.0535,53.84904]}},{"type":"Feature","properties":{"n":"Cabin","g":"uk","m":1},"geometry":{"type":"Point","coordinates":[-3.05475,53.83801]}},{"type":"Feature","properties":{"n":"Little Bispham","g":"uk","m":1},"geometry":{"type":"Point","coordinates":[-3.04756,53.86588]}},{"type":"Feature","properties":{"n":"Norbreck","g":"uk","m":1},"geometry":{"type":"Point","coordinates":[-3.05008,53.8578]}},{"type":"Feature","properties":{"n":"Cleveleys","g":"uk","m":1},"geometry":{"type":"Point","coordinates":[-3.03975,53.87756]}},{"type":"Feature","properties":{"n":"Winchcombe","g":"uk"},"geometry":{"type":"Point","coordinates":[-1.96309,51.96635]}},{"type":"Feature","properties":{"n":"Toddington","g":"uk"},"geometry":{"type":"Point","coordinates":[-1.92846,51.98933]}},{"type":"Feature","properties":{"n":"Great Ayton","g":"uk"},"geometry":{"type":"Point","coordinates":[-1.11524,54.4895]}},{"type":"Feature","properties":{"n":"Cliffs Hotel","g":"uk","m":1},"geometry":{"type":"Point","coordinates":[-3.05494,53.83606]}},{"type":"Feature","properties":{"n":"Pleasant Street","g":"uk","m":1},"geometry":{"type":"Point","coordinates":[-3.05552,53.82527]}},{"type":"Feature","properties":{"n":"Wilton Parade","g":"uk","m":1},"geometry":{"type":"Point","coordinates":[-3.05567,53.82789]}},{"type":"Feature","properties":{"n":"North Pier","g":"uk","m":1},"geometry":{"type":"Point","coordinates":[-3.05613,53.81773]}},{"type":"Feature","properties":{"n":"North Pier","g":"uk","m":1},"geometry":{"type":"Point","coordinates":[-3.0557,53.81966]}},{"type":"Feature","properties":{"n":"Giggleswick","g":"uk"},"geometry":{"type":"Point","coordinates":[-2.30285,54.06177]}},{"type":"Feature","properties":{"n":"Saltburn","g":"uk"},"geometry":{"type":"Point","coordinates":[-0.97522,54.58342]}},{"type":"Feature","properties":{"n":"Longbeck","g":"uk"},"geometry":{"type":"Point","coordinates":[-1.03099,54.58934]}},{"type":"Feature","properties":{"n":"Day Lodge","g":"uk","m":1},"geometry":{"type":"Point","coordinates":[-3.24872,57.20065]}},{"type":"Feature","properties":{"n":"Snowy Owl","g":"uk","m":1},"geometry":{"type":"Point","coordinates":[-3.25768,57.19884]}},{"type":"Feature","properties":{"n":"Streatham Hill","g":"uk"},"geometry":{"type":"Point","coordinates":[-0.12779,51.43833]}},{"type":"Feature","properties":{"n":"Bishops Lydeard","g":"uk"},"geometry":{"type":"Point","coordinates":[-3.19412,51.05414]}},{"type":"Feature","properties":{"n":"Anchorsholme Lane","g":"uk","m":1},"geometry":{"type":"Point","coordinates":[-3.04277,53.87142]}},{"type":"Feature","properties":{"n":"Snaresbrook","g":"uk","m":1},"geometry":{"type":"Point","coordinates":[0.02159,51.5808]}},{"type":"Feature","properties":{"n":"Long Eaton","g":"uk"},"geometry":{"type":"Point","coordinates":[-1.28728,52.88497]}},{"type":"Feature","properties":{"n":"Main Entrance Station","g":"uk"},"geometry":{"type":"Point","coordinates":[-4.80014,51.77759]}},{"type":"Feature","properties":{"n":"Burlington Road West","g":"uk","m":1},"geometry":{"type":"Point","coordinates":[-3.0583,53.78713]}},{"type":"Feature","properties":{"n":"Harrow Place","g":"uk","m":1},"geometry":{"type":"Point","coordinates":[-3.05808,53.78251]}},{"type":"Feature","properties":{"n":"Pleasure Beach","g":"uk","m":1},"geometry":{"type":"Point","coordinates":[-3.05677,53.79346]}},{"type":"Feature","properties":{"n":"South Pier","g":"uk","m":1},"geometry":{"type":"Point","coordinates":[-3.05635,53.79589]}},{"type":"Feature","properties":{"n":"Strawberry Hill","g":"uk"},"geometry":{"type":"Point","coordinates":[-0.33933,51.43919]}},{"type":"Feature","properties":{"n":"Central Pier","g":"uk","m":1},"geometry":{"type":"Point","coordinates":[-3.05556,53.81179]}},{"type":"Feature","properties":{"n":"Manchester Square","g":"uk","m":1},"geometry":{"type":"Point","coordinates":[-3.05552,53.80793]}},{"type":"Feature","properties":{"n":"St Chad's Road","g":"uk","m":1},"geometry":{"type":"Point","coordinates":[-3.05563,53.80246]}},{"type":"Feature","properties":{"n":"Tower","g":"uk","m":1},"geometry":{"type":"Point","coordinates":[-3.05588,53.81451]}},{"type":"Feature","properties":{"n":"Waterloo Road","g":"uk","m":1},"geometry":{"type":"Point","coordinates":[-3.05589,53.79905]}},{"type":"Feature","properties":{"n":"Gotherington","g":"uk"},"geometry":{"type":"Point","coordinates":[-2.0381,51.96718]}},{"type":"Feature","properties":{"n":"Littleport","g":"uk"},"geometry":{"type":"Point","coordinates":[0.31638,52.46233]}},{"type":"Feature","properties":{"n":"Grangetown","g":"uk"},"geometry":{"type":"Point","coordinates":[-3.18956,51.46725]}},{"type":"Feature","properties":{"n":"Lace Market","g":"uk","m":1},"geometry":{"type":"Point","coordinates":[-1.14557,52.95276]}},{"type":"Feature","properties":{"n":"Rossall Beach","g":"uk","m":1},"geometry":{"type":"Point","coordinates":[-3.04038,53.8877]}},{"type":"Feature","properties":{"n":"Thornton Gate","g":"uk","m":1},"geometry":{"type":"Point","coordinates":[-3.03958,53.8834]}},{"type":"Feature","properties":{"n":"Broadwater","g":"uk","m":1},"geometry":{"type":"Point","coordinates":[-3.0321,53.904]}},{"type":"Feature","properties":{"n":"Rossall School","g":"uk","m":1},"geometry":{"type":"Point","coordinates":[-3.0395,53.89687]}},{"type":"Feature","properties":{"n":"Peel Hall","g":"uk","m":1},"geometry":{"type":"Point","coordinates":[-2.2504,53.3737]}},{"type":"Feature","properties":{"n":"Cavendish Road","g":"uk","m":1},"geometry":{"type":"Point","coordinates":[-3.05358,53.84647]}},{"type":"Feature","properties":{"n":"Lowther Avenue","g":"uk","m":1},"geometry":{"type":"Point","coordinates":[-3.05431,53.84189]}},{"type":"Feature","properties":{"n":"Sandhurst Avenue","g":"uk","m":1},"geometry":{"type":"Point","coordinates":[-3.05172,53.85359]}},{"type":"Feature","properties":{"n":"Martinscroft","g":"uk","m":1},"geometry":{"type":"Point","coordinates":[-2.27984,53.39184]}},{"type":"Feature","properties":{"n":"Recreation Ground Halt","g":"uk"},"geometry":{"type":"Point","coordinates":[-1.578,53.09675]}},{"type":"Feature","properties":{"n":"Steeple Grange","g":"uk"},"geometry":{"type":"Point","coordinates":[-1.57074,53.09571]}},{"type":"Feature","properties":{"n":"Crowthorne","g":"uk"},"geometry":{"type":"Point","coordinates":[-0.81926,51.36649]}},{"type":"Feature","properties":{"n":"Sandhurst","g":"uk"},"geometry":{"type":"Point","coordinates":[-0.80381,51.34654]}},{"type":"Feature","properties":{"n":"Bedworth","g":"uk"},"geometry":{"type":"Point","coordinates":[-1.46752,52.47948]}},{"type":"Feature","properties":{"n":"Bank","g":"uk","m":1},"geometry":{"type":"Point","coordinates":[-0.08937,51.5131]}},{"type":"Feature","properties":{"n":"Watton-at-Stone","g":"uk"},"geometry":{"type":"Point","coordinates":[-0.11939,51.85647]}},{"type":"Feature","properties":{"n":"Hatfield","g":"uk"},"geometry":{"type":"Point","coordinates":[-0.2158,51.76516]}},{"type":"Feature","properties":{"n":"Hythe (Colchester)","g":"uk"},"geometry":{"type":"Point","coordinates":[0.92753,51.88581]}},{"type":"Feature","properties":{"n":"Huntingdon","g":"uk"},"geometry":{"type":"Point","coordinates":[-0.19247,52.32881]}},{"type":"Feature","properties":{"n":"Heathrow Terminal 4","g":"uk","m":1},"geometry":{"type":"Point","coordinates":[-0.44547,51.45881]}},{"type":"Feature","properties":{"n":"Barons Court","g":"uk","m":1},"geometry":{"type":"Point","coordinates":[-0.21441,51.49035]}},{"type":"Feature","properties":{"n":"Arnos Grove","g":"uk","m":1},"geometry":{"type":"Point","coordinates":[-0.1331,51.61643]}},{"type":"Feature","properties":{"n":"Ash","g":"uk"},"geometry":{"type":"Point","coordinates":[-0.71291,51.24973]}},{"type":"Feature","properties":{"n":"Wanborough","g":"uk"},"geometry":{"type":"Point","coordinates":[-0.66761,51.24462]}},{"type":"Feature","properties":{"n":"Starcross","g":"uk"},"geometry":{"type":"Point","coordinates":[-3.44764,50.62759]}},{"type":"Feature","properties":{"n":"Coleraine","g":"uk"},"geometry":{"type":"Point","coordinates":[-6.66267,55.13396]}},{"type":"Feature","properties":{"n":"Lymington Pier","g":"uk"},"geometry":{"type":"Point","coordinates":[-1.52932,50.75769]}},{"type":"Feature","properties":{"n":"Lymington Town","g":"uk"},"geometry":{"type":"Point","coordinates":[-1.53709,50.76108]}},{"type":"Feature","properties":{"n":"Dalmarnock","g":"uk"},"geometry":{"type":"Point","coordinates":[-4.21747,55.84218]}},{"type":"Feature","properties":{"n":"Boughton","g":"uk"},"geometry":{"type":"Point","coordinates":[-0.92131,52.28154]}},{"type":"Feature","properties":{"n":"New Brighton","g":"uk"},"geometry":{"type":"Point","coordinates":[-3.04805,53.43739]}},{"type":"Feature","properties":{"n":"Angel","g":"uk","m":1},"geometry":{"type":"Point","coordinates":[-0.10604,51.53249]}},{"type":"Feature","properties":{"n":"Camden Town","g":"uk","m":1},"geometry":{"type":"Point","coordinates":[-0.1427,51.53944]}},{"type":"Feature","properties":{"n":"East Finchley","g":"uk","m":1},"geometry":{"type":"Point","coordinates":[-0.16481,51.58719]}},{"type":"Feature","properties":{"n":"Highgate","g":"uk","m":1},"geometry":{"type":"Point","coordinates":[-0.14583,51.57768]}},{"type":"Feature","properties":{"n":"Tufnell Park","g":"uk","m":1},"geometry":{"type":"Point","coordinates":[-0.13846,51.5568]}},{"type":"Feature","properties":{"n":"Hendon Central","g":"uk","m":1},"geometry":{"type":"Point","coordinates":[-0.22655,51.5834]}},{"type":"Feature","properties":{"n":"Farnborough North","g":"uk"},"geometry":{"type":"Point","coordinates":[-0.74305,51.3024]}},{"type":"Feature","properties":{"n":"Shudehill","g":"uk","m":1},"geometry":{"type":"Point","coordinates":[-2.23908,53.48523]}},{"type":"Feature","properties":{"n":"High Barnet","g":"uk","m":1},"geometry":{"type":"Point","coordinates":[-0.19388,51.6504]}},{"type":"Feature","properties":{"n":"Heathfield Road","g":"uk","m":1},"geometry":{"type":"Point","coordinates":[-3.02745,53.90988]}},{"type":"Feature","properties":{"n":"Lindel Road","g":"uk","m":1},"geometry":{"type":"Point","coordinates":[-3.02354,53.91374]}},{"type":"Feature","properties":{"n":"Rossall Square","g":"uk","m":1},"geometry":{"type":"Point","coordinates":[-3.03672,53.90062]}},{"type":"Feature","properties":{"n":"Brent Cross","g":"uk","m":1},"geometry":{"type":"Point","coordinates":[-0.21397,51.57682]}},{"type":"Feature","properties":{"n":"Town Station","g":"uk"},"geometry":{"type":"Point","coordinates":[-0.97104,54.58571]}},{"type":"Feature","properties":{"n":"Great Yarmouth","g":"uk"},"geometry":{"type":"Point","coordinates":[1.72069,52.61192]}},{"type":"Feature","properties":{"n":"Roundhouse Halt","g":"uk"},"geometry":{"type":"Point","coordinates":[-1.38134,53.27466]}},{"type":"Feature","properties":{"n":"Goring & Streatley","g":"uk"},"geometry":{"type":"Point","coordinates":[-1.13312,51.52119]}},{"type":"Feature","properties":{"n":"Dymchurch","g":"uk"},"geometry":{"type":"Point","coordinates":[0.9905,51.0252]}},{"type":"Feature","properties":{"n":"Romney Warren Halt","g":"uk"},"geometry":{"type":"Point","coordinates":[0.96037,50.99722]}},{"type":"Feature","properties":{"n":"St Mary's Bay","g":"uk","m":1},"geometry":{"type":"Point","coordinates":[0.97458,51.01156]}},{"type":"Feature","properties":{"n":"Stony Shaw","g":"uk"},"geometry":{"type":"Point","coordinates":[0.6847,51.2927]}},{"type":"Feature","properties":{"n":"Downpatrick","g":"uk"},"geometry":{"type":"Point","coordinates":[-5.72225,54.32568]}},{"type":"Feature","properties":{"n":"Starr Gate","g":"uk","m":1},"geometry":{"type":"Point","coordinates":[-3.05605,53.77795]}},{"type":"Feature","properties":{"n":"Greenford","g":"uk","m":1},"geometry":{"type":"Point","coordinates":[-0.3448,51.54212]}},{"type":"Feature","properties":{"n":"Wanstead Park","g":"uk"},"geometry":{"type":"Point","coordinates":[0.02607,51.55176]}},{"type":"Feature","properties":{"n":"Leytonstone High Road","g":"uk"},"geometry":{"type":"Point","coordinates":[0.0082,51.56368]}},{"type":"Feature","properties":{"n":"Hill Train Bottom","g":"uk"},"geometry":{"type":"Point","coordinates":[-0.65026,51.46377]}},{"type":"Feature","properties":{"n":"Hill Train Top","g":"uk"},"geometry":{"type":"Point","coordinates":[-0.65364,51.4642]}},{"type":"Feature","properties":{"n":"Barshaw Central","g":"uk"},"geometry":{"type":"Point","coordinates":[-4.39629,55.84872]}},{"type":"Feature","properties":{"n":"Fishguard and Goodwick","g":"uk"},"geometry":{"type":"Point","coordinates":[-4.99507,52.00397]}},{"type":"Feature","properties":{"n":"West Croydon","g":"uk","m":1},"geometry":{"type":"Point","coordinates":[-0.10162,51.37905]}},{"type":"Feature","properties":{"n":"East Croydon","g":"uk","m":1},"geometry":{"type":"Point","coordinates":[-0.09265,51.37492]}},{"type":"Feature","properties":{"n":"Alston","g":"uk"},"geometry":{"type":"Point","coordinates":[-2.44201,54.8146]}},{"type":"Feature","properties":{"n":"Lebanon Road","g":"uk","m":1},"geometry":{"type":"Point","coordinates":[-0.08452,51.37519]}},{"type":"Feature","properties":{"n":"Lloyd Park","g":"uk","m":1},"geometry":{"type":"Point","coordinates":[-0.0807,51.36417]}},{"type":"Feature","properties":{"n":"Lebanon Road","g":"uk","m":1},"geometry":{"type":"Point","coordinates":[-0.08556,51.3752]}},{"type":"Feature","properties":{"n":"Belgrave Walk","g":"uk","m":1},"geometry":{"type":"Point","coordinates":[-0.17818,51.40087]}},{"type":"Feature","properties":{"n":"Belgrave Walk","g":"uk","m":1},"geometry":{"type":"Point","coordinates":[-0.17865,51.40109]}},{"type":"Feature","properties":{"n":"Phipps Bridge","g":"uk","m":1},"geometry":{"type":"Point","coordinates":[-0.18211,51.40335]}},{"type":"Feature","properties":{"n":"Heywood","g":"uk"},"geometry":{"type":"Point","coordinates":[-2.20701,53.58901]}},{"type":"Feature","properties":{"n":"Deansgate-Castlefield","g":"uk","m":1},"geometry":{"type":"Point","coordinates":[-2.25037,53.47471]}},{"type":"Feature","properties":{"n":"King's Sutton","g":"uk"},"geometry":{"type":"Point","coordinates":[-1.28097,52.02109]}},{"type":"Feature","properties":{"n":"The Royal","g":"uk","m":1},"geometry":{"type":"Point","coordinates":[-2.11693,52.58105]}},{"type":"Feature","properties":{"n":"The Crescent","g":"uk","m":1},"geometry":{"type":"Point","coordinates":[-2.08082,52.56797]}},{"type":"Feature","properties":{"n":"Virginia Water","g":"uk"},"geometry":{"type":"Point","coordinates":[-0.56208,51.40152]}},{"type":"Feature","properties":{"n":"Saltcoats","g":"uk"},"geometry":{"type":"Point","coordinates":[-4.78457,55.63391]}},{"type":"Feature","properties":{"n":"Pangbourne","g":"uk"},"geometry":{"type":"Point","coordinates":[-1.09043,51.48536]}},{"type":"Feature","properties":{"n":"Fellgate","g":"uk","m":1},"geometry":{"type":"Point","coordinates":[-1.48523,54.9575]}},{"type":"Feature","properties":{"n":"Mill Hill East","g":"uk","m":1},"geometry":{"type":"Point","coordinates":[-0.21015,51.60827]}},{"type":"Feature","properties":{"n":"West Finchley","g":"uk","m":1},"geometry":{"type":"Point","coordinates":[-0.18833,51.60943]}},{"type":"Feature","properties":{"n":"Woodside Park","g":"uk","m":1},"geometry":{"type":"Point","coordinates":[-0.18552,51.61794]}},{"type":"Feature","properties":{"n":"Bilston Central","g":"uk","m":1},"geometry":{"type":"Point","coordinates":[-2.07506,52.56572]}},{"type":"Feature","properties":{"n":"Dudley Street, Guns Village","g":"uk","m":1},"geometry":{"type":"Point","coordinates":[-2.00857,52.52517]}},{"type":"Feature","properties":{"n":"Blaenau Ffestiniog","g":"uk"},"geometry":{"type":"Point","coordinates":[-3.93792,52.99459]}},{"type":"Feature","properties":{"n":"Tanygrisiau","g":"uk"},"geometry":{"type":"Point","coordinates":[-3.96273,52.9857]}},{"type":"Feature","properties":{"n":"Tan y Bwlch","g":"uk"},"geometry":{"type":"Point","coordinates":[-4.01123,52.95447]}},{"type":"Feature","properties":{"n":"Porthmadog Harbour","g":"uk"},"geometry":{"type":"Point","coordinates":[-4.12667,52.92401]}},{"type":"Feature","properties":{"n":"Dduallt","g":"uk"},"geometry":{"type":"Point","coordinates":[-3.9687,52.96024]}},{"type":"Feature","properties":{"n":"Boston Lodge Halt","g":"uk"},"geometry":{"type":"Point","coordinates":[-4.10461,52.92087]}},{"type":"Feature","properties":{"n":"Porthmadog","g":"uk"},"geometry":{"type":"Point","coordinates":[-4.13531,52.93099]}},{"type":"Feature","properties":{"n":"Mills Hill","g":"uk"},"geometry":{"type":"Point","coordinates":[-2.17147,53.55086]}},{"type":"Feature","properties":{"n":"Llandecwyn","g":"uk"},"geometry":{"type":"Point","coordinates":[-4.05656,52.92102]}},{"type":"Feature","properties":{"n":"Beach Halt","g":"uk"},"geometry":{"type":"Point","coordinates":[-4.05656,52.69772]}},{"type":"Feature","properties":{"n":"Loop Halt","g":"uk"},"geometry":{"type":"Point","coordinates":[-4.05801,52.70443]}},{"type":"Feature","properties":{"n":"Balgreen","g":"uk","m":1},"geometry":{"type":"Point","coordinates":[-3.25222,55.93815]}},{"type":"Feature","properties":{"n":"Princes Street","g":"uk","m":1},"geometry":{"type":"Point","coordinates":[-3.19782,55.95183]}},{"type":"Feature","properties":{"n":"Amberley","g":"uk"},"geometry":{"type":"Point","coordinates":[-0.53908,50.89861]}},{"type":"Feature","properties":{"n":"Cragside","g":"uk"},"geometry":{"type":"Point","coordinates":[-0.53449,50.90027]}},{"type":"Feature","properties":{"n":"Lollipop Express - Kingsway Stop","g":"uk","m":1},"geometry":{"type":"Point","coordinates":[-0.01653,53.55069]}},{"type":"Feature","properties":{"n":"Lollipop Express - Pier Stop","g":"uk","m":1},"geometry":{"type":"Point","coordinates":[-0.02765,53.56106]}},{"type":"Feature","properties":{"n":"Worth Halt","g":"uk"},"geometry":{"type":"Point","coordinates":[0.07323,50.94658]}},{"type":"Feature","properties":{"n":"East Grinstead (Bluebell)","g":"uk"},"geometry":{"type":"Point","coordinates":[-0.02043,51.1246]}},{"type":"Feature","properties":{"n":"Edinburgh Park Central","g":"uk","m":1},"geometry":{"type":"Point","coordinates":[-3.31457,55.93133]}},{"type":"Feature","properties":{"n":"Gyle Centre","g":"uk","m":1},"geometry":{"type":"Point","coordinates":[-3.31842,55.93808]}},{"type":"Feature","properties":{"n":"Oswestry","g":"uk"},"geometry":{"type":"Point","coordinates":[-3.04986,52.86137]}},{"type":"Feature","properties":{"n":"Epping","g":"uk","m":1},"geometry":{"type":"Point","coordinates":[0.11399,51.69363]}},{"type":"Feature","properties":{"n":"Portsmouth Arms","g":"uk"},"geometry":{"type":"Point","coordinates":[-3.95128,50.95698]}},{"type":"Feature","properties":{"n":"St Peter's Square","g":"uk","m":1},"geometry":{"type":"Point","coordinates":[-2.24309,53.47807]}},{"type":"Feature","properties":{"n":"Pencoed","g":"uk"},"geometry":{"type":"Point","coordinates":[-3.50137,51.5239]}},{"type":"Feature","properties":{"n":"Shawfair","g":"uk"},"geometry":{"type":"Point","coordinates":[-3.09022,55.9177]}},{"type":"Feature","properties":{"n":"Eskbank","g":"uk"},"geometry":{"type":"Point","coordinates":[-3.08279,55.88121]}},{"type":"Feature","properties":{"n":"Newmills","g":"uk"},"geometry":{"type":"Point","coordinates":[-4.40605,50.6405]}},{"type":"Feature","properties":{"n":"Shenfield","g":"uk"},"geometry":{"type":"Point","coordinates":[0.33002,51.63064]}},{"type":"Feature","properties":{"n":"Ilford","g":"uk"},"geometry":{"type":"Point","coordinates":[0.06891,51.55894]}},{"type":"Feature","properties":{"n":"Seven Kings","g":"uk"},"geometry":{"type":"Point","coordinates":[0.09687,51.56394]}},{"type":"Feature","properties":{"n":"Llanberis (SMR)","g":"uk"},"geometry":{"type":"Point","coordinates":[-4.11968,53.11629]}},{"type":"Feature","properties":{"n":"Newtongrange","g":"uk"},"geometry":{"type":"Point","coordinates":[-3.06888,55.86467]}},{"type":"Feature","properties":{"n":"Stow","g":"uk"},"geometry":{"type":"Point","coordinates":[-2.86682,55.69186]}},{"type":"Feature","properties":{"n":"Cambridge North","g":"uk"},"geometry":{"type":"Point","coordinates":[0.15877,52.22465]}},{"type":"Feature","properties":{"n":"Etal","g":"uk"},"geometry":{"type":"Point","coordinates":[-2.12265,55.64642]}},{"type":"Feature","properties":{"n":"Braintree","g":"uk"},"geometry":{"type":"Point","coordinates":[0.55673,51.87531]}},{"type":"Feature","properties":{"n":"Soham","g":"uk"},"geometry":{"type":"Point","coordinates":[0.3281,52.33495]}},{"type":"Feature","properties":{"n":"Coventry Arena","g":"uk"},"geometry":{"type":"Point","coordinates":[-1.4948,52.44696]}},{"type":"Feature","properties":{"n":"Somersham","g":"uk"},"geometry":{"type":"Point","coordinates":[-0.9115,51.56686]}},{"type":"Feature","properties":{"n":"Bourne Again Junction","g":"uk"},"geometry":{"type":"Point","coordinates":[-0.90723,51.56798]}},{"type":"Feature","properties":{"n":"Manningtree","g":"uk"},"geometry":{"type":"Point","coordinates":[1.04493,51.94914]}},{"type":"Feature","properties":{"n":"Basildon","g":"uk"},"geometry":{"type":"Point","coordinates":[0.4568,51.56814]}},{"type":"Feature","properties":{"n":"West Horndon","g":"uk"},"geometry":{"type":"Point","coordinates":[0.34068,51.56785]}},{"type":"Feature","properties":{"n":"Marks Tey","g":"uk"},"geometry":{"type":"Point","coordinates":[0.78255,51.88081]}},{"type":"Feature","properties":{"n":"Horley","g":"uk"},"geometry":{"type":"Point","coordinates":[-0.16095,51.16879]}},{"type":"Feature","properties":{"n":"Nappers Halt","g":"uk"},"geometry":{"type":"Point","coordinates":[-3.70252,50.46121]}},{"type":"Feature","properties":{"n":"Conon Bridge","g":"uk"},"geometry":{"type":"Point","coordinates":[-4.44038,57.56163]}},{"type":"Feature","properties":{"n":"Nunckley Hill","g":"uk"},"geometry":{"type":"Point","coordinates":[-1.1574,52.72237]}},{"type":"Feature","properties":{"n":"Letchworth Garden City","g":"uk"},"geometry":{"type":"Point","coordinates":[-0.22891,51.98035]}},{"type":"Feature","properties":{"n":"Plym Bridge","g":"uk"},"geometry":{"type":"Point","coordinates":[-4.07929,50.40875]}},{"type":"Feature","properties":{"n":"Maryport","g":"uk"},"geometry":{"type":"Point","coordinates":[-3.49409,54.7113]}},{"type":"Feature","properties":{"n":"Ambergate","g":"uk"},"geometry":{"type":"Point","coordinates":[-1.48087,53.06042]}},{"type":"Feature","properties":{"n":"Street and Coal Mine","g":"uk","m":1},"geometry":{"type":"Point","coordinates":[-4.03069,55.86714]}},{"type":"Feature","properties":{"n":"Spondon","g":"uk"},"geometry":{"type":"Point","coordinates":[-1.41082,52.91209]}},{"type":"Feature","properties":{"n":"East Midlands Parkway","g":"uk"},"geometry":{"type":"Point","coordinates":[-1.26288,52.86227]}},{"type":"Feature","properties":{"n":"South Wigston","g":"uk"},"geometry":{"type":"Point","coordinates":[-1.13403,52.58239]}},{"type":"Feature","properties":{"n":"Welwyn Garden City","g":"uk"},"geometry":{"type":"Point","coordinates":[-0.20384,51.80085]}},{"type":"Feature","properties":{"n":"City Hall","g":"uk","m":1},"geometry":{"type":"Point","coordinates":[-1.47235,53.38205]}},{"type":"Feature","properties":{"n":"Ingliston Park & Ride","g":"uk","m":1},"geometry":{"type":"Point","coordinates":[-3.35409,55.94004]}},{"type":"Feature","properties":{"n":"Piccadilly Gardens","g":"uk","m":1},"geometry":{"type":"Point","coordinates":[-2.2369,53.48028]}},{"type":"Feature","properties":{"n":"Rotherham Central","g":"uk","m":1},"geometry":{"type":"Point","coordinates":[-1.36154,53.43103]}},{"type":"Feature","properties":{"n":"South Harrow","g":"uk","m":1},"geometry":{"type":"Point","coordinates":[-0.35222,51.56465]}},{"type":"Feature","properties":{"n":"Sudbury Town","g":"uk","m":1},"geometry":{"type":"Point","coordinates":[-0.31562,51.55075]}},{"type":"Feature","properties":{"n":"Gleadless Townend","g":"uk","m":1},"geometry":{"type":"Point","coordinates":[-1.42587,53.3461]}},{"type":"Feature","properties":{"n":"Clifton South","g":"uk","m":1},"geometry":{"type":"Point","coordinates":[-1.19317,52.89637]}},{"type":"Feature","properties":{"n":"Ruddington Lane","g":"uk","m":1},"geometry":{"type":"Point","coordinates":[-1.15834,52.91475]}},{"type":"Feature","properties":{"n":"Wilford Lane","g":"uk","m":1},"geometry":{"type":"Point","coordinates":[-1.15616,52.92608]}},{"type":"Feature","properties":{"n":"Wilford Village","g":"uk","m":1},"geometry":{"type":"Point","coordinates":[-1.15559,52.93588]}},{"type":"Feature","properties":{"n":"Holy Trinity","g":"uk","m":1},"geometry":{"type":"Point","coordinates":[-1.18135,52.89697]}},{"type":"Feature","properties":{"n":"Clifton Centre","g":"uk","m":1},"geometry":{"type":"Point","coordinates":[-1.17693,52.90385]}},{"type":"Feature","properties":{"n":"Rivergreen","g":"uk","m":1},"geometry":{"type":"Point","coordinates":[-1.17468,52.90706]}},{"type":"Feature","properties":{"n":"Southchurch Drive North","g":"uk","m":1},"geometry":{"type":"Point","coordinates":[-1.17051,52.91068]}},{"type":"Feature","properties":{"n":"Navigation Road","g":"uk","m":1},"geometry":{"type":"Point","coordinates":[-2.34333,53.39577]}},{"type":"Feature","properties":{"n":"Holt Town","g":"uk","m":1},"geometry":{"type":"Point","coordinates":[-2.21205,53.48331]}},{"type":"Feature","properties":{"n":"Etihad Campus","g":"uk","m":1},"geometry":{"type":"Point","coordinates":[-2.20234,53.48535]}},{"type":"Feature","properties":{"n":"MediaCityUK","g":"uk","m":1},"geometry":{"type":"Point","coordinates":[-2.29714,53.47214]}},{"type":"Feature","properties":{"n":"Newhey","g":"uk","m":1},"geometry":{"type":"Point","coordinates":[-2.09461,53.60081]}},{"type":"Feature","properties":{"n":"Milnrow","g":"uk","m":1},"geometry":{"type":"Point","coordinates":[-2.11215,53.60815]}},{"type":"Feature","properties":{"n":"Kingsway Business Park","g":"uk","m":1},"geometry":{"type":"Point","coordinates":[-2.12301,53.61094]}},{"type":"Feature","properties":{"n":"Newbold","g":"uk","m":1},"geometry":{"type":"Point","coordinates":[-2.13554,53.61337]}},{"type":"Feature","properties":{"n":"Nottingham Station","g":"uk","m":1},"geometry":{"type":"Point","coordinates":[-1.14564,52.94677]}},{"type":"Feature","properties":{"n":"Gregory Street","g":"uk","m":1},"geometry":{"type":"Point","coordinates":[-1.17689,52.94393]}},{"type":"Feature","properties":{"n":"Queens Medical Centre","g":"uk","m":1},"geometry":{"type":"Point","coordinates":[-1.18351,52.94271]}},{"type":"Feature","properties":{"n":"Chilwell Road","g":"uk","m":1},"geometry":{"type":"Point","coordinates":[-1.22038,52.92264]}},{"type":"Feature","properties":{"n":"Toton Lane","g":"uk","m":1},"geometry":{"type":"Point","coordinates":[-1.2623,52.91841]}},{"type":"Feature","properties":{"n":"Inham Road","g":"uk","m":1},"geometry":{"type":"Point","coordinates":[-1.25173,52.91952]}},{"type":"Feature","properties":{"n":"Eskdale Drive","g":"uk","m":1},"geometry":{"type":"Point","coordinates":[-1.24309,52.92031]}},{"type":"Feature","properties":{"n":"Bramcote Lane","g":"uk","m":1},"geometry":{"type":"Point","coordinates":[-1.23634,52.92155]}},{"type":"Feature","properties":{"n":"Cator Lane","g":"uk","m":1},"geometry":{"type":"Point","coordinates":[-1.23123,52.92261]}},{"type":"Feature","properties":{"n":"High Road - Central College","g":"uk","m":1},"geometry":{"type":"Point","coordinates":[-1.2233,52.92125]}},{"type":"Feature","properties":{"n":"Beeston Centre","g":"uk","m":1},"geometry":{"type":"Point","coordinates":[-1.2147,52.92514]}},{"type":"Feature","properties":{"n":"Middle Street","g":"uk","m":1},"geometry":{"type":"Point","coordinates":[-1.20904,52.92783]}},{"type":"Feature","properties":{"n":"University Boulevard","g":"uk","m":1},"geometry":{"type":"Point","coordinates":[-1.20241,52.93218]}},{"type":"Feature","properties":{"n":"University of Nottingham","g":"uk","m":1},"geometry":{"type":"Point","coordinates":[-1.18833,52.93722]}},{"type":"Feature","properties":{"n":"University of Nottingham","g":"uk","m":1},"geometry":{"type":"Point","coordinates":[-1.18836,52.93725]}},{"type":"Feature","properties":{"n":"NG2","g":"uk","m":1},"geometry":{"type":"Point","coordinates":[-1.16519,52.94182]}},{"type":"Feature","properties":{"n":"Meadows Way West","g":"uk","m":1},"geometry":{"type":"Point","coordinates":[-1.15686,52.94334]}},{"type":"Feature","properties":{"n":"Ramsgreave and Wilpshire","g":"uk"},"geometry":{"type":"Point","coordinates":[-2.47806,53.77999]}},{"type":"Feature","properties":{"n":"Rochdale Railway Station","g":"uk","m":1},"geometry":{"type":"Point","coordinates":[-2.15439,53.61102]}},{"type":"Feature","properties":{"n":"Bankhead","g":"uk","m":1},"geometry":{"type":"Point","coordinates":[-3.2938,55.92882]}},{"type":"Feature","properties":{"n":"Murrayfield Stadium","g":"uk","m":1},"geometry":{"type":"Point","coordinates":[-3.23733,55.94201]}},{"type":"Feature","properties":{"n":"Summerwood Lane","g":"uk","m":1},"geometry":{"type":"Point","coordinates":[-1.18811,52.89697]}},{"type":"Feature","properties":{"n":"Grosmont","g":"uk"},"geometry":{"type":"Point","coordinates":[-0.72536,54.43646]}},{"type":"Feature","properties":{"n":"Imperial War Museum","g":"uk","m":1},"geometry":{"type":"Point","coordinates":[-2.29682,53.46866]}},{"type":"Feature","properties":{"n":"Energlyn & Churchill Park","g":"uk"},"geometry":{"type":"Point","coordinates":[-3.22908,51.58455]}},{"type":"Feature","properties":{"n":"Acton Central","g":"uk"},"geometry":{"type":"Point","coordinates":[-0.26281,51.50872]}},{"type":"Feature","properties":{"n":"Leeming Bar","g":"uk"},"geometry":{"type":"Point","coordinates":[-1.56125,54.30512]}},{"type":"Feature","properties":{"n":"Sudbury Hill","g":"uk","m":1},"geometry":{"type":"Point","coordinates":[-0.33625,51.55688]}},{"type":"Feature","properties":{"n":"Hamworthy","g":"uk"},"geometry":{"type":"Point","coordinates":[-2.01905,50.72537]}},{"type":"Feature","properties":{"n":"Edgware Road","g":"uk","m":1},"geometry":{"type":"Point","coordinates":[-0.16676,51.52019]}},{"type":"Feature","properties":{"n":"Sittingbourne Viaduct","g":"uk"},"geometry":{"type":"Point","coordinates":[0.73367,51.34512]}},{"type":"Feature","properties":{"n":"East Didsbury","g":"uk","m":1},"geometry":{"type":"Point","coordinates":[-2.21722,53.4121]}},{"type":"Feature","properties":{"n":"St Andrew Square","g":"uk","m":1},"geometry":{"type":"Point","coordinates":[-3.19244,55.95466]}},{"type":"Feature","properties":{"n":"Taw Valley Halt","g":"uk"},"geometry":{"type":"Point","coordinates":[-1.82913,51.59251]}},{"type":"Feature","properties":{"n":"Battersea Park","g":"uk"},"geometry":{"type":"Point","coordinates":[-0.14758,51.47761]}},{"type":"Feature","properties":{"n":"Parkend","g":"uk"},"geometry":{"type":"Point","coordinates":[-2.55609,51.76806]}},{"type":"Feature","properties":{"n":"Penygarreg Lane Halt","g":"uk"},"geometry":{"type":"Point","coordinates":[-3.06959,52.79873]}},{"type":"Feature","properties":{"n":"Ipswich","g":"uk"},"geometry":{"type":"Point","coordinates":[1.14479,52.05042]}},{"type":"Feature","properties":{"n":"Ongar","g":"uk"},"geometry":{"type":"Point","coordinates":[0.24361,51.70873]}},{"type":"Feature","properties":{"n":"North Weald","g":"uk"},"geometry":{"type":"Point","coordinates":[0.16416,51.71143]}},{"type":"Feature","properties":{"n":"Wrabness","g":"uk"},"geometry":{"type":"Point","coordinates":[1.17169,51.93953]}},{"type":"Feature","properties":{"n":"Harwich International","g":"uk"},"geometry":{"type":"Point","coordinates":[1.25604,51.94722]}},{"type":"Feature","properties":{"n":"Llynclys South","g":"uk"},"geometry":{"type":"Point","coordinates":[-3.06395,52.80781]}},{"type":"Feature","properties":{"n":"Kidbrooke","g":"uk"},"geometry":{"type":"Point","coordinates":[0.0279,51.46203]}},{"type":"Feature","properties":{"n":"Ravenstor","g":"uk"},"geometry":{"type":"Point","coordinates":[-1.57288,53.09019]}},{"type":"Feature","properties":{"n":"Bolton","g":"uk"},"geometry":{"type":"Point","coordinates":[-2.42513,53.57352]}},{"type":"Feature","properties":{"n":"Ruddington Lane","g":"uk","m":1},"geometry":{"type":"Point","coordinates":[-1.1583,52.91467]}},{"type":"Feature","properties":{"n":"Llandanwg","g":"uk"},"geometry":{"type":"Point","coordinates":[-4.12362,52.83623]}},{"type":"Feature","properties":{"n":"Norden","g":"uk"},"geometry":{"type":"Point","coordinates":[-2.06257,50.64482]}},{"type":"Feature","properties":{"n":"Whitechapel","g":"uk","m":1},"geometry":{"type":"Point","coordinates":[-0.06009,51.51976]}},{"type":"Feature","properties":{"n":"Haggerston","g":"uk"},"geometry":{"type":"Point","coordinates":[-0.07558,51.53866]}},{"type":"Feature","properties":{"n":"Rotherhithe","g":"uk"},"geometry":{"type":"Point","coordinates":[-0.05197,51.50082]}},{"type":"Feature","properties":{"n":"Surrey Quays","g":"uk"},"geometry":{"type":"Point","coordinates":[-0.04783,51.49342]}},{"type":"Feature","properties":{"n":"Wapping","g":"uk"},"geometry":{"type":"Point","coordinates":[-0.05602,51.50443]}},{"type":"Feature","properties":{"n":"Denmark Hill","g":"uk"},"geometry":{"type":"Point","coordinates":[-0.0896,51.46804]}},{"type":"Feature","properties":{"n":"Wandsworth Road","g":"uk"},"geometry":{"type":"Point","coordinates":[-0.13844,51.46996]}},{"type":"Feature","properties":{"n":"Clapham High Street","g":"uk"},"geometry":{"type":"Point","coordinates":[-0.13231,51.46549]}},{"type":"Feature","properties":{"n":"Southport Princes Park","g":"uk"},"geometry":{"type":"Point","coordinates":[-3.0147,53.64858]}},{"type":"Feature","properties":{"n":"Southport Marine Parade","g":"uk"},"geometry":{"type":"Point","coordinates":[-3.01215,53.65233]}},{"type":"Feature","properties":{"n":"Hoxton","g":"uk"},"geometry":{"type":"Point","coordinates":[-0.07565,51.53159]}},{"type":"Feature","properties":{"n":"Queens Road Peckham","g":"uk"},"geometry":{"type":"Point","coordinates":[-0.05705,51.47411]}},{"type":"Feature","properties":{"n":"Bentley","g":"uk"},"geometry":{"type":"Point","coordinates":[-0.8682,51.18123]}},{"type":"Feature","properties":{"n":"Edmonton Green","g":"uk"},"geometry":{"type":"Point","coordinates":[-0.0614,51.6245]}},{"type":"Feature","properties":{"n":"North Pier (Heritage Stop)","g":"uk","m":1},"geometry":{"type":"Point","coordinates":[-3.05624,53.81787]}},{"type":"Feature","properties":{"n":"Beaconsfield","g":"uk"},"geometry":{"type":"Point","coordinates":[-0.6436,51.61136]}},{"type":"Feature","properties":{"n":"Robertsbridge Junction","g":"uk"},"geometry":{"type":"Point","coordinates":[0.46954,50.98561]}},{"type":"Feature","properties":{"n":"Ryde Esplanade","g":"uk"},"geometry":{"type":"Point","coordinates":[-1.1596,50.73305]}},{"type":"Feature","properties":{"n":"Ryde Pier Head","g":"uk"},"geometry":{"type":"Point","coordinates":[-1.16041,50.73899]}},{"type":"Feature","properties":{"n":"Wootton","g":"uk"},"geometry":{"type":"Point","coordinates":[-1.24053,50.71815]}},{"type":"Feature","properties":{"n":"Bempton","g":"uk"},"geometry":{"type":"Point","coordinates":[-0.18071,54.12779]}},{"type":"Feature","properties":{"n":"Y Copa","g":"uk"},"geometry":{"type":"Point","coordinates":[-4.07684,53.06844]}},{"type":"Feature","properties":{"n":"Salfords","g":"uk"},"geometry":{"type":"Point","coordinates":[-0.16228,51.20179]}},{"type":"Feature","properties":{"n":"Earlswood","g":"uk"},"geometry":{"type":"Point","coordinates":[-0.17091,51.22748]}},{"type":"Feature","properties":{"n":"Waterbeach","g":"uk"},"geometry":{"type":"Point","coordinates":[0.19677,52.26228]}},{"type":"Feature","properties":{"n":"Wallingford","g":"uk"},"geometry":{"type":"Point","coordinates":[-1.13546,51.59741]}},{"type":"Feature","properties":{"n":"Polesworth","g":"uk"},"geometry":{"type":"Point","coordinates":[-1.6107,52.62583]}},{"type":"Feature","properties":{"n":"Walker Gardens","g":"uk"},"geometry":{"type":"Point","coordinates":[-2.60321,53.5712]}},{"type":"Feature","properties":{"n":"Westwood","g":"uk","m":1},"geometry":{"type":"Point","coordinates":[-2.12584,53.54238]}},{"type":"Feature","properties":{"n":"Peterborough","g":"uk"},"geometry":{"type":"Point","coordinates":[-0.25032,52.5746]}},{"type":"Feature","properties":{"n":"Manuel","g":"uk"},"geometry":{"type":"Point","coordinates":[-3.65752,55.97768]}},{"type":"Feature","properties":{"n":"Bridgnorth","g":"uk"},"geometry":{"type":"Point","coordinates":[-2.42076,52.53053]}},{"type":"Feature","properties":{"n":"Kidderminster Town","g":"uk"},"geometry":{"type":"Point","coordinates":[-2.23998,52.3836]}},{"type":"Feature","properties":{"n":"Haymarket","g":"uk","m":1},"geometry":{"type":"Point","coordinates":[-3.2196,55.94576]}},{"type":"Feature","properties":{"n":"Edinburgh Park Station","g":"uk","m":1},"geometry":{"type":"Point","coordinates":[-3.3073,55.92727]}},{"type":"Feature","properties":{"n":"Gogarburn","g":"uk","m":1},"geometry":{"type":"Point","coordinates":[-3.33227,55.93801]}},{"type":"Feature","properties":{"n":"Loxdale","g":"uk","m":1},"geometry":{"type":"Point","coordinates":[-2.06589,52.56008]}},{"type":"Feature","properties":{"n":"Queens Road","g":"uk","m":1},"geometry":{"type":"Point","coordinates":[-2.22669,53.50165]}},{"type":"Feature","properties":{"n":"Alton","g":"uk"},"geometry":{"type":"Point","coordinates":[-0.96713,51.1519]}},{"type":"Feature","properties":{"n":"Eastoke Corner","g":"uk"},"geometry":{"type":"Point","coordinates":[-0.96695,50.78151]}},{"type":"Feature","properties":{"n":"Mengham Road","g":"uk"},"geometry":{"type":"Point","coordinates":[-0.97861,50.78392]}},{"type":"Feature","properties":{"n":"Beachlands","g":"uk"},"geometry":{"type":"Point","coordinates":[-0.98666,50.78418]}},{"type":"Feature","properties":{"n":"Ebbw Vale Town","g":"uk"},"geometry":{"type":"Point","coordinates":[-3.20242,51.77663]}},{"type":"Feature","properties":{"n":"Dundonald Road","g":"uk","m":1},"geometry":{"type":"Point","coordinates":[-0.20754,51.41745]}},{"type":"Feature","properties":{"n":"Scalby Mills","g":"uk"},"geometry":{"type":"Point","coordinates":[-0.41095,54.30094]}},{"type":"Feature","properties":{"n":"Peasholm","g":"uk"},"geometry":{"type":"Point","coordinates":[-0.41139,54.29294]}},{"type":"Feature","properties":{"n":"Morden Road","g":"uk","m":1},"geometry":{"type":"Point","coordinates":[-0.19267,51.40877]}},{"type":"Feature","properties":{"n":"Merton Park","g":"uk","m":1},"geometry":{"type":"Point","coordinates":[-0.20117,51.41359]}},{"type":"Feature","properties":{"n":"Barry Docks","g":"uk"},"geometry":{"type":"Point","coordinates":[-3.26116,51.4026]}},{"type":"Feature","properties":{"n":"Meadows Embankment","g":"uk","m":1},"geometry":{"type":"Point","coordinates":[-1.15378,52.93895]}},{"type":"Feature","properties":{"n":"Queens Walk","g":"uk","m":1},"geometry":{"type":"Point","coordinates":[-1.1505,52.9426]}},{"type":"Feature","properties":{"n":"Cat Nab","g":"uk"},"geometry":{"type":"Point","coordinates":[-0.96686,54.5842]}},{"type":"Feature","properties":{"n":"Mossley","g":"uk"},"geometry":{"type":"Point","coordinates":[-2.04154,53.51504]}},{"type":"Feature","properties":{"n":"West End","g":"uk","m":1},"geometry":{"type":"Point","coordinates":[-3.21166,55.94866]}},{"type":"Feature","properties":{"n":"Celyn Wood Junction","g":"uk"},"geometry":{"type":"Point","coordinates":[-3.14258,53.21261]}},{"type":"Feature","properties":{"n":"Billericay","g":"uk"},"geometry":{"type":"Point","coordinates":[0.41813,51.62884]}},{"type":"Feature","properties":{"n":"Wickford","g":"uk"},"geometry":{"type":"Point","coordinates":[0.51941,51.61483]}},{"type":"Feature","properties":{"n":"Reedham","g":"uk"},"geometry":{"type":"Point","coordinates":[1.55952,52.56445]}},{"type":"Feature","properties":{"n":"Kelvedon","g":"uk"},"geometry":{"type":"Point","coordinates":[0.70269,51.84099]}},{"type":"Feature","properties":{"n":"Atherstone","g":"uk"},"geometry":{"type":"Point","coordinates":[-1.55237,52.57852]}},{"type":"Feature","properties":{"n":"Curriehill","g":"uk"},"geometry":{"type":"Point","coordinates":[-3.31842,55.90063]}},{"type":"Feature","properties":{"n":"West Calder","g":"uk"},"geometry":{"type":"Point","coordinates":[-3.56682,55.85377]}},{"type":"Feature","properties":{"n":"Cleland","g":"uk"},"geometry":{"type":"Point","coordinates":[-3.91073,55.80443]}},{"type":"Feature","properties":{"n":"Bellshill","g":"uk"},"geometry":{"type":"Point","coordinates":[-4.02433,55.81706]}},{"type":"Feature","properties":{"n":"Brixton","g":"uk"},"geometry":{"type":"Point","coordinates":[-0.11335,51.4629]}},{"type":"Feature","properties":{"n":"Merryton","g":"uk"},"geometry":{"type":"Point","coordinates":[-3.97752,55.74901]}},{"type":"Feature","properties":{"n":"Muncaster Mill","g":"uk"},"geometry":{"type":"Point","coordinates":[-3.39404,54.36674]}},{"type":"Feature","properties":{"n":"Carmyle","g":"uk"},"geometry":{"type":"Point","coordinates":[-4.15807,55.83426]}},{"type":"Feature","properties":{"n":"Milliken Park","g":"uk"},"geometry":{"type":"Point","coordinates":[-4.53421,55.82483]}},{"type":"Feature","properties":{"n":"Kilwinning","g":"uk"},"geometry":{"type":"Point","coordinates":[-4.70954,55.65618]}},{"type":"Feature","properties":{"n":"Weymouth","g":"uk"},"geometry":{"type":"Point","coordinates":[-2.45491,50.61593]}},{"type":"Feature","properties":{"n":"Compton Acres","g":"uk","m":1},"geometry":{"type":"Point","coordinates":[-1.15751,52.91889]}},{"type":"Feature","properties":{"n":"Neath","g":"uk"},"geometry":{"type":"Point","coordinates":[-3.8074,51.66203]}},{"type":"Feature","properties":{"n":"Skewen","g":"uk"},"geometry":{"type":"Point","coordinates":[-3.84677,51.66147]}},{"type":"Feature","properties":{"n":"Tram Museum","g":"uk","m":1},"geometry":{"type":"Point","coordinates":[-2.24894,53.53205]}},{"type":"Feature","properties":{"n":"Whitegate","g":"uk","m":1},"geometry":{"type":"Point","coordinates":[-2.2531,53.53265]}},{"type":"Feature","properties":{"n":"Bishopbriggs","g":"uk"},"geometry":{"type":"Point","coordinates":[-4.22452,55.90397]}},{"type":"Feature","properties":{"n":"Shippea Hill","g":"uk"},"geometry":{"type":"Point","coordinates":[0.41276,52.43025]}},{"type":"Feature","properties":{"n":"Easterhouse","g":"uk"},"geometry":{"type":"Point","coordinates":[-4.10688,55.85985]}},{"type":"Feature","properties":{"n":"Woodlesford","g":"uk"},"geometry":{"type":"Point","coordinates":[-1.44357,53.75706]}},{"type":"Feature","properties":{"n":"Bramley","g":"uk"},"geometry":{"type":"Point","coordinates":[-1.63722,53.80535]}},{"type":"Feature","properties":{"n":"Barbican","g":"uk","m":1},"geometry":{"type":"Point","coordinates":[-0.09863,51.52018]}},{"type":"Feature","properties":{"n":"Barkingside","g":"uk","m":1},"geometry":{"type":"Point","coordinates":[0.08862,51.58582]}},{"type":"Feature","properties":{"n":"Bond Street","g":"uk","m":1},"geometry":{"type":"Point","coordinates":[-0.14942,51.51398]}},{"type":"Feature","properties":{"n":"Buckhurst Hill","g":"uk","m":1},"geometry":{"type":"Point","coordinates":[0.04682,51.62594]}},{"type":"Feature","properties":{"n":"Chancery Lane","g":"uk","m":1},"geometry":{"type":"Point","coordinates":[-0.11176,51.51817]}},{"type":"Feature","properties":{"n":"Chigwell","g":"uk","m":1},"geometry":{"type":"Point","coordinates":[0.07572,51.61764]}},{"type":"Feature","properties":{"n":"Debden","g":"uk","m":1},"geometry":{"type":"Point","coordinates":[0.08358,51.64528]}},{"type":"Feature","properties":{"n":"Fairlop","g":"uk","m":1},"geometry":{"type":"Point","coordinates":[0.09113,51.59595]}},{"type":"Feature","properties":{"n":"Gants Hill","g":"uk","m":1},"geometry":{"type":"Point","coordinates":[0.06488,51.57652]}},{"type":"Feature","properties":{"n":"Grange Hill","g":"uk","m":1},"geometry":{"type":"Point","coordinates":[0.0925,51.61313]}},{"type":"Feature","properties":{"n":"Hainault","g":"uk","m":1},"geometry":{"type":"Point","coordinates":[0.09338,51.60331]}},{"type":"Feature","properties":{"n":"Mile End","g":"uk","m":1},"geometry":{"type":"Point","coordinates":[-0.03343,51.52534]}},{"type":"Feature","properties":{"n":"Monument","g":"uk","m":1},"geometry":{"type":"Point","coordinates":[-0.08613,51.51063]}},{"type":"Feature","properties":{"n":"Roding Valley","g":"uk","m":1},"geometry":{"type":"Point","coordinates":[0.04376,51.61708]}},{"type":"Feature","properties":{"n":"Moor Road","g":"uk"},"geometry":{"type":"Point","coordinates":[-1.53893,53.77382]}},{"type":"Feature","properties":{"n":"Giant's Causeway","g":"uk"},"geometry":{"type":"Point","coordinates":[-6.51819,55.23119]}},{"type":"Feature","properties":{"n":"Bushmills","g":"uk"},"geometry":{"type":"Point","coordinates":[-6.52985,55.20759]}},{"type":"Feature","properties":{"n":"Ulceby","g":"uk"},"geometry":{"type":"Point","coordinates":[-0.30081,53.61934]}},{"type":"Feature","properties":{"n":"Barton-on-Humber","g":"uk"},"geometry":{"type":"Point","coordinates":[-0.44305,53.689]}},{"type":"Feature","properties":{"n":"Watford Junction","g":"uk"},"geometry":{"type":"Point","coordinates":[-0.39611,51.66394]}},{"type":"Feature","properties":{"n":"Robinswood Road","g":"uk","m":1},"geometry":{"type":"Point","coordinates":[-2.25744,53.37617]}},{"type":"Feature","properties":{"n":"Gainsborough Central","g":"uk"},"geometry":{"type":"Point","coordinates":[-0.76951,53.39899]}},{"type":"Feature","properties":{"n":"Barrow Haven","g":"uk"},"geometry":{"type":"Point","coordinates":[-0.39289,53.69745]}},{"type":"Feature","properties":{"n":"Goxhill","g":"uk"},"geometry":{"type":"Point","coordinates":[-0.33741,53.67667]}},{"type":"Feature","properties":{"n":"Great Coates","g":"uk"},"geometry":{"type":"Point","coordinates":[-0.12983,53.57572]}},{"type":"Feature","properties":{"n":"Grimsby Docks","g":"uk"},"geometry":{"type":"Point","coordinates":[-0.07583,53.57414]}},{"type":"Feature","properties":{"n":"Habrough","g":"uk"},"geometry":{"type":"Point","coordinates":[-0.26935,53.6061]}},{"type":"Feature","properties":{"n":"Healing","g":"uk"},"geometry":{"type":"Point","coordinates":[-0.16062,53.58184]}},{"type":"Feature","properties":{"n":"New Clee","g":"uk"},"geometry":{"type":"Point","coordinates":[-0.06046,53.57431]}},{"type":"Feature","properties":{"n":"New Holland","g":"uk"},"geometry":{"type":"Point","coordinates":[-0.36015,53.70199]}},{"type":"Feature","properties":{"n":"Stallingborough","g":"uk"},"geometry":{"type":"Point","coordinates":[-0.18344,53.58717]}},{"type":"Feature","properties":{"n":"Thornton Abbey","g":"uk"},"geometry":{"type":"Point","coordinates":[-0.32302,53.65432]}},{"type":"Feature","properties":{"n":"Collingham","g":"uk"},"geometry":{"type":"Point","coordinates":[-0.75027,53.14398]}},{"type":"Feature","properties":{"n":"Hykeham","g":"uk"},"geometry":{"type":"Point","coordinates":[-0.60008,53.19507]}},{"type":"Feature","properties":{"n":"Swinderby","g":"uk"},"geometry":{"type":"Point","coordinates":[-0.70266,53.16935]}},{"type":"Feature","properties":{"n":"Gainsborough Lea Road","g":"uk"},"geometry":{"type":"Point","coordinates":[-0.76938,53.38609]}},{"type":"Feature","properties":{"n":"Worksop","g":"uk"},"geometry":{"type":"Point","coordinates":[-1.12286,53.3116]}},{"type":"Feature","properties":{"n":"Shireoaks","g":"uk"},"geometry":{"type":"Point","coordinates":[-1.16832,53.32486]}},{"type":"Feature","properties":{"n":"Kiveton Bridge","g":"uk"},"geometry":{"type":"Point","coordinates":[-1.26708,53.34094]}},{"type":"Feature","properties":{"n":"Woodhouse","g":"uk"},"geometry":{"type":"Point","coordinates":[-1.35737,53.3638]}},{"type":"Feature","properties":{"n":"Darnall","g":"uk"},"geometry":{"type":"Point","coordinates":[-1.41236,53.38455]}},{"type":"Feature","properties":{"n":"Battle","g":"uk"},"geometry":{"type":"Point","coordinates":[0.49492,50.91289]}},{"type":"Feature","properties":{"n":"Crowhurst","g":"uk"},"geometry":{"type":"Point","coordinates":[0.50148,50.88866]}},{"type":"Feature","properties":{"n":"West St Leonards","g":"uk"},"geometry":{"type":"Point","coordinates":[0.53996,50.85321]}},{"type":"Feature","properties":{"n":"Etchingham","g":"uk"},"geometry":{"type":"Point","coordinates":[0.44238,51.01066]}},{"type":"Feature","properties":{"n":"Robertsbridge","g":"uk"},"geometry":{"type":"Point","coordinates":[0.46868,50.98555]}},{"type":"Feature","properties":{"n":"Tunbridge Wells","g":"uk"},"geometry":{"type":"Point","coordinates":[0.26303,51.1301]}},{"type":"Feature","properties":{"n":"Chipstead","g":"uk"},"geometry":{"type":"Point","coordinates":[-0.16933,51.30934]}},{"type":"Feature","properties":{"n":"Bloxwich","g":"uk"},"geometry":{"type":"Point","coordinates":[-2.01168,52.61842]}},{"type":"Feature","properties":{"n":"Aslockton","g":"uk"},"geometry":{"type":"Point","coordinates":[-0.89842,52.95155]}},{"type":"Feature","properties":{"n":"Bingham","g":"uk"},"geometry":{"type":"Point","coordinates":[-0.95129,52.95422]}},{"type":"Feature","properties":{"n":"Creswell","g":"uk"},"geometry":{"type":"Point","coordinates":[-1.21641,53.26392]}},{"type":"Feature","properties":{"n":"Kirkby-in-Ashfield","g":"uk"},"geometry":{"type":"Point","coordinates":[-1.25327,53.10002]}},{"type":"Feature","properties":{"n":"Langwith-Whaley Thorns","g":"uk"},"geometry":{"type":"Point","coordinates":[-1.20928,53.23274]}},{"type":"Feature","properties":{"n":"Shirebrook","g":"uk"},"geometry":{"type":"Point","coordinates":[-1.20259,53.20412]}},{"type":"Feature","properties":{"n":"Sutton Parkway","g":"uk"},"geometry":{"type":"Point","coordinates":[-1.24555,53.11414]}},{"type":"Feature","properties":{"n":"Dalmeny","g":"uk"},"geometry":{"type":"Point","coordinates":[-3.3815,55.98625]}},{"type":"Feature","properties":{"n":"Markinch","g":"uk"},"geometry":{"type":"Point","coordinates":[-3.1308,56.20041]}},{"type":"Feature","properties":{"n":"North Queensferry","g":"uk"},"geometry":{"type":"Point","coordinates":[-3.39466,56.01245]}},{"type":"Feature","properties":{"n":"Bradford-on-Avon","g":"uk"},"geometry":{"type":"Point","coordinates":[-2.25275,51.34479]}},{"type":"Feature","properties":{"n":"Falkirk High","g":"uk"},"geometry":{"type":"Point","coordinates":[-3.79253,55.99173]}},{"type":"Feature","properties":{"n":"Balmossie","g":"uk"},"geometry":{"type":"Point","coordinates":[-2.83835,56.47473]}},{"type":"Feature","properties":{"n":"Barry Links","g":"uk"},"geometry":{"type":"Point","coordinates":[-2.74615,56.49311]}},{"type":"Feature","properties":{"n":"Broughty Ferry","g":"uk"},"geometry":{"type":"Point","coordinates":[-2.87399,56.46764]}},{"type":"Feature","properties":{"n":"Monifieth","g":"uk"},"geometry":{"type":"Point","coordinates":[-2.81836,56.47974]}},{"type":"Feature","properties":{"n":"Laurencekirk","g":"uk"},"geometry":{"type":"Point","coordinates":[-2.46478,56.8371]}},{"type":"Feature","properties":{"n":"Portlethen","g":"uk"},"geometry":{"type":"Point","coordinates":[-2.12808,57.06133]}},{"type":"Feature","properties":{"n":"Conisbrough","g":"uk"},"geometry":{"type":"Point","coordinates":[-1.23461,53.48953]}},{"type":"Feature","properties":{"n":"Mexborough","g":"uk"},"geometry":{"type":"Point","coordinates":[-1.28852,53.49083]}},{"type":"Feature","properties":{"n":"Swinton (South Yorkshire)","g":"uk"},"geometry":{"type":"Point","coordinates":[-1.30562,53.4856]}},{"type":"Feature","properties":{"n":"Rotherham Central","g":"uk"},"geometry":{"type":"Point","coordinates":[-1.36105,53.4317]}},{"type":"Feature","properties":{"n":"Northallerton West","g":"uk"},"geometry":{"type":"Point","coordinates":[-1.45025,54.33872]}},{"type":"Feature","properties":{"n":"Finghall Lane","g":"uk"},"geometry":{"type":"Point","coordinates":[-1.71817,54.3059]}},{"type":"Feature","properties":{"n":"Chessington South","g":"uk"},"geometry":{"type":"Point","coordinates":[-0.3081,51.35675]}},{"type":"Feature","properties":{"n":"Kirkby-in-Furness","g":"uk"},"geometry":{"type":"Point","coordinates":[-3.18722,54.2329]}},{"type":"Feature","properties":{"n":"Quorn & Woodhouse","g":"uk"},"geometry":{"type":"Point","coordinates":[-1.18773,52.74006]}},{"type":"Feature","properties":{"n":"Loughborough","g":"uk"},"geometry":{"type":"Point","coordinates":[-1.19651,52.77958]}},{"type":"Feature","properties":{"n":"Fimber Halt","g":"uk"},"geometry":{"type":"Point","coordinates":[-0.60981,54.03483]}},{"type":"Feature","properties":{"n":"Dalmally","g":"uk"},"geometry":{"type":"Point","coordinates":[-4.98256,56.40098]}},{"type":"Feature","properties":{"n":"Farringdon","g":"uk","m":1},"geometry":{"type":"Point","coordinates":[-0.10455,51.51996]}},{"type":"Feature","properties":{"n":"Wivenhoe","g":"uk"},"geometry":{"type":"Point","coordinates":[0.95624,51.8566]}},{"type":"Feature","properties":{"n":"Alresford","g":"uk"},"geometry":{"type":"Point","coordinates":[0.99704,51.854]}},{"type":"Feature","properties":{"n":"Great Bentley","g":"uk"},"geometry":{"type":"Point","coordinates":[1.06546,51.8518]}},{"type":"Feature","properties":{"n":"Weeley","g":"uk"},"geometry":{"type":"Point","coordinates":[1.11519,51.85298]}},{"type":"Feature","properties":{"n":"Leek Brook","g":"uk"},"geometry":{"type":"Point","coordinates":[-2.02965,53.08011]}},{"type":"Feature","properties":{"n":"Paignton Queens Park","g":"uk"},"geometry":{"type":"Point","coordinates":[-3.56469,50.43398]}},{"type":"Feature","properties":{"n":"Leicester Square","g":"uk","m":1},"geometry":{"type":"Point","coordinates":[-0.12826,51.51146]}},{"type":"Feature","properties":{"n":"Fulwell","g":"uk"},"geometry":{"type":"Point","coordinates":[-0.34906,51.43391]}},{"type":"Feature","properties":{"n":"Hampton","g":"uk"},"geometry":{"type":"Point","coordinates":[-0.37215,51.41591]}},{"type":"Feature","properties":{"n":"Kempton Park","g":"uk"},"geometry":{"type":"Point","coordinates":[-0.40949,51.421]}},{"type":"Feature","properties":{"n":"Sunbury","g":"uk"},"geometry":{"type":"Point","coordinates":[-0.41735,51.41832]}},{"type":"Feature","properties":{"n":"Upper Halliford","g":"uk"},"geometry":{"type":"Point","coordinates":[-0.4308,51.41321]}},{"type":"Feature","properties":{"n":"Shepperton","g":"uk"},"geometry":{"type":"Point","coordinates":[-0.44691,51.3969]}},{"type":"Feature","properties":{"n":"Milton of Crathes","g":"uk"},"geometry":{"type":"Point","coordinates":[-2.42989,57.05632]}},{"type":"Feature","properties":{"n":"Riverside Halt","g":"uk"},"geometry":{"type":"Point","coordinates":[-2.45627,57.05819]}},{"type":"Feature","properties":{"n":"Sevenoaks","g":"uk"},"geometry":{"type":"Point","coordinates":[0.18194,51.27641]}},{"type":"Feature","properties":{"n":"Grange-over-Sands","g":"uk"},"geometry":{"type":"Point","coordinates":[-2.9028,54.19569]}},{"type":"Feature","properties":{"n":"Queenstown Road","g":"uk"},"geometry":{"type":"Point","coordinates":[-0.14629,51.47522]}},{"type":"Feature","properties":{"n":"Vauxhall","g":"uk"},"geometry":{"type":"Point","coordinates":[-0.12275,51.48585]}},{"type":"Feature","properties":{"n":"Canterbury West","g":"uk"},"geometry":{"type":"Point","coordinates":[1.07531,51.28422]}},{"type":"Feature","properties":{"n":"Corporation Street","g":"uk","m":1},"geometry":{"type":"Point","coordinates":[-1.8969,52.48005]}},{"type":"Feature","properties":{"n":"Aylesbury Vale Parkway","g":"uk"},"geometry":{"type":"Point","coordinates":[-0.85983,51.83128]}},{"type":"Feature","properties":{"n":"Mountsorrel","g":"uk"},"geometry":{"type":"Point","coordinates":[-1.15408,52.72689]}},{"type":"Feature","properties":{"n":"Newcourt","g":"uk"},"geometry":{"type":"Point","coordinates":[-3.47257,50.70265]}},{"type":"Feature","properties":{"n":"Hinchley Wood","g":"uk"},"geometry":{"type":"Point","coordinates":[-0.34062,51.37504]}},{"type":"Feature","properties":{"n":"Amersham","g":"uk","m":1},"geometry":{"type":"Point","coordinates":[-0.60736,51.67409]}},{"type":"Feature","properties":{"n":"Farnborough (Main)","g":"uk"},"geometry":{"type":"Point","coordinates":[-0.75552,51.29682]}},{"type":"Feature","properties":{"n":"Betws-y-Coed","g":"uk"},"geometry":{"type":"Point","coordinates":[-3.80054,53.09269]}},{"type":"Feature","properties":{"n":"Chalfont & Latimer","g":"uk","m":1},"geometry":{"type":"Point","coordinates":[-0.56117,51.6681]}},{"type":"Feature","properties":{"n":"Wye","g":"uk"},"geometry":{"type":"Point","coordinates":[0.92967,51.18559]}},{"type":"Feature","properties":{"n":"Brockham","g":"uk"},"geometry":{"type":"Point","coordinates":[-0.53566,50.90095]}},{"type":"Feature","properties":{"n":"Penge West","g":"uk"},"geometry":{"type":"Point","coordinates":[-0.06066,51.4175]}},{"type":"Feature","properties":{"n":"Glengonnar","g":"uk"},"geometry":{"type":"Point","coordinates":[-3.76943,55.40216]}},{"type":"Feature","properties":{"n":"Tweedbank","g":"uk"},"geometry":{"type":"Point","coordinates":[-2.759,55.60586]}},{"type":"Feature","properties":{"n":"Dorking West","g":"uk"},"geometry":{"type":"Point","coordinates":[-0.33985,51.23635]}},{"type":"Feature","properties":{"n":"Grand Central","g":"uk","m":1},"geometry":{"type":"Point","coordinates":[-1.89925,52.47859]}},{"type":"Feature","properties":{"n":"Galashiels","g":"uk"},"geometry":{"type":"Point","coordinates":[-2.80572,55.61785]}},{"type":"Feature","properties":{"n":"Welling","g":"uk"},"geometry":{"type":"Point","coordinates":[0.10163,51.46482]}},{"type":"Feature","properties":{"n":"Barnehurst","g":"uk"},"geometry":{"type":"Point","coordinates":[0.15965,51.46502]}},{"type":"Feature","properties":{"n":"Eltham","g":"uk"},"geometry":{"type":"Point","coordinates":[0.05227,51.45559]}},{"type":"Feature","properties":{"n":"Erith","g":"uk"},"geometry":{"type":"Point","coordinates":[0.17519,51.48158]}},{"type":"Feature","properties":{"n":"Wandsworth Town","g":"uk"},"geometry":{"type":"Point","coordinates":[-0.18825,51.46096]}},{"type":"Feature","properties":{"n":"Merstham","g":"uk"},"geometry":{"type":"Point","coordinates":[-0.15007,51.26417]}},{"type":"Feature","properties":{"n":"Berrylands","g":"uk"},"geometry":{"type":"Point","coordinates":[-0.28091,51.39901]}},{"type":"Feature","properties":{"n":"New Malden","g":"uk"},"geometry":{"type":"Point","coordinates":[-0.25576,51.40396]}},{"type":"Feature","properties":{"n":"City Thameslink","g":"uk"},"geometry":{"type":"Point","coordinates":[-0.10356,51.51513]}},{"type":"Feature","properties":{"n":"Liverpool Street","g":"uk","m":1},"geometry":{"type":"Point","coordinates":[-0.08252,51.51768]}},{"type":"Feature","properties":{"n":"London Liverpool Street","g":"uk"},"geometry":{"type":"Point","coordinates":[-0.08143,51.51821]}},{"type":"Feature","properties":{"n":"Cannon Street","g":"uk","m":1},"geometry":{"type":"Point","coordinates":[-0.09036,51.51138]}},{"type":"Feature","properties":{"n":"London Cannon Street","g":"uk"},"geometry":{"type":"Point","coordinates":[-0.0906,51.51067]}},{"type":"Feature","properties":{"n":"Piccadilly Circus","g":"uk","m":1},"geometry":{"type":"Point","coordinates":[-0.13455,51.50982]}},{"type":"Feature","properties":{"n":"London Waterloo","g":"uk"},"geometry":{"type":"Point","coordinates":[-0.1128,51.50284]}},{"type":"Feature","properties":{"n":"Waterloo","g":"uk","m":1},"geometry":{"type":"Point","coordinates":[-0.11398,51.503]}},{"type":"Feature","properties":{"n":"Dundee","g":"uk"},"geometry":{"type":"Point","coordinates":[-2.9709,56.45661]}},{"type":"Feature","properties":{"n":"St Bees","g":"uk"},"geometry":{"type":"Point","coordinates":[-3.59124,54.49235]}},{"type":"Feature","properties":{"n":"Malden Manor","g":"uk"},"geometry":{"type":"Point","coordinates":[-0.26125,51.38472]}},{"type":"Feature","properties":{"n":"Tolworth","g":"uk"},"geometry":{"type":"Point","coordinates":[-0.27944,51.37687]}},{"type":"Feature","properties":{"n":"Chessington North","g":"uk"},"geometry":{"type":"Point","coordinates":[-0.30073,51.36398]}},{"type":"Feature","properties":{"n":"Streatham","g":"uk"},"geometry":{"type":"Point","coordinates":[-0.13131,51.42596]}},{"type":"Feature","properties":{"n":"Billingshurst","g":"uk"},"geometry":{"type":"Point","coordinates":[-0.44951,51.01513]}},{"type":"Feature","properties":{"n":"Charing Cross","g":"uk","m":1},"geometry":{"type":"Point","coordinates":[-0.12639,51.50797]}},{"type":"Feature","properties":{"n":"Elephant & Castle","g":"uk"},"geometry":{"type":"Point","coordinates":[-0.09872,51.49404]}},{"type":"Feature","properties":{"n":"Elephant & Castle","g":"uk","m":1},"geometry":{"type":"Point","coordinates":[-0.10057,51.49489]}},{"type":"Feature","properties":{"n":"Sutton","g":"uk"},"geometry":{"type":"Point","coordinates":[-0.19089,51.35968]}},{"type":"Feature","properties":{"n":"London St. Pancras International","g":"uk"},"geometry":{"type":"Point","coordinates":[-0.127,51.53272]}},{"type":"Feature","properties":{"n":"London Euston","g":"uk"},"geometry":{"type":"Point","coordinates":[-0.13419,51.52885]}},{"type":"Feature","properties":{"n":"Euston","g":"uk","m":1},"geometry":{"type":"Point","coordinates":[-0.13387,51.52829]}},{"type":"Feature","properties":{"n":"Stonehenge Works","g":"uk"},"geometry":{"type":"Point","coordinates":[-0.6327,51.9376]}},{"type":"Feature","properties":{"n":"West Shore Halt","g":"uk"},"geometry":{"type":"Point","coordinates":[-3.84173,53.31566]}},{"type":"Feature","properties":{"n":"Barnes","g":"uk"},"geometry":{"type":"Point","coordinates":[-0.24118,51.46678]}},{"type":"Feature","properties":{"n":"Chilworth","g":"uk"},"geometry":{"type":"Point","coordinates":[-0.52501,51.21512]}},{"type":"Feature","properties":{"n":"Shalford","g":"uk"},"geometry":{"type":"Point","coordinates":[-0.56688,51.21436]}},{"type":"Feature","properties":{"n":"Esher","g":"uk"},"geometry":{"type":"Point","coordinates":[-0.3532,51.38005]}},{"type":"Feature","properties":{"n":"Roby","g":"uk"},"geometry":{"type":"Point","coordinates":[-2.8555,53.41006]}},{"type":"Feature","properties":{"n":"St Helens Junction","g":"uk"},"geometry":{"type":"Point","coordinates":[-2.70009,53.43378]}},{"type":"Feature","properties":{"n":"Darton","g":"uk"},"geometry":{"type":"Point","coordinates":[-1.53079,53.588]}},{"type":"Feature","properties":{"n":"Hampton Wick","g":"uk"},"geometry":{"type":"Point","coordinates":[-0.31235,51.41456]}},{"type":"Feature","properties":{"n":"Farnham","g":"uk"},"geometry":{"type":"Point","coordinates":[-0.79242,51.21181]}},{"type":"Feature","properties":{"n":"Cheam","g":"uk"},"geometry":{"type":"Point","coordinates":[-0.21451,51.35566]}},{"type":"Feature","properties":{"n":"Holborn","g":"uk","m":1},"geometry":{"type":"Point","coordinates":[-0.12007,51.51711]}},{"type":"Feature","properties":{"n":"Seer Green and Jordans","g":"uk"},"geometry":{"type":"Point","coordinates":[-0.6077,51.60984]}},{"type":"Feature","properties":{"n":"Ince and Elton","g":"uk"},"geometry":{"type":"Point","coordinates":[-2.81668,53.2766]}},{"type":"Feature","properties":{"n":"Stanlow and Thornton","g":"uk"},"geometry":{"type":"Point","coordinates":[-2.84114,53.27831]}},{"type":"Feature","properties":{"n":"Cuckoos Nest","g":"uk"},"geometry":{"type":"Point","coordinates":[-1.63386,53.59498]}},{"type":"Feature","properties":{"n":"Heighington","g":"uk"},"geometry":{"type":"Point","coordinates":[-1.58177,54.59713]}},{"type":"Feature","properties":{"n":"Seaham","g":"uk"},"geometry":{"type":"Point","coordinates":[-1.34638,54.83909]}},{"type":"Feature","properties":{"n":"Seaton Carew","g":"uk"},"geometry":{"type":"Point","coordinates":[-1.20048,54.65821]}},{"type":"Feature","properties":{"n":"Flowery Field","g":"uk"},"geometry":{"type":"Point","coordinates":[-2.08011,53.46139]}},{"type":"Feature","properties":{"n":"Bermuda Park","g":"uk"},"geometry":{"type":"Point","coordinates":[-1.4726,52.50334]}},{"type":"Feature","properties":{"n":"Wellington","g":"uk"},"geometry":{"type":"Point","coordinates":[-2.51672,52.70144]}},{"type":"Feature","properties":{"n":"Ben Rhydding","g":"uk"},"geometry":{"type":"Point","coordinates":[-1.79747,53.92574]}},{"type":"Feature","properties":{"n":"Burley-in-Wharfedale","g":"uk"},"geometry":{"type":"Point","coordinates":[-1.75319,53.90798]}},{"type":"Feature","properties":{"n":"Guiseley","g":"uk"},"geometry":{"type":"Point","coordinates":[-1.71512,53.87607]}},{"type":"Feature","properties":{"n":"Menston","g":"uk"},"geometry":{"type":"Point","coordinates":[-1.73545,53.89236]}},{"type":"Feature","properties":{"n":"Frizinghall","g":"uk"},"geometry":{"type":"Point","coordinates":[-1.76885,53.82038]}},{"type":"Feature","properties":{"n":"Brighouse","g":"uk"},"geometry":{"type":"Point","coordinates":[-1.77934,53.69816]}},{"type":"Feature","properties":{"n":"Shepley","g":"uk"},"geometry":{"type":"Point","coordinates":[-1.70483,53.58875]}},{"type":"Feature","properties":{"n":"Stocksmoor","g":"uk"},"geometry":{"type":"Point","coordinates":[-1.72327,53.59415]}},{"type":"Feature","properties":{"n":"Bamber Bridge","g":"uk"},"geometry":{"type":"Point","coordinates":[-2.66142,53.72691]}},{"type":"Feature","properties":{"n":"Pleasington","g":"uk"},"geometry":{"type":"Point","coordinates":[-2.54401,53.73105]}},{"type":"Feature","properties":{"n":"Bracknell","g":"uk"},"geometry":{"type":"Point","coordinates":[-0.75226,51.41301]}},{"type":"Feature","properties":{"n":"Runcorn East","g":"uk"},"geometry":{"type":"Point","coordinates":[-2.6655,53.32794]}},{"type":"Feature","properties":{"n":"Redcar Central","g":"uk"},"geometry":{"type":"Point","coordinates":[-1.07032,54.61599]}},{"type":"Feature","properties":{"n":"South Bank","g":"uk"},"geometry":{"type":"Point","coordinates":[-1.17627,54.58401]}},{"type":"Feature","properties":{"n":"Yarm","g":"uk"},"geometry":{"type":"Point","coordinates":[-1.35147,54.49376]}},{"type":"Feature","properties":{"n":"Longcross","g":"uk"},"geometry":{"type":"Point","coordinates":[-0.59508,51.38528]}},{"type":"Feature","properties":{"n":"Arram","g":"uk"},"geometry":{"type":"Point","coordinates":[-0.42655,53.88433]}},{"type":"Feature","properties":{"n":"Beverley","g":"uk"},"geometry":{"type":"Point","coordinates":[-0.4229,53.84216]}},{"type":"Feature","properties":{"n":"Bridlington","g":"uk"},"geometry":{"type":"Point","coordinates":[-0.20037,54.08407]}},{"type":"Feature","properties":{"n":"Cottingham","g":"uk"},"geometry":{"type":"Point","coordinates":[-0.40622,53.78131]}},{"type":"Feature","properties":{"n":"Driffield","g":"uk"},"geometry":{"type":"Point","coordinates":[-0.43456,54.00145]}},{"type":"Feature","properties":{"n":"Filey","g":"uk"},"geometry":{"type":"Point","coordinates":[-0.29386,54.20981]}},{"type":"Feature","properties":{"n":"Hutton Cranswick","g":"uk"},"geometry":{"type":"Point","coordinates":[-0.43384,53.95618]}},{"type":"Feature","properties":{"n":"Nafferton","g":"uk"},"geometry":{"type":"Point","coordinates":[-0.38562,54.01134]}},{"type":"Feature","properties":{"n":"Seamer","g":"uk"},"geometry":{"type":"Point","coordinates":[-0.41699,54.24066]}},{"type":"Feature","properties":{"n":"Gilberdyke","g":"uk"},"geometry":{"type":"Point","coordinates":[-0.73161,53.74802]}},{"type":"Feature","properties":{"n":"Saltmarshe","g":"uk"},"geometry":{"type":"Point","coordinates":[-0.80917,53.72207]}},{"type":"Feature","properties":{"n":"Albrighton","g":"uk"},"geometry":{"type":"Point","coordinates":[-2.26921,52.63823]}},{"type":"Feature","properties":{"n":"Bilbrook","g":"uk"},"geometry":{"type":"Point","coordinates":[-2.18731,52.62396]}},{"type":"Feature","properties":{"n":"Codsall","g":"uk"},"geometry":{"type":"Point","coordinates":[-2.20182,52.62744]}},{"type":"Feature","properties":{"n":"Cosford","g":"uk"},"geometry":{"type":"Point","coordinates":[-2.30069,52.64485]}},{"type":"Feature","properties":{"n":"Oakengates","g":"uk"},"geometry":{"type":"Point","coordinates":[-2.45019,52.69309]}},{"type":"Feature","properties":{"n":"Shifnal","g":"uk"},"geometry":{"type":"Point","coordinates":[-2.37169,52.66601]}},{"type":"Feature","properties":{"n":"Telford Central","g":"uk"},"geometry":{"type":"Point","coordinates":[-2.44118,52.68111]}},{"type":"Feature","properties":{"n":"Church Stretton","g":"uk"},"geometry":{"type":"Point","coordinates":[-2.80368,52.5373]}},{"type":"Feature","properties":{"n":"Gobowen","g":"uk"},"geometry":{"type":"Point","coordinates":[-3.03688,52.89332]}},{"type":"Feature","properties":{"n":"Knighton","g":"uk"},"geometry":{"type":"Point","coordinates":[-3.04234,52.34502]}},{"type":"Feature","properties":{"n":"Littleborough","g":"uk"},"geometry":{"type":"Point","coordinates":[-2.09501,53.64275]}},{"type":"Feature","properties":{"n":"Moston","g":"uk"},"geometry":{"type":"Point","coordinates":[-2.17103,53.52325]}},{"type":"Feature","properties":{"n":"Smithy Bridge","g":"uk"},"geometry":{"type":"Point","coordinates":[-2.11406,53.63285]}},{"type":"Feature","properties":{"n":"Walsden","g":"uk"},"geometry":{"type":"Point","coordinates":[-2.10477,53.69653]}},{"type":"Feature","properties":{"n":"Bescar Lane","g":"uk"},"geometry":{"type":"Point","coordinates":[-2.91455,53.62385]}},{"type":"Feature","properties":{"n":"Burscough Bridge","g":"uk"},"geometry":{"type":"Point","coordinates":[-2.84165,53.60542]}},{"type":"Feature","properties":{"n":"New Lane","g":"uk"},"geometry":{"type":"Point","coordinates":[-2.86774,53.61169]}},{"type":"Feature","properties":{"n":"Parbold","g":"uk"},"geometry":{"type":"Point","coordinates":[-2.77114,53.59086]}},{"type":"Feature","properties":{"n":"Hoscar","g":"uk"},"geometry":{"type":"Point","coordinates":[-2.80461,53.59777]}},{"type":"Feature","properties":{"n":"Gathurst","g":"uk"},"geometry":{"type":"Point","coordinates":[-2.69381,53.55938]}},{"type":"Feature","properties":{"n":"Appley Bridge","g":"uk"},"geometry":{"type":"Point","coordinates":[-2.71958,53.57871]}},{"type":"Feature","properties":{"n":"Bingley","g":"uk"},"geometry":{"type":"Point","coordinates":[-1.83716,53.84872]}},{"type":"Feature","properties":{"n":"Crossflatts","g":"uk"},"geometry":{"type":"Point","coordinates":[-1.84448,53.8583]}},{"type":"Feature","properties":{"n":"Keighley","g":"uk"},"geometry":{"type":"Point","coordinates":[-1.90136,53.86793]}},{"type":"Feature","properties":{"n":"Accrington","g":"uk"},"geometry":{"type":"Point","coordinates":[-2.37012,53.7528]}},{"type":"Feature","properties":{"n":"Bardon Mill","g":"uk"},"geometry":{"type":"Point","coordinates":[-2.34507,54.97454]}},{"type":"Feature","properties":{"n":"Brinnington","g":"uk"},"geometry":{"type":"Point","coordinates":[-2.13412,53.43196]}},{"type":"Feature","properties":{"n":"Burnley Manchester Road","g":"uk"},"geometry":{"type":"Point","coordinates":[-2.24932,53.78517]}},{"type":"Feature","properties":{"n":"Cattal","g":"uk"},"geometry":{"type":"Point","coordinates":[-1.3202,53.99742]}},{"type":"Feature","properties":{"n":"Church and Oswaldtwistle","g":"uk"},"geometry":{"type":"Point","coordinates":[-2.39089,53.75054]}},{"type":"Feature","properties":{"n":"Corbridge","g":"uk"},"geometry":{"type":"Point","coordinates":[-2.01903,54.96626]}},{"type":"Feature","properties":{"n":"Haltwhistle","g":"uk"},"geometry":{"type":"Point","coordinates":[-2.46276,54.96799]}},{"type":"Feature","properties":{"n":"Hammerton","g":"uk"},"geometry":{"type":"Point","coordinates":[-1.28407,53.99633]}},{"type":"Feature","properties":{"n":"Hapton","g":"uk"},"geometry":{"type":"Point","coordinates":[-2.31732,53.78157]}},{"type":"Feature","properties":{"n":"Haydon Bridge","g":"uk"},"geometry":{"type":"Point","coordinates":[-2.24721,54.97529]}},{"type":"Feature","properties":{"n":"Headingley","g":"uk"},"geometry":{"type":"Point","coordinates":[-1.59448,53.81804]}},{"type":"Feature","properties":{"n":"Hebden Bridge","g":"uk"},"geometry":{"type":"Point","coordinates":[-2.00888,53.73764]}},{"type":"Feature","properties":{"n":"Hornbeam Park","g":"uk"},"geometry":{"type":"Point","coordinates":[-1.52768,53.98036]}},{"type":"Feature","properties":{"n":"Horsforth","g":"uk"},"geometry":{"type":"Point","coordinates":[-1.63022,53.84775]}},{"type":"Feature","properties":{"n":"Huncoat","g":"uk"},"geometry":{"type":"Point","coordinates":[-2.34705,53.77224]}},{"type":"Feature","properties":{"n":"Knaresborough","g":"uk"},"geometry":{"type":"Point","coordinates":[-1.47032,54.00903]}},{"type":"Feature","properties":{"n":"Mytholmroyd","g":"uk"},"geometry":{"type":"Point","coordinates":[-1.98182,53.72908]}},{"type":"Feature","properties":{"n":"Pannal","g":"uk"},"geometry":{"type":"Point","coordinates":[-1.53279,53.95851]}},{"type":"Feature","properties":{"n":"Poppleton","g":"uk"},"geometry":{"type":"Point","coordinates":[-1.14841,53.97596]}},{"type":"Feature","properties":{"n":"Prudhoe","g":"uk"},"geometry":{"type":"Point","coordinates":[-1.86474,54.96587]}},{"type":"Feature","properties":{"n":"Reddish North","g":"uk"},"geometry":{"type":"Point","coordinates":[-2.15676,53.44974]}},{"type":"Feature","properties":{"n":"Riding Mill","g":"uk"},"geometry":{"type":"Point","coordinates":[-1.97195,54.94893]}},{"type":"Feature","properties":{"n":"Rishton","g":"uk"},"geometry":{"type":"Point","coordinates":[-2.42019,53.76383]}},{"type":"Feature","properties":{"n":"Saltaire","g":"uk"},"geometry":{"type":"Point","coordinates":[-1.7908,53.83856]}},{"type":"Feature","properties":{"n":"Sowerby Bridge","g":"uk"},"geometry":{"type":"Point","coordinates":[-1.90723,53.70785]}},{"type":"Feature","properties":{"n":"Starbeck","g":"uk"},"geometry":{"type":"Point","coordinates":[-1.50048,53.99888]}},{"type":"Feature","properties":{"n":"Steeton and Silsden","g":"uk"},"geometry":{"type":"Point","coordinates":[-1.94481,53.90005]}},{"type":"Feature","properties":{"n":"Stocksfield","g":"uk"},"geometry":{"type":"Point","coordinates":[-1.91719,54.94681]}},{"type":"Feature","properties":{"n":"Weeton","g":"uk"},"geometry":{"type":"Point","coordinates":[-1.5813,53.92328]}},{"type":"Feature","properties":{"n":"Wennington","g":"uk"},"geometry":{"type":"Point","coordinates":[-2.58742,54.12369]}},{"type":"Feature","properties":{"n":"Wetheral","g":"uk"},"geometry":{"type":"Point","coordinates":[-2.83199,54.88374]}},{"type":"Feature","properties":{"n":"Wylam","g":"uk"},"geometry":{"type":"Point","coordinates":[-1.81437,54.97487]}},{"type":"Feature","properties":{"n":"Motherwell","g":"uk"},"geometry":{"type":"Point","coordinates":[-3.99467,55.79189]}},{"type":"Feature","properties":{"n":"Whitby","g":"uk"},"geometry":{"type":"Point","coordinates":[-0.61453,54.48432]}},{"type":"Feature","properties":{"n":"Ruswarp","g":"uk"},"geometry":{"type":"Point","coordinates":[-0.62778,54.46994]}},{"type":"Feature","properties":{"n":"Kennett","g":"uk"},"geometry":{"type":"Point","coordinates":[0.49009,52.27725]}},{"type":"Feature","properties":{"n":"Lostock Gralam","g":"uk"},"geometry":{"type":"Point","coordinates":[-2.46478,53.26775]}},{"type":"Feature","properties":{"n":"Stoke Mandeville","g":"uk"},"geometry":{"type":"Point","coordinates":[-0.78434,51.78788]}},{"type":"Feature","properties":{"n":"Sittingbourne","g":"uk"},"geometry":{"type":"Point","coordinates":[0.73515,51.34208]}},{"type":"Feature","properties":{"n":"Great Chesterford","g":"uk"},"geometry":{"type":"Point","coordinates":[0.19323,52.05993]}},{"type":"Feature","properties":{"n":"Kingussie","g":"uk"},"geometry":{"type":"Point","coordinates":[-4.05318,57.07779]}},{"type":"Feature","properties":{"n":"Whitstable","g":"uk"},"geometry":{"type":"Point","coordinates":[1.03436,51.35769]}},{"type":"Feature","properties":{"n":"Chestfield & Swalecliffe","g":"uk"},"geometry":{"type":"Point","coordinates":[1.06744,51.36028]}},{"type":"Feature","properties":{"n":"Hednesford","g":"uk"},"geometry":{"type":"Point","coordinates":[-2.00198,52.70994]}},{"type":"Feature","properties":{"n":"Kirknewton","g":"uk"},"geometry":{"type":"Point","coordinates":[-3.43352,55.88893]}},{"type":"Feature","properties":{"n":"Landywood","g":"uk"},"geometry":{"type":"Point","coordinates":[-2.02072,52.65672]}},{"type":"Feature","properties":{"n":"Lingfield","g":"uk"},"geometry":{"type":"Point","coordinates":[-0.0068,51.1761]}},{"type":"Feature","properties":{"n":"Otford","g":"uk"},"geometry":{"type":"Point","coordinates":[0.19718,51.31293]}},{"type":"Feature","properties":{"n":"Walmer","g":"uk"},"geometry":{"type":"Point","coordinates":[1.38255,51.20322]}},{"type":"Feature","properties":{"n":"Effingham Junction","g":"uk"},"geometry":{"type":"Point","coordinates":[-0.42006,51.2913]}},{"type":"Feature","properties":{"n":"Langley Mill","g":"uk"},"geometry":{"type":"Point","coordinates":[-1.3312,53.01847]}},{"type":"Feature","properties":{"n":"Harling Road","g":"uk"},"geometry":{"type":"Point","coordinates":[0.90931,52.45386]}},{"type":"Feature","properties":{"n":"Spooner Row","g":"uk"},"geometry":{"type":"Point","coordinates":[1.086,52.53492]}},{"type":"Feature","properties":{"n":"Alexandra Parade","g":"uk"},"geometry":{"type":"Point","coordinates":[-4.21067,55.86362]}},{"type":"Feature","properties":{"n":"Blairhill","g":"uk"},"geometry":{"type":"Point","coordinates":[-4.04272,55.86652]}},{"type":"Feature","properties":{"n":"Carfin","g":"uk"},"geometry":{"type":"Point","coordinates":[-3.95604,55.80768]}},{"type":"Feature","properties":{"n":"Coatbridge Sunnyside","g":"uk"},"geometry":{"type":"Point","coordinates":[-4.02796,55.86691]}},{"type":"Feature","properties":{"n":"Cumbernauld","g":"uk"},"geometry":{"type":"Point","coordinates":[-3.9803,55.9419]}},{"type":"Feature","properties":{"n":"Hamilton Central","g":"uk"},"geometry":{"type":"Point","coordinates":[-4.03882,55.77315]}},{"type":"Feature","properties":{"n":"Hartwood","g":"uk"},"geometry":{"type":"Point","coordinates":[-3.83902,55.81118]}},{"type":"Feature","properties":{"n":"Pollokshaws West","g":"uk"},"geometry":{"type":"Point","coordinates":[-4.30141,55.82385]}},{"type":"Feature","properties":{"n":"Shadwell","g":"uk"},"geometry":{"type":"Point","coordinates":[-0.05692,51.51129]}},{"type":"Feature","properties":{"n":"Thanet Parkway","g":"uk"},"geometry":{"type":"Point","coordinates":[1.36146,51.33078]}},{"type":"Feature","properties":{"n":"Wimbledon Chase","g":"uk"},"geometry":{"type":"Point","coordinates":[-0.21479,51.41025]}},{"type":"Feature","properties":{"n":"Rhoose Cardiff International Airport","g":"uk"},"geometry":{"type":"Point","coordinates":[-3.34945,51.38715]}},{"type":"Feature","properties":{"n":"High Street","g":"uk"},"geometry":{"type":"Point","coordinates":[-4.23993,55.85935]}},{"type":"Feature","properties":{"n":"Saundersfoot","g":"uk"},"geometry":{"type":"Point","coordinates":[-4.71805,51.722]}},{"type":"Feature","properties":{"n":"Shieldmuir","g":"uk"},"geometry":{"type":"Point","coordinates":[-3.95785,55.77743]}},{"type":"Feature","properties":{"n":"North Sheen","g":"uk"},"geometry":{"type":"Point","coordinates":[-0.28658,51.46532]}},{"type":"Feature","properties":{"n":"Coatbridge Central","g":"uk"},"geometry":{"type":"Point","coordinates":[-4.03208,55.86267]}},{"type":"Feature","properties":{"n":"Croy","g":"uk"},"geometry":{"type":"Point","coordinates":[-4.03626,55.95563]}},{"type":"Feature","properties":{"n":"Lenzie","g":"uk"},"geometry":{"type":"Point","coordinates":[-4.15393,55.92134]}},{"type":"Feature","properties":{"n":"Alloa","g":"uk"},"geometry":{"type":"Point","coordinates":[-3.78832,56.11794]}},{"type":"Feature","properties":{"n":"Wimbledon Park","g":"uk","m":1},"geometry":{"type":"Point","coordinates":[-0.19904,51.43406]}},{"type":"Feature","properties":{"n":"Ravenscourt Park","g":"uk","m":1},"geometry":{"type":"Point","coordinates":[-0.23579,51.49413]}},{"type":"Feature","properties":{"n":"Imperial Wharf","g":"uk"},"geometry":{"type":"Point","coordinates":[-0.18293,51.4751]}},{"type":"Feature","properties":{"n":"Earlsfield","g":"uk"},"geometry":{"type":"Point","coordinates":[-0.18769,51.4424]}},{"type":"Feature","properties":{"n":"Carstairs","g":"uk"},"geometry":{"type":"Point","coordinates":[-3.66937,55.69137]}},{"type":"Feature","properties":{"n":"Cheshunt","g":"uk"},"geometry":{"type":"Point","coordinates":[-0.02378,51.70286]}},{"type":"Feature","properties":{"n":"Hildenborough","g":"uk"},"geometry":{"type":"Point","coordinates":[0.22788,51.21458]}},{"type":"Feature","properties":{"n":"Betchworth","g":"uk"},"geometry":{"type":"Point","coordinates":[-0.26747,51.24794]}},{"type":"Feature","properties":{"n":"Woking","g":"uk"},"geometry":{"type":"Point","coordinates":[-0.55731,51.31845]}},{"type":"Feature","properties":{"n":"West Byfleet","g":"uk"},"geometry":{"type":"Point","coordinates":[-0.50522,51.33962]}},{"type":"Feature","properties":{"n":"Newark Northgate","g":"uk"},"geometry":{"type":"Point","coordinates":[-0.79949,53.08137]}},{"type":"Feature","properties":{"n":"Tooting","g":"uk"},"geometry":{"type":"Point","coordinates":[-0.16132,51.41985]}},{"type":"Feature","properties":{"n":"Haydons Road","g":"uk"},"geometry":{"type":"Point","coordinates":[-0.18834,51.42536]}},{"type":"Feature","properties":{"n":"Peatlands Park Railway","g":"uk"},"geometry":{"type":"Point","coordinates":[-6.6178,54.48618]}},{"type":"Feature","properties":{"n":"Alderley Edge","g":"uk"},"geometry":{"type":"Point","coordinates":[-2.23662,53.30386]}},{"type":"Feature","properties":{"n":"Bentham","g":"uk"},"geometry":{"type":"Point","coordinates":[-2.51062,54.11549]}},{"type":"Feature","properties":{"n":"Clapham","g":"uk"},"geometry":{"type":"Point","coordinates":[-2.41045,54.10542]}},{"type":"Feature","properties":{"n":"Cononley","g":"uk"},"geometry":{"type":"Point","coordinates":[-2.0118,53.91716]}},{"type":"Feature","properties":{"n":"Gargrave","g":"uk"},"geometry":{"type":"Point","coordinates":[-2.10507,53.97825]}},{"type":"Feature","properties":{"n":"Goostrey","g":"uk"},"geometry":{"type":"Point","coordinates":[-2.32634,53.22257]}},{"type":"Feature","properties":{"n":"Ryder Brow","g":"uk"},"geometry":{"type":"Point","coordinates":[-2.17396,53.45695]}},{"type":"Feature","properties":{"n":"Wandsworth Common","g":"uk"},"geometry":{"type":"Point","coordinates":[-0.16352,51.44612]}},{"type":"Feature","properties":{"n":"Blackfriars","g":"uk","m":1},"geometry":{"type":"Point","coordinates":[-0.10377,51.51159]}},{"type":"Feature","properties":{"n":"London Victoria","g":"uk"},"geometry":{"type":"Point","coordinates":[-0.14458,51.49473]}},{"type":"Feature","properties":{"n":"Halfway Station","g":"uk"},"geometry":{"type":"Point","coordinates":[-0.12109,50.81655]}},{"type":"Feature","properties":{"n":"Harrogate","g":"uk"},"geometry":{"type":"Point","coordinates":[-1.53743,53.9934]}},{"type":"Feature","properties":{"n":"Bromborough Rake","g":"uk"},"geometry":{"type":"Point","coordinates":[-2.99022,53.33028]}},{"type":"Feature","properties":{"n":"Aughton Park","g":"uk"},"geometry":{"type":"Point","coordinates":[-2.8953,53.55416]}},{"type":"Feature","properties":{"n":"Old Roan","g":"uk"},"geometry":{"type":"Point","coordinates":[-2.95068,53.48692]}},{"type":"Feature","properties":{"n":"Orrell Park","g":"uk"},"geometry":{"type":"Point","coordinates":[-2.96288,53.46171]}},{"type":"Feature","properties":{"n":"Town Green","g":"uk"},"geometry":{"type":"Point","coordinates":[-2.90443,53.54302]}},{"type":"Feature","properties":{"n":"Walton","g":"uk"},"geometry":{"type":"Point","coordinates":[-2.96606,53.45639]}},{"type":"Feature","properties":{"n":"Lambeth North","g":"uk","m":1},"geometry":{"type":"Point","coordinates":[-0.11201,51.49893]}},{"type":"Feature","properties":{"n":"Rice Lane","g":"uk"},"geometry":{"type":"Point","coordinates":[-2.96309,53.45751]}},{"type":"Feature","properties":{"n":"Birkdale","g":"uk"},"geometry":{"type":"Point","coordinates":[-3.01462,53.63389]}},{"type":"Feature","properties":{"n":"Freshfield","g":"uk"},"geometry":{"type":"Point","coordinates":[-3.07189,53.56621]}},{"type":"Feature","properties":{"n":"Hall Road","g":"uk"},"geometry":{"type":"Point","coordinates":[-3.04974,53.49762]}},{"type":"Feature","properties":{"n":"Hightown","g":"uk"},"geometry":{"type":"Point","coordinates":[-3.05718,53.52539]}},{"type":"Feature","properties":{"n":"Hillside","g":"uk"},"geometry":{"type":"Point","coordinates":[-3.02543,53.62154]}},{"type":"Feature","properties":{"n":"Eccleston Park","g":"uk"},"geometry":{"type":"Point","coordinates":[-2.78033,53.43074]}},{"type":"Feature","properties":{"n":"Prescot","g":"uk"},"geometry":{"type":"Point","coordinates":[-2.79899,53.42353]}},{"type":"Feature","properties":{"n":"Fazakerley","g":"uk"},"geometry":{"type":"Point","coordinates":[-2.93697,53.46898]}},{"type":"Feature","properties":{"n":"Taunton","g":"uk"},"geometry":{"type":"Point","coordinates":[-3.10267,51.02329]}},{"type":"Feature","properties":{"n":"Dorking","g":"uk"},"geometry":{"type":"Point","coordinates":[-0.32414,51.24117]}},{"type":"Feature","properties":{"n":"Pugneys Central","g":"uk"},"geometry":{"type":"Point","coordinates":[-1.50919,53.65365]}},{"type":"Feature","properties":{"n":"Pugneys Lakeside","g":"uk"},"geometry":{"type":"Point","coordinates":[-1.51167,53.6565]}},{"type":"Feature","properties":{"n":"Brindley Place","g":"uk","m":1},"geometry":{"type":"Point","coordinates":[-1.91235,52.47665]}},{"type":"Feature","properties":{"n":"Edgbaston Village","g":"uk","m":1},"geometry":{"type":"Point","coordinates":[-1.92356,52.47197]}},{"type":"Feature","properties":{"n":"Aldgate","g":"uk","m":1},"geometry":{"type":"Point","coordinates":[-0.07572,51.51425]}},{"type":"Feature","properties":{"n":"Bury St Edmunds","g":"uk"},"geometry":{"type":"Point","coordinates":[0.71259,52.25364]}},{"type":"Feature","properties":{"n":"Elmswell","g":"uk"},"geometry":{"type":"Point","coordinates":[0.91253,52.23815]}},{"type":"Feature","properties":{"n":"Thurston","g":"uk"},"geometry":{"type":"Point","coordinates":[0.80869,52.24991]}},{"type":"Feature","properties":{"n":"Needham Market","g":"uk"},"geometry":{"type":"Point","coordinates":[1.05555,52.15263]}},{"type":"Feature","properties":{"n":"Stowmarket","g":"uk"},"geometry":{"type":"Point","coordinates":[1.00026,52.1898]}},{"type":"Feature","properties":{"n":"Seven Sisters","g":"uk","m":1},"geometry":{"type":"Point","coordinates":[-0.07493,51.58247]}},{"type":"Feature","properties":{"n":"Bishop's Stortford","g":"uk"},"geometry":{"type":"Point","coordinates":[0.1654,51.86643]}},{"type":"Feature","properties":{"n":"Southfields","g":"uk","m":1},"geometry":{"type":"Point","coordinates":[-0.20661,51.44578]}},{"type":"Feature","properties":{"n":"Manors","g":"uk","m":1},"geometry":{"type":"Point","coordinates":[-1.60438,54.97391]}},{"type":"Feature","properties":{"n":"Fawdon","g":"uk","m":1},"geometry":{"type":"Point","coordinates":[-1.6443,55.0136]}},{"type":"Feature","properties":{"n":"Wansbeck Road","g":"uk","m":1},"geometry":{"type":"Point","coordinates":[-1.63569,55.01429]}},{"type":"Feature","properties":{"n":"Ashtead","g":"uk"},"geometry":{"type":"Point","coordinates":[-0.30739,51.31792]}},{"type":"Feature","properties":{"n":"Vauxhall","g":"uk","m":1},"geometry":{"type":"Point","coordinates":[-0.12486,51.48601]}},{"type":"Feature","properties":{"n":"Manor Station","g":"uk"},"geometry":{"type":"Point","coordinates":[-1.94023,53.44721]}},{"type":"Feature","properties":{"n":"Drumawhey Junction","g":"uk"},"geometry":{"type":"Point","coordinates":[-5.60658,54.60923]}},{"type":"Feature","properties":{"n":"Oxford Parkway","g":"uk"},"geometry":{"type":"Point","coordinates":[-1.27509,51.80375]}},{"type":"Feature","properties":{"n":"Orpington","g":"uk"},"geometry":{"type":"Point","coordinates":[0.08872,51.3736]}},{"type":"Feature","properties":{"n":"Damhead Miniature Railway","g":"uk"},"geometry":{"type":"Point","coordinates":[-6.59756,55.11151]}},{"type":"Feature","properties":{"n":"Herne Hill","g":"uk"},"geometry":{"type":"Point","coordinates":[-0.10228,51.45347]}},{"type":"Feature","properties":{"n":"Delamont","g":"uk"},"geometry":{"type":"Point","coordinates":[-5.67685,54.38266]}},{"type":"Feature","properties":{"n":"Carnfunnock Family Fun Zone Miniature Railway","g":"uk"},"geometry":{"type":"Point","coordinates":[-5.84363,54.88892]}},{"type":"Feature","properties":{"n":"Granville Road / The Sheffield College","g":"uk","m":1},"geometry":{"type":"Point","coordinates":[-1.46149,53.37503]}},{"type":"Feature","properties":{"n":"Partick (Subway)","g":"uk","m":1},"geometry":{"type":"Point","coordinates":[-4.3087,55.86976]}},{"type":"Feature","properties":{"n":"Park Grange","g":"uk","m":1},"geometry":{"type":"Point","coordinates":[-1.45517,53.367]}},{"type":"Feature","properties":{"n":"White Lane","g":"uk","m":1},"geometry":{"type":"Point","coordinates":[-1.4198,53.34308]}},{"type":"Feature","properties":{"n":"Cobham & Stoke d'Abernon","g":"uk"},"geometry":{"type":"Point","coordinates":[-0.38941,51.31792]}},{"type":"Feature","properties":{"n":"Dorking Deepdene","g":"uk"},"geometry":{"type":"Point","coordinates":[-0.32398,51.23882]}},{"type":"Feature","properties":{"n":"Redhill","g":"uk"},"geometry":{"type":"Point","coordinates":[-0.16558,51.24005]}},{"type":"Feature","properties":{"n":"Epsom Downs","g":"uk"},"geometry":{"type":"Point","coordinates":[-0.23844,51.32425]}},{"type":"Feature","properties":{"n":"Oxford Road","g":"uk"},"geometry":{"type":"Point","coordinates":[-1.24538,51.61755]}},{"type":"Feature","properties":{"n":"Byfleet and New Haw","g":"uk"},"geometry":{"type":"Point","coordinates":[-0.48122,51.34968]}},{"type":"Feature","properties":{"n":"Bexley","g":"uk"},"geometry":{"type":"Point","coordinates":[0.14795,51.44024]}},{"type":"Feature","properties":{"n":"Weybridge","g":"uk"},"geometry":{"type":"Point","coordinates":[-0.45808,51.36144]}},{"type":"Feature","properties":{"n":"Apperley Bridge","g":"uk"},"geometry":{"type":"Point","coordinates":[-1.70707,53.84204]}},{"type":"Feature","properties":{"n":"Stopham Road","g":"uk"},"geometry":{"type":"Point","coordinates":[-0.53032,50.95477]}},{"type":"Feature","properties":{"n":"Chelmsford","g":"uk"},"geometry":{"type":"Point","coordinates":[0.46865,51.73651]}},{"type":"Feature","properties":{"n":"Balham","g":"uk"},"geometry":{"type":"Point","coordinates":[-0.15144,51.44283]}},{"type":"Feature","properties":{"n":"Mortlake","g":"uk"},"geometry":{"type":"Point","coordinates":[-0.26737,51.46806]}},{"type":"Feature","properties":{"n":"Cheddington","g":"uk"},"geometry":{"type":"Point","coordinates":[-0.66198,51.85829]}},{"type":"Feature","properties":{"n":"Berkhamsted","g":"uk"},"geometry":{"type":"Point","coordinates":[-0.56308,51.76365]}},{"type":"Feature","properties":{"n":"Brookmans Park","g":"uk"},"geometry":{"type":"Point","coordinates":[-0.20484,51.72116]}},{"type":"Feature","properties":{"n":"Flitwick","g":"uk"},"geometry":{"type":"Point","coordinates":[-0.49498,52.00379]}},{"type":"Feature","properties":{"n":"Harlington","g":"uk"},"geometry":{"type":"Point","coordinates":[-0.49534,51.96141]}},{"type":"Feature","properties":{"n":"Hitchin","g":"uk"},"geometry":{"type":"Point","coordinates":[-0.26301,51.95318]}},{"type":"Feature","properties":{"n":"South Ealing","g":"uk","m":1},"geometry":{"type":"Point","coordinates":[-0.30768,51.50086]}},{"type":"Feature","properties":{"n":"Knebworth","g":"uk"},"geometry":{"type":"Point","coordinates":[-0.18705,51.86704]}},{"type":"Feature","properties":{"n":"East Kilbride","g":"uk"},"geometry":{"type":"Point","coordinates":[-4.17972,55.7661]}},{"type":"Feature","properties":{"n":"Hairmyres","g":"uk"},"geometry":{"type":"Point","coordinates":[-4.22989,55.76182]}},{"type":"Feature","properties":{"n":"Mossley West","g":"uk"},"geometry":{"type":"Point","coordinates":[-5.95108,54.69682]}},{"type":"Feature","properties":{"n":"Busby","g":"uk"},"geometry":{"type":"Point","coordinates":[-4.26223,55.78039]}},{"type":"Feature","properties":{"n":"York Street","g":"uk"},"geometry":{"type":"Point","coordinates":[-5.92222,54.61023]}},{"type":"Feature","properties":{"n":"Belfast Lanyon Place","g":"uk"},"geometry":{"type":"Point","coordinates":[-5.91729,54.59515]}},{"type":"Feature","properties":{"n":"Torpantau","g":"uk"},"geometry":{"type":"Point","coordinates":[-3.3808,51.84031]}},{"type":"Feature","properties":{"n":"Bangor","g":"uk"},"geometry":{"type":"Point","coordinates":[-5.67184,54.65865]}},{"type":"Feature","properties":{"n":"Carnalea","g":"uk"},"geometry":{"type":"Point","coordinates":[-5.70563,54.66607]}},{"type":"Feature","properties":{"n":"Helen's Bay","g":"uk"},"geometry":{"type":"Point","coordinates":[-5.74031,54.66619]}},{"type":"Feature","properties":{"n":"Bangor West","g":"uk"},"geometry":{"type":"Point","coordinates":[-5.69293,54.65955]}},{"type":"Feature","properties":{"n":"Seahill","g":"uk"},"geometry":{"type":"Point","coordinates":[-5.76823,54.66081]}},{"type":"Feature","properties":{"n":"Cultra","g":"uk"},"geometry":{"type":"Point","coordinates":[-5.80498,54.65231]}},{"type":"Feature","properties":{"n":"Marino","g":"uk"},"geometry":{"type":"Point","coordinates":[-5.81735,54.64697]}},{"type":"Feature","properties":{"n":"Holywood","g":"uk"},"geometry":{"type":"Point","coordinates":[-5.83981,54.64099]}},{"type":"Feature","properties":{"n":"Sydenham","g":"uk"},"geometry":{"type":"Point","coordinates":[-5.87731,54.60932]}},{"type":"Feature","properties":{"n":"Titanic Quarter","g":"uk"},"geometry":{"type":"Point","coordinates":[-5.9065,54.60189]}},{"type":"Feature","properties":{"n":"City Hospital","g":"uk"},"geometry":{"type":"Point","coordinates":[-5.93984,54.58864]}},{"type":"Feature","properties":{"n":"Whiteabbey","g":"uk"},"geometry":{"type":"Point","coordinates":[-5.90452,54.67215]}},{"type":"Feature","properties":{"n":"Jordanstown","g":"uk"},"geometry":{"type":"Point","coordinates":[-5.8953,54.68697]}},{"type":"Feature","properties":{"n":"Greenisland","g":"uk"},"geometry":{"type":"Point","coordinates":[-5.87291,54.70028]}},{"type":"Feature","properties":{"n":"Trooperslane","g":"uk"},"geometry":{"type":"Point","coordinates":[-5.84907,54.71028]}},{"type":"Feature","properties":{"n":"Clipperstown","g":"uk"},"geometry":{"type":"Point","coordinates":[-5.81839,54.71754]}},{"type":"Feature","properties":{"n":"Carrickfergus","g":"uk"},"geometry":{"type":"Point","coordinates":[-5.80959,54.71754]}},{"type":"Feature","properties":{"n":"Downshire","g":"uk"},"geometry":{"type":"Point","coordinates":[-5.79039,54.721]}},{"type":"Feature","properties":{"n":"Whitehead","g":"uk"},"geometry":{"type":"Point","coordinates":[-5.70947,54.75218]}},{"type":"Feature","properties":{"n":"Magheramorne","g":"uk"},"geometry":{"type":"Point","coordinates":[-5.76679,54.81537]}},{"type":"Feature","properties":{"n":"Glynn","g":"uk"},"geometry":{"type":"Point","coordinates":[-5.80709,54.82714]}},{"type":"Feature","properties":{"n":"Larne Town","g":"uk"},"geometry":{"type":"Point","coordinates":[-5.8138,54.84999]}},{"type":"Feature","properties":{"n":"Larne Harbour","g":"uk"},"geometry":{"type":"Point","coordinates":[-5.79866,54.84784]}},{"type":"Feature","properties":{"n":"Ballycarry","g":"uk"},"geometry":{"type":"Point","coordinates":[-5.72564,54.77722]}},{"type":"Feature","properties":{"n":"Lisburn","g":"uk"},"geometry":{"type":"Point","coordinates":[-6.04532,54.51391]}},{"type":"Feature","properties":{"n":"Newry","g":"uk"},"geometry":{"type":"Point","coordinates":[-6.36284,54.18874]}},{"type":"Feature","properties":{"n":"Poyntzpass","g":"uk"},"geometry":{"type":"Point","coordinates":[-6.37197,54.29305]}},{"type":"Feature","properties":{"n":"Scarva","g":"uk"},"geometry":{"type":"Point","coordinates":[-6.36656,54.33163]}},{"type":"Feature","properties":{"n":"Portadown","g":"uk"},"geometry":{"type":"Point","coordinates":[-6.44544,54.42508]}},{"type":"Feature","properties":{"n":"Moira","g":"uk"},"geometry":{"type":"Point","coordinates":[-6.21415,54.49211]}},{"type":"Feature","properties":{"n":"Hilden","g":"uk"},"geometry":{"type":"Point","coordinates":[-6.02938,54.5223]}},{"type":"Feature","properties":{"n":"Derriaghy","g":"uk"},"geometry":{"type":"Point","coordinates":[-6.01769,54.54239]}},{"type":"Feature","properties":{"n":"Dunmurry","g":"uk"},"geometry":{"type":"Point","coordinates":[-6.00321,54.55313]}},{"type":"Feature","properties":{"n":"Finaghy","g":"uk"},"geometry":{"type":"Point","coordinates":[-5.98582,54.56404]}},{"type":"Feature","properties":{"n":"Balmoral","g":"uk"},"geometry":{"type":"Point","coordinates":[-5.96859,54.56863]}},{"type":"Feature","properties":{"n":"Adelaide","g":"uk"},"geometry":{"type":"Point","coordinates":[-5.95502,54.57841]}},{"type":"Feature","properties":{"n":"Lambeg","g":"uk"},"geometry":{"type":"Point","coordinates":[-6.02963,54.52966]}},{"type":"Feature","properties":{"n":"Bellarena","g":"uk"},"geometry":{"type":"Point","coordinates":[-6.95107,55.12703]}},{"type":"Feature","properties":{"n":"Tilbury Town","g":"uk"},"geometry":{"type":"Point","coordinates":[0.35383,51.46246]}},{"type":"Feature","properties":{"n":"Truro","g":"uk"},"geometry":{"type":"Point","coordinates":[-5.0642,50.26399]}},{"type":"Feature","properties":{"n":"Plymouth","g":"uk"},"geometry":{"type":"Point","coordinates":[-4.14339,50.3781]}},{"type":"Feature","properties":{"n":"Hammersmith","g":"uk"},"geometry":{"type":"Point","coordinates":[-1.409,53.06298]}},{"type":"Feature","properties":{"n":"Norbreck North","g":"uk","m":1},"geometry":{"type":"Point","coordinates":[-3.04888,53.86162]}},{"type":"Feature","properties":{"n":"Norbreck North","g":"uk","m":1},"geometry":{"type":"Point","coordinates":[-3.04892,53.86169]}},{"type":"Feature","properties":{"n":"Inch Abbey","g":"uk"},"geometry":{"type":"Point","coordinates":[-5.73609,54.33752]}},{"type":"Feature","properties":{"n":"King Magnus' Halt","g":"uk"},"geometry":{"type":"Point","coordinates":[-5.73096,54.31948]}},{"type":"Feature","properties":{"n":"Downpatrick Loop Platform","g":"uk"},"geometry":{"type":"Point","coordinates":[-5.73006,54.32401]}},{"type":"Feature","properties":{"n":"Dore and Totley","g":"uk"},"geometry":{"type":"Point","coordinates":[-1.51532,53.32757]}},{"type":"Feature","properties":{"n":"Abraham Moss","g":"uk","m":1},"geometry":{"type":"Point","coordinates":[-2.23537,53.51047]}},{"type":"Feature","properties":{"n":"Bull Street","g":"uk","m":1},"geometry":{"type":"Point","coordinates":[-1.89649,52.48201]}},{"type":"Feature","properties":{"n":"St Chads","g":"uk","m":1},"geometry":{"type":"Point","coordinates":[-1.90033,52.48474]}},{"type":"Feature","properties":{"n":"Brough","g":"uk"},"geometry":{"type":"Point","coordinates":[-0.57815,53.72693]}},{"type":"Feature","properties":{"n":"Halifax","g":"uk"},"geometry":{"type":"Point","coordinates":[-1.85363,53.72084]}},{"type":"Feature","properties":{"n":"Stirling","g":"uk"},"geometry":{"type":"Point","coordinates":[-3.9343,56.11965]}},{"type":"Feature","properties":{"n":"Dalmuir","g":"uk"},"geometry":{"type":"Point","coordinates":[-4.42685,55.91201]}},{"type":"Feature","properties":{"n":"London Bridge","g":"uk"},"geometry":{"type":"Point","coordinates":[-0.08515,51.50488]}},{"type":"Feature","properties":{"n":"Leicester","g":"uk"},"geometry":{"type":"Point","coordinates":[-1.12361,52.63211]}},{"type":"Feature","properties":{"n":"Bedford","g":"uk"},"geometry":{"type":"Point","coordinates":[-0.47973,52.13618]}},{"type":"Feature","properties":{"n":"Beeston","g":"uk"},"geometry":{"type":"Point","coordinates":[-1.20751,52.92079]}},{"type":"Feature","properties":{"n":"Kilpatrick","g":"uk"},"geometry":{"type":"Point","coordinates":[-4.45284,55.92411]}},{"type":"Feature","properties":{"n":"Westerton","g":"uk"},"geometry":{"type":"Point","coordinates":[-4.33513,55.90483]}},{"type":"Feature","properties":{"n":"Drumchapel","g":"uk"},"geometry":{"type":"Point","coordinates":[-4.36303,55.90473]}},{"type":"Feature","properties":{"n":"Dumbarton Central","g":"uk"},"geometry":{"type":"Point","coordinates":[-4.56761,55.94652]}},{"type":"Feature","properties":{"n":"Dalreoch","g":"uk"},"geometry":{"type":"Point","coordinates":[-4.57725,55.94728]}},{"type":"Feature","properties":{"n":"Airdrie","g":"uk"},"geometry":{"type":"Point","coordinates":[-3.98225,55.86408]}},{"type":"Feature","properties":{"n":"Hyndland","g":"uk"},"geometry":{"type":"Point","coordinates":[-4.31449,55.87961]}},{"type":"Feature","properties":{"n":"Jordanhill","g":"uk"},"geometry":{"type":"Point","coordinates":[-4.32464,55.88265]}},{"type":"Feature","properties":{"n":"Anniesland","g":"uk"},"geometry":{"type":"Point","coordinates":[-4.32157,55.88995]}},{"type":"Feature","properties":{"n":"Garscadden","g":"uk"},"geometry":{"type":"Point","coordinates":[-4.3644,55.88752]}},{"type":"Feature","properties":{"n":"Yoker","g":"uk"},"geometry":{"type":"Point","coordinates":[-4.38685,55.89276]}},{"type":"Feature","properties":{"n":"Clydebank","g":"uk"},"geometry":{"type":"Point","coordinates":[-4.40416,55.90057]}},{"type":"Feature","properties":{"n":"Scotstounhill","g":"uk"},"geometry":{"type":"Point","coordinates":[-4.35295,55.88501]}},{"type":"Feature","properties":{"n":"Springburn","g":"uk"},"geometry":{"type":"Point","coordinates":[-4.23017,55.88185]}},{"type":"Feature","properties":{"n":"Greenfaulds","g":"uk"},"geometry":{"type":"Point","coordinates":[-3.99351,55.93496]}},{"type":"Feature","properties":{"n":"Lawley Village","g":"uk"},"geometry":{"type":"Point","coordinates":[-2.47998,52.67148]}},{"type":"Feature","properties":{"n":"Helensburgh Upper","g":"uk"},"geometry":{"type":"Point","coordinates":[-4.73077,56.01244]}},{"type":"Feature","properties":{"n":"Cookham","g":"uk"},"geometry":{"type":"Point","coordinates":[-0.72225,51.55737]}},{"type":"Feature","properties":{"n":"Tulloch","g":"uk"},"geometry":{"type":"Point","coordinates":[-4.70113,56.8841]}},{"type":"Feature","properties":{"n":"Kingsknowe","g":"uk"},"geometry":{"type":"Point","coordinates":[-3.26486,55.91891]}},{"type":"Feature","properties":{"n":"Slateford","g":"uk"},"geometry":{"type":"Point","coordinates":[-3.24375,55.92662]}},{"type":"Feature","properties":{"n":"Wester Hailes","g":"uk"},"geometry":{"type":"Point","coordinates":[-3.28382,55.91437]}},{"type":"Feature","properties":{"n":"West Sutton","g":"uk"},"geometry":{"type":"Point","coordinates":[-0.20448,51.36626]}},{"type":"Feature","properties":{"n":"Bat & Ball","g":"uk"},"geometry":{"type":"Point","coordinates":[0.19418,51.29011]}},{"type":"Feature","properties":{"n":"Eynsford","g":"uk"},"geometry":{"type":"Point","coordinates":[0.20421,51.36233]}},{"type":"Feature","properties":{"n":"Ashley","g":"uk"},"geometry":{"type":"Point","coordinates":[-2.34144,53.35572]}},{"type":"Feature","properties":{"n":"High Brooms","g":"uk"},"geometry":{"type":"Point","coordinates":[0.27796,51.14978]}},{"type":"Feature","properties":{"n":"Warren Wood","g":"uk"},"geometry":{"type":"Point","coordinates":[0.68642,51.29518]}},{"type":"Feature","properties":{"n":"Tring","g":"uk"},"geometry":{"type":"Point","coordinates":[-0.62246,51.80067]}},{"type":"Feature","properties":{"n":"Chinley","g":"uk"},"geometry":{"type":"Point","coordinates":[-1.94452,53.34012]}},{"type":"Feature","properties":{"n":"Woolwich","g":"uk"},"geometry":{"type":"Point","coordinates":[0.07061,51.49195]}},{"type":"Feature","properties":{"n":"Upton Park","g":"uk","m":1},"geometry":{"type":"Point","coordinates":[0.03398,51.53511]}},{"type":"Feature","properties":{"n":"Bangor","g":"uk"},"geometry":{"type":"Point","coordinates":[-4.13552,53.22264]}},{"type":"Feature","properties":{"n":"West Drive","g":"uk","m":1},"geometry":{"type":"Point","coordinates":[-3.03902,53.88022]}},{"type":"Feature","properties":{"n":"Tackley","g":"uk"},"geometry":{"type":"Point","coordinates":[-1.29751,51.88146]}},{"type":"Feature","properties":{"n":"Chillingham Road","g":"uk","m":1},"geometry":{"type":"Point","coordinates":[-1.57206,54.98291]}},{"type":"Feature","properties":{"n":"Felling","g":"uk","m":1},"geometry":{"type":"Point","coordinates":[-1.57177,54.95315]}},{"type":"Feature","properties":{"n":"Gateshead Stadium","g":"uk","m":1},"geometry":{"type":"Point","coordinates":[-1.58816,54.95767]}},{"type":"Feature","properties":{"n":"Haymarket","g":"uk","m":1},"geometry":{"type":"Point","coordinates":[-1.61393,54.9775]}},{"type":"Feature","properties":{"n":"Heworth","g":"uk","m":1},"geometry":{"type":"Point","coordinates":[-1.55629,54.95151]}},{"type":"Feature","properties":{"n":"Heworth","g":"uk"},"geometry":{"type":"Point","coordinates":[-1.55758,54.95159]}},{"type":"Feature","properties":{"n":"Ilford Road","g":"uk","m":1},"geometry":{"type":"Point","coordinates":[-1.61086,55.00001]}},{"type":"Feature","properties":{"n":"Jesmond","g":"uk","m":1},"geometry":{"type":"Point","coordinates":[-1.60558,54.98306]}},{"type":"Feature","properties":{"n":"Millfield","g":"uk","m":1},"geometry":{"type":"Point","coordinates":[-1.40101,54.90647]}},{"type":"Feature","properties":{"n":"Central Station","g":"uk","m":1},"geometry":{"type":"Point","coordinates":[-1.61672,54.96937]}},{"type":"Feature","properties":{"n":"Pallion","g":"uk","m":1},"geometry":{"type":"Point","coordinates":[-1.41785,54.91274]}},{"type":"Feature","properties":{"n":"Regent Centre","g":"uk","m":1},"geometry":{"type":"Point","coordinates":[-1.62163,55.01195]}},{"type":"Feature","properties":{"n":"South Gosforth","g":"uk","m":1},"geometry":{"type":"Point","coordinates":[-1.6083,55.00578]}},{"type":"Feature","properties":{"n":"South Hylton","g":"uk","m":1},"geometry":{"type":"Point","coordinates":[-1.44769,54.90428]}},{"type":"Feature","properties":{"n":"St Peter's","g":"uk","m":1},"geometry":{"type":"Point","coordinates":[-1.38376,54.91107]}},{"type":"Feature","properties":{"n":"Stadium of Light","g":"uk","m":1},"geometry":{"type":"Point","coordinates":[-1.38295,54.91814]}},{"type":"Feature","properties":{"n":"Sunderland","g":"uk","m":1},"geometry":{"type":"Point","coordinates":[-1.38244,54.90611]}},{"type":"Feature","properties":{"n":"West Jesmond","g":"uk","m":1},"geometry":{"type":"Point","coordinates":[-1.6098,54.99343]}},{"type":"Feature","properties":{"n":"Clapham Common","g":"uk","m":1},"geometry":{"type":"Point","coordinates":[-0.13736,51.46207]}},{"type":"Feature","properties":{"n":"White City","g":"uk","m":1},"geometry":{"type":"Point","coordinates":[-0.22424,51.51193]}},{"type":"Feature","properties":{"n":"Pelaw","g":"uk","m":1},"geometry":{"type":"Point","coordinates":[-1.54205,54.95266]}},{"type":"Feature","properties":{"n":"Gateshead","g":"uk","m":1},"geometry":{"type":"Point","coordinates":[-1.60441,54.96172]}},{"type":"Feature","properties":{"n":"Bank Foot","g":"uk","m":1},"geometry":{"type":"Point","coordinates":[-1.67807,55.01392]}},{"type":"Feature","properties":{"n":"Callerton Parkway","g":"uk","m":1},"geometry":{"type":"Point","coordinates":[-1.70341,55.02771]}},{"type":"Feature","properties":{"n":"Airport","g":"uk","m":1},"geometry":{"type":"Point","coordinates":[-1.7111,55.03564]}},{"type":"Feature","properties":{"n":"Benton","g":"uk","m":1},"geometry":{"type":"Point","coordinates":[-1.56763,55.0139]}},{"type":"Feature","properties":{"n":"East Boldon","g":"uk","m":1},"geometry":{"type":"Point","coordinates":[-1.42015,54.94635]}},{"type":"Feature","properties":{"n":"Four Lane Ends","g":"uk","m":1},"geometry":{"type":"Point","coordinates":[-1.5785,55.01016]}},{"type":"Feature","properties":{"n":"Bede","g":"uk","m":1},"geometry":{"type":"Point","coordinates":[-1.46568,54.97428]}},{"type":"Feature","properties":{"n":"Jarrow","g":"uk","m":1},"geometry":{"type":"Point","coordinates":[-1.49359,54.97959]}},{"type":"Feature","properties":{"n":"Hebburn","g":"uk","m":1},"geometry":{"type":"Point","coordinates":[-1.52122,54.97529]}},{"type":"Feature","properties":{"n":"Brockley Whins","g":"uk","m":1},"geometry":{"type":"Point","coordinates":[-1.46068,54.95952]}},{"type":"Feature","properties":{"n":"Seaburn","g":"uk","m":1},"geometry":{"type":"Point","coordinates":[-1.3865,54.92956]}},{"type":"Feature","properties":{"n":"University","g":"uk","m":1},"geometry":{"type":"Point","coordinates":[-1.3921,54.90279]}},{"type":"Feature","properties":{"n":"St James","g":"uk","m":1},"geometry":{"type":"Point","coordinates":[-1.62109,54.97435]}},{"type":"Feature","properties":{"n":"Manors","g":"uk"},"geometry":{"type":"Point","coordinates":[-1.60563,54.97267]}},{"type":"Feature","properties":{"n":"Walkergate","g":"uk","m":1},"geometry":{"type":"Point","coordinates":[-1.55947,54.98535]}},{"type":"Feature","properties":{"n":"Byker","g":"uk","m":1},"geometry":{"type":"Point","coordinates":[-1.58034,54.97604]}},{"type":"Feature","properties":{"n":"Wallsend","g":"uk","m":1},"geometry":{"type":"Point","coordinates":[-1.53274,54.9896]}},{"type":"Feature","properties":{"n":"Hadrian Road","g":"uk","m":1},"geometry":{"type":"Point","coordinates":[-1.51597,54.99227]}},{"type":"Feature","properties":{"n":"Howdon","g":"uk","m":1},"geometry":{"type":"Point","coordinates":[-1.49416,54.99591]}},{"type":"Feature","properties":{"n":"Percy Main","g":"uk","m":1},"geometry":{"type":"Point","coordinates":[-1.47463,54.99957]}},{"type":"Feature","properties":{"n":"Meadow Well","g":"uk","m":1},"geometry":{"type":"Point","coordinates":[-1.46568,55.00156]}},{"type":"Feature","properties":{"n":"Shiremoor","g":"uk","m":1},"geometry":{"type":"Point","coordinates":[-1.50542,55.03696]}},{"type":"Feature","properties":{"n":"Northumberland Park (Metro)","g":"uk","m":1},"geometry":{"type":"Point","coordinates":[-1.51956,55.03321]}},{"type":"Feature","properties":{"n":"Longbenton","g":"uk","m":1},"geometry":{"type":"Point","coordinates":[-1.5916,55.00892]}},{"type":"Feature","properties":{"n":"Palmersville","g":"uk","m":1},"geometry":{"type":"Point","coordinates":[-1.54119,55.02369]}},{"type":"Feature","properties":{"n":"Kingston Park","g":"uk","m":1},"geometry":{"type":"Point","coordinates":[-1.66592,55.01442]}},{"type":"Feature","properties":{"n":"Oldham Central","g":"uk","m":1},"geometry":{"type":"Point","coordinates":[-2.11213,53.54029]}},{"type":"Feature","properties":{"n":"Allens West","g":"uk"},"geometry":{"type":"Point","coordinates":[-1.36165,54.52456]}},{"type":"Feature","properties":{"n":"Tilehurst","g":"uk"},"geometry":{"type":"Point","coordinates":[-1.02966,51.47165]}},{"type":"Feature","properties":{"n":"Lewisham DLR","g":"uk","m":1},"geometry":{"type":"Point","coordinates":[-0.01301,51.46499]}},{"type":"Feature","properties":{"n":"Norton Fitzwarren","g":"uk"},"geometry":{"type":"Point","coordinates":[-3.157,51.02462]}},{"type":"Feature","properties":{"n":"Paddington (Circle and Hammersmith & City lines)","g":"uk","m":1},"geometry":{"type":"Point","coordinates":[-0.17875,51.51851]}},{"type":"Feature","properties":{"n":"Barlow Moor Road","g":"uk","m":1},"geometry":{"type":"Point","coordinates":[-2.26925,53.43284]}},{"type":"Feature","properties":{"n":"Beech Hurst Miniature Railway Station","g":"uk"},"geometry":{"type":"Point","coordinates":[-0.11547,50.99812]}},{"type":"Feature","properties":{"n":"Seaford","g":"uk"},"geometry":{"type":"Point","coordinates":[0.09995,50.77292]}},{"type":"Feature","properties":{"n":"Low Moor","g":"uk"},"geometry":{"type":"Point","coordinates":[-1.75238,53.75014]}},{"type":"Feature","properties":{"n":"Hunts Cross","g":"uk"},"geometry":{"type":"Point","coordinates":[-2.85541,53.36073]}},{"type":"Feature","properties":{"n":"Farncombe","g":"uk"},"geometry":{"type":"Point","coordinates":[-0.60437,51.19714]}},{"type":"Feature","properties":{"n":"Godalming","g":"uk"},"geometry":{"type":"Point","coordinates":[-0.61896,51.18652]}},{"type":"Feature","properties":{"n":"Feltham","g":"uk"},"geometry":{"type":"Point","coordinates":[-0.41028,51.44784]}},{"type":"Feature","properties":{"n":"St Margarets","g":"uk"},"geometry":{"type":"Point","coordinates":[-0.32022,51.45515]}},{"type":"Feature","properties":{"n":"Blundellsands & Crosby","g":"uk"},"geometry":{"type":"Point","coordinates":[-3.04043,53.48773]}},{"type":"Feature","properties":{"n":"Frodingham","g":"uk"},"geometry":{"type":"Point","coordinates":[-0.63097,53.58643]}},{"type":"Feature","properties":{"n":"Forest Halt","g":"uk"},"geometry":{"type":"Point","coordinates":[-4.4035,52.0406]}},{"type":"Feature","properties":{"n":"Newbury","g":"uk"},"geometry":{"type":"Point","coordinates":[-1.32275,51.39753]}},{"type":"Feature","properties":{"n":"Oxshott","g":"uk"},"geometry":{"type":"Point","coordinates":[-0.36254,51.3361]}},{"type":"Feature","properties":{"n":"Claygate","g":"uk"},"geometry":{"type":"Point","coordinates":[-0.34841,51.36106]}},{"type":"Feature","properties":{"n":"Chesham","g":"uk","m":1},"geometry":{"type":"Point","coordinates":[-0.61108,51.70501]}},{"type":"Feature","properties":{"n":"Wadhurst","g":"uk"},"geometry":{"type":"Point","coordinates":[0.31304,51.07339]}},{"type":"Feature","properties":{"n":"Frant","g":"uk"},"geometry":{"type":"Point","coordinates":[0.29434,51.10409]}},{"type":"Feature","properties":{"n":"South Woodford","g":"uk","m":1},"geometry":{"type":"Point","coordinates":[0.02743,51.59178]}},{"type":"Feature","properties":{"n":"West Ruislip","g":"uk","m":1},"geometry":{"type":"Point","coordinates":[-0.43704,51.5695]}},{"type":"Feature","properties":{"n":"Box Hill & Westhumble","g":"uk"},"geometry":{"type":"Point","coordinates":[-0.32867,51.25399]}},{"type":"Feature","properties":{"n":"Hampton Court","g":"uk"},"geometry":{"type":"Point","coordinates":[-0.34252,51.40202]}},{"type":"Feature","properties":{"n":"Hayles Abbey Halt","g":"uk"},"geometry":{"type":"Point","coordinates":[-1.93305,51.97527]}},{"type":"Feature","properties":{"n":"Exchange Quay","g":"uk","m":1},"geometry":{"type":"Point","coordinates":[-2.2824,53.46743]}},{"type":"Feature","properties":{"n":"Bognor Regis","g":"uk"},"geometry":{"type":"Point","coordinates":[-0.67575,50.78769]}},{"type":"Feature","properties":{"n":"Royden Park Minature Railway","g":"uk"},"geometry":{"type":"Point","coordinates":[-3.13306,53.36291]}},{"type":"Feature","properties":{"n":"Seaton Wetlands Halt","g":"uk","m":1},"geometry":{"type":"Point","coordinates":[-3.05915,50.72183]}},{"type":"Feature","properties":{"n":"Tadworth","g":"uk"},"geometry":{"type":"Point","coordinates":[-0.23586,51.29142]}},{"type":"Feature","properties":{"n":"Polegate Oaks","g":"uk"},"geometry":{"type":"Point","coordinates":[0.25201,50.81842]}},{"type":"Feature","properties":{"n":"Rannoch","g":"uk"},"geometry":{"type":"Point","coordinates":[-4.57695,56.68615]}},{"type":"Feature","properties":{"n":"Lincoln","g":"uk"},"geometry":{"type":"Point","coordinates":[-0.53984,53.22611]}},{"type":"Feature","properties":{"n":"Todmorden","g":"uk"},"geometry":{"type":"Point","coordinates":[-2.09976,53.71386]}},{"type":"Feature","properties":{"n":"Blackburn","g":"uk"},"geometry":{"type":"Point","coordinates":[-2.47886,53.74653]}},{"type":"Feature","properties":{"n":"Rose Grove","g":"uk"},"geometry":{"type":"Point","coordinates":[-2.28232,53.78627]}},{"type":"Feature","properties":{"n":"Lostock Hall","g":"uk"},"geometry":{"type":"Point","coordinates":[-2.687,53.72435]}},{"type":"Feature","properties":{"n":"Cherry Tree","g":"uk"},"geometry":{"type":"Point","coordinates":[-2.51864,53.73318]}},{"type":"Feature","properties":{"n":"Mill Hill","g":"uk"},"geometry":{"type":"Point","coordinates":[-2.50194,53.73534]}},{"type":"Feature","properties":{"n":"Castleton","g":"uk"},"geometry":{"type":"Point","coordinates":[-2.17772,53.59274]}},{"type":"Feature","properties":{"n":"Aldgate East","g":"uk","m":1},"geometry":{"type":"Point","coordinates":[-0.07084,51.51562]}},{"type":"Feature","properties":{"n":"Littlehampton","g":"uk"},"geometry":{"type":"Point","coordinates":[-0.54626,50.81017]}},{"type":"Feature","properties":{"n":"Dovebrook","g":"uk"},"geometry":{"type":"Point","coordinates":[1.12283,52.25023]}},{"type":"Feature","properties":{"n":"Wildmill","g":"uk"},"geometry":{"type":"Point","coordinates":[-3.58027,51.51981]}},{"type":"Feature","properties":{"n":"Blaydon","g":"uk"},"geometry":{"type":"Point","coordinates":[-1.71288,54.96596]}},{"type":"Feature","properties":{"n":"Chester","g":"uk"},"geometry":{"type":"Point","coordinates":[-2.87953,53.19675]}},{"type":"Feature","properties":{"n":"Buxton","g":"uk"},"geometry":{"type":"Point","coordinates":[-1.9131,53.26079]}},{"type":"Feature","properties":{"n":"Skipton","g":"uk"},"geometry":{"type":"Point","coordinates":[-2.02603,53.95843]}},{"type":"Feature","properties":{"n":"Kirkstall Forge","g":"uk"},"geometry":{"type":"Point","coordinates":[-1.62708,53.8253]}},{"type":"Feature","properties":{"n":"Ilkley","g":"uk"},"geometry":{"type":"Point","coordinates":[-1.82129,53.92479]}},{"type":"Feature","properties":{"n":"Bradford Forster Square","g":"uk"},"geometry":{"type":"Point","coordinates":[-1.75321,53.79747]}},{"type":"Feature","properties":{"n":"Colne","g":"uk"},"geometry":{"type":"Point","coordinates":[-2.18189,53.85491]}},{"type":"Feature","properties":{"n":"Clitheroe","g":"uk"},"geometry":{"type":"Point","coordinates":[-2.39443,53.87356]}},{"type":"Feature","properties":{"n":"Whalley","g":"uk"},"geometry":{"type":"Point","coordinates":[-2.41189,53.82449]}},{"type":"Feature","properties":{"n":"Manchester Piccadilly","g":"uk"},"geometry":{"type":"Point","coordinates":[-2.23014,53.47722]}},{"type":"Feature","properties":{"n":"Manchester Oxford Road","g":"uk"},"geometry":{"type":"Point","coordinates":[-2.24228,53.47378]}},{"type":"Feature","properties":{"n":"Deansgate","g":"uk"},"geometry":{"type":"Point","coordinates":[-2.25106,53.4741]}},{"type":"Feature","properties":{"n":"Salford Central","g":"uk"},"geometry":{"type":"Point","coordinates":[-2.25552,53.48288]}},{"type":"Feature","properties":{"n":"Manchester Victoria","g":"uk"},"geometry":{"type":"Point","coordinates":[-2.24248,53.48797]}},{"type":"Feature","properties":{"n":"Barrow-in-Furness","g":"uk"},"geometry":{"type":"Point","coordinates":[-3.22603,54.11912]}},{"type":"Feature","properties":{"n":"Chorley","g":"uk"},"geometry":{"type":"Point","coordinates":[-2.62693,53.65298]}},{"type":"Feature","properties":{"n":"Ravenglass","g":"uk"},"geometry":{"type":"Point","coordinates":[-3.40888,54.35566]}},{"type":"Feature","properties":{"n":"Whitehaven","g":"uk"},"geometry":{"type":"Point","coordinates":[-3.58718,54.55322]}},{"type":"Feature","properties":{"n":"Shrewsbury","g":"uk"},"geometry":{"type":"Point","coordinates":[-2.7494,52.71185]}},{"type":"Feature","properties":{"n":"Nunthorpe","g":"uk"},"geometry":{"type":"Point","coordinates":[-1.16979,54.52804]}},{"type":"Feature","properties":{"n":"Tywyn","g":"uk"},"geometry":{"type":"Point","coordinates":[-4.09336,52.58538]}},{"type":"Feature","properties":{"n":"Pwllheli","g":"uk"},"geometry":{"type":"Point","coordinates":[-4.41616,52.88819]}},{"type":"Feature","properties":{"n":"Barmouth","g":"uk"},"geometry":{"type":"Point","coordinates":[-4.05679,52.72244]}},{"type":"Feature","properties":{"n":"Muggles Meet","g":"uk"},"geometry":{"type":"Point","coordinates":[-3.64833,56.43494]}},{"type":"Feature","properties":{"n":"Geoff's Halt","g":"uk"},"geometry":{"type":"Point","coordinates":[-3.649,56.43532]}},{"type":"Feature","properties":{"n":"Parsons Green","g":"uk","m":1},"geometry":{"type":"Point","coordinates":[-0.20155,51.47508]}},{"type":"Feature","properties":{"n":"London Fenchurch Street","g":"uk"},"geometry":{"type":"Point","coordinates":[-0.07742,51.51133]}},{"type":"Feature","properties":{"n":"Amnerfield Miniature Railway","g":"uk"},"geometry":{"type":"Point","coordinates":[-1.02182,51.41919]}},{"type":"Feature","properties":{"n":"Fulham Broadway","g":"uk","m":1},"geometry":{"type":"Point","coordinates":[-0.1945,51.48083]}},{"type":"Feature","properties":{"n":"Clarkston","g":"uk"},"geometry":{"type":"Point","coordinates":[-4.27566,55.78949]}},{"type":"Feature","properties":{"n":"Hayle","g":"uk"},"geometry":{"type":"Point","coordinates":[-5.41993,50.18554]}},{"type":"Feature","properties":{"n":"Forres","g":"uk"},"geometry":{"type":"Point","coordinates":[-3.62432,57.61111]}},{"type":"Feature","properties":{"n":"Matlock Riverside","g":"uk"},"geometry":{"type":"Point","coordinates":[-1.56684,53.14114]}},{"type":"Feature","properties":{"n":"Plaistow","g":"uk","m":1},"geometry":{"type":"Point","coordinates":[0.01668,51.53115]}},{"type":"Feature","properties":{"n":"Bow Road","g":"uk","m":1},"geometry":{"type":"Point","coordinates":[-0.02479,51.52685]}},{"type":"Feature","properties":{"n":"Stepney Green","g":"uk","m":1},"geometry":{"type":"Point","coordinates":[-0.04671,51.5217]}},{"type":"Feature","properties":{"n":"Oakwood","g":"uk","m":1},"geometry":{"type":"Point","coordinates":[-0.13125,51.64733]}},{"type":"Feature","properties":{"n":"West Kensington","g":"uk","m":1},"geometry":{"type":"Point","coordinates":[-0.20594,51.4907]}},{"type":"Feature","properties":{"n":"West Brompton","g":"uk","m":1},"geometry":{"type":"Point","coordinates":[-0.19519,51.48698]}},{"type":"Feature","properties":{"n":"Boston Manor","g":"uk","m":1},"geometry":{"type":"Point","coordinates":[-0.32544,51.49534]}},{"type":"Feature","properties":{"n":"Heathrow Terminals 2 & 3","g":"uk","m":1},"geometry":{"type":"Point","coordinates":[-0.45248,51.47134]}},{"type":"Feature","properties":{"n":"Heathrow Terminal 5","g":"uk","m":1},"geometry":{"type":"Point","coordinates":[-0.48773,51.47252]}},{"type":"Feature","properties":{"n":"Knightsbridge","g":"uk","m":1},"geometry":{"type":"Point","coordinates":[-0.16094,51.5016]}},{"type":"Feature","properties":{"n":"Hounslow West","g":"uk","m":1},"geometry":{"type":"Point","coordinates":[-0.38582,51.47358]}},{"type":"Feature","properties":{"n":"Mornington Crescent","g":"uk","m":1},"geometry":{"type":"Point","coordinates":[-0.13809,51.53406]}},{"type":"Feature","properties":{"n":"Hounslow East","g":"uk","m":1},"geometry":{"type":"Point","coordinates":[-0.35589,51.47347]}},{"type":"Feature","properties":{"n":"Hounslow Central","g":"uk","m":1},"geometry":{"type":"Point","coordinates":[-0.36623,51.47131]}},{"type":"Feature","properties":{"n":"Southgate","g":"uk","m":1},"geometry":{"type":"Point","coordinates":[-0.12779,51.63232]}},{"type":"Feature","properties":{"n":"Cockfosters","g":"uk","m":1},"geometry":{"type":"Point","coordinates":[-0.14851,51.65137]}},{"type":"Feature","properties":{"n":"Burnt Oak","g":"uk","m":1},"geometry":{"type":"Point","coordinates":[-0.26401,51.60281]}},{"type":"Feature","properties":{"n":"Putney Bridge","g":"uk","m":1},"geometry":{"type":"Point","coordinates":[-0.20879,51.4683]}},{"type":"Feature","properties":{"n":"Northfields","g":"uk","m":1},"geometry":{"type":"Point","coordinates":[-0.31298,51.49966]}},{"type":"Feature","properties":{"n":"London Bridge","g":"uk","m":1},"geometry":{"type":"Point","coordinates":[-0.0887,51.50541]}},{"type":"Feature","properties":{"n":"Chorleywood","g":"uk","m":1},"geometry":{"type":"Point","coordinates":[-0.51839,51.65422]}},{"type":"Feature","properties":{"n":"Hyde Park Corner","g":"uk","m":1},"geometry":{"type":"Point","coordinates":[-0.15432,51.50273]}},{"type":"Feature","properties":{"n":"Lancaster Gate","g":"uk","m":1},"geometry":{"type":"Point","coordinates":[-0.17538,51.51184]}},{"type":"Feature","properties":{"n":"Newbury Park","g":"uk","m":1},"geometry":{"type":"Point","coordinates":[0.08997,51.5755]}},{"type":"Feature","properties":{"n":"Moor Park","g":"uk","m":1},"geometry":{"type":"Point","coordinates":[-0.43216,51.62978]}},{"type":"Feature","properties":{"n":"Rickmansworth","g":"uk","m":1},"geometry":{"type":"Point","coordinates":[-0.47363,51.64023]}},{"type":"Feature","properties":{"n":"Ealing Common","g":"uk","m":1},"geometry":{"type":"Point","coordinates":[-0.28817,51.50971]}},{"type":"Feature","properties":{"n":"Kingsbury","g":"uk","m":1},"geometry":{"type":"Point","coordinates":[-0.27871,51.58432]}},{"type":"Feature","properties":{"n":"Queensbury","g":"uk","m":1},"geometry":{"type":"Point","coordinates":[-0.28618,51.59419]}},{"type":"Feature","properties":{"n":"Northwick Park","g":"uk","m":1},"geometry":{"type":"Point","coordinates":[-0.3177,51.57849]}},{"type":"Feature","properties":{"n":"Preston Road","g":"uk","m":1},"geometry":{"type":"Point","coordinates":[-0.29581,51.57227]}},{"type":"Feature","properties":{"n":"Finchley Road","g":"uk","m":1},"geometry":{"type":"Point","coordinates":[-0.1807,51.54723]}},{"type":"Feature","properties":{"n":"West Harrow","g":"uk","m":1},"geometry":{"type":"Point","coordinates":[-0.35314,51.5796]}},{"type":"Feature","properties":{"n":"Eastcote","g":"uk","m":1},"geometry":{"type":"Point","coordinates":[-0.39651,51.57666]}},{"type":"Feature","properties":{"n":"Ickenham","g":"uk","m":1},"geometry":{"type":"Point","coordinates":[-0.44235,51.56157]}},{"type":"Feature","properties":{"n":"Pinner","g":"uk","m":1},"geometry":{"type":"Point","coordinates":[-0.38064,51.59266]}},{"type":"Feature","properties":{"n":"Northwood Hills","g":"uk","m":1},"geometry":{"type":"Point","coordinates":[-0.40846,51.60015]}},{"type":"Feature","properties":{"n":"Northwood","g":"uk","m":1},"geometry":{"type":"Point","coordinates":[-0.42371,51.6108]}},{"type":"Feature","properties":{"n":"Croxley","g":"uk","m":1},"geometry":{"type":"Point","coordinates":[-0.44108,51.64758]}},{"type":"Feature","properties":{"n":"Watford","g":"uk","m":1},"geometry":{"type":"Point","coordinates":[-0.41837,51.657]}},{"type":"Feature","properties":{"n":"Leytonstone","g":"uk","m":1},"geometry":{"type":"Point","coordinates":[0.00862,51.5688]}},{"type":"Feature","properties":{"n":"Harrow-on-the-Hill","g":"uk","m":1},"geometry":{"type":"Point","coordinates":[-0.33609,51.57914]}},{"type":"Feature","properties":{"n":"Acton Town","g":"uk","m":1},"geometry":{"type":"Point","coordinates":[-0.27996,51.50271]}},{"type":"Feature","properties":{"n":"South Kensington","g":"uk","m":1},"geometry":{"type":"Point","coordinates":[-0.17291,51.49408]}},{"type":"Feature","properties":{"n":"Edgware Road","g":"uk","m":1},"geometry":{"type":"Point","coordinates":[-0.1703,51.52046]}},{"type":"Feature","properties":{"n":"Marylebone","g":"uk","m":1},"geometry":{"type":"Point","coordinates":[-0.1635,51.52224]}},{"type":"Feature","properties":{"n":"Embankment","g":"uk","m":1},"geometry":{"type":"Point","coordinates":[-0.12224,51.50721]}},{"type":"Feature","properties":{"n":"Notting Hill Gate","g":"uk","m":1},"geometry":{"type":"Point","coordinates":[-0.1962,51.50893]}},{"type":"Feature","properties":{"n":"Dilton Marsh","g":"uk"},"geometry":{"type":"Point","coordinates":[-2.20782,51.24888]}},{"type":"Feature","properties":{"n":"Caterham","g":"uk"},"geometry":{"type":"Point","coordinates":[-0.07839,51.28221]}},{"type":"Feature","properties":{"n":"Brunstane","g":"uk"},"geometry":{"type":"Point","coordinates":[-3.10087,55.942]}},{"type":"Feature","properties":{"n":"West Ham","g":"uk","m":1},"geometry":{"type":"Point","coordinates":[0.00457,51.5281]}},{"type":"Feature","properties":{"n":"Stratford","g":"uk","m":1},"geometry":{"type":"Point","coordinates":[-0.00355,51.54129]}},{"type":"Feature","properties":{"n":"Kenley","g":"uk"},"geometry":{"type":"Point","coordinates":[-0.10084,51.32478]}},{"type":"Feature","properties":{"n":"Purley","g":"uk"},"geometry":{"type":"Point","coordinates":[-0.11391,51.33748]}},{"type":"Feature","properties":{"n":"Whyteleafe South","g":"uk"},"geometry":{"type":"Point","coordinates":[-0.07723,51.30375]}},{"type":"Feature","properties":{"n":"Whyteleafe","g":"uk"},"geometry":{"type":"Point","coordinates":[-0.08102,51.30992]}},{"type":"Feature","properties":{"n":"Upper Warlingham","g":"uk"},"geometry":{"type":"Point","coordinates":[-0.07783,51.30855]}},{"type":"Feature","properties":{"n":"Woldingham","g":"uk"},"geometry":{"type":"Point","coordinates":[-0.05167,51.2897]}},{"type":"Feature","properties":{"n":"Truthall Halt","g":"uk"},"geometry":{"type":"Point","coordinates":[-5.28411,50.12111]}},{"type":"Feature","properties":{"n":"Prospidnick Halt","g":"uk"},"geometry":{"type":"Point","coordinates":[-5.29643,50.13218]}},{"type":"Feature","properties":{"n":"Trevarno","g":"uk"},"geometry":{"type":"Point","coordinates":[-5.29281,50.12788]}},{"type":"Feature","properties":{"n":"Langley","g":"uk"},"geometry":{"type":"Point","coordinates":[-0.5409,51.50782]}},{"type":"Feature","properties":{"n":"Mudchute","g":"uk","m":1},"geometry":{"type":"Point","coordinates":[-0.01491,51.49152]}},{"type":"Feature","properties":{"n":"South Milford","g":"uk"},"geometry":{"type":"Point","coordinates":[-1.25113,53.78238]}},{"type":"Feature","properties":{"n":"Mobberley","g":"uk"},"geometry":{"type":"Point","coordinates":[-2.3336,53.32957]}},{"type":"Feature","properties":{"n":"Widnes","g":"uk"},"geometry":{"type":"Point","coordinates":[-2.7342,53.37861]}},{"type":"Feature","properties":{"n":"Rochdale","g":"uk"},"geometry":{"type":"Point","coordinates":[-2.15284,53.61057]}},{"type":"Feature","properties":{"n":"Southwark","g":"uk","m":1},"geometry":{"type":"Point","coordinates":[-0.10497,51.50393]}},{"type":"Feature","properties":{"n":"Edinburgh Gateway","g":"uk"},"geometry":{"type":"Point","coordinates":[-3.32013,55.94094]}},{"type":"Feature","properties":{"n":"Edinburgh Gateway","g":"uk","m":1},"geometry":{"type":"Point","coordinates":[-3.32183,55.94046]}},{"type":"Feature","properties":{"n":"Edgware","g":"uk","m":1},"geometry":{"type":"Point","coordinates":[-0.27496,51.61366]}},{"type":"Feature","properties":{"n":"Stockport","g":"uk"},"geometry":{"type":"Point","coordinates":[-2.16304,53.40545]}},{"type":"Feature","properties":{"n":"Wakefield Kirkgate","g":"uk"},"geometry":{"type":"Point","coordinates":[-1.48899,53.67858]}},{"type":"Feature","properties":{"n":"Kentish Town","g":"uk","m":1},"geometry":{"type":"Point","coordinates":[-0.13887,51.55017]}},{"type":"Feature","properties":{"n":"Discovery Station","g":"uk"},"geometry":{"type":"Point","coordinates":[-1.54328,52.74095]}},{"type":"Feature","properties":{"n":"Guide Bridge","g":"uk"},"geometry":{"type":"Point","coordinates":[-2.11324,53.47456]}},{"type":"Feature","properties":{"n":"Newton for Hyde","g":"uk"},"geometry":{"type":"Point","coordinates":[-2.06753,53.4567]}},{"type":"Feature","properties":{"n":"New Pudsey","g":"uk"},"geometry":{"type":"Point","coordinates":[-1.68054,53.80467]}},{"type":"Feature","properties":{"n":"Pontefract Baghill","g":"uk"},"geometry":{"type":"Point","coordinates":[-1.3034,53.69174]}},{"type":"Feature","properties":{"n":"Broadway","g":"uk"},"geometry":{"type":"Point","coordinates":[-1.87205,52.04301]}},{"type":"Feature","properties":{"n":"James Cook","g":"uk"},"geometry":{"type":"Point","coordinates":[-1.20853,54.552]}},{"type":"Feature","properties":{"n":"Oldham Mumps","g":"uk","m":1},"geometry":{"type":"Point","coordinates":[-2.10344,53.54243]}},{"type":"Feature","properties":{"n":"Miteside Halt","g":"uk"},"geometry":{"type":"Point","coordinates":[-3.38404,54.37113]}},{"type":"Feature","properties":{"n":"Lostock","g":"uk"},"geometry":{"type":"Point","coordinates":[-2.49476,53.57279]}},{"type":"Feature","properties":{"n":"Adlington","g":"uk"},"geometry":{"type":"Point","coordinates":[-2.60286,53.61307]}},{"type":"Feature","properties":{"n":"Lakeside","g":"uk"},"geometry":{"type":"Point","coordinates":[-2.9555,54.27772]}},{"type":"Feature","properties":{"n":"Burneside","g":"uk"},"geometry":{"type":"Point","coordinates":[-2.76735,54.35552]}},{"type":"Feature","properties":{"n":"Hope","g":"uk"},"geometry":{"type":"Point","coordinates":[-1.72963,53.34598]}},{"type":"Feature","properties":{"n":"Goose Glen Halt","g":"uk"},"geometry":{"type":"Point","coordinates":[-3.66244,50.5557]}},{"type":"Feature","properties":{"n":"Kents Bank","g":"uk"},"geometry":{"type":"Point","coordinates":[-2.92521,54.17288]}},{"type":"Feature","properties":{"n":"Burlescombe","g":"uk"},"geometry":{"type":"Point","coordinates":[-1.24591,51.61749]}},{"type":"Feature","properties":{"n":"Ulverston","g":"uk"},"geometry":{"type":"Point","coordinates":[-3.09793,54.19172]}},{"type":"Feature","properties":{"n":"Warwick Avenue","g":"uk","m":1},"geometry":{"type":"Point","coordinates":[-0.18331,51.52298]}},{"type":"Feature","properties":{"n":"Brampton","g":"uk"},"geometry":{"type":"Point","coordinates":[-2.70385,54.93215]}},{"type":"Feature","properties":{"n":"Tottenham Court Road","g":"uk","m":1},"geometry":{"type":"Point","coordinates":[-0.13051,51.51597]}},{"type":"Feature","properties":{"n":"Canary Wharf","g":"uk","m":1},"geometry":{"type":"Point","coordinates":[-0.02098,51.50511]}},{"type":"Feature","properties":{"n":"Greenwich","g":"uk","m":1},"geometry":{"type":"Point","coordinates":[-0.01542,51.47811]}},{"type":"Feature","properties":{"n":"West India Quay","g":"uk","m":1},"geometry":{"type":"Point","coordinates":[-0.02048,51.50674]}},{"type":"Feature","properties":{"n":"All Saints","g":"uk","m":1},"geometry":{"type":"Point","coordinates":[-0.01306,51.51084]}},{"type":"Feature","properties":{"n":"Abbey Road","g":"uk","m":1},"geometry":{"type":"Point","coordinates":[0.00361,51.53254]}},{"type":"Feature","properties":{"n":"Stratford High Street","g":"uk","m":1},"geometry":{"type":"Point","coordinates":[-0.00013,51.53765]}},{"type":"Feature","properties":{"n":"Bow Church","g":"uk","m":1},"geometry":{"type":"Point","coordinates":[-0.02064,51.52744]}},{"type":"Feature","properties":{"n":"Limehouse","g":"uk","m":1},"geometry":{"type":"Point","coordinates":[-0.03947,51.51235]}},{"type":"Feature","properties":{"n":"Limehouse","g":"uk"},"geometry":{"type":"Point","coordinates":[-0.03905,51.51287]}},{"type":"Feature","properties":{"n":"Bounds Green","g":"uk","m":1},"geometry":{"type":"Point","coordinates":[-0.1249,51.60738]}},{"type":"Feature","properties":{"n":"Hammersmith (Circle and Hammersmith & City lines)","g":"uk","m":1},"geometry":{"type":"Point","coordinates":[-0.22506,51.49411]}},{"type":"Feature","properties":{"n":"St. Paul's","g":"uk","m":1},"geometry":{"type":"Point","coordinates":[-0.09759,51.51491]}},{"type":"Feature","properties":{"n":"Knockholt","g":"uk"},"geometry":{"type":"Point","coordinates":[0.13083,51.34577]}},{"type":"Feature","properties":{"n":"Hampstead","g":"uk","m":1},"geometry":{"type":"Point","coordinates":[-0.17843,51.5566]}},{"type":"Feature","properties":{"n":"Belsize Park","g":"uk","m":1},"geometry":{"type":"Point","coordinates":[-0.16461,51.55031]}},{"type":"Feature","properties":{"n":"Holloway Road","g":"uk","m":1},"geometry":{"type":"Point","coordinates":[-0.11301,51.55287]}},{"type":"Feature","properties":{"n":"Stratford International DLR","g":"uk","m":1},"geometry":{"type":"Point","coordinates":[-0.00936,51.54571]}},{"type":"Feature","properties":{"n":"Swiss Cottage","g":"uk","m":1},"geometry":{"type":"Point","coordinates":[-0.17498,51.54372]}},{"type":"Feature","properties":{"n":"Park Royal","g":"uk","m":1},"geometry":{"type":"Point","coordinates":[-0.28393,51.52643]}},{"type":"Feature","properties":{"n":"Chichester","g":"uk"},"geometry":{"type":"Point","coordinates":[-0.78185,50.83188]}},{"type":"Feature","properties":{"n":"Wood Lane","g":"uk","m":1},"geometry":{"type":"Point","coordinates":[-0.22376,51.51011]}},{"type":"Feature","properties":{"n":"Turnpike Lane","g":"uk","m":1},"geometry":{"type":"Point","coordinates":[-0.10274,51.59015]}},{"type":"Feature","properties":{"n":"Acklington","g":"uk"},"geometry":{"type":"Point","coordinates":[-1.65177,55.30722]}},{"type":"Feature","properties":{"n":"Ancaster","g":"uk"},"geometry":{"type":"Point","coordinates":[-0.53535,52.98771]}},{"type":"Feature","properties":{"n":"Apsley","g":"uk"},"geometry":{"type":"Point","coordinates":[-0.46299,51.73237]}},{"type":"Feature","properties":{"n":"Ashchurch for Tewkesbury","g":"uk"},"geometry":{"type":"Point","coordinates":[-2.10873,51.99903]}},{"type":"Feature","properties":{"n":"Hadley Wood","g":"uk"},"geometry":{"type":"Point","coordinates":[-0.17614,51.66863]}},{"type":"Feature","properties":{"n":"Micklefield","g":"uk"},"geometry":{"type":"Point","coordinates":[-1.32612,53.78879]}},{"type":"Feature","properties":{"n":"Welham Green","g":"uk"},"geometry":{"type":"Point","coordinates":[-0.21055,51.73642]}},{"type":"Feature","properties":{"n":"Derry~Londonderry","g":"uk"},"geometry":{"type":"Point","coordinates":[-7.31282,54.99309]}},{"type":"Feature","properties":{"n":"Thirsk","g":"uk"},"geometry":{"type":"Point","coordinates":[-1.37326,54.22865]}},{"type":"Feature","properties":{"n":"Shiplake","g":"uk"},"geometry":{"type":"Point","coordinates":[-0.88241,51.51117]}},{"type":"Feature","properties":{"n":"Twyford","g":"uk"},"geometry":{"type":"Point","coordinates":[-0.86314,51.47539]}},{"type":"Feature","properties":{"n":"Cholsey","g":"uk"},"geometry":{"type":"Point","coordinates":[-1.1587,51.57041]}},{"type":"Feature","properties":{"n":"Mitcham Eastfields","g":"uk"},"geometry":{"type":"Point","coordinates":[-0.15487,51.4074]}},{"type":"Feature","properties":{"n":"Slaggyford","g":"uk"},"geometry":{"type":"Point","coordinates":[-2.50649,54.86532]}},{"type":"Feature","properties":{"n":"Kirkhaugh","g":"uk"},"geometry":{"type":"Point","coordinates":[-2.47464,54.8399]}},{"type":"Feature","properties":{"n":"Morden","g":"uk","m":1},"geometry":{"type":"Point","coordinates":[-0.19476,51.40276]}},{"type":"Feature","properties":{"n":"Morden South","g":"uk"},"geometry":{"type":"Point","coordinates":[-0.19924,51.39568]}},{"type":"Feature","properties":{"n":"Blackheath","g":"uk"},"geometry":{"type":"Point","coordinates":[0.00892,51.4658]}},{"type":"Feature","properties":{"n":"Deptford","g":"uk"},"geometry":{"type":"Point","coordinates":[-0.02664,51.47898]}},{"type":"Feature","properties":{"n":"Canning Town","g":"uk","m":1},"geometry":{"type":"Point","coordinates":[0.0083,51.51399]}},{"type":"Feature","properties":{"n":"Ealing Broadway","g":"uk","m":1},"geometry":{"type":"Point","coordinates":[-0.30041,51.51498]}},{"type":"Feature","properties":{"n":"Russell Square","g":"uk","m":1},"geometry":{"type":"Point","coordinates":[-0.12425,51.52305]}},{"type":"Feature","properties":{"n":"Caledonian Road","g":"uk","m":1},"geometry":{"type":"Point","coordinates":[-0.11836,51.54848]}},{"type":"Feature","properties":{"n":"Totteridge & Whetstone","g":"uk","m":1},"geometry":{"type":"Point","coordinates":[-0.17918,51.63072]}},{"type":"Feature","properties":{"n":"Chalk Farm","g":"uk","m":1},"geometry":{"type":"Point","coordinates":[-0.15348,51.54411]}},{"type":"Feature","properties":{"n":"Melton Mowbray","g":"uk"},"geometry":{"type":"Point","coordinates":[-0.88579,52.76102]}},{"type":"Feature","properties":{"n":"Whitwell","g":"uk"},"geometry":{"type":"Point","coordinates":[-1.20024,53.27997]}},{"type":"Feature","properties":{"n":"Hathersage","g":"uk"},"geometry":{"type":"Point","coordinates":[-1.65214,53.32592]}},{"type":"Feature","properties":{"n":"Balcombe","g":"uk"},"geometry":{"type":"Point","coordinates":[-0.13703,51.0556]}},{"type":"Feature","properties":{"n":"Oxford Circus","g":"uk","m":1},"geometry":{"type":"Point","coordinates":[-0.14196,51.51544]}},{"type":"Feature","properties":{"n":"Westonzoyland","g":"uk"},"geometry":{"type":"Point","coordinates":[-2.94354,51.09094]}},{"type":"Feature","properties":{"n":"Heatherslaw","g":"uk"},"geometry":{"type":"Point","coordinates":[-2.10673,55.63906]}},{"type":"Feature","properties":{"n":"North Station","g":"uk"},"geometry":{"type":"Point","coordinates":[-1.45408,50.82381]}},{"type":"Feature","properties":{"n":"Brogdale Central Station","g":"uk"},"geometry":{"type":"Point","coordinates":[0.877,51.29985]}},{"type":"Feature","properties":{"n":"Hexham","g":"uk"},"geometry":{"type":"Point","coordinates":[-2.09479,54.97353]}},{"type":"Feature","properties":{"n":"North Greenwich","g":"uk","m":1},"geometry":{"type":"Point","coordinates":[0.00432,51.50057]}},{"type":"Feature","properties":{"n":"Canada Water","g":"uk","m":1},"geometry":{"type":"Point","coordinates":[-0.04984,51.49793]}},{"type":"Feature","properties":{"n":"Maghull North","g":"uk"},"geometry":{"type":"Point","coordinates":[-2.92123,53.51674]}},{"type":"Feature","properties":{"n":"Moorgate","g":"uk","m":1},"geometry":{"type":"Point","coordinates":[-0.08906,51.51825]}},{"type":"Feature","properties":{"n":"Kintore","g":"uk"},"geometry":{"type":"Point","coordinates":[-2.35021,57.24336]}},{"type":"Feature","properties":{"n":"Long Buckby","g":"uk"},"geometry":{"type":"Point","coordinates":[-1.08606,52.29441]}},{"type":"Feature","properties":{"n":"Clapham Junction","g":"uk"},"geometry":{"type":"Point","coordinates":[-0.17052,51.46446]}},{"type":"Feature","properties":{"n":"York","g":"uk"},"geometry":{"type":"Point","coordinates":[-1.09373,53.9577]}},{"type":"Feature","properties":{"n":"Reeds Road","g":"uk"},"geometry":{"type":"Point","coordinates":[-0.77289,51.18229]}},{"type":"Feature","properties":{"n":"Old Kiln Halt","g":"uk"},"geometry":{"type":"Point","coordinates":[-0.77461,51.18366]}},{"type":"Feature","properties":{"n":"Oatlands","g":"uk"},"geometry":{"type":"Point","coordinates":[-0.77394,51.18439]}},{"type":"Feature","properties":{"n":"London Marylebone","g":"uk"},"geometry":{"type":"Point","coordinates":[-0.16359,51.52437]}},{"type":"Feature","properties":{"n":"Little Kimble","g":"uk"},"geometry":{"type":"Point","coordinates":[-0.80851,51.75224]}},{"type":"Feature","properties":{"n":"Main Line Platform","g":"uk"},"geometry":{"type":"Point","coordinates":[-1.24198,51.61184]}},{"type":"Feature","properties":{"n":"Didcot Halt","g":"uk"},"geometry":{"type":"Point","coordinates":[-1.24587,51.61439]}},{"type":"Feature","properties":{"n":"Kidderminster","g":"uk"},"geometry":{"type":"Point","coordinates":[-2.23848,52.38436]}},{"type":"Feature","properties":{"n":"Sheffield","g":"uk"},"geometry":{"type":"Point","coordinates":[-1.46214,53.37837]}},{"type":"Feature","properties":{"n":"Crystal Palace","g":"uk"},"geometry":{"type":"Point","coordinates":[-0.07127,51.41766]}},{"type":"Feature","properties":{"n":"Ladywell","g":"uk","m":1},"geometry":{"type":"Point","coordinates":[-2.32683,53.484]}},{"type":"Feature","properties":{"n":"Broadway","g":"uk","m":1},"geometry":{"type":"Point","coordinates":[-2.29501,53.4748]}},{"type":"Feature","properties":{"n":"Broadway","g":"uk","m":1},"geometry":{"type":"Point","coordinates":[-2.29493,53.47483]}},{"type":"Feature","properties":{"n":"Harbour City","g":"uk","m":1},"geometry":{"type":"Point","coordinates":[-2.29155,53.47403]}},{"type":"Feature","properties":{"n":"Anchorage","g":"uk","m":1},"geometry":{"type":"Point","coordinates":[-2.286,53.47433]}},{"type":"Feature","properties":{"n":"Salford Quays","g":"uk","m":1},"geometry":{"type":"Point","coordinates":[-2.28396,53.47055]}},{"type":"Feature","properties":{"n":"Pomona","g":"uk","m":1},"geometry":{"type":"Point","coordinates":[-2.27801,53.46516]}},{"type":"Feature","properties":{"n":"Trafford Bar","g":"uk","m":1},"geometry":{"type":"Point","coordinates":[-2.27762,53.46159]}},{"type":"Feature","properties":{"n":"Old Trafford","g":"uk","m":1},"geometry":{"type":"Point","coordinates":[-2.28553,53.45568]}},{"type":"Feature","properties":{"n":"Walls Lane","g":"uk"},"geometry":{"type":"Point","coordinates":[0.3351,53.1784]}},{"type":"Feature","properties":{"n":"North Road","g":"uk"},"geometry":{"type":"Point","coordinates":[-1.55393,54.53573]}},{"type":"Feature","properties":{"n":"Bookham","g":"uk"},"geometry":{"type":"Point","coordinates":[-0.38388,51.28884]}},{"type":"Feature","properties":{"n":"Hook","g":"uk"},"geometry":{"type":"Point","coordinates":[-0.96142,51.27988]}},{"type":"Feature","properties":{"n":"Winchfield","g":"uk"},"geometry":{"type":"Point","coordinates":[-0.90702,51.28473]}},{"type":"Feature","properties":{"n":"Fleet","g":"uk"},"geometry":{"type":"Point","coordinates":[-0.83138,51.29062]}},{"type":"Feature","properties":{"n":"Brookwood","g":"uk"},"geometry":{"type":"Point","coordinates":[-0.63599,51.30358]}},{"type":"Feature","properties":{"n":"Hersham","g":"uk"},"geometry":{"type":"Point","coordinates":[-0.38958,51.37691]}},{"type":"Feature","properties":{"n":"Raynes Park","g":"uk"},"geometry":{"type":"Point","coordinates":[-0.23054,51.40897]}},{"type":"Feature","properties":{"n":"Worcester Park","g":"uk"},"geometry":{"type":"Point","coordinates":[-0.24496,51.38143]}},{"type":"Feature","properties":{"n":"Stoneleigh","g":"uk"},"geometry":{"type":"Point","coordinates":[-0.24796,51.3639]}},{"type":"Feature","properties":{"n":"Leatherhead","g":"uk"},"geometry":{"type":"Point","coordinates":[-0.33304,51.29911]}},{"type":"Feature","properties":{"n":"Horsley","g":"uk"},"geometry":{"type":"Point","coordinates":[-0.4353,51.27952]}},{"type":"Feature","properties":{"n":"Clandon","g":"uk"},"geometry":{"type":"Point","coordinates":[-0.50286,51.26403]}},{"type":"Feature","properties":{"n":"London Road (Guildford)","g":"uk"},"geometry":{"type":"Point","coordinates":[-0.56516,51.24074]}},{"type":"Feature","properties":{"n":"Guildford","g":"uk"},"geometry":{"type":"Point","coordinates":[-0.58114,51.2372]}},{"type":"Feature","properties":{"n":"Carshalton","g":"uk"},"geometry":{"type":"Point","coordinates":[-0.16638,51.36858]}},{"type":"Feature","properties":{"n":"Ewell East","g":"uk"},"geometry":{"type":"Point","coordinates":[-0.24129,51.34529]}},{"type":"Feature","properties":{"n":"Holmwood","g":"uk"},"geometry":{"type":"Point","coordinates":[-0.32087,51.18113]}},{"type":"Feature","properties":{"n":"Ockley","g":"uk"},"geometry":{"type":"Point","coordinates":[-0.33617,51.15157]}},{"type":"Feature","properties":{"n":"Warnham","g":"uk"},"geometry":{"type":"Point","coordinates":[-0.32961,51.09304]}},{"type":"Feature","properties":{"n":"Horsham","g":"uk"},"geometry":{"type":"Point","coordinates":[-0.31892,51.06598]}},{"type":"Feature","properties":{"n":"Arundel","g":"uk"},"geometry":{"type":"Point","coordinates":[-0.54627,50.84801]}},{"type":"Feature","properties":{"n":"Amberley","g":"uk"},"geometry":{"type":"Point","coordinates":[-0.54203,50.89642]}},{"type":"Feature","properties":{"n":"Pulborough","g":"uk"},"geometry":{"type":"Point","coordinates":[-0.51647,50.95759]}},{"type":"Feature","properties":{"n":"Christ's Hospital","g":"uk"},"geometry":{"type":"Point","coordinates":[-0.36386,51.05081]}},{"type":"Feature","properties":{"n":"Ford","g":"uk"},"geometry":{"type":"Point","coordinates":[-0.5783,50.82936]}},{"type":"Feature","properties":{"n":"Barnham","g":"uk"},"geometry":{"type":"Point","coordinates":[-0.6402,50.83074]}},{"type":"Feature","properties":{"n":"Three Bridges","g":"uk"},"geometry":{"type":"Point","coordinates":[-0.16107,51.11747]}},{"type":"Feature","properties":{"n":"Crawley","g":"uk"},"geometry":{"type":"Point","coordinates":[-0.18652,51.11203]}},{"type":"Feature","properties":{"n":"Sydenham","g":"uk"},"geometry":{"type":"Point","coordinates":[-0.05422,51.42774]}},{"type":"Feature","properties":{"n":"Forest Hill","g":"uk"},"geometry":{"type":"Point","coordinates":[-0.05309,51.43924]}},{"type":"Feature","properties":{"n":"Honor Oak Park","g":"uk"},"geometry":{"type":"Point","coordinates":[-0.04502,51.45046]}},{"type":"Feature","properties":{"n":"New Cross Gate","g":"uk"},"geometry":{"type":"Point","coordinates":[-0.04043,51.4753]}},{"type":"Feature","properties":{"n":"New Cross","g":"uk"},"geometry":{"type":"Point","coordinates":[-0.03262,51.47637]}},{"type":"Feature","properties":{"n":"St Johns","g":"uk"},"geometry":{"type":"Point","coordinates":[-0.02218,51.46909]}},{"type":"Feature","properties":{"n":"Westcombe Park","g":"uk"},"geometry":{"type":"Point","coordinates":[0.01862,51.48424]}},{"type":"Feature","properties":{"n":"Woolwich Dockyard","g":"uk"},"geometry":{"type":"Point","coordinates":[0.05488,51.49109]}},{"type":"Feature","properties":{"n":"Woolwich Arsenal","g":"uk"},"geometry":{"type":"Point","coordinates":[0.07038,51.48962]}},{"type":"Feature","properties":{"n":"Plumstead","g":"uk"},"geometry":{"type":"Point","coordinates":[0.08402,51.48977]}},{"type":"Feature","properties":{"n":"Abbey Wood","g":"uk"},"geometry":{"type":"Point","coordinates":[0.12041,51.49108]}},{"type":"Feature","properties":{"n":"Slade Green","g":"uk"},"geometry":{"type":"Point","coordinates":[0.19031,51.46767]}},{"type":"Feature","properties":{"n":"Dartford","g":"uk"},"geometry":{"type":"Point","coordinates":[0.21912,51.44742]}},{"type":"Feature","properties":{"n":"Derby","g":"uk"},"geometry":{"type":"Point","coordinates":[-1.46261,52.91652]}},{"type":"Feature","properties":{"n":"Grove Park","g":"uk"},"geometry":{"type":"Point","coordinates":[0.02202,51.43076]}},{"type":"Feature","properties":{"n":"Hither Green","g":"uk"},"geometry":{"type":"Point","coordinates":[-0.00065,51.45159]}},{"type":"Feature","properties":{"n":"Elmstead Woods","g":"uk"},"geometry":{"type":"Point","coordinates":[0.04466,51.4168]}},{"type":"Feature","properties":{"n":"Chislehurst","g":"uk"},"geometry":{"type":"Point","coordinates":[0.05787,51.40516]}},{"type":"Feature","properties":{"n":"Petts Wood","g":"uk"},"geometry":{"type":"Point","coordinates":[0.07456,51.38863]}},{"type":"Feature","properties":{"n":"Chelsfield","g":"uk"},"geometry":{"type":"Point","coordinates":[0.10833,51.35661]}},{"type":"Feature","properties":{"n":"Dunton Green","g":"uk"},"geometry":{"type":"Point","coordinates":[0.17132,51.29662]}},{"type":"Feature","properties":{"n":"Uckfield","g":"uk"},"geometry":{"type":"Point","coordinates":[0.09663,50.96874]}},{"type":"Feature","properties":{"n":"Eridge","g":"uk"},"geometry":{"type":"Point","coordinates":[0.20096,51.08924]}},{"type":"Feature","properties":{"n":"Hurst Green","g":"uk"},"geometry":{"type":"Point","coordinates":[0.00423,51.24428]}},{"type":"Feature","properties":{"n":"Edenbridge Town","g":"uk"},"geometry":{"type":"Point","coordinates":[0.06721,51.20014]}},{"type":"Feature","properties":{"n":"Hever","g":"uk"},"geometry":{"type":"Point","coordinates":[0.09481,51.18138]}},{"type":"Feature","properties":{"n":"Cowden","g":"uk"},"geometry":{"type":"Point","coordinates":[0.1099,51.15563]}},{"type":"Feature","properties":{"n":"Crowborough","g":"uk"},"geometry":{"type":"Point","coordinates":[0.18804,51.04624]}},{"type":"Feature","properties":{"n":"Buxted","g":"uk"},"geometry":{"type":"Point","coordinates":[0.13138,50.99012]}},{"type":"Feature","properties":{"n":"Oxted","g":"uk"},"geometry":{"type":"Point","coordinates":[-0.00456,51.25784]}},{"type":"Feature","properties":{"n":"Norwood Junction","g":"uk"},"geometry":{"type":"Point","coordinates":[-0.0747,51.39717]}},{"type":"Feature","properties":{"n":"Dormans","g":"uk"},"geometry":{"type":"Point","coordinates":[-0.00423,51.15587]}},{"type":"Feature","properties":{"n":"East Grinstead","g":"uk"},"geometry":{"type":"Point","coordinates":[-0.01786,51.1264]}},{"type":"Feature","properties":{"n":"South Croydon","g":"uk"},"geometry":{"type":"Point","coordinates":[-0.09336,51.36292]}},{"type":"Feature","properties":{"n":"Sanderstead","g":"uk"},"geometry":{"type":"Point","coordinates":[-0.09346,51.34839]}},{"type":"Feature","properties":{"n":"Riddlesdown","g":"uk"},"geometry":{"type":"Point","coordinates":[-0.0997,51.33294]}},{"type":"Feature","properties":{"n":"Ladywell","g":"uk"},"geometry":{"type":"Point","coordinates":[-0.01919,51.45603]}},{"type":"Feature","properties":{"n":"Catford Bridge","g":"uk"},"geometry":{"type":"Point","coordinates":[-0.02492,51.44459]}},{"type":"Feature","properties":{"n":"Lower Sydenham","g":"uk"},"geometry":{"type":"Point","coordinates":[-0.0333,51.42474]}},{"type":"Feature","properties":{"n":"New Beckenham","g":"uk"},"geometry":{"type":"Point","coordinates":[-0.03521,51.41694]}},{"type":"Feature","properties":{"n":"Clock House","g":"uk"},"geometry":{"type":"Point","coordinates":[-0.04082,51.40834]}},{"type":"Feature","properties":{"n":"West Wickham","g":"uk"},"geometry":{"type":"Point","coordinates":[-0.01473,51.38151]}},{"type":"Feature","properties":{"n":"Eden Park","g":"uk"},"geometry":{"type":"Point","coordinates":[-0.02637,51.39018]}},{"type":"Feature","properties":{"n":"Elmers End","g":"uk"},"geometry":{"type":"Point","coordinates":[-0.0497,51.39801]}},{"type":"Feature","properties":{"n":"Chepstow","g":"uk"},"geometry":{"type":"Point","coordinates":[-2.67108,51.63997]}},{"type":"Feature","properties":{"n":"Main Terminal Building (Departures)","g":"uk","m":1},"geometry":{"type":"Point","coordinates":[0.26013,51.89024]}},{"type":"Feature","properties":{"n":"Gates 1-19","g":"uk","m":1},"geometry":{"type":"Point","coordinates":[0.25415,51.88922]}},{"type":"Feature","properties":{"n":"Gates 20-39","g":"uk","m":1},"geometry":{"type":"Point","coordinates":[0.257,51.89112]}},{"type":"Feature","properties":{"n":"Aston","g":"uk"},"geometry":{"type":"Point","coordinates":[-1.87204,52.50442]}},{"type":"Feature","properties":{"n":"Darley Dale","g":"uk"},"geometry":{"type":"Point","coordinates":[-1.59461,53.16065]}},{"type":"Feature","properties":{"n":"Aldershot","g":"uk"},"geometry":{"type":"Point","coordinates":[-0.75991,51.24628]}},{"type":"Feature","properties":{"n":"Ash Vale","g":"uk"},"geometry":{"type":"Point","coordinates":[-0.72146,51.27253]}},{"type":"Feature","properties":{"n":"Camberley","g":"uk"},"geometry":{"type":"Point","coordinates":[-0.74389,51.33634]}},{"type":"Feature","properties":{"n":"Bagshot","g":"uk"},"geometry":{"type":"Point","coordinates":[-0.6885,51.36433]}},{"type":"Feature","properties":{"n":"Percy Main (North Tyneside Steam Railway)","g":"uk"},"geometry":{"type":"Point","coordinates":[-1.4781,54.99781]}},{"type":"Feature","properties":{"n":"Newton-le-Willows","g":"uk"},"geometry":{"type":"Point","coordinates":[-2.61289,53.45315]}},{"type":"Feature","properties":{"n":"Earlestown","g":"uk"},"geometry":{"type":"Point","coordinates":[-2.63762,53.45122]}},{"type":"Feature","properties":{"n":"Runcorn","g":"uk"},"geometry":{"type":"Point","coordinates":[-2.73939,53.33856]}},{"type":"Feature","properties":{"n":"Crewe","g":"uk"},"geometry":{"type":"Point","coordinates":[-2.43264,53.08896]}},{"type":"Feature","properties":{"n":"Portsmouth Harbour","g":"uk"},"geometry":{"type":"Point","coordinates":[-1.10878,50.7967]}},{"type":"Feature","properties":{"n":"Milford","g":"uk"},"geometry":{"type":"Point","coordinates":[-0.63689,51.16318]}},{"type":"Feature","properties":{"n":"Witley","g":"uk"},"geometry":{"type":"Point","coordinates":[-0.64598,51.1331]}},{"type":"Feature","properties":{"n":"Haslemere","g":"uk"},"geometry":{"type":"Point","coordinates":[-0.71949,51.08878]}},{"type":"Feature","properties":{"n":"Liphook","g":"uk"},"geometry":{"type":"Point","coordinates":[-0.80013,51.07122]}},{"type":"Feature","properties":{"n":"Liss","g":"uk"},"geometry":{"type":"Point","coordinates":[-0.89262,51.04393]}},{"type":"Feature","properties":{"n":"Worplesdon","g":"uk"},"geometry":{"type":"Point","coordinates":[-0.58242,51.28788]}},{"type":"Feature","properties":{"n":"Petersfield","g":"uk"},"geometry":{"type":"Point","coordinates":[-0.94172,51.00652]}},{"type":"Feature","properties":{"n":"Rowlands Castle","g":"uk"},"geometry":{"type":"Point","coordinates":[-0.95727,50.89247]}},{"type":"Feature","properties":{"n":"Bedhampton","g":"uk"},"geometry":{"type":"Point","coordinates":[-0.99627,50.85398]}},{"type":"Feature","properties":{"n":"Havant","g":"uk"},"geometry":{"type":"Point","coordinates":[-0.98156,50.85444]}},{"type":"Feature","properties":{"n":"Portsmouth and Southsea","g":"uk"},"geometry":{"type":"Point","coordinates":[-1.09068,50.7982]}},{"type":"Feature","properties":{"n":"Tisbury","g":"uk"},"geometry":{"type":"Point","coordinates":[-2.07879,51.06101]}},{"type":"Feature","properties":{"n":"Andover","g":"uk"},"geometry":{"type":"Point","coordinates":[-1.49278,51.21156]}},{"type":"Feature","properties":{"n":"Templecombe","g":"uk"},"geometry":{"type":"Point","coordinates":[-2.41729,51.00159]}},{"type":"Feature","properties":{"n":"Salisbury","g":"uk"},"geometry":{"type":"Point","coordinates":[-1.80641,51.07057]}},{"type":"Feature","properties":{"n":"Gillingham","g":"uk"},"geometry":{"type":"Point","coordinates":[-2.27208,51.03409]}},{"type":"Feature","properties":{"n":"East Garforth","g":"uk"},"geometry":{"type":"Point","coordinates":[-1.37159,53.79224]}},{"type":"Feature","properties":{"n":"Selby","g":"uk"},"geometry":{"type":"Point","coordinates":[-1.06342,53.78291]}},{"type":"Feature","properties":{"n":"Wressle","g":"uk"},"geometry":{"type":"Point","coordinates":[-0.92367,53.77283]}},{"type":"Feature","properties":{"n":"Howden","g":"uk"},"geometry":{"type":"Point","coordinates":[-0.86064,53.76476]}},{"type":"Feature","properties":{"n":"Broomfleet","g":"uk"},"geometry":{"type":"Point","coordinates":[-0.67301,53.74037]}},{"type":"Feature","properties":{"n":"Ferriby","g":"uk"},"geometry":{"type":"Point","coordinates":[-0.50773,53.71705]}},{"type":"Feature","properties":{"n":"Hessle","g":"uk"},"geometry":{"type":"Point","coordinates":[-0.4421,53.71737]}},{"type":"Feature","properties":{"n":"Cross Gates","g":"uk"},"geometry":{"type":"Point","coordinates":[-1.45035,53.80506]}},{"type":"Feature","properties":{"n":"Eastrington","g":"uk"},"geometry":{"type":"Point","coordinates":[-0.78708,53.75523]}},{"type":"Feature","properties":{"n":"Hull Paragon Interchange","g":"uk"},"geometry":{"type":"Point","coordinates":[-0.3476,53.74384]}},{"type":"Feature","properties":{"n":"Stalybridge","g":"uk"},"geometry":{"type":"Point","coordinates":[-2.06422,53.48414]}},{"type":"Feature","properties":{"n":"Slaithwaite","g":"uk"},"geometry":{"type":"Point","coordinates":[-1.8806,53.62416]}},{"type":"Feature","properties":{"n":"Huddersfield","g":"uk"},"geometry":{"type":"Point","coordinates":[-1.78475,53.64849]}},{"type":"Feature","properties":{"n":"Dewsbury","g":"uk"},"geometry":{"type":"Point","coordinates":[-1.63327,53.69202]}},{"type":"Feature","properties":{"n":"Batley","g":"uk"},"geometry":{"type":"Point","coordinates":[-1.62301,53.71021]}},{"type":"Feature","properties":{"n":"Exeter St Davids","g":"uk"},"geometry":{"type":"Point","coordinates":[-3.54357,50.72922]}},{"type":"Feature","properties":{"n":"Exeter Central","g":"uk"},"geometry":{"type":"Point","coordinates":[-3.53228,50.72691]}},{"type":"Feature","properties":{"n":"Pinhoe","g":"uk"},"geometry":{"type":"Point","coordinates":[-3.47008,50.73779]}},{"type":"Feature","properties":{"n":"Cranbrook","g":"uk"},"geometry":{"type":"Point","coordinates":[-3.42098,50.75002]}},{"type":"Feature","properties":{"n":"Whimple","g":"uk"},"geometry":{"type":"Point","coordinates":[-3.35428,50.76793]}},{"type":"Feature","properties":{"n":"Feniton","g":"uk"},"geometry":{"type":"Point","coordinates":[-3.28546,50.78662]}},{"type":"Feature","properties":{"n":"Honiton","g":"uk"},"geometry":{"type":"Point","coordinates":[-3.18692,50.79673]}},{"type":"Feature","properties":{"n":"Axminster","g":"uk"},"geometry":{"type":"Point","coordinates":[-3.00495,50.77901]}},{"type":"Feature","properties":{"n":"Sherborne","g":"uk"},"geometry":{"type":"Point","coordinates":[-2.51297,50.94398]}},{"type":"Feature","properties":{"n":"Yeovil Junction","g":"uk"},"geometry":{"type":"Point","coordinates":[-2.61224,50.92481]}},{"type":"Feature","properties":{"n":"Crewkerne","g":"uk"},"geometry":{"type":"Point","coordinates":[-2.77849,50.87361]}},{"type":"Feature","properties":{"n":"Sunningdale","g":"uk"},"geometry":{"type":"Point","coordinates":[-0.63324,51.39215]}},{"type":"Feature","properties":{"n":"Winnersh Triangle","g":"uk"},"geometry":{"type":"Point","coordinates":[-0.89183,51.43677]}},{"type":"Feature","properties":{"n":"Winnersh","g":"uk"},"geometry":{"type":"Point","coordinates":[-0.87792,51.43075]}},{"type":"Feature","properties":{"n":"Egham","g":"uk"},"geometry":{"type":"Point","coordinates":[-0.54658,51.42941]}},{"type":"Feature","properties":{"n":"Staines","g":"uk"},"geometry":{"type":"Point","coordinates":[-0.50291,51.43233]}},{"type":"Feature","properties":{"n":"Twickenham","g":"uk"},"geometry":{"type":"Point","coordinates":[-0.32884,51.45058]}},{"type":"Feature","properties":{"n":"Datchet","g":"uk"},"geometry":{"type":"Point","coordinates":[-0.57939,51.4829]}},{"type":"Feature","properties":{"n":"Sunnymeads","g":"uk"},"geometry":{"type":"Point","coordinates":[-0.55886,51.46995]}},{"type":"Feature","properties":{"n":"Wraysbury","g":"uk"},"geometry":{"type":"Point","coordinates":[-0.54199,51.45793]}},{"type":"Feature","properties":{"n":"Whitton","g":"uk"},"geometry":{"type":"Point","coordinates":[-0.35778,51.4495]}},{"type":"Feature","properties":{"n":"Barnes Bridge","g":"uk"},"geometry":{"type":"Point","coordinates":[-0.25263,51.47201]}},{"type":"Feature","properties":{"n":"Chiswick","g":"uk"},"geometry":{"type":"Point","coordinates":[-0.26818,51.48115]}},{"type":"Feature","properties":{"n":"Kew Bridge","g":"uk"},"geometry":{"type":"Point","coordinates":[-0.28834,51.48972]}},{"type":"Feature","properties":{"n":"Brentford","g":"uk"},"geometry":{"type":"Point","coordinates":[-0.30968,51.48765]}},{"type":"Feature","properties":{"n":"Syon Lane","g":"uk"},"geometry":{"type":"Point","coordinates":[-0.32508,51.48164]}},{"type":"Feature","properties":{"n":"Isleworth","g":"uk"},"geometry":{"type":"Point","coordinates":[-0.3372,51.47471]}},{"type":"Feature","properties":{"n":"Hounslow","g":"uk"},"geometry":{"type":"Point","coordinates":[-0.36149,51.46228]}},{"type":"Feature","properties":{"n":"Chertsey","g":"uk"},"geometry":{"type":"Point","coordinates":[-0.50946,51.38713]}},{"type":"Feature","properties":{"n":"Addlestone","g":"uk"},"geometry":{"type":"Point","coordinates":[-0.48451,51.37311]}},{"type":"Feature","properties":{"n":"Norbiton","g":"uk"},"geometry":{"type":"Point","coordinates":[-0.28408,51.41231]}},{"type":"Feature","properties":{"n":"Teddington","g":"uk"},"geometry":{"type":"Point","coordinates":[-0.33257,51.42447]}},{"type":"Feature","properties":{"n":"Rotherham Parkgate","g":"uk","m":1},"geometry":{"type":"Point","coordinates":[-1.3433,53.44295]}},{"type":"Feature","properties":{"n":"Narberth","g":"uk"},"geometry":{"type":"Point","coordinates":[-4.72707,51.79948]}},{"type":"Feature","properties":{"n":"Dawlish","g":"uk"},"geometry":{"type":"Point","coordinates":[-3.46445,50.58061]}},{"type":"Feature","properties":{"n":"Fareham","g":"uk"},"geometry":{"type":"Point","coordinates":[-1.19234,50.85341]}},{"type":"Feature","properties":{"n":"St Denys","g":"uk"},"geometry":{"type":"Point","coordinates":[-1.38786,50.92227]}},{"type":"Feature","properties":{"n":"Millbrook","g":"uk"},"geometry":{"type":"Point","coordinates":[-1.4337,50.91143]}},{"type":"Feature","properties":{"n":"Brockenhurst","g":"uk"},"geometry":{"type":"Point","coordinates":[-1.57341,50.81675]}},{"type":"Feature","properties":{"n":"Burgess Hill","g":"uk"},"geometry":{"type":"Point","coordinates":[-0.12743,50.95361]}},{"type":"Feature","properties":{"n":"Askam","g":"uk"},"geometry":{"type":"Point","coordinates":[-3.20456,54.18913]}},{"type":"Feature","properties":{"n":"Green Road","g":"uk"},"geometry":{"type":"Point","coordinates":[-3.24541,54.24442]}},{"type":"Feature","properties":{"n":"Millom","g":"uk"},"geometry":{"type":"Point","coordinates":[-3.27061,54.21102]}},{"type":"Feature","properties":{"n":"Bootle","g":"uk"},"geometry":{"type":"Point","coordinates":[-3.39384,54.29118]}},{"type":"Feature","properties":{"n":"Sellafield","g":"uk"},"geometry":{"type":"Point","coordinates":[-3.51045,54.41665]}},{"type":"Feature","properties":{"n":"Drigg","g":"uk"},"geometry":{"type":"Point","coordinates":[-3.44358,54.37686]}},{"type":"Feature","properties":{"n":"Braystones","g":"uk"},"geometry":{"type":"Point","coordinates":[-3.54197,54.43951]}},{"type":"Feature","properties":{"n":"Nairn","g":"uk"},"geometry":{"type":"Point","coordinates":[-3.87183,57.58025]}},{"type":"Feature","properties":{"n":"Titley Junction","g":"uk"},"geometry":{"type":"Point","coordinates":[-2.98548,52.21724]}},{"type":"Feature","properties":{"n":"Lichfield Trent Valley","g":"uk"},"geometry":{"type":"Point","coordinates":[-1.79983,52.68683]}},{"type":"Feature","properties":{"n":"Kenilworth","g":"uk"},"geometry":{"type":"Point","coordinates":[-1.57246,52.34284]}},{"type":"Feature","properties":{"n":"Southend Airport","g":"uk"},"geometry":{"type":"Point","coordinates":[0.70535,51.56995]}},{"type":"Feature","properties":{"n":"Minster","g":"uk"},"geometry":{"type":"Point","coordinates":[1.31711,51.32917]}},{"type":"Feature","properties":{"n":"Westgate-on-Sea","g":"uk"},"geometry":{"type":"Point","coordinates":[1.33823,51.38128]}},{"type":"Feature","properties":{"n":"Blackpool North","g":"uk"},"geometry":{"type":"Point","coordinates":[-3.04837,53.82294]}},{"type":"Feature","properties":{"n":"Hackbridge","g":"uk"},"geometry":{"type":"Point","coordinates":[-0.15372,51.37803]}},{"type":"Feature","properties":{"n":"Kensington (Olympia)","g":"uk","m":1},"geometry":{"type":"Point","coordinates":[-0.2095,51.49744]}},{"type":"Feature","properties":{"n":"South Ruislip","g":"uk","m":1},"geometry":{"type":"Point","coordinates":[-0.39906,51.55699]}},{"type":"Feature","properties":{"n":"Pier Head","g":"uk"},"geometry":{"type":"Point","coordinates":[0.72134,51.51648]}},{"type":"Feature","properties":{"n":"Glasgow Central","g":"uk"},"geometry":{"type":"Point","coordinates":[-4.25844,55.85831]}},{"type":"Feature","properties":{"n":"Glasgow Queen Street","g":"uk"},"geometry":{"type":"Point","coordinates":[-4.25112,55.86256]}},{"type":"Feature","properties":{"n":"Retford","g":"uk"},"geometry":{"type":"Point","coordinates":[-0.94598,53.31399]}},{"type":"Feature","properties":{"n":"Warwick Parkway","g":"uk"},"geometry":{"type":"Point","coordinates":[-1.61227,52.28601]}},{"type":"Feature","properties":{"n":"Brownhills West","g":"uk"},"geometry":{"type":"Point","coordinates":[-1.953,52.66269]}},{"type":"Feature","properties":{"n":"Kings Norton","g":"uk"},"geometry":{"type":"Point","coordinates":[-1.93261,52.41424]}},{"type":"Feature","properties":{"n":"White Hart Lane","g":"uk"},"geometry":{"type":"Point","coordinates":[-0.07092,51.60453]}},{"type":"Feature","properties":{"n":"Turkey Street","g":"uk"},"geometry":{"type":"Point","coordinates":[-0.04697,51.67323]}},{"type":"Feature","properties":{"n":"Theobalds Grove","g":"uk"},"geometry":{"type":"Point","coordinates":[-0.03501,51.69223]}},{"type":"Feature","properties":{"n":"Stamford Hill","g":"uk"},"geometry":{"type":"Point","coordinates":[-0.07628,51.57488]}},{"type":"Feature","properties":{"n":"Stoke Newington","g":"uk"},"geometry":{"type":"Point","coordinates":[-0.07255,51.56504]}},{"type":"Feature","properties":{"n":"Bruce Grove","g":"uk"},"geometry":{"type":"Point","coordinates":[-0.07001,51.59371]}},{"type":"Feature","properties":{"n":"Rectory Road","g":"uk"},"geometry":{"type":"Point","coordinates":[-0.06862,51.55911]}},{"type":"Feature","properties":{"n":"Northumberland Park","g":"uk"},"geometry":{"type":"Point","coordinates":[-0.05387,51.60191]}},{"type":"Feature","properties":{"n":"Clapton","g":"uk"},"geometry":{"type":"Point","coordinates":[-0.05686,51.56165]}},{"type":"Feature","properties":{"n":"Brimsdown","g":"uk"},"geometry":{"type":"Point","coordinates":[-0.03079,51.65557]}},{"type":"Feature","properties":{"n":"Enfield Lock","g":"uk"},"geometry":{"type":"Point","coordinates":[-0.02857,51.67061]}},{"type":"Feature","properties":{"n":"Waltham Cross","g":"uk"},"geometry":{"type":"Point","coordinates":[-0.02648,51.68476]}},{"type":"Feature","properties":{"n":"Broxbourne","g":"uk"},"geometry":{"type":"Point","coordinates":[-0.01063,51.74683]}},{"type":"Feature","properties":{"n":"Roydon","g":"uk"},"geometry":{"type":"Point","coordinates":[0.03651,51.77544]}},{"type":"Feature","properties":{"n":"Harlow Town","g":"uk"},"geometry":{"type":"Point","coordinates":[0.09506,51.78129]}},{"type":"Feature","properties":{"n":"Harlow Mill","g":"uk"},"geometry":{"type":"Point","coordinates":[0.13232,51.79048]}},{"type":"Feature","properties":{"n":"Sawbridgeworth","g":"uk"},"geometry":{"type":"Point","coordinates":[0.16054,51.81462]}},{"type":"Feature","properties":{"n":"Stansted Mountfitchet","g":"uk"},"geometry":{"type":"Point","coordinates":[0.19925,51.90126]}},{"type":"Feature","properties":{"n":"Elsenham","g":"uk"},"geometry":{"type":"Point","coordinates":[0.2278,51.92069]}},{"type":"Feature","properties":{"n":"Newport","g":"uk"},"geometry":{"type":"Point","coordinates":[0.21533,51.97986]}},{"type":"Feature","properties":{"n":"Audley End","g":"uk"},"geometry":{"type":"Point","coordinates":[0.20715,52.00446]}},{"type":"Feature","properties":{"n":"Whittlesford Parkway","g":"uk"},"geometry":{"type":"Point","coordinates":[0.16574,52.10357]}},{"type":"Feature","properties":{"n":"Shelford","g":"uk"},"geometry":{"type":"Point","coordinates":[0.13984,52.14943]}},{"type":"Feature","properties":{"n":"Stansted Airport","g":"uk"},"geometry":{"type":"Point","coordinates":[0.26215,51.88926]}},{"type":"Feature","properties":{"n":"Hertford East","g":"uk"},"geometry":{"type":"Point","coordinates":[-0.07175,51.7994]}},{"type":"Feature","properties":{"n":"Ware","g":"uk"},"geometry":{"type":"Point","coordinates":[-0.02876,51.80798]}},{"type":"Feature","properties":{"n":"St Margarets","g":"uk"},"geometry":{"type":"Point","coordinates":[0.00093,51.7882]}},{"type":"Feature","properties":{"n":"Rye House","g":"uk"},"geometry":{"type":"Point","coordinates":[0.00552,51.76936]}},{"type":"Feature","properties":{"n":"Elverson Road","g":"uk","m":1},"geometry":{"type":"Point","coordinates":[-0.01621,51.46852]}},{"type":"Feature","properties":{"n":"Deptford Bridge","g":"uk","m":1},"geometry":{"type":"Point","coordinates":[-0.02239,51.47416]}},{"type":"Feature","properties":{"n":"Crossharbour","g":"uk","m":1},"geometry":{"type":"Point","coordinates":[-0.01444,51.4959]}},{"type":"Feature","properties":{"n":"South Quay","g":"uk","m":1},"geometry":{"type":"Point","coordinates":[-0.01625,51.50004]}},{"type":"Feature","properties":{"n":"King George V","g":"uk","m":1},"geometry":{"type":"Point","coordinates":[0.06235,51.50201]}},{"type":"Feature","properties":{"n":"Royal Victoria","g":"uk","m":1},"geometry":{"type":"Point","coordinates":[0.01759,51.50912]}},{"type":"Feature","properties":{"n":"Custom House","g":"uk","m":1},"geometry":{"type":"Point","coordinates":[0.02596,51.50963]}},{"type":"Feature","properties":{"n":"Prince Regent","g":"uk","m":1},"geometry":{"type":"Point","coordinates":[0.03315,51.50948]}},{"type":"Feature","properties":{"n":"Royal Albert","g":"uk","m":1},"geometry":{"type":"Point","coordinates":[0.04588,51.5084]}},{"type":"Feature","properties":{"n":"Gallions Reach","g":"uk","m":1},"geometry":{"type":"Point","coordinates":[0.07179,51.50896]}},{"type":"Feature","properties":{"n":"Beckton","g":"uk","m":1},"geometry":{"type":"Point","coordinates":[0.06179,51.51441]}},{"type":"Feature","properties":{"n":"Blackwall","g":"uk","m":1},"geometry":{"type":"Point","coordinates":[-0.00718,51.50794]}},{"type":"Feature","properties":{"n":"East India","g":"uk","m":1},"geometry":{"type":"Point","coordinates":[-0.00219,51.50938]}},{"type":"Feature","properties":{"n":"London City Airport","g":"uk","m":1},"geometry":{"type":"Point","coordinates":[0.04854,51.50353]}},{"type":"Feature","properties":{"n":"West Silvertown","g":"uk","m":1},"geometry":{"type":"Point","coordinates":[0.02233,51.50288]}},{"type":"Feature","properties":{"n":"Pontoon Dock","g":"uk","m":1},"geometry":{"type":"Point","coordinates":[0.03322,51.50225]}},{"type":"Feature","properties":{"n":"North Acton","g":"uk","m":1},"geometry":{"type":"Point","coordinates":[-0.25978,51.52358]}},{"type":"Feature","properties":{"n":"Westhoughton","g":"uk"},"geometry":{"type":"Point","coordinates":[-2.52322,53.55588]}},{"type":"Feature","properties":{"n":"Hammersmith (District and Piccadilly lines)","g":"uk","m":1},"geometry":{"type":"Point","coordinates":[-0.22325,51.49216]}},{"type":"Feature","properties":{"n":"Mitcham Junction","g":"uk"},"geometry":{"type":"Point","coordinates":[-0.15778,51.39294]}},{"type":"Feature","properties":{"n":"Horwich Parkway","g":"uk"},"geometry":{"type":"Point","coordinates":[-2.53973,53.57798]}},{"type":"Feature","properties":{"n":"Meadowhall South / Tinsley","g":"uk","m":1},"geometry":{"type":"Point","coordinates":[-1.40498,53.41424]}},{"type":"Feature","properties":{"n":"Carbrook/IKEA","g":"uk","m":1},"geometry":{"type":"Point","coordinates":[-1.41088,53.40551]}},{"type":"Feature","properties":{"n":"Tower Hill","g":"uk","m":1},"geometry":{"type":"Point","coordinates":[-0.0767,51.50985]}},{"type":"Feature","properties":{"n":"Witton-le-Wear","g":"uk"},"geometry":{"type":"Point","coordinates":[-1.76668,54.6764]}},{"type":"Feature","properties":{"n":"Moses Gate","g":"uk"},"geometry":{"type":"Point","coordinates":[-2.40156,53.55627]}},{"type":"Feature","properties":{"n":"Farnworth","g":"uk"},"geometry":{"type":"Point","coordinates":[-2.38853,53.55046]}},{"type":"Feature","properties":{"n":"Bayford","g":"uk"},"geometry":{"type":"Point","coordinates":[-0.09573,51.7579]}},{"type":"Feature","properties":{"n":"Cuffley","g":"uk"},"geometry":{"type":"Point","coordinates":[-0.1098,51.70915]}},{"type":"Feature","properties":{"n":"Crews Hill","g":"uk"},"geometry":{"type":"Point","coordinates":[-0.10722,51.68475]}},{"type":"Feature","properties":{"n":"Gordon Hill","g":"uk"},"geometry":{"type":"Point","coordinates":[-0.09422,51.66295]}},{"type":"Feature","properties":{"n":"Grange Park","g":"uk"},"geometry":{"type":"Point","coordinates":[-0.09694,51.64333]}},{"type":"Feature","properties":{"n":"Palmers Green","g":"uk"},"geometry":{"type":"Point","coordinates":[-0.11017,51.61866]}},{"type":"Feature","properties":{"n":"Hornsey","g":"uk"},"geometry":{"type":"Point","coordinates":[-0.11168,51.58632]}},{"type":"Feature","properties":{"n":"Hertford North","g":"uk"},"geometry":{"type":"Point","coordinates":[-0.09224,51.79868]}},{"type":"Feature","properties":{"n":"Bowes Park","g":"uk"},"geometry":{"type":"Point","coordinates":[-0.12048,51.60719]}},{"type":"Feature","properties":{"n":"Colindale","g":"uk","m":1},"geometry":{"type":"Point","coordinates":[-0.24993,51.59541]}},{"type":"Feature","properties":{"n":"Golders Green","g":"uk","m":1},"geometry":{"type":"Point","coordinates":[-0.19403,51.5723]}},{"type":"Feature","properties":{"n":"Ruislip","g":"uk","m":1},"geometry":{"type":"Point","coordinates":[-0.42134,51.5714]}},{"type":"Feature","properties":{"n":"Rayners Lane","g":"uk","m":1},"geometry":{"type":"Point","coordinates":[-0.37147,51.57521]}},{"type":"Feature","properties":{"n":"Neasden","g":"uk","m":1},"geometry":{"type":"Point","coordinates":[-0.25075,51.55434]}},{"type":"Feature","properties":{"n":"The Valley Railway Adventure","g":"uk"},"geometry":{"type":"Point","coordinates":[-1.93721,52.1173]}},{"type":"Feature","properties":{"n":"Hatton Cross","g":"uk","m":1},"geometry":{"type":"Point","coordinates":[-0.42399,51.46654]}},{"type":"Feature","properties":{"n":"Osterley","g":"uk","m":1},"geometry":{"type":"Point","coordinates":[-0.35183,51.48155]}},{"type":"Feature","properties":{"n":"Stamford Brook","g":"uk","m":1},"geometry":{"type":"Point","coordinates":[-0.24589,51.49497]}},{"type":"Feature","properties":{"n":"Turnham Green","g":"uk","m":1},"geometry":{"type":"Point","coordinates":[-0.25469,51.49513]}},{"type":"Feature","properties":{"n":"Chiswick Park","g":"uk","m":1},"geometry":{"type":"Point","coordinates":[-0.26787,51.49456]}},{"type":"Feature","properties":{"n":"Romiley","g":"uk"},"geometry":{"type":"Point","coordinates":[-2.08932,53.41401]}},{"type":"Feature","properties":{"n":"Bredbury","g":"uk"},"geometry":{"type":"Point","coordinates":[-2.11049,53.42304]}},{"type":"Feature","properties":{"n":"Ashburys","g":"uk"},"geometry":{"type":"Point","coordinates":[-2.19523,53.47184]}},{"type":"Feature","properties":{"n":"Belle Vue","g":"uk"},"geometry":{"type":"Point","coordinates":[-2.18007,53.46147]}},{"type":"Feature","properties":{"n":"Grindleford","g":"uk"},"geometry":{"type":"Point","coordinates":[-1.62603,53.30556]}},{"type":"Feature","properties":{"n":"Bamford","g":"uk"},"geometry":{"type":"Point","coordinates":[-1.6894,53.33913]}},{"type":"Feature","properties":{"n":"Edale","g":"uk"},"geometry":{"type":"Point","coordinates":[-1.81725,53.36482]}},{"type":"Feature","properties":{"n":"New Mills Central","g":"uk"},"geometry":{"type":"Point","coordinates":[-2.00557,53.36486]}},{"type":"Feature","properties":{"n":"Strines","g":"uk"},"geometry":{"type":"Point","coordinates":[-2.03331,53.37457]}},{"type":"Feature","properties":{"n":"Marple","g":"uk"},"geometry":{"type":"Point","coordinates":[-2.0572,53.40065]}},{"type":"Feature","properties":{"n":"Mouldsworth","g":"uk"},"geometry":{"type":"Point","coordinates":[-2.73221,53.23182]}},{"type":"Feature","properties":{"n":"Delamere","g":"uk"},"geometry":{"type":"Point","coordinates":[-2.66653,53.22883]}},{"type":"Feature","properties":{"n":"Cuddington","g":"uk"},"geometry":{"type":"Point","coordinates":[-2.59954,53.23992]}},{"type":"Feature","properties":{"n":"Greenbank","g":"uk"},"geometry":{"type":"Point","coordinates":[-2.53446,53.25142]}},{"type":"Feature","properties":{"n":"Northwich","g":"uk"},"geometry":{"type":"Point","coordinates":[-2.49685,53.26136]}},{"type":"Feature","properties":{"n":"Plumley","g":"uk"},"geometry":{"type":"Point","coordinates":[-2.41967,53.27488]}},{"type":"Feature","properties":{"n":"Knutsford","g":"uk"},"geometry":{"type":"Point","coordinates":[-2.37218,53.3016]}},{"type":"Feature","properties":{"n":"Altrincham","g":"uk"},"geometry":{"type":"Point","coordinates":[-2.34708,53.38766]}},{"type":"Feature","properties":{"n":"Hale","g":"uk"},"geometry":{"type":"Point","coordinates":[-2.3475,53.37852]}},{"type":"Feature","properties":{"n":"Earl's Court","g":"uk","m":1},"geometry":{"type":"Point","coordinates":[-0.1939,51.49161]}},{"type":"Feature","properties":{"n":"Becontree","g":"uk","m":1},"geometry":{"type":"Point","coordinates":[0.12652,51.54031]}},{"type":"Feature","properties":{"n":"Ruislip Manor","g":"uk","m":1},"geometry":{"type":"Point","coordinates":[-0.4118,51.5734]}},{"type":"Feature","properties":{"n":"Northolt","g":"uk","m":1},"geometry":{"type":"Point","coordinates":[-0.36952,51.54846]}},{"type":"Feature","properties":{"n":"Perivale","g":"uk","m":1},"geometry":{"type":"Point","coordinates":[-0.32259,51.5365]}},{"type":"Feature","properties":{"n":"Theydon Bois","g":"uk","m":1},"geometry":{"type":"Point","coordinates":[0.10332,51.67178]}},{"type":"Feature","properties":{"n":"Loughton","g":"uk","m":1},"geometry":{"type":"Point","coordinates":[0.05532,51.64123]}},{"type":"Feature","properties":{"n":"Woodford","g":"uk","m":1},"geometry":{"type":"Point","coordinates":[0.03402,51.60681]}},{"type":"Feature","properties":{"n":"Cornbrook","g":"uk","m":1},"geometry":{"type":"Point","coordinates":[-2.2675,53.47014]}},{"type":"Feature","properties":{"n":"Eccles","g":"uk","m":1},"geometry":{"type":"Point","coordinates":[-2.33449,53.48307]}},{"type":"Feature","properties":{"n":"Hanger Lane","g":"uk","m":1},"geometry":{"type":"Point","coordinates":[-0.29365,51.53031]}},{"type":"Feature","properties":{"n":"Upminster Bridge","g":"uk","m":1},"geometry":{"type":"Point","coordinates":[0.23477,51.55827]}},{"type":"Feature","properties":{"n":"Hornchurch","g":"uk","m":1},"geometry":{"type":"Point","coordinates":[0.21811,51.55387]}},{"type":"Feature","properties":{"n":"Dagenham East","g":"uk","m":1},"geometry":{"type":"Point","coordinates":[0.16495,51.54402]}},{"type":"Feature","properties":{"n":"Dagenham Heathway","g":"uk","m":1},"geometry":{"type":"Point","coordinates":[0.14564,51.54155]}},{"type":"Feature","properties":{"n":"Stanmore","g":"uk","m":1},"geometry":{"type":"Point","coordinates":[-0.30263,51.61885]}},{"type":"Feature","properties":{"n":"Canons Park","g":"uk","m":1},"geometry":{"type":"Point","coordinates":[-0.29475,51.60801]}},{"type":"Feature","properties":{"n":"Elm Park","g":"uk","m":1},"geometry":{"type":"Point","coordinates":[0.19743,51.54958]}},{"type":"Feature","properties":{"n":"Leyton","g":"uk","m":1},"geometry":{"type":"Point","coordinates":[-0.00513,51.55682]}},{"type":"Feature","properties":{"n":"East Putney","g":"uk","m":1},"geometry":{"type":"Point","coordinates":[-0.21124,51.45861]}},{"type":"Feature","properties":{"n":"Marsden","g":"uk"},"geometry":{"type":"Point","coordinates":[-1.93021,53.60324]}},{"type":"Feature","properties":{"n":"Gorton","g":"uk"},"geometry":{"type":"Point","coordinates":[-2.16775,53.46893]}},{"type":"Feature","properties":{"n":"Fairfield","g":"uk"},"geometry":{"type":"Point","coordinates":[-2.14492,53.47132]}},{"type":"Feature","properties":{"n":"Greenfield","g":"uk"},"geometry":{"type":"Point","coordinates":[-2.01424,53.53875]}},{"type":"Feature","properties":{"n":"Temple","g":"uk","m":1},"geometry":{"type":"Point","coordinates":[-0.11433,51.51097]}},{"type":"Feature","properties":{"n":"Walthamstow Central","g":"uk","m":1},"geometry":{"type":"Point","coordinates":[-0.01999,51.58289]}},{"type":"Feature","properties":{"n":"Anerley","g":"uk"},"geometry":{"type":"Point","coordinates":[-0.06549,51.41258]}},{"type":"Feature","properties":{"n":"Chartley Halt","g":"uk"},"geometry":{"type":"Point","coordinates":[-2.00412,52.84862]}},{"type":"Feature","properties":{"n":"Amerton Station","g":"uk"},"geometry":{"type":"Point","coordinates":[-2.01047,52.84785]}},{"type":"Feature","properties":{"n":"Alperton","g":"uk","m":1},"geometry":{"type":"Point","coordinates":[-0.3001,51.5408]}},{"type":"Feature","properties":{"n":"Covent Garden","g":"uk","m":1},"geometry":{"type":"Point","coordinates":[-0.12427,51.51309]}},{"type":"Feature","properties":{"n":"St. John's Wood","g":"uk","m":1},"geometry":{"type":"Point","coordinates":[-0.17421,51.53535]}},{"type":"Feature","properties":{"n":"East Ham","g":"uk","m":1},"geometry":{"type":"Point","coordinates":[0.0526,51.5394]}},{"type":"Feature","properties":{"n":"Bromley-by-Bow","g":"uk","m":1},"geometry":{"type":"Point","coordinates":[-0.01232,51.52463]}},{"type":"Feature","properties":{"n":"Canary Wharf","g":"uk","m":1},"geometry":{"type":"Point","coordinates":[-0.01863,51.5035]}},{"type":"Feature","properties":{"n":"Kensal Green","g":"uk","m":1},"geometry":{"type":"Point","coordinates":[-0.22444,51.53061]}},{"type":"Feature","properties":{"n":"Harlesden","g":"uk","m":1},"geometry":{"type":"Point","coordinates":[-0.25783,51.53636]}},{"type":"Feature","properties":{"n":"West Hampstead","g":"uk","m":1},"geometry":{"type":"Point","coordinates":[-0.18996,51.54682]}},{"type":"Feature","properties":{"n":"Bermondsey","g":"uk","m":1},"geometry":{"type":"Point","coordinates":[-0.06435,51.4977]}},{"type":"Feature","properties":{"n":"Green Park","g":"uk","m":1},"geometry":{"type":"Point","coordinates":[-0.14294,51.50662]}},{"type":"Feature","properties":{"n":"Heaton Chapel","g":"uk"},"geometry":{"type":"Point","coordinates":[-2.17929,53.42599]}},{"type":"Feature","properties":{"n":"Congleton","g":"uk"},"geometry":{"type":"Point","coordinates":[-2.19246,53.1578]}},{"type":"Feature","properties":{"n":"Prestbury","g":"uk"},"geometry":{"type":"Point","coordinates":[-2.14532,53.29311]}},{"type":"Feature","properties":{"n":"Adlington (Cheshire)","g":"uk"},"geometry":{"type":"Point","coordinates":[-2.13364,53.31972]}},{"type":"Feature","properties":{"n":"Uxbridge","g":"uk","m":1},"geometry":{"type":"Point","coordinates":[-0.47751,51.54666]}},{"type":"Feature","properties":{"n":"Hillingdon","g":"uk","m":1},"geometry":{"type":"Point","coordinates":[-0.45046,51.5536]}},{"type":"Feature","properties":{"n":"Goldhawk Road","g":"uk","m":1},"geometry":{"type":"Point","coordinates":[-0.22657,51.50176]}},{"type":"Feature","properties":{"n":"Shepherd's Bush","g":"uk","m":1},"geometry":{"type":"Point","coordinates":[-0.21833,51.50436]}},{"type":"Feature","properties":{"n":"Latimer Road","g":"uk","m":1},"geometry":{"type":"Point","coordinates":[-0.21779,51.51347]}},{"type":"Feature","properties":{"n":"Kilburn Park","g":"uk","m":1},"geometry":{"type":"Point","coordinates":[-0.19383,51.53502]}},{"type":"Feature","properties":{"n":"Royal Oak","g":"uk","m":1},"geometry":{"type":"Point","coordinates":[-0.18744,51.51902]}},{"type":"Feature","properties":{"n":"Bayswater","g":"uk","m":1},"geometry":{"type":"Point","coordinates":[-0.18839,51.51228]}},{"type":"Feature","properties":{"n":"High Street Kensington","g":"uk","m":1},"geometry":{"type":"Point","coordinates":[-0.19211,51.5003]}},{"type":"Feature","properties":{"n":"Gloucester Road","g":"uk","m":1},"geometry":{"type":"Point","coordinates":[-0.18377,51.49453]}},{"type":"Feature","properties":{"n":"Marble Arch","g":"uk","m":1},"geometry":{"type":"Point","coordinates":[-0.15825,51.51344]}},{"type":"Feature","properties":{"n":"Great Portland Street","g":"uk","m":1},"geometry":{"type":"Point","coordinates":[-0.1437,51.52381]}},{"type":"Feature","properties":{"n":"Warren Street","g":"uk","m":1},"geometry":{"type":"Point","coordinates":[-0.13853,51.52472]}},{"type":"Feature","properties":{"n":"Goodge Street","g":"uk","m":1},"geometry":{"type":"Point","coordinates":[-0.13436,51.5206]}},{"type":"Feature","properties":{"n":"Highbury & Islington","g":"uk","m":1},"geometry":{"type":"Point","coordinates":[-0.10365,51.54637]}},{"type":"Feature","properties":{"n":"Edge Hill","g":"uk"},"geometry":{"type":"Point","coordinates":[-2.94665,53.40249]}},{"type":"Feature","properties":{"n":"Mossley Hill","g":"uk"},"geometry":{"type":"Point","coordinates":[-2.91483,53.37856]}},{"type":"Feature","properties":{"n":"West Allerton","g":"uk"},"geometry":{"type":"Point","coordinates":[-2.90719,53.36933]}},{"type":"Feature","properties":{"n":"Halewood","g":"uk"},"geometry":{"type":"Point","coordinates":[-2.83011,53.36449]}},{"type":"Feature","properties":{"n":"Hough Green","g":"uk"},"geometry":{"type":"Point","coordinates":[-2.77527,53.37258]}},{"type":"Feature","properties":{"n":"Warrington West","g":"uk"},"geometry":{"type":"Point","coordinates":[-2.63693,53.39374]}},{"type":"Feature","properties":{"n":"Sankey for Penketh","g":"uk"},"geometry":{"type":"Point","coordinates":[-2.65059,53.39234]}},{"type":"Feature","properties":{"n":"Trafford Park","g":"uk"},"geometry":{"type":"Point","coordinates":[-2.3117,53.45478]}},{"type":"Feature","properties":{"n":"Humphrey Park","g":"uk"},"geometry":{"type":"Point","coordinates":[-2.32726,53.45233]}},{"type":"Feature","properties":{"n":"Flixton","g":"uk"},"geometry":{"type":"Point","coordinates":[-2.38396,53.44371]}},{"type":"Feature","properties":{"n":"Chassen Road","g":"uk"},"geometry":{"type":"Point","coordinates":[-2.36783,53.44616]}},{"type":"Feature","properties":{"n":"Urmston","g":"uk"},"geometry":{"type":"Point","coordinates":[-2.35366,53.44832]}},{"type":"Feature","properties":{"n":"Irlam","g":"uk"},"geometry":{"type":"Point","coordinates":[-2.43285,53.4342]}},{"type":"Feature","properties":{"n":"Birchwood","g":"uk"},"geometry":{"type":"Point","coordinates":[-2.52514,53.41278]}},{"type":"Feature","properties":{"n":"Padgate","g":"uk"},"geometry":{"type":"Point","coordinates":[-2.55693,53.40562]}},{"type":"Feature","properties":{"n":"Warrington Central","g":"uk"},"geometry":{"type":"Point","coordinates":[-2.59242,53.39194]}},{"type":"Feature","properties":{"n":"Grantham","g":"uk"},"geometry":{"type":"Point","coordinates":[-0.64301,52.90652]}},{"type":"Feature","properties":{"n":"Netherfield","g":"uk"},"geometry":{"type":"Point","coordinates":[-1.07936,52.96141]}},{"type":"Feature","properties":{"n":"Ely","g":"uk"},"geometry":{"type":"Point","coordinates":[0.2665,52.39069]}},{"type":"Feature","properties":{"n":"Barrow-upon-Soar","g":"uk"},"geometry":{"type":"Point","coordinates":[-1.14549,52.74943]}},{"type":"Feature","properties":{"n":"Syston","g":"uk"},"geometry":{"type":"Point","coordinates":[-1.08252,52.69409]}},{"type":"Feature","properties":{"n":"Rolleston","g":"uk"},"geometry":{"type":"Point","coordinates":[-0.90012,53.06514]}},{"type":"Feature","properties":{"n":"Newark Castle","g":"uk"},"geometry":{"type":"Point","coordinates":[-0.81318,53.08025]}},{"type":"Feature","properties":{"n":"Fiskerton","g":"uk"},"geometry":{"type":"Point","coordinates":[-0.91184,53.0606]}},{"type":"Feature","properties":{"n":"Bleasby","g":"uk"},"geometry":{"type":"Point","coordinates":[-0.94356,53.04148]}},{"type":"Feature","properties":{"n":"Thurgarton","g":"uk"},"geometry":{"type":"Point","coordinates":[-0.96226,53.02897]}},{"type":"Feature","properties":{"n":"Lowdham","g":"uk"},"geometry":{"type":"Point","coordinates":[-0.99822,53.00643]}},{"type":"Feature","properties":{"n":"Carlton","g":"uk"},"geometry":{"type":"Point","coordinates":[-1.07877,52.96505]}},{"type":"Feature","properties":{"n":"Burton Joyce","g":"uk"},"geometry":{"type":"Point","coordinates":[-1.04121,52.98329]}},{"type":"Feature","properties":{"n":"Attenborough","g":"uk"},"geometry":{"type":"Point","coordinates":[-1.23115,52.90641]}},{"type":"Feature","properties":{"n":"Duffield","g":"uk"},"geometry":{"type":"Point","coordinates":[-1.48586,52.98823]}},{"type":"Feature","properties":{"n":"Belper","g":"uk"},"geometry":{"type":"Point","coordinates":[-1.48256,53.02427]}},{"type":"Feature","properties":{"n":"Whatstandwell","g":"uk"},"geometry":{"type":"Point","coordinates":[-1.50429,53.08347]}},{"type":"Feature","properties":{"n":"Cromford","g":"uk"},"geometry":{"type":"Point","coordinates":[-1.54907,53.11291]}},{"type":"Feature","properties":{"n":"Matlock","g":"uk"},"geometry":{"type":"Point","coordinates":[-1.55855,53.13811]}},{"type":"Feature","properties":{"n":"Matlock Bath","g":"uk"},"geometry":{"type":"Point","coordinates":[-1.55687,53.12255]}},{"type":"Feature","properties":{"n":"Levenshulme","g":"uk"},"geometry":{"type":"Point","coordinates":[-2.19296,53.4449]}},{"type":"Feature","properties":{"n":"Handforth","g":"uk"},"geometry":{"type":"Point","coordinates":[-2.21367,53.34645]}},{"type":"Feature","properties":{"n":"Chelford","g":"uk"},"geometry":{"type":"Point","coordinates":[-2.28044,53.27042]}},{"type":"Feature","properties":{"n":"Holmes Chapel","g":"uk"},"geometry":{"type":"Point","coordinates":[-2.3511,53.19928]}},{"type":"Feature","properties":{"n":"Sandbach","g":"uk"},"geometry":{"type":"Point","coordinates":[-2.39371,53.15024]}},{"type":"Feature","properties":{"n":"Drayton Park","g":"uk"},"geometry":{"type":"Point","coordinates":[-0.10577,51.55311]}},{"type":"Feature","properties":{"n":"Main Terminal Building (Arrivals)","g":"uk","m":1},"geometry":{"type":"Point","coordinates":[0.26155,51.8912]}},{"type":"Feature","properties":{"n":"Willesden Green","g":"uk","m":1},"geometry":{"type":"Point","coordinates":[-0.22222,51.54935]}},{"type":"Feature","properties":{"n":"Kilburn","g":"uk","m":1},"geometry":{"type":"Point","coordinates":[-0.20534,51.54699]}},{"type":"Feature","properties":{"n":"West Acton","g":"uk","m":1},"geometry":{"type":"Point","coordinates":[-0.28041,51.51835]}},{"type":"Feature","properties":{"n":"Richmond","g":"uk","m":1},"geometry":{"type":"Point","coordinates":[-0.30041,51.46321]}},{"type":"Feature","properties":{"n":"Gunnersbury","g":"uk","m":1},"geometry":{"type":"Point","coordinates":[-0.27552,51.49138]}},{"type":"Feature","properties":{"n":"Stonebridge Park","g":"uk","m":1},"geometry":{"type":"Point","coordinates":[-0.27623,51.54411]}},{"type":"Feature","properties":{"n":"Willesden Junction","g":"uk","m":1},"geometry":{"type":"Point","coordinates":[-0.2435,51.5322]}},{"type":"Feature","properties":{"n":"Davenport","g":"uk"},"geometry":{"type":"Point","coordinates":[-2.15216,53.39073]}},{"type":"Feature","properties":{"n":"Woodsmoor","g":"uk"},"geometry":{"type":"Point","coordinates":[-2.14124,53.38614]}},{"type":"Feature","properties":{"n":"Hazel Grove","g":"uk"},"geometry":{"type":"Point","coordinates":[-2.12215,53.37747]}},{"type":"Feature","properties":{"n":"Disley","g":"uk"},"geometry":{"type":"Point","coordinates":[-2.04262,53.35824]}},{"type":"Feature","properties":{"n":"New Mills Newtown","g":"uk"},"geometry":{"type":"Point","coordinates":[-2.0082,53.35946]}},{"type":"Feature","properties":{"n":"Furness Vale","g":"uk"},"geometry":{"type":"Point","coordinates":[-1.98887,53.34881]}},{"type":"Feature","properties":{"n":"Chapel-en-le-Frith","g":"uk"},"geometry":{"type":"Point","coordinates":[-1.91837,53.31206]}},{"type":"Feature","properties":{"n":"Dove Holes","g":"uk"},"geometry":{"type":"Point","coordinates":[-1.88971,53.30014]}},{"type":"Feature","properties":{"n":"Dane Road","g":"uk","m":1},"geometry":{"type":"Point","coordinates":[-2.31168,53.43001]}},{"type":"Feature","properties":{"n":"Dollis Hill","g":"uk","m":1},"geometry":{"type":"Point","coordinates":[-0.239,51.55193]}},{"type":"Feature","properties":{"n":"Westbourne Park","g":"uk","m":1},"geometry":{"type":"Point","coordinates":[-0.20141,51.52093]}},{"type":"Feature","properties":{"n":"South Acton","g":"uk"},"geometry":{"type":"Point","coordinates":[-0.2699,51.49972]}},{"type":"Feature","properties":{"n":"Kew Gardens","g":"uk","m":1},"geometry":{"type":"Point","coordinates":[-0.28496,51.47713]}},{"type":"Feature","properties":{"n":"Leyland","g":"uk"},"geometry":{"type":"Point","coordinates":[-2.68655,53.69856]}},{"type":"Feature","properties":{"n":"Haymarket","g":"uk"},"geometry":{"type":"Point","coordinates":[-3.21937,55.94518]}},{"type":"Feature","properties":{"n":"Penrith (North Lakes)","g":"uk"},"geometry":{"type":"Point","coordinates":[-2.7588,54.662]}},{"type":"Feature","properties":{"n":"Lockerbie","g":"uk"},"geometry":{"type":"Point","coordinates":[-3.35379,55.12241]}},{"type":"Feature","properties":{"n":"Barking","g":"uk","m":1},"geometry":{"type":"Point","coordinates":[0.07932,51.54027]}},{"type":"Feature","properties":{"n":"Ladbroke Grove","g":"uk","m":1},"geometry":{"type":"Point","coordinates":[-0.2111,51.51726]}},{"type":"Feature","properties":{"n":"Upney","g":"uk","m":1},"geometry":{"type":"Point","coordinates":[0.09963,51.53827]}},{"type":"Feature","properties":{"n":"Cessnock","g":"uk","m":1},"geometry":{"type":"Point","coordinates":[-4.29496,55.85237]}},{"type":"Feature","properties":{"n":"Queen's Park","g":"uk","m":1},"geometry":{"type":"Point","coordinates":[-0.2055,51.53387]}},{"type":"Feature","properties":{"n":"Tottenham Hale","g":"uk","m":1},"geometry":{"type":"Point","coordinates":[-0.05994,51.58812]}},{"type":"Feature","properties":{"n":"Holland Park","g":"uk","m":1},"geometry":{"type":"Point","coordinates":[-0.20546,51.50719]}},{"type":"Feature","properties":{"n":"Euston Square","g":"uk","m":1},"geometry":{"type":"Point","coordinates":[-0.13557,51.52569]}},{"type":"Feature","properties":{"n":"Camden Road","g":"uk"},"geometry":{"type":"Point","coordinates":[-0.13953,51.54195]}},{"type":"Feature","properties":{"n":"Meridian Water","g":"uk"},"geometry":{"type":"Point","coordinates":[-0.05009,51.61]}},{"type":"Feature","properties":{"n":"South Bermondsey","g":"uk"},"geometry":{"type":"Point","coordinates":[-0.05446,51.48795]}},{"type":"Feature","properties":{"n":"Oxford","g":"uk"},"geometry":{"type":"Point","coordinates":[-1.26995,51.75345]}},{"type":"Feature","properties":{"n":"Wanstead","g":"uk","m":1},"geometry":{"type":"Point","coordinates":[0.02864,51.57565]}},{"type":"Feature","properties":{"n":"Queensway","g":"uk","m":1},"geometry":{"type":"Point","coordinates":[-0.18723,51.51047]}},{"type":"Feature","properties":{"n":"Cutty Sark for Maritime Greenwich","g":"uk","m":1},"geometry":{"type":"Point","coordinates":[-0.01075,51.48173]}},{"type":"Feature","properties":{"n":"Witham","g":"uk"},"geometry":{"type":"Point","coordinates":[0.63943,51.80592]}},{"type":"Feature","properties":{"n":"Shoeburyness","g":"uk"},"geometry":{"type":"Point","coordinates":[0.79457,51.53145]}},{"type":"Feature","properties":{"n":"Maryland","g":"uk"},"geometry":{"type":"Point","coordinates":[0.00638,51.54612]}},{"type":"Feature","properties":{"n":"Crossacres","g":"uk","m":1},"geometry":{"type":"Point","coordinates":[-2.25629,53.38334]}},{"type":"Feature","properties":{"n":"West Hampstead","g":"uk"},"geometry":{"type":"Point","coordinates":[-0.19201,51.5473]}},{"type":"Feature","properties":{"n":"Tower Gateway","g":"uk","m":1},"geometry":{"type":"Point","coordinates":[-0.07395,51.51063]}},{"type":"Feature","properties":{"n":"Lewisham","g":"uk"},"geometry":{"type":"Point","coordinates":[-0.01396,51.46564]}},{"type":"Feature","properties":{"n":"Robinswood Road","g":"uk","m":1},"geometry":{"type":"Point","coordinates":[-2.25988,53.37672]}},{"type":"Feature","properties":{"n":"Shadowmoss","g":"uk","m":1},"geometry":{"type":"Point","coordinates":[-2.25243,53.36796]}},{"type":"Feature","properties":{"n":"West Hampstead Thameslink","g":"uk"},"geometry":{"type":"Point","coordinates":[-0.19232,51.54842]}},{"type":"Feature","properties":{"n":"Wythenshawe Town Centre","g":"uk","m":1},"geometry":{"type":"Point","coordinates":[-2.26376,53.38007]}},{"type":"Feature","properties":{"n":"Baguley","g":"uk","m":1},"geometry":{"type":"Point","coordinates":[-2.2927,53.39687]}},{"type":"Feature","properties":{"n":"Selhurst","g":"uk"},"geometry":{"type":"Point","coordinates":[-0.08865,51.39221]}},{"type":"Feature","properties":{"n":"Heathrow Terminal 5","g":"uk"},"geometry":{"type":"Point","coordinates":[-0.48773,51.47222]}},{"type":"Feature","properties":{"n":"Wood Street","g":"uk"},"geometry":{"type":"Point","coordinates":[-0.00168,51.58704]}},{"type":"Feature","properties":{"n":"Headstone Lane","g":"uk"},"geometry":{"type":"Point","coordinates":[-0.35695,51.60255]}},{"type":"Feature","properties":{"n":"Hatch End","g":"uk"},"geometry":{"type":"Point","coordinates":[-0.36878,51.60958]}},{"type":"Feature","properties":{"n":"Hollinsend","g":"uk","m":1},"geometry":{"type":"Point","coordinates":[-1.4245,53.35204]}},{"type":"Feature","properties":{"n":"Daisy Hill","g":"uk"},"geometry":{"type":"Point","coordinates":[-2.51518,53.53936]}},{"type":"Feature","properties":{"n":"Moorside","g":"uk"},"geometry":{"type":"Point","coordinates":[-2.35275,53.51636]}},{"type":"Feature","properties":{"n":"Walkden","g":"uk"},"geometry":{"type":"Point","coordinates":[-2.39575,53.51979]}},{"type":"Feature","properties":{"n":"Atherton","g":"uk"},"geometry":{"type":"Point","coordinates":[-2.47783,53.52908]}},{"type":"Feature","properties":{"n":"Brockley","g":"uk"},"geometry":{"type":"Point","coordinates":[-0.03761,51.46423]}},{"type":"Feature","properties":{"n":"Manor Park","g":"uk"},"geometry":{"type":"Point","coordinates":[0.04504,51.5522]}},{"type":"Feature","properties":{"n":"Forest Gate","g":"uk"},"geometry":{"type":"Point","coordinates":[0.02328,51.54925]}},{"type":"Feature","properties":{"n":"Didcot Parkway","g":"uk"},"geometry":{"type":"Point","coordinates":[-1.24252,51.61122]}},{"type":"Feature","properties":{"n":"Reading","g":"uk"},"geometry":{"type":"Point","coordinates":[-0.97232,51.45922]}},{"type":"Feature","properties":{"n":"Newport","g":"uk"},"geometry":{"type":"Point","coordinates":[-3.00042,51.58877]}},{"type":"Feature","properties":{"n":"Cardiff Central","g":"uk"},"geometry":{"type":"Point","coordinates":[-3.17971,51.47555]}},{"type":"Feature","properties":{"n":"Bristol Parkway","g":"uk"},"geometry":{"type":"Point","coordinates":[-2.54298,51.51388]}},{"type":"Feature","properties":{"n":"Bath Spa","g":"uk"},"geometry":{"type":"Point","coordinates":[-2.35672,51.3776]}},{"type":"Feature","properties":{"n":"Theale","g":"uk"},"geometry":{"type":"Point","coordinates":[-1.07436,51.43336]}},{"type":"Feature","properties":{"n":"Hungerford","g":"uk"},"geometry":{"type":"Point","coordinates":[-1.51143,51.41471]}},{"type":"Feature","properties":{"n":"Bedwyn","g":"uk"},"geometry":{"type":"Point","coordinates":[-1.59886,51.37955]}},{"type":"Feature","properties":{"n":"St Erth","g":"uk"},"geometry":{"type":"Point","coordinates":[-5.44392,50.17057]}},{"type":"Feature","properties":{"n":"Camborne","g":"uk"},"geometry":{"type":"Point","coordinates":[-5.29772,50.21024]}},{"type":"Feature","properties":{"n":"Redruth","g":"uk"},"geometry":{"type":"Point","coordinates":[-5.2259,50.23313]}},{"type":"Feature","properties":{"n":"St Austell","g":"uk"},"geometry":{"type":"Point","coordinates":[-4.78933,50.3396]}},{"type":"Feature","properties":{"n":"Par","g":"uk"},"geometry":{"type":"Point","coordinates":[-4.70461,50.35572]}},{"type":"Feature","properties":{"n":"Lostwithiel","g":"uk"},"geometry":{"type":"Point","coordinates":[-4.66606,50.40713]}},{"type":"Feature","properties":{"n":"Bodmin Parkway","g":"uk"},"geometry":{"type":"Point","coordinates":[-4.66276,50.44601]}},{"type":"Feature","properties":{"n":"Liskeard","g":"uk"},"geometry":{"type":"Point","coordinates":[-4.46953,50.44682]}},{"type":"Feature","properties":{"n":"Totnes","g":"uk"},"geometry":{"type":"Point","coordinates":[-3.68875,50.43591]}},{"type":"Feature","properties":{"n":"Newton Abbot","g":"uk"},"geometry":{"type":"Point","coordinates":[-3.59923,50.53015]}},{"type":"Feature","properties":{"n":"Tiverton Parkway","g":"uk"},"geometry":{"type":"Point","coordinates":[-3.35974,50.91708]}},{"type":"Feature","properties":{"n":"Frome","g":"uk"},"geometry":{"type":"Point","coordinates":[-2.31003,51.22723]}},{"type":"Feature","properties":{"n":"Pewsey","g":"uk"},"geometry":{"type":"Point","coordinates":[-1.77069,51.34223]}},{"type":"Feature","properties":{"n":"Westbury","g":"uk"},"geometry":{"type":"Point","coordinates":[-2.19973,51.26633]}},{"type":"Feature","properties":{"n":"Reading West","g":"uk"},"geometry":{"type":"Point","coordinates":[-0.99072,51.45465]}},{"type":"Feature","properties":{"n":"Thatcham","g":"uk"},"geometry":{"type":"Point","coordinates":[-1.24274,51.39386]}},{"type":"Feature","properties":{"n":"Kintbury","g":"uk"},"geometry":{"type":"Point","coordinates":[-1.44571,51.40261]}},{"type":"Feature","properties":{"n":"Colwall","g":"uk"},"geometry":{"type":"Point","coordinates":[-2.3568,52.07984]}},{"type":"Feature","properties":{"n":"Ledbury","g":"uk"},"geometry":{"type":"Point","coordinates":[-2.42561,52.04525]}},{"type":"Feature","properties":{"n":"Pershore","g":"uk"},"geometry":{"type":"Point","coordinates":[-2.0724,52.13074]}},{"type":"Feature","properties":{"n":"Charlbury","g":"uk"},"geometry":{"type":"Point","coordinates":[-1.48977,51.87233]}},{"type":"Feature","properties":{"n":"Great Malvern","g":"uk"},"geometry":{"type":"Point","coordinates":[-2.31813,52.1093]}},{"type":"Feature","properties":{"n":"Worcester Shrub Hill","g":"uk"},"geometry":{"type":"Point","coordinates":[-2.20933,52.19503]}},{"type":"Feature","properties":{"n":"Moreton-in-Marsh","g":"uk"},"geometry":{"type":"Point","coordinates":[-1.70027,51.99218]}},{"type":"Feature","properties":{"n":"Evesham","g":"uk"},"geometry":{"type":"Point","coordinates":[-1.94729,52.0985]}},{"type":"Feature","properties":{"n":"Honeybourne","g":"uk"},"geometry":{"type":"Point","coordinates":[-1.83368,52.10164]}},{"type":"Feature","properties":{"n":"Kingham","g":"uk"},"geometry":{"type":"Point","coordinates":[-1.62853,51.90241]}},{"type":"Feature","properties":{"n":"Hanborough","g":"uk"},"geometry":{"type":"Point","coordinates":[-1.37263,51.82471]}},{"type":"Feature","properties":{"n":"Epsom","g":"uk"},"geometry":{"type":"Point","coordinates":[-0.26955,51.33435]}},{"type":"Feature","properties":{"n":"Banbury","g":"uk"},"geometry":{"type":"Point","coordinates":[-1.32776,52.06057]}},{"type":"Feature","properties":{"n":"Leamington Spa","g":"uk"},"geometry":{"type":"Point","coordinates":[-1.5358,52.28461]}},{"type":"Feature","properties":{"n":"Winchester","g":"uk"},"geometry":{"type":"Point","coordinates":[-1.32001,51.06725]}},{"type":"Feature","properties":{"n":"Southampton Airport Parkway","g":"uk"},"geometry":{"type":"Point","coordinates":[-1.36295,50.9507]}},{"type":"Feature","properties":{"n":"Bournemouth","g":"uk"},"geometry":{"type":"Point","coordinates":[-1.86419,50.72721]}},{"type":"Feature","properties":{"n":"Wolverhampton","g":"uk"},"geometry":{"type":"Point","coordinates":[-2.12024,52.58799]}},{"type":"Feature","properties":{"n":"Coleshill Parkway","g":"uk"},"geometry":{"type":"Point","coordinates":[-1.70777,52.51652]}},{"type":"Feature","properties":{"n":"Oakham","g":"uk"},"geometry":{"type":"Point","coordinates":[-0.73434,52.67229]}},{"type":"Feature","properties":{"n":"Willington","g":"uk"},"geometry":{"type":"Point","coordinates":[-1.5641,52.85338]}},{"type":"Feature","properties":{"n":"University","g":"uk"},"geometry":{"type":"Point","coordinates":[-1.93623,52.45159]}},{"type":"Feature","properties":{"n":"Gloucester","g":"uk"},"geometry":{"type":"Point","coordinates":[-2.23829,51.8655]}},{"type":"Feature","properties":{"n":"Burton-on-Trent","g":"uk"},"geometry":{"type":"Point","coordinates":[-1.6425,52.80587]}},{"type":"Feature","properties":{"n":"Heathrow Terminals 2 & 3","g":"uk"},"geometry":{"type":"Point","coordinates":[-0.45431,51.47193]}},{"type":"Feature","properties":{"n":"Tattenham Corner","g":"uk"},"geometry":{"type":"Point","coordinates":[-0.24219,51.30862]}},{"type":"Feature","properties":{"n":"Ewell West","g":"uk"},"geometry":{"type":"Point","coordinates":[-0.25713,51.35011]}},{"type":"Feature","properties":{"n":"Middlesbrough","g":"uk"},"geometry":{"type":"Point","coordinates":[-1.23451,54.57915]}},{"type":"Feature","properties":{"n":"Hartlepool","g":"uk"},"geometry":{"type":"Point","coordinates":[-1.20783,54.68683]}},{"type":"Feature","properties":{"n":"Manchester Airport","g":"uk"},"geometry":{"type":"Point","coordinates":[-2.27204,53.36518]}},{"type":"Feature","properties":{"n":"Carpenders Park","g":"uk"},"geometry":{"type":"Point","coordinates":[-0.38551,51.62791]}},{"type":"Feature","properties":{"n":"Leighton Buzzard","g":"uk"},"geometry":{"type":"Point","coordinates":[-0.67734,51.9162]}},{"type":"Feature","properties":{"n":"Northfield","g":"uk"},"geometry":{"type":"Point","coordinates":[-1.96512,52.4083]}},{"type":"Feature","properties":{"n":"Coventry","g":"uk"},"geometry":{"type":"Point","coordinates":[-1.51355,52.40074]}},{"type":"Feature","properties":{"n":"Chandler's Ford","g":"uk"},"geometry":{"type":"Point","coordinates":[-1.38489,50.98345]}},{"type":"Feature","properties":{"n":"Ebbsfleet International","g":"uk"},"geometry":{"type":"Point","coordinates":[0.32137,51.44353]}},{"type":"Feature","properties":{"n":"Preston","g":"uk"},"geometry":{"type":"Point","coordinates":[-2.70716,53.75529]}},{"type":"Feature","properties":{"n":"Gillingham","g":"uk"},"geometry":{"type":"Point","coordinates":[0.55145,51.38685]}},{"type":"Feature","properties":{"n":"Hartford","g":"uk"},"geometry":{"type":"Point","coordinates":[-2.55352,53.24157]}},{"type":"Feature","properties":{"n":"Shortlands","g":"uk"},"geometry":{"type":"Point","coordinates":[0.00217,51.40591]}},{"type":"Feature","properties":{"n":"Vale of Rheidol","g":"uk"},"geometry":{"type":"Point","coordinates":[-4.07874,52.41146]}},{"type":"Feature","properties":{"n":"Beltring","g":"uk"},"geometry":{"type":"Point","coordinates":[0.40334,51.20449]}},{"type":"Feature","properties":{"n":"Yalding","g":"uk"},"geometry":{"type":"Point","coordinates":[0.41216,51.22667]}},{"type":"Feature","properties":{"n":"Wateringbury","g":"uk"},"geometry":{"type":"Point","coordinates":[0.4223,51.24966]}},{"type":"Feature","properties":{"n":"East Farleigh","g":"uk"},"geometry":{"type":"Point","coordinates":[0.48448,51.25525]}},{"type":"Feature","properties":{"n":"Maidstone West","g":"uk"},"geometry":{"type":"Point","coordinates":[0.51576,51.27031]}},{"type":"Feature","properties":{"n":"Maidstone Barracks","g":"uk"},"geometry":{"type":"Point","coordinates":[0.51417,51.27704]}},{"type":"Feature","properties":{"n":"Aylesford","g":"uk"},"geometry":{"type":"Point","coordinates":[0.46577,51.30153]}},{"type":"Feature","properties":{"n":"New Hythe","g":"uk"},"geometry":{"type":"Point","coordinates":[0.45514,51.31284]}},{"type":"Feature","properties":{"n":"Snodland","g":"uk"},"geometry":{"type":"Point","coordinates":[0.44844,51.33022]}},{"type":"Feature","properties":{"n":"Halling","g":"uk"},"geometry":{"type":"Point","coordinates":[0.44512,51.35237]}},{"type":"Feature","properties":{"n":"Cuxton","g":"uk"},"geometry":{"type":"Point","coordinates":[0.46198,51.37391]}},{"type":"Feature","properties":{"n":"Strood","g":"uk"},"geometry":{"type":"Point","coordinates":[0.50027,51.3966]}},{"type":"Feature","properties":{"n":"Dover Priory","g":"uk"},"geometry":{"type":"Point","coordinates":[1.30487,51.12594]}},{"type":"Feature","properties":{"n":"Sturry","g":"uk"},"geometry":{"type":"Point","coordinates":[1.12226,51.30099]}},{"type":"Feature","properties":{"n":"Chartham","g":"uk"},"geometry":{"type":"Point","coordinates":[1.01791,51.25717]}},{"type":"Feature","properties":{"n":"Chilham","g":"uk"},"geometry":{"type":"Point","coordinates":[0.97606,51.24442]}},{"type":"Feature","properties":{"n":"Westenhanger","g":"uk"},"geometry":{"type":"Point","coordinates":[1.0382,51.09492]}},{"type":"Feature","properties":{"n":"Sandling","g":"uk"},"geometry":{"type":"Point","coordinates":[1.066,51.0905]}},{"type":"Feature","properties":{"n":"Folkestone Central","g":"uk"},"geometry":{"type":"Point","coordinates":[1.16839,51.08281]}},{"type":"Feature","properties":{"n":"Folkestone West","g":"uk"},"geometry":{"type":"Point","coordinates":[1.15378,51.08472]}},{"type":"Feature","properties":{"n":"Paddock Wood","g":"uk"},"geometry":{"type":"Point","coordinates":[0.38949,51.18236]}},{"type":"Feature","properties":{"n":"Pluckley","g":"uk"},"geometry":{"type":"Point","coordinates":[0.74658,51.15648]}},{"type":"Feature","properties":{"n":"Headcorn","g":"uk"},"geometry":{"type":"Point","coordinates":[0.62737,51.16563]}},{"type":"Feature","properties":{"n":"Staplehurst","g":"uk"},"geometry":{"type":"Point","coordinates":[0.5505,51.17153]}},{"type":"Feature","properties":{"n":"Marden","g":"uk"},"geometry":{"type":"Point","coordinates":[0.49299,51.17544]}},{"type":"Feature","properties":{"n":"Tonbridge","g":"uk"},"geometry":{"type":"Point","coordinates":[0.27,51.19151]}},{"type":"Feature","properties":{"n":"Swanley","g":"uk"},"geometry":{"type":"Point","coordinates":[0.16787,51.3931]}},{"type":"Feature","properties":{"n":"Adisham","g":"uk"},"geometry":{"type":"Point","coordinates":[1.19873,51.24134]}},{"type":"Feature","properties":{"n":"Bekesbourne","g":"uk"},"geometry":{"type":"Point","coordinates":[1.13723,51.2614]}},{"type":"Feature","properties":{"n":"Canterbury East","g":"uk"},"geometry":{"type":"Point","coordinates":[1.07582,51.27419]}},{"type":"Feature","properties":{"n":"Sole Street","g":"uk"},"geometry":{"type":"Point","coordinates":[0.37817,51.38325]}},{"type":"Feature","properties":{"n":"Meopham","g":"uk"},"geometry":{"type":"Point","coordinates":[0.35662,51.38645]}},{"type":"Feature","properties":{"n":"Longfield","g":"uk"},"geometry":{"type":"Point","coordinates":[0.3001,51.39621]}},{"type":"Feature","properties":{"n":"West Dulwich","g":"uk"},"geometry":{"type":"Point","coordinates":[-0.09089,51.44028]}},{"type":"Feature","properties":{"n":"Sydenham Hill","g":"uk"},"geometry":{"type":"Point","coordinates":[-0.08015,51.43261]}},{"type":"Feature","properties":{"n":"Penge East","g":"uk"},"geometry":{"type":"Point","coordinates":[-0.05414,51.41932]}},{"type":"Feature","properties":{"n":"Kent House","g":"uk"},"geometry":{"type":"Point","coordinates":[-0.04521,51.41227]}},{"type":"Feature","properties":{"n":"Beckenham Junction","g":"uk"},"geometry":{"type":"Point","coordinates":[-0.02599,51.41106]}},{"type":"Feature","properties":{"n":"Bickley","g":"uk"},"geometry":{"type":"Point","coordinates":[0.04434,51.40006]}},{"type":"Feature","properties":{"n":"Bromley South","g":"uk"},"geometry":{"type":"Point","coordinates":[0.01828,51.40004]}},{"type":"Feature","properties":{"n":"Selling","g":"uk"},"geometry":{"type":"Point","coordinates":[0.94115,51.27728]}},{"type":"Feature","properties":{"n":"Teynham","g":"uk"},"geometry":{"type":"Point","coordinates":[0.80705,51.3336]}},{"type":"Feature","properties":{"n":"Newington","g":"uk"},"geometry":{"type":"Point","coordinates":[0.66679,51.35357]}},{"type":"Feature","properties":{"n":"Rainham","g":"uk"},"geometry":{"type":"Point","coordinates":[0.61104,51.36667]}},{"type":"Feature","properties":{"n":"Chatham","g":"uk"},"geometry":{"type":"Point","coordinates":[0.52121,51.38031]}},{"type":"Feature","properties":{"n":"Rochester","g":"uk"},"geometry":{"type":"Point","coordinates":[0.50729,51.38921]}},{"type":"Feature","properties":{"n":"Martin Mill","g":"uk"},"geometry":{"type":"Point","coordinates":[1.34799,51.17064]}},{"type":"Feature","properties":{"n":"Deal","g":"uk"},"geometry":{"type":"Point","coordinates":[1.39865,51.22311]}},{"type":"Feature","properties":{"n":"Sandwich","g":"uk"},"geometry":{"type":"Point","coordinates":[1.34223,51.26997]}},{"type":"Feature","properties":{"n":"Gravesend","g":"uk"},"geometry":{"type":"Point","coordinates":[0.36683,51.44136]}},{"type":"Feature","properties":{"n":"Bearsted","g":"uk"},"geometry":{"type":"Point","coordinates":[0.57767,51.27592]}},{"type":"Feature","properties":{"n":"Hollingbourne","g":"uk"},"geometry":{"type":"Point","coordinates":[0.62782,51.26538]}},{"type":"Feature","properties":{"n":"Harrietsham","g":"uk"},"geometry":{"type":"Point","coordinates":[0.67266,51.24494]}},{"type":"Feature","properties":{"n":"Lenham","g":"uk"},"geometry":{"type":"Point","coordinates":[0.70724,51.23446]}},{"type":"Feature","properties":{"n":"Charing","g":"uk"},"geometry":{"type":"Point","coordinates":[0.78987,51.2082]}},{"type":"Feature","properties":{"n":"Shoreham","g":"uk"},"geometry":{"type":"Point","coordinates":[0.18878,51.33212]}},{"type":"Feature","properties":{"n":"Kemsing","g":"uk"},"geometry":{"type":"Point","coordinates":[0.24742,51.29725]}},{"type":"Feature","properties":{"n":"Borough Green & Wrotham","g":"uk"},"geometry":{"type":"Point","coordinates":[0.30619,51.29314]}},{"type":"Feature","properties":{"n":"East Malling","g":"uk"},"geometry":{"type":"Point","coordinates":[0.44036,51.28567]}},{"type":"Feature","properties":{"n":"Barming","g":"uk"},"geometry":{"type":"Point","coordinates":[0.47929,51.28485]}},{"type":"Feature","properties":{"n":"Maidstone East","g":"uk"},"geometry":{"type":"Point","coordinates":[0.5199,51.27763]}},{"type":"Feature","properties":{"n":"Farningham Road","g":"uk"},"geometry":{"type":"Point","coordinates":[0.23534,51.40168]}},{"type":"Feature","properties":{"n":"Nunhead","g":"uk"},"geometry":{"type":"Point","coordinates":[-0.05238,51.46683]}},{"type":"Feature","properties":{"n":"Crofton Park","g":"uk"},"geometry":{"type":"Point","coordinates":[-0.03663,51.45521]}},{"type":"Feature","properties":{"n":"Bellingham","g":"uk"},"geometry":{"type":"Point","coordinates":[-0.01952,51.43283]}},{"type":"Feature","properties":{"n":"Beckenham Hill","g":"uk"},"geometry":{"type":"Point","coordinates":[-0.01591,51.42452]}},{"type":"Feature","properties":{"n":"Hereford","g":"uk"},"geometry":{"type":"Point","coordinates":[-2.70812,52.0612]}},{"type":"Feature","properties":{"n":"Ravensbourne","g":"uk"},"geometry":{"type":"Point","coordinates":[-0.00763,51.41431]}},{"type":"Feature","properties":{"n":"Loughborough Junction","g":"uk"},"geometry":{"type":"Point","coordinates":[-0.10216,51.46626]}},{"type":"Feature","properties":{"n":"Kirkby Stephen","g":"uk"},"geometry":{"type":"Point","coordinates":[-2.3687,54.45491]}},{"type":"Feature","properties":{"n":"Mansion House Station","g":"uk"},"geometry":{"type":"Point","coordinates":[-4.43813,50.63814]}},{"type":"Feature","properties":{"n":"Trebah Halt","g":"uk"},"geometry":{"type":"Point","coordinates":[-5.0407,50.36159]}},{"type":"Feature","properties":{"n":"Birmingham International","g":"uk"},"geometry":{"type":"Point","coordinates":[-1.72532,52.45078]}},{"type":"Feature","properties":{"n":"Brandon","g":"uk"},"geometry":{"type":"Point","coordinates":[0.62444,52.45388]}},{"type":"Feature","properties":{"n":"Thetford","g":"uk"},"geometry":{"type":"Point","coordinates":[0.74528,52.41916]}},{"type":"Feature","properties":{"n":"Eccles Road","g":"uk"},"geometry":{"type":"Point","coordinates":[0.96999,52.4713]}},{"type":"Feature","properties":{"n":"Attleborough","g":"uk"},"geometry":{"type":"Point","coordinates":[1.02221,52.51443]}},{"type":"Feature","properties":{"n":"Wymondham","g":"uk"},"geometry":{"type":"Point","coordinates":[1.11814,52.56535]}},{"type":"Feature","properties":{"n":"Upper Holloway","g":"uk"},"geometry":{"type":"Point","coordinates":[-0.12965,51.56347]}},{"type":"Feature","properties":{"n":"Crouch Hill","g":"uk"},"geometry":{"type":"Point","coordinates":[-0.11687,51.57143]}},{"type":"Feature","properties":{"n":"Laindon","g":"uk"},"geometry":{"type":"Point","coordinates":[0.42372,51.5676]}},{"type":"Feature","properties":{"n":"Benfleet","g":"uk"},"geometry":{"type":"Point","coordinates":[0.56162,51.5441]}},{"type":"Feature","properties":{"n":"Southend East","g":"uk"},"geometry":{"type":"Point","coordinates":[0.73149,51.53891]}},{"type":"Feature","properties":{"n":"Thorpe Bay","g":"uk"},"geometry":{"type":"Point","coordinates":[0.76194,51.53766]}},{"type":"Feature","properties":{"n":"Southend Central","g":"uk"},"geometry":{"type":"Point","coordinates":[0.71165,51.53736]}},{"type":"Feature","properties":{"n":"Chalkwell","g":"uk"},"geometry":{"type":"Point","coordinates":[0.66984,51.53861]}},{"type":"Feature","properties":{"n":"Leigh-on-Sea","g":"uk"},"geometry":{"type":"Point","coordinates":[0.63946,51.54121]}},{"type":"Feature","properties":{"n":"Pitsea","g":"uk"},"geometry":{"type":"Point","coordinates":[0.50798,51.56024]}},{"type":"Feature","properties":{"n":"Grays","g":"uk"},"geometry":{"type":"Point","coordinates":[0.32189,51.47637]}},{"type":"Feature","properties":{"n":"Stanford-le-Hope","g":"uk"},"geometry":{"type":"Point","coordinates":[0.42291,51.51419]}},{"type":"Feature","properties":{"n":"East Tilbury","g":"uk"},"geometry":{"type":"Point","coordinates":[0.41273,51.48449]}},{"type":"Feature","properties":{"n":"Dagenham Dock","g":"uk"},"geometry":{"type":"Point","coordinates":[0.14543,51.52619]}},{"type":"Feature","properties":{"n":"Rainham","g":"uk"},"geometry":{"type":"Point","coordinates":[0.19062,51.51672]}},{"type":"Feature","properties":{"n":"Chafford Hundred Lakeside","g":"uk"},"geometry":{"type":"Point","coordinates":[0.28747,51.4856]}},{"type":"Feature","properties":{"n":"Ockendon","g":"uk"},"geometry":{"type":"Point","coordinates":[0.29024,51.52145]}},{"type":"Feature","properties":{"n":"Enfield Chase","g":"uk"},"geometry":{"type":"Point","coordinates":[-0.09086,51.65264]}},{"type":"Feature","properties":{"n":"Pegswood","g":"uk"},"geometry":{"type":"Point","coordinates":[-1.64372,55.17832]}},{"type":"Feature","properties":{"n":"Dumpton Park","g":"uk"},"geometry":{"type":"Point","coordinates":[1.42528,51.34585]}},{"type":"Feature","properties":{"n":"Broadstairs","g":"uk"},"geometry":{"type":"Point","coordinates":[1.43341,51.36074]}},{"type":"Feature","properties":{"n":"Birchington-on-Sea","g":"uk"},"geometry":{"type":"Point","coordinates":[1.3009,51.3775]}},{"type":"Feature","properties":{"n":"Herne Bay","g":"uk"},"geometry":{"type":"Point","coordinates":[1.11831,51.36444]}},{"type":"Feature","properties":{"n":"Aylesham","g":"uk"},"geometry":{"type":"Point","coordinates":[1.20959,51.22742]}},{"type":"Feature","properties":{"n":"Snowdown","g":"uk"},"geometry":{"type":"Point","coordinates":[1.21374,51.21515]}},{"type":"Feature","properties":{"n":"Shepherdswell","g":"uk"},"geometry":{"type":"Point","coordinates":[1.22979,51.18804]}},{"type":"Feature","properties":{"n":"Kearsney","g":"uk"},"geometry":{"type":"Point","coordinates":[1.27191,51.14931]}},{"type":"Feature","properties":{"n":"Appledore","g":"uk"},"geometry":{"type":"Point","coordinates":[0.81658,51.03329]}},{"type":"Feature","properties":{"n":"Winchelsea","g":"uk"},"geometry":{"type":"Point","coordinates":[0.70252,50.93391]}},{"type":"Feature","properties":{"n":"Three Oaks","g":"uk"},"geometry":{"type":"Point","coordinates":[0.61322,50.90096]}},{"type":"Feature","properties":{"n":"Ore","g":"uk"},"geometry":{"type":"Point","coordinates":[0.59163,50.86686]}},{"type":"Feature","properties":{"n":"St Leonards Warrior Square","g":"uk"},"geometry":{"type":"Point","coordinates":[0.5606,50.85576]}},{"type":"Feature","properties":{"n":"Bexhill","g":"uk"},"geometry":{"type":"Point","coordinates":[0.47573,50.84094]}},{"type":"Feature","properties":{"n":"Collington","g":"uk"},"geometry":{"type":"Point","coordinates":[0.45718,50.83929]}},{"type":"Feature","properties":{"n":"Cooden Beach","g":"uk"},"geometry":{"type":"Point","coordinates":[0.4267,50.83337]}},{"type":"Feature","properties":{"n":"Normans Bay","g":"uk"},"geometry":{"type":"Point","coordinates":[0.38958,50.82605]}},{"type":"Feature","properties":{"n":"Pevensey Bay","g":"uk"},"geometry":{"type":"Point","coordinates":[0.3432,50.81767]}},{"type":"Feature","properties":{"n":"Pevensey and Westham","g":"uk"},"geometry":{"type":"Point","coordinates":[0.32538,50.81577]}},{"type":"Feature","properties":{"n":"Southease","g":"uk"},"geometry":{"type":"Point","coordinates":[0.03067,50.83111]}},{"type":"Feature","properties":{"n":"Bishopstone","g":"uk"},"geometry":{"type":"Point","coordinates":[0.08262,50.77999]}},{"type":"Feature","properties":{"n":"Newhaven Harbour","g":"uk"},"geometry":{"type":"Point","coordinates":[0.05516,50.7898]}},{"type":"Feature","properties":{"n":"Newhaven Town","g":"uk"},"geometry":{"type":"Point","coordinates":[0.05512,50.79492]}},{"type":"Feature","properties":{"n":"London Road (Brighton)","g":"uk"},"geometry":{"type":"Point","coordinates":[-0.13626,50.83681]}},{"type":"Feature","properties":{"n":"Moulsecoomb","g":"uk"},"geometry":{"type":"Point","coordinates":[-0.11907,50.84654]}},{"type":"Feature","properties":{"n":"Falmer","g":"uk"},"geometry":{"type":"Point","coordinates":[-0.08729,50.86194]}},{"type":"Feature","properties":{"n":"Glynde","g":"uk"},"geometry":{"type":"Point","coordinates":[0.07035,50.85912]}},{"type":"Feature","properties":{"n":"Berwick","g":"uk"},"geometry":{"type":"Point","coordinates":[0.16572,50.84049]}},{"type":"Feature","properties":{"n":"Polegate","g":"uk"},"geometry":{"type":"Point","coordinates":[0.24675,50.82113]}},{"type":"Feature","properties":{"n":"Eastbourne","g":"uk"},"geometry":{"type":"Point","coordinates":[0.2812,50.76944]}},{"type":"Feature","properties":{"n":"Hampden Park","g":"uk"},"geometry":{"type":"Point","coordinates":[0.27968,50.79593]}},{"type":"Feature","properties":{"n":"Plumpton","g":"uk"},"geometry":{"type":"Point","coordinates":[-0.05981,50.92846]}},{"type":"Feature","properties":{"n":"Cooksbridge","g":"uk"},"geometry":{"type":"Point","coordinates":[-0.00931,50.90371]}},{"type":"Feature","properties":{"n":"Wivelsfield","g":"uk"},"geometry":{"type":"Point","coordinates":[-0.12072,50.96436]}},{"type":"Feature","properties":{"n":"Haywards Heath","g":"uk"},"geometry":{"type":"Point","coordinates":[-0.1054,51.0049]}},{"type":"Feature","properties":{"n":"Glenfinnan","g":"uk"},"geometry":{"type":"Point","coordinates":[-5.44931,56.87244]}},{"type":"Feature","properties":{"n":"Crianlarich","g":"uk"},"geometry":{"type":"Point","coordinates":[-4.61844,56.39033]}},{"type":"Feature","properties":{"n":"Taynuilt","g":"uk"},"geometry":{"type":"Point","coordinates":[-5.23982,56.43085]}},{"type":"Feature","properties":{"n":"Oban","g":"uk"},"geometry":{"type":"Point","coordinates":[-5.47458,56.41221]}},{"type":"Feature","properties":{"n":"Upper Tyndrum","g":"uk"},"geometry":{"type":"Point","coordinates":[-4.70394,56.43481]}},{"type":"Feature","properties":{"n":"Corrour","g":"uk"},"geometry":{"type":"Point","coordinates":[-4.69077,56.76028]}},{"type":"Feature","properties":{"n":"Bridge of Orchy","g":"uk"},"geometry":{"type":"Point","coordinates":[-4.76432,56.51639]}},{"type":"Feature","properties":{"n":"Luton Airport Parkway","g":"uk"},"geometry":{"type":"Point","coordinates":[-0.39612,51.87284]}},{"type":"Feature","properties":{"n":"St Albans City","g":"uk"},"geometry":{"type":"Point","coordinates":[-0.32767,51.7505]}},{"type":"Feature","properties":{"n":"Welwyn North","g":"uk"},"geometry":{"type":"Point","coordinates":[-0.19213,51.82377]}},{"type":"Feature","properties":{"n":"Ardlui","g":"uk"},"geometry":{"type":"Point","coordinates":[-4.72161,56.30184]}},{"type":"Feature","properties":{"n":"Garelochhead","g":"uk"},"geometry":{"type":"Point","coordinates":[-4.82536,56.08023]}},{"type":"Feature","properties":{"n":"Arrochar and Tarbet","g":"uk"},"geometry":{"type":"Point","coordinates":[-4.72312,56.2033]}},{"type":"Feature","properties":{"n":"Gospel Oak","g":"uk"},"geometry":{"type":"Point","coordinates":[-0.15158,51.55549]}},{"type":"Feature","properties":{"n":"Woodgrange Park","g":"uk"},"geometry":{"type":"Point","coordinates":[0.04473,51.54917]}},{"type":"Feature","properties":{"n":"Regent's Park","g":"uk","m":1},"geometry":{"type":"Point","coordinates":[-0.14664,51.52363]}},{"type":"Feature","properties":{"n":"Maida Vale","g":"uk","m":1},"geometry":{"type":"Point","coordinates":[-0.18574,51.52987]}},{"type":"Feature","properties":{"n":"Rugeley Trent Valley","g":"uk"},"geometry":{"type":"Point","coordinates":[-1.92993,52.76968]}},{"type":"Feature","properties":{"n":"Nuneaton","g":"uk"},"geometry":{"type":"Point","coordinates":[-1.46418,52.52676]}},{"type":"Feature","properties":{"n":"Stratford International","g":"uk"},"geometry":{"type":"Point","coordinates":[-0.00875,51.5448]}},{"type":"Feature","properties":{"n":"Northallerton","g":"uk"},"geometry":{"type":"Point","coordinates":[-1.44138,54.33247]}},{"type":"Feature","properties":{"n":"Wood Green","g":"uk","m":1},"geometry":{"type":"Point","coordinates":[-0.10978,51.59742]}},{"type":"Feature","properties":{"n":"Manor House","g":"uk","m":1},"geometry":{"type":"Point","coordinates":[-0.0964,51.57032]}},{"type":"Feature","properties":{"n":"Birmingham New Street","g":"uk"},"geometry":{"type":"Point","coordinates":[-1.89869,52.47765]}},{"type":"Feature","properties":{"n":"Blair Atholl","g":"uk"},"geometry":{"type":"Point","coordinates":[-3.84971,56.76527]}},{"type":"Feature","properties":{"n":"Dunkeld and Birnam","g":"uk"},"geometry":{"type":"Point","coordinates":[-3.57751,56.55658]}},{"type":"Feature","properties":{"n":"Dalwhinnie","g":"uk"},"geometry":{"type":"Point","coordinates":[-4.24623,56.93515]}},{"type":"Feature","properties":{"n":"Pitlochry","g":"uk"},"geometry":{"type":"Point","coordinates":[-3.73564,56.70236]}},{"type":"Feature","properties":{"n":"Aviemore","g":"uk"},"geometry":{"type":"Point","coordinates":[-3.82888,57.18828]}},{"type":"Feature","properties":{"n":"Carshalton Beeches","g":"uk"},"geometry":{"type":"Point","coordinates":[-0.16935,51.3572]}},{"type":"Feature","properties":{"n":"Wallington","g":"uk"},"geometry":{"type":"Point","coordinates":[-0.15059,51.36023]}},{"type":"Feature","properties":{"n":"Purley Oaks","g":"uk"},"geometry":{"type":"Point","coordinates":[-0.09871,51.34703]}},{"type":"Feature","properties":{"n":"Leigh","g":"uk"},"geometry":{"type":"Point","coordinates":[0.21126,51.19399]}},{"type":"Feature","properties":{"n":"Edenbridge","g":"uk"},"geometry":{"type":"Point","coordinates":[0.05986,51.20837]}},{"type":"Feature","properties":{"n":"Godstone","g":"uk"},"geometry":{"type":"Point","coordinates":[-0.05144,51.21819]}},{"type":"Feature","properties":{"n":"Nutfield","g":"uk"},"geometry":{"type":"Point","coordinates":[-0.13226,51.22674]}},{"type":"Feature","properties":{"n":"Belmont","g":"uk"},"geometry":{"type":"Point","coordinates":[-0.19879,51.3439]}},{"type":"Feature","properties":{"n":"Streatham Common","g":"uk"},"geometry":{"type":"Point","coordinates":[-0.13593,51.41857]}},{"type":"Feature","properties":{"n":"Norbury","g":"uk"},"geometry":{"type":"Point","coordinates":[-0.1218,51.41137]}},{"type":"Feature","properties":{"n":"Thornton Heath","g":"uk"},"geometry":{"type":"Point","coordinates":[-0.10052,51.39894]}},{"type":"Feature","properties":{"n":"Freehold","g":"uk","m":1},"geometry":{"type":"Point","coordinates":[-2.13743,53.53797]}},{"type":"Feature","properties":{"n":"Lee","g":"uk"},"geometry":{"type":"Point","coordinates":[0.01437,51.44969]}},{"type":"Feature","properties":{"n":"Mottingham","g":"uk"},"geometry":{"type":"Point","coordinates":[0.04996,51.44025]}},{"type":"Feature","properties":{"n":"New Eltham","g":"uk"},"geometry":{"type":"Point","coordinates":[0.07095,51.43801]}},{"type":"Feature","properties":{"n":"Sidcup","g":"uk"},"geometry":{"type":"Point","coordinates":[0.10343,51.43402]}},{"type":"Feature","properties":{"n":"Crayford","g":"uk"},"geometry":{"type":"Point","coordinates":[0.17839,51.44818]}},{"type":"Feature","properties":{"n":"Albany Park","g":"uk"},"geometry":{"type":"Point","coordinates":[0.12597,51.43538]}},{"type":"Feature","properties":{"n":"Northfleet","g":"uk"},"geometry":{"type":"Point","coordinates":[0.32397,51.44595]}},{"type":"Feature","properties":{"n":"Swanscombe","g":"uk"},"geometry":{"type":"Point","coordinates":[0.31158,51.44898]}},{"type":"Feature","properties":{"n":"Greenhithe","g":"uk"},"geometry":{"type":"Point","coordinates":[0.27987,51.45048]}},{"type":"Feature","properties":{"n":"Stone Crossing","g":"uk"},"geometry":{"type":"Point","coordinates":[0.26344,51.45142]}},{"type":"Feature","properties":{"n":"Caernarfon","g":"uk"},"geometry":{"type":"Point","coordinates":[-4.27196,53.13753]}},{"type":"Feature","properties":{"n":"Borough","g":"uk","m":1},"geometry":{"type":"Point","coordinates":[-0.09329,51.50114]}},{"type":"Feature","properties":{"n":"Murton Park","g":"uk"},"geometry":{"type":"Point","coordinates":[-1.00972,53.96296]}},{"type":"Feature","properties":{"n":"Harpenden","g":"uk"},"geometry":{"type":"Point","coordinates":[-0.35156,51.81482]}},{"type":"Feature","properties":{"n":"Exchange Square","g":"uk","m":1},"geometry":{"type":"Point","coordinates":[-2.24276,53.48447]}},{"type":"Feature","properties":{"n":"Bethnal Green","g":"uk"},"geometry":{"type":"Point","coordinates":[-0.05959,51.52389]}},{"type":"Feature","properties":{"n":"Enfield Town","g":"uk"},"geometry":{"type":"Point","coordinates":[-0.07867,51.65172]}},{"type":"Feature","properties":{"n":"West Malling","g":"uk"},"geometry":{"type":"Point","coordinates":[0.41869,51.2921]}},{"type":"Feature","properties":{"n":"Finchley Road & Frognal","g":"uk"},"geometry":{"type":"Point","coordinates":[-0.18358,51.55011]}},{"type":"Feature","properties":{"n":"March","g":"uk"},"geometry":{"type":"Point","coordinates":[0.09132,52.56008]}},{"type":"Feature","properties":{"n":"Penzance","g":"uk"},"geometry":{"type":"Point","coordinates":[-5.53203,50.12244]}},{"type":"Feature","properties":{"n":"Swansea","g":"uk"},"geometry":{"type":"Point","coordinates":[-3.94037,51.62568]}},{"type":"Feature","properties":{"n":"Merthyr Tydfil","g":"uk"},"geometry":{"type":"Point","coordinates":[-3.37736,51.74448]}},{"type":"Feature","properties":{"n":"Barnstaple","g":"uk"},"geometry":{"type":"Point","coordinates":[-4.06302,51.07361]}},{"type":"Feature","properties":{"n":"Pontypridd","g":"uk"},"geometry":{"type":"Point","coordinates":[-3.34184,51.5993]}},{"type":"Feature","properties":{"n":"Gidea Park","g":"uk"},"geometry":{"type":"Point","coordinates":[0.20573,51.58179]}},{"type":"Feature","properties":{"n":"Emerson Park","g":"uk"},"geometry":{"type":"Point","coordinates":[0.22024,51.5686]}},{"type":"Feature","properties":{"n":"Purfleet","g":"uk"},"geometry":{"type":"Point","coordinates":[0.23699,51.48109]}},{"type":"Feature","properties":{"n":"Pudding Mill Lane","g":"uk","m":1},"geometry":{"type":"Point","coordinates":[-0.01354,51.53383]}},{"type":"Feature","properties":{"n":"Ffairfach","g":"uk"},"geometry":{"type":"Point","coordinates":[-3.99278,51.87301]}},{"type":"Feature","properties":{"n":"Llandybie","g":"uk"},"geometry":{"type":"Point","coordinates":[-4.00374,51.82093]}},{"type":"Feature","properties":{"n":"Llandeilo","g":"uk"},"geometry":{"type":"Point","coordinates":[-3.98684,51.88517]}},{"type":"Feature","properties":{"n":"Llanwrda","g":"uk"},"geometry":{"type":"Point","coordinates":[-3.87212,51.96265]}},{"type":"Feature","properties":{"n":"Ammanford","g":"uk"},"geometry":{"type":"Point","coordinates":[-3.99683,51.79555]}},{"type":"Feature","properties":{"n":"Pantyffynnon","g":"uk"},"geometry":{"type":"Point","coordinates":[-3.99754,51.77866]}},{"type":"Feature","properties":{"n":"Pontarddulais","g":"uk"},"geometry":{"type":"Point","coordinates":[-4.04544,51.71704]}},{"type":"Feature","properties":{"n":"Bynea","g":"uk"},"geometry":{"type":"Point","coordinates":[-4.09872,51.67228]}},{"type":"Feature","properties":{"n":"Llangammarch","g":"uk"},"geometry":{"type":"Point","coordinates":[-3.55512,52.11421]}},{"type":"Feature","properties":{"n":"Cilmeri","g":"uk"},"geometry":{"type":"Point","coordinates":[-3.45673,52.15042]}},{"type":"Feature","properties":{"n":"Llandrindod","g":"uk"},"geometry":{"type":"Point","coordinates":[-3.37944,52.24226]}},{"type":"Feature","properties":{"n":"Dolau","g":"uk"},"geometry":{"type":"Point","coordinates":[-3.26333,52.295]}},{"type":"Feature","properties":{"n":"Gowerton","g":"uk"},"geometry":{"type":"Point","coordinates":[-4.03567,51.64893]}},{"type":"Feature","properties":{"n":"Broome","g":"uk"},"geometry":{"type":"Point","coordinates":[-2.88448,52.42315]}},{"type":"Feature","properties":{"n":"Llangadog","g":"uk"},"geometry":{"type":"Point","coordinates":[-3.8932,51.94027]}},{"type":"Feature","properties":{"n":"Garth","g":"uk"},"geometry":{"type":"Point","coordinates":[-3.53019,52.13339]}},{"type":"Feature","properties":{"n":"Builth Road","g":"uk"},"geometry":{"type":"Point","coordinates":[-3.42714,52.16911]}},{"type":"Feature","properties":{"n":"Pen-y-bont","g":"uk"},"geometry":{"type":"Point","coordinates":[-3.32158,52.27434]}},{"type":"Feature","properties":{"n":"Llangynllo","g":"uk"},"geometry":{"type":"Point","coordinates":[-3.16154,52.35015]}},{"type":"Feature","properties":{"n":"Hopton Heath","g":"uk"},"geometry":{"type":"Point","coordinates":[-2.91203,52.39136]}},{"type":"Feature","properties":{"n":"Llandovery","g":"uk"},"geometry":{"type":"Point","coordinates":[-3.80292,51.99536]}},{"type":"Feature","properties":{"n":"Llanbister Road","g":"uk"},"geometry":{"type":"Point","coordinates":[-3.21319,52.33632]}},{"type":"Feature","properties":{"n":"Bucknell","g":"uk"},"geometry":{"type":"Point","coordinates":[-2.94769,52.35728]}},{"type":"Feature","properties":{"n":"Craven Arms","g":"uk"},"geometry":{"type":"Point","coordinates":[-2.83763,52.44242]}},{"type":"Feature","properties":{"n":"Sugar Loaf","g":"uk"},"geometry":{"type":"Point","coordinates":[-3.68578,52.08207]}},{"type":"Feature","properties":{"n":"Llangennech","g":"uk"},"geometry":{"type":"Point","coordinates":[-4.07874,51.69135]}},{"type":"Feature","properties":{"n":"Bethnal Green","g":"uk","m":1},"geometry":{"type":"Point","coordinates":[-0.05475,51.52724]}},{"type":"Feature","properties":{"n":"Town Hall","g":"uk","m":1},"geometry":{"type":"Point","coordinates":[-1.90338,52.4793]}},{"type":"Feature","properties":{"n":"Liverpool Lime Street","g":"uk"},"geometry":{"type":"Point","coordinates":[-2.97759,53.40761]}},{"type":"Feature","properties":{"n":"Perth","g":"uk"},"geometry":{"type":"Point","coordinates":[-3.4384,56.39148]}},{"type":"Feature","properties":{"n":"Watlington","g":"uk"},"geometry":{"type":"Point","coordinates":[0.38313,52.67287]}},{"type":"Feature","properties":{"n":"King's Lynn","g":"uk"},"geometry":{"type":"Point","coordinates":[0.40402,52.75381]}},{"type":"Feature","properties":{"n":"Rochdale Town Centre","g":"uk","m":1},"geometry":{"type":"Point","coordinates":[-2.15543,53.61728]}},{"type":"Feature","properties":{"n":"St Peter's Square","g":"uk","m":1},"geometry":{"type":"Point","coordinates":[-2.24314,53.47836]}},{"type":"Feature","properties":{"n":"St Werburgh's Road","g":"uk","m":1},"geometry":{"type":"Point","coordinates":[-2.26567,53.43886]}},{"type":"Feature","properties":{"n":"Manchester Airport","g":"uk","m":1},"geometry":{"type":"Point","coordinates":[-2.27233,53.36534]}},{"type":"Feature","properties":{"n":"Edge Lane","g":"uk","m":1},"geometry":{"type":"Point","coordinates":[-2.16527,53.48092]}},{"type":"Feature","properties":{"n":"Etihad Campus","g":"uk","m":1},"geometry":{"type":"Point","coordinates":[-2.20042,53.48541]}},{"type":"Feature","properties":{"n":"Library","g":"uk","m":1},"geometry":{"type":"Point","coordinates":[-1.90834,52.47867]}},{"type":"Feature","properties":{"n":"Hampstead Heath","g":"uk"},"geometry":{"type":"Point","coordinates":[-0.16539,51.55524]}},{"type":"Feature","properties":{"n":"Dalston Kingsland","g":"uk"},"geometry":{"type":"Point","coordinates":[-0.07605,51.54819]}},{"type":"Feature","properties":{"n":"Peckham Rye","g":"uk"},"geometry":{"type":"Point","coordinates":[-0.06941,51.47001]}},{"type":"Feature","properties":{"n":"Shepherd's Bush","g":"uk"},"geometry":{"type":"Point","coordinates":[-0.21792,51.50578]}},{"type":"Feature","properties":{"n":"Shoreditch High Street","g":"uk"},"geometry":{"type":"Point","coordinates":[-0.07447,51.52325]}},{"type":"Feature","properties":{"n":"Kilburn High Road","g":"uk"},"geometry":{"type":"Point","coordinates":[-0.19135,51.53775]}},{"type":"Feature","properties":{"n":"Harringay Green Lanes","g":"uk"},"geometry":{"type":"Point","coordinates":[-0.09789,51.57724]}},{"type":"Feature","properties":{"n":"Kentish Town West","g":"uk"},"geometry":{"type":"Point","coordinates":[-0.14676,51.54699]}},{"type":"Feature","properties":{"n":"Silver Street","g":"uk"},"geometry":{"type":"Point","coordinates":[-0.0669,51.61528]}},{"type":"Feature","properties":{"n":"Caledonian Road & Barnsbury","g":"uk"},"geometry":{"type":"Point","coordinates":[-0.11489,51.54355]}},{"type":"Feature","properties":{"n":"Leyton Midland Road","g":"uk"},"geometry":{"type":"Point","coordinates":[-0.00709,51.56945]}},{"type":"Feature","properties":{"n":"Chingford","g":"uk"},"geometry":{"type":"Point","coordinates":[0.00947,51.63253]}},{"type":"Feature","properties":{"n":"Highams Park","g":"uk"},"geometry":{"type":"Point","coordinates":[-0.00013,51.60889]}},{"type":"Feature","properties":{"n":"Cambridge Heath","g":"uk"},"geometry":{"type":"Point","coordinates":[-0.05742,51.53195]}},{"type":"Feature","properties":{"n":"Hackney Central","g":"uk"},"geometry":{"type":"Point","coordinates":[-0.05687,51.54706]}},{"type":"Feature","properties":{"n":"Radcliffe","g":"uk"},"geometry":{"type":"Point","coordinates":[-1.03697,52.94879]}},{"type":"Feature","properties":{"n":"Robroyston","g":"uk"},"geometry":{"type":"Point","coordinates":[-4.17439,55.88688]}},{"type":"Feature","properties":{"n":"Slough","g":"uk"},"geometry":{"type":"Point","coordinates":[-0.59128,51.5121]}},{"type":"Feature","properties":{"n":"Outwood","g":"uk"},"geometry":{"type":"Point","coordinates":[-1.51043,53.7153]}},{"type":"Feature","properties":{"n":"Brentwood","g":"uk"},"geometry":{"type":"Point","coordinates":[0.30061,51.61352]}},{"type":"Feature","properties":{"n":"Heron Quays","g":"uk","m":1},"geometry":{"type":"Point","coordinates":[-0.0215,51.50293]}},{"type":"Feature","properties":{"n":"Harold Wood","g":"uk"},"geometry":{"type":"Point","coordinates":[0.2342,51.59322]}},{"type":"Feature","properties":{"n":"Woolwich Arsenal DLR","g":"uk","m":1},"geometry":{"type":"Point","coordinates":[0.06958,51.49011]}},{"type":"Feature","properties":{"n":"Westferry","g":"uk","m":1},"geometry":{"type":"Point","coordinates":[-0.02664,51.5094]}},{"type":"Feature","properties":{"n":"Island Gardens","g":"uk","m":1},"geometry":{"type":"Point","coordinates":[-0.01051,51.48807]}},{"type":"Feature","properties":{"n":"London Paddington","g":"uk"},"geometry":{"type":"Point","coordinates":[-0.17732,51.5171]}},{"type":"Feature","properties":{"n":"Yorton","g":"uk"},"geometry":{"type":"Point","coordinates":[-2.73637,52.80909]}},{"type":"Feature","properties":{"n":"Bletchley","g":"uk"},"geometry":{"type":"Point","coordinates":[-0.7363,51.99545]}},{"type":"Feature","properties":{"n":"Charing Cross","g":"uk"},"geometry":{"type":"Point","coordinates":[-0.12369,51.5075]}},{"type":"Feature","properties":{"n":"Stevenage","g":"uk"},"geometry":{"type":"Point","coordinates":[-0.20714,51.90184]}},{"type":"Feature","properties":{"n":"Shanklin","g":"uk"},"geometry":{"type":"Point","coordinates":[-1.17992,50.63388]}},{"type":"Feature","properties":{"n":"Liverpool South Parkway","g":"uk"},"geometry":{"type":"Point","coordinates":[-2.8892,53.35762]}},{"type":"Feature","properties":{"n":"Sandown","g":"uk"},"geometry":{"type":"Point","coordinates":[-1.16225,50.65703]}},{"type":"Feature","properties":{"n":"Chippenham","g":"uk"},"geometry":{"type":"Point","coordinates":[-2.11588,51.46237]}},{"type":"Feature","properties":{"n":"Stafford","g":"uk"},"geometry":{"type":"Point","coordinates":[-2.12263,52.80358]}},{"type":"Feature","properties":{"n":"Potters Bar","g":"uk"},"geometry":{"type":"Point","coordinates":[-0.19312,51.69755]}},{"type":"Feature","properties":{"n":"Southend Victoria","g":"uk"},"geometry":{"type":"Point","coordinates":[0.71148,51.54294]}},{"type":"Feature","properties":{"n":"Westcliff","g":"uk"},"geometry":{"type":"Point","coordinates":[0.69152,51.53744]}},{"type":"Feature","properties":{"n":"Muirend","g":"uk"},"geometry":{"type":"Point","coordinates":[-4.27381,55.81011]}},{"type":"Feature","properties":{"n":"Liverpool James Street","g":"uk"},"geometry":{"type":"Point","coordinates":[-2.99221,53.405]}},{"type":"Feature","properties":{"n":"Mansfield","g":"uk"},"geometry":{"type":"Point","coordinates":[-1.1985,53.14208]}},{"type":"Feature","properties":{"n":"Alfreton","g":"uk"},"geometry":{"type":"Point","coordinates":[-1.36984,53.10106]}},{"type":"Feature","properties":{"n":"Winchmore Hill","g":"uk"},"geometry":{"type":"Point","coordinates":[-0.10094,51.63407]}},{"type":"Feature","properties":{"n":"Chadwell Heath","g":"uk"},"geometry":{"type":"Point","coordinates":[0.12799,51.56799]}},{"type":"Feature","properties":{"n":"West Ealing","g":"uk"},"geometry":{"type":"Point","coordinates":[-0.32069,51.51354]}},{"type":"Feature","properties":{"n":"Hayes and Harlington","g":"uk"},"geometry":{"type":"Point","coordinates":[-0.41916,51.50292]}},{"type":"Feature","properties":{"n":"Southall","g":"uk"},"geometry":{"type":"Point","coordinates":[-0.3775,51.50602]}},{"type":"Feature","properties":{"n":"Hanwell","g":"uk"},"geometry":{"type":"Point","coordinates":[-0.33815,51.51183]}},{"type":"Feature","properties":{"n":"Goodmayes","g":"uk"},"geometry":{"type":"Point","coordinates":[0.11193,51.5658]}},{"type":"Feature","properties":{"n":"Acton Main Line","g":"uk"},"geometry":{"type":"Point","coordinates":[-0.26798,51.51698]}},{"type":"Feature","properties":{"n":"Brondesbury","g":"uk"},"geometry":{"type":"Point","coordinates":[-0.2026,51.54505]}},{"type":"Feature","properties":{"n":"Star Lane","g":"uk","m":1},"geometry":{"type":"Point","coordinates":[0.00434,51.52051]}},{"type":"Feature","properties":{"n":"Shadwell","g":"uk","m":1},"geometry":{"type":"Point","coordinates":[-0.05549,51.51176]}},{"type":"Feature","properties":{"n":"Kensal Rise","g":"uk"},"geometry":{"type":"Point","coordinates":[-0.22022,51.53445]}},{"type":"Feature","properties":{"n":"Hackney Downs","g":"uk"},"geometry":{"type":"Point","coordinates":[-0.06069,51.54865]}},{"type":"Feature","properties":{"n":"Homerton","g":"uk"},"geometry":{"type":"Point","coordinates":[-0.04312,51.54708]}},{"type":"Feature","properties":{"n":"Canonbury","g":"uk"},"geometry":{"type":"Point","coordinates":[-0.09302,51.54856]}},{"type":"Feature","properties":{"n":"Southbury","g":"uk"},"geometry":{"type":"Point","coordinates":[-0.05263,51.64803]}},{"type":"Feature","properties":{"n":"Brondesbury Park","g":"uk"},"geometry":{"type":"Point","coordinates":[-0.21034,51.54051]}},{"type":"Feature","properties":{"n":"South Tottenham","g":"uk"},"geometry":{"type":"Point","coordinates":[-0.07172,51.58044]}},{"type":"Feature","properties":{"n":"St James Street","g":"uk"},"geometry":{"type":"Point","coordinates":[-0.0322,51.58117]}},{"type":"Feature","properties":{"n":"Hackney Wick","g":"uk"},"geometry":{"type":"Point","coordinates":[-0.02415,51.54344]}},{"type":"Feature","properties":{"n":"Bush Hill Park","g":"uk"},"geometry":{"type":"Point","coordinates":[-0.06939,51.64171]}},{"type":"Feature","properties":{"n":"London Fields","g":"uk"},"geometry":{"type":"Point","coordinates":[-0.05777,51.54105]}},{"type":"Feature","properties":{"n":"South Hampstead","g":"uk"},"geometry":{"type":"Point","coordinates":[-0.1788,51.54143]}},{"type":"Feature","properties":{"n":"Devons Road","g":"uk","m":1},"geometry":{"type":"Point","coordinates":[-0.01727,51.52221]}},{"type":"Feature","properties":{"n":"Poplar","g":"uk","m":1},"geometry":{"type":"Point","coordinates":[-0.01729,51.50771]}},{"type":"Feature","properties":{"n":"Langdon Park","g":"uk","m":1},"geometry":{"type":"Point","coordinates":[-0.01412,51.51521]}},{"type":"Feature","properties":{"n":"Morar","g":"uk"},"geometry":{"type":"Point","coordinates":[-5.82209,56.96896]}},{"type":"Feature","properties":{"n":"Singer","g":"uk"},"geometry":{"type":"Point","coordinates":[-4.4055,55.90748]}},{"type":"Feature","properties":{"n":"Mallaig","g":"uk"},"geometry":{"type":"Point","coordinates":[-5.83023,57.00554]}},{"type":"Feature","properties":{"n":"Charing Cross (Glasgow)","g":"uk"},"geometry":{"type":"Point","coordinates":[-4.26958,55.86464]}},{"type":"Feature","properties":{"n":"Bridgeton","g":"uk"},"geometry":{"type":"Point","coordinates":[-4.22482,55.84833]}},{"type":"Feature","properties":{"n":"Aberdeen","g":"uk"},"geometry":{"type":"Point","coordinates":[-2.09763,57.14265]}},{"type":"Feature","properties":{"n":"Drumry","g":"uk"},"geometry":{"type":"Point","coordinates":[-4.38548,55.9046]}},{"type":"Feature","properties":{"n":"Darlington","g":"uk"},"geometry":{"type":"Point","coordinates":[-1.54669,54.52066]}},{"type":"Feature","properties":{"n":"Meadowhall Interchange","g":"uk"},"geometry":{"type":"Point","coordinates":[-1.41413,53.41711]}},{"type":"Feature","properties":{"n":"Ormskirk","g":"uk"},"geometry":{"type":"Point","coordinates":[-2.88091,53.56958]}},{"type":"Feature","properties":{"n":"Edinburgh Waverley","g":"uk"},"geometry":{"type":"Point","coordinates":[-3.19042,55.9519]}},{"type":"Feature","properties":{"n":"Moorfields","g":"uk"},"geometry":{"type":"Point","coordinates":[-2.98924,53.40855]}},{"type":"Feature","properties":{"n":"Market Harborough","g":"uk"},"geometry":{"type":"Point","coordinates":[-0.90913,52.48024]}},{"type":"Feature","properties":{"n":"Earley","g":"uk"},"geometry":{"type":"Point","coordinates":[-0.91771,51.44103]}},{"type":"Feature","properties":{"n":"Kidsgrove","g":"uk"},"geometry":{"type":"Point","coordinates":[-2.24492,53.08642]}},{"type":"Feature","properties":{"n":"Tamworth","g":"uk"},"geometry":{"type":"Point","coordinates":[-1.68659,52.63747]}},{"type":"Feature","properties":{"n":"Princes Risborough","g":"uk"},"geometry":{"type":"Point","coordinates":[-0.84409,51.71805]}},{"type":"Feature","properties":{"n":"Aylesbury","g":"uk"},"geometry":{"type":"Point","coordinates":[-0.81431,51.81343]}},{"type":"Feature","properties":{"n":"Poynton","g":"uk"},"geometry":{"type":"Point","coordinates":[-2.13479,53.35055]}},{"type":"Feature","properties":{"n":"Holyhead","g":"uk"},"geometry":{"type":"Point","coordinates":[-4.63121,53.30737]}},{"type":"Feature","properties":{"n":"Stoke-on-Trent","g":"uk"},"geometry":{"type":"Point","coordinates":[-2.18108,53.00799]}},{"type":"Feature","properties":{"n":"Abergavenny","g":"uk"},"geometry":{"type":"Point","coordinates":[-3.00901,51.81744]}},{"type":"Feature","properties":{"n":"Macclesfield","g":"uk"},"geometry":{"type":"Point","coordinates":[-2.12194,53.25937]}},{"type":"Feature","properties":{"n":"Warminster","g":"uk"},"geometry":{"type":"Point","coordinates":[-2.1769,51.20697]}},{"type":"Feature","properties":{"n":"Cheltenham Spa","g":"uk"},"geometry":{"type":"Point","coordinates":[-2.10012,51.89699]}},{"type":"Feature","properties":{"n":"Leominster","g":"uk"},"geometry":{"type":"Point","coordinates":[-2.73044,52.22581]}},{"type":"Feature","properties":{"n":"Wolverton","g":"uk"},"geometry":{"type":"Point","coordinates":[-0.80476,52.06598]}},{"type":"Feature","properties":{"n":"Port Sunlight","g":"uk"},"geometry":{"type":"Point","coordinates":[-2.99825,53.34848]}},{"type":"Feature","properties":{"n":"Chesterfield","g":"uk"},"geometry":{"type":"Point","coordinates":[-1.41973,53.23822]}},{"type":"Feature","properties":{"n":"Glazebrook","g":"uk"},"geometry":{"type":"Point","coordinates":[-2.45999,53.42829]}},{"type":"Feature","properties":{"n":"Henley-on-Thames","g":"uk"},"geometry":{"type":"Point","coordinates":[-0.89942,51.53385]}},{"type":"Feature","properties":{"n":"Wrexham Central","g":"uk"},"geometry":{"type":"Point","coordinates":[-2.99963,53.04634]}},{"type":"Feature","properties":{"n":"Whaley Bridge","g":"uk"},"geometry":{"type":"Point","coordinates":[-1.98474,53.33026]}},{"type":"Feature","properties":{"n":"Liverpool Central","g":"uk"},"geometry":{"type":"Point","coordinates":[-2.97951,53.40422]}},{"type":"Feature","properties":{"n":"Sandhills","g":"uk"},"geometry":{"type":"Point","coordinates":[-2.992,53.42954]}},{"type":"Feature","properties":{"n":"Corby","g":"uk"},"geometry":{"type":"Point","coordinates":[-0.68838,52.48885]}},{"type":"Feature","properties":{"n":"Windermere","g":"uk"},"geometry":{"type":"Point","coordinates":[-2.90331,54.37949]}},{"type":"Feature","properties":{"n":"Swineshead","g":"uk"},"geometry":{"type":"Point","coordinates":[-0.18671,52.96973]}},{"type":"Feature","properties":{"n":"Cleethorpes","g":"uk"},"geometry":{"type":"Point","coordinates":[-0.0301,53.56282]}},{"type":"Feature","properties":{"n":"Doncaster","g":"uk"},"geometry":{"type":"Point","coordinates":[-1.13991,53.52195]}},{"type":"Feature","properties":{"n":"Grimsby Town","g":"uk"},"geometry":{"type":"Point","coordinates":[-0.08685,53.56346]}},{"type":"Feature","properties":{"n":"Workington","g":"uk"},"geometry":{"type":"Point","coordinates":[-3.5589,54.64496]}},{"type":"Feature","properties":{"n":"Spalding","g":"uk"},"geometry":{"type":"Point","coordinates":[-0.15717,52.78876]}},{"type":"Feature","properties":{"n":"Market Rasen","g":"uk"},"geometry":{"type":"Point","coordinates":[-0.33684,53.38401]}},{"type":"Feature","properties":{"n":"Saxilby","g":"uk"},"geometry":{"type":"Point","coordinates":[-0.66458,53.26731]}},{"type":"Feature","properties":{"n":"Salford Crescent","g":"uk"},"geometry":{"type":"Point","coordinates":[-2.27571,53.48623]}},{"type":"Feature","properties":{"n":"Leeds","g":"uk"},"geometry":{"type":"Point","coordinates":[-1.54862,53.79441]}},{"type":"Feature","properties":{"n":"Scunthorpe","g":"uk"},"geometry":{"type":"Point","coordinates":[-0.65157,53.5861]}},{"type":"Feature","properties":{"n":"Wakefield Westgate","g":"uk"},"geometry":{"type":"Point","coordinates":[-1.50558,53.68221]}},{"type":"Feature","properties":{"n":"Norwich","g":"uk"},"geometry":{"type":"Point","coordinates":[1.30769,52.62631]}},{"type":"Feature","properties":{"n":"High Wycombe","g":"uk"},"geometry":{"type":"Point","coordinates":[-0.74458,51.62937]}},{"type":"Feature","properties":{"n":"Frimley","g":"uk"},"geometry":{"type":"Point","coordinates":[-0.74709,51.31178]}},{"type":"Feature","properties":{"n":"Putney","g":"uk"},"geometry":{"type":"Point","coordinates":[-0.21535,51.46093]}},{"type":"Feature","properties":{"n":"Essex Road","g":"uk"},"geometry":{"type":"Point","coordinates":[-0.09619,51.54073]}},{"type":"Feature","properties":{"n":"Rye","g":"uk"},"geometry":{"type":"Point","coordinates":[0.73102,50.95263]}},{"type":"Feature","properties":{"n":"Ascot","g":"uk"},"geometry":{"type":"Point","coordinates":[-0.67678,51.40625]}},{"type":"Feature","properties":{"n":"Windsor and Eton Riverside","g":"uk"},"geometry":{"type":"Point","coordinates":[-0.60539,51.48663]}},{"type":"Feature","properties":{"n":"Ham Street","g":"uk"},"geometry":{"type":"Point","coordinates":[0.85459,51.0682]}},{"type":"Feature","properties":{"n":"Ingatestone","g":"uk"},"geometry":{"type":"Point","coordinates":[0.38426,51.667]}},{"type":"Feature","properties":{"n":"Cricklewood","g":"uk"},"geometry":{"type":"Point","coordinates":[-0.21297,51.55876]}},{"type":"Feature","properties":{"n":"Hemel Hempstead","g":"uk"},"geometry":{"type":"Point","coordinates":[-0.49112,51.74227]}},{"type":"Feature","properties":{"n":"Margate","g":"uk"},"geometry":{"type":"Point","coordinates":[1.37195,51.38516]}},{"type":"Feature","properties":{"n":"North Camp","g":"uk"},"geometry":{"type":"Point","coordinates":[-0.73073,51.2754]}},{"type":"Feature","properties":{"n":"Waterloo East","g":"uk"},"geometry":{"type":"Point","coordinates":[-0.1082,51.50422]}},{"type":"Feature","properties":{"n":"London King's Cross","g":"uk"},"geometry":{"type":"Point","coordinates":[-0.12302,51.5324]}},{"type":"Feature","properties":{"n":"Hayes","g":"uk"},"geometry":{"type":"Point","coordinates":[0.00951,51.3766]}},{"type":"Feature","properties":{"n":"Maze Hill","g":"uk"},"geometry":{"type":"Point","coordinates":[0.00375,51.48265]}},{"type":"Feature","properties":{"n":"Bexleyheath","g":"uk"},"geometry":{"type":"Point","coordinates":[0.13294,51.46356]}},{"type":"Feature","properties":{"n":"Belvedere","g":"uk"},"geometry":{"type":"Point","coordinates":[0.15337,51.49223]}},{"type":"Feature","properties":{"n":"Coulsdon South","g":"uk"},"geometry":{"type":"Point","coordinates":[-0.13797,51.31554]}},{"type":"Feature","properties":{"n":"Ashford","g":"uk"},"geometry":{"type":"Point","coordinates":[-0.46831,51.4365]}},{"type":"Feature","properties":{"n":"Falconwood","g":"uk"},"geometry":{"type":"Point","coordinates":[0.0793,51.45923]}},{"type":"Feature","properties":{"n":"Marlow","g":"uk"},"geometry":{"type":"Point","coordinates":[-0.7664,51.57109]}},{"type":"Feature","properties":{"n":"Charlton","g":"uk"},"geometry":{"type":"Point","coordinates":[0.03081,51.48676]}},{"type":"Feature","properties":{"n":"Milton Keynes Central","g":"uk"},"geometry":{"type":"Point","coordinates":[-0.77483,52.0342]}},{"type":"Feature","properties":{"n":"London Blackfriars","g":"uk"},"geometry":{"type":"Point","coordinates":[-0.10324,51.51049]}},{"type":"Feature","properties":{"n":"Avonmouth","g":"uk"},"geometry":{"type":"Point","coordinates":[-2.69886,51.49972]}},{"type":"Feature","properties":{"n":"Sea Mills","g":"uk"},"geometry":{"type":"Point","coordinates":[-2.64965,51.4795]}},{"type":"Feature","properties":{"n":"Ponders End","g":"uk"},"geometry":{"type":"Point","coordinates":[-0.03479,51.64285]}},{"type":"Feature","properties":{"n":"Lea Bridge","g":"uk"},"geometry":{"type":"Point","coordinates":[-0.03712,51.56675]}},{"type":"Feature","properties":{"n":"Bristol Temple Meads","g":"uk"},"geometry":{"type":"Point","coordinates":[-2.5804,51.4491]}},{"type":"Feature","properties":{"n":"Chester-le-Street","g":"uk"},"geometry":{"type":"Point","coordinates":[-1.57825,54.85454]}},{"type":"Feature","properties":{"n":"Durham","g":"uk"},"geometry":{"type":"Point","coordinates":[-1.58151,54.77975]}},{"type":"Feature","properties":{"n":"Kendal","g":"uk"},"geometry":{"type":"Point","coordinates":[-2.74014,54.33225]}},{"type":"Feature","properties":{"n":"Lancaster","g":"uk"},"geometry":{"type":"Point","coordinates":[-2.8078,54.04884]}},{"type":"Feature","properties":{"n":"St Annes-on-the-Sea","g":"uk"},"geometry":{"type":"Point","coordinates":[-3.02895,53.75318]}},{"type":"Feature","properties":{"n":"Elstree & Borehamwood","g":"uk"},"geometry":{"type":"Point","coordinates":[-0.27988,51.65282]}},{"type":"Feature","properties":{"n":"Kiveton Park","g":"uk"},"geometry":{"type":"Point","coordinates":[-1.23957,53.33676]}},{"type":"Feature","properties":{"n":"Kingston","g":"uk"},"geometry":{"type":"Point","coordinates":[-0.30182,51.41293]}},{"type":"Feature","properties":{"n":"Redbridge","g":"uk"},"geometry":{"type":"Point","coordinates":[-1.4696,50.91954]}},{"type":"Feature","properties":{"n":"Sileby","g":"uk"},"geometry":{"type":"Point","coordinates":[-1.10944,52.73113]}},{"type":"Feature","properties":{"n":"Dorchester West","g":"uk"},"geometry":{"type":"Point","coordinates":[-2.44265,50.71093]}},{"type":"Feature","properties":{"n":"Thornaby","g":"uk"},"geometry":{"type":"Point","coordinates":[-1.3017,54.55919]}},{"type":"Feature","properties":{"n":"Winsford","g":"uk"},"geometry":{"type":"Point","coordinates":[-2.49431,53.19042]}},{"type":"Feature","properties":{"n":"Banstead","g":"uk"},"geometry":{"type":"Point","coordinates":[-0.21372,51.32943]}},{"type":"Feature","properties":{"n":"Dorchester South","g":"uk"},"geometry":{"type":"Point","coordinates":[-2.43745,50.70914]}},{"type":"Feature","properties":{"n":"Oxenholme Lake District","g":"uk"},"geometry":{"type":"Point","coordinates":[-2.72178,54.30506]}},{"type":"Feature","properties":{"n":"Berkswell","g":"uk"},"geometry":{"type":"Point","coordinates":[-1.64179,52.39608]}},{"type":"Feature","properties":{"n":"Wembley Stadium","g":"uk"},"geometry":{"type":"Point","coordinates":[-0.28477,51.55425]}},{"type":"Feature","properties":{"n":"Sudbury & Harrow Road","g":"uk"},"geometry":{"type":"Point","coordinates":[-0.31606,51.55434]}},{"type":"Feature","properties":{"n":"Ilkeston","g":"uk"},"geometry":{"type":"Point","coordinates":[-1.29504,52.9791]}},{"type":"Feature","properties":{"n":"Longbridge","g":"uk"},"geometry":{"type":"Point","coordinates":[-1.98076,52.39701]}},{"type":"Feature","properties":{"n":"Arnside","g":"uk"},"geometry":{"type":"Point","coordinates":[-2.82807,54.2026]}},{"type":"Feature","properties":{"n":"Sholing","g":"uk"},"geometry":{"type":"Point","coordinates":[-1.36419,50.89645]}},{"type":"Feature","properties":{"n":"Llansamlet","g":"uk"},"geometry":{"type":"Point","coordinates":[-3.88546,51.66151]}},{"type":"Feature","properties":{"n":"Ramsgate","g":"uk"},"geometry":{"type":"Point","coordinates":[1.40523,51.34108]}},{"type":"Feature","properties":{"n":"Woolston","g":"uk"},"geometry":{"type":"Point","coordinates":[-1.37665,50.89904]}},{"type":"Feature","properties":{"n":"Swaythling","g":"uk"},"geometry":{"type":"Point","coordinates":[-1.37647,50.94112]}},{"type":"Feature","properties":{"n":"Bitterne","g":"uk"},"geometry":{"type":"Point","coordinates":[-1.37694,50.91815]}},{"type":"Feature","properties":{"n":"Lanark","g":"uk"},"geometry":{"type":"Point","coordinates":[-3.77242,55.6735]}},{"type":"Feature","properties":{"n":"Bulwell","g":"uk"},"geometry":{"type":"Point","coordinates":[-1.1954,52.99934]}},{"type":"Feature","properties":{"n":"Hellifield","g":"uk"},"geometry":{"type":"Point","coordinates":[-2.22695,54.01048]}},{"type":"Feature","properties":{"n":"Wembley Central","g":"uk","m":1},"geometry":{"type":"Point","coordinates":[-0.29668,51.55233]}},{"type":"Feature","properties":{"n":"Carnoustie","g":"uk"},"geometry":{"type":"Point","coordinates":[-2.70535,56.50068]}},{"type":"Feature","properties":{"n":"Kirkcaldy","g":"uk"},"geometry":{"type":"Point","coordinates":[-3.16702,56.11204]}},{"type":"Feature","properties":{"n":"Kinbrace","g":"uk"},"geometry":{"type":"Point","coordinates":[-3.94115,58.25858]}},{"type":"Feature","properties":{"n":"Duncraig","g":"uk"},"geometry":{"type":"Point","coordinates":[-5.63711,57.33694]}},{"type":"Feature","properties":{"n":"Attadale","g":"uk"},"geometry":{"type":"Point","coordinates":[-5.4554,57.39448]}},{"type":"Feature","properties":{"n":"Invershin","g":"uk"},"geometry":{"type":"Point","coordinates":[-4.39958,57.92485]}},{"type":"Feature","properties":{"n":"Kildonan","g":"uk"},"geometry":{"type":"Point","coordinates":[-3.86909,58.17078]}},{"type":"Feature","properties":{"n":"Lochluichart","g":"uk"},"geometry":{"type":"Point","coordinates":[-4.80899,57.6218]}},{"type":"Feature","properties":{"n":"Culrain","g":"uk"},"geometry":{"type":"Point","coordinates":[-4.40453,57.91959]}},{"type":"Feature","properties":{"n":"Scotscalder","g":"uk"},"geometry":{"type":"Point","coordinates":[-3.55207,58.48285]}},{"type":"Feature","properties":{"n":"Achnashellach","g":"uk"},"geometry":{"type":"Point","coordinates":[-5.33332,57.48203]}},{"type":"Feature","properties":{"n":"Rogart","g":"uk"},"geometry":{"type":"Point","coordinates":[-4.15829,57.98863]}},{"type":"Feature","properties":{"n":"Achanalt","g":"uk"},"geometry":{"type":"Point","coordinates":[-4.91384,57.6096]}},{"type":"Feature","properties":{"n":"Duirinish","g":"uk"},"geometry":{"type":"Point","coordinates":[-5.69162,57.31983]}},{"type":"Feature","properties":{"n":"Tyndrum Lower","g":"uk"},"geometry":{"type":"Point","coordinates":[-4.71344,56.4336]}},{"type":"Feature","properties":{"n":"Corpach","g":"uk"},"geometry":{"type":"Point","coordinates":[-5.12212,56.84277]}},{"type":"Feature","properties":{"n":"Connel Ferry","g":"uk"},"geometry":{"type":"Point","coordinates":[-5.38329,56.45247]}},{"type":"Feature","properties":{"n":"Alexandria","g":"uk"},"geometry":{"type":"Point","coordinates":[-4.57732,55.98527]}},{"type":"Feature","properties":{"n":"Montrose","g":"uk"},"geometry":{"type":"Point","coordinates":[-2.47222,56.71283]}},{"type":"Feature","properties":{"n":"Loch Awe","g":"uk"},"geometry":{"type":"Point","coordinates":[-5.04169,56.40182]}},{"type":"Feature","properties":{"n":"Arisaig","g":"uk"},"geometry":{"type":"Point","coordinates":[-5.83963,56.91296]}},{"type":"Feature","properties":{"n":"Falls of Cruachan","g":"uk"},"geometry":{"type":"Point","coordinates":[-5.11273,56.39402]}},{"type":"Feature","properties":{"n":"Renton","g":"uk"},"geometry":{"type":"Point","coordinates":[-4.58635,55.97031]}},{"type":"Feature","properties":{"n":"Balloch","g":"uk"},"geometry":{"type":"Point","coordinates":[-4.58328,56.00236]}},{"type":"Feature","properties":{"n":"Barnhill","g":"uk"},"geometry":{"type":"Point","coordinates":[-4.22333,55.87774]}},{"type":"Feature","properties":{"n":"Roy Bridge","g":"uk"},"geometry":{"type":"Point","coordinates":[-4.83711,56.88834]}},{"type":"Feature","properties":{"n":"Ashwell & Morden","g":"uk"},"geometry":{"type":"Point","coordinates":[-0.10992,52.03063]}},{"type":"Feature","properties":{"n":"Marton","g":"uk"},"geometry":{"type":"Point","coordinates":[-1.19836,54.54422]}},{"type":"Feature","properties":{"n":"Carntyne","g":"uk"},"geometry":{"type":"Point","coordinates":[-4.17918,55.8549]}},{"type":"Feature","properties":{"n":"Garrowhill","g":"uk"},"geometry":{"type":"Point","coordinates":[-4.12984,55.85505]}},{"type":"Feature","properties":{"n":"Larbert","g":"uk"},"geometry":{"type":"Point","coordinates":[-3.82979,56.02214]}},{"type":"Feature","properties":{"n":"Prestonpans","g":"uk"},"geometry":{"type":"Point","coordinates":[-2.97545,55.95278]}},{"type":"Feature","properties":{"n":"Poulton-le-Fylde","g":"uk"},"geometry":{"type":"Point","coordinates":[-2.98968,53.84829]}},{"type":"Feature","properties":{"n":"Drumgelloch","g":"uk"},"geometry":{"type":"Point","coordinates":[-3.94831,55.86768]}},{"type":"Feature","properties":{"n":"Shettleston","g":"uk"},"geometry":{"type":"Point","coordinates":[-4.15959,55.85364]}},{"type":"Feature","properties":{"n":"Malton","g":"uk"},"geometry":{"type":"Point","coordinates":[-0.79773,54.13186]}},{"type":"Feature","properties":{"n":"Foxton","g":"uk"},"geometry":{"type":"Point","coordinates":[0.05698,52.11936]}},{"type":"Feature","properties":{"n":"Gartcosh","g":"uk"},"geometry":{"type":"Point","coordinates":[-4.07938,55.88562]}},{"type":"Feature","properties":{"n":"Livingston North","g":"uk"},"geometry":{"type":"Point","coordinates":[-3.54361,55.90151]}},{"type":"Feature","properties":{"n":"Harwich Town","g":"uk"},"geometry":{"type":"Point","coordinates":[1.28663,51.94416]}},{"type":"Feature","properties":{"n":"Coatdyke","g":"uk"},"geometry":{"type":"Point","coordinates":[-4.005,55.8644]}},{"type":"Feature","properties":{"n":"Burnham-on-Crouch","g":"uk"},"geometry":{"type":"Point","coordinates":[0.81366,51.6336]}},{"type":"Feature","properties":{"n":"Stepps","g":"uk"},"geometry":{"type":"Point","coordinates":[-4.14044,55.89013]}},{"type":"Feature","properties":{"n":"Warwick","g":"uk"},"geometry":{"type":"Point","coordinates":[-1.58171,52.28662]}},{"type":"Feature","properties":{"n":"Southminster","g":"uk"},"geometry":{"type":"Point","coordinates":[0.83537,51.66064]}},{"type":"Feature","properties":{"n":"Shepreth","g":"uk"},"geometry":{"type":"Point","coordinates":[0.03165,52.11446]}},{"type":"Feature","properties":{"n":"Uphall","g":"uk"},"geometry":{"type":"Point","coordinates":[-3.5019,55.91904]}},{"type":"Feature","properties":{"n":"Musselburgh","g":"uk"},"geometry":{"type":"Point","coordinates":[-3.07249,55.93346]}},{"type":"Feature","properties":{"n":"Kelvindale","g":"uk"},"geometry":{"type":"Point","coordinates":[-4.31008,55.89348]}},{"type":"Feature","properties":{"n":"Battlesbridge","g":"uk"},"geometry":{"type":"Point","coordinates":[0.56563,51.62493]}},{"type":"Feature","properties":{"n":"Bridge of Allan","g":"uk"},"geometry":{"type":"Point","coordinates":[-3.95729,56.15675]}},{"type":"Feature","properties":{"n":"Newtonmore","g":"uk"},"geometry":{"type":"Point","coordinates":[-4.11895,57.05913]}},{"type":"Feature","properties":{"n":"Tile Hill","g":"uk"},"geometry":{"type":"Point","coordinates":[-1.59728,52.39519]}},{"type":"Feature","properties":{"n":"Beasdale","g":"uk"},"geometry":{"type":"Point","coordinates":[-5.76392,56.90007]}},{"type":"Feature","properties":{"n":"Althorne","g":"uk"},"geometry":{"type":"Point","coordinates":[0.7518,51.64778]}},{"type":"Feature","properties":{"n":"Buckshaw Parkway","g":"uk"},"geometry":{"type":"Point","coordinates":[-2.65898,53.67296]}},{"type":"Feature","properties":{"n":"Gypsy Lane","g":"uk"},"geometry":{"type":"Point","coordinates":[-1.18031,54.53333]}},{"type":"Feature","properties":{"n":"Bathgate","g":"uk"},"geometry":{"type":"Point","coordinates":[-3.63627,55.89711]}},{"type":"Feature","properties":{"n":"Camelon","g":"uk"},"geometry":{"type":"Point","coordinates":[-3.81839,56.00623]}},{"type":"Feature","properties":{"n":"North Berwick","g":"uk"},"geometry":{"type":"Point","coordinates":[-2.73097,56.05664]}},{"type":"Feature","properties":{"n":"Worcester Foregate Street","g":"uk"},"geometry":{"type":"Point","coordinates":[-2.22078,52.19531]}},{"type":"Feature","properties":{"n":"Hartlebury","g":"uk"},"geometry":{"type":"Point","coordinates":[-2.22109,52.33444]}},{"type":"Feature","properties":{"n":"Armadale","g":"uk"},"geometry":{"type":"Point","coordinates":[-3.69296,55.88653]}},{"type":"Feature","properties":{"n":"Caldercruix","g":"uk"},"geometry":{"type":"Point","coordinates":[-3.88872,55.88805]}},{"type":"Feature","properties":{"n":"Rufford","g":"uk"},"geometry":{"type":"Point","coordinates":[-2.80795,53.63437]}},{"type":"Feature","properties":{"n":"Sandy","g":"uk"},"geometry":{"type":"Point","coordinates":[-0.28095,52.12491]}},{"type":"Feature","properties":{"n":"Arbroath","g":"uk"},"geometry":{"type":"Point","coordinates":[-2.58927,56.55934]}},{"type":"Feature","properties":{"n":"Morpeth","g":"uk"},"geometry":{"type":"Point","coordinates":[-1.68315,55.16236]}},{"type":"Feature","properties":{"n":"Falkirk Grahamston","g":"uk"},"geometry":{"type":"Point","coordinates":[-3.78547,56.00237]}},{"type":"Feature","properties":{"n":"Stonehaven","g":"uk"},"geometry":{"type":"Point","coordinates":[-2.22528,56.96686]}},{"type":"Feature","properties":{"n":"Inverkeithing","g":"uk"},"geometry":{"type":"Point","coordinates":[-3.39542,56.03524]}},{"type":"Feature","properties":{"n":"Partick (Rail)","g":"uk"},"geometry":{"type":"Point","coordinates":[-4.30944,55.86992]}},{"type":"Feature","properties":{"n":"Golf Street","g":"uk"},"geometry":{"type":"Point","coordinates":[-2.72012,56.49795]}},{"type":"Feature","properties":{"n":"Bradford Interchange","g":"uk"},"geometry":{"type":"Point","coordinates":[-1.74913,53.79049]}},{"type":"Feature","properties":{"n":"South Woodham Ferrers","g":"uk"},"geometry":{"type":"Point","coordinates":[0.60605,51.64941]}},{"type":"Feature","properties":{"n":"Worcestershire Parkway","g":"uk"},"geometry":{"type":"Point","coordinates":[-2.16003,52.15618]}},{"type":"Feature","properties":{"n":"Apedale Road","g":"uk"},"geometry":{"type":"Point","coordinates":[-2.2658,53.03642]}},{"type":"Feature","properties":{"n":"Ludborough","g":"uk"},"geometry":{"type":"Point","coordinates":[-0.03114,53.44511]}},{"type":"Feature","properties":{"n":"Smethwick Galton Bridge","g":"uk"},"geometry":{"type":"Point","coordinates":[-1.98044,52.50212]}},{"type":"Feature","properties":{"n":"Wombwell","g":"uk"},"geometry":{"type":"Point","coordinates":[-1.4163,53.51745]}},{"type":"Feature","properties":{"n":"Selly Oak","g":"uk"},"geometry":{"type":"Point","coordinates":[-1.93559,52.44186]}},{"type":"Feature","properties":{"n":"Bournville","g":"uk"},"geometry":{"type":"Point","coordinates":[-1.92667,52.42739]}},{"type":"Feature","properties":{"n":"Five Ways","g":"uk"},"geometry":{"type":"Point","coordinates":[-1.91307,52.47109]}},{"type":"Feature","properties":{"n":"Small Heath","g":"uk"},"geometry":{"type":"Point","coordinates":[-1.85932,52.46368]}},{"type":"Feature","properties":{"n":"Tyseley","g":"uk"},"geometry":{"type":"Point","coordinates":[-1.83856,52.45392]}},{"type":"Feature","properties":{"n":"Acocks Green","g":"uk"},"geometry":{"type":"Point","coordinates":[-1.81922,52.44955]}},{"type":"Feature","properties":{"n":"Hamstead","g":"uk"},"geometry":{"type":"Point","coordinates":[-1.92887,52.53099]}},{"type":"Feature","properties":{"n":"Ashfield","g":"uk"},"geometry":{"type":"Point","coordinates":[-4.24846,55.88884]}},{"type":"Feature","properties":{"n":"Possilpark and Parkhouse","g":"uk"},"geometry":{"type":"Point","coordinates":[-4.25835,55.89014]}},{"type":"Feature","properties":{"n":"Cowcaddens","g":"uk","m":1},"geometry":{"type":"Point","coordinates":[-4.25986,55.86808]}},{"type":"Feature","properties":{"n":"Blackpool South","g":"uk"},"geometry":{"type":"Point","coordinates":[-3.04882,53.79844]}},{"type":"Feature","properties":{"n":"Duddeston","g":"uk"},"geometry":{"type":"Point","coordinates":[-1.87128,52.48849]}},{"type":"Feature","properties":{"n":"The Trafford Centre","g":"uk","m":1},"geometry":{"type":"Point","coordinates":[-2.34794,53.46793]}},{"type":"Feature","properties":{"n":"Trafford Palazzo","g":"uk","m":1},"geometry":{"type":"Point","coordinates":[-2.3421,53.46574]}},{"type":"Feature","properties":{"n":"Parkway","g":"uk","m":1},"geometry":{"type":"Point","coordinates":[-2.32396,53.4682]}},{"type":"Feature","properties":{"n":"Village","g":"uk","m":1},"geometry":{"type":"Point","coordinates":[-2.30914,53.46739]}},{"type":"Feature","properties":{"n":"Wharfside","g":"uk","m":1},"geometry":{"type":"Point","coordinates":[-2.28754,53.46625]}},{"type":"Feature","properties":{"n":"Whitley Bay","g":"uk","m":1},"geometry":{"type":"Point","coordinates":[-1.44227,55.03973]}},{"type":"Feature","properties":{"n":"Tynemouth","g":"uk","m":1},"geometry":{"type":"Point","coordinates":[-1.42887,55.01705]}},{"type":"Feature","properties":{"n":"Chichester","g":"uk","m":1},"geometry":{"type":"Point","coordinates":[-1.43205,54.98668]}},{"type":"Feature","properties":{"n":"Cullercoats","g":"uk","m":1},"geometry":{"type":"Point","coordinates":[-1.43637,55.035]}},{"type":"Feature","properties":{"n":"Monkseaton","g":"uk","m":1},"geometry":{"type":"Point","coordinates":[-1.45847,55.0423]}},{"type":"Feature","properties":{"n":"West Monkseaton","g":"uk","m":1},"geometry":{"type":"Point","coordinates":[-1.47598,55.04055]}},{"type":"Feature","properties":{"n":"North Shields","g":"uk","m":1},"geometry":{"type":"Point","coordinates":[-1.44896,55.00814]}},{"type":"Feature","properties":{"n":"South Shields","g":"uk","m":1},"geometry":{"type":"Point","coordinates":[-1.43299,54.99737]}},{"type":"Feature","properties":{"n":"Tyne Dock","g":"uk","m":1},"geometry":{"type":"Point","coordinates":[-1.44162,54.97614]}},{"type":"Feature","properties":{"n":"Simonside","g":"uk","m":1},"geometry":{"type":"Point","coordinates":[-1.45548,54.97171]}},{"type":"Feature","properties":{"n":"Station B","g":"uk","m":1},"geometry":{"type":"Point","coordinates":[-0.48579,51.47987]}},{"type":"Feature","properties":{"n":"Station A","g":"uk","m":1},"geometry":{"type":"Point","coordinates":[-0.48825,51.47979]}},{"type":"Feature","properties":{"n":"Henllan","g":"uk"},"geometry":{"type":"Point","coordinates":[-4.39496,52.04052]}},{"type":"Feature","properties":{"n":"Hebron","g":"uk"},"geometry":{"type":"Point","coordinates":[-4.11802,53.10454]}},{"type":"Feature","properties":{"n":"Kingswear","g":"uk"},"geometry":{"type":"Point","coordinates":[-3.57239,50.34888]}},{"type":"Feature","properties":{"n":"Clyde Valley Station","g":"uk"},"geometry":{"type":"Point","coordinates":[-3.86102,55.69404]}},{"type":"Feature","properties":{"n":"Preston Riverside","g":"uk"},"geometry":{"type":"Point","coordinates":[-2.754,53.75871]}},{"type":"Feature","properties":{"n":"Pier","g":"uk"},"geometry":{"type":"Point","coordinates":[-0.97077,54.58619]}},{"type":"Feature","properties":{"n":"Clogwyn","g":"uk"},"geometry":{"type":"Point","coordinates":[-4.08038,53.08414]}},{"type":"Feature","properties":{"n":"Halfway","g":"uk"},"geometry":{"type":"Point","coordinates":[-4.09608,53.09558]}},{"type":"Feature","properties":{"n":"Butterley","g":"uk"},"geometry":{"type":"Point","coordinates":[-1.40127,53.06331]}},{"type":"Feature","properties":{"n":"Riverside Station","g":"uk"},"geometry":{"type":"Point","coordinates":[-3.66452,50.5579]}},{"type":"Feature","properties":{"n":"Kingsway Station","g":"uk"},"geometry":{"type":"Point","coordinates":[-0.01682,53.55067]}},{"type":"Feature","properties":{"n":"Lakeside Central","g":"uk"},"geometry":{"type":"Point","coordinates":[-0.00958,53.54369]}},{"type":"Feature","properties":{"n":"Rowsley South","g":"uk"},"geometry":{"type":"Point","coordinates":[-1.60965,53.17454]}},{"type":"Feature","properties":{"n":"Silverdale","g":"uk"},"geometry":{"type":"Point","coordinates":[-2.26587,53.03295]}},{"type":"Feature","properties":{"n":"Diss","g":"uk"},"geometry":{"type":"Point","coordinates":[1.12354,52.37362]}},{"type":"Feature","properties":{"n":"Danzey","g":"uk"},"geometry":{"type":"Point","coordinates":[-1.82084,52.32475]}},{"type":"Feature","properties":{"n":"Bolton-upon-Dearne","g":"uk"},"geometry":{"type":"Point","coordinates":[-1.31149,53.51881]}},{"type":"Feature","properties":{"n":"Goldthorpe","g":"uk"},"geometry":{"type":"Point","coordinates":[-1.3129,53.53383]}},{"type":"Feature","properties":{"n":"Thurnscoe","g":"uk"},"geometry":{"type":"Point","coordinates":[-1.30839,53.54554]}},{"type":"Feature","properties":{"n":"Moorthorpe","g":"uk"},"geometry":{"type":"Point","coordinates":[-1.30481,53.59489]}},{"type":"Feature","properties":{"n":"Normanton","g":"uk"},"geometry":{"type":"Point","coordinates":[-1.42351,53.7004]}},{"type":"Feature","properties":{"n":"Snaith","g":"uk"},"geometry":{"type":"Point","coordinates":[-1.02794,53.69317]}},{"type":"Feature","properties":{"n":"Whitley Bridge","g":"uk"},"geometry":{"type":"Point","coordinates":[-1.15889,53.69913]}},{"type":"Feature","properties":{"n":"Knottingley","g":"uk"},"geometry":{"type":"Point","coordinates":[-1.25925,53.70645]}},{"type":"Feature","properties":{"n":"Glasshoughton","g":"uk"},"geometry":{"type":"Point","coordinates":[-1.34205,53.70906]}},{"type":"Feature","properties":{"n":"Pontefract Monkhill","g":"uk"},"geometry":{"type":"Point","coordinates":[-1.30414,53.6988]}},{"type":"Feature","properties":{"n":"Castleford","g":"uk"},"geometry":{"type":"Point","coordinates":[-1.3551,53.72408]}},{"type":"Feature","properties":{"n":"Goole","g":"uk"},"geometry":{"type":"Point","coordinates":[-0.87426,53.70497]}},{"type":"Feature","properties":{"n":"Thorne North","g":"uk"},"geometry":{"type":"Point","coordinates":[-0.97245,53.61619]}},{"type":"Feature","properties":{"n":"Horden","g":"uk"},"geometry":{"type":"Point","coordinates":[-1.3072,54.76379]}},{"type":"Feature","properties":{"n":"Bow Street","g":"uk"},"geometry":{"type":"Point","coordinates":[-4.03036,52.43991]}},{"type":"Feature","properties":{"n":"Hadlow Down","g":"uk"},"geometry":{"type":"Point","coordinates":[0.19221,50.99589]}},{"type":"Feature","properties":{"n":"Sutton Hall Railway Station","g":"uk"},"geometry":{"type":"Point","coordinates":[0.72433,51.56937]}},{"type":"Feature","properties":{"n":"Mortimer","g":"uk"},"geometry":{"type":"Point","coordinates":[-1.03564,51.37206]}},{"type":"Feature","properties":{"n":"Bramley","g":"uk"},"geometry":{"type":"Point","coordinates":[-1.06084,51.32998]}},{"type":"Feature","properties":{"n":"Livingston Mill","g":"uk"},"geometry":{"type":"Point","coordinates":[-3.5485,55.88526]}},{"type":"Feature","properties":{"n":"Almondhaugh Halt","g":"uk"},"geometry":{"type":"Point","coordinates":[-3.55536,55.88478]}},{"type":"Feature","properties":{"n":"Mewsbrook Park","g":"uk"},"geometry":{"type":"Point","coordinates":[-0.52294,50.80438]}},{"type":"Feature","properties":{"n":"Norfolk Gardens","g":"uk"},"geometry":{"type":"Point","coordinates":[-0.53112,50.803]}},{"type":"Feature","properties":{"n":"Lionheart","g":"uk"},"geometry":{"type":"Point","coordinates":[-1.68669,55.40257]}},{"type":"Feature","properties":{"n":"Pontprenshitw","g":"uk"},"geometry":{"type":"Point","coordinates":[-4.40693,52.0416]}},{"type":"Feature","properties":{"n":"Weymouth Bay Miniature Railway","g":"uk"},"geometry":{"type":"Point","coordinates":[-2.44559,50.62589]}},{"type":"Feature","properties":{"n":"Trago Central","g":"uk"},"geometry":{"type":"Point","coordinates":[-3.66606,50.55553]}},{"type":"Feature","properties":{"n":"Much Natter","g":"uk"},"geometry":{"type":"Point","coordinates":[-3.10077,50.69762]}},{"type":"Feature","properties":{"n":"Hall Drive","g":"uk"},"geometry":{"type":"Point","coordinates":[-2.60478,53.56896]}},{"type":"Feature","properties":{"n":"Caldecotte Miniature Railway","g":"uk"},"geometry":{"type":"Point","coordinates":[-0.70846,52.01063]}},{"type":"Feature","properties":{"n":"Mills Wood","g":"uk"},"geometry":{"type":"Point","coordinates":[-0.77206,51.18384]}},{"type":"Feature","properties":{"n":"Burmarsh Road","g":"uk"},"geometry":{"type":"Point","coordinates":[1.0041,51.03604]}},{"type":"Feature","properties":{"n":"Dumbarton East","g":"uk"},"geometry":{"type":"Point","coordinates":[-4.55404,55.94235]}},{"type":"Feature","properties":{"n":"Northampton","g":"uk"},"geometry":{"type":"Point","coordinates":[-0.90697,52.23737]}},{"type":"Feature","properties":{"n":"Hawarden","g":"uk"},"geometry":{"type":"Point","coordinates":[-3.03207,53.18485]}},{"type":"Feature","properties":{"n":"Station","g":"uk"},"geometry":{"type":"Point","coordinates":[-1.36409,50.9554]}},{"type":"Feature","properties":{"n":"Cannock","g":"uk"},"geometry":{"type":"Point","coordinates":[-2.02235,52.6861]}},{"type":"Feature","properties":{"n":"Perrygrove","g":"uk"},"geometry":{"type":"Point","coordinates":[-2.61117,51.78252]}},{"type":"Feature","properties":{"n":"Oakiron","g":"uk"},"geometry":{"type":"Point","coordinates":[-2.61026,51.7825]}},{"type":"Feature","properties":{"n":"Leyburn","g":"uk"},"geometry":{"type":"Point","coordinates":[-1.82224,54.30811]}},{"type":"Feature","properties":{"n":"Shakespeare Line Warwick Road","g":"uk"},"geometry":{"type":"Point","coordinates":[-1.8437,52.45445]}},{"type":"Feature","properties":{"n":"California Crossing","g":"uk"},"geometry":{"type":"Point","coordinates":[-1.92928,51.98595]}},{"type":"Feature","properties":{"n":"Witton","g":"uk"},"geometry":{"type":"Point","coordinates":[-1.88393,52.51219]}},{"type":"Feature","properties":{"n":"Earlswood","g":"uk"},"geometry":{"type":"Point","coordinates":[-1.8614,52.3666]}},{"type":"Feature","properties":{"n":"The Lakes","g":"uk"},"geometry":{"type":"Point","coordinates":[-1.84465,52.3591]}},{"type":"Feature","properties":{"n":"Inverness Airport","g":"uk"},"geometry":{"type":"Point","coordinates":[-4.05548,57.53336]}},{"type":"Feature","properties":{"n":"Kingsbridge Park Side","g":"uk"},"geometry":{"type":"Point","coordinates":[-3.77454,50.28043]}},{"type":"Feature","properties":{"n":"Kingsbridge Ria End","g":"uk"},"geometry":{"type":"Point","coordinates":[-3.77554,50.28225]}},{"type":"Feature","properties":{"n":"Wickham Market","g":"uk"},"geometry":{"type":"Point","coordinates":[1.39863,52.15103]}},{"type":"Feature","properties":{"n":"Alexandra Palace","g":"uk"},"geometry":{"type":"Point","coordinates":[-0.12066,51.5982]}},{"type":"Feature","properties":{"n":"New Southgate","g":"uk"},"geometry":{"type":"Point","coordinates":[-0.14281,51.6138]}},{"type":"Feature","properties":{"n":"Oakleigh Park","g":"uk"},"geometry":{"type":"Point","coordinates":[-0.16623,51.63767]}},{"type":"Feature","properties":{"n":"New Barnet","g":"uk"},"geometry":{"type":"Point","coordinates":[-0.17262,51.64828]}},{"type":"Feature","properties":{"n":"Sundridge Park","g":"uk"},"geometry":{"type":"Point","coordinates":[0.02148,51.41396]}},{"type":"Feature","properties":{"n":"West Norwood","g":"uk"},"geometry":{"type":"Point","coordinates":[-0.10349,51.43163]}},{"type":"Feature","properties":{"n":"Gipsy Hill","g":"uk"},"geometry":{"type":"Point","coordinates":[-0.08404,51.42453]}},{"type":"Feature","properties":{"n":"Birkbeck","g":"uk"},"geometry":{"type":"Point","coordinates":[-0.05654,51.40346]}},{"type":"Feature","properties":{"n":"East Dulwich","g":"uk"},"geometry":{"type":"Point","coordinates":[-0.0808,51.46104]}},{"type":"Feature","properties":{"n":"South Greenford","g":"uk"},"geometry":{"type":"Point","coordinates":[-0.33644,51.5332]}},{"type":"Feature","properties":{"n":"Castle Bar Park","g":"uk"},"geometry":{"type":"Point","coordinates":[-0.3315,51.52287]}},{"type":"Feature","properties":{"n":"Drayton Green","g":"uk"},"geometry":{"type":"Point","coordinates":[-0.33019,51.51639]}},{"type":"Feature","properties":{"n":"Windsor and Eton Central","g":"uk"},"geometry":{"type":"Point","coordinates":[-0.61056,51.48327]}},{"type":"Feature","properties":{"n":"Tinkers Lane","g":"uk"},"geometry":{"type":"Point","coordinates":[0.19141,50.99523]}},{"type":"Feature","properties":{"n":"Blake Street","g":"uk"},"geometry":{"type":"Point","coordinates":[-1.84466,52.60438]}},{"type":"Feature","properties":{"n":"Depot Approach","g":"uk"},"geometry":{"type":"Point","coordinates":[-0.2807,51.50425]}},{"type":"Feature","properties":{"n":"Ealing End","g":"uk"},"geometry":{"type":"Point","coordinates":[-0.28172,51.50541]}},{"type":"Feature","properties":{"n":"Killington Lane","g":"uk"},"geometry":{"type":"Point","coordinates":[-3.90369,51.19676]}},{"type":"Feature","properties":{"n":"Woody Bay","g":"uk"},"geometry":{"type":"Point","coordinates":[-3.88743,51.20175]}},{"type":"Feature","properties":{"n":"Wrexham General","g":"uk"},"geometry":{"type":"Point","coordinates":[-3.00152,53.05057]}},{"type":"Feature","properties":{"n":"Ashford International","g":"uk"},"geometry":{"type":"Point","coordinates":[0.87523,51.14338]}},{"type":"Feature","properties":{"n":"Colchester","g":"uk"},"geometry":{"type":"Point","coordinates":[0.89246,51.90058]}},{"type":"Feature","properties":{"n":"Bilston Central","g":"uk","m":1},"geometry":{"type":"Point","coordinates":[-2.07468,52.56538]}},{"type":"Feature","properties":{"n":"Priestfield","g":"uk","m":1},"geometry":{"type":"Point","coordinates":[-2.09802,52.57194]}},{"type":"Feature","properties":{"n":"Cramlington","g":"uk"},"geometry":{"type":"Point","coordinates":[-1.59868,55.08776]}},{"type":"Feature","properties":{"n":"Woodbridge","g":"uk"},"geometry":{"type":"Point","coordinates":[1.31789,52.0903]}},{"type":"Feature","properties":{"n":"Picardy Place","g":"uk","m":1},"geometry":{"type":"Point","coordinates":[-3.18715,55.9567]}},{"type":"Feature","properties":{"n":"Balfour Street","g":"uk","m":1},"geometry":{"type":"Point","coordinates":[-3.17631,55.96526]}},{"type":"Feature","properties":{"n":"The Shore","g":"uk","m":1},"geometry":{"type":"Point","coordinates":[-3.16682,55.97515]}},{"type":"Feature","properties":{"n":"The Shore","g":"uk","m":1},"geometry":{"type":"Point","coordinates":[-3.16698,55.97481]}},{"type":"Feature","properties":{"n":"Foot of the Walk","g":"uk","m":1},"geometry":{"type":"Point","coordinates":[-3.17119,55.97072]}},{"type":"Feature","properties":{"n":"Port of Leith","g":"uk","m":1},"geometry":{"type":"Point","coordinates":[-3.16663,55.97818]}},{"type":"Feature","properties":{"n":"Ocean Terminal","g":"uk","m":1},"geometry":{"type":"Point","coordinates":[-3.17765,55.98016]}},{"type":"Feature","properties":{"n":"Newhaven","g":"uk","m":1},"geometry":{"type":"Point","coordinates":[-3.18867,55.97992]}},{"type":"Feature","properties":{"n":"McDonald Road","g":"uk","m":1},"geometry":{"type":"Point","coordinates":[-3.18163,55.96057]}},{"type":"Feature","properties":{"n":"Knowsley Safari Park Train Station","g":"uk"},"geometry":{"type":"Point","coordinates":[-2.81518,53.43697]}},{"type":"Feature","properties":{"n":"Luton DART Parkway","g":"uk","m":1},"geometry":{"type":"Point","coordinates":[-0.39518,51.87264]}},{"type":"Feature","properties":{"n":"Central Terminal","g":"uk","m":1},"geometry":{"type":"Point","coordinates":[-0.3738,51.87859]}},{"type":"Feature","properties":{"n":"Kumali","g":"uk"},"geometry":{"type":"Point","coordinates":[-0.80681,54.21119]}},{"type":"Feature","properties":{"n":"Zoo","g":"uk"},"geometry":{"type":"Point","coordinates":[-0.80362,54.2088]}},{"type":"Feature","properties":{"n":"Plaza","g":"uk"},"geometry":{"type":"Point","coordinates":[-0.80783,54.2095]}},{"type":"Feature","properties":{"n":"Old Hill","g":"uk"},"geometry":{"type":"Point","coordinates":[-2.05618,52.47079]}},{"type":"Feature","properties":{"n":"Coseley","g":"uk"},"geometry":{"type":"Point","coordinates":[-2.08581,52.54532]}},{"type":"Feature","properties":{"n":"Spring Road","g":"uk"},"geometry":{"type":"Point","coordinates":[-1.83626,52.44426]}},{"type":"Feature","properties":{"n":"Hag Fold","g":"uk"},"geometry":{"type":"Point","coordinates":[-2.49383,53.53353]}},{"type":"Feature","properties":{"n":"Golding Spring Central","g":"uk"},"geometry":{"type":"Point","coordinates":[-0.92285,51.86254]}},{"type":"Feature","properties":{"n":"Henllan High Level","g":"uk"},"geometry":{"type":"Point","coordinates":[-4.39526,52.04003]}},{"type":"Feature","properties":{"n":"Adderley Park","g":"uk"},"geometry":{"type":"Point","coordinates":[-1.85542,52.48306]}},{"type":"Feature","properties":{"n":"Marsh Barton","g":"uk"},"geometry":{"type":"Point","coordinates":[-3.52149,50.70439]}},{"type":"Feature","properties":{"n":"Foxfield Colliery","g":"uk"},"geometry":{"type":"Point","coordinates":[-2.03694,52.99841]}},{"type":"Feature","properties":{"n":"Wootton Wawen","g":"uk"},"geometry":{"type":"Point","coordinates":[-1.7846,52.26584]}},{"type":"Feature","properties":{"n":"Hall Green","g":"uk"},"geometry":{"type":"Point","coordinates":[-1.84557,52.43698]}},{"type":"Feature","properties":{"n":"Olton","g":"uk"},"geometry":{"type":"Point","coordinates":[-1.80438,52.43842]}},{"type":"Feature","properties":{"n":"Birmingham Moor Street","g":"uk"},"geometry":{"type":"Point","coordinates":[-1.89195,52.47894]}},{"type":"Feature","properties":{"n":"Marston Green","g":"uk"},"geometry":{"type":"Point","coordinates":[-1.75509,52.46688]}},{"type":"Feature","properties":{"n":"Luton","g":"uk"},"geometry":{"type":"Point","coordinates":[-0.41408,51.88253]}},{"type":"Feature","properties":{"n":"Weston Wharf","g":"uk"},"geometry":{"type":"Point","coordinates":[-3.04286,52.84158]}},{"type":"Feature","properties":{"n":"Four Oaks","g":"uk"},"geometry":{"type":"Point","coordinates":[-1.82803,52.57955]}},{"type":"Feature","properties":{"n":"Gilshochill","g":"uk"},"geometry":{"type":"Point","coordinates":[-4.28246,55.89729]}},{"type":"Feature","properties":{"n":"Strathcarron","g":"uk"},"geometry":{"type":"Point","coordinates":[-5.42856,57.42275]}},{"type":"Feature","properties":{"n":"Roose","g":"uk"},"geometry":{"type":"Point","coordinates":[-3.19438,54.11506]}},{"type":"Feature","properties":{"n":"Meols Cop","g":"uk"},"geometry":{"type":"Point","coordinates":[-2.97538,53.64607]}},{"type":"Feature","properties":{"n":"Shirley","g":"uk"},"geometry":{"type":"Point","coordinates":[-1.8452,52.40357]}},{"type":"Feature","properties":{"n":"Pye Corner","g":"uk"},"geometry":{"type":"Point","coordinates":[-3.04122,51.5813]}},{"type":"Feature","properties":{"n":"Shepherdswell (EKMR)","g":"uk"},"geometry":{"type":"Point","coordinates":[1.22996,51.18917]}},{"type":"Feature","properties":{"n":"Kingfisher Halt","g":"uk"},"geometry":{"type":"Point","coordinates":[-1.92431,54.72601]}},{"type":"Feature","properties":{"n":"Bamforth Street","g":"uk","m":1},"geometry":{"type":"Point","coordinates":[-1.49255,53.39892]}},{"type":"Feature","properties":{"n":"Rookwood","g":"uk"},"geometry":{"type":"Point","coordinates":[-2.6128,51.78502]}},{"type":"Feature","properties":{"n":"Tulse Hill","g":"uk"},"geometry":{"type":"Point","coordinates":[-0.10485,51.43993]}},{"type":"Feature","properties":{"n":"Whitrope Siding","g":"uk"},"geometry":{"type":"Point","coordinates":[-2.74825,55.29381]}},{"type":"Feature","properties":{"n":"Headbolt Lane","g":"uk"},"geometry":{"type":"Point","coordinates":[-2.88371,53.49158]}},{"type":"Feature","properties":{"n":"Reading Green Park","g":"uk"},"geometry":{"type":"Point","coordinates":[-1.00136,51.42659]}},{"type":"Feature","properties":{"n":"Infirmary Road","g":"uk","m":1},"geometry":{"type":"Point","coordinates":[-1.48238,53.39083]}},{"type":"Feature","properties":{"n":"Hillsborough Park","g":"uk","m":1},"geometry":{"type":"Point","coordinates":[-1.50367,53.4044]}},{"type":"Feature","properties":{"n":"Leppings Lane","g":"uk","m":1},"geometry":{"type":"Point","coordinates":[-1.50438,53.41081]}},{"type":"Feature","properties":{"n":"Langsett / Primrose View","g":"uk","m":1},"geometry":{"type":"Point","coordinates":[-1.4893,53.39577]}},{"type":"Feature","properties":{"n":"Portslade","g":"uk"},"geometry":{"type":"Point","coordinates":[-0.2053,50.83575]}},{"type":"Feature","properties":{"n":"Waterside Station","g":"uk"},"geometry":{"type":"Point","coordinates":[-1.54329,52.73881]}},{"type":"Feature","properties":{"n":"Greenrigg Halt","g":"uk"},"geometry":{"type":"Point","coordinates":[-1.66039,55.39644]}},{"type":"Feature","properties":{"n":"Berwyn","g":"uk"},"geometry":{"type":"Point","coordinates":[-3.19505,52.97994]}},{"type":"Feature","properties":{"n":"Deeside Halt","g":"uk"},"geometry":{"type":"Point","coordinates":[-3.23011,52.9728]}},{"type":"Feature","properties":{"n":"Glyndyfrdwy","g":"uk"},"geometry":{"type":"Point","coordinates":[-3.26691,52.97666]}},{"type":"Feature","properties":{"n":"Carrog","g":"uk"},"geometry":{"type":"Point","coordinates":[-3.31492,52.9817]}},{"type":"Feature","properties":{"n":"Cedarbarn","g":"uk"},"geometry":{"type":"Point","coordinates":[-0.75049,54.23797]}},{"type":"Feature","properties":{"n":"Brent Cross West","g":"uk"},"geometry":{"type":"Point","coordinates":[-0.22654,51.56882]}},{"type":"Feature","properties":{"n":"Appleby","g":"uk"},"geometry":{"type":"Point","coordinates":[-0.6224,53.58668]}},{"type":"Feature","properties":{"n":"Heritage Stop","g":"uk","m":1},"geometry":{"type":"Point","coordinates":[-3.00747,53.92658]}},{"type":"Feature","properties":{"n":"Whitehead Lane","g":"uk"},"geometry":{"type":"Point","coordinates":[-2.4435,53.49451]}},{"type":"Feature","properties":{"n":"Trencherbone Platform","g":"uk"},"geometry":{"type":"Point","coordinates":[-2.44584,53.49541]}},{"type":"Feature","properties":{"n":"Puxton Park","g":"uk"},"geometry":{"type":"Point","coordinates":[-2.86731,51.36182]}},{"type":"Feature","properties":{"n":"Canary Wharf","g":"uk"},"geometry":{"type":"Point","coordinates":[-0.01762,51.50611]}},{"type":"Feature","properties":{"n":"Five Ways","g":"uk","m":1},"geometry":{"type":"Point","coordinates":[-1.91531,52.47473]}},{"type":"Feature","properties":{"n":"Nine Elms","g":"uk","m":1},"geometry":{"type":"Point","coordinates":[-0.12969,51.48018]}},{"type":"Feature","properties":{"n":"Battersea Power Station","g":"uk","m":1},"geometry":{"type":"Point","coordinates":[-0.14297,51.47962]}},{"type":"Feature","properties":{"n":"Wilmcote","g":"uk"},"geometry":{"type":"Point","coordinates":[-1.75579,52.22256]}},{"type":"Feature","properties":{"n":"Barking Riverside","g":"uk"},"geometry":{"type":"Point","coordinates":[0.11601,51.51956]}},{"type":"Feature","properties":{"n":"Alvechurch","g":"uk"},"geometry":{"type":"Point","coordinates":[-1.96797,52.34683]}},{"type":"Feature","properties":{"n":"Threlkeld Quarry","g":"uk"},"geometry":{"type":"Point","coordinates":[-3.04394,54.60859]}},{"type":"Feature","properties":{"n":"Threlkeld Quarry Station","g":"uk"},"geometry":{"type":"Point","coordinates":[-3.04409,54.61105]}},{"type":"Feature","properties":{"n":"Aspatria","g":"uk"},"geometry":{"type":"Point","coordinates":[-3.33188,54.75895]}},{"type":"Feature","properties":{"n":"Corkickle","g":"uk"},"geometry":{"type":"Point","coordinates":[-3.58213,54.54167]}},{"type":"Feature","properties":{"n":"Parton","g":"uk"},"geometry":{"type":"Point","coordinates":[-3.58078,54.57042]}},{"type":"Feature","properties":{"n":"Cynghordy","g":"uk"},"geometry":{"type":"Point","coordinates":[-3.74841,52.05148]}},{"type":"Feature","properties":{"n":"Portway Park and Ride","g":"uk"},"geometry":{"type":"Point","coordinates":[-2.68756,51.48811]}},{"type":"Feature","properties":{"n":"Crosskeys","g":"uk"},"geometry":{"type":"Point","coordinates":[-3.12584,51.62076]}},{"type":"Feature","properties":{"n":"Yardley Wood","g":"uk"},"geometry":{"type":"Point","coordinates":[-1.85456,52.42102]}},{"type":"Feature","properties":{"n":"Riverside Halt","g":"uk","m":1},"geometry":{"type":"Point","coordinates":[-3.06055,50.70808]}},{"type":"Feature","properties":{"n":"Reston","g":"uk"},"geometry":{"type":"Point","coordinates":[-2.1926,55.84991]}},{"type":"Feature","properties":{"n":"Gresford (WDSME)","g":"uk"},"geometry":{"type":"Point","coordinates":[-2.97844,53.07389]}},{"type":"Feature","properties":{"n":"Whipsnade Central","g":"uk"},"geometry":{"type":"Point","coordinates":[-0.54158,51.84611]}},{"type":"Feature","properties":{"n":"Custom House","g":"uk"},"geometry":{"type":"Point","coordinates":[0.02723,51.5098]}},{"type":"Feature","properties":{"n":"Bond Street","g":"uk"},"geometry":{"type":"Point","coordinates":[-0.14709,51.51353]}},{"type":"Feature","properties":{"n":"Tottenham Court Road","g":"uk"},"geometry":{"type":"Point","coordinates":[-0.13252,51.51534]}},{"type":"Feature","properties":{"n":"Ince","g":"uk"},"geometry":{"type":"Point","coordinates":[-2.61274,53.5391]}},{"type":"Feature","properties":{"n":"Hindley","g":"uk"},"geometry":{"type":"Point","coordinates":[-2.57457,53.54245]}},{"type":"Feature","properties":{"n":"Patricroft","g":"uk"},"geometry":{"type":"Point","coordinates":[-2.35734,53.48482]}},{"type":"Feature","properties":{"n":"Heald Green","g":"uk"},"geometry":{"type":"Point","coordinates":[-2.23668,53.36941]}},{"type":"Feature","properties":{"n":"Mauldeth Road","g":"uk"},"geometry":{"type":"Point","coordinates":[-2.20895,53.43366]}},{"type":"Feature","properties":{"n":"North Thoresby","g":"uk"},"geometry":{"type":"Point","coordinates":[-0.04037,53.46755]}},{"type":"Feature","properties":{"n":"Powdermill Cut","g":"uk"},"geometry":{"type":"Point","coordinates":[-0.01321,51.69957]}},{"type":"Feature","properties":{"n":"Long Walk","g":"uk"},"geometry":{"type":"Point","coordinates":[-0.01213,51.69414]}},{"type":"Feature","properties":{"n":"Moseley Junction (High Level)","g":"uk"},"geometry":{"type":"Point","coordinates":[-5.24686,50.23972]}},{"type":"Feature","properties":{"n":"Moseley Junction (Low Level)","g":"uk"},"geometry":{"type":"Point","coordinates":[-5.24702,50.2397]}},{"type":"Feature","properties":{"n":"Paul's Loop","g":"uk"},"geometry":{"type":"Point","coordinates":[-5.24627,50.24023]}},{"type":"Feature","properties":{"n":"Common Lane","g":"uk"},"geometry":{"type":"Point","coordinates":[-2.40241,50.99492]}},{"type":"Feature","properties":{"n":"Pinesway Junction","g":"uk"},"geometry":{"type":"Point","coordinates":[-2.40362,50.99365]}},{"type":"Feature","properties":{"n":"Central Station","g":"uk"},"geometry":{"type":"Point","coordinates":[-3.50329,53.31377]}},{"type":"Feature","properties":{"n":"Swanley New Barn Miniature Railway","g":"uk"},"geometry":{"type":"Point","coordinates":[0.17165,51.40562]}},{"type":"Feature","properties":{"n":"Hamilton Square","g":"uk"},"geometry":{"type":"Point","coordinates":[-3.01408,53.39432]}},{"type":"Feature","properties":{"n":"Conway Park","g":"uk"},"geometry":{"type":"Point","coordinates":[-3.02309,53.39353]}},{"type":"Feature","properties":{"n":"Birkenhead Park","g":"uk"},"geometry":{"type":"Point","coordinates":[-3.03982,53.3976]}},{"type":"Feature","properties":{"n":"Birkenhead North","g":"uk"},"geometry":{"type":"Point","coordinates":[-3.05793,53.40471]}},{"type":"Feature","properties":{"n":"Bidston","g":"uk"},"geometry":{"type":"Point","coordinates":[-3.07878,53.40936]}},{"type":"Feature","properties":{"n":"Meols","g":"uk"},"geometry":{"type":"Point","coordinates":[-3.15392,53.39944]}},{"type":"Feature","properties":{"n":"Manor Road","g":"uk"},"geometry":{"type":"Point","coordinates":[-3.17005,53.39496]}},{"type":"Feature","properties":{"n":"Hoylake","g":"uk"},"geometry":{"type":"Point","coordinates":[-3.17882,53.3899]}},{"type":"Feature","properties":{"n":"West Kirby","g":"uk"},"geometry":{"type":"Point","coordinates":[-3.18379,53.37342]}},{"type":"Feature","properties":{"n":"Wallasey Village","g":"uk"},"geometry":{"type":"Point","coordinates":[-3.06916,53.42298]}},{"type":"Feature","properties":{"n":"Wallasey Grove Road","g":"uk"},"geometry":{"type":"Point","coordinates":[-3.06973,53.42844]}},{"type":"Feature","properties":{"n":"Rock Ferry","g":"uk"},"geometry":{"type":"Point","coordinates":[-3.01082,53.3728]}},{"type":"Feature","properties":{"n":"Bebington","g":"uk"},"geometry":{"type":"Point","coordinates":[-3.00307,53.35766]}},{"type":"Feature","properties":{"n":"Spital","g":"uk"},"geometry":{"type":"Point","coordinates":[-2.99409,53.34005]}},{"type":"Feature","properties":{"n":"Bromborough","g":"uk"},"geometry":{"type":"Point","coordinates":[-2.98689,53.32186]}},{"type":"Feature","properties":{"n":"Eastham Rake","g":"uk"},"geometry":{"type":"Point","coordinates":[-2.98127,53.30757]}},{"type":"Feature","properties":{"n":"Hooton","g":"uk"},"geometry":{"type":"Point","coordinates":[-2.97732,53.29699]}},{"type":"Feature","properties":{"n":"Little Sutton","g":"uk"},"geometry":{"type":"Point","coordinates":[-2.94313,53.28535]}},{"type":"Feature","properties":{"n":"Overpool","g":"uk"},"geometry":{"type":"Point","coordinates":[-2.92493,53.28409]}},{"type":"Feature","properties":{"n":"Capenhurst","g":"uk"},"geometry":{"type":"Point","coordinates":[-2.9426,53.26023]}},{"type":"Feature","properties":{"n":"Bache","g":"uk"},"geometry":{"type":"Point","coordinates":[-2.89139,53.20826]}},{"type":"Feature","properties":{"n":"Copsewood Miniature Railway","g":"uk","m":1},"geometry":{"type":"Point","coordinates":[-1.46248,52.40002]}},{"type":"Feature","properties":{"n":"Murthwaite Halt","g":"uk"},"geometry":{"type":"Point","coordinates":[-3.36195,54.38063]}},{"type":"Feature","properties":{"n":"Drumshoreland","g":"uk"},"geometry":{"type":"Point","coordinates":[-3.46572,55.91654]}},{"type":"Feature","properties":{"n":"Laird's Halt","g":"uk"},"geometry":{"type":"Point","coordinates":[-3.46891,55.91693]}},{"type":"Feature","properties":{"n":"Memorial Halt","g":"uk"},"geometry":{"type":"Point","coordinates":[-3.46892,55.9165]}},{"type":"Feature","properties":{"n":"Broomy Hill","g":"uk"},"geometry":{"type":"Point","coordinates":[-2.73513,52.0492]}},{"type":"Feature","properties":{"n":"Cardiff Queen Street","g":"uk"},"geometry":{"type":"Point","coordinates":[-3.17029,51.482]}},{"type":"Feature","properties":{"n":"Barrhead","g":"uk"},"geometry":{"type":"Point","coordinates":[-4.39711,55.80399]}},{"type":"Feature","properties":{"n":"Kirkhill","g":"uk"},"geometry":{"type":"Point","coordinates":[-4.16797,55.81415]}},{"type":"Feature","properties":{"n":"Swanwick Junction","g":"uk"},"geometry":{"type":"Point","coordinates":[-1.38386,53.06395]}},{"type":"Feature","properties":{"n":"St Helens Central","g":"uk"},"geometry":{"type":"Point","coordinates":[-2.72998,53.45266]}},{"type":"Feature","properties":{"n":"Digbeth High Street","g":"uk","m":1},"geometry":{"type":"Point","coordinates":[-1.88713,52.47511]}},{"type":"Feature","properties":{"n":"Grotto Halt","g":"uk"},"geometry":{"type":"Point","coordinates":[-1.50632,52.37392]}},{"type":"Feature","properties":{"n":"Statfold Junction","g":"uk"},"geometry":{"type":"Point","coordinates":[-1.6458,52.65534]}},{"type":"Feature","properties":{"n":"Oak Tree Halt","g":"uk"},"geometry":{"type":"Point","coordinates":[-1.64223,52.65153]}},{"type":"Feature","properties":{"n":"Cogan Halt","g":"uk"},"geometry":{"type":"Point","coordinates":[-1.63625,52.65281]}},{"type":"Feature","properties":{"n":"Mallard Halt","g":"uk"},"geometry":{"type":"Point","coordinates":[-1.64507,52.64978]}},{"type":"Feature","properties":{"n":"Lurgan","g":"uk"},"geometry":{"type":"Point","coordinates":[-6.33812,54.46722]}},{"type":"Feature","properties":{"n":"Botanic","g":"uk"},"geometry":{"type":"Point","coordinates":[-5.93265,54.58838]}},{"type":"Feature","properties":{"n":"Whitehead Excursion","g":"uk"},"geometry":{"type":"Point","coordinates":[-5.71092,54.75602]}},{"type":"Feature","properties":{"n":"Corwen","g":"uk"},"geometry":{"type":"Point","coordinates":[-3.37115,52.98183]}},{"type":"Feature","properties":{"n":"Colyton Station","g":"uk","m":1},"geometry":{"type":"Point","coordinates":[-3.06185,50.74111]}},{"type":"Feature","properties":{"n":"Colyton","g":"uk","m":1},"geometry":{"type":"Point","coordinates":[-3.06208,50.74148]}},{"type":"Feature","properties":{"n":"Barassie","g":"uk"},"geometry":{"type":"Point","coordinates":[-4.65146,55.5616]}},{"type":"Feature","properties":{"n":"Ayr","g":"uk"},"geometry":{"type":"Point","coordinates":[-4.62583,55.45827]}},{"type":"Feature","properties":{"n":"Little Ruddington","g":"uk"},"geometry":{"type":"Point","coordinates":[-1.14874,52.8856]}},{"type":"Feature","properties":{"n":"Pleasurewood Hills","g":"uk"},"geometry":{"type":"Point","coordinates":[1.744,52.50716]}},{"type":"Feature","properties":{"n":"Leven","g":"uk"},"geometry":{"type":"Point","coordinates":[-3.00225,56.19246]}},{"type":"Feature","properties":{"n":"Midgeway","g":"uk"},"geometry":{"type":"Point","coordinates":[-1.50544,52.37429]}},{"type":"Feature","properties":{"n":"Wolverhampton Station","g":"uk","m":1},"geometry":{"type":"Point","coordinates":[-2.11936,52.58714]}},{"type":"Feature","properties":{"n":"Pipers Row","g":"uk","m":1},"geometry":{"type":"Point","coordinates":[-2.1228,52.58502]}},{"type":"Feature","properties":{"n":"Willenhall","g":"uk"},"geometry":{"type":"Point","coordinates":[-2.05518,52.58194]}},{"type":"Feature","properties":{"n":"Darlaston","g":"uk"},"geometry":{"type":"Point","coordinates":[-2.02042,52.57576]}},{"type":"Feature","properties":{"n":"Quarry Siding Halt","g":"uk"},"geometry":{"type":"Point","coordinates":[-3.98876,52.62651]}},{"type":"Feature","properties":{"n":"Howard's Halt","g":"uk"},"geometry":{"type":"Point","coordinates":[-1.11101,51.49832]}},{"type":"Feature","properties":{"n":"Beamish Town","g":"uk","m":1},"geometry":{"type":"Point","coordinates":[-1.6617,54.88908]}},{"type":"Feature","properties":{"n":"Main Entrance","g":"uk","m":1},"geometry":{"type":"Point","coordinates":[-1.65962,54.88224]}},{"type":"Feature","properties":{"n":"Cambridge South","g":"uk"},"geometry":{"type":"Point","coordinates":[0.13127,52.17403]}},{"type":"Feature","properties":{"n":"East Linton","g":"uk"},"geometry":{"type":"Point","coordinates":[-2.66282,55.98715]}},{"type":"Feature","properties":{"n":"Weybourne","g":"uk"},"geometry":{"type":"Point","coordinates":[1.15013,52.9328]}},{"type":"Feature","properties":{"n":"Middle Engine Lane","g":"uk"},"geometry":{"type":"Point","coordinates":[-1.49586,55.01547]}},{"type":"Feature","properties":{"n":"Ashley Down","g":"uk"},"geometry":{"type":"Point","coordinates":[-2.57665,51.47813]}},{"type":"Feature","properties":{"n":"Wortley","g":"uk"},"geometry":{"type":"Point","coordinates":[-1.55649,53.4945]}},{"type":"Feature","properties":{"n":"Turf Moor Halt","g":"uk"},"geometry":{"type":"Point","coordinates":[-0.86166,53.62053]}},{"type":"Feature","properties":{"n":"North Station","g":"uk","m":1},"geometry":{"type":"Point","coordinates":[-3.05006,53.82104]}},{"type":"Feature","properties":{"n":"Talbot Square","g":"uk","m":1},"geometry":{"type":"Point","coordinates":[-3.05449,53.81912]}},{"type":"Feature","properties":{"n":"Runaway Mine Train","g":"uk"},"geometry":{"type":"Point","coordinates":[-1.88564,52.98951]}},{"type":"Feature","properties":{"n":"Albert Street","g":"uk","m":1},"geometry":{"type":"Point","coordinates":[-1.8925,52.48049]}},{"type":"Feature","properties":{"n":"Beaulieu Park","g":"uk"},"geometry":{"type":"Point","coordinates":[0.5195,51.75769]}},{"type":"Feature","properties":{"n":"Mutford Thorpe","g":"uk"},"geometry":{"type":"Point","coordinates":[1.68375,52.45087]}},{"type":"Feature","properties":{"n":"Belfast Grand Central","g":"uk"},"geometry":{"type":"Point","coordinates":[-5.93973,54.59515]}},{"type":"Feature","properties":{"n":"Paddington","g":"uk"},"geometry":{"type":"Point","coordinates":[-0.17801,51.51637]}},{"type":"Feature","properties":{"n":"Heath Park High Level","g":"uk","m":1},"geometry":{"type":"Point","coordinates":[-3.18571,51.51213]}},{"type":"Feature","properties":{"n":"Hanworth Halt","g":"uk"},"geometry":{"type":"Point","coordinates":[-0.40669,51.42572]}},{"type":"Feature","properties":{"n":"St Pancras International","g":"uk"},"geometry":{"type":"Point","coordinates":[-0.12762,51.53221]}},{"type":"Feature","properties":{"n":"Llanhilleth","g":"uk"},"geometry":{"type":"Point","coordinates":[-3.13421,51.70004]}},{"type":"Feature","properties":{"n":"Liverpool Street","g":"uk"},"geometry":{"type":"Point","coordinates":[-0.08644,51.51765]}},{"type":"Feature","properties":{"n":"Chapel Road","g":"uk"},"geometry":{"type":"Point","coordinates":[1.68658,52.45289]}},{"type":"Feature","properties":{"n":"Newsham","g":"uk"},"geometry":{"type":"Point","coordinates":[-1.52398,55.10275]}},{"type":"Feature","properties":{"n":"Ashington","g":"uk"},"geometry":{"type":"Point","coordinates":[-1.5726,55.18212]}},{"type":"Feature","properties":{"n":"Bedlington","g":"uk"},"geometry":{"type":"Point","coordinates":[-1.56942,55.14076]}},{"type":"Feature","properties":{"n":"Blyth Bebside","g":"uk"},"geometry":{"type":"Point","coordinates":[-1.55711,55.1251]}},{"type":"Feature","properties":{"n":"Northumberland Park","g":"uk"},"geometry":{"type":"Point","coordinates":[-1.5206,55.03291]}},{"type":"Feature","properties":{"n":"Kings Heath","g":"uk"},"geometry":{"type":"Point","coordinates":[-1.89367,52.43886]}},{"type":"Feature","properties":{"n":"Eddie's Rest","g":"uk"},"geometry":{"type":"Point","coordinates":[0.13265,51.50607]}},{"type":"Feature","properties":{"n":"Park Gate","g":"uk"},"geometry":{"type":"Point","coordinates":[-1.14572,52.8846]}},{"type":"Feature","properties":{"n":"Quainton Road","g":"uk"},"geometry":{"type":"Point","coordinates":[-0.92899,51.86443]}},{"type":"Feature","properties":{"n":"Riverside Halt","g":"uk"},"geometry":{"type":"Point","coordinates":[-3.50937,50.85878]}},{"type":"Feature","properties":{"n":"Weighside","g":"uk"},"geometry":{"type":"Point","coordinates":[-3.51019,50.85769]}},{"type":"Feature","properties":{"n":"Eddie's Rest","g":"uk"},"geometry":{"type":"Point","coordinates":[-3.46205,56.11087]}},{"type":"Feature","properties":{"n":"Millennium Point","g":"uk","m":1},"geometry":{"type":"Point","coordinates":[-1.88983,52.48095]}},{"type":"Feature","properties":{"n":"Barking Park","g":"uk"},"geometry":{"type":"Point","coordinates":[0.08483,51.54251]}},{"type":"Feature","properties":{"n":"Erskine Halt","g":"uk"},"geometry":{"type":"Point","coordinates":[-1.11,53.94471]}},{"type":"Feature","properties":{"n":"Leek (Churnet Valley)","g":"uk"},"geometry":{"type":"Point","coordinates":[-2.02915,53.09352]}},{"type":"Feature","properties":{"n":"Okehampton Interchange","g":"uk"},"geometry":{"type":"Point","coordinates":[-3.97622,50.74331]}},{"type":"Feature","properties":{"n":"Balgray","g":"uk"},"geometry":{"type":"Point","coordinates":[-4.38122,55.7872]}},{"type":"Feature","properties":{"n":"Lakeside","g":"uk"},"geometry":{"type":"Point","coordinates":[-1.74329,51.54245]}},{"type":"Feature","properties":{"n":"Richard Jefferies Halt","g":"uk"},"geometry":{"type":"Point","coordinates":[-1.74295,51.54427]}},{"type":"Feature","properties":{"n":"Woodside Station","g":"uk"},"geometry":{"type":"Point","coordinates":[-2.6022,53.2283]}},{"type":"Feature","properties":{"n":"Magna","g":"uk","m":1},"geometry":{"type":"Point","coordinates":[-1.38933,53.4202]}},{"type":"Feature","properties":{"n":"Forge Halt","g":"uk"},"geometry":{"type":"Point","coordinates":[-1.55794,53.4944]}},{"type":"Feature","properties":{"n":"Blythburgh","g":"uk"},"geometry":{"type":"Point","coordinates":[1.59725,52.32259]}},{"type":"Feature","properties":{"n":"Dragonfly Halt","g":"uk"},"geometry":{"type":"Point","coordinates":[-1.40468,50.80639]}},{"type":"Feature","properties":{"n":"Newton Aycliffe","g":"uk"},"geometry":{"type":"Point","coordinates":[-1.58977,54.6138]}}]}